customer_id,open_rate,click_rate,purchase_rate,unsubscribed
CUST00000,0.19,0.08,0.03,0
CUST00001,0.12,0.05,0.02,0
CUST00002,0.15,0.08,0.04,0
CUST00003,0.32,0.14,0.05,0
CUST00004,0.05,0.03,0.01,0
CUST00005,0.21,0.09,0.03,0
CUST00006,0.4,0.12,0.07,0
CUST00007,0.41,0.23,0.14,0
CUST00008,0.21,0.05,0.02,0
CUST00009,0.43,0.2,0.11,0
CUST00010,0.23,0.12,0.08,0
CUST00011,0.22,0.09,0.07,0
CUST00012,0.29,0.16,0.09,0
CUST00013,0.33,0.14,0.06,0
CUST00014,0.19,0.1,0.06,0
CUST00015,0.21,0.1,0.06,0
CUST00016,0.42,0.21,0.1,1
CUST00017,0.37,0.19,0.14,1
CUST00018,0.23,0.07,0.03,0
CUST00019,0.03,0.02,0.01,0
CUST00020,0.38,0.12,0.07,0
CUST00021,0.13,0.04,0.02,1
CUST00022,0.59,0.19,0.12,0
CUST00023,0.4,0.09,0.03,0
CUST00024,0.3,0.11,0.04,0
CUST00025,0.3,0.09,0.05,0
CUST00026,0.12,0.05,0.03,0
CUST00027,0.29,0.13,0.05,0
CUST00028,0.24,0.13,0.06,0
CUST00029,0.72,0.36,0.12,0
CUST00030,0.22,0.09,0.03,0
CUST00031,0.13,0.04,0.02,0
CUST00032,0.35,0.16,0.05,0
CUST00033,0.1,0.06,0.04,0
CUST00034,0.61,0.15,0.07,0
CUST00035,0.11,0.05,0.03,0
CUST00036,0.32,0.11,0.04,0
CUST00037,0.11,0.06,0.02,0
CUST00038,0.41,0.2,0.11,0
CUST00039,0.33,0.08,0.06,0
CUST00040,0.24,0.09,0.06,0
CUST00041,0.3,0.1,0.04,0
CUST00042,0.18,0.05,0.03,0
CUST00043,0.42,0.22,0.16,0
CUST00044,0.49,0.14,0.11,0
CUST00045,0.65,0.28,0.19,0
CUST00046,0.63,0.29,0.22,0
CUST00047,0.58,0.32,0.23,0
CUST00048,0.4,0.21,0.12,0
CUST00049,0.68,0.37,0.18,0
CUST00050,0.17,0.1,0.06,0
CUST00051,0.19,0.11,0.04,0
CUST00052,0.5,0.18,0.13,0
CUST00053,0.62,0.37,0.21,0
CUST00054,0.07,0.04,0.01,0
CUST00055,0.19,0.11,0.04,0
CUST00056,0.17,0.06,0.04,0
CUST00057,0.21,0.09,0.06,0
CUST00058,0.26,0.05,0.04,0
CUST00059,0.24,0.07,0.03,0
CUST00060,0.08,0.04,0.02,0
CUST00061,0.26,0.08,0.04,0
CUST00062,0.33,0.2,0.08,0
CUST00063,0.32,0.17,0.1,0
CUST00064,0.55,0.22,0.1,0
CUST00065,0.17,0.09,0.04,0
CUST00066,0.48,0.16,0.13,0
CUST00067,0.24,0.08,0.04,0
CUST00068,0.39,0.19,0.14,0
CUST00069,0.39,0.2,0.12,1
CUST00070,0.47,0.18,0.1,0
CUST00071,0.38,0.08,0.05,0
CUST00072,0.27,0.15,0.1,0
CUST00073,0.21,0.12,0.04,0
CUST00074,0.23,0.08,0.04,0
CUST00075,0.37,0.1,0.06,0
CUST00076,0.36,0.1,0.05,0
CUST00077,0.27,0.08,0.04,0
CUST00078,0.07,0.03,0.01,0
CUST00079,0.32,0.09,0.07,0
CUST00080,0.34,0.19,0.08,0
CUST00081,0.35,0.08,0.05,0
CUST00082,0.64,0.33,0.16,0
CUST00083,0.46,0.23,0.09,0
CUST00084,0.26,0.11,0.04,0
CUST00085,0.37,0.2,0.13,0
CUST00086,0.5,0.29,0.19,0
CUST00087,0.44,0.12,0.07,0
CUST00088,0.05,0.02,0.01,0
CUST00089,0.71,0.39,0.25,0
CUST00090,0.3,0.12,0.09,0
CUST00091,0.27,0.06,0.04,0
CUST00092,0.18,0.09,0.05,0
CUST00093,0.42,0.15,0.05,0
CUST00094,0.34,0.18,0.08,0
CUST00095,0.51,0.18,0.09,0
CUST00096,0.28,0.08,0.04,0
CUST00097,0.17,0.04,0.01,0
CUST00098,0.21,0.05,0.03,0
CUST00099,0.28,0.16,0.06,0
CUST00100,0.3,0.14,0.1,1
CUST00101,0.37,0.09,0.03,0
CUST00102,0.24,0.07,0.05,0
CUST00103,0.35,0.19,0.14,0
CUST00104,0.56,0.18,0.07,0
CUST00105,0.65,0.31,0.24,0
CUST00106,0.22,0.11,0.04,0
CUST00107,0.37,0.08,0.04,0
CUST00108,0.39,0.12,0.09,0
CUST00109,0.22,0.07,0.02,0
CUST00110,0.17,0.06,0.03,0
CUST00111,0.79,0.29,0.11,0
CUST00112,0.16,0.08,0.04,0
CUST00113,0.15,0.07,0.05,0
CUST00114,0.58,0.12,0.06,0
CUST00115,0.14,0.03,0.01,0
CUST00116,0.29,0.17,0.08,1
CUST00117,0.51,0.18,0.14,0
CUST00118,0.17,0.1,0.06,0
CUST00119,0.39,0.14,0.05,0
CUST00120,0.07,0.02,0.01,0
CUST00121,0.38,0.18,0.11,0
CUST00122,0.12,0.06,0.05,0
CUST00123,0.3,0.08,0.04,0
CUST00124,0.24,0.13,0.04,0
CUST00125,0.36,0.18,0.08,1
CUST00126,0.4,0.21,0.13,0
CUST00127,0.11,0.05,0.02,0
CUST00128,0.35,0.09,0.07,0
CUST00129,0.07,0.03,0.02,0
CUST00130,0.66,0.33,0.15,0
CUST00131,0.52,0.14,0.1,0
CUST00132,0.44,0.12,0.04,0
CUST00133,0.24,0.07,0.04,0
CUST00134,0.42,0.12,0.09,0
CUST00135,0.26,0.15,0.06,0
CUST00136,0.27,0.06,0.04,0
CUST00137,0.19,0.05,0.03,0
CUST00138,0.44,0.24,0.08,0
CUST00139,0.1,0.05,0.04,0
CUST00140,0.2,0.05,0.04,0
CUST00141,0.34,0.18,0.11,0
CUST00142,0.03,0.01,0.01,0
CUST00143,0.36,0.11,0.08,0
CUST00144,0.28,0.09,0.06,0
CUST00145,0.34,0.13,0.04,0
CUST00146,0.37,0.09,0.05,0
CUST00147,0.09,0.04,0.01,0
CUST00148,0.24,0.08,0.04,0
CUST00149,0.03,0.02,0.01,0
CUST00150,0.33,0.13,0.08,0
CUST00151,0.16,0.09,0.03,0
CUST00152,0.05,0.03,0.02,0
CUST00153,0.47,0.2,0.09,0
CUST00154,0.64,0.31,0.1,0
CUST00155,0.28,0.1,0.07,0
CUST00156,0.55,0.29,0.11,0
CUST00157,0.4,0.23,0.12,0
CUST00158,0.16,0.06,0.05,0
CUST00159,0.22,0.11,0.05,0
CUST00160,0.26,0.06,0.02,0
CUST00161,0.38,0.13,0.07,0
CUST00162,0.42,0.09,0.04,0
CUST00163,0.38,0.08,0.03,0
CUST00164,0.46,0.23,0.11,0
CUST00165,0.16,0.04,0.02,0
CUST00166,0.28,0.11,0.04,0
CUST00167,0.09,0.02,0.02,0
CUST00168,0.54,0.24,0.19,0
CUST00169,0.32,0.13,0.08,0
CUST00170,0.42,0.11,0.07,0
CUST00171,0.38,0.21,0.13,0
CUST00172,0.17,0.04,0.02,0
CUST00173,0.24,0.09,0.05,0
CUST00174,0.25,0.09,0.07,0
CUST00175,0.18,0.07,0.02,0
CUST00176,0.2,0.06,0.02,0
CUST00177,0.22,0.06,0.02,0
CUST00178,0.33,0.11,0.04,0
CUST00179,0.16,0.04,0.01,0
CUST00180,0.26,0.08,0.03,0
CUST00181,0.07,0.02,0.01,0
CUST00182,0.51,0.2,0.14,0
CUST00183,0.19,0.04,0.03,0
CUST00184,0.13,0.07,0.06,0
CUST00185,0.55,0.2,0.07,0
CUST00186,0.09,0.04,0.02,0
CUST00187,0.08,0.02,0.01,0
CUST00188,0.1,0.05,0.04,0
CUST00189,0.5,0.29,0.19,0
CUST00190,0.52,0.24,0.18,0
CUST00191,0.19,0.07,0.06,0
CUST00192,0.72,0.36,0.28,0
CUST00193,0.13,0.05,0.02,0
CUST00194,0.15,0.05,0.02,0
CUST00195,0.32,0.14,0.09,0
CUST00196,0.38,0.14,0.09,0
CUST00197,0.32,0.13,0.05,0
CUST00198,0.35,0.1,0.06,0
CUST00199,0.04,0.01,0.01,0
CUST00200,0.37,0.15,0.11,1
CUST00201,0.03,0.01,0.0,0
CUST00202,0.65,0.16,0.1,0
CUST00203,0.12,0.06,0.03,0
CUST00204,0.08,0.04,0.03,0
CUST00205,0.44,0.1,0.04,0
CUST00206,0.11,0.05,0.03,0
CUST00207,0.26,0.06,0.03,0
CUST00208,0.37,0.2,0.11,0
CUST00209,0.15,0.06,0.04,0
CUST00210,0.36,0.08,0.04,0
CUST00211,0.25,0.12,0.05,0
CUST00212,0.4,0.22,0.15,0
CUST00213,0.28,0.08,0.03,0
CUST00214,0.22,0.07,0.04,0
CUST00215,0.51,0.17,0.09,0
CUST00216,0.2,0.11,0.09,0
CUST00217,0.63,0.23,0.16,0
CUST00218,0.37,0.16,0.08,0
CUST00219,0.4,0.24,0.1,0
CUST00220,0.56,0.21,0.08,0
CUST00221,0.5,0.28,0.14,0
CUST00222,0.28,0.16,0.05,0
CUST00223,0.41,0.13,0.09,1
CUST00224,0.18,0.08,0.04,0
CUST00225,0.36,0.11,0.06,0
CUST00226,0.11,0.03,0.02,0
CUST00227,0.22,0.05,0.03,0
CUST00228,0.39,0.13,0.1,1
CUST00229,0.25,0.1,0.05,0
CUST00230,0.32,0.18,0.08,0
CUST00231,0.31,0.08,0.04,0
CUST00232,0.23,0.07,0.04,0
CUST00233,0.43,0.16,0.05,0
CUST00234,0.34,0.13,0.05,1
CUST00235,0.24,0.11,0.06,0
CUST00236,0.08,0.02,0.01,0
CUST00237,0.81,0.31,0.18,0
CUST00238,0.08,0.04,0.03,0
CUST00239,0.33,0.13,0.07,0
CUST00240,0.56,0.28,0.14,0
CUST00241,0.35,0.14,0.11,0
CUST00242,0.23,0.05,0.04,0
CUST00243,0.3,0.08,0.03,0
CUST00244,0.47,0.11,0.05,0
CUST00245,0.25,0.13,0.04,0
CUST00246,0.06,0.02,0.01,0
CUST00247,0.34,0.19,0.08,0
CUST00248,0.2,0.11,0.04,0
CUST00249,0.4,0.24,0.1,0
CUST00250,0.25,0.09,0.05,0
CUST00251,0.36,0.08,0.04,0
CUST00252,0.32,0.13,0.1,0
CUST00253,0.24,0.07,0.05,0
CUST00254,0.72,0.16,0.05,0
CUST00255,0.36,0.2,0.13,0
CUST00256,0.37,0.08,0.04,0
CUST00257,0.14,0.06,0.04,0
CUST00258,0.15,0.04,0.02,0
CUST00259,0.36,0.08,0.03,0
CUST00260,0.09,0.05,0.03,0
CUST00261,0.46,0.23,0.07,0
CUST00262,0.44,0.22,0.1,0
CUST00263,0.15,0.07,0.04,0
CUST00264,0.22,0.07,0.05,0
CUST00265,0.41,0.12,0.06,0
CUST00266,0.21,0.04,0.03,0
CUST00267,0.36,0.1,0.04,0
CUST00268,0.31,0.17,0.07,0
CUST00269,0.41,0.21,0.12,0
CUST00270,0.39,0.21,0.12,0
CUST00271,0.19,0.04,0.01,0
CUST00272,0.34,0.13,0.07,0
CUST00273,0.28,0.1,0.08,0
CUST00274,0.11,0.03,0.01,0
CUST00275,0.04,0.02,0.01,0
CUST00276,0.55,0.22,0.12,0
CUST00277,0.22,0.07,0.05,0
CUST00278,0.08,0.02,0.01,0
CUST00279,0.32,0.12,0.08,0
CUST00280,0.19,0.06,0.05,0
CUST00281,0.16,0.04,0.03,0
CUST00282,0.1,0.05,0.04,0
CUST00283,0.14,0.08,0.05,0
CUST00284,0.42,0.11,0.05,0
CUST00285,0.01,0.0,0.0,0
CUST00286,0.22,0.12,0.04,0
CUST00287,0.26,0.1,0.03,0
CUST00288,0.26,0.09,0.05,0
CUST00289,0.36,0.17,0.09,0
CUST00290,0.29,0.06,0.02,0
CUST00291,0.27,0.12,0.09,0
CUST00292,0.22,0.08,0.06,0
CUST00293,0.1,0.02,0.01,0
CUST00294,0.4,0.17,0.05,0
CUST00295,0.36,0.13,0.05,0
CUST00296,0.33,0.18,0.12,0
CUST00297,0.2,0.07,0.02,0
CUST00298,0.24,0.12,0.06,0
CUST00299,0.06,0.03,0.01,0
CUST00300,0.35,0.16,0.09,0
CUST00301,0.19,0.08,0.03,0
CUST00302,0.22,0.1,0.06,0
CUST00303,0.56,0.32,0.12,0
CUST00304,0.27,0.07,0.05,0
CUST00305,0.16,0.08,0.02,0
CUST00306,0.47,0.15,0.08,1
CUST00307,0.14,0.07,0.03,0
CUST00308,0.15,0.04,0.02,0
CUST00309,0.57,0.16,0.1,0
CUST00310,0.19,0.1,0.08,0
CUST00311,0.64,0.19,0.12,0
CUST00312,0.28,0.07,0.05,0
CUST00313,0.23,0.13,0.1,0
CUST00314,0.16,0.04,0.03,0
CUST00315,0.23,0.05,0.04,0
CUST00316,0.3,0.13,0.04,0
CUST00317,0.47,0.28,0.13,0
CUST00318,0.18,0.09,0.03,0
CUST00319,0.66,0.16,0.08,0
CUST00320,0.37,0.13,0.1,0
CUST00321,0.68,0.39,0.25,0
CUST00322,0.13,0.06,0.03,0
CUST00323,0.48,0.18,0.14,0
CUST00324,0.1,0.05,0.02,0
CUST00325,0.24,0.14,0.07,0
CUST00326,0.15,0.08,0.06,1
CUST00327,0.39,0.09,0.04,0
CUST00328,0.43,0.21,0.12,0
CUST00329,0.25,0.09,0.06,0
CUST00330,0.54,0.23,0.14,0
CUST00331,0.08,0.04,0.03,0
CUST00332,0.35,0.15,0.09,0
CUST00333,0.09,0.04,0.02,0
CUST00334,0.41,0.09,0.07,0
CUST00335,0.05,0.03,0.02,0
CUST00336,0.36,0.09,0.07,0
CUST00337,0.24,0.05,0.04,0
CUST00338,0.41,0.24,0.14,0
CUST00339,0.31,0.16,0.09,0
CUST00340,0.36,0.17,0.12,0
CUST00341,0.16,0.07,0.05,0
CUST00342,0.25,0.07,0.05,0
CUST00343,0.24,0.08,0.04,0
CUST00344,0.35,0.07,0.03,0
CUST00345,0.44,0.22,0.08,0
CUST00346,0.42,0.24,0.14,0
CUST00347,0.1,0.04,0.03,0
CUST00348,0.15,0.04,0.02,0
CUST00349,0.42,0.12,0.08,0
CUST00350,0.36,0.16,0.06,0
CUST00351,0.36,0.15,0.11,0
CUST00352,0.19,0.11,0.05,0
CUST00353,0.74,0.26,0.17,0
CUST00354,0.66,0.26,0.18,0
CUST00355,0.42,0.13,0.05,0
CUST00356,0.1,0.05,0.02,0
CUST00357,0.41,0.19,0.15,1
CUST00358,0.62,0.29,0.18,0
CUST00359,0.44,0.16,0.09,0
CUST00360,0.05,0.02,0.01,0
CUST00361,0.23,0.07,0.02,0
CUST00362,0.38,0.17,0.11,0
CUST00363,0.1,0.03,0.02,0
CUST00364,0.61,0.19,0.1,0
CUST00365,0.1,0.06,0.02,0
CUST00366,0.63,0.32,0.2,0
CUST00367,0.31,0.08,0.04,0
CUST00368,0.46,0.24,0.19,0
CUST00369,0.13,0.05,0.02,0
CUST00370,0.68,0.35,0.26,0
CUST00371,0.23,0.09,0.07,0
CUST00372,0.47,0.26,0.13,0
CUST00373,0.23,0.07,0.04,1
CUST00374,0.16,0.06,0.02,0
CUST00375,0.22,0.07,0.03,0
CUST00376,0.54,0.13,0.1,0
CUST00377,0.11,0.03,0.02,0
CUST00378,0.38,0.17,0.11,0
CUST00379,0.45,0.1,0.05,0
CUST00380,0.1,0.03,0.02,0
CUST00381,0.23,0.05,0.04,0
CUST00382,0.38,0.12,0.1,0
CUST00383,0.23,0.06,0.02,0
CUST00384,0.45,0.24,0.11,0
CUST00385,0.48,0.28,0.11,0
CUST00386,0.29,0.11,0.08,0
CUST00387,0.2,0.12,0.06,1
CUST00388,0.3,0.14,0.06,0
CUST00389,0.54,0.14,0.07,0
CUST00390,0.54,0.19,0.12,0
CUST00391,0.19,0.08,0.03,0
CUST00392,0.16,0.09,0.04,0
CUST00393,0.74,0.35,0.26,1
CUST00394,0.5,0.19,0.12,0
CUST00395,0.09,0.03,0.02,0
CUST00396,0.1,0.05,0.02,0
CUST00397,0.3,0.07,0.04,0
CUST00398,0.24,0.12,0.07,0
CUST00399,0.43,0.16,0.12,0
CUST00400,0.21,0.05,0.02,0
CUST00401,0.25,0.06,0.04,0
CUST00402,0.37,0.21,0.12,0
CUST00403,0.17,0.05,0.04,0
CUST00404,0.92,0.34,0.12,0
CUST00405,0.41,0.09,0.03,0
CUST00406,0.19,0.06,0.02,0
CUST00407,0.19,0.09,0.04,0
CUST00408,0.55,0.22,0.13,0
CUST00409,0.35,0.19,0.11,0
CUST00410,0.05,0.02,0.01,0
CUST00411,0.11,0.03,0.02,0
CUST00412,0.46,0.14,0.08,0
CUST00413,0.13,0.05,0.02,0
CUST00414,0.14,0.05,0.04,0
CUST00415,0.43,0.24,0.13,0
CUST00416,0.49,0.13,0.05,0
CUST00417,0.36,0.09,0.03,0
CUST00418,0.14,0.05,0.04,0
CUST00419,0.27,0.07,0.04,0
CUST00420,0.42,0.15,0.11,0
CUST00421,0.16,0.05,0.04,0
CUST00422,0.15,0.04,0.02,0
CUST00423,0.47,0.11,0.08,0
CUST00424,0.22,0.09,0.07,0
CUST00425,0.44,0.15,0.07,0
CUST00426,0.05,0.02,0.01,0
CUST00427,0.56,0.19,0.09,0
CUST00428,0.33,0.15,0.1,0
CUST00429,0.31,0.11,0.08,0
CUST00430,0.05,0.02,0.01,0
CUST00431,0.22,0.06,0.04,0
CUST00432,0.39,0.2,0.15,0
CUST00433,0.47,0.23,0.11,0
CUST00434,0.38,0.19,0.07,0
CUST00435,0.4,0.18,0.1,0
CUST00436,0.07,0.03,0.02,0
CUST00437,0.58,0.16,0.06,0
CUST00438,0.24,0.08,0.04,0
CUST00439,0.79,0.21,0.1,0
CUST00440,0.4,0.1,0.07,0
CUST00441,0.05,0.01,0.0,0
CUST00442,0.7,0.41,0.22,0
CUST00443,0.18,0.09,0.07,0
CUST00444,0.51,0.27,0.16,0
CUST00445,0.23,0.11,0.04,0
CUST00446,0.03,0.01,0.0,0
CUST00447,0.06,0.03,0.02,0
CUST00448,0.16,0.06,0.05,0
CUST00449,0.11,0.05,0.03,0
CUST00450,0.09,0.02,0.01,0
CUST00451,0.17,0.04,0.03,0
CUST00452,0.57,0.33,0.21,0
CUST00453,0.33,0.16,0.09,0
CUST00454,0.32,0.07,0.04,0
CUST00455,0.49,0.25,0.19,0
CUST00456,0.31,0.07,0.02,0
CUST00457,0.38,0.09,0.03,0
CUST00458,0.2,0.07,0.05,0
CUST00459,0.35,0.1,0.04,0
CUST00460,0.1,0.04,0.02,0
CUST00461,0.37,0.13,0.05,0
CUST00462,0.52,0.2,0.07,0
CUST00463,0.28,0.12,0.1,1
CUST00464,0.61,0.22,0.11,0
CUST00465,0.18,0.05,0.02,0
CUST00466,0.28,0.06,0.02,0
CUST00467,0.03,0.01,0.01,0
CUST00468,0.36,0.08,0.04,0
CUST00469,0.19,0.07,0.02,0
CUST00470,0.05,0.02,0.01,0
CUST00471,0.48,0.26,0.08,0
CUST00472,0.21,0.05,0.03,0
CUST00473,0.52,0.23,0.1,0
CUST00474,0.31,0.13,0.07,0
CUST00475,0.31,0.11,0.04,0
CUST00476,0.17,0.09,0.03,0
CUST00477,0.08,0.02,0.01,0
CUST00478,0.27,0.07,0.03,0
CUST00479,0.15,0.04,0.03,0
CUST00480,0.17,0.04,0.02,0
CUST00481,0.12,0.07,0.03,0
CUST00482,0.29,0.11,0.05,1
CUST00483,0.6,0.34,0.2,0
CUST00484,0.15,0.04,0.03,0
CUST00485,0.49,0.19,0.15,0
CUST00486,0.06,0.02,0.01,0
CUST00487,0.31,0.09,0.05,0
CUST00488,0.16,0.09,0.03,0
CUST00489,0.56,0.16,0.13,0
CUST00490,0.04,0.02,0.01,0
CUST00491,0.15,0.04,0.02,1
CUST00492,0.67,0.19,0.06,0
CUST00493,0.09,0.03,0.02,0
CUST00494,0.12,0.03,0.02,0
CUST00495,0.39,0.22,0.1,0
CUST00496,0.21,0.07,0.05,1
CUST00497,0.48,0.24,0.11,0
CUST00498,0.54,0.28,0.1,0
CUST00499,0.07,0.04,0.02,0
CUST00500,0.19,0.07,0.05,0
CUST00501,0.21,0.1,0.08,0
CUST00502,0.46,0.19,0.07,0
CUST00503,0.33,0.09,0.05,0
CUST00504,0.1,0.04,0.01,0
CUST00505,0.5,0.21,0.16,0
CUST00506,0.31,0.14,0.06,0
CUST00507,0.24,0.14,0.08,0
CUST00508,0.06,0.02,0.01,0
CUST00509,0.25,0.07,0.05,1
CUST00510,0.14,0.04,0.02,0
CUST00511,0.31,0.11,0.03,0
CUST00512,0.2,0.05,0.03,0
CUST00513,0.06,0.03,0.02,0
CUST00514,0.12,0.03,0.01,0
CUST00515,0.21,0.08,0.03,0
CUST00516,0.14,0.05,0.04,0
CUST00517,0.33,0.1,0.05,0
CUST00518,0.81,0.42,0.33,0
CUST00519,0.33,0.09,0.06,0
CUST00520,0.16,0.05,0.04,0
CUST00521,0.25,0.09,0.05,0
CUST00522,0.08,0.03,0.01,0
CUST00523,0.23,0.07,0.05,0
CUST00524,0.48,0.24,0.19,0
CUST00525,0.64,0.32,0.24,0
CUST00526,0.39,0.21,0.16,0
CUST00527,0.24,0.06,0.03,0
CUST00528,0.29,0.11,0.08,0
CUST00529,0.55,0.31,0.22,0
CUST00530,0.31,0.16,0.07,0
CUST00531,0.17,0.09,0.05,0
CUST00532,0.13,0.05,0.03,0
CUST00533,0.24,0.14,0.06,0
CUST00534,0.55,0.17,0.07,0
CUST00535,0.25,0.06,0.04,0
CUST00536,0.54,0.25,0.08,0
CUST00537,0.21,0.1,0.03,0
CUST00538,0.43,0.18,0.13,0
CUST00539,0.31,0.19,0.11,0
CUST00540,0.15,0.06,0.04,0
CUST00541,0.05,0.03,0.02,0
CUST00542,0.2,0.07,0.02,0
CUST00543,0.36,0.2,0.13,0
CUST00544,0.44,0.11,0.06,0
CUST00545,0.45,0.14,0.08,0
CUST00546,0.22,0.08,0.03,0
CUST00547,0.36,0.11,0.04,0
CUST00548,0.17,0.1,0.06,0
CUST00549,0.13,0.07,0.04,0
CUST00550,0.45,0.21,0.13,0
CUST00551,0.34,0.08,0.06,0
CUST00552,0.23,0.07,0.04,0
CUST00553,0.3,0.12,0.04,0
CUST00554,0.2,0.07,0.03,0
CUST00555,0.33,0.07,0.04,0
CUST00556,0.22,0.06,0.03,0
CUST00557,0.23,0.06,0.02,0
CUST00558,0.48,0.23,0.12,0
CUST00559,0.38,0.2,0.12,0
CUST00560,0.29,0.17,0.13,0
CUST00561,0.43,0.25,0.1,0
CUST00562,0.26,0.1,0.08,0
CUST00563,0.71,0.17,0.11,0
CUST00564,0.26,0.06,0.05,0
CUST00565,0.3,0.12,0.08,0
CUST00566,0.28,0.06,0.04,0
CUST00567,0.12,0.05,0.02,0
CUST00568,0.36,0.19,0.14,0
CUST00569,0.19,0.11,0.05,0
CUST00570,0.29,0.16,0.11,0
CUST00571,0.24,0.14,0.07,0
CUST00572,0.2,0.08,0.05,0
CUST00573,0.52,0.29,0.12,0
CUST00574,0.33,0.19,0.06,0
CUST00575,0.26,0.13,0.1,0
CUST00576,0.26,0.09,0.04,1
CUST00577,0.53,0.31,0.16,0
CUST00578,0.27,0.09,0.03,1
CUST00579,0.46,0.27,0.09,0
CUST00580,0.32,0.15,0.1,0
CUST00581,0.38,0.12,0.07,0
CUST00582,0.64,0.26,0.13,0
CUST00583,0.21,0.07,0.04,0
CUST00584,0.49,0.16,0.13,0
CUST00585,0.22,0.09,0.05,0
CUST00586,0.36,0.09,0.07,0
CUST00587,0.46,0.24,0.1,0
CUST00588,0.61,0.13,0.1,0
CUST00589,0.59,0.29,0.09,0
CUST00590,0.26,0.09,0.05,0
CUST00591,0.39,0.08,0.06,0
CUST00592,0.16,0.03,0.01,0
CUST00593,0.31,0.09,0.03,0
CUST00594,0.37,0.19,0.14,0
CUST00595,0.02,0.01,0.01,0
CUST00596,0.38,0.16,0.06,0
CUST00597,0.65,0.21,0.14,0
CUST00598,0.34,0.18,0.07,1
CUST00599,0.07,0.04,0.01,0
CUST00600,0.4,0.2,0.07,0
CUST00601,0.36,0.1,0.05,0
CUST00602,0.08,0.05,0.02,0
CUST00603,0.38,0.12,0.09,0
CUST00604,0.21,0.1,0.03,0
CUST00605,0.74,0.29,0.22,1
CUST00606,0.66,0.36,0.29,0
CUST00607,0.35,0.18,0.12,0
CUST00608,0.34,0.15,0.11,0
CUST00609,0.66,0.2,0.07,0
CUST00610,0.61,0.14,0.07,0
CUST00611,0.56,0.13,0.06,0
CUST00612,0.52,0.13,0.08,0
CUST00613,0.12,0.03,0.02,0
CUST00614,0.37,0.15,0.05,0
CUST00615,0.49,0.21,0.12,0
CUST00616,0.32,0.14,0.11,0
CUST00617,0.37,0.21,0.13,0
CUST00618,0.24,0.14,0.05,0
CUST00619,0.29,0.09,0.05,0
CUST00620,0.06,0.03,0.02,0
CUST00621,0.44,0.1,0.03,1
CUST00622,0.13,0.03,0.01,0
CUST00623,0.14,0.04,0.03,0
CUST00624,0.27,0.08,0.04,0
CUST00625,0.21,0.07,0.05,0
CUST00626,0.22,0.09,0.06,0
CUST00627,0.53,0.24,0.12,0
CUST00628,0.24,0.06,0.04,0
CUST00629,0.42,0.13,0.06,0
CUST00630,0.51,0.28,0.19,0
CUST00631,0.33,0.11,0.06,0
CUST00632,0.28,0.09,0.03,0
CUST00633,0.11,0.05,0.02,0
CUST00634,0.2,0.09,0.06,0
CUST00635,0.53,0.17,0.07,0
CUST00636,0.56,0.24,0.12,0
CUST00637,0.55,0.11,0.05,0
CUST00638,0.42,0.23,0.09,0
CUST00639,0.21,0.04,0.02,0
CUST00640,0.34,0.08,0.04,0
CUST00641,0.25,0.11,0.05,0
CUST00642,0.68,0.35,0.26,0
CUST00643,0.4,0.09,0.06,0
CUST00644,0.59,0.22,0.09,0
CUST00645,0.64,0.16,0.13,0
CUST00646,0.39,0.22,0.16,0
CUST00647,0.12,0.04,0.01,0
CUST00648,0.31,0.16,0.12,0
CUST00649,0.58,0.31,0.24,0
CUST00650,0.33,0.09,0.03,0
CUST00651,0.16,0.07,0.03,0
CUST00652,0.26,0.05,0.02,0
CUST00653,0.21,0.07,0.05,0
CUST00654,0.12,0.06,0.04,0
CUST00655,0.46,0.12,0.07,0
CUST00656,0.17,0.04,0.03,0
CUST00657,0.17,0.07,0.05,0
CUST00658,0.17,0.05,0.03,0
CUST00659,0.17,0.07,0.03,0
CUST00660,0.41,0.14,0.06,0
CUST00661,0.31,0.14,0.08,0
CUST00662,0.17,0.07,0.04,0
CUST00663,0.06,0.03,0.02,0
CUST00664,0.19,0.05,0.03,0
CUST00665,0.21,0.07,0.04,0
CUST00666,0.32,0.18,0.12,0
CUST00667,0.18,0.1,0.05,0
CUST00668,0.09,0.03,0.02,0
CUST00669,0.6,0.16,0.06,0
CUST00670,0.49,0.27,0.17,0
CUST00671,0.22,0.1,0.06,0
CUST00672,0.31,0.06,0.05,0
CUST00673,0.64,0.34,0.25,0
CUST00674,0.02,0.0,0.0,0
CUST00675,0.05,0.03,0.02,0
CUST00676,0.54,0.21,0.09,0
CUST00677,0.33,0.17,0.13,0
CUST00678,0.61,0.34,0.15,0
CUST00679,0.25,0.07,0.03,0
CUST00680,0.19,0.11,0.08,0
CUST00681,0.14,0.07,0.02,0
CUST00682,0.18,0.11,0.05,0
CUST00683,0.31,0.08,0.05,0
CUST00684,0.32,0.16,0.08,0
CUST00685,0.16,0.06,0.03,0
CUST00686,0.26,0.06,0.05,0
CUST00687,0.09,0.04,0.01,0
CUST00688,0.05,0.02,0.02,0
CUST00689,0.2,0.06,0.05,0
CUST00690,0.32,0.07,0.03,0
CUST00691,0.19,0.06,0.04,0
CUST00692,0.38,0.15,0.1,0
CUST00693,0.3,0.13,0.09,0
CUST00694,0.88,0.23,0.08,0
CUST00695,0.68,0.34,0.23,0
CUST00696,0.41,0.17,0.12,0
CUST00697,0.17,0.08,0.05,0
CUST00698,0.26,0.07,0.03,0
CUST00699,0.04,0.01,0.0,0
CUST00700,0.36,0.18,0.07,0
CUST00701,0.2,0.11,0.05,0
CUST00702,0.05,0.03,0.02,0
CUST00703,0.44,0.13,0.09,0
CUST00704,0.3,0.14,0.08,0
CUST00705,0.21,0.11,0.04,0
CUST00706,0.57,0.31,0.23,0
CUST00707,0.34,0.18,0.08,0
CUST00708,0.47,0.19,0.12,0
CUST00709,0.21,0.05,0.02,0
CUST00710,0.79,0.18,0.09,1
CUST00711,0.22,0.06,0.02,0
CUST00712,0.76,0.41,0.2,0
CUST00713,0.19,0.07,0.06,0
CUST00714,0.27,0.09,0.04,0
CUST00715,0.34,0.17,0.1,0
CUST00716,0.24,0.14,0.07,0
CUST00717,0.28,0.09,0.07,0
CUST00718,0.18,0.09,0.04,0
CUST00719,0.18,0.04,0.01,0
CUST00720,0.2,0.09,0.03,0
CUST00721,0.18,0.04,0.02,0
CUST00722,0.3,0.08,0.06,1
CUST00723,0.37,0.08,0.03,0
CUST00724,0.28,0.12,0.09,0
CUST00725,0.27,0.15,0.06,0
CUST00726,0.39,0.19,0.12,0
CUST00727,0.35,0.11,0.06,0
CUST00728,0.26,0.06,0.04,0
CUST00729,0.2,0.04,0.02,0
CUST00730,0.53,0.25,0.17,0
CUST00731,0.1,0.05,0.02,0
CUST00732,0.21,0.11,0.04,0
CUST00733,0.18,0.07,0.05,0
CUST00734,0.39,0.15,0.07,0
CUST00735,0.27,0.1,0.04,0
CUST00736,0.52,0.25,0.11,0
CUST00737,0.05,0.01,0.01,0
CUST00738,0.04,0.01,0.0,0
CUST00739,0.27,0.1,0.04,0
CUST00740,0.16,0.05,0.04,0
CUST00741,0.14,0.05,0.03,0
CUST00742,0.48,0.15,0.09,0
CUST00743,0.14,0.06,0.04,0
CUST00744,0.12,0.05,0.04,0
CUST00745,0.31,0.11,0.08,0
CUST00746,0.16,0.07,0.05,0
CUST00747,0.42,0.15,0.06,0
CUST00748,0.21,0.06,0.02,0
CUST00749,0.19,0.06,0.05,0
CUST00750,0.35,0.14,0.09,0
CUST00751,0.34,0.16,0.1,0
CUST00752,0.43,0.12,0.07,0
CUST00753,0.13,0.05,0.03,0
CUST00754,0.28,0.12,0.09,0
CUST00755,0.43,0.13,0.04,0
CUST00756,0.39,0.16,0.09,0
CUST00757,0.21,0.09,0.03,0
CUST00758,0.3,0.16,0.06,0
CUST00759,0.05,0.02,0.01,0
CUST00760,0.45,0.22,0.13,0
CUST00761,0.27,0.14,0.11,0
CUST00762,0.31,0.16,0.06,0
CUST00763,0.19,0.05,0.03,0
CUST00764,0.36,0.08,0.03,0
CUST00765,0.05,0.01,0.0,0
CUST00766,0.17,0.05,0.03,0
CUST00767,0.54,0.15,0.1,0
CUST00768,0.12,0.06,0.03,0
CUST00769,0.42,0.23,0.17,0
CUST00770,0.32,0.08,0.04,0
CUST00771,0.25,0.13,0.08,0
CUST00772,0.2,0.06,0.04,0
CUST00773,0.27,0.06,0.02,1
CUST00774,0.27,0.12,0.07,0
CUST00775,0.06,0.02,0.02,0
CUST00776,0.21,0.07,0.02,0
CUST00777,0.41,0.11,0.08,0
CUST00778,0.5,0.26,0.08,0
CUST00779,0.14,0.07,0.04,0
CUST00780,0.27,0.12,0.06,0
CUST00781,0.19,0.07,0.04,0
CUST00782,0.28,0.11,0.03,0
CUST00783,0.45,0.18,0.09,0
CUST00784,0.28,0.12,0.09,0
CUST00785,0.2,0.09,0.05,0
CUST00786,0.41,0.16,0.07,0
CUST00787,0.19,0.1,0.03,0
CUST00788,0.05,0.02,0.01,0
CUST00789,0.46,0.11,0.05,0
CUST00790,0.32,0.16,0.13,0
CUST00791,0.31,0.09,0.06,0
CUST00792,0.37,0.16,0.06,0
CUST00793,0.16,0.09,0.06,0
CUST00794,0.27,0.08,0.04,0
CUST00795,0.19,0.06,0.02,0
CUST00796,0.1,0.04,0.02,0
CUST00797,0.36,0.09,0.04,0
CUST00798,0.04,0.01,0.01,0
CUST00799,0.44,0.19,0.1,0
CUST00800,0.2,0.08,0.03,0
CUST00801,0.44,0.09,0.05,1
CUST00802,0.18,0.09,0.06,0
CUST00803,0.49,0.17,0.07,0
CUST00804,0.12,0.06,0.02,0
CUST00805,0.41,0.21,0.1,0
CUST00806,0.14,0.03,0.02,0
CUST00807,0.38,0.23,0.09,0
CUST00808,0.2,0.11,0.08,0
CUST00809,0.41,0.09,0.07,0
CUST00810,0.43,0.13,0.05,1
CUST00811,0.1,0.03,0.02,0
CUST00812,0.2,0.1,0.04,0
CUST00813,0.06,0.02,0.01,0
CUST00814,0.29,0.07,0.03,0
CUST00815,0.12,0.05,0.02,0
CUST00816,0.18,0.06,0.04,0
CUST00817,0.54,0.25,0.14,0
CUST00818,0.62,0.34,0.26,0
CUST00819,0.42,0.2,0.12,0
CUST00820,0.56,0.3,0.22,0
CUST00821,0.06,0.04,0.03,0
CUST00822,0.31,0.09,0.04,0
CUST00823,0.58,0.17,0.06,0
CUST00824,0.21,0.1,0.05,0
CUST00825,0.56,0.23,0.11,0
CUST00826,0.29,0.14,0.1,0
CUST00827,0.17,0.1,0.04,0
CUST00828,0.1,0.04,0.03,0
CUST00829,0.16,0.08,0.04,0
CUST00830,0.19,0.08,0.03,0
CUST00831,0.47,0.23,0.09,0
CUST00832,0.29,0.06,0.03,0
CUST00833,0.47,0.12,0.06,0
CUST00834,0.36,0.14,0.09,0
CUST00835,0.32,0.15,0.06,0
CUST00836,0.22,0.08,0.03,0
CUST00837,0.13,0.03,0.01,0
CUST00838,0.11,0.03,0.01,0
CUST00839,0.09,0.04,0.02,0
CUST00840,0.26,0.09,0.05,0
CUST00841,0.38,0.21,0.09,0
CUST00842,0.46,0.21,0.07,0
CUST00843,0.32,0.13,0.05,0
CUST00844,0.19,0.06,0.03,0
CUST00845,0.06,0.03,0.02,0
CUST00846,0.29,0.17,0.13,0
CUST00847,0.02,0.0,0.0,0
CUST00848,0.02,0.01,0.01,0
CUST00849,0.43,0.12,0.07,0
CUST00850,0.32,0.11,0.06,0
CUST00851,0.09,0.03,0.02,0
CUST00852,0.57,0.19,0.13,0
CUST00853,0.27,0.14,0.11,0
CUST00854,0.37,0.18,0.08,0
CUST00855,0.23,0.12,0.09,0
CUST00856,0.49,0.22,0.16,0
CUST00857,0.39,0.11,0.05,0
CUST00858,0.28,0.08,0.05,0
CUST00859,0.34,0.11,0.06,0
CUST00860,0.17,0.07,0.05,0
CUST00861,0.15,0.08,0.04,0
CUST00862,0.29,0.13,0.09,0
CUST00863,0.72,0.26,0.19,0
CUST00864,0.22,0.09,0.04,0
CUST00865,0.3,0.09,0.07,0
CUST00866,0.16,0.08,0.03,0
CUST00867,0.27,0.13,0.09,0
CUST00868,0.1,0.03,0.01,0
CUST00869,0.48,0.15,0.07,0
CUST00870,0.08,0.03,0.01,0
CUST00871,0.21,0.1,0.07,0
CUST00872,0.51,0.23,0.12,0
CUST00873,0.61,0.16,0.08,0
CUST00874,0.11,0.05,0.02,0
CUST00875,0.32,0.09,0.03,0
CUST00876,0.21,0.08,0.05,0
CUST00877,0.23,0.06,0.04,1
CUST00878,0.12,0.04,0.02,0
CUST00879,0.4,0.23,0.07,0
CUST00880,0.55,0.29,0.19,0
CUST00881,0.18,0.09,0.04,0
CUST00882,0.32,0.19,0.09,0
CUST00883,0.34,0.18,0.09,1
CUST00884,0.06,0.03,0.01,0
CUST00885,0.12,0.05,0.03,0
CUST00886,0.35,0.16,0.12,0
CUST00887,0.14,0.08,0.06,0
CUST00888,0.18,0.09,0.03,0
CUST00889,0.25,0.15,0.08,0
CUST00890,0.42,0.09,0.06,0
CUST00891,0.12,0.03,0.01,0
CUST00892,0.06,0.03,0.02,0
CUST00893,0.18,0.08,0.04,0
CUST00894,0.38,0.19,0.09,1
CUST00895,0.32,0.09,0.04,0
CUST00896,0.3,0.18,0.13,0
CUST00897,0.28,0.11,0.04,0
CUST00898,0.03,0.01,0.01,0
CUST00899,0.35,0.1,0.06,0
CUST00900,0.35,0.11,0.08,0
CUST00901,0.62,0.22,0.11,0
CUST00902,0.48,0.15,0.1,0
CUST00903,0.79,0.2,0.11,0
CUST00904,0.64,0.18,0.11,0
CUST00905,0.35,0.14,0.05,0
CUST00906,0.16,0.05,0.02,0
CUST00907,0.08,0.02,0.01,0
CUST00908,0.18,0.05,0.03,0
CUST00909,0.13,0.04,0.03,0
CUST00910,0.7,0.39,0.13,0
CUST00911,0.44,0.1,0.03,0
CUST00912,0.11,0.05,0.03,0
CUST00913,0.29,0.08,0.03,0
CUST00914,0.48,0.17,0.07,0
CUST00915,0.49,0.29,0.11,0
CUST00916,0.18,0.08,0.03,0
CUST00917,0.11,0.05,0.03,0
CUST00918,0.56,0.29,0.14,0
CUST00919,0.07,0.03,0.01,0
CUST00920,0.19,0.08,0.06,0
CUST00921,0.31,0.09,0.05,0
CUST00922,0.18,0.1,0.03,0
CUST00923,0.21,0.09,0.06,0
CUST00924,0.16,0.05,0.04,0
CUST00925,0.33,0.13,0.1,0
CUST00926,0.18,0.04,0.03,0
CUST00927,0.37,0.2,0.15,0
CUST00928,0.16,0.03,0.02,0
CUST00929,0.5,0.16,0.08,0
CUST00930,0.3,0.09,0.04,0
CUST00931,0.65,0.14,0.07,0
CUST00932,0.12,0.03,0.01,1
CUST00933,0.27,0.08,0.03,0
CUST00934,0.11,0.03,0.02,1
CUST00935,0.21,0.07,0.03,0
CUST00936,0.07,0.03,0.02,0
CUST00937,0.25,0.07,0.03,0
CUST00938,0.13,0.03,0.01,0
CUST00939,0.26,0.13,0.05,1
CUST00940,0.34,0.16,0.11,1
CUST00941,0.32,0.15,0.07,0
CUST00942,0.29,0.06,0.04,0
CUST00943,0.2,0.11,0.09,0
CUST00944,0.13,0.06,0.03,0
CUST00945,0.51,0.21,0.13,0
CUST00946,0.25,0.07,0.04,0
CUST00947,0.36,0.12,0.07,0
CUST00948,0.29,0.09,0.05,1
CUST00949,0.35,0.12,0.04,0
CUST00950,0.44,0.24,0.11,0
CUST00951,0.6,0.22,0.1,0
CUST00952,0.37,0.11,0.05,0
CUST00953,0.11,0.02,0.01,0
CUST00954,0.36,0.18,0.11,0
CUST00955,0.47,0.14,0.11,0
CUST00956,0.38,0.1,0.06,0
CUST00957,0.13,0.06,0.03,0
CUST00958,0.05,0.03,0.01,0
CUST00959,0.52,0.14,0.05,0
CUST00960,0.47,0.27,0.11,0
CUST00961,0.16,0.09,0.03,0
CUST00962,0.2,0.09,0.04,0
CUST00963,0.27,0.09,0.03,0
CUST00964,0.4,0.13,0.05,0
CUST00965,0.42,0.22,0.15,0
CUST00966,0.51,0.12,0.05,1
CUST00967,0.11,0.05,0.03,0
CUST00968,0.41,0.08,0.06,0
CUST00969,0.11,0.03,0.02,0
CUST00970,0.2,0.09,0.03,0
CUST00971,0.76,0.27,0.17,0
CUST00972,0.28,0.11,0.04,0
CUST00973,0.36,0.08,0.06,0
CUST00974,0.21,0.12,0.08,0
CUST00975,0.05,0.02,0.01,0
CUST00976,0.25,0.11,0.06,0
CUST00977,0.11,0.04,0.01,1
CUST00978,0.76,0.17,0.06,0
CUST00979,0.33,0.07,0.05,0
CUST00980,0.06,0.02,0.01,0
CUST00981,0.46,0.16,0.05,0
CUST00982,0.35,0.12,0.06,0
CUST00983,0.38,0.09,0.03,0
CUST00984,0.33,0.17,0.12,0
CUST00985,0.45,0.15,0.06,0
CUST00986,0.19,0.07,0.04,0
CUST00987,0.36,0.21,0.1,0
CUST00988,0.18,0.1,0.08,0
CUST00989,0.12,0.04,0.03,0
CUST00990,0.43,0.17,0.11,0
CUST00991,0.22,0.05,0.03,0
CUST00992,0.44,0.19,0.12,0
CUST00993,0.19,0.1,0.05,0
CUST00994,0.34,0.12,0.04,0
CUST00995,0.26,0.14,0.09,0
CUST00996,0.34,0.12,0.06,0
CUST00997,0.2,0.11,0.05,0
CUST00998,0.29,0.07,0.02,0
CUST00999,0.29,0.16,0.09,0
CUST01000,0.21,0.09,0.07,0
CUST01001,0.37,0.18,0.1,0
CUST01002,0.18,0.09,0.06,0
CUST01003,0.28,0.12,0.05,1
CUST01004,0.1,0.03,0.02,0
CUST01005,0.11,0.03,0.02,0
CUST01006,0.24,0.06,0.02,0
CUST01007,0.28,0.06,0.02,0
CUST01008,0.14,0.05,0.02,0
CUST01009,0.36,0.14,0.11,0
CUST01010,0.74,0.4,0.2,1
CUST01011,0.43,0.14,0.05,0
CUST01012,0.29,0.17,0.11,0
CUST01013,0.23,0.12,0.09,0
CUST01014,0.31,0.1,0.03,0
CUST01015,0.26,0.11,0.06,0
CUST01016,0.23,0.11,0.08,0
CUST01017,0.19,0.06,0.04,0
CUST01018,0.32,0.17,0.13,0
CUST01019,0.23,0.1,0.03,0
CUST01020,0.26,0.07,0.02,0
CUST01021,0.08,0.02,0.01,0
CUST01022,0.41,0.12,0.04,0
CUST01023,0.21,0.08,0.03,0
CUST01024,0.4,0.19,0.1,0
CUST01025,0.43,0.21,0.07,0
CUST01026,0.19,0.07,0.05,0
CUST01027,0.15,0.08,0.05,0
CUST01028,0.43,0.11,0.06,0
CUST01029,0.22,0.05,0.02,0
CUST01030,0.34,0.12,0.07,0
CUST01031,0.1,0.03,0.02,0
CUST01032,0.29,0.17,0.12,0
CUST01033,0.19,0.08,0.05,0
CUST01034,0.27,0.11,0.05,0
CUST01035,0.34,0.18,0.07,0
CUST01036,0.09,0.03,0.01,1
CUST01037,0.17,0.05,0.04,0
CUST01038,0.11,0.04,0.03,0
CUST01039,0.28,0.07,0.05,0
CUST01040,0.41,0.09,0.07,0
CUST01041,0.51,0.26,0.13,0
CUST01042,0.08,0.04,0.02,0
CUST01043,0.65,0.33,0.14,0
CUST01044,0.2,0.11,0.05,0
CUST01045,0.19,0.1,0.06,0
CUST01046,0.36,0.15,0.1,0
CUST01047,0.22,0.09,0.04,0
CUST01048,0.2,0.09,0.03,0
CUST01049,0.29,0.12,0.08,0
CUST01050,0.24,0.14,0.08,0
CUST01051,0.32,0.15,0.09,0
CUST01052,0.59,0.24,0.12,0
CUST01053,0.07,0.04,0.03,0
CUST01054,0.45,0.17,0.06,0
CUST01055,0.06,0.02,0.01,0
CUST01056,0.09,0.04,0.02,0
CUST01057,0.37,0.16,0.1,0
CUST01058,0.04,0.02,0.01,0
CUST01059,0.17,0.06,0.03,0
CUST01060,0.24,0.14,0.09,0
CUST01061,0.15,0.08,0.05,0
CUST01062,0.48,0.11,0.07,0
CUST01063,0.7,0.17,0.11,0
CUST01064,0.56,0.18,0.1,0
CUST01065,0.19,0.08,0.04,0
CUST01066,0.34,0.08,0.03,0
CUST01067,0.38,0.11,0.04,0
CUST01068,0.56,0.28,0.12,0
CUST01069,0.04,0.01,0.0,0
CUST01070,0.36,0.09,0.05,0
CUST01071,0.26,0.14,0.1,0
CUST01072,0.18,0.06,0.04,0
CUST01073,0.25,0.13,0.08,0
CUST01074,0.3,0.13,0.05,0
CUST01075,0.2,0.06,0.04,0
CUST01076,0.08,0.03,0.02,0
CUST01077,0.44,0.19,0.15,0
CUST01078,0.32,0.1,0.07,0
CUST01079,0.34,0.2,0.14,0
CUST01080,0.19,0.06,0.03,0
CUST01081,0.21,0.11,0.06,0
CUST01082,0.15,0.08,0.02,1
CUST01083,0.42,0.21,0.14,0
CUST01084,0.08,0.02,0.01,0
CUST01085,0.23,0.14,0.08,0
CUST01086,0.37,0.13,0.06,0
CUST01087,0.36,0.14,0.05,0
CUST01088,0.48,0.2,0.13,0
CUST01089,0.38,0.11,0.08,0
CUST01090,0.21,0.08,0.04,0
CUST01091,0.27,0.06,0.04,0
CUST01092,0.21,0.07,0.04,0
CUST01093,0.22,0.07,0.05,0
CUST01094,0.19,0.09,0.03,0
CUST01095,0.1,0.06,0.03,1
CUST01096,0.39,0.23,0.13,0
CUST01097,0.21,0.07,0.05,0
CUST01098,0.41,0.18,0.13,0
CUST01099,0.22,0.13,0.06,0
CUST01100,0.58,0.24,0.19,0
CUST01101,0.33,0.17,0.11,0
CUST01102,0.15,0.06,0.04,0
CUST01103,0.2,0.1,0.04,0
CUST01104,0.23,0.11,0.04,0
CUST01105,0.29,0.1,0.06,0
CUST01106,0.13,0.05,0.02,0
CUST01107,0.07,0.04,0.02,0
CUST01108,0.21,0.06,0.03,0
CUST01109,0.42,0.09,0.03,0
CUST01110,0.14,0.03,0.02,0
CUST01111,0.2,0.06,0.04,0
CUST01112,0.63,0.35,0.2,0
CUST01113,0.46,0.1,0.07,0
CUST01114,0.2,0.08,0.06,0
CUST01115,0.28,0.16,0.06,0
CUST01116,0.47,0.24,0.1,0
CUST01117,0.23,0.07,0.04,0
CUST01118,0.08,0.02,0.01,0
CUST01119,0.21,0.06,0.03,0
CUST01120,0.19,0.09,0.07,0
CUST01121,0.21,0.07,0.05,0
CUST01122,0.18,0.05,0.04,0
CUST01123,0.73,0.42,0.29,0
CUST01124,0.21,0.07,0.05,0
CUST01125,0.54,0.31,0.17,0
CUST01126,0.13,0.04,0.02,0
CUST01127,0.52,0.24,0.19,0
CUST01128,0.4,0.19,0.11,1
CUST01129,0.2,0.06,0.04,0
CUST01130,0.1,0.03,0.02,0
CUST01131,0.23,0.13,0.08,0
CUST01132,0.45,0.23,0.15,0
CUST01133,0.21,0.11,0.04,1
CUST01134,0.12,0.03,0.01,0
CUST01135,0.15,0.05,0.04,0
CUST01136,0.33,0.19,0.09,0
CUST01137,0.4,0.19,0.14,0
CUST01138,0.29,0.11,0.08,0
CUST01139,0.03,0.01,0.01,0
CUST01140,0.44,0.21,0.09,0
CUST01141,0.23,0.12,0.05,0
CUST01142,0.21,0.07,0.04,0
CUST01143,0.28,0.07,0.05,1
CUST01144,0.57,0.22,0.16,0
CUST01145,0.11,0.06,0.04,0
CUST01146,0.37,0.12,0.05,0
CUST01147,0.3,0.11,0.04,0
CUST01148,0.33,0.15,0.1,0
CUST01149,0.04,0.02,0.01,0
CUST01150,0.58,0.23,0.13,0
CUST01151,0.52,0.25,0.15,0
CUST01152,0.09,0.02,0.01,0
CUST01153,0.34,0.08,0.05,0
CUST01154,0.03,0.02,0.01,0
CUST01155,0.08,0.04,0.02,0
CUST01156,0.25,0.06,0.05,0
CUST01157,0.35,0.13,0.05,0
CUST01158,0.49,0.19,0.06,0
CUST01159,0.33,0.19,0.06,0
CUST01160,0.44,0.23,0.07,0
CUST01161,0.23,0.12,0.06,0
CUST01162,0.29,0.15,0.1,0
CUST01163,0.38,0.16,0.11,0
CUST01164,0.06,0.02,0.02,0
CUST01165,0.22,0.05,0.04,0
CUST01166,0.15,0.07,0.04,1
CUST01167,0.6,0.2,0.07,0
CUST01168,0.1,0.02,0.01,0
CUST01169,0.2,0.04,0.03,0
CUST01170,0.07,0.02,0.01,0
CUST01171,0.3,0.16,0.11,0
CUST01172,0.05,0.02,0.01,0
CUST01173,0.23,0.06,0.04,0
CUST01174,0.1,0.04,0.02,0
CUST01175,0.72,0.36,0.23,0
CUST01176,0.45,0.1,0.06,0
CUST01177,0.1,0.05,0.02,0
CUST01178,0.11,0.05,0.03,0
CUST01179,0.09,0.05,0.03,0
CUST01180,0.18,0.05,0.04,0
CUST01181,0.33,0.09,0.05,0
CUST01182,0.59,0.15,0.06,0
CUST01183,0.2,0.07,0.04,0
CUST01184,0.66,0.39,0.17,0
CUST01185,0.12,0.06,0.02,0
CUST01186,0.28,0.11,0.06,0
CUST01187,0.35,0.16,0.11,0
CUST01188,0.27,0.07,0.03,0
CUST01189,0.1,0.05,0.02,0
CUST01190,0.15,0.05,0.03,1
CUST01191,0.35,0.17,0.09,0
CUST01192,0.12,0.05,0.04,0
CUST01193,0.28,0.09,0.04,0
CUST01194,0.23,0.05,0.02,0
CUST01195,0.37,0.08,0.05,0
CUST01196,0.12,0.03,0.02,0
CUST01197,0.14,0.07,0.04,0
CUST01198,0.09,0.02,0.01,0
CUST01199,0.08,0.02,0.01,0
CUST01200,0.09,0.04,0.02,0
CUST01201,0.64,0.31,0.21,0
CUST01202,0.61,0.21,0.15,0
CUST01203,0.6,0.24,0.14,0
CUST01204,0.35,0.17,0.06,0
CUST01205,0.22,0.08,0.04,0
CUST01206,0.22,0.05,0.02,0
CUST01207,0.75,0.28,0.21,0
CUST01208,0.2,0.05,0.03,0
CUST01209,0.36,0.14,0.09,0
CUST01210,0.2,0.04,0.03,0
CUST01211,0.15,0.08,0.05,0
CUST01212,0.39,0.2,0.12,0
CUST01213,0.11,0.05,0.02,0
CUST01214,0.35,0.09,0.05,0
CUST01215,0.07,0.03,0.02,0
CUST01216,0.26,0.05,0.02,0
CUST01217,0.28,0.16,0.07,0
CUST01218,0.07,0.04,0.03,0
CUST01219,0.03,0.01,0.0,0
CUST01220,0.56,0.25,0.18,0
CUST01221,0.21,0.04,0.03,0
CUST01222,0.27,0.08,0.02,0
CUST01223,0.21,0.1,0.04,0
CUST01224,0.2,0.11,0.03,0
CUST01225,0.13,0.06,0.03,0
CUST01226,0.09,0.05,0.04,0
CUST01227,0.17,0.08,0.05,0
CUST01228,0.61,0.22,0.12,0
CUST01229,0.45,0.13,0.07,0
CUST01230,0.1,0.05,0.03,0
CUST01231,0.17,0.06,0.02,1
CUST01232,0.22,0.07,0.03,0
CUST01233,0.25,0.09,0.06,0
CUST01234,0.2,0.09,0.05,0
CUST01235,0.09,0.03,0.02,0
CUST01236,0.25,0.06,0.04,0
CUST01237,0.59,0.23,0.1,0
CUST01238,0.18,0.04,0.03,0
CUST01239,0.3,0.14,0.08,0
CUST01240,0.06,0.02,0.01,0
CUST01241,0.27,0.12,0.04,1
CUST01242,0.42,0.2,0.12,0
CUST01243,0.44,0.15,0.07,0
CUST01244,0.37,0.13,0.04,0
CUST01245,0.26,0.13,0.08,0
CUST01246,0.31,0.15,0.11,1
CUST01247,0.17,0.07,0.04,1
CUST01248,0.25,0.09,0.05,0
CUST01249,0.32,0.17,0.08,0
CUST01250,0.07,0.02,0.02,0
CUST01251,0.39,0.13,0.08,0
CUST01252,0.58,0.25,0.15,0
CUST01253,0.12,0.04,0.01,0
CUST01254,0.48,0.17,0.1,0
CUST01255,0.36,0.1,0.06,1
CUST01256,0.13,0.08,0.03,0
CUST01257,0.1,0.02,0.01,0
CUST01258,0.49,0.12,0.04,0
CUST01259,0.18,0.07,0.04,0
CUST01260,0.31,0.07,0.03,0
CUST01261,0.05,0.03,0.01,0
CUST01262,0.47,0.13,0.05,0
CUST01263,0.5,0.24,0.15,0
CUST01264,0.4,0.18,0.07,0
CUST01265,0.44,0.11,0.04,0
CUST01266,0.21,0.08,0.03,0
CUST01267,0.19,0.1,0.05,0
CUST01268,0.15,0.06,0.03,0
CUST01269,0.08,0.03,0.01,0
CUST01270,0.55,0.21,0.14,0
CUST01271,0.3,0.14,0.04,1
CUST01272,0.32,0.14,0.11,0
CUST01273,0.46,0.15,0.08,0
CUST01274,0.16,0.08,0.06,0
CUST01275,0.28,0.13,0.09,0
CUST01276,0.32,0.16,0.11,0
CUST01277,0.5,0.25,0.14,0
CUST01278,0.14,0.06,0.03,0
CUST01279,0.26,0.14,0.06,0
CUST01280,0.24,0.08,0.03,1
CUST01281,0.12,0.03,0.02,0
CUST01282,0.33,0.16,0.11,1
CUST01283,0.51,0.19,0.14,0
CUST01284,0.38,0.13,0.1,0
CUST01285,0.2,0.1,0.07,0
CUST01286,0.55,0.17,0.13,0
CUST01287,0.35,0.07,0.02,0
CUST01288,0.3,0.12,0.06,0
CUST01289,0.22,0.09,0.05,0
CUST01290,0.41,0.13,0.06,0
CUST01291,0.43,0.09,0.07,0
CUST01292,0.35,0.1,0.05,0
CUST01293,0.31,0.06,0.03,0
CUST01294,0.09,0.04,0.03,0
CUST01295,0.25,0.07,0.05,0
CUST01296,0.43,0.26,0.14,0
CUST01297,0.36,0.15,0.09,0
CUST01298,0.39,0.11,0.05,0
CUST01299,0.35,0.13,0.08,0
CUST01300,0.13,0.04,0.02,0
CUST01301,0.54,0.15,0.07,0
CUST01302,0.18,0.09,0.03,0
CUST01303,0.39,0.2,0.09,0
CUST01304,0.06,0.03,0.01,0
CUST01305,0.6,0.34,0.19,0
CUST01306,0.1,0.04,0.03,0
CUST01307,0.09,0.05,0.03,0
CUST01308,0.33,0.17,0.07,0
CUST01309,0.34,0.15,0.09,0
CUST01310,0.18,0.09,0.05,0
CUST01311,0.16,0.03,0.02,0
CUST01312,0.5,0.17,0.13,0
CUST01313,0.35,0.2,0.07,0
CUST01314,0.59,0.25,0.18,0
CUST01315,0.39,0.18,0.12,0
CUST01316,0.46,0.2,0.09,0
CUST01317,0.42,0.14,0.05,0
CUST01318,0.16,0.09,0.05,0
CUST01319,0.17,0.05,0.02,0
CUST01320,0.52,0.21,0.07,0
CUST01321,0.08,0.03,0.02,0
CUST01322,0.22,0.07,0.03,0
CUST01323,0.23,0.06,0.05,0
CUST01324,0.34,0.2,0.07,0
CUST01325,0.21,0.07,0.04,0
CUST01326,0.45,0.11,0.07,0
CUST01327,0.11,0.04,0.03,0
CUST01328,0.13,0.07,0.04,0
CUST01329,0.67,0.37,0.14,0
CUST01330,0.23,0.08,0.03,0
CUST01331,0.12,0.03,0.02,1
CUST01332,0.23,0.06,0.04,0
CUST01333,0.2,0.1,0.04,0
CUST01334,0.27,0.14,0.04,0
CUST01335,0.31,0.06,0.03,0
CUST01336,0.44,0.14,0.05,0
CUST01337,0.33,0.13,0.08,0
CUST01338,0.36,0.14,0.07,0
CUST01339,0.09,0.03,0.01,0
CUST01340,0.75,0.15,0.07,0
CUST01341,0.23,0.1,0.07,0
CUST01342,0.17,0.04,0.02,0
CUST01343,0.36,0.18,0.06,0
CUST01344,0.21,0.11,0.08,0
CUST01345,0.12,0.06,0.03,0
CUST01346,0.3,0.17,0.07,0
CUST01347,0.2,0.04,0.02,0
CUST01348,0.46,0.23,0.11,0
CUST01349,0.15,0.04,0.03,0
CUST01350,0.18,0.09,0.04,0
CUST01351,0.55,0.13,0.08,0
CUST01352,0.21,0.07,0.05,0
CUST01353,0.41,0.15,0.08,0
CUST01354,0.08,0.03,0.01,1
CUST01355,0.38,0.11,0.07,0
CUST01356,0.03,0.01,0.0,0
CUST01357,0.11,0.04,0.03,0
CUST01358,0.22,0.09,0.07,0
CUST01359,0.16,0.04,0.02,0
CUST01360,0.36,0.08,0.03,0
CUST01361,0.46,0.21,0.09,1
CUST01362,0.3,0.17,0.09,0
CUST01363,0.09,0.05,0.04,0
CUST01364,0.81,0.46,0.29,0
CUST01365,0.32,0.07,0.04,0
CUST01366,0.16,0.06,0.03,0
CUST01367,0.12,0.04,0.03,0
CUST01368,0.21,0.05,0.04,0
CUST01369,0.13,0.04,0.02,0
CUST01370,0.36,0.12,0.06,0
CUST01371,0.18,0.1,0.05,0
CUST01372,0.41,0.14,0.05,0
CUST01373,0.31,0.15,0.12,0
CUST01374,0.48,0.11,0.08,0
CUST01375,0.36,0.08,0.05,0
CUST01376,0.59,0.15,0.11,0
CUST01377,0.09,0.03,0.01,0
CUST01378,0.19,0.07,0.03,0
CUST01379,0.14,0.08,0.05,0
CUST01380,0.42,0.14,0.08,0
CUST01381,0.15,0.07,0.05,0
CUST01382,0.1,0.04,0.03,0
CUST01383,0.29,0.08,0.03,0
CUST01384,0.15,0.05,0.02,0
CUST01385,0.39,0.17,0.05,0
CUST01386,0.05,0.02,0.01,0
CUST01387,0.61,0.32,0.13,0
CUST01388,0.31,0.17,0.07,0
CUST01389,0.09,0.04,0.02,0
CUST01390,0.29,0.17,0.12,0
CUST01391,0.02,0.0,0.0,0
CUST01392,0.49,0.16,0.09,0
CUST01393,0.23,0.05,0.03,0
CUST01394,0.09,0.03,0.02,0
CUST01395,0.04,0.02,0.01,0
CUST01396,0.29,0.11,0.07,0
CUST01397,0.06,0.02,0.01,0
CUST01398,0.68,0.25,0.09,0
CUST01399,0.5,0.11,0.08,0
CUST01400,0.32,0.13,0.08,0
CUST01401,0.24,0.07,0.03,0
CUST01402,0.47,0.26,0.15,1
CUST01403,0.15,0.09,0.06,0
CUST01404,0.18,0.04,0.03,1
CUST01405,0.49,0.19,0.11,0
CUST01406,0.28,0.09,0.07,0
CUST01407,0.28,0.09,0.04,0
CUST01408,0.41,0.22,0.13,0
CUST01409,0.08,0.03,0.02,0
CUST01410,0.16,0.09,0.06,0
CUST01411,0.24,0.14,0.06,0
CUST01412,0.23,0.14,0.04,0
CUST01413,0.29,0.08,0.03,0
CUST01414,0.31,0.1,0.07,0
CUST01415,0.27,0.07,0.02,0
CUST01416,0.03,0.01,0.01,0
CUST01417,0.36,0.18,0.13,0
CUST01418,0.22,0.13,0.07,0
CUST01419,0.18,0.07,0.05,0
CUST01420,0.19,0.05,0.03,0
CUST01421,0.36,0.17,0.1,0
CUST01422,0.41,0.21,0.13,0
CUST01423,0.33,0.17,0.1,0
CUST01424,0.03,0.01,0.01,0
CUST01425,0.55,0.22,0.14,0
CUST01426,0.45,0.23,0.08,0
CUST01427,0.11,0.04,0.01,0
CUST01428,0.11,0.05,0.03,0
CUST01429,0.59,0.22,0.15,0
CUST01430,0.43,0.11,0.08,0
CUST01431,0.35,0.14,0.07,0
CUST01432,0.34,0.15,0.08,1
CUST01433,0.13,0.04,0.02,0
CUST01434,0.63,0.35,0.2,0
CUST01435,0.34,0.19,0.08,0
CUST01436,0.07,0.04,0.02,0
CUST01437,0.28,0.1,0.05,0
CUST01438,0.26,0.12,0.07,0
CUST01439,0.37,0.14,0.1,0
CUST01440,0.37,0.19,0.09,0
CUST01441,0.55,0.31,0.17,0
CUST01442,0.22,0.11,0.08,0
CUST01443,0.62,0.32,0.23,0
CUST01444,0.42,0.17,0.06,0
CUST01445,0.3,0.1,0.06,0
CUST01446,0.05,0.01,0.01,0
CUST01447,0.19,0.09,0.05,0
CUST01448,0.22,0.09,0.03,0
CUST01449,0.2,0.1,0.04,0
CUST01450,0.41,0.16,0.09,0
CUST01451,0.14,0.07,0.05,0
CUST01452,0.59,0.19,0.15,0
CUST01453,0.23,0.05,0.03,0
CUST01454,0.35,0.2,0.12,0
CUST01455,0.46,0.18,0.08,0
CUST01456,0.07,0.04,0.02,0
CUST01457,0.21,0.07,0.02,0
CUST01458,0.25,0.08,0.05,0
CUST01459,0.25,0.1,0.04,0
CUST01460,0.17,0.04,0.03,0
CUST01461,0.48,0.2,0.13,0
CUST01462,0.63,0.27,0.08,0
CUST01463,0.17,0.08,0.05,0
CUST01464,0.24,0.09,0.05,0
CUST01465,0.08,0.03,0.02,0
CUST01466,0.22,0.06,0.04,0
CUST01467,0.18,0.09,0.04,0
CUST01468,0.34,0.09,0.07,0
CUST01469,0.19,0.09,0.05,0
CUST01470,0.31,0.16,0.05,0
CUST01471,0.47,0.15,0.1,0
CUST01472,0.43,0.21,0.07,0
CUST01473,0.36,0.19,0.11,0
CUST01474,0.13,0.06,0.04,0
CUST01475,0.42,0.15,0.11,0
CUST01476,0.18,0.06,0.03,0
CUST01477,0.45,0.11,0.05,0
CUST01478,0.39,0.12,0.04,0
CUST01479,0.11,0.02,0.01,0
CUST01480,0.34,0.13,0.04,0
CUST01481,0.28,0.14,0.05,0
CUST01482,0.3,0.16,0.06,0
CUST01483,0.32,0.19,0.09,0
CUST01484,0.22,0.06,0.04,1
CUST01485,0.34,0.18,0.07,0
CUST01486,0.55,0.3,0.14,1
CUST01487,0.34,0.16,0.07,0
CUST01488,0.23,0.13,0.07,0
CUST01489,0.37,0.16,0.1,1
CUST01490,0.34,0.14,0.11,0
CUST01491,0.27,0.09,0.03,0
CUST01492,0.17,0.08,0.05,1
CUST01493,0.65,0.22,0.08,0
CUST01494,0.32,0.08,0.03,0
CUST01495,0.17,0.05,0.02,0
CUST01496,0.17,0.1,0.07,0
CUST01497,0.37,0.14,0.08,1
CUST01498,0.16,0.05,0.03,0
CUST01499,0.2,0.09,0.07,0
CUST01500,0.13,0.07,0.05,0
CUST01501,0.29,0.08,0.06,0
CUST01502,0.45,0.11,0.06,0
CUST01503,0.5,0.23,0.13,0
CUST01504,0.58,0.21,0.15,0
CUST01505,0.16,0.06,0.03,0
CUST01506,0.06,0.02,0.01,0
CUST01507,0.09,0.03,0.01,0
CUST01508,0.36,0.19,0.09,0
CUST01509,0.54,0.16,0.08,0
CUST01510,0.34,0.09,0.06,0
CUST01511,0.43,0.23,0.16,0
CUST01512,0.08,0.03,0.01,0
CUST01513,0.54,0.3,0.22,0
CUST01514,0.26,0.05,0.02,0
CUST01515,0.23,0.09,0.04,0
CUST01516,0.32,0.08,0.02,0
CUST01517,0.2,0.1,0.07,0
CUST01518,0.46,0.2,0.06,0
CUST01519,0.34,0.08,0.04,0
CUST01520,0.45,0.15,0.07,0
CUST01521,0.74,0.16,0.05,0
CUST01522,0.03,0.01,0.01,0
CUST01523,0.04,0.02,0.01,0
CUST01524,0.17,0.09,0.07,0
CUST01525,0.52,0.2,0.15,0
CUST01526,0.29,0.16,0.05,0
CUST01527,0.13,0.05,0.03,0
CUST01528,0.14,0.08,0.04,0
CUST01529,0.22,0.11,0.09,0
CUST01530,0.27,0.13,0.05,0
CUST01531,0.68,0.24,0.16,0
CUST01532,0.57,0.34,0.24,1
CUST01533,0.34,0.08,0.05,1
CUST01534,0.32,0.13,0.1,0
CUST01535,0.57,0.13,0.09,0
CUST01536,0.5,0.27,0.18,0
CUST01537,0.39,0.23,0.11,0
CUST01538,0.45,0.17,0.05,0
CUST01539,0.37,0.2,0.1,0
CUST01540,0.27,0.14,0.05,0
CUST01541,0.42,0.19,0.14,0
CUST01542,0.07,0.03,0.01,0
CUST01543,0.61,0.31,0.13,0
CUST01544,0.14,0.06,0.03,0
CUST01545,0.44,0.24,0.14,0
CUST01546,0.16,0.08,0.03,0
CUST01547,0.25,0.11,0.05,1
CUST01548,0.29,0.08,0.06,0
CUST01549,0.38,0.15,0.05,0
CUST01550,0.3,0.08,0.05,0
CUST01551,0.65,0.21,0.08,0
CUST01552,0.23,0.07,0.04,0
CUST01553,0.31,0.13,0.07,0
CUST01554,0.34,0.15,0.06,0
CUST01555,0.62,0.32,0.25,0
CUST01556,0.15,0.08,0.06,0
CUST01557,0.26,0.08,0.04,0
CUST01558,0.5,0.1,0.04,0
CUST01559,0.53,0.29,0.16,0
CUST01560,0.54,0.32,0.19,0
CUST01561,0.01,0.0,0.0,1
CUST01562,0.06,0.02,0.01,0
CUST01563,0.3,0.18,0.1,0
CUST01564,0.11,0.06,0.04,0
CUST01565,0.44,0.19,0.09,0
CUST01566,0.11,0.03,0.02,0
CUST01567,0.15,0.05,0.04,0
CUST01568,0.3,0.07,0.05,0
CUST01569,0.45,0.21,0.16,0
CUST01570,0.33,0.19,0.15,0
CUST01571,0.3,0.11,0.09,0
CUST01572,0.26,0.11,0.06,0
CUST01573,0.39,0.1,0.05,0
CUST01574,0.1,0.06,0.04,0
CUST01575,0.09,0.04,0.02,0
CUST01576,0.32,0.07,0.03,0
CUST01577,0.2,0.07,0.04,0
CUST01578,0.16,0.07,0.04,0
CUST01579,0.58,0.2,0.09,1
CUST01580,0.17,0.05,0.04,0
CUST01581,0.06,0.02,0.01,0
CUST01582,0.74,0.24,0.12,0
CUST01583,0.16,0.05,0.02,0
CUST01584,0.37,0.12,0.04,0
CUST01585,0.43,0.1,0.05,0
CUST01586,0.09,0.05,0.03,0
CUST01587,0.33,0.17,0.05,0
CUST01588,0.22,0.06,0.04,0
CUST01589,0.15,0.08,0.06,0
CUST01590,0.36,0.21,0.16,0
CUST01591,0.32,0.16,0.13,0
CUST01592,0.29,0.13,0.07,0
CUST01593,0.09,0.02,0.01,0
CUST01594,0.49,0.26,0.17,0
CUST01595,0.59,0.23,0.09,0
CUST01596,0.52,0.29,0.11,0
CUST01597,0.11,0.02,0.01,0
CUST01598,0.56,0.24,0.13,0
CUST01599,0.3,0.09,0.05,0
CUST01600,0.3,0.12,0.05,0
CUST01601,0.09,0.02,0.01,1
CUST01602,0.22,0.06,0.04,0
CUST01603,0.22,0.11,0.05,1
CUST01604,0.47,0.1,0.08,0
CUST01605,0.14,0.04,0.02,0
CUST01606,0.41,0.08,0.06,1
CUST01607,0.8,0.39,0.28,0
CUST01608,0.22,0.07,0.04,0
CUST01609,0.27,0.14,0.05,0
CUST01610,0.27,0.13,0.06,0
CUST01611,0.32,0.17,0.1,0
CUST01612,0.12,0.06,0.02,0
CUST01613,0.26,0.11,0.04,0
CUST01614,0.41,0.2,0.12,0
CUST01615,0.62,0.26,0.14,0
CUST01616,0.17,0.05,0.04,0
CUST01617,0.08,0.03,0.02,0
CUST01618,0.3,0.13,0.09,0
CUST01619,0.38,0.18,0.13,1
CUST01620,0.08,0.03,0.01,0
CUST01621,0.3,0.12,0.09,0
CUST01622,0.17,0.04,0.02,0
CUST01623,0.3,0.11,0.06,0
CUST01624,0.23,0.12,0.05,0
CUST01625,0.08,0.03,0.01,0
CUST01626,0.37,0.17,0.09,0
CUST01627,0.15,0.03,0.01,0
CUST01628,0.17,0.1,0.08,0
CUST01629,0.07,0.03,0.02,0
CUST01630,0.22,0.07,0.04,0
CUST01631,0.08,0.03,0.02,0
CUST01632,0.05,0.01,0.01,0
CUST01633,0.31,0.1,0.03,0
CUST01634,0.12,0.04,0.02,0
CUST01635,0.62,0.18,0.07,0
CUST01636,0.48,0.28,0.14,0
CUST01637,0.49,0.26,0.18,0
CUST01638,0.17,0.05,0.02,0
CUST01639,0.23,0.09,0.07,0
CUST01640,0.19,0.05,0.03,0
CUST01641,0.11,0.02,0.01,0
CUST01642,0.28,0.12,0.05,0
CUST01643,0.19,0.08,0.04,0
CUST01644,0.06,0.03,0.02,0
CUST01645,0.35,0.08,0.06,0
CUST01646,0.19,0.05,0.02,0
CUST01647,0.66,0.28,0.13,0
CUST01648,0.04,0.01,0.01,0
CUST01649,0.37,0.2,0.08,0
CUST01650,0.17,0.04,0.03,0
CUST01651,0.34,0.18,0.09,0
CUST01652,0.12,0.06,0.02,1
CUST01653,0.15,0.04,0.02,0
CUST01654,0.41,0.09,0.04,0
CUST01655,0.07,0.02,0.01,0
CUST01656,0.41,0.18,0.1,0
CUST01657,0.2,0.09,0.07,0
CUST01658,0.33,0.14,0.06,0
CUST01659,0.2,0.1,0.04,0
CUST01660,0.56,0.16,0.11,0
CUST01661,0.4,0.2,0.14,0
CUST01662,0.26,0.09,0.03,0
CUST01663,0.33,0.12,0.04,0
CUST01664,0.32,0.12,0.05,0
CUST01665,0.67,0.15,0.08,0
CUST01666,0.4,0.13,0.04,0
CUST01667,0.19,0.07,0.02,0
CUST01668,0.29,0.1,0.06,0
CUST01669,0.1,0.05,0.02,0
CUST01670,0.26,0.15,0.1,0
CUST01671,0.25,0.14,0.05,1
CUST01672,0.51,0.13,0.04,0
CUST01673,0.24,0.09,0.07,0
CUST01674,0.16,0.04,0.02,0
CUST01675,0.68,0.26,0.09,0
CUST01676,0.35,0.15,0.08,0
CUST01677,0.15,0.08,0.04,0
CUST01678,0.45,0.23,0.13,0
CUST01679,0.15,0.05,0.02,0
CUST01680,0.38,0.11,0.03,0
CUST01681,0.21,0.11,0.05,0
CUST01682,0.14,0.03,0.02,0
CUST01683,0.08,0.04,0.01,0
CUST01684,0.43,0.14,0.06,0
CUST01685,0.25,0.13,0.04,0
CUST01686,0.29,0.07,0.03,0
CUST01687,0.37,0.17,0.13,0
CUST01688,0.24,0.11,0.04,0
CUST01689,0.12,0.06,0.04,0
CUST01690,0.37,0.15,0.05,0
CUST01691,0.19,0.08,0.04,0
CUST01692,0.28,0.09,0.05,0
CUST01693,0.59,0.32,0.24,0
CUST01694,0.45,0.18,0.1,0
CUST01695,0.1,0.03,0.01,0
CUST01696,0.4,0.1,0.04,0
CUST01697,0.3,0.12,0.06,1
CUST01698,0.48,0.2,0.12,0
CUST01699,0.05,0.02,0.01,0
CUST01700,0.59,0.12,0.07,0
CUST01701,0.18,0.08,0.06,0
CUST01702,0.68,0.31,0.16,0
CUST01703,0.1,0.03,0.02,0
CUST01704,0.23,0.1,0.05,0
CUST01705,0.17,0.09,0.06,0
CUST01706,0.18,0.07,0.05,0
CUST01707,0.47,0.25,0.17,0
CUST01708,0.09,0.02,0.01,0
CUST01709,0.13,0.06,0.03,0
CUST01710,0.41,0.14,0.05,0
CUST01711,0.75,0.17,0.1,0
CUST01712,0.42,0.16,0.05,0
CUST01713,0.29,0.14,0.08,0
CUST01714,0.19,0.05,0.03,0
CUST01715,0.12,0.05,0.03,0
CUST01716,0.15,0.05,0.03,0
CUST01717,0.3,0.17,0.12,0
CUST01718,0.12,0.07,0.05,0
CUST01719,0.11,0.06,0.03,0
CUST01720,0.21,0.07,0.04,0
CUST01721,0.12,0.06,0.02,0
CUST01722,0.26,0.12,0.05,0
CUST01723,0.32,0.17,0.08,0
CUST01724,0.46,0.2,0.1,0
CUST01725,0.21,0.09,0.03,0
CUST01726,0.25,0.14,0.07,0
CUST01727,0.18,0.06,0.02,1
CUST01728,0.49,0.27,0.09,0
CUST01729,0.05,0.02,0.01,0
CUST01730,0.36,0.09,0.04,0
CUST01731,0.02,0.01,0.01,0
CUST01732,0.24,0.11,0.04,0
CUST01733,0.09,0.03,0.02,0
CUST01734,0.31,0.07,0.05,0
CUST01735,0.13,0.04,0.02,1
CUST01736,0.04,0.02,0.01,0
CUST01737,0.52,0.17,0.07,0
CUST01738,0.29,0.15,0.08,1
CUST01739,0.06,0.02,0.01,0
CUST01740,0.07,0.04,0.01,0
CUST01741,0.55,0.17,0.09,0
CUST01742,0.14,0.03,0.02,0
CUST01743,0.29,0.17,0.1,0
CUST01744,0.26,0.12,0.08,0
CUST01745,0.14,0.07,0.04,0
CUST01746,0.09,0.02,0.01,0
CUST01747,0.29,0.17,0.09,0
CUST01748,0.55,0.3,0.13,0
CUST01749,0.39,0.08,0.04,0
CUST01750,0.18,0.05,0.04,0
CUST01751,0.25,0.14,0.1,0
CUST01752,0.33,0.19,0.12,0
CUST01753,0.32,0.13,0.1,0
CUST01754,0.24,0.12,0.08,0
CUST01755,0.07,0.03,0.02,0
CUST01756,0.15,0.03,0.02,0
CUST01757,0.12,0.07,0.03,0
CUST01758,0.18,0.08,0.05,0
CUST01759,0.33,0.15,0.05,0
CUST01760,0.23,0.11,0.06,0
CUST01761,0.2,0.1,0.07,0
CUST01762,0.27,0.07,0.02,0
CUST01763,0.31,0.18,0.1,0
CUST01764,0.35,0.15,0.11,0
CUST01765,0.33,0.1,0.07,1
CUST01766,0.22,0.09,0.03,0
CUST01767,0.08,0.04,0.03,0
CUST01768,0.44,0.21,0.09,0
CUST01769,0.05,0.03,0.01,0
CUST01770,0.47,0.12,0.09,0
CUST01771,0.28,0.11,0.08,0
CUST01772,0.37,0.18,0.06,0
CUST01773,0.37,0.12,0.07,0
CUST01774,0.2,0.05,0.04,0
CUST01775,0.36,0.21,0.09,0
CUST01776,0.38,0.23,0.09,1
CUST01777,0.41,0.1,0.03,0
CUST01778,0.22,0.11,0.03,0
CUST01779,0.21,0.1,0.08,0
CUST01780,0.33,0.14,0.07,0
CUST01781,0.21,0.11,0.04,0
CUST01782,0.01,0.01,0.0,0
CUST01783,0.16,0.08,0.06,0
CUST01784,0.02,0.01,0.0,1
CUST01785,0.47,0.28,0.2,0
CUST01786,0.39,0.11,0.05,0
CUST01787,0.22,0.13,0.07,0
CUST01788,0.39,0.23,0.17,0
CUST01789,0.38,0.13,0.08,0
CUST01790,0.54,0.13,0.07,0
CUST01791,0.58,0.23,0.16,0
CUST01792,0.12,0.03,0.02,0
CUST01793,0.28,0.17,0.05,1
CUST01794,0.3,0.14,0.08,0
CUST01795,0.3,0.11,0.04,0
CUST01796,0.29,0.15,0.11,0
CUST01797,0.18,0.06,0.03,0
CUST01798,0.25,0.1,0.05,0
CUST01799,0.19,0.07,0.03,0
CUST01800,0.29,0.08,0.03,0
CUST01801,0.04,0.02,0.01,0
CUST01802,0.05,0.02,0.01,0
CUST01803,0.07,0.02,0.02,0
CUST01804,0.49,0.12,0.06,0
CUST01805,0.05,0.01,0.01,0
CUST01806,0.06,0.01,0.0,0
CUST01807,0.46,0.25,0.16,0
CUST01808,0.27,0.1,0.06,0
CUST01809,0.2,0.04,0.01,0
CUST01810,0.04,0.02,0.01,0
CUST01811,0.63,0.21,0.12,0
CUST01812,0.46,0.24,0.19,0
CUST01813,0.19,0.08,0.05,0
CUST01814,0.26,0.07,0.04,0
CUST01815,0.8,0.39,0.3,0
CUST01816,0.28,0.06,0.05,0
CUST01817,0.4,0.21,0.07,0
CUST01818,0.48,0.2,0.13,0
CUST01819,0.22,0.08,0.04,0
CUST01820,0.37,0.09,0.06,0
CUST01821,0.27,0.12,0.08,0
CUST01822,0.24,0.1,0.03,0
CUST01823,0.48,0.29,0.19,0
CUST01824,0.2,0.1,0.07,0
CUST01825,0.64,0.15,0.08,0
CUST01826,0.25,0.15,0.1,0
CUST01827,0.31,0.12,0.08,0
CUST01828,0.28,0.14,0.06,0
CUST01829,0.09,0.02,0.01,0
CUST01830,0.13,0.07,0.06,0
CUST01831,0.54,0.14,0.06,0
CUST01832,0.43,0.14,0.06,0
CUST01833,0.3,0.06,0.03,0
CUST01834,0.12,0.06,0.03,0
CUST01835,0.32,0.12,0.05,0
CUST01836,0.46,0.28,0.12,0
CUST01837,0.33,0.17,0.13,0
CUST01838,0.4,0.22,0.09,0
CUST01839,0.48,0.28,0.2,1
CUST01840,0.04,0.01,0.01,0
CUST01841,0.13,0.07,0.05,0
CUST01842,0.29,0.17,0.06,0
CUST01843,0.18,0.06,0.04,0
CUST01844,0.34,0.13,0.07,0
CUST01845,0.48,0.27,0.15,0
CUST01846,0.25,0.11,0.05,0
CUST01847,0.38,0.19,0.08,0
CUST01848,0.44,0.15,0.07,0
CUST01849,0.21,0.09,0.04,0
CUST01850,0.39,0.2,0.14,0
CUST01851,0.33,0.08,0.04,0
CUST01852,0.1,0.06,0.03,0
CUST01853,0.23,0.13,0.05,0
CUST01854,0.11,0.04,0.02,0
CUST01855,0.31,0.14,0.07,0
CUST01856,0.12,0.03,0.02,0
CUST01857,0.4,0.11,0.08,0
CUST01858,0.09,0.03,0.02,0
CUST01859,0.27,0.12,0.04,0
CUST01860,0.09,0.04,0.02,0
CUST01861,0.22,0.06,0.03,0
CUST01862,0.16,0.09,0.05,0
CUST01863,0.33,0.1,0.07,1
CUST01864,0.09,0.03,0.02,0
CUST01865,0.39,0.22,0.11,0
CUST01866,0.42,0.13,0.06,0
CUST01867,0.6,0.29,0.1,0
CUST01868,0.18,0.04,0.02,0
CUST01869,0.25,0.07,0.05,0
CUST01870,0.16,0.04,0.02,0
CUST01871,0.22,0.05,0.02,0
CUST01872,0.05,0.02,0.01,0
CUST01873,0.15,0.06,0.03,0
CUST01874,0.14,0.07,0.02,0
CUST01875,0.4,0.2,0.15,0
CUST01876,0.14,0.05,0.03,0
CUST01877,0.88,0.4,0.3,0
CUST01878,0.27,0.11,0.04,0
CUST01879,0.39,0.19,0.15,0
CUST01880,0.32,0.17,0.11,0
CUST01881,0.13,0.05,0.03,0
CUST01882,0.27,0.14,0.09,0
CUST01883,0.07,0.04,0.02,0
CUST01884,0.11,0.04,0.03,0
CUST01885,0.24,0.11,0.07,0
CUST01886,0.14,0.03,0.02,0
CUST01887,0.33,0.11,0.06,0
CUST01888,0.38,0.13,0.05,0
CUST01889,0.65,0.22,0.08,0
CUST01890,0.4,0.1,0.05,0
CUST01891,0.25,0.08,0.04,0
CUST01892,0.1,0.03,0.01,1
CUST01893,0.24,0.14,0.05,0
CUST01894,0.37,0.1,0.05,0
CUST01895,0.11,0.05,0.02,0
CUST01896,0.58,0.18,0.1,0
CUST01897,0.34,0.16,0.1,0
CUST01898,0.46,0.22,0.15,0
CUST01899,0.81,0.23,0.11,0
CUST01900,0.43,0.14,0.07,0
CUST01901,0.66,0.32,0.15,0
CUST01902,0.29,0.09,0.04,0
CUST01903,0.56,0.24,0.18,0
CUST01904,0.26,0.08,0.06,0
CUST01905,0.3,0.17,0.07,0
CUST01906,0.37,0.16,0.06,0
CUST01907,0.17,0.08,0.04,0
CUST01908,0.15,0.08,0.04,0
CUST01909,0.33,0.16,0.11,0
CUST01910,0.12,0.03,0.01,1
CUST01911,0.12,0.06,0.02,0
CUST01912,0.22,0.06,0.03,0
CUST01913,0.44,0.19,0.13,0
CUST01914,0.31,0.12,0.07,0
CUST01915,0.1,0.05,0.03,0
CUST01916,0.43,0.11,0.07,0
CUST01917,0.37,0.17,0.11,1
CUST01918,0.29,0.08,0.03,0
CUST01919,0.24,0.11,0.07,0
CUST01920,0.44,0.12,0.08,0
CUST01921,0.24,0.14,0.11,0
CUST01922,0.18,0.06,0.04,0
CUST01923,0.47,0.15,0.12,0
CUST01924,0.05,0.02,0.02,0
CUST01925,0.16,0.04,0.01,0
CUST01926,0.32,0.09,0.04,1
CUST01927,0.3,0.12,0.1,0
CUST01928,0.24,0.09,0.04,0
CUST01929,0.46,0.2,0.15,0
CUST01930,0.16,0.04,0.01,0
CUST01931,0.41,0.12,0.04,0
CUST01932,0.29,0.15,0.06,0
CUST01933,0.1,0.06,0.02,0
CUST01934,0.24,0.11,0.06,0
CUST01935,0.12,0.03,0.01,0
CUST01936,0.57,0.24,0.07,0
CUST01937,0.62,0.3,0.09,0
CUST01938,0.27,0.14,0.04,0
CUST01939,0.09,0.05,0.04,0
CUST01940,0.42,0.19,0.1,0
CUST01941,0.23,0.13,0.08,0
CUST01942,0.42,0.18,0.13,0
CUST01943,0.39,0.09,0.03,0
CUST01944,0.15,0.06,0.02,0
CUST01945,0.42,0.19,0.12,0
CUST01946,0.11,0.03,0.02,0
CUST01947,0.66,0.23,0.18,0
CUST01948,0.04,0.02,0.01,0
CUST01949,0.12,0.06,0.04,0
CUST01950,0.28,0.08,0.04,0
CUST01951,0.52,0.25,0.16,0
CUST01952,0.23,0.12,0.08,0
CUST01953,0.64,0.29,0.09,0
CUST01954,0.13,0.06,0.04,0
CUST01955,0.6,0.17,0.14,0
CUST01956,0.13,0.05,0.02,0
CUST01957,0.15,0.07,0.05,0
CUST01958,0.75,0.43,0.29,1
CUST01959,0.24,0.11,0.04,0
CUST01960,0.31,0.18,0.12,0
CUST01961,0.18,0.09,0.05,0
CUST01962,0.45,0.23,0.1,0
CUST01963,0.28,0.12,0.08,0
CUST01964,0.38,0.18,0.12,0
CUST01965,0.09,0.04,0.02,0
CUST01966,0.31,0.09,0.07,0
CUST01967,0.04,0.01,0.01,0
CUST01968,0.33,0.09,0.06,0
CUST01969,0.52,0.18,0.11,0
CUST01970,0.46,0.18,0.1,0
CUST01971,0.12,0.06,0.03,0
CUST01972,0.14,0.08,0.04,0
CUST01973,0.02,0.01,0.0,0
CUST01974,0.44,0.13,0.04,0
CUST01975,0.32,0.1,0.06,0
CUST01976,0.08,0.02,0.01,0
CUST01977,0.31,0.18,0.06,0
CUST01978,0.38,0.16,0.11,0
CUST01979,0.56,0.3,0.18,0
CUST01980,0.28,0.1,0.06,0
CUST01981,0.17,0.09,0.04,0
CUST01982,0.18,0.09,0.05,0
CUST01983,0.19,0.09,0.06,0
CUST01984,0.13,0.03,0.02,0
CUST01985,0.09,0.04,0.02,0
CUST01986,0.23,0.05,0.03,0
CUST01987,0.35,0.17,0.09,0
CUST01988,0.33,0.15,0.09,0
CUST01989,0.33,0.09,0.06,0
CUST01990,0.03,0.01,0.0,1
CUST01991,0.27,0.12,0.05,0
CUST01992,0.12,0.06,0.03,0
CUST01993,0.21,0.1,0.05,0
CUST01994,0.41,0.14,0.06,0
CUST01995,0.14,0.08,0.06,0
CUST01996,0.16,0.05,0.04,0
CUST01997,0.12,0.04,0.02,0
CUST01998,0.07,0.02,0.01,0
CUST01999,0.23,0.13,0.07,1
CUST02000,0.44,0.14,0.1,0
CUST02001,0.2,0.11,0.04,0
CUST02002,0.5,0.15,0.07,0
CUST02003,0.12,0.07,0.04,0
CUST02004,0.25,0.1,0.04,0
CUST02005,0.2,0.11,0.09,0
CUST02006,0.47,0.24,0.12,1
CUST02007,0.22,0.11,0.06,0
CUST02008,0.57,0.24,0.17,0
CUST02009,0.09,0.04,0.03,1
CUST02010,0.55,0.23,0.14,0
CUST02011,0.44,0.19,0.12,0
CUST02012,0.61,0.33,0.15,0
CUST02013,0.31,0.14,0.04,0
CUST02014,0.28,0.07,0.03,0
CUST02015,0.19,0.07,0.03,0
CUST02016,0.17,0.06,0.04,0
CUST02017,0.28,0.13,0.09,0
CUST02018,0.2,0.06,0.03,0
CUST02019,0.12,0.03,0.02,0
CUST02020,0.65,0.22,0.17,0
CUST02021,0.13,0.06,0.04,0
CUST02022,0.23,0.07,0.02,0
CUST02023,0.11,0.03,0.02,0
CUST02024,0.45,0.15,0.08,0
CUST02025,0.72,0.38,0.3,0
CUST02026,0.38,0.15,0.06,0
CUST02027,0.2,0.09,0.03,0
CUST02028,0.39,0.1,0.04,0
CUST02029,0.06,0.03,0.02,0
CUST02030,0.2,0.05,0.02,0
CUST02031,0.04,0.02,0.01,0
CUST02032,0.37,0.14,0.06,0
CUST02033,0.06,0.02,0.01,0
CUST02034,0.24,0.06,0.03,0
CUST02035,0.28,0.16,0.09,0
CUST02036,0.47,0.16,0.12,0
CUST02037,0.19,0.08,0.04,0
CUST02038,0.39,0.09,0.06,0
CUST02039,0.19,0.07,0.04,0
CUST02040,0.2,0.08,0.04,0
CUST02041,0.13,0.05,0.04,0
CUST02042,0.29,0.13,0.1,0
CUST02043,0.32,0.15,0.1,0
CUST02044,0.53,0.26,0.2,0
CUST02045,0.3,0.13,0.06,0
CUST02046,0.28,0.11,0.08,0
CUST02047,0.17,0.04,0.02,0
CUST02048,0.31,0.15,0.08,0
CUST02049,0.24,0.06,0.02,0
CUST02050,0.24,0.08,0.06,0
CUST02051,0.42,0.12,0.07,0
CUST02052,0.26,0.09,0.04,0
CUST02053,0.25,0.09,0.05,0
CUST02054,0.46,0.16,0.11,0
CUST02055,0.28,0.09,0.04,0
CUST02056,0.45,0.19,0.13,0
CUST02057,0.16,0.05,0.03,0
CUST02058,0.56,0.3,0.21,0
CUST02059,0.2,0.09,0.06,0
CUST02060,0.73,0.4,0.2,0
CUST02061,0.41,0.18,0.09,0
CUST02062,0.24,0.05,0.02,0
CUST02063,0.14,0.07,0.04,0
CUST02064,0.13,0.05,0.03,0
CUST02065,0.07,0.03,0.02,0
CUST02066,0.22,0.06,0.05,0
CUST02067,0.36,0.17,0.07,0
CUST02068,0.17,0.09,0.06,0
CUST02069,0.1,0.05,0.03,0
CUST02070,0.27,0.12,0.09,0
CUST02071,0.46,0.15,0.09,0
CUST02072,0.55,0.13,0.08,0
CUST02073,0.18,0.11,0.06,0
CUST02074,0.26,0.11,0.06,0
CUST02075,0.59,0.15,0.05,0
CUST02076,0.54,0.22,0.14,0
CUST02077,0.24,0.14,0.08,0
CUST02078,0.14,0.05,0.02,1
CUST02079,0.13,0.05,0.03,0
CUST02080,0.04,0.02,0.01,0
CUST02081,0.24,0.08,0.03,1
CUST02082,0.26,0.08,0.03,0
CUST02083,0.41,0.13,0.09,0
CUST02084,0.11,0.05,0.02,0
CUST02085,0.08,0.03,0.01,0
CUST02086,0.23,0.07,0.03,0
CUST02087,0.37,0.17,0.1,0
CUST02088,0.2,0.07,0.03,1
CUST02089,0.55,0.32,0.12,0
CUST02090,0.24,0.1,0.05,0
CUST02091,0.46,0.16,0.11,0
CUST02092,0.01,0.0,0.0,0
CUST02093,0.14,0.07,0.03,0
CUST02094,0.17,0.05,0.04,0
CUST02095,0.45,0.14,0.11,0
CUST02096,0.28,0.09,0.03,0
CUST02097,0.59,0.27,0.2,0
CUST02098,0.42,0.1,0.08,0
CUST02099,0.28,0.16,0.08,1
CUST02100,0.23,0.08,0.04,0
CUST02101,0.09,0.02,0.01,0
CUST02102,0.38,0.22,0.07,0
CUST02103,0.46,0.14,0.05,0
CUST02104,0.42,0.15,0.08,0
CUST02105,0.47,0.18,0.1,0
CUST02106,0.37,0.12,0.04,0
CUST02107,0.1,0.05,0.02,0
CUST02108,0.57,0.17,0.13,0
CUST02109,0.35,0.16,0.08,0
CUST02110,0.15,0.07,0.04,0
CUST02111,0.13,0.05,0.03,0
CUST02112,0.12,0.05,0.04,0
CUST02113,0.18,0.11,0.06,0
CUST02114,0.26,0.11,0.07,0
CUST02115,0.12,0.05,0.03,0
CUST02116,0.3,0.1,0.07,0
CUST02117,0.2,0.1,0.04,0
CUST02118,0.53,0.31,0.1,0
CUST02119,0.38,0.11,0.08,0
CUST02120,0.18,0.05,0.02,0
CUST02121,0.24,0.06,0.02,0
CUST02122,0.08,0.04,0.02,0
CUST02123,0.16,0.08,0.05,0
CUST02124,0.44,0.1,0.05,0
CUST02125,0.33,0.11,0.09,0
CUST02126,0.18,0.1,0.04,0
CUST02127,0.33,0.11,0.08,0
CUST02128,0.19,0.08,0.04,0
CUST02129,0.69,0.33,0.22,0
CUST02130,0.15,0.06,0.02,0
CUST02131,0.43,0.2,0.09,0
CUST02132,0.17,0.1,0.08,0
CUST02133,0.14,0.04,0.03,0
CUST02134,0.12,0.05,0.04,0
CUST02135,0.32,0.07,0.05,0
CUST02136,0.08,0.04,0.01,0
CUST02137,0.23,0.09,0.06,0
CUST02138,0.29,0.13,0.09,0
CUST02139,0.28,0.15,0.1,0
CUST02140,0.29,0.06,0.03,0
CUST02141,0.22,0.11,0.06,0
CUST02142,0.47,0.22,0.11,0
CUST02143,0.18,0.1,0.07,0
CUST02144,0.27,0.11,0.05,0
CUST02145,0.53,0.15,0.07,0
CUST02146,0.27,0.11,0.04,0
CUST02147,0.08,0.04,0.02,0
CUST02148,0.49,0.12,0.06,0
CUST02149,0.09,0.03,0.02,0
CUST02150,0.23,0.06,0.04,0
CUST02151,0.34,0.15,0.06,0
CUST02152,0.08,0.02,0.01,0
CUST02153,0.34,0.19,0.1,0
CUST02154,0.36,0.12,0.05,0
CUST02155,0.25,0.12,0.05,1
CUST02156,0.42,0.15,0.06,0
CUST02157,0.08,0.02,0.01,0
CUST02158,0.2,0.05,0.03,0
CUST02159,0.23,0.1,0.07,0
CUST02160,0.06,0.02,0.01,0
CUST02161,0.4,0.24,0.14,0
CUST02162,0.1,0.03,0.01,0
CUST02163,0.29,0.07,0.05,0
CUST02164,0.28,0.09,0.06,0
CUST02165,0.1,0.03,0.01,0
CUST02166,0.25,0.1,0.07,0
CUST02167,0.08,0.04,0.02,0
CUST02168,0.16,0.06,0.03,0
CUST02169,0.24,0.12,0.1,0
CUST02170,0.42,0.15,0.05,0
CUST02171,0.02,0.01,0.01,0
CUST02172,0.03,0.01,0.0,0
CUST02173,0.33,0.19,0.1,0
CUST02174,0.34,0.07,0.03,0
CUST02175,0.06,0.03,0.01,0
CUST02176,0.63,0.24,0.18,0
CUST02177,0.12,0.05,0.03,0
CUST02178,0.38,0.18,0.08,0
CUST02179,0.16,0.06,0.02,0
CUST02180,0.31,0.17,0.05,0
CUST02181,0.04,0.02,0.01,0
CUST02182,0.25,0.14,0.1,0
CUST02183,0.41,0.16,0.07,0
CUST02184,0.24,0.13,0.1,0
CUST02185,0.65,0.18,0.13,0
CUST02186,0.42,0.18,0.12,0
CUST02187,0.25,0.1,0.04,0
CUST02188,0.36,0.09,0.05,0
CUST02189,0.1,0.02,0.01,0
CUST02190,0.03,0.01,0.0,0
CUST02191,0.41,0.16,0.12,0
CUST02192,0.27,0.06,0.02,0
CUST02193,0.13,0.05,0.03,0
CUST02194,0.06,0.01,0.01,0
CUST02195,0.33,0.18,0.13,1
CUST02196,0.07,0.02,0.01,0
CUST02197,0.35,0.11,0.05,0
CUST02198,0.08,0.03,0.01,0
CUST02199,0.28,0.07,0.04,0
CUST02200,0.07,0.03,0.02,0
CUST02201,0.53,0.26,0.14,0
CUST02202,0.33,0.14,0.08,0
CUST02203,0.42,0.2,0.11,0
CUST02204,0.25,0.13,0.05,0
CUST02205,0.35,0.17,0.13,0
CUST02206,0.3,0.09,0.05,0
CUST02207,0.23,0.05,0.02,0
CUST02208,0.08,0.02,0.01,0
CUST02209,0.2,0.04,0.02,1
CUST02210,0.29,0.16,0.05,0
CUST02211,0.57,0.27,0.18,0
CUST02212,0.13,0.06,0.02,0
CUST02213,0.06,0.03,0.01,0
CUST02214,0.55,0.3,0.18,0
CUST02215,0.18,0.07,0.05,0
CUST02216,0.26,0.12,0.08,0
CUST02217,0.54,0.22,0.16,0
CUST02218,0.15,0.07,0.05,0
CUST02219,0.65,0.29,0.2,0
CUST02220,0.3,0.06,0.02,1
CUST02221,0.25,0.14,0.05,0
CUST02222,0.35,0.1,0.07,0
CUST02223,0.13,0.03,0.01,0
CUST02224,0.2,0.05,0.03,0
CUST02225,0.06,0.03,0.02,0
CUST02226,0.26,0.14,0.11,0
CUST02227,0.43,0.14,0.05,1
CUST02228,0.45,0.16,0.06,0
CUST02229,0.47,0.26,0.1,0
CUST02230,0.29,0.06,0.04,0
CUST02231,0.49,0.18,0.06,0
CUST02232,0.42,0.09,0.04,0
CUST02233,0.22,0.13,0.04,0
CUST02234,0.36,0.18,0.06,0
CUST02235,0.05,0.02,0.02,0
CUST02236,0.19,0.06,0.05,0
CUST02237,0.12,0.03,0.02,0
CUST02238,0.21,0.05,0.04,0
CUST02239,0.1,0.06,0.04,0
CUST02240,0.12,0.04,0.03,0
CUST02241,0.28,0.07,0.05,0
CUST02242,0.4,0.16,0.08,0
CUST02243,0.22,0.05,0.03,1
CUST02244,0.31,0.11,0.07,0
CUST02245,0.1,0.06,0.03,0
CUST02246,0.33,0.2,0.12,0
CUST02247,0.05,0.01,0.01,0
CUST02248,0.07,0.03,0.01,0
CUST02249,0.47,0.25,0.19,0
CUST02250,0.24,0.09,0.03,0
CUST02251,0.45,0.13,0.09,0
CUST02252,0.41,0.14,0.08,0
CUST02253,0.05,0.03,0.01,0
CUST02254,0.08,0.03,0.02,0
CUST02255,0.16,0.05,0.02,0
CUST02256,0.21,0.13,0.08,0
CUST02257,0.17,0.07,0.04,0
CUST02258,0.03,0.02,0.01,0
CUST02259,0.14,0.07,0.02,0
CUST02260,0.28,0.11,0.05,0
CUST02261,0.34,0.09,0.03,0
CUST02262,0.36,0.21,0.07,0
CUST02263,0.46,0.18,0.11,0
CUST02264,0.28,0.15,0.05,1
CUST02265,0.32,0.15,0.08,0
CUST02266,0.18,0.04,0.01,0
CUST02267,0.46,0.25,0.18,0
CUST02268,0.09,0.05,0.02,0
CUST02269,0.18,0.05,0.03,0
CUST02270,0.2,0.06,0.03,0
CUST02271,0.4,0.09,0.05,0
CUST02272,0.23,0.1,0.04,0
CUST02273,0.43,0.17,0.06,0
CUST02274,0.52,0.26,0.2,0
CUST02275,0.26,0.07,0.03,0
CUST02276,0.33,0.15,0.1,0
CUST02277,0.3,0.17,0.08,0
CUST02278,0.27,0.15,0.09,0
CUST02279,0.05,0.03,0.02,0
CUST02280,0.14,0.04,0.02,0
CUST02281,0.05,0.02,0.01,0
CUST02282,0.35,0.09,0.06,0
CUST02283,0.24,0.11,0.04,0
CUST02284,0.13,0.08,0.04,0
CUST02285,0.06,0.03,0.02,0
CUST02286,0.28,0.12,0.07,0
CUST02287,0.04,0.01,0.01,0
CUST02288,0.09,0.03,0.02,0
CUST02289,0.21,0.04,0.03,0
CUST02290,0.22,0.05,0.02,0
CUST02291,0.6,0.17,0.08,1
CUST02292,0.3,0.18,0.11,0
CUST02293,0.4,0.17,0.09,0
CUST02294,0.28,0.13,0.07,1
CUST02295,0.41,0.13,0.08,0
CUST02296,0.3,0.15,0.1,0
CUST02297,0.13,0.03,0.02,0
CUST02298,0.19,0.1,0.03,0
CUST02299,0.57,0.26,0.09,0
CUST02300,0.35,0.16,0.06,0
CUST02301,0.52,0.15,0.09,0
CUST02302,0.23,0.12,0.08,0
CUST02303,0.21,0.08,0.06,0
CUST02304,0.06,0.03,0.01,0
CUST02305,0.3,0.14,0.07,0
CUST02306,0.52,0.24,0.17,0
CUST02307,0.37,0.21,0.11,0
CUST02308,0.27,0.11,0.05,0
CUST02309,0.55,0.27,0.1,0
CUST02310,0.6,0.14,0.07,0
CUST02311,0.38,0.2,0.1,0
CUST02312,0.57,0.15,0.07,0
CUST02313,0.25,0.13,0.09,0
CUST02314,0.28,0.13,0.07,0
CUST02315,0.29,0.1,0.06,0
CUST02316,0.59,0.35,0.14,0
CUST02317,0.02,0.01,0.01,0
CUST02318,0.17,0.05,0.03,0
CUST02319,0.13,0.05,0.03,0
CUST02320,0.46,0.12,0.1,0
CUST02321,0.29,0.15,0.1,0
CUST02322,0.17,0.05,0.02,0
CUST02323,0.06,0.04,0.03,0
CUST02324,0.09,0.03,0.01,1
CUST02325,0.06,0.01,0.01,0
CUST02326,0.08,0.04,0.03,0
CUST02327,0.4,0.14,0.11,0
CUST02328,0.13,0.04,0.03,0
CUST02329,0.22,0.07,0.04,0
CUST02330,0.11,0.06,0.03,0
CUST02331,0.16,0.08,0.04,0
CUST02332,0.48,0.13,0.05,0
CUST02333,0.3,0.12,0.09,0
CUST02334,0.26,0.11,0.05,0
CUST02335,0.35,0.07,0.03,0
CUST02336,0.33,0.14,0.07,0
CUST02337,0.12,0.06,0.02,0
CUST02338,0.2,0.12,0.05,0
CUST02339,0.71,0.18,0.07,0
CUST02340,0.22,0.09,0.05,0
CUST02341,0.22,0.13,0.07,0
CUST02342,0.26,0.07,0.04,0
CUST02343,0.41,0.14,0.06,1
CUST02344,0.38,0.21,0.07,1
CUST02345,0.45,0.16,0.07,0
CUST02346,0.02,0.01,0.01,0
CUST02347,0.5,0.17,0.11,0
CUST02348,0.06,0.02,0.01,0
CUST02349,0.13,0.03,0.02,0
CUST02350,0.48,0.19,0.09,0
CUST02351,0.3,0.1,0.03,0
CUST02352,0.17,0.08,0.06,0
CUST02353,0.62,0.17,0.09,0
CUST02354,0.14,0.05,0.02,0
CUST02355,0.42,0.09,0.05,0
CUST02356,0.32,0.16,0.07,0
CUST02357,0.08,0.03,0.01,0
CUST02358,0.05,0.02,0.01,0
CUST02359,0.46,0.26,0.12,0
CUST02360,0.22,0.13,0.05,0
CUST02361,0.22,0.06,0.03,0
CUST02362,0.07,0.03,0.02,0
CUST02363,0.45,0.13,0.06,0
CUST02364,0.33,0.2,0.16,0
CUST02365,0.26,0.06,0.05,0
CUST02366,0.37,0.15,0.11,0
CUST02367,0.15,0.07,0.04,0
CUST02368,0.45,0.23,0.11,0
CUST02369,0.56,0.12,0.07,0
CUST02370,0.24,0.08,0.05,0
CUST02371,0.27,0.13,0.07,0
CUST02372,0.24,0.08,0.04,0
CUST02373,0.41,0.14,0.09,0
CUST02374,0.09,0.05,0.03,0
CUST02375,0.36,0.11,0.06,0
CUST02376,0.47,0.14,0.05,0
CUST02377,0.42,0.15,0.1,0
CUST02378,0.28,0.11,0.08,0
CUST02379,0.19,0.09,0.03,0
CUST02380,0.05,0.01,0.0,0
CUST02381,0.33,0.16,0.07,0
CUST02382,0.21,0.09,0.06,0
CUST02383,0.22,0.12,0.04,0
CUST02384,0.57,0.18,0.05,0
CUST02385,0.38,0.1,0.06,0
CUST02386,0.43,0.11,0.06,0
CUST02387,0.09,0.03,0.01,0
CUST02388,0.46,0.26,0.17,0
CUST02389,0.19,0.09,0.05,0
CUST02390,0.46,0.17,0.08,0
CUST02391,0.16,0.04,0.01,0
CUST02392,0.49,0.14,0.1,0
CUST02393,0.04,0.01,0.01,0
CUST02394,0.22,0.05,0.03,0
CUST02395,0.45,0.16,0.07,0
CUST02396,0.51,0.16,0.07,0
CUST02397,0.18,0.04,0.03,1
CUST02398,0.12,0.03,0.02,0
CUST02399,0.58,0.17,0.12,0
CUST02400,0.27,0.07,0.04,0
CUST02401,0.42,0.23,0.15,0
CUST02402,0.13,0.06,0.02,1
CUST02403,0.06,0.02,0.01,0
CUST02404,0.29,0.08,0.05,0
CUST02405,0.22,0.05,0.03,1
CUST02406,0.36,0.17,0.13,0
CUST02407,0.6,0.16,0.08,0
CUST02408,0.17,0.08,0.05,0
CUST02409,0.32,0.1,0.05,0
CUST02410,0.1,0.04,0.03,0
CUST02411,0.2,0.11,0.08,0
CUST02412,0.62,0.22,0.15,0
CUST02413,0.18,0.08,0.04,0
CUST02414,0.39,0.12,0.05,0
CUST02415,0.2,0.08,0.03,0
CUST02416,0.1,0.05,0.04,0
CUST02417,0.22,0.1,0.06,0
CUST02418,0.19,0.07,0.05,0
CUST02419,0.46,0.13,0.05,0
CUST02420,0.29,0.13,0.1,0
CUST02421,0.45,0.26,0.21,0
CUST02422,0.67,0.37,0.23,0
CUST02423,0.4,0.18,0.08,0
CUST02424,0.22,0.05,0.03,1
CUST02425,0.18,0.08,0.06,1
CUST02426,0.36,0.2,0.07,0
CUST02427,0.22,0.09,0.04,0
CUST02428,0.29,0.16,0.08,0
CUST02429,0.27,0.16,0.05,0
CUST02430,0.07,0.03,0.02,0
CUST02431,0.19,0.08,0.03,1
CUST02432,0.52,0.13,0.04,0
CUST02433,0.18,0.06,0.04,0
CUST02434,0.24,0.05,0.04,0
CUST02435,0.06,0.02,0.01,0
CUST02436,0.11,0.04,0.02,0
CUST02437,0.19,0.06,0.03,0
CUST02438,0.23,0.06,0.04,0
CUST02439,0.37,0.16,0.1,0
CUST02440,0.28,0.09,0.05,0
CUST02441,0.06,0.02,0.01,0
CUST02442,0.4,0.18,0.1,0
CUST02443,0.12,0.06,0.02,0
CUST02444,0.1,0.05,0.02,0
CUST02445,0.21,0.08,0.04,0
CUST02446,0.41,0.1,0.07,0
CUST02447,0.37,0.11,0.06,0
CUST02448,0.39,0.14,0.06,0
CUST02449,0.32,0.08,0.03,0
CUST02450,0.36,0.12,0.06,0
CUST02451,0.25,0.09,0.06,0
CUST02452,0.12,0.03,0.02,0
CUST02453,0.38,0.14,0.06,0
CUST02454,0.2,0.08,0.03,0
CUST02455,0.56,0.15,0.09,0
CUST02456,0.52,0.16,0.1,0
CUST02457,0.11,0.03,0.02,0
CUST02458,0.21,0.12,0.09,0
CUST02459,0.11,0.03,0.01,0
CUST02460,0.24,0.05,0.03,0
CUST02461,0.17,0.06,0.03,0
CUST02462,0.05,0.02,0.02,0
CUST02463,0.07,0.01,0.01,0
CUST02464,0.41,0.08,0.03,0
CUST02465,0.24,0.12,0.05,0
CUST02466,0.05,0.01,0.01,0
CUST02467,0.4,0.17,0.08,0
CUST02468,0.36,0.16,0.11,0
CUST02469,0.13,0.05,0.04,0
CUST02470,0.08,0.02,0.01,0
CUST02471,0.28,0.14,0.06,0
CUST02472,0.26,0.06,0.05,0
CUST02473,0.62,0.18,0.07,0
CUST02474,0.14,0.03,0.02,0
CUST02475,0.45,0.18,0.09,0
CUST02476,0.31,0.08,0.04,0
CUST02477,0.05,0.03,0.01,0
CUST02478,0.22,0.09,0.04,0
CUST02479,0.48,0.15,0.11,0
CUST02480,0.14,0.05,0.02,0
CUST02481,0.11,0.04,0.03,0
CUST02482,0.24,0.05,0.03,0
CUST02483,0.14,0.07,0.03,0
CUST02484,0.21,0.09,0.04,0
CUST02485,0.15,0.04,0.03,0
CUST02486,0.2,0.09,0.07,0
CUST02487,0.06,0.01,0.0,0
CUST02488,0.48,0.2,0.08,0
CUST02489,0.17,0.06,0.02,0
CUST02490,0.1,0.04,0.03,0
CUST02491,0.34,0.1,0.04,0
CUST02492,0.77,0.42,0.27,0
CUST02493,0.24,0.13,0.04,0
CUST02494,0.11,0.03,0.02,1
CUST02495,0.17,0.07,0.05,0
CUST02496,0.34,0.15,0.09,0
CUST02497,0.19,0.08,0.03,0
CUST02498,0.15,0.08,0.04,0
CUST02499,0.33,0.1,0.03,0
CUST02500,0.23,0.07,0.03,0
CUST02501,0.02,0.0,0.0,0
CUST02502,0.22,0.09,0.05,0
CUST02503,0.48,0.22,0.08,0
CUST02504,0.25,0.13,0.1,0
CUST02505,0.28,0.1,0.06,0
CUST02506,0.19,0.08,0.04,0
CUST02507,0.12,0.06,0.02,0
CUST02508,0.32,0.13,0.05,0
CUST02509,0.06,0.02,0.01,0
CUST02510,0.42,0.14,0.06,0
CUST02511,0.11,0.02,0.01,0
CUST02512,0.5,0.21,0.16,0
CUST02513,0.16,0.06,0.05,0
CUST02514,0.14,0.05,0.04,0
CUST02515,0.2,0.08,0.06,1
CUST02516,0.12,0.05,0.03,0
CUST02517,0.11,0.06,0.03,0
CUST02518,0.14,0.05,0.02,0
CUST02519,0.21,0.11,0.04,0
CUST02520,0.06,0.03,0.02,0
CUST02521,0.24,0.08,0.03,0
CUST02522,0.5,0.22,0.11,0
CUST02523,0.32,0.12,0.04,0
CUST02524,0.11,0.04,0.02,0
CUST02525,0.19,0.09,0.06,0
CUST02526,0.16,0.04,0.02,0
CUST02527,0.31,0.17,0.08,0
CUST02528,0.25,0.12,0.07,0
CUST02529,0.32,0.1,0.06,0
CUST02530,0.24,0.09,0.04,0
CUST02531,0.35,0.13,0.06,0
CUST02532,0.51,0.3,0.18,0
CUST02533,0.13,0.03,0.01,0
CUST02534,0.37,0.14,0.07,0
CUST02535,0.15,0.08,0.05,0
CUST02536,0.4,0.13,0.05,0
CUST02537,0.37,0.15,0.09,0
CUST02538,0.64,0.31,0.17,0
CUST02539,0.44,0.14,0.11,0
CUST02540,0.65,0.17,0.13,0
CUST02541,0.3,0.16,0.12,0
CUST02542,0.13,0.03,0.02,0
CUST02543,0.04,0.02,0.01,0
CUST02544,0.3,0.06,0.04,0
CUST02545,0.16,0.07,0.04,0
CUST02546,0.24,0.07,0.04,0
CUST02547,0.39,0.11,0.08,0
CUST02548,0.09,0.04,0.02,0
CUST02549,0.35,0.13,0.07,0
CUST02550,0.23,0.11,0.06,0
CUST02551,0.36,0.22,0.13,0
CUST02552,0.36,0.16,0.12,0
CUST02553,0.36,0.11,0.08,0
CUST02554,0.26,0.15,0.1,0
CUST02555,0.31,0.14,0.06,0
CUST02556,0.35,0.16,0.12,0
CUST02557,0.16,0.06,0.03,0
CUST02558,0.16,0.04,0.03,0
CUST02559,0.3,0.09,0.05,0
CUST02560,0.2,0.11,0.07,0
CUST02561,0.36,0.08,0.06,0
CUST02562,0.24,0.06,0.05,0
CUST02563,0.19,0.07,0.02,0
CUST02564,0.22,0.12,0.04,0
CUST02565,0.21,0.09,0.04,0
CUST02566,0.29,0.14,0.09,0
CUST02567,0.39,0.08,0.06,0
CUST02568,0.58,0.3,0.2,0
CUST02569,0.54,0.15,0.05,0
CUST02570,0.35,0.07,0.02,0
CUST02571,0.44,0.13,0.1,0
CUST02572,0.1,0.04,0.01,0
CUST02573,0.37,0.1,0.05,0
CUST02574,0.56,0.32,0.17,0
CUST02575,0.01,0.01,0.01,0
CUST02576,0.21,0.04,0.02,0
CUST02577,0.51,0.16,0.06,0
CUST02578,0.21,0.1,0.07,0
CUST02579,0.17,0.07,0.04,0
CUST02580,0.11,0.05,0.03,0
CUST02581,0.28,0.14,0.05,0
CUST02582,0.13,0.03,0.02,0
CUST02583,0.3,0.15,0.11,0
CUST02584,0.16,0.07,0.04,0
CUST02585,0.55,0.23,0.18,0
CUST02586,0.48,0.17,0.07,0
CUST02587,0.7,0.39,0.18,0
CUST02588,0.05,0.01,0.01,0
CUST02589,0.65,0.18,0.08,0
CUST02590,0.14,0.03,0.01,0
CUST02591,0.23,0.07,0.05,0
CUST02592,0.32,0.14,0.07,0
CUST02593,0.15,0.09,0.03,0
CUST02594,0.38,0.18,0.07,0
CUST02595,0.19,0.07,0.05,0
CUST02596,0.28,0.08,0.03,0
CUST02597,0.15,0.05,0.02,0
CUST02598,0.38,0.08,0.03,0
CUST02599,0.37,0.12,0.07,0
CUST02600,0.43,0.23,0.12,0
CUST02601,0.02,0.0,0.0,0
CUST02602,0.49,0.21,0.07,0
CUST02603,0.52,0.21,0.13,0
CUST02604,0.46,0.16,0.11,0
CUST02605,0.2,0.07,0.03,0
CUST02606,0.27,0.15,0.07,0
CUST02607,0.44,0.2,0.14,0
CUST02608,0.13,0.06,0.04,0
CUST02609,0.51,0.14,0.05,0
CUST02610,0.56,0.27,0.17,0
CUST02611,0.25,0.1,0.08,0
CUST02612,0.32,0.11,0.09,0
CUST02613,0.09,0.05,0.03,1
CUST02614,0.23,0.08,0.03,0
CUST02615,0.27,0.14,0.11,0
CUST02616,0.18,0.05,0.02,0
CUST02617,0.2,0.09,0.06,0
CUST02618,0.45,0.23,0.11,0
CUST02619,0.6,0.21,0.1,0
CUST02620,0.34,0.09,0.05,0
CUST02621,0.38,0.11,0.06,0
CUST02622,0.23,0.06,0.03,0
CUST02623,0.32,0.18,0.07,0
CUST02624,0.16,0.1,0.08,0
CUST02625,0.27,0.16,0.11,0
CUST02626,0.16,0.05,0.02,0
CUST02627,0.37,0.1,0.07,0
CUST02628,0.28,0.16,0.12,0
CUST02629,0.07,0.03,0.01,0
CUST02630,0.3,0.1,0.07,0
CUST02631,0.22,0.07,0.02,0
CUST02632,0.21,0.07,0.03,0
CUST02633,0.37,0.16,0.11,0
CUST02634,0.34,0.15,0.11,0
CUST02635,0.23,0.06,0.03,0
CUST02636,0.14,0.04,0.03,0
CUST02637,0.4,0.09,0.05,0
CUST02638,0.39,0.12,0.06,1
CUST02639,0.33,0.12,0.09,0
CUST02640,0.09,0.03,0.02,0
CUST02641,0.54,0.12,0.06,0
CUST02642,0.12,0.07,0.05,0
CUST02643,0.47,0.28,0.15,0
CUST02644,0.19,0.1,0.04,0
CUST02645,0.19,0.11,0.08,0
CUST02646,0.48,0.15,0.07,0
CUST02647,0.14,0.06,0.04,0
CUST02648,0.27,0.16,0.05,0
CUST02649,0.13,0.07,0.03,0
CUST02650,0.34,0.07,0.05,0
CUST02651,0.48,0.13,0.1,0
CUST02652,0.08,0.04,0.02,0
CUST02653,0.43,0.19,0.14,0
CUST02654,0.23,0.05,0.04,0
CUST02655,0.47,0.15,0.08,0
CUST02656,0.37,0.08,0.05,0
CUST02657,0.19,0.11,0.05,0
CUST02658,0.85,0.22,0.13,0
CUST02659,0.29,0.06,0.04,0
CUST02660,0.4,0.18,0.1,0
CUST02661,0.19,0.08,0.05,0
CUST02662,0.84,0.27,0.1,0
CUST02663,0.38,0.22,0.1,0
CUST02664,0.36,0.13,0.08,0
CUST02665,0.2,0.08,0.04,0
CUST02666,0.11,0.03,0.01,0
CUST02667,0.19,0.09,0.06,0
CUST02668,0.45,0.15,0.12,0
CUST02669,0.05,0.02,0.01,0
CUST02670,0.15,0.04,0.02,0
CUST02671,0.4,0.16,0.09,0
CUST02672,0.09,0.05,0.03,0
CUST02673,0.26,0.12,0.08,0
CUST02674,0.26,0.07,0.04,0
CUST02675,0.15,0.07,0.05,0
CUST02676,0.31,0.09,0.06,0
CUST02677,0.46,0.15,0.1,0
CUST02678,0.28,0.09,0.04,0
CUST02679,0.26,0.09,0.03,0
CUST02680,0.45,0.17,0.13,0
CUST02681,0.2,0.09,0.06,0
CUST02682,0.11,0.05,0.02,0
CUST02683,0.19,0.06,0.03,0
CUST02684,0.16,0.05,0.04,0
CUST02685,0.54,0.25,0.1,0
CUST02686,0.03,0.01,0.0,0
CUST02687,0.16,0.09,0.04,0
CUST02688,0.56,0.2,0.09,1
CUST02689,0.36,0.08,0.04,0
CUST02690,0.16,0.08,0.03,0
CUST02691,0.23,0.08,0.05,0
CUST02692,0.06,0.03,0.02,0
CUST02693,0.04,0.02,0.01,0
CUST02694,0.07,0.04,0.01,0
CUST02695,0.16,0.03,0.02,0
CUST02696,0.16,0.05,0.03,0
CUST02697,0.08,0.03,0.02,0
CUST02698,0.44,0.24,0.09,0
CUST02699,0.28,0.17,0.1,0
CUST02700,0.25,0.07,0.02,0
CUST02701,0.41,0.09,0.06,0
CUST02702,0.52,0.27,0.13,0
CUST02703,0.06,0.02,0.02,0
CUST02704,0.36,0.08,0.06,0
CUST02705,0.47,0.21,0.14,0
CUST02706,0.24,0.06,0.02,0
CUST02707,0.46,0.13,0.09,0
CUST02708,0.31,0.17,0.09,0
CUST02709,0.24,0.1,0.04,0
CUST02710,0.66,0.26,0.2,0
CUST02711,0.17,0.06,0.02,0
CUST02712,0.13,0.06,0.05,0
CUST02713,0.17,0.05,0.02,0
CUST02714,0.14,0.06,0.04,0
CUST02715,0.22,0.09,0.04,0
CUST02716,0.43,0.25,0.16,0
CUST02717,0.11,0.04,0.02,0
CUST02718,0.25,0.14,0.07,0
CUST02719,0.55,0.17,0.09,0
CUST02720,0.18,0.1,0.06,0
CUST02721,0.07,0.04,0.02,0
CUST02722,0.31,0.14,0.06,0
CUST02723,0.22,0.12,0.06,0
CUST02724,0.18,0.06,0.03,0
CUST02725,0.29,0.09,0.04,0
CUST02726,0.59,0.28,0.18,0
CUST02727,0.16,0.06,0.04,0
CUST02728,0.08,0.04,0.02,0
CUST02729,0.34,0.16,0.05,0
CUST02730,0.16,0.04,0.02,0
CUST02731,0.28,0.1,0.06,0
CUST02732,0.17,0.1,0.03,0
CUST02733,0.04,0.01,0.01,0
CUST02734,0.59,0.32,0.17,0
CUST02735,0.46,0.2,0.06,0
CUST02736,0.15,0.05,0.02,0
CUST02737,0.32,0.1,0.06,0
CUST02738,0.31,0.14,0.07,0
CUST02739,0.07,0.02,0.01,0
CUST02740,0.12,0.05,0.04,0
CUST02741,0.32,0.09,0.05,0
CUST02742,0.15,0.08,0.06,0
CUST02743,0.38,0.21,0.16,0
CUST02744,0.36,0.2,0.07,0
CUST02745,0.11,0.05,0.03,1
CUST02746,0.38,0.11,0.05,0
CUST02747,0.29,0.14,0.07,0
CUST02748,0.33,0.15,0.09,0
CUST02749,0.7,0.26,0.13,0
CUST02750,0.16,0.07,0.05,0
CUST02751,0.09,0.03,0.02,0
CUST02752,0.03,0.02,0.01,0
CUST02753,0.2,0.08,0.05,0
CUST02754,0.11,0.05,0.02,0
CUST02755,0.48,0.14,0.06,0
CUST02756,0.22,0.09,0.06,0
CUST02757,0.52,0.13,0.08,0
CUST02758,0.05,0.01,0.0,0
CUST02759,0.21,0.07,0.03,0
CUST02760,0.1,0.03,0.02,0
CUST02761,0.34,0.16,0.11,0
CUST02762,0.46,0.27,0.18,0
CUST02763,0.35,0.17,0.1,0
CUST02764,0.4,0.17,0.13,0
CUST02765,0.3,0.14,0.09,0
CUST02766,0.45,0.17,0.13,0
CUST02767,0.49,0.16,0.08,0
CUST02768,0.42,0.23,0.13,0
CUST02769,0.23,0.13,0.04,0
CUST02770,0.53,0.25,0.16,0
CUST02771,0.45,0.12,0.04,0
CUST02772,0.25,0.11,0.04,0
CUST02773,0.45,0.26,0.21,0
CUST02774,0.1,0.03,0.02,0
CUST02775,0.56,0.24,0.16,0
CUST02776,0.37,0.21,0.15,0
CUST02777,0.15,0.09,0.07,0
CUST02778,0.32,0.17,0.09,0
CUST02779,0.23,0.09,0.05,0
CUST02780,0.11,0.03,0.02,0
CUST02781,0.49,0.13,0.05,0
CUST02782,0.53,0.22,0.15,0
CUST02783,0.08,0.05,0.03,0
CUST02784,0.42,0.16,0.05,0
CUST02785,0.3,0.16,0.12,0
CUST02786,0.66,0.2,0.15,0
CUST02787,0.43,0.17,0.13,0
CUST02788,0.35,0.11,0.05,0
CUST02789,0.18,0.08,0.05,0
CUST02790,0.45,0.13,0.08,1
CUST02791,0.21,0.12,0.09,0
CUST02792,0.11,0.04,0.02,0
CUST02793,0.54,0.18,0.06,0
CUST02794,0.12,0.07,0.03,0
CUST02795,0.12,0.06,0.04,0
CUST02796,0.16,0.09,0.03,0
CUST02797,0.35,0.16,0.05,0
CUST02798,0.01,0.0,0.0,0
CUST02799,0.54,0.27,0.11,0
CUST02800,0.32,0.12,0.06,0
CUST02801,0.38,0.11,0.04,0
CUST02802,0.14,0.05,0.02,0
CUST02803,0.36,0.09,0.04,0
CUST02804,0.32,0.13,0.04,0
CUST02805,0.15,0.05,0.02,0
CUST02806,0.26,0.09,0.04,0
CUST02807,0.65,0.16,0.1,0
CUST02808,0.29,0.07,0.04,0
CUST02809,0.35,0.11,0.09,0
CUST02810,0.09,0.03,0.01,0
CUST02811,0.33,0.17,0.07,0
CUST02812,0.71,0.3,0.21,0
CUST02813,0.27,0.13,0.06,0
CUST02814,0.18,0.1,0.05,0
CUST02815,0.07,0.03,0.02,0
CUST02816,0.35,0.08,0.03,0
CUST02817,0.14,0.08,0.03,0
CUST02818,0.11,0.04,0.02,0
CUST02819,0.16,0.04,0.02,0
CUST02820,0.55,0.16,0.09,0
CUST02821,0.25,0.1,0.07,0
CUST02822,0.13,0.07,0.05,0
CUST02823,0.39,0.14,0.11,0
CUST02824,0.17,0.08,0.04,0
CUST02825,0.25,0.1,0.07,0
CUST02826,0.17,0.04,0.02,0
CUST02827,0.33,0.19,0.12,0
CUST02828,0.31,0.07,0.06,0
CUST02829,0.48,0.28,0.16,0
CUST02830,0.28,0.07,0.04,0
CUST02831,0.18,0.09,0.05,0
CUST02832,0.34,0.08,0.03,0
CUST02833,0.2,0.12,0.08,0
CUST02834,0.15,0.08,0.05,0
CUST02835,0.06,0.03,0.02,0
CUST02836,0.34,0.11,0.07,0
CUST02837,0.22,0.08,0.06,1
CUST02838,0.19,0.05,0.03,0
CUST02839,0.46,0.13,0.06,1
CUST02840,0.15,0.06,0.03,0
CUST02841,0.45,0.25,0.12,1
CUST02842,0.23,0.05,0.03,0
CUST02843,0.16,0.04,0.02,0
CUST02844,0.17,0.1,0.07,1
CUST02845,0.22,0.06,0.04,0
CUST02846,0.31,0.06,0.04,0
CUST02847,0.63,0.22,0.16,0
CUST02848,0.56,0.21,0.09,0
CUST02849,0.15,0.07,0.04,0
CUST02850,0.27,0.08,0.06,0
CUST02851,0.34,0.11,0.07,0
CUST02852,0.34,0.12,0.06,0
CUST02853,0.31,0.12,0.05,0
CUST02854,0.32,0.14,0.08,0
CUST02855,0.61,0.35,0.25,0
CUST02856,0.62,0.18,0.06,0
CUST02857,0.18,0.09,0.04,0
CUST02858,0.17,0.04,0.03,0
CUST02859,0.18,0.1,0.03,0
CUST02860,0.58,0.19,0.1,0
CUST02861,0.64,0.18,0.11,0
CUST02862,0.78,0.21,0.14,0
CUST02863,0.42,0.24,0.17,0
CUST02864,0.45,0.26,0.16,0
CUST02865,0.16,0.08,0.05,0
CUST02866,0.4,0.11,0.09,0
CUST02867,0.49,0.1,0.06,0
CUST02868,0.34,0.09,0.03,0
CUST02869,0.26,0.08,0.05,0
CUST02870,0.38,0.08,0.03,0
CUST02871,0.11,0.03,0.02,0
CUST02872,0.27,0.07,0.04,0
CUST02873,0.56,0.27,0.12,0
CUST02874,0.22,0.07,0.03,0
CUST02875,0.19,0.09,0.03,0
CUST02876,0.45,0.09,0.05,0
CUST02877,0.3,0.09,0.03,1
CUST02878,0.6,0.28,0.22,0
CUST02879,0.2,0.09,0.06,0
CUST02880,0.55,0.17,0.09,0
CUST02881,0.39,0.12,0.08,0
CUST02882,0.08,0.04,0.02,0
CUST02883,0.1,0.03,0.02,0
CUST02884,0.39,0.23,0.11,0
CUST02885,0.57,0.22,0.1,0
CUST02886,0.26,0.15,0.07,0
CUST02887,0.41,0.09,0.05,0
CUST02888,0.02,0.01,0.0,0
CUST02889,0.48,0.28,0.14,0
CUST02890,0.21,0.05,0.02,1
CUST02891,0.34,0.15,0.1,1
CUST02892,0.19,0.04,0.02,0
CUST02893,0.61,0.28,0.09,0
CUST02894,0.65,0.26,0.13,0
CUST02895,0.52,0.13,0.05,0
CUST02896,0.6,0.27,0.13,0
CUST02897,0.41,0.15,0.05,0
CUST02898,0.27,0.11,0.07,0
CUST02899,0.21,0.06,0.03,0
CUST02900,0.27,0.14,0.04,0
CUST02901,0.05,0.01,0.0,0
CUST02902,0.39,0.17,0.07,0
CUST02903,0.26,0.09,0.06,1
CUST02904,0.28,0.11,0.06,0
CUST02905,0.04,0.02,0.01,0
CUST02906,0.18,0.05,0.02,0
CUST02907,0.5,0.12,0.09,0
CUST02908,0.16,0.06,0.04,0
CUST02909,0.45,0.26,0.21,0
CUST02910,0.09,0.04,0.02,0
CUST02911,0.28,0.09,0.03,1
CUST02912,0.74,0.16,0.12,0
CUST02913,0.04,0.01,0.01,0
CUST02914,0.19,0.09,0.03,0
CUST02915,0.42,0.13,0.05,0
CUST02916,0.3,0.12,0.04,0
CUST02917,0.12,0.07,0.04,0
CUST02918,0.11,0.07,0.03,0
CUST02919,0.1,0.04,0.02,0
CUST02920,0.54,0.31,0.12,0
CUST02921,0.29,0.16,0.05,0
CUST02922,0.49,0.15,0.11,0
CUST02923,0.41,0.2,0.11,0
CUST02924,0.47,0.12,0.08,0
CUST02925,0.06,0.04,0.03,0
CUST02926,0.43,0.23,0.13,0
CUST02927,0.6,0.16,0.11,0
CUST02928,0.21,0.12,0.04,0
CUST02929,0.15,0.07,0.04,0
CUST02930,0.23,0.07,0.03,0
CUST02931,0.2,0.05,0.03,0
CUST02932,0.2,0.11,0.05,0
CUST02933,0.17,0.06,0.03,0
CUST02934,0.3,0.17,0.07,0
CUST02935,0.23,0.14,0.08,0
CUST02936,0.16,0.06,0.03,0
CUST02937,0.19,0.04,0.01,0
CUST02938,0.42,0.09,0.04,0
CUST02939,0.37,0.08,0.04,0
CUST02940,0.4,0.13,0.07,0
CUST02941,0.42,0.22,0.08,0
CUST02942,0.29,0.15,0.12,0
CUST02943,0.08,0.04,0.03,0
CUST02944,0.22,0.13,0.04,0
CUST02945,0.2,0.04,0.02,0
CUST02946,0.24,0.13,0.05,0
CUST02947,0.25,0.1,0.05,0
CUST02948,0.46,0.19,0.13,0
CUST02949,0.44,0.13,0.07,0
CUST02950,0.32,0.13,0.09,0
CUST02951,0.34,0.09,0.06,0
CUST02952,0.21,0.07,0.03,0
CUST02953,0.36,0.21,0.08,0
CUST02954,0.29,0.12,0.08,0
CUST02955,0.41,0.18,0.09,0
CUST02956,0.36,0.14,0.05,0
CUST02957,0.05,0.02,0.01,0
CUST02958,0.39,0.09,0.05,0
CUST02959,0.16,0.09,0.05,0
CUST02960,0.12,0.06,0.05,0
CUST02961,0.18,0.1,0.06,0
CUST02962,0.3,0.11,0.05,0
CUST02963,0.4,0.16,0.07,0
CUST02964,0.26,0.11,0.05,0
CUST02965,0.22,0.08,0.04,0
CUST02966,0.4,0.08,0.06,0
CUST02967,0.32,0.08,0.06,0
CUST02968,0.62,0.23,0.08,0
CUST02969,0.37,0.18,0.06,0
CUST02970,0.06,0.02,0.01,0
CUST02971,0.55,0.19,0.15,0
CUST02972,0.29,0.13,0.1,0
CUST02973,0.27,0.12,0.06,0
CUST02974,0.01,0.0,0.0,0
CUST02975,0.27,0.12,0.04,0
CUST02976,0.35,0.19,0.14,0
CUST02977,0.51,0.19,0.1,0
CUST02978,0.31,0.08,0.03,0
CUST02979,0.29,0.08,0.05,0
CUST02980,0.58,0.29,0.13,0
CUST02981,0.54,0.17,0.12,0
CUST02982,0.58,0.34,0.11,0
CUST02983,0.27,0.13,0.05,0
CUST02984,0.25,0.08,0.05,0
CUST02985,0.43,0.1,0.03,0
CUST02986,0.25,0.12,0.07,0
CUST02987,0.49,0.18,0.07,0
CUST02988,0.35,0.17,0.07,0
CUST02989,0.48,0.23,0.15,0
CUST02990,0.03,0.01,0.01,0
CUST02991,0.07,0.02,0.01,0
CUST02992,0.29,0.13,0.06,0
CUST02993,0.31,0.07,0.05,0
CUST02994,0.27,0.15,0.11,0
CUST02995,0.07,0.04,0.02,0
CUST02996,0.32,0.17,0.08,0
CUST02997,0.47,0.25,0.15,0
CUST02998,0.21,0.1,0.06,0
CUST02999,0.43,0.11,0.07,0
CUST03000,0.52,0.22,0.07,0
CUST03001,0.42,0.11,0.05,0
CUST03002,0.07,0.03,0.02,0
CUST03003,0.21,0.06,0.03,0
CUST03004,0.16,0.04,0.03,0
CUST03005,0.2,0.04,0.03,0
CUST03006,0.3,0.14,0.06,0
CUST03007,0.32,0.07,0.05,0
CUST03008,0.33,0.11,0.04,0
CUST03009,0.19,0.09,0.03,0
CUST03010,0.61,0.19,0.1,1
CUST03011,0.21,0.12,0.05,1
CUST03012,0.47,0.24,0.15,1
CUST03013,0.13,0.06,0.03,0
CUST03014,0.27,0.16,0.12,0
CUST03015,0.57,0.32,0.17,0
CUST03016,0.1,0.03,0.01,0
CUST03017,0.18,0.1,0.03,0
CUST03018,0.11,0.03,0.01,0
CUST03019,0.29,0.12,0.05,0
CUST03020,0.53,0.22,0.14,0
CUST03021,0.7,0.34,0.19,0
CUST03022,0.17,0.1,0.07,0
CUST03023,0.31,0.17,0.12,0
CUST03024,0.18,0.06,0.04,0
CUST03025,0.34,0.13,0.06,0
CUST03026,0.18,0.06,0.04,0
CUST03027,0.11,0.04,0.03,0
CUST03028,0.09,0.04,0.02,0
CUST03029,0.43,0.14,0.08,0
CUST03030,0.14,0.07,0.05,0
CUST03031,0.33,0.19,0.11,0
CUST03032,0.3,0.08,0.03,0
CUST03033,0.19,0.05,0.03,0
CUST03034,0.42,0.16,0.12,0
CUST03035,0.48,0.12,0.05,0
CUST03036,0.24,0.12,0.06,0
CUST03037,0.3,0.14,0.05,0
CUST03038,0.14,0.03,0.02,0
CUST03039,0.51,0.18,0.1,0
CUST03040,0.22,0.08,0.04,0
CUST03041,0.08,0.04,0.02,0
CUST03042,0.09,0.03,0.02,0
CUST03043,0.51,0.17,0.12,0
CUST03044,0.52,0.11,0.07,0
CUST03045,0.47,0.27,0.08,0
CUST03046,0.06,0.01,0.01,0
CUST03047,0.38,0.16,0.07,0
CUST03048,0.2,0.1,0.07,0
CUST03049,0.4,0.11,0.07,0
CUST03050,0.41,0.23,0.07,0
CUST03051,0.25,0.06,0.03,1
CUST03052,0.1,0.03,0.01,0
CUST03053,0.08,0.03,0.01,0
CUST03054,0.27,0.11,0.09,0
CUST03055,0.45,0.21,0.13,0
CUST03056,0.25,0.1,0.05,0
CUST03057,0.17,0.06,0.02,0
CUST03058,0.49,0.16,0.05,0
CUST03059,0.29,0.1,0.04,0
CUST03060,0.21,0.08,0.06,0
CUST03061,0.52,0.21,0.09,0
CUST03062,0.29,0.09,0.07,0
CUST03063,0.32,0.1,0.05,0
CUST03064,0.09,0.03,0.02,0
CUST03065,0.21,0.05,0.03,0
CUST03066,0.25,0.13,0.1,0
CUST03067,0.51,0.21,0.12,0
CUST03068,0.05,0.02,0.01,0
CUST03069,0.22,0.08,0.03,0
CUST03070,0.33,0.12,0.05,0
CUST03071,0.65,0.17,0.06,0
CUST03072,0.65,0.27,0.11,0
CUST03073,0.52,0.13,0.08,0
CUST03074,0.27,0.08,0.06,0
CUST03075,0.47,0.14,0.07,0
CUST03076,0.42,0.13,0.09,0
CUST03077,0.11,0.06,0.04,0
CUST03078,0.41,0.23,0.18,0
CUST03079,0.12,0.05,0.02,0
CUST03080,0.62,0.23,0.17,0
CUST03081,0.5,0.23,0.16,1
CUST03082,0.24,0.06,0.03,0
CUST03083,0.58,0.21,0.08,0
CUST03084,0.3,0.14,0.07,0
CUST03085,0.21,0.08,0.03,0
CUST03086,0.51,0.29,0.12,0
CUST03087,0.47,0.14,0.06,0
CUST03088,0.16,0.09,0.04,0
CUST03089,0.09,0.03,0.01,0
CUST03090,0.15,0.03,0.02,0
CUST03091,0.28,0.06,0.03,0
CUST03092,0.12,0.03,0.01,0
CUST03093,0.2,0.07,0.04,0
CUST03094,0.34,0.17,0.11,0
CUST03095,0.23,0.09,0.05,0
CUST03096,0.2,0.11,0.05,0
CUST03097,0.25,0.06,0.04,0
CUST03098,0.09,0.04,0.02,1
CUST03099,0.27,0.14,0.08,0
CUST03100,0.37,0.15,0.06,0
CUST03101,0.16,0.07,0.05,0
CUST03102,0.69,0.22,0.11,0
CUST03103,0.51,0.24,0.16,0
CUST03104,0.2,0.06,0.02,0
CUST03105,0.12,0.06,0.04,0
CUST03106,0.06,0.03,0.01,0
CUST03107,0.26,0.06,0.04,0
CUST03108,0.26,0.15,0.06,0
CUST03109,0.36,0.21,0.1,0
CUST03110,0.1,0.04,0.03,0
CUST03111,0.52,0.2,0.16,0
CUST03112,0.48,0.17,0.07,0
CUST03113,0.55,0.18,0.08,0
CUST03114,0.53,0.13,0.07,0
CUST03115,0.57,0.29,0.16,0
CUST03116,0.3,0.09,0.03,0
CUST03117,0.17,0.09,0.03,0
CUST03118,0.19,0.1,0.05,0
CUST03119,0.19,0.09,0.05,0
CUST03120,0.2,0.12,0.04,0
CUST03121,0.3,0.13,0.08,0
CUST03122,0.23,0.07,0.03,0
CUST03123,0.32,0.07,0.06,0
CUST03124,0.35,0.11,0.07,0
CUST03125,0.61,0.22,0.07,0
CUST03126,0.21,0.05,0.02,0
CUST03127,0.29,0.12,0.07,0
CUST03128,0.23,0.13,0.1,0
CUST03129,0.46,0.22,0.13,0
CUST03130,0.11,0.05,0.03,0
CUST03131,0.1,0.02,0.01,0
CUST03132,0.21,0.06,0.03,0
CUST03133,0.25,0.12,0.04,0
CUST03134,0.18,0.09,0.06,0
CUST03135,0.38,0.13,0.09,0
CUST03136,0.31,0.11,0.07,0
CUST03137,0.26,0.15,0.11,0
CUST03138,0.27,0.07,0.04,0
CUST03139,0.16,0.08,0.06,0
CUST03140,0.18,0.08,0.04,0
CUST03141,0.32,0.07,0.03,0
CUST03142,0.22,0.07,0.03,0
CUST03143,0.42,0.23,0.1,0
CUST03144,0.05,0.02,0.01,0
CUST03145,0.53,0.21,0.07,1
CUST03146,0.21,0.04,0.03,0
CUST03147,0.29,0.15,0.05,0
CUST03148,0.14,0.05,0.03,0
CUST03149,0.46,0.23,0.08,0
CUST03150,0.39,0.23,0.11,0
CUST03151,0.66,0.39,0.31,0
CUST03152,0.45,0.19,0.1,0
CUST03153,0.64,0.18,0.08,0
CUST03154,0.25,0.14,0.05,0
CUST03155,0.59,0.24,0.17,0
CUST03156,0.21,0.08,0.05,1
CUST03157,0.15,0.07,0.04,0
CUST03158,0.34,0.15,0.07,0
CUST03159,0.54,0.15,0.09,0
CUST03160,0.38,0.21,0.16,0
CUST03161,0.34,0.12,0.08,0
CUST03162,0.25,0.11,0.04,0
CUST03163,0.2,0.05,0.03,0
CUST03164,0.24,0.11,0.06,0
CUST03165,0.26,0.13,0.08,0
CUST03166,0.56,0.33,0.25,0
CUST03167,0.11,0.02,0.02,0
CUST03168,0.22,0.06,0.03,0
CUST03169,0.35,0.13,0.09,0
CUST03170,0.22,0.12,0.06,0
CUST03171,0.2,0.11,0.08,0
CUST03172,0.23,0.07,0.03,0
CUST03173,0.11,0.06,0.04,0
CUST03174,0.2,0.06,0.04,0
CUST03175,0.45,0.19,0.07,0
CUST03176,0.56,0.3,0.1,1
CUST03177,0.36,0.13,0.05,0
CUST03178,0.33,0.1,0.05,0
CUST03179,0.29,0.06,0.02,0
CUST03180,0.11,0.03,0.01,0
CUST03181,0.71,0.4,0.21,0
CUST03182,0.1,0.06,0.05,0
CUST03183,0.48,0.16,0.06,0
CUST03184,0.09,0.05,0.04,0
CUST03185,0.22,0.12,0.07,0
CUST03186,0.1,0.02,0.02,0
CUST03187,0.27,0.09,0.06,0
CUST03188,0.2,0.05,0.02,0
CUST03189,0.09,0.04,0.03,0
CUST03190,0.66,0.36,0.16,0
CUST03191,0.14,0.03,0.02,1
CUST03192,0.12,0.04,0.03,0
CUST03193,0.15,0.07,0.03,0
CUST03194,0.35,0.08,0.04,0
CUST03195,0.3,0.17,0.06,0
CUST03196,0.3,0.06,0.04,0
CUST03197,0.2,0.09,0.04,0
CUST03198,0.34,0.11,0.06,0
CUST03199,0.64,0.33,0.19,0
CUST03200,0.27,0.06,0.04,0
CUST03201,0.05,0.02,0.02,0
CUST03202,0.34,0.09,0.03,0
CUST03203,0.7,0.41,0.17,1
CUST03204,0.12,0.06,0.04,0
CUST03205,0.22,0.1,0.06,0
CUST03206,0.57,0.17,0.1,0
CUST03207,0.08,0.03,0.01,0
CUST03208,0.04,0.02,0.01,0
CUST03209,0.05,0.03,0.02,0
CUST03210,0.72,0.3,0.22,0
CUST03211,0.09,0.03,0.02,0
CUST03212,0.08,0.04,0.03,0
CUST03213,0.52,0.26,0.14,0
CUST03214,0.18,0.08,0.02,0
CUST03215,0.08,0.03,0.02,0
CUST03216,0.11,0.04,0.03,0
CUST03217,0.7,0.21,0.1,0
CUST03218,0.37,0.19,0.08,0
CUST03219,0.37,0.11,0.05,0
CUST03220,0.68,0.23,0.18,0
CUST03221,0.34,0.09,0.06,0
CUST03222,0.22,0.11,0.05,0
CUST03223,0.29,0.17,0.13,1
CUST03224,0.22,0.12,0.04,0
CUST03225,0.35,0.08,0.04,0
CUST03226,0.14,0.03,0.02,0
CUST03227,0.39,0.21,0.07,0
CUST03228,0.28,0.13,0.05,0
CUST03229,0.02,0.0,0.0,0
CUST03230,0.47,0.23,0.07,0
CUST03231,0.46,0.16,0.07,0
CUST03232,0.68,0.4,0.21,0
CUST03233,0.15,0.05,0.03,0
CUST03234,0.49,0.26,0.16,0
CUST03235,0.2,0.09,0.04,0
CUST03236,0.52,0.29,0.11,0
CUST03237,0.15,0.08,0.03,0
CUST03238,0.16,0.08,0.06,0
CUST03239,0.13,0.06,0.03,0
CUST03240,0.17,0.09,0.03,0
CUST03241,0.58,0.24,0.13,0
CUST03242,0.19,0.1,0.03,0
CUST03243,0.47,0.24,0.11,0
CUST03244,0.47,0.14,0.08,0
CUST03245,0.52,0.25,0.12,0
CUST03246,0.27,0.15,0.09,0
CUST03247,0.45,0.14,0.09,0
CUST03248,0.15,0.09,0.05,0
CUST03249,0.27,0.14,0.08,0
CUST03250,0.35,0.14,0.07,0
CUST03251,0.65,0.3,0.19,0
CUST03252,0.75,0.39,0.17,0
CUST03253,0.04,0.02,0.01,0
CUST03254,0.13,0.07,0.04,0
CUST03255,0.33,0.15,0.09,0
CUST03256,0.76,0.17,0.08,0
CUST03257,0.13,0.06,0.03,0
CUST03258,0.23,0.1,0.04,0
CUST03259,0.22,0.07,0.04,0
CUST03260,0.52,0.24,0.09,0
CUST03261,0.19,0.04,0.02,0
CUST03262,0.31,0.16,0.12,0
CUST03263,0.27,0.08,0.04,0
CUST03264,0.18,0.06,0.04,0
CUST03265,0.15,0.08,0.06,0
CUST03266,0.2,0.06,0.03,0
CUST03267,0.19,0.07,0.04,0
CUST03268,0.06,0.03,0.01,0
CUST03269,0.21,0.07,0.04,0
CUST03270,0.19,0.1,0.07,0
CUST03271,0.4,0.22,0.13,0
CUST03272,0.09,0.04,0.02,0
CUST03273,0.22,0.05,0.02,0
CUST03274,0.64,0.14,0.1,0
CUST03275,0.2,0.06,0.03,0
CUST03276,0.28,0.13,0.05,0
CUST03277,0.33,0.18,0.13,0
CUST03278,0.07,0.03,0.02,0
CUST03279,0.21,0.08,0.06,0
CUST03280,0.13,0.07,0.03,0
CUST03281,0.05,0.03,0.01,0
CUST03282,0.1,0.06,0.03,0
CUST03283,0.12,0.03,0.02,0
CUST03284,0.29,0.13,0.08,0
CUST03285,0.37,0.2,0.15,0
CUST03286,0.22,0.13,0.09,0
CUST03287,0.09,0.04,0.02,0
CUST03288,0.52,0.14,0.07,0
CUST03289,0.04,0.01,0.01,0
CUST03290,0.22,0.05,0.02,0
CUST03291,0.53,0.11,0.04,0
CUST03292,0.3,0.08,0.03,0
CUST03293,0.58,0.21,0.08,0
CUST03294,0.27,0.09,0.05,0
CUST03295,0.48,0.12,0.05,0
CUST03296,0.14,0.07,0.04,0
CUST03297,0.54,0.2,0.07,0
CUST03298,0.04,0.01,0.01,0
CUST03299,0.12,0.02,0.01,0
CUST03300,0.48,0.19,0.11,0
CUST03301,0.18,0.07,0.04,0
CUST03302,0.62,0.16,0.06,0
CUST03303,0.49,0.22,0.1,0
CUST03304,0.36,0.15,0.07,0
CUST03305,0.3,0.1,0.07,0
CUST03306,0.26,0.06,0.02,0
CUST03307,0.24,0.13,0.06,0
CUST03308,0.35,0.18,0.12,0
CUST03309,0.16,0.05,0.03,0
CUST03310,0.21,0.08,0.06,0
CUST03311,0.12,0.05,0.02,0
CUST03312,0.09,0.04,0.02,0
CUST03313,0.43,0.17,0.08,0
CUST03314,0.14,0.07,0.05,0
CUST03315,0.35,0.17,0.12,0
CUST03316,0.19,0.06,0.04,0
CUST03317,0.49,0.23,0.18,0
CUST03318,0.38,0.12,0.09,0
CUST03319,0.2,0.08,0.04,0
CUST03320,0.03,0.02,0.01,0
CUST03321,0.51,0.21,0.07,0
CUST03322,0.27,0.12,0.07,0
CUST03323,0.16,0.03,0.02,0
CUST03324,0.38,0.14,0.1,0
CUST03325,0.53,0.16,0.11,0
CUST03326,0.59,0.19,0.13,0
CUST03327,0.17,0.06,0.03,0
CUST03328,0.16,0.07,0.02,0
CUST03329,0.13,0.06,0.02,0
CUST03330,0.44,0.14,0.07,0
CUST03331,0.57,0.33,0.15,0
CUST03332,0.11,0.04,0.03,0
CUST03333,0.06,0.02,0.01,0
CUST03334,0.28,0.16,0.07,0
CUST03335,0.37,0.07,0.05,0
CUST03336,0.22,0.11,0.04,0
CUST03337,0.4,0.16,0.06,0
CUST03338,0.41,0.22,0.17,0
CUST03339,0.07,0.03,0.01,1
CUST03340,0.06,0.02,0.01,0
CUST03341,0.3,0.07,0.04,0
CUST03342,0.37,0.18,0.12,0
CUST03343,0.3,0.16,0.09,0
CUST03344,0.18,0.09,0.07,0
CUST03345,0.35,0.08,0.03,0
CUST03346,0.14,0.07,0.05,0
CUST03347,0.22,0.12,0.08,0
CUST03348,0.42,0.18,0.11,0
CUST03349,0.43,0.17,0.12,0
CUST03350,0.24,0.13,0.08,0
CUST03351,0.34,0.2,0.14,0
CUST03352,0.39,0.12,0.05,0
CUST03353,0.43,0.09,0.06,0
CUST03354,0.14,0.05,0.03,0
CUST03355,0.55,0.32,0.18,0
CUST03356,0.35,0.18,0.13,0
CUST03357,0.03,0.01,0.01,0
CUST03358,0.3,0.07,0.05,0
CUST03359,0.29,0.17,0.07,0
CUST03360,0.27,0.15,0.05,1
CUST03361,0.34,0.15,0.08,0
CUST03362,0.41,0.21,0.07,0
CUST03363,0.51,0.25,0.16,0
CUST03364,0.02,0.0,0.0,0
CUST03365,0.35,0.15,0.06,0
CUST03366,0.13,0.04,0.02,0
CUST03367,0.13,0.07,0.05,0
CUST03368,0.24,0.13,0.05,0
CUST03369,0.16,0.05,0.03,0
CUST03370,0.5,0.3,0.09,1
CUST03371,0.36,0.14,0.09,0
CUST03372,0.11,0.04,0.01,0
CUST03373,0.72,0.27,0.18,0
CUST03374,0.79,0.21,0.09,0
CUST03375,0.27,0.13,0.05,0
CUST03376,0.3,0.07,0.04,0
CUST03377,0.7,0.3,0.18,0
CUST03378,0.18,0.05,0.02,0
CUST03379,0.23,0.12,0.09,0
CUST03380,0.4,0.23,0.11,0
CUST03381,0.28,0.17,0.09,0
CUST03382,0.71,0.42,0.17,0
CUST03383,0.05,0.01,0.0,0
CUST03384,0.47,0.2,0.13,0
CUST03385,0.36,0.1,0.05,0
CUST03386,0.4,0.16,0.09,0
CUST03387,0.2,0.05,0.03,0
CUST03388,0.33,0.13,0.06,0
CUST03389,0.07,0.03,0.02,0
CUST03390,0.47,0.24,0.09,0
CUST03391,0.3,0.14,0.1,0
CUST03392,0.17,0.1,0.05,0
CUST03393,0.31,0.12,0.04,0
CUST03394,0.21,0.11,0.07,0
CUST03395,0.27,0.13,0.05,0
CUST03396,0.27,0.07,0.05,0
CUST03397,0.41,0.09,0.05,1
CUST03398,0.05,0.03,0.02,1
CUST03399,0.53,0.31,0.19,0
CUST03400,0.19,0.05,0.04,0
CUST03401,0.45,0.22,0.09,0
CUST03402,0.16,0.04,0.03,0
CUST03403,0.12,0.07,0.02,0
CUST03404,0.29,0.09,0.04,0
CUST03405,0.33,0.15,0.08,0
CUST03406,0.35,0.12,0.04,0
CUST03407,0.11,0.06,0.02,0
CUST03408,0.24,0.13,0.08,0
CUST03409,0.14,0.03,0.01,0
CUST03410,0.17,0.06,0.03,0
CUST03411,0.33,0.11,0.04,0
CUST03412,0.06,0.02,0.01,0
CUST03413,0.41,0.1,0.06,0
CUST03414,0.31,0.09,0.07,0
CUST03415,0.3,0.11,0.04,0
CUST03416,0.58,0.12,0.05,0
CUST03417,0.62,0.15,0.09,0
CUST03418,0.3,0.17,0.1,0
CUST03419,0.43,0.24,0.16,0
CUST03420,0.15,0.08,0.03,0
CUST03421,0.29,0.1,0.04,0
CUST03422,0.52,0.24,0.11,0
CUST03423,0.4,0.19,0.07,0
CUST03424,0.1,0.03,0.02,0
CUST03425,0.17,0.09,0.07,0
CUST03426,0.22,0.09,0.04,0
CUST03427,0.06,0.03,0.01,0
CUST03428,0.35,0.12,0.08,0
CUST03429,0.16,0.07,0.04,0
CUST03430,0.19,0.06,0.02,1
CUST03431,0.39,0.2,0.08,0
CUST03432,0.52,0.13,0.1,0
CUST03433,0.36,0.18,0.13,0
CUST03434,0.35,0.19,0.12,0
CUST03435,0.3,0.14,0.11,0
CUST03436,0.23,0.1,0.04,0
CUST03437,0.47,0.13,0.04,0
CUST03438,0.24,0.09,0.07,0
CUST03439,0.36,0.08,0.06,0
CUST03440,0.22,0.13,0.06,0
CUST03441,0.08,0.03,0.01,0
CUST03442,0.44,0.18,0.07,0
CUST03443,0.11,0.02,0.01,1
CUST03444,0.16,0.05,0.04,0
CUST03445,0.24,0.08,0.04,0
CUST03446,0.15,0.05,0.02,0
CUST03447,0.08,0.02,0.01,0
CUST03448,0.05,0.02,0.01,0
CUST03449,0.49,0.18,0.14,1
CUST03450,0.14,0.08,0.03,0
CUST03451,0.67,0.15,0.08,0
CUST03452,0.43,0.19,0.1,0
CUST03453,0.37,0.18,0.11,0
CUST03454,0.6,0.29,0.12,0
CUST03455,0.2,0.11,0.06,0
CUST03456,0.56,0.13,0.05,0
CUST03457,0.09,0.04,0.01,0
CUST03458,0.04,0.02,0.01,0
CUST03459,0.17,0.04,0.03,0
CUST03460,0.43,0.16,0.11,0
CUST03461,0.25,0.1,0.05,0
CUST03462,0.22,0.07,0.03,0
CUST03463,0.12,0.07,0.03,0
CUST03464,0.35,0.11,0.08,1
CUST03465,0.38,0.09,0.03,0
CUST03466,0.06,0.03,0.02,0
CUST03467,0.14,0.05,0.03,0
CUST03468,0.33,0.1,0.03,0
CUST03469,0.14,0.04,0.03,0
CUST03470,0.26,0.06,0.02,0
CUST03471,0.13,0.03,0.01,0
CUST03472,0.63,0.17,0.1,0
CUST03473,0.61,0.17,0.06,0
CUST03474,0.37,0.14,0.05,0
CUST03475,0.42,0.2,0.13,1
CUST03476,0.45,0.12,0.07,0
CUST03477,0.31,0.14,0.05,0
CUST03478,0.39,0.2,0.15,0
CUST03479,0.27,0.08,0.04,0
CUST03480,0.09,0.02,0.01,0
CUST03481,0.12,0.06,0.04,0
CUST03482,0.23,0.13,0.08,0
CUST03483,0.16,0.04,0.02,0
CUST03484,0.05,0.02,0.01,0
CUST03485,0.14,0.05,0.03,0
CUST03486,0.22,0.1,0.03,0
CUST03487,0.3,0.12,0.05,0
CUST03488,0.3,0.17,0.13,0
CUST03489,0.19,0.04,0.03,0
CUST03490,0.59,0.35,0.26,1
CUST03491,0.65,0.23,0.18,0
CUST03492,0.22,0.09,0.03,0
CUST03493,0.45,0.1,0.04,0
CUST03494,0.36,0.1,0.08,0
CUST03495,0.13,0.04,0.03,0
CUST03496,0.28,0.09,0.05,0
CUST03497,0.14,0.08,0.04,0
CUST03498,0.06,0.03,0.01,0
CUST03499,0.79,0.33,0.14,0
CUST03500,0.22,0.12,0.06,0
CUST03501,0.5,0.29,0.21,0
CUST03502,0.29,0.1,0.07,0
CUST03503,0.31,0.12,0.04,0
CUST03504,0.43,0.25,0.15,0
CUST03505,0.35,0.18,0.08,0
CUST03506,0.38,0.14,0.05,0
CUST03507,0.39,0.16,0.11,0
CUST03508,0.65,0.23,0.14,0
CUST03509,0.22,0.07,0.03,0
CUST03510,0.38,0.22,0.07,0
CUST03511,0.16,0.04,0.02,0
CUST03512,0.33,0.13,0.04,0
CUST03513,0.06,0.01,0.0,0
CUST03514,0.08,0.03,0.01,0
CUST03515,0.41,0.18,0.12,0
CUST03516,0.44,0.2,0.1,0
CUST03517,0.18,0.08,0.05,0
CUST03518,0.08,0.02,0.02,1
CUST03519,0.5,0.28,0.13,0
CUST03520,0.54,0.21,0.15,0
CUST03521,0.29,0.08,0.04,0
CUST03522,0.1,0.04,0.02,0
CUST03523,0.29,0.14,0.08,0
CUST03524,0.2,0.04,0.01,0
CUST03525,0.25,0.11,0.07,0
CUST03526,0.36,0.09,0.05,0
CUST03527,0.04,0.02,0.01,0
CUST03528,0.1,0.04,0.02,1
CUST03529,0.13,0.03,0.01,0
CUST03530,0.39,0.23,0.15,0
CUST03531,0.69,0.31,0.18,0
CUST03532,0.12,0.06,0.03,1
CUST03533,0.62,0.27,0.08,0
CUST03534,0.25,0.13,0.1,0
CUST03535,0.57,0.14,0.05,0
CUST03536,0.05,0.02,0.01,0
CUST03537,0.22,0.05,0.03,0
CUST03538,0.26,0.15,0.07,0
CUST03539,0.46,0.21,0.12,0
CUST03540,0.09,0.05,0.03,0
CUST03541,0.52,0.28,0.13,0
CUST03542,0.52,0.26,0.16,0
CUST03543,0.72,0.39,0.15,0
CUST03544,0.22,0.09,0.03,0
CUST03545,0.23,0.08,0.03,0
CUST03546,0.05,0.01,0.01,0
CUST03547,0.24,0.12,0.09,0
CUST03548,0.29,0.15,0.1,0
CUST03549,0.36,0.17,0.09,0
CUST03550,0.46,0.17,0.07,1
CUST03551,0.4,0.19,0.1,0
CUST03552,0.07,0.04,0.02,0
CUST03553,0.18,0.04,0.03,0
CUST03554,0.12,0.03,0.01,0
CUST03555,0.4,0.11,0.08,0
CUST03556,0.22,0.13,0.06,0
CUST03557,0.06,0.02,0.02,0
CUST03558,0.45,0.16,0.09,1
CUST03559,0.16,0.07,0.04,0
CUST03560,0.28,0.17,0.09,0
CUST03561,0.19,0.11,0.09,0
CUST03562,0.08,0.03,0.01,1
CUST03563,0.36,0.14,0.06,0
CUST03564,0.32,0.16,0.07,0
CUST03565,0.19,0.04,0.03,0
CUST03566,0.41,0.11,0.07,0
CUST03567,0.28,0.14,0.08,0
CUST03568,0.3,0.12,0.05,0
CUST03569,0.18,0.09,0.03,0
CUST03570,0.55,0.22,0.12,0
CUST03571,0.5,0.15,0.1,0
CUST03572,0.43,0.26,0.12,1
CUST03573,0.31,0.18,0.08,0
CUST03574,0.27,0.06,0.04,0
CUST03575,0.23,0.05,0.04,0
CUST03576,0.38,0.19,0.12,0
CUST03577,0.12,0.06,0.04,0
CUST03578,0.13,0.04,0.03,0
CUST03579,0.2,0.09,0.05,0
CUST03580,0.54,0.31,0.11,0
CUST03581,0.34,0.1,0.05,1
CUST03582,0.33,0.12,0.09,0
CUST03583,0.55,0.32,0.15,0
CUST03584,0.03,0.01,0.01,0
CUST03585,0.1,0.04,0.02,0
CUST03586,0.32,0.09,0.03,0
CUST03587,0.22,0.06,0.03,0
CUST03588,0.31,0.11,0.07,0
CUST03589,0.19,0.06,0.03,0
CUST03590,0.17,0.05,0.03,0
CUST03591,0.08,0.04,0.03,0
CUST03592,0.41,0.21,0.16,0
CUST03593,0.34,0.14,0.07,0
CUST03594,0.31,0.11,0.04,0
CUST03595,0.1,0.04,0.02,0
CUST03596,0.14,0.07,0.04,0
CUST03597,0.28,0.09,0.03,0
CUST03598,0.2,0.1,0.06,0
CUST03599,0.46,0.24,0.15,0
CUST03600,0.11,0.04,0.02,0
CUST03601,0.25,0.05,0.04,0
CUST03602,0.32,0.15,0.06,0
CUST03603,0.29,0.13,0.06,0
CUST03604,0.2,0.11,0.05,0
CUST03605,0.24,0.07,0.04,0
CUST03606,0.17,0.04,0.03,0
CUST03607,0.53,0.22,0.16,0
CUST03608,0.37,0.18,0.13,0
CUST03609,0.24,0.09,0.04,0
CUST03610,0.37,0.15,0.1,0
CUST03611,0.18,0.05,0.03,0
CUST03612,0.09,0.05,0.02,0
CUST03613,0.27,0.08,0.04,0
CUST03614,0.32,0.18,0.13,0
CUST03615,0.6,0.32,0.1,0
CUST03616,0.63,0.16,0.07,0
CUST03617,0.27,0.14,0.11,0
CUST03618,0.29,0.12,0.09,0
CUST03619,0.23,0.11,0.05,0
CUST03620,0.42,0.2,0.07,0
CUST03621,0.11,0.05,0.04,0
CUST03622,0.14,0.06,0.03,0
CUST03623,0.17,0.06,0.03,0
CUST03624,0.44,0.19,0.06,0
CUST03625,0.24,0.12,0.07,0
CUST03626,0.41,0.21,0.12,0
CUST03627,0.2,0.05,0.02,0
CUST03628,0.25,0.07,0.04,0
CUST03629,0.2,0.08,0.03,0
CUST03630,0.14,0.07,0.05,0
CUST03631,0.02,0.01,0.01,0
CUST03632,0.19,0.09,0.06,0
CUST03633,0.34,0.18,0.13,0
CUST03634,0.28,0.09,0.04,0
CUST03635,0.11,0.05,0.02,0
CUST03636,0.49,0.2,0.06,0
CUST03637,0.23,0.11,0.07,0
CUST03638,0.23,0.07,0.03,0
CUST03639,0.37,0.08,0.04,0
CUST03640,0.14,0.07,0.05,0
CUST03641,0.38,0.14,0.1,0
CUST03642,0.01,0.0,0.0,0
CUST03643,0.19,0.07,0.02,0
CUST03644,0.15,0.03,0.02,0
CUST03645,0.42,0.12,0.08,0
CUST03646,0.4,0.23,0.14,0
CUST03647,0.27,0.07,0.03,0
CUST03648,0.23,0.09,0.04,0
CUST03649,0.34,0.07,0.03,0
CUST03650,0.12,0.05,0.03,0
CUST03651,0.11,0.04,0.02,0
CUST03652,0.13,0.07,0.04,0
CUST03653,0.45,0.23,0.17,0
CUST03654,0.42,0.16,0.06,0
CUST03655,0.25,0.06,0.05,0
CUST03656,0.09,0.04,0.03,0
CUST03657,0.28,0.08,0.04,0
CUST03658,0.52,0.27,0.13,0
CUST03659,0.14,0.04,0.03,0
CUST03660,0.35,0.08,0.05,0
CUST03661,0.33,0.09,0.04,0
CUST03662,0.28,0.12,0.08,0
CUST03663,0.27,0.09,0.03,0
CUST03664,0.21,0.11,0.07,0
CUST03665,0.3,0.11,0.04,0
CUST03666,0.46,0.27,0.14,0
CUST03667,0.05,0.02,0.02,0
CUST03668,0.33,0.18,0.08,0
CUST03669,0.1,0.04,0.03,0
CUST03670,0.19,0.04,0.01,0
CUST03671,0.1,0.03,0.01,0
CUST03672,0.22,0.06,0.02,0
CUST03673,0.32,0.1,0.06,0
CUST03674,0.59,0.28,0.1,0
CUST03675,0.74,0.34,0.11,0
CUST03676,0.08,0.04,0.03,0
CUST03677,0.12,0.04,0.03,0
CUST03678,0.45,0.15,0.08,0
CUST03679,0.19,0.06,0.03,0
CUST03680,0.13,0.03,0.01,0
CUST03681,0.27,0.06,0.05,0
CUST03682,0.12,0.03,0.02,1
CUST03683,0.27,0.07,0.02,0
CUST03684,0.4,0.22,0.1,0
CUST03685,0.34,0.11,0.04,0
CUST03686,0.04,0.02,0.01,1
CUST03687,0.54,0.2,0.08,0
CUST03688,0.62,0.18,0.1,0
CUST03689,0.38,0.19,0.08,0
CUST03690,0.32,0.17,0.08,0
CUST03691,0.29,0.16,0.11,0
CUST03692,0.24,0.12,0.09,0
CUST03693,0.09,0.04,0.02,0
CUST03694,0.12,0.03,0.02,0
CUST03695,0.09,0.02,0.01,0
CUST03696,0.29,0.11,0.03,0
CUST03697,0.43,0.09,0.06,1
CUST03698,0.29,0.17,0.13,0
CUST03699,0.72,0.19,0.13,0
CUST03700,0.08,0.03,0.01,0
CUST03701,0.27,0.08,0.04,0
CUST03702,0.62,0.33,0.16,0
CUST03703,0.29,0.13,0.07,1
CUST03704,0.33,0.12,0.05,0
CUST03705,0.22,0.12,0.04,0
CUST03706,0.11,0.05,0.02,0
CUST03707,0.58,0.34,0.2,0
CUST03708,0.26,0.08,0.04,0
CUST03709,0.26,0.11,0.07,0
CUST03710,0.11,0.06,0.04,0
CUST03711,0.53,0.15,0.09,0
CUST03712,0.49,0.21,0.12,0
CUST03713,0.33,0.19,0.1,0
CUST03714,0.51,0.22,0.12,0
CUST03715,0.16,0.06,0.04,0
CUST03716,0.27,0.13,0.05,0
CUST03717,0.26,0.1,0.03,0
CUST03718,0.15,0.07,0.05,1
CUST03719,0.39,0.16,0.07,1
CUST03720,0.14,0.03,0.02,0
CUST03721,0.2,0.07,0.02,0
CUST03722,0.32,0.09,0.04,0
CUST03723,0.37,0.11,0.08,0
CUST03724,0.5,0.2,0.11,0
CUST03725,0.25,0.11,0.05,0
CUST03726,0.14,0.07,0.04,0
CUST03727,0.12,0.06,0.04,0
CUST03728,0.34,0.11,0.08,0
CUST03729,0.33,0.08,0.05,0
CUST03730,0.07,0.02,0.01,0
CUST03731,0.2,0.12,0.05,0
CUST03732,0.17,0.08,0.05,0
CUST03733,0.46,0.11,0.04,0
CUST03734,0.03,0.01,0.01,0
CUST03735,0.33,0.16,0.05,0
CUST03736,0.22,0.09,0.05,0
CUST03737,0.03,0.01,0.01,0
CUST03738,0.38,0.13,0.09,1
CUST03739,0.55,0.3,0.16,0
CUST03740,0.37,0.08,0.03,0
CUST03741,0.5,0.12,0.05,0
CUST03742,0.2,0.05,0.04,0
CUST03743,0.55,0.19,0.1,0
CUST03744,0.37,0.2,0.07,0
CUST03745,0.52,0.23,0.12,0
CUST03746,0.26,0.14,0.06,0
CUST03747,0.27,0.06,0.04,0
CUST03748,0.34,0.07,0.04,0
CUST03749,0.29,0.12,0.09,0
CUST03750,0.41,0.16,0.1,0
CUST03751,0.73,0.19,0.09,0
CUST03752,0.38,0.15,0.07,0
CUST03753,0.28,0.13,0.06,0
CUST03754,0.17,0.07,0.04,0
CUST03755,0.31,0.18,0.09,0
CUST03756,0.32,0.15,0.08,0
CUST03757,0.17,0.06,0.02,0
CUST03758,0.32,0.13,0.06,0
CUST03759,0.21,0.05,0.02,0
CUST03760,0.5,0.11,0.06,0
CUST03761,0.32,0.16,0.12,0
CUST03762,0.36,0.11,0.06,0
CUST03763,0.44,0.25,0.1,0
CUST03764,0.44,0.14,0.07,1
CUST03765,0.24,0.13,0.04,0
CUST03766,0.43,0.12,0.05,0
CUST03767,0.27,0.05,0.03,0
CUST03768,0.28,0.08,0.03,0
CUST03769,0.22,0.07,0.02,1
CUST03770,0.71,0.14,0.07,0
CUST03771,0.39,0.16,0.13,0
CUST03772,0.11,0.05,0.03,0
CUST03773,0.08,0.02,0.02,0
CUST03774,0.24,0.13,0.08,0
CUST03775,0.29,0.06,0.02,0
CUST03776,0.42,0.22,0.16,0
CUST03777,0.39,0.22,0.11,0
CUST03778,0.44,0.15,0.06,0
CUST03779,0.35,0.19,0.09,0
CUST03780,0.19,0.06,0.02,0
CUST03781,0.23,0.08,0.04,0
CUST03782,0.37,0.19,0.12,0
CUST03783,0.03,0.01,0.01,0
CUST03784,0.43,0.17,0.11,0
CUST03785,0.29,0.08,0.04,0
CUST03786,0.11,0.06,0.05,1
CUST03787,0.27,0.09,0.07,0
CUST03788,0.21,0.09,0.03,0
CUST03789,0.12,0.06,0.02,0
CUST03790,0.43,0.13,0.06,0
CUST03791,0.27,0.09,0.05,0
CUST03792,0.26,0.12,0.08,0
CUST03793,0.4,0.15,0.07,0
CUST03794,0.15,0.05,0.03,0
CUST03795,0.57,0.29,0.16,0
CUST03796,0.17,0.1,0.03,0
CUST03797,0.18,0.07,0.03,0
CUST03798,0.06,0.02,0.01,0
CUST03799,0.36,0.12,0.07,0
CUST03800,0.27,0.12,0.04,0
CUST03801,0.34,0.11,0.05,0
CUST03802,0.2,0.09,0.07,0
CUST03803,0.19,0.1,0.05,0
CUST03804,0.26,0.1,0.07,0
CUST03805,0.62,0.31,0.24,0
CUST03806,0.47,0.17,0.07,0
CUST03807,0.05,0.01,0.01,0
CUST03808,0.08,0.02,0.01,0
CUST03809,0.33,0.14,0.08,0
CUST03810,0.12,0.04,0.03,0
CUST03811,0.26,0.14,0.09,0
CUST03812,0.27,0.14,0.05,0
CUST03813,0.34,0.17,0.12,0
CUST03814,0.29,0.08,0.03,0
CUST03815,0.26,0.11,0.07,0
CUST03816,0.2,0.06,0.03,0
CUST03817,0.24,0.12,0.06,0
CUST03818,0.5,0.22,0.07,0
CUST03819,0.26,0.14,0.09,0
CUST03820,0.3,0.11,0.09,0
CUST03821,0.2,0.09,0.03,0
CUST03822,0.43,0.21,0.09,0
CUST03823,0.36,0.16,0.09,0
CUST03824,0.22,0.06,0.04,0
CUST03825,0.08,0.04,0.03,0
CUST03826,0.22,0.09,0.05,0
CUST03827,0.49,0.11,0.05,0
CUST03828,0.17,0.1,0.06,0
CUST03829,0.24,0.08,0.04,0
CUST03830,0.2,0.04,0.03,1
CUST03831,0.58,0.31,0.17,1
CUST03832,0.21,0.05,0.02,0
CUST03833,0.3,0.14,0.07,1
CUST03834,0.09,0.04,0.02,0
CUST03835,0.13,0.08,0.03,0
CUST03836,0.13,0.05,0.02,0
CUST03837,0.63,0.31,0.15,0
CUST03838,0.37,0.13,0.1,0
CUST03839,0.39,0.23,0.16,0
CUST03840,0.17,0.08,0.06,0
CUST03841,0.49,0.15,0.12,0
CUST03842,0.25,0.11,0.06,0
CUST03843,0.32,0.09,0.03,0
CUST03844,0.29,0.07,0.05,0
CUST03845,0.32,0.15,0.1,0
CUST03846,0.28,0.07,0.02,0
CUST03847,0.19,0.04,0.02,0
CUST03848,0.34,0.08,0.06,0
CUST03849,0.52,0.11,0.08,0
CUST03850,0.26,0.12,0.06,1
CUST03851,0.24,0.06,0.04,0
CUST03852,0.4,0.1,0.06,0
CUST03853,0.36,0.19,0.08,0
CUST03854,0.19,0.07,0.04,0
CUST03855,0.08,0.04,0.01,0
CUST03856,0.33,0.08,0.03,0
CUST03857,0.04,0.01,0.0,0
CUST03858,0.58,0.15,0.08,0
CUST03859,0.33,0.18,0.11,0
CUST03860,0.3,0.1,0.07,0
CUST03861,0.46,0.14,0.07,0
CUST03862,0.13,0.05,0.02,0
CUST03863,0.25,0.07,0.02,0
CUST03864,0.49,0.22,0.11,0
CUST03865,0.46,0.23,0.08,0
CUST03866,0.22,0.07,0.05,0
CUST03867,0.22,0.06,0.04,0
CUST03868,0.2,0.1,0.05,0
CUST03869,0.08,0.03,0.01,0
CUST03870,0.28,0.15,0.09,0
CUST03871,0.06,0.01,0.01,0
CUST03872,0.12,0.03,0.01,0
CUST03873,0.25,0.11,0.07,0
CUST03874,0.55,0.14,0.07,0
CUST03875,0.17,0.07,0.05,0
CUST03876,0.18,0.04,0.03,0
CUST03877,0.1,0.05,0.03,0
CUST03878,0.31,0.13,0.1,0
CUST03879,0.25,0.11,0.04,0
CUST03880,0.1,0.04,0.02,0
CUST03881,0.47,0.24,0.1,0
CUST03882,0.44,0.15,0.08,0
CUST03883,0.17,0.08,0.03,1
CUST03884,0.64,0.23,0.1,0
CUST03885,0.47,0.26,0.08,0
CUST03886,0.41,0.23,0.16,0
CUST03887,0.17,0.06,0.03,0
CUST03888,0.05,0.02,0.01,0
CUST03889,0.24,0.05,0.03,0
CUST03890,0.23,0.12,0.09,0
CUST03891,0.02,0.01,0.0,0
CUST03892,0.46,0.12,0.05,0
CUST03893,0.07,0.03,0.02,0
CUST03894,0.31,0.14,0.08,0
CUST03895,0.49,0.25,0.2,0
CUST03896,0.16,0.04,0.02,0
CUST03897,0.14,0.07,0.05,0
CUST03898,0.13,0.07,0.05,0
CUST03899,0.11,0.03,0.02,0
CUST03900,0.11,0.04,0.01,0
CUST03901,0.31,0.1,0.04,0
CUST03902,0.13,0.07,0.03,0
CUST03903,0.57,0.25,0.14,0
CUST03904,0.2,0.11,0.08,0
CUST03905,0.38,0.11,0.08,0
CUST03906,0.61,0.25,0.09,0
CUST03907,0.1,0.04,0.03,0
CUST03908,0.31,0.08,0.03,0
CUST03909,0.35,0.09,0.05,0
CUST03910,0.25,0.06,0.04,0
CUST03911,0.13,0.04,0.02,0
CUST03912,0.15,0.07,0.05,0
CUST03913,0.37,0.11,0.04,0
CUST03914,0.16,0.06,0.02,0
CUST03915,0.15,0.07,0.03,0
CUST03916,0.5,0.15,0.06,0
CUST03917,0.07,0.03,0.01,0
CUST03918,0.09,0.05,0.04,0
CUST03919,0.18,0.05,0.03,1
CUST03920,0.16,0.04,0.02,0
CUST03921,0.27,0.12,0.07,0
CUST03922,0.52,0.21,0.17,0
CUST03923,0.4,0.15,0.06,0
CUST03924,0.1,0.04,0.02,0
CUST03925,0.08,0.05,0.03,0
CUST03926,0.54,0.12,0.08,0
CUST03927,0.44,0.14,0.07,0
CUST03928,0.16,0.05,0.03,1
CUST03929,0.64,0.22,0.11,0
CUST03930,0.4,0.21,0.17,0
CUST03931,0.02,0.01,0.01,0
CUST03932,0.1,0.04,0.02,0
CUST03933,0.22,0.05,0.03,0
CUST03934,0.12,0.04,0.03,0
CUST03935,0.22,0.09,0.03,0
CUST03936,0.32,0.09,0.04,0
CUST03937,0.48,0.14,0.06,1
CUST03938,0.36,0.12,0.06,0
CUST03939,0.12,0.04,0.02,0
CUST03940,0.26,0.1,0.04,0
CUST03941,0.06,0.03,0.02,0
CUST03942,0.21,0.06,0.05,0
CUST03943,0.09,0.05,0.02,0
CUST03944,0.14,0.07,0.05,0
CUST03945,0.44,0.12,0.05,0
CUST03946,0.53,0.23,0.14,0
CUST03947,0.41,0.23,0.13,0
CUST03948,0.54,0.3,0.21,0
CUST03949,0.38,0.1,0.08,0
CUST03950,0.42,0.23,0.13,0
CUST03951,0.05,0.02,0.01,0
CUST03952,0.12,0.03,0.02,0
CUST03953,0.46,0.21,0.12,0
CUST03954,0.3,0.17,0.14,0
CUST03955,0.39,0.17,0.05,1
CUST03956,0.14,0.06,0.03,0
CUST03957,0.39,0.15,0.06,0
CUST03958,0.22,0.08,0.05,0
CUST03959,0.63,0.19,0.11,0
CUST03960,0.37,0.2,0.13,0
CUST03961,0.27,0.1,0.04,0
CUST03962,0.09,0.05,0.04,0
CUST03963,0.24,0.11,0.09,0
CUST03964,0.14,0.06,0.04,0
CUST03965,0.12,0.03,0.01,0
CUST03966,0.24,0.1,0.06,0
CUST03967,0.32,0.08,0.06,1
CUST03968,0.37,0.2,0.14,0
CUST03969,0.12,0.04,0.02,0
CUST03970,0.22,0.07,0.03,0
CUST03971,0.21,0.12,0.08,0
CUST03972,0.3,0.12,0.05,0
CUST03973,0.55,0.24,0.14,0
CUST03974,0.28,0.08,0.06,0
CUST03975,0.12,0.04,0.02,0
CUST03976,0.66,0.13,0.05,0
CUST03977,0.21,0.07,0.05,0
CUST03978,0.27,0.12,0.09,0
CUST03979,0.25,0.12,0.07,0
CUST03980,0.23,0.05,0.02,1
CUST03981,0.21,0.07,0.03,0
CUST03982,0.16,0.07,0.02,0
CUST03983,0.67,0.14,0.09,0
CUST03984,0.34,0.19,0.14,0
CUST03985,0.27,0.12,0.04,0
CUST03986,0.27,0.07,0.03,0
CUST03987,0.25,0.14,0.05,0
CUST03988,0.27,0.09,0.04,0
CUST03989,0.05,0.02,0.01,0
CUST03990,0.21,0.05,0.03,0
CUST03991,0.77,0.2,0.1,0
CUST03992,0.09,0.04,0.02,0
CUST03993,0.5,0.2,0.12,0
CUST03994,0.25,0.09,0.03,0
CUST03995,0.41,0.11,0.04,0
CUST03996,0.13,0.07,0.04,0
CUST03997,0.25,0.11,0.08,0
CUST03998,0.45,0.23,0.09,0
CUST03999,0.11,0.04,0.02,0
CUST04000,0.13,0.07,0.05,0
CUST04001,0.25,0.13,0.09,0
CUST04002,0.05,0.01,0.0,0
CUST04003,0.11,0.06,0.02,0
CUST04004,0.11,0.05,0.04,0
CUST04005,0.47,0.18,0.14,0
CUST04006,0.62,0.21,0.16,0
CUST04007,0.35,0.09,0.05,0
CUST04008,0.43,0.25,0.13,0
CUST04009,0.46,0.1,0.05,0
CUST04010,0.11,0.03,0.02,0
CUST04011,0.28,0.08,0.03,0
CUST04012,0.36,0.12,0.08,0
CUST04013,0.34,0.11,0.05,0
CUST04014,0.38,0.13,0.05,1
CUST04015,0.23,0.06,0.05,0
CUST04016,0.6,0.26,0.11,0
CUST04017,0.13,0.05,0.02,0
CUST04018,0.6,0.36,0.25,0
CUST04019,0.56,0.12,0.08,0
CUST04020,0.65,0.16,0.09,0
CUST04021,0.04,0.02,0.01,0
CUST04022,0.57,0.19,0.06,0
CUST04023,0.17,0.08,0.06,0
CUST04024,0.11,0.04,0.02,0
CUST04025,0.06,0.02,0.01,0
CUST04026,0.08,0.03,0.01,0
CUST04027,0.16,0.04,0.03,0
CUST04028,0.18,0.07,0.03,0
CUST04029,0.4,0.1,0.05,0
CUST04030,0.14,0.07,0.03,0
CUST04031,0.09,0.03,0.02,0
CUST04032,0.1,0.06,0.03,0
CUST04033,0.21,0.07,0.06,0
CUST04034,0.24,0.08,0.03,0
CUST04035,0.35,0.11,0.07,0
CUST04036,0.17,0.05,0.03,0
CUST04037,0.51,0.21,0.12,1
CUST04038,0.31,0.08,0.03,0
CUST04039,0.45,0.16,0.05,0
CUST04040,0.26,0.11,0.06,1
CUST04041,0.14,0.06,0.05,0
CUST04042,0.09,0.03,0.01,0
CUST04043,0.07,0.02,0.01,0
CUST04044,0.25,0.13,0.09,0
CUST04045,0.11,0.04,0.03,0
CUST04046,0.22,0.1,0.06,0
CUST04047,0.24,0.06,0.04,0
CUST04048,0.55,0.19,0.13,0
CUST04049,0.28,0.08,0.03,0
CUST04050,0.21,0.06,0.04,0
CUST04051,0.33,0.11,0.03,0
CUST04052,0.08,0.02,0.01,0
CUST04053,0.16,0.08,0.04,0
CUST04054,0.49,0.16,0.12,0
CUST04055,0.15,0.08,0.04,0
CUST04056,0.54,0.31,0.16,0
CUST04057,0.32,0.09,0.05,0
CUST04058,0.5,0.13,0.08,0
CUST04059,0.2,0.09,0.06,0
CUST04060,0.2,0.07,0.04,1
CUST04061,0.08,0.05,0.02,0
CUST04062,0.45,0.12,0.09,0
CUST04063,0.19,0.05,0.02,0
CUST04064,0.64,0.36,0.28,0
CUST04065,0.21,0.08,0.03,0
CUST04066,0.41,0.21,0.1,0
CUST04067,0.44,0.17,0.11,0
CUST04068,0.38,0.16,0.11,0
CUST04069,0.36,0.14,0.08,0
CUST04070,0.22,0.12,0.06,0
CUST04071,0.37,0.19,0.09,0
CUST04072,0.02,0.01,0.0,0
CUST04073,0.75,0.16,0.12,0
CUST04074,0.71,0.41,0.15,0
CUST04075,0.26,0.12,0.09,0
CUST04076,0.2,0.06,0.03,0
CUST04077,0.17,0.1,0.06,0
CUST04078,0.54,0.28,0.13,0
CUST04079,0.24,0.12,0.04,0
CUST04080,0.3,0.14,0.1,0
CUST04081,0.3,0.15,0.11,0
CUST04082,0.57,0.27,0.19,0
CUST04083,0.45,0.22,0.11,0
CUST04084,0.2,0.11,0.05,0
CUST04085,0.21,0.12,0.08,0
CUST04086,0.13,0.05,0.03,0
CUST04087,0.41,0.17,0.13,0
CUST04088,0.14,0.06,0.04,0
CUST04089,0.21,0.08,0.03,0
CUST04090,0.58,0.24,0.18,0
CUST04091,0.13,0.04,0.02,0
CUST04092,0.63,0.25,0.2,0
CUST04093,0.36,0.13,0.08,0
CUST04094,0.17,0.04,0.03,1
CUST04095,0.12,0.03,0.02,0
CUST04096,0.68,0.32,0.24,0
CUST04097,0.48,0.12,0.08,0
CUST04098,0.11,0.05,0.03,0
CUST04099,0.55,0.29,0.14,0
CUST04100,0.42,0.21,0.11,0
CUST04101,0.17,0.05,0.03,0
CUST04102,0.54,0.2,0.16,0
CUST04103,0.11,0.03,0.02,0
CUST04104,0.19,0.04,0.02,0
CUST04105,0.22,0.08,0.03,0
CUST04106,0.28,0.16,0.07,0
CUST04107,0.35,0.14,0.07,0
CUST04108,0.12,0.03,0.02,0
CUST04109,0.39,0.17,0.13,0
CUST04110,0.3,0.08,0.06,0
CUST04111,0.41,0.22,0.12,0
CUST04112,0.22,0.04,0.03,0
CUST04113,0.1,0.05,0.03,0
CUST04114,0.34,0.14,0.06,0
CUST04115,0.35,0.08,0.04,0
CUST04116,0.27,0.06,0.03,0
CUST04117,0.21,0.1,0.06,0
CUST04118,0.36,0.09,0.06,0
CUST04119,0.52,0.22,0.1,0
CUST04120,0.05,0.02,0.01,0
CUST04121,0.14,0.04,0.02,0
CUST04122,0.45,0.19,0.06,0
CUST04123,0.13,0.06,0.03,0
CUST04124,0.53,0.24,0.15,0
CUST04125,0.06,0.03,0.01,0
CUST04126,0.23,0.05,0.02,0
CUST04127,0.26,0.08,0.05,0
CUST04128,0.15,0.06,0.05,0
CUST04129,0.65,0.19,0.15,0
CUST04130,0.35,0.14,0.09,0
CUST04131,0.35,0.17,0.12,0
CUST04132,0.34,0.1,0.06,1
CUST04133,0.4,0.2,0.07,1
CUST04134,0.05,0.01,0.01,0
CUST04135,0.26,0.1,0.07,0
CUST04136,0.63,0.33,0.11,0
CUST04137,0.2,0.08,0.06,0
CUST04138,0.6,0.25,0.08,0
CUST04139,0.51,0.24,0.19,0
CUST04140,0.19,0.05,0.02,0
CUST04141,0.41,0.25,0.13,0
CUST04142,0.18,0.04,0.02,0
CUST04143,0.31,0.1,0.08,0
CUST04144,0.12,0.04,0.03,0
CUST04145,0.33,0.13,0.04,0
CUST04146,0.48,0.16,0.06,0
CUST04147,0.18,0.05,0.04,0
CUST04148,0.27,0.08,0.04,0
CUST04149,0.17,0.09,0.04,0
CUST04150,0.22,0.09,0.06,0
CUST04151,0.05,0.02,0.01,0
CUST04152,0.34,0.16,0.09,0
CUST04153,0.23,0.1,0.05,0
CUST04154,0.28,0.15,0.11,0
CUST04155,0.15,0.04,0.03,0
CUST04156,0.07,0.02,0.01,0
CUST04157,0.24,0.13,0.08,0
CUST04158,0.11,0.03,0.02,0
CUST04159,0.18,0.06,0.03,0
CUST04160,0.28,0.11,0.07,0
CUST04161,0.37,0.18,0.14,0
CUST04162,0.39,0.14,0.06,0
CUST04163,0.48,0.14,0.1,0
CUST04164,0.13,0.05,0.02,0
CUST04165,0.3,0.11,0.08,0
CUST04166,0.4,0.19,0.14,0
CUST04167,0.35,0.12,0.05,0
CUST04168,0.34,0.2,0.14,0
CUST04169,0.23,0.06,0.03,0
CUST04170,0.14,0.06,0.04,0
CUST04171,0.38,0.17,0.11,0
CUST04172,0.23,0.12,0.06,0
CUST04173,0.34,0.15,0.07,0
CUST04174,0.28,0.15,0.08,0
CUST04175,0.16,0.04,0.02,0
CUST04176,0.26,0.14,0.06,0
CUST04177,0.06,0.02,0.01,0
CUST04178,0.24,0.13,0.1,0
CUST04179,0.2,0.05,0.02,0
CUST04180,0.62,0.21,0.1,0
CUST04181,0.43,0.22,0.13,0
CUST04182,0.17,0.05,0.02,0
CUST04183,0.1,0.04,0.03,0
CUST04184,0.38,0.08,0.03,0
CUST04185,0.56,0.16,0.1,0
CUST04186,0.29,0.08,0.06,0
CUST04187,0.11,0.05,0.04,0
CUST04188,0.09,0.04,0.01,1
CUST04189,0.17,0.09,0.07,0
CUST04190,0.22,0.11,0.06,0
CUST04191,0.36,0.11,0.07,0
CUST04192,0.07,0.03,0.02,0
CUST04193,0.2,0.04,0.03,0
CUST04194,0.42,0.12,0.1,0
CUST04195,0.3,0.17,0.09,0
CUST04196,0.11,0.03,0.02,0
CUST04197,0.21,0.05,0.03,0
CUST04198,0.26,0.08,0.05,0
CUST04199,0.41,0.19,0.13,0
CUST04200,0.09,0.02,0.01,0
CUST04201,0.29,0.07,0.02,0
CUST04202,0.5,0.2,0.09,0
CUST04203,0.2,0.07,0.04,0
CUST04204,0.19,0.05,0.02,0
CUST04205,0.07,0.04,0.02,1
CUST04206,0.29,0.08,0.04,0
CUST04207,0.16,0.09,0.03,0
CUST04208,0.58,0.21,0.07,0
CUST04209,0.3,0.13,0.09,0
CUST04210,0.14,0.04,0.02,0
CUST04211,0.31,0.11,0.07,0
CUST04212,0.17,0.08,0.05,0
CUST04213,0.59,0.35,0.21,0
CUST04214,0.45,0.18,0.13,1
CUST04215,0.11,0.03,0.02,0
CUST04216,0.14,0.03,0.02,0
CUST04217,0.33,0.08,0.05,0
CUST04218,0.5,0.19,0.11,0
CUST04219,0.45,0.15,0.07,0
CUST04220,0.39,0.16,0.11,0
CUST04221,0.29,0.1,0.04,0
CUST04222,0.16,0.06,0.04,0
CUST04223,0.51,0.28,0.21,0
CUST04224,0.25,0.06,0.02,0
CUST04225,0.49,0.23,0.16,0
CUST04226,0.39,0.15,0.08,0
CUST04227,0.13,0.05,0.02,0
CUST04228,0.63,0.24,0.09,0
CUST04229,0.39,0.11,0.05,1
CUST04230,0.41,0.23,0.14,0
CUST04231,0.18,0.09,0.03,0
CUST04232,0.22,0.05,0.02,0
CUST04233,0.58,0.25,0.18,0
CUST04234,0.04,0.01,0.01,0
CUST04235,0.47,0.18,0.13,0
CUST04236,0.1,0.05,0.03,0
CUST04237,0.36,0.17,0.07,0
CUST04238,0.18,0.06,0.03,0
CUST04239,0.26,0.14,0.11,1
CUST04240,0.3,0.12,0.08,0
CUST04241,0.06,0.02,0.01,0
CUST04242,0.19,0.08,0.04,0
CUST04243,0.12,0.05,0.02,0
CUST04244,0.27,0.08,0.03,0
CUST04245,0.05,0.03,0.01,1
CUST04246,0.52,0.19,0.09,0
CUST04247,0.08,0.02,0.01,0
CUST04248,0.19,0.09,0.05,0
CUST04249,0.12,0.02,0.01,0
CUST04250,0.11,0.06,0.03,0
CUST04251,0.19,0.07,0.05,0
CUST04252,0.34,0.2,0.09,0
CUST04253,0.03,0.01,0.0,0
CUST04254,0.04,0.02,0.02,0
CUST04255,0.1,0.04,0.03,0
CUST04256,0.22,0.08,0.06,0
CUST04257,0.04,0.01,0.0,0
CUST04258,0.13,0.06,0.03,0
CUST04259,0.15,0.03,0.01,0
CUST04260,0.12,0.05,0.03,0
CUST04261,0.42,0.18,0.08,0
CUST04262,0.48,0.23,0.13,0
CUST04263,0.27,0.06,0.04,0
CUST04264,0.23,0.09,0.03,0
CUST04265,0.11,0.05,0.03,0
CUST04266,0.04,0.02,0.01,0
CUST04267,0.29,0.11,0.04,0
CUST04268,0.66,0.32,0.17,0
CUST04269,0.19,0.09,0.07,0
CUST04270,0.32,0.11,0.04,0
CUST04271,0.43,0.15,0.12,0
CUST04272,0.12,0.05,0.02,0
CUST04273,0.05,0.02,0.01,0
CUST04274,0.22,0.06,0.04,0
CUST04275,0.37,0.2,0.12,0
CUST04276,0.21,0.12,0.09,0
CUST04277,0.22,0.12,0.06,0
CUST04278,0.21,0.12,0.08,0
CUST04279,0.17,0.07,0.04,0
CUST04280,0.73,0.24,0.14,0
CUST04281,0.11,0.03,0.01,0
CUST04282,0.4,0.17,0.13,0
CUST04283,0.11,0.05,0.02,0
CUST04284,0.42,0.2,0.14,0
CUST04285,0.44,0.1,0.07,0
CUST04286,0.01,0.0,0.0,0
CUST04287,0.38,0.16,0.07,0
CUST04288,0.43,0.19,0.13,0
CUST04289,0.42,0.09,0.03,0
CUST04290,0.13,0.03,0.01,0
CUST04291,0.23,0.09,0.06,0
CUST04292,0.15,0.09,0.06,0
CUST04293,0.3,0.16,0.05,0
CUST04294,0.08,0.02,0.01,0
CUST04295,0.09,0.04,0.03,0
CUST04296,0.68,0.35,0.11,0
CUST04297,0.26,0.09,0.05,0
CUST04298,0.37,0.11,0.08,0
CUST04299,0.19,0.07,0.05,0
CUST04300,0.04,0.02,0.02,0
CUST04301,0.08,0.03,0.02,0
CUST04302,0.1,0.04,0.02,0
CUST04303,0.41,0.18,0.12,0
CUST04304,0.06,0.01,0.01,0
CUST04305,0.16,0.1,0.03,0
CUST04306,0.04,0.02,0.01,0
CUST04307,0.27,0.07,0.05,0
CUST04308,0.72,0.31,0.24,0
CUST04309,0.08,0.03,0.01,0
CUST04310,0.31,0.08,0.03,0
CUST04311,0.39,0.09,0.07,0
CUST04312,0.19,0.08,0.04,0
CUST04313,0.37,0.13,0.08,0
CUST04314,0.47,0.1,0.08,0
CUST04315,0.12,0.06,0.03,0
CUST04316,0.36,0.19,0.06,0
CUST04317,0.23,0.1,0.04,0
CUST04318,0.38,0.13,0.1,1
CUST04319,0.25,0.12,0.05,0
CUST04320,0.59,0.23,0.1,0
CUST04321,0.69,0.38,0.22,0
CUST04322,0.28,0.07,0.04,0
CUST04323,0.35,0.08,0.06,1
CUST04324,0.34,0.12,0.08,0
CUST04325,0.18,0.04,0.02,0
CUST04326,0.5,0.23,0.14,0
CUST04327,0.45,0.13,0.09,0
CUST04328,0.3,0.12,0.09,0
CUST04329,0.62,0.25,0.15,0
CUST04330,0.38,0.21,0.09,0
CUST04331,0.26,0.1,0.04,0
CUST04332,0.11,0.05,0.03,0
CUST04333,0.26,0.12,0.08,0
CUST04334,0.22,0.11,0.07,0
CUST04335,0.35,0.21,0.11,0
CUST04336,0.15,0.08,0.03,0
CUST04337,0.1,0.05,0.04,0
CUST04338,0.35,0.17,0.06,0
CUST04339,0.13,0.04,0.03,0
CUST04340,0.36,0.2,0.13,0
CUST04341,0.2,0.08,0.06,0
CUST04342,0.33,0.14,0.05,0
CUST04343,0.16,0.08,0.03,0
CUST04344,0.2,0.06,0.03,0
CUST04345,0.19,0.08,0.04,0
CUST04346,0.39,0.18,0.1,0
CUST04347,0.13,0.07,0.04,0
CUST04348,0.43,0.25,0.16,0
CUST04349,0.35,0.11,0.09,0
CUST04350,0.09,0.03,0.02,0
CUST04351,0.36,0.12,0.06,0
CUST04352,0.14,0.07,0.04,0
CUST04353,0.55,0.15,0.12,0
CUST04354,0.51,0.11,0.09,0
CUST04355,0.14,0.08,0.03,0
CUST04356,0.27,0.07,0.04,0
CUST04357,0.34,0.17,0.09,0
CUST04358,0.16,0.08,0.03,0
CUST04359,0.35,0.14,0.06,0
CUST04360,0.41,0.17,0.08,0
CUST04361,0.35,0.07,0.04,0
CUST04362,0.46,0.23,0.07,0
CUST04363,0.23,0.09,0.06,0
CUST04364,0.5,0.11,0.05,0
CUST04365,0.44,0.12,0.08,0
CUST04366,0.11,0.03,0.02,0
CUST04367,0.64,0.15,0.09,0
CUST04368,0.12,0.04,0.02,0
CUST04369,0.25,0.12,0.08,0
CUST04370,0.11,0.04,0.01,1
CUST04371,0.36,0.17,0.13,0
CUST04372,0.43,0.16,0.07,0
CUST04373,0.28,0.13,0.1,0
CUST04374,0.04,0.01,0.0,0
CUST04375,0.32,0.13,0.09,0
CUST04376,0.12,0.05,0.02,0
CUST04377,0.12,0.06,0.04,0
CUST04378,0.5,0.12,0.08,0
CUST04379,0.28,0.07,0.02,0
CUST04380,0.12,0.03,0.01,0
CUST04381,0.25,0.1,0.06,0
CUST04382,0.05,0.01,0.01,0
CUST04383,0.35,0.08,0.06,0
CUST04384,0.1,0.04,0.03,0
CUST04385,0.35,0.16,0.06,0
CUST04386,0.35,0.08,0.03,0
CUST04387,0.16,0.06,0.02,0
CUST04388,0.57,0.33,0.14,0
CUST04389,0.21,0.09,0.07,0
CUST04390,0.22,0.09,0.06,0
CUST04391,0.13,0.07,0.05,0
CUST04392,0.39,0.19,0.12,0
CUST04393,0.59,0.3,0.18,0
CUST04394,0.63,0.23,0.12,0
CUST04395,0.44,0.15,0.08,0
CUST04396,0.07,0.02,0.01,0
CUST04397,0.13,0.05,0.04,0
CUST04398,0.18,0.05,0.04,0
CUST04399,0.1,0.05,0.04,0
CUST04400,0.18,0.1,0.07,0
CUST04401,0.26,0.07,0.05,0
CUST04402,0.06,0.03,0.02,0
CUST04403,0.57,0.29,0.21,1
CUST04404,0.09,0.02,0.01,0
CUST04405,0.3,0.13,0.05,0
CUST04406,0.35,0.1,0.06,0
CUST04407,0.25,0.14,0.05,0
CUST04408,0.39,0.14,0.09,0
CUST04409,0.44,0.24,0.11,0
CUST04410,0.33,0.2,0.14,0
CUST04411,0.16,0.07,0.05,0
CUST04412,0.36,0.11,0.08,0
CUST04413,0.34,0.13,0.08,0
CUST04414,0.39,0.08,0.05,0
CUST04415,0.39,0.09,0.03,0
CUST04416,0.13,0.07,0.03,0
CUST04417,0.07,0.02,0.01,0
CUST04418,0.31,0.18,0.13,0
CUST04419,0.06,0.03,0.02,0
CUST04420,0.28,0.06,0.03,0
CUST04421,0.25,0.13,0.09,0
CUST04422,0.58,0.24,0.12,0
CUST04423,0.46,0.18,0.06,0
CUST04424,0.04,0.02,0.01,0
CUST04425,0.48,0.2,0.11,0
CUST04426,0.38,0.09,0.07,0
CUST04427,0.25,0.15,0.11,0
CUST04428,0.39,0.16,0.1,0
CUST04429,0.14,0.06,0.04,0
CUST04430,0.47,0.27,0.16,0
CUST04431,0.17,0.1,0.04,0
CUST04432,0.38,0.14,0.09,0
CUST04433,0.37,0.14,0.07,0
CUST04434,0.17,0.08,0.02,0
CUST04435,0.33,0.09,0.06,0
CUST04436,0.37,0.21,0.16,0
CUST04437,0.06,0.03,0.02,0
CUST04438,0.56,0.23,0.18,0
CUST04439,0.45,0.23,0.16,0
CUST04440,0.1,0.05,0.04,1
CUST04441,0.07,0.02,0.01,0
CUST04442,0.54,0.17,0.09,0
CUST04443,0.21,0.12,0.07,0
CUST04444,0.11,0.04,0.02,1
CUST04445,0.01,0.0,0.0,0
CUST04446,0.31,0.17,0.05,0
CUST04447,0.31,0.11,0.04,0
CUST04448,0.46,0.22,0.07,0
CUST04449,0.27,0.16,0.11,0
CUST04450,0.26,0.06,0.04,0
CUST04451,0.51,0.24,0.17,0
CUST04452,0.38,0.23,0.12,0
CUST04453,0.23,0.11,0.06,0
CUST04454,0.19,0.07,0.05,0
CUST04455,0.54,0.27,0.16,0
CUST04456,0.21,0.04,0.02,0
CUST04457,0.23,0.1,0.05,0
CUST04458,0.21,0.06,0.02,0
CUST04459,0.36,0.16,0.06,0
CUST04460,0.58,0.31,0.1,0
CUST04461,0.53,0.29,0.14,0
CUST04462,0.41,0.19,0.09,0
CUST04463,0.27,0.07,0.05,0
CUST04464,0.17,0.1,0.04,0
CUST04465,0.31,0.16,0.08,0
CUST04466,0.37,0.18,0.07,0
CUST04467,0.25,0.1,0.07,0
CUST04468,0.17,0.06,0.03,0
CUST04469,0.13,0.03,0.01,0
CUST04470,0.33,0.18,0.13,0
CUST04471,0.24,0.14,0.09,0
CUST04472,0.43,0.24,0.11,0
CUST04473,0.3,0.16,0.1,0
CUST04474,0.2,0.06,0.04,0
CUST04475,0.49,0.11,0.04,0
CUST04476,0.09,0.03,0.02,0
CUST04477,0.27,0.13,0.06,0
CUST04478,0.29,0.15,0.05,0
CUST04479,0.2,0.06,0.04,0
CUST04480,0.2,0.12,0.07,0
CUST04481,0.35,0.2,0.15,0
CUST04482,0.26,0.09,0.05,0
CUST04483,0.21,0.12,0.07,0
CUST04484,0.61,0.27,0.1,0
CUST04485,0.39,0.12,0.06,0
CUST04486,0.16,0.08,0.03,0
CUST04487,0.17,0.08,0.04,0
CUST04488,0.12,0.04,0.02,0
CUST04489,0.51,0.14,0.05,0
CUST04490,0.17,0.09,0.04,0
CUST04491,0.46,0.15,0.08,0
CUST04492,0.27,0.06,0.03,0
CUST04493,0.22,0.09,0.04,0
CUST04494,0.25,0.09,0.07,0
CUST04495,0.43,0.25,0.1,0
CUST04496,0.19,0.04,0.03,0
CUST04497,0.38,0.08,0.06,0
CUST04498,0.55,0.15,0.09,0
CUST04499,0.49,0.12,0.09,0
CUST04500,0.58,0.34,0.23,0
CUST04501,0.24,0.12,0.07,0
CUST04502,0.18,0.07,0.02,0
CUST04503,0.43,0.23,0.1,0
CUST04504,0.2,0.11,0.07,0
CUST04505,0.25,0.06,0.04,0
CUST04506,0.46,0.26,0.16,0
CUST04507,0.4,0.11,0.07,0
CUST04508,0.36,0.15,0.1,0
CUST04509,0.52,0.27,0.09,0
CUST04510,0.33,0.12,0.07,0
CUST04511,0.34,0.07,0.04,0
CUST04512,0.24,0.06,0.02,0
CUST04513,0.42,0.17,0.11,0
CUST04514,0.15,0.07,0.05,0
CUST04515,0.18,0.08,0.06,0
CUST04516,0.17,0.05,0.04,0
CUST04517,0.25,0.1,0.04,0
CUST04518,0.75,0.31,0.22,1
CUST04519,0.35,0.13,0.08,0
CUST04520,0.52,0.23,0.15,0
CUST04521,0.34,0.11,0.07,0
CUST04522,0.21,0.12,0.08,0
CUST04523,0.08,0.05,0.04,0
CUST04524,0.58,0.12,0.06,0
CUST04525,0.27,0.14,0.08,0
CUST04526,0.46,0.25,0.17,0
CUST04527,0.5,0.24,0.17,0
CUST04528,0.14,0.05,0.02,0
CUST04529,0.09,0.04,0.02,0
CUST04530,0.16,0.04,0.01,1
CUST04531,0.61,0.29,0.09,0
CUST04532,0.17,0.07,0.05,0
CUST04533,0.3,0.18,0.09,0
CUST04534,0.19,0.06,0.03,0
CUST04535,0.19,0.09,0.06,1
CUST04536,0.27,0.08,0.03,0
CUST04537,0.43,0.16,0.13,0
CUST04538,0.8,0.32,0.19,1
CUST04539,0.49,0.18,0.09,0
CUST04540,0.21,0.05,0.02,1
CUST04541,0.21,0.11,0.07,0
CUST04542,0.42,0.25,0.17,0
CUST04543,0.48,0.11,0.06,0
CUST04544,0.09,0.04,0.02,0
CUST04545,0.37,0.1,0.08,0
CUST04546,0.26,0.09,0.06,0
CUST04547,0.08,0.02,0.01,0
CUST04548,0.17,0.07,0.06,0
CUST04549,0.25,0.1,0.08,0
CUST04550,0.23,0.08,0.05,0
CUST04551,0.23,0.08,0.06,0
CUST04552,0.04,0.02,0.01,0
CUST04553,0.05,0.03,0.01,0
CUST04554,0.29,0.12,0.09,0
CUST04555,0.42,0.16,0.11,0
CUST04556,0.18,0.11,0.04,0
CUST04557,0.29,0.1,0.06,0
CUST04558,0.17,0.08,0.04,1
CUST04559,0.5,0.16,0.07,0
CUST04560,0.17,0.06,0.04,0
CUST04561,0.03,0.01,0.01,0
CUST04562,0.32,0.07,0.04,0
CUST04563,0.16,0.04,0.03,0
CUST04564,0.37,0.09,0.03,0
CUST04565,0.25,0.08,0.04,0
CUST04566,0.25,0.15,0.09,0
CUST04567,0.24,0.13,0.09,0
CUST04568,0.31,0.16,0.1,0
CUST04569,0.22,0.07,0.03,0
CUST04570,0.31,0.1,0.06,0
CUST04571,0.07,0.03,0.02,0
CUST04572,0.08,0.03,0.02,0
CUST04573,0.47,0.18,0.1,0
CUST04574,0.14,0.04,0.02,0
CUST04575,0.17,0.09,0.05,0
CUST04576,0.16,0.06,0.02,0
CUST04577,0.45,0.1,0.06,0
CUST04578,0.39,0.12,0.05,0
CUST04579,0.4,0.16,0.06,0
CUST04580,0.48,0.16,0.13,0
CUST04581,0.36,0.13,0.09,0
CUST04582,0.11,0.05,0.03,0
CUST04583,0.24,0.06,0.04,1
CUST04584,0.13,0.06,0.04,0
CUST04585,0.05,0.02,0.01,0
CUST04586,0.06,0.01,0.01,0
CUST04587,0.28,0.13,0.08,0
CUST04588,0.47,0.25,0.15,0
CUST04589,0.6,0.15,0.05,1
CUST04590,0.39,0.22,0.12,0
CUST04591,0.12,0.05,0.03,0
CUST04592,0.25,0.15,0.07,0
CUST04593,0.2,0.07,0.05,0
CUST04594,0.12,0.05,0.02,0
CUST04595,0.49,0.28,0.1,0
CUST04596,0.64,0.14,0.06,0
CUST04597,0.19,0.11,0.08,0
CUST04598,0.34,0.17,0.12,0
CUST04599,0.17,0.03,0.02,0
CUST04600,0.69,0.19,0.09,0
CUST04601,0.11,0.06,0.05,0
CUST04602,0.22,0.07,0.03,0
CUST04603,0.07,0.03,0.02,0
CUST04604,0.29,0.13,0.05,0
CUST04605,0.07,0.01,0.0,0
CUST04606,0.56,0.25,0.08,0
CUST04607,0.19,0.1,0.04,0
CUST04608,0.42,0.2,0.09,0
CUST04609,0.06,0.01,0.0,0
CUST04610,0.41,0.21,0.12,0
CUST04611,0.22,0.06,0.03,0
CUST04612,0.26,0.13,0.08,0
CUST04613,0.11,0.02,0.01,0
CUST04614,0.09,0.04,0.03,0
CUST04615,0.57,0.12,0.04,0
CUST04616,0.28,0.11,0.07,0
CUST04617,0.29,0.14,0.07,0
CUST04618,0.14,0.04,0.01,0
CUST04619,0.4,0.15,0.09,0
CUST04620,0.15,0.03,0.02,0
CUST04621,0.36,0.18,0.11,0
CUST04622,0.4,0.09,0.06,0
CUST04623,0.29,0.13,0.07,0
CUST04624,0.07,0.04,0.03,0
CUST04625,0.59,0.29,0.12,0
CUST04626,0.36,0.12,0.06,0
CUST04627,0.02,0.01,0.01,0
CUST04628,0.38,0.17,0.07,0
CUST04629,0.39,0.23,0.07,0
CUST04630,0.4,0.2,0.1,0
CUST04631,0.1,0.04,0.02,0
CUST04632,0.24,0.08,0.04,0
CUST04633,0.33,0.12,0.09,0
CUST04634,0.09,0.02,0.01,0
CUST04635,0.12,0.04,0.01,0
CUST04636,0.31,0.07,0.04,0
CUST04637,0.14,0.08,0.03,0
CUST04638,0.06,0.03,0.02,0
CUST04639,0.13,0.03,0.02,0
CUST04640,0.28,0.14,0.06,0
CUST04641,0.58,0.17,0.09,0
CUST04642,0.14,0.04,0.02,0
CUST04643,0.29,0.16,0.12,0
CUST04644,0.36,0.21,0.16,0
CUST04645,0.11,0.04,0.02,0
CUST04646,0.15,0.06,0.03,0
CUST04647,0.08,0.04,0.02,0
CUST04648,0.46,0.19,0.13,0
CUST04649,0.02,0.01,0.0,0
CUST04650,0.3,0.1,0.06,0
CUST04651,0.2,0.06,0.02,0
CUST04652,0.43,0.24,0.07,0
CUST04653,0.06,0.02,0.01,0
CUST04654,0.4,0.16,0.07,0
CUST04655,0.55,0.23,0.1,0
CUST04656,0.25,0.12,0.04,0
CUST04657,0.42,0.1,0.04,0
CUST04658,0.36,0.09,0.03,0
CUST04659,0.14,0.05,0.04,0
CUST04660,0.35,0.15,0.12,0
CUST04661,0.15,0.03,0.01,0
CUST04662,0.51,0.26,0.19,0
CUST04663,0.17,0.05,0.03,0
CUST04664,0.38,0.14,0.09,0
CUST04665,0.49,0.14,0.08,0
CUST04666,0.16,0.07,0.04,0
CUST04667,0.23,0.07,0.03,0
CUST04668,0.15,0.03,0.02,0
CUST04669,0.49,0.15,0.12,0
CUST04670,0.15,0.04,0.02,0
CUST04671,0.55,0.26,0.18,0
CUST04672,0.13,0.07,0.04,0
CUST04673,0.12,0.03,0.02,0
CUST04674,0.49,0.23,0.08,0
CUST04675,0.21,0.11,0.09,0
CUST04676,0.24,0.07,0.04,0
CUST04677,0.57,0.3,0.13,0
CUST04678,0.2,0.08,0.03,0
CUST04679,0.03,0.02,0.01,0
CUST04680,0.38,0.14,0.09,0
CUST04681,0.12,0.03,0.01,0
CUST04682,0.33,0.15,0.11,0
CUST04683,0.32,0.18,0.1,1
CUST04684,0.12,0.07,0.05,0
CUST04685,0.13,0.07,0.04,0
CUST04686,0.16,0.04,0.03,0
CUST04687,0.49,0.1,0.05,0
CUST04688,0.09,0.04,0.02,0
CUST04689,0.33,0.2,0.07,0
CUST04690,0.36,0.21,0.14,0
CUST04691,0.05,0.02,0.01,0
CUST04692,0.55,0.16,0.07,0
CUST04693,0.26,0.13,0.07,0
CUST04694,0.18,0.07,0.04,0
CUST04695,0.49,0.26,0.21,0
CUST04696,0.39,0.18,0.1,0
CUST04697,0.43,0.12,0.06,0
CUST04698,0.66,0.35,0.23,1
CUST04699,0.41,0.08,0.05,0
CUST04700,0.41,0.18,0.1,0
CUST04701,0.16,0.05,0.02,0
CUST04702,0.28,0.08,0.05,0
CUST04703,0.11,0.06,0.03,0
CUST04704,0.48,0.18,0.07,0
CUST04705,0.41,0.22,0.1,0
CUST04706,0.28,0.11,0.08,0
CUST04707,0.52,0.15,0.12,0
CUST04708,0.38,0.23,0.13,0
CUST04709,0.15,0.06,0.05,0
CUST04710,0.41,0.13,0.08,0
CUST04711,0.59,0.22,0.16,0
CUST04712,0.17,0.08,0.06,0
CUST04713,0.28,0.09,0.04,0
CUST04714,0.21,0.06,0.04,0
CUST04715,0.37,0.14,0.05,0
CUST04716,0.41,0.14,0.11,0
CUST04717,0.01,0.0,0.0,0
CUST04718,0.26,0.11,0.03,0
CUST04719,0.57,0.18,0.14,0
CUST04720,0.43,0.21,0.13,0
CUST04721,0.08,0.04,0.02,1
CUST04722,0.15,0.07,0.02,0
CUST04723,0.33,0.13,0.05,0
CUST04724,0.38,0.19,0.07,0
CUST04725,0.3,0.14,0.07,0
CUST04726,0.51,0.24,0.14,0
CUST04727,0.17,0.1,0.05,0
CUST04728,0.43,0.2,0.14,0
CUST04729,0.3,0.08,0.03,0
CUST04730,0.35,0.2,0.08,0
CUST04731,0.32,0.1,0.03,0
CUST04732,0.35,0.12,0.04,0
CUST04733,0.09,0.05,0.02,0
CUST04734,0.13,0.04,0.02,0
CUST04735,0.49,0.27,0.14,0
CUST04736,0.5,0.23,0.18,0
CUST04737,0.37,0.17,0.1,0
CUST04738,0.26,0.09,0.04,0
CUST04739,0.19,0.04,0.02,0
CUST04740,0.21,0.08,0.03,0
CUST04741,0.11,0.07,0.03,0
CUST04742,0.13,0.05,0.02,0
CUST04743,0.45,0.1,0.05,0
CUST04744,0.65,0.25,0.13,0
CUST04745,0.06,0.01,0.0,0
CUST04746,0.25,0.14,0.07,0
CUST04747,0.17,0.08,0.06,0
CUST04748,0.2,0.07,0.05,0
CUST04749,0.43,0.21,0.09,1
CUST04750,0.4,0.12,0.04,0
CUST04751,0.33,0.18,0.11,0
CUST04752,0.16,0.04,0.03,0
CUST04753,0.22,0.09,0.03,0
CUST04754,0.65,0.3,0.15,0
CUST04755,0.1,0.04,0.03,0
CUST04756,0.17,0.05,0.02,0
CUST04757,0.13,0.04,0.03,0
CUST04758,0.08,0.04,0.03,0
CUST04759,0.55,0.18,0.09,0
CUST04760,0.29,0.15,0.09,0
CUST04761,0.26,0.09,0.03,0
CUST04762,0.12,0.05,0.02,0
CUST04763,0.07,0.02,0.01,0
CUST04764,0.15,0.05,0.03,0
CUST04765,0.37,0.2,0.1,0
CUST04766,0.17,0.05,0.02,0
CUST04767,0.29,0.12,0.06,0
CUST04768,0.43,0.18,0.14,0
CUST04769,0.72,0.36,0.25,0
CUST04770,0.21,0.04,0.02,0
CUST04771,0.26,0.11,0.07,1
CUST04772,0.18,0.06,0.05,0
CUST04773,0.07,0.02,0.02,0
CUST04774,0.38,0.08,0.03,0
CUST04775,0.18,0.09,0.04,0
CUST04776,0.43,0.1,0.08,0
CUST04777,0.27,0.06,0.04,0
CUST04778,0.37,0.22,0.16,0
CUST04779,0.12,0.07,0.05,0
CUST04780,0.23,0.1,0.06,0
CUST04781,0.06,0.02,0.01,0
CUST04782,0.44,0.09,0.07,0
CUST04783,0.26,0.13,0.09,0
CUST04784,0.07,0.02,0.01,0
CUST04785,0.38,0.09,0.05,1
CUST04786,0.09,0.05,0.02,0
CUST04787,0.05,0.01,0.01,0
CUST04788,0.25,0.06,0.04,0
CUST04789,0.2,0.07,0.02,0
CUST04790,0.67,0.37,0.26,0
CUST04791,0.26,0.12,0.09,0
CUST04792,0.43,0.16,0.1,0
CUST04793,0.22,0.11,0.06,0
CUST04794,0.21,0.1,0.04,0
CUST04795,0.04,0.01,0.0,0
CUST04796,0.07,0.03,0.02,0
CUST04797,0.23,0.13,0.08,0
CUST04798,0.47,0.12,0.06,0
CUST04799,0.35,0.12,0.04,0
CUST04800,0.51,0.14,0.08,0
CUST04801,0.28,0.07,0.04,0
CUST04802,0.22,0.06,0.03,0
CUST04803,0.28,0.07,0.04,0
CUST04804,0.27,0.08,0.06,0
CUST04805,0.11,0.03,0.02,0
CUST04806,0.64,0.23,0.09,0
CUST04807,0.14,0.05,0.02,0
CUST04808,0.35,0.17,0.14,1
CUST04809,0.44,0.12,0.08,0
CUST04810,0.28,0.09,0.05,0
CUST04811,0.27,0.1,0.06,0
CUST04812,0.43,0.23,0.14,0
CUST04813,0.18,0.1,0.06,0
CUST04814,0.13,0.03,0.01,0
CUST04815,0.28,0.08,0.06,0
CUST04816,0.37,0.15,0.1,0
CUST04817,0.09,0.03,0.02,0
CUST04818,0.16,0.05,0.03,0
CUST04819,0.62,0.25,0.14,0
CUST04820,0.16,0.04,0.02,0
CUST04821,0.45,0.16,0.12,0
CUST04822,0.28,0.14,0.06,0
CUST04823,0.44,0.25,0.12,0
CUST04824,0.02,0.0,0.0,0
CUST04825,0.25,0.14,0.05,0
CUST04826,0.01,0.0,0.0,0
CUST04827,0.2,0.05,0.02,0
CUST04828,0.33,0.11,0.08,0
CUST04829,0.29,0.11,0.06,0
CUST04830,0.12,0.04,0.03,0
CUST04831,0.35,0.17,0.1,0
CUST04832,0.21,0.04,0.01,0
CUST04833,0.07,0.03,0.02,0
CUST04834,0.36,0.17,0.11,0
CUST04835,0.24,0.07,0.05,0
CUST04836,0.06,0.03,0.01,0
CUST04837,0.09,0.05,0.03,0
CUST04838,0.35,0.16,0.07,0
CUST04839,0.27,0.13,0.1,0
CUST04840,0.15,0.09,0.03,0
CUST04841,0.52,0.22,0.11,0
CUST04842,0.27,0.08,0.04,0
CUST04843,0.5,0.27,0.09,0
CUST04844,0.03,0.02,0.01,0
CUST04845,0.3,0.11,0.04,0
CUST04846,0.33,0.14,0.08,0
CUST04847,0.43,0.24,0.17,0
CUST04848,0.22,0.1,0.08,0
CUST04849,0.38,0.08,0.06,0
CUST04850,0.54,0.31,0.12,0
CUST04851,0.2,0.06,0.05,1
CUST04852,0.07,0.02,0.01,0
CUST04853,0.12,0.07,0.03,0
CUST04854,0.48,0.27,0.09,0
CUST04855,0.14,0.06,0.03,0
CUST04856,0.22,0.05,0.03,0
CUST04857,0.31,0.09,0.06,0
CUST04858,0.12,0.04,0.03,0
CUST04859,0.42,0.15,0.1,1
CUST04860,0.27,0.15,0.06,0
CUST04861,0.29,0.14,0.09,0
CUST04862,0.4,0.22,0.14,0
CUST04863,0.48,0.2,0.06,0
CUST04864,0.5,0.14,0.06,0
CUST04865,0.42,0.16,0.08,0
CUST04866,0.17,0.05,0.02,0
CUST04867,0.08,0.02,0.01,0
CUST04868,0.28,0.15,0.07,0
CUST04869,0.36,0.12,0.05,0
CUST04870,0.31,0.12,0.05,0
CUST04871,0.36,0.13,0.05,0
CUST04872,0.58,0.21,0.09,0
CUST04873,0.18,0.08,0.04,1
CUST04874,0.53,0.22,0.08,0
CUST04875,0.8,0.31,0.18,1
CUST04876,0.49,0.21,0.12,1
CUST04877,0.24,0.11,0.06,0
CUST04878,0.11,0.04,0.02,0
CUST04879,0.49,0.13,0.06,0
CUST04880,0.36,0.09,0.04,0
CUST04881,0.27,0.08,0.05,0
CUST04882,0.39,0.2,0.09,0
CUST04883,0.18,0.1,0.05,0
CUST04884,0.37,0.15,0.07,0
CUST04885,0.35,0.19,0.1,0
CUST04886,0.29,0.1,0.05,0
CUST04887,0.31,0.15,0.1,0
CUST04888,0.14,0.05,0.03,0
CUST04889,0.19,0.09,0.06,0
CUST04890,0.27,0.12,0.08,0
CUST04891,0.1,0.06,0.02,0
CUST04892,0.09,0.02,0.01,0
CUST04893,0.03,0.01,0.01,0
CUST04894,0.34,0.11,0.04,0
CUST04895,0.15,0.03,0.01,0
CUST04896,0.23,0.09,0.06,0
CUST04897,0.48,0.11,0.06,0
CUST04898,0.12,0.03,0.02,0
CUST04899,0.19,0.06,0.04,0
CUST04900,0.28,0.06,0.04,1
CUST04901,0.23,0.1,0.08,0
CUST04902,0.57,0.25,0.13,0
CUST04903,0.32,0.12,0.05,0
CUST04904,0.27,0.08,0.03,0
CUST04905,0.12,0.06,0.04,0
CUST04906,0.1,0.02,0.01,0
CUST04907,0.2,0.1,0.06,0
CUST04908,0.36,0.09,0.07,0
CUST04909,0.36,0.22,0.13,0
CUST04910,0.04,0.02,0.01,0
CUST04911,0.3,0.06,0.03,0
CUST04912,0.61,0.25,0.15,0
CUST04913,0.47,0.27,0.2,0
CUST04914,0.24,0.08,0.02,0
CUST04915,0.37,0.09,0.04,1
CUST04916,0.67,0.22,0.09,0
CUST04917,0.17,0.08,0.05,0
CUST04918,0.13,0.03,0.01,0
CUST04919,0.15,0.05,0.02,1
CUST04920,0.2,0.07,0.05,0
CUST04921,0.57,0.14,0.07,0
CUST04922,0.53,0.3,0.2,0
CUST04923,0.31,0.17,0.12,0
CUST04924,0.14,0.05,0.03,0
CUST04925,0.32,0.18,0.1,0
CUST04926,0.3,0.18,0.06,0
CUST04927,0.07,0.02,0.01,0
CUST04928,0.22,0.13,0.09,0
CUST04929,0.24,0.11,0.05,0
CUST04930,0.09,0.04,0.02,0
CUST04931,0.21,0.09,0.06,0
CUST04932,0.16,0.08,0.04,0
CUST04933,0.2,0.05,0.03,0
CUST04934,0.59,0.31,0.11,0
CUST04935,0.33,0.19,0.11,0
CUST04936,0.52,0.29,0.16,0
CUST04937,0.39,0.11,0.04,0
CUST04938,0.52,0.12,0.08,0
CUST04939,0.58,0.19,0.14,0
CUST04940,0.25,0.07,0.04,0
CUST04941,0.62,0.14,0.11,0
CUST04942,0.14,0.04,0.02,0
CUST04943,0.21,0.06,0.04,0
CUST04944,0.84,0.35,0.13,0
CUST04945,0.2,0.12,0.08,0
CUST04946,0.19,0.04,0.02,0
CUST04947,0.4,0.16,0.12,0
CUST04948,0.42,0.12,0.05,0
CUST04949,0.36,0.09,0.05,0
CUST04950,0.61,0.3,0.23,0
CUST04951,0.38,0.21,0.08,0
CUST04952,0.11,0.04,0.02,0
CUST04953,0.42,0.19,0.12,0
CUST04954,0.32,0.07,0.04,0
CUST04955,0.06,0.02,0.01,0
CUST04956,0.21,0.09,0.04,0
CUST04957,0.44,0.22,0.17,0
CUST04958,0.14,0.04,0.03,0
CUST04959,0.26,0.14,0.06,0
CUST04960,0.24,0.08,0.03,0
CUST04961,0.46,0.14,0.11,0
CUST04962,0.41,0.08,0.04,0
CUST04963,0.32,0.08,0.06,0
CUST04964,0.14,0.05,0.03,0
CUST04965,0.37,0.16,0.12,0
CUST04966,0.15,0.07,0.04,0
CUST04967,0.19,0.07,0.02,0
CUST04968,0.33,0.19,0.14,0
CUST04969,0.28,0.17,0.1,0
CUST04970,0.11,0.05,0.03,0
CUST04971,0.26,0.14,0.06,0
CUST04972,0.3,0.1,0.04,0
CUST04973,0.23,0.05,0.04,1
CUST04974,0.15,0.08,0.06,0
CUST04975,0.18,0.07,0.04,0
CUST04976,0.22,0.07,0.02,0
CUST04977,0.08,0.03,0.02,0
CUST04978,0.48,0.1,0.06,0
CUST04979,0.39,0.21,0.11,1
CUST04980,0.15,0.03,0.01,0
CUST04981,0.21,0.07,0.03,0
CUST04982,0.06,0.02,0.01,0
CUST04983,0.45,0.15,0.07,0
CUST04984,0.37,0.17,0.13,0
CUST04985,0.28,0.12,0.06,0
CUST04986,0.08,0.04,0.03,0
CUST04987,0.32,0.12,0.07,0
CUST04988,0.28,0.16,0.12,0
CUST04989,0.39,0.12,0.09,0
CUST04990,0.15,0.07,0.03,0
CUST04991,0.23,0.12,0.08,0
CUST04992,0.35,0.11,0.03,0
CUST04993,0.33,0.08,0.02,0
CUST04994,0.71,0.33,0.18,0
CUST04995,0.19,0.08,0.04,0
CUST04996,0.6,0.26,0.17,0
CUST04997,0.08,0.02,0.01,0
CUST04998,0.35,0.17,0.13,0
CUST04999,0.21,0.09,0.04,0
