customer_id,churn,ltv
CUST00000,0,10743.89
CUST00001,0,7642.6
CUST00002,1,10474.98
CUST00003,0,10153.26
CUST00004,0,8910.84
CUST00005,0,10180.81
CUST00006,0,7467.34
CUST00007,0,6569.63
CUST00008,0,6599.19
CUST00009,0,8894.65
CUST00010,0,7703.18
CUST00011,0,10353.27
CUST00012,0,9395.64
CUST00013,1,9428.77
CUST00014,0,8321.27
CUST00015,1,11095.74
CUST00016,0,8138.06
CUST00017,0,8782.44
CUST00018,0,8896.75
CUST00019,0,7617.64
CUST00020,0,10234.73
CUST00021,1,10401.43
CUST00022,0,9321.53
CUST00023,0,9068.24
CUST00024,0,8931.53
CUST00025,0,9082.93
CUST00026,1,10403.25
CUST00027,0,7898.21
CUST00028,0,9297.38
CUST00029,0,9230.51
CUST00030,0,7479.74
CUST00031,0,10523.2
CUST00032,1,7396.67
CUST00033,0,8343.14
CUST00034,0,9202.56
CUST00035,0,7296.04
CUST00036,0,8123.59
CUST00037,1,11153.66
CUST00038,1,10303.89
CUST00039,0,8097.94
CUST00040,0,8936.17
CUST00041,0,6856.53
CUST00042,0,9179.72
CUST00043,0,9491.83
CUST00044,0,6684.85
CUST00045,0,11472.16
CUST00046,0,7947.01
CUST00047,0,6450.73
CUST00048,0,8361.21
CUST00049,0,9473.93
CUST00050,0,8397.08
CUST00051,0,8813.86
CUST00052,0,9586.39
CUST00053,0,7092.18
CUST00054,0,7262.43
CUST00055,0,8734.51
CUST00056,0,8358.64
CUST00057,0,8975.24
CUST00058,0,9322.81
CUST00059,0,8300.13
CUST00060,1,8499.74
CUST00061,0,8160.91
CUST00062,0,10095.26
CUST00063,0,8394.51
CUST00064,0,8870.93
CUST00065,0,9823.93
CUST00066,0,9458.13
CUST00067,0,9280.79
CUST00068,0,7773.53
CUST00069,1,6721.77
CUST00070,0,7783.89
CUST00071,0,12553.32
CUST00072,0,8898.36
CUST00073,0,9339.05
CUST00074,0,9611.4
CUST00075,0,8444.38
CUST00076,0,8626.1
CUST00077,0,8138.15
CUST00078,0,7486.91
CUST00079,0,8798.46
CUST00080,0,6686.38
CUST00081,0,8124.37
CUST00082,0,6508.67
CUST00083,0,6885.63
CUST00084,0,9508.82
CUST00085,0,11071.73
CUST00086,0,5860.72
CUST00087,0,8143.56
CUST00088,0,9591.62
CUST00089,0,9156.37
CUST00090,0,8295.78
CUST00091,0,8245.82
CUST00092,0,9097.43
CUST00093,0,6640.49
CUST00094,0,7840.75
CUST00095,0,10654.6
CUST00096,0,9795.11
CUST00097,0,8750.48
CUST00098,0,10997.69
CUST00099,0,7641.49
CUST00100,0,10603.28
CUST00101,0,6808.51
CUST00102,0,9795.16
CUST00103,0,7226.13
CUST00104,0,8230.8
CUST00105,0,9080.34
CUST00106,0,8030.6
CUST00107,0,7825.86
CUST00108,0,8503.2
CUST00109,0,8547.96
CUST00110,0,8407.49
CUST00111,0,8635.06
CUST00112,0,8850.43
CUST00113,0,7640.77
CUST00114,0,9497.7
CUST00115,0,6637.26
CUST00116,0,8162.97
CUST00117,0,7211.34
CUST00118,0,8360.78
CUST00119,0,8682.31
CUST00120,0,8561.78
CUST00121,0,9380.27
CUST00122,0,6701.74
CUST00123,0,8936.31
CUST00124,0,9585.91
CUST00125,0,10526.42
CUST00126,0,7290.65
CUST00127,0,8061.59
CUST00128,0,10034.26
CUST00129,1,7934.8
CUST00130,0,8827.86
CUST00131,0,8706.87
CUST00132,0,9835.74
CUST00133,0,9947.33
CUST00134,1,9612.04
CUST00135,0,13024.09
CUST00136,1,8151.04
CUST00137,0,7242.3
CUST00138,0,9146.63
CUST00139,0,9977.79
CUST00140,0,6370.58
CUST00141,0,7477.96
CUST00142,0,8801.55
CUST00143,0,10337.43
CUST00144,0,7994.48
CUST00145,0,7953.26
CUST00146,0,7463.46
CUST00147,1,6192.23
CUST00148,0,10757.07
CUST00149,1,9006.51
CUST00150,0,8649.2
CUST00151,0,8915.14
CUST00152,0,8135.4
CUST00153,0,7932.17
CUST00154,1,8149.87
CUST00155,0,10566.59
CUST00156,0,8336.64
CUST00157,0,9447.95
CUST00158,0,6948.13
CUST00159,0,7936.9
CUST00160,0,9204.88
CUST00161,1,7748.29
CUST00162,0,7593.26
CUST00163,0,8033.13
CUST00164,0,8096.14
CUST00165,1,8756.26
CUST00166,0,9295.18
CUST00167,0,8600.15
CUST00168,0,8565.23
CUST00169,0,7502.69
CUST00170,0,8481.45
CUST00171,0,9448.16
CUST00172,0,8692.93
CUST00173,0,9361.41
CUST00174,0,11260.44
CUST00175,0,8132.32
CUST00176,1,8419.36
CUST00177,0,7179.75
CUST00178,0,8961.15
CUST00179,0,9586.09
CUST00180,0,7550.98
CUST00181,0,6649.11
CUST00182,0,7548.32
CUST00183,0,7273.99
CUST00184,0,8481.59
CUST00185,1,6891.97
CUST00186,0,8904.72
CUST00187,0,10090.12
CUST00188,0,8916.15
CUST00189,0,8696.65
CUST00190,0,7628.2
CUST00191,0,9827.89
CUST00192,0,7783.7
CUST00193,0,8862.57
CUST00194,0,7296.45
CUST00195,0,8340.64
CUST00196,0,9175.71
CUST00197,0,8462.06
CUST00198,0,8374.1
CUST00199,0,7357.61
CUST00200,0,7923.35
CUST00201,0,7514.14
CUST00202,0,5038.17
CUST00203,0,9251.43
CUST00204,0,11527.61
CUST00205,0,8449.62
CUST00206,1,8098.07
CUST00207,0,9271.06
CUST00208,0,9958.94
CUST00209,0,8982.76
CUST00210,0,8393.61
CUST00211,0,6587.15
CUST00212,1,7797.99
CUST00213,0,9502.24
CUST00214,0,7893.92
CUST00215,0,7677.88
CUST00216,1,7737.16
CUST00217,0,7019.39
CUST00218,0,8016.37
CUST00219,0,8454.81
CUST00220,0,8604.47
CUST00221,1,7744.3
CUST00222,0,9441.25
CUST00223,1,9744.2
CUST00224,0,6238.29
CUST00225,0,10041.38
CUST00226,0,8762.82
CUST00227,0,8645.68
CUST00228,0,7029.91
CUST00229,0,9560.83
CUST00230,0,7248.18
CUST00231,0,7687.12
CUST00232,0,8991.65
CUST00233,1,9532.47
CUST00234,0,8250.42
CUST00235,0,9304.27
CUST00236,1,8979.38
CUST00237,0,7838.11
CUST00238,0,9055.59
CUST00239,0,6477.59
CUST00240,0,8935.4
CUST00241,0,7992.78
CUST00242,0,7059.04
CUST00243,0,6650.91
CUST00244,0,11198.39
CUST00245,0,7907.51
CUST00246,0,9328.23
CUST00247,0,11389.02
CUST00248,0,8232.48
CUST00249,0,9684.0
CUST00250,0,9568.93
CUST00251,0,8727.07
CUST00252,0,8584.48
CUST00253,1,10420.45
CUST00254,0,9756.95
CUST00255,0,7402.2
CUST00256,0,9201.38
CUST00257,0,9613.99
CUST00258,0,9747.53
CUST00259,0,10691.49
CUST00260,0,9059.92
CUST00261,0,9556.83
CUST00262,0,8529.55
CUST00263,0,7622.66
CUST00264,0,10511.21
CUST00265,0,8385.29
CUST00266,0,10002.72
CUST00267,0,7912.49
CUST00268,0,11104.52
CUST00269,0,6984.99
CUST00270,0,7849.78
CUST00271,0,7825.44
CUST00272,0,8533.85
CUST00273,0,8554.25
CUST00274,0,7666.96
CUST00275,0,7840.42
CUST00276,0,8242.92
CUST00277,0,8895.9
CUST00278,0,8157.1
CUST00279,0,8368.65
CUST00280,0,8016.48
CUST00281,0,11153.34
CUST00282,0,8952.43
CUST00283,0,7360.32
CUST00284,0,6852.48
CUST00285,0,10613.85
CUST00286,0,6450.37
CUST00287,0,8653.29
CUST00288,0,7606.05
CUST00289,0,7676.63
CUST00290,0,9127.43
CUST00291,0,11354.91
CUST00292,0,8065.94
CUST00293,0,8285.11
CUST00294,0,7136.83
CUST00295,0,8020.26
CUST00296,0,8217.5
CUST00297,0,8957.25
CUST00298,0,8293.31
CUST00299,0,10202.36
CUST00300,0,8518.49
CUST00301,0,8850.36
CUST00302,0,8922.17
CUST00303,0,7493.84
CUST00304,0,8047.8
CUST00305,0,10124.18
CUST00306,0,7807.07
CUST00307,0,9908.58
CUST00308,0,7959.88
CUST00309,1,6909.53
CUST00310,0,8498.21
CUST00311,0,9092.58
CUST00312,0,8356.8
CUST00313,0,10143.46
CUST00314,0,7818.45
CUST00315,0,7581.56
CUST00316,0,8982.22
CUST00317,0,8478.51
CUST00318,0,6968.39
CUST00319,0,8677.49
CUST00320,0,9162.49
CUST00321,0,8818.82
CUST00322,0,7471.73
CUST00323,0,9103.83
CUST00324,0,8124.39
CUST00325,0,8938.8
CUST00326,1,8594.14
CUST00327,0,8604.86
CUST00328,1,7701.76
CUST00329,0,9258.52
CUST00330,0,9495.6
CUST00331,0,9727.18
CUST00332,0,9473.83
CUST00333,0,8163.72
CUST00334,0,9806.42
CUST00335,0,7028.91
CUST00336,0,8168.2
CUST00337,0,8640.53
CUST00338,0,8503.6
CUST00339,0,8379.25
CUST00340,0,7790.59
CUST00341,0,8328.02
CUST00342,0,10711.87
CUST00343,0,8541.43
CUST00344,0,9263.7
CUST00345,1,8870.84
CUST00346,0,7163.62
CUST00347,0,11278.4
CUST00348,0,8473.28
CUST00349,0,8559.86
CUST00350,0,8855.53
CUST00351,0,8800.51
CUST00352,0,8622.65
CUST00353,0,7162.06
CUST00354,0,8969.7
CUST00355,0,9609.39
CUST00356,0,8848.37
CUST00357,0,5257.83
CUST00358,0,8897.54
CUST00359,0,8868.85
CUST00360,1,8407.79
CUST00361,0,7659.49
CUST00362,0,8368.28
CUST00363,0,8439.86
CUST00364,1,9998.48
CUST00365,0,8350.07
CUST00366,0,9900.87
CUST00367,0,6879.18
CUST00368,1,8605.44
CUST00369,1,8081.71
CUST00370,0,8435.92
CUST00371,0,9637.03
CUST00372,1,7835.06
CUST00373,0,7915.17
CUST00374,0,7832.56
CUST00375,0,7861.7
CUST00376,0,10348.6
CUST00377,0,8572.31
CUST00378,0,10562.92
CUST00379,0,8749.38
CUST00380,0,9575.62
CUST00381,0,7361.89
CUST00382,0,7761.92
CUST00383,0,7752.98
CUST00384,0,7391.88
CUST00385,0,9241.13
CUST00386,0,9218.68
CUST00387,0,10191.6
CUST00388,1,8254.69
CUST00389,0,7487.51
CUST00390,0,9632.06
CUST00391,0,5318.03
CUST00392,0,9453.88
CUST00393,1,10658.69
CUST00394,0,8886.29
CUST00395,1,8361.46
CUST00396,0,9604.76
CUST00397,0,9324.2
CUST00398,0,7368.99
CUST00399,0,7310.08
CUST00400,0,8246.91
CUST00401,0,7792.01
CUST00402,0,10664.07
CUST00403,0,7109.11
CUST00404,0,7353.2
CUST00405,0,7815.99
CUST00406,0,8771.83
CUST00407,0,8118.35
CUST00408,0,7585.57
CUST00409,0,7348.55
CUST00410,0,9557.16
CUST00411,0,8682.5
CUST00412,1,8709.09
CUST00413,0,10469.67
CUST00414,0,10001.92
CUST00415,1,7964.73
CUST00416,0,9267.6
CUST00417,0,8331.79
CUST00418,0,7050.41
CUST00419,0,7605.8
CUST00420,0,8425.28
CUST00421,0,7618.06
CUST00422,0,9641.77
CUST00423,1,8372.3
CUST00424,0,7054.6
CUST00425,0,7803.1
CUST00426,1,10532.93
CUST00427,0,7384.22
CUST00428,0,9763.14
CUST00429,0,5259.85
CUST00430,0,9054.65
CUST00431,0,9183.71
CUST00432,0,7471.33
CUST00433,0,8606.67
CUST00434,0,7684.86
CUST00435,0,6608.72
CUST00436,0,8188.84
CUST00437,0,6777.32
CUST00438,0,6757.7
CUST00439,0,7736.71
CUST00440,0,8707.58
CUST00441,1,10261.73
CUST00442,0,10366.07
CUST00443,0,7234.58
CUST00444,0,8233.96
CUST00445,1,7557.08
CUST00446,0,9303.59
CUST00447,0,12193.83
CUST00448,1,7266.3
CUST00449,1,9566.32
CUST00450,0,7344.73
CUST00451,0,9892.78
CUST00452,0,9766.49
CUST00453,0,10340.38
CUST00454,0,8020.06
CUST00455,0,7242.79
CUST00456,1,8404.59
CUST00457,0,7957.58
CUST00458,1,8638.58
CUST00459,0,10384.42
CUST00460,1,7869.04
CUST00461,0,7392.13
CUST00462,0,8773.01
CUST00463,0,8148.08
CUST00464,1,7973.65
CUST00465,0,7687.29
CUST00466,0,8346.1
CUST00467,0,8348.27
CUST00468,0,8787.6
CUST00469,0,9399.87
CUST00470,0,10748.5
CUST00471,0,9578.09
CUST00472,0,10874.36
CUST00473,0,7046.7
CUST00474,0,7329.38
CUST00475,0,9007.17
CUST00476,0,7237.85
CUST00477,0,7535.59
CUST00478,0,8795.15
CUST00479,0,8340.64
CUST00480,0,7833.97
CUST00481,0,10447.35
CUST00482,0,9653.09
CUST00483,0,7826.28
CUST00484,0,7266.74
CUST00485,0,6711.94
CUST00486,0,10170.25
CUST00487,0,9000.62
CUST00488,0,9044.14
CUST00489,0,8946.63
CUST00490,0,7043.45
CUST00491,0,8921.76
CUST00492,0,6956.68
CUST00493,0,8483.14
CUST00494,0,8512.32
CUST00495,0,7408.01
CUST00496,0,8700.15
CUST00497,0,10603.73
CUST00498,0,8253.02
CUST00499,0,9236.29
CUST00500,0,7368.71
CUST00501,0,9950.16
CUST00502,1,8737.48
CUST00503,0,8583.67
CUST00504,0,5614.16
CUST00505,0,10211.88
CUST00506,0,9455.91
CUST00507,0,7648.82
CUST00508,0,10458.88
CUST00509,0,9453.18
CUST00510,0,9540.03
CUST00511,0,7809.04
CUST00512,1,8071.29
CUST00513,0,11320.08
CUST00514,0,8540.8
CUST00515,0,8746.39
CUST00516,0,10349.86
CUST00517,0,8532.24
CUST00518,0,9173.95
CUST00519,0,7590.83
CUST00520,0,8508.01
CUST00521,0,8590.18
CUST00522,0,6897.79
CUST00523,0,8392.74
CUST00524,0,8819.4
CUST00525,0,7840.3
CUST00526,1,8199.34
CUST00527,0,8832.1
CUST00528,0,9655.6
CUST00529,0,8347.51
CUST00530,0,9930.64
CUST00531,0,10022.62
CUST00532,0,10226.58
CUST00533,0,10038.74
CUST00534,0,10111.16
CUST00535,0,8398.98
CUST00536,0,8917.31
CUST00537,1,8159.36
CUST00538,1,7866.04
CUST00539,0,9304.76
CUST00540,0,7844.49
CUST00541,0,8711.9
CUST00542,0,9025.08
CUST00543,1,10813.38
CUST00544,0,7735.18
CUST00545,0,9028.68
CUST00546,0,7879.42
CUST00547,0,7936.27
CUST00548,0,7311.88
CUST00549,0,9354.3
CUST00550,0,7394.68
CUST00551,0,12331.29
CUST00552,0,7073.08
CUST00553,1,8383.39
CUST00554,0,8100.0
CUST00555,0,9700.52
CUST00556,0,10379.76
CUST00557,0,10257.95
CUST00558,0,7941.21
CUST00559,0,8678.02
CUST00560,0,7352.12
CUST00561,0,6960.11
CUST00562,0,7470.7
CUST00563,0,6960.15
CUST00564,0,8671.99
CUST00565,0,8310.01
CUST00566,0,10199.64
CUST00567,0,9719.22
CUST00568,1,7038.71
CUST00569,0,8671.64
CUST00570,0,7747.62
CUST00571,0,7143.89
CUST00572,1,8257.98
CUST00573,0,8908.55
CUST00574,0,8777.42
CUST00575,0,7834.19
CUST00576,0,8913.59
CUST00577,0,5416.96
CUST00578,0,9693.5
CUST00579,0,8319.65
CUST00580,1,9661.09
CUST00581,0,9481.71
CUST00582,0,6965.85
CUST00583,0,9541.7
CUST00584,0,7922.77
CUST00585,0,10678.26
CUST00586,0,9425.84
CUST00587,1,8756.65
CUST00588,0,8326.4
CUST00589,0,12070.82
CUST00590,1,10208.38
CUST00591,0,8907.24
CUST00592,0,9147.16
CUST00593,0,7487.09
CUST00594,0,7632.22
CUST00595,0,6975.75
CUST00596,0,7828.89
CUST00597,0,8376.72
CUST00598,0,8684.8
CUST00599,0,8763.36
CUST00600,0,6924.87
CUST00601,0,7074.03
CUST00602,1,8723.6
CUST00603,0,8419.67
CUST00604,0,10110.15
CUST00605,0,8138.11
CUST00606,0,8322.15
CUST00607,0,10359.54
CUST00608,0,8717.3
CUST00609,0,9980.99
CUST00610,0,7280.11
CUST00611,0,6916.85
CUST00612,0,9409.93
CUST00613,0,7880.48
CUST00614,0,10168.03
CUST00615,0,7584.36
CUST00616,0,10577.28
CUST00617,0,9476.98
CUST00618,0,6459.14
CUST00619,0,7898.15
CUST00620,0,8097.39
CUST00621,0,12148.99
CUST00622,0,8537.64
CUST00623,0,8418.18
CUST00624,0,10089.43
CUST00625,0,8883.92
CUST00626,0,8368.32
CUST00627,0,7568.51
CUST00628,0,9267.14
CUST00629,0,9002.01
CUST00630,0,7580.29
CUST00631,0,6976.51
CUST00632,0,8116.7
CUST00633,0,8201.44
CUST00634,0,7306.44
CUST00635,0,6910.73
CUST00636,0,8883.94
CUST00637,0,8014.1
CUST00638,0,12520.34
CUST00639,0,8365.16
CUST00640,0,6810.18
CUST00641,0,8076.44
CUST00642,0,9438.39
CUST00643,0,8466.21
CUST00644,0,6571.21
CUST00645,0,7710.03
CUST00646,0,7519.26
CUST00647,0,8264.83
CUST00648,0,9398.76
CUST00649,1,10009.23
CUST00650,0,8730.5
CUST00651,0,7168.28
CUST00652,0,8689.79
CUST00653,0,6683.2
CUST00654,0,7757.53
CUST00655,0,9431.38
CUST00656,0,8158.83
CUST00657,1,8915.29
CUST00658,1,10016.71
CUST00659,1,7432.53
CUST00660,1,8601.73
CUST00661,1,6675.53
CUST00662,0,8781.0
CUST00663,0,9724.24
CUST00664,0,10031.59
CUST00665,0,8432.13
CUST00666,0,6856.34
CUST00667,0,8466.43
CUST00668,0,6485.12
CUST00669,0,8341.35
CUST00670,0,10780.73
CUST00671,0,9944.89
CUST00672,0,8935.73
CUST00673,0,6800.74
CUST00674,0,8888.08
CUST00675,0,9477.14
CUST00676,0,7852.14
CUST00677,0,11018.21
CUST00678,0,7018.04
CUST00679,1,8513.26
CUST00680,1,8895.74
CUST00681,0,8680.09
CUST00682,0,8647.43
CUST00683,0,9136.36
CUST00684,0,8553.17
CUST00685,0,8281.34
CUST00686,0,8725.41
CUST00687,0,9070.82
CUST00688,0,9882.63
CUST00689,0,8608.22
CUST00690,0,8085.34
CUST00691,0,8106.75
CUST00692,0,9995.32
CUST00693,0,8045.79
CUST00694,0,8438.02
CUST00695,0,7466.0
CUST00696,0,7610.27
CUST00697,0,7220.8
CUST00698,0,7102.11
CUST00699,0,7822.4
CUST00700,0,10212.2
CUST00701,1,8557.85
CUST00702,1,8762.24
CUST00703,0,10263.08
CUST00704,0,7528.75
CUST00705,0,7401.55
CUST00706,0,8168.16
CUST00707,0,8080.78
CUST00708,0,10126.63
CUST00709,1,8722.27
CUST00710,0,9545.22
CUST00711,0,10013.98
CUST00712,1,10494.77
CUST00713,0,9364.57
CUST00714,0,9008.83
CUST00715,0,9087.9
CUST00716,0,7234.23
CUST00717,0,7370.19
CUST00718,0,8944.68
CUST00719,0,8945.72
CUST00720,0,8489.88
CUST00721,0,10212.35
CUST00722,0,8962.25
CUST00723,0,8598.57
CUST00724,0,9387.76
CUST00725,0,9391.28
CUST00726,0,7041.04
CUST00727,0,8083.82
CUST00728,0,10645.07
CUST00729,0,9605.53
CUST00730,1,8484.26
CUST00731,0,9510.12
CUST00732,1,8130.87
CUST00733,0,7781.63
CUST00734,0,9678.37
CUST00735,0,7684.34
CUST00736,0,7766.81
CUST00737,0,9753.08
CUST00738,1,9176.6
CUST00739,0,10562.02
CUST00740,0,8796.88
CUST00741,0,8924.58
CUST00742,0,8624.77
CUST00743,0,8886.71
CUST00744,1,9870.45
CUST00745,0,9835.25
CUST00746,0,9933.26
CUST00747,0,8211.18
CUST00748,0,8614.34
CUST00749,0,7532.16
CUST00750,0,9547.92
CUST00751,0,7950.61
CUST00752,0,7095.6
CUST00753,0,9693.27
CUST00754,0,9553.93
CUST00755,0,9553.15
CUST00756,0,9236.43
CUST00757,0,9055.96
CUST00758,0,7917.33
CUST00759,1,8871.27
CUST00760,0,9703.11
CUST00761,0,8072.44
CUST00762,1,7114.03
CUST00763,0,8544.94
CUST00764,0,7567.99
CUST00765,0,9077.77
CUST00766,0,9263.23
CUST00767,1,6997.18
CUST00768,0,10102.11
CUST00769,0,8115.72
CUST00770,1,7427.77
CUST00771,0,8469.39
CUST00772,0,9907.64
CUST00773,0,8149.89
CUST00774,0,9069.62
CUST00775,0,6654.9
CUST00776,0,7742.65
CUST00777,0,8713.01
CUST00778,0,7877.45
CUST00779,1,8095.71
CUST00780,0,7804.25
CUST00781,1,9061.78
CUST00782,0,7202.31
CUST00783,0,11429.43
CUST00784,0,8813.61
CUST00785,0,7910.15
CUST00786,0,10952.86
CUST00787,0,9113.45
CUST00788,0,7705.26
CUST00789,0,8702.63
CUST00790,0,9345.02
CUST00791,0,7193.61
CUST00792,0,10177.83
CUST00793,0,8357.26
CUST00794,0,9604.1
CUST00795,0,10231.82
CUST00796,0,8447.1
CUST00797,0,8662.08
CUST00798,1,6957.43
CUST00799,0,9017.01
CUST00800,0,9184.15
CUST00801,0,7540.81
CUST00802,0,6960.06
CUST00803,0,9339.71
CUST00804,0,8722.38
CUST00805,0,8452.83
CUST00806,1,8724.49
CUST00807,0,8913.41
CUST00808,0,9980.0
CUST00809,0,8838.05
CUST00810,0,8367.48
CUST00811,0,9476.37
CUST00812,0,11011.66
CUST00813,0,8734.78
CUST00814,0,8356.74
CUST00815,0,8590.65
CUST00816,0,9436.11
CUST00817,0,8413.89
CUST00818,0,6966.12
CUST00819,0,6304.13
CUST00820,0,11297.37
CUST00821,0,8236.81
CUST00822,0,7936.13
CUST00823,1,7972.91
CUST00824,0,6990.41
CUST00825,0,8552.25
CUST00826,0,8943.21
CUST00827,0,8917.02
CUST00828,0,7660.86
CUST00829,0,6031.08
CUST00830,0,6618.78
CUST00831,0,9066.91
CUST00832,0,9232.06
CUST00833,0,8186.94
CUST00834,0,7133.38
CUST00835,0,8077.02
CUST00836,0,9363.52
CUST00837,0,7543.69
CUST00838,0,9573.44
CUST00839,0,7925.82
CUST00840,0,9533.84
CUST00841,0,7978.68
CUST00842,0,8938.24
CUST00843,0,10870.06
CUST00844,0,8637.68
CUST00845,0,8803.86
CUST00846,0,7218.19
CUST00847,0,8196.2
CUST00848,1,7119.0
CUST00849,0,9818.45
CUST00850,0,11128.27
CUST00851,0,6797.98
CUST00852,0,8794.18
CUST00853,0,9647.85
CUST00854,0,7728.93
CUST00855,0,8406.75
CUST00856,0,8918.97
CUST00857,0,11330.58
CUST00858,0,7818.84
CUST00859,1,8518.92
CUST00860,0,9583.61
CUST00861,0,9640.26
CUST00862,0,6277.42
CUST00863,0,7201.01
CUST00864,0,8667.6
CUST00865,0,7219.88
CUST00866,0,7843.52
CUST00867,0,8152.01
CUST00868,0,7321.86
CUST00869,0,6912.45
CUST00870,0,9777.39
CUST00871,0,8327.11
CUST00872,0,8122.76
CUST00873,0,8717.69
CUST00874,0,8048.63
CUST00875,0,8852.69
CUST00876,0,7617.52
CUST00877,0,10067.62
CUST00878,0,10240.82
CUST00879,0,9566.47
CUST00880,0,8832.78
CUST00881,0,7685.73
CUST00882,0,8110.75
CUST00883,0,9009.36
CUST00884,0,7670.93
CUST00885,0,8185.45
CUST00886,0,9973.34
CUST00887,0,7060.81
CUST00888,0,7886.62
CUST00889,0,9892.64
CUST00890,0,8541.19
CUST00891,0,8879.76
CUST00892,0,7111.31
CUST00893,0,7449.09
CUST00894,0,8316.16
CUST00895,1,7830.47
CUST00896,1,8991.36
CUST00897,0,11863.07
CUST00898,0,6652.1
CUST00899,0,6486.77
CUST00900,0,9583.0
CUST00901,0,10135.15
CUST00902,0,10340.0
CUST00903,0,9544.75
CUST00904,0,7722.45
CUST00905,0,9048.06
CUST00906,0,10098.2
CUST00907,0,8298.69
CUST00908,0,9332.22
CUST00909,0,9446.35
CUST00910,0,8787.25
CUST00911,0,7394.61
CUST00912,0,8445.5
CUST00913,0,7645.33
CUST00914,0,10930.42
CUST00915,0,9120.07
CUST00916,0,8245.55
CUST00917,0,7500.0
CUST00918,0,8949.88
CUST00919,0,8302.49
CUST00920,0,8615.14
CUST00921,0,10586.09
CUST00922,0,6159.42
CUST00923,1,9068.77
CUST00924,0,9591.48
CUST00925,0,8268.29
CUST00926,0,8108.54
CUST00927,0,7747.84
CUST00928,0,7958.01
CUST00929,0,10726.8
CUST00930,0,8633.24
CUST00931,0,7953.59
CUST00932,0,6699.57
CUST00933,0,9825.46
CUST00934,0,9403.91
CUST00935,1,6943.7
CUST00936,0,6099.66
CUST00937,0,11025.43
CUST00938,0,7639.6
CUST00939,0,7768.04
CUST00940,0,7955.24
CUST00941,0,7989.97
CUST00942,0,10303.98
CUST00943,0,7855.82
CUST00944,0,8693.81
CUST00945,0,7984.68
CUST00946,0,8574.51
CUST00947,0,8338.44
CUST00948,0,7709.64
CUST00949,0,10065.8
CUST00950,1,7559.65
CUST00951,0,9082.54
CUST00952,0,8755.78
CUST00953,0,9346.08
CUST00954,0,10985.74
CUST00955,0,7825.27
CUST00956,0,8392.93
CUST00957,0,9208.24
CUST00958,0,7975.24
CUST00959,1,8548.25
CUST00960,0,9030.86
CUST00961,0,8392.84
CUST00962,0,8731.62
CUST00963,0,7419.2
CUST00964,0,6332.58
CUST00965,0,8369.33
CUST00966,0,7526.83
CUST00967,0,8332.25
CUST00968,0,7153.73
CUST00969,0,10443.41
CUST00970,0,10180.27
CUST00971,0,9001.53
CUST00972,1,7339.0
CUST00973,0,8147.12
CUST00974,0,8599.59
CUST00975,0,8815.73
CUST00976,0,7796.07
CUST00977,0,8710.28
CUST00978,0,8845.62
CUST00979,0,9162.92
CUST00980,0,9907.12
CUST00981,0,8427.88
CUST00982,0,10272.78
CUST00983,0,8073.32
CUST00984,0,8656.77
CUST00985,0,9331.39
CUST00986,0,8875.07
CUST00987,0,9686.82
CUST00988,0,7582.06
CUST00989,0,9414.27
CUST00990,0,9475.08
CUST00991,0,9789.95
CUST00992,0,7644.37
CUST00993,0,9302.9
CUST00994,0,6891.62
CUST00995,0,7842.34
CUST00996,0,9748.08
CUST00997,0,9056.83
CUST00998,0,10980.22
CUST00999,0,7971.32
CUST01000,0,9176.79
CUST01001,1,6661.01
CUST01002,0,7166.56
CUST01003,0,9469.47
CUST01004,0,7964.98
CUST01005,1,7156.69
CUST01006,0,9659.88
CUST01007,0,8786.98
CUST01008,0,8388.48
CUST01009,0,8897.15
CUST01010,0,8717.89
CUST01011,0,6637.91
CUST01012,0,11205.16
CUST01013,0,8501.4
CUST01014,0,7395.98
CUST01015,0,7936.37
CUST01016,1,8678.57
CUST01017,0,7487.19
CUST01018,0,8619.47
CUST01019,0,8946.5
CUST01020,0,8679.84
CUST01021,0,9482.22
CUST01022,0,9329.89
CUST01023,0,8647.16
CUST01024,0,8916.18
CUST01025,0,7951.58
CUST01026,0,7783.15
CUST01027,0,7427.68
CUST01028,0,10172.13
CUST01029,0,8143.62
CUST01030,0,7398.89
CUST01031,0,9588.05
CUST01032,0,9504.03
CUST01033,0,8684.69
CUST01034,0,9854.5
CUST01035,0,9821.25
CUST01036,0,7879.38
CUST01037,0,6523.4
CUST01038,0,8075.58
CUST01039,0,7974.35
CUST01040,1,8189.77
CUST01041,0,8673.25
CUST01042,1,6851.43
CUST01043,0,8300.82
CUST01044,0,9308.24
CUST01045,1,7583.23
CUST01046,0,9310.54
CUST01047,0,8076.32
CUST01048,0,6185.12
CUST01049,0,7328.82
CUST01050,0,6763.03
CUST01051,0,9277.45
CUST01052,0,9557.08
CUST01053,0,10431.29
CUST01054,0,7145.54
CUST01055,0,9965.73
CUST01056,1,10585.28
CUST01057,0,7363.75
CUST01058,1,10204.56
CUST01059,0,7722.89
CUST01060,0,9984.07
CUST01061,0,9256.93
CUST01062,0,6343.81
CUST01063,0,8326.66
CUST01064,0,7523.75
CUST01065,0,8760.25
CUST01066,0,7973.15
CUST01067,0,8787.83
CUST01068,0,8502.5
CUST01069,0,9244.44
CUST01070,0,9495.73
CUST01071,0,7778.7
CUST01072,0,9180.32
CUST01073,0,12480.16
CUST01074,0,7632.28
CUST01075,0,8265.37
CUST01076,1,9865.03
CUST01077,0,8401.02
CUST01078,0,9634.58
CUST01079,1,9328.78
CUST01080,0,6048.26
CUST01081,1,8375.16
CUST01082,0,9373.08
CUST01083,0,9802.39
CUST01084,0,7950.35
CUST01085,0,6565.03
CUST01086,0,7311.18
CUST01087,0,8620.12
CUST01088,0,8740.19
CUST01089,0,10133.85
CUST01090,0,8465.49
CUST01091,0,6572.79
CUST01092,0,10926.59
CUST01093,0,8569.64
CUST01094,0,9678.57
CUST01095,0,6730.84
CUST01096,0,8733.55
CUST01097,0,7422.82
CUST01098,0,9484.07
CUST01099,0,8758.38
CUST01100,0,6490.47
CUST01101,1,9774.61
CUST01102,0,8381.62
CUST01103,0,9598.0
CUST01104,0,7539.41
CUST01105,0,8433.12
CUST01106,0,7798.36
CUST01107,0,8992.13
CUST01108,0,8504.78
CUST01109,0,9207.27
CUST01110,0,9727.69
CUST01111,0,8528.61
CUST01112,0,10618.56
CUST01113,0,8675.33
CUST01114,0,8615.77
CUST01115,0,7608.94
CUST01116,0,7621.71
CUST01117,0,9145.25
CUST01118,0,8245.93
CUST01119,0,10828.3
CUST01120,0,9450.48
CUST01121,0,8665.41
CUST01122,0,7687.4
CUST01123,0,6465.38
CUST01124,0,10767.42
CUST01125,0,8520.97
CUST01126,0,9186.1
CUST01127,0,8929.46
CUST01128,0,6935.76
CUST01129,0,8804.28
CUST01130,0,9006.39
CUST01131,0,7812.62
CUST01132,0,6703.29
CUST01133,0,9748.37
CUST01134,0,7415.76
CUST01135,0,7297.37
CUST01136,0,8892.81
CUST01137,0,8599.62
CUST01138,0,7726.79
CUST01139,0,8635.67
CUST01140,0,8937.47
CUST01141,0,8894.35
CUST01142,0,8363.44
CUST01143,0,7936.42
CUST01144,0,10022.2
CUST01145,0,9224.92
CUST01146,0,8408.32
CUST01147,0,10137.76
CUST01148,0,8771.26
CUST01149,0,5841.31
CUST01150,0,9316.96
CUST01151,0,11040.12
CUST01152,0,7981.43
CUST01153,0,8553.47
CUST01154,0,9330.41
CUST01155,0,6992.49
CUST01156,0,9098.85
CUST01157,0,9745.32
CUST01158,0,10635.38
CUST01159,0,6982.74
CUST01160,1,8227.78
CUST01161,0,8615.32
CUST01162,0,8648.47
CUST01163,0,8827.23
CUST01164,0,7734.89
CUST01165,0,10147.7
CUST01166,0,10866.23
CUST01167,0,9328.26
CUST01168,1,9880.04
CUST01169,0,8215.7
CUST01170,0,6654.47
CUST01171,0,9468.39
CUST01172,0,6990.49
CUST01173,0,8352.67
CUST01174,0,7585.4
CUST01175,0,8466.81
CUST01176,0,6187.52
CUST01177,0,8926.89
CUST01178,0,7940.7
CUST01179,0,9854.21
CUST01180,0,10539.4
CUST01181,0,9585.63
CUST01182,0,9497.18
CUST01183,0,7359.39
CUST01184,0,8737.84
CUST01185,1,8064.18
CUST01186,0,8136.79
CUST01187,0,5518.76
CUST01188,0,10652.74
CUST01189,0,10496.76
CUST01190,0,9337.54
CUST01191,0,8206.16
CUST01192,0,8331.88
CUST01193,0,8168.59
CUST01194,0,6422.02
CUST01195,0,9262.4
CUST01196,0,8266.27
CUST01197,0,7955.42
CUST01198,0,8448.04
CUST01199,1,10319.06
CUST01200,0,8741.78
CUST01201,0,8046.42
CUST01202,0,9965.0
CUST01203,0,8733.91
CUST01204,0,8160.84
CUST01205,0,9647.1
CUST01206,1,9547.64
CUST01207,0,7889.85
CUST01208,0,9018.24
CUST01209,0,7924.75
CUST01210,0,7803.71
CUST01211,0,7520.39
CUST01212,0,11386.68
CUST01213,0,10095.56
CUST01214,0,7478.5
CUST01215,0,8883.21
CUST01216,0,7923.49
CUST01217,0,7659.72
CUST01218,1,7336.01
CUST01219,0,9693.43
CUST01220,0,9535.89
CUST01221,0,12578.52
CUST01222,0,8844.98
CUST01223,0,11411.86
CUST01224,0,8048.63
CUST01225,0,7735.75
CUST01226,0,7270.18
CUST01227,0,9078.97
CUST01228,0,8148.62
CUST01229,0,9459.57
CUST01230,1,7290.67
CUST01231,1,8987.51
CUST01232,1,7885.61
CUST01233,0,7032.45
CUST01234,0,8618.58
CUST01235,1,9162.0
CUST01236,1,8586.34
CUST01237,0,10119.51
CUST01238,0,9055.51
CUST01239,0,8119.6
CUST01240,1,8571.15
CUST01241,0,8112.98
CUST01242,0,9635.21
CUST01243,0,8700.49
CUST01244,0,8359.64
CUST01245,0,6897.56
CUST01246,0,7015.87
CUST01247,1,7037.06
CUST01248,0,10040.85
CUST01249,0,7357.01
CUST01250,1,7565.62
CUST01251,0,10330.02
CUST01252,0,5735.92
CUST01253,0,8556.36
CUST01254,0,8147.65
CUST01255,0,7565.1
CUST01256,0,8276.66
CUST01257,0,10115.17
CUST01258,0,10485.42
CUST01259,0,8622.58
CUST01260,0,8748.82
CUST01261,0,7850.92
CUST01262,0,7387.98
CUST01263,0,9894.95
CUST01264,0,7611.58
CUST01265,0,6114.46
CUST01266,0,9244.76
CUST01267,0,8704.92
CUST01268,0,8427.45
CUST01269,0,9322.72
CUST01270,0,7936.46
CUST01271,0,7108.82
CUST01272,0,7980.52
CUST01273,0,9942.4
CUST01274,0,8302.75
CUST01275,0,6559.26
CUST01276,0,7850.48
CUST01277,0,9140.75
CUST01278,0,8228.36
CUST01279,0,9326.15
CUST01280,0,10743.89
CUST01281,0,10452.76
CUST01282,0,10386.81
CUST01283,0,9637.12
CUST01284,0,10616.85
CUST01285,0,10257.08
CUST01286,0,7878.96
CUST01287,0,8876.08
CUST01288,0,7523.57
CUST01289,1,11831.25
CUST01290,0,6673.57
CUST01291,0,8123.7
CUST01292,0,7690.98
CUST01293,0,7924.79
CUST01294,0,8662.31
CUST01295,0,10209.16
CUST01296,0,8804.75
CUST01297,0,7932.79
CUST01298,0,6980.69
CUST01299,0,9440.26
CUST01300,0,6911.83
CUST01301,0,8631.74
CUST01302,0,7305.11
CUST01303,0,7610.01
CUST01304,1,9391.61
CUST01305,1,9141.92
CUST01306,1,8632.86
CUST01307,0,9191.81
CUST01308,0,6997.5
CUST01309,0,10334.46
CUST01310,1,8585.43
CUST01311,0,11167.94
CUST01312,0,7114.93
CUST01313,0,10028.91
CUST01314,0,8393.64
CUST01315,0,7806.19
CUST01316,0,10440.12
CUST01317,0,9529.47
CUST01318,0,9200.51
CUST01319,0,9182.52
CUST01320,0,10121.67
CUST01321,0,6379.52
CUST01322,0,7483.09
CUST01323,0,8731.28
CUST01324,0,6899.24
CUST01325,0,9912.08
CUST01326,0,9139.08
CUST01327,0,10983.3
CUST01328,0,8977.04
CUST01329,0,8973.62
CUST01330,0,8484.71
CUST01331,0,9090.12
CUST01332,0,8770.92
CUST01333,0,9010.45
CUST01334,0,8241.13
CUST01335,1,10154.82
CUST01336,0,9816.68
CUST01337,0,9003.03
CUST01338,0,6590.57
CUST01339,0,9067.16
CUST01340,0,6678.45
CUST01341,0,8441.99
CUST01342,0,6621.65
CUST01343,0,8272.35
CUST01344,0,8716.94
CUST01345,0,9826.63
CUST01346,0,12383.62
CUST01347,1,8994.34
CUST01348,1,7985.63
CUST01349,0,8053.04
CUST01350,1,7996.03
CUST01351,0,8237.59
CUST01352,0,7718.01
CUST01353,0,8705.16
CUST01354,0,8922.32
CUST01355,0,8870.88
CUST01356,0,10413.66
CUST01357,0,9399.3
CUST01358,0,7487.81
CUST01359,0,8556.11
CUST01360,0,8039.05
CUST01361,0,8445.34
CUST01362,0,9281.76
CUST01363,0,7769.48
CUST01364,0,8696.01
CUST01365,0,8011.95
CUST01366,0,7168.65
CUST01367,1,8974.29
CUST01368,0,8895.64
CUST01369,0,10991.71
CUST01370,0,7545.32
CUST01371,0,8282.08
CUST01372,0,9230.05
CUST01373,1,8602.9
CUST01374,0,8059.17
CUST01375,0,9582.02
CUST01376,0,8355.75
CUST01377,0,9417.98
CUST01378,1,9884.16
CUST01379,0,9221.84
CUST01380,0,8582.24
CUST01381,0,6691.92
CUST01382,0,9245.9
CUST01383,0,8189.31
CUST01384,0,8976.06
CUST01385,0,9815.69
CUST01386,0,9404.8
CUST01387,0,10333.2
CUST01388,0,7915.77
CUST01389,0,10867.28
CUST01390,0,7067.75
CUST01391,0,10884.67
CUST01392,0,6882.81
CUST01393,0,11085.13
CUST01394,0,10013.59
CUST01395,0,6645.16
CUST01396,0,7887.48
CUST01397,0,6404.41
CUST01398,1,8965.93
CUST01399,0,9030.41
CUST01400,1,10298.36
CUST01401,0,7244.45
CUST01402,0,9008.08
CUST01403,0,9426.17
CUST01404,0,6011.7
CUST01405,0,9298.73
CUST01406,0,7748.41
CUST01407,0,8191.74
CUST01408,0,9853.21
CUST01409,0,7904.29
CUST01410,0,8071.05
CUST01411,0,10749.53
CUST01412,0,8369.37
CUST01413,0,8747.89
CUST01414,0,8157.32
CUST01415,0,10285.34
CUST01416,0,11151.91
CUST01417,0,8675.14
CUST01418,0,8757.66
CUST01419,0,9514.65
CUST01420,1,8182.42
CUST01421,0,8308.22
CUST01422,0,7836.07
CUST01423,0,7263.96
CUST01424,0,9569.51
CUST01425,1,7975.14
CUST01426,0,6997.21
CUST01427,0,8452.01
CUST01428,0,7875.24
CUST01429,0,7161.63
CUST01430,0,10250.32
CUST01431,0,7616.35
CUST01432,0,8019.19
CUST01433,0,5933.52
CUST01434,0,8093.91
CUST01435,0,9201.86
CUST01436,0,9724.78
CUST01437,0,7495.39
CUST01438,0,8867.53
CUST01439,0,8388.51
CUST01440,0,6780.8
CUST01441,0,9257.36
CUST01442,0,8590.31
CUST01443,0,9477.55
CUST01444,0,9086.29
CUST01445,0,7430.5
CUST01446,0,8383.93
CUST01447,0,9026.18
CUST01448,0,8188.51
CUST01449,0,7421.85
CUST01450,0,9768.81
CUST01451,0,8176.13
CUST01452,0,11183.12
CUST01453,0,9406.24
CUST01454,0,7832.47
CUST01455,0,7799.9
CUST01456,0,8377.38
CUST01457,0,6648.51
CUST01458,0,10453.32
CUST01459,0,7207.37
CUST01460,0,7516.29
CUST01461,1,8349.92
CUST01462,0,8914.82
CUST01463,0,7829.26
CUST01464,0,7488.38
CUST01465,0,9736.71
CUST01466,0,8168.41
CUST01467,0,8952.98
CUST01468,0,8000.28
CUST01469,0,8581.87
CUST01470,0,7781.36
CUST01471,1,8733.22
CUST01472,1,8442.3
CUST01473,0,8727.25
CUST01474,0,9214.51
CUST01475,0,6833.61
CUST01476,0,8128.73
CUST01477,0,7999.53
CUST01478,0,7368.56
CUST01479,0,9063.96
CUST01480,0,9043.1
CUST01481,0,6818.62
CUST01482,0,11110.91
CUST01483,0,8838.59
CUST01484,1,7088.95
CUST01485,0,8677.11
CUST01486,0,8634.53
CUST01487,0,7793.99
CUST01488,0,7234.37
CUST01489,0,9598.08
CUST01490,0,8378.66
CUST01491,0,7342.95
CUST01492,0,10483.44
CUST01493,0,7470.6
CUST01494,0,9949.23
CUST01495,0,7105.99
CUST01496,1,10932.34
CUST01497,0,8728.51
CUST01498,0,7530.47
CUST01499,0,8312.73
CUST01500,0,7982.82
CUST01501,1,8651.81
CUST01502,0,8434.86
CUST01503,0,9148.44
CUST01504,0,9803.88
CUST01505,0,9345.62
CUST01506,0,8922.83
CUST01507,0,7870.38
CUST01508,1,8480.18
CUST01509,0,10303.5
CUST01510,0,7670.09
CUST01511,0,7287.7
CUST01512,0,7521.41
CUST01513,0,8593.74
CUST01514,0,7924.56
CUST01515,0,7723.78
CUST01516,1,9209.18
CUST01517,0,9122.55
CUST01518,0,10505.96
CUST01519,0,10774.19
CUST01520,1,7155.78
CUST01521,0,8387.42
CUST01522,0,9435.51
CUST01523,0,9137.4
CUST01524,0,7878.53
CUST01525,0,7696.03
CUST01526,0,8501.21
CUST01527,0,10261.06
CUST01528,0,8492.16
CUST01529,0,7976.63
CUST01530,0,9251.8
CUST01531,0,6918.51
CUST01532,0,9007.97
CUST01533,0,8225.1
CUST01534,0,7455.65
CUST01535,0,7596.03
CUST01536,0,8617.85
CUST01537,0,8499.08
CUST01538,0,9652.41
CUST01539,0,7285.45
CUST01540,0,8060.88
CUST01541,0,7303.65
CUST01542,0,9868.91
CUST01543,1,8760.14
CUST01544,0,8423.65
CUST01545,0,7662.59
CUST01546,0,8248.52
CUST01547,0,9005.59
CUST01548,0,8362.57
CUST01549,0,8711.73
CUST01550,0,9084.11
CUST01551,0,8119.25
CUST01552,0,8630.27
CUST01553,0,10994.57
CUST01554,0,9042.67
CUST01555,0,10413.86
CUST01556,0,6087.04
CUST01557,0,8273.47
CUST01558,0,7004.8
CUST01559,0,7418.32
CUST01560,0,7469.51
CUST01561,0,8244.18
CUST01562,0,8479.23
CUST01563,0,11683.91
CUST01564,0,6473.08
CUST01565,0,7034.8
CUST01566,0,8578.82
CUST01567,0,8248.6
CUST01568,0,9316.58
CUST01569,0,7615.76
CUST01570,0,7807.3
CUST01571,0,9183.78
CUST01572,0,9199.44
CUST01573,0,9334.48
CUST01574,0,7245.43
CUST01575,0,7676.2
CUST01576,0,9587.87
CUST01577,0,11178.49
CUST01578,0,6440.96
CUST01579,0,7627.71
CUST01580,0,8258.27
CUST01581,0,7508.64
CUST01582,1,8432.17
CUST01583,0,7987.59
CUST01584,0,11201.23
CUST01585,0,8588.44
CUST01586,0,8423.6
CUST01587,0,8405.3
CUST01588,0,8187.47
CUST01589,0,8666.58
CUST01590,0,8355.41
CUST01591,0,9746.6
CUST01592,0,8857.26
CUST01593,1,7714.29
CUST01594,0,6334.43
CUST01595,0,9469.63
CUST01596,0,7741.03
CUST01597,0,6671.11
CUST01598,0,9728.85
CUST01599,0,7605.42
CUST01600,0,8377.4
CUST01601,0,8824.18
CUST01602,0,9062.51
CUST01603,0,6933.04
CUST01604,0,8520.51
CUST01605,0,8817.5
CUST01606,0,7759.48
CUST01607,0,7500.71
CUST01608,0,8956.07
CUST01609,0,8805.61
CUST01610,0,9146.85
CUST01611,0,7733.88
CUST01612,0,7471.65
CUST01613,0,7873.05
CUST01614,0,8035.04
CUST01615,0,10176.35
CUST01616,0,7081.68
CUST01617,0,8458.7
CUST01618,0,7853.49
CUST01619,0,10874.98
CUST01620,1,6983.17
CUST01621,0,7786.43
CUST01622,0,8693.2
CUST01623,0,7188.09
CUST01624,0,9379.36
CUST01625,0,8937.29
CUST01626,0,9172.39
CUST01627,0,9178.08
CUST01628,0,8809.46
CUST01629,0,7735.88
CUST01630,1,8445.52
CUST01631,0,7185.99
CUST01632,1,8699.84
CUST01633,0,9169.24
CUST01634,0,8023.88
CUST01635,0,10294.82
CUST01636,0,9207.0
CUST01637,0,7212.64
CUST01638,0,7496.54
CUST01639,1,8646.74
CUST01640,0,7616.48
CUST01641,0,6573.62
CUST01642,0,8006.97
CUST01643,0,10158.35
CUST01644,0,7895.08
CUST01645,0,7627.8
CUST01646,0,11503.96
CUST01647,0,9367.39
CUST01648,0,6337.47
CUST01649,0,11402.37
CUST01650,0,8933.8
CUST01651,0,10756.62
CUST01652,0,7043.75
CUST01653,0,9325.12
CUST01654,0,9309.54
CUST01655,1,7482.04
CUST01656,0,6830.8
CUST01657,0,10881.82
CUST01658,0,10541.16
CUST01659,0,7922.28
CUST01660,0,8383.61
CUST01661,0,8589.65
CUST01662,0,7137.13
CUST01663,0,9435.23
CUST01664,0,9265.6
CUST01665,0,8457.03
CUST01666,0,7964.43
CUST01667,0,8870.37
CUST01668,0,9543.38
CUST01669,0,9755.25
CUST01670,1,8256.98
CUST01671,0,9677.02
CUST01672,0,8761.95
CUST01673,0,9837.08
CUST01674,0,9666.68
CUST01675,0,8473.46
CUST01676,0,6400.15
CUST01677,0,9266.7
CUST01678,0,8064.45
CUST01679,0,9774.55
CUST01680,0,9927.32
CUST01681,0,9321.72
CUST01682,0,7498.91
CUST01683,0,7951.53
CUST01684,0,9128.52
CUST01685,0,9375.28
CUST01686,0,9743.73
CUST01687,0,8441.08
CUST01688,0,10299.47
CUST01689,0,8336.84
CUST01690,0,8908.61
CUST01691,1,7350.34
CUST01692,0,8073.69
CUST01693,0,6362.52
CUST01694,0,8669.59
CUST01695,0,8848.79
CUST01696,0,8729.14
CUST01697,0,7822.34
CUST01698,0,8277.17
CUST01699,0,8630.54
CUST01700,0,8364.87
CUST01701,0,8024.11
CUST01702,0,10262.94
CUST01703,0,8934.67
CUST01704,0,10229.42
CUST01705,0,8970.8
CUST01706,0,9901.44
CUST01707,1,9138.25
CUST01708,0,8085.44
CUST01709,0,9636.1
CUST01710,0,8800.64
CUST01711,0,7381.87
CUST01712,0,8293.34
CUST01713,0,9355.49
CUST01714,0,9004.25
CUST01715,0,8047.33
CUST01716,0,8171.08
CUST01717,0,7845.47
CUST01718,0,6665.48
CUST01719,0,7963.06
CUST01720,0,8921.0
CUST01721,0,8215.71
CUST01722,0,7612.3
CUST01723,0,8443.52
CUST01724,0,9324.8
CUST01725,0,7228.6
CUST01726,0,8248.88
CUST01727,0,7194.59
CUST01728,0,8922.16
CUST01729,0,10025.63
CUST01730,0,8500.49
CUST01731,0,9594.37
CUST01732,0,10312.28
CUST01733,1,9030.17
CUST01734,0,7528.08
CUST01735,0,5536.36
CUST01736,1,8327.32
CUST01737,0,8521.96
CUST01738,0,7282.5
CUST01739,1,8817.96
CUST01740,0,6228.11
CUST01741,0,9001.8
CUST01742,0,11101.94
CUST01743,0,10675.9
CUST01744,0,8897.53
CUST01745,1,7654.76
CUST01746,0,8125.17
CUST01747,0,9133.13
CUST01748,0,9097.14
CUST01749,0,10227.53
CUST01750,0,7348.18
CUST01751,0,8057.46
CUST01752,1,8372.45
CUST01753,0,8356.34
CUST01754,1,6850.69
CUST01755,0,8961.86
CUST01756,0,7231.68
CUST01757,0,8755.25
CUST01758,0,9703.37
CUST01759,0,7773.23
CUST01760,0,8826.96
CUST01761,0,9033.75
CUST01762,0,8634.2
CUST01763,0,7784.29
CUST01764,0,10046.2
CUST01765,0,9252.48
CUST01766,0,8669.73
CUST01767,0,9047.13
CUST01768,0,8563.64
CUST01769,0,7964.6
CUST01770,0,10003.98
CUST01771,0,9711.02
CUST01772,0,9777.77
CUST01773,0,10403.25
CUST01774,0,8963.28
CUST01775,0,9045.86
CUST01776,0,7733.91
CUST01777,0,10739.13
CUST01778,0,7177.7
CUST01779,0,7570.55
CUST01780,0,9368.44
CUST01781,0,7932.99
CUST01782,0,7923.59
CUST01783,0,8930.87
CUST01784,0,7755.98
CUST01785,0,7965.06
CUST01786,0,6967.52
CUST01787,0,9060.24
CUST01788,0,8773.23
CUST01789,0,7490.15
CUST01790,0,8513.22
CUST01791,0,10348.62
CUST01792,0,7837.36
CUST01793,0,7739.5
CUST01794,0,9513.82
CUST01795,0,8357.91
CUST01796,0,8191.65
CUST01797,0,9003.54
CUST01798,0,10024.62
CUST01799,0,8606.51
CUST01800,0,8126.97
CUST01801,1,7318.28
CUST01802,0,10705.13
CUST01803,0,9603.42
CUST01804,0,8665.69
CUST01805,0,7473.74
CUST01806,1,9808.89
CUST01807,0,8023.42
CUST01808,0,8726.19
CUST01809,0,7937.42
CUST01810,0,7977.59
CUST01811,0,8988.52
CUST01812,0,8393.72
CUST01813,0,7025.52
CUST01814,0,9664.67
CUST01815,0,7555.41
CUST01816,0,7821.97
CUST01817,0,8464.93
CUST01818,0,10007.49
CUST01819,0,10145.27
CUST01820,0,9841.18
CUST01821,0,8137.62
CUST01822,1,6175.34
CUST01823,0,6785.66
CUST01824,0,7819.1
CUST01825,0,9847.79
CUST01826,0,8262.33
CUST01827,0,8382.6
CUST01828,0,9117.18
CUST01829,0,9201.02
CUST01830,0,6846.29
CUST01831,0,8542.02
CUST01832,0,8442.31
CUST01833,0,9147.56
CUST01834,0,6471.13
CUST01835,0,9280.96
CUST01836,0,6906.91
CUST01837,0,11886.73
CUST01838,0,7149.16
CUST01839,0,8723.12
CUST01840,0,7606.29
CUST01841,0,8960.27
CUST01842,1,9996.56
CUST01843,0,10607.59
CUST01844,0,8038.22
CUST01845,0,9714.55
CUST01846,0,5608.06
CUST01847,0,9749.31
CUST01848,0,9327.24
CUST01849,0,8344.04
CUST01850,0,8965.71
CUST01851,0,9641.56
CUST01852,0,6879.94
CUST01853,0,7060.24
CUST01854,0,7803.3
CUST01855,0,7607.08
CUST01856,0,8118.34
CUST01857,0,9896.61
CUST01858,0,7189.07
CUST01859,0,7897.25
CUST01860,0,7558.21
CUST01861,0,8422.43
CUST01862,0,8824.42
CUST01863,0,9208.91
CUST01864,1,9838.49
CUST01865,0,7264.35
CUST01866,1,7935.22
CUST01867,0,9765.19
CUST01868,0,6871.42
CUST01869,0,7298.57
CUST01870,0,8818.93
CUST01871,0,7107.04
CUST01872,0,5435.06
CUST01873,0,8453.2
CUST01874,1,6985.37
CUST01875,0,7570.56
CUST01876,0,8918.95
CUST01877,0,8943.66
CUST01878,0,9690.5
CUST01879,0,9594.14
CUST01880,0,7977.43
CUST01881,0,9418.44
CUST01882,0,9063.9
CUST01883,0,7298.51
CUST01884,0,11794.29
CUST01885,0,6698.48
CUST01886,0,7811.25
CUST01887,0,9981.62
CUST01888,0,8755.77
CUST01889,0,8691.69
CUST01890,0,8652.62
CUST01891,0,5652.07
CUST01892,0,7943.7
CUST01893,0,7872.34
CUST01894,0,10192.81
CUST01895,0,6621.7
CUST01896,0,9990.38
CUST01897,0,7828.01
CUST01898,0,9230.99
CUST01899,0,8609.92
CUST01900,0,9044.63
CUST01901,0,9997.94
CUST01902,0,7810.1
CUST01903,0,7214.69
CUST01904,0,7174.24
CUST01905,0,5978.01
CUST01906,0,10612.68
CUST01907,1,8196.32
CUST01908,0,7558.49
CUST01909,0,8445.5
CUST01910,1,7503.16
CUST01911,0,8387.76
CUST01912,0,7626.74
CUST01913,0,9243.11
CUST01914,0,8662.65
CUST01915,0,7260.0
CUST01916,0,8510.22
CUST01917,0,7942.91
CUST01918,0,8288.64
CUST01919,0,8886.09
CUST01920,0,8935.03
CUST01921,0,7224.12
CUST01922,0,9035.82
CUST01923,0,7532.2
CUST01924,0,10259.4
CUST01925,0,9013.52
CUST01926,0,9892.24
CUST01927,0,8153.67
CUST01928,0,10563.35
CUST01929,0,9832.71
CUST01930,0,8225.59
CUST01931,0,6380.29
CUST01932,0,6671.11
CUST01933,0,7471.94
CUST01934,0,11459.35
CUST01935,0,8451.76
CUST01936,0,6687.12
CUST01937,0,10239.07
CUST01938,0,9918.88
CUST01939,1,9260.0
CUST01940,1,7750.66
CUST01941,0,7276.01
CUST01942,0,8899.0
CUST01943,0,7337.86
CUST01944,0,7447.45
CUST01945,0,7954.56
CUST01946,0,6080.73
CUST01947,0,8473.91
CUST01948,1,8371.04
CUST01949,0,8555.76
CUST01950,0,7057.04
CUST01951,0,8300.62
CUST01952,0,7894.01
CUST01953,0,7796.2
CUST01954,0,7747.92
CUST01955,0,10574.27
CUST01956,1,7016.3
CUST01957,0,8702.69
CUST01958,0,10135.23
CUST01959,0,10307.41
CUST01960,0,8076.79
CUST01961,0,9215.53
CUST01962,0,8753.09
CUST01963,0,7589.37
CUST01964,0,8510.64
CUST01965,0,8182.2
CUST01966,0,8727.53
CUST01967,0,11246.36
CUST01968,0,7320.26
CUST01969,0,7115.77
CUST01970,0,10135.26
CUST01971,0,6629.99
CUST01972,0,8474.27
CUST01973,0,8178.02
CUST01974,1,9497.95
CUST01975,0,7848.08
CUST01976,0,8448.61
CUST01977,0,8581.76
CUST01978,0,7654.38
CUST01979,0,9560.33
CUST01980,0,7850.76
CUST01981,0,8767.09
CUST01982,0,11561.7
CUST01983,0,6141.62
CUST01984,0,7264.4
CUST01985,1,9753.04
CUST01986,0,8075.7
CUST01987,1,7589.9
CUST01988,0,8066.27
CUST01989,0,7954.94
CUST01990,1,8078.63
CUST01991,0,8735.78
CUST01992,0,7968.73
CUST01993,0,7454.7
CUST01994,0,7967.34
CUST01995,0,8340.95
CUST01996,0,9719.91
CUST01997,0,6719.53
CUST01998,0,9590.84
CUST01999,0,7557.27
CUST02000,0,7942.77
CUST02001,0,10176.08
CUST02002,0,7875.59
CUST02003,0,8872.95
CUST02004,0,12609.28
CUST02005,0,9581.89
CUST02006,0,8428.79
CUST02007,0,9037.33
CUST02008,0,11223.71
CUST02009,0,10571.58
CUST02010,0,7549.57
CUST02011,0,9226.32
CUST02012,0,9845.07
CUST02013,0,7755.9
CUST02014,0,9493.57
CUST02015,0,8579.42
CUST02016,0,8237.45
CUST02017,0,7161.68
CUST02018,0,8619.41
CUST02019,1,11908.53
CUST02020,0,8061.99
CUST02021,0,6555.41
CUST02022,0,7623.69
CUST02023,0,9598.29
CUST02024,0,8009.58
CUST02025,0,7260.6
CUST02026,1,9350.95
CUST02027,0,9108.5
CUST02028,1,10705.1
CUST02029,0,7147.48
CUST02030,0,7708.68
CUST02031,0,7743.86
CUST02032,0,8293.13
CUST02033,0,7321.79
CUST02034,0,8661.67
CUST02035,0,7843.62
CUST02036,0,7601.01
CUST02037,0,9399.6
CUST02038,0,8400.58
CUST02039,0,9456.79
CUST02040,0,8644.19
CUST02041,0,8260.82
CUST02042,1,7302.84
CUST02043,0,10010.93
CUST02044,1,6967.66
CUST02045,1,9835.77
CUST02046,0,7492.59
CUST02047,0,9145.99
CUST02048,0,7810.74
CUST02049,0,6940.0
CUST02050,0,7773.55
CUST02051,0,9270.01
CUST02052,0,9097.19
CUST02053,0,9170.49
CUST02054,0,8399.51
CUST02055,0,8092.19
CUST02056,0,10090.52
CUST02057,0,8135.74
CUST02058,0,8975.91
CUST02059,0,8423.65
CUST02060,0,9436.67
CUST02061,0,7877.66
CUST02062,0,8610.92
CUST02063,0,7291.85
CUST02064,0,9758.12
CUST02065,0,7590.92
CUST02066,0,7608.03
CUST02067,0,9223.34
CUST02068,0,8779.32
CUST02069,0,6698.62
CUST02070,0,7888.8
CUST02071,0,9913.16
CUST02072,0,9627.25
CUST02073,0,9198.85
CUST02074,0,9614.53
CUST02075,0,9264.52
CUST02076,1,8323.98
CUST02077,0,7539.0
CUST02078,0,9042.38
CUST02079,0,10085.49
CUST02080,0,9020.3
CUST02081,0,9516.13
CUST02082,0,8871.9
CUST02083,0,9608.19
CUST02084,0,9252.96
CUST02085,0,7954.94
CUST02086,0,11472.71
CUST02087,0,10061.66
CUST02088,0,8854.07
CUST02089,1,8532.09
CUST02090,1,8106.91
CUST02091,0,8450.64
CUST02092,0,9526.99
CUST02093,0,10857.2
CUST02094,0,7108.36
CUST02095,0,8773.03
CUST02096,0,7440.53
CUST02097,1,9123.03
CUST02098,0,8060.14
CUST02099,0,9757.28
CUST02100,0,8242.36
CUST02101,0,9316.87
CUST02102,0,8372.92
CUST02103,0,8044.42
CUST02104,1,6979.62
CUST02105,0,7709.38
CUST02106,0,9831.3
CUST02107,0,7342.87
CUST02108,0,7709.38
CUST02109,0,7793.44
CUST02110,0,9155.64
CUST02111,0,7425.04
CUST02112,0,10742.53
CUST02113,0,7794.79
CUST02114,0,7747.9
CUST02115,1,8343.55
CUST02116,0,8407.43
CUST02117,0,7969.54
CUST02118,0,7299.01
CUST02119,0,8657.04
CUST02120,0,6626.64
CUST02121,0,7613.59
CUST02122,0,6861.01
CUST02123,0,8617.23
CUST02124,0,8669.69
CUST02125,0,7667.78
CUST02126,0,6686.17
CUST02127,1,9307.25
CUST02128,1,11269.33
CUST02129,0,7511.42
CUST02130,0,10472.72
CUST02131,0,8856.96
CUST02132,0,9096.83
CUST02133,1,10067.44
CUST02134,0,8594.43
CUST02135,0,7829.72
CUST02136,0,10053.75
CUST02137,0,7158.02
CUST02138,0,8767.68
CUST02139,0,7276.78
CUST02140,0,7349.51
CUST02141,0,7308.01
CUST02142,0,9159.61
CUST02143,0,8129.94
CUST02144,1,10180.0
CUST02145,0,9537.92
CUST02146,0,6914.17
CUST02147,0,9092.0
CUST02148,0,8500.75
CUST02149,0,9410.72
CUST02150,1,7942.65
CUST02151,0,7358.66
CUST02152,1,9021.84
CUST02153,1,7923.39
CUST02154,0,8428.86
CUST02155,0,8709.46
CUST02156,0,8103.24
CUST02157,0,12000.7
CUST02158,0,8399.64
CUST02159,0,7681.73
CUST02160,0,9374.15
CUST02161,0,7325.4
CUST02162,0,7367.7
CUST02163,0,6912.43
CUST02164,0,8968.85
CUST02165,0,9246.57
CUST02166,0,8720.24
CUST02167,0,10281.86
CUST02168,1,8611.09
CUST02169,1,8922.3
CUST02170,0,9053.43
CUST02171,0,12803.4
CUST02172,0,9773.82
CUST02173,0,9003.92
CUST02174,0,6750.69
CUST02175,1,9186.66
CUST02176,0,7311.51
CUST02177,0,8651.68
CUST02178,0,7211.39
CUST02179,0,7520.69
CUST02180,0,8150.54
CUST02181,0,6963.88
CUST02182,0,8887.29
CUST02183,0,11027.82
CUST02184,0,9605.1
CUST02185,1,6674.91
CUST02186,0,10469.21
CUST02187,1,8415.73
CUST02188,0,8289.88
CUST02189,0,7524.7
CUST02190,0,8967.47
CUST02191,0,8621.85
CUST02192,0,5847.29
CUST02193,0,8946.72
CUST02194,0,7863.98
CUST02195,0,8779.57
CUST02196,0,7610.6
CUST02197,0,10098.85
CUST02198,0,10146.74
CUST02199,0,9012.35
CUST02200,0,10362.26
CUST02201,0,10153.71
CUST02202,0,9787.34
CUST02203,0,6891.39
CUST02204,0,8031.71
CUST02205,0,7502.99
CUST02206,0,9770.87
CUST02207,0,5377.31
CUST02208,0,7478.79
CUST02209,0,9086.59
CUST02210,0,8201.96
CUST02211,0,7790.78
CUST02212,0,7518.27
CUST02213,0,8047.69
CUST02214,0,7327.43
CUST02215,0,7753.11
CUST02216,0,8288.63
CUST02217,0,9709.26
CUST02218,1,8577.31
CUST02219,0,7427.57
CUST02220,0,8289.41
CUST02221,0,7667.68
CUST02222,0,9161.46
CUST02223,0,6332.33
CUST02224,0,10590.46
CUST02225,0,8862.5
CUST02226,0,10418.83
CUST02227,0,6839.53
CUST02228,0,9725.99
CUST02229,0,9514.05
CUST02230,0,7614.14
CUST02231,0,7925.17
CUST02232,0,8314.25
CUST02233,0,8214.03
CUST02234,0,5672.25
CUST02235,1,7881.91
CUST02236,0,8131.51
CUST02237,0,11182.39
CUST02238,0,6788.63
CUST02239,0,9274.1
CUST02240,0,9038.8
CUST02241,0,8036.94
CUST02242,0,6728.86
CUST02243,0,8953.6
CUST02244,0,8377.5
CUST02245,0,8115.51
CUST02246,0,10136.76
CUST02247,0,7308.62
CUST02248,1,7989.06
CUST02249,0,9903.93
CUST02250,0,8832.38
CUST02251,0,11194.44
CUST02252,0,10075.29
CUST02253,0,6851.53
CUST02254,0,9450.3
CUST02255,0,8884.19
CUST02256,0,8023.29
CUST02257,1,7923.57
CUST02258,0,9035.26
CUST02259,0,9098.54
CUST02260,0,7908.47
CUST02261,1,9180.79
CUST02262,0,9230.43
CUST02263,0,8295.35
CUST02264,0,7181.94
CUST02265,0,10194.05
CUST02266,0,8496.64
CUST02267,0,7828.71
CUST02268,0,9612.36
CUST02269,0,8274.01
CUST02270,0,8374.28
CUST02271,0,8138.41
CUST02272,0,7329.45
CUST02273,0,9078.36
CUST02274,0,7301.83
CUST02275,0,9462.67
CUST02276,0,7308.7
CUST02277,0,9138.38
CUST02278,0,9980.43
CUST02279,1,8896.75
CUST02280,0,8361.62
CUST02281,0,8119.21
CUST02282,0,9327.22
CUST02283,0,9599.15
CUST02284,0,8383.93
CUST02285,0,10704.29
CUST02286,0,8611.5
CUST02287,0,9071.34
CUST02288,0,9151.93
CUST02289,0,6231.42
CUST02290,1,8726.96
CUST02291,1,8585.76
CUST02292,0,8406.78
CUST02293,0,7343.32
CUST02294,0,9849.03
CUST02295,0,8394.23
CUST02296,0,8535.48
CUST02297,0,10304.45
CUST02298,0,7645.26
CUST02299,0,10996.07
CUST02300,0,7854.49
CUST02301,0,7950.78
CUST02302,0,7845.53
CUST02303,0,8812.39
CUST02304,0,8174.35
CUST02305,0,7850.39
CUST02306,0,8364.41
CUST02307,0,8653.4
CUST02308,0,7917.11
CUST02309,0,9897.87
CUST02310,1,8228.66
CUST02311,0,6976.33
CUST02312,0,11478.15
CUST02313,1,6686.98
CUST02314,0,7942.9
CUST02315,0,8698.83
CUST02316,0,9615.04
CUST02317,0,7814.73
CUST02318,0,9677.62
CUST02319,0,9606.23
CUST02320,0,7630.34
CUST02321,0,7749.66
CUST02322,0,6974.81
CUST02323,1,8491.0
CUST02324,0,10011.31
CUST02325,0,9168.52
CUST02326,1,6819.11
CUST02327,0,7699.72
CUST02328,0,7771.5
CUST02329,0,10060.76
CUST02330,0,8135.91
CUST02331,0,8467.08
CUST02332,0,10473.72
CUST02333,0,10786.94
CUST02334,0,8432.17
CUST02335,0,7265.46
CUST02336,0,8242.1
CUST02337,1,11351.91
CUST02338,0,8508.68
CUST02339,1,10120.6
CUST02340,0,8705.02
CUST02341,0,7306.39
CUST02342,0,8337.68
CUST02343,0,8607.73
CUST02344,0,9375.13
CUST02345,0,10023.23
CUST02346,0,8231.6
CUST02347,0,11276.61
CUST02348,0,8209.66
CUST02349,1,8186.83
CUST02350,0,10127.32
CUST02351,0,9414.24
CUST02352,0,8906.14
CUST02353,0,7919.11
CUST02354,0,9344.9
CUST02355,0,6939.73
CUST02356,0,7575.29
CUST02357,0,8547.18
CUST02358,1,9213.12
CUST02359,0,7706.44
CUST02360,0,8019.09
CUST02361,0,7124.21
CUST02362,0,7167.06
CUST02363,0,10276.39
CUST02364,1,8139.22
CUST02365,0,9715.23
CUST02366,0,6980.64
CUST02367,0,9943.18
CUST02368,0,9032.24
CUST02369,0,11121.64
CUST02370,0,9511.08
CUST02371,0,9192.01
CUST02372,0,8593.91
CUST02373,0,9732.45
CUST02374,0,9438.6
CUST02375,0,7178.37
CUST02376,0,6635.91
CUST02377,0,10956.45
CUST02378,0,8998.11
CUST02379,0,9696.53
CUST02380,0,7108.33
CUST02381,0,8618.34
CUST02382,0,9784.67
CUST02383,0,8579.48
CUST02384,0,7371.68
CUST02385,0,8588.6
CUST02386,0,9663.5
CUST02387,0,8817.33
CUST02388,0,8031.73
CUST02389,0,10917.46
CUST02390,0,8364.21
CUST02391,1,11496.96
CUST02392,0,9624.18
CUST02393,0,10142.95
CUST02394,0,8241.3
CUST02395,0,7572.29
CUST02396,1,9571.32
CUST02397,0,10059.23
CUST02398,0,9977.07
CUST02399,1,8448.79
CUST02400,0,10310.47
CUST02401,0,6944.86
CUST02402,1,8626.76
CUST02403,1,10358.96
CUST02404,0,8353.14
CUST02405,0,8066.97
CUST02406,0,8624.08
CUST02407,0,9274.53
CUST02408,1,11080.93
CUST02409,0,6511.41
CUST02410,0,9039.52
CUST02411,0,8940.16
CUST02412,0,8424.72
CUST02413,0,6828.03
CUST02414,0,8841.25
CUST02415,0,7561.7
CUST02416,0,7402.25
CUST02417,0,7391.0
CUST02418,0,7987.7
CUST02419,0,8113.67
CUST02420,0,9261.14
CUST02421,0,7382.49
CUST02422,1,7088.5
CUST02423,0,8902.05
CUST02424,0,10519.92
CUST02425,0,7881.16
CUST02426,0,9547.81
CUST02427,0,10864.2
CUST02428,0,7501.76
CUST02429,0,7337.66
CUST02430,1,7617.92
CUST02431,0,6620.24
CUST02432,0,9609.76
CUST02433,0,8099.53
CUST02434,0,8757.07
CUST02435,0,9490.43
CUST02436,1,8617.83
CUST02437,1,8547.01
CUST02438,0,9800.57
CUST02439,0,8009.03
CUST02440,0,9955.31
CUST02441,0,10338.58
CUST02442,0,8914.19
CUST02443,0,7105.61
CUST02444,0,9051.81
CUST02445,0,8017.53
CUST02446,0,10028.81
CUST02447,0,11263.58
CUST02448,0,8619.04
CUST02449,0,6360.66
CUST02450,0,7277.29
CUST02451,0,8408.61
CUST02452,0,7209.27
CUST02453,0,10437.31
CUST02454,0,6772.2
CUST02455,0,8557.41
CUST02456,0,9738.53
CUST02457,0,9051.55
CUST02458,0,7373.23
CUST02459,0,7497.53
CUST02460,0,9326.52
CUST02461,0,7925.39
CUST02462,0,8708.51
CUST02463,0,7684.8
CUST02464,0,7701.44
CUST02465,0,9689.88
CUST02466,1,10607.49
CUST02467,0,12529.06
CUST02468,0,8608.56
CUST02469,0,10003.99
CUST02470,0,10219.58
CUST02471,0,8736.83
CUST02472,0,10462.1
CUST02473,1,7919.07
CUST02474,0,8285.68
CUST02475,0,8146.43
CUST02476,0,7938.31
CUST02477,0,8168.95
CUST02478,0,8751.85
CUST02479,0,9047.42
CUST02480,0,8796.71
CUST02481,0,9102.06
CUST02482,0,9556.47
CUST02483,0,9799.38
CUST02484,0,9618.68
CUST02485,0,9113.5
CUST02486,0,8434.58
CUST02487,0,6435.81
CUST02488,0,9550.63
CUST02489,0,7265.22
CUST02490,0,8531.61
CUST02491,0,9067.61
CUST02492,0,6416.14
CUST02493,1,6731.15
CUST02494,0,9655.66
CUST02495,0,8757.37
CUST02496,0,7445.44
CUST02497,0,7509.05
CUST02498,0,7849.14
CUST02499,0,7370.16
CUST02500,0,8097.34
CUST02501,1,8803.84
CUST02502,0,11760.41
CUST02503,0,9163.5
CUST02504,0,8928.17
CUST02505,1,9314.12
CUST02506,1,8373.13
CUST02507,0,7528.5
CUST02508,0,8977.63
CUST02509,1,8042.85
CUST02510,0,9407.96
CUST02511,0,7797.27
CUST02512,0,8100.46
CUST02513,0,9786.7
CUST02514,0,7355.67
CUST02515,0,10178.21
CUST02516,1,8139.61
CUST02517,0,7883.96
CUST02518,0,10020.29
CUST02519,0,7470.49
CUST02520,0,7434.37
CUST02521,0,9350.94
CUST02522,0,6848.36
CUST02523,0,6848.72
CUST02524,1,10124.21
CUST02525,0,8367.81
CUST02526,0,8309.33
CUST02527,0,7539.18
CUST02528,0,8534.58
CUST02529,0,8929.27
CUST02530,0,7774.65
CUST02531,1,7348.61
CUST02532,0,9794.23
CUST02533,1,9885.79
CUST02534,0,9104.96
CUST02535,0,8125.97
CUST02536,1,8880.3
CUST02537,1,6835.52
CUST02538,0,10484.22
CUST02539,0,9076.42
CUST02540,0,8609.65
CUST02541,0,7593.23
CUST02542,0,7024.54
CUST02543,0,8528.78
CUST02544,1,7106.46
CUST02545,0,9908.59
CUST02546,0,7379.16
CUST02547,0,8786.33
CUST02548,0,8190.32
CUST02549,0,8254.32
CUST02550,0,8560.92
CUST02551,0,7867.74
CUST02552,0,8726.1
CUST02553,0,7918.35
CUST02554,0,8049.2
CUST02555,0,8261.59
CUST02556,0,8223.87
CUST02557,0,7843.78
CUST02558,0,7227.69
CUST02559,0,8648.17
CUST02560,0,8624.17
CUST02561,0,8308.73
CUST02562,0,8883.05
CUST02563,0,8031.46
CUST02564,0,7721.73
CUST02565,0,8745.76
CUST02566,1,8606.93
CUST02567,0,7423.89
CUST02568,0,9076.51
CUST02569,0,8469.77
CUST02570,0,7225.9
CUST02571,0,8942.95
CUST02572,0,7032.48
CUST02573,0,7365.93
CUST02574,1,7205.52
CUST02575,1,8315.69
CUST02576,0,9518.4
CUST02577,0,9450.49
CUST02578,0,8042.91
CUST02579,0,7535.86
CUST02580,0,10409.06
CUST02581,0,9531.43
CUST02582,0,8653.53
CUST02583,0,8591.89
CUST02584,0,6850.01
CUST02585,1,9494.74
CUST02586,0,9528.51
CUST02587,0,11244.24
CUST02588,0,6725.32
CUST02589,0,8937.78
CUST02590,0,10605.58
CUST02591,1,9279.74
CUST02592,1,8623.67
CUST02593,0,9123.27
CUST02594,0,9088.4
CUST02595,0,9360.51
CUST02596,0,8565.44
CUST02597,0,9502.9
CUST02598,0,10708.65
CUST02599,0,8160.37
CUST02600,0,7699.05
CUST02601,0,9361.69
CUST02602,0,7267.17
CUST02603,0,7698.39
CUST02604,0,10592.6
CUST02605,0,10952.37
CUST02606,0,7613.35
CUST02607,0,11250.44
CUST02608,0,9321.14
CUST02609,0,10252.88
CUST02610,1,8676.39
CUST02611,0,9599.41
CUST02612,0,11681.08
CUST02613,0,9212.63
CUST02614,0,9385.47
CUST02615,0,8535.95
CUST02616,0,8416.31
CUST02617,0,8102.58
CUST02618,0,8117.79
CUST02619,1,8726.76
CUST02620,0,10169.95
CUST02621,0,6693.32
CUST02622,0,9611.43
CUST02623,0,9960.79
CUST02624,0,8193.92
CUST02625,1,9940.44
CUST02626,0,9703.65
CUST02627,0,9907.48
CUST02628,0,8890.95
CUST02629,0,9509.96
CUST02630,0,7562.36
CUST02631,0,9926.1
CUST02632,1,10836.58
CUST02633,0,8300.42
CUST02634,0,10735.41
CUST02635,0,8845.74
CUST02636,0,9099.81
CUST02637,0,9143.64
CUST02638,0,9250.14
CUST02639,0,6897.99
CUST02640,1,9455.13
CUST02641,1,7674.53
CUST02642,1,8666.58
CUST02643,0,8638.79
CUST02644,0,9560.64
CUST02645,0,9599.86
CUST02646,1,9726.19
CUST02647,0,10384.43
CUST02648,0,9058.41
CUST02649,0,7851.31
CUST02650,0,6542.69
CUST02651,0,8910.18
CUST02652,0,7799.23
CUST02653,0,9973.24
CUST02654,0,7277.42
CUST02655,0,9282.31
CUST02656,1,8100.81
CUST02657,0,9357.32
CUST02658,0,9399.47
CUST02659,0,6481.68
CUST02660,0,9031.89
CUST02661,0,9489.02
CUST02662,0,8162.38
CUST02663,0,5971.21
CUST02664,0,10181.65
CUST02665,0,9519.68
CUST02666,1,9520.43
CUST02667,0,8799.32
CUST02668,0,7454.84
CUST02669,0,6885.82
CUST02670,0,8978.54
CUST02671,0,8705.99
CUST02672,0,7758.34
CUST02673,0,8721.96
CUST02674,0,10910.16
CUST02675,0,8315.22
CUST02676,0,7214.8
CUST02677,1,8022.83
CUST02678,0,9267.73
CUST02679,0,8017.18
CUST02680,0,9692.97
CUST02681,0,10850.09
CUST02682,1,9435.96
CUST02683,0,8180.67
CUST02684,0,10271.57
CUST02685,0,10158.59
CUST02686,0,10999.82
CUST02687,0,8869.14
CUST02688,0,7655.82
CUST02689,0,7638.39
CUST02690,1,8150.91
CUST02691,0,9078.29
CUST02692,1,9738.85
CUST02693,0,8002.18
CUST02694,0,6606.27
CUST02695,0,6558.23
CUST02696,0,7070.68
CUST02697,1,7900.51
CUST02698,0,8276.6
CUST02699,0,9285.51
CUST02700,0,10144.82
CUST02701,0,9563.97
CUST02702,0,6477.31
CUST02703,0,7822.0
CUST02704,0,5946.57
CUST02705,0,8318.66
CUST02706,0,10547.17
CUST02707,0,7088.77
CUST02708,0,9254.77
CUST02709,0,8382.96
CUST02710,0,9325.5
CUST02711,0,8726.68
CUST02712,0,8344.72
CUST02713,0,9582.55
CUST02714,0,9133.68
CUST02715,0,8858.89
CUST02716,0,8751.57
CUST02717,0,8089.26
CUST02718,0,7717.52
CUST02719,0,8485.82
CUST02720,0,6306.48
CUST02721,0,6817.33
CUST02722,0,8918.68
CUST02723,0,6948.25
CUST02724,0,7458.71
CUST02725,0,8236.89
CUST02726,0,5490.24
CUST02727,0,8332.19
CUST02728,0,9373.4
CUST02729,0,10125.4
CUST02730,0,8837.71
CUST02731,0,10000.88
CUST02732,0,8382.61
CUST02733,0,8849.06
CUST02734,0,7896.06
CUST02735,0,7535.72
CUST02736,0,9494.9
CUST02737,0,7018.48
CUST02738,0,6939.72
CUST02739,0,7759.45
CUST02740,0,10930.06
CUST02741,0,8089.02
CUST02742,0,6992.04
CUST02743,0,9456.78
CUST02744,0,7921.25
CUST02745,0,7296.01
CUST02746,0,9249.98
CUST02747,0,11575.72
CUST02748,0,9197.15
CUST02749,0,7087.55
CUST02750,0,10154.8
CUST02751,0,8473.08
CUST02752,0,6728.5
CUST02753,0,9466.82
CUST02754,0,6597.89
CUST02755,0,10332.92
CUST02756,0,9439.18
CUST02757,0,8391.54
CUST02758,0,8655.9
CUST02759,0,7312.12
CUST02760,0,10115.41
CUST02761,0,10082.49
CUST02762,0,7367.22
CUST02763,0,7493.4
CUST02764,0,9462.86
CUST02765,1,7424.45
CUST02766,1,8316.1
CUST02767,0,8377.54
CUST02768,0,9155.45
CUST02769,0,8790.16
CUST02770,0,9900.22
CUST02771,0,8659.95
CUST02772,0,9361.83
CUST02773,0,9950.69
CUST02774,0,6601.09
CUST02775,0,7224.87
CUST02776,0,8699.59
CUST02777,0,8919.66
CUST02778,0,8380.99
CUST02779,0,9830.63
CUST02780,0,8772.08
CUST02781,0,7425.46
CUST02782,0,8967.83
CUST02783,0,8293.85
CUST02784,0,7456.02
CUST02785,0,9744.07
CUST02786,1,8033.12
CUST02787,0,7078.81
CUST02788,0,8658.99
CUST02789,0,10182.61
CUST02790,0,9300.78
CUST02791,0,8808.66
CUST02792,0,9495.02
CUST02793,0,6379.53
CUST02794,0,8732.29
CUST02795,0,8240.01
CUST02796,0,8580.49
CUST02797,0,10169.4
CUST02798,0,7216.36
CUST02799,0,9073.08
CUST02800,0,7370.78
CUST02801,0,7389.14
CUST02802,0,9087.28
CUST02803,0,9795.39
CUST02804,0,8251.76
CUST02805,0,8255.55
CUST02806,0,9373.84
CUST02807,0,8253.56
CUST02808,0,7773.6
CUST02809,0,7716.51
CUST02810,0,10359.04
CUST02811,0,7910.63
CUST02812,0,9257.32
CUST02813,0,7244.54
CUST02814,0,8196.94
CUST02815,0,8019.65
CUST02816,0,8267.32
CUST02817,0,8584.97
CUST02818,0,9230.47
CUST02819,0,8721.37
CUST02820,0,7401.84
CUST02821,0,9274.7
CUST02822,0,7883.27
CUST02823,0,7987.03
CUST02824,0,7189.79
CUST02825,0,9234.95
CUST02826,0,9253.79
CUST02827,0,7785.45
CUST02828,0,7485.22
CUST02829,1,9183.39
CUST02830,0,7818.76
CUST02831,0,7371.49
CUST02832,0,7902.22
CUST02833,0,10303.29
CUST02834,0,8479.76
CUST02835,0,7504.86
CUST02836,0,10550.3
CUST02837,0,7269.63
CUST02838,0,9367.4
CUST02839,0,9052.21
CUST02840,0,7706.15
CUST02841,1,8775.69
CUST02842,0,10180.23
CUST02843,0,8239.24
CUST02844,1,8534.63
CUST02845,0,7677.63
CUST02846,0,7579.58
CUST02847,0,10078.63
CUST02848,0,8001.19
CUST02849,0,8414.82
CUST02850,0,9544.87
CUST02851,0,8489.12
CUST02852,0,8255.31
CUST02853,0,10233.98
CUST02854,0,7975.48
CUST02855,0,9116.9
CUST02856,0,9559.31
CUST02857,0,10247.14
CUST02858,0,7515.06
CUST02859,0,8662.75
CUST02860,0,7891.52
CUST02861,0,9870.66
CUST02862,0,13661.23
CUST02863,1,7766.51
CUST02864,0,8111.63
CUST02865,0,11090.51
CUST02866,0,7746.8
CUST02867,0,9544.8
CUST02868,0,9395.11
CUST02869,0,7536.64
CUST02870,0,8185.41
CUST02871,0,9496.76
CUST02872,0,9586.85
CUST02873,0,9939.92
CUST02874,1,5348.71
CUST02875,0,8147.59
CUST02876,0,10835.75
CUST02877,1,8794.54
CUST02878,0,6626.68
CUST02879,0,6990.37
CUST02880,0,9410.57
CUST02881,0,8631.44
CUST02882,0,6904.01
CUST02883,1,7096.87
CUST02884,0,9775.74
CUST02885,0,9179.83
CUST02886,0,7958.67
CUST02887,0,6966.53
CUST02888,0,7982.9
CUST02889,0,7321.6
CUST02890,0,10133.44
CUST02891,0,7824.84
CUST02892,0,8193.59
CUST02893,0,7919.88
CUST02894,0,8349.35
CUST02895,0,8830.63
CUST02896,0,9390.44
CUST02897,0,8437.8
CUST02898,1,7326.74
CUST02899,0,9361.86
CUST02900,0,8888.97
CUST02901,0,8492.27
CUST02902,0,7728.49
CUST02903,0,7484.01
CUST02904,0,8065.89
CUST02905,1,9051.81
CUST02906,1,6266.42
CUST02907,0,8475.99
CUST02908,0,6874.53
CUST02909,0,8385.85
CUST02910,0,8175.67
CUST02911,0,7313.27
CUST02912,0,10992.48
CUST02913,0,8238.65
CUST02914,0,8774.15
CUST02915,0,8952.52
CUST02916,0,8575.86
CUST02917,0,10456.1
CUST02918,0,8240.06
CUST02919,0,8878.8
CUST02920,0,8942.2
CUST02921,0,7600.37
CUST02922,0,9905.18
CUST02923,0,10525.86
CUST02924,0,8876.45
CUST02925,0,7355.35
CUST02926,0,8023.28
CUST02927,0,10125.48
CUST02928,0,7993.38
CUST02929,0,8685.44
CUST02930,0,7461.74
CUST02931,0,10218.63
CUST02932,0,8130.56
CUST02933,0,9620.95
CUST02934,0,6983.34
CUST02935,1,8709.44
CUST02936,0,6576.12
CUST02937,0,9658.65
CUST02938,0,9865.34
CUST02939,0,9276.47
CUST02940,0,9751.87
CUST02941,0,10439.84
CUST02942,0,5567.22
CUST02943,0,8277.8
CUST02944,0,7624.21
CUST02945,0,7677.01
CUST02946,0,9405.58
CUST02947,0,7521.51
CUST02948,0,8207.13
CUST02949,0,7990.01
CUST02950,0,6702.63
CUST02951,0,6555.47
CUST02952,0,7116.15
CUST02953,0,7712.69
CUST02954,0,8254.38
CUST02955,0,6213.5
CUST02956,0,8835.99
CUST02957,1,9483.68
CUST02958,0,8093.33
CUST02959,0,6736.54
CUST02960,0,7067.07
CUST02961,0,7167.7
CUST02962,1,9829.72
CUST02963,0,8802.16
CUST02964,0,8150.48
CUST02965,0,8798.29
CUST02966,0,7511.2
CUST02967,0,8626.92
CUST02968,0,7953.93
CUST02969,0,8706.5
CUST02970,0,9035.53
CUST02971,0,9454.31
CUST02972,0,7774.59
CUST02973,0,8806.55
CUST02974,0,8796.41
CUST02975,0,8928.46
CUST02976,0,8176.78
CUST02977,0,8037.16
CUST02978,0,10100.17
CUST02979,0,6886.37
CUST02980,0,8051.86
CUST02981,0,9214.06
CUST02982,0,10506.3
CUST02983,1,6443.63
CUST02984,0,7778.07
CUST02985,1,9827.37
CUST02986,0,5031.08
CUST02987,0,9422.96
CUST02988,0,9155.14
CUST02989,0,7837.24
CUST02990,0,7326.48
CUST02991,1,8281.84
CUST02992,0,8323.53
CUST02993,0,6554.34
CUST02994,0,7754.02
CUST02995,1,5795.87
CUST02996,0,8843.9
CUST02997,0,10167.28
CUST02998,0,10898.19
CUST02999,0,5992.29
CUST03000,0,8401.56
CUST03001,0,6713.08
CUST03002,0,7845.74
CUST03003,0,8856.21
CUST03004,0,9693.64
CUST03005,0,8954.54
CUST03006,0,6730.55
CUST03007,0,7904.9
CUST03008,0,7835.37
CUST03009,0,8618.69
CUST03010,0,7226.27
CUST03011,1,8219.3
CUST03012,0,10329.13
CUST03013,0,9237.96
CUST03014,0,6592.93
CUST03015,0,9018.55
CUST03016,0,7862.1
CUST03017,0,7409.57
CUST03018,0,7808.68
CUST03019,0,9383.34
CUST03020,1,6590.68
CUST03021,0,7810.88
CUST03022,0,8423.05
CUST03023,1,9219.88
CUST03024,0,8185.18
CUST03025,0,8203.96
CUST03026,0,8128.47
CUST03027,0,8881.88
CUST03028,0,8288.66
CUST03029,0,7763.41
CUST03030,0,8313.27
CUST03031,0,9530.0
CUST03032,0,8349.89
CUST03033,0,6138.79
CUST03034,0,8296.6
CUST03035,0,10793.74
CUST03036,0,8474.35
CUST03037,0,7949.44
CUST03038,0,8706.6
CUST03039,0,13100.53
CUST03040,0,7638.46
CUST03041,0,8296.03
CUST03042,0,10313.63
CUST03043,0,7505.17
CUST03044,0,6775.4
CUST03045,0,9724.32
CUST03046,0,9066.3
CUST03047,0,7861.12
CUST03048,0,7074.07
CUST03049,1,7666.12
CUST03050,0,7798.46
CUST03051,0,6464.93
CUST03052,0,10042.45
CUST03053,0,8892.89
CUST03054,0,7478.03
CUST03055,0,9335.59
CUST03056,1,8565.83
CUST03057,0,10098.04
CUST03058,0,8221.03
CUST03059,0,7851.01
CUST03060,0,7596.38
CUST03061,0,6578.59
CUST03062,0,8653.0
CUST03063,0,9464.55
CUST03064,1,6436.01
CUST03065,1,10716.5
CUST03066,0,9121.27
CUST03067,0,7556.77
CUST03068,0,9931.21
CUST03069,0,9503.25
CUST03070,0,9614.31
CUST03071,0,11658.96
CUST03072,0,9278.07
CUST03073,0,7383.08
CUST03074,0,8998.3
CUST03075,0,8359.71
CUST03076,1,8914.28
CUST03077,0,8104.66
CUST03078,0,8592.07
CUST03079,0,7327.8
CUST03080,1,10232.97
CUST03081,0,8971.15
CUST03082,0,8709.95
CUST03083,0,9880.61
CUST03084,0,10786.3
CUST03085,0,11491.99
CUST03086,0,8542.71
CUST03087,0,8136.3
CUST03088,0,8337.53
CUST03089,0,7744.25
CUST03090,0,8198.69
CUST03091,0,8955.44
CUST03092,0,9282.52
CUST03093,0,10145.41
CUST03094,0,10006.16
CUST03095,0,10971.29
CUST03096,0,8690.95
CUST03097,0,9312.25
CUST03098,0,7792.21
CUST03099,1,9002.35
CUST03100,0,9395.37
CUST03101,0,7594.56
CUST03102,0,7179.02
CUST03103,0,7442.98
CUST03104,0,8253.35
CUST03105,0,8708.77
CUST03106,0,6164.75
CUST03107,0,9273.52
CUST03108,0,9039.66
CUST03109,0,8132.32
CUST03110,0,8340.31
CUST03111,0,7521.73
CUST03112,1,9738.07
CUST03113,0,8066.32
CUST03114,1,9883.91
CUST03115,0,8290.09
CUST03116,0,7734.79
CUST03117,0,8588.2
CUST03118,0,6882.68
CUST03119,0,9544.29
CUST03120,0,10008.7
CUST03121,0,8340.27
CUST03122,0,10790.95
CUST03123,0,9043.08
CUST03124,0,6665.34
CUST03125,0,8157.14
CUST03126,0,11472.85
CUST03127,0,8216.64
CUST03128,0,8252.2
CUST03129,0,10569.52
CUST03130,0,9180.85
CUST03131,0,8824.36
CUST03132,0,7391.75
CUST03133,0,8335.63
CUST03134,1,7889.82
CUST03135,0,10127.55
CUST03136,0,9677.26
CUST03137,0,9982.59
CUST03138,0,10078.6
CUST03139,0,10136.81
CUST03140,0,7834.59
CUST03141,0,7189.91
CUST03142,0,9413.83
CUST03143,0,9171.56
CUST03144,0,5143.08
CUST03145,0,10679.95
CUST03146,1,8707.02
CUST03147,0,7285.11
CUST03148,0,7455.93
CUST03149,0,10154.07
CUST03150,0,8903.5
CUST03151,0,9731.55
CUST03152,1,7284.75
CUST03153,0,8490.23
CUST03154,0,9238.06
CUST03155,1,7974.29
CUST03156,1,9572.15
CUST03157,0,7965.66
CUST03158,0,7582.55
CUST03159,0,7954.19
CUST03160,0,9241.21
CUST03161,0,9272.54
CUST03162,0,10580.49
CUST03163,0,7159.31
CUST03164,0,9629.85
CUST03165,0,8270.2
CUST03166,0,7389.98
CUST03167,0,6316.72
CUST03168,0,8052.17
CUST03169,0,7279.25
CUST03170,0,9037.49
CUST03171,0,9269.82
CUST03172,0,9339.24
CUST03173,0,7424.49
CUST03174,0,8264.0
CUST03175,1,7156.56
CUST03176,0,7610.89
CUST03177,0,8325.67
CUST03178,0,7440.56
CUST03179,0,8058.67
CUST03180,0,9408.72
CUST03181,0,9190.04
CUST03182,1,8639.56
CUST03183,0,10934.24
CUST03184,0,8012.53
CUST03185,0,8014.18
CUST03186,0,8873.78
CUST03187,0,7557.18
CUST03188,0,7531.58
CUST03189,0,8661.93
CUST03190,0,10574.85
CUST03191,0,8496.64
CUST03192,0,9527.01
CUST03193,0,8282.54
CUST03194,0,7338.46
CUST03195,0,7241.81
CUST03196,0,8381.53
CUST03197,0,8389.43
CUST03198,0,8378.38
CUST03199,0,7585.61
CUST03200,0,7324.32
CUST03201,0,8512.3
CUST03202,0,8952.73
CUST03203,0,8095.61
CUST03204,0,6888.79
CUST03205,0,7628.46
CUST03206,0,8296.55
CUST03207,1,9511.39
CUST03208,1,9724.8
CUST03209,0,7684.59
CUST03210,0,5681.31
CUST03211,0,7866.86
CUST03212,0,8824.52
CUST03213,0,8728.98
CUST03214,0,8438.82
CUST03215,0,7269.52
CUST03216,0,9613.97
CUST03217,0,9213.15
CUST03218,0,7428.72
CUST03219,0,9947.15
CUST03220,0,8521.7
CUST03221,0,7683.51
CUST03222,0,9198.8
CUST03223,0,12586.62
CUST03224,0,9690.19
CUST03225,0,7477.39
CUST03226,0,7298.81
CUST03227,0,8387.54
CUST03228,0,6680.35
CUST03229,1,7714.46
CUST03230,0,7811.49
CUST03231,0,8178.16
CUST03232,0,8390.7
CUST03233,0,9047.53
CUST03234,0,9104.7
CUST03235,0,6996.29
CUST03236,0,8150.44
CUST03237,0,8868.79
CUST03238,0,6605.91
CUST03239,0,7045.49
CUST03240,0,8716.66
CUST03241,0,9962.7
CUST03242,0,8045.11
CUST03243,0,7762.9
CUST03244,0,9934.98
CUST03245,0,9542.78
CUST03246,0,7972.47
CUST03247,0,7727.53
CUST03248,0,8168.79
CUST03249,0,7803.12
CUST03250,0,10654.45
CUST03251,0,9918.95
CUST03252,1,8887.29
CUST03253,0,7600.03
CUST03254,0,8298.07
CUST03255,0,8831.91
CUST03256,0,8994.57
CUST03257,0,9273.31
CUST03258,0,7029.81
CUST03259,0,9337.98
CUST03260,0,8323.52
CUST03261,0,10543.61
CUST03262,0,7284.74
CUST03263,0,7946.3
CUST03264,0,6574.32
CUST03265,0,9468.72
CUST03266,0,7405.95
CUST03267,0,8811.7
CUST03268,0,8644.72
CUST03269,0,7736.36
CUST03270,0,10439.95
CUST03271,0,7483.16
CUST03272,1,6928.75
CUST03273,1,7947.21
CUST03274,0,8270.09
CUST03275,0,8144.21
CUST03276,1,8365.83
CUST03277,1,8558.08
CUST03278,0,7306.03
CUST03279,0,8381.08
CUST03280,0,8477.05
CUST03281,1,7184.94
CUST03282,0,6583.47
CUST03283,0,6661.06
CUST03284,0,8622.63
CUST03285,0,7729.42
CUST03286,0,6692.63
CUST03287,0,9166.56
CUST03288,0,7419.54
CUST03289,0,7539.35
CUST03290,1,9647.39
CUST03291,0,8200.53
CUST03292,0,7876.46
CUST03293,0,8548.14
CUST03294,0,9538.06
CUST03295,0,9962.17
CUST03296,0,8716.76
CUST03297,0,7981.62
CUST03298,0,8508.88
CUST03299,0,7362.98
CUST03300,0,7665.81
CUST03301,0,8065.6
CUST03302,0,8536.16
CUST03303,0,9201.49
CUST03304,0,8431.78
CUST03305,0,10305.19
CUST03306,0,8420.02
CUST03307,0,8750.6
CUST03308,0,9149.06
CUST03309,0,10972.8
CUST03310,0,9099.26
CUST03311,0,6939.68
CUST03312,0,6567.93
CUST03313,0,7322.91
CUST03314,0,7554.51
CUST03315,0,6387.15
CUST03316,0,8381.71
CUST03317,0,8191.96
CUST03318,0,8447.19
CUST03319,0,7391.0
CUST03320,0,8790.57
CUST03321,0,9774.08
CUST03322,0,7439.21
CUST03323,1,10302.6
CUST03324,0,7204.13
CUST03325,1,10823.1
CUST03326,0,8933.58
CUST03327,0,6326.04
CUST03328,0,9217.86
CUST03329,0,9213.65
CUST03330,0,9424.87
CUST03331,0,9767.12
CUST03332,0,8689.71
CUST03333,1,8649.51
CUST03334,0,8819.42
CUST03335,1,7001.96
CUST03336,0,9762.69
CUST03337,0,9159.8
CUST03338,0,9528.87
CUST03339,1,10128.37
CUST03340,0,9204.13
CUST03341,0,8487.74
CUST03342,0,9618.38
CUST03343,0,9017.44
CUST03344,0,8760.71
CUST03345,0,7327.46
CUST03346,0,10758.95
CUST03347,0,9357.16
CUST03348,0,8639.44
CUST03349,0,9608.56
CUST03350,0,7893.47
CUST03351,0,7166.65
CUST03352,1,7423.79
CUST03353,0,8476.52
CUST03354,0,9976.99
CUST03355,0,9207.67
CUST03356,0,10887.74
CUST03357,0,9161.05
CUST03358,0,7495.82
CUST03359,0,7264.87
CUST03360,0,8803.55
CUST03361,0,8212.95
CUST03362,1,8062.47
CUST03363,0,7201.44
CUST03364,0,9351.63
CUST03365,0,10966.42
CUST03366,0,9498.05
CUST03367,0,8696.38
CUST03368,0,9192.65
CUST03369,0,6682.34
CUST03370,0,8843.63
CUST03371,0,8127.83
CUST03372,0,10596.75
CUST03373,0,8876.42
CUST03374,0,9845.95
CUST03375,0,9084.59
CUST03376,0,8340.06
CUST03377,0,9322.36
CUST03378,0,8391.06
CUST03379,0,8161.23
CUST03380,0,10268.84
CUST03381,0,7801.89
CUST03382,0,6650.61
CUST03383,0,7464.13
CUST03384,0,7321.75
CUST03385,1,8363.58
CUST03386,0,7828.67
CUST03387,0,6483.42
CUST03388,0,8708.25
CUST03389,0,7695.89
CUST03390,0,8996.53
CUST03391,0,8807.77
CUST03392,0,8207.38
CUST03393,0,7024.75
CUST03394,0,7255.53
CUST03395,0,9500.71
CUST03396,0,9491.77
CUST03397,0,8211.96
CUST03398,0,7329.85
CUST03399,0,8864.52
CUST03400,1,7583.46
CUST03401,0,9247.36
CUST03402,0,7676.39
CUST03403,0,9115.79
CUST03404,0,8624.94
CUST03405,0,9239.62
CUST03406,0,9182.1
CUST03407,0,7822.77
CUST03408,0,10178.37
CUST03409,0,7835.78
CUST03410,0,11623.17
CUST03411,0,7671.58
CUST03412,0,8594.49
CUST03413,1,11090.28
CUST03414,0,8616.75
CUST03415,0,7992.17
CUST03416,0,8651.65
CUST03417,0,9324.55
CUST03418,0,9371.98
CUST03419,0,8717.34
CUST03420,0,10370.69
CUST03421,0,9613.72
CUST03422,0,9076.0
CUST03423,0,8772.98
CUST03424,0,9292.91
CUST03425,0,7005.07
CUST03426,0,7821.34
CUST03427,0,7312.63
CUST03428,0,10428.6
CUST03429,0,4990.98
CUST03430,0,8623.39
CUST03431,0,8434.58
CUST03432,0,10105.42
CUST03433,0,6743.64
CUST03434,0,7803.2
CUST03435,0,7965.95
CUST03436,0,7920.72
CUST03437,0,8523.87
CUST03438,0,10153.03
CUST03439,0,8232.8
CUST03440,0,8705.84
CUST03441,0,7296.47
CUST03442,0,8817.88
CUST03443,0,7670.75
CUST03444,0,8201.61
CUST03445,0,7964.64
CUST03446,0,10592.25
CUST03447,0,7261.37
CUST03448,0,9246.0
CUST03449,0,10039.5
CUST03450,0,8888.63
CUST03451,0,7241.34
CUST03452,0,9073.43
CUST03453,0,6872.88
CUST03454,0,7600.12
CUST03455,1,8538.75
CUST03456,0,6402.0
CUST03457,0,7547.47
CUST03458,0,8387.13
CUST03459,0,8434.55
CUST03460,0,8302.69
CUST03461,0,8800.5
CUST03462,0,7820.22
CUST03463,0,9858.5
CUST03464,0,9554.86
CUST03465,0,8497.0
CUST03466,0,8410.9
CUST03467,0,7497.93
CUST03468,0,8437.23
CUST03469,0,8358.23
CUST03470,0,9321.1
CUST03471,0,7786.29
CUST03472,0,9764.36
CUST03473,0,8051.09
CUST03474,0,9412.16
CUST03475,0,7428.72
CUST03476,0,8209.17
CUST03477,0,9184.72
CUST03478,0,7799.36
CUST03479,0,8950.52
CUST03480,0,8400.38
CUST03481,0,7799.78
CUST03482,0,7580.78
CUST03483,0,11307.39
CUST03484,0,9227.7
CUST03485,1,7785.96
CUST03486,0,8934.2
CUST03487,0,8795.26
CUST03488,0,8701.23
CUST03489,0,8697.74
CUST03490,0,6739.81
CUST03491,0,9956.51
CUST03492,0,8740.91
CUST03493,0,7765.38
CUST03494,0,8298.37
CUST03495,0,6247.01
CUST03496,0,5991.55
CUST03497,0,8201.22
CUST03498,0,11602.42
CUST03499,0,8097.12
CUST03500,0,8987.55
CUST03501,0,8086.3
CUST03502,0,8430.39
CUST03503,0,10517.34
CUST03504,0,9605.98
CUST03505,0,10391.86
CUST03506,1,9486.58
CUST03507,0,8281.27
CUST03508,0,9430.71
CUST03509,0,9318.36
CUST03510,0,7892.53
CUST03511,0,8169.72
CUST03512,0,7674.63
CUST03513,0,8944.22
CUST03514,1,6799.45
CUST03515,0,9659.24
CUST03516,0,9344.83
CUST03517,0,9081.08
CUST03518,1,8233.58
CUST03519,0,10481.42
CUST03520,0,8453.41
CUST03521,0,9516.57
CUST03522,0,7785.27
CUST03523,0,9078.31
CUST03524,0,9051.83
CUST03525,0,8998.37
CUST03526,0,8498.91
CUST03527,0,10659.78
CUST03528,0,9572.36
CUST03529,0,5728.1
CUST03530,0,10259.53
CUST03531,0,8974.79
CUST03532,0,7468.7
CUST03533,1,11276.44
CUST03534,0,9158.72
CUST03535,0,7080.15
CUST03536,0,9308.35
CUST03537,0,7182.45
CUST03538,1,8998.37
CUST03539,0,7589.06
CUST03540,0,9787.64
CUST03541,1,8748.6
CUST03542,0,7466.76
CUST03543,0,7726.55
CUST03544,0,7154.75
CUST03545,1,6784.67
CUST03546,1,9996.53
CUST03547,0,7917.88
CUST03548,0,11642.6
CUST03549,0,9287.41
CUST03550,0,7506.9
CUST03551,0,9479.62
CUST03552,0,9294.87
CUST03553,0,12764.27
CUST03554,0,10346.89
CUST03555,0,7567.0
CUST03556,0,9295.94
CUST03557,0,9941.73
CUST03558,0,10138.11
CUST03559,0,10132.71
CUST03560,1,8581.89
CUST03561,0,10482.19
CUST03562,0,10150.15
CUST03563,0,7377.13
CUST03564,0,7483.62
CUST03565,0,9054.37
CUST03566,0,8107.23
CUST03567,0,8858.73
CUST03568,0,9042.71
CUST03569,0,7887.73
CUST03570,1,7113.1
CUST03571,0,8427.45
CUST03572,0,7219.7
CUST03573,0,9575.16
CUST03574,0,9408.31
CUST03575,0,7928.1
CUST03576,1,8611.02
CUST03577,0,9891.76
CUST03578,0,7994.91
CUST03579,0,7190.04
CUST03580,0,7087.3
CUST03581,0,8631.55
CUST03582,0,6711.76
CUST03583,0,10585.22
CUST03584,0,7464.09
CUST03585,0,7771.86
CUST03586,0,9049.72
CUST03587,1,6310.34
CUST03588,0,8259.81
CUST03589,0,7222.34
CUST03590,0,9061.68
CUST03591,1,7340.28
CUST03592,0,7829.33
CUST03593,0,8642.47
CUST03594,1,8649.49
CUST03595,0,8572.13
CUST03596,0,7284.36
CUST03597,0,10056.22
CUST03598,0,9657.15
CUST03599,0,9703.47
CUST03600,0,7331.48
CUST03601,0,8095.32
CUST03602,0,8690.35
CUST03603,0,9615.3
CUST03604,0,8659.67
CUST03605,1,7381.47
CUST03606,0,8696.3
CUST03607,1,7899.57
CUST03608,0,8296.76
CUST03609,0,8970.69
CUST03610,0,7621.22
CUST03611,0,9407.97
CUST03612,0,9724.31
CUST03613,0,7939.77
CUST03614,1,8663.51
CUST03615,0,7878.54
CUST03616,0,8893.23
CUST03617,1,6999.93
CUST03618,0,9803.51
CUST03619,0,8930.1
CUST03620,1,9487.26
CUST03621,0,8744.04
CUST03622,0,6429.81
CUST03623,0,6841.85
CUST03624,0,7159.12
CUST03625,0,8667.36
CUST03626,0,8664.84
CUST03627,1,6822.64
CUST03628,0,8737.41
CUST03629,0,10504.4
CUST03630,0,8121.27
CUST03631,1,8284.2
CUST03632,1,8420.26
CUST03633,0,9837.05
CUST03634,0,8603.95
CUST03635,1,8059.38
CUST03636,0,8386.16
CUST03637,1,8181.55
CUST03638,0,8063.51
CUST03639,0,11851.72
CUST03640,0,7269.59
CUST03641,0,8550.7
CUST03642,0,8840.72
CUST03643,0,8350.87
CUST03644,0,9425.93
CUST03645,0,8327.04
CUST03646,0,11727.87
CUST03647,0,11381.25
CUST03648,0,8123.18
CUST03649,1,8917.22
CUST03650,0,8451.83
CUST03651,0,8774.53
CUST03652,0,8255.95
CUST03653,0,9846.76
CUST03654,0,8659.29
CUST03655,1,8308.33
CUST03656,1,8817.29
CUST03657,0,9642.34
CUST03658,0,9063.11
CUST03659,0,7667.81
CUST03660,0,8715.28
CUST03661,0,6923.28
CUST03662,0,8823.03
CUST03663,0,7891.11
CUST03664,0,6349.0
CUST03665,0,8708.33
CUST03666,0,8437.4
CUST03667,0,9190.46
CUST03668,0,7883.7
CUST03669,0,9285.58
CUST03670,0,9572.58
CUST03671,0,8480.18
CUST03672,0,9210.1
CUST03673,0,9935.32
CUST03674,0,10218.8
CUST03675,0,7796.61
CUST03676,1,7337.69
CUST03677,0,10100.31
CUST03678,0,10043.97
CUST03679,0,9627.76
CUST03680,0,9033.16
CUST03681,0,8382.91
CUST03682,0,8135.28
CUST03683,0,8305.88
CUST03684,0,8541.17
CUST03685,1,9403.77
CUST03686,0,7381.69
CUST03687,0,8073.23
CUST03688,0,8719.49
CUST03689,1,8967.77
CUST03690,0,8508.7
CUST03691,0,7859.65
CUST03692,0,9115.77
CUST03693,1,8343.6
CUST03694,0,7855.54
CUST03695,0,8161.72
CUST03696,0,8852.26
CUST03697,0,6118.78
CUST03698,1,7760.83
CUST03699,0,8063.03
CUST03700,0,6537.79
CUST03701,0,6658.6
CUST03702,1,8229.45
CUST03703,0,7878.56
CUST03704,0,6109.24
CUST03705,0,10197.15
CUST03706,0,7836.09
CUST03707,0,11024.93
CUST03708,0,9515.76
CUST03709,0,8515.07
CUST03710,1,7336.55
CUST03711,0,7013.19
CUST03712,0,9723.52
CUST03713,0,8652.15
CUST03714,0,10419.32
CUST03715,0,8311.75
CUST03716,0,9313.9
CUST03717,0,8933.42
CUST03718,0,9939.72
CUST03719,0,9520.81
CUST03720,0,7026.58
CUST03721,0,8482.7
CUST03722,0,7964.91
CUST03723,0,8178.34
CUST03724,0,7513.25
CUST03725,0,8644.54
CUST03726,0,7792.3
CUST03727,0,8178.44
CUST03728,0,9304.86
CUST03729,1,8718.29
CUST03730,0,8449.19
CUST03731,0,8571.08
CUST03732,0,8557.84
CUST03733,0,8496.35
CUST03734,1,6927.34
CUST03735,0,10035.09
CUST03736,0,7649.68
CUST03737,0,8452.1
CUST03738,1,8310.85
CUST03739,1,10911.53
CUST03740,0,7415.64
CUST03741,0,8567.02
CUST03742,0,9597.2
CUST03743,0,7714.17
CUST03744,0,9816.25
CUST03745,0,8711.14
CUST03746,0,9483.96
CUST03747,0,10377.74
CUST03748,0,7645.71
CUST03749,0,8404.63
CUST03750,0,9453.01
CUST03751,0,6348.91
CUST03752,0,6623.85
CUST03753,0,8194.47
CUST03754,0,7822.49
CUST03755,1,9889.01
CUST03756,0,8819.5
CUST03757,0,9971.06
CUST03758,0,6940.03
CUST03759,0,8108.65
CUST03760,0,8828.6
CUST03761,0,7520.24
CUST03762,0,8693.17
CUST03763,0,7899.44
CUST03764,0,8620.75
CUST03765,0,8608.54
CUST03766,0,11139.17
CUST03767,0,8343.9
CUST03768,0,7872.72
CUST03769,0,8381.75
CUST03770,0,6911.28
CUST03771,0,6439.96
CUST03772,0,8600.25
CUST03773,0,8524.68
CUST03774,0,9265.73
CUST03775,0,8006.42
CUST03776,0,9401.52
CUST03777,1,7417.76
CUST03778,0,9737.59
CUST03779,0,9189.77
CUST03780,0,9795.15
CUST03781,1,7892.11
CUST03782,0,6881.95
CUST03783,0,9077.8
CUST03784,1,9138.58
CUST03785,0,8394.21
CUST03786,0,7541.19
CUST03787,0,6085.63
CUST03788,0,8434.4
CUST03789,0,8583.83
CUST03790,0,8615.11
CUST03791,0,7148.8
CUST03792,0,9927.5
CUST03793,0,8225.78
CUST03794,0,8774.56
CUST03795,0,9846.08
CUST03796,0,7916.88
CUST03797,0,9194.19
CUST03798,0,8364.05
CUST03799,0,8600.18
CUST03800,0,9185.54
CUST03801,0,9196.85
CUST03802,0,7128.7
CUST03803,0,7818.37
CUST03804,0,9427.61
CUST03805,0,7485.93
CUST03806,0,9031.74
CUST03807,1,8317.72
CUST03808,0,10015.87
CUST03809,0,8983.55
CUST03810,0,6877.96
CUST03811,1,10631.25
CUST03812,0,7654.6
CUST03813,0,6108.28
CUST03814,0,8014.3
CUST03815,0,9064.96
CUST03816,0,7910.34
CUST03817,0,10358.53
CUST03818,0,9216.0
CUST03819,0,9494.68
CUST03820,0,8756.33
CUST03821,0,8837.94
CUST03822,0,7324.04
CUST03823,0,8067.08
CUST03824,0,8185.06
CUST03825,0,9974.75
CUST03826,0,8964.11
CUST03827,0,9386.02
CUST03828,0,6776.25
CUST03829,0,6965.15
CUST03830,0,6907.07
CUST03831,0,8763.0
CUST03832,0,8282.1
CUST03833,1,10409.57
CUST03834,0,6787.35
CUST03835,0,9570.56
CUST03836,1,10802.34
CUST03837,1,7355.88
CUST03838,0,9406.26
CUST03839,0,9136.89
CUST03840,0,9027.33
CUST03841,0,8316.59
CUST03842,0,7621.16
CUST03843,0,7219.88
CUST03844,0,8742.87
CUST03845,0,8095.99
CUST03846,0,8159.41
CUST03847,0,7139.02
CUST03848,1,8629.15
CUST03849,0,9472.57
CUST03850,0,9174.88
CUST03851,0,8986.01
CUST03852,0,9383.46
CUST03853,0,8895.43
CUST03854,0,9476.75
CUST03855,0,8521.68
CUST03856,0,10226.95
CUST03857,0,8147.08
CUST03858,0,7597.34
CUST03859,0,8394.08
CUST03860,0,8935.57
CUST03861,0,7278.61
CUST03862,0,7774.06
CUST03863,0,8749.4
CUST03864,0,9477.94
CUST03865,0,8731.73
CUST03866,0,6274.49
CUST03867,0,8904.45
CUST03868,0,8519.45
CUST03869,1,8446.16
CUST03870,0,8439.75
CUST03871,0,6784.0
CUST03872,0,8683.68
CUST03873,1,9367.53
CUST03874,0,9758.91
CUST03875,0,6246.85
CUST03876,0,8890.97
CUST03877,1,8080.15
CUST03878,1,8942.74
CUST03879,0,9173.66
CUST03880,0,6648.46
CUST03881,0,7998.95
CUST03882,0,9177.91
CUST03883,0,7898.26
CUST03884,0,6067.22
CUST03885,1,9860.98
CUST03886,0,7087.24
CUST03887,1,9768.34
CUST03888,0,6848.51
CUST03889,0,6878.06
CUST03890,0,8487.43
CUST03891,0,7867.08
CUST03892,0,8841.52
CUST03893,1,9333.03
CUST03894,0,8215.87
CUST03895,0,8560.5
CUST03896,0,7770.72
CUST03897,0,5332.22
CUST03898,0,7984.46
CUST03899,0,9099.72
CUST03900,0,6864.5
CUST03901,0,6769.28
CUST03902,0,9495.11
CUST03903,0,9420.89
CUST03904,0,8179.07
CUST03905,0,8687.89
CUST03906,0,8631.3
CUST03907,0,9591.28
CUST03908,0,7965.27
CUST03909,0,8452.6
CUST03910,0,8022.02
CUST03911,0,8187.39
CUST03912,1,8987.15
CUST03913,0,9534.38
CUST03914,0,8941.11
CUST03915,0,9376.46
CUST03916,0,7987.91
CUST03917,0,8589.93
CUST03918,1,10070.53
CUST03919,0,5885.66
CUST03920,0,8306.65
CUST03921,0,8657.27
CUST03922,0,8632.16
CUST03923,0,7956.49
CUST03924,0,10618.0
CUST03925,0,9494.3
CUST03926,0,9080.73
CUST03927,0,8474.27
CUST03928,0,10250.27
CUST03929,0,7714.46
CUST03930,0,9685.0
CUST03931,0,9261.39
CUST03932,0,10296.19
CUST03933,0,7606.61
CUST03934,0,9556.56
CUST03935,1,8769.0
CUST03936,0,8124.95
CUST03937,0,10402.73
CUST03938,0,10839.92
CUST03939,0,8821.23
CUST03940,0,9592.78
CUST03941,0,8868.24
CUST03942,0,8001.64
CUST03943,0,7631.85
CUST03944,0,8018.45
CUST03945,0,9597.74
CUST03946,0,9817.17
CUST03947,0,6833.41
CUST03948,0,9414.45
CUST03949,0,8661.52
CUST03950,0,7902.59
CUST03951,0,7085.79
CUST03952,0,7739.1
CUST03953,0,9009.52
CUST03954,0,7947.34
CUST03955,0,8918.78
CUST03956,0,9726.33
CUST03957,0,8809.54
CUST03958,0,9114.28
CUST03959,0,7588.39
CUST03960,0,9522.02
CUST03961,0,9219.76
CUST03962,1,7630.64
CUST03963,0,9710.58
CUST03964,0,7878.8
CUST03965,0,8377.86
CUST03966,0,8257.42
CUST03967,0,10014.81
CUST03968,1,8277.39
CUST03969,0,8698.57
CUST03970,0,8374.68
CUST03971,0,8100.03
CUST03972,0,8038.95
CUST03973,0,10607.18
CUST03974,0,6159.29
CUST03975,0,8684.81
CUST03976,0,7069.56
CUST03977,0,8280.63
CUST03978,0,8733.68
CUST03979,0,9917.57
CUST03980,0,8237.98
CUST03981,0,9424.54
CUST03982,0,6631.96
CUST03983,0,9794.03
CUST03984,0,8514.55
CUST03985,0,7076.45
CUST03986,0,8141.88
CUST03987,1,9276.29
CUST03988,1,7178.47
CUST03989,0,8280.92
CUST03990,0,6571.16
CUST03991,0,9127.85
CUST03992,0,7666.61
CUST03993,0,8518.68
CUST03994,0,10421.73
CUST03995,0,8103.22
CUST03996,0,6718.34
CUST03997,0,9096.38
CUST03998,0,9193.47
CUST03999,0,8533.24
CUST04000,0,8622.43
CUST04001,0,9323.23
CUST04002,1,7094.55
CUST04003,0,9334.63
CUST04004,0,9138.19
CUST04005,0,9356.16
CUST04006,0,9241.05
CUST04007,0,9644.44
CUST04008,0,10468.79
CUST04009,0,7568.87
CUST04010,0,8075.58
CUST04011,0,8797.48
CUST04012,0,7709.95
CUST04013,0,8681.65
CUST04014,0,7874.04
CUST04015,0,9091.4
CUST04016,0,8345.13
CUST04017,0,8553.92
CUST04018,0,10110.75
CUST04019,0,8485.48
CUST04020,0,7236.65
CUST04021,0,8008.16
CUST04022,0,9121.63
CUST04023,0,9835.08
CUST04024,0,8363.79
CUST04025,0,8044.25
CUST04026,0,8390.11
CUST04027,0,8653.31
CUST04028,0,8590.46
CUST04029,0,10456.58
CUST04030,0,6821.17
CUST04031,0,8445.31
CUST04032,0,9023.02
CUST04033,0,9293.57
CUST04034,0,8706.26
CUST04035,0,7892.25
CUST04036,0,9274.57
CUST04037,0,8310.77
CUST04038,1,8328.34
CUST04039,1,8459.3
CUST04040,0,8016.78
CUST04041,0,8979.43
CUST04042,1,8591.67
CUST04043,0,7929.21
CUST04044,0,8594.76
CUST04045,1,8900.36
CUST04046,0,7306.8
CUST04047,0,8930.02
CUST04048,0,8039.1
CUST04049,1,8664.25
CUST04050,0,9372.28
CUST04051,0,8173.68
CUST04052,1,8579.5
CUST04053,0,7643.63
CUST04054,0,9949.04
CUST04055,0,9813.4
CUST04056,0,7464.52
CUST04057,0,7571.09
CUST04058,0,7024.26
CUST04059,0,9790.51
CUST04060,0,9529.05
CUST04061,0,7929.23
CUST04062,1,7054.31
CUST04063,0,8878.68
CUST04064,0,7155.4
CUST04065,0,9452.55
CUST04066,0,9753.58
CUST04067,1,6352.33
CUST04068,0,7556.96
CUST04069,1,8000.07
CUST04070,0,8405.04
CUST04071,1,8557.53
CUST04072,0,9333.13
CUST04073,0,7473.49
CUST04074,0,10205.55
CUST04075,0,7396.56
CUST04076,0,7795.64
CUST04077,0,10810.08
CUST04078,0,8546.89
CUST04079,0,7948.05
CUST04080,0,8669.75
CUST04081,1,8123.62
CUST04082,0,9645.48
CUST04083,0,7732.24
CUST04084,0,8831.22
CUST04085,0,7070.0
CUST04086,0,7813.72
CUST04087,0,8635.77
CUST04088,0,9066.14
CUST04089,0,7746.74
CUST04090,0,6603.71
CUST04091,0,8480.93
CUST04092,0,6579.91
CUST04093,1,7017.78
CUST04094,0,7443.66
CUST04095,0,8287.73
CUST04096,0,8724.7
CUST04097,0,8767.25
CUST04098,0,8265.46
CUST04099,0,5778.44
CUST04100,0,8456.3
CUST04101,0,10221.34
CUST04102,0,11157.2
CUST04103,0,7504.17
CUST04104,0,8164.92
CUST04105,0,9760.95
CUST04106,0,9485.4
CUST04107,0,10009.01
CUST04108,0,9417.93
CUST04109,0,9023.39
CUST04110,0,8828.27
CUST04111,0,9241.42
CUST04112,0,7867.24
CUST04113,0,7020.89
CUST04114,0,8608.69
CUST04115,1,7545.44
CUST04116,0,8007.63
CUST04117,0,10385.41
CUST04118,1,9126.73
CUST04119,0,7492.51
CUST04120,0,8685.7
CUST04121,0,6436.94
CUST04122,0,8520.39
CUST04123,0,8451.43
CUST04124,0,8518.11
CUST04125,0,7726.75
CUST04126,0,8400.32
CUST04127,0,9875.72
CUST04128,1,9459.78
CUST04129,0,8744.12
CUST04130,0,9600.46
CUST04131,0,9382.98
CUST04132,0,7404.98
CUST04133,0,9446.7
CUST04134,1,9256.39
CUST04135,0,9234.17
CUST04136,0,6663.98
CUST04137,0,11291.42
CUST04138,0,8580.8
CUST04139,0,8601.79
CUST04140,0,7332.65
CUST04141,0,9071.55
CUST04142,0,5328.94
CUST04143,0,7192.13
CUST04144,0,9638.51
CUST04145,0,6627.66
CUST04146,0,8334.52
CUST04147,0,9000.26
CUST04148,0,9980.91
CUST04149,0,7782.16
CUST04150,0,7322.96
CUST04151,0,9779.39
CUST04152,0,8585.13
CUST04153,0,7562.76
CUST04154,0,7612.63
CUST04155,0,10295.74
CUST04156,0,8031.2
CUST04157,0,12624.93
CUST04158,0,9133.74
CUST04159,0,8672.33
CUST04160,0,9148.11
CUST04161,0,9651.45
CUST04162,0,9401.01
CUST04163,0,8631.2
CUST04164,0,9243.48
CUST04165,0,6314.34
CUST04166,0,9433.5
CUST04167,0,8259.18
CUST04168,0,9327.7
CUST04169,0,10606.56
CUST04170,0,8282.67
CUST04171,0,6971.4
CUST04172,0,9661.99
CUST04173,0,8438.57
CUST04174,0,7914.46
CUST04175,1,8618.47
CUST04176,0,9666.44
CUST04177,1,7540.71
CUST04178,0,9126.09
CUST04179,0,9341.65
CUST04180,0,10398.68
CUST04181,0,8233.91
CUST04182,0,8142.71
CUST04183,0,9723.84
CUST04184,0,7957.6
CUST04185,0,8346.11
CUST04186,0,9920.02
CUST04187,1,10628.27
CUST04188,0,9661.2
CUST04189,0,10678.46
CUST04190,0,9177.98
CUST04191,0,8690.08
CUST04192,0,8987.38
CUST04193,0,7451.74
CUST04194,1,9017.04
CUST04195,1,8808.45
CUST04196,0,9775.45
CUST04197,0,7937.38
CUST04198,0,8869.98
CUST04199,1,7467.92
CUST04200,1,8366.57
CUST04201,0,7939.34
CUST04202,0,7511.23
CUST04203,0,7388.41
CUST04204,0,9599.51
CUST04205,0,8775.26
CUST04206,0,5508.28
CUST04207,0,7405.16
CUST04208,0,6696.24
CUST04209,0,8293.12
CUST04210,0,10131.21
CUST04211,0,7468.7
CUST04212,1,9516.4
CUST04213,0,7875.95
CUST04214,0,9752.38
CUST04215,1,8624.7
CUST04216,0,7225.23
CUST04217,0,9161.21
CUST04218,0,8539.98
CUST04219,0,9204.29
CUST04220,0,9129.64
CUST04221,0,7608.07
CUST04222,0,10725.47
CUST04223,0,8392.04
CUST04224,0,8637.15
CUST04225,0,6635.58
CUST04226,0,10261.99
CUST04227,0,9307.13
CUST04228,0,7692.44
CUST04229,1,7785.72
CUST04230,0,6749.32
CUST04231,0,8605.1
CUST04232,0,7998.32
CUST04233,0,11817.36
CUST04234,0,9072.66
CUST04235,0,10778.72
CUST04236,0,7451.68
CUST04237,0,7742.16
CUST04238,0,7977.31
CUST04239,0,7460.22
CUST04240,0,8390.53
CUST04241,1,8048.3
CUST04242,0,8615.9
CUST04243,0,7728.5
CUST04244,0,7913.12
CUST04245,0,8311.48
CUST04246,0,10797.91
CUST04247,0,8192.89
CUST04248,0,5959.5
CUST04249,0,9678.64
CUST04250,0,9465.46
CUST04251,0,8548.36
CUST04252,0,11068.11
CUST04253,0,8368.31
CUST04254,1,7746.0
CUST04255,0,6401.42
CUST04256,0,7775.01
CUST04257,0,7464.82
CUST04258,0,8379.69
CUST04259,0,8456.62
CUST04260,0,7321.85
CUST04261,0,8708.49
CUST04262,1,9181.7
CUST04263,0,8145.68
CUST04264,0,8977.17
CUST04265,0,7347.73
CUST04266,0,9275.82
CUST04267,0,7812.39
CUST04268,1,6782.48
CUST04269,0,9600.89
CUST04270,0,7572.96
CUST04271,0,8447.68
CUST04272,1,9571.59
CUST04273,0,7840.52
CUST04274,0,8649.88
CUST04275,0,7833.16
CUST04276,0,8760.35
CUST04277,0,8494.64
CUST04278,0,6601.35
CUST04279,0,7604.03
CUST04280,0,6601.55
CUST04281,0,6463.7
CUST04282,0,8867.0
CUST04283,0,9364.84
CUST04284,0,10588.76
CUST04285,0,10294.97
CUST04286,0,7730.71
CUST04287,0,8260.4
CUST04288,0,8730.29
CUST04289,0,8308.4
CUST04290,0,7766.86
CUST04291,0,9525.67
CUST04292,0,9345.34
CUST04293,0,7295.13
CUST04294,1,8811.03
CUST04295,0,8602.93
CUST04296,0,9788.21
CUST04297,0,9449.86
CUST04298,0,8994.15
CUST04299,0,7734.65
CUST04300,0,7373.08
CUST04301,0,7034.94
CUST04302,0,8107.16
CUST04303,0,9663.98
CUST04304,0,7723.79
CUST04305,0,8309.93
CUST04306,0,9734.07
CUST04307,0,6868.03
CUST04308,0,7872.61
CUST04309,0,9278.36
CUST04310,0,8074.06
CUST04311,0,8488.61
CUST04312,1,10054.55
CUST04313,0,6929.22
CUST04314,0,7885.59
CUST04315,0,9854.61
CUST04316,0,9196.41
CUST04317,0,8444.68
CUST04318,0,7610.32
CUST04319,0,7971.7
CUST04320,0,10066.03
CUST04321,0,8717.06
CUST04322,0,8027.92
CUST04323,0,8955.41
CUST04324,1,9413.14
CUST04325,0,8694.9
CUST04326,0,6884.11
CUST04327,0,9435.73
CUST04328,0,8238.97
CUST04329,0,9081.51
CUST04330,0,8067.93
CUST04331,0,8122.07
CUST04332,0,8839.84
CUST04333,0,8512.52
CUST04334,0,7347.22
CUST04335,0,9439.1
CUST04336,0,7643.88
CUST04337,0,8371.38
CUST04338,0,8460.94
CUST04339,0,8982.85
CUST04340,0,6324.82
CUST04341,0,10730.51
CUST04342,0,7129.54
CUST04343,0,7881.21
CUST04344,0,7438.65
CUST04345,0,6582.1
CUST04346,0,10036.63
CUST04347,0,10553.84
CUST04348,0,8559.07
CUST04349,0,10207.26
CUST04350,1,10080.37
CUST04351,0,8525.31
CUST04352,0,8079.4
CUST04353,0,7259.67
CUST04354,0,8748.77
CUST04355,0,7237.96
CUST04356,0,9185.32
CUST04357,0,8967.52
CUST04358,0,7389.74
CUST04359,0,9887.12
CUST04360,1,8293.17
CUST04361,0,9620.12
CUST04362,0,5245.8
CUST04363,0,7817.53
CUST04364,0,7082.35
CUST04365,0,11029.21
CUST04366,0,8475.48
CUST04367,0,8767.79
CUST04368,0,7819.44
CUST04369,0,9360.79
CUST04370,0,9944.5
CUST04371,0,7463.52
CUST04372,0,10776.62
CUST04373,0,9215.86
CUST04374,0,9740.98
CUST04375,0,7913.44
CUST04376,0,9584.9
CUST04377,0,7113.0
CUST04378,0,9487.58
CUST04379,0,7193.23
CUST04380,0,9031.11
CUST04381,1,7910.56
CUST04382,1,7306.27
CUST04383,0,7822.54
CUST04384,0,11013.67
CUST04385,0,7793.49
CUST04386,0,9131.31
CUST04387,0,6658.24
CUST04388,0,10521.88
CUST04389,0,8708.14
CUST04390,0,7114.77
CUST04391,0,6421.4
CUST04392,0,8555.19
CUST04393,0,9221.15
CUST04394,0,9451.23
CUST04395,0,6852.29
CUST04396,0,7304.81
CUST04397,0,8115.96
CUST04398,0,8124.0
CUST04399,0,8396.2
CUST04400,0,8321.04
CUST04401,0,9267.81
CUST04402,1,8774.62
CUST04403,0,9737.83
CUST04404,0,6737.37
CUST04405,0,9580.11
CUST04406,0,8751.03
CUST04407,0,8524.29
CUST04408,0,10257.63
CUST04409,0,8718.28
CUST04410,0,7799.08
CUST04411,0,8839.09
CUST04412,0,7169.51
CUST04413,0,9126.54
CUST04414,0,8154.77
CUST04415,0,8627.93
CUST04416,0,9208.67
CUST04417,0,11419.6
CUST04418,0,9699.89
CUST04419,1,8567.62
CUST04420,0,8927.5
CUST04421,0,10894.39
CUST04422,1,8959.4
CUST04423,0,9538.61
CUST04424,0,7016.77
CUST04425,0,10538.19
CUST04426,0,9239.15
CUST04427,0,8056.12
CUST04428,0,8534.12
CUST04429,0,9543.18
CUST04430,1,8030.26
CUST04431,0,8387.26
CUST04432,1,11192.58
CUST04433,0,7652.22
CUST04434,0,8131.76
CUST04435,0,7800.58
CUST04436,1,10683.53
CUST04437,1,8652.67
CUST04438,0,8911.42
CUST04439,0,8490.13
CUST04440,0,8764.89
CUST04441,0,8380.88
CUST04442,0,8776.24
CUST04443,1,9263.44
CUST04444,0,7844.59
CUST04445,0,8543.79
CUST04446,0,8069.87
CUST04447,0,10308.63
CUST04448,0,11610.71
CUST04449,0,7071.55
CUST04450,0,7471.5
CUST04451,0,7424.28
CUST04452,0,7413.73
CUST04453,0,7455.79
CUST04454,0,8651.04
CUST04455,0,8483.06
CUST04456,1,10114.4
CUST04457,0,7565.99
CUST04458,1,9317.5
CUST04459,0,8468.07
CUST04460,0,9872.96
CUST04461,0,9926.88
CUST04462,0,6962.25
CUST04463,0,9174.94
CUST04464,0,6323.42
CUST04465,1,7408.26
CUST04466,0,10908.71
CUST04467,0,8373.11
CUST04468,0,9734.16
CUST04469,1,7628.27
CUST04470,1,7409.41
CUST04471,0,7257.28
CUST04472,0,8023.6
CUST04473,0,9179.18
CUST04474,0,10703.94
CUST04475,0,9009.32
CUST04476,0,7573.12
CUST04477,0,8443.45
CUST04478,0,7238.32
CUST04479,0,8360.66
CUST04480,0,9328.27
CUST04481,0,8712.68
CUST04482,0,9051.81
CUST04483,0,7865.53
CUST04484,0,11163.16
CUST04485,0,7974.86
CUST04486,0,6807.7
CUST04487,0,6852.0
CUST04488,0,9928.19
CUST04489,0,8210.01
CUST04490,0,7710.7
CUST04491,0,9480.34
CUST04492,0,7339.58
CUST04493,0,7178.23
CUST04494,0,9140.16
CUST04495,0,7467.24
CUST04496,0,7661.03
CUST04497,0,10666.4
CUST04498,0,10128.77
CUST04499,1,12643.89
CUST04500,0,9005.55
CUST04501,0,8016.2
CUST04502,0,8914.0
CUST04503,0,10479.57
CUST04504,0,10589.6
CUST04505,0,9832.03
CUST04506,0,9286.7
CUST04507,0,8921.29
CUST04508,0,7548.11
CUST04509,0,6235.32
CUST04510,0,10858.59
CUST04511,0,8830.93
CUST04512,0,6119.69
CUST04513,0,7795.55
CUST04514,0,8308.48
CUST04515,0,9096.52
CUST04516,0,8549.67
CUST04517,0,8908.85
CUST04518,0,9825.66
CUST04519,0,9756.68
CUST04520,0,7721.59
CUST04521,0,8146.04
CUST04522,0,8915.33
CUST04523,0,9790.88
CUST04524,0,7186.34
CUST04525,0,6720.85
CUST04526,1,8192.41
CUST04527,0,10340.13
CUST04528,0,8778.48
CUST04529,0,7732.5
CUST04530,0,8496.14
CUST04531,0,6872.88
CUST04532,0,8788.39
CUST04533,1,8090.41
CUST04534,0,8955.94
CUST04535,1,8530.72
CUST04536,0,9241.05
CUST04537,0,8427.71
CUST04538,0,8111.61
CUST04539,0,8042.91
CUST04540,0,6654.58
CUST04541,1,6913.27
CUST04542,0,8288.84
CUST04543,1,7310.37
CUST04544,0,8248.71
CUST04545,0,9091.05
CUST04546,0,7256.25
CUST04547,0,7520.02
CUST04548,0,8596.47
CUST04549,0,7572.93
CUST04550,0,9018.78
CUST04551,0,8043.65
CUST04552,0,7127.31
CUST04553,0,8438.91
CUST04554,1,5771.79
CUST04555,0,8651.1
CUST04556,0,8456.52
CUST04557,0,7631.93
CUST04558,0,6855.23
CUST04559,0,7824.01
CUST04560,0,9606.26
CUST04561,0,8832.45
CUST04562,0,9835.27
CUST04563,0,7935.7
CUST04564,1,5763.95
CUST04565,0,8423.36
CUST04566,0,8697.49
CUST04567,0,10723.88
CUST04568,0,9700.13
CUST04569,0,7974.05
CUST04570,1,12001.21
CUST04571,0,9014.96
CUST04572,0,10017.95
CUST04573,0,10477.46
CUST04574,0,9033.92
CUST04575,0,6271.98
CUST04576,0,8160.87
CUST04577,0,6872.98
CUST04578,0,10224.86
CUST04579,0,8264.01
CUST04580,0,8229.03
CUST04581,0,6731.92
CUST04582,0,8140.15
CUST04583,0,6911.08
CUST04584,0,7032.25
CUST04585,0,8555.41
CUST04586,0,7456.22
CUST04587,0,6896.06
CUST04588,0,9549.3
CUST04589,0,7203.26
CUST04590,0,9508.65
CUST04591,0,8310.32
CUST04592,0,10246.66
CUST04593,0,8106.75
CUST04594,0,8899.56
CUST04595,1,6778.03
CUST04596,0,7376.86
CUST04597,0,9268.07
CUST04598,0,10781.57
CUST04599,0,8803.53
CUST04600,0,8646.04
CUST04601,0,5997.27
CUST04602,0,7850.13
CUST04603,0,8314.28
CUST04604,0,8309.81
CUST04605,0,8251.99
CUST04606,0,7256.92
CUST04607,0,8315.1
CUST04608,1,6674.54
CUST04609,0,8523.11
CUST04610,0,9226.55
CUST04611,0,7055.4
CUST04612,0,9097.69
CUST04613,0,8608.79
CUST04614,1,7803.7
CUST04615,0,7922.65
CUST04616,0,7457.61
CUST04617,0,9018.03
CUST04618,0,10645.89
CUST04619,0,7882.02
CUST04620,0,8852.22
CUST04621,0,7034.28
CUST04622,0,6050.25
CUST04623,0,7550.63
CUST04624,0,8769.35
CUST04625,0,9615.54
CUST04626,1,9700.68
CUST04627,0,7499.59
CUST04628,0,8140.89
CUST04629,0,7625.55
CUST04630,0,7530.39
CUST04631,0,8680.06
CUST04632,0,9716.38
CUST04633,0,10624.59
CUST04634,0,10398.9
CUST04635,0,10690.8
CUST04636,0,8518.7
CUST04637,0,9262.92
CUST04638,0,8899.79
CUST04639,0,8416.8
CUST04640,0,9305.6
CUST04641,0,9270.03
CUST04642,1,7136.08
CUST04643,0,7892.18
CUST04644,0,8798.7
CUST04645,0,9661.62
CUST04646,0,8580.99
CUST04647,0,9086.52
CUST04648,1,8603.35
CUST04649,0,8928.22
CUST04650,0,7288.06
CUST04651,0,11335.34
CUST04652,0,7361.97
CUST04653,0,10223.79
CUST04654,0,10041.6
CUST04655,0,7665.42
CUST04656,0,7238.1
CUST04657,0,7790.24
CUST04658,0,7326.33
CUST04659,0,11048.58
CUST04660,0,8737.61
CUST04661,0,8780.29
CUST04662,0,7323.57
CUST04663,0,7963.18
CUST04664,0,8045.09
CUST04665,0,8967.04
CUST04666,0,9279.62
CUST04667,0,7981.76
CUST04668,0,7587.44
CUST04669,0,8742.44
CUST04670,0,8770.84
CUST04671,0,9447.52
CUST04672,0,8919.06
CUST04673,0,8918.69
CUST04674,0,9821.6
CUST04675,0,9390.1
CUST04676,0,8221.36
CUST04677,0,7321.34
CUST04678,0,8878.83
CUST04679,0,9706.22
CUST04680,0,9265.66
CUST04681,0,10134.67
CUST04682,0,9959.47
CUST04683,0,8144.33
CUST04684,0,9943.12
CUST04685,0,7295.21
CUST04686,0,9495.76
CUST04687,0,10458.37
CUST04688,0,6587.62
CUST04689,0,8879.74
CUST04690,0,9029.97
CUST04691,0,9776.83
CUST04692,0,7407.27
CUST04693,0,7974.05
CUST04694,0,7342.12
CUST04695,0,8267.85
CUST04696,0,7609.59
CUST04697,0,8808.69
CUST04698,0,9168.79
CUST04699,0,9250.83
CUST04700,0,7536.06
CUST04701,0,9679.8
CUST04702,0,8878.12
CUST04703,0,8725.83
CUST04704,0,7628.37
CUST04705,0,8766.86
CUST04706,0,6974.37
CUST04707,0,8889.95
CUST04708,0,8753.4
CUST04709,0,9304.45
CUST04710,0,7418.16
CUST04711,0,9594.93
CUST04712,0,8366.09
CUST04713,0,7654.4
CUST04714,0,8637.42
CUST04715,0,9399.51
CUST04716,0,7047.96
CUST04717,1,6640.88
CUST04718,0,8183.27
CUST04719,0,8712.97
CUST04720,0,11225.11
CUST04721,0,8533.58
CUST04722,0,8036.35
CUST04723,0,9892.24
CUST04724,0,7805.14
CUST04725,1,10016.17
CUST04726,0,6928.26
CUST04727,1,11662.59
CUST04728,0,7060.74
CUST04729,0,7188.6
CUST04730,0,10420.53
CUST04731,0,7256.81
CUST04732,0,9174.95
CUST04733,0,9460.81
CUST04734,0,6574.46
CUST04735,0,8249.48
CUST04736,0,7980.97
CUST04737,0,9172.86
CUST04738,0,7180.51
CUST04739,0,8264.58
CUST04740,0,9227.15
CUST04741,0,8084.05
CUST04742,0,9501.24
CUST04743,1,10169.56
CUST04744,0,8551.5
CUST04745,0,8148.43
CUST04746,1,8931.75
CUST04747,1,10067.26
CUST04748,0,9789.59
CUST04749,0,6975.48
CUST04750,0,8659.35
CUST04751,0,7951.53
CUST04752,0,9596.72
CUST04753,0,7381.17
CUST04754,0,6786.91
CUST04755,0,8190.65
CUST04756,0,8898.02
CUST04757,0,7702.26
CUST04758,0,7769.83
CUST04759,0,9281.2
CUST04760,0,7158.98
CUST04761,0,8172.03
CUST04762,0,9714.04
CUST04763,0,6879.22
CUST04764,0,9218.47
CUST04765,1,7347.46
CUST04766,0,7681.13
CUST04767,0,9099.16
CUST04768,0,9378.08
CUST04769,0,7629.48
CUST04770,0,10714.11
CUST04771,0,9798.52
CUST04772,0,7740.98
CUST04773,0,8766.21
CUST04774,0,7002.89
CUST04775,0,9601.12
CUST04776,0,6681.39
CUST04777,0,9215.41
CUST04778,0,6895.8
CUST04779,0,9414.07
CUST04780,0,11446.34
CUST04781,0,8499.37
CUST04782,0,8744.99
CUST04783,1,9303.84
CUST04784,0,9217.98
CUST04785,0,9585.4
CUST04786,1,8598.3
CUST04787,0,9522.92
CUST04788,0,7468.64
CUST04789,0,6720.79
CUST04790,0,9234.08
CUST04791,0,6435.89
CUST04792,0,7914.97
CUST04793,0,8392.3
CUST04794,0,9062.79
CUST04795,0,8249.94
CUST04796,0,9601.07
CUST04797,0,9287.97
CUST04798,0,8337.28
CUST04799,0,9004.24
CUST04800,0,6103.88
CUST04801,0,6786.57
CUST04802,0,7560.42
CUST04803,0,6659.38
CUST04804,0,8908.6
CUST04805,0,8522.53
CUST04806,0,7236.43
CUST04807,0,7353.53
CUST04808,0,9749.58
CUST04809,0,10400.99
CUST04810,0,8161.58
CUST04811,0,8124.97
CUST04812,0,8882.83
CUST04813,0,7561.84
CUST04814,0,7497.22
CUST04815,0,10041.02
CUST04816,0,8959.83
CUST04817,0,8667.45
CUST04818,0,8166.55
CUST04819,0,9618.01
CUST04820,0,6625.37
CUST04821,0,8887.22
CUST04822,0,8316.03
CUST04823,0,6896.25
CUST04824,0,8041.2
CUST04825,0,8119.09
CUST04826,0,8564.53
CUST04827,0,8612.11
CUST04828,0,9287.93
CUST04829,0,10219.44
CUST04830,0,7422.63
CUST04831,0,8210.2
CUST04832,0,8410.55
CUST04833,0,7374.45
CUST04834,0,7518.5
CUST04835,0,10321.02
CUST04836,0,6735.02
CUST04837,0,7662.06
CUST04838,0,8258.72
CUST04839,0,8277.5
CUST04840,0,7798.13
CUST04841,1,8162.95
CUST04842,0,8185.25
CUST04843,0,6995.61
CUST04844,0,9937.3
CUST04845,0,8595.57
CUST04846,0,8952.99
CUST04847,0,6886.77
CUST04848,0,10288.62
CUST04849,0,8159.14
CUST04850,0,6231.9
CUST04851,0,8968.92
CUST04852,0,8917.1
CUST04853,0,9883.76
CUST04854,0,8904.27
CUST04855,0,8260.17
CUST04856,0,7723.6
CUST04857,0,9053.4
CUST04858,0,8363.9
CUST04859,0,11044.86
CUST04860,0,7388.53
CUST04861,0,10414.22
CUST04862,0,11278.16
CUST04863,0,10128.54
CUST04864,0,7016.86
CUST04865,0,8403.53
CUST04866,0,9058.79
CUST04867,0,12093.54
CUST04868,0,7796.69
CUST04869,0,9758.03
CUST04870,0,10498.75
CUST04871,0,9567.76
CUST04872,0,10407.88
CUST04873,0,9414.49
CUST04874,0,7208.12
CUST04875,0,8953.19
CUST04876,0,7678.87
CUST04877,0,7275.75
CUST04878,0,9382.19
CUST04879,0,6557.82
CUST04880,0,9419.6
CUST04881,0,9272.94
CUST04882,0,8706.05
CUST04883,0,8576.42
CUST04884,0,9740.78
CUST04885,0,7548.15
CUST04886,0,8520.04
CUST04887,0,7998.24
CUST04888,0,5939.87
CUST04889,0,7337.53
CUST04890,0,8882.49
CUST04891,0,8946.43
CUST04892,0,10286.28
CUST04893,0,7536.28
CUST04894,0,9763.15
CUST04895,0,8914.16
CUST04896,0,9645.72
CUST04897,1,11195.2
CUST04898,0,11307.27
CUST04899,0,9232.97
CUST04900,0,10322.18
CUST04901,0,9491.31
CUST04902,0,8973.66
CUST04903,0,10368.98
CUST04904,0,8442.47
CUST04905,0,8047.98
CUST04906,0,9546.78
CUST04907,0,8234.47
CUST04908,0,7385.69
CUST04909,1,10423.2
CUST04910,0,8310.51
CUST04911,1,9199.94
CUST04912,0,9580.87
CUST04913,0,9322.21
CUST04914,0,10302.56
CUST04915,1,9015.78
CUST04916,0,9362.55
CUST04917,0,10149.46
CUST04918,0,8333.54
CUST04919,0,9670.88
CUST04920,0,8940.57
CUST04921,0,10327.93
CUST04922,0,10161.4
CUST04923,0,8893.64
CUST04924,0,8035.62
CUST04925,0,7619.0
CUST04926,1,8027.95
CUST04927,0,9785.78
CUST04928,0,10084.49
CUST04929,0,7427.11
CUST04930,1,10208.68
CUST04931,0,8203.4
CUST04932,0,9002.75
CUST04933,0,6551.88
CUST04934,0,9649.02
CUST04935,0,10301.59
CUST04936,0,9914.59
CUST04937,0,7085.68
CUST04938,0,10525.65
CUST04939,1,7960.33
CUST04940,0,8359.7
CUST04941,0,7967.25
CUST04942,0,10267.07
CUST04943,0,8161.37
CUST04944,0,8078.43
CUST04945,1,8708.08
CUST04946,0,7817.27
CUST04947,0,6944.62
CUST04948,0,10640.08
CUST04949,0,8804.65
CUST04950,0,6699.22
CUST04951,0,8439.85
CUST04952,0,7225.02
CUST04953,0,8627.49
CUST04954,0,7407.03
CUST04955,1,10461.81
CUST04956,1,7785.2
CUST04957,0,8208.99
CUST04958,0,8919.96
CUST04959,0,7575.11
CUST04960,0,7029.98
CUST04961,0,7783.0
CUST04962,0,8196.36
CUST04963,0,8613.51
CUST04964,1,9405.58
CUST04965,0,8767.27
CUST04966,0,8705.14
CUST04967,1,8803.79
CUST04968,0,9090.98
CUST04969,0,8350.85
CUST04970,0,8270.1
CUST04971,1,7348.92
CUST04972,0,8056.0
CUST04973,0,7362.5
CUST04974,0,9353.02
CUST04975,0,7859.16
CUST04976,0,9206.93
CUST04977,0,9457.54
CUST04978,0,9221.69
CUST04979,0,8995.42
CUST04980,1,7507.15
CUST04981,0,8211.06
CUST04982,0,8979.53
CUST04983,0,7095.55
CUST04984,1,7365.79
CUST04985,0,10559.29
CUST04986,0,7663.4
CUST04987,0,9218.48
CUST04988,0,7960.91
CUST04989,0,7054.52
CUST04990,0,8227.06
CUST04991,0,7898.47
CUST04992,0,9171.84
CUST04993,0,9015.79
CUST04994,0,8093.07
CUST04995,0,8808.08
CUST04996,0,7819.08
CUST04997,0,8188.84
CUST04998,0,7061.1
CUST04999,0,8262.67
