customer_id,txn_date,amount,category
CUST03750,2022-12-27,178.4,Dining
CUST03750,2024-08-16,122.53,Dining
CUST03750,2021-11-21,249.16,Travel
CUST03750,2022-04-30,109.8,Grocery
CUST03750,2023-12-03,216.47,Travel
CUST03750,2022-04-22,324.54,Dining
CUST03750,2023-11-18,27.92,Grocery
CUST03750,2022-02-27,241.06,Electronics
CUST03750,2024-11-26,115.05,Dining
CUST03750,2023-08-17,170.95,Clothing
CUST03750,2021-12-18,79.66,Electronics
CUST03750,2025-05-01,23.39,Travel
CUST03750,2024-03-22,42.58,Electronics
CUST03750,2024-08-06,20.4,Travel
CUST03750,2025-01-04,29.23,Electronics
CUST03750,2022-09-11,23.02,Electronics
CUST03750,2025-03-09,176.77,Electronics
CUST03750,2025-08-01,24.49,Travel
CUST03750,2023-10-30,285.47,Dining
CUST03750,2022-07-06,66.36,Travel
CUST03750,2025-05-14,30.0,Clothing
CUST03750,2023-12-06,27.89,Grocery
CUST03750,2022-03-23,27.05,Electronics
CUST03750,2021-09-08,65.04,Grocery
CUST03750,2022-10-16,166.57,Dining
CUST03750,2024-11-24,20.09,Travel
CUST03750,2021-11-13,79.78,Electronics
CUST03750,2024-09-14,9.48,Travel
CUST03750,2022-08-18,35.08,Dining
CUST03750,2025-01-26,101.12,Electronics
CUST03750,2024-04-20,109.95,Travel
CUST03750,2023-09-03,16.91,Dining
CUST03750,2024-08-24,106.43,Electronics
CUST03750,2025-02-24,45.86,Electronics
CUST03750,2025-06-24,157.48,Grocery
CUST03750,2022-01-31,42.72,Electronics
CUST03750,2024-10-27,238.16,Dining
CUST03750,2024-12-31,290.04,Clothing
CUST03750,2024-10-31,11.27,Clothing
CUST03750,2022-06-17,31.51,Clothing
CUST03750,2024-12-01,19.53,Clothing
CUST03750,2022-07-14,102.37,Grocery
CUST03750,2025-05-15,198.69,Electronics
CUST03750,2022-01-30,36.54,Grocery
CUST03750,2024-04-27,24.23,Grocery
CUST03750,2023-12-10,144.3,Electronics
CUST03750,2024-06-01,8.29,Clothing
CUST03750,2023-06-08,24.37,Dining
CUST03750,2021-12-03,29.92,Grocery
CUST03750,2025-01-04,7.36,Electronics
CUST03750,2022-08-08,245.26,Grocery
CUST03750,2025-03-03,237.37,Travel
CUST03750,2024-10-30,160.56,Travel
CUST03750,2023-09-25,197.96,Travel
CUST03750,2024-10-13,192.52,Electronics
CUST03750,2022-06-04,125.11,Dining
CUST03750,2022-06-25,18.89,Dining
CUST03750,2022-11-12,51.61,Dining
CUST03750,2023-02-25,133.48,Electronics
CUST03750,2024-10-14,8.27,Clothing
CUST03750,2025-03-26,162.5,Grocery
CUST03750,2024-10-02,113.74,Clothing
CUST03750,2022-06-16,53.89,Grocery
CUST03750,2023-05-16,44.44,Dining
CUST03750,2022-06-11,36.41,Grocery
CUST03750,2025-05-19,10.68,Dining
CUST03750,2024-02-01,160.71,Travel
CUST03750,2022-10-02,28.25,Travel
CUST03750,2025-04-27,13.92,Electronics
CUST03750,2024-06-16,62.31,Travel
CUST03750,2024-03-29,36.95,Clothing
CUST03750,2023-12-06,116.57,Grocery
CUST03750,2024-11-09,42.44,Dining
CUST03750,2022-09-03,283.39,Travel
CUST03750,2024-10-14,123.94,Clothing
CUST03750,2021-10-21,14.08,Travel
CUST03750,2023-12-31,60.25,Grocery
CUST03750,2022-04-18,14.76,Electronics
CUST03750,2025-02-09,60.65,Electronics
CUST03750,2023-09-15,97.46,Travel
CUST03750,2023-07-16,254.55,Electronics
CUST03750,2025-02-15,137.87,Electronics
CUST03750,2023-11-18,171.43,Clothing
CUST03750,2025-07-10,14.74,Clothing
CUST03750,2023-01-14,150.48,Electronics
CUST03750,2024-07-22,9.58,Electronics
CUST03750,2024-01-22,91.99,Dining
CUST03751,2025-03-20,19.57,Clothing
CUST03751,2024-05-25,180.51,Clothing
CUST03751,2025-06-29,134.17,Clothing
CUST03751,2025-03-14,44.27,Grocery
CUST03751,2024-12-02,120.51,Travel
CUST03751,2025-04-30,53.5,Clothing
CUST03751,2025-03-31,64.71,Grocery
CUST03751,2024-11-21,106.76,Electronics
CUST03751,2025-08-01,178.66,Electronics
CUST03751,2024-09-23,65.32,Clothing
CUST03751,2024-03-24,49.36,Clothing
CUST03751,2024-10-08,5.94,Dining
CUST03751,2024-11-11,12.17,Electronics
CUST03751,2025-04-02,56.62,Clothing
CUST03751,2025-03-10,214.45,Electronics
CUST03751,2024-05-07,15.64,Clothing
CUST03751,2024-05-25,19.75,Electronics
CUST03751,2024-04-08,124.6,Clothing
CUST03751,2024-04-11,29.45,Electronics
CUST03751,2024-05-27,23.09,Clothing
CUST03751,2024-09-28,21.15,Clothing
CUST03751,2024-09-12,40.55,Dining
CUST03751,2024-03-21,92.26,Grocery
CUST03751,2024-10-22,68.43,Grocery
CUST03751,2024-12-06,90.71,Dining
CUST03751,2024-06-18,72.55,Travel
CUST03751,2024-11-19,103.48,Dining
CUST03751,2025-03-15,133.62,Grocery
CUST03751,2025-06-29,53.72,Clothing
CUST03751,2025-01-06,16.8,Grocery
CUST03751,2024-07-05,30.53,Clothing
CUST03751,2024-10-31,57.18,Electronics
CUST03751,2024-11-17,88.75,Travel
CUST03751,2024-10-26,64.81,Electronics
CUST03751,2024-04-19,95.41,Clothing
CUST03751,2024-08-29,27.86,Travel
CUST03751,2024-06-09,47.63,Grocery
CUST03751,2025-05-08,77.14,Electronics
CUST03751,2025-02-26,14.31,Travel
CUST03751,2025-05-25,29.38,Dining
CUST03751,2025-04-02,49.66,Clothing
CUST03751,2025-05-24,151.26,Clothing
CUST03751,2024-11-06,34.02,Travel
CUST03751,2025-05-13,25.83,Travel
CUST03751,2024-07-22,56.53,Electronics
CUST03751,2024-05-18,34.46,Dining
CUST03751,2024-05-05,68.98,Electronics
CUST03751,2024-07-30,42.93,Grocery
CUST03751,2024-06-26,69.16,Grocery
CUST03751,2025-04-10,38.48,Clothing
CUST03751,2025-07-24,65.97,Electronics
CUST03751,2025-07-14,45.49,Dining
CUST03751,2025-04-05,35.62,Clothing
CUST03751,2025-07-30,9.45,Grocery
CUST03751,2024-10-29,116.7,Dining
CUST03751,2024-12-24,289.09,Electronics
CUST03751,2025-06-11,46.33,Clothing
CUST03751,2025-03-26,32.16,Travel
CUST03751,2024-04-07,69.14,Electronics
CUST03751,2025-05-09,23.02,Clothing
CUST03751,2025-07-20,22.13,Grocery
CUST03751,2024-12-10,91.81,Electronics
CUST03751,2024-09-05,69.16,Dining
CUST03751,2025-01-07,39.82,Dining
CUST03751,2024-06-08,122.65,Electronics
CUST03751,2024-09-26,282.86,Grocery
CUST03751,2024-05-22,101.22,Dining
CUST03751,2025-03-17,108.42,Grocery
CUST03751,2025-07-23,382.95,Travel
CUST03751,2024-09-03,61.29,Travel
CUST03751,2025-07-24,61.6,Electronics
CUST03751,2024-07-07,55.53,Electronics
CUST03751,2024-08-14,119.97,Dining
CUST03751,2024-10-23,93.49,Clothing
CUST03751,2024-11-19,125.56,Grocery
CUST03751,2025-03-30,70.27,Travel
CUST03751,2024-06-10,190.2,Clothing
CUST03751,2024-04-03,84.5,Dining
CUST03751,2024-08-26,7.76,Travel
CUST03751,2024-04-19,37.36,Dining
CUST03751,2024-11-29,242.63,Clothing
CUST03752,2023-09-01,43.36,Grocery
CUST03752,2025-02-01,12.19,Grocery
CUST03752,2025-07-26,128.1,Grocery
CUST03752,2024-05-07,9.48,Electronics
CUST03752,2025-03-05,10.86,Electronics
CUST03752,2025-04-16,40.15,Grocery
CUST03752,2023-03-06,23.95,Clothing
CUST03752,2025-03-04,26.25,Clothing
CUST03752,2024-08-13,266.79,Dining
CUST03752,2025-04-17,104.78,Dining
CUST03752,2025-07-27,211.88,Clothing
CUST03752,2023-05-28,68.86,Clothing
CUST03752,2023-03-22,10.49,Grocery
CUST03752,2025-05-14,124.89,Dining
CUST03752,2025-01-29,16.5,Clothing
CUST03752,2024-01-14,33.74,Travel
CUST03752,2024-10-25,125.62,Grocery
CUST03752,2024-04-22,51.58,Dining
CUST03752,2025-07-19,49.14,Grocery
CUST03752,2024-12-30,65.44,Dining
CUST03752,2023-10-17,111.07,Electronics
CUST03752,2024-10-18,58.32,Electronics
CUST03752,2023-09-17,69.68,Electronics
CUST03752,2025-05-02,32.94,Clothing
CUST03752,2024-06-29,55.41,Clothing
CUST03752,2023-09-10,77.65,Grocery
CUST03752,2023-04-21,111.9,Electronics
CUST03752,2023-08-17,31.39,Travel
CUST03752,2024-01-03,72.25,Dining
CUST03752,2024-07-22,81.23,Dining
CUST03752,2025-03-28,53.53,Dining
CUST03752,2024-09-02,85.83,Dining
CUST03752,2023-06-09,36.04,Travel
CUST03752,2025-07-20,119.71,Travel
CUST03752,2023-06-09,22.86,Clothing
CUST03752,2024-01-28,15.46,Dining
CUST03752,2023-11-25,52.36,Electronics
CUST03752,2025-06-22,34.89,Clothing
CUST03752,2024-12-19,24.31,Dining
CUST03752,2024-08-28,95.75,Electronics
CUST03752,2024-11-17,58.49,Grocery
CUST03752,2024-10-07,7.6,Grocery
CUST03752,2025-01-01,29.99,Travel
CUST03752,2024-12-08,44.93,Clothing
CUST03752,2023-07-31,137.87,Dining
CUST03752,2023-07-15,9.22,Clothing
CUST03752,2025-07-03,244.64,Grocery
CUST03752,2024-02-14,107.66,Electronics
CUST03752,2023-02-06,28.72,Travel
CUST03752,2024-02-19,364.72,Travel
CUST03752,2024-04-30,18.12,Clothing
CUST03752,2025-04-24,83.26,Clothing
CUST03752,2024-11-06,54.29,Clothing
CUST03752,2023-06-08,16.03,Travel
CUST03752,2023-09-29,42.15,Travel
CUST03752,2024-10-28,65.51,Grocery
CUST03752,2023-12-28,52.09,Dining
CUST03752,2023-07-19,215.48,Electronics
CUST03752,2024-12-19,99.44,Electronics
CUST03752,2024-04-09,19.59,Clothing
CUST03752,2023-12-03,25.62,Travel
CUST03752,2024-03-09,61.33,Electronics
CUST03752,2025-05-12,5.19,Dining
CUST03752,2025-06-28,37.47,Grocery
CUST03752,2024-01-10,28.97,Dining
CUST03752,2023-08-15,52.66,Electronics
CUST03752,2025-06-24,190.23,Dining
CUST03752,2024-04-05,58.35,Grocery
CUST03752,2023-09-26,46.8,Grocery
CUST03752,2023-03-07,151.71,Clothing
CUST03752,2023-11-29,95.87,Electronics
CUST03752,2023-10-26,149.67,Dining
CUST03752,2023-01-07,60.84,Clothing
CUST03752,2023-07-14,32.3,Clothing
CUST03752,2024-11-11,10.17,Travel
CUST03752,2025-03-10,94.65,Clothing
CUST03752,2024-04-23,92.4,Electronics
CUST03752,2023-04-24,69.63,Dining
CUST03752,2024-04-19,9.86,Dining
CUST03752,2024-04-18,29.85,Dining
CUST03752,2025-02-27,304.36,Dining
CUST03752,2024-04-10,18.54,Clothing
CUST03752,2024-11-28,111.05,Travel
CUST03752,2024-11-21,46.61,Dining
CUST03752,2024-10-06,104.24,Dining
CUST03752,2025-07-11,147.3,Travel
CUST03752,2023-11-05,118.42,Grocery
CUST03752,2023-02-12,103.69,Dining
CUST03752,2023-03-06,11.58,Grocery
CUST03753,2025-03-29,79.52,Travel
CUST03753,2023-07-23,11.68,Dining
CUST03753,2021-11-02,161.87,Clothing
CUST03753,2022-01-13,77.98,Grocery
CUST03753,2025-02-10,15.76,Travel
CUST03753,2023-11-19,27.96,Dining
CUST03753,2022-02-17,73.46,Dining
CUST03753,2025-04-18,126.06,Electronics
CUST03753,2024-08-31,191.45,Clothing
CUST03753,2023-12-11,9.58,Clothing
CUST03753,2023-02-07,30.77,Dining
CUST03753,2024-07-27,30.09,Electronics
CUST03753,2022-11-20,62.53,Electronics
CUST03753,2022-05-10,322.93,Travel
CUST03753,2023-07-05,98.1,Electronics
CUST03753,2024-06-13,43.72,Clothing
CUST03753,2023-09-11,75.23,Travel
CUST03753,2025-01-22,15.99,Dining
CUST03753,2022-09-05,13.75,Travel
CUST03753,2023-10-03,38.37,Electronics
CUST03753,2022-08-04,153.9,Travel
CUST03753,2022-08-26,116.26,Grocery
CUST03753,2023-02-21,42.3,Grocery
CUST03753,2022-12-01,136.77,Dining
CUST03753,2021-08-21,330.93,Travel
CUST03753,2023-06-02,140.9,Electronics
CUST03753,2024-10-15,93.9,Grocery
CUST03753,2022-03-22,110.09,Travel
CUST03753,2024-10-29,36.34,Grocery
CUST03753,2025-06-04,162.85,Travel
CUST03753,2025-02-07,75.12,Electronics
CUST03753,2025-07-17,17.55,Dining
CUST03753,2025-05-30,145.8,Grocery
CUST03753,2024-07-23,71.69,Dining
CUST03753,2024-03-27,64.15,Grocery
CUST03753,2023-07-29,211.82,Grocery
CUST03753,2024-05-23,69.9,Travel
CUST03753,2024-09-22,65.83,Clothing
CUST03753,2023-10-28,133.78,Grocery
CUST03753,2024-10-13,10.71,Travel
CUST03753,2022-03-02,200.56,Clothing
CUST03753,2022-11-09,61.8,Clothing
CUST03753,2025-05-27,56.57,Electronics
CUST03753,2022-06-10,32.29,Travel
CUST03753,2021-10-07,103.06,Travel
CUST03753,2021-12-19,155.93,Travel
CUST03753,2023-08-24,14.83,Clothing
CUST03753,2024-10-28,19.2,Electronics
CUST03753,2024-03-22,9.21,Dining
CUST03753,2022-09-21,15.18,Electronics
CUST03753,2022-10-04,50.97,Dining
CUST03753,2025-03-31,149.74,Grocery
CUST03753,2024-11-29,28.6,Travel
CUST03753,2022-03-24,28.37,Clothing
CUST03753,2021-12-23,38.15,Electronics
CUST03753,2023-09-18,146.55,Clothing
CUST03753,2024-08-11,267.87,Electronics
CUST03753,2025-04-08,92.46,Electronics
CUST03753,2023-02-24,15.77,Electronics
CUST03753,2024-05-26,9.25,Clothing
CUST03753,2023-01-31,35.05,Electronics
CUST03753,2024-10-14,85.28,Dining
CUST03753,2023-10-05,19.74,Dining
CUST03753,2024-06-09,60.42,Grocery
CUST03753,2023-04-25,80.11,Travel
CUST03753,2022-04-01,21.33,Clothing
CUST03753,2024-06-18,32.49,Grocery
CUST03753,2022-12-22,77.96,Dining
CUST03753,2023-01-25,20.64,Travel
CUST03753,2024-09-06,111.89,Grocery
CUST03753,2021-12-22,173.81,Clothing
CUST03753,2024-12-10,147.74,Grocery
CUST03753,2024-11-14,140.86,Travel
CUST03753,2023-09-20,19.97,Travel
CUST03753,2023-01-16,48.46,Dining
CUST03753,2023-10-27,54.28,Grocery
CUST03753,2023-10-04,25.57,Travel
CUST03753,2023-06-29,188.85,Travel
CUST03753,2023-04-02,33.79,Grocery
CUST03753,2022-06-15,135.1,Clothing
CUST03753,2022-05-27,22.35,Travel
CUST03753,2023-05-09,26.99,Travel
CUST03753,2022-06-29,211.08,Electronics
CUST03753,2022-08-20,12.43,Travel
CUST03753,2021-08-29,49.93,Dining
CUST03753,2023-06-15,154.75,Travel
CUST03753,2023-06-24,141.1,Clothing
CUST03753,2024-10-10,138.57,Grocery
CUST03753,2025-04-06,67.94,Dining
CUST03753,2022-09-08,65.91,Travel
CUST03753,2022-09-29,230.7,Dining
CUST03753,2022-05-10,13.71,Clothing
CUST03753,2025-01-03,58.52,Electronics
CUST03753,2024-02-16,70.65,Grocery
CUST03753,2022-03-20,10.24,Dining
CUST03753,2024-06-18,184.16,Clothing
CUST03754,2021-12-23,9.58,Clothing
CUST03754,2022-01-02,22.75,Travel
CUST03754,2022-01-21,142.04,Travel
CUST03754,2024-04-02,112.67,Clothing
CUST03754,2022-11-26,83.38,Dining
CUST03754,2022-05-22,52.19,Travel
CUST03754,2023-09-23,233.02,Clothing
CUST03754,2025-04-15,51.69,Dining
CUST03754,2024-02-18,75.47,Travel
CUST03754,2024-01-21,120.25,Dining
CUST03754,2025-01-20,33.98,Electronics
CUST03754,2023-02-08,14.39,Grocery
CUST03754,2022-10-10,11.22,Electronics
CUST03754,2024-07-04,88.87,Dining
CUST03754,2024-04-05,38.03,Dining
CUST03754,2022-04-26,8.9,Clothing
CUST03754,2023-05-22,67.57,Electronics
CUST03754,2023-05-08,155.77,Electronics
CUST03754,2023-02-01,29.39,Dining
CUST03754,2024-04-20,42.75,Grocery
CUST03754,2024-01-21,101.24,Dining
CUST03754,2023-11-01,206.2,Travel
CUST03754,2023-11-02,46.08,Grocery
CUST03754,2024-11-20,166.43,Electronics
CUST03754,2021-12-13,139.88,Dining
CUST03754,2021-12-07,34.66,Dining
CUST03754,2024-11-13,35.12,Grocery
CUST03754,2023-03-23,40.17,Grocery
CUST03754,2022-09-15,36.86,Grocery
CUST03754,2024-12-27,34.38,Travel
CUST03754,2022-05-09,51.49,Dining
CUST03754,2025-02-15,18.26,Grocery
CUST03754,2022-09-21,202.54,Grocery
CUST03754,2022-05-24,9.66,Travel
CUST03754,2023-12-31,18.89,Travel
CUST03754,2025-01-18,47.55,Travel
CUST03754,2024-08-31,108.62,Travel
CUST03754,2024-09-26,7.71,Electronics
CUST03754,2025-03-14,66.41,Grocery
CUST03754,2021-12-20,37.58,Travel
CUST03754,2022-09-21,24.93,Grocery
CUST03754,2025-05-08,163.64,Electronics
CUST03754,2025-04-29,92.78,Electronics
CUST03754,2023-07-29,16.32,Electronics
CUST03754,2022-04-17,42.4,Travel
CUST03754,2024-08-17,275.21,Clothing
CUST03754,2024-08-05,160.78,Clothing
CUST03754,2022-05-26,84.64,Electronics
CUST03754,2023-10-25,16.14,Grocery
CUST03754,2022-05-13,181.19,Dining
CUST03754,2022-09-28,48.02,Clothing
CUST03754,2024-10-13,176.12,Clothing
CUST03754,2025-02-01,12.87,Clothing
CUST03754,2023-03-07,13.19,Clothing
CUST03754,2023-08-19,15.38,Grocery
CUST03754,2022-10-03,24.15,Clothing
CUST03754,2023-04-24,266.91,Clothing
CUST03754,2023-04-04,125.32,Electronics
CUST03754,2022-04-22,13.74,Grocery
CUST03754,2022-12-22,195.45,Clothing
CUST03754,2024-06-30,248.73,Travel
CUST03754,2025-07-11,12.13,Clothing
CUST03754,2024-09-13,153.84,Electronics
CUST03754,2022-04-30,226.29,Dining
CUST03754,2023-06-01,161.51,Grocery
CUST03754,2025-01-23,221.6,Clothing
CUST03754,2024-10-12,7.42,Dining
CUST03754,2023-06-04,143.18,Dining
CUST03754,2024-10-03,8.53,Grocery
CUST03754,2023-03-04,7.59,Clothing
CUST03754,2023-11-01,23.57,Clothing
CUST03754,2024-09-18,72.19,Electronics
CUST03754,2022-07-27,93.21,Grocery
CUST03754,2023-08-14,22.21,Travel
CUST03754,2023-07-26,5.56,Clothing
CUST03754,2023-08-24,74.18,Dining
CUST03754,2023-07-10,68.91,Clothing
CUST03754,2022-01-02,146.69,Grocery
CUST03754,2023-03-11,34.96,Electronics
CUST03754,2024-08-27,76.43,Clothing
CUST03754,2023-03-28,15.0,Electronics
CUST03754,2025-04-28,85.94,Clothing
CUST03754,2023-04-14,58.56,Dining
CUST03754,2022-09-05,48.93,Grocery
CUST03754,2025-05-15,243.3,Grocery
CUST03754,2022-08-30,65.94,Electronics
CUST03754,2024-03-12,43.68,Dining
CUST03754,2023-09-03,62.46,Clothing
CUST03754,2025-03-20,21.02,Grocery
CUST03754,2024-09-15,226.7,Clothing
CUST03754,2024-05-20,6.52,Dining
CUST03754,2024-08-09,77.58,Grocery
CUST03754,2025-07-14,34.05,Travel
CUST03754,2024-06-20,50.16,Clothing
CUST03754,2025-01-05,55.09,Electronics
CUST03754,2025-02-25,110.3,Clothing
CUST03754,2024-09-04,20.09,Clothing
CUST03754,2022-04-14,29.06,Clothing
CUST03754,2025-04-13,10.49,Dining
CUST03755,2023-02-27,203.56,Grocery
CUST03755,2025-04-29,75.58,Travel
CUST03755,2023-01-20,17.43,Travel
CUST03755,2022-02-28,26.59,Grocery
CUST03755,2025-01-27,205.5,Electronics
CUST03755,2025-03-13,217.48,Dining
CUST03755,2022-07-14,31.46,Dining
CUST03755,2024-01-21,29.75,Electronics
CUST03755,2023-08-17,395.35,Electronics
CUST03755,2021-10-13,17.33,Grocery
CUST03755,2022-04-30,124.33,Travel
CUST03755,2023-12-18,23.47,Clothing
CUST03755,2023-10-18,6.57,Travel
CUST03755,2024-01-08,251.28,Clothing
CUST03755,2022-04-03,57.71,Travel
CUST03755,2024-07-13,25.18,Clothing
CUST03755,2022-04-07,5.76,Grocery
CUST03755,2022-03-12,157.68,Travel
CUST03755,2024-09-14,147.96,Clothing
CUST03755,2023-07-25,28.2,Travel
CUST03755,2023-12-16,22.53,Clothing
CUST03755,2022-12-21,64.95,Clothing
CUST03755,2024-08-20,13.98,Travel
CUST03755,2023-01-26,107.74,Travel
CUST03755,2024-12-29,94.29,Travel
CUST03755,2023-01-01,8.13,Grocery
CUST03755,2023-01-27,15.01,Dining
CUST03755,2023-01-14,12.83,Travel
CUST03755,2025-07-27,13.7,Electronics
CUST03755,2021-12-31,48.42,Dining
CUST03755,2024-01-06,51.71,Travel
CUST03755,2022-08-16,38.45,Clothing
CUST03755,2025-03-26,60.23,Electronics
CUST03755,2022-12-20,94.81,Electronics
CUST03755,2023-12-24,46.73,Electronics
CUST03755,2021-12-22,74.13,Electronics
CUST03755,2022-02-26,55.96,Travel
CUST03755,2024-08-06,63.76,Clothing
CUST03755,2022-10-27,83.47,Electronics
CUST03755,2023-07-27,14.96,Grocery
CUST03755,2022-01-05,22.05,Travel
CUST03755,2025-02-17,7.39,Grocery
CUST03755,2022-06-02,95.64,Clothing
CUST03755,2022-12-19,78.74,Electronics
CUST03755,2022-02-04,110.94,Grocery
CUST03755,2025-02-06,6.36,Dining
CUST03755,2023-03-11,51.54,Grocery
CUST03755,2024-03-07,23.31,Grocery
CUST03755,2022-01-05,62.97,Clothing
CUST03755,2023-09-27,9.19,Electronics
CUST03755,2023-05-21,188.63,Clothing
CUST03755,2025-07-24,60.23,Electronics
CUST03755,2021-10-19,273.41,Travel
CUST03755,2025-06-05,13.22,Clothing
CUST03755,2022-08-30,14.02,Grocery
CUST03755,2024-06-02,39.99,Grocery
CUST03755,2024-02-25,63.58,Grocery
CUST03755,2023-10-16,41.95,Grocery
CUST03755,2022-09-03,105.67,Grocery
CUST03755,2022-08-27,56.26,Electronics
CUST03755,2023-05-10,34.9,Clothing
CUST03755,2024-05-28,147.4,Clothing
CUST03755,2023-03-05,37.63,Grocery
CUST03755,2022-06-01,34.37,Electronics
CUST03755,2024-07-14,65.33,Electronics
CUST03755,2024-11-07,47.5,Clothing
CUST03755,2024-04-24,74.74,Electronics
CUST03755,2024-11-23,48.2,Travel
CUST03755,2023-01-09,13.53,Electronics
CUST03755,2023-10-15,161.61,Electronics
CUST03755,2024-09-02,103.15,Grocery
CUST03755,2024-07-29,95.09,Electronics
CUST03755,2024-03-21,77.11,Clothing
CUST03755,2024-10-07,319.57,Travel
CUST03755,2024-06-26,221.53,Grocery
CUST03755,2022-09-19,18.88,Electronics
CUST03755,2021-11-18,11.42,Grocery
CUST03755,2024-06-07,38.73,Grocery
CUST03755,2024-06-27,18.96,Grocery
CUST03755,2023-08-03,74.3,Electronics
CUST03755,2025-05-03,53.03,Grocery
CUST03755,2025-05-25,157.15,Travel
CUST03755,2025-03-03,33.21,Dining
CUST03755,2025-06-21,211.96,Dining
CUST03755,2023-07-18,42.46,Clothing
CUST03755,2023-01-28,42.48,Clothing
CUST03755,2024-10-17,52.59,Clothing
CUST03755,2024-08-23,86.33,Grocery
CUST03755,2024-06-09,12.08,Dining
CUST03755,2023-04-15,6.11,Clothing
CUST03755,2024-02-24,413.5,Grocery
CUST03755,2022-02-10,141.73,Travel
CUST03755,2021-12-02,444.96,Clothing
CUST03755,2025-01-26,69.23,Travel
CUST03755,2023-08-05,193.04,Dining
CUST03755,2022-08-15,96.23,Grocery
CUST03755,2023-02-25,79.26,Electronics
CUST03755,2025-05-05,360.69,Electronics
CUST03755,2024-12-06,190.97,Travel
CUST03755,2022-08-16,149.66,Grocery
CUST03755,2021-10-21,9.76,Electronics
CUST03755,2025-01-02,113.49,Travel
CUST03755,2023-12-06,28.8,Clothing
CUST03755,2024-06-10,35.93,Clothing
CUST03755,2024-10-29,21.42,Travel
CUST03755,2025-01-19,79.03,Grocery
CUST03755,2024-07-12,212.6,Clothing
CUST03755,2022-10-25,13.12,Electronics
CUST03755,2023-09-10,62.78,Travel
CUST03755,2024-09-28,120.43,Clothing
CUST03755,2021-11-19,190.45,Travel
CUST03755,2023-05-26,31.41,Electronics
CUST03755,2024-01-10,128.03,Grocery
CUST03755,2025-07-08,5.3,Dining
CUST03756,2023-07-09,57.89,Grocery
CUST03756,2020-11-10,135.66,Dining
CUST03756,2021-09-11,45.83,Clothing
CUST03756,2025-03-17,46.69,Clothing
CUST03756,2022-10-21,170.18,Dining
CUST03756,2023-09-08,152.21,Grocery
CUST03756,2025-06-24,76.46,Clothing
CUST03756,2022-05-03,105.72,Electronics
CUST03756,2023-12-21,67.62,Dining
CUST03756,2021-04-13,58.26,Electronics
CUST03756,2021-04-01,28.07,Clothing
CUST03756,2023-12-30,44.5,Clothing
CUST03756,2023-11-28,242.97,Dining
CUST03756,2024-03-17,10.66,Grocery
CUST03756,2020-10-02,52.09,Electronics
CUST03756,2021-04-26,134.29,Electronics
CUST03756,2024-01-19,61.64,Grocery
CUST03756,2025-03-09,180.31,Electronics
CUST03756,2023-07-01,11.16,Dining
CUST03756,2021-11-02,85.1,Travel
CUST03756,2024-09-21,133.6,Electronics
CUST03756,2024-09-24,369.31,Travel
CUST03756,2025-04-27,37.13,Grocery
CUST03756,2024-03-21,42.23,Travel
CUST03756,2024-11-01,35.99,Electronics
CUST03756,2025-07-03,50.84,Dining
CUST03756,2025-01-27,20.63,Electronics
CUST03756,2020-11-05,46.61,Dining
CUST03756,2020-12-27,60.73,Electronics
CUST03756,2024-07-02,61.04,Grocery
CUST03756,2020-11-09,35.22,Dining
CUST03756,2024-07-14,54.45,Grocery
CUST03756,2024-07-19,42.49,Dining
CUST03756,2024-09-30,71.32,Dining
CUST03756,2024-02-13,15.42,Electronics
CUST03756,2024-06-30,58.41,Grocery
CUST03756,2025-02-16,299.96,Grocery
CUST03756,2021-12-25,99.18,Electronics
CUST03756,2020-11-23,82.18,Travel
CUST03756,2024-04-20,53.13,Clothing
CUST03756,2022-01-15,10.12,Clothing
CUST03756,2023-09-23,37.43,Electronics
CUST03756,2025-04-13,35.57,Dining
CUST03756,2024-04-29,32.09,Electronics
CUST03756,2024-09-24,130.11,Dining
CUST03756,2022-04-22,146.81,Grocery
CUST03756,2021-06-18,64.94,Clothing
CUST03756,2021-06-30,39.65,Clothing
CUST03756,2024-03-14,131.54,Dining
CUST03756,2022-03-04,54.45,Grocery
CUST03756,2021-05-28,216.81,Dining
CUST03756,2024-01-31,31.02,Clothing
CUST03756,2025-06-20,45.65,Grocery
CUST03756,2024-12-18,48.4,Dining
CUST03756,2024-02-19,72.66,Grocery
CUST03756,2024-01-15,43.29,Travel
CUST03756,2022-03-05,95.61,Dining
CUST03756,2022-03-28,61.2,Travel
CUST03756,2022-08-23,302.69,Travel
CUST03756,2023-03-17,31.99,Electronics
CUST03756,2024-04-19,115.0,Travel
CUST03756,2021-11-16,34.96,Grocery
CUST03756,2025-07-01,68.58,Clothing
CUST03756,2023-06-23,160.98,Dining
CUST03756,2021-06-01,75.43,Dining
CUST03756,2024-05-05,40.93,Dining
CUST03756,2024-07-18,20.53,Clothing
CUST03756,2022-12-02,64.88,Grocery
CUST03756,2022-10-30,33.77,Dining
CUST03756,2024-01-09,223.74,Clothing
CUST03756,2021-04-19,170.44,Travel
CUST03756,2024-10-30,245.15,Clothing
CUST03756,2024-06-26,32.96,Grocery
CUST03756,2021-03-13,29.79,Grocery
CUST03756,2023-12-06,69.35,Grocery
CUST03756,2022-07-17,21.79,Dining
CUST03756,2022-04-09,101.56,Electronics
CUST03756,2022-08-05,87.69,Dining
CUST03756,2022-05-06,16.36,Travel
CUST03756,2025-01-06,101.86,Travel
CUST03756,2023-12-20,66.26,Clothing
CUST03756,2024-12-19,13.84,Travel
CUST03756,2025-01-12,78.47,Clothing
CUST03756,2021-03-13,8.3,Travel
CUST03756,2025-07-07,64.12,Grocery
CUST03756,2024-08-04,56.14,Electronics
CUST03756,2025-07-03,115.0,Dining
CUST03756,2022-01-14,185.16,Electronics
CUST03756,2024-12-12,10.81,Travel
CUST03756,2022-11-06,100.6,Travel
CUST03756,2021-05-02,124.8,Travel
CUST03756,2020-11-09,239.66,Grocery
CUST03756,2023-05-08,46.09,Clothing
CUST03756,2023-02-19,11.83,Dining
CUST03756,2023-02-27,52.48,Travel
CUST03756,2025-04-09,28.05,Electronics
CUST03756,2021-10-04,31.59,Dining
CUST03756,2024-11-23,27.58,Electronics
CUST03756,2022-10-17,98.33,Electronics
CUST03756,2020-10-24,64.46,Electronics
CUST03756,2023-09-29,105.96,Dining
CUST03756,2020-10-30,13.68,Grocery
CUST03756,2023-12-09,217.06,Grocery
CUST03756,2022-10-11,151.3,Electronics
CUST03756,2022-05-06,89.32,Dining
CUST03756,2023-02-11,7.16,Electronics
CUST03757,2025-07-08,252.81,Electronics
CUST03757,2024-09-03,386.98,Travel
CUST03757,2024-11-09,11.19,Grocery
CUST03757,2024-04-05,26.57,Electronics
CUST03757,2025-06-26,315.62,Dining
CUST03757,2024-03-31,33.75,Electronics
CUST03757,2025-06-22,157.63,Dining
CUST03757,2024-09-25,61.53,Clothing
CUST03757,2025-07-08,94.1,Travel
CUST03757,2025-04-10,185.95,Electronics
CUST03757,2024-12-06,11.6,Clothing
CUST03757,2024-07-29,196.75,Travel
CUST03757,2024-04-08,58.59,Grocery
CUST03757,2024-09-22,192.49,Clothing
CUST03757,2024-05-17,70.04,Travel
CUST03757,2025-03-20,158.4,Travel
CUST03757,2024-12-14,27.17,Clothing
CUST03757,2024-06-03,75.55,Dining
CUST03757,2025-05-03,36.98,Dining
CUST03757,2025-04-02,10.47,Travel
CUST03757,2024-12-30,197.33,Electronics
CUST03757,2024-10-29,10.65,Travel
CUST03757,2024-11-01,11.26,Dining
CUST03757,2025-06-05,68.16,Travel
CUST03757,2025-04-15,35.59,Travel
CUST03757,2024-07-29,295.83,Clothing
CUST03757,2024-06-03,107.65,Clothing
CUST03757,2025-02-02,67.32,Grocery
CUST03757,2024-05-18,65.28,Grocery
CUST03757,2025-02-07,46.63,Clothing
CUST03757,2024-04-28,38.41,Travel
CUST03757,2024-08-02,178.02,Dining
CUST03757,2024-04-14,109.6,Grocery
CUST03757,2025-02-26,96.53,Electronics
CUST03757,2025-05-24,27.08,Electronics
CUST03757,2024-04-11,61.69,Travel
CUST03757,2024-04-19,33.5,Electronics
CUST03757,2024-05-20,184.31,Dining
CUST03757,2025-04-20,50.44,Electronics
CUST03757,2024-09-19,119.47,Travel
CUST03757,2025-08-01,30.06,Clothing
CUST03757,2024-06-12,28.53,Dining
CUST03757,2024-10-15,194.3,Grocery
CUST03757,2024-11-08,129.91,Dining
CUST03757,2025-03-10,97.78,Grocery
CUST03757,2025-05-03,108.27,Clothing
CUST03757,2024-04-23,114.12,Electronics
CUST03757,2025-05-28,51.02,Electronics
CUST03757,2025-05-01,24.44,Dining
CUST03757,2024-04-20,43.33,Clothing
CUST03757,2025-02-08,67.48,Electronics
CUST03757,2024-04-26,7.03,Grocery
CUST03757,2024-04-03,164.7,Clothing
CUST03757,2024-05-04,111.1,Clothing
CUST03757,2024-06-12,23.66,Travel
CUST03757,2024-04-13,87.02,Clothing
CUST03757,2024-06-02,90.16,Dining
CUST03757,2025-02-28,6.67,Dining
CUST03757,2025-07-30,8.52,Grocery
CUST03757,2025-01-21,210.18,Clothing
CUST03757,2025-02-10,65.93,Grocery
CUST03757,2024-12-26,96.23,Dining
CUST03757,2024-06-22,55.1,Dining
CUST03757,2024-09-13,22.81,Clothing
CUST03757,2024-10-31,110.38,Dining
CUST03757,2025-02-17,40.42,Grocery
CUST03757,2024-04-25,63.05,Grocery
CUST03757,2025-05-13,115.1,Travel
CUST03757,2025-05-14,39.99,Electronics
CUST03757,2025-02-26,153.2,Clothing
CUST03757,2025-03-28,309.64,Clothing
CUST03757,2024-10-28,245.53,Dining
CUST03757,2025-05-23,169.36,Dining
CUST03757,2024-11-03,49.52,Electronics
CUST03757,2025-06-29,63.37,Electronics
CUST03757,2025-08-01,58.85,Travel
CUST03757,2024-10-09,33.13,Grocery
CUST03757,2024-08-13,170.16,Electronics
CUST03757,2025-05-04,256.29,Dining
CUST03757,2025-04-14,134.31,Grocery
CUST03757,2024-06-15,90.52,Travel
CUST03757,2025-07-31,319.17,Electronics
CUST03757,2024-04-17,77.49,Travel
CUST03757,2024-10-04,69.37,Electronics
CUST03757,2024-08-13,471.66,Electronics
CUST03757,2025-06-16,130.69,Travel
CUST03757,2025-05-17,66.14,Clothing
CUST03757,2024-12-20,255.59,Clothing
CUST03757,2024-05-29,52.45,Dining
CUST03757,2025-06-16,99.56,Dining
CUST03757,2024-06-27,33.05,Electronics
CUST03757,2024-06-17,108.5,Dining
CUST03757,2024-05-04,245.25,Clothing
CUST03757,2024-12-19,17.15,Clothing
CUST03758,2021-06-18,32.89,Clothing
CUST03758,2021-12-25,21.93,Clothing
CUST03758,2021-06-12,112.01,Clothing
CUST03758,2022-10-01,69.25,Grocery
CUST03758,2022-07-25,118.95,Dining
CUST03758,2023-11-08,34.2,Clothing
CUST03758,2023-11-24,163.04,Grocery
CUST03758,2021-04-08,5.75,Grocery
CUST03758,2024-06-19,254.77,Clothing
CUST03758,2025-03-02,117.04,Dining
CUST03758,2024-03-28,320.06,Travel
CUST03758,2021-04-18,51.21,Travel
CUST03758,2025-05-06,228.4,Travel
CUST03758,2023-12-19,28.66,Clothing
CUST03758,2024-10-01,31.75,Dining
CUST03758,2024-03-21,31.53,Clothing
CUST03758,2025-04-09,69.55,Dining
CUST03758,2023-07-10,191.12,Clothing
CUST03758,2023-11-11,26.01,Clothing
CUST03758,2021-08-26,57.54,Travel
CUST03758,2025-06-29,46.5,Clothing
CUST03758,2021-12-10,19.57,Dining
CUST03758,2020-11-30,38.07,Electronics
CUST03758,2021-10-29,21.83,Electronics
CUST03758,2023-04-17,156.44,Clothing
CUST03758,2023-09-23,41.99,Travel
CUST03758,2022-11-10,19.71,Electronics
CUST03758,2024-02-20,45.59,Dining
CUST03758,2025-07-24,48.39,Grocery
CUST03758,2025-02-10,78.85,Dining
CUST03758,2025-04-09,145.13,Travel
CUST03758,2024-05-17,22.78,Travel
CUST03758,2023-08-04,7.06,Grocery
CUST03758,2022-06-07,41.37,Electronics
CUST03758,2022-01-09,61.32,Dining
CUST03758,2025-04-01,51.98,Travel
CUST03758,2021-03-29,184.04,Travel
CUST03758,2021-12-12,45.86,Clothing
CUST03758,2025-02-28,33.65,Travel
CUST03758,2025-07-12,145.97,Clothing
CUST03758,2024-07-29,31.58,Grocery
CUST03758,2025-01-01,24.98,Clothing
CUST03758,2024-02-10,41.89,Dining
CUST03758,2025-06-17,97.13,Clothing
CUST03758,2023-04-29,18.13,Travel
CUST03758,2022-10-01,175.13,Travel
CUST03758,2022-10-30,31.59,Travel
CUST03758,2025-04-10,34.58,Clothing
CUST03758,2021-07-01,71.84,Clothing
CUST03758,2022-09-03,44.04,Grocery
CUST03758,2025-02-18,85.76,Grocery
CUST03758,2022-02-02,13.75,Grocery
CUST03758,2023-03-23,81.91,Electronics
CUST03758,2021-09-23,74.04,Grocery
CUST03758,2021-10-12,5.57,Electronics
CUST03758,2025-03-28,172.23,Electronics
CUST03758,2023-09-20,64.07,Travel
CUST03758,2024-04-29,72.55,Dining
CUST03758,2023-03-06,191.01,Grocery
CUST03758,2025-07-16,124.59,Clothing
CUST03758,2024-02-06,233.24,Dining
CUST03758,2023-12-10,39.53,Travel
CUST03758,2024-01-24,181.06,Travel
CUST03758,2020-12-01,157.6,Grocery
CUST03758,2025-04-02,27.98,Electronics
CUST03758,2023-09-23,17.82,Clothing
CUST03758,2024-12-21,189.79,Dining
CUST03758,2024-10-23,230.6,Travel
CUST03758,2022-08-25,75.25,Dining
CUST03758,2022-02-07,72.61,Clothing
CUST03758,2022-07-27,219.07,Dining
CUST03758,2024-01-04,22.19,Electronics
CUST03758,2023-05-07,46.28,Clothing
CUST03758,2025-03-03,29.5,Electronics
CUST03758,2024-04-20,184.19,Travel
CUST03758,2024-06-14,66.9,Travel
CUST03758,2024-08-06,7.76,Clothing
CUST03758,2022-09-05,143.47,Clothing
CUST03758,2022-08-25,125.11,Dining
CUST03758,2025-05-26,27.08,Dining
CUST03758,2022-10-18,52.44,Dining
CUST03758,2024-06-02,24.71,Dining
CUST03758,2025-06-25,18.53,Grocery
CUST03759,2025-02-03,78.55,Electronics
CUST03759,2024-02-24,56.43,Grocery
CUST03759,2025-06-26,93.13,Clothing
CUST03759,2025-04-24,36.92,Electronics
CUST03759,2024-06-04,93.14,Clothing
CUST03759,2024-07-13,34.14,Clothing
CUST03759,2025-05-17,62.87,Electronics
CUST03759,2024-02-14,7.25,Travel
CUST03759,2024-09-03,49.41,Dining
CUST03759,2024-07-26,18.93,Electronics
CUST03759,2024-02-16,63.41,Clothing
CUST03759,2024-12-12,130.32,Dining
CUST03759,2024-10-22,49.72,Travel
CUST03759,2023-12-02,77.12,Travel
CUST03759,2024-12-22,49.71,Clothing
CUST03759,2024-10-27,63.24,Dining
CUST03759,2024-03-27,66.62,Travel
CUST03759,2023-12-13,26.21,Grocery
CUST03759,2025-04-14,181.5,Grocery
CUST03759,2024-06-05,18.34,Dining
CUST03759,2024-07-06,67.21,Dining
CUST03759,2023-10-08,6.04,Clothing
CUST03759,2024-11-06,40.14,Electronics
CUST03759,2023-10-20,35.28,Grocery
CUST03759,2025-02-22,256.12,Clothing
CUST03759,2024-01-01,245.89,Travel
CUST03759,2023-12-17,74.89,Dining
CUST03759,2025-02-10,143.77,Clothing
CUST03759,2024-03-22,88.47,Dining
CUST03759,2025-02-09,95.35,Electronics
CUST03759,2024-09-03,13.33,Travel
CUST03759,2024-07-12,211.26,Electronics
CUST03759,2024-03-05,99.11,Clothing
CUST03759,2024-02-28,14.84,Grocery
CUST03759,2024-05-23,23.0,Electronics
CUST03759,2024-06-03,7.93,Travel
CUST03759,2025-04-14,93.36,Travel
CUST03759,2024-05-17,6.61,Clothing
CUST03759,2024-02-26,238.02,Travel
CUST03759,2025-02-10,5.84,Clothing
CUST03759,2025-01-21,100.96,Travel
CUST03759,2025-01-28,125.94,Dining
CUST03759,2024-05-24,66.54,Electronics
CUST03759,2024-04-23,294.31,Grocery
CUST03759,2025-04-14,82.69,Dining
CUST03759,2025-07-14,6.34,Clothing
CUST03759,2024-12-14,56.16,Dining
CUST03759,2024-07-19,48.09,Travel
CUST03759,2024-12-01,12.28,Electronics
CUST03759,2024-07-21,107.11,Electronics
CUST03759,2024-09-18,134.66,Electronics
CUST03759,2023-10-18,145.25,Grocery
CUST03759,2025-01-02,278.89,Dining
CUST03759,2023-12-05,487.66,Dining
CUST03759,2024-02-20,19.62,Electronics
CUST03759,2024-12-22,69.68,Electronics
CUST03759,2024-03-17,230.01,Electronics
CUST03759,2024-10-21,30.59,Grocery
CUST03759,2025-07-11,10.23,Electronics
CUST03759,2025-07-27,16.05,Grocery
CUST03759,2025-04-25,178.9,Travel
CUST03759,2024-12-17,22.58,Travel
CUST03759,2024-08-17,63.52,Grocery
CUST03759,2024-05-25,38.46,Travel
CUST03759,2024-06-28,31.46,Travel
CUST03759,2024-03-05,22.13,Dining
CUST03759,2024-02-05,9.82,Clothing
CUST03759,2024-06-15,200.98,Dining
CUST03759,2024-05-26,29.89,Travel
CUST03759,2024-04-14,257.6,Clothing
CUST03759,2024-12-28,23.99,Clothing
CUST03759,2024-11-28,148.63,Dining
CUST03759,2024-08-19,91.43,Grocery
CUST03759,2024-06-14,60.58,Grocery
CUST03759,2024-04-27,15.07,Dining
CUST03759,2024-03-10,11.71,Travel
CUST03759,2024-10-03,15.86,Dining
CUST03759,2024-01-20,12.22,Grocery
CUST03759,2025-07-31,77.08,Grocery
CUST03759,2025-01-20,149.45,Dining
CUST03759,2023-10-16,11.96,Clothing
CUST03759,2025-03-09,175.14,Electronics
CUST03759,2024-08-10,150.63,Dining
CUST03759,2024-02-08,121.48,Dining
CUST03759,2024-11-29,16.97,Travel
CUST03759,2024-12-19,59.77,Travel
CUST03759,2024-08-16,48.35,Clothing
CUST03759,2024-04-01,26.35,Grocery
CUST03759,2023-09-19,39.98,Electronics
CUST03759,2023-12-17,37.6,Travel
CUST03759,2024-02-02,86.37,Dining
CUST03759,2024-08-22,31.14,Travel
CUST03759,2025-05-13,9.06,Travel
CUST03759,2024-06-21,75.98,Grocery
CUST03759,2025-04-04,5.15,Travel
CUST03759,2024-08-26,63.09,Grocery
CUST03759,2025-02-13,17.24,Grocery
CUST03759,2025-06-04,104.48,Travel
CUST03759,2023-10-23,27.57,Electronics
CUST03759,2024-11-08,28.2,Clothing
CUST03759,2023-09-25,18.44,Travel
CUST03759,2023-12-19,113.12,Travel
CUST03760,2021-10-03,26.33,Grocery
CUST03760,2022-10-26,70.05,Grocery
CUST03760,2023-08-14,189.51,Dining
CUST03760,2023-08-07,102.09,Travel
CUST03760,2022-02-27,130.81,Clothing
CUST03760,2022-11-15,145.95,Grocery
CUST03760,2025-05-27,212.59,Clothing
CUST03760,2022-10-28,100.91,Travel
CUST03760,2024-01-30,38.16,Grocery
CUST03760,2022-11-03,333.25,Electronics
CUST03760,2023-09-22,154.36,Clothing
CUST03760,2021-11-08,275.45,Clothing
CUST03760,2023-03-04,61.81,Travel
CUST03760,2025-03-09,114.31,Dining
CUST03760,2023-07-31,11.76,Clothing
CUST03760,2022-07-30,38.82,Travel
CUST03760,2025-05-23,53.58,Grocery
CUST03760,2025-05-09,14.36,Dining
CUST03760,2024-08-07,87.24,Travel
CUST03760,2022-02-13,169.9,Clothing
CUST03760,2024-05-04,68.05,Electronics
CUST03760,2024-04-04,46.51,Clothing
CUST03760,2025-01-27,215.66,Dining
CUST03760,2022-02-18,68.16,Travel
CUST03760,2024-10-23,100.09,Clothing
CUST03760,2023-07-02,66.69,Clothing
CUST03760,2022-02-11,26.31,Grocery
CUST03760,2024-09-02,24.47,Clothing
CUST03760,2025-01-07,204.45,Travel
CUST03760,2023-05-14,95.19,Travel
CUST03760,2022-06-27,105.81,Clothing
CUST03760,2025-06-19,159.59,Travel
CUST03760,2024-08-31,98.63,Clothing
CUST03760,2024-03-09,8.88,Dining
CUST03760,2023-11-27,177.07,Dining
CUST03760,2021-12-30,24.8,Clothing
CUST03760,2025-06-11,38.86,Electronics
CUST03760,2022-12-01,92.73,Travel
CUST03760,2023-01-07,136.06,Dining
CUST03760,2024-04-10,40.07,Grocery
CUST03760,2023-10-23,65.02,Grocery
CUST03760,2024-04-10,51.49,Dining
CUST03760,2022-03-27,50.91,Travel
CUST03760,2023-02-22,110.52,Grocery
CUST03760,2022-11-16,55.48,Electronics
CUST03760,2021-12-21,81.18,Grocery
CUST03760,2025-02-22,100.69,Clothing
CUST03760,2023-10-30,25.89,Grocery
CUST03760,2025-04-25,57.86,Electronics
CUST03760,2024-02-22,32.18,Travel
CUST03760,2024-03-03,25.33,Electronics
CUST03760,2024-11-30,122.13,Travel
CUST03760,2024-02-27,206.89,Grocery
CUST03760,2023-10-05,214.56,Clothing
CUST03760,2021-11-20,66.31,Clothing
CUST03760,2025-02-01,12.39,Grocery
CUST03760,2025-07-25,63.86,Dining
CUST03760,2023-03-25,58.69,Clothing
CUST03760,2025-01-04,37.4,Electronics
CUST03760,2023-11-17,323.77,Electronics
CUST03760,2022-06-08,184.42,Electronics
CUST03760,2025-05-19,50.69,Grocery
CUST03760,2024-03-17,59.91,Dining
CUST03760,2021-12-11,11.33,Electronics
CUST03760,2023-05-17,65.6,Travel
CUST03760,2025-03-14,22.04,Grocery
CUST03760,2022-08-24,17.92,Electronics
CUST03760,2021-09-08,267.12,Clothing
CUST03760,2023-11-13,10.01,Grocery
CUST03760,2022-07-06,161.64,Grocery
CUST03760,2025-06-04,7.03,Clothing
CUST03760,2021-07-23,21.27,Dining
CUST03760,2022-02-16,112.56,Dining
CUST03760,2025-02-20,12.55,Grocery
CUST03760,2024-10-12,236.23,Electronics
CUST03760,2025-01-27,70.42,Grocery
CUST03760,2024-03-30,125.86,Electronics
CUST03760,2021-09-14,89.45,Dining
CUST03760,2022-10-15,22.7,Clothing
CUST03760,2023-12-07,172.9,Dining
CUST03760,2024-02-26,76.42,Travel
CUST03760,2021-12-15,62.99,Clothing
CUST03760,2023-04-26,109.84,Clothing
CUST03760,2021-10-22,113.39,Dining
CUST03760,2023-06-22,15.9,Electronics
CUST03760,2025-05-31,68.63,Grocery
CUST03760,2024-09-19,99.82,Travel
CUST03760,2023-11-17,6.16,Grocery
CUST03760,2022-02-25,127.41,Grocery
CUST03760,2024-09-06,75.31,Travel
CUST03760,2024-04-18,64.14,Dining
CUST03760,2022-02-01,100.3,Travel
CUST03760,2023-11-07,255.74,Grocery
CUST03760,2022-04-03,67.36,Electronics
CUST03760,2023-07-30,43.19,Dining
CUST03761,2025-06-27,56.14,Travel
CUST03761,2025-02-07,9.51,Electronics
CUST03761,2025-03-18,31.52,Dining
CUST03761,2025-05-06,25.03,Travel
CUST03761,2025-07-05,30.34,Grocery
CUST03761,2025-05-07,64.19,Electronics
CUST03761,2025-06-22,91.49,Electronics
CUST03761,2025-03-14,37.47,Dining
CUST03761,2025-06-29,71.86,Clothing
CUST03761,2025-06-02,74.64,Dining
CUST03761,2024-12-15,112.87,Grocery
CUST03761,2024-10-06,14.92,Clothing
CUST03761,2025-06-26,74.56,Grocery
CUST03761,2024-12-20,29.21,Electronics
CUST03761,2025-07-10,48.56,Electronics
CUST03761,2025-04-29,156.28,Grocery
CUST03761,2024-10-25,9.63,Travel
CUST03761,2024-11-30,23.29,Electronics
CUST03761,2025-06-27,8.82,Clothing
CUST03761,2025-07-25,18.96,Grocery
CUST03761,2024-10-11,75.91,Dining
CUST03761,2024-12-28,31.77,Clothing
CUST03761,2025-07-18,34.51,Travel
CUST03761,2025-07-29,63.81,Travel
CUST03761,2025-02-19,226.73,Electronics
CUST03761,2024-12-18,49.37,Dining
CUST03761,2025-02-24,29.85,Clothing
CUST03761,2025-04-12,67.25,Travel
CUST03761,2025-01-09,156.05,Grocery
CUST03761,2024-12-06,106.41,Travel
CUST03761,2025-04-10,256.76,Grocery
CUST03761,2025-05-09,29.54,Travel
CUST03761,2025-06-12,5.55,Dining
CUST03761,2025-04-18,26.98,Dining
CUST03761,2025-04-18,7.35,Dining
CUST03761,2024-10-27,102.33,Electronics
CUST03761,2024-10-03,38.41,Clothing
CUST03761,2025-01-31,130.68,Dining
CUST03761,2024-10-12,16.77,Travel
CUST03761,2025-05-12,64.93,Dining
CUST03761,2025-01-02,292.02,Electronics
CUST03761,2024-10-06,28.61,Grocery
CUST03761,2025-07-07,5.58,Travel
CUST03761,2025-03-28,40.45,Grocery
CUST03761,2024-10-29,92.48,Grocery
CUST03761,2024-12-21,24.32,Dining
CUST03761,2025-06-23,126.15,Clothing
CUST03761,2024-12-03,16.09,Electronics
CUST03761,2025-06-02,13.62,Grocery
CUST03761,2025-04-08,306.73,Grocery
CUST03761,2025-01-30,17.11,Clothing
CUST03761,2024-10-02,227.82,Clothing
CUST03761,2025-03-10,28.01,Dining
CUST03761,2025-06-25,51.79,Grocery
CUST03761,2025-05-29,22.42,Electronics
CUST03761,2025-03-25,70.73,Dining
CUST03761,2024-10-11,35.09,Dining
CUST03761,2025-05-06,124.19,Dining
CUST03761,2024-12-21,31.82,Clothing
CUST03761,2025-06-25,158.11,Travel
CUST03761,2024-11-27,9.13,Clothing
CUST03761,2025-06-08,63.24,Travel
CUST03761,2025-03-13,32.73,Travel
CUST03761,2025-04-09,50.45,Dining
CUST03761,2024-12-02,17.11,Electronics
CUST03761,2025-04-12,109.26,Dining
CUST03761,2024-11-30,51.3,Travel
CUST03761,2025-04-27,19.26,Electronics
CUST03761,2025-07-06,17.05,Travel
CUST03761,2025-01-10,40.79,Clothing
CUST03761,2025-03-03,5.18,Electronics
CUST03761,2024-11-05,178.52,Travel
CUST03761,2025-05-25,45.29,Electronics
CUST03761,2025-01-14,86.91,Electronics
CUST03761,2025-04-13,152.26,Travel
CUST03761,2024-10-24,7.33,Dining
CUST03761,2025-07-14,11.34,Travel
CUST03761,2025-01-08,42.35,Clothing
CUST03761,2025-07-14,35.29,Dining
CUST03761,2025-04-26,37.83,Travel
CUST03761,2024-09-30,43.2,Travel
CUST03761,2025-04-12,205.03,Clothing
CUST03761,2025-02-12,96.56,Dining
CUST03761,2024-11-23,8.33,Electronics
CUST03761,2025-04-26,30.02,Grocery
CUST03761,2024-10-18,11.01,Travel
CUST03761,2025-06-16,60.59,Clothing
CUST03761,2024-12-15,76.6,Travel
CUST03761,2024-10-06,38.56,Travel
CUST03761,2025-07-08,41.67,Grocery
CUST03761,2024-11-28,5.54,Grocery
CUST03761,2025-01-21,67.44,Dining
CUST03761,2025-01-01,11.92,Travel
CUST03761,2024-12-09,20.06,Travel
CUST03761,2024-09-30,22.46,Grocery
CUST03761,2025-03-08,101.04,Electronics
CUST03761,2024-10-30,188.48,Dining
CUST03761,2025-03-02,62.82,Clothing
CUST03761,2024-10-18,36.41,Clothing
CUST03761,2025-07-02,58.39,Travel
CUST03761,2025-02-09,30.86,Dining
CUST03761,2024-10-12,15.31,Travel
CUST03761,2025-03-31,79.86,Travel
CUST03761,2025-05-09,15.38,Clothing
CUST03761,2024-12-19,6.48,Grocery
CUST03761,2025-06-04,161.36,Grocery
CUST03761,2025-06-22,112.33,Grocery
CUST03761,2025-01-15,85.51,Dining
CUST03761,2025-07-28,21.4,Travel
CUST03761,2024-11-11,67.66,Clothing
CUST03761,2025-02-28,40.29,Electronics
CUST03761,2024-11-19,163.94,Electronics
CUST03761,2024-11-04,170.19,Clothing
CUST03761,2025-07-22,65.49,Electronics
CUST03761,2024-10-14,63.38,Dining
CUST03761,2024-11-22,68.72,Clothing
CUST03762,2024-10-24,25.71,Grocery
CUST03762,2023-08-26,53.38,Electronics
CUST03762,2023-07-06,15.23,Dining
CUST03762,2023-10-10,154.22,Electronics
CUST03762,2024-11-28,14.52,Clothing
CUST03762,2024-03-10,64.56,Dining
CUST03762,2024-01-04,80.0,Dining
CUST03762,2024-06-07,28.31,Electronics
CUST03762,2024-12-07,137.84,Clothing
CUST03762,2023-11-19,41.2,Clothing
CUST03762,2023-05-15,161.87,Dining
CUST03762,2023-07-15,66.79,Dining
CUST03762,2024-09-19,7.48,Dining
CUST03762,2023-09-24,53.18,Travel
CUST03762,2025-07-18,62.72,Electronics
CUST03762,2025-06-30,130.03,Travel
CUST03762,2025-03-21,26.28,Clothing
CUST03762,2023-02-16,98.65,Clothing
CUST03762,2023-12-19,75.52,Clothing
CUST03762,2024-08-08,82.55,Dining
CUST03762,2024-04-14,11.18,Clothing
CUST03762,2023-12-03,7.42,Dining
CUST03762,2024-05-20,21.6,Travel
CUST03762,2024-11-24,20.11,Electronics
CUST03762,2023-02-03,175.05,Grocery
CUST03762,2023-04-01,62.91,Dining
CUST03762,2025-04-19,95.87,Grocery
CUST03762,2024-06-07,159.81,Dining
CUST03762,2023-11-10,72.12,Travel
CUST03762,2024-09-07,308.49,Electronics
CUST03762,2024-03-01,41.26,Electronics
CUST03762,2025-07-01,16.1,Electronics
CUST03762,2025-06-05,119.93,Travel
CUST03762,2023-02-02,96.13,Dining
CUST03762,2024-04-16,20.23,Clothing
CUST03762,2024-10-09,8.78,Clothing
CUST03762,2023-07-28,51.12,Travel
CUST03762,2023-12-05,27.33,Travel
CUST03762,2025-04-04,6.68,Grocery
CUST03762,2025-06-22,21.41,Electronics
CUST03762,2024-05-12,117.96,Electronics
CUST03762,2023-12-05,56.64,Clothing
CUST03762,2023-03-20,30.58,Electronics
CUST03762,2023-05-15,180.66,Clothing
CUST03762,2025-01-28,29.37,Clothing
CUST03762,2025-02-08,81.2,Clothing
CUST03762,2024-12-25,76.57,Clothing
CUST03762,2023-08-14,117.29,Travel
CUST03762,2023-04-22,32.32,Electronics
CUST03762,2024-02-06,76.19,Electronics
CUST03762,2023-08-13,93.58,Clothing
CUST03762,2023-11-11,96.17,Electronics
CUST03762,2024-01-17,15.32,Clothing
CUST03762,2024-03-04,61.76,Electronics
CUST03762,2024-12-08,109.96,Dining
CUST03762,2024-02-15,97.46,Dining
CUST03762,2025-02-12,11.75,Grocery
CUST03762,2024-08-14,76.01,Electronics
CUST03762,2024-09-28,37.3,Electronics
CUST03762,2024-06-28,85.32,Grocery
CUST03762,2024-01-10,36.76,Grocery
CUST03762,2023-10-15,136.96,Grocery
CUST03762,2024-04-25,21.06,Electronics
CUST03762,2023-05-12,40.31,Grocery
CUST03762,2025-07-04,13.66,Travel
CUST03762,2023-05-10,139.01,Clothing
CUST03762,2023-11-09,52.46,Electronics
CUST03762,2024-12-19,105.28,Electronics
CUST03762,2023-03-14,37.82,Dining
CUST03762,2025-04-14,10.23,Travel
CUST03762,2023-02-21,5.63,Clothing
CUST03762,2025-07-25,316.79,Grocery
CUST03762,2024-10-19,7.15,Travel
CUST03762,2024-07-05,18.64,Grocery
CUST03762,2024-06-21,59.49,Electronics
CUST03762,2023-04-17,33.15,Dining
CUST03762,2023-05-27,76.19,Grocery
CUST03762,2024-07-20,85.56,Clothing
CUST03762,2024-07-30,196.76,Clothing
CUST03762,2023-02-10,52.53,Travel
CUST03762,2023-08-03,174.68,Electronics
CUST03762,2025-01-13,34.78,Dining
CUST03762,2025-03-05,193.81,Grocery
CUST03762,2023-10-31,139.04,Clothing
CUST03762,2025-02-08,30.91,Travel
CUST03762,2024-11-06,13.74,Grocery
CUST03762,2023-05-04,29.09,Grocery
CUST03762,2024-04-08,8.04,Travel
CUST03762,2025-06-22,23.92,Dining
CUST03762,2024-06-21,87.21,Travel
CUST03762,2023-06-13,73.23,Dining
CUST03762,2023-06-04,67.75,Electronics
CUST03762,2024-02-04,436.38,Grocery
CUST03762,2024-07-17,145.77,Grocery
CUST03762,2025-05-26,28.71,Travel
CUST03762,2023-08-16,9.35,Electronics
CUST03762,2024-04-20,181.25,Dining
CUST03762,2023-10-27,68.19,Clothing
CUST03762,2023-04-14,242.71,Grocery
CUST03762,2025-03-24,38.7,Clothing
CUST03762,2024-03-19,144.76,Grocery
CUST03762,2025-04-29,46.11,Dining
CUST03762,2024-11-03,30.88,Clothing
CUST03762,2023-05-09,450.8,Electronics
CUST03762,2024-02-01,84.14,Travel
CUST03762,2023-06-25,147.96,Electronics
CUST03762,2025-06-22,59.01,Travel
CUST03762,2025-01-03,32.65,Travel
CUST03762,2023-06-15,141.47,Clothing
CUST03762,2024-09-05,29.94,Clothing
CUST03763,2025-03-10,33.02,Grocery
CUST03763,2024-10-18,10.93,Clothing
CUST03763,2024-04-29,86.03,Grocery
CUST03763,2024-02-19,160.28,Clothing
CUST03763,2024-01-16,5.49,Grocery
CUST03763,2022-03-29,273.52,Clothing
CUST03763,2023-08-31,35.56,Electronics
CUST03763,2024-04-21,18.96,Travel
CUST03763,2025-04-23,341.03,Dining
CUST03763,2022-03-27,175.8,Grocery
CUST03763,2022-07-14,28.58,Electronics
CUST03763,2025-02-16,9.53,Travel
CUST03763,2022-07-23,11.89,Dining
CUST03763,2022-01-14,57.8,Electronics
CUST03763,2023-10-22,87.8,Grocery
CUST03763,2023-06-01,24.14,Clothing
CUST03763,2023-11-21,19.32,Travel
CUST03763,2025-06-15,57.23,Dining
CUST03763,2022-08-14,37.73,Dining
CUST03763,2023-05-27,21.68,Grocery
CUST03763,2023-11-23,162.11,Grocery
CUST03763,2024-05-05,186.5,Electronics
CUST03763,2023-11-15,20.68,Grocery
CUST03763,2022-04-25,68.54,Grocery
CUST03763,2024-06-13,91.82,Clothing
CUST03763,2024-10-11,67.01,Clothing
CUST03763,2025-04-24,127.0,Clothing
CUST03763,2022-05-04,155.1,Clothing
CUST03763,2023-02-03,9.35,Electronics
CUST03763,2023-09-04,233.22,Electronics
CUST03763,2025-02-22,261.09,Travel
CUST03763,2024-02-16,56.9,Grocery
CUST03763,2024-02-14,12.48,Travel
CUST03763,2023-12-24,82.08,Travel
CUST03763,2025-01-25,77.43,Clothing
CUST03763,2025-01-23,96.64,Grocery
CUST03763,2023-10-29,49.51,Dining
CUST03763,2025-07-10,70.15,Electronics
CUST03763,2025-06-25,116.53,Travel
CUST03763,2022-07-02,192.63,Dining
CUST03763,2023-12-27,44.92,Clothing
CUST03763,2022-02-02,203.97,Travel
CUST03763,2023-11-23,45.19,Clothing
CUST03763,2022-09-04,316.86,Dining
CUST03763,2023-01-08,65.71,Grocery
CUST03763,2022-07-16,135.51,Clothing
CUST03763,2022-11-30,48.28,Clothing
CUST03763,2023-09-01,82.05,Travel
CUST03763,2023-06-15,61.68,Dining
CUST03763,2022-03-04,208.66,Grocery
CUST03763,2022-05-06,169.37,Travel
CUST03763,2024-09-12,74.02,Travel
CUST03763,2025-04-01,63.98,Travel
CUST03763,2024-03-21,30.57,Dining
CUST03763,2023-07-04,33.23,Clothing
CUST03763,2024-08-15,9.64,Electronics
CUST03763,2024-01-24,10.61,Travel
CUST03763,2025-01-08,34.26,Grocery
CUST03763,2024-09-16,46.47,Clothing
CUST03763,2024-11-27,44.57,Grocery
CUST03763,2022-05-24,88.72,Dining
CUST03763,2024-12-08,27.78,Clothing
CUST03763,2023-04-10,53.52,Grocery
CUST03763,2025-01-30,31.95,Electronics
CUST03763,2024-05-24,89.81,Grocery
CUST03763,2024-09-14,36.24,Grocery
CUST03763,2024-03-31,6.13,Travel
CUST03763,2024-10-06,186.75,Dining
CUST03763,2022-01-23,68.14,Dining
CUST03763,2024-08-25,5.67,Clothing
CUST03763,2022-12-12,102.67,Clothing
CUST03763,2025-03-14,42.79,Dining
CUST03763,2025-06-20,21.83,Electronics
CUST03763,2022-06-22,56.42,Electronics
CUST03763,2023-05-18,10.13,Dining
CUST03763,2024-09-25,16.97,Electronics
CUST03763,2022-08-08,115.11,Travel
CUST03763,2023-07-13,6.86,Grocery
CUST03763,2025-07-23,96.63,Clothing
CUST03763,2023-07-23,54.7,Travel
CUST03763,2025-01-15,129.44,Travel
CUST03763,2023-11-13,176.64,Travel
CUST03763,2022-01-25,190.19,Clothing
CUST03763,2025-07-07,97.59,Grocery
CUST03763,2022-04-13,5.9,Grocery
CUST03763,2024-08-10,20.26,Grocery
CUST03763,2024-01-25,223.04,Grocery
CUST03763,2022-07-31,18.97,Travel
CUST03763,2022-10-16,421.11,Dining
CUST03763,2022-08-25,17.39,Clothing
CUST03763,2023-01-26,46.12,Grocery
CUST03763,2022-07-23,28.63,Dining
CUST03764,2024-04-24,17.62,Dining
CUST03764,2024-04-25,24.93,Travel
CUST03764,2024-04-27,17.42,Electronics
CUST03764,2023-10-29,29.94,Grocery
CUST03764,2024-06-05,74.3,Dining
CUST03764,2024-05-29,96.42,Travel
CUST03764,2024-10-29,17.2,Travel
CUST03764,2024-12-29,232.03,Electronics
CUST03764,2023-09-13,34.92,Grocery
CUST03764,2025-04-20,78.16,Grocery
CUST03764,2023-09-28,10.63,Grocery
CUST03764,2023-12-10,39.32,Clothing
CUST03764,2024-12-14,76.95,Travel
CUST03764,2025-04-19,483.18,Dining
CUST03764,2024-08-29,90.81,Grocery
CUST03764,2024-10-28,10.97,Travel
CUST03764,2023-09-02,40.54,Electronics
CUST03764,2024-09-23,7.96,Dining
CUST03764,2025-07-26,148.64,Clothing
CUST03764,2024-06-09,23.48,Electronics
CUST03764,2025-03-04,57.04,Grocery
CUST03764,2023-08-12,26.62,Grocery
CUST03764,2024-06-27,113.4,Electronics
CUST03764,2025-01-09,44.27,Clothing
CUST03764,2023-12-08,149.75,Clothing
CUST03764,2025-06-13,9.02,Grocery
CUST03764,2025-04-27,59.46,Dining
CUST03764,2024-11-23,369.85,Dining
CUST03764,2025-05-26,51.09,Dining
CUST03764,2024-04-24,225.91,Travel
CUST03764,2025-04-19,19.75,Dining
CUST03764,2025-07-15,202.01,Dining
CUST03764,2025-07-24,68.79,Electronics
CUST03764,2024-02-01,15.97,Grocery
CUST03764,2023-09-26,37.48,Clothing
CUST03764,2025-02-19,384.58,Dining
CUST03764,2024-02-10,187.75,Travel
CUST03764,2025-04-06,78.43,Clothing
CUST03764,2023-10-28,37.61,Grocery
CUST03764,2024-04-28,287.66,Grocery
CUST03764,2024-07-12,105.09,Dining
CUST03764,2023-08-18,148.57,Clothing
CUST03764,2025-07-15,30.19,Clothing
CUST03764,2023-10-04,44.04,Grocery
CUST03764,2024-08-23,31.43,Grocery
CUST03764,2023-09-04,22.39,Dining
CUST03764,2024-05-15,5.91,Clothing
CUST03764,2025-02-21,221.82,Clothing
CUST03764,2023-12-10,226.66,Grocery
CUST03764,2025-01-21,37.22,Grocery
CUST03764,2024-10-05,6.24,Travel
CUST03764,2024-04-03,101.49,Electronics
CUST03764,2024-11-16,38.67,Grocery
CUST03764,2024-10-03,60.64,Clothing
CUST03764,2024-03-17,131.2,Clothing
CUST03764,2023-09-06,42.86,Grocery
CUST03764,2024-02-02,311.08,Electronics
CUST03764,2024-10-20,16.33,Clothing
CUST03764,2025-01-11,101.87,Travel
CUST03764,2025-05-29,139.34,Travel
CUST03764,2023-10-14,117.82,Clothing
CUST03764,2025-01-12,98.25,Travel
CUST03764,2025-07-18,44.17,Clothing
CUST03764,2024-12-02,18.13,Dining
CUST03764,2024-11-16,279.84,Dining
CUST03764,2025-05-19,213.89,Dining
CUST03764,2024-05-27,24.4,Electronics
CUST03764,2023-11-07,68.61,Electronics
CUST03764,2025-07-11,87.21,Dining
CUST03764,2025-07-30,92.63,Travel
CUST03764,2024-04-05,84.36,Dining
CUST03764,2023-10-25,24.89,Grocery
CUST03764,2024-04-24,10.61,Travel
CUST03764,2025-07-27,5.83,Dining
CUST03764,2024-04-15,204.81,Grocery
CUST03764,2023-11-30,60.77,Electronics
CUST03764,2024-01-24,55.47,Clothing
CUST03764,2025-03-16,60.19,Clothing
CUST03764,2024-09-28,43.69,Clothing
CUST03764,2023-08-18,94.27,Electronics
CUST03764,2024-03-02,71.8,Dining
CUST03764,2024-12-24,37.04,Clothing
CUST03764,2023-08-26,94.11,Grocery
CUST03764,2024-09-26,111.37,Electronics
CUST03764,2024-03-03,39.83,Travel
CUST03764,2024-08-07,117.93,Dining
CUST03764,2024-10-24,98.82,Electronics
CUST03764,2024-12-10,82.76,Grocery
CUST03764,2025-05-17,23.37,Electronics
CUST03764,2025-01-21,242.33,Clothing
CUST03764,2024-04-10,26.62,Grocery
CUST03764,2023-09-30,95.32,Travel
CUST03765,2025-03-18,44.78,Electronics
CUST03765,2025-03-05,9.47,Travel
CUST03765,2025-07-05,458.29,Electronics
CUST03765,2025-07-21,26.27,Dining
CUST03765,2025-06-02,65.32,Grocery
CUST03765,2025-04-08,157.56,Dining
CUST03765,2025-04-11,153.32,Clothing
CUST03765,2025-03-11,5.97,Dining
CUST03765,2025-04-25,182.74,Electronics
CUST03765,2025-07-02,121.17,Clothing
CUST03765,2025-04-17,32.42,Clothing
CUST03765,2025-05-25,66.26,Grocery
CUST03765,2025-05-28,54.39,Dining
CUST03765,2025-04-29,120.72,Clothing
CUST03765,2025-07-24,66.54,Electronics
CUST03765,2025-06-27,226.61,Electronics
CUST03765,2025-07-24,17.91,Grocery
CUST03765,2025-03-29,98.63,Dining
CUST03765,2025-05-14,204.23,Dining
CUST03765,2025-04-07,7.82,Electronics
CUST03765,2025-04-24,89.69,Dining
CUST03765,2025-04-04,138.82,Electronics
CUST03765,2025-07-30,195.94,Travel
CUST03765,2025-06-16,92.66,Travel
CUST03765,2025-05-25,40.93,Electronics
CUST03765,2025-07-10,105.17,Dining
CUST03765,2025-03-29,145.64,Grocery
CUST03765,2025-05-19,35.24,Travel
CUST03765,2025-03-11,144.38,Grocery
CUST03765,2025-07-17,45.45,Electronics
CUST03765,2025-07-24,130.13,Electronics
CUST03765,2025-07-02,87.24,Dining
CUST03765,2025-03-27,42.94,Grocery
CUST03765,2025-06-01,91.51,Dining
CUST03765,2025-05-04,147.3,Travel
CUST03765,2025-04-10,21.59,Travel
CUST03765,2025-04-15,100.53,Grocery
CUST03765,2025-04-12,104.21,Clothing
CUST03765,2025-07-13,102.63,Clothing
CUST03765,2025-04-26,14.59,Grocery
CUST03765,2025-04-20,16.37,Dining
CUST03765,2025-03-05,57.15,Electronics
CUST03765,2025-04-02,11.85,Dining
CUST03765,2025-06-16,57.6,Travel
CUST03765,2025-03-11,15.94,Electronics
CUST03765,2025-03-26,85.17,Dining
CUST03765,2025-02-28,130.05,Travel
CUST03765,2025-06-28,33.21,Clothing
CUST03765,2025-06-30,71.93,Grocery
CUST03765,2025-04-15,135.69,Grocery
CUST03765,2025-06-19,16.34,Clothing
CUST03765,2025-06-02,243.26,Clothing
CUST03765,2025-03-17,137.04,Travel
CUST03765,2025-04-27,73.37,Clothing
CUST03765,2025-07-24,17.1,Dining
CUST03765,2025-07-16,22.38,Dining
CUST03765,2025-07-13,15.28,Travel
CUST03765,2025-07-27,160.84,Dining
CUST03765,2025-06-13,48.04,Clothing
CUST03765,2025-04-30,246.02,Travel
CUST03765,2025-07-23,71.98,Electronics
CUST03765,2025-04-12,314.33,Electronics
CUST03765,2025-07-08,53.34,Travel
CUST03765,2025-07-27,47.7,Electronics
CUST03765,2025-07-05,109.08,Electronics
CUST03765,2025-05-01,56.35,Dining
CUST03765,2025-04-21,53.78,Dining
CUST03765,2025-05-17,272.73,Grocery
CUST03765,2025-04-03,80.61,Grocery
CUST03765,2025-06-04,31.68,Electronics
CUST03765,2025-05-29,15.04,Grocery
CUST03765,2025-04-06,24.74,Clothing
CUST03765,2025-04-02,91.8,Electronics
CUST03765,2025-06-03,21.63,Electronics
CUST03765,2025-04-29,56.91,Dining
CUST03765,2025-05-03,26.14,Dining
CUST03765,2025-04-02,88.3,Electronics
CUST03765,2025-04-15,59.71,Travel
CUST03765,2025-07-27,36.77,Electronics
CUST03765,2025-05-14,209.49,Electronics
CUST03765,2025-05-02,6.4,Clothing
CUST03765,2025-03-31,411.15,Electronics
CUST03765,2025-07-07,117.66,Dining
CUST03765,2025-05-13,120.95,Clothing
CUST03765,2025-06-15,25.92,Grocery
CUST03765,2025-03-04,73.31,Grocery
CUST03765,2025-07-21,62.51,Dining
CUST03765,2025-04-13,271.33,Clothing
CUST03766,2024-06-08,11.58,Grocery
CUST03766,2023-02-06,116.42,Grocery
CUST03766,2021-07-20,27.29,Grocery
CUST03766,2022-09-26,72.69,Travel
CUST03766,2022-01-01,26.55,Dining
CUST03766,2023-09-09,65.34,Grocery
CUST03766,2024-07-11,11.64,Clothing
CUST03766,2021-05-25,215.39,Dining
CUST03766,2023-12-20,126.95,Clothing
CUST03766,2024-09-28,172.89,Grocery
CUST03766,2023-07-09,100.13,Dining
CUST03766,2021-08-26,121.0,Dining
CUST03766,2025-01-10,139.36,Clothing
CUST03766,2022-03-29,41.7,Clothing
CUST03766,2023-03-25,35.05,Dining
CUST03766,2021-06-10,142.84,Grocery
CUST03766,2022-04-16,36.47,Dining
CUST03766,2023-06-14,16.14,Electronics
CUST03766,2022-07-10,34.77,Travel
CUST03766,2025-04-10,38.28,Electronics
CUST03766,2021-05-06,59.63,Clothing
CUST03766,2022-01-27,11.28,Dining
CUST03766,2025-05-29,31.6,Electronics
CUST03766,2023-10-22,88.86,Clothing
CUST03766,2023-07-12,26.18,Electronics
CUST03766,2021-09-10,107.22,Electronics
CUST03766,2025-04-02,7.29,Electronics
CUST03766,2022-06-11,75.57,Electronics
CUST03766,2024-05-09,624.12,Clothing
CUST03766,2025-02-07,71.4,Grocery
CUST03766,2023-10-15,102.18,Grocery
CUST03766,2022-09-14,38.4,Travel
CUST03766,2024-03-02,67.54,Electronics
CUST03766,2025-04-12,8.82,Dining
CUST03766,2023-07-02,51.27,Dining
CUST03766,2022-06-22,271.69,Dining
CUST03766,2023-09-01,132.71,Electronics
CUST03766,2022-12-30,121.24,Dining
CUST03766,2025-04-24,119.26,Electronics
CUST03766,2023-12-20,54.99,Grocery
CUST03766,2024-10-16,85.04,Travel
CUST03766,2025-06-08,140.88,Grocery
CUST03766,2022-06-08,75.19,Grocery
CUST03766,2022-02-14,157.12,Electronics
CUST03766,2024-10-29,106.76,Electronics
CUST03766,2021-08-29,58.0,Clothing
CUST03766,2025-06-17,5.38,Travel
CUST03766,2023-04-16,157.53,Clothing
CUST03766,2023-01-14,23.96,Grocery
CUST03766,2025-03-30,223.2,Travel
CUST03766,2022-10-21,40.13,Grocery
CUST03766,2023-06-01,87.07,Travel
CUST03766,2022-07-23,210.94,Electronics
CUST03766,2024-09-23,113.93,Travel
CUST03766,2022-04-19,31.4,Dining
CUST03766,2024-02-15,9.92,Clothing
CUST03766,2023-07-14,82.17,Travel
CUST03766,2021-10-08,157.31,Clothing
CUST03766,2025-05-03,160.77,Grocery
CUST03766,2024-02-28,30.78,Grocery
CUST03766,2023-01-07,36.18,Grocery
CUST03766,2021-05-31,8.39,Dining
CUST03766,2024-12-11,159.84,Dining
CUST03766,2023-03-19,31.55,Clothing
CUST03766,2022-12-25,29.56,Electronics
CUST03766,2023-12-08,59.99,Electronics
CUST03766,2021-09-30,238.14,Dining
CUST03766,2023-12-30,161.51,Electronics
CUST03766,2024-09-11,25.29,Travel
CUST03766,2025-03-05,166.74,Dining
CUST03766,2024-12-05,363.3,Clothing
CUST03766,2024-10-05,152.72,Travel
CUST03766,2024-01-23,44.95,Electronics
CUST03766,2021-06-18,124.66,Grocery
CUST03766,2025-05-20,97.84,Grocery
CUST03766,2022-12-03,100.19,Electronics
CUST03766,2024-10-28,323.01,Electronics
CUST03766,2023-02-11,74.57,Electronics
CUST03766,2025-07-25,48.76,Clothing
CUST03766,2025-05-21,50.84,Clothing
CUST03766,2023-10-05,135.1,Clothing
CUST03766,2022-07-23,72.14,Grocery
CUST03766,2022-11-13,322.06,Grocery
CUST03766,2022-01-25,131.49,Clothing
CUST03766,2023-10-12,50.99,Clothing
CUST03766,2021-05-01,40.9,Clothing
CUST03766,2021-11-16,5.21,Electronics
CUST03766,2024-08-28,502.19,Electronics
CUST03766,2025-06-19,44.13,Travel
CUST03766,2025-05-18,14.82,Grocery
CUST03766,2024-01-04,104.77,Clothing
CUST03766,2024-02-12,101.2,Electronics
CUST03766,2025-05-09,101.65,Travel
CUST03766,2021-09-03,31.38,Dining
CUST03766,2025-05-23,208.13,Clothing
CUST03766,2021-09-27,198.36,Electronics
CUST03766,2024-02-19,8.88,Electronics
CUST03766,2025-07-20,211.06,Grocery
CUST03766,2024-05-29,21.06,Dining
CUST03766,2022-09-18,213.41,Electronics
CUST03766,2023-09-28,40.32,Clothing
CUST03766,2024-09-06,216.05,Electronics
CUST03766,2021-10-08,68.48,Travel
CUST03766,2023-04-15,36.45,Dining
CUST03766,2021-06-30,313.47,Clothing
CUST03767,2025-07-24,94.35,Dining
CUST03767,2025-07-30,52.58,Grocery
CUST03767,2025-07-22,37.73,Travel
CUST03767,2025-07-24,121.04,Clothing
CUST03767,2025-07-28,8.53,Travel
CUST03767,2025-07-31,80.64,Clothing
CUST03767,2025-07-22,37.55,Grocery
CUST03767,2025-07-20,354.28,Grocery
CUST03767,2025-07-29,10.1,Clothing
CUST03767,2025-07-28,17.39,Clothing
CUST03767,2025-07-27,67.4,Electronics
CUST03767,2025-07-21,8.69,Grocery
CUST03767,2025-07-27,12.8,Grocery
CUST03767,2025-07-28,15.26,Travel
CUST03767,2025-08-01,13.18,Electronics
CUST03767,2025-07-31,329.04,Electronics
CUST03767,2025-07-22,61.03,Grocery
CUST03767,2025-08-01,140.06,Clothing
CUST03767,2025-07-26,268.35,Clothing
CUST03767,2025-07-26,44.79,Grocery
CUST03767,2025-07-31,52.45,Clothing
CUST03767,2025-07-26,21.51,Dining
CUST03767,2025-07-30,239.32,Electronics
CUST03767,2025-07-26,24.74,Dining
CUST03767,2025-07-22,7.55,Dining
CUST03767,2025-07-25,34.01,Grocery
CUST03767,2025-07-28,54.29,Dining
CUST03767,2025-07-29,58.13,Grocery
CUST03767,2025-07-25,28.22,Dining
CUST03767,2025-07-20,26.79,Clothing
CUST03767,2025-07-29,15.95,Electronics
CUST03767,2025-07-22,176.79,Travel
CUST03767,2025-07-22,300.79,Clothing
CUST03767,2025-07-22,80.23,Electronics
CUST03767,2025-07-29,14.71,Grocery
CUST03767,2025-07-21,125.84,Clothing
CUST03767,2025-07-23,264.32,Travel
CUST03767,2025-07-23,99.27,Dining
CUST03767,2025-07-24,139.94,Travel
CUST03767,2025-07-29,66.94,Dining
CUST03767,2025-07-24,35.57,Travel
CUST03767,2025-07-28,40.2,Travel
CUST03767,2025-07-25,90.69,Travel
CUST03767,2025-07-24,31.65,Clothing
CUST03767,2025-07-21,143.55,Grocery
CUST03767,2025-07-28,63.02,Dining
CUST03767,2025-07-23,76.49,Travel
CUST03767,2025-08-01,95.32,Electronics
CUST03767,2025-07-28,51.18,Dining
CUST03767,2025-07-26,49.77,Travel
CUST03767,2025-07-26,78.35,Electronics
CUST03767,2025-07-25,44.77,Travel
CUST03767,2025-07-21,39.11,Electronics
CUST03767,2025-07-28,35.17,Clothing
CUST03767,2025-07-24,10.31,Dining
CUST03767,2025-07-23,10.59,Grocery
CUST03767,2025-08-01,93.35,Dining
CUST03767,2025-07-26,63.59,Clothing
CUST03767,2025-07-30,21.05,Clothing
CUST03767,2025-07-21,23.91,Dining
CUST03767,2025-07-31,66.08,Travel
CUST03767,2025-07-26,240.42,Dining
CUST03767,2025-07-28,24.0,Dining
CUST03767,2025-07-20,89.68,Electronics
CUST03767,2025-07-20,35.05,Electronics
CUST03767,2025-07-21,5.03,Travel
CUST03767,2025-07-30,47.79,Dining
CUST03767,2025-07-23,10.68,Travel
CUST03767,2025-07-29,136.2,Travel
CUST03767,2025-07-26,214.4,Travel
CUST03767,2025-07-21,35.15,Travel
CUST03767,2025-07-29,53.13,Travel
CUST03767,2025-07-23,11.45,Clothing
CUST03767,2025-07-25,142.2,Grocery
CUST03767,2025-07-24,73.51,Clothing
CUST03767,2025-07-27,77.95,Grocery
CUST03767,2025-07-22,69.39,Travel
CUST03767,2025-07-31,75.51,Electronics
CUST03767,2025-07-31,5.94,Clothing
CUST03767,2025-07-20,80.49,Grocery
CUST03767,2025-07-25,84.36,Dining
CUST03767,2025-07-27,13.63,Electronics
CUST03767,2025-07-23,46.82,Travel
CUST03767,2025-08-01,98.33,Clothing
CUST03767,2025-07-28,48.92,Travel
CUST03767,2025-07-29,130.0,Travel
CUST03767,2025-07-20,42.7,Dining
CUST03767,2025-07-23,128.94,Grocery
CUST03767,2025-07-28,85.16,Grocery
CUST03767,2025-07-24,45.61,Electronics
CUST03767,2025-07-26,138.76,Clothing
CUST03767,2025-07-28,12.43,Grocery
CUST03767,2025-07-23,6.72,Grocery
CUST03767,2025-07-23,35.65,Clothing
CUST03767,2025-07-24,99.91,Dining
CUST03767,2025-07-28,261.47,Grocery
CUST03767,2025-07-25,58.51,Electronics
CUST03767,2025-07-20,26.71,Electronics
CUST03767,2025-07-25,111.0,Travel
CUST03767,2025-07-22,46.16,Travel
CUST03767,2025-07-27,11.04,Dining
CUST03767,2025-07-27,32.18,Grocery
CUST03767,2025-08-01,165.02,Grocery
CUST03767,2025-07-23,29.78,Travel
CUST03767,2025-07-21,26.35,Electronics
CUST03767,2025-07-20,109.84,Electronics
CUST03767,2025-07-28,98.3,Electronics
CUST03767,2025-07-31,34.25,Electronics
CUST03767,2025-07-29,44.19,Dining
CUST03767,2025-07-28,135.15,Clothing
CUST03767,2025-07-28,49.71,Grocery
CUST03768,2022-02-21,76.49,Dining
CUST03768,2022-09-30,11.9,Grocery
CUST03768,2024-05-27,153.27,Clothing
CUST03768,2023-10-18,18.81,Dining
CUST03768,2025-02-10,23.33,Dining
CUST03768,2022-01-21,111.3,Grocery
CUST03768,2021-08-30,29.3,Clothing
CUST03768,2024-02-14,57.36,Grocery
CUST03768,2024-06-08,29.56,Dining
CUST03768,2022-07-15,97.79,Travel
CUST03768,2023-04-04,18.38,Electronics
CUST03768,2021-08-03,34.79,Travel
CUST03768,2022-02-25,71.49,Dining
CUST03768,2024-09-24,36.96,Electronics
CUST03768,2025-04-28,84.57,Electronics
CUST03768,2023-11-15,31.26,Travel
CUST03768,2021-12-06,45.51,Grocery
CUST03768,2024-02-23,134.26,Electronics
CUST03768,2023-12-08,93.55,Electronics
CUST03768,2021-08-07,47.39,Travel
CUST03768,2024-07-04,65.63,Travel
CUST03768,2023-02-22,6.64,Electronics
CUST03768,2024-10-14,20.51,Grocery
CUST03768,2024-11-23,10.0,Travel
CUST03768,2024-08-05,36.92,Travel
CUST03768,2022-01-07,135.82,Travel
CUST03768,2025-02-22,92.92,Electronics
CUST03768,2024-07-13,95.32,Electronics
CUST03768,2025-06-14,24.32,Clothing
CUST03768,2022-11-04,40.56,Travel
CUST03768,2024-08-30,39.79,Travel
CUST03768,2021-06-24,15.91,Electronics
CUST03768,2022-02-01,100.47,Clothing
CUST03768,2025-05-17,78.47,Dining
CUST03768,2021-10-24,168.54,Electronics
CUST03768,2021-12-24,86.86,Electronics
CUST03768,2023-09-11,38.28,Grocery
CUST03768,2024-04-14,7.67,Grocery
CUST03768,2023-06-26,71.32,Grocery
CUST03768,2024-02-27,38.82,Dining
CUST03768,2023-01-19,125.51,Grocery
CUST03768,2024-09-24,63.43,Grocery
CUST03768,2024-10-27,8.2,Grocery
CUST03768,2022-03-16,37.52,Electronics
CUST03768,2023-07-14,63.72,Grocery
CUST03768,2024-11-23,7.86,Dining
CUST03768,2023-08-09,13.03,Dining
CUST03768,2024-01-18,213.93,Travel
CUST03768,2023-05-21,69.14,Clothing
CUST03768,2021-11-27,250.21,Dining
CUST03768,2021-09-16,186.02,Grocery
CUST03768,2025-03-24,215.14,Dining
CUST03768,2025-01-14,170.39,Electronics
CUST03768,2025-04-07,69.66,Travel
CUST03768,2022-11-01,12.49,Clothing
CUST03768,2025-05-18,10.91,Grocery
CUST03768,2023-08-22,213.26,Travel
CUST03768,2025-05-22,101.95,Electronics
CUST03768,2022-10-21,39.78,Dining
CUST03768,2022-02-24,69.93,Clothing
CUST03768,2022-06-28,27.69,Electronics
CUST03768,2022-02-09,225.76,Clothing
CUST03768,2024-01-09,183.8,Electronics
CUST03768,2023-01-11,74.71,Travel
CUST03768,2024-10-26,35.78,Electronics
CUST03768,2021-10-24,126.29,Clothing
CUST03768,2022-01-26,67.81,Travel
CUST03768,2021-12-18,40.13,Travel
CUST03768,2025-04-19,36.17,Travel
CUST03768,2023-07-28,97.78,Electronics
CUST03768,2024-01-18,53.18,Electronics
CUST03768,2025-06-15,22.19,Electronics
CUST03768,2024-07-07,108.83,Travel
CUST03768,2025-01-26,70.18,Grocery
CUST03768,2021-12-24,239.47,Dining
CUST03768,2022-08-30,95.84,Travel
CUST03768,2022-07-04,73.73,Electronics
CUST03768,2024-01-13,137.47,Electronics
CUST03768,2023-10-27,36.59,Dining
CUST03768,2021-12-28,18.17,Clothing
CUST03768,2025-05-09,87.92,Grocery
CUST03768,2024-07-16,136.55,Clothing
CUST03768,2024-04-09,54.31,Travel
CUST03768,2022-05-05,26.98,Dining
CUST03768,2021-06-30,9.69,Clothing
CUST03768,2024-06-06,171.3,Electronics
CUST03768,2022-10-12,57.27,Travel
CUST03768,2024-10-16,27.19,Clothing
CUST03768,2024-03-13,15.46,Electronics
CUST03768,2021-12-20,91.04,Electronics
CUST03768,2023-10-10,77.26,Electronics
CUST03768,2023-04-20,27.6,Electronics
CUST03768,2023-02-12,66.93,Dining
CUST03768,2023-12-16,17.61,Clothing
CUST03768,2024-02-09,120.12,Grocery
CUST03768,2025-03-04,9.96,Dining
CUST03768,2023-05-20,72.47,Grocery
CUST03768,2021-12-10,32.41,Electronics
CUST03768,2021-07-25,61.1,Travel
CUST03768,2022-06-22,8.96,Electronics
CUST03768,2023-04-02,73.13,Clothing
CUST03768,2024-05-14,132.95,Clothing
CUST03768,2025-05-01,18.25,Dining
CUST03768,2023-07-14,205.69,Clothing
CUST03768,2021-12-16,73.57,Travel
CUST03768,2024-05-23,34.84,Travel
CUST03768,2024-09-14,115.62,Electronics
CUST03769,2022-11-04,110.4,Dining
CUST03769,2024-07-02,138.41,Travel
CUST03769,2022-12-24,22.07,Travel
CUST03769,2023-04-21,40.27,Electronics
CUST03769,2021-12-04,29.29,Dining
CUST03769,2022-10-26,10.33,Dining
CUST03769,2025-07-25,194.85,Travel
CUST03769,2024-06-06,75.6,Grocery
CUST03769,2024-05-12,34.78,Clothing
CUST03769,2023-12-02,37.8,Travel
CUST03769,2021-08-06,121.31,Clothing
CUST03769,2022-09-30,5.38,Dining
CUST03769,2021-12-11,31.76,Dining
CUST03769,2022-09-20,40.11,Dining
CUST03769,2024-12-28,33.79,Grocery
CUST03769,2024-03-22,317.05,Electronics
CUST03769,2025-03-15,27.27,Travel
CUST03769,2025-05-27,88.18,Dining
CUST03769,2024-12-29,163.62,Grocery
CUST03769,2023-09-08,66.16,Electronics
CUST03769,2023-10-09,76.89,Electronics
CUST03769,2024-09-25,439.99,Travel
CUST03769,2021-08-01,100.87,Dining
CUST03769,2022-09-27,21.27,Dining
CUST03769,2022-12-23,17.51,Travel
CUST03769,2023-10-03,275.69,Electronics
CUST03769,2024-01-03,156.8,Dining
CUST03769,2023-12-25,67.39,Dining
CUST03769,2024-11-23,177.54,Travel
CUST03769,2023-08-12,117.92,Travel
CUST03769,2021-11-02,57.39,Grocery
CUST03769,2021-08-06,6.93,Electronics
CUST03769,2022-09-26,20.71,Grocery
CUST03769,2024-09-29,31.29,Electronics
CUST03769,2025-05-11,62.03,Dining
CUST03769,2022-04-06,135.87,Electronics
CUST03769,2021-12-08,121.17,Electronics
CUST03769,2022-04-21,356.31,Clothing
CUST03769,2021-09-01,47.92,Grocery
CUST03769,2023-06-04,29.96,Dining
CUST03769,2023-11-20,41.19,Travel
CUST03769,2023-01-22,89.42,Clothing
CUST03769,2024-08-07,32.07,Clothing
CUST03769,2022-12-28,78.24,Dining
CUST03769,2022-09-27,231.69,Dining
CUST03769,2024-10-30,15.87,Travel
CUST03769,2022-01-22,35.98,Grocery
CUST03769,2022-06-06,43.29,Electronics
CUST03769,2024-05-22,5.02,Electronics
CUST03769,2023-10-08,20.17,Grocery
CUST03769,2023-11-04,17.28,Electronics
CUST03769,2023-11-06,83.21,Travel
CUST03769,2023-05-22,107.7,Dining
CUST03769,2023-10-19,36.88,Travel
CUST03769,2023-04-13,137.38,Dining
CUST03769,2022-03-09,149.51,Grocery
CUST03769,2021-11-10,39.53,Electronics
CUST03769,2024-11-01,10.89,Travel
CUST03769,2023-07-18,151.44,Dining
CUST03769,2023-02-24,168.58,Dining
CUST03769,2022-03-09,147.72,Dining
CUST03769,2023-11-20,13.8,Clothing
CUST03769,2024-01-13,100.36,Grocery
CUST03769,2024-11-11,19.46,Travel
CUST03769,2023-04-23,83.07,Clothing
CUST03769,2022-07-29,20.99,Travel
CUST03769,2024-01-28,180.82,Travel
CUST03769,2024-06-14,42.86,Dining
CUST03769,2023-09-15,9.9,Electronics
CUST03769,2022-04-28,77.89,Dining
CUST03769,2024-12-28,91.68,Electronics
CUST03769,2025-04-13,58.07,Electronics
CUST03769,2022-05-22,65.95,Electronics
CUST03769,2021-09-05,103.74,Grocery
CUST03769,2025-06-19,66.28,Clothing
CUST03769,2023-01-02,36.89,Electronics
CUST03769,2021-07-31,199.92,Grocery
CUST03769,2024-05-24,87.44,Grocery
CUST03769,2023-01-02,72.32,Clothing
CUST03769,2024-02-25,21.04,Travel
CUST03769,2025-04-19,10.13,Dining
CUST03769,2025-06-25,27.36,Dining
CUST03769,2021-09-17,55.9,Grocery
CUST03769,2024-05-23,155.47,Electronics
CUST03769,2022-06-03,194.82,Dining
CUST03769,2021-06-23,80.82,Electronics
CUST03769,2025-01-03,105.43,Electronics
CUST03769,2022-02-05,86.9,Dining
CUST03769,2025-04-14,80.64,Grocery
CUST03769,2024-04-10,101.68,Travel
CUST03769,2025-04-16,11.9,Grocery
CUST03769,2023-04-21,67.91,Clothing
CUST03769,2022-05-12,79.28,Grocery
CUST03769,2023-01-17,131.96,Clothing
CUST03769,2024-07-24,31.01,Dining
CUST03769,2024-08-17,140.89,Grocery
CUST03769,2021-08-09,147.53,Travel
CUST03770,2025-06-30,95.67,Grocery
CUST03770,2023-12-20,48.36,Grocery
CUST03770,2024-01-17,54.31,Electronics
CUST03770,2024-07-01,25.32,Electronics
CUST03770,2024-09-21,14.41,Clothing
CUST03770,2024-08-05,135.06,Electronics
CUST03770,2025-04-14,52.07,Electronics
CUST03770,2024-12-26,35.38,Electronics
CUST03770,2025-01-05,228.39,Clothing
CUST03770,2025-05-22,65.17,Grocery
CUST03770,2023-11-23,69.11,Grocery
CUST03770,2023-09-06,201.79,Clothing
CUST03770,2024-04-25,208.89,Clothing
CUST03770,2024-06-17,23.2,Travel
CUST03770,2023-11-05,37.25,Grocery
CUST03770,2025-07-24,82.83,Dining
CUST03770,2023-09-24,105.61,Grocery
CUST03770,2025-04-26,71.69,Dining
CUST03770,2025-05-05,169.06,Travel
CUST03770,2023-06-07,122.96,Grocery
CUST03770,2024-12-14,8.34,Dining
CUST03770,2024-05-21,5.03,Dining
CUST03770,2024-10-11,14.67,Dining
CUST03770,2024-02-12,99.64,Travel
CUST03770,2025-04-27,97.5,Clothing
CUST03770,2023-11-18,37.18,Grocery
CUST03770,2025-01-29,57.69,Clothing
CUST03770,2025-07-11,58.69,Clothing
CUST03770,2023-03-29,207.66,Clothing
CUST03770,2024-07-12,18.25,Electronics
CUST03770,2023-05-26,105.85,Electronics
CUST03770,2023-08-16,123.96,Clothing
CUST03770,2024-12-22,151.8,Grocery
CUST03770,2023-07-03,203.19,Clothing
CUST03770,2023-12-02,19.39,Electronics
CUST03770,2024-01-24,80.72,Travel
CUST03770,2024-07-06,10.14,Dining
CUST03770,2024-05-30,211.33,Dining
CUST03770,2025-05-27,27.09,Travel
CUST03770,2024-07-08,33.32,Grocery
CUST03770,2023-07-20,96.67,Dining
CUST03770,2024-11-22,26.51,Clothing
CUST03770,2023-12-20,182.91,Clothing
CUST03770,2024-09-08,169.87,Grocery
CUST03770,2025-07-18,8.73,Dining
CUST03770,2023-09-23,58.57,Dining
CUST03770,2025-01-06,5.93,Electronics
CUST03770,2025-04-27,82.22,Clothing
CUST03770,2024-11-09,252.03,Clothing
CUST03770,2024-12-16,38.88,Clothing
CUST03770,2024-09-20,82.87,Grocery
CUST03770,2024-07-17,84.86,Travel
CUST03770,2024-08-11,58.75,Grocery
CUST03770,2023-07-22,20.24,Dining
CUST03770,2025-03-07,110.81,Grocery
CUST03770,2024-02-24,144.85,Clothing
CUST03770,2025-02-22,72.17,Clothing
CUST03770,2025-07-17,51.37,Clothing
CUST03770,2024-05-26,34.3,Electronics
CUST03770,2025-05-01,66.32,Dining
CUST03770,2024-07-29,13.49,Grocery
CUST03770,2024-07-28,60.44,Electronics
CUST03770,2023-07-22,38.26,Electronics
CUST03770,2024-07-30,144.72,Travel
CUST03770,2025-02-15,15.12,Travel
CUST03770,2023-07-06,96.36,Grocery
CUST03770,2024-05-07,175.59,Travel
CUST03770,2023-11-19,152.39,Electronics
CUST03770,2023-10-01,141.07,Grocery
CUST03770,2024-01-06,32.48,Grocery
CUST03770,2024-05-08,195.17,Travel
CUST03770,2025-05-27,113.88,Dining
CUST03770,2023-05-06,61.33,Dining
CUST03770,2025-06-23,193.8,Travel
CUST03770,2025-07-25,125.13,Dining
CUST03770,2023-12-15,142.74,Travel
CUST03770,2023-11-19,21.05,Travel
CUST03770,2025-05-30,68.87,Grocery
CUST03770,2023-04-06,29.22,Electronics
CUST03770,2024-10-18,33.96,Clothing
CUST03770,2024-05-16,21.42,Clothing
CUST03771,2025-04-22,36.13,Clothing
CUST03771,2025-02-16,156.95,Clothing
CUST03771,2025-01-12,38.75,Dining
CUST03771,2025-07-08,94.15,Grocery
CUST03771,2024-12-03,111.05,Clothing
CUST03771,2025-03-17,70.14,Electronics
CUST03771,2025-03-07,37.15,Grocery
CUST03771,2025-05-23,182.54,Travel
CUST03771,2025-04-12,22.29,Electronics
CUST03771,2025-05-07,26.88,Dining
CUST03771,2025-06-06,91.89,Electronics
CUST03771,2025-07-08,73.01,Dining
CUST03771,2025-04-28,73.22,Grocery
CUST03771,2025-03-29,30.44,Clothing
CUST03771,2025-05-05,33.65,Clothing
CUST03771,2025-02-10,75.2,Electronics
CUST03771,2025-07-26,33.86,Travel
CUST03771,2025-03-01,34.09,Electronics
CUST03771,2025-04-04,23.72,Travel
CUST03771,2025-03-29,109.32,Dining
CUST03771,2025-05-13,16.78,Dining
CUST03771,2025-02-03,50.86,Travel
CUST03771,2025-03-12,5.24,Clothing
CUST03771,2025-04-12,62.83,Clothing
CUST03771,2025-05-09,44.12,Travel
CUST03771,2025-02-02,65.29,Travel
CUST03771,2025-05-14,108.56,Grocery
CUST03771,2024-12-07,13.5,Electronics
CUST03771,2025-06-28,24.47,Electronics
CUST03771,2025-05-28,16.25,Dining
CUST03771,2025-01-18,175.35,Grocery
CUST03771,2025-02-01,45.7,Travel
CUST03771,2025-05-23,33.82,Clothing
CUST03771,2025-05-19,93.2,Grocery
CUST03771,2025-07-01,110.02,Grocery
CUST03771,2025-04-03,9.4,Electronics
CUST03771,2024-11-30,31.96,Dining
CUST03771,2025-06-16,22.65,Clothing
CUST03771,2024-12-04,16.09,Electronics
CUST03771,2025-05-26,56.95,Dining
CUST03771,2025-06-22,9.93,Electronics
CUST03771,2025-07-21,47.84,Clothing
CUST03771,2025-05-10,285.62,Grocery
CUST03771,2025-07-11,13.5,Electronics
CUST03771,2024-12-23,124.72,Grocery
CUST03771,2025-02-20,203.89,Dining
CUST03771,2024-12-12,76.02,Clothing
CUST03771,2025-05-28,109.7,Clothing
CUST03771,2025-03-13,67.61,Clothing
CUST03771,2025-04-09,144.55,Travel
CUST03771,2025-07-21,52.66,Electronics
CUST03771,2025-07-04,143.47,Electronics
CUST03771,2025-05-20,200.74,Grocery
CUST03771,2024-12-17,15.75,Clothing
CUST03771,2025-03-12,39.29,Clothing
CUST03771,2025-06-12,93.11,Grocery
CUST03771,2025-01-22,503.8,Clothing
CUST03771,2024-12-08,23.14,Clothing
CUST03771,2025-05-17,88.58,Dining
CUST03771,2025-06-09,7.83,Electronics
CUST03771,2025-05-01,31.13,Clothing
CUST03771,2025-03-05,66.94,Clothing
CUST03771,2025-06-25,181.25,Electronics
CUST03771,2025-02-19,123.07,Clothing
CUST03771,2025-02-12,109.51,Clothing
CUST03771,2025-07-25,73.93,Grocery
CUST03771,2025-02-14,84.38,Travel
CUST03771,2025-06-18,27.53,Dining
CUST03771,2024-12-27,11.26,Clothing
CUST03771,2024-12-08,183.96,Clothing
CUST03771,2025-06-11,69.76,Electronics
CUST03771,2025-03-03,36.91,Electronics
CUST03771,2025-02-02,32.21,Electronics
CUST03771,2024-12-24,164.71,Grocery
CUST03771,2025-02-10,30.19,Electronics
CUST03771,2025-03-05,11.32,Travel
CUST03771,2024-12-30,15.57,Electronics
CUST03771,2025-04-09,25.51,Dining
CUST03771,2025-04-10,73.45,Grocery
CUST03771,2025-06-09,34.72,Grocery
CUST03771,2024-12-02,48.09,Electronics
CUST03771,2025-05-04,99.16,Travel
CUST03771,2025-04-07,83.31,Travel
CUST03771,2025-01-10,92.47,Dining
CUST03771,2025-02-01,65.43,Travel
CUST03771,2025-03-15,21.65,Travel
CUST03772,2024-06-14,11.75,Clothing
CUST03772,2023-12-01,32.29,Travel
CUST03772,2024-07-22,63.87,Electronics
CUST03772,2024-10-24,92.34,Grocery
CUST03772,2024-09-08,79.6,Clothing
CUST03772,2024-04-14,129.54,Clothing
CUST03772,2023-10-20,60.96,Dining
CUST03772,2024-06-09,192.4,Clothing
CUST03772,2024-10-10,38.92,Electronics
CUST03772,2025-01-14,94.17,Dining
CUST03772,2025-04-29,56.81,Grocery
CUST03772,2024-07-04,49.33,Dining
CUST03772,2023-11-28,36.57,Clothing
CUST03772,2025-05-12,48.53,Grocery
CUST03772,2024-10-15,53.63,Travel
CUST03772,2025-03-21,64.84,Travel
CUST03772,2024-12-14,83.09,Electronics
CUST03772,2025-02-24,41.09,Grocery
CUST03772,2024-04-02,18.68,Travel
CUST03772,2024-04-27,53.95,Clothing
CUST03772,2024-10-23,65.51,Dining
CUST03772,2025-03-02,50.62,Electronics
CUST03772,2024-09-21,6.14,Travel
CUST03772,2024-01-16,138.87,Clothing
CUST03772,2024-06-03,15.83,Dining
CUST03772,2025-01-18,149.33,Dining
CUST03772,2023-12-10,44.17,Electronics
CUST03772,2024-03-04,232.92,Travel
CUST03772,2023-11-11,9.7,Clothing
CUST03772,2024-07-31,59.21,Grocery
CUST03772,2024-03-29,113.38,Travel
CUST03772,2024-02-29,57.17,Grocery
CUST03772,2024-08-08,65.48,Travel
CUST03772,2025-02-08,70.06,Travel
CUST03772,2024-09-12,123.18,Grocery
CUST03772,2025-07-24,90.73,Electronics
CUST03772,2025-07-25,87.19,Travel
CUST03772,2025-05-10,72.17,Clothing
CUST03772,2024-07-01,59.32,Electronics
CUST03772,2025-06-06,120.68,Travel
CUST03772,2024-01-11,76.08,Travel
CUST03772,2023-12-05,42.12,Grocery
CUST03772,2024-11-25,203.81,Electronics
CUST03772,2025-06-10,77.29,Travel
CUST03772,2025-05-27,190.1,Clothing
CUST03772,2025-06-12,148.78,Grocery
CUST03772,2024-02-07,142.47,Travel
CUST03772,2024-09-09,156.32,Clothing
CUST03772,2024-08-05,24.33,Grocery
CUST03772,2023-11-27,31.44,Clothing
CUST03772,2025-04-07,128.09,Grocery
CUST03772,2024-05-12,106.06,Dining
CUST03772,2024-06-07,64.98,Dining
CUST03772,2024-12-25,253.21,Grocery
CUST03772,2025-01-22,98.4,Clothing
CUST03772,2024-11-05,221.09,Travel
CUST03772,2024-10-29,5.07,Electronics
CUST03772,2024-03-11,85.06,Grocery
CUST03772,2024-06-17,70.18,Dining
CUST03772,2024-10-26,7.17,Grocery
CUST03772,2024-06-30,12.86,Travel
CUST03772,2024-07-18,42.36,Travel
CUST03772,2024-12-21,70.13,Travel
CUST03772,2023-12-01,52.13,Clothing
CUST03772,2024-06-07,79.19,Dining
CUST03772,2025-07-06,27.76,Clothing
CUST03772,2024-05-13,161.05,Clothing
CUST03772,2024-11-13,62.16,Travel
CUST03772,2023-10-30,47.97,Clothing
CUST03772,2024-02-02,120.7,Electronics
CUST03772,2025-07-26,230.42,Electronics
CUST03772,2025-07-06,55.59,Clothing
CUST03772,2024-02-19,204.01,Electronics
CUST03772,2024-07-09,135.01,Electronics
CUST03772,2024-02-04,81.24,Grocery
CUST03772,2024-02-20,5.66,Travel
CUST03772,2025-06-09,73.56,Grocery
CUST03772,2024-06-11,55.6,Clothing
CUST03772,2025-04-18,314.47,Electronics
CUST03772,2024-10-29,7.26,Dining
CUST03772,2024-10-02,113.84,Dining
CUST03772,2024-12-15,7.07,Travel
CUST03772,2024-09-22,105.75,Dining
CUST03772,2023-10-27,177.92,Travel
CUST03772,2025-01-29,82.02,Electronics
CUST03772,2024-10-15,82.2,Clothing
CUST03772,2023-12-26,123.1,Grocery
CUST03772,2024-03-24,48.05,Travel
CUST03772,2025-03-14,108.33,Electronics
CUST03772,2025-03-06,79.83,Dining
CUST03772,2025-02-28,81.07,Clothing
CUST03772,2024-04-05,87.43,Electronics
CUST03772,2025-07-25,44.92,Electronics
CUST03772,2025-05-20,62.66,Electronics
CUST03772,2024-11-05,93.03,Grocery
CUST03772,2024-10-07,45.91,Electronics
CUST03772,2025-03-27,19.96,Clothing
CUST03772,2024-02-01,379.5,Travel
CUST03772,2024-07-01,67.38,Travel
CUST03772,2024-04-14,10.57,Clothing
CUST03773,2024-10-07,106.33,Clothing
CUST03773,2025-06-30,104.92,Travel
CUST03773,2024-06-26,34.03,Dining
CUST03773,2024-11-08,6.21,Dining
CUST03773,2025-06-01,34.35,Electronics
CUST03773,2025-03-13,143.47,Grocery
CUST03773,2024-09-07,19.54,Clothing
CUST03773,2024-08-29,29.13,Travel
CUST03773,2024-05-18,105.89,Dining
CUST03773,2025-01-14,219.14,Electronics
CUST03773,2025-02-10,9.92,Clothing
CUST03773,2025-02-23,43.52,Dining
CUST03773,2023-08-03,186.26,Electronics
CUST03773,2023-08-05,115.29,Electronics
CUST03773,2024-04-07,132.51,Clothing
CUST03773,2025-03-09,185.03,Dining
CUST03773,2025-07-24,178.73,Clothing
CUST03773,2024-03-07,35.39,Dining
CUST03773,2025-08-01,159.21,Dining
CUST03773,2025-01-24,167.55,Dining
CUST03773,2025-02-07,17.64,Clothing
CUST03773,2024-05-23,117.67,Travel
CUST03773,2024-08-24,5.99,Dining
CUST03773,2023-11-10,6.08,Electronics
CUST03773,2024-06-12,89.39,Dining
CUST03773,2023-12-03,22.68,Electronics
CUST03773,2023-09-25,106.3,Dining
CUST03773,2023-07-27,47.01,Dining
CUST03773,2023-11-26,48.9,Clothing
CUST03773,2025-04-19,34.95,Electronics
CUST03773,2024-12-18,57.17,Clothing
CUST03773,2025-07-08,162.53,Clothing
CUST03773,2023-08-21,21.43,Clothing
CUST03773,2025-07-10,50.23,Grocery
CUST03773,2024-03-19,176.36,Electronics
CUST03773,2023-11-14,81.34,Travel
CUST03773,2024-05-29,155.82,Grocery
CUST03773,2025-05-19,82.86,Electronics
CUST03773,2024-07-05,74.7,Dining
CUST03773,2023-08-30,21.5,Electronics
CUST03773,2025-04-21,14.08,Dining
CUST03773,2024-11-11,203.94,Clothing
CUST03773,2023-11-20,18.64,Electronics
CUST03773,2023-07-15,14.91,Travel
CUST03773,2025-02-03,99.01,Dining
CUST03773,2024-09-28,56.19,Travel
CUST03773,2024-02-01,345.46,Grocery
CUST03773,2025-06-15,9.08,Grocery
CUST03773,2023-07-11,40.62,Dining
CUST03773,2024-01-23,33.75,Dining
CUST03773,2025-03-27,125.33,Clothing
CUST03773,2024-10-11,147.17,Travel
CUST03773,2024-06-28,205.65,Electronics
CUST03773,2024-09-26,83.05,Electronics
CUST03773,2023-07-07,40.44,Grocery
CUST03773,2023-11-27,34.14,Clothing
CUST03773,2024-02-07,218.8,Clothing
CUST03773,2023-10-07,10.61,Travel
CUST03773,2025-02-09,81.83,Clothing
CUST03773,2025-04-19,28.78,Grocery
CUST03773,2023-11-22,178.06,Grocery
CUST03773,2023-10-17,18.88,Electronics
CUST03773,2024-04-15,271.69,Dining
CUST03773,2024-08-18,12.06,Electronics
CUST03773,2023-09-05,73.43,Clothing
CUST03773,2024-05-13,18.77,Travel
CUST03773,2025-03-22,112.65,Electronics
CUST03773,2024-11-13,23.84,Grocery
CUST03773,2024-01-26,109.75,Electronics
CUST03773,2024-01-14,63.28,Grocery
CUST03773,2024-07-04,42.8,Electronics
CUST03773,2024-10-16,58.07,Grocery
CUST03773,2024-11-08,130.42,Travel
CUST03773,2024-01-28,81.41,Travel
CUST03773,2024-03-27,43.24,Grocery
CUST03773,2024-02-03,132.89,Dining
CUST03773,2023-12-07,23.23,Grocery
CUST03773,2025-03-05,121.67,Travel
CUST03773,2024-09-07,134.85,Travel
CUST03773,2025-02-21,6.24,Dining
CUST03773,2025-02-05,274.8,Dining
CUST03773,2024-08-07,48.36,Clothing
CUST03773,2024-12-13,28.5,Grocery
CUST03773,2024-05-06,50.7,Travel
CUST03773,2025-01-20,16.95,Dining
CUST03773,2024-11-17,26.24,Grocery
CUST03773,2025-03-25,44.61,Travel
CUST03773,2025-04-03,83.02,Travel
CUST03773,2023-10-16,111.24,Clothing
CUST03773,2023-07-31,247.61,Electronics
CUST03773,2024-11-06,263.02,Grocery
CUST03773,2023-08-21,104.45,Clothing
CUST03773,2024-08-29,37.36,Travel
CUST03773,2025-03-27,21.46,Clothing
CUST03773,2024-10-01,42.1,Electronics
CUST03773,2023-07-16,200.46,Grocery
CUST03774,2024-07-19,38.42,Grocery
CUST03774,2024-01-26,189.39,Dining
CUST03774,2024-08-20,87.26,Grocery
CUST03774,2025-01-10,119.74,Clothing
CUST03774,2024-09-12,54.93,Dining
CUST03774,2024-04-21,189.23,Electronics
CUST03774,2024-05-26,142.78,Electronics
CUST03774,2025-07-13,61.78,Travel
CUST03774,2025-02-20,80.62,Grocery
CUST03774,2024-12-26,110.03,Travel
CUST03774,2024-10-28,385.51,Electronics
CUST03774,2024-04-19,93.84,Electronics
CUST03774,2024-11-28,52.85,Travel
CUST03774,2024-12-28,41.44,Electronics
CUST03774,2025-03-17,68.81,Clothing
CUST03774,2025-02-21,84.63,Travel
CUST03774,2025-01-30,25.62,Grocery
CUST03774,2025-02-17,70.02,Dining
CUST03774,2025-02-19,155.76,Travel
CUST03774,2025-03-04,84.57,Clothing
CUST03774,2025-05-03,246.92,Electronics
CUST03774,2025-05-02,240.23,Dining
CUST03774,2025-01-28,30.88,Clothing
CUST03774,2024-01-24,24.28,Dining
CUST03774,2024-08-12,16.19,Travel
CUST03774,2025-01-24,180.37,Dining
CUST03774,2024-12-24,325.97,Travel
CUST03774,2024-06-12,102.03,Dining
CUST03774,2025-04-04,123.2,Dining
CUST03774,2025-02-25,154.0,Grocery
CUST03774,2024-09-06,62.47,Dining
CUST03774,2025-06-21,32.37,Clothing
CUST03774,2024-10-02,24.77,Travel
CUST03774,2024-04-22,55.27,Travel
CUST03774,2024-10-22,26.16,Clothing
CUST03774,2024-04-09,93.88,Grocery
CUST03774,2025-04-09,157.15,Dining
CUST03774,2024-08-24,54.86,Travel
CUST03774,2025-03-31,240.7,Electronics
CUST03774,2025-07-18,196.03,Travel
CUST03774,2024-05-13,40.01,Grocery
CUST03774,2024-05-30,23.78,Dining
CUST03774,2024-10-18,63.15,Travel
CUST03774,2025-03-17,9.78,Travel
CUST03774,2024-10-21,11.78,Grocery
CUST03774,2025-05-06,68.86,Electronics
CUST03774,2025-05-02,364.86,Dining
CUST03774,2025-06-10,13.67,Grocery
CUST03774,2025-01-17,52.98,Electronics
CUST03774,2025-06-21,31.51,Travel
CUST03774,2024-08-07,66.89,Dining
CUST03774,2024-02-24,8.83,Travel
CUST03774,2024-09-09,87.98,Grocery
CUST03774,2025-03-01,90.64,Travel
CUST03774,2024-06-03,254.16,Electronics
CUST03774,2024-07-30,134.11,Dining
CUST03774,2024-04-04,9.73,Travel
CUST03774,2025-05-09,55.7,Travel
CUST03774,2024-07-10,96.0,Travel
CUST03774,2024-08-17,97.91,Grocery
CUST03774,2025-04-25,121.79,Travel
CUST03774,2024-04-19,73.0,Grocery
CUST03774,2025-02-17,13.28,Dining
CUST03774,2025-01-31,209.85,Grocery
CUST03774,2025-07-01,65.59,Clothing
CUST03774,2025-03-27,21.58,Grocery
CUST03774,2024-09-17,91.05,Clothing
CUST03774,2025-07-19,158.06,Grocery
CUST03774,2024-03-26,24.98,Clothing
CUST03774,2024-06-01,271.99,Clothing
CUST03774,2024-07-31,35.3,Electronics
CUST03774,2025-02-19,48.04,Grocery
CUST03774,2025-05-06,134.7,Electronics
CUST03774,2025-02-06,91.59,Dining
CUST03774,2024-01-29,37.05,Dining
CUST03774,2025-03-30,142.02,Electronics
CUST03774,2024-07-08,11.23,Electronics
CUST03774,2024-09-07,22.3,Clothing
CUST03774,2025-04-19,70.55,Clothing
CUST03774,2024-12-09,16.05,Travel
CUST03774,2024-08-07,9.1,Grocery
CUST03774,2025-01-14,107.09,Electronics
CUST03774,2025-01-25,233.65,Grocery
CUST03774,2024-01-22,37.3,Clothing
CUST03774,2024-04-28,206.03,Dining
CUST03774,2024-06-01,227.09,Electronics
CUST03774,2024-11-23,62.78,Clothing
CUST03774,2024-03-17,28.9,Clothing
CUST03774,2025-04-04,43.34,Electronics
CUST03774,2025-02-23,84.59,Electronics
CUST03774,2024-05-03,14.2,Electronics
CUST03774,2024-07-23,439.93,Grocery
CUST03774,2025-03-11,6.29,Electronics
CUST03774,2024-10-31,83.62,Dining
CUST03774,2025-06-17,52.25,Clothing
CUST03774,2024-07-11,33.83,Clothing
CUST03775,2025-06-11,18.7,Dining
CUST03775,2024-03-04,51.4,Travel
CUST03775,2022-03-13,76.91,Grocery
CUST03775,2024-05-21,102.37,Clothing
CUST03775,2022-10-22,96.75,Clothing
CUST03775,2021-05-19,45.29,Travel
CUST03775,2022-09-11,14.03,Dining
CUST03775,2024-05-11,38.51,Electronics
CUST03775,2021-04-12,148.1,Grocery
CUST03775,2024-10-30,193.81,Dining
CUST03775,2023-11-11,94.88,Travel
CUST03775,2022-09-12,82.02,Travel
CUST03775,2025-07-04,46.94,Dining
CUST03775,2021-04-04,93.06,Travel
CUST03775,2023-10-26,34.31,Electronics
CUST03775,2021-08-25,103.98,Grocery
CUST03775,2021-06-29,96.43,Dining
CUST03775,2025-02-09,11.69,Clothing
CUST03775,2023-11-19,170.83,Grocery
CUST03775,2025-05-06,37.69,Travel
CUST03775,2021-11-08,138.71,Electronics
CUST03775,2021-04-18,13.53,Electronics
CUST03775,2023-08-16,212.43,Clothing
CUST03775,2025-06-01,62.08,Electronics
CUST03775,2021-12-23,19.26,Travel
CUST03775,2025-07-13,129.14,Grocery
CUST03775,2024-03-28,37.47,Dining
CUST03775,2021-07-05,134.25,Travel
CUST03775,2021-02-03,63.74,Grocery
CUST03775,2023-03-19,97.73,Travel
CUST03775,2024-12-31,50.35,Electronics
CUST03775,2023-10-02,17.25,Clothing
CUST03775,2024-11-08,32.06,Electronics
CUST03775,2022-08-18,41.33,Electronics
CUST03775,2022-10-27,18.73,Grocery
CUST03775,2024-07-27,200.89,Dining
CUST03775,2025-01-05,127.23,Grocery
CUST03775,2021-04-23,148.15,Clothing
CUST03775,2022-11-28,100.37,Grocery
CUST03775,2022-05-29,55.72,Grocery
CUST03775,2021-11-18,23.98,Grocery
CUST03775,2024-05-21,22.82,Dining
CUST03775,2021-09-28,10.29,Travel
CUST03775,2024-11-21,100.45,Grocery
CUST03775,2022-07-29,87.94,Electronics
CUST03775,2023-01-24,194.08,Travel
CUST03775,2021-07-02,153.04,Electronics
CUST03775,2023-09-19,66.75,Grocery
CUST03775,2022-02-16,5.81,Clothing
CUST03775,2022-10-17,45.63,Grocery
CUST03775,2024-10-22,76.61,Clothing
CUST03775,2020-12-16,182.16,Dining
CUST03775,2021-04-01,63.21,Electronics
CUST03775,2022-03-22,67.84,Dining
CUST03775,2023-08-19,25.59,Clothing
CUST03775,2025-07-04,187.59,Dining
CUST03775,2021-01-22,54.84,Dining
CUST03775,2025-03-21,5.37,Grocery
CUST03775,2021-07-17,69.08,Clothing
CUST03775,2023-10-31,138.76,Dining
CUST03775,2022-09-12,57.99,Dining
CUST03775,2025-02-10,61.58,Dining
CUST03775,2022-08-28,103.64,Electronics
CUST03775,2023-10-30,154.14,Grocery
CUST03775,2023-09-20,29.44,Grocery
CUST03775,2022-02-04,9.44,Travel
CUST03775,2023-01-21,14.98,Travel
CUST03775,2023-08-31,104.92,Dining
CUST03775,2025-05-02,15.46,Grocery
CUST03775,2022-10-01,315.89,Clothing
CUST03775,2023-06-30,31.54,Travel
CUST03775,2024-11-18,52.78,Travel
CUST03775,2023-02-28,54.37,Clothing
CUST03775,2025-02-05,37.68,Grocery
CUST03775,2024-05-15,32.65,Electronics
CUST03775,2023-03-09,133.72,Travel
CUST03775,2021-07-17,15.01,Clothing
CUST03775,2024-07-18,37.87,Electronics
CUST03775,2022-11-17,10.3,Grocery
CUST03775,2022-01-09,188.0,Clothing
CUST03775,2025-07-06,126.8,Electronics
CUST03775,2022-12-02,11.79,Travel
CUST03775,2024-08-25,225.28,Grocery
CUST03775,2021-01-16,114.87,Travel
CUST03775,2024-04-23,102.79,Electronics
CUST03775,2022-11-23,87.66,Clothing
CUST03775,2021-03-05,51.37,Grocery
CUST03775,2023-09-04,156.71,Grocery
CUST03775,2023-11-20,136.99,Dining
CUST03775,2022-10-14,126.5,Electronics
CUST03775,2022-11-24,103.72,Electronics
CUST03775,2023-07-06,5.14,Dining
CUST03775,2023-02-12,41.0,Electronics
CUST03775,2023-11-10,81.3,Travel
CUST03775,2024-08-31,18.74,Travel
CUST03775,2025-06-05,185.88,Dining
CUST03775,2023-12-11,7.22,Clothing
CUST03776,2024-09-27,293.01,Clothing
CUST03776,2024-03-30,7.21,Grocery
CUST03776,2025-02-09,74.32,Grocery
CUST03776,2025-03-09,69.2,Grocery
CUST03776,2023-12-17,162.24,Grocery
CUST03776,2023-12-27,181.6,Travel
CUST03776,2024-05-04,30.85,Grocery
CUST03776,2025-03-14,31.32,Grocery
CUST03776,2024-04-30,187.01,Travel
CUST03776,2025-05-21,42.47,Electronics
CUST03776,2024-01-07,9.25,Travel
CUST03776,2024-06-10,23.77,Grocery
CUST03776,2024-05-18,63.66,Grocery
CUST03776,2024-08-21,519.51,Travel
CUST03776,2025-05-27,44.63,Dining
CUST03776,2025-01-08,45.51,Travel
CUST03776,2025-04-25,49.04,Travel
CUST03776,2025-07-14,29.68,Electronics
CUST03776,2024-02-14,89.65,Clothing
CUST03776,2024-04-01,52.04,Travel
CUST03776,2023-12-16,126.66,Clothing
CUST03776,2025-05-31,149.73,Dining
CUST03776,2025-02-12,25.78,Travel
CUST03776,2025-05-07,225.79,Clothing
CUST03776,2025-01-23,21.06,Dining
CUST03776,2024-04-16,35.59,Electronics
CUST03776,2025-04-25,89.32,Travel
CUST03776,2024-02-20,12.02,Grocery
CUST03776,2025-06-15,53.5,Clothing
CUST03776,2025-06-21,50.17,Electronics
CUST03776,2024-05-03,129.98,Clothing
CUST03776,2024-08-22,19.04,Electronics
CUST03776,2024-04-12,13.87,Grocery
CUST03776,2024-08-25,16.23,Travel
CUST03776,2024-12-24,5.54,Clothing
CUST03776,2025-05-19,18.48,Grocery
CUST03776,2024-04-11,7.16,Dining
CUST03776,2024-06-04,18.87,Clothing
CUST03776,2024-08-25,47.28,Clothing
CUST03776,2024-08-02,75.53,Travel
CUST03776,2025-07-13,7.29,Electronics
CUST03776,2025-02-24,83.87,Dining
CUST03776,2025-04-09,484.31,Grocery
CUST03776,2025-07-30,76.45,Grocery
CUST03776,2023-12-14,21.28,Dining
CUST03776,2024-11-28,44.71,Grocery
CUST03776,2024-07-23,62.81,Dining
CUST03776,2024-04-17,5.78,Grocery
CUST03776,2024-08-17,12.79,Grocery
CUST03776,2024-11-07,6.19,Electronics
CUST03776,2024-08-28,56.58,Travel
CUST03776,2024-01-07,56.48,Grocery
CUST03776,2025-01-17,32.13,Grocery
CUST03776,2025-06-18,79.23,Clothing
CUST03776,2024-10-18,27.56,Grocery
CUST03776,2024-12-06,69.28,Electronics
CUST03776,2025-04-27,46.68,Electronics
CUST03776,2024-01-07,261.15,Electronics
CUST03776,2025-06-05,6.65,Clothing
CUST03776,2024-01-07,103.54,Grocery
CUST03776,2025-06-22,58.78,Electronics
CUST03776,2025-04-10,19.41,Electronics
CUST03776,2024-08-28,142.82,Dining
CUST03776,2025-01-21,31.44,Dining
CUST03776,2025-04-29,31.9,Clothing
CUST03776,2024-09-27,27.42,Dining
CUST03776,2024-01-16,35.79,Travel
CUST03776,2024-08-15,31.32,Travel
CUST03776,2023-12-26,243.39,Travel
CUST03776,2025-07-18,39.4,Dining
CUST03776,2024-07-04,106.79,Clothing
CUST03776,2024-11-02,99.99,Dining
CUST03776,2024-12-27,16.35,Travel
CUST03776,2024-12-28,5.59,Dining
CUST03776,2025-04-08,63.69,Grocery
CUST03776,2023-12-30,228.57,Clothing
CUST03776,2024-08-31,17.99,Electronics
CUST03776,2024-05-02,19.6,Dining
CUST03776,2024-01-16,60.75,Dining
CUST03776,2025-04-08,7.48,Electronics
CUST03776,2024-12-07,65.41,Grocery
CUST03776,2025-02-09,20.58,Travel
CUST03776,2025-04-10,51.06,Clothing
CUST03776,2024-06-02,112.8,Dining
CUST03776,2024-08-02,23.3,Electronics
CUST03776,2024-04-25,233.89,Travel
CUST03776,2025-02-16,102.85,Clothing
CUST03776,2024-02-03,76.64,Clothing
CUST03776,2024-03-31,170.9,Grocery
CUST03776,2024-02-04,155.21,Grocery
CUST03776,2024-09-05,65.38,Dining
CUST03776,2025-02-14,44.23,Grocery
CUST03776,2024-12-10,111.63,Travel
CUST03776,2023-12-30,80.33,Electronics
CUST03776,2025-03-28,65.07,Dining
CUST03776,2025-02-17,149.56,Travel
CUST03776,2024-03-06,43.9,Dining
CUST03776,2024-12-10,20.51,Travel
CUST03776,2024-03-18,190.85,Travel
CUST03776,2024-07-24,5.04,Dining
CUST03776,2025-06-30,31.48,Clothing
CUST03776,2025-06-12,15.4,Travel
CUST03776,2024-06-04,61.43,Grocery
CUST03776,2024-04-06,12.84,Travel
CUST03776,2025-07-26,58.12,Travel
CUST03776,2024-03-27,157.46,Dining
CUST03776,2024-03-11,32.25,Grocery
CUST03776,2023-12-04,37.1,Electronics
CUST03776,2025-04-20,333.09,Travel
CUST03776,2024-06-06,133.0,Clothing
CUST03776,2024-12-04,53.77,Travel
CUST03776,2025-06-17,18.49,Grocery
CUST03776,2024-06-14,152.55,Grocery
CUST03776,2024-05-09,145.36,Grocery
CUST03776,2024-10-21,57.23,Grocery
CUST03776,2025-05-07,108.71,Travel
CUST03776,2025-03-13,43.79,Dining
CUST03776,2024-09-24,10.34,Dining
CUST03776,2024-08-21,101.68,Grocery
CUST03777,2023-06-24,275.28,Clothing
CUST03777,2025-03-24,41.77,Clothing
CUST03777,2025-06-23,5.1,Electronics
CUST03777,2025-03-02,23.19,Clothing
CUST03777,2025-07-30,36.76,Dining
CUST03777,2023-01-30,10.48,Grocery
CUST03777,2025-05-13,70.19,Electronics
CUST03777,2024-04-13,69.34,Dining
CUST03777,2022-12-22,50.54,Grocery
CUST03777,2023-03-10,80.65,Electronics
CUST03777,2025-05-24,98.0,Grocery
CUST03777,2024-08-22,108.43,Electronics
CUST03777,2023-09-07,149.74,Grocery
CUST03777,2024-02-05,110.8,Travel
CUST03777,2023-02-06,92.51,Clothing
CUST03777,2025-01-08,67.08,Grocery
CUST03777,2023-08-26,47.22,Electronics
CUST03777,2025-03-12,16.24,Grocery
CUST03777,2023-04-10,156.45,Clothing
CUST03777,2024-01-28,26.34,Dining
CUST03777,2023-04-26,8.07,Grocery
CUST03777,2023-03-21,44.2,Travel
CUST03777,2023-04-10,26.14,Clothing
CUST03777,2024-04-10,112.71,Clothing
CUST03777,2024-05-05,22.49,Electronics
CUST03777,2025-01-20,55.41,Clothing
CUST03777,2024-10-25,118.57,Electronics
CUST03777,2023-11-20,128.87,Grocery
CUST03777,2024-04-29,28.74,Grocery
CUST03777,2025-07-13,6.07,Dining
CUST03777,2022-12-26,128.27,Dining
CUST03777,2025-06-16,45.56,Dining
CUST03777,2024-03-11,105.74,Grocery
CUST03777,2023-11-26,59.51,Grocery
CUST03777,2023-12-29,31.21,Electronics
CUST03777,2024-03-10,5.61,Dining
CUST03777,2024-04-16,130.88,Clothing
CUST03777,2023-08-26,132.73,Electronics
CUST03777,2023-05-16,9.77,Electronics
CUST03777,2024-10-22,39.82,Clothing
CUST03777,2024-09-02,15.52,Clothing
CUST03777,2023-04-28,15.19,Dining
CUST03777,2023-07-04,28.9,Grocery
CUST03777,2024-04-09,37.19,Travel
CUST03777,2023-12-31,227.08,Dining
CUST03777,2024-11-07,18.85,Clothing
CUST03777,2023-11-12,29.03,Electronics
CUST03777,2023-11-16,56.49,Grocery
CUST03777,2024-09-09,107.47,Travel
CUST03777,2025-01-28,11.16,Grocery
CUST03777,2024-02-22,19.67,Clothing
CUST03777,2024-05-03,92.22,Dining
CUST03777,2023-08-16,206.58,Electronics
CUST03777,2024-08-22,70.33,Grocery
CUST03777,2024-06-01,39.32,Clothing
CUST03777,2023-06-11,32.26,Electronics
CUST03777,2025-06-28,24.59,Travel
CUST03777,2025-01-01,112.28,Grocery
CUST03777,2023-09-24,125.96,Clothing
CUST03777,2024-03-18,128.89,Travel
CUST03777,2025-05-03,112.76,Dining
CUST03777,2025-07-01,24.67,Clothing
CUST03777,2023-05-19,56.25,Grocery
CUST03777,2024-09-28,33.05,Electronics
CUST03777,2023-04-03,33.85,Clothing
CUST03777,2024-05-29,29.13,Dining
CUST03777,2024-04-23,112.21,Electronics
CUST03777,2025-06-09,110.98,Grocery
CUST03777,2025-02-04,32.72,Travel
CUST03777,2025-06-06,49.79,Travel
CUST03777,2023-11-30,128.86,Grocery
CUST03777,2025-06-23,20.52,Dining
CUST03777,2024-01-14,10.82,Grocery
CUST03777,2023-02-09,17.31,Clothing
CUST03777,2023-02-01,21.35,Electronics
CUST03777,2025-05-31,36.65,Clothing
CUST03777,2025-04-13,24.82,Grocery
CUST03777,2023-02-19,148.8,Grocery
CUST03777,2024-04-28,39.33,Clothing
CUST03777,2024-03-20,10.8,Travel
CUST03777,2023-07-10,103.88,Clothing
CUST03777,2024-08-13,60.11,Electronics
CUST03777,2024-03-03,6.0,Grocery
CUST03777,2025-03-16,145.51,Grocery
CUST03777,2024-09-21,36.17,Grocery
CUST03777,2024-11-18,111.52,Grocery
CUST03777,2025-03-28,49.88,Dining
CUST03777,2023-12-24,27.89,Clothing
CUST03777,2024-03-22,15.3,Travel
CUST03777,2025-03-07,13.6,Electronics
CUST03777,2025-03-01,25.5,Dining
CUST03777,2024-06-13,77.12,Clothing
CUST03777,2024-02-09,157.69,Dining
CUST03777,2025-06-17,81.98,Clothing
CUST03777,2023-05-14,46.97,Travel
CUST03777,2023-04-18,100.33,Travel
CUST03777,2025-04-21,36.36,Grocery
CUST03777,2023-04-25,40.14,Travel
CUST03777,2024-01-20,30.62,Clothing
CUST03777,2024-10-06,54.01,Grocery
CUST03777,2023-01-02,7.97,Clothing
CUST03777,2023-11-27,70.62,Electronics
CUST03777,2023-04-10,42.2,Clothing
CUST03777,2025-05-29,138.75,Grocery
CUST03777,2025-06-02,179.98,Travel
CUST03777,2023-08-10,17.59,Grocery
CUST03777,2024-02-15,204.08,Travel
CUST03777,2023-01-15,23.17,Grocery
CUST03777,2024-10-23,12.7,Travel
CUST03777,2025-04-10,58.9,Clothing
CUST03777,2023-11-14,220.34,Grocery
CUST03777,2023-03-01,71.94,Electronics
CUST03778,2023-04-05,60.17,Dining
CUST03778,2024-08-27,53.94,Grocery
CUST03778,2025-07-24,219.0,Travel
CUST03778,2023-03-05,241.79,Electronics
CUST03778,2024-01-04,54.4,Travel
CUST03778,2024-04-14,64.42,Clothing
CUST03778,2023-10-27,18.92,Clothing
CUST03778,2025-01-30,62.39,Grocery
CUST03778,2022-03-21,14.16,Travel
CUST03778,2022-03-30,18.28,Clothing
CUST03778,2022-08-04,146.55,Dining
CUST03778,2024-09-29,68.29,Clothing
CUST03778,2025-05-14,142.03,Electronics
CUST03778,2023-12-30,10.8,Travel
CUST03778,2022-07-16,94.71,Electronics
CUST03778,2024-11-16,76.31,Clothing
CUST03778,2022-06-03,40.74,Electronics
CUST03778,2023-03-10,100.05,Grocery
CUST03778,2022-11-29,122.05,Grocery
CUST03778,2024-04-10,16.37,Electronics
CUST03778,2024-08-11,9.45,Electronics
CUST03778,2024-07-31,6.23,Clothing
CUST03778,2024-01-02,46.05,Clothing
CUST03778,2024-05-23,154.13,Grocery
CUST03778,2024-08-12,22.94,Grocery
CUST03778,2023-12-29,35.63,Electronics
CUST03778,2023-01-09,17.44,Grocery
CUST03778,2024-04-13,41.6,Electronics
CUST03778,2022-11-09,107.28,Clothing
CUST03778,2022-12-07,91.71,Grocery
CUST03778,2024-11-22,107.97,Clothing
CUST03778,2023-01-17,113.35,Travel
CUST03778,2025-06-20,143.45,Travel
CUST03778,2022-05-14,55.98,Clothing
CUST03778,2022-06-05,97.9,Clothing
CUST03778,2024-09-30,103.21,Electronics
CUST03778,2023-04-06,30.49,Dining
CUST03778,2023-03-13,165.14,Electronics
CUST03778,2023-11-24,41.71,Dining
CUST03778,2024-08-23,48.84,Electronics
CUST03778,2022-05-14,63.57,Dining
CUST03778,2024-12-07,204.32,Electronics
CUST03778,2025-02-14,137.41,Electronics
CUST03778,2025-04-24,6.72,Electronics
CUST03778,2023-07-08,23.82,Clothing
CUST03778,2022-06-12,68.84,Electronics
CUST03778,2024-05-16,96.91,Travel
CUST03778,2023-06-30,92.3,Dining
CUST03778,2023-02-09,116.77,Dining
CUST03778,2022-07-28,43.61,Dining
CUST03778,2025-01-27,20.25,Grocery
CUST03778,2024-04-14,37.74,Grocery
CUST03778,2021-11-22,23.48,Travel
CUST03778,2022-02-14,55.98,Dining
CUST03778,2023-02-12,5.68,Grocery
CUST03778,2023-07-24,6.94,Clothing
CUST03778,2021-12-13,48.79,Electronics
CUST03778,2024-02-29,141.71,Grocery
CUST03778,2023-09-03,22.87,Electronics
CUST03778,2021-11-25,44.62,Clothing
CUST03778,2022-12-25,130.59,Electronics
CUST03778,2023-07-04,20.01,Dining
CUST03778,2021-12-06,44.38,Dining
CUST03778,2024-09-25,171.05,Electronics
CUST03778,2022-11-22,152.1,Clothing
CUST03778,2023-11-10,13.79,Grocery
CUST03778,2023-07-14,26.77,Travel
CUST03778,2025-07-14,212.39,Travel
CUST03778,2022-11-28,14.9,Dining
CUST03778,2022-12-17,69.57,Electronics
CUST03778,2022-09-06,21.64,Electronics
CUST03778,2023-04-01,23.27,Travel
CUST03778,2022-11-12,147.94,Travel
CUST03778,2022-08-26,224.63,Grocery
CUST03778,2025-03-15,44.33,Dining
CUST03778,2022-10-05,253.38,Electronics
CUST03778,2024-01-04,87.62,Clothing
CUST03778,2024-01-02,82.2,Travel
CUST03778,2022-01-23,14.5,Grocery
CUST03778,2022-03-02,70.8,Travel
CUST03778,2024-11-11,46.75,Dining
CUST03778,2024-04-10,35.51,Travel
CUST03778,2023-10-25,71.13,Electronics
CUST03778,2023-01-18,73.42,Grocery
CUST03778,2024-12-10,8.62,Grocery
CUST03778,2025-07-12,26.47,Dining
CUST03778,2024-04-18,193.09,Dining
CUST03778,2023-05-10,43.73,Travel
CUST03778,2024-12-12,247.15,Travel
CUST03778,2023-02-03,59.98,Dining
CUST03778,2022-10-21,121.62,Grocery
CUST03778,2022-11-07,155.03,Electronics
CUST03778,2025-02-12,28.18,Dining
CUST03778,2023-03-03,37.85,Travel
CUST03778,2022-02-13,49.58,Grocery
CUST03778,2023-09-04,37.17,Grocery
CUST03778,2024-05-28,7.69,Dining
CUST03778,2022-01-11,335.71,Grocery
CUST03778,2023-08-18,48.42,Dining
CUST03778,2024-11-23,28.97,Travel
CUST03778,2024-05-26,214.61,Grocery
CUST03778,2023-03-04,11.03,Clothing
CUST03778,2022-06-15,16.35,Travel
CUST03778,2024-08-20,55.38,Electronics
CUST03778,2022-09-16,86.46,Electronics
CUST03778,2022-07-09,139.96,Grocery
CUST03778,2024-05-30,53.4,Electronics
CUST03778,2024-07-25,7.05,Dining
CUST03778,2024-07-19,18.84,Electronics
CUST03778,2025-06-01,19.27,Electronics
CUST03778,2024-12-29,186.82,Travel
CUST03778,2025-01-09,98.28,Electronics
CUST03778,2024-12-01,471.48,Clothing
CUST03778,2024-07-20,16.49,Grocery
CUST03778,2024-05-20,53.65,Grocery
CUST03778,2022-08-08,73.08,Electronics
CUST03778,2025-03-20,55.94,Dining
CUST03778,2023-03-18,68.0,Electronics
CUST03778,2023-10-22,111.75,Travel
CUST03778,2022-06-06,173.53,Clothing
CUST03778,2022-03-24,24.25,Dining
CUST03779,2024-05-28,101.59,Travel
CUST03779,2025-07-21,353.26,Grocery
CUST03779,2024-09-23,77.93,Electronics
CUST03779,2025-01-22,117.43,Travel
CUST03779,2023-08-02,131.31,Dining
CUST03779,2023-11-26,92.4,Grocery
CUST03779,2022-01-27,15.73,Travel
CUST03779,2024-02-06,96.61,Travel
CUST03779,2024-08-27,8.85,Travel
CUST03779,2024-08-12,17.54,Dining
CUST03779,2024-01-16,86.88,Travel
CUST03779,2023-09-11,26.6,Travel
CUST03779,2024-08-26,27.91,Grocery
CUST03779,2024-10-19,585.61,Electronics
CUST03779,2024-10-16,12.03,Travel
CUST03779,2022-06-15,65.09,Travel
CUST03779,2024-08-07,45.86,Dining
CUST03779,2024-06-12,179.71,Grocery
CUST03779,2024-11-08,65.63,Clothing
CUST03779,2023-03-17,35.24,Clothing
CUST03779,2023-05-27,34.38,Travel
CUST03779,2023-04-23,51.35,Electronics
CUST03779,2024-04-05,64.95,Grocery
CUST03779,2024-07-15,259.4,Dining
CUST03779,2025-04-29,211.51,Grocery
CUST03779,2024-01-15,137.67,Grocery
CUST03779,2023-03-08,37.6,Travel
CUST03779,2024-12-05,21.84,Dining
CUST03779,2022-02-10,17.91,Travel
CUST03779,2022-01-21,69.47,Grocery
CUST03779,2023-06-24,48.93,Clothing
CUST03779,2022-01-19,110.74,Grocery
CUST03779,2025-04-18,22.29,Clothing
CUST03779,2024-01-09,89.9,Dining
CUST03779,2022-06-02,277.29,Grocery
CUST03779,2022-04-24,84.87,Electronics
CUST03779,2023-03-12,48.17,Travel
CUST03779,2024-08-04,136.97,Clothing
CUST03779,2025-03-30,9.67,Electronics
CUST03779,2022-10-28,212.07,Travel
CUST03779,2022-03-29,33.03,Dining
CUST03779,2024-05-12,92.26,Electronics
CUST03779,2022-02-24,117.82,Electronics
CUST03779,2025-07-26,77.96,Dining
CUST03779,2024-05-28,11.05,Travel
CUST03779,2025-05-31,42.93,Travel
CUST03779,2022-10-30,76.19,Electronics
CUST03779,2023-03-10,139.57,Dining
CUST03779,2022-12-19,75.34,Dining
CUST03779,2025-01-24,174.53,Dining
CUST03779,2025-01-27,90.73,Grocery
CUST03779,2025-03-29,228.54,Clothing
CUST03779,2023-04-04,64.67,Electronics
CUST03779,2022-06-29,51.22,Travel
CUST03779,2022-07-09,15.83,Travel
CUST03779,2023-06-08,8.57,Clothing
CUST03779,2025-01-05,34.83,Travel
CUST03779,2022-03-29,42.11,Grocery
CUST03779,2022-02-16,41.81,Clothing
CUST03779,2024-05-12,55.03,Electronics
CUST03779,2022-01-03,36.97,Dining
CUST03779,2023-01-09,7.86,Travel
CUST03779,2022-12-22,52.99,Electronics
CUST03779,2022-01-14,162.36,Dining
CUST03779,2024-02-01,16.02,Electronics
CUST03779,2022-08-23,36.43,Clothing
CUST03779,2024-07-10,23.32,Dining
CUST03779,2024-10-16,20.99,Dining
CUST03779,2022-03-12,198.4,Clothing
CUST03779,2022-08-02,179.5,Electronics
CUST03779,2022-07-15,18.14,Grocery
CUST03779,2022-06-28,46.23,Clothing
CUST03779,2024-10-17,279.6,Dining
CUST03779,2023-02-08,143.29,Travel
CUST03779,2022-12-04,81.39,Electronics
CUST03779,2022-09-30,204.87,Grocery
CUST03779,2024-07-29,90.0,Grocery
CUST03779,2023-03-06,14.18,Clothing
CUST03779,2022-06-08,78.26,Grocery
CUST03779,2024-08-06,67.29,Travel
CUST03779,2022-09-18,10.0,Clothing
CUST03779,2022-08-17,135.47,Travel
CUST03779,2023-09-29,26.58,Grocery
CUST03779,2024-11-19,53.49,Grocery
CUST03779,2025-05-15,48.42,Travel
CUST03779,2023-01-28,191.99,Dining
CUST03779,2022-12-10,13.58,Travel
CUST03779,2022-09-02,27.88,Electronics
CUST03779,2024-04-19,91.33,Clothing
CUST03779,2024-11-11,103.24,Dining
CUST03779,2024-11-24,34.76,Clothing
CUST03779,2024-02-15,100.13,Travel
CUST03779,2024-05-15,19.9,Dining
CUST03779,2025-02-02,107.75,Travel
CUST03779,2022-08-12,122.62,Travel
CUST03779,2025-05-02,84.94,Grocery
CUST03779,2023-04-12,55.11,Travel
CUST03779,2022-11-07,29.44,Clothing
CUST03779,2023-10-12,5.92,Dining
CUST03779,2023-10-10,169.02,Travel
CUST03779,2024-05-22,283.06,Travel
CUST03779,2023-04-24,33.31,Dining
CUST03779,2023-03-21,93.22,Electronics
CUST03779,2023-11-06,17.84,Electronics
CUST03780,2024-05-09,62.73,Dining
CUST03780,2024-11-06,41.07,Travel
CUST03780,2024-05-01,81.27,Clothing
CUST03780,2022-03-13,97.25,Electronics
CUST03780,2022-03-17,62.4,Clothing
CUST03780,2022-06-18,28.75,Clothing
CUST03780,2024-02-28,8.23,Grocery
CUST03780,2025-05-28,17.54,Dining
CUST03780,2023-12-14,17.52,Electronics
CUST03780,2022-06-23,353.65,Electronics
CUST03780,2024-07-17,62.53,Grocery
CUST03780,2023-10-31,197.85,Grocery
CUST03780,2023-07-05,20.17,Electronics
CUST03780,2024-04-14,142.01,Electronics
CUST03780,2023-01-02,33.76,Travel
CUST03780,2024-06-01,36.79,Clothing
CUST03780,2024-04-20,293.06,Clothing
CUST03780,2023-09-08,27.07,Grocery
CUST03780,2022-06-11,82.21,Grocery
CUST03780,2023-12-11,90.61,Clothing
CUST03780,2024-11-10,42.52,Clothing
CUST03780,2024-07-07,5.27,Clothing
CUST03780,2025-04-09,10.78,Travel
CUST03780,2025-04-17,67.79,Dining
CUST03780,2024-05-11,103.76,Electronics
CUST03780,2022-12-20,11.44,Dining
CUST03780,2022-08-28,29.92,Electronics
CUST03780,2024-09-23,41.15,Clothing
CUST03780,2022-08-31,21.48,Electronics
CUST03780,2023-11-15,151.53,Clothing
CUST03780,2024-09-14,17.71,Electronics
CUST03780,2022-04-23,79.95,Clothing
CUST03780,2022-02-25,39.46,Electronics
CUST03780,2023-05-17,39.58,Travel
CUST03780,2025-03-07,156.52,Electronics
CUST03780,2024-01-29,49.2,Clothing
CUST03780,2025-01-05,98.56,Travel
CUST03780,2022-06-22,29.28,Dining
CUST03780,2024-11-24,31.7,Travel
CUST03780,2024-06-19,125.02,Grocery
CUST03780,2022-03-15,27.43,Electronics
CUST03780,2025-06-25,235.01,Grocery
CUST03780,2022-03-27,35.35,Clothing
CUST03780,2023-04-15,66.49,Clothing
CUST03780,2022-12-19,71.44,Electronics
CUST03780,2024-11-07,20.33,Travel
CUST03780,2024-08-23,85.85,Clothing
CUST03780,2022-07-08,258.69,Travel
CUST03780,2022-02-14,404.32,Grocery
CUST03780,2022-08-12,30.75,Clothing
CUST03780,2024-04-26,12.16,Electronics
CUST03780,2024-10-29,277.18,Clothing
CUST03780,2024-06-18,27.6,Dining
CUST03780,2023-07-12,5.77,Grocery
CUST03780,2025-06-06,45.68,Electronics
CUST03780,2023-08-22,143.28,Dining
CUST03780,2022-10-15,59.79,Clothing
CUST03780,2022-05-11,51.89,Electronics
CUST03780,2022-07-22,240.11,Travel
CUST03780,2023-04-09,38.77,Electronics
CUST03780,2025-02-16,18.53,Electronics
CUST03780,2022-07-31,107.66,Clothing
CUST03780,2024-05-20,237.05,Grocery
CUST03780,2024-12-08,105.3,Clothing
CUST03780,2023-09-04,15.06,Dining
CUST03780,2025-02-02,101.74,Dining
CUST03780,2023-11-07,16.63,Travel
CUST03780,2023-05-02,77.91,Clothing
CUST03780,2024-11-26,48.71,Clothing
CUST03780,2024-11-02,14.29,Grocery
CUST03780,2022-11-17,49.44,Clothing
CUST03780,2024-01-14,60.68,Travel
CUST03780,2024-08-03,84.69,Grocery
CUST03780,2024-01-08,16.99,Electronics
CUST03780,2022-06-24,32.54,Clothing
CUST03780,2023-07-22,183.98,Electronics
CUST03780,2023-03-10,245.85,Clothing
CUST03780,2023-05-16,172.77,Grocery
CUST03780,2025-06-27,93.53,Travel
CUST03780,2025-07-13,198.13,Dining
CUST03780,2022-12-24,86.81,Electronics
CUST03780,2024-02-19,48.25,Clothing
CUST03780,2024-03-30,159.35,Dining
CUST03780,2022-07-18,40.77,Travel
CUST03780,2023-07-15,6.04,Grocery
CUST03780,2024-01-20,34.82,Travel
CUST03780,2025-03-13,19.04,Clothing
CUST03780,2023-08-27,143.08,Travel
CUST03780,2025-01-02,71.64,Clothing
CUST03780,2025-03-12,87.41,Grocery
CUST03780,2023-01-09,1125.28,Dining
CUST03780,2024-09-08,107.22,Dining
CUST03780,2024-07-25,8.42,Clothing
CUST03780,2025-06-19,76.71,Travel
CUST03780,2023-08-12,47.89,Electronics
CUST03780,2024-09-01,21.83,Electronics
CUST03780,2023-08-08,66.52,Travel
CUST03780,2024-01-31,8.42,Electronics
CUST03780,2025-05-05,30.35,Electronics
CUST03780,2023-09-04,443.19,Clothing
CUST03780,2024-06-05,85.29,Grocery
CUST03780,2025-02-26,91.79,Electronics
CUST03781,2021-12-19,69.17,Travel
CUST03781,2022-05-09,206.87,Clothing
CUST03781,2021-08-03,109.33,Dining
CUST03781,2024-10-15,230.88,Electronics
CUST03781,2022-07-04,7.9,Clothing
CUST03781,2023-02-14,109.7,Grocery
CUST03781,2021-01-27,56.34,Travel
CUST03781,2021-08-27,16.73,Grocery
CUST03781,2024-07-12,102.35,Travel
CUST03781,2021-12-14,41.48,Grocery
CUST03781,2022-05-10,94.25,Clothing
CUST03781,2023-12-20,8.54,Electronics
CUST03781,2024-05-24,14.2,Clothing
CUST03781,2024-09-15,160.98,Travel
CUST03781,2023-04-15,267.21,Clothing
CUST03781,2023-11-03,87.2,Travel
CUST03781,2022-08-06,178.63,Grocery
CUST03781,2024-05-01,140.02,Electronics
CUST03781,2021-11-22,7.68,Travel
CUST03781,2025-04-07,24.95,Grocery
CUST03781,2022-03-24,18.21,Grocery
CUST03781,2025-02-19,8.48,Clothing
CUST03781,2022-11-05,26.3,Dining
CUST03781,2024-09-23,42.03,Electronics
CUST03781,2024-02-29,154.33,Dining
CUST03781,2022-04-19,15.09,Grocery
CUST03781,2024-08-21,107.43,Electronics
CUST03781,2022-03-15,13.05,Clothing
CUST03781,2025-03-16,112.25,Travel
CUST03781,2025-02-23,291.87,Dining
CUST03781,2021-10-08,44.77,Electronics
CUST03781,2023-07-10,80.49,Clothing
CUST03781,2025-07-11,29.27,Travel
CUST03781,2023-11-22,84.39,Electronics
CUST03781,2024-12-17,181.6,Travel
CUST03781,2021-05-03,108.97,Grocery
CUST03781,2022-03-09,17.71,Clothing
CUST03781,2025-07-28,52.43,Travel
CUST03781,2022-10-02,20.23,Dining
CUST03781,2021-07-03,91.41,Grocery
CUST03781,2023-04-26,78.28,Electronics
CUST03781,2022-09-08,37.53,Dining
CUST03781,2023-05-30,8.72,Electronics
CUST03781,2022-11-22,24.48,Dining
CUST03781,2025-05-13,42.73,Dining
CUST03781,2025-03-31,36.97,Dining
CUST03781,2022-02-19,144.03,Electronics
CUST03781,2024-09-24,11.11,Grocery
CUST03781,2022-07-31,82.75,Electronics
CUST03781,2024-10-16,54.83,Clothing
CUST03781,2024-11-25,126.31,Travel
CUST03781,2023-04-02,23.39,Dining
CUST03781,2022-10-13,88.71,Travel
CUST03781,2025-06-14,97.17,Electronics
CUST03781,2021-02-19,56.84,Clothing
CUST03781,2022-06-19,22.99,Electronics
CUST03781,2021-11-28,127.73,Grocery
CUST03781,2024-08-08,88.93,Clothing
CUST03781,2022-03-17,149.25,Clothing
CUST03781,2022-04-15,66.41,Travel
CUST03781,2020-11-24,303.58,Dining
CUST03781,2022-07-21,13.69,Grocery
CUST03781,2023-10-28,139.79,Grocery
CUST03781,2023-01-26,23.09,Grocery
CUST03781,2024-02-11,232.55,Travel
CUST03781,2023-05-04,35.02,Travel
CUST03781,2021-06-04,37.21,Grocery
CUST03781,2024-04-29,145.86,Electronics
CUST03781,2023-05-25,50.07,Electronics
CUST03781,2024-03-07,85.39,Dining
CUST03781,2022-05-25,122.79,Travel
CUST03781,2020-11-07,207.83,Grocery
CUST03781,2022-11-28,27.48,Travel
CUST03781,2020-12-31,9.54,Electronics
CUST03781,2020-12-26,28.28,Dining
CUST03781,2021-03-05,35.67,Dining
CUST03781,2025-05-02,16.53,Grocery
CUST03781,2023-03-08,33.54,Travel
CUST03781,2025-03-06,87.41,Clothing
CUST03781,2022-06-11,8.24,Clothing
CUST03781,2022-08-31,44.27,Grocery
CUST03781,2021-03-17,23.68,Electronics
CUST03781,2023-05-27,138.19,Travel
CUST03781,2024-07-10,65.33,Electronics
CUST03781,2025-04-30,18.19,Dining
CUST03781,2021-11-21,51.6,Electronics
CUST03781,2021-11-03,15.19,Travel
CUST03781,2025-07-12,184.29,Electronics
CUST03781,2023-08-24,111.99,Electronics
CUST03781,2022-11-07,114.07,Grocery
CUST03781,2021-04-19,15.3,Electronics
CUST03781,2025-07-31,142.55,Electronics
CUST03781,2022-06-21,124.58,Travel
CUST03781,2022-05-12,118.93,Dining
CUST03781,2021-06-13,53.33,Electronics
CUST03781,2025-02-11,17.81,Clothing
CUST03781,2020-12-05,39.45,Travel
CUST03781,2023-09-18,71.18,Grocery
CUST03781,2023-02-22,63.3,Grocery
CUST03781,2022-12-30,7.72,Electronics
CUST03781,2021-04-06,76.6,Travel
CUST03782,2025-05-14,33.79,Electronics
CUST03782,2025-05-08,101.21,Dining
CUST03782,2023-11-26,71.36,Grocery
CUST03782,2024-11-02,42.34,Grocery
CUST03782,2025-07-31,103.33,Electronics
CUST03782,2023-01-01,153.5,Clothing
CUST03782,2025-07-17,148.58,Clothing
CUST03782,2024-08-01,102.81,Clothing
CUST03782,2023-07-03,95.01,Clothing
CUST03782,2022-11-26,16.81,Dining
CUST03782,2023-11-26,11.71,Dining
CUST03782,2023-09-30,54.16,Grocery
CUST03782,2024-10-05,148.1,Clothing
CUST03782,2024-10-18,121.94,Clothing
CUST03782,2023-10-14,25.69,Electronics
CUST03782,2023-11-29,125.11,Clothing
CUST03782,2023-10-13,106.14,Clothing
CUST03782,2025-06-25,28.35,Dining
CUST03782,2024-05-27,161.33,Clothing
CUST03782,2023-08-25,75.11,Electronics
CUST03782,2024-06-16,13.1,Clothing
CUST03782,2023-03-04,10.26,Grocery
CUST03782,2024-12-23,139.26,Dining
CUST03782,2025-07-18,155.01,Grocery
CUST03782,2023-09-01,60.26,Dining
CUST03782,2024-07-02,264.62,Dining
CUST03782,2025-01-12,214.13,Clothing
CUST03782,2024-03-23,50.52,Travel
CUST03782,2024-12-06,23.4,Clothing
CUST03782,2024-03-25,46.12,Electronics
CUST03782,2025-03-08,28.57,Dining
CUST03782,2025-02-19,31.68,Travel
CUST03782,2023-06-02,22.33,Dining
CUST03782,2023-04-11,98.2,Travel
CUST03782,2024-01-04,257.57,Grocery
CUST03782,2025-03-18,155.5,Electronics
CUST03782,2024-08-10,10.33,Grocery
CUST03782,2023-09-17,11.08,Electronics
CUST03782,2025-07-06,8.95,Dining
CUST03782,2023-02-01,68.57,Clothing
CUST03782,2025-05-24,15.46,Dining
CUST03782,2024-11-29,156.95,Clothing
CUST03782,2023-09-28,23.77,Electronics
CUST03782,2024-03-11,26.05,Clothing
CUST03782,2023-01-04,35.69,Travel
CUST03782,2023-04-21,96.34,Travel
CUST03782,2024-04-16,25.18,Clothing
CUST03782,2024-02-09,93.07,Grocery
CUST03782,2024-03-04,108.17,Clothing
CUST03782,2025-01-06,50.55,Electronics
CUST03782,2022-11-08,57.21,Clothing
CUST03782,2023-01-13,139.22,Grocery
CUST03782,2023-02-07,34.5,Travel
CUST03782,2023-04-25,18.65,Dining
CUST03782,2024-09-23,44.01,Travel
CUST03782,2024-07-31,32.52,Dining
CUST03782,2024-05-24,103.41,Electronics
CUST03782,2025-03-12,30.64,Grocery
CUST03782,2024-04-06,126.55,Grocery
CUST03782,2025-01-29,75.76,Clothing
CUST03782,2023-11-27,15.36,Electronics
CUST03782,2023-01-13,11.14,Clothing
CUST03782,2024-03-11,17.27,Grocery
CUST03782,2024-11-12,115.68,Travel
CUST03782,2024-01-24,27.52,Dining
CUST03782,2023-02-04,92.26,Travel
CUST03782,2022-12-07,80.29,Travel
CUST03782,2024-06-25,8.85,Electronics
CUST03782,2022-11-07,93.96,Electronics
CUST03782,2025-05-09,72.59,Dining
CUST03782,2023-09-23,51.88,Grocery
CUST03782,2023-12-24,53.66,Dining
CUST03782,2023-07-25,64.77,Grocery
CUST03782,2025-01-25,371.38,Grocery
CUST03782,2023-03-27,18.71,Electronics
CUST03782,2025-02-01,50.9,Clothing
CUST03782,2024-02-15,15.6,Grocery
CUST03782,2025-01-04,39.58,Travel
CUST03782,2022-11-12,216.91,Dining
CUST03782,2023-07-03,89.29,Travel
CUST03782,2025-05-07,43.57,Grocery
CUST03782,2025-01-04,46.14,Clothing
CUST03782,2025-08-01,102.29,Travel
CUST03782,2025-07-16,17.78,Travel
CUST03782,2023-10-02,52.03,Electronics
CUST03782,2025-06-24,163.59,Dining
CUST03782,2024-11-01,44.82,Clothing
CUST03783,2024-10-13,22.13,Travel
CUST03783,2025-02-13,28.52,Dining
CUST03783,2024-09-08,40.72,Travel
CUST03783,2024-12-28,7.33,Electronics
CUST03783,2023-02-18,77.5,Grocery
CUST03783,2025-02-27,25.52,Clothing
CUST03783,2022-07-26,110.7,Electronics
CUST03783,2024-10-10,6.59,Electronics
CUST03783,2023-01-02,84.25,Grocery
CUST03783,2022-10-22,45.14,Electronics
CUST03783,2022-07-14,40.46,Dining
CUST03783,2023-04-26,43.52,Electronics
CUST03783,2023-10-31,17.29,Grocery
CUST03783,2023-11-21,52.08,Travel
CUST03783,2024-07-30,40.82,Clothing
CUST03783,2022-10-01,22.71,Dining
CUST03783,2023-12-15,46.33,Electronics
CUST03783,2024-05-26,46.52,Clothing
CUST03783,2024-10-03,90.54,Travel
CUST03783,2023-10-30,61.47,Electronics
CUST03783,2024-10-04,11.29,Grocery
CUST03783,2025-01-09,35.59,Clothing
CUST03783,2025-04-29,93.8,Grocery
CUST03783,2024-05-04,140.25,Electronics
CUST03783,2023-02-12,175.07,Clothing
CUST03783,2024-02-13,67.78,Clothing
CUST03783,2022-11-07,61.76,Dining
CUST03783,2025-01-27,82.02,Clothing
CUST03783,2024-04-02,7.71,Dining
CUST03783,2023-05-12,35.82,Dining
CUST03783,2025-02-28,35.7,Electronics
CUST03783,2025-03-02,6.54,Grocery
CUST03783,2025-05-02,47.8,Dining
CUST03783,2025-05-17,67.37,Dining
CUST03783,2024-08-04,26.87,Electronics
CUST03783,2024-10-06,108.58,Dining
CUST03783,2023-09-25,127.36,Dining
CUST03783,2024-10-09,17.93,Electronics
CUST03783,2025-05-22,14.88,Dining
CUST03783,2024-01-07,33.02,Dining
CUST03783,2022-08-16,34.53,Clothing
CUST03783,2024-02-24,154.72,Travel
CUST03783,2025-07-13,76.0,Dining
CUST03783,2023-08-12,36.01,Dining
CUST03783,2025-05-04,280.72,Grocery
CUST03783,2024-06-15,175.75,Clothing
CUST03783,2024-04-01,111.15,Grocery
CUST03783,2024-11-14,49.46,Dining
CUST03783,2024-07-25,8.31,Travel
CUST03783,2024-07-11,115.96,Travel
CUST03783,2022-12-14,9.27,Electronics
CUST03783,2025-03-18,17.05,Clothing
CUST03783,2025-02-11,181.79,Dining
CUST03783,2023-04-18,227.45,Travel
CUST03783,2023-12-20,16.93,Electronics
CUST03783,2025-04-17,356.7,Electronics
CUST03783,2023-02-20,13.78,Dining
CUST03783,2023-07-18,34.49,Travel
CUST03783,2023-02-28,393.55,Clothing
CUST03783,2023-01-26,59.28,Dining
CUST03783,2024-09-03,110.14,Clothing
CUST03783,2023-02-23,5.19,Clothing
CUST03783,2022-08-01,251.35,Electronics
CUST03783,2022-11-13,174.71,Dining
CUST03783,2025-02-10,11.54,Dining
CUST03783,2023-02-05,23.56,Travel
CUST03783,2023-03-01,307.97,Travel
CUST03783,2025-07-24,19.61,Grocery
CUST03783,2022-09-24,25.82,Grocery
CUST03783,2024-09-04,130.64,Electronics
CUST03783,2024-12-19,82.14,Grocery
CUST03783,2024-09-22,104.35,Travel
CUST03783,2023-04-07,61.71,Dining
CUST03783,2023-04-11,17.71,Electronics
CUST03783,2022-12-31,113.22,Travel
CUST03783,2023-09-05,32.19,Grocery
CUST03783,2023-02-17,70.51,Dining
CUST03783,2025-03-04,149.29,Clothing
CUST03783,2022-09-09,64.66,Grocery
CUST03783,2024-06-25,14.23,Grocery
CUST03783,2023-03-27,254.1,Electronics
CUST03783,2022-08-10,25.85,Travel
CUST03783,2024-11-03,26.2,Travel
CUST03783,2025-06-13,37.25,Electronics
CUST03783,2023-05-20,46.16,Clothing
CUST03783,2022-11-01,222.22,Grocery
CUST03783,2023-12-13,157.44,Grocery
CUST03783,2023-09-26,31.67,Clothing
CUST03783,2024-12-26,57.27,Grocery
CUST03783,2023-10-26,511.38,Electronics
CUST03783,2025-01-13,24.02,Clothing
CUST03783,2024-08-12,181.02,Dining
CUST03783,2024-03-29,122.39,Travel
CUST03783,2022-07-21,36.78,Clothing
CUST03783,2024-10-11,50.65,Grocery
CUST03783,2023-10-07,150.56,Travel
CUST03783,2025-06-30,7.4,Dining
CUST03783,2025-06-01,244.68,Grocery
CUST03783,2023-03-09,32.84,Electronics
CUST03783,2023-12-04,45.82,Electronics
CUST03783,2024-12-01,134.08,Travel
CUST03783,2024-11-18,13.12,Travel
CUST03783,2024-12-24,59.95,Dining
CUST03783,2025-04-16,9.7,Dining
CUST03783,2024-12-29,188.47,Clothing
CUST03783,2025-04-01,82.51,Electronics
CUST03784,2023-07-05,20.4,Grocery
CUST03784,2022-05-22,93.76,Travel
CUST03784,2023-10-11,134.73,Electronics
CUST03784,2023-06-19,6.56,Travel
CUST03784,2025-04-26,17.46,Electronics
CUST03784,2023-10-31,109.76,Travel
CUST03784,2024-03-29,14.82,Clothing
CUST03784,2025-06-01,27.3,Travel
CUST03784,2024-07-23,41.67,Clothing
CUST03784,2022-05-23,11.04,Electronics
CUST03784,2023-07-04,127.58,Dining
CUST03784,2021-09-28,99.53,Electronics
CUST03784,2021-12-09,62.47,Clothing
CUST03784,2023-02-01,211.83,Electronics
CUST03784,2024-11-04,11.56,Grocery
CUST03784,2023-02-20,20.33,Dining
CUST03784,2024-10-24,161.61,Travel
CUST03784,2023-11-17,41.41,Clothing
CUST03784,2022-02-26,64.72,Clothing
CUST03784,2023-07-28,19.39,Travel
CUST03784,2023-02-07,205.77,Electronics
CUST03784,2022-04-07,157.67,Grocery
CUST03784,2025-05-26,46.28,Electronics
CUST03784,2023-01-13,178.12,Electronics
CUST03784,2023-05-03,58.54,Electronics
CUST03784,2023-12-19,116.85,Dining
CUST03784,2021-03-19,145.57,Clothing
CUST03784,2023-01-15,99.0,Grocery
CUST03784,2025-04-08,317.51,Grocery
CUST03784,2023-08-25,26.07,Grocery
CUST03784,2023-11-19,51.78,Dining
CUST03784,2024-10-25,150.0,Electronics
CUST03784,2023-10-13,8.35,Grocery
CUST03784,2022-09-08,7.78,Travel
CUST03784,2024-04-29,75.48,Electronics
CUST03784,2022-05-01,127.81,Clothing
CUST03784,2023-03-05,25.67,Electronics
CUST03784,2022-04-26,87.07,Travel
CUST03784,2022-03-13,89.99,Electronics
CUST03784,2024-04-21,36.9,Clothing
CUST03784,2021-08-02,66.66,Grocery
CUST03784,2022-08-26,17.62,Clothing
CUST03784,2024-09-19,49.51,Clothing
CUST03784,2021-07-31,257.86,Clothing
CUST03784,2024-11-29,39.55,Grocery
CUST03784,2024-12-26,62.41,Electronics
CUST03784,2022-10-05,35.83,Travel
CUST03784,2023-07-01,52.39,Clothing
CUST03784,2022-04-16,24.23,Dining
CUST03784,2025-07-05,93.17,Dining
CUST03784,2022-08-19,10.5,Dining
CUST03784,2025-01-14,14.82,Dining
CUST03784,2024-10-05,63.0,Dining
CUST03784,2024-06-12,258.43,Clothing
CUST03784,2024-10-07,7.03,Travel
CUST03784,2024-08-21,96.7,Grocery
CUST03784,2024-08-28,237.33,Grocery
CUST03784,2025-01-21,44.67,Travel
CUST03784,2025-06-23,27.27,Electronics
CUST03784,2021-12-27,24.62,Dining
CUST03784,2022-02-06,130.5,Electronics
CUST03784,2024-11-24,24.51,Clothing
CUST03784,2024-07-04,86.95,Travel
CUST03784,2021-04-20,19.05,Dining
CUST03784,2024-02-04,61.04,Clothing
CUST03784,2021-07-23,49.4,Electronics
CUST03784,2022-10-29,31.79,Clothing
CUST03784,2021-04-26,20.12,Grocery
CUST03784,2024-06-22,114.61,Dining
CUST03784,2021-06-11,25.52,Electronics
CUST03784,2021-10-04,136.69,Electronics
CUST03784,2023-09-06,51.79,Clothing
CUST03784,2021-03-31,60.99,Electronics
CUST03784,2024-09-20,63.94,Travel
CUST03784,2023-09-17,45.8,Travel
CUST03784,2021-05-09,231.58,Dining
CUST03784,2022-04-23,52.4,Grocery
CUST03784,2025-02-03,10.62,Travel
CUST03784,2021-12-28,188.09,Travel
CUST03784,2025-03-23,81.49,Grocery
CUST03784,2023-01-06,328.77,Clothing
CUST03784,2022-09-30,108.28,Electronics
CUST03784,2021-06-23,62.13,Travel
CUST03784,2021-04-08,26.92,Grocery
CUST03784,2024-08-23,30.95,Clothing
CUST03784,2025-06-16,99.76,Electronics
CUST03784,2023-02-28,218.39,Electronics
CUST03784,2022-05-10,22.6,Clothing
CUST03784,2021-10-02,56.35,Dining
CUST03784,2023-03-08,218.38,Electronics
CUST03784,2023-04-04,303.26,Travel
CUST03784,2022-11-24,23.61,Clothing
CUST03784,2023-04-26,41.7,Dining
CUST03784,2025-01-17,33.25,Clothing
CUST03784,2022-02-11,63.24,Grocery
CUST03784,2023-11-08,6.83,Travel
CUST03784,2022-07-16,114.87,Clothing
CUST03784,2024-07-16,6.01,Dining
CUST03784,2022-06-01,253.3,Electronics
CUST03784,2024-03-07,37.59,Travel
CUST03784,2022-10-14,97.27,Electronics
CUST03784,2025-01-11,64.34,Travel
CUST03784,2022-09-06,6.97,Dining
CUST03784,2022-09-29,325.39,Electronics
CUST03784,2024-05-19,78.95,Grocery
CUST03784,2021-03-31,104.96,Travel
CUST03784,2022-02-15,35.5,Dining
CUST03784,2024-04-18,11.76,Grocery
CUST03784,2023-10-09,5.47,Grocery
CUST03784,2024-09-09,51.65,Clothing
CUST03785,2025-03-24,97.5,Electronics
CUST03785,2025-06-06,73.63,Travel
CUST03785,2025-07-06,162.74,Clothing
CUST03785,2025-04-19,104.98,Electronics
CUST03785,2025-04-21,7.98,Travel
CUST03785,2025-07-24,27.7,Electronics
CUST03785,2025-03-12,53.06,Grocery
CUST03785,2025-07-15,265.09,Travel
CUST03785,2025-05-05,195.66,Travel
CUST03785,2025-03-08,26.25,Electronics
CUST03785,2025-07-08,39.18,Clothing
CUST03785,2025-07-21,201.84,Electronics
CUST03785,2025-05-12,47.08,Travel
CUST03785,2025-02-12,8.28,Clothing
CUST03785,2025-07-25,23.11,Dining
CUST03785,2025-05-14,57.6,Electronics
CUST03785,2025-07-05,17.65,Electronics
CUST03785,2025-06-01,123.73,Clothing
CUST03785,2025-04-03,511.81,Clothing
CUST03785,2025-06-04,12.78,Travel
CUST03785,2025-04-14,42.22,Electronics
CUST03785,2025-05-18,22.99,Clothing
CUST03785,2025-03-07,224.63,Grocery
CUST03785,2025-08-01,11.65,Clothing
CUST03785,2025-03-10,46.83,Clothing
CUST03785,2025-04-25,124.29,Grocery
CUST03785,2025-03-06,36.87,Grocery
CUST03785,2025-03-02,27.15,Grocery
CUST03785,2025-06-24,56.6,Dining
CUST03785,2025-03-23,16.54,Travel
CUST03785,2025-07-01,5.19,Clothing
CUST03785,2025-03-23,159.04,Dining
CUST03785,2025-07-05,17.91,Grocery
CUST03785,2025-06-21,25.52,Grocery
CUST03785,2025-03-27,58.92,Grocery
CUST03785,2025-07-14,44.13,Grocery
CUST03785,2025-06-12,10.44,Dining
CUST03785,2025-05-16,21.54,Electronics
CUST03785,2025-02-18,117.58,Electronics
CUST03785,2025-03-28,15.54,Dining
CUST03785,2025-04-17,30.62,Grocery
CUST03785,2025-07-19,120.4,Grocery
CUST03785,2025-04-26,22.92,Travel
CUST03785,2025-06-21,107.65,Dining
CUST03785,2025-04-23,144.21,Clothing
CUST03785,2025-05-04,18.24,Clothing
CUST03785,2025-05-14,12.2,Grocery
CUST03785,2025-06-06,169.18,Travel
CUST03785,2025-04-23,200.05,Electronics
CUST03785,2025-05-17,31.04,Travel
CUST03785,2025-05-27,45.88,Grocery
CUST03785,2025-02-14,169.04,Grocery
CUST03785,2025-04-23,61.33,Electronics
CUST03785,2025-04-10,246.2,Travel
CUST03785,2025-06-20,7.23,Electronics
CUST03785,2025-06-16,76.15,Grocery
CUST03785,2025-06-08,29.33,Electronics
CUST03785,2025-07-09,16.38,Travel
CUST03785,2025-06-13,73.7,Clothing
CUST03785,2025-03-30,29.32,Electronics
CUST03785,2025-07-30,84.98,Travel
CUST03785,2025-05-15,22.14,Electronics
CUST03785,2025-07-28,92.46,Grocery
CUST03785,2025-06-07,350.54,Clothing
CUST03785,2025-02-19,44.63,Grocery
CUST03785,2025-02-13,53.26,Dining
CUST03785,2025-06-20,22.55,Clothing
CUST03785,2025-04-23,95.97,Grocery
CUST03785,2025-04-27,67.84,Clothing
CUST03785,2025-05-07,173.82,Electronics
CUST03785,2025-05-29,32.17,Grocery
CUST03785,2025-03-09,58.04,Travel
CUST03785,2025-05-08,71.87,Clothing
CUST03785,2025-05-16,135.9,Electronics
CUST03785,2025-08-01,17.22,Clothing
CUST03785,2025-03-19,48.28,Travel
CUST03785,2025-03-18,48.81,Travel
CUST03785,2025-02-15,5.36,Dining
CUST03785,2025-03-29,20.15,Grocery
CUST03785,2025-07-02,55.93,Dining
CUST03785,2025-02-17,29.47,Grocery
CUST03785,2025-03-13,123.43,Dining
CUST03785,2025-05-07,51.19,Dining
CUST03785,2025-06-05,214.21,Dining
CUST03785,2025-07-08,87.36,Electronics
CUST03785,2025-06-29,70.55,Travel
CUST03785,2025-02-27,336.62,Travel
CUST03785,2025-04-01,96.99,Travel
CUST03785,2025-07-20,77.23,Travel
CUST03785,2025-05-23,25.62,Electronics
CUST03785,2025-02-19,23.22,Travel
CUST03785,2025-06-10,93.32,Dining
CUST03785,2025-02-23,54.23,Clothing
CUST03785,2025-04-23,123.38,Travel
CUST03785,2025-04-23,23.01,Dining
CUST03785,2025-05-28,82.12,Clothing
CUST03785,2025-04-18,36.07,Grocery
CUST03785,2025-03-12,82.04,Clothing
CUST03785,2025-06-01,79.36,Electronics
CUST03785,2025-06-09,169.5,Electronics
CUST03785,2025-03-13,12.56,Grocery
CUST03785,2025-04-05,96.65,Electronics
CUST03785,2025-06-10,42.03,Grocery
CUST03786,2025-07-18,140.65,Grocery
CUST03786,2025-03-02,20.93,Electronics
CUST03786,2024-05-27,12.79,Clothing
CUST03786,2024-05-10,406.13,Clothing
CUST03786,2024-08-21,314.13,Grocery
CUST03786,2024-12-11,27.77,Electronics
CUST03786,2025-04-20,44.75,Travel
CUST03786,2025-05-01,30.53,Electronics
CUST03786,2024-05-29,46.81,Dining
CUST03786,2024-08-09,97.44,Dining
CUST03786,2024-09-13,17.38,Clothing
CUST03786,2024-09-29,94.56,Electronics
CUST03786,2025-07-10,98.64,Electronics
CUST03786,2025-03-23,11.27,Travel
CUST03786,2025-03-22,43.72,Clothing
CUST03786,2025-06-19,132.5,Clothing
CUST03786,2024-10-12,83.76,Electronics
CUST03786,2024-11-13,10.73,Electronics
CUST03786,2024-05-20,27.88,Grocery
CUST03786,2024-11-09,135.25,Dining
CUST03786,2024-09-04,309.39,Dining
CUST03786,2024-08-12,34.8,Dining
CUST03786,2025-07-07,21.77,Travel
CUST03786,2024-06-09,280.93,Electronics
CUST03786,2025-01-19,91.68,Grocery
CUST03786,2024-11-11,29.64,Travel
CUST03786,2024-12-22,21.9,Electronics
CUST03786,2024-05-20,219.88,Grocery
CUST03786,2025-07-18,38.57,Grocery
CUST03786,2024-05-12,306.72,Dining
CUST03786,2025-02-06,29.59,Dining
CUST03786,2025-01-21,140.76,Clothing
CUST03786,2025-02-14,150.59,Dining
CUST03786,2025-02-07,161.86,Electronics
CUST03786,2025-07-22,81.73,Dining
CUST03786,2024-05-25,310.34,Electronics
CUST03786,2025-05-24,35.67,Clothing
CUST03786,2024-12-14,253.52,Electronics
CUST03786,2025-07-14,24.14,Travel
CUST03786,2024-06-27,238.86,Travel
CUST03786,2024-06-14,96.35,Clothing
CUST03786,2024-12-16,20.19,Clothing
CUST03786,2025-04-11,23.54,Grocery
CUST03786,2024-08-10,18.55,Grocery
CUST03786,2025-07-28,103.65,Grocery
CUST03786,2024-10-30,23.15,Clothing
CUST03786,2025-07-09,39.32,Dining
CUST03786,2024-12-11,5.69,Travel
CUST03786,2025-01-01,11.62,Electronics
CUST03786,2025-03-23,58.93,Dining
CUST03786,2025-01-27,42.53,Electronics
CUST03786,2024-09-02,97.02,Travel
CUST03786,2025-06-15,92.15,Electronics
CUST03786,2024-06-20,8.77,Clothing
CUST03786,2024-06-27,366.99,Grocery
CUST03786,2025-06-29,138.36,Electronics
CUST03786,2025-01-03,50.8,Clothing
CUST03786,2025-05-20,10.38,Dining
CUST03786,2024-06-24,228.64,Travel
CUST03786,2024-10-30,17.06,Grocery
CUST03786,2024-05-19,83.44,Dining
CUST03786,2024-05-24,25.06,Clothing
CUST03786,2024-09-22,148.68,Electronics
CUST03786,2024-12-15,199.37,Grocery
CUST03786,2024-12-11,72.94,Dining
CUST03786,2024-08-16,23.63,Clothing
CUST03786,2024-08-12,71.37,Dining
CUST03786,2024-08-20,39.49,Grocery
CUST03786,2024-06-15,84.24,Clothing
CUST03786,2024-09-06,39.36,Electronics
CUST03786,2024-11-16,22.67,Grocery
CUST03786,2024-09-23,31.25,Electronics
CUST03786,2024-07-18,49.21,Electronics
CUST03786,2024-07-17,141.97,Clothing
CUST03786,2024-09-16,160.51,Electronics
CUST03786,2024-10-28,33.17,Grocery
CUST03786,2024-12-16,84.15,Dining
CUST03786,2024-05-05,16.03,Clothing
CUST03786,2024-11-22,243.13,Electronics
CUST03787,2024-12-17,177.68,Electronics
CUST03787,2025-06-22,6.65,Grocery
CUST03787,2025-06-24,22.49,Grocery
CUST03787,2024-12-23,168.16,Electronics
CUST03787,2025-06-30,124.52,Clothing
CUST03787,2025-01-21,46.6,Travel
CUST03787,2024-12-23,93.59,Dining
CUST03787,2025-06-12,145.73,Grocery
CUST03787,2025-02-18,15.84,Grocery
CUST03787,2025-07-31,31.09,Travel
CUST03787,2025-06-25,12.96,Electronics
CUST03787,2025-02-28,54.0,Electronics
CUST03787,2024-12-22,91.82,Grocery
CUST03787,2025-06-03,83.61,Clothing
CUST03787,2025-06-17,160.73,Grocery
CUST03787,2025-07-13,33.3,Dining
CUST03787,2025-01-04,161.06,Travel
CUST03787,2025-07-11,36.28,Grocery
CUST03787,2024-12-24,52.56,Clothing
CUST03787,2025-07-23,89.98,Electronics
CUST03787,2025-06-25,20.58,Travel
CUST03787,2025-01-30,133.85,Clothing
CUST03787,2025-04-24,192.26,Electronics
CUST03787,2025-06-26,20.44,Grocery
CUST03787,2025-03-28,116.39,Grocery
CUST03787,2025-05-28,19.07,Dining
CUST03787,2025-05-06,121.85,Dining
CUST03787,2025-03-12,25.57,Electronics
CUST03787,2025-01-14,46.66,Electronics
CUST03787,2025-02-21,156.83,Travel
CUST03787,2025-04-02,73.61,Grocery
CUST03787,2025-06-01,37.2,Electronics
CUST03787,2024-12-21,129.9,Clothing
CUST03787,2025-04-26,87.15,Travel
CUST03787,2025-02-15,65.77,Clothing
CUST03787,2025-07-10,8.73,Electronics
CUST03787,2025-01-12,53.27,Electronics
CUST03787,2025-04-15,88.38,Travel
CUST03787,2025-01-10,23.67,Grocery
CUST03787,2025-06-05,95.09,Travel
CUST03787,2025-04-10,327.75,Grocery
CUST03787,2025-04-28,126.18,Electronics
CUST03787,2025-03-20,23.07,Dining
CUST03787,2024-12-27,59.88,Clothing
CUST03787,2025-07-13,192.73,Electronics
CUST03787,2025-01-15,70.45,Grocery
CUST03787,2025-01-11,41.87,Grocery
CUST03787,2025-01-17,77.69,Grocery
CUST03787,2025-05-14,36.69,Electronics
CUST03787,2025-03-23,12.44,Clothing
CUST03787,2025-06-11,150.66,Electronics
CUST03787,2025-03-03,9.59,Dining
CUST03787,2025-02-04,150.9,Grocery
CUST03787,2025-04-19,74.93,Clothing
CUST03787,2025-07-25,20.7,Travel
CUST03787,2025-02-05,71.21,Clothing
CUST03787,2025-06-18,127.87,Dining
CUST03787,2025-04-23,141.22,Electronics
CUST03787,2025-04-16,39.21,Clothing
CUST03787,2025-05-01,115.67,Grocery
CUST03787,2025-05-06,66.59,Grocery
CUST03787,2025-02-15,185.67,Dining
CUST03787,2025-01-30,35.99,Electronics
CUST03787,2025-04-25,30.8,Dining
CUST03787,2025-02-15,74.95,Grocery
CUST03787,2025-07-04,52.29,Electronics
CUST03787,2025-02-25,84.31,Travel
CUST03787,2025-06-29,109.45,Dining
CUST03787,2025-01-07,16.63,Travel
CUST03787,2025-04-29,53.93,Grocery
CUST03787,2025-04-08,28.66,Clothing
CUST03787,2024-12-15,83.95,Clothing
CUST03787,2025-02-20,26.43,Electronics
CUST03787,2025-01-28,112.98,Grocery
CUST03787,2025-03-20,30.31,Travel
CUST03787,2025-06-19,51.48,Dining
CUST03787,2025-04-08,12.67,Clothing
CUST03788,2025-01-31,139.89,Grocery
CUST03788,2024-07-01,27.86,Travel
CUST03788,2024-11-05,55.57,Grocery
CUST03788,2025-03-30,204.65,Electronics
CUST03788,2025-02-25,58.89,Travel
CUST03788,2025-04-03,61.27,Grocery
CUST03788,2025-04-26,9.9,Clothing
CUST03788,2024-11-30,36.49,Travel
CUST03788,2024-09-07,44.72,Travel
CUST03788,2025-01-05,99.08,Dining
CUST03788,2025-03-07,17.69,Clothing
CUST03788,2024-12-31,123.34,Electronics
CUST03788,2024-09-19,93.17,Travel
CUST03788,2025-06-22,35.26,Electronics
CUST03788,2025-02-23,302.14,Electronics
CUST03788,2024-09-03,63.48,Travel
CUST03788,2025-04-20,105.88,Travel
CUST03788,2025-03-24,148.4,Electronics
CUST03788,2025-03-29,14.88,Clothing
CUST03788,2025-05-20,167.47,Grocery
CUST03788,2025-01-07,36.44,Clothing
CUST03788,2025-05-04,26.76,Travel
CUST03788,2024-07-19,43.12,Electronics
CUST03788,2025-02-25,83.62,Dining
CUST03788,2025-04-13,101.18,Travel
CUST03788,2025-04-26,124.9,Dining
CUST03788,2025-01-12,139.1,Electronics
CUST03788,2024-10-31,98.93,Grocery
CUST03788,2025-07-15,160.07,Travel
CUST03788,2024-11-05,9.7,Dining
CUST03788,2025-02-21,72.77,Dining
CUST03788,2024-10-05,104.41,Travel
CUST03788,2025-07-29,82.76,Dining
CUST03788,2025-06-02,135.25,Travel
CUST03788,2025-01-02,149.16,Travel
CUST03788,2025-02-12,25.44,Electronics
CUST03788,2024-10-02,12.16,Clothing
CUST03788,2024-09-21,157.64,Travel
CUST03788,2024-09-01,154.44,Grocery
CUST03788,2024-10-24,33.38,Grocery
CUST03788,2025-04-01,81.07,Dining
CUST03788,2025-05-17,311.38,Grocery
CUST03788,2024-06-12,100.21,Dining
CUST03788,2024-10-07,29.81,Clothing
CUST03788,2024-10-15,46.59,Travel
CUST03788,2024-11-16,30.14,Clothing
CUST03788,2025-05-24,90.95,Dining
CUST03788,2025-04-05,110.49,Electronics
CUST03788,2025-03-22,12.51,Travel
CUST03788,2025-01-02,18.67,Grocery
CUST03788,2025-02-20,39.66,Grocery
CUST03788,2024-12-23,82.6,Travel
CUST03788,2024-07-09,47.15,Travel
CUST03788,2025-05-22,122.05,Dining
CUST03788,2025-01-03,133.19,Electronics
CUST03788,2024-07-25,62.18,Clothing
CUST03788,2024-09-18,314.96,Travel
CUST03788,2025-02-17,42.51,Travel
CUST03788,2025-04-06,50.83,Dining
CUST03788,2025-03-08,59.03,Grocery
CUST03788,2025-05-16,49.36,Travel
CUST03788,2024-09-30,37.48,Grocery
CUST03788,2025-06-06,17.59,Dining
CUST03788,2025-04-20,20.44,Electronics
CUST03788,2024-11-28,73.23,Dining
CUST03788,2024-10-28,17.03,Grocery
CUST03788,2024-12-22,185.76,Dining
CUST03788,2025-06-09,19.52,Dining
CUST03788,2025-06-15,51.67,Clothing
CUST03788,2025-05-31,203.51,Electronics
CUST03788,2024-10-10,36.97,Clothing
CUST03788,2024-07-18,48.35,Travel
CUST03788,2024-11-09,12.11,Grocery
CUST03788,2024-12-03,208.2,Electronics
CUST03788,2024-11-11,20.57,Clothing
CUST03788,2024-07-08,123.01,Electronics
CUST03788,2025-02-09,56.37,Electronics
CUST03788,2024-08-01,43.64,Clothing
CUST03788,2025-06-15,25.74,Travel
CUST03788,2024-09-14,82.87,Dining
CUST03788,2025-05-27,581.07,Clothing
CUST03788,2024-09-17,42.51,Clothing
CUST03788,2024-11-23,33.93,Electronics
CUST03788,2025-03-27,87.79,Dining
CUST03788,2025-07-20,77.94,Travel
CUST03788,2024-08-26,69.18,Travel
CUST03788,2024-11-27,161.97,Electronics
CUST03788,2024-10-17,23.5,Grocery
CUST03788,2025-03-09,49.64,Grocery
CUST03788,2024-11-29,75.63,Travel
CUST03788,2025-05-16,20.78,Travel
CUST03788,2025-05-07,22.02,Travel
CUST03788,2025-01-25,31.83,Grocery
CUST03788,2024-12-29,30.69,Clothing
CUST03788,2025-02-01,48.97,Dining
CUST03788,2024-12-09,57.95,Grocery
CUST03788,2024-09-02,22.34,Grocery
CUST03788,2025-03-04,68.14,Clothing
CUST03789,2020-12-08,130.08,Travel
CUST03789,2021-09-05,18.57,Grocery
CUST03789,2021-09-07,279.65,Grocery
CUST03789,2021-06-27,16.18,Grocery
CUST03789,2024-07-07,231.12,Electronics
CUST03789,2021-12-16,115.0,Travel
CUST03789,2024-01-07,79.32,Travel
CUST03789,2020-12-15,8.04,Dining
CUST03789,2022-11-23,207.02,Clothing
CUST03789,2021-08-05,105.39,Travel
CUST03789,2022-11-09,35.1,Electronics
CUST03789,2023-06-20,25.57,Travel
CUST03789,2024-07-25,43.24,Dining
CUST03789,2021-10-18,24.9,Travel
CUST03789,2022-09-16,68.17,Clothing
CUST03789,2024-10-17,71.45,Clothing
CUST03789,2023-02-14,36.86,Electronics
CUST03789,2023-03-09,17.5,Travel
CUST03789,2022-06-23,184.76,Grocery
CUST03789,2023-12-22,121.96,Electronics
CUST03789,2023-01-08,44.28,Dining
CUST03789,2023-11-26,15.14,Dining
CUST03789,2022-03-28,281.55,Grocery
CUST03789,2024-07-13,12.16,Dining
CUST03789,2020-12-03,151.62,Clothing
CUST03789,2021-10-23,24.41,Electronics
CUST03789,2021-03-27,38.86,Dining
CUST03789,2024-11-26,9.91,Dining
CUST03789,2023-02-26,47.21,Electronics
CUST03789,2023-07-20,125.92,Grocery
CUST03789,2021-05-08,96.28,Travel
CUST03789,2021-08-21,106.27,Clothing
CUST03789,2022-08-28,99.38,Travel
CUST03789,2024-09-04,9.48,Travel
CUST03789,2023-04-30,66.81,Travel
CUST03789,2025-04-30,181.95,Dining
CUST03789,2023-03-14,29.33,Dining
CUST03789,2023-04-04,72.29,Clothing
CUST03789,2020-10-28,16.91,Grocery
CUST03789,2023-07-04,26.31,Travel
CUST03789,2022-12-03,261.44,Clothing
CUST03789,2023-02-09,35.22,Dining
CUST03789,2022-11-25,14.24,Clothing
CUST03789,2021-06-09,20.24,Travel
CUST03789,2021-09-24,134.33,Dining
CUST03789,2023-04-30,7.11,Clothing
CUST03789,2023-04-24,81.01,Clothing
CUST03789,2021-04-13,37.46,Grocery
CUST03789,2025-01-24,38.77,Clothing
CUST03789,2021-05-15,7.91,Dining
CUST03789,2021-10-26,413.47,Electronics
CUST03789,2020-11-15,62.71,Dining
CUST03789,2021-08-08,36.23,Grocery
CUST03789,2024-03-28,198.46,Electronics
CUST03789,2025-06-19,71.5,Dining
CUST03789,2020-10-27,147.15,Travel
CUST03789,2023-12-05,11.08,Electronics
CUST03789,2023-05-21,95.28,Travel
CUST03789,2024-01-17,7.75,Clothing
CUST03789,2020-10-12,129.72,Dining
CUST03789,2024-11-01,125.87,Travel
CUST03789,2024-07-30,36.77,Clothing
CUST03789,2022-07-23,85.46,Grocery
CUST03789,2024-05-06,10.13,Dining
CUST03789,2021-07-01,53.03,Grocery
CUST03789,2023-02-20,157.52,Dining
CUST03789,2020-10-21,83.68,Grocery
CUST03789,2024-02-20,399.26,Electronics
CUST03789,2024-10-23,184.61,Travel
CUST03789,2023-12-03,92.16,Grocery
CUST03789,2024-03-15,7.5,Clothing
CUST03789,2024-06-12,55.18,Travel
CUST03789,2021-01-04,151.52,Dining
CUST03789,2023-11-12,56.79,Travel
CUST03789,2022-04-22,51.71,Clothing
CUST03789,2024-08-04,14.73,Travel
CUST03789,2024-06-11,67.55,Clothing
CUST03789,2023-08-25,16.21,Clothing
CUST03789,2023-07-26,48.42,Grocery
CUST03789,2020-10-06,216.36,Dining
CUST03789,2021-05-27,14.22,Grocery
CUST03789,2022-12-28,25.7,Dining
CUST03789,2021-03-01,55.56,Clothing
CUST03789,2023-02-19,57.13,Clothing
CUST03789,2021-09-07,57.96,Electronics
CUST03789,2023-10-13,42.71,Electronics
CUST03789,2021-06-24,75.08,Dining
CUST03789,2024-09-07,174.82,Clothing
CUST03789,2021-12-24,111.38,Electronics
CUST03789,2022-02-19,57.15,Clothing
CUST03789,2024-03-27,26.07,Travel
CUST03789,2025-04-13,33.46,Travel
CUST03789,2022-12-25,153.01,Clothing
CUST03789,2023-10-13,7.32,Grocery
CUST03789,2023-10-24,26.49,Electronics
CUST03789,2023-08-18,39.71,Grocery
CUST03789,2021-10-24,41.31,Travel
CUST03789,2022-09-03,182.95,Clothing
CUST03789,2022-12-19,222.58,Electronics
CUST03789,2024-08-01,78.54,Dining
CUST03789,2023-11-13,57.42,Travel
CUST03789,2024-12-15,7.69,Dining
CUST03789,2021-07-17,25.76,Grocery
CUST03790,2023-06-01,64.07,Travel
CUST03790,2022-02-13,201.46,Electronics
CUST03790,2023-06-23,25.85,Travel
CUST03790,2023-02-28,13.48,Travel
CUST03790,2023-12-09,50.45,Travel
CUST03790,2022-06-12,145.49,Electronics
CUST03790,2021-05-03,240.22,Grocery
CUST03790,2024-11-11,153.96,Travel
CUST03790,2022-10-01,190.9,Travel
CUST03790,2021-06-01,79.0,Travel
CUST03790,2022-10-27,21.03,Travel
CUST03790,2024-08-29,15.54,Travel
CUST03790,2024-05-28,10.82,Dining
CUST03790,2022-07-17,89.55,Grocery
CUST03790,2021-04-03,84.63,Dining
CUST03790,2023-11-28,52.41,Electronics
CUST03790,2022-10-10,60.23,Electronics
CUST03790,2022-06-01,34.7,Electronics
CUST03790,2022-01-28,222.43,Electronics
CUST03790,2022-10-31,26.13,Grocery
CUST03790,2021-02-24,26.56,Electronics
CUST03790,2022-07-24,288.86,Grocery
CUST03790,2021-12-16,29.57,Clothing
CUST03790,2023-06-04,126.53,Travel
CUST03790,2024-08-11,220.28,Clothing
CUST03790,2023-12-09,19.21,Electronics
CUST03790,2021-10-16,89.73,Grocery
CUST03790,2021-12-16,242.07,Dining
CUST03790,2022-10-12,67.32,Travel
CUST03790,2023-01-31,275.35,Electronics
CUST03790,2024-01-18,28.95,Electronics
CUST03790,2024-06-24,130.64,Travel
CUST03790,2023-03-04,53.53,Clothing
CUST03790,2024-05-16,9.15,Travel
CUST03790,2021-04-14,29.13,Travel
CUST03790,2024-10-07,185.34,Electronics
CUST03790,2024-06-28,38.29,Electronics
CUST03790,2024-02-08,51.03,Dining
CUST03790,2024-12-12,18.64,Electronics
CUST03790,2023-09-06,16.08,Dining
CUST03790,2021-09-23,19.31,Electronics
CUST03790,2025-02-23,179.59,Grocery
CUST03790,2023-12-21,70.31,Electronics
CUST03790,2020-12-27,64.03,Electronics
CUST03790,2023-11-23,14.98,Electronics
CUST03790,2022-05-01,160.88,Grocery
CUST03790,2023-02-10,112.12,Grocery
CUST03790,2024-09-11,83.94,Travel
CUST03790,2021-01-03,28.47,Clothing
CUST03790,2025-04-24,22.71,Clothing
CUST03790,2021-06-02,65.71,Electronics
CUST03790,2022-06-07,47.6,Clothing
CUST03790,2021-12-15,37.75,Grocery
CUST03790,2024-08-05,23.9,Travel
CUST03790,2023-07-24,13.38,Grocery
CUST03790,2025-01-03,59.67,Dining
CUST03790,2022-06-11,147.4,Travel
CUST03790,2022-11-01,169.98,Dining
CUST03790,2024-11-01,238.54,Grocery
CUST03790,2023-09-29,83.67,Grocery
CUST03790,2024-06-09,64.49,Grocery
CUST03790,2021-05-12,161.46,Grocery
CUST03790,2022-05-25,252.43,Electronics
CUST03790,2021-11-15,50.82,Clothing
CUST03790,2021-06-08,29.0,Electronics
CUST03790,2021-06-16,17.76,Grocery
CUST03790,2021-12-19,173.49,Clothing
CUST03790,2021-05-28,31.84,Clothing
CUST03790,2021-05-31,131.69,Clothing
CUST03790,2023-05-05,14.91,Clothing
CUST03790,2025-01-19,62.21,Dining
CUST03790,2023-04-25,42.89,Electronics
CUST03790,2022-03-31,37.87,Dining
CUST03790,2025-05-12,22.51,Travel
CUST03790,2024-01-04,125.91,Grocery
CUST03790,2023-11-21,237.89,Electronics
CUST03790,2022-04-14,43.82,Dining
CUST03790,2022-07-29,163.89,Dining
CUST03790,2025-04-21,40.4,Dining
CUST03790,2024-09-10,100.72,Clothing
CUST03790,2020-12-21,59.33,Travel
CUST03790,2024-09-04,66.26,Travel
CUST03790,2022-09-08,70.86,Clothing
CUST03790,2022-07-30,40.6,Travel
CUST03790,2024-07-04,46.02,Dining
CUST03790,2024-03-05,95.99,Dining
CUST03790,2022-04-15,127.3,Clothing
CUST03790,2023-02-08,104.09,Travel
CUST03790,2024-05-12,179.15,Dining
CUST03790,2021-04-09,60.04,Grocery
CUST03790,2025-06-11,125.83,Travel
CUST03790,2022-07-25,66.15,Electronics
CUST03790,2021-01-12,142.26,Clothing
CUST03790,2024-02-20,81.15,Grocery
CUST03790,2021-05-08,19.17,Grocery
CUST03790,2021-08-03,13.78,Dining
CUST03790,2021-07-31,106.76,Dining
CUST03790,2024-11-01,40.05,Travel
CUST03791,2025-04-03,239.49,Clothing
CUST03791,2024-01-25,9.13,Grocery
CUST03791,2024-10-01,108.41,Grocery
CUST03791,2025-07-07,30.71,Clothing
CUST03791,2024-12-12,184.96,Clothing
CUST03791,2025-06-15,112.67,Travel
CUST03791,2023-12-09,15.23,Travel
CUST03791,2023-12-13,134.96,Dining
CUST03791,2024-05-12,16.92,Electronics
CUST03791,2025-02-26,186.95,Clothing
CUST03791,2023-09-07,15.8,Grocery
CUST03791,2023-11-20,21.84,Dining
CUST03791,2025-01-05,53.44,Dining
CUST03791,2024-06-30,47.56,Dining
CUST03791,2023-12-12,100.37,Clothing
CUST03791,2023-11-12,27.13,Dining
CUST03791,2025-05-04,126.37,Clothing
CUST03791,2025-03-22,48.46,Dining
CUST03791,2024-12-25,135.67,Electronics
CUST03791,2025-01-05,307.52,Dining
CUST03791,2024-05-16,12.45,Electronics
CUST03791,2023-10-15,113.63,Clothing
CUST03791,2024-05-14,64.54,Electronics
CUST03791,2024-03-14,45.79,Electronics
CUST03791,2025-02-06,103.85,Electronics
CUST03791,2025-03-10,373.41,Grocery
CUST03791,2025-06-27,15.88,Travel
CUST03791,2024-11-30,99.6,Dining
CUST03791,2024-04-20,5.42,Electronics
CUST03791,2025-03-12,9.79,Grocery
CUST03791,2023-10-18,156.62,Travel
CUST03791,2024-01-08,93.54,Travel
CUST03791,2024-06-25,210.24,Grocery
CUST03791,2025-06-05,44.98,Electronics
CUST03791,2025-05-14,21.9,Travel
CUST03791,2023-08-29,43.02,Travel
CUST03791,2024-12-04,42.36,Electronics
CUST03791,2023-10-04,67.02,Dining
CUST03791,2024-03-21,14.37,Grocery
CUST03791,2024-02-22,87.69,Travel
CUST03791,2024-11-22,21.7,Clothing
CUST03791,2024-03-04,176.61,Travel
CUST03791,2023-10-08,18.11,Grocery
CUST03791,2024-11-05,42.04,Electronics
CUST03791,2023-09-13,90.96,Electronics
CUST03791,2024-03-02,60.23,Electronics
CUST03791,2024-06-28,56.52,Electronics
CUST03791,2024-08-31,26.15,Dining
CUST03791,2024-03-02,75.61,Travel
CUST03791,2024-01-28,60.8,Grocery
CUST03791,2024-06-24,824.09,Grocery
CUST03791,2024-05-03,37.27,Electronics
CUST03791,2025-03-05,10.34,Clothing
CUST03791,2024-10-16,16.42,Clothing
CUST03791,2025-02-22,160.47,Clothing
CUST03791,2024-10-21,15.86,Travel
CUST03791,2024-05-12,16.2,Clothing
CUST03791,2023-10-20,19.4,Travel
CUST03791,2024-05-26,5.09,Dining
CUST03791,2024-03-20,210.36,Travel
CUST03791,2024-12-31,58.6,Clothing
CUST03791,2024-10-22,13.13,Clothing
CUST03791,2024-01-15,38.31,Travel
CUST03791,2025-04-18,5.96,Grocery
CUST03791,2025-04-16,13.29,Clothing
CUST03791,2024-06-19,38.1,Dining
CUST03791,2023-08-27,79.32,Travel
CUST03791,2024-06-22,19.08,Dining
CUST03791,2024-08-18,185.52,Travel
CUST03791,2024-05-04,100.17,Dining
CUST03791,2024-04-29,7.2,Travel
CUST03791,2025-03-14,17.14,Electronics
CUST03791,2024-08-12,96.49,Clothing
CUST03791,2024-04-07,117.25,Clothing
CUST03791,2024-08-16,177.04,Dining
CUST03791,2023-10-18,41.28,Electronics
CUST03791,2023-10-30,164.78,Clothing
CUST03791,2023-10-03,69.73,Grocery
CUST03791,2024-08-31,63.46,Grocery
CUST03791,2024-10-06,7.48,Grocery
CUST03791,2024-03-08,67.25,Travel
CUST03791,2023-08-27,30.76,Grocery
CUST03791,2024-04-30,71.5,Travel
CUST03791,2023-11-12,18.9,Electronics
CUST03791,2024-03-13,158.83,Electronics
CUST03792,2025-02-07,53.46,Dining
CUST03792,2023-06-25,120.04,Clothing
CUST03792,2024-10-19,72.59,Clothing
CUST03792,2022-07-10,126.84,Dining
CUST03792,2025-01-15,296.54,Clothing
CUST03792,2024-07-24,159.76,Electronics
CUST03792,2024-11-01,280.42,Grocery
CUST03792,2022-06-20,174.27,Grocery
CUST03792,2024-04-14,21.09,Dining
CUST03792,2024-07-24,58.73,Electronics
CUST03792,2025-02-18,237.02,Travel
CUST03792,2025-06-20,73.19,Clothing
CUST03792,2022-10-30,111.08,Dining
CUST03792,2023-07-18,72.47,Grocery
CUST03792,2025-04-02,79.99,Clothing
CUST03792,2025-05-13,9.19,Clothing
CUST03792,2022-11-02,72.93,Electronics
CUST03792,2025-02-28,12.65,Dining
CUST03792,2023-01-06,27.12,Travel
CUST03792,2023-02-18,128.57,Clothing
CUST03792,2023-01-15,54.84,Grocery
CUST03792,2022-09-30,43.04,Clothing
CUST03792,2025-06-01,65.69,Clothing
CUST03792,2024-04-22,46.48,Grocery
CUST03792,2024-02-13,80.38,Dining
CUST03792,2025-04-19,174.94,Clothing
CUST03792,2025-07-29,8.16,Clothing
CUST03792,2023-01-07,88.96,Clothing
CUST03792,2022-08-01,137.89,Clothing
CUST03792,2024-06-23,104.28,Clothing
CUST03792,2024-08-08,12.18,Clothing
CUST03792,2025-01-03,27.86,Electronics
CUST03792,2022-11-13,68.0,Clothing
CUST03792,2024-03-28,274.06,Clothing
CUST03792,2023-07-06,55.94,Dining
CUST03792,2022-07-25,42.05,Grocery
CUST03792,2024-05-07,172.3,Dining
CUST03792,2022-12-01,112.43,Travel
CUST03792,2024-04-17,124.06,Grocery
CUST03792,2023-03-31,10.98,Grocery
CUST03792,2024-12-19,9.96,Travel
CUST03792,2024-03-03,15.76,Clothing
CUST03792,2024-04-23,115.32,Travel
CUST03792,2023-08-13,23.85,Dining
CUST03792,2022-08-07,54.43,Clothing
CUST03792,2023-06-04,88.94,Clothing
CUST03792,2024-08-09,32.88,Electronics
CUST03792,2024-11-24,59.3,Clothing
CUST03792,2023-11-26,35.98,Grocery
CUST03792,2024-09-30,14.94,Travel
CUST03792,2024-03-09,95.14,Travel
CUST03792,2023-03-13,110.63,Grocery
CUST03792,2023-09-09,300.6,Clothing
CUST03792,2023-07-15,143.16,Travel
CUST03792,2023-01-09,194.58,Electronics
CUST03792,2024-06-18,174.5,Grocery
CUST03792,2025-02-26,22.81,Dining
CUST03792,2023-11-12,74.9,Clothing
CUST03792,2022-07-15,107.44,Dining
CUST03792,2023-02-26,8.76,Grocery
CUST03792,2024-09-15,188.82,Dining
CUST03792,2023-02-17,8.32,Clothing
CUST03792,2023-09-03,16.01,Travel
CUST03792,2024-02-19,21.93,Grocery
CUST03792,2024-08-11,185.29,Clothing
CUST03792,2022-08-28,134.35,Electronics
CUST03792,2025-05-23,103.64,Dining
CUST03792,2023-10-21,41.51,Dining
CUST03792,2023-01-02,15.75,Electronics
CUST03792,2022-12-05,130.06,Electronics
CUST03792,2023-06-15,43.59,Travel
CUST03792,2022-10-24,155.35,Dining
CUST03792,2023-12-31,93.85,Electronics
CUST03792,2022-06-08,78.72,Electronics
CUST03792,2022-04-27,45.06,Clothing
CUST03792,2023-03-25,17.23,Travel
CUST03792,2023-11-24,8.02,Dining
CUST03792,2024-07-30,78.46,Dining
CUST03792,2024-05-18,313.85,Dining
CUST03792,2022-10-19,33.83,Dining
CUST03792,2024-07-14,54.22,Dining
CUST03792,2023-08-15,9.8,Grocery
CUST03792,2025-03-15,110.73,Clothing
CUST03792,2024-03-25,94.29,Clothing
CUST03792,2024-05-19,130.09,Dining
CUST03792,2022-07-16,7.86,Clothing
CUST03792,2025-05-20,30.36,Grocery
CUST03792,2023-12-16,21.37,Dining
CUST03792,2022-09-12,237.82,Travel
CUST03792,2023-02-06,180.65,Clothing
CUST03792,2023-09-15,18.67,Electronics
CUST03792,2023-11-11,7.51,Grocery
CUST03792,2025-04-10,94.49,Dining
CUST03792,2025-04-05,20.53,Clothing
CUST03792,2022-06-03,19.81,Dining
CUST03792,2023-01-01,52.69,Dining
CUST03792,2024-05-31,88.43,Grocery
CUST03792,2023-04-20,75.64,Travel
CUST03792,2023-05-10,87.7,Dining
CUST03792,2022-10-04,36.06,Dining
CUST03792,2024-10-04,90.93,Clothing
CUST03792,2022-10-03,113.08,Grocery
CUST03792,2023-07-01,10.71,Dining
CUST03792,2022-11-05,17.77,Grocery
CUST03792,2024-03-12,123.93,Clothing
CUST03792,2024-11-27,124.44,Travel
CUST03792,2024-08-14,10.26,Clothing
CUST03792,2024-10-07,249.62,Dining
CUST03792,2025-05-05,10.52,Dining
CUST03792,2025-03-03,153.23,Dining
CUST03792,2023-10-21,52.77,Electronics
CUST03792,2023-03-11,45.6,Grocery
CUST03792,2023-07-18,64.61,Clothing
CUST03792,2023-09-15,273.3,Electronics
CUST03793,2025-04-28,45.0,Clothing
CUST03793,2023-11-18,46.77,Grocery
CUST03793,2023-12-01,45.91,Clothing
CUST03793,2024-02-04,64.87,Clothing
CUST03793,2023-12-17,56.75,Dining
CUST03793,2024-10-20,7.68,Dining
CUST03793,2025-06-30,244.58,Dining
CUST03793,2024-10-26,18.89,Travel
CUST03793,2024-12-03,99.1,Electronics
CUST03793,2025-01-29,341.95,Grocery
CUST03793,2024-11-06,11.44,Clothing
CUST03793,2025-03-05,67.39,Travel
CUST03793,2023-12-16,91.33,Dining
CUST03793,2023-11-02,39.17,Travel
CUST03793,2025-03-21,7.29,Travel
CUST03793,2025-07-14,138.51,Grocery
CUST03793,2025-05-27,25.07,Dining
CUST03793,2024-10-09,38.27,Electronics
CUST03793,2024-03-30,40.73,Clothing
CUST03793,2025-05-29,17.93,Electronics
CUST03793,2024-05-10,132.93,Travel
CUST03793,2023-12-26,47.12,Dining
CUST03793,2023-11-19,18.21,Electronics
CUST03793,2025-05-05,15.29,Dining
CUST03793,2025-06-15,66.05,Travel
CUST03793,2024-12-18,49.55,Clothing
CUST03793,2024-06-08,27.54,Clothing
CUST03793,2024-08-20,113.38,Travel
CUST03793,2025-02-09,155.81,Electronics
CUST03793,2024-04-07,82.93,Clothing
CUST03793,2024-06-23,32.32,Electronics
CUST03793,2025-04-07,20.85,Travel
CUST03793,2024-12-05,38.54,Electronics
CUST03793,2025-07-24,148.6,Grocery
CUST03793,2024-11-21,18.66,Electronics
CUST03793,2024-11-22,134.98,Clothing
CUST03793,2025-06-17,210.8,Dining
CUST03793,2024-09-24,153.24,Travel
CUST03793,2025-01-24,51.89,Travel
CUST03793,2025-02-14,45.82,Dining
CUST03793,2024-04-29,89.12,Travel
CUST03793,2024-01-07,9.39,Electronics
CUST03793,2023-11-03,50.16,Travel
CUST03793,2024-05-29,79.54,Clothing
CUST03793,2024-02-15,53.53,Travel
CUST03793,2024-05-06,154.52,Dining
CUST03793,2025-05-26,9.54,Clothing
CUST03793,2025-05-21,45.01,Travel
CUST03793,2023-11-20,166.02,Clothing
CUST03793,2025-06-03,153.93,Electronics
CUST03793,2024-12-07,189.59,Electronics
CUST03793,2024-10-23,73.56,Clothing
CUST03793,2025-04-26,15.82,Clothing
CUST03793,2025-07-17,7.38,Dining
CUST03793,2023-12-12,40.87,Electronics
CUST03793,2025-03-08,88.49,Electronics
CUST03793,2023-10-08,11.32,Grocery
CUST03793,2023-12-23,9.55,Dining
CUST03793,2024-03-19,48.11,Travel
CUST03793,2024-04-12,127.72,Dining
CUST03793,2024-10-12,28.06,Grocery
CUST03793,2025-04-13,18.19,Clothing
CUST03793,2024-03-28,30.89,Grocery
CUST03793,2025-03-14,72.25,Grocery
CUST03793,2025-03-20,49.89,Clothing
CUST03793,2025-06-07,148.68,Travel
CUST03793,2024-05-09,193.73,Electronics
CUST03793,2023-12-25,97.11,Clothing
CUST03793,2024-10-31,32.03,Electronics
CUST03793,2024-01-21,283.19,Dining
CUST03793,2025-04-16,71.81,Electronics
CUST03793,2023-10-22,24.48,Travel
CUST03793,2025-02-06,51.18,Grocery
CUST03793,2025-06-25,122.57,Electronics
CUST03793,2024-01-20,28.48,Electronics
CUST03793,2024-05-12,52.22,Travel
CUST03793,2024-03-23,193.41,Travel
CUST03793,2024-04-26,36.77,Dining
CUST03793,2023-10-31,18.13,Grocery
CUST03793,2024-04-09,48.91,Travel
CUST03793,2024-04-04,13.35,Travel
CUST03793,2024-08-30,170.31,Travel
CUST03793,2024-03-05,166.24,Grocery
CUST03793,2025-01-05,112.57,Grocery
CUST03793,2024-06-06,38.25,Dining
CUST03793,2024-04-19,38.69,Dining
CUST03793,2024-09-24,40.66,Clothing
CUST03793,2024-09-04,25.53,Grocery
CUST03793,2025-05-18,55.79,Dining
CUST03793,2025-01-29,84.01,Electronics
CUST03793,2025-06-27,353.74,Clothing
CUST03793,2024-06-16,26.26,Clothing
CUST03793,2024-05-28,104.94,Electronics
CUST03793,2025-03-20,105.08,Dining
CUST03793,2025-04-02,163.18,Clothing
CUST03793,2024-03-08,373.92,Grocery
CUST03793,2025-04-22,5.49,Travel
CUST03793,2024-06-18,22.07,Electronics
CUST03793,2024-12-13,9.92,Dining
CUST03793,2024-10-14,179.9,Travel
CUST03794,2023-12-09,38.41,Travel
CUST03794,2022-09-19,19.42,Dining
CUST03794,2024-03-18,84.91,Dining
CUST03794,2022-09-30,29.35,Electronics
CUST03794,2023-11-26,21.2,Travel
CUST03794,2025-07-27,18.26,Travel
CUST03794,2024-04-07,148.78,Travel
CUST03794,2023-04-08,143.54,Travel
CUST03794,2023-10-23,230.84,Travel
CUST03794,2024-03-03,22.08,Travel
CUST03794,2024-07-23,69.13,Clothing
CUST03794,2024-05-15,115.85,Electronics
CUST03794,2024-03-05,66.57,Grocery
CUST03794,2023-09-09,138.77,Dining
CUST03794,2023-12-16,342.32,Clothing
CUST03794,2023-03-07,86.17,Grocery
CUST03794,2023-02-15,15.76,Electronics
CUST03794,2023-01-03,43.58,Grocery
CUST03794,2023-09-07,181.7,Travel
CUST03794,2023-08-29,114.99,Clothing
CUST03794,2023-09-25,5.71,Grocery
CUST03794,2023-03-06,10.69,Electronics
CUST03794,2024-05-21,29.15,Electronics
CUST03794,2024-03-07,26.64,Grocery
CUST03794,2024-01-15,64.54,Dining
CUST03794,2024-03-18,39.88,Grocery
CUST03794,2024-05-13,185.35,Clothing
CUST03794,2023-07-15,182.0,Electronics
CUST03794,2023-01-05,70.31,Clothing
CUST03794,2024-07-01,72.81,Travel
CUST03794,2024-03-27,18.04,Electronics
CUST03794,2022-07-23,6.9,Clothing
CUST03794,2023-01-12,31.02,Travel
CUST03794,2025-04-08,70.51,Travel
CUST03794,2024-07-07,122.07,Travel
CUST03794,2023-08-01,231.45,Grocery
CUST03794,2022-08-25,230.49,Electronics
CUST03794,2022-08-22,7.67,Travel
CUST03794,2024-06-28,41.41,Grocery
CUST03794,2023-06-01,90.94,Travel
CUST03794,2024-12-25,178.72,Clothing
CUST03794,2025-01-23,112.92,Travel
CUST03794,2022-12-11,66.92,Clothing
CUST03794,2025-04-24,183.66,Electronics
CUST03794,2023-09-04,67.11,Grocery
CUST03794,2022-12-24,187.33,Dining
CUST03794,2025-06-04,47.15,Clothing
CUST03794,2024-02-01,41.38,Dining
CUST03794,2025-01-07,35.6,Dining
CUST03794,2023-03-02,89.21,Travel
CUST03794,2024-03-13,18.8,Clothing
CUST03794,2023-04-12,68.6,Clothing
CUST03794,2023-07-29,42.93,Dining
CUST03794,2024-07-13,60.61,Grocery
CUST03794,2024-03-07,76.44,Travel
CUST03794,2024-01-26,7.12,Travel
CUST03794,2025-02-14,104.14,Electronics
CUST03794,2023-12-19,26.0,Travel
CUST03794,2024-11-18,128.78,Dining
CUST03794,2023-08-21,88.49,Electronics
CUST03794,2025-03-30,31.98,Dining
CUST03794,2024-02-15,6.77,Grocery
CUST03794,2023-05-15,13.89,Electronics
CUST03794,2023-08-20,246.84,Dining
CUST03794,2023-12-22,12.34,Grocery
CUST03794,2024-11-26,136.65,Electronics
CUST03794,2023-11-02,41.66,Clothing
CUST03794,2023-03-19,51.65,Grocery
CUST03794,2025-07-08,55.78,Clothing
CUST03794,2024-08-09,65.42,Electronics
CUST03794,2024-02-20,18.5,Electronics
CUST03794,2022-09-16,11.07,Dining
CUST03794,2024-12-02,14.88,Travel
CUST03794,2022-09-24,53.02,Dining
CUST03794,2025-07-08,84.87,Grocery
CUST03794,2025-02-13,191.41,Dining
CUST03794,2023-10-08,32.41,Grocery
CUST03794,2025-07-23,62.12,Clothing
CUST03794,2024-07-06,47.9,Dining
CUST03794,2023-10-07,7.72,Clothing
CUST03794,2024-12-24,68.57,Grocery
CUST03794,2024-12-31,274.46,Electronics
CUST03794,2024-01-26,9.99,Clothing
CUST03794,2023-10-11,6.02,Dining
CUST03794,2024-08-18,79.86,Dining
CUST03794,2023-11-09,62.69,Electronics
CUST03794,2022-11-27,60.09,Electronics
CUST03794,2022-11-16,182.11,Grocery
CUST03794,2023-03-02,72.76,Grocery
CUST03794,2024-12-28,62.94,Grocery
CUST03794,2025-02-06,19.75,Grocery
CUST03794,2024-06-29,198.34,Grocery
CUST03794,2022-08-17,155.08,Grocery
CUST03794,2024-05-02,112.1,Electronics
CUST03794,2025-01-11,160.36,Travel
CUST03794,2023-09-29,33.05,Electronics
CUST03794,2024-04-11,162.47,Clothing
CUST03794,2025-05-22,13.34,Grocery
CUST03794,2025-06-10,118.53,Travel
CUST03794,2023-09-23,15.44,Travel
CUST03794,2023-10-09,170.72,Electronics
CUST03794,2023-06-25,98.36,Electronics
CUST03794,2022-09-20,30.13,Clothing
CUST03794,2023-02-23,67.54,Clothing
CUST03794,2024-01-30,10.19,Electronics
CUST03794,2024-06-13,87.93,Travel
CUST03794,2025-06-04,116.86,Dining
CUST03794,2025-01-07,120.73,Grocery
CUST03795,2025-06-15,36.63,Grocery
CUST03795,2025-06-06,191.63,Clothing
CUST03795,2025-01-25,69.43,Grocery
CUST03795,2024-09-05,34.97,Travel
CUST03795,2025-01-25,167.25,Electronics
CUST03795,2024-10-14,106.44,Travel
CUST03795,2024-09-06,130.28,Clothing
CUST03795,2025-01-20,82.58,Dining
CUST03795,2025-07-13,9.88,Clothing
CUST03795,2025-02-14,12.43,Grocery
CUST03795,2025-01-13,112.56,Travel
CUST03795,2025-04-13,19.42,Dining
CUST03795,2024-10-20,111.56,Dining
CUST03795,2025-04-27,43.21,Clothing
CUST03795,2024-10-24,97.92,Electronics
CUST03795,2025-07-13,41.44,Dining
CUST03795,2024-08-22,69.64,Grocery
CUST03795,2025-03-08,68.2,Dining
CUST03795,2025-05-07,79.32,Clothing
CUST03795,2024-10-09,240.85,Travel
CUST03795,2025-04-27,218.28,Travel
CUST03795,2025-02-10,169.96,Electronics
CUST03795,2025-06-18,11.87,Dining
CUST03795,2024-10-13,136.13,Dining
CUST03795,2024-09-18,60.91,Clothing
CUST03795,2024-10-03,55.5,Clothing
CUST03795,2025-05-20,89.54,Grocery
CUST03795,2025-02-08,68.29,Clothing
CUST03795,2025-04-25,115.32,Dining
CUST03795,2025-06-28,21.36,Clothing
CUST03795,2025-01-19,52.42,Travel
CUST03795,2025-05-15,196.73,Travel
CUST03795,2025-05-19,91.64,Clothing
CUST03795,2024-11-11,33.09,Grocery
CUST03795,2025-01-17,97.0,Grocery
CUST03795,2025-01-16,23.15,Travel
CUST03795,2024-12-04,53.26,Travel
CUST03795,2025-01-26,522.97,Clothing
CUST03795,2025-01-25,92.34,Dining
CUST03795,2025-04-06,12.4,Electronics
CUST03795,2024-08-26,136.47,Clothing
CUST03795,2024-08-24,77.91,Travel
CUST03795,2024-10-18,122.54,Clothing
CUST03795,2024-12-24,105.58,Travel
CUST03795,2025-03-23,10.96,Electronics
CUST03795,2025-03-03,7.04,Clothing
CUST03795,2025-07-18,143.99,Dining
CUST03795,2025-02-28,8.23,Electronics
CUST03795,2024-09-07,114.48,Grocery
CUST03795,2024-10-20,172.56,Electronics
CUST03795,2025-01-04,223.1,Dining
CUST03795,2024-12-28,72.44,Dining
CUST03795,2025-07-03,72.12,Travel
CUST03795,2025-07-30,290.11,Electronics
CUST03795,2025-01-29,251.34,Grocery
CUST03795,2025-04-13,43.86,Clothing
CUST03795,2025-04-02,12.71,Electronics
CUST03795,2025-07-11,23.36,Travel
CUST03795,2025-04-27,29.28,Travel
CUST03795,2024-11-22,303.23,Travel
CUST03795,2025-08-01,114.73,Dining
CUST03795,2025-06-19,173.92,Travel
CUST03795,2024-11-23,59.37,Travel
CUST03795,2024-11-05,6.96,Electronics
CUST03795,2024-12-13,54.75,Travel
CUST03795,2025-07-27,178.02,Clothing
CUST03795,2025-04-17,22.92,Dining
CUST03795,2024-10-24,122.29,Dining
CUST03795,2025-03-11,642.14,Electronics
CUST03795,2024-11-03,91.02,Clothing
CUST03795,2025-01-02,113.91,Travel
CUST03795,2024-09-15,28.53,Clothing
CUST03795,2024-11-10,113.12,Electronics
CUST03795,2025-06-23,21.93,Travel
CUST03795,2024-09-06,14.24,Dining
CUST03795,2025-01-26,80.62,Electronics
CUST03795,2025-07-08,18.79,Dining
CUST03795,2025-07-31,107.27,Grocery
CUST03795,2025-06-12,129.1,Travel
CUST03795,2025-05-02,109.23,Electronics
CUST03795,2024-11-02,105.75,Grocery
CUST03795,2025-07-05,27.15,Clothing
CUST03795,2025-06-24,70.46,Travel
CUST03795,2025-04-03,104.44,Electronics
CUST03795,2024-11-09,106.99,Grocery
CUST03795,2025-03-24,32.57,Travel
CUST03795,2025-04-13,259.22,Travel
CUST03795,2025-01-23,36.59,Dining
CUST03795,2024-10-28,13.47,Grocery
CUST03795,2025-01-09,20.99,Travel
CUST03795,2025-05-23,78.57,Clothing
CUST03795,2025-05-14,140.17,Travel
CUST03795,2025-02-26,141.48,Clothing
CUST03795,2025-04-12,64.36,Clothing
CUST03795,2025-07-31,93.09,Grocery
CUST03795,2025-03-16,220.45,Clothing
CUST03795,2024-09-21,16.99,Dining
CUST03796,2024-10-18,34.66,Grocery
CUST03796,2024-08-21,73.1,Dining
CUST03796,2024-01-23,170.53,Travel
CUST03796,2024-07-06,16.88,Electronics
CUST03796,2023-11-06,114.51,Clothing
CUST03796,2024-07-04,85.32,Electronics
CUST03796,2024-06-03,15.6,Travel
CUST03796,2025-01-19,49.77,Grocery
CUST03796,2024-07-19,60.76,Grocery
CUST03796,2024-11-07,70.75,Dining
CUST03796,2025-07-30,103.81,Clothing
CUST03796,2024-02-16,37.38,Grocery
CUST03796,2025-03-07,91.66,Dining
CUST03796,2023-11-24,76.54,Dining
CUST03796,2024-11-22,89.97,Travel
CUST03796,2024-09-06,6.89,Grocery
CUST03796,2024-02-06,18.94,Travel
CUST03796,2024-05-13,76.74,Electronics
CUST03796,2024-08-06,137.67,Travel
CUST03796,2025-02-16,33.37,Dining
CUST03796,2025-04-18,59.53,Grocery
CUST03796,2025-04-12,55.56,Travel
CUST03796,2025-06-06,127.92,Dining
CUST03796,2023-11-09,183.38,Clothing
CUST03796,2023-11-25,44.03,Grocery
CUST03796,2024-03-15,158.86,Dining
CUST03796,2024-02-20,40.62,Travel
CUST03796,2024-01-11,94.45,Electronics
CUST03796,2023-12-02,26.83,Grocery
CUST03796,2025-06-04,116.1,Grocery
CUST03796,2025-07-11,51.26,Electronics
CUST03796,2025-04-11,49.91,Grocery
CUST03796,2025-01-07,39.76,Dining
CUST03796,2025-05-15,24.14,Travel
CUST03796,2025-01-05,32.82,Dining
CUST03796,2024-07-07,61.26,Dining
CUST03796,2023-11-14,32.58,Travel
CUST03796,2023-11-23,52.73,Clothing
CUST03796,2023-11-03,46.0,Grocery
CUST03796,2024-10-13,7.3,Electronics
CUST03796,2024-12-02,89.47,Grocery
CUST03796,2025-06-07,217.95,Clothing
CUST03796,2024-09-13,33.48,Grocery
CUST03796,2024-12-01,95.19,Dining
CUST03796,2024-11-09,234.96,Travel
CUST03796,2025-02-08,312.82,Grocery
CUST03796,2024-08-09,56.35,Grocery
CUST03796,2024-06-19,5.3,Clothing
CUST03796,2024-08-28,176.63,Clothing
CUST03796,2023-12-08,48.93,Dining
CUST03796,2024-11-24,53.65,Clothing
CUST03796,2025-01-24,168.14,Electronics
CUST03796,2023-11-01,21.17,Grocery
CUST03796,2024-07-30,103.35,Dining
CUST03796,2024-01-18,52.54,Dining
CUST03796,2024-08-26,36.84,Dining
CUST03796,2023-11-17,77.19,Electronics
CUST03796,2024-11-22,119.72,Dining
CUST03796,2024-02-05,182.49,Grocery
CUST03796,2025-07-19,150.97,Dining
CUST03796,2024-08-28,119.15,Electronics
CUST03796,2024-07-13,14.58,Travel
CUST03796,2024-07-14,20.67,Clothing
CUST03796,2024-05-21,123.03,Dining
CUST03796,2024-06-10,50.55,Travel
CUST03796,2024-02-29,180.14,Electronics
CUST03796,2024-12-17,23.7,Grocery
CUST03796,2025-05-14,54.36,Grocery
CUST03796,2023-10-16,10.85,Electronics
CUST03796,2025-02-21,149.08,Clothing
CUST03796,2024-05-27,53.98,Travel
CUST03796,2024-08-17,85.17,Grocery
CUST03796,2025-03-05,90.5,Clothing
CUST03796,2023-12-22,107.03,Electronics
CUST03796,2024-06-15,20.64,Travel
CUST03796,2025-07-08,16.18,Dining
CUST03796,2025-07-28,121.22,Electronics
CUST03796,2024-05-06,69.48,Dining
CUST03796,2025-06-22,27.74,Dining
CUST03796,2024-01-01,13.85,Electronics
CUST03796,2024-06-18,25.93,Electronics
CUST03796,2025-06-19,43.89,Electronics
CUST03796,2024-09-02,143.61,Travel
CUST03796,2024-01-25,227.12,Dining
CUST03796,2025-06-17,114.06,Dining
CUST03796,2024-12-03,120.13,Grocery
CUST03796,2024-03-06,23.69,Grocery
CUST03796,2024-06-03,200.6,Clothing
CUST03796,2024-12-13,19.06,Travel
CUST03796,2024-10-09,236.53,Electronics
CUST03796,2024-08-01,55.68,Grocery
CUST03796,2025-04-10,152.6,Grocery
CUST03796,2024-08-14,33.75,Grocery
CUST03796,2025-06-21,167.66,Dining
CUST03797,2023-06-25,5.16,Dining
CUST03797,2024-07-31,7.38,Dining
CUST03797,2025-02-07,105.0,Dining
CUST03797,2022-10-03,44.72,Travel
CUST03797,2022-10-16,133.63,Travel
CUST03797,2024-02-14,14.54,Electronics
CUST03797,2023-11-24,55.06,Clothing
CUST03797,2024-04-24,13.18,Electronics
CUST03797,2024-11-18,6.67,Dining
CUST03797,2023-08-30,25.31,Dining
CUST03797,2024-04-08,23.83,Grocery
CUST03797,2024-04-07,38.52,Clothing
CUST03797,2022-10-05,135.54,Electronics
CUST03797,2023-06-12,66.13,Dining
CUST03797,2025-04-23,18.26,Electronics
CUST03797,2023-07-23,224.14,Travel
CUST03797,2024-09-01,118.83,Grocery
CUST03797,2024-02-16,56.29,Travel
CUST03797,2023-12-19,245.63,Grocery
CUST03797,2024-10-10,36.57,Grocery
CUST03797,2023-06-29,69.26,Travel
CUST03797,2023-06-27,20.94,Dining
CUST03797,2023-06-23,186.12,Travel
CUST03797,2022-12-21,13.85,Grocery
CUST03797,2023-02-23,222.55,Travel
CUST03797,2025-07-26,19.05,Clothing
CUST03797,2023-08-11,17.97,Electronics
CUST03797,2024-04-30,62.07,Clothing
CUST03797,2023-08-30,150.15,Clothing
CUST03797,2022-08-16,11.55,Dining
CUST03797,2022-12-09,24.1,Grocery
CUST03797,2024-02-01,209.97,Grocery
CUST03797,2024-03-08,56.31,Dining
CUST03797,2023-03-29,16.54,Electronics
CUST03797,2025-06-13,50.81,Grocery
CUST03797,2024-06-28,334.72,Electronics
CUST03797,2023-11-23,147.07,Electronics
CUST03797,2024-07-10,7.22,Dining
CUST03797,2023-03-27,36.9,Clothing
CUST03797,2023-01-02,165.02,Electronics
CUST03797,2025-04-13,92.24,Grocery
CUST03797,2024-03-20,149.43,Clothing
CUST03797,2024-04-06,65.5,Grocery
CUST03797,2024-05-30,14.66,Electronics
CUST03797,2025-03-30,9.35,Clothing
CUST03797,2024-09-28,34.03,Grocery
CUST03797,2025-04-12,54.93,Grocery
CUST03797,2023-03-25,160.49,Dining
CUST03797,2024-05-25,20.37,Travel
CUST03797,2023-04-25,37.42,Travel
CUST03797,2024-02-04,106.52,Dining
CUST03797,2024-06-09,204.49,Electronics
CUST03797,2024-09-20,143.57,Dining
CUST03797,2024-08-06,70.87,Grocery
CUST03797,2024-11-02,45.3,Clothing
CUST03797,2024-11-16,36.09,Dining
CUST03797,2024-02-08,33.41,Travel
CUST03797,2025-08-01,97.34,Electronics
CUST03797,2025-05-20,27.2,Travel
CUST03797,2025-05-14,136.93,Grocery
CUST03797,2023-01-16,11.42,Clothing
CUST03797,2024-02-06,122.24,Dining
CUST03797,2025-02-26,96.24,Grocery
CUST03797,2024-04-17,87.93,Electronics
CUST03797,2024-04-06,31.02,Electronics
CUST03797,2024-09-11,57.09,Dining
CUST03797,2025-03-04,69.33,Travel
CUST03797,2024-02-13,9.75,Electronics
CUST03797,2024-08-19,127.37,Clothing
CUST03797,2022-12-07,72.84,Travel
CUST03797,2023-02-03,96.21,Grocery
CUST03797,2023-09-17,32.14,Grocery
CUST03797,2023-05-12,51.23,Dining
CUST03797,2025-01-08,75.74,Grocery
CUST03797,2023-01-16,17.97,Dining
CUST03797,2023-10-22,197.84,Grocery
CUST03797,2023-05-15,117.99,Grocery
CUST03797,2023-01-27,207.23,Travel
CUST03797,2023-12-21,19.15,Travel
CUST03797,2023-03-12,69.6,Electronics
CUST03797,2025-05-15,37.23,Electronics
CUST03797,2025-02-02,14.7,Grocery
CUST03797,2023-04-16,16.67,Travel
CUST03797,2023-03-26,76.65,Clothing
CUST03797,2025-05-23,109.84,Clothing
CUST03797,2024-08-15,49.04,Travel
CUST03797,2023-04-18,133.8,Clothing
CUST03797,2024-11-21,116.99,Clothing
CUST03797,2025-05-21,371.75,Travel
CUST03797,2023-02-20,236.86,Clothing
CUST03797,2023-08-24,48.43,Grocery
CUST03797,2024-04-22,26.51,Grocery
CUST03797,2022-12-19,336.64,Grocery
CUST03797,2022-10-05,8.07,Grocery
CUST03797,2024-04-01,91.07,Clothing
CUST03797,2024-06-18,33.26,Clothing
CUST03797,2023-03-05,8.81,Clothing
CUST03797,2023-05-13,22.74,Dining
CUST03797,2022-11-23,380.4,Grocery
CUST03797,2023-02-17,16.94,Travel
CUST03797,2023-05-10,43.07,Grocery
CUST03797,2024-03-18,64.26,Electronics
CUST03797,2024-03-10,39.0,Electronics
CUST03797,2023-01-07,90.43,Electronics
CUST03797,2024-11-28,161.17,Dining
CUST03797,2024-02-03,170.01,Travel
CUST03797,2023-09-19,29.6,Clothing
CUST03797,2024-04-07,59.39,Electronics
CUST03797,2023-11-22,12.36,Clothing
CUST03797,2024-08-11,97.2,Dining
CUST03798,2021-10-16,152.91,Grocery
CUST03798,2021-12-28,9.35,Dining
CUST03798,2023-02-25,41.51,Dining
CUST03798,2024-07-03,62.9,Travel
CUST03798,2024-05-22,245.23,Electronics
CUST03798,2021-05-03,189.88,Clothing
CUST03798,2023-09-11,33.96,Clothing
CUST03798,2023-09-02,59.69,Grocery
CUST03798,2022-07-31,63.74,Electronics
CUST03798,2024-08-17,64.54,Electronics
CUST03798,2023-08-26,317.49,Clothing
CUST03798,2023-04-01,7.52,Travel
CUST03798,2021-12-12,17.07,Travel
CUST03798,2024-05-23,116.13,Travel
CUST03798,2025-01-31,17.5,Electronics
CUST03798,2022-12-04,198.34,Dining
CUST03798,2021-04-11,70.97,Dining
CUST03798,2023-02-14,52.87,Electronics
CUST03798,2025-07-09,10.53,Clothing
CUST03798,2024-11-30,172.86,Grocery
CUST03798,2021-02-15,19.53,Electronics
CUST03798,2025-07-03,60.56,Grocery
CUST03798,2025-01-27,62.32,Travel
CUST03798,2022-04-25,46.72,Travel
CUST03798,2023-04-13,14.37,Clothing
CUST03798,2024-04-08,7.18,Grocery
CUST03798,2022-07-24,45.13,Electronics
CUST03798,2025-01-02,12.83,Clothing
CUST03798,2021-03-14,29.57,Grocery
CUST03798,2021-11-08,233.35,Travel
CUST03798,2021-03-14,89.55,Travel
CUST03798,2020-12-10,32.04,Travel
CUST03798,2022-08-22,97.09,Electronics
CUST03798,2023-02-13,9.85,Travel
CUST03798,2024-12-05,354.43,Grocery
CUST03798,2025-03-26,6.67,Clothing
CUST03798,2022-04-16,64.01,Grocery
CUST03798,2021-07-23,74.58,Clothing
CUST03798,2021-11-04,32.4,Travel
CUST03798,2022-08-13,45.87,Grocery
CUST03798,2023-10-25,142.68,Grocery
CUST03798,2025-07-20,13.31,Dining
CUST03798,2024-08-19,309.4,Grocery
CUST03798,2022-12-04,12.41,Electronics
CUST03798,2024-12-08,345.98,Electronics
CUST03798,2024-11-06,88.19,Grocery
CUST03798,2023-11-12,122.9,Dining
CUST03798,2022-06-30,9.11,Clothing
CUST03798,2024-11-22,27.85,Dining
CUST03798,2023-07-09,37.95,Electronics
CUST03798,2025-04-08,264.29,Electronics
CUST03798,2025-07-17,97.02,Travel
CUST03798,2023-02-17,101.72,Grocery
CUST03798,2022-04-27,18.23,Clothing
CUST03798,2023-06-24,23.9,Grocery
CUST03798,2023-07-19,34.97,Travel
CUST03798,2021-09-21,428.0,Dining
CUST03798,2024-05-04,78.81,Dining
CUST03798,2024-10-25,5.44,Electronics
CUST03798,2023-10-18,74.93,Clothing
CUST03798,2022-09-24,7.08,Clothing
CUST03798,2025-07-17,10.99,Dining
CUST03798,2024-12-31,34.85,Dining
CUST03798,2024-06-23,270.89,Dining
CUST03798,2024-08-29,7.88,Clothing
CUST03798,2023-02-22,313.06,Clothing
CUST03798,2021-06-16,43.43,Travel
CUST03798,2025-07-25,12.64,Travel
CUST03798,2023-01-16,142.41,Grocery
CUST03798,2024-02-06,36.07,Electronics
CUST03798,2023-10-03,9.55,Dining
CUST03798,2024-09-19,59.18,Dining
CUST03798,2021-01-12,5.54,Travel
CUST03798,2023-11-22,122.31,Grocery
CUST03798,2023-10-16,288.07,Travel
CUST03798,2024-05-30,97.65,Electronics
CUST03798,2025-07-13,91.35,Grocery
CUST03798,2021-08-01,120.0,Travel
CUST03798,2021-06-10,94.09,Grocery
CUST03798,2021-06-02,9.58,Clothing
CUST03798,2021-05-12,73.32,Clothing
CUST03798,2023-08-30,201.46,Electronics
CUST03798,2021-09-01,72.62,Travel
CUST03798,2024-12-13,59.94,Clothing
CUST03798,2021-07-03,20.28,Travel
CUST03798,2024-01-13,77.38,Clothing
CUST03798,2022-03-26,299.44,Grocery
CUST03798,2024-09-16,20.67,Grocery
CUST03798,2021-10-26,35.04,Travel
CUST03798,2024-04-15,277.69,Electronics
CUST03799,2022-09-14,27.52,Travel
CUST03799,2024-08-23,31.98,Travel
CUST03799,2021-03-30,158.89,Travel
CUST03799,2022-10-28,26.81,Dining
CUST03799,2025-05-03,97.76,Clothing
CUST03799,2023-07-28,90.95,Grocery
CUST03799,2022-07-28,107.12,Dining
CUST03799,2022-10-10,231.94,Clothing
CUST03799,2022-02-16,147.53,Travel
CUST03799,2021-06-26,143.71,Electronics
CUST03799,2025-06-02,101.2,Electronics
CUST03799,2025-07-09,77.59,Grocery
CUST03799,2023-05-08,22.99,Dining
CUST03799,2024-09-18,21.13,Grocery
CUST03799,2025-06-16,153.55,Clothing
CUST03799,2023-11-26,29.69,Dining
CUST03799,2023-03-22,90.66,Grocery
CUST03799,2025-02-11,35.37,Grocery
CUST03799,2023-07-08,100.04,Grocery
CUST03799,2022-03-18,74.41,Electronics
CUST03799,2023-07-01,33.75,Travel
CUST03799,2023-11-12,14.6,Dining
CUST03799,2024-02-01,119.04,Electronics
CUST03799,2021-07-29,37.94,Dining
CUST03799,2023-05-02,28.69,Dining
CUST03799,2024-01-28,135.97,Electronics
CUST03799,2020-10-05,21.92,Travel
CUST03799,2021-08-26,26.54,Electronics
CUST03799,2024-07-04,79.87,Travel
CUST03799,2022-11-05,149.15,Grocery
CUST03799,2024-04-14,97.46,Dining
CUST03799,2021-01-07,89.05,Clothing
CUST03799,2023-01-23,10.29,Travel
CUST03799,2024-06-23,5.94,Electronics
CUST03799,2025-03-26,25.81,Clothing
CUST03799,2024-12-04,211.73,Clothing
CUST03799,2025-04-09,187.7,Travel
CUST03799,2022-08-09,24.58,Clothing
CUST03799,2024-03-07,36.65,Grocery
CUST03799,2023-12-09,123.5,Grocery
CUST03799,2023-12-05,5.16,Electronics
CUST03799,2024-10-04,19.67,Grocery
CUST03799,2024-05-20,128.06,Grocery
CUST03799,2024-04-16,330.42,Dining
CUST03799,2024-02-19,29.1,Clothing
CUST03799,2020-11-02,304.45,Travel
CUST03799,2023-06-26,39.42,Grocery
CUST03799,2022-05-15,46.36,Grocery
CUST03799,2025-05-06,8.34,Grocery
CUST03799,2021-12-28,22.79,Dining
CUST03799,2023-10-13,123.5,Travel
CUST03799,2023-05-16,179.13,Travel
CUST03799,2025-01-15,164.34,Dining
CUST03799,2023-04-23,109.08,Electronics
CUST03799,2022-04-01,20.51,Clothing
CUST03799,2022-09-23,113.98,Clothing
CUST03799,2025-05-19,25.06,Electronics
CUST03799,2024-07-17,29.34,Travel
CUST03799,2022-08-02,110.41,Grocery
CUST03799,2025-06-05,228.98,Clothing
CUST03799,2025-06-12,30.55,Grocery
CUST03799,2021-05-03,7.97,Dining
CUST03799,2023-11-25,18.33,Dining
CUST03799,2022-03-09,193.85,Travel
CUST03799,2022-08-16,23.86,Grocery
CUST03799,2022-03-05,110.03,Dining
CUST03799,2021-01-04,84.63,Clothing
CUST03799,2021-06-15,67.28,Dining
CUST03799,2021-08-08,78.19,Grocery
CUST03799,2024-09-11,79.82,Travel
CUST03799,2023-12-07,130.17,Electronics
CUST03799,2022-04-15,49.49,Dining
CUST03799,2024-10-08,169.82,Grocery
CUST03799,2021-03-11,99.78,Dining
CUST03799,2025-04-04,133.71,Clothing
CUST03799,2025-07-25,10.86,Grocery
CUST03799,2022-08-11,16.04,Travel
CUST03799,2023-06-08,181.85,Clothing
CUST03799,2022-12-21,119.79,Grocery
CUST03799,2023-07-25,42.52,Electronics
CUST03799,2021-05-07,186.34,Clothing
CUST03799,2023-04-26,150.41,Electronics
CUST03799,2025-02-15,65.14,Travel
CUST03799,2021-02-02,44.37,Dining
CUST03799,2022-05-03,99.78,Dining
CUST03799,2023-11-30,56.11,Electronics
CUST03799,2022-09-14,33.71,Clothing
CUST03799,2021-08-05,150.38,Dining
CUST03799,2024-07-06,28.98,Clothing
CUST03799,2021-11-23,104.57,Travel
CUST03799,2024-09-03,125.45,Clothing
CUST03799,2020-10-01,127.52,Dining
CUST03799,2024-09-09,174.53,Dining
CUST03799,2023-12-25,102.35,Grocery
CUST03799,2025-05-18,9.21,Grocery
CUST03799,2022-11-04,83.93,Grocery
CUST03799,2021-04-21,7.87,Dining
CUST03799,2024-08-06,5.09,Grocery
CUST03799,2025-02-13,47.02,Grocery
CUST03799,2023-07-22,29.27,Clothing
CUST03799,2022-06-21,12.54,Electronics
CUST03799,2023-06-07,39.79,Travel
CUST03800,2024-10-13,15.84,Grocery
CUST03800,2024-04-05,277.03,Clothing
CUST03800,2025-02-03,47.3,Clothing
CUST03800,2025-04-14,261.05,Clothing
CUST03800,2023-11-20,58.44,Travel
CUST03800,2023-06-24,20.25,Electronics
CUST03800,2024-08-09,279.93,Travel
CUST03800,2024-04-24,6.34,Travel
CUST03800,2023-05-04,95.99,Travel
CUST03800,2023-06-06,33.03,Electronics
CUST03800,2024-02-07,167.94,Grocery
CUST03800,2025-04-26,45.76,Dining
CUST03800,2024-12-14,75.7,Electronics
CUST03800,2025-04-25,6.71,Electronics
CUST03800,2023-11-10,276.59,Clothing
CUST03800,2023-09-29,12.83,Dining
CUST03800,2024-07-01,65.45,Grocery
CUST03800,2024-01-11,37.35,Electronics
CUST03800,2023-08-17,66.03,Clothing
CUST03800,2025-05-05,120.25,Travel
CUST03800,2023-10-25,29.58,Grocery
CUST03800,2024-05-24,118.2,Travel
CUST03800,2023-09-29,52.69,Dining
CUST03800,2025-06-24,42.46,Clothing
CUST03800,2025-03-10,7.86,Clothing
CUST03800,2024-03-19,107.86,Dining
CUST03800,2025-06-01,195.54,Electronics
CUST03800,2024-10-27,109.3,Clothing
CUST03800,2024-04-10,169.32,Dining
CUST03800,2024-02-29,79.01,Electronics
CUST03800,2023-07-19,144.27,Dining
CUST03800,2024-08-23,46.89,Travel
CUST03800,2023-06-24,19.93,Clothing
CUST03800,2024-04-19,12.44,Grocery
CUST03800,2025-05-04,39.97,Travel
CUST03800,2023-08-16,44.17,Clothing
CUST03800,2025-01-04,110.3,Dining
CUST03800,2023-05-14,52.31,Grocery
CUST03800,2023-05-22,181.93,Grocery
CUST03800,2024-03-14,49.05,Travel
CUST03800,2023-08-23,100.4,Grocery
CUST03800,2023-07-28,31.02,Travel
CUST03800,2025-04-05,8.44,Dining
CUST03800,2024-11-07,79.69,Electronics
CUST03800,2024-08-07,55.28,Clothing
CUST03800,2023-05-23,27.4,Travel
CUST03800,2023-04-28,286.98,Travel
CUST03800,2025-05-07,177.16,Travel
CUST03800,2025-06-27,140.13,Clothing
CUST03800,2024-06-10,14.97,Travel
CUST03800,2024-11-23,97.7,Travel
CUST03800,2024-03-05,139.64,Dining
CUST03800,2025-03-30,17.67,Grocery
CUST03800,2025-04-24,13.55,Electronics
CUST03800,2024-05-19,83.78,Electronics
CUST03800,2023-06-06,142.32,Dining
CUST03800,2024-11-08,24.53,Electronics
CUST03800,2024-04-02,12.88,Travel
CUST03800,2023-12-07,130.04,Travel
CUST03800,2024-07-20,77.0,Dining
CUST03800,2023-09-09,26.82,Electronics
CUST03800,2025-06-19,60.69,Electronics
CUST03800,2025-02-04,202.25,Travel
CUST03800,2024-05-21,262.94,Travel
CUST03800,2025-06-07,72.21,Electronics
CUST03800,2024-09-09,73.7,Grocery
CUST03800,2025-02-09,59.49,Grocery
CUST03800,2024-02-23,221.12,Clothing
CUST03800,2023-12-18,26.19,Electronics
CUST03800,2024-10-19,155.47,Dining
CUST03800,2025-05-21,170.38,Dining
CUST03800,2023-07-03,210.84,Travel
CUST03800,2023-05-23,72.39,Travel
CUST03800,2025-04-11,127.48,Travel
CUST03800,2024-03-07,60.81,Travel
CUST03800,2025-01-15,46.01,Electronics
CUST03800,2024-01-01,71.01,Grocery
CUST03800,2025-06-17,46.49,Grocery
CUST03800,2025-04-08,70.43,Electronics
CUST03800,2025-01-08,39.46,Clothing
CUST03800,2024-04-24,156.18,Clothing
CUST03800,2023-06-14,406.07,Clothing
CUST03800,2024-09-06,128.48,Dining
CUST03800,2024-06-24,46.76,Travel
CUST03800,2023-11-30,6.19,Clothing
CUST03800,2023-12-15,16.85,Electronics
CUST03800,2024-05-28,35.67,Travel
CUST03800,2025-05-18,40.97,Clothing
CUST03800,2025-01-29,157.03,Clothing
CUST03800,2024-12-23,36.57,Electronics
CUST03800,2024-05-30,40.73,Grocery
CUST03800,2024-04-03,43.39,Travel
CUST03800,2025-06-08,20.52,Clothing
CUST03800,2023-12-21,172.47,Clothing
CUST03800,2023-10-08,251.33,Travel
CUST03800,2023-07-19,28.04,Travel
CUST03800,2025-03-23,7.4,Dining
CUST03800,2024-04-17,162.86,Electronics
CUST03800,2024-01-30,102.14,Electronics
CUST03800,2023-08-28,49.05,Electronics
CUST03801,2025-07-12,29.77,Grocery
CUST03801,2025-07-16,18.94,Grocery
CUST03801,2025-07-29,93.96,Electronics
CUST03801,2025-02-18,7.48,Dining
CUST03801,2025-02-09,52.41,Electronics
CUST03801,2025-02-25,134.27,Electronics
CUST03801,2025-04-01,142.61,Grocery
CUST03801,2025-06-29,60.44,Dining
CUST03801,2025-03-15,7.7,Travel
CUST03801,2025-03-24,101.77,Dining
CUST03801,2025-07-12,26.87,Electronics
CUST03801,2025-05-15,24.65,Clothing
CUST03801,2025-06-15,73.37,Dining
CUST03801,2025-07-17,17.18,Travel
CUST03801,2025-01-24,6.58,Electronics
CUST03801,2025-03-05,23.66,Electronics
CUST03801,2025-03-26,106.06,Dining
CUST03801,2025-08-01,273.59,Travel
CUST03801,2025-01-25,51.27,Travel
CUST03801,2025-02-14,61.27,Dining
CUST03801,2025-03-26,80.68,Travel
CUST03801,2025-02-10,69.62,Travel
CUST03801,2025-04-02,104.34,Clothing
CUST03801,2025-05-22,90.33,Dining
CUST03801,2025-06-13,14.37,Clothing
CUST03801,2025-06-30,142.45,Grocery
CUST03801,2025-05-30,39.94,Electronics
CUST03801,2025-05-15,258.12,Travel
CUST03801,2025-05-21,131.9,Dining
CUST03801,2025-01-31,144.16,Grocery
CUST03801,2025-06-30,9.77,Electronics
CUST03801,2025-06-14,13.94,Travel
CUST03801,2025-05-18,6.81,Travel
CUST03801,2025-02-16,8.9,Dining
CUST03801,2025-03-28,26.08,Grocery
CUST03801,2025-03-09,205.89,Grocery
CUST03801,2025-03-23,10.85,Electronics
CUST03801,2025-05-03,86.71,Grocery
CUST03801,2025-02-23,28.71,Grocery
CUST03801,2025-02-08,98.84,Travel
CUST03801,2025-05-16,100.6,Clothing
CUST03801,2025-06-08,21.71,Electronics
CUST03801,2025-03-03,147.21,Dining
CUST03801,2025-01-20,80.45,Clothing
CUST03801,2025-07-24,106.36,Dining
CUST03801,2025-05-31,343.61,Clothing
CUST03801,2025-02-14,67.02,Travel
CUST03801,2025-06-12,149.14,Grocery
CUST03801,2025-03-18,21.92,Travel
CUST03801,2025-05-14,125.0,Electronics
CUST03801,2025-02-27,58.47,Grocery
CUST03801,2025-07-01,188.29,Dining
CUST03801,2025-06-20,146.09,Electronics
CUST03801,2025-03-23,113.79,Clothing
CUST03801,2025-04-19,21.6,Electronics
CUST03801,2025-04-25,188.16,Travel
CUST03801,2025-02-18,67.63,Travel
CUST03801,2025-06-23,88.39,Grocery
CUST03801,2025-05-30,155.33,Electronics
CUST03801,2025-03-16,145.29,Electronics
CUST03801,2025-03-08,83.61,Clothing
CUST03801,2025-07-08,8.58,Travel
CUST03801,2025-05-21,31.52,Electronics
CUST03801,2025-05-23,44.08,Clothing
CUST03801,2025-07-21,116.94,Travel
CUST03801,2025-06-14,168.24,Grocery
CUST03801,2025-05-20,80.91,Electronics
CUST03801,2025-07-07,29.43,Grocery
CUST03801,2025-01-25,11.01,Clothing
CUST03801,2025-06-25,16.89,Dining
CUST03801,2025-03-22,54.71,Dining
CUST03801,2025-07-22,135.49,Dining
CUST03801,2025-04-16,8.1,Electronics
CUST03801,2025-02-27,262.08,Dining
CUST03801,2025-05-11,87.55,Grocery
CUST03801,2025-07-17,17.96,Dining
CUST03801,2025-06-26,67.61,Grocery
CUST03801,2025-03-18,296.66,Clothing
CUST03801,2025-03-25,147.2,Travel
CUST03801,2025-02-25,10.3,Travel
CUST03801,2025-06-22,49.15,Travel
CUST03801,2025-07-24,141.58,Clothing
CUST03801,2025-05-09,14.21,Grocery
CUST03801,2025-06-12,36.12,Travel
CUST03801,2025-05-17,76.85,Dining
CUST03801,2025-03-13,32.89,Travel
CUST03801,2025-06-17,24.01,Electronics
CUST03801,2025-05-11,38.27,Travel
CUST03801,2025-03-23,48.53,Electronics
CUST03801,2025-03-11,180.31,Travel
CUST03801,2025-06-22,69.25,Grocery
CUST03801,2025-07-19,34.84,Grocery
CUST03801,2025-04-30,172.86,Electronics
CUST03801,2025-06-04,75.92,Electronics
CUST03801,2025-03-03,95.46,Dining
CUST03801,2025-05-17,18.4,Grocery
CUST03801,2025-03-20,60.93,Grocery
CUST03801,2025-04-10,5.13,Travel
CUST03801,2025-07-03,137.49,Electronics
CUST03801,2025-07-15,72.12,Grocery
CUST03801,2025-06-10,5.87,Grocery
CUST03801,2025-05-23,144.91,Electronics
CUST03801,2025-04-09,136.82,Clothing
CUST03801,2025-01-26,7.81,Clothing
CUST03801,2025-03-08,46.59,Dining
CUST03801,2025-02-11,23.99,Electronics
CUST03801,2025-03-19,104.68,Clothing
CUST03801,2025-03-12,25.88,Clothing
CUST03801,2025-02-12,56.63,Grocery
CUST03801,2025-05-26,28.06,Travel
CUST03801,2025-04-07,48.14,Travel
CUST03801,2025-05-26,107.2,Dining
CUST03801,2025-02-28,10.36,Travel
CUST03801,2025-05-24,68.78,Clothing
CUST03802,2025-07-10,77.17,Electronics
CUST03802,2025-07-23,61.33,Dining
CUST03802,2025-07-05,130.61,Clothing
CUST03802,2025-06-24,133.09,Dining
CUST03802,2025-07-02,56.74,Electronics
CUST03802,2025-08-01,150.44,Clothing
CUST03802,2025-07-13,25.3,Electronics
CUST03802,2025-07-22,181.68,Clothing
CUST03802,2025-06-30,50.49,Dining
CUST03802,2025-07-11,90.88,Grocery
CUST03802,2025-07-31,42.5,Electronics
CUST03802,2025-07-05,22.47,Grocery
CUST03802,2025-06-11,189.99,Grocery
CUST03802,2025-07-15,34.89,Clothing
CUST03802,2025-06-18,29.75,Travel
CUST03802,2025-07-01,28.0,Travel
CUST03802,2025-07-10,89.39,Clothing
CUST03802,2025-07-20,147.54,Dining
CUST03802,2025-06-27,124.97,Clothing
CUST03802,2025-07-04,45.07,Travel
CUST03802,2025-07-04,136.66,Grocery
CUST03802,2025-06-27,8.27,Dining
CUST03802,2025-06-28,44.02,Dining
CUST03802,2025-07-06,325.39,Grocery
CUST03802,2025-06-16,74.8,Grocery
CUST03802,2025-06-29,18.82,Clothing
CUST03802,2025-07-12,56.24,Grocery
CUST03802,2025-07-04,47.3,Clothing
CUST03802,2025-06-11,67.13,Grocery
CUST03802,2025-07-21,186.96,Travel
CUST03802,2025-07-31,94.23,Grocery
CUST03802,2025-07-10,5.21,Dining
CUST03802,2025-06-23,149.45,Clothing
CUST03802,2025-06-17,64.39,Dining
CUST03802,2025-07-07,19.55,Dining
CUST03802,2025-06-11,64.91,Travel
CUST03802,2025-06-15,105.86,Electronics
CUST03802,2025-07-30,82.65,Clothing
CUST03802,2025-08-01,26.01,Travel
CUST03802,2025-07-23,10.75,Grocery
CUST03802,2025-07-29,73.55,Travel
CUST03802,2025-07-18,28.64,Grocery
CUST03802,2025-06-10,96.43,Grocery
CUST03802,2025-07-05,9.05,Electronics
CUST03802,2025-07-23,76.79,Grocery
CUST03802,2025-07-05,117.08,Grocery
CUST03802,2025-07-03,70.14,Travel
CUST03802,2025-06-23,34.66,Travel
CUST03802,2025-07-19,237.94,Travel
CUST03802,2025-06-17,33.65,Clothing
CUST03802,2025-07-25,23.2,Clothing
CUST03802,2025-07-04,60.94,Electronics
CUST03802,2025-06-21,12.46,Travel
CUST03802,2025-07-11,31.5,Travel
CUST03802,2025-07-16,76.82,Clothing
CUST03802,2025-07-22,43.66,Clothing
CUST03802,2025-07-26,60.82,Clothing
CUST03802,2025-07-10,103.66,Travel
CUST03802,2025-07-04,137.94,Grocery
CUST03802,2025-07-02,145.35,Dining
CUST03802,2025-07-12,310.69,Clothing
CUST03802,2025-07-17,10.46,Dining
CUST03802,2025-07-19,48.0,Grocery
CUST03802,2025-07-31,104.7,Electronics
CUST03802,2025-07-31,9.66,Electronics
CUST03802,2025-06-13,42.92,Clothing
CUST03802,2025-08-01,58.63,Electronics
CUST03802,2025-07-03,12.41,Grocery
CUST03802,2025-07-30,10.67,Travel
CUST03802,2025-06-18,44.75,Travel
CUST03802,2025-07-30,240.08,Dining
CUST03802,2025-07-17,316.62,Clothing
CUST03802,2025-07-12,56.9,Clothing
CUST03802,2025-07-18,132.45,Electronics
CUST03802,2025-07-22,29.43,Dining
CUST03802,2025-06-19,32.94,Travel
CUST03802,2025-07-14,17.49,Electronics
CUST03802,2025-07-11,41.4,Travel
CUST03802,2025-06-16,5.84,Dining
CUST03802,2025-06-18,19.59,Travel
CUST03802,2025-07-12,40.6,Travel
CUST03802,2025-06-27,83.9,Clothing
CUST03802,2025-07-02,64.72,Dining
CUST03802,2025-06-09,37.75,Travel
CUST03802,2025-06-22,5.95,Clothing
CUST03802,2025-06-09,50.77,Travel
CUST03802,2025-07-18,88.43,Grocery
CUST03802,2025-06-23,8.36,Grocery
CUST03802,2025-07-21,181.97,Electronics
CUST03802,2025-07-19,43.17,Dining
CUST03803,2023-11-08,101.48,Travel
CUST03803,2024-01-01,146.75,Clothing
CUST03803,2024-04-11,57.97,Grocery
CUST03803,2023-12-15,59.07,Dining
CUST03803,2025-06-01,31.51,Dining
CUST03803,2025-05-15,165.81,Electronics
CUST03803,2024-04-27,10.07,Grocery
CUST03803,2023-12-23,104.07,Electronics
CUST03803,2025-02-17,119.82,Clothing
CUST03803,2024-02-16,136.98,Clothing
CUST03803,2025-02-01,14.8,Grocery
CUST03803,2024-05-08,10.81,Travel
CUST03803,2024-01-31,400.55,Travel
CUST03803,2023-09-23,12.7,Dining
CUST03803,2023-09-17,37.91,Dining
CUST03803,2024-11-08,21.02,Grocery
CUST03803,2023-11-10,85.47,Clothing
CUST03803,2023-10-27,13.2,Dining
CUST03803,2024-01-15,246.45,Clothing
CUST03803,2025-03-07,78.44,Electronics
CUST03803,2025-05-02,11.16,Clothing
CUST03803,2024-06-26,57.15,Dining
CUST03803,2024-01-22,11.76,Grocery
CUST03803,2024-12-03,118.26,Grocery
CUST03803,2024-08-08,90.75,Clothing
CUST03803,2023-09-21,55.76,Travel
CUST03803,2025-01-22,14.86,Travel
CUST03803,2024-04-14,47.2,Travel
CUST03803,2024-11-19,36.23,Grocery
CUST03803,2025-04-09,5.01,Dining
CUST03803,2024-03-15,96.53,Travel
CUST03803,2024-05-29,177.39,Travel
CUST03803,2023-08-30,133.87,Clothing
CUST03803,2024-02-27,96.91,Clothing
CUST03803,2023-10-29,94.7,Clothing
CUST03803,2023-08-04,163.47,Grocery
CUST03803,2024-10-16,95.72,Dining
CUST03803,2024-09-30,136.48,Grocery
CUST03803,2023-11-22,95.17,Dining
CUST03803,2025-05-21,26.48,Dining
CUST03803,2024-01-17,26.79,Travel
CUST03803,2024-04-19,45.79,Dining
CUST03803,2023-08-29,45.97,Dining
CUST03803,2025-07-31,30.09,Electronics
CUST03803,2023-11-29,133.62,Grocery
CUST03803,2023-12-07,144.69,Dining
CUST03803,2025-01-03,100.2,Electronics
CUST03803,2024-02-04,114.33,Dining
CUST03803,2023-12-18,48.15,Electronics
CUST03803,2024-02-21,164.82,Electronics
CUST03803,2024-02-20,23.31,Dining
CUST03803,2023-12-06,26.79,Clothing
CUST03803,2025-01-07,275.86,Clothing
CUST03803,2024-08-11,299.49,Grocery
CUST03803,2025-03-19,110.5,Grocery
CUST03803,2024-01-26,19.76,Electronics
CUST03803,2024-06-08,12.88,Dining
CUST03803,2024-10-29,80.89,Travel
CUST03803,2024-10-02,49.85,Electronics
CUST03803,2024-01-14,13.94,Electronics
CUST03803,2024-09-11,6.92,Dining
CUST03803,2024-06-07,9.22,Grocery
CUST03803,2024-05-15,84.35,Dining
CUST03803,2025-01-05,31.31,Dining
CUST03803,2024-05-27,55.15,Dining
CUST03803,2024-01-07,38.2,Dining
CUST03803,2023-08-23,42.33,Dining
CUST03803,2023-09-16,25.68,Electronics
CUST03803,2023-11-03,25.06,Travel
CUST03803,2024-11-29,105.97,Travel
CUST03803,2025-06-15,50.78,Dining
CUST03803,2023-09-30,37.62,Travel
CUST03803,2023-10-08,42.65,Grocery
CUST03803,2023-09-27,14.86,Dining
CUST03803,2025-05-02,45.54,Grocery
CUST03803,2024-05-13,56.21,Travel
CUST03803,2024-08-26,5.1,Grocery
CUST03803,2025-01-27,150.32,Grocery
CUST03803,2024-01-02,25.53,Grocery
CUST03803,2025-04-16,194.86,Dining
CUST03803,2024-09-11,53.91,Clothing
CUST03803,2025-06-11,23.27,Dining
CUST03803,2024-01-23,33.36,Dining
CUST03803,2024-10-16,51.18,Clothing
CUST03803,2025-05-13,181.22,Electronics
CUST03803,2024-06-06,60.66,Travel
CUST03803,2024-05-25,122.53,Dining
CUST03803,2024-03-14,93.19,Grocery
CUST03803,2025-04-21,17.79,Electronics
CUST03803,2025-06-04,89.75,Clothing
CUST03803,2024-05-25,67.63,Clothing
CUST03803,2025-02-15,49.29,Dining
CUST03803,2025-01-17,208.1,Clothing
CUST03803,2024-08-08,36.43,Dining
CUST03803,2023-12-30,52.72,Travel
CUST03803,2024-09-21,35.84,Clothing
CUST03803,2023-11-26,95.92,Electronics
CUST03803,2025-01-13,87.35,Dining
CUST03803,2024-11-18,182.4,Grocery
CUST03803,2025-05-02,29.54,Clothing
CUST03803,2024-12-16,18.9,Travel
CUST03803,2024-11-13,8.62,Clothing
CUST03803,2025-01-18,66.1,Clothing
CUST03804,2025-05-29,89.88,Dining
CUST03804,2023-04-03,6.11,Electronics
CUST03804,2022-08-03,106.52,Travel
CUST03804,2023-10-09,49.86,Electronics
CUST03804,2024-01-27,175.34,Dining
CUST03804,2023-05-27,98.44,Travel
CUST03804,2024-01-13,203.57,Electronics
CUST03804,2024-04-08,50.66,Grocery
CUST03804,2024-11-11,29.16,Clothing
CUST03804,2023-02-02,347.78,Travel
CUST03804,2022-06-10,9.65,Electronics
CUST03804,2023-08-17,118.28,Travel
CUST03804,2023-09-17,35.56,Grocery
CUST03804,2023-02-25,85.42,Grocery
CUST03804,2024-05-18,128.5,Electronics
CUST03804,2023-03-24,93.98,Clothing
CUST03804,2023-01-28,27.84,Dining
CUST03804,2022-08-19,297.44,Travel
CUST03804,2024-02-10,122.11,Electronics
CUST03804,2024-07-23,17.44,Dining
CUST03804,2023-07-19,80.84,Travel
CUST03804,2022-05-12,10.27,Travel
CUST03804,2022-08-24,220.41,Grocery
CUST03804,2024-11-27,35.92,Travel
CUST03804,2025-03-02,114.31,Travel
CUST03804,2023-07-13,49.42,Grocery
CUST03804,2024-05-18,23.65,Electronics
CUST03804,2024-11-06,74.77,Clothing
CUST03804,2023-11-13,94.31,Grocery
CUST03804,2023-04-28,9.48,Clothing
CUST03804,2024-10-11,20.77,Dining
CUST03804,2023-11-10,315.89,Electronics
CUST03804,2023-03-17,148.91,Electronics
CUST03804,2022-09-03,64.48,Grocery
CUST03804,2024-02-16,105.25,Travel
CUST03804,2025-04-20,43.69,Clothing
CUST03804,2024-08-29,27.93,Travel
CUST03804,2024-03-30,128.01,Electronics
CUST03804,2024-03-19,140.5,Clothing
CUST03804,2023-11-19,126.86,Electronics
CUST03804,2023-11-24,296.88,Electronics
CUST03804,2024-12-19,92.99,Travel
CUST03804,2022-11-18,11.33,Grocery
CUST03804,2023-07-14,83.49,Electronics
CUST03804,2024-07-16,44.63,Travel
CUST03804,2023-02-07,120.43,Dining
CUST03804,2022-05-21,179.53,Dining
CUST03804,2022-09-27,73.65,Grocery
CUST03804,2024-08-22,129.45,Clothing
CUST03804,2023-02-09,61.14,Grocery
CUST03804,2024-07-29,154.69,Grocery
CUST03804,2024-05-24,155.72,Clothing
CUST03804,2023-04-22,11.16,Travel
CUST03804,2024-06-25,81.8,Travel
CUST03804,2025-03-12,201.43,Electronics
CUST03804,2023-02-08,80.97,Grocery
CUST03804,2024-07-10,187.21,Dining
CUST03804,2023-08-10,10.16,Travel
CUST03804,2024-02-06,19.15,Clothing
CUST03804,2023-07-20,144.18,Electronics
CUST03804,2022-12-01,97.31,Dining
CUST03804,2022-07-17,71.93,Travel
CUST03804,2025-05-10,128.05,Dining
CUST03804,2023-01-20,121.56,Electronics
CUST03804,2023-12-17,116.22,Electronics
CUST03804,2023-10-13,52.35,Grocery
CUST03804,2023-02-05,9.36,Electronics
CUST03804,2023-04-07,153.11,Dining
CUST03804,2023-06-10,105.95,Travel
CUST03804,2025-01-05,300.36,Clothing
CUST03804,2023-04-11,60.7,Grocery
CUST03804,2022-10-13,74.29,Clothing
CUST03804,2022-10-09,20.04,Dining
CUST03804,2023-05-30,6.43,Travel
CUST03804,2024-01-21,30.89,Grocery
CUST03804,2024-09-15,32.97,Grocery
CUST03804,2025-04-19,283.05,Travel
CUST03804,2025-06-23,9.75,Travel
CUST03804,2023-07-03,16.34,Grocery
CUST03804,2022-12-07,33.19,Clothing
CUST03804,2023-09-08,24.5,Dining
CUST03804,2024-12-14,8.65,Electronics
CUST03804,2025-07-11,190.47,Travel
CUST03804,2025-03-11,97.08,Dining
CUST03804,2024-05-30,53.02,Dining
CUST03804,2024-10-23,211.88,Electronics
CUST03804,2023-04-21,55.85,Travel
CUST03804,2023-03-25,193.81,Travel
CUST03804,2024-12-09,52.79,Travel
CUST03804,2023-01-04,21.54,Grocery
CUST03804,2024-06-28,143.99,Travel
CUST03804,2024-04-07,6.36,Electronics
CUST03804,2024-05-01,80.75,Travel
CUST03804,2023-06-20,32.52,Dining
CUST03804,2024-11-22,14.19,Travel
CUST03804,2024-03-16,95.56,Dining
CUST03804,2025-02-10,43.59,Travel
CUST03804,2024-07-31,208.95,Electronics
CUST03805,2023-12-24,73.88,Electronics
CUST03805,2023-05-22,174.77,Clothing
CUST03805,2025-05-13,107.38,Dining
CUST03805,2023-08-24,171.0,Grocery
CUST03805,2024-10-09,27.2,Clothing
CUST03805,2023-08-30,39.76,Grocery
CUST03805,2023-06-05,42.02,Electronics
CUST03805,2025-03-18,135.09,Clothing
CUST03805,2025-01-28,23.22,Electronics
CUST03805,2023-06-09,97.23,Dining
CUST03805,2023-05-27,84.04,Dining
CUST03805,2024-08-12,52.31,Dining
CUST03805,2025-02-08,220.07,Electronics
CUST03805,2025-03-29,148.88,Clothing
CUST03805,2023-11-03,51.49,Travel
CUST03805,2024-05-21,22.85,Grocery
CUST03805,2024-05-15,134.02,Electronics
CUST03805,2023-12-20,21.51,Dining
CUST03805,2025-04-30,58.19,Grocery
CUST03805,2023-07-01,74.19,Grocery
CUST03805,2024-03-08,23.83,Travel
CUST03805,2024-10-03,32.06,Travel
CUST03805,2024-09-28,62.84,Grocery
CUST03805,2025-05-01,83.85,Grocery
CUST03805,2025-04-15,26.8,Electronics
CUST03805,2024-07-27,101.14,Electronics
CUST03805,2024-06-27,11.13,Clothing
CUST03805,2023-07-20,7.54,Clothing
CUST03805,2025-03-29,94.35,Grocery
CUST03805,2024-01-05,15.1,Dining
CUST03805,2023-06-12,59.9,Electronics
CUST03805,2025-02-27,98.78,Grocery
CUST03805,2024-04-12,15.1,Clothing
CUST03805,2024-10-24,25.17,Clothing
CUST03805,2023-06-09,21.25,Electronics
CUST03805,2025-01-22,6.98,Clothing
CUST03805,2023-08-10,91.54,Dining
CUST03805,2023-10-13,23.01,Grocery
CUST03805,2025-01-16,45.13,Grocery
CUST03805,2023-09-24,32.33,Clothing
CUST03805,2025-01-25,164.2,Clothing
CUST03805,2024-10-24,107.86,Electronics
CUST03805,2023-11-21,46.85,Travel
CUST03805,2024-01-06,17.17,Electronics
CUST03805,2024-08-19,66.72,Grocery
CUST03805,2023-09-10,180.48,Dining
CUST03805,2023-11-19,115.52,Travel
CUST03805,2024-08-30,15.77,Travel
CUST03805,2025-01-18,23.17,Grocery
CUST03805,2024-02-06,25.08,Electronics
CUST03805,2025-03-07,63.99,Grocery
CUST03805,2024-10-22,84.68,Clothing
CUST03805,2024-01-23,126.66,Electronics
CUST03805,2023-09-24,12.76,Electronics
CUST03805,2025-01-06,180.71,Electronics
CUST03805,2023-06-25,11.89,Grocery
CUST03805,2023-11-10,111.84,Clothing
CUST03805,2025-01-08,20.38,Clothing
CUST03805,2023-06-29,35.56,Clothing
CUST03805,2024-12-22,45.51,Grocery
CUST03805,2024-02-05,11.41,Grocery
CUST03805,2024-04-29,270.78,Electronics
CUST03805,2025-05-20,117.16,Grocery
CUST03805,2024-03-05,54.36,Electronics
CUST03805,2024-10-14,63.88,Grocery
CUST03805,2025-03-08,16.19,Dining
CUST03805,2023-05-29,417.22,Travel
CUST03805,2025-03-06,59.83,Clothing
CUST03805,2024-05-30,141.14,Travel
CUST03805,2024-01-05,21.22,Clothing
CUST03805,2025-02-28,220.66,Travel
CUST03805,2025-04-19,121.85,Grocery
CUST03805,2024-01-18,332.11,Clothing
CUST03805,2025-04-20,69.51,Dining
CUST03805,2024-10-15,96.13,Dining
CUST03805,2025-07-30,24.44,Travel
CUST03805,2025-01-02,85.77,Electronics
CUST03805,2025-04-09,98.99,Dining
CUST03805,2024-05-21,63.26,Travel
CUST03805,2024-11-01,156.4,Travel
CUST03805,2025-05-06,104.12,Grocery
CUST03805,2025-02-08,46.43,Clothing
CUST03805,2024-02-02,29.59,Clothing
CUST03805,2025-02-19,26.28,Dining
CUST03805,2024-08-05,8.76,Grocery
CUST03805,2023-08-23,12.27,Grocery
CUST03805,2023-11-22,32.24,Electronics
CUST03805,2024-10-11,22.09,Dining
CUST03805,2023-07-17,99.71,Grocery
CUST03805,2025-01-18,263.03,Travel
CUST03805,2024-11-14,78.22,Grocery
CUST03805,2024-05-24,65.76,Travel
CUST03805,2025-05-19,79.51,Grocery
CUST03805,2024-06-06,7.57,Grocery
CUST03805,2025-07-18,30.67,Travel
CUST03805,2024-02-13,12.09,Electronics
CUST03805,2024-09-12,47.93,Travel
CUST03805,2023-08-25,8.99,Clothing
CUST03805,2025-01-06,53.89,Clothing
CUST03805,2024-06-16,51.66,Grocery
CUST03805,2024-03-26,23.04,Dining
CUST03805,2023-07-10,5.9,Electronics
CUST03806,2025-03-02,6.33,Dining
CUST03806,2023-05-08,8.17,Electronics
CUST03806,2024-05-13,503.23,Clothing
CUST03806,2023-03-14,71.0,Travel
CUST03806,2025-04-09,16.6,Electronics
CUST03806,2025-01-23,187.38,Clothing
CUST03806,2024-06-01,140.7,Dining
CUST03806,2024-07-06,213.14,Grocery
CUST03806,2024-04-02,171.19,Travel
CUST03806,2023-01-26,23.35,Electronics
CUST03806,2024-07-13,42.06,Clothing
CUST03806,2024-02-08,168.68,Clothing
CUST03806,2024-05-23,286.9,Clothing
CUST03806,2024-04-18,56.05,Travel
CUST03806,2023-12-05,97.69,Travel
CUST03806,2023-06-07,101.12,Dining
CUST03806,2024-08-23,54.88,Dining
CUST03806,2023-05-14,39.57,Dining
CUST03806,2025-03-27,52.48,Clothing
CUST03806,2024-09-08,40.02,Clothing
CUST03806,2023-06-30,56.35,Clothing
CUST03806,2023-09-21,61.37,Travel
CUST03806,2024-12-05,7.36,Grocery
CUST03806,2024-04-17,62.81,Grocery
CUST03806,2022-12-13,70.85,Grocery
CUST03806,2025-04-11,35.09,Travel
CUST03806,2024-07-18,32.58,Dining
CUST03806,2025-02-28,49.89,Grocery
CUST03806,2023-06-20,13.15,Grocery
CUST03806,2025-06-20,8.29,Electronics
CUST03806,2025-01-19,226.16,Dining
CUST03806,2024-07-02,238.48,Travel
CUST03806,2023-08-24,94.49,Grocery
CUST03806,2024-06-14,24.94,Grocery
CUST03806,2023-11-02,19.79,Travel
CUST03806,2023-09-30,59.51,Travel
CUST03806,2024-02-23,157.83,Electronics
CUST03806,2023-02-05,108.68,Electronics
CUST03806,2024-03-24,27.48,Grocery
CUST03806,2024-02-19,5.87,Clothing
CUST03806,2023-12-23,11.18,Grocery
CUST03806,2024-07-11,36.17,Travel
CUST03806,2024-06-14,62.91,Dining
CUST03806,2023-07-10,7.15,Electronics
CUST03806,2024-08-30,8.57,Grocery
CUST03806,2024-05-06,10.48,Travel
CUST03806,2023-10-03,8.65,Grocery
CUST03806,2024-12-10,99.53,Dining
CUST03806,2024-05-09,30.6,Travel
CUST03806,2024-10-05,65.63,Travel
CUST03806,2024-06-07,152.32,Travel
CUST03806,2023-09-06,87.49,Travel
CUST03806,2024-10-31,95.53,Electronics
CUST03806,2023-04-13,58.76,Clothing
CUST03806,2024-12-03,6.95,Dining
CUST03806,2023-03-30,39.33,Electronics
CUST03806,2025-01-26,132.24,Grocery
CUST03806,2024-01-25,29.3,Clothing
CUST03806,2023-12-28,49.86,Grocery
CUST03806,2023-07-05,118.24,Electronics
CUST03806,2023-07-27,13.28,Grocery
CUST03806,2023-02-14,44.76,Electronics
CUST03806,2023-11-06,100.83,Clothing
CUST03806,2024-05-31,8.84,Clothing
CUST03806,2023-10-24,24.85,Dining
CUST03806,2024-02-12,201.95,Dining
CUST03806,2024-01-26,90.78,Electronics
CUST03806,2023-09-08,206.74,Dining
CUST03806,2024-06-14,106.7,Electronics
CUST03806,2025-03-19,53.28,Clothing
CUST03806,2024-07-11,10.71,Electronics
CUST03806,2024-09-25,102.06,Clothing
CUST03806,2024-01-03,57.0,Grocery
CUST03806,2023-05-02,260.31,Travel
CUST03806,2023-08-04,281.2,Electronics
CUST03806,2025-07-11,75.09,Clothing
CUST03806,2025-05-23,122.65,Grocery
CUST03806,2024-07-04,37.41,Grocery
CUST03806,2025-02-26,269.81,Clothing
CUST03806,2024-09-03,236.79,Travel
CUST03806,2025-06-25,45.31,Travel
CUST03806,2024-12-18,49.64,Travel
CUST03806,2025-06-24,87.68,Grocery
CUST03806,2023-07-01,98.02,Dining
CUST03806,2025-05-07,238.91,Travel
CUST03806,2024-06-11,30.75,Grocery
CUST03806,2023-01-25,30.81,Electronics
CUST03806,2025-04-17,76.36,Grocery
CUST03806,2025-06-19,19.75,Dining
CUST03806,2025-06-10,19.24,Dining
CUST03806,2024-10-27,43.25,Clothing
CUST03806,2023-12-17,88.85,Clothing
CUST03806,2024-02-28,18.33,Electronics
CUST03806,2023-02-11,11.41,Electronics
CUST03806,2025-03-30,136.44,Grocery
CUST03806,2024-06-07,63.12,Grocery
CUST03806,2023-01-04,19.53,Clothing
CUST03806,2023-12-16,110.47,Clothing
CUST03806,2023-04-17,88.08,Clothing
CUST03806,2025-04-21,110.07,Grocery
CUST03806,2024-03-08,70.37,Grocery
CUST03806,2024-06-30,50.51,Grocery
CUST03806,2023-04-16,9.39,Electronics
CUST03806,2023-08-18,98.78,Electronics
CUST03806,2024-06-05,43.92,Clothing
CUST03806,2023-01-01,16.27,Dining
CUST03806,2024-02-21,157.37,Grocery
CUST03806,2023-10-15,154.69,Travel
CUST03806,2024-04-13,5.59,Dining
CUST03807,2024-02-28,316.87,Grocery
CUST03807,2025-03-30,202.3,Travel
CUST03807,2024-07-18,24.4,Electronics
CUST03807,2023-05-27,110.42,Clothing
CUST03807,2024-05-26,46.54,Electronics
CUST03807,2024-02-20,24.98,Travel
CUST03807,2024-12-10,34.41,Dining
CUST03807,2025-04-04,181.26,Travel
CUST03807,2024-10-16,111.42,Electronics
CUST03807,2023-06-20,5.34,Electronics
CUST03807,2023-09-23,179.89,Dining
CUST03807,2025-07-31,16.82,Clothing
CUST03807,2023-07-16,46.75,Grocery
CUST03807,2023-08-16,56.14,Travel
CUST03807,2025-01-31,53.04,Electronics
CUST03807,2024-10-03,301.28,Electronics
CUST03807,2024-01-21,72.9,Travel
CUST03807,2025-02-19,41.1,Electronics
CUST03807,2024-07-26,55.81,Travel
CUST03807,2023-11-01,5.55,Dining
CUST03807,2024-11-03,56.72,Grocery
CUST03807,2023-06-20,88.86,Dining
CUST03807,2025-07-15,178.9,Dining
CUST03807,2024-10-25,112.88,Clothing
CUST03807,2025-01-11,34.44,Grocery
CUST03807,2025-04-18,56.99,Grocery
CUST03807,2025-02-21,202.94,Clothing
CUST03807,2023-10-03,38.43,Grocery
CUST03807,2023-08-19,58.34,Dining
CUST03807,2023-11-09,21.77,Dining
CUST03807,2024-02-05,25.95,Grocery
CUST03807,2025-01-25,10.21,Electronics
CUST03807,2025-07-17,62.09,Electronics
CUST03807,2024-05-28,184.72,Dining
CUST03807,2023-10-12,96.78,Grocery
CUST03807,2024-09-04,17.24,Dining
CUST03807,2024-12-19,38.3,Travel
CUST03807,2023-12-19,210.63,Travel
CUST03807,2025-06-10,10.96,Clothing
CUST03807,2025-06-02,260.05,Grocery
CUST03807,2024-10-25,195.95,Grocery
CUST03807,2023-08-15,17.2,Grocery
CUST03807,2024-08-14,58.17,Dining
CUST03807,2023-07-19,57.68,Clothing
CUST03807,2023-05-25,29.27,Electronics
CUST03807,2025-05-01,139.08,Grocery
CUST03807,2023-09-18,18.6,Clothing
CUST03807,2024-03-10,43.61,Clothing
CUST03807,2024-03-23,118.96,Electronics
CUST03807,2023-06-08,82.98,Electronics
CUST03807,2025-07-05,8.08,Dining
CUST03807,2024-01-27,145.7,Electronics
CUST03807,2023-08-31,200.34,Dining
CUST03807,2024-03-09,190.26,Electronics
CUST03807,2024-12-08,95.63,Travel
CUST03807,2023-11-13,424.29,Travel
CUST03807,2025-05-15,56.31,Dining
CUST03807,2024-05-09,104.14,Clothing
CUST03807,2025-04-03,19.76,Dining
CUST03807,2023-11-04,77.0,Travel
CUST03807,2025-07-25,101.49,Grocery
CUST03807,2024-10-08,200.91,Dining
CUST03807,2023-10-06,87.78,Grocery
CUST03807,2024-03-27,89.25,Electronics
CUST03807,2025-07-01,156.24,Clothing
CUST03807,2023-10-18,67.65,Grocery
CUST03807,2024-07-17,26.32,Dining
CUST03807,2024-01-16,18.34,Dining
CUST03807,2025-03-07,14.76,Travel
CUST03807,2023-05-01,66.67,Dining
CUST03807,2025-06-30,99.05,Travel
CUST03807,2024-07-29,246.36,Travel
CUST03807,2024-03-03,83.48,Clothing
CUST03807,2023-08-11,6.13,Grocery
CUST03807,2025-01-26,134.92,Travel
CUST03807,2023-11-18,86.21,Travel
CUST03807,2024-03-08,70.33,Travel
CUST03807,2025-02-04,5.57,Electronics
CUST03807,2024-03-23,60.34,Clothing
CUST03807,2025-07-22,7.67,Electronics
CUST03807,2024-08-15,192.23,Grocery
CUST03807,2023-10-13,12.3,Clothing
CUST03807,2023-06-15,178.92,Travel
CUST03807,2024-12-08,36.68,Clothing
CUST03807,2023-07-23,45.05,Clothing
CUST03807,2024-09-12,252.16,Clothing
CUST03807,2024-11-12,17.41,Electronics
CUST03807,2024-05-08,21.75,Dining
CUST03807,2024-06-14,185.96,Dining
CUST03808,2024-07-23,205.57,Clothing
CUST03808,2023-12-11,67.68,Clothing
CUST03808,2025-02-11,52.69,Clothing
CUST03808,2023-03-30,36.39,Travel
CUST03808,2025-05-13,91.19,Travel
CUST03808,2022-11-21,428.47,Travel
CUST03808,2025-07-31,16.56,Dining
CUST03808,2023-07-10,42.71,Electronics
CUST03808,2024-09-21,25.87,Grocery
CUST03808,2025-02-24,50.84,Dining
CUST03808,2024-11-24,66.64,Grocery
CUST03808,2023-11-06,175.97,Grocery
CUST03808,2023-03-10,50.04,Grocery
CUST03808,2025-03-30,235.56,Electronics
CUST03808,2024-01-12,28.4,Grocery
CUST03808,2024-05-10,5.1,Electronics
CUST03808,2023-10-23,107.09,Clothing
CUST03808,2023-06-01,61.03,Clothing
CUST03808,2022-11-24,173.11,Electronics
CUST03808,2025-06-17,193.37,Travel
CUST03808,2023-05-17,134.55,Grocery
CUST03808,2024-10-02,207.76,Dining
CUST03808,2025-01-09,28.1,Electronics
CUST03808,2024-11-01,39.11,Clothing
CUST03808,2023-08-06,49.11,Travel
CUST03808,2024-06-04,52.38,Clothing
CUST03808,2022-09-24,21.78,Grocery
CUST03808,2025-05-21,23.25,Dining
CUST03808,2024-01-30,51.22,Clothing
CUST03808,2025-07-31,62.76,Dining
CUST03808,2024-11-06,219.48,Clothing
CUST03808,2024-10-22,23.83,Electronics
CUST03808,2024-12-16,53.37,Dining
CUST03808,2022-10-23,28.2,Grocery
CUST03808,2023-08-04,50.19,Clothing
CUST03808,2024-03-27,196.11,Dining
CUST03808,2024-05-18,234.59,Electronics
CUST03808,2023-04-09,114.74,Electronics
CUST03808,2023-07-08,178.37,Electronics
CUST03808,2023-02-02,28.82,Clothing
CUST03808,2024-07-27,178.62,Grocery
CUST03808,2025-06-09,359.53,Dining
CUST03808,2022-10-31,50.32,Travel
CUST03808,2024-11-19,20.4,Grocery
CUST03808,2024-03-06,19.68,Dining
CUST03808,2023-04-24,31.91,Electronics
CUST03808,2022-05-27,43.75,Clothing
CUST03808,2022-10-21,26.2,Clothing
CUST03808,2023-10-29,42.93,Dining
CUST03808,2024-02-03,33.11,Grocery
CUST03808,2025-03-30,36.76,Clothing
CUST03808,2024-07-06,118.8,Clothing
CUST03808,2025-01-03,209.85,Grocery
CUST03808,2022-03-11,74.23,Dining
CUST03808,2022-07-04,30.0,Electronics
CUST03808,2025-02-24,75.69,Grocery
CUST03808,2023-04-19,20.99,Electronics
CUST03808,2022-05-21,6.82,Travel
CUST03808,2024-11-22,32.53,Electronics
CUST03808,2023-05-20,15.86,Dining
CUST03808,2023-04-15,6.74,Grocery
CUST03808,2024-01-04,6.02,Electronics
CUST03808,2023-01-06,61.39,Electronics
CUST03808,2022-08-09,29.32,Dining
CUST03808,2022-07-22,25.31,Electronics
CUST03808,2023-08-18,18.82,Dining
CUST03808,2023-07-05,198.57,Electronics
CUST03808,2022-07-13,198.73,Travel
CUST03808,2024-12-01,47.7,Travel
CUST03808,2023-04-19,168.35,Travel
CUST03808,2023-09-24,291.47,Electronics
CUST03808,2024-04-08,84.33,Dining
CUST03808,2023-03-13,96.34,Grocery
CUST03808,2022-12-15,140.09,Clothing
CUST03808,2024-11-03,271.79,Grocery
CUST03808,2024-01-20,244.16,Clothing
CUST03808,2022-08-25,119.67,Electronics
CUST03808,2022-08-14,7.87,Electronics
CUST03808,2022-07-04,110.37,Electronics
CUST03808,2023-05-30,101.97,Electronics
CUST03808,2023-07-15,153.17,Clothing
CUST03808,2022-08-23,38.36,Travel
CUST03808,2023-03-21,169.82,Clothing
CUST03808,2023-08-08,182.63,Grocery
CUST03808,2025-05-28,148.57,Clothing
CUST03808,2023-06-28,94.83,Clothing
CUST03808,2025-03-26,127.82,Grocery
CUST03808,2024-10-07,8.31,Travel
CUST03808,2024-09-08,225.9,Travel
CUST03808,2024-05-07,114.51,Travel
CUST03808,2024-08-05,23.12,Clothing
CUST03808,2024-01-14,121.35,Clothing
CUST03808,2023-06-26,39.96,Electronics
CUST03808,2023-11-09,62.34,Electronics
CUST03808,2023-05-04,59.07,Electronics
CUST03808,2024-11-14,13.75,Clothing
CUST03808,2025-07-22,181.04,Dining
CUST03808,2025-06-27,176.73,Travel
CUST03808,2023-02-22,48.53,Electronics
CUST03808,2023-12-15,40.71,Clothing
CUST03808,2022-05-16,72.95,Dining
CUST03808,2022-03-25,147.91,Travel
CUST03809,2025-05-17,318.34,Travel
CUST03809,2025-05-30,78.82,Electronics
CUST03809,2025-07-15,146.28,Clothing
CUST03809,2025-07-15,26.53,Grocery
CUST03809,2025-07-05,147.75,Grocery
CUST03809,2025-06-30,10.26,Travel
CUST03809,2025-04-06,41.8,Grocery
CUST03809,2025-04-29,42.93,Dining
CUST03809,2025-05-16,195.0,Electronics
CUST03809,2025-06-19,39.43,Dining
CUST03809,2025-07-13,36.99,Travel
CUST03809,2025-04-18,56.89,Clothing
CUST03809,2025-07-04,120.43,Electronics
CUST03809,2025-03-23,61.22,Electronics
CUST03809,2025-07-11,46.08,Clothing
CUST03809,2025-05-03,25.46,Grocery
CUST03809,2025-06-25,90.27,Clothing
CUST03809,2025-07-22,26.74,Clothing
CUST03809,2025-07-17,13.97,Dining
CUST03809,2025-05-06,18.54,Dining
CUST03809,2025-07-05,99.33,Electronics
CUST03809,2025-07-13,81.5,Dining
CUST03809,2025-06-30,5.11,Electronics
CUST03809,2025-05-05,97.0,Clothing
CUST03809,2025-07-31,91.1,Grocery
CUST03809,2025-04-09,15.09,Clothing
CUST03809,2025-05-19,36.31,Travel
CUST03809,2025-04-07,122.26,Travel
CUST03809,2025-04-10,83.76,Travel
CUST03809,2025-04-07,7.36,Electronics
CUST03809,2025-05-29,42.93,Travel
CUST03809,2025-06-24,72.75,Dining
CUST03809,2025-04-09,179.3,Dining
CUST03809,2025-07-18,62.98,Grocery
CUST03809,2025-05-30,11.38,Electronics
CUST03809,2025-05-04,65.8,Electronics
CUST03809,2025-06-19,193.15,Grocery
CUST03809,2025-04-21,378.58,Clothing
CUST03809,2025-04-16,209.8,Travel
CUST03809,2025-05-11,58.99,Travel
CUST03809,2025-07-16,106.62,Travel
CUST03809,2025-05-30,234.78,Electronics
CUST03809,2025-04-16,77.36,Dining
CUST03809,2025-06-28,121.34,Travel
CUST03809,2025-06-13,76.53,Clothing
CUST03809,2025-06-19,35.16,Grocery
CUST03809,2025-06-23,499.44,Dining
CUST03809,2025-04-07,50.73,Dining
CUST03809,2025-03-30,20.33,Grocery
CUST03809,2025-06-30,17.56,Grocery
CUST03809,2025-04-23,59.05,Clothing
CUST03809,2025-04-08,149.89,Clothing
CUST03809,2025-04-19,111.81,Electronics
CUST03809,2025-05-13,20.84,Dining
CUST03809,2025-06-08,89.32,Electronics
CUST03809,2025-04-25,26.53,Travel
CUST03809,2025-06-30,21.92,Dining
CUST03809,2025-07-22,105.48,Clothing
CUST03809,2025-06-02,544.3,Travel
CUST03809,2025-05-05,74.51,Electronics
CUST03809,2025-05-25,37.05,Dining
CUST03809,2025-06-07,69.59,Grocery
CUST03809,2025-07-25,163.35,Travel
CUST03809,2025-05-03,45.6,Dining
CUST03809,2025-04-17,80.61,Dining
CUST03809,2025-04-08,34.54,Travel
CUST03809,2025-08-01,251.92,Clothing
CUST03809,2025-04-24,137.47,Clothing
CUST03809,2025-06-26,134.69,Dining
CUST03809,2025-04-12,25.1,Dining
CUST03809,2025-06-06,134.18,Electronics
CUST03809,2025-04-12,67.94,Clothing
CUST03809,2025-07-19,28.5,Clothing
CUST03809,2025-06-06,179.17,Dining
CUST03809,2025-07-20,51.88,Grocery
CUST03809,2025-06-30,24.74,Dining
CUST03809,2025-06-08,40.98,Travel
CUST03809,2025-04-03,15.78,Travel
CUST03809,2025-06-20,12.22,Clothing
CUST03809,2025-06-12,171.94,Electronics
CUST03809,2025-04-26,115.37,Clothing
CUST03809,2025-07-23,15.6,Dining
CUST03809,2025-05-30,147.16,Travel
CUST03809,2025-06-26,26.53,Electronics
CUST03809,2025-04-02,32.93,Dining
CUST03809,2025-04-29,21.56,Electronics
CUST03809,2025-03-28,318.66,Clothing
CUST03809,2025-04-25,78.67,Travel
CUST03809,2025-04-24,46.13,Clothing
CUST03809,2025-05-21,115.93,Grocery
CUST03809,2025-06-10,51.63,Electronics
CUST03809,2025-04-24,66.38,Clothing
CUST03809,2025-07-31,25.33,Grocery
CUST03809,2025-05-28,31.41,Electronics
CUST03809,2025-03-23,211.77,Travel
CUST03810,2024-12-11,83.52,Clothing
CUST03810,2025-04-19,129.87,Clothing
CUST03810,2024-09-12,113.07,Dining
CUST03810,2024-10-13,9.89,Electronics
CUST03810,2023-11-08,9.14,Travel
CUST03810,2024-03-28,15.7,Travel
CUST03810,2024-08-04,33.36,Travel
CUST03810,2023-09-13,28.03,Grocery
CUST03810,2024-09-02,10.13,Travel
CUST03810,2025-01-25,98.18,Electronics
CUST03810,2024-06-18,167.5,Electronics
CUST03810,2024-02-06,83.26,Dining
CUST03810,2024-03-11,138.38,Electronics
CUST03810,2024-03-20,15.56,Grocery
CUST03810,2024-09-24,24.6,Clothing
CUST03810,2025-02-06,74.66,Grocery
CUST03810,2023-12-27,39.23,Clothing
CUST03810,2024-04-11,57.79,Travel
CUST03810,2024-02-02,118.36,Dining
CUST03810,2024-02-14,55.32,Electronics
CUST03810,2024-05-12,200.15,Clothing
CUST03810,2025-03-06,44.21,Dining
CUST03810,2023-09-04,43.45,Travel
CUST03810,2024-02-09,57.65,Dining
CUST03810,2024-06-21,222.39,Clothing
CUST03810,2024-10-04,134.17,Clothing
CUST03810,2024-09-22,31.82,Grocery
CUST03810,2024-07-24,6.66,Electronics
CUST03810,2024-12-22,57.13,Electronics
CUST03810,2024-10-22,11.53,Electronics
CUST03810,2024-08-25,38.62,Travel
CUST03810,2025-05-27,76.58,Electronics
CUST03810,2023-10-03,178.81,Electronics
CUST03810,2025-04-14,151.54,Clothing
CUST03810,2025-04-16,38.7,Grocery
CUST03810,2024-11-10,60.75,Travel
CUST03810,2024-11-21,96.43,Clothing
CUST03810,2024-03-20,82.7,Travel
CUST03810,2023-09-29,26.77,Travel
CUST03810,2025-03-09,44.7,Electronics
CUST03810,2025-05-26,67.77,Clothing
CUST03810,2023-12-12,13.85,Dining
CUST03810,2025-03-21,36.41,Grocery
CUST03810,2024-08-13,27.61,Grocery
CUST03810,2024-12-12,21.63,Travel
CUST03810,2025-03-23,53.37,Clothing
CUST03810,2024-04-20,199.63,Travel
CUST03810,2023-08-30,245.77,Electronics
CUST03810,2024-05-20,9.22,Electronics
CUST03810,2025-04-14,32.57,Dining
CUST03810,2025-02-10,26.18,Grocery
CUST03810,2025-04-28,64.5,Electronics
CUST03810,2023-12-26,45.85,Travel
CUST03810,2024-07-29,95.68,Grocery
CUST03810,2024-12-08,135.59,Dining
CUST03810,2023-10-11,12.09,Dining
CUST03810,2023-12-23,70.87,Clothing
CUST03810,2023-09-30,52.12,Electronics
CUST03810,2025-03-18,82.92,Clothing
CUST03810,2024-06-16,26.76,Electronics
CUST03810,2024-11-21,134.47,Electronics
CUST03810,2025-06-08,33.82,Travel
CUST03810,2024-06-07,17.08,Clothing
CUST03810,2024-09-17,39.91,Clothing
CUST03810,2024-10-24,50.24,Dining
CUST03810,2024-10-30,176.18,Electronics
CUST03810,2024-01-21,53.19,Dining
CUST03810,2024-06-04,51.45,Travel
CUST03810,2024-11-16,38.23,Clothing
CUST03810,2025-01-24,10.42,Grocery
CUST03810,2024-02-12,25.83,Dining
CUST03810,2025-05-23,123.05,Travel
CUST03810,2025-01-12,31.41,Grocery
CUST03810,2023-12-23,259.6,Electronics
CUST03810,2024-08-02,245.82,Electronics
CUST03810,2025-05-11,12.12,Electronics
CUST03810,2023-11-14,19.84,Electronics
CUST03810,2025-03-06,53.97,Travel
CUST03810,2024-03-16,57.86,Dining
CUST03810,2024-05-21,24.53,Clothing
CUST03810,2024-09-22,143.14,Clothing
CUST03810,2024-02-14,34.07,Dining
CUST03810,2024-10-22,145.45,Clothing
CUST03810,2025-02-15,12.09,Travel
CUST03810,2024-08-28,111.78,Travel
CUST03810,2025-03-25,37.23,Travel
CUST03810,2023-11-13,18.8,Grocery
CUST03810,2024-01-06,19.25,Clothing
CUST03810,2023-09-26,9.51,Clothing
CUST03810,2025-01-26,7.6,Travel
CUST03810,2025-08-01,115.8,Travel
CUST03810,2025-06-19,25.95,Travel
CUST03810,2025-04-17,23.86,Clothing
CUST03810,2023-09-17,81.49,Travel
CUST03810,2024-01-18,113.74,Grocery
CUST03810,2024-07-09,166.74,Electronics
CUST03810,2024-02-20,168.48,Dining
CUST03810,2024-09-04,7.93,Travel
CUST03810,2023-09-18,132.89,Grocery
CUST03810,2025-03-28,11.37,Grocery
CUST03811,2024-04-28,44.39,Electronics
CUST03811,2024-02-16,95.51,Clothing
CUST03811,2024-03-06,313.84,Dining
CUST03811,2025-04-17,28.39,Travel
CUST03811,2025-04-07,31.65,Electronics
CUST03811,2024-01-23,89.74,Electronics
CUST03811,2024-10-04,83.49,Grocery
CUST03811,2025-07-28,7.32,Electronics
CUST03811,2024-05-27,62.17,Grocery
CUST03811,2024-08-21,6.75,Clothing
CUST03811,2024-02-22,94.89,Electronics
CUST03811,2024-09-06,27.66,Clothing
CUST03811,2024-09-03,60.22,Travel
CUST03811,2024-11-04,20.91,Grocery
CUST03811,2024-07-10,77.9,Dining
CUST03811,2024-12-14,134.54,Electronics
CUST03811,2025-02-12,133.91,Dining
CUST03811,2024-08-16,49.8,Electronics
CUST03811,2025-02-12,309.58,Electronics
CUST03811,2024-03-12,94.79,Electronics
CUST03811,2024-07-16,107.6,Travel
CUST03811,2025-03-07,26.61,Grocery
CUST03811,2024-05-26,28.34,Grocery
CUST03811,2024-11-15,288.91,Travel
CUST03811,2024-03-19,11.69,Clothing
CUST03811,2024-05-07,159.89,Grocery
CUST03811,2025-02-19,60.76,Travel
CUST03811,2025-03-07,141.09,Dining
CUST03811,2024-07-05,17.61,Electronics
CUST03811,2024-05-16,138.5,Travel
CUST03811,2025-03-01,40.95,Electronics
CUST03811,2025-07-23,77.04,Travel
CUST03811,2025-01-08,183.8,Dining
CUST03811,2025-04-03,141.6,Dining
CUST03811,2025-07-01,170.12,Clothing
CUST03811,2024-04-21,83.03,Dining
CUST03811,2024-11-09,154.67,Dining
CUST03811,2024-11-12,61.16,Dining
CUST03811,2024-08-11,125.99,Travel
CUST03811,2025-05-04,34.05,Travel
CUST03811,2024-07-22,95.72,Travel
CUST03811,2024-12-30,164.52,Dining
CUST03811,2025-06-03,22.18,Electronics
CUST03811,2024-10-21,15.28,Dining
CUST03811,2024-08-08,79.74,Travel
CUST03811,2024-06-29,105.78,Clothing
CUST03811,2024-06-09,31.86,Dining
CUST03811,2025-02-27,95.62,Dining
CUST03811,2024-08-31,22.65,Grocery
CUST03811,2024-02-12,110.49,Clothing
CUST03811,2024-06-27,93.72,Dining
CUST03811,2024-06-13,13.38,Clothing
CUST03811,2025-04-25,39.89,Clothing
CUST03811,2025-01-06,160.38,Clothing
CUST03811,2025-04-16,177.47,Dining
CUST03811,2024-12-05,166.73,Dining
CUST03811,2025-01-13,17.81,Grocery
CUST03811,2024-04-04,80.06,Grocery
CUST03811,2024-02-05,168.59,Dining
CUST03811,2024-02-07,109.66,Grocery
CUST03811,2024-04-18,111.86,Travel
CUST03811,2024-07-26,45.25,Dining
CUST03811,2025-06-25,78.13,Electronics
CUST03811,2025-05-24,76.67,Clothing
CUST03811,2025-03-12,456.15,Clothing
CUST03811,2024-07-20,85.48,Dining
CUST03811,2025-01-31,84.06,Grocery
CUST03811,2025-02-13,41.05,Dining
CUST03811,2025-07-17,20.08,Travel
CUST03811,2025-04-06,36.4,Clothing
CUST03811,2024-08-23,251.95,Clothing
CUST03811,2024-06-20,95.75,Dining
CUST03811,2025-06-25,73.73,Dining
CUST03811,2024-05-07,124.84,Travel
CUST03811,2025-07-07,189.26,Electronics
CUST03811,2024-04-30,178.49,Dining
CUST03811,2024-08-09,121.37,Clothing
CUST03811,2024-01-20,97.6,Grocery
CUST03811,2025-01-20,186.42,Grocery
CUST03811,2025-03-20,177.41,Clothing
CUST03811,2025-04-18,191.14,Grocery
CUST03811,2025-03-13,42.41,Travel
CUST03811,2025-07-08,56.2,Electronics
CUST03811,2024-06-12,13.07,Dining
CUST03811,2024-06-12,162.66,Electronics
CUST03811,2025-05-18,114.75,Grocery
CUST03811,2024-06-05,47.59,Dining
CUST03811,2024-05-18,56.0,Dining
CUST03811,2025-07-16,71.58,Electronics
CUST03811,2025-06-12,19.99,Electronics
CUST03811,2025-05-09,67.35,Travel
CUST03811,2024-02-21,103.38,Electronics
CUST03811,2024-09-23,250.88,Electronics
CUST03811,2024-03-31,73.04,Travel
CUST03811,2024-11-03,12.06,Travel
CUST03811,2025-01-26,16.36,Clothing
CUST03811,2025-05-13,35.22,Clothing
CUST03811,2024-12-04,60.36,Clothing
CUST03811,2024-07-28,181.27,Travel
CUST03811,2024-04-28,135.3,Dining
CUST03811,2024-03-31,74.53,Electronics
CUST03811,2025-03-14,21.18,Grocery
CUST03811,2024-12-18,65.77,Travel
CUST03811,2025-05-07,154.69,Travel
CUST03811,2024-03-15,48.3,Grocery
CUST03811,2024-12-25,120.88,Dining
CUST03811,2024-06-24,30.97,Travel
CUST03811,2024-10-09,132.58,Electronics
CUST03811,2025-02-15,207.25,Travel
CUST03812,2022-12-30,77.98,Grocery
CUST03812,2025-06-10,40.76,Travel
CUST03812,2021-12-23,41.57,Dining
CUST03812,2022-08-28,55.93,Clothing
CUST03812,2025-02-22,45.15,Dining
CUST03812,2025-04-22,297.88,Travel
CUST03812,2023-03-05,91.22,Electronics
CUST03812,2022-09-21,60.51,Grocery
CUST03812,2022-02-17,191.13,Travel
CUST03812,2022-08-12,83.48,Clothing
CUST03812,2022-01-19,360.43,Clothing
CUST03812,2022-02-11,117.18,Grocery
CUST03812,2023-08-08,124.96,Electronics
CUST03812,2025-06-03,20.93,Travel
CUST03812,2023-06-13,77.37,Electronics
CUST03812,2024-06-18,34.05,Dining
CUST03812,2022-08-06,230.36,Clothing
CUST03812,2024-09-05,5.4,Electronics
CUST03812,2022-04-08,108.78,Dining
CUST03812,2022-03-29,30.18,Grocery
CUST03812,2023-07-30,15.4,Travel
CUST03812,2023-10-26,54.26,Clothing
CUST03812,2024-12-28,43.34,Travel
CUST03812,2023-12-13,14.42,Grocery
CUST03812,2023-10-13,21.4,Travel
CUST03812,2021-11-04,67.07,Electronics
CUST03812,2022-09-13,108.44,Electronics
CUST03812,2022-12-23,156.67,Grocery
CUST03812,2022-09-10,80.94,Clothing
CUST03812,2024-10-22,149.61,Grocery
CUST03812,2022-08-15,71.65,Dining
CUST03812,2024-10-06,130.55,Clothing
CUST03812,2025-07-01,104.55,Dining
CUST03812,2022-07-21,94.02,Clothing
CUST03812,2023-07-02,26.63,Dining
CUST03812,2023-05-14,53.13,Electronics
CUST03812,2022-11-08,114.74,Dining
CUST03812,2024-12-10,13.29,Clothing
CUST03812,2022-07-26,41.17,Dining
CUST03812,2022-02-04,27.69,Dining
CUST03812,2025-01-11,14.74,Dining
CUST03812,2022-08-16,41.39,Electronics
CUST03812,2024-12-26,44.96,Clothing
CUST03812,2021-12-17,18.15,Clothing
CUST03812,2025-03-17,254.13,Grocery
CUST03812,2024-10-10,84.71,Travel
CUST03812,2024-08-13,243.53,Travel
CUST03812,2024-07-03,143.44,Clothing
CUST03812,2023-10-29,155.34,Electronics
CUST03812,2023-04-16,19.38,Grocery
CUST03812,2024-11-25,68.43,Electronics
CUST03812,2022-10-25,14.82,Clothing
CUST03812,2025-03-06,76.76,Clothing
CUST03812,2022-03-04,99.08,Clothing
CUST03812,2022-12-18,63.67,Electronics
CUST03812,2023-12-25,49.23,Travel
CUST03812,2023-03-23,22.63,Dining
CUST03812,2022-11-07,217.94,Grocery
CUST03812,2023-08-27,212.56,Electronics
CUST03812,2024-07-13,25.26,Grocery
CUST03812,2024-12-12,18.68,Dining
CUST03812,2024-03-22,10.09,Travel
CUST03812,2025-03-11,238.63,Electronics
CUST03812,2023-09-24,13.43,Clothing
CUST03812,2021-10-08,6.15,Electronics
CUST03812,2025-04-20,132.42,Electronics
CUST03812,2025-05-21,148.03,Clothing
CUST03812,2025-02-24,16.38,Grocery
CUST03812,2022-11-02,28.96,Travel
CUST03812,2025-05-07,31.86,Clothing
CUST03812,2024-06-03,6.17,Travel
CUST03812,2023-07-23,41.54,Dining
CUST03812,2024-05-18,27.28,Travel
CUST03812,2024-03-25,35.11,Grocery
CUST03812,2022-01-04,54.53,Clothing
CUST03812,2024-10-08,14.21,Clothing
CUST03812,2023-03-09,6.21,Clothing
CUST03812,2024-07-21,127.54,Grocery
CUST03812,2022-07-11,164.65,Travel
CUST03812,2025-06-05,8.65,Travel
CUST03812,2022-02-03,91.29,Dining
CUST03812,2024-02-18,188.31,Grocery
CUST03812,2022-03-22,39.89,Grocery
CUST03812,2021-11-14,9.75,Electronics
CUST03812,2022-01-13,115.15,Grocery
CUST03812,2022-07-05,8.91,Electronics
CUST03812,2024-12-04,130.75,Dining
CUST03812,2022-03-13,11.78,Travel
CUST03812,2024-07-14,12.02,Grocery
CUST03812,2024-02-03,137.12,Travel
CUST03812,2024-07-29,18.34,Grocery
CUST03812,2021-12-30,354.47,Travel
CUST03813,2021-05-24,76.01,Travel
CUST03813,2024-08-06,24.43,Clothing
CUST03813,2021-07-20,49.37,Travel
CUST03813,2025-07-16,128.55,Grocery
CUST03813,2021-08-09,6.01,Grocery
CUST03813,2025-07-15,69.9,Dining
CUST03813,2022-01-25,95.09,Grocery
CUST03813,2024-02-03,24.71,Dining
CUST03813,2024-01-02,201.85,Travel
CUST03813,2024-02-06,66.83,Grocery
CUST03813,2022-01-16,28.02,Dining
CUST03813,2022-02-11,44.63,Dining
CUST03813,2023-05-11,21.22,Dining
CUST03813,2023-05-14,220.73,Electronics
CUST03813,2022-11-01,56.27,Clothing
CUST03813,2025-01-13,263.4,Travel
CUST03813,2023-12-15,138.91,Dining
CUST03813,2023-01-13,301.8,Travel
CUST03813,2023-01-02,27.47,Dining
CUST03813,2022-10-30,58.66,Travel
CUST03813,2021-12-17,76.1,Travel
CUST03813,2021-04-11,39.6,Electronics
CUST03813,2025-01-25,29.32,Travel
CUST03813,2022-02-13,44.34,Clothing
CUST03813,2024-03-03,10.39,Grocery
CUST03813,2023-05-14,51.37,Dining
CUST03813,2025-02-11,74.85,Electronics
CUST03813,2025-04-27,12.99,Travel
CUST03813,2024-03-01,6.27,Travel
CUST03813,2024-09-28,22.32,Clothing
CUST03813,2024-09-14,86.33,Dining
CUST03813,2024-01-06,32.56,Travel
CUST03813,2022-02-04,52.13,Clothing
CUST03813,2021-05-13,12.71,Travel
CUST03813,2025-04-23,74.22,Grocery
CUST03813,2022-10-12,16.07,Dining
CUST03813,2023-01-15,20.0,Grocery
CUST03813,2025-02-28,71.37,Electronics
CUST03813,2023-07-14,15.84,Grocery
CUST03813,2025-07-04,8.99,Clothing
CUST03813,2022-04-06,100.42,Travel
CUST03813,2025-01-26,65.12,Dining
CUST03813,2023-01-24,435.18,Electronics
CUST03813,2024-06-16,36.31,Dining
CUST03813,2025-02-22,64.56,Travel
CUST03813,2024-11-21,6.51,Clothing
CUST03813,2022-08-30,214.0,Dining
CUST03813,2025-06-22,55.62,Dining
CUST03813,2024-02-14,20.12,Travel
CUST03813,2024-05-03,118.38,Clothing
CUST03813,2025-05-04,33.19,Grocery
CUST03813,2022-03-04,140.13,Travel
CUST03813,2021-12-28,96.05,Clothing
CUST03813,2022-10-07,14.15,Grocery
CUST03813,2021-05-19,176.98,Grocery
CUST03813,2021-11-21,21.62,Clothing
CUST03813,2024-11-23,90.87,Travel
CUST03813,2021-03-20,9.38,Dining
CUST03813,2022-09-06,117.88,Clothing
CUST03813,2021-09-21,143.22,Grocery
CUST03813,2022-12-22,41.61,Travel
CUST03813,2021-09-27,25.24,Travel
CUST03813,2022-06-02,41.95,Electronics
CUST03813,2022-06-16,80.76,Electronics
CUST03813,2022-02-23,20.41,Electronics
CUST03813,2023-05-15,12.35,Grocery
CUST03813,2021-08-29,38.07,Dining
CUST03813,2021-09-24,48.86,Dining
CUST03813,2024-09-28,193.4,Clothing
CUST03813,2023-08-07,14.63,Grocery
CUST03813,2025-04-19,127.0,Travel
CUST03813,2021-04-10,39.87,Electronics
CUST03813,2022-06-01,54.1,Clothing
CUST03813,2024-07-31,34.28,Travel
CUST03813,2023-01-17,22.57,Electronics
CUST03813,2021-08-14,99.01,Electronics
CUST03813,2022-02-01,19.37,Electronics
CUST03813,2024-09-23,100.79,Grocery
CUST03813,2024-08-12,46.41,Grocery
CUST03813,2023-12-22,37.99,Electronics
CUST03813,2024-04-30,43.82,Electronics
CUST03813,2022-03-11,30.46,Dining
CUST03813,2021-09-14,111.91,Grocery
CUST03813,2022-06-29,14.22,Grocery
CUST03813,2021-11-25,135.69,Grocery
CUST03813,2025-07-26,39.55,Electronics
CUST03814,2025-04-19,51.76,Dining
CUST03814,2023-05-28,31.08,Dining
CUST03814,2023-12-24,133.33,Dining
CUST03814,2023-06-23,8.62,Travel
CUST03814,2022-10-31,25.51,Clothing
CUST03814,2025-05-15,307.17,Grocery
CUST03814,2025-03-31,28.43,Travel
CUST03814,2024-09-23,35.49,Grocery
CUST03814,2025-02-10,88.63,Clothing
CUST03814,2024-08-20,63.29,Dining
CUST03814,2022-11-02,107.19,Travel
CUST03814,2024-11-23,14.42,Grocery
CUST03814,2024-09-15,16.72,Dining
CUST03814,2023-01-11,73.17,Grocery
CUST03814,2024-08-09,170.31,Travel
CUST03814,2023-07-09,16.01,Travel
CUST03814,2022-12-30,27.09,Dining
CUST03814,2024-01-21,96.1,Dining
CUST03814,2025-06-18,194.9,Dining
CUST03814,2022-10-02,100.65,Travel
CUST03814,2022-09-12,41.73,Grocery
CUST03814,2023-11-17,17.05,Grocery
CUST03814,2025-05-18,147.36,Electronics
CUST03814,2022-06-11,90.33,Clothing
CUST03814,2023-07-15,48.48,Clothing
CUST03814,2022-09-21,112.31,Travel
CUST03814,2023-10-04,70.54,Dining
CUST03814,2023-05-05,54.32,Grocery
CUST03814,2023-05-31,128.46,Electronics
CUST03814,2022-07-13,106.04,Grocery
CUST03814,2024-03-29,43.11,Clothing
CUST03814,2024-04-29,75.59,Grocery
CUST03814,2023-12-24,35.74,Travel
CUST03814,2023-05-11,35.47,Dining
CUST03814,2024-01-21,46.21,Travel
CUST03814,2024-09-05,27.46,Electronics
CUST03814,2023-08-10,166.25,Travel
CUST03814,2024-06-14,47.7,Dining
CUST03814,2024-04-20,21.17,Travel
CUST03814,2022-09-05,94.7,Clothing
CUST03814,2024-09-01,42.66,Dining
CUST03814,2022-05-19,31.22,Clothing
CUST03814,2022-07-24,5.56,Travel
CUST03814,2024-10-05,31.03,Dining
CUST03814,2022-11-15,107.45,Electronics
CUST03814,2022-05-18,5.13,Travel
CUST03814,2023-02-21,37.2,Travel
CUST03814,2024-07-21,133.88,Dining
CUST03814,2023-03-25,50.93,Electronics
CUST03814,2022-06-16,116.69,Grocery
CUST03814,2022-12-18,10.33,Clothing
CUST03814,2025-06-17,229.1,Electronics
CUST03814,2022-09-22,38.83,Grocery
CUST03814,2022-07-14,64.92,Clothing
CUST03814,2025-04-06,82.41,Dining
CUST03814,2024-04-22,15.46,Travel
CUST03814,2022-10-26,7.36,Dining
CUST03814,2023-07-14,67.77,Dining
CUST03814,2023-05-08,43.15,Electronics
CUST03814,2022-09-15,146.36,Electronics
CUST03814,2023-02-09,30.09,Grocery
CUST03814,2024-03-08,68.07,Dining
CUST03814,2023-10-22,50.2,Clothing
CUST03814,2025-07-06,17.38,Dining
CUST03814,2023-08-18,132.56,Dining
CUST03814,2023-12-24,42.73,Electronics
CUST03814,2022-11-09,49.18,Grocery
CUST03814,2025-05-28,83.56,Grocery
CUST03814,2024-08-24,278.27,Grocery
CUST03814,2023-07-18,85.85,Dining
CUST03814,2023-10-29,22.6,Electronics
CUST03814,2025-03-21,86.73,Grocery
CUST03814,2025-03-02,89.49,Electronics
CUST03814,2023-02-06,71.55,Electronics
CUST03814,2024-09-05,29.76,Travel
CUST03814,2022-12-07,49.85,Grocery
CUST03814,2023-08-04,137.1,Electronics
CUST03814,2023-11-20,22.24,Dining
CUST03814,2022-08-08,31.35,Electronics
CUST03814,2023-07-13,284.43,Electronics
CUST03814,2025-02-24,60.14,Clothing
CUST03814,2023-10-19,22.53,Dining
CUST03814,2023-02-20,43.85,Travel
CUST03814,2024-11-15,11.07,Dining
CUST03814,2023-06-13,66.93,Dining
CUST03814,2025-03-15,31.81,Grocery
CUST03814,2023-10-29,6.8,Clothing
CUST03814,2023-03-28,106.56,Clothing
CUST03814,2023-01-14,87.31,Electronics
CUST03814,2023-10-30,217.9,Dining
CUST03814,2022-05-27,401.53,Grocery
CUST03814,2023-07-31,14.54,Electronics
CUST03814,2023-08-13,5.23,Grocery
CUST03814,2022-09-17,43.18,Grocery
CUST03814,2024-09-11,14.9,Electronics
CUST03814,2025-07-06,43.94,Travel
CUST03814,2024-11-18,100.88,Electronics
CUST03814,2023-01-21,164.53,Travel
CUST03814,2024-09-27,40.66,Grocery
CUST03814,2022-06-16,36.8,Dining
CUST03814,2025-04-10,141.74,Travel
CUST03814,2023-06-13,18.2,Travel
CUST03814,2025-05-20,79.81,Travel
CUST03814,2024-08-28,73.01,Grocery
CUST03814,2022-08-10,36.17,Grocery
CUST03814,2023-07-18,6.71,Clothing
CUST03814,2023-10-31,17.05,Travel
CUST03814,2024-02-02,167.53,Dining
CUST03814,2023-05-29,107.94,Electronics
CUST03814,2023-08-07,23.86,Travel
CUST03815,2024-09-08,101.96,Travel
CUST03815,2025-02-05,102.48,Travel
CUST03815,2025-03-24,131.22,Dining
CUST03815,2025-06-17,236.99,Travel
CUST03815,2025-05-06,94.96,Electronics
CUST03815,2025-04-30,89.75,Grocery
CUST03815,2025-03-10,97.73,Electronics
CUST03815,2024-11-11,59.85,Travel
CUST03815,2025-02-02,156.07,Clothing
CUST03815,2025-05-26,49.3,Dining
CUST03815,2025-07-21,184.2,Clothing
CUST03815,2025-01-14,28.87,Travel
CUST03815,2025-01-15,119.74,Travel
CUST03815,2024-10-31,81.99,Grocery
CUST03815,2025-04-06,47.79,Electronics
CUST03815,2025-01-07,17.16,Clothing
CUST03815,2024-11-09,16.87,Travel
CUST03815,2025-04-08,30.2,Clothing
CUST03815,2025-02-22,67.58,Travel
CUST03815,2025-02-19,24.47,Travel
CUST03815,2025-04-22,52.36,Clothing
CUST03815,2024-11-09,100.25,Grocery
CUST03815,2025-05-21,17.11,Clothing
CUST03815,2024-10-07,46.15,Travel
CUST03815,2025-03-06,7.99,Clothing
CUST03815,2025-08-01,189.29,Electronics
CUST03815,2025-06-11,44.61,Electronics
CUST03815,2025-06-05,31.7,Clothing
CUST03815,2024-09-16,87.71,Grocery
CUST03815,2025-02-25,5.81,Grocery
CUST03815,2025-04-23,26.61,Clothing
CUST03815,2024-12-17,25.37,Clothing
CUST03815,2025-04-04,41.65,Dining
CUST03815,2025-06-20,133.84,Travel
CUST03815,2025-03-24,124.6,Grocery
CUST03815,2025-06-23,122.01,Grocery
CUST03815,2024-12-02,148.44,Dining
CUST03815,2025-01-02,42.48,Travel
CUST03815,2024-11-12,133.7,Dining
CUST03815,2024-09-13,19.75,Dining
CUST03815,2025-04-24,158.49,Electronics
CUST03815,2024-10-18,82.86,Dining
CUST03815,2025-01-12,76.3,Grocery
CUST03815,2025-02-20,210.09,Dining
CUST03815,2024-09-29,46.24,Grocery
CUST03815,2025-07-20,189.61,Dining
CUST03815,2025-04-08,6.44,Electronics
CUST03815,2025-02-17,56.76,Clothing
CUST03815,2025-01-05,133.79,Travel
CUST03815,2025-05-20,13.23,Electronics
CUST03815,2025-07-25,38.02,Dining
CUST03815,2025-07-08,8.36,Clothing
CUST03815,2024-11-24,92.01,Grocery
CUST03815,2024-11-05,24.94,Clothing
CUST03815,2025-04-03,43.5,Clothing
CUST03815,2024-11-25,61.86,Grocery
CUST03815,2024-11-14,73.26,Clothing
CUST03815,2025-03-23,47.03,Dining
CUST03815,2025-07-19,18.89,Dining
CUST03815,2024-09-29,30.04,Dining
CUST03815,2024-11-20,5.41,Electronics
CUST03815,2024-09-13,15.0,Travel
CUST03815,2025-05-16,24.46,Travel
CUST03815,2025-02-24,193.49,Travel
CUST03815,2025-05-02,85.56,Electronics
CUST03815,2025-07-18,156.45,Travel
CUST03815,2025-07-09,177.27,Electronics
CUST03815,2025-06-28,128.96,Clothing
CUST03815,2025-03-12,302.85,Clothing
CUST03815,2025-02-01,18.04,Grocery
CUST03815,2025-05-23,44.25,Clothing
CUST03815,2025-05-10,316.77,Travel
CUST03815,2025-06-06,10.32,Clothing
CUST03815,2025-06-04,59.99,Clothing
CUST03815,2025-01-25,51.6,Grocery
CUST03815,2024-10-05,21.52,Dining
CUST03815,2025-02-01,17.73,Electronics
CUST03815,2025-05-18,20.51,Travel
CUST03815,2025-01-18,6.42,Clothing
CUST03815,2025-05-24,85.9,Clothing
CUST03815,2025-02-26,46.02,Dining
CUST03815,2024-12-15,39.31,Grocery
CUST03815,2024-09-15,59.43,Clothing
CUST03815,2024-12-21,5.95,Grocery
CUST03815,2024-12-11,32.05,Clothing
CUST03815,2025-02-24,74.81,Clothing
CUST03815,2025-03-12,46.56,Travel
CUST03815,2024-12-09,49.19,Travel
CUST03815,2025-05-07,35.37,Travel
CUST03815,2025-02-22,54.74,Dining
CUST03815,2024-10-30,61.72,Dining
CUST03815,2025-03-27,113.84,Dining
CUST03815,2025-05-19,69.74,Travel
CUST03815,2025-01-07,54.61,Clothing
CUST03815,2024-11-07,36.98,Grocery
CUST03815,2025-07-31,62.7,Clothing
CUST03815,2025-06-02,113.01,Clothing
CUST03815,2025-01-24,72.5,Clothing
CUST03815,2025-07-09,17.59,Clothing
CUST03815,2025-03-04,19.36,Grocery
CUST03815,2025-02-22,47.43,Grocery
CUST03815,2025-07-10,296.66,Clothing
CUST03815,2025-05-25,298.43,Travel
CUST03815,2024-12-13,9.65,Electronics
CUST03815,2025-06-12,26.53,Grocery
CUST03815,2024-12-28,30.15,Clothing
CUST03815,2025-06-24,118.27,Dining
CUST03815,2025-01-25,22.45,Dining
CUST03815,2025-05-25,24.15,Dining
CUST03815,2025-07-04,36.0,Dining
CUST03815,2024-10-29,300.7,Travel
CUST03815,2025-01-06,5.81,Dining
CUST03815,2025-05-26,94.17,Clothing
CUST03815,2024-11-18,15.65,Grocery
CUST03815,2025-04-15,7.48,Electronics
CUST03815,2025-05-11,90.69,Grocery
CUST03815,2024-09-12,44.14,Electronics
CUST03815,2025-07-23,15.46,Grocery
CUST03815,2025-07-04,43.46,Grocery
CUST03815,2024-11-21,26.69,Dining
CUST03815,2024-10-24,42.52,Dining
CUST03815,2024-12-26,9.82,Travel
CUST03815,2025-06-17,12.5,Grocery
CUST03816,2022-08-19,336.39,Electronics
CUST03816,2024-08-09,121.12,Travel
CUST03816,2022-04-07,9.39,Dining
CUST03816,2023-07-13,7.58,Travel
CUST03816,2023-01-05,35.5,Dining
CUST03816,2023-01-13,65.57,Clothing
CUST03816,2023-06-17,138.47,Dining
CUST03816,2022-06-24,33.23,Dining
CUST03816,2023-09-02,210.75,Electronics
CUST03816,2021-10-09,17.65,Clothing
CUST03816,2022-12-16,58.59,Dining
CUST03816,2024-07-15,156.21,Dining
CUST03816,2024-10-24,302.87,Dining
CUST03816,2023-06-08,41.22,Electronics
CUST03816,2025-02-20,22.81,Electronics
CUST03816,2023-12-08,19.93,Clothing
CUST03816,2024-03-13,95.67,Grocery
CUST03816,2024-03-16,221.39,Grocery
CUST03816,2022-01-23,51.82,Grocery
CUST03816,2022-02-04,34.95,Travel
CUST03816,2025-02-11,32.46,Clothing
CUST03816,2024-04-16,119.89,Clothing
CUST03816,2025-05-27,65.9,Travel
CUST03816,2025-01-08,11.05,Grocery
CUST03816,2023-06-13,74.09,Electronics
CUST03816,2025-01-16,62.79,Travel
CUST03816,2024-12-11,89.99,Clothing
CUST03816,2023-07-25,12.02,Electronics
CUST03816,2022-05-21,21.79,Grocery
CUST03816,2024-09-06,316.89,Dining
CUST03816,2023-06-04,18.21,Travel
CUST03816,2023-12-07,257.38,Grocery
CUST03816,2022-09-01,19.3,Dining
CUST03816,2024-09-16,48.6,Clothing
CUST03816,2022-08-28,105.75,Travel
CUST03816,2022-04-25,13.08,Travel
CUST03816,2021-12-18,24.08,Travel
CUST03816,2022-12-31,147.5,Electronics
CUST03816,2021-12-08,16.54,Dining
CUST03816,2025-06-03,107.15,Clothing
CUST03816,2024-04-11,17.75,Electronics
CUST03816,2025-05-02,63.68,Electronics
CUST03816,2022-08-31,192.83,Electronics
CUST03816,2022-08-03,114.5,Travel
CUST03816,2023-04-30,8.73,Electronics
CUST03816,2025-02-27,210.0,Travel
CUST03816,2024-04-10,6.74,Grocery
CUST03816,2023-10-11,23.64,Dining
CUST03816,2024-07-21,110.95,Grocery
CUST03816,2024-08-13,32.27,Travel
CUST03816,2024-07-01,11.37,Electronics
CUST03816,2023-10-29,96.48,Dining
CUST03816,2023-10-16,43.35,Travel
CUST03816,2024-12-03,24.56,Dining
CUST03816,2025-04-01,117.89,Travel
CUST03816,2023-06-21,84.86,Electronics
CUST03816,2023-10-10,48.44,Dining
CUST03816,2024-07-19,45.11,Travel
CUST03816,2024-12-19,290.6,Grocery
CUST03816,2023-03-22,15.88,Electronics
CUST03816,2022-09-06,502.84,Dining
CUST03816,2023-05-07,60.06,Travel
CUST03816,2023-10-10,148.89,Dining
CUST03816,2024-08-09,27.7,Dining
CUST03816,2025-03-22,6.27,Grocery
CUST03816,2025-01-28,20.43,Clothing
CUST03816,2024-02-18,116.43,Dining
CUST03816,2023-04-29,27.29,Travel
CUST03816,2024-03-10,24.54,Travel
CUST03816,2023-11-08,9.07,Dining
CUST03816,2023-06-16,21.73,Grocery
CUST03816,2022-06-21,43.65,Travel
CUST03816,2025-02-25,160.36,Grocery
CUST03816,2023-03-01,112.31,Travel
CUST03816,2022-12-08,60.37,Electronics
CUST03816,2022-09-26,7.89,Dining
CUST03816,2024-08-20,30.99,Clothing
CUST03816,2025-03-24,230.61,Grocery
CUST03816,2022-10-31,270.95,Electronics
CUST03816,2024-10-04,77.84,Electronics
CUST03816,2023-05-15,145.76,Grocery
CUST03816,2024-05-07,393.91,Clothing
CUST03816,2024-04-05,7.28,Clothing
CUST03816,2022-05-01,73.17,Dining
CUST03816,2025-07-18,130.7,Grocery
CUST03816,2025-02-04,79.08,Electronics
CUST03817,2025-03-31,358.82,Grocery
CUST03817,2025-06-06,62.51,Dining
CUST03817,2024-01-05,44.8,Clothing
CUST03817,2020-10-18,14.29,Clothing
CUST03817,2021-04-14,29.75,Clothing
CUST03817,2022-08-29,13.41,Dining
CUST03817,2022-07-06,47.96,Electronics
CUST03817,2021-06-03,55.45,Travel
CUST03817,2025-04-17,15.84,Dining
CUST03817,2020-12-29,31.78,Grocery
CUST03817,2021-01-11,65.58,Clothing
CUST03817,2023-12-17,135.73,Electronics
CUST03817,2025-06-21,80.52,Clothing
CUST03817,2024-03-03,50.39,Clothing
CUST03817,2024-09-19,198.48,Clothing
CUST03817,2025-02-13,80.53,Dining
CUST03817,2023-11-10,100.1,Grocery
CUST03817,2022-09-21,120.01,Travel
CUST03817,2024-03-08,195.22,Dining
CUST03817,2024-08-10,21.39,Electronics
CUST03817,2022-01-27,57.97,Clothing
CUST03817,2021-08-16,49.43,Grocery
CUST03817,2022-12-08,137.1,Travel
CUST03817,2020-11-23,45.77,Clothing
CUST03817,2021-04-21,13.23,Dining
CUST03817,2024-06-17,265.01,Clothing
CUST03817,2023-06-20,121.71,Clothing
CUST03817,2023-12-28,209.07,Grocery
CUST03817,2024-07-27,12.67,Grocery
CUST03817,2021-07-26,54.98,Travel
CUST03817,2024-01-20,174.19,Dining
CUST03817,2024-06-06,43.58,Grocery
CUST03817,2021-05-13,71.41,Travel
CUST03817,2025-04-20,11.82,Travel
CUST03817,2024-08-13,18.2,Travel
CUST03817,2023-01-12,27.47,Dining
CUST03817,2021-02-17,108.17,Grocery
CUST03817,2025-01-12,96.11,Dining
CUST03817,2022-11-27,274.11,Dining
CUST03817,2023-05-15,78.33,Grocery
CUST03817,2023-02-18,57.12,Grocery
CUST03817,2024-01-25,73.94,Travel
CUST03817,2025-01-11,208.26,Grocery
CUST03817,2022-12-23,84.34,Travel
CUST03817,2023-02-14,10.15,Electronics
CUST03817,2022-04-25,12.14,Electronics
CUST03817,2024-04-13,75.25,Dining
CUST03817,2025-03-13,221.38,Clothing
CUST03817,2025-06-09,299.63,Clothing
CUST03817,2020-12-12,102.81,Travel
CUST03817,2023-07-21,92.52,Dining
CUST03817,2021-10-30,16.13,Electronics
CUST03817,2022-05-17,381.81,Clothing
CUST03817,2025-05-23,115.07,Clothing
CUST03817,2021-01-12,134.34,Clothing
CUST03817,2021-01-29,7.31,Clothing
CUST03817,2021-12-14,60.86,Travel
CUST03817,2025-05-19,110.87,Clothing
CUST03817,2022-12-10,77.94,Travel
CUST03817,2021-07-07,40.7,Electronics
CUST03817,2023-07-08,62.73,Electronics
CUST03817,2021-11-25,75.71,Grocery
CUST03817,2021-11-13,5.31,Grocery
CUST03817,2024-05-14,342.09,Electronics
CUST03817,2021-02-25,28.87,Clothing
CUST03817,2022-12-19,26.18,Travel
CUST03817,2025-04-16,46.7,Electronics
CUST03817,2021-09-22,63.61,Travel
CUST03817,2020-10-21,256.69,Travel
CUST03817,2024-03-27,87.43,Travel
CUST03817,2022-04-28,69.44,Electronics
CUST03817,2022-01-11,79.65,Grocery
CUST03817,2025-07-02,30.56,Travel
CUST03817,2024-03-03,155.86,Grocery
CUST03817,2022-04-29,261.97,Clothing
CUST03817,2025-04-07,9.81,Clothing
CUST03817,2024-10-03,132.77,Clothing
CUST03817,2025-06-25,30.22,Electronics
CUST03817,2022-09-12,65.16,Grocery
CUST03817,2023-04-18,52.27,Grocery
CUST03817,2023-04-17,148.8,Clothing
CUST03817,2023-09-07,106.75,Travel
CUST03817,2023-12-15,277.4,Dining
CUST03817,2025-06-19,11.59,Travel
CUST03817,2022-06-01,39.89,Clothing
CUST03817,2022-10-28,8.63,Grocery
CUST03817,2021-04-22,15.46,Electronics
CUST03817,2024-07-27,218.35,Electronics
CUST03817,2023-02-16,106.58,Electronics
CUST03817,2024-02-05,33.73,Travel
CUST03817,2024-06-18,19.95,Clothing
CUST03817,2021-04-08,221.99,Clothing
CUST03817,2021-03-01,139.38,Clothing
CUST03817,2021-06-28,8.19,Travel
CUST03817,2024-02-05,24.29,Clothing
CUST03817,2023-12-13,16.95,Dining
CUST03817,2022-05-24,60.14,Electronics
CUST03817,2023-06-12,73.6,Electronics
CUST03817,2021-05-02,15.47,Clothing
CUST03817,2024-01-28,144.15,Electronics
CUST03817,2025-03-22,109.87,Clothing
CUST03817,2023-12-20,136.97,Travel
CUST03817,2020-11-02,149.43,Clothing
CUST03817,2023-10-19,37.27,Grocery
CUST03817,2023-05-02,33.7,Dining
CUST03817,2020-11-05,128.99,Clothing
CUST03817,2024-04-13,16.27,Dining
CUST03817,2022-10-03,93.32,Dining
CUST03817,2023-10-25,75.74,Grocery
CUST03817,2020-10-06,174.8,Grocery
CUST03818,2024-02-17,17.21,Grocery
CUST03818,2024-07-01,190.18,Electronics
CUST03818,2023-01-15,56.31,Clothing
CUST03818,2024-08-17,163.83,Travel
CUST03818,2024-12-05,46.36,Travel
CUST03818,2024-06-29,241.93,Dining
CUST03818,2024-03-03,70.01,Grocery
CUST03818,2023-03-25,222.02,Clothing
CUST03818,2023-10-17,149.98,Grocery
CUST03818,2025-02-20,159.02,Travel
CUST03818,2023-08-28,14.73,Travel
CUST03818,2022-11-19,43.47,Dining
CUST03818,2025-01-07,40.9,Travel
CUST03818,2023-05-04,25.2,Grocery
CUST03818,2022-12-20,35.97,Electronics
CUST03818,2023-02-16,30.64,Clothing
CUST03818,2023-07-24,42.65,Travel
CUST03818,2024-10-07,35.26,Clothing
CUST03818,2023-09-29,157.61,Dining
CUST03818,2025-05-08,6.67,Electronics
CUST03818,2023-02-05,25.11,Travel
CUST03818,2023-10-18,103.3,Dining
CUST03818,2024-03-04,81.98,Travel
CUST03818,2025-06-11,58.05,Travel
CUST03818,2023-03-15,21.13,Electronics
CUST03818,2023-08-25,104.17,Clothing
CUST03818,2025-06-23,16.55,Electronics
CUST03818,2022-12-26,5.97,Travel
CUST03818,2024-10-10,186.57,Electronics
CUST03818,2024-01-25,67.83,Electronics
CUST03818,2023-01-30,7.5,Clothing
CUST03818,2024-05-04,47.0,Clothing
CUST03818,2023-11-03,39.23,Dining
CUST03818,2023-06-21,29.45,Grocery
CUST03818,2022-10-22,149.64,Dining
CUST03818,2025-03-21,37.0,Clothing
CUST03818,2025-04-26,33.8,Clothing
CUST03818,2023-09-07,18.39,Travel
CUST03818,2025-07-07,33.19,Electronics
CUST03818,2023-02-15,734.86,Clothing
CUST03818,2024-03-22,19.47,Travel
CUST03818,2025-02-08,65.79,Dining
CUST03818,2023-07-21,70.11,Electronics
CUST03818,2023-05-28,63.35,Electronics
CUST03818,2025-06-08,14.88,Grocery
CUST03818,2024-04-21,6.45,Clothing
CUST03818,2022-12-05,250.59,Electronics
CUST03818,2023-04-30,151.92,Clothing
CUST03818,2024-12-20,19.81,Dining
CUST03818,2023-08-11,185.9,Electronics
CUST03818,2022-09-12,31.54,Electronics
CUST03818,2023-09-27,24.85,Grocery
CUST03818,2024-07-05,231.49,Electronics
CUST03818,2023-06-26,176.36,Dining
CUST03818,2024-11-13,70.09,Dining
CUST03818,2022-10-02,19.31,Electronics
CUST03818,2024-04-16,5.68,Clothing
CUST03818,2023-08-16,39.55,Clothing
CUST03818,2023-06-27,122.56,Travel
CUST03818,2023-09-16,125.4,Grocery
CUST03818,2023-11-02,42.38,Travel
CUST03818,2025-02-11,90.53,Clothing
CUST03818,2022-11-10,5.88,Clothing
CUST03818,2025-02-26,31.47,Electronics
CUST03818,2024-05-14,116.82,Dining
CUST03818,2022-10-27,131.34,Dining
CUST03818,2022-10-15,33.5,Electronics
CUST03818,2023-12-24,78.07,Clothing
CUST03818,2024-05-30,14.08,Grocery
CUST03818,2025-03-18,111.9,Grocery
CUST03818,2023-11-06,179.28,Grocery
CUST03818,2025-01-13,6.9,Grocery
CUST03818,2024-02-21,40.2,Clothing
CUST03818,2023-06-25,63.28,Dining
CUST03818,2023-08-12,30.55,Clothing
CUST03818,2023-04-16,64.31,Electronics
CUST03818,2025-07-02,48.52,Dining
CUST03818,2023-04-08,34.61,Dining
CUST03818,2025-04-28,41.24,Dining
CUST03818,2024-08-09,36.25,Grocery
CUST03818,2024-07-18,270.91,Electronics
CUST03818,2025-07-09,119.22,Grocery
CUST03818,2025-02-07,7.22,Electronics
CUST03818,2023-12-18,36.45,Electronics
CUST03818,2023-12-29,49.46,Electronics
CUST03818,2024-01-29,64.86,Clothing
CUST03818,2025-03-30,333.04,Grocery
CUST03818,2024-12-01,174.96,Electronics
CUST03818,2023-01-30,9.83,Travel
CUST03818,2025-03-08,40.44,Travel
CUST03818,2024-03-07,7.77,Clothing
CUST03818,2023-08-26,73.71,Travel
CUST03818,2025-06-29,37.88,Clothing
CUST03818,2023-06-23,69.95,Dining
CUST03818,2024-05-05,39.6,Travel
CUST03818,2025-06-01,56.17,Clothing
CUST03818,2025-06-17,71.28,Clothing
CUST03818,2023-07-10,101.85,Grocery
CUST03818,2024-03-22,47.44,Clothing
CUST03818,2025-01-09,69.05,Dining
CUST03818,2023-04-05,17.24,Electronics
CUST03818,2024-03-02,48.83,Clothing
CUST03818,2025-05-03,42.44,Dining
CUST03818,2022-12-16,220.08,Electronics
CUST03818,2024-01-07,71.31,Clothing
CUST03818,2024-09-17,89.71,Travel
CUST03818,2023-03-13,31.64,Dining
CUST03818,2024-06-11,42.76,Clothing
CUST03818,2024-06-10,79.73,Electronics
CUST03818,2024-09-08,6.61,Clothing
CUST03818,2025-03-24,55.32,Travel
CUST03818,2024-04-23,54.91,Electronics
CUST03818,2023-06-16,21.01,Travel
CUST03818,2024-11-02,59.18,Grocery
CUST03818,2023-02-23,30.74,Clothing
CUST03818,2024-03-26,17.54,Clothing
CUST03818,2022-11-18,18.66,Clothing
CUST03818,2023-08-16,12.95,Grocery
CUST03819,2025-07-23,9.51,Dining
CUST03819,2025-04-26,11.81,Travel
CUST03819,2024-11-23,163.92,Electronics
CUST03819,2024-02-25,118.53,Clothing
CUST03819,2025-08-01,146.76,Grocery
CUST03819,2024-08-18,101.98,Electronics
CUST03819,2024-06-08,119.87,Travel
CUST03819,2024-07-12,24.38,Electronics
CUST03819,2025-01-27,19.74,Clothing
CUST03819,2024-07-02,164.3,Electronics
CUST03819,2024-08-01,24.38,Travel
CUST03819,2024-11-10,43.3,Travel
CUST03819,2025-05-28,44.78,Grocery
CUST03819,2025-05-11,46.96,Electronics
CUST03819,2025-03-04,92.59,Dining
CUST03819,2024-05-29,50.45,Travel
CUST03819,2024-08-23,113.26,Electronics
CUST03819,2024-05-14,147.98,Electronics
CUST03819,2024-07-28,30.9,Electronics
CUST03819,2024-02-08,16.36,Grocery
CUST03819,2025-02-10,122.59,Clothing
CUST03819,2024-06-08,41.69,Travel
CUST03819,2024-04-02,145.86,Electronics
CUST03819,2024-07-10,12.61,Travel
CUST03819,2025-07-24,183.41,Electronics
CUST03819,2025-05-23,51.64,Travel
CUST03819,2025-05-09,31.07,Clothing
CUST03819,2025-07-26,16.48,Dining
CUST03819,2024-11-18,30.81,Electronics
CUST03819,2024-02-10,81.42,Electronics
CUST03819,2024-06-20,56.62,Electronics
CUST03819,2025-04-20,180.38,Grocery
CUST03819,2024-07-02,94.42,Dining
CUST03819,2025-05-21,29.34,Dining
CUST03819,2025-02-28,25.5,Dining
CUST03819,2025-02-15,102.2,Clothing
CUST03819,2024-05-22,19.87,Grocery
CUST03819,2025-02-01,102.12,Dining
CUST03819,2025-02-10,16.66,Dining
CUST03819,2024-04-08,15.7,Electronics
CUST03819,2024-07-29,14.4,Clothing
CUST03819,2025-01-28,18.96,Dining
CUST03819,2025-02-26,111.86,Grocery
CUST03819,2025-03-30,97.07,Travel
CUST03819,2024-05-12,55.43,Electronics
CUST03819,2024-12-26,117.62,Travel
CUST03819,2024-12-22,114.73,Travel
CUST03819,2025-07-05,177.88,Travel
CUST03819,2024-02-27,180.02,Electronics
CUST03819,2025-03-29,156.8,Travel
CUST03819,2024-04-29,46.26,Travel
CUST03819,2024-03-04,70.71,Grocery
CUST03819,2024-07-28,36.14,Clothing
CUST03819,2024-12-26,79.1,Clothing
CUST03819,2024-06-01,207.24,Dining
CUST03819,2024-05-15,192.61,Clothing
CUST03819,2025-01-21,15.36,Travel
CUST03819,2024-07-31,206.55,Grocery
CUST03819,2024-04-22,90.34,Clothing
CUST03819,2024-12-24,5.15,Travel
CUST03819,2024-04-27,33.69,Travel
CUST03819,2024-07-08,6.19,Dining
CUST03819,2024-12-19,68.3,Grocery
CUST03819,2024-03-14,50.54,Clothing
CUST03819,2024-11-18,109.58,Electronics
CUST03819,2025-03-27,101.7,Travel
CUST03819,2024-05-30,21.91,Travel
CUST03819,2024-10-04,72.86,Electronics
CUST03819,2025-06-11,96.71,Clothing
CUST03819,2024-04-05,87.47,Electronics
CUST03819,2024-07-13,92.9,Travel
CUST03819,2024-08-19,46.04,Grocery
CUST03819,2024-02-11,26.18,Travel
CUST03819,2024-10-26,56.62,Grocery
CUST03819,2024-10-09,24.79,Travel
CUST03819,2025-06-30,55.07,Dining
CUST03819,2024-06-20,256.01,Clothing
CUST03819,2024-06-17,229.67,Electronics
CUST03819,2025-05-21,8.46,Grocery
CUST03819,2024-06-13,267.97,Clothing
CUST03819,2024-03-16,86.29,Travel
CUST03819,2024-08-07,165.76,Electronics
CUST03819,2024-07-16,53.71,Grocery
CUST03819,2024-11-01,69.36,Electronics
CUST03819,2024-09-23,19.73,Travel
CUST03819,2025-02-21,72.33,Travel
CUST03819,2025-01-12,226.18,Electronics
CUST03819,2024-06-16,78.43,Electronics
CUST03819,2024-11-23,80.94,Grocery
CUST03819,2025-07-24,25.69,Grocery
CUST03819,2025-06-29,211.49,Electronics
CUST03819,2025-02-22,183.36,Dining
CUST03819,2024-06-07,129.85,Electronics
CUST03819,2025-04-01,60.54,Electronics
CUST03819,2024-07-14,50.99,Electronics
CUST03819,2025-05-28,34.9,Grocery
CUST03819,2025-02-18,71.91,Travel
CUST03819,2024-08-07,40.49,Electronics
CUST03819,2024-10-19,109.09,Grocery
CUST03819,2024-02-22,249.6,Travel
CUST03819,2025-06-16,66.03,Electronics
CUST03819,2025-04-04,25.58,Electronics
CUST03819,2025-03-05,118.27,Grocery
CUST03819,2024-07-22,78.14,Travel
CUST03819,2025-02-07,15.09,Grocery
CUST03819,2025-01-30,92.92,Grocery
CUST03819,2025-06-26,95.62,Electronics
CUST03819,2025-08-01,11.19,Dining
CUST03819,2024-05-12,11.76,Clothing
CUST03819,2025-01-31,226.97,Dining
CUST03819,2024-07-08,65.51,Travel
CUST03819,2025-04-19,19.64,Clothing
CUST03820,2023-08-24,317.78,Electronics
CUST03820,2022-07-01,261.7,Grocery
CUST03820,2022-03-20,108.37,Clothing
CUST03820,2022-08-09,234.7,Clothing
CUST03820,2022-07-28,107.47,Dining
CUST03820,2025-04-14,32.64,Clothing
CUST03820,2021-07-23,12.78,Electronics
CUST03820,2022-06-08,115.56,Dining
CUST03820,2021-09-26,50.37,Electronics
CUST03820,2024-06-11,26.25,Clothing
CUST03820,2021-11-20,51.03,Travel
CUST03820,2022-11-17,69.0,Grocery
CUST03820,2024-12-17,45.16,Electronics
CUST03820,2024-01-31,5.34,Travel
CUST03820,2024-06-01,86.59,Travel
CUST03820,2023-03-15,165.21,Dining
CUST03820,2025-05-15,37.35,Electronics
CUST03820,2022-02-05,125.61,Dining
CUST03820,2025-04-26,52.38,Travel
CUST03820,2024-10-04,35.46,Grocery
CUST03820,2024-07-29,107.03,Grocery
CUST03820,2024-12-03,100.27,Travel
CUST03820,2022-04-22,10.73,Travel
CUST03820,2023-06-18,85.82,Electronics
CUST03820,2024-11-01,6.22,Electronics
CUST03820,2023-02-15,48.24,Dining
CUST03820,2021-12-27,22.72,Clothing
CUST03820,2022-05-23,31.65,Electronics
CUST03820,2023-04-30,6.47,Travel
CUST03820,2021-08-15,47.32,Dining
CUST03820,2024-11-17,132.9,Travel
CUST03820,2022-12-17,79.68,Dining
CUST03820,2022-10-15,76.45,Electronics
CUST03820,2022-09-08,41.19,Travel
CUST03820,2023-02-02,46.6,Dining
CUST03820,2021-05-27,26.12,Clothing
CUST03820,2023-10-03,67.95,Dining
CUST03820,2023-10-26,60.99,Grocery
CUST03820,2023-10-06,23.12,Travel
CUST03820,2023-01-20,17.7,Clothing
CUST03820,2022-04-10,9.09,Dining
CUST03820,2022-06-02,63.8,Electronics
CUST03820,2022-05-12,47.68,Clothing
CUST03820,2021-09-01,119.23,Grocery
CUST03820,2024-10-30,597.21,Electronics
CUST03820,2023-07-28,10.57,Travel
CUST03820,2022-01-31,100.7,Electronics
CUST03820,2022-03-30,50.48,Travel
CUST03820,2025-02-21,260.45,Grocery
CUST03820,2025-03-18,837.29,Electronics
CUST03820,2023-10-21,24.4,Electronics
CUST03820,2025-06-08,80.67,Clothing
CUST03820,2024-11-22,83.53,Clothing
CUST03820,2022-06-04,47.28,Travel
CUST03820,2022-07-14,56.48,Electronics
CUST03820,2025-03-22,12.69,Electronics
CUST03820,2022-01-24,55.29,Clothing
CUST03820,2022-09-22,37.08,Electronics
CUST03820,2024-05-19,40.08,Grocery
CUST03820,2024-06-24,122.93,Travel
CUST03820,2025-06-15,158.8,Travel
CUST03820,2025-05-09,31.62,Travel
CUST03820,2025-03-28,17.5,Clothing
CUST03820,2021-08-06,54.79,Travel
CUST03820,2025-06-11,61.75,Travel
CUST03820,2025-05-08,60.98,Dining
CUST03820,2022-11-21,81.95,Grocery
CUST03820,2022-04-24,41.39,Dining
CUST03820,2022-07-15,5.37,Grocery
CUST03820,2022-03-29,31.82,Grocery
CUST03820,2023-08-21,59.63,Travel
CUST03820,2024-07-07,59.33,Clothing
CUST03820,2024-10-20,12.58,Travel
CUST03820,2022-02-01,11.67,Travel
CUST03820,2025-02-11,59.53,Clothing
CUST03820,2021-08-24,18.39,Dining
CUST03820,2023-03-04,21.94,Clothing
CUST03820,2022-03-31,18.23,Clothing
CUST03820,2022-11-07,16.09,Electronics
CUST03820,2024-12-08,97.15,Electronics
CUST03820,2024-10-15,107.33,Clothing
CUST03820,2024-10-07,117.77,Grocery
CUST03820,2024-08-15,88.36,Dining
CUST03820,2025-01-16,58.54,Dining
CUST03820,2024-11-02,117.67,Dining
CUST03820,2025-06-17,38.32,Travel
CUST03820,2022-10-07,90.71,Clothing
CUST03820,2024-09-24,47.53,Dining
CUST03820,2022-06-09,19.68,Dining
CUST03820,2024-06-10,60.1,Clothing
CUST03820,2024-04-16,10.31,Dining
CUST03820,2024-05-29,179.2,Travel
CUST03820,2023-09-02,66.42,Grocery
CUST03820,2025-01-18,53.41,Grocery
CUST03820,2023-12-07,38.05,Travel
CUST03820,2023-07-28,175.14,Travel
CUST03820,2025-05-05,381.87,Travel
CUST03820,2022-07-04,131.54,Travel
CUST03820,2025-05-14,150.59,Dining
CUST03820,2024-05-10,9.94,Grocery
CUST03821,2024-01-07,19.77,Travel
CUST03821,2024-10-09,33.15,Electronics
CUST03821,2025-01-30,55.56,Electronics
CUST03821,2024-09-27,87.4,Electronics
CUST03821,2024-10-24,214.56,Electronics
CUST03821,2024-01-31,493.68,Clothing
CUST03821,2024-08-28,7.94,Grocery
CUST03821,2023-07-30,82.44,Travel
CUST03821,2025-01-31,196.62,Dining
CUST03821,2024-05-05,195.25,Travel
CUST03821,2025-06-12,31.79,Clothing
CUST03821,2024-11-05,41.29,Dining
CUST03821,2024-07-21,223.59,Electronics
CUST03821,2024-02-24,103.19,Travel
CUST03821,2024-04-10,105.06,Electronics
CUST03821,2024-08-11,174.58,Travel
CUST03821,2024-03-28,13.17,Clothing
CUST03821,2024-02-09,137.79,Grocery
CUST03821,2025-01-29,81.0,Dining
CUST03821,2024-04-19,64.84,Travel
CUST03821,2025-05-05,47.81,Grocery
CUST03821,2024-10-11,65.93,Grocery
CUST03821,2025-05-30,217.11,Electronics
CUST03821,2023-06-22,55.69,Grocery
CUST03821,2025-07-28,55.57,Grocery
CUST03821,2025-06-02,77.12,Dining
CUST03821,2024-11-09,47.96,Dining
CUST03821,2023-07-12,12.55,Grocery
CUST03821,2023-04-17,27.6,Electronics
CUST03821,2023-04-02,98.59,Electronics
CUST03821,2023-09-30,90.94,Dining
CUST03821,2023-04-23,6.43,Grocery
CUST03821,2024-08-08,27.93,Dining
CUST03821,2025-03-31,89.06,Grocery
CUST03821,2024-05-24,128.64,Clothing
CUST03821,2024-10-04,19.46,Dining
CUST03821,2023-12-12,34.08,Grocery
CUST03821,2024-03-30,107.76,Grocery
CUST03821,2025-02-22,19.87,Grocery
CUST03821,2024-08-24,13.11,Travel
CUST03821,2023-05-04,95.23,Grocery
CUST03821,2023-09-23,105.75,Grocery
CUST03821,2025-03-11,50.69,Dining
CUST03821,2025-04-17,58.23,Dining
CUST03821,2023-07-23,14.38,Dining
CUST03821,2024-07-23,28.29,Clothing
CUST03821,2025-04-29,62.99,Dining
CUST03821,2024-11-05,19.08,Grocery
CUST03821,2025-07-31,40.93,Dining
CUST03821,2024-12-14,14.66,Travel
CUST03821,2024-04-29,151.72,Grocery
CUST03821,2024-03-20,46.8,Electronics
CUST03821,2024-09-19,155.56,Travel
CUST03821,2023-11-05,32.69,Grocery
CUST03821,2023-06-25,96.14,Grocery
CUST03821,2025-05-09,48.32,Dining
CUST03821,2025-06-04,171.84,Clothing
CUST03821,2025-01-04,10.27,Electronics
CUST03821,2024-02-06,108.33,Dining
CUST03821,2025-07-20,88.76,Electronics
CUST03821,2024-07-17,242.44,Clothing
CUST03821,2024-06-15,10.22,Clothing
CUST03821,2024-03-29,355.55,Dining
CUST03821,2024-09-11,7.29,Dining
CUST03821,2024-08-17,144.49,Clothing
CUST03821,2025-01-12,51.93,Clothing
CUST03821,2025-06-22,27.31,Electronics
CUST03821,2025-04-27,48.92,Travel
CUST03821,2023-08-18,155.95,Grocery
CUST03821,2024-02-02,48.28,Dining
CUST03821,2025-05-04,313.62,Dining
CUST03821,2024-09-29,56.04,Travel
CUST03821,2025-01-16,18.03,Dining
CUST03821,2024-10-28,39.71,Electronics
CUST03821,2024-07-19,11.53,Clothing
CUST03821,2025-01-09,24.15,Dining
CUST03821,2023-03-06,5.52,Dining
CUST03821,2025-07-11,25.48,Electronics
CUST03821,2023-05-18,62.19,Clothing
CUST03821,2024-09-04,14.09,Grocery
CUST03821,2025-04-21,5.67,Grocery
CUST03821,2023-10-26,124.58,Grocery
CUST03821,2024-11-15,102.81,Travel
CUST03821,2025-03-08,45.59,Travel
CUST03821,2024-09-04,122.67,Grocery
CUST03821,2024-11-22,16.02,Clothing
CUST03821,2024-03-27,227.81,Clothing
CUST03821,2024-05-07,17.18,Grocery
CUST03821,2023-08-29,65.62,Dining
CUST03821,2025-01-18,82.67,Dining
CUST03821,2024-01-05,171.06,Grocery
CUST03821,2024-11-13,42.31,Travel
CUST03821,2025-01-19,17.76,Grocery
CUST03821,2025-06-23,123.0,Travel
CUST03821,2024-12-29,19.0,Electronics
CUST03821,2025-07-11,18.43,Clothing
CUST03821,2024-09-04,41.32,Grocery
CUST03821,2023-07-15,70.23,Clothing
CUST03821,2023-03-07,100.56,Travel
CUST03821,2024-04-15,71.26,Grocery
CUST03821,2024-11-05,29.57,Travel
CUST03821,2024-09-12,47.21,Travel
CUST03821,2024-11-16,34.63,Electronics
CUST03821,2025-04-01,131.58,Clothing
CUST03821,2023-10-07,64.52,Clothing
CUST03821,2023-05-30,62.29,Grocery
CUST03821,2024-08-08,7.17,Travel
CUST03821,2023-10-21,178.26,Travel
CUST03821,2024-11-26,73.7,Clothing
CUST03822,2024-07-24,20.78,Clothing
CUST03822,2025-01-22,16.05,Electronics
CUST03822,2024-07-24,88.91,Dining
CUST03822,2024-10-28,38.51,Grocery
CUST03822,2024-12-20,50.13,Dining
CUST03822,2024-07-28,46.66,Travel
CUST03822,2024-08-29,250.18,Dining
CUST03822,2025-04-27,72.47,Travel
CUST03822,2025-06-18,13.84,Travel
CUST03822,2024-08-27,151.36,Electronics
CUST03822,2025-04-19,21.47,Travel
CUST03822,2025-03-31,34.07,Grocery
CUST03822,2025-04-08,11.65,Dining
CUST03822,2024-09-26,114.69,Grocery
CUST03822,2024-07-22,14.71,Travel
CUST03822,2025-02-04,190.05,Grocery
CUST03822,2024-11-14,22.81,Travel
CUST03822,2025-05-25,40.14,Dining
CUST03822,2024-09-23,32.67,Dining
CUST03822,2025-05-14,42.1,Dining
CUST03822,2024-12-14,47.5,Dining
CUST03822,2024-09-11,20.12,Travel
CUST03822,2025-05-30,176.85,Electronics
CUST03822,2024-07-04,18.74,Dining
CUST03822,2025-07-18,13.62,Clothing
CUST03822,2025-04-27,18.63,Grocery
CUST03822,2024-07-25,124.24,Electronics
CUST03822,2025-03-03,14.34,Travel
CUST03822,2024-10-01,40.43,Electronics
CUST03822,2024-07-28,54.95,Dining
CUST03822,2024-11-20,85.0,Clothing
CUST03822,2025-01-21,19.33,Travel
CUST03822,2025-06-29,86.76,Grocery
CUST03822,2024-09-19,236.95,Dining
CUST03822,2024-10-02,8.47,Grocery
CUST03822,2025-02-14,157.1,Grocery
CUST03822,2024-09-26,17.5,Travel
CUST03822,2025-01-25,35.12,Grocery
CUST03822,2025-01-12,120.64,Electronics
CUST03822,2025-05-05,17.82,Clothing
CUST03822,2025-06-26,70.48,Travel
CUST03822,2025-01-01,30.44,Grocery
CUST03822,2025-07-15,17.67,Electronics
CUST03822,2025-06-19,58.36,Electronics
CUST03822,2024-07-10,30.14,Clothing
CUST03822,2025-07-25,26.54,Clothing
CUST03822,2024-08-07,108.5,Clothing
CUST03822,2025-02-13,38.44,Grocery
CUST03822,2025-01-24,73.91,Grocery
CUST03822,2024-11-29,103.73,Grocery
CUST03822,2025-06-15,23.04,Travel
CUST03822,2024-08-16,191.09,Grocery
CUST03822,2024-11-03,164.14,Electronics
CUST03822,2024-07-18,71.69,Electronics
CUST03822,2025-02-20,228.98,Clothing
CUST03822,2024-07-20,54.66,Electronics
CUST03822,2024-09-10,186.2,Travel
CUST03822,2025-02-03,45.97,Travel
CUST03822,2024-08-31,73.1,Clothing
CUST03822,2025-03-23,13.86,Dining
CUST03822,2025-04-09,249.48,Travel
CUST03822,2025-03-18,73.51,Electronics
CUST03822,2025-05-12,161.88,Electronics
CUST03822,2025-07-28,69.4,Grocery
CUST03822,2025-06-27,163.82,Clothing
CUST03822,2025-01-30,194.82,Grocery
CUST03822,2025-05-13,40.49,Dining
CUST03822,2024-12-09,172.06,Grocery
CUST03822,2025-06-20,198.97,Grocery
CUST03822,2024-11-09,31.55,Travel
CUST03822,2025-02-06,12.35,Electronics
CUST03822,2025-04-24,39.37,Grocery
CUST03822,2024-08-30,48.55,Electronics
CUST03822,2025-07-04,63.37,Dining
CUST03822,2025-05-07,85.29,Dining
CUST03822,2025-07-07,98.03,Grocery
CUST03822,2024-10-05,77.13,Travel
CUST03822,2025-06-05,87.0,Grocery
CUST03822,2024-12-01,22.25,Clothing
CUST03822,2025-06-11,53.88,Grocery
CUST03822,2025-01-20,169.54,Grocery
CUST03822,2024-08-09,59.77,Travel
CUST03822,2024-12-31,174.01,Dining
CUST03822,2024-07-14,89.63,Electronics
CUST03822,2025-01-25,6.29,Clothing
CUST03822,2024-07-31,21.91,Travel
CUST03822,2025-02-01,13.49,Clothing
CUST03822,2024-08-07,81.79,Clothing
CUST03822,2025-03-02,21.14,Clothing
CUST03822,2025-05-24,17.87,Clothing
CUST03822,2024-10-16,57.06,Grocery
CUST03822,2025-02-01,269.63,Travel
CUST03822,2024-10-28,68.17,Travel
CUST03822,2024-12-03,73.51,Grocery
CUST03822,2025-03-19,45.59,Travel
CUST03823,2024-01-17,34.39,Travel
CUST03823,2025-01-26,77.03,Dining
CUST03823,2023-07-05,45.53,Clothing
CUST03823,2025-05-18,157.52,Grocery
CUST03823,2024-11-24,32.82,Clothing
CUST03823,2024-08-05,175.69,Clothing
CUST03823,2024-06-26,19.16,Electronics
CUST03823,2023-07-15,55.77,Grocery
CUST03823,2024-08-30,116.23,Electronics
CUST03823,2025-01-19,5.99,Grocery
CUST03823,2025-04-26,16.59,Dining
CUST03823,2025-05-01,24.3,Electronics
CUST03823,2024-06-17,83.11,Travel
CUST03823,2023-11-05,34.98,Electronics
CUST03823,2024-01-21,72.12,Clothing
CUST03823,2024-10-30,17.67,Electronics
CUST03823,2024-09-13,60.64,Dining
CUST03823,2024-01-31,17.34,Dining
CUST03823,2024-10-20,184.22,Travel
CUST03823,2025-06-09,8.94,Dining
CUST03823,2024-07-05,111.58,Dining
CUST03823,2024-09-03,60.64,Clothing
CUST03823,2024-10-25,19.81,Dining
CUST03823,2023-08-06,45.89,Dining
CUST03823,2025-02-26,147.33,Electronics
CUST03823,2024-06-23,63.31,Travel
CUST03823,2023-09-02,17.99,Electronics
CUST03823,2024-09-06,23.45,Electronics
CUST03823,2025-05-08,102.04,Dining
CUST03823,2023-09-01,44.59,Clothing
CUST03823,2025-02-21,197.49,Electronics
CUST03823,2024-04-12,103.88,Clothing
CUST03823,2023-09-18,17.66,Travel
CUST03823,2024-01-28,10.06,Travel
CUST03823,2024-01-16,102.52,Electronics
CUST03823,2024-04-07,127.74,Travel
CUST03823,2024-12-22,64.97,Grocery
CUST03823,2025-05-19,15.18,Dining
CUST03823,2024-07-16,237.56,Clothing
CUST03823,2023-11-15,65.52,Grocery
CUST03823,2025-05-25,13.29,Dining
CUST03823,2025-07-27,9.43,Travel
CUST03823,2024-11-15,164.83,Dining
CUST03823,2023-12-01,42.18,Dining
CUST03823,2023-11-29,100.45,Grocery
CUST03823,2024-06-22,12.64,Electronics
CUST03823,2023-07-18,27.29,Grocery
CUST03823,2024-10-31,117.96,Grocery
CUST03823,2024-01-29,46.09,Grocery
CUST03823,2024-03-29,79.74,Grocery
CUST03823,2025-04-19,270.37,Travel
CUST03823,2023-12-26,61.03,Dining
CUST03823,2024-07-17,183.59,Grocery
CUST03823,2024-03-11,124.05,Clothing
CUST03823,2024-07-28,40.07,Clothing
CUST03823,2023-10-28,365.39,Grocery
CUST03823,2024-06-11,381.64,Travel
CUST03823,2024-04-19,98.02,Grocery
CUST03823,2024-02-12,148.87,Electronics
CUST03823,2023-08-20,27.91,Clothing
CUST03823,2024-03-10,47.3,Travel
CUST03823,2024-12-26,20.21,Grocery
CUST03823,2023-09-15,14.92,Dining
CUST03823,2025-05-29,117.5,Travel
CUST03823,2025-04-09,33.03,Dining
CUST03823,2023-10-17,84.78,Clothing
CUST03823,2024-11-25,21.39,Grocery
CUST03823,2024-02-27,26.82,Dining
CUST03823,2024-11-02,134.32,Grocery
CUST03823,2024-03-25,57.04,Travel
CUST03823,2023-09-12,297.23,Electronics
CUST03823,2024-03-30,39.74,Travel
CUST03823,2023-11-24,86.64,Travel
CUST03823,2024-07-18,18.39,Dining
CUST03823,2024-02-17,13.74,Clothing
CUST03823,2023-08-05,186.16,Travel
CUST03823,2024-06-12,140.08,Dining
CUST03823,2023-09-17,58.1,Electronics
CUST03823,2025-07-02,29.66,Electronics
CUST03823,2025-05-19,28.89,Dining
CUST03823,2025-07-19,114.91,Dining
CUST03823,2025-07-10,146.46,Dining
CUST03823,2023-12-29,78.34,Clothing
CUST03823,2024-02-03,39.61,Travel
CUST03823,2023-07-24,40.58,Travel
CUST03823,2024-06-16,34.37,Electronics
CUST03823,2024-11-25,18.82,Dining
CUST03823,2024-12-17,73.53,Electronics
CUST03823,2025-06-01,64.91,Grocery
CUST03823,2024-02-07,43.34,Dining
CUST03823,2024-10-29,79.95,Grocery
CUST03823,2024-02-24,212.0,Grocery
CUST03823,2023-07-23,44.23,Clothing
CUST03823,2024-01-21,11.72,Clothing
CUST03823,2024-08-23,136.18,Dining
CUST03823,2024-04-11,269.2,Clothing
CUST03823,2024-09-20,26.95,Dining
CUST03824,2023-02-13,26.3,Travel
CUST03824,2025-01-10,5.9,Grocery
CUST03824,2024-08-07,43.0,Grocery
CUST03824,2025-01-26,26.11,Dining
CUST03824,2023-02-19,7.65,Travel
CUST03824,2024-06-30,17.37,Electronics
CUST03824,2024-04-22,45.23,Dining
CUST03824,2023-11-01,211.25,Grocery
CUST03824,2023-02-27,58.42,Dining
CUST03824,2024-10-01,322.99,Clothing
CUST03824,2024-11-28,127.05,Clothing
CUST03824,2024-07-22,35.06,Electronics
CUST03824,2023-04-19,17.37,Clothing
CUST03824,2025-05-24,263.51,Dining
CUST03824,2024-12-29,67.41,Grocery
CUST03824,2024-12-02,213.18,Travel
CUST03824,2024-07-31,55.23,Clothing
CUST03824,2025-06-18,411.92,Dining
CUST03824,2025-01-10,10.55,Electronics
CUST03824,2025-06-23,108.25,Dining
CUST03824,2025-06-22,20.41,Electronics
CUST03824,2024-12-18,8.47,Clothing
CUST03824,2024-11-30,38.34,Electronics
CUST03824,2024-07-28,83.21,Clothing
CUST03824,2024-04-30,5.1,Grocery
CUST03824,2025-04-24,46.69,Electronics
CUST03824,2023-03-28,326.29,Electronics
CUST03824,2024-12-13,92.71,Travel
CUST03824,2024-06-20,35.4,Travel
CUST03824,2025-01-26,151.96,Clothing
CUST03824,2023-02-06,95.55,Electronics
CUST03824,2025-05-17,41.32,Travel
CUST03824,2023-07-03,187.94,Grocery
CUST03824,2024-01-19,116.23,Dining
CUST03824,2025-04-30,48.52,Dining
CUST03824,2023-06-16,90.66,Clothing
CUST03824,2024-05-16,77.62,Clothing
CUST03824,2025-05-19,99.74,Clothing
CUST03824,2023-05-15,37.24,Travel
CUST03824,2025-06-29,67.55,Clothing
CUST03824,2022-11-15,88.75,Grocery
CUST03824,2023-10-07,87.34,Clothing
CUST03824,2025-02-21,74.87,Clothing
CUST03824,2025-06-04,16.56,Clothing
CUST03824,2025-06-20,228.81,Clothing
CUST03824,2025-01-10,41.42,Electronics
CUST03824,2023-01-09,71.33,Grocery
CUST03824,2024-09-18,86.47,Grocery
CUST03824,2023-05-04,19.45,Travel
CUST03824,2024-02-23,291.59,Travel
CUST03824,2023-07-13,219.38,Dining
CUST03824,2024-01-11,209.92,Dining
CUST03824,2024-03-21,246.22,Clothing
CUST03824,2025-01-04,21.21,Dining
CUST03824,2023-06-29,5.19,Dining
CUST03824,2024-05-10,125.8,Electronics
CUST03824,2023-09-01,109.89,Clothing
CUST03824,2025-04-24,88.72,Travel
CUST03824,2024-04-08,10.04,Dining
CUST03824,2025-01-11,19.15,Clothing
CUST03824,2024-08-23,59.93,Travel
CUST03824,2024-02-13,14.41,Grocery
CUST03824,2023-05-23,39.47,Electronics
CUST03824,2023-08-06,258.43,Grocery
CUST03824,2023-12-06,52.3,Grocery
CUST03824,2024-01-15,56.56,Grocery
CUST03824,2024-12-13,6.63,Clothing
CUST03824,2023-01-24,43.07,Grocery
CUST03824,2023-10-07,74.0,Electronics
CUST03824,2025-05-12,29.51,Dining
CUST03824,2024-02-18,133.47,Clothing
CUST03824,2024-12-21,18.17,Clothing
CUST03824,2025-01-04,79.76,Electronics
CUST03824,2023-12-25,281.19,Electronics
CUST03824,2024-12-16,52.15,Dining
CUST03824,2024-05-27,95.61,Clothing
CUST03824,2023-06-20,103.11,Clothing
CUST03824,2024-08-27,118.53,Travel
CUST03824,2024-07-06,31.48,Clothing
CUST03824,2024-08-26,88.76,Electronics
CUST03824,2024-08-14,97.03,Electronics
CUST03824,2024-10-19,36.68,Grocery
CUST03824,2025-03-31,85.93,Electronics
CUST03824,2024-03-29,112.44,Travel
CUST03824,2024-12-12,74.64,Electronics
CUST03824,2024-04-28,36.14,Travel
CUST03824,2022-12-09,5.2,Electronics
CUST03824,2024-05-11,196.84,Dining
CUST03824,2024-07-12,55.75,Grocery
CUST03824,2023-10-11,46.31,Travel
CUST03824,2024-04-29,46.69,Dining
CUST03824,2025-04-16,29.68,Clothing
CUST03824,2025-07-17,34.91,Grocery
CUST03824,2024-03-12,7.2,Clothing
CUST03825,2022-10-21,112.4,Dining
CUST03825,2022-06-09,117.51,Electronics
CUST03825,2024-06-19,148.92,Clothing
CUST03825,2025-05-22,128.28,Clothing
CUST03825,2023-07-31,61.81,Dining
CUST03825,2022-04-08,50.03,Clothing
CUST03825,2022-03-03,115.76,Dining
CUST03825,2022-06-13,47.18,Grocery
CUST03825,2022-09-01,34.9,Electronics
CUST03825,2021-04-27,134.01,Electronics
CUST03825,2022-09-26,19.09,Clothing
CUST03825,2024-08-07,57.66,Electronics
CUST03825,2022-12-16,73.43,Grocery
CUST03825,2024-01-29,15.67,Clothing
CUST03825,2024-09-04,37.5,Dining
CUST03825,2022-04-07,52.8,Travel
CUST03825,2022-06-06,31.29,Clothing
CUST03825,2022-12-12,73.39,Clothing
CUST03825,2023-11-25,112.2,Clothing
CUST03825,2024-12-06,78.1,Clothing
CUST03825,2024-05-16,103.04,Clothing
CUST03825,2021-03-29,11.82,Travel
CUST03825,2025-05-19,29.63,Dining
CUST03825,2023-08-18,167.73,Dining
CUST03825,2024-02-01,34.73,Grocery
CUST03825,2024-07-19,40.61,Travel
CUST03825,2021-11-04,236.01,Electronics
CUST03825,2023-03-25,56.92,Clothing
CUST03825,2021-03-20,8.69,Grocery
CUST03825,2021-06-19,201.34,Electronics
CUST03825,2023-12-20,197.01,Clothing
CUST03825,2025-05-14,151.34,Clothing
CUST03825,2022-06-10,73.31,Travel
CUST03825,2023-05-08,161.3,Clothing
CUST03825,2024-07-07,69.04,Electronics
CUST03825,2025-01-02,30.33,Grocery
CUST03825,2022-08-30,8.16,Clothing
CUST03825,2022-03-12,50.96,Electronics
CUST03825,2021-11-15,43.51,Electronics
CUST03825,2022-08-04,251.24,Clothing
CUST03825,2023-04-14,70.31,Clothing
CUST03825,2022-10-29,48.92,Dining
CUST03825,2022-10-24,78.17,Clothing
CUST03825,2022-04-25,5.49,Travel
CUST03825,2023-12-08,59.9,Dining
CUST03825,2021-12-22,9.76,Electronics
CUST03825,2024-03-28,29.37,Clothing
CUST03825,2024-03-12,35.01,Travel
CUST03825,2023-08-13,68.77,Clothing
CUST03825,2022-12-02,63.73,Clothing
CUST03825,2023-06-30,147.19,Grocery
CUST03825,2023-11-26,49.44,Travel
CUST03825,2022-10-11,75.8,Electronics
CUST03825,2021-07-09,382.54,Travel
CUST03825,2025-06-22,43.82,Travel
CUST03825,2024-11-24,231.46,Clothing
CUST03825,2021-07-19,98.92,Dining
CUST03825,2024-02-09,227.6,Grocery
CUST03825,2024-08-07,293.52,Clothing
CUST03825,2025-01-29,51.76,Clothing
CUST03825,2024-12-25,28.89,Dining
CUST03825,2025-04-08,106.06,Dining
CUST03825,2023-10-11,39.39,Travel
CUST03825,2023-09-30,12.39,Grocery
CUST03825,2021-07-01,46.76,Dining
CUST03825,2024-11-22,41.9,Grocery
CUST03825,2022-01-30,28.78,Electronics
CUST03825,2024-05-05,81.57,Grocery
CUST03825,2022-01-21,138.55,Grocery
CUST03825,2024-08-02,49.8,Dining
CUST03825,2024-04-13,361.67,Dining
CUST03825,2023-03-13,315.58,Travel
CUST03825,2023-05-25,30.16,Clothing
CUST03825,2025-07-17,16.23,Travel
CUST03825,2024-07-23,325.76,Travel
CUST03825,2024-11-30,98.5,Clothing
CUST03825,2023-05-01,162.58,Electronics
CUST03825,2022-08-13,19.85,Travel
CUST03825,2021-08-16,65.98,Electronics
CUST03825,2024-12-14,71.84,Clothing
CUST03825,2021-06-03,38.14,Dining
CUST03825,2024-10-16,99.22,Electronics
CUST03825,2024-04-17,24.98,Travel
CUST03825,2024-02-29,128.38,Electronics
CUST03825,2021-04-16,18.69,Grocery
CUST03825,2023-05-06,25.3,Travel
CUST03825,2023-10-30,35.13,Grocery
CUST03825,2024-12-03,256.55,Electronics
CUST03825,2021-11-26,108.93,Grocery
CUST03825,2021-10-01,142.36,Electronics
CUST03825,2025-05-10,348.26,Travel
CUST03825,2022-06-15,221.78,Electronics
CUST03825,2022-07-12,174.08,Clothing
CUST03825,2024-07-14,89.6,Dining
CUST03825,2024-08-10,34.51,Dining
CUST03825,2025-05-07,36.16,Electronics
CUST03825,2021-07-23,22.75,Clothing
CUST03825,2023-02-05,150.34,Grocery
CUST03825,2025-07-03,250.69,Grocery
CUST03825,2024-05-19,158.84,Travel
CUST03825,2023-02-15,39.01,Clothing
CUST03825,2023-08-28,154.97,Grocery
CUST03826,2024-04-04,13.04,Grocery
CUST03826,2025-04-29,44.19,Travel
CUST03826,2021-03-29,152.27,Clothing
CUST03826,2024-04-11,23.32,Grocery
CUST03826,2021-12-15,118.83,Grocery
CUST03826,2021-03-23,55.47,Dining
CUST03826,2021-05-01,36.08,Electronics
CUST03826,2022-05-09,236.71,Electronics
CUST03826,2021-10-10,429.33,Grocery
CUST03826,2023-04-18,229.56,Clothing
CUST03826,2023-04-20,59.57,Clothing
CUST03826,2024-07-21,50.33,Grocery
CUST03826,2025-01-10,12.28,Travel
CUST03826,2021-03-17,13.44,Grocery
CUST03826,2023-10-11,111.76,Dining
CUST03826,2022-03-26,11.15,Grocery
CUST03826,2023-05-02,233.51,Clothing
CUST03826,2023-01-15,39.32,Dining
CUST03826,2023-07-08,27.14,Electronics
CUST03826,2022-11-29,63.71,Electronics
CUST03826,2025-04-10,29.59,Electronics
CUST03826,2021-10-11,5.29,Dining
CUST03826,2021-09-17,50.14,Grocery
CUST03826,2022-02-16,54.22,Travel
CUST03826,2025-01-27,38.31,Electronics
CUST03826,2023-12-25,31.69,Clothing
CUST03826,2021-04-19,71.63,Electronics
CUST03826,2025-05-17,11.54,Travel
CUST03826,2024-11-09,35.96,Travel
CUST03826,2024-03-31,131.85,Electronics
CUST03826,2022-04-18,10.69,Travel
CUST03826,2024-03-15,110.59,Clothing
CUST03826,2025-06-06,48.57,Electronics
CUST03826,2023-03-02,205.75,Electronics
CUST03826,2021-06-24,126.15,Dining
CUST03826,2023-12-11,87.79,Travel
CUST03826,2023-06-08,10.56,Clothing
CUST03826,2024-11-04,24.16,Electronics
CUST03826,2025-02-08,34.47,Grocery
CUST03826,2021-08-03,120.85,Clothing
CUST03826,2024-06-05,5.66,Travel
CUST03826,2021-09-26,189.45,Dining
CUST03826,2021-08-25,221.14,Clothing
CUST03826,2022-10-07,68.56,Dining
CUST03826,2024-05-26,69.98,Grocery
CUST03826,2023-01-30,78.69,Electronics
CUST03826,2024-05-15,143.47,Grocery
CUST03826,2021-09-05,34.7,Travel
CUST03826,2024-09-16,13.27,Travel
CUST03826,2022-04-10,150.52,Grocery
CUST03826,2021-08-21,19.6,Electronics
CUST03826,2024-05-30,58.54,Clothing
CUST03826,2022-02-03,51.12,Electronics
CUST03826,2023-12-10,135.8,Grocery
CUST03826,2025-05-26,92.59,Dining
CUST03826,2021-11-13,81.22,Grocery
CUST03826,2023-07-04,6.27,Travel
CUST03826,2021-03-20,34.39,Dining
CUST03826,2021-04-01,162.4,Electronics
CUST03826,2021-10-10,60.75,Grocery
CUST03826,2023-09-03,81.24,Grocery
CUST03826,2021-08-29,34.65,Dining
CUST03826,2022-11-06,189.5,Grocery
CUST03826,2022-02-08,258.87,Dining
CUST03826,2024-12-19,87.26,Travel
CUST03826,2022-01-14,162.16,Clothing
CUST03826,2023-06-13,138.7,Grocery
CUST03826,2022-04-23,97.85,Clothing
CUST03826,2025-07-18,133.52,Clothing
CUST03826,2025-02-12,15.41,Travel
CUST03826,2022-07-05,65.96,Travel
CUST03826,2022-01-13,9.25,Grocery
CUST03826,2023-08-24,12.17,Dining
CUST03826,2021-04-03,154.99,Travel
CUST03826,2023-09-16,8.59,Clothing
CUST03826,2022-05-07,21.03,Clothing
CUST03826,2022-01-03,69.65,Travel
CUST03826,2021-04-14,21.11,Electronics
CUST03826,2025-01-19,9.92,Travel
CUST03826,2021-04-16,69.79,Travel
CUST03826,2021-07-29,174.12,Travel
CUST03826,2023-04-07,11.47,Electronics
CUST03826,2022-03-16,28.05,Clothing
CUST03826,2024-05-04,49.97,Dining
CUST03826,2023-01-18,67.73,Electronics
CUST03826,2022-01-03,172.21,Travel
CUST03826,2025-04-06,54.1,Travel
CUST03826,2021-08-20,30.87,Electronics
CUST03826,2022-02-25,74.22,Electronics
CUST03826,2024-10-11,20.01,Electronics
CUST03826,2022-09-16,155.36,Electronics
CUST03826,2023-08-12,5.42,Electronics
CUST03826,2021-12-31,43.9,Electronics
CUST03826,2021-04-04,17.19,Electronics
CUST03826,2022-06-27,18.18,Dining
CUST03826,2021-03-14,69.87,Electronics
CUST03826,2022-04-13,161.38,Grocery
CUST03826,2022-11-30,14.89,Clothing
CUST03826,2024-04-12,105.12,Clothing
CUST03826,2022-01-20,49.57,Dining
CUST03826,2021-03-29,108.2,Clothing
CUST03826,2023-08-26,202.02,Dining
CUST03826,2025-01-11,61.05,Dining
CUST03826,2023-09-01,27.54,Electronics
CUST03826,2021-08-12,62.85,Travel
CUST03826,2024-02-16,129.37,Travel
CUST03826,2025-05-27,40.83,Dining
CUST03826,2022-09-18,11.68,Grocery
CUST03826,2025-05-12,124.76,Grocery
CUST03826,2022-03-25,32.88,Travel
CUST03826,2022-09-11,168.13,Travel
CUST03826,2021-06-11,11.75,Grocery
CUST03826,2025-01-29,101.37,Grocery
CUST03826,2025-05-22,31.17,Clothing
CUST03826,2025-07-05,87.69,Clothing
CUST03827,2024-11-25,105.01,Electronics
CUST03827,2024-01-20,55.46,Electronics
CUST03827,2023-11-29,14.3,Travel
CUST03827,2025-07-31,54.65,Grocery
CUST03827,2025-03-14,58.42,Clothing
CUST03827,2025-04-02,472.66,Clothing
CUST03827,2024-06-15,39.42,Clothing
CUST03827,2025-04-24,88.54,Clothing
CUST03827,2024-06-18,135.3,Grocery
CUST03827,2025-06-13,40.73,Electronics
CUST03827,2024-05-20,10.1,Dining
CUST03827,2025-05-15,164.12,Travel
CUST03827,2025-03-20,290.74,Electronics
CUST03827,2024-10-21,153.77,Grocery
CUST03827,2024-08-02,28.78,Clothing
CUST03827,2024-11-13,32.82,Travel
CUST03827,2024-07-25,96.57,Electronics
CUST03827,2023-12-30,17.62,Travel
CUST03827,2025-03-27,25.89,Clothing
CUST03827,2024-05-24,153.02,Travel
CUST03827,2024-12-07,244.49,Electronics
CUST03827,2024-11-21,263.01,Travel
CUST03827,2025-02-13,20.87,Grocery
CUST03827,2024-11-16,66.42,Grocery
CUST03827,2023-12-20,35.99,Electronics
CUST03827,2024-03-14,53.28,Electronics
CUST03827,2024-01-25,16.19,Electronics
CUST03827,2024-01-15,17.24,Clothing
CUST03827,2024-04-30,39.96,Grocery
CUST03827,2023-12-23,36.55,Dining
CUST03827,2023-12-14,29.53,Clothing
CUST03827,2025-01-22,107.61,Travel
CUST03827,2024-03-02,34.69,Travel
CUST03827,2023-12-23,259.48,Dining
CUST03827,2024-05-26,13.34,Electronics
CUST03827,2024-12-24,37.33,Travel
CUST03827,2024-08-27,57.85,Clothing
CUST03827,2024-01-02,222.22,Clothing
CUST03827,2024-05-21,285.43,Grocery
CUST03827,2024-06-26,121.44,Travel
CUST03827,2025-04-08,164.73,Electronics
CUST03827,2025-05-10,313.98,Dining
CUST03827,2025-03-11,51.02,Electronics
CUST03827,2024-07-25,224.56,Electronics
CUST03827,2023-12-14,27.56,Grocery
CUST03827,2024-09-27,59.39,Clothing
CUST03827,2025-04-15,131.56,Travel
CUST03827,2024-12-17,18.08,Grocery
CUST03827,2025-02-13,103.82,Grocery
CUST03827,2024-12-29,38.53,Grocery
CUST03827,2024-11-11,56.94,Electronics
CUST03827,2024-02-18,375.52,Grocery
CUST03827,2024-11-20,28.6,Electronics
CUST03827,2024-01-13,8.35,Grocery
CUST03827,2025-06-14,112.99,Dining
CUST03827,2024-08-08,23.24,Clothing
CUST03827,2025-04-12,133.29,Grocery
CUST03827,2025-08-01,127.23,Electronics
CUST03827,2024-07-22,93.06,Clothing
CUST03827,2025-06-23,81.13,Clothing
CUST03827,2025-07-27,8.01,Travel
CUST03827,2024-10-05,9.05,Dining
CUST03827,2025-07-26,48.0,Travel
CUST03827,2024-08-20,20.32,Dining
CUST03827,2024-01-28,22.16,Grocery
CUST03827,2025-01-13,69.23,Clothing
CUST03827,2024-07-16,9.57,Dining
CUST03827,2024-10-17,6.4,Dining
CUST03827,2025-06-14,76.16,Travel
CUST03827,2024-09-28,228.46,Electronics
CUST03827,2025-01-23,101.85,Clothing
CUST03827,2024-07-04,85.74,Dining
CUST03827,2024-07-25,138.74,Travel
CUST03827,2025-02-11,44.35,Grocery
CUST03827,2024-10-19,104.79,Dining
CUST03827,2025-05-26,85.85,Grocery
CUST03827,2024-10-07,111.85,Dining
CUST03827,2025-05-05,52.94,Grocery
CUST03827,2025-06-07,105.96,Dining
CUST03827,2025-04-10,72.3,Dining
CUST03827,2024-10-11,16.46,Clothing
CUST03827,2024-12-14,12.78,Electronics
CUST03827,2024-04-28,99.25,Grocery
CUST03827,2024-01-18,125.15,Grocery
CUST03827,2024-04-19,65.69,Grocery
CUST03827,2025-03-12,92.79,Dining
CUST03827,2024-07-29,23.07,Travel
CUST03827,2024-03-17,14.2,Travel
CUST03827,2024-09-24,79.98,Grocery
CUST03827,2024-10-30,16.96,Electronics
CUST03827,2024-03-05,51.48,Travel
CUST03827,2024-03-26,6.6,Clothing
CUST03827,2025-05-22,95.79,Grocery
CUST03827,2024-10-14,33.95,Electronics
CUST03827,2025-06-29,292.95,Clothing
CUST03827,2024-10-15,61.62,Travel
CUST03827,2025-06-23,70.95,Clothing
CUST03827,2025-01-12,65.02,Clothing
CUST03827,2024-05-20,108.25,Grocery
CUST03827,2024-06-24,240.19,Grocery
CUST03827,2025-01-25,137.58,Grocery
CUST03827,2024-06-15,47.99,Clothing
CUST03827,2025-06-19,39.04,Travel
CUST03827,2024-04-18,57.19,Dining
CUST03828,2025-05-02,93.1,Dining
CUST03828,2025-04-16,113.57,Electronics
CUST03828,2025-06-14,75.06,Dining
CUST03828,2025-07-22,49.09,Travel
CUST03828,2025-03-30,80.85,Travel
CUST03828,2025-05-30,8.22,Grocery
CUST03828,2025-07-22,15.17,Grocery
CUST03828,2025-04-22,18.97,Electronics
CUST03828,2025-03-24,214.1,Dining
CUST03828,2025-07-03,86.69,Clothing
CUST03828,2025-07-12,31.88,Travel
CUST03828,2025-04-17,92.94,Travel
CUST03828,2025-04-18,9.96,Clothing
CUST03828,2025-07-17,42.23,Grocery
CUST03828,2025-05-16,78.02,Clothing
CUST03828,2025-06-08,27.44,Electronics
CUST03828,2025-06-01,10.46,Dining
CUST03828,2025-05-19,36.95,Grocery
CUST03828,2025-05-15,135.11,Clothing
CUST03828,2025-07-10,76.36,Clothing
CUST03828,2025-07-05,38.72,Dining
CUST03828,2025-05-03,148.79,Dining
CUST03828,2025-05-30,300.9,Travel
CUST03828,2025-03-17,179.22,Dining
CUST03828,2025-04-19,26.93,Clothing
CUST03828,2025-05-21,7.82,Grocery
CUST03828,2025-03-23,9.03,Dining
CUST03828,2025-07-11,18.68,Clothing
CUST03828,2025-07-21,9.07,Grocery
CUST03828,2025-03-08,41.89,Clothing
CUST03828,2025-06-30,96.44,Clothing
CUST03828,2025-05-13,81.52,Clothing
CUST03828,2025-05-15,53.69,Electronics
CUST03828,2025-05-01,17.71,Grocery
CUST03828,2025-04-13,38.47,Travel
CUST03828,2025-07-11,54.98,Grocery
CUST03828,2025-07-29,20.72,Dining
CUST03828,2025-07-22,6.67,Dining
CUST03828,2025-07-29,110.98,Electronics
CUST03828,2025-07-16,13.1,Grocery
CUST03828,2025-03-15,43.01,Electronics
CUST03828,2025-06-08,79.41,Grocery
CUST03828,2025-03-14,46.9,Electronics
CUST03828,2025-05-26,56.83,Grocery
CUST03828,2025-06-30,55.42,Grocery
CUST03828,2025-03-28,34.78,Grocery
CUST03828,2025-03-21,13.53,Electronics
CUST03828,2025-04-11,37.49,Clothing
CUST03828,2025-03-06,114.74,Electronics
CUST03828,2025-07-06,147.51,Travel
CUST03828,2025-07-10,86.59,Clothing
CUST03828,2025-04-07,7.09,Dining
CUST03828,2025-07-15,46.72,Electronics
CUST03828,2025-06-23,89.86,Travel
CUST03828,2025-04-07,38.05,Clothing
CUST03828,2025-05-06,77.56,Travel
CUST03828,2025-07-26,107.92,Dining
CUST03828,2025-06-11,60.4,Clothing
CUST03828,2025-05-21,52.34,Electronics
CUST03828,2025-07-15,106.64,Travel
CUST03828,2025-07-07,196.53,Electronics
CUST03828,2025-07-20,165.06,Electronics
CUST03828,2025-03-30,266.23,Travel
CUST03828,2025-05-12,42.11,Travel
CUST03828,2025-05-18,177.52,Grocery
CUST03828,2025-04-06,11.95,Dining
CUST03828,2025-03-14,69.67,Clothing
CUST03828,2025-06-21,39.73,Travel
CUST03828,2025-07-17,45.18,Grocery
CUST03828,2025-05-23,17.98,Grocery
CUST03828,2025-07-30,96.79,Clothing
CUST03828,2025-05-02,12.5,Travel
CUST03828,2025-07-30,12.02,Clothing
CUST03828,2025-04-15,119.16,Travel
CUST03828,2025-03-11,71.06,Clothing
CUST03828,2025-02-27,22.12,Clothing
CUST03828,2025-03-25,51.62,Clothing
CUST03828,2025-03-17,177.33,Dining
CUST03828,2025-04-21,44.38,Grocery
CUST03828,2025-07-13,22.33,Electronics
CUST03828,2025-03-23,142.85,Grocery
CUST03828,2025-04-19,33.5,Clothing
CUST03828,2025-04-04,79.56,Clothing
CUST03828,2025-03-31,49.83,Electronics
CUST03828,2025-06-25,14.86,Clothing
CUST03828,2025-07-20,166.45,Electronics
CUST03828,2025-07-01,78.77,Clothing
CUST03828,2025-03-18,36.77,Travel
CUST03828,2025-07-23,8.72,Dining
CUST03828,2025-07-03,173.59,Dining
CUST03828,2025-03-09,19.8,Dining
CUST03828,2025-06-25,5.14,Clothing
CUST03828,2025-04-10,45.48,Dining
CUST03828,2025-06-19,6.57,Clothing
CUST03828,2025-07-04,78.42,Electronics
CUST03828,2025-07-18,118.49,Grocery
CUST03828,2025-04-12,135.45,Clothing
CUST03829,2023-06-24,208.52,Dining
CUST03829,2022-08-26,5.04,Grocery
CUST03829,2022-05-31,69.38,Electronics
CUST03829,2023-09-20,214.94,Electronics
CUST03829,2023-01-06,69.35,Dining
CUST03829,2022-04-08,90.28,Dining
CUST03829,2024-10-25,60.91,Clothing
CUST03829,2022-12-02,9.81,Travel
CUST03829,2024-08-19,153.07,Grocery
CUST03829,2022-09-23,303.16,Travel
CUST03829,2024-05-14,5.76,Electronics
CUST03829,2022-06-02,27.78,Electronics
CUST03829,2023-03-08,6.25,Dining
CUST03829,2022-04-04,81.15,Clothing
CUST03829,2021-12-05,58.75,Travel
CUST03829,2022-10-08,87.69,Clothing
CUST03829,2024-10-06,26.63,Electronics
CUST03829,2022-11-26,8.65,Grocery
CUST03829,2022-03-31,11.98,Travel
CUST03829,2025-04-29,90.92,Dining
CUST03829,2021-10-15,41.79,Electronics
CUST03829,2022-03-07,136.85,Electronics
CUST03829,2023-03-03,60.35,Clothing
CUST03829,2024-11-16,81.76,Travel
CUST03829,2022-02-20,46.01,Travel
CUST03829,2024-11-25,33.3,Electronics
CUST03829,2022-11-10,195.77,Dining
CUST03829,2023-10-13,121.71,Electronics
CUST03829,2023-04-06,289.18,Clothing
CUST03829,2024-01-26,14.51,Electronics
CUST03829,2024-11-02,20.4,Dining
CUST03829,2023-01-14,129.5,Electronics
CUST03829,2022-05-28,15.35,Clothing
CUST03829,2024-08-19,141.16,Dining
CUST03829,2022-09-28,123.02,Grocery
CUST03829,2022-03-02,55.58,Electronics
CUST03829,2021-12-24,205.16,Dining
CUST03829,2024-03-16,85.23,Clothing
CUST03829,2023-06-03,140.59,Electronics
CUST03829,2022-01-07,259.54,Grocery
CUST03829,2023-01-09,111.62,Travel
CUST03829,2025-02-12,10.5,Electronics
CUST03829,2025-06-01,104.86,Grocery
CUST03829,2024-12-19,63.36,Travel
CUST03829,2022-06-11,206.97,Travel
CUST03829,2025-08-01,105.34,Travel
CUST03829,2023-11-15,23.62,Travel
CUST03829,2023-05-23,112.29,Travel
CUST03829,2024-01-26,325.78,Clothing
CUST03829,2024-02-05,92.39,Travel
CUST03829,2021-09-22,228.44,Travel
CUST03829,2022-04-11,74.16,Grocery
CUST03829,2024-09-12,75.63,Grocery
CUST03829,2024-05-24,131.01,Grocery
CUST03829,2022-10-15,11.99,Grocery
CUST03829,2024-08-20,306.65,Electronics
CUST03829,2024-11-18,74.05,Grocery
CUST03829,2023-05-20,126.2,Clothing
CUST03829,2023-08-03,29.02,Grocery
CUST03829,2022-11-18,104.25,Clothing
CUST03829,2023-08-17,51.73,Dining
CUST03829,2024-12-10,50.64,Electronics
CUST03829,2023-08-27,6.15,Electronics
CUST03829,2023-08-01,144.02,Travel
CUST03829,2022-06-06,109.17,Electronics
CUST03829,2023-12-13,26.68,Clothing
CUST03829,2025-02-05,103.2,Dining
CUST03829,2024-08-03,32.28,Dining
CUST03829,2022-09-04,8.3,Travel
CUST03829,2024-03-23,21.76,Dining
CUST03829,2024-08-14,69.69,Clothing
CUST03829,2021-10-18,22.96,Travel
CUST03829,2022-01-31,34.42,Travel
CUST03829,2025-03-18,13.16,Travel
CUST03829,2022-04-04,34.12,Electronics
CUST03829,2023-11-27,113.31,Travel
CUST03829,2025-06-01,21.89,Clothing
CUST03830,2024-12-12,14.85,Dining
CUST03830,2025-04-16,10.42,Travel
CUST03830,2025-02-26,192.37,Grocery
CUST03830,2024-11-21,166.34,Clothing
CUST03830,2024-09-15,42.85,Travel
CUST03830,2025-06-21,11.27,Grocery
CUST03830,2025-06-26,127.44,Clothing
CUST03830,2025-03-24,100.8,Dining
CUST03830,2025-03-10,64.47,Clothing
CUST03830,2024-10-13,50.41,Dining
CUST03830,2025-07-12,20.0,Electronics
CUST03830,2024-11-27,22.42,Dining
CUST03830,2024-12-05,11.03,Dining
CUST03830,2025-05-07,11.94,Travel
CUST03830,2024-11-05,47.73,Travel
CUST03830,2024-09-29,266.46,Dining
CUST03830,2024-10-01,75.52,Dining
CUST03830,2024-07-21,135.63,Clothing
CUST03830,2025-02-16,85.58,Dining
CUST03830,2025-06-27,67.68,Travel
CUST03830,2024-08-29,16.45,Travel
CUST03830,2025-01-07,15.37,Grocery
CUST03830,2025-05-23,66.02,Grocery
CUST03830,2024-07-14,102.32,Clothing
CUST03830,2024-07-26,36.11,Dining
CUST03830,2025-04-29,14.5,Clothing
CUST03830,2024-07-25,119.14,Clothing
CUST03830,2024-11-19,264.47,Dining
CUST03830,2025-03-17,176.44,Grocery
CUST03830,2024-10-29,6.12,Dining
CUST03830,2025-06-25,55.62,Grocery
CUST03830,2024-12-28,121.51,Dining
CUST03830,2025-01-25,26.44,Travel
CUST03830,2024-12-31,214.08,Electronics
CUST03830,2025-03-28,23.98,Electronics
CUST03830,2025-03-13,50.98,Grocery
CUST03830,2025-03-11,15.22,Clothing
CUST03830,2024-10-24,71.85,Clothing
CUST03830,2024-11-20,109.96,Clothing
CUST03830,2024-08-11,8.92,Clothing
CUST03830,2025-07-23,29.42,Clothing
CUST03830,2025-03-30,9.94,Grocery
CUST03830,2024-07-07,338.64,Grocery
CUST03830,2024-07-14,27.91,Travel
CUST03830,2025-05-27,32.81,Clothing
CUST03830,2024-09-06,263.09,Grocery
CUST03830,2025-01-04,10.73,Travel
CUST03830,2024-11-12,181.98,Travel
CUST03830,2024-09-14,120.5,Clothing
CUST03830,2025-05-07,60.1,Grocery
CUST03830,2025-06-02,69.8,Travel
CUST03830,2024-12-11,45.32,Electronics
CUST03830,2024-07-15,26.82,Clothing
CUST03830,2024-10-18,62.86,Dining
CUST03830,2024-10-14,25.82,Grocery
CUST03830,2025-02-04,99.59,Clothing
CUST03830,2025-02-12,58.13,Dining
CUST03830,2024-09-18,26.81,Dining
CUST03830,2024-09-21,43.76,Electronics
CUST03830,2025-05-28,30.95,Clothing
CUST03830,2025-05-19,11.86,Dining
CUST03830,2025-06-13,106.15,Travel
CUST03830,2024-11-20,178.58,Dining
CUST03830,2025-04-18,17.72,Grocery
CUST03830,2024-11-25,35.35,Grocery
CUST03830,2024-11-13,48.85,Dining
CUST03830,2025-03-02,108.63,Electronics
CUST03830,2024-07-23,28.63,Electronics
CUST03830,2024-07-22,55.52,Electronics
CUST03830,2025-01-30,236.18,Clothing
CUST03830,2024-09-08,34.46,Grocery
CUST03830,2024-07-12,157.39,Travel
CUST03830,2024-10-09,14.12,Travel
CUST03830,2025-05-28,65.14,Grocery
CUST03830,2025-07-21,76.98,Grocery
CUST03830,2025-05-05,49.14,Grocery
CUST03830,2025-05-20,28.96,Grocery
CUST03830,2024-09-05,5.6,Travel
CUST03830,2025-07-01,136.77,Dining
CUST03830,2024-12-03,10.31,Clothing
CUST03830,2024-12-20,27.2,Electronics
CUST03830,2025-03-10,63.18,Clothing
CUST03830,2024-08-21,97.47,Travel
CUST03830,2025-03-31,24.03,Clothing
CUST03830,2025-05-23,52.97,Dining
CUST03830,2024-11-02,44.85,Grocery
CUST03830,2024-11-29,39.42,Clothing
CUST03830,2024-12-11,11.37,Travel
CUST03830,2025-07-17,78.95,Dining
CUST03830,2025-05-29,15.01,Electronics
CUST03830,2025-03-04,24.85,Dining
CUST03830,2024-11-27,15.51,Travel
CUST03830,2025-07-16,18.41,Grocery
CUST03830,2025-01-15,24.65,Electronics
CUST03830,2025-07-29,6.56,Travel
CUST03830,2024-07-18,110.71,Electronics
CUST03830,2024-08-27,11.68,Clothing
CUST03830,2025-05-27,8.66,Dining
CUST03830,2025-05-22,12.43,Dining
CUST03830,2024-08-25,157.1,Grocery
CUST03831,2025-03-30,188.81,Clothing
CUST03831,2025-06-10,74.87,Dining
CUST03831,2025-05-06,32.7,Dining
CUST03831,2025-06-28,130.24,Dining
CUST03831,2025-05-29,20.06,Clothing
CUST03831,2025-03-25,84.79,Travel
CUST03831,2025-07-12,51.25,Dining
CUST03831,2025-07-19,98.73,Clothing
CUST03831,2025-03-29,79.04,Grocery
CUST03831,2025-07-01,210.25,Grocery
CUST03831,2025-05-03,30.64,Clothing
CUST03831,2025-06-16,24.38,Grocery
CUST03831,2025-06-07,79.23,Dining
CUST03831,2025-06-25,24.31,Dining
CUST03831,2025-06-23,134.26,Electronics
CUST03831,2025-06-19,49.72,Travel
CUST03831,2025-04-28,70.6,Dining
CUST03831,2025-03-31,136.35,Electronics
CUST03831,2025-05-23,5.62,Electronics
CUST03831,2025-07-29,36.2,Grocery
CUST03831,2025-07-28,98.09,Travel
CUST03831,2025-04-10,61.81,Clothing
CUST03831,2025-05-21,13.02,Clothing
CUST03831,2025-04-21,6.37,Clothing
CUST03831,2025-04-10,48.3,Dining
CUST03831,2025-07-05,181.54,Grocery
CUST03831,2025-05-29,57.89,Electronics
CUST03831,2025-07-25,79.55,Clothing
CUST03831,2025-04-20,27.57,Electronics
CUST03831,2025-05-22,38.17,Clothing
CUST03831,2025-04-09,112.65,Clothing
CUST03831,2025-04-23,36.79,Electronics
CUST03831,2025-04-13,39.9,Electronics
CUST03831,2025-05-14,83.4,Grocery
CUST03831,2025-06-06,93.59,Dining
CUST03831,2025-04-11,263.02,Travel
CUST03831,2025-07-24,106.93,Grocery
CUST03831,2025-05-30,266.95,Dining
CUST03831,2025-06-08,78.05,Clothing
CUST03831,2025-03-31,46.64,Dining
CUST03831,2025-06-25,106.44,Clothing
CUST03831,2025-04-07,184.92,Dining
CUST03831,2025-04-21,113.48,Electronics
CUST03831,2025-05-24,207.44,Grocery
CUST03831,2025-04-09,386.3,Electronics
CUST03831,2025-06-11,32.67,Travel
CUST03831,2025-07-22,23.53,Clothing
CUST03831,2025-06-02,21.61,Grocery
CUST03831,2025-06-26,75.47,Electronics
CUST03831,2025-06-25,117.74,Electronics
CUST03831,2025-06-08,56.51,Dining
CUST03831,2025-05-23,107.34,Grocery
CUST03831,2025-04-14,126.89,Clothing
CUST03831,2025-07-24,10.46,Electronics
CUST03831,2025-06-03,289.8,Travel
CUST03831,2025-03-28,274.34,Dining
CUST03831,2025-05-20,137.94,Electronics
CUST03831,2025-04-04,58.87,Clothing
CUST03831,2025-04-17,28.23,Electronics
CUST03831,2025-04-25,89.26,Clothing
CUST03831,2025-05-12,12.9,Electronics
CUST03831,2025-06-27,93.71,Clothing
CUST03831,2025-07-12,140.44,Clothing
CUST03831,2025-04-09,16.41,Clothing
CUST03831,2025-07-18,96.8,Dining
CUST03831,2025-07-23,48.92,Dining
CUST03831,2025-05-02,47.17,Travel
CUST03831,2025-07-15,129.32,Grocery
CUST03831,2025-03-30,6.09,Grocery
CUST03831,2025-04-07,72.51,Grocery
CUST03831,2025-06-12,18.36,Electronics
CUST03831,2025-05-23,7.73,Clothing
CUST03831,2025-03-26,250.3,Grocery
CUST03831,2025-06-10,100.56,Clothing
CUST03831,2025-04-02,36.32,Clothing
CUST03831,2025-06-26,161.13,Clothing
CUST03831,2025-05-21,132.7,Clothing
CUST03831,2025-04-23,198.05,Electronics
CUST03831,2025-06-15,17.05,Travel
CUST03831,2025-04-07,54.57,Electronics
CUST03831,2025-04-30,193.74,Dining
CUST03831,2025-06-18,442.54,Travel
CUST03831,2025-04-15,5.02,Travel
CUST03831,2025-06-30,40.71,Electronics
CUST03831,2025-07-18,77.45,Dining
CUST03831,2025-06-07,33.02,Electronics
CUST03831,2025-07-11,29.81,Dining
CUST03831,2025-06-15,26.14,Travel
CUST03831,2025-07-12,18.22,Travel
CUST03831,2025-03-29,21.86,Travel
CUST03831,2025-06-21,28.92,Dining
CUST03831,2025-07-27,17.24,Electronics
CUST03831,2025-05-17,18.45,Travel
CUST03831,2025-07-01,25.47,Clothing
CUST03831,2025-07-10,48.08,Travel
CUST03831,2025-04-23,66.75,Grocery
CUST03831,2025-04-01,116.71,Dining
CUST03831,2025-07-17,94.17,Clothing
CUST03831,2025-04-11,20.82,Electronics
CUST03831,2025-05-01,43.69,Dining
CUST03831,2025-05-09,87.54,Dining
CUST03831,2025-03-29,29.73,Travel
CUST03832,2025-07-26,18.41,Grocery
CUST03832,2025-07-12,97.99,Electronics
CUST03832,2025-06-17,144.68,Travel
CUST03832,2025-06-13,12.5,Travel
CUST03832,2025-07-27,58.01,Clothing
CUST03832,2025-07-22,57.48,Grocery
CUST03832,2025-06-20,238.24,Clothing
CUST03832,2025-07-31,87.48,Clothing
CUST03832,2025-07-18,135.63,Dining
CUST03832,2025-07-25,113.91,Clothing
CUST03832,2025-07-02,38.53,Electronics
CUST03832,2025-07-16,36.07,Dining
CUST03832,2025-06-15,402.59,Dining
CUST03832,2025-07-23,19.7,Dining
CUST03832,2025-07-20,6.45,Dining
CUST03832,2025-06-20,7.37,Travel
CUST03832,2025-06-16,53.51,Clothing
CUST03832,2025-07-18,34.1,Dining
CUST03832,2025-07-29,8.22,Grocery
CUST03832,2025-07-28,83.47,Travel
CUST03832,2025-07-14,297.46,Travel
CUST03832,2025-07-06,12.17,Dining
CUST03832,2025-06-30,94.49,Electronics
CUST03832,2025-07-22,114.3,Dining
CUST03832,2025-07-07,5.19,Electronics
CUST03832,2025-07-18,150.51,Electronics
CUST03832,2025-07-22,22.5,Grocery
CUST03832,2025-07-27,92.07,Electronics
CUST03832,2025-07-21,26.08,Clothing
CUST03832,2025-07-21,185.66,Travel
CUST03832,2025-07-09,41.63,Clothing
CUST03832,2025-06-18,86.52,Travel
CUST03832,2025-07-20,27.58,Dining
CUST03832,2025-07-21,85.84,Clothing
CUST03832,2025-07-08,28.32,Clothing
CUST03832,2025-07-28,42.51,Dining
CUST03832,2025-07-18,18.34,Grocery
CUST03832,2025-07-23,145.01,Dining
CUST03832,2025-06-25,73.52,Clothing
CUST03832,2025-07-29,63.33,Electronics
CUST03832,2025-06-13,59.7,Dining
CUST03832,2025-07-19,6.8,Electronics
CUST03832,2025-07-15,19.93,Travel
CUST03832,2025-07-05,75.52,Electronics
CUST03832,2025-06-27,42.12,Travel
CUST03832,2025-07-23,40.25,Clothing
CUST03832,2025-07-26,13.42,Electronics
CUST03832,2025-07-08,55.66,Grocery
CUST03832,2025-06-21,8.9,Grocery
CUST03832,2025-06-15,39.77,Electronics
CUST03832,2025-06-28,45.18,Dining
CUST03832,2025-07-17,35.65,Travel
CUST03832,2025-07-03,413.81,Clothing
CUST03832,2025-06-21,204.36,Clothing
CUST03832,2025-06-21,117.43,Dining
CUST03832,2025-07-09,41.05,Grocery
CUST03832,2025-07-27,23.36,Electronics
CUST03832,2025-07-09,93.85,Clothing
CUST03832,2025-07-08,180.92,Clothing
CUST03832,2025-07-23,35.96,Dining
CUST03832,2025-07-20,104.58,Travel
CUST03832,2025-07-22,107.52,Electronics
CUST03832,2025-06-19,50.9,Electronics
CUST03832,2025-07-24,23.15,Electronics
CUST03832,2025-07-04,65.84,Grocery
CUST03832,2025-06-13,68.28,Dining
CUST03832,2025-07-22,64.67,Clothing
CUST03832,2025-07-21,26.79,Grocery
CUST03832,2025-07-17,13.63,Dining
CUST03832,2025-07-26,13.99,Travel
CUST03832,2025-08-01,14.14,Grocery
CUST03832,2025-06-24,69.62,Electronics
CUST03832,2025-07-07,134.68,Travel
CUST03832,2025-06-15,104.98,Clothing
CUST03832,2025-07-11,105.62,Electronics
CUST03832,2025-06-24,31.07,Grocery
CUST03832,2025-07-18,73.12,Clothing
CUST03832,2025-07-20,32.5,Grocery
CUST03832,2025-06-20,20.03,Clothing
CUST03832,2025-06-18,19.92,Electronics
CUST03832,2025-07-22,76.01,Travel
CUST03832,2025-07-06,71.61,Clothing
CUST03832,2025-07-16,47.09,Grocery
CUST03832,2025-07-14,26.05,Travel
CUST03832,2025-07-28,102.79,Electronics
CUST03832,2025-06-15,53.46,Dining
CUST03832,2025-07-18,40.57,Grocery
CUST03832,2025-07-16,32.14,Clothing
CUST03832,2025-06-27,20.3,Clothing
CUST03832,2025-07-30,23.15,Travel
CUST03832,2025-07-25,65.14,Grocery
CUST03832,2025-06-12,51.52,Travel
CUST03832,2025-07-20,60.93,Grocery
CUST03832,2025-07-28,19.98,Dining
CUST03832,2025-07-21,289.4,Dining
CUST03832,2025-06-17,199.71,Grocery
CUST03832,2025-06-15,126.32,Clothing
CUST03832,2025-07-05,17.31,Grocery
CUST03832,2025-06-29,118.49,Clothing
CUST03832,2025-07-24,6.91,Travel
CUST03832,2025-06-16,31.63,Travel
CUST03832,2025-06-12,370.14,Electronics
CUST03832,2025-06-16,198.98,Electronics
CUST03832,2025-06-20,47.51,Travel
CUST03832,2025-07-24,8.27,Clothing
CUST03832,2025-07-08,29.91,Dining
CUST03832,2025-07-06,38.9,Clothing
CUST03832,2025-07-05,47.08,Travel
CUST03832,2025-06-24,25.3,Clothing
CUST03833,2025-02-02,15.76,Grocery
CUST03833,2024-07-18,108.13,Dining
CUST03833,2024-11-07,61.24,Travel
CUST03833,2025-01-09,73.02,Travel
CUST03833,2025-07-22,62.33,Clothing
CUST03833,2024-07-27,60.04,Travel
CUST03833,2024-08-29,23.19,Electronics
CUST03833,2025-04-18,6.05,Clothing
CUST03833,2025-01-26,11.81,Electronics
CUST03833,2025-06-23,88.33,Grocery
CUST03833,2025-07-26,26.92,Electronics
CUST03833,2024-07-29,55.91,Travel
CUST03833,2025-04-23,332.94,Travel
CUST03833,2025-05-15,180.48,Travel
CUST03833,2024-07-20,12.68,Electronics
CUST03833,2025-07-25,20.36,Dining
CUST03833,2024-12-11,28.13,Clothing
CUST03833,2025-01-11,28.43,Clothing
CUST03833,2024-10-11,269.23,Electronics
CUST03833,2024-08-21,344.02,Travel
CUST03833,2024-07-19,85.96,Dining
CUST03833,2024-09-24,60.76,Dining
CUST03833,2025-04-09,58.14,Travel
CUST03833,2024-09-29,60.38,Electronics
CUST03833,2025-02-26,16.94,Electronics
CUST03833,2024-10-16,226.77,Grocery
CUST03833,2024-08-26,54.64,Dining
CUST03833,2025-05-30,40.25,Clothing
CUST03833,2025-02-17,102.2,Electronics
CUST03833,2025-04-12,62.98,Clothing
CUST03833,2025-03-28,100.99,Electronics
CUST03833,2024-12-17,96.42,Electronics
CUST03833,2025-04-09,118.61,Grocery
CUST03833,2024-11-01,107.23,Electronics
CUST03833,2024-09-11,22.2,Clothing
CUST03833,2025-02-01,135.04,Grocery
CUST03833,2025-04-26,161.97,Clothing
CUST03833,2025-03-25,160.82,Travel
CUST03833,2024-08-10,55.17,Grocery
CUST03833,2025-01-18,84.07,Travel
CUST03833,2024-11-04,166.77,Clothing
CUST03833,2025-01-28,99.9,Clothing
CUST03833,2025-04-28,22.22,Dining
CUST03833,2025-01-28,16.98,Travel
CUST03833,2025-08-01,46.76,Dining
CUST03833,2025-07-14,212.11,Clothing
CUST03833,2025-03-03,137.3,Grocery
CUST03833,2025-01-06,101.41,Dining
CUST03833,2024-11-18,46.79,Grocery
CUST03833,2024-09-15,6.37,Electronics
CUST03833,2024-07-16,126.27,Grocery
CUST03833,2025-01-20,72.13,Travel
CUST03833,2024-09-06,27.86,Dining
CUST03833,2025-05-21,30.76,Clothing
CUST03833,2024-10-25,51.77,Electronics
CUST03833,2024-11-25,17.98,Dining
CUST03833,2024-08-10,115.7,Grocery
CUST03833,2024-08-24,148.37,Electronics
CUST03833,2024-12-10,40.35,Electronics
CUST03833,2025-01-26,17.14,Clothing
CUST03833,2025-02-23,196.22,Clothing
CUST03833,2025-04-28,88.57,Clothing
CUST03833,2025-01-17,34.58,Travel
CUST03833,2024-11-21,196.87,Grocery
CUST03833,2024-10-16,75.11,Travel
CUST03833,2025-07-18,29.66,Clothing
CUST03833,2024-12-07,127.58,Travel
CUST03833,2024-10-05,152.13,Grocery
CUST03833,2025-07-06,157.89,Grocery
CUST03833,2025-04-16,203.97,Travel
CUST03833,2024-12-25,31.92,Electronics
CUST03833,2025-04-23,159.23,Electronics
CUST03833,2025-05-15,7.47,Clothing
CUST03833,2025-01-11,80.43,Grocery
CUST03833,2025-06-06,56.09,Dining
CUST03833,2024-08-01,37.65,Travel
CUST03833,2024-12-25,55.48,Dining
CUST03833,2025-07-05,136.48,Dining
CUST03833,2025-04-21,54.98,Travel
CUST03833,2024-12-05,195.61,Electronics
CUST03833,2025-05-28,205.61,Dining
CUST03833,2025-02-08,17.94,Travel
CUST03833,2025-06-27,90.79,Clothing
CUST03833,2024-12-18,162.41,Electronics
CUST03833,2024-07-28,135.35,Travel
CUST03833,2025-04-14,118.28,Grocery
CUST03833,2025-02-18,31.6,Electronics
CUST03833,2025-07-29,53.06,Grocery
CUST03833,2024-11-29,63.84,Electronics
CUST03833,2024-07-20,115.62,Electronics
CUST03833,2024-09-09,82.6,Travel
CUST03833,2025-03-25,89.85,Travel
CUST03833,2025-02-08,110.64,Dining
CUST03833,2024-09-17,68.23,Clothing
CUST03833,2025-03-09,155.4,Travel
CUST03833,2024-09-28,109.5,Travel
CUST03833,2025-03-11,96.49,Travel
CUST03833,2024-08-25,26.28,Electronics
CUST03833,2025-02-23,29.48,Travel
CUST03833,2025-04-29,98.22,Electronics
CUST03833,2024-08-08,56.65,Grocery
CUST03833,2024-11-29,183.4,Clothing
CUST03833,2024-10-27,93.45,Travel
CUST03833,2024-11-16,10.46,Travel
CUST03833,2024-12-12,19.04,Clothing
CUST03833,2025-04-19,126.38,Dining
CUST03833,2025-02-19,173.49,Dining
CUST03833,2024-10-22,241.93,Travel
CUST03833,2024-09-28,20.34,Dining
CUST03833,2024-12-02,7.97,Travel
CUST03833,2025-04-11,300.94,Electronics
CUST03833,2025-01-19,36.44,Travel
CUST03834,2021-09-15,6.41,Grocery
CUST03834,2022-01-10,85.18,Travel
CUST03834,2025-01-17,10.93,Electronics
CUST03834,2022-04-25,13.05,Electronics
CUST03834,2021-04-25,261.61,Electronics
CUST03834,2024-11-15,26.79,Grocery
CUST03834,2022-04-18,7.42,Travel
CUST03834,2021-06-09,18.88,Travel
CUST03834,2022-02-25,16.13,Clothing
CUST03834,2022-08-01,61.23,Electronics
CUST03834,2024-02-13,66.48,Grocery
CUST03834,2021-09-21,78.04,Grocery
CUST03834,2021-12-29,48.36,Clothing
CUST03834,2021-05-04,171.76,Clothing
CUST03834,2022-05-31,18.79,Travel
CUST03834,2024-11-27,44.01,Dining
CUST03834,2021-12-11,21.59,Clothing
CUST03834,2024-03-03,57.2,Clothing
CUST03834,2021-12-05,13.42,Travel
CUST03834,2023-05-18,305.13,Grocery
CUST03834,2021-10-13,8.89,Electronics
CUST03834,2024-11-14,43.08,Dining
CUST03834,2023-07-07,84.78,Travel
CUST03834,2025-04-06,47.46,Clothing
CUST03834,2024-01-10,53.05,Travel
CUST03834,2023-03-03,7.69,Travel
CUST03834,2025-01-08,108.55,Travel
CUST03834,2025-06-10,27.75,Travel
CUST03834,2023-10-20,215.62,Electronics
CUST03834,2022-04-15,12.77,Grocery
CUST03834,2023-06-02,60.97,Travel
CUST03834,2022-08-31,45.31,Electronics
CUST03834,2024-08-29,106.37,Electronics
CUST03834,2023-08-16,156.57,Travel
CUST03834,2023-05-05,9.47,Travel
CUST03834,2021-11-16,76.08,Clothing
CUST03834,2024-05-05,34.46,Electronics
CUST03834,2024-07-19,61.16,Grocery
CUST03834,2021-07-27,168.72,Travel
CUST03834,2024-09-18,204.69,Grocery
CUST03834,2021-06-03,40.96,Travel
CUST03834,2024-06-18,8.24,Electronics
CUST03834,2021-07-22,185.96,Travel
CUST03834,2024-03-27,253.09,Grocery
CUST03834,2021-08-05,62.35,Travel
CUST03834,2021-05-28,43.02,Grocery
CUST03834,2024-04-20,105.89,Travel
CUST03834,2021-07-26,57.13,Clothing
CUST03834,2022-10-22,20.72,Travel
CUST03834,2024-03-12,62.64,Electronics
CUST03834,2021-12-26,245.5,Travel
CUST03834,2021-08-01,26.86,Dining
CUST03834,2025-07-11,31.55,Clothing
CUST03834,2024-10-07,500.28,Clothing
CUST03834,2022-08-04,37.25,Travel
CUST03834,2022-01-12,88.24,Dining
CUST03834,2023-05-08,11.08,Electronics
CUST03834,2025-07-12,6.83,Travel
CUST03834,2023-07-06,117.33,Travel
CUST03834,2022-02-19,153.68,Electronics
CUST03834,2023-08-23,131.21,Dining
CUST03834,2022-02-10,101.95,Clothing
CUST03834,2025-04-04,119.31,Travel
CUST03834,2023-02-19,12.57,Dining
CUST03834,2021-07-07,194.98,Travel
CUST03834,2023-07-01,6.42,Electronics
CUST03834,2022-06-01,69.86,Travel
CUST03834,2023-06-29,34.57,Grocery
CUST03834,2021-05-11,150.93,Dining
CUST03834,2023-12-27,21.29,Dining
CUST03834,2022-03-17,82.14,Clothing
CUST03834,2025-07-07,37.23,Electronics
CUST03834,2022-12-11,5.52,Grocery
CUST03834,2022-07-09,10.89,Dining
CUST03834,2021-12-03,103.31,Clothing
CUST03834,2024-11-26,121.25,Travel
CUST03834,2025-01-31,88.11,Electronics
CUST03834,2024-01-13,96.32,Travel
CUST03834,2023-02-05,18.75,Grocery
CUST03834,2023-07-04,27.28,Clothing
CUST03834,2022-04-15,33.97,Grocery
CUST03834,2021-10-17,116.57,Electronics
CUST03834,2022-03-06,60.3,Clothing
CUST03834,2024-11-13,8.62,Travel
CUST03834,2024-06-01,20.35,Travel
CUST03834,2021-06-16,103.27,Grocery
CUST03834,2023-04-24,17.63,Electronics
CUST03834,2024-07-20,64.15,Dining
CUST03835,2025-06-09,285.03,Travel
CUST03835,2023-12-06,116.78,Grocery
CUST03835,2024-02-09,56.2,Travel
CUST03835,2025-04-07,76.55,Clothing
CUST03835,2023-08-13,106.67,Dining
CUST03835,2024-01-04,10.71,Grocery
CUST03835,2023-12-22,21.24,Electronics
CUST03835,2024-03-21,348.6,Travel
CUST03835,2023-04-07,60.16,Dining
CUST03835,2024-08-29,13.74,Travel
CUST03835,2025-06-19,110.66,Dining
CUST03835,2024-04-06,160.55,Grocery
CUST03835,2024-07-04,46.49,Electronics
CUST03835,2023-03-17,69.1,Clothing
CUST03835,2024-07-31,68.78,Travel
CUST03835,2023-12-07,243.95,Dining
CUST03835,2023-06-15,172.18,Clothing
CUST03835,2024-12-28,46.64,Electronics
CUST03835,2024-01-23,11.62,Electronics
CUST03835,2024-09-18,207.43,Grocery
CUST03835,2025-01-10,106.86,Clothing
CUST03835,2025-01-28,61.07,Clothing
CUST03835,2023-07-29,85.6,Clothing
CUST03835,2023-12-04,164.46,Travel
CUST03835,2025-02-02,22.68,Travel
CUST03835,2025-07-04,91.21,Dining
CUST03835,2025-07-05,230.99,Grocery
CUST03835,2025-02-13,39.83,Clothing
CUST03835,2023-04-18,30.59,Dining
CUST03835,2024-07-02,313.17,Travel
CUST03835,2025-07-07,56.65,Travel
CUST03835,2023-12-13,190.57,Dining
CUST03835,2024-02-08,136.09,Dining
CUST03835,2023-11-19,134.06,Clothing
CUST03835,2024-06-21,49.49,Dining
CUST03835,2024-05-22,44.89,Dining
CUST03835,2025-05-09,62.72,Grocery
CUST03835,2024-04-21,10.23,Electronics
CUST03835,2025-07-13,48.95,Dining
CUST03835,2023-12-08,270.43,Dining
CUST03835,2024-10-14,10.37,Travel
CUST03835,2025-04-04,7.04,Electronics
CUST03835,2025-03-25,10.17,Dining
CUST03835,2024-07-27,89.15,Electronics
CUST03835,2025-06-02,31.94,Clothing
CUST03835,2023-06-30,117.23,Electronics
CUST03835,2023-05-10,55.3,Grocery
CUST03835,2024-01-20,136.27,Travel
CUST03835,2023-12-19,106.29,Grocery
CUST03835,2024-08-25,42.87,Electronics
CUST03835,2024-11-07,21.91,Dining
CUST03835,2023-11-14,182.36,Electronics
CUST03835,2023-04-01,273.27,Clothing
CUST03835,2023-11-22,44.52,Electronics
CUST03835,2023-04-08,98.8,Grocery
CUST03835,2023-03-28,97.86,Grocery
CUST03835,2024-05-04,62.4,Electronics
CUST03835,2023-04-26,41.42,Dining
CUST03835,2024-01-25,18.63,Dining
CUST03835,2025-06-02,192.97,Grocery
CUST03835,2023-05-03,200.7,Grocery
CUST03835,2023-03-30,179.44,Travel
CUST03835,2024-04-13,16.15,Grocery
CUST03835,2024-11-22,8.43,Clothing
CUST03835,2025-03-19,46.57,Grocery
CUST03835,2024-08-09,79.2,Clothing
CUST03835,2023-11-13,44.87,Electronics
CUST03835,2024-03-06,175.01,Clothing
CUST03835,2023-03-22,141.66,Clothing
CUST03835,2024-01-23,110.1,Dining
CUST03835,2024-09-05,79.7,Dining
CUST03835,2024-02-21,86.74,Clothing
CUST03835,2025-04-28,172.87,Travel
CUST03835,2023-08-23,389.94,Grocery
CUST03835,2023-03-19,91.81,Clothing
CUST03835,2023-06-05,10.5,Clothing
CUST03835,2024-05-03,70.95,Grocery
CUST03835,2023-03-22,49.9,Grocery
CUST03835,2023-04-20,68.59,Dining
CUST03835,2023-09-12,20.78,Grocery
CUST03835,2023-09-27,77.66,Clothing
CUST03835,2023-06-08,71.4,Electronics
CUST03835,2024-12-22,21.66,Electronics
CUST03835,2025-02-17,28.25,Travel
CUST03835,2025-07-07,111.01,Grocery
CUST03835,2025-03-10,26.14,Grocery
CUST03835,2024-04-22,27.25,Electronics
CUST03835,2024-12-05,20.96,Dining
CUST03835,2024-04-09,69.56,Clothing
CUST03835,2025-01-29,10.39,Electronics
CUST03835,2024-09-21,33.05,Grocery
CUST03835,2023-05-14,19.8,Dining
CUST03835,2024-09-07,9.72,Travel
CUST03835,2024-04-27,170.57,Electronics
CUST03835,2025-01-28,121.3,Electronics
CUST03835,2025-05-18,184.07,Electronics
CUST03835,2024-04-19,25.41,Travel
CUST03835,2024-02-02,122.9,Clothing
CUST03835,2024-09-12,64.26,Grocery
CUST03835,2024-09-02,103.52,Clothing
CUST03835,2025-03-14,32.92,Travel
CUST03835,2025-02-02,128.1,Electronics
CUST03835,2024-10-06,21.48,Electronics
CUST03836,2025-06-27,86.57,Travel
CUST03836,2025-06-22,240.89,Clothing
CUST03836,2025-07-28,104.92,Electronics
CUST03836,2025-07-29,9.28,Clothing
CUST03836,2025-07-12,156.47,Dining
CUST03836,2025-07-26,62.27,Dining
CUST03836,2025-06-19,63.29,Travel
CUST03836,2025-07-02,6.47,Electronics
CUST03836,2025-06-13,56.76,Clothing
CUST03836,2025-06-27,47.76,Clothing
CUST03836,2025-06-29,63.2,Electronics
CUST03836,2025-07-25,182.7,Dining
CUST03836,2025-06-15,104.65,Grocery
CUST03836,2025-07-24,216.9,Grocery
CUST03836,2025-06-30,118.31,Grocery
CUST03836,2025-07-11,56.05,Grocery
CUST03836,2025-06-23,33.26,Grocery
CUST03836,2025-08-01,97.73,Electronics
CUST03836,2025-07-04,151.84,Grocery
CUST03836,2025-07-17,160.66,Grocery
CUST03836,2025-07-06,232.68,Electronics
CUST03836,2025-06-27,45.09,Electronics
CUST03836,2025-07-20,49.0,Grocery
CUST03836,2025-06-28,131.68,Travel
CUST03836,2025-07-12,19.92,Dining
CUST03836,2025-07-23,16.69,Travel
CUST03836,2025-07-08,79.46,Dining
CUST03836,2025-07-22,38.61,Travel
CUST03836,2025-06-24,209.27,Electronics
CUST03836,2025-07-03,45.58,Grocery
CUST03836,2025-07-23,53.66,Dining
CUST03836,2025-07-07,16.72,Electronics
CUST03836,2025-06-23,110.72,Electronics
CUST03836,2025-07-15,19.29,Travel
CUST03836,2025-07-28,11.96,Grocery
CUST03836,2025-06-28,48.89,Clothing
CUST03836,2025-07-09,23.34,Electronics
CUST03836,2025-07-26,72.93,Electronics
CUST03836,2025-06-26,51.02,Travel
CUST03836,2025-07-30,90.02,Clothing
CUST03836,2025-07-16,323.11,Grocery
CUST03836,2025-06-30,23.36,Electronics
CUST03836,2025-07-16,154.02,Electronics
CUST03836,2025-07-01,27.6,Dining
CUST03836,2025-06-27,43.97,Dining
CUST03836,2025-07-22,147.1,Electronics
CUST03836,2025-07-21,238.31,Grocery
CUST03836,2025-07-11,156.78,Grocery
CUST03836,2025-06-22,93.18,Travel
CUST03836,2025-07-27,146.68,Electronics
CUST03836,2025-06-22,114.61,Dining
CUST03836,2025-07-25,6.49,Grocery
CUST03836,2025-07-02,238.7,Clothing
CUST03836,2025-07-21,33.73,Dining
CUST03836,2025-06-30,83.61,Electronics
CUST03836,2025-07-30,46.76,Grocery
CUST03836,2025-06-13,18.26,Dining
CUST03836,2025-07-24,28.61,Grocery
CUST03836,2025-07-30,35.29,Electronics
CUST03836,2025-07-12,63.31,Travel
CUST03836,2025-07-29,27.43,Grocery
CUST03836,2025-07-25,76.84,Clothing
CUST03836,2025-07-05,254.97,Electronics
CUST03836,2025-06-20,65.72,Clothing
CUST03836,2025-06-20,37.63,Travel
CUST03836,2025-07-07,115.08,Dining
CUST03836,2025-07-03,74.98,Grocery
CUST03836,2025-06-19,11.47,Grocery
CUST03836,2025-06-24,40.1,Dining
CUST03836,2025-06-15,36.81,Travel
CUST03836,2025-07-18,135.47,Clothing
CUST03836,2025-07-28,191.37,Dining
CUST03836,2025-07-10,330.9,Electronics
CUST03836,2025-07-27,88.16,Electronics
CUST03836,2025-07-07,10.38,Travel
CUST03836,2025-06-15,38.29,Clothing
CUST03836,2025-07-24,107.39,Travel
CUST03836,2025-06-14,90.87,Travel
CUST03836,2025-07-31,29.46,Clothing
CUST03836,2025-07-27,175.91,Dining
CUST03836,2025-08-01,23.93,Electronics
CUST03836,2025-06-23,44.76,Grocery
CUST03836,2025-07-19,74.5,Clothing
CUST03836,2025-07-25,21.21,Grocery
CUST03836,2025-07-10,11.19,Travel
CUST03836,2025-07-12,42.09,Grocery
CUST03836,2025-06-27,64.39,Electronics
CUST03836,2025-06-13,439.91,Travel
CUST03836,2025-06-26,128.35,Electronics
CUST03836,2025-07-18,105.89,Travel
CUST03836,2025-07-21,136.87,Grocery
CUST03836,2025-07-25,48.18,Travel
CUST03836,2025-07-03,105.78,Dining
CUST03836,2025-07-12,114.87,Travel
CUST03836,2025-07-01,12.69,Dining
CUST03836,2025-07-10,20.54,Travel
CUST03836,2025-07-20,277.69,Dining
CUST03836,2025-07-04,8.26,Electronics
CUST03836,2025-07-26,65.33,Travel
CUST03836,2025-06-25,236.56,Electronics
CUST03836,2025-07-02,56.37,Dining
CUST03836,2025-06-19,136.67,Travel
CUST03836,2025-07-24,11.07,Travel
CUST03836,2025-07-01,86.36,Electronics
CUST03836,2025-06-27,18.4,Dining
CUST03836,2025-06-18,92.21,Travel
CUST03836,2025-06-19,61.32,Grocery
CUST03836,2025-07-20,101.58,Dining
CUST03836,2025-07-18,18.86,Travel
CUST03836,2025-06-22,91.99,Grocery
CUST03836,2025-07-21,16.79,Dining
CUST03836,2025-07-18,272.02,Clothing
CUST03836,2025-07-06,24.3,Grocery
CUST03836,2025-07-23,94.28,Electronics
CUST03836,2025-06-18,50.95,Clothing
CUST03836,2025-07-07,83.82,Electronics
CUST03836,2025-07-29,86.27,Travel
CUST03836,2025-06-21,38.04,Dining
CUST03837,2023-03-09,53.3,Electronics
CUST03837,2022-11-21,77.79,Grocery
CUST03837,2024-01-15,50.87,Grocery
CUST03837,2022-11-23,64.63,Electronics
CUST03837,2023-02-14,16.31,Electronics
CUST03837,2024-09-05,197.44,Clothing
CUST03837,2023-07-30,69.43,Grocery
CUST03837,2025-06-08,179.76,Grocery
CUST03837,2024-03-18,95.45,Electronics
CUST03837,2024-04-02,66.99,Travel
CUST03837,2024-08-17,26.04,Electronics
CUST03837,2023-02-04,37.17,Travel
CUST03837,2023-03-11,214.22,Dining
CUST03837,2024-02-22,93.45,Electronics
CUST03837,2024-08-18,29.34,Electronics
CUST03837,2024-07-06,161.13,Grocery
CUST03837,2023-03-08,6.2,Clothing
CUST03837,2024-07-24,324.64,Grocery
CUST03837,2023-09-27,47.46,Travel
CUST03837,2024-12-24,42.18,Dining
CUST03837,2024-08-25,7.01,Clothing
CUST03837,2023-08-11,13.83,Dining
CUST03837,2022-12-01,25.16,Dining
CUST03837,2022-12-11,25.51,Dining
CUST03837,2024-10-26,132.89,Electronics
CUST03837,2025-07-28,31.85,Travel
CUST03837,2024-12-24,153.93,Travel
CUST03837,2025-05-31,136.22,Travel
CUST03837,2023-05-10,165.51,Clothing
CUST03837,2023-02-25,120.9,Clothing
CUST03837,2023-03-27,74.96,Electronics
CUST03837,2023-08-15,31.04,Clothing
CUST03837,2025-01-15,21.69,Travel
CUST03837,2025-06-10,38.6,Electronics
CUST03837,2025-04-02,117.89,Dining
CUST03837,2023-08-03,238.82,Dining
CUST03837,2023-07-16,91.93,Travel
CUST03837,2023-05-06,157.66,Grocery
CUST03837,2024-09-17,82.23,Clothing
CUST03837,2024-10-21,28.79,Grocery
CUST03837,2023-05-19,56.79,Dining
CUST03837,2023-02-09,267.63,Clothing
CUST03837,2024-02-28,69.36,Clothing
CUST03837,2025-07-11,31.1,Grocery
CUST03837,2025-04-17,165.64,Dining
CUST03837,2024-05-23,25.03,Clothing
CUST03837,2024-03-06,107.7,Electronics
CUST03837,2023-03-05,40.68,Clothing
CUST03837,2024-10-21,25.09,Dining
CUST03837,2023-05-22,25.71,Dining
CUST03837,2023-12-23,18.24,Clothing
CUST03837,2024-02-09,103.36,Grocery
CUST03837,2022-12-01,110.13,Clothing
CUST03837,2023-03-29,68.76,Clothing
CUST03837,2024-08-02,135.18,Travel
CUST03837,2022-11-21,54.12,Grocery
CUST03837,2023-10-06,136.83,Dining
CUST03837,2025-07-16,27.97,Electronics
CUST03837,2025-07-09,65.22,Electronics
CUST03837,2023-03-28,32.02,Dining
CUST03837,2025-02-18,72.23,Dining
CUST03837,2023-08-28,16.0,Clothing
CUST03837,2024-02-09,93.09,Dining
CUST03837,2024-10-30,141.46,Grocery
CUST03837,2023-01-16,20.0,Electronics
CUST03837,2023-07-17,109.52,Electronics
CUST03837,2023-08-22,16.33,Grocery
CUST03837,2023-01-01,81.7,Travel
CUST03837,2024-09-06,63.61,Travel
CUST03837,2023-11-05,65.62,Electronics
CUST03837,2025-02-12,24.79,Dining
CUST03837,2024-03-10,35.45,Travel
CUST03837,2023-05-20,182.67,Electronics
CUST03837,2023-04-08,108.7,Grocery
CUST03837,2024-10-08,103.27,Grocery
CUST03837,2025-03-08,340.44,Dining
CUST03837,2024-12-28,62.62,Grocery
CUST03837,2025-03-15,37.14,Grocery
CUST03837,2024-06-22,100.34,Grocery
CUST03837,2024-03-14,68.81,Travel
CUST03837,2024-06-01,97.85,Grocery
CUST03837,2022-11-25,32.47,Grocery
CUST03837,2025-06-14,89.19,Clothing
CUST03837,2024-11-19,50.25,Dining
CUST03837,2025-03-26,18.08,Clothing
CUST03837,2024-05-26,57.45,Electronics
CUST03837,2023-02-19,78.85,Travel
CUST03837,2024-06-10,21.53,Travel
CUST03837,2023-05-25,14.29,Grocery
CUST03838,2025-05-17,98.36,Dining
CUST03838,2024-02-07,325.99,Travel
CUST03838,2024-05-10,134.58,Electronics
CUST03838,2024-07-11,66.62,Electronics
CUST03838,2024-06-25,200.59,Travel
CUST03838,2025-06-04,22.92,Electronics
CUST03838,2024-09-19,6.52,Dining
CUST03838,2025-01-07,141.01,Travel
CUST03838,2024-06-15,92.96,Electronics
CUST03838,2024-01-14,204.84,Dining
CUST03838,2025-05-18,73.11,Dining
CUST03838,2024-10-13,200.15,Travel
CUST03838,2024-08-14,21.21,Grocery
CUST03838,2025-02-18,28.66,Clothing
CUST03838,2024-04-13,118.79,Dining
CUST03838,2024-06-17,41.63,Dining
CUST03838,2025-01-11,113.59,Clothing
CUST03838,2024-05-05,57.12,Grocery
CUST03838,2024-05-03,55.32,Travel
CUST03838,2024-12-25,165.42,Clothing
CUST03838,2024-07-27,167.49,Grocery
CUST03838,2025-03-25,88.21,Grocery
CUST03838,2025-06-10,79.19,Electronics
CUST03838,2024-06-11,322.54,Electronics
CUST03838,2024-02-13,28.14,Grocery
CUST03838,2024-06-28,21.79,Travel
CUST03838,2024-06-26,329.14,Travel
CUST03838,2024-09-05,87.0,Travel
CUST03838,2024-08-10,105.65,Travel
CUST03838,2024-03-12,182.55,Electronics
CUST03838,2025-03-30,79.83,Clothing
CUST03838,2024-04-16,20.51,Travel
CUST03838,2024-12-29,87.14,Clothing
CUST03838,2024-04-20,26.41,Clothing
CUST03838,2024-03-04,27.41,Dining
CUST03838,2024-03-14,177.35,Electronics
CUST03838,2024-05-07,43.32,Clothing
CUST03838,2024-02-26,24.61,Clothing
CUST03838,2025-08-01,6.81,Grocery
CUST03838,2024-05-07,324.26,Clothing
CUST03838,2024-09-22,22.17,Travel
CUST03838,2025-06-27,115.95,Grocery
CUST03838,2025-05-14,71.37,Grocery
CUST03838,2024-07-15,78.18,Grocery
CUST03838,2024-02-11,86.06,Dining
CUST03838,2024-09-17,41.24,Clothing
CUST03838,2025-03-28,109.75,Grocery
CUST03838,2024-07-30,94.54,Grocery
CUST03838,2024-06-23,161.15,Grocery
CUST03838,2024-06-29,251.1,Electronics
CUST03838,2025-03-25,240.03,Clothing
CUST03838,2024-11-22,60.78,Grocery
CUST03838,2024-05-18,182.95,Electronics
CUST03838,2025-03-02,260.62,Dining
CUST03838,2024-08-28,150.15,Grocery
CUST03838,2025-03-12,12.99,Clothing
CUST03838,2024-04-16,30.32,Travel
CUST03838,2025-05-26,15.84,Grocery
CUST03838,2024-12-27,26.0,Electronics
CUST03838,2024-07-13,16.03,Dining
CUST03838,2025-07-24,69.78,Dining
CUST03838,2024-12-17,117.72,Dining
CUST03838,2024-03-17,115.73,Dining
CUST03838,2025-05-18,26.85,Travel
CUST03838,2025-02-16,26.74,Clothing
CUST03838,2024-07-30,203.71,Electronics
CUST03838,2024-11-14,85.51,Clothing
CUST03838,2024-07-07,64.48,Clothing
CUST03838,2024-06-13,20.75,Travel
CUST03838,2025-03-14,49.7,Travel
CUST03838,2024-02-19,7.66,Dining
CUST03838,2025-05-13,156.13,Travel
CUST03838,2024-04-29,44.63,Clothing
CUST03838,2024-04-30,9.45,Dining
CUST03838,2024-06-24,158.51,Electronics
CUST03838,2024-08-07,30.57,Grocery
CUST03838,2025-04-22,282.75,Clothing
CUST03838,2024-12-10,27.69,Dining
CUST03838,2024-08-05,30.6,Electronics
CUST03838,2024-03-02,867.53,Dining
CUST03838,2024-06-27,72.82,Grocery
CUST03838,2025-05-29,67.24,Grocery
CUST03838,2024-04-16,22.55,Dining
CUST03838,2024-04-21,148.78,Electronics
CUST03838,2025-01-08,42.76,Travel
CUST03838,2024-08-01,98.04,Dining
CUST03838,2024-11-03,14.57,Electronics
CUST03839,2021-01-23,150.39,Dining
CUST03839,2021-04-02,48.5,Electronics
CUST03839,2021-09-26,175.33,Dining
CUST03839,2025-05-20,66.65,Electronics
CUST03839,2024-06-23,19.75,Clothing
CUST03839,2022-02-20,89.77,Grocery
CUST03839,2021-07-17,23.21,Electronics
CUST03839,2022-10-21,137.43,Electronics
CUST03839,2021-08-28,195.43,Clothing
CUST03839,2024-10-10,80.66,Dining
CUST03839,2022-08-18,18.91,Grocery
CUST03839,2023-08-31,8.12,Electronics
CUST03839,2024-10-18,158.12,Clothing
CUST03839,2022-04-24,59.98,Dining
CUST03839,2023-10-27,130.24,Grocery
CUST03839,2022-12-29,147.42,Dining
CUST03839,2024-09-27,5.56,Dining
CUST03839,2022-08-03,17.38,Travel
CUST03839,2020-11-30,44.47,Electronics
CUST03839,2021-11-10,54.14,Dining
CUST03839,2023-04-05,11.66,Travel
CUST03839,2025-04-28,71.6,Travel
CUST03839,2024-01-13,40.54,Travel
CUST03839,2021-05-29,61.82,Travel
CUST03839,2025-03-11,44.51,Clothing
CUST03839,2022-06-15,91.3,Grocery
CUST03839,2023-01-06,57.05,Dining
CUST03839,2025-05-18,14.29,Grocery
CUST03839,2023-04-08,128.01,Travel
CUST03839,2021-05-19,175.83,Travel
CUST03839,2021-04-07,137.74,Electronics
CUST03839,2021-09-12,21.34,Grocery
CUST03839,2024-03-21,13.25,Clothing
CUST03839,2023-04-20,54.67,Dining
CUST03839,2022-02-28,52.16,Clothing
CUST03839,2023-03-20,67.05,Electronics
CUST03839,2023-11-23,57.52,Clothing
CUST03839,2023-07-29,355.25,Clothing
CUST03839,2025-01-20,204.2,Travel
CUST03839,2021-05-20,42.51,Travel
CUST03839,2021-01-30,83.13,Electronics
CUST03839,2023-07-19,154.48,Dining
CUST03839,2023-11-12,28.99,Clothing
CUST03839,2021-10-30,20.52,Grocery
CUST03839,2023-08-11,49.97,Dining
CUST03839,2023-04-06,89.57,Electronics
CUST03839,2023-10-23,101.4,Clothing
CUST03839,2025-01-02,68.32,Electronics
CUST03839,2021-06-20,71.47,Grocery
CUST03839,2021-09-19,68.72,Electronics
CUST03839,2020-12-08,22.39,Travel
CUST03839,2023-07-17,24.15,Travel
CUST03839,2022-03-20,8.99,Clothing
CUST03839,2022-01-26,74.49,Clothing
CUST03839,2022-12-16,215.57,Clothing
CUST03839,2022-08-25,43.74,Electronics
CUST03839,2023-12-02,76.46,Travel
CUST03839,2022-03-22,36.15,Electronics
CUST03839,2024-09-05,20.93,Electronics
CUST03839,2022-04-20,41.07,Travel
CUST03839,2020-10-19,14.19,Travel
CUST03839,2021-07-21,24.34,Electronics
CUST03839,2022-01-31,94.08,Dining
CUST03839,2021-02-16,122.7,Electronics
CUST03839,2024-04-27,71.1,Travel
CUST03839,2021-04-09,34.44,Travel
CUST03839,2023-05-15,147.2,Grocery
CUST03839,2023-07-03,114.15,Travel
CUST03839,2020-11-17,58.83,Clothing
CUST03839,2020-11-27,104.63,Dining
CUST03839,2023-04-30,97.87,Travel
CUST03839,2022-02-19,17.92,Grocery
CUST03839,2024-04-26,121.92,Travel
CUST03839,2022-12-03,43.76,Travel
CUST03839,2024-06-30,284.73,Travel
CUST03839,2022-05-16,16.36,Clothing
CUST03839,2023-11-12,20.78,Dining
CUST03839,2022-01-31,126.22,Electronics
CUST03839,2020-10-17,129.29,Travel
CUST03839,2023-04-30,120.82,Clothing
CUST03839,2025-03-28,82.96,Grocery
CUST03839,2023-07-20,8.45,Clothing
CUST03839,2024-05-16,177.23,Grocery
CUST03839,2021-09-16,18.11,Grocery
CUST03839,2023-07-21,12.69,Travel
CUST03839,2023-11-02,48.13,Travel
CUST03839,2021-09-14,141.7,Electronics
CUST03839,2022-11-12,26.3,Clothing
CUST03839,2025-01-16,119.15,Dining
CUST03839,2023-01-13,84.25,Travel
CUST03839,2025-04-15,19.87,Grocery
CUST03839,2024-07-23,278.12,Clothing
CUST03839,2022-01-16,16.25,Clothing
CUST03839,2024-01-08,275.77,Electronics
CUST03839,2022-08-10,342.7,Dining
CUST03839,2025-07-04,35.34,Dining
CUST03839,2023-08-23,34.44,Grocery
CUST03839,2023-07-01,87.31,Clothing
CUST03839,2024-01-30,94.34,Dining
CUST03839,2024-08-16,169.72,Grocery
CUST03839,2021-06-01,120.11,Grocery
CUST03839,2023-05-05,21.05,Electronics
CUST03839,2022-06-23,8.44,Clothing
CUST03839,2022-01-20,224.34,Grocery
CUST03839,2024-10-31,112.4,Clothing
CUST03839,2025-06-06,116.37,Electronics
CUST03840,2022-08-01,22.18,Clothing
CUST03840,2023-05-27,77.64,Clothing
CUST03840,2025-04-01,35.87,Dining
CUST03840,2022-08-18,96.07,Clothing
CUST03840,2024-07-23,47.01,Travel
CUST03840,2024-04-07,67.52,Clothing
CUST03840,2022-10-02,71.59,Grocery
CUST03840,2022-10-23,314.68,Clothing
CUST03840,2022-12-30,9.83,Dining
CUST03840,2022-07-24,76.41,Dining
CUST03840,2023-01-01,58.11,Clothing
CUST03840,2024-11-16,86.84,Travel
CUST03840,2022-12-26,38.29,Grocery
CUST03840,2025-04-02,39.71,Grocery
CUST03840,2023-05-05,131.64,Electronics
CUST03840,2023-02-25,30.27,Clothing
CUST03840,2024-05-12,183.11,Dining
CUST03840,2024-10-27,20.03,Travel
CUST03840,2022-12-07,94.86,Dining
CUST03840,2024-02-07,71.05,Dining
CUST03840,2025-06-03,31.4,Clothing
CUST03840,2022-05-14,6.44,Dining
CUST03840,2025-03-15,42.11,Dining
CUST03840,2022-11-05,17.63,Dining
CUST03840,2025-01-19,79.83,Electronics
CUST03840,2025-03-06,85.93,Electronics
CUST03840,2025-01-31,34.4,Travel
CUST03840,2025-01-20,157.98,Electronics
CUST03840,2023-12-15,37.54,Electronics
CUST03840,2023-09-04,158.63,Grocery
CUST03840,2022-12-03,76.86,Travel
CUST03840,2022-03-11,412.95,Dining
CUST03840,2025-04-01,18.83,Travel
CUST03840,2023-03-16,91.09,Travel
CUST03840,2024-12-06,77.02,Travel
CUST03840,2024-02-28,49.88,Clothing
CUST03840,2024-12-19,48.99,Electronics
CUST03840,2022-06-17,19.34,Grocery
CUST03840,2024-10-01,332.59,Travel
CUST03840,2025-02-05,117.62,Dining
CUST03840,2023-05-23,141.47,Clothing
CUST03840,2023-08-19,45.53,Travel
CUST03840,2022-05-06,170.26,Clothing
CUST03840,2023-03-09,26.86,Dining
CUST03840,2023-12-11,107.73,Electronics
CUST03840,2024-11-13,35.31,Grocery
CUST03840,2024-04-24,50.12,Clothing
CUST03840,2022-06-03,18.74,Clothing
CUST03840,2023-06-27,73.0,Dining
CUST03840,2025-07-08,165.76,Travel
CUST03840,2024-03-11,47.59,Electronics
CUST03840,2024-07-07,84.96,Dining
CUST03840,2023-03-12,34.46,Clothing
CUST03840,2024-03-19,78.91,Travel
CUST03840,2024-03-12,45.8,Electronics
CUST03840,2023-06-07,161.47,Electronics
CUST03840,2023-08-24,92.59,Clothing
CUST03840,2023-11-01,250.11,Travel
CUST03840,2022-12-09,14.04,Grocery
CUST03840,2022-12-13,137.77,Clothing
CUST03840,2023-03-01,50.78,Travel
CUST03840,2024-11-22,8.98,Grocery
CUST03840,2025-04-26,313.82,Grocery
CUST03840,2023-11-21,81.91,Travel
CUST03840,2023-11-21,13.44,Electronics
CUST03840,2024-11-11,12.72,Electronics
CUST03840,2023-10-25,45.53,Electronics
CUST03840,2022-07-30,25.15,Grocery
CUST03840,2024-05-29,51.22,Dining
CUST03840,2025-05-27,58.7,Electronics
CUST03840,2023-06-14,72.98,Clothing
CUST03840,2022-10-22,153.97,Grocery
CUST03840,2022-12-01,109.94,Travel
CUST03840,2024-04-17,63.61,Travel
CUST03840,2025-05-19,89.66,Electronics
CUST03840,2024-09-28,40.37,Dining
CUST03840,2023-09-02,24.26,Clothing
CUST03840,2023-02-25,47.73,Travel
CUST03840,2023-07-29,42.51,Dining
CUST03840,2024-07-02,22.28,Electronics
CUST03840,2023-08-12,20.02,Electronics
CUST03840,2022-08-24,88.76,Electronics
CUST03840,2024-12-02,33.97,Dining
CUST03840,2023-09-06,24.67,Grocery
CUST03840,2024-04-19,39.67,Travel
CUST03840,2025-04-29,240.43,Electronics
CUST03840,2022-03-23,230.38,Grocery
CUST03840,2022-07-31,154.61,Electronics
CUST03840,2024-03-08,24.44,Electronics
CUST03840,2022-12-05,17.73,Grocery
CUST03840,2024-01-03,116.57,Travel
CUST03840,2023-05-27,58.85,Electronics
CUST03840,2023-12-23,5.52,Grocery
CUST03840,2025-04-25,131.61,Clothing
CUST03840,2023-04-02,100.59,Grocery
CUST03840,2023-01-04,32.29,Dining
CUST03840,2024-04-05,51.79,Clothing
CUST03840,2023-07-17,43.81,Travel
CUST03840,2024-10-21,14.96,Dining
CUST03840,2025-02-10,84.14,Clothing
CUST03840,2023-12-12,103.44,Travel
CUST03840,2024-08-11,15.3,Electronics
CUST03840,2024-12-04,97.28,Clothing
CUST03840,2022-05-28,88.66,Dining
CUST03840,2025-02-01,139.38,Dining
CUST03840,2022-11-14,30.62,Electronics
CUST03840,2025-03-03,208.35,Clothing
CUST03840,2023-12-03,105.15,Clothing
CUST03840,2025-04-07,106.07,Clothing
CUST03840,2025-04-07,26.16,Grocery
CUST03840,2024-11-14,12.06,Grocery
CUST03840,2022-10-03,51.57,Grocery
CUST03841,2025-04-16,22.33,Electronics
CUST03841,2023-10-26,117.3,Dining
CUST03841,2023-08-27,231.15,Clothing
CUST03841,2024-06-23,92.06,Electronics
CUST03841,2024-10-15,35.84,Grocery
CUST03841,2025-03-31,122.92,Clothing
CUST03841,2024-10-19,41.37,Travel
CUST03841,2023-04-21,19.97,Dining
CUST03841,2024-04-22,127.04,Grocery
CUST03841,2023-11-17,59.41,Electronics
CUST03841,2023-10-17,20.47,Grocery
CUST03841,2025-07-07,24.14,Clothing
CUST03841,2025-02-22,11.4,Electronics
CUST03841,2024-05-13,72.35,Electronics
CUST03841,2024-03-20,17.4,Grocery
CUST03841,2023-03-25,71.68,Travel
CUST03841,2025-07-07,63.63,Travel
CUST03841,2023-10-10,96.69,Grocery
CUST03841,2023-02-02,128.05,Dining
CUST03841,2024-09-01,8.97,Dining
CUST03841,2024-01-20,55.46,Dining
CUST03841,2024-10-04,122.76,Dining
CUST03841,2024-09-13,9.73,Grocery
CUST03841,2024-06-25,62.57,Travel
CUST03841,2023-04-24,84.59,Grocery
CUST03841,2023-02-28,452.65,Clothing
CUST03841,2025-01-24,54.41,Travel
CUST03841,2024-11-18,18.13,Travel
CUST03841,2025-02-27,158.69,Travel
CUST03841,2023-02-16,36.29,Clothing
CUST03841,2024-04-22,141.73,Clothing
CUST03841,2023-05-24,105.44,Clothing
CUST03841,2025-02-22,55.68,Dining
CUST03841,2024-09-29,87.5,Dining
CUST03841,2024-11-12,19.49,Dining
CUST03841,2025-02-24,78.88,Clothing
CUST03841,2025-07-07,134.4,Electronics
CUST03841,2024-12-29,149.84,Grocery
CUST03841,2024-01-20,215.45,Travel
CUST03841,2025-05-05,122.62,Grocery
CUST03841,2023-10-03,270.61,Travel
CUST03841,2024-05-25,108.32,Clothing
CUST03841,2024-10-17,137.73,Grocery
CUST03841,2025-04-19,9.76,Electronics
CUST03841,2024-04-09,52.5,Grocery
CUST03841,2023-10-23,138.11,Electronics
CUST03841,2024-11-16,126.34,Dining
CUST03841,2023-08-14,49.27,Electronics
CUST03841,2025-04-09,5.93,Travel
CUST03841,2024-05-27,48.27,Electronics
CUST03841,2023-10-06,54.23,Dining
CUST03841,2023-07-30,56.88,Travel
CUST03841,2023-03-13,148.83,Dining
CUST03841,2024-08-20,8.78,Clothing
CUST03841,2025-01-02,37.97,Clothing
CUST03841,2024-07-04,29.01,Grocery
CUST03841,2024-04-16,13.66,Grocery
CUST03841,2023-06-13,17.98,Dining
CUST03841,2024-01-27,119.27,Dining
CUST03841,2025-07-01,263.0,Dining
CUST03841,2024-07-14,138.56,Electronics
CUST03841,2024-03-15,139.75,Electronics
CUST03841,2025-04-05,71.39,Electronics
CUST03841,2024-08-06,14.84,Clothing
CUST03841,2025-02-28,315.1,Electronics
CUST03841,2024-05-07,71.56,Travel
CUST03841,2024-10-11,185.63,Electronics
CUST03841,2023-05-30,9.2,Electronics
CUST03841,2024-03-01,132.58,Grocery
CUST03841,2024-11-07,68.29,Electronics
CUST03841,2024-10-09,208.77,Clothing
CUST03841,2023-10-31,74.78,Grocery
CUST03841,2023-08-15,22.8,Dining
CUST03841,2025-04-02,46.02,Clothing
CUST03841,2024-10-10,51.13,Grocery
CUST03841,2024-02-10,59.87,Dining
CUST03841,2025-05-24,36.04,Dining
CUST03841,2025-03-16,34.72,Travel
CUST03841,2023-08-17,125.24,Grocery
CUST03841,2025-01-13,24.98,Dining
CUST03841,2024-02-19,26.1,Travel
CUST03841,2024-08-29,202.68,Clothing
CUST03841,2023-11-24,36.28,Travel
CUST03841,2024-04-22,46.97,Clothing
CUST03841,2023-03-20,108.97,Clothing
CUST03841,2024-04-24,98.64,Travel
CUST03841,2024-04-09,111.54,Travel
CUST03841,2025-05-20,152.17,Electronics
CUST03841,2023-10-15,24.42,Travel
CUST03841,2024-04-07,43.56,Electronics
CUST03841,2025-02-17,45.76,Dining
CUST03841,2025-01-21,106.13,Travel
CUST03841,2024-06-20,210.93,Electronics
CUST03841,2024-06-11,80.84,Electronics
CUST03841,2023-08-19,6.94,Dining
CUST03842,2025-06-04,77.77,Dining
CUST03842,2025-07-29,18.04,Grocery
CUST03842,2025-04-08,98.97,Dining
CUST03842,2025-06-22,103.05,Grocery
CUST03842,2025-01-09,37.58,Electronics
CUST03842,2025-02-03,254.43,Grocery
CUST03842,2025-05-09,69.03,Dining
CUST03842,2025-04-29,40.18,Grocery
CUST03842,2025-07-01,48.47,Travel
CUST03842,2025-01-30,62.52,Clothing
CUST03842,2025-03-28,18.01,Travel
CUST03842,2025-06-30,5.92,Travel
CUST03842,2025-05-03,9.62,Travel
CUST03842,2025-01-22,33.24,Travel
CUST03842,2025-02-08,82.42,Travel
CUST03842,2025-03-15,23.92,Clothing
CUST03842,2025-03-18,52.31,Dining
CUST03842,2025-05-16,65.01,Dining
CUST03842,2025-07-27,51.87,Electronics
CUST03842,2025-03-07,58.56,Grocery
CUST03842,2025-04-22,14.83,Grocery
CUST03842,2025-03-13,11.64,Grocery
CUST03842,2025-06-08,36.65,Clothing
CUST03842,2025-05-31,103.71,Grocery
CUST03842,2025-04-14,12.14,Travel
CUST03842,2025-07-27,65.91,Travel
CUST03842,2025-07-09,175.01,Electronics
CUST03842,2025-06-01,6.28,Travel
CUST03842,2025-05-29,183.65,Clothing
CUST03842,2025-03-24,40.38,Grocery
CUST03842,2024-12-26,100.97,Electronics
CUST03842,2025-05-30,18.53,Grocery
CUST03842,2025-06-05,34.71,Clothing
CUST03842,2025-01-23,171.43,Clothing
CUST03842,2025-04-02,98.33,Grocery
CUST03842,2025-06-25,36.12,Clothing
CUST03842,2025-07-18,112.18,Travel
CUST03842,2025-03-06,47.6,Grocery
CUST03842,2025-01-23,14.96,Grocery
CUST03842,2025-07-25,19.32,Grocery
CUST03842,2025-03-03,97.17,Electronics
CUST03842,2025-02-22,11.41,Grocery
CUST03842,2025-01-11,65.05,Dining
CUST03842,2025-02-04,32.62,Clothing
CUST03842,2025-03-09,15.12,Clothing
CUST03842,2025-07-17,111.18,Travel
CUST03842,2025-01-20,34.16,Clothing
CUST03842,2025-06-26,53.03,Travel
CUST03842,2025-01-09,20.02,Clothing
CUST03842,2024-11-28,90.37,Clothing
CUST03842,2025-03-10,182.71,Dining
CUST03842,2025-01-23,34.94,Grocery
CUST03842,2025-04-08,186.01,Travel
CUST03842,2025-01-21,189.72,Dining
CUST03842,2024-12-13,48.78,Grocery
CUST03842,2025-07-09,103.32,Travel
CUST03842,2025-04-06,78.89,Grocery
CUST03842,2025-07-12,78.12,Travel
CUST03842,2025-03-26,50.29,Grocery
CUST03842,2025-06-08,195.0,Electronics
CUST03842,2025-05-13,27.0,Clothing
CUST03842,2025-06-01,77.55,Grocery
CUST03842,2024-11-30,16.34,Clothing
CUST03842,2025-02-02,134.03,Clothing
CUST03842,2025-06-12,19.45,Electronics
CUST03842,2025-08-01,116.72,Electronics
CUST03842,2025-06-19,26.96,Electronics
CUST03842,2025-06-27,13.92,Dining
CUST03842,2025-07-11,179.84,Grocery
CUST03842,2025-04-03,82.72,Grocery
CUST03842,2025-05-28,77.04,Travel
CUST03842,2025-04-08,117.75,Grocery
CUST03842,2025-02-13,61.0,Grocery
CUST03842,2025-01-22,74.43,Dining
CUST03842,2025-07-20,82.86,Grocery
CUST03842,2025-06-14,177.13,Clothing
CUST03842,2025-03-03,113.16,Grocery
CUST03842,2025-05-09,101.0,Electronics
CUST03842,2025-01-08,166.81,Clothing
CUST03842,2025-01-28,128.65,Travel
CUST03842,2025-05-02,10.02,Dining
CUST03842,2025-02-27,43.55,Travel
CUST03842,2025-03-08,69.75,Clothing
CUST03842,2025-07-08,48.96,Clothing
CUST03842,2025-05-10,60.41,Dining
CUST03842,2025-01-05,62.46,Dining
CUST03842,2025-07-01,62.18,Grocery
CUST03842,2024-12-22,150.35,Electronics
CUST03842,2025-01-14,117.22,Grocery
CUST03842,2025-02-07,95.94,Electronics
CUST03842,2025-04-20,9.56,Dining
CUST03842,2024-11-28,189.06,Dining
CUST03842,2025-06-23,51.52,Dining
CUST03842,2024-12-04,22.22,Electronics
CUST03842,2025-01-05,295.01,Grocery
CUST03842,2025-07-09,36.23,Electronics
CUST03842,2025-04-03,40.6,Dining
CUST03842,2025-01-10,8.51,Clothing
CUST03842,2025-04-02,125.23,Dining
CUST03842,2025-05-19,65.33,Electronics
CUST03842,2025-07-03,121.17,Travel
CUST03842,2025-03-23,16.07,Travel
CUST03843,2024-02-23,129.17,Travel
CUST03843,2022-08-08,66.87,Electronics
CUST03843,2022-08-20,75.1,Grocery
CUST03843,2023-05-27,111.57,Electronics
CUST03843,2022-09-22,60.61,Travel
CUST03843,2024-11-28,192.25,Grocery
CUST03843,2024-02-20,218.0,Clothing
CUST03843,2023-06-22,25.34,Travel
CUST03843,2024-10-18,7.09,Clothing
CUST03843,2025-06-12,23.28,Dining
CUST03843,2022-08-15,22.3,Clothing
CUST03843,2024-09-02,204.37,Dining
CUST03843,2024-12-13,31.7,Grocery
CUST03843,2023-10-03,32.65,Electronics
CUST03843,2023-03-15,6.91,Clothing
CUST03843,2024-11-16,40.16,Dining
CUST03843,2023-03-04,35.64,Grocery
CUST03843,2024-01-05,42.06,Travel
CUST03843,2023-12-26,39.41,Dining
CUST03843,2023-08-02,113.06,Clothing
CUST03843,2023-10-08,257.0,Clothing
CUST03843,2024-01-30,85.9,Dining
CUST03843,2025-02-20,26.1,Electronics
CUST03843,2025-01-02,64.49,Dining
CUST03843,2023-07-11,60.93,Clothing
CUST03843,2024-03-16,52.05,Travel
CUST03843,2023-06-05,26.56,Travel
CUST03843,2024-12-05,28.66,Clothing
CUST03843,2024-10-25,44.51,Clothing
CUST03843,2022-09-18,6.05,Grocery
CUST03843,2024-09-22,193.88,Grocery
CUST03843,2023-06-06,18.94,Electronics
CUST03843,2025-06-22,108.2,Travel
CUST03843,2022-12-20,5.66,Dining
CUST03843,2024-10-19,36.69,Grocery
CUST03843,2023-03-06,96.95,Electronics
CUST03843,2023-04-30,13.85,Grocery
CUST03843,2024-02-13,180.92,Electronics
CUST03843,2023-12-09,37.25,Grocery
CUST03843,2023-08-18,52.59,Dining
CUST03843,2024-11-14,19.14,Electronics
CUST03843,2022-09-15,203.5,Clothing
CUST03843,2023-05-28,87.18,Clothing
CUST03843,2025-06-09,27.91,Travel
CUST03843,2022-11-30,18.37,Grocery
CUST03843,2024-02-19,60.79,Dining
CUST03843,2023-09-14,269.85,Electronics
CUST03843,2024-04-10,113.78,Grocery
CUST03843,2024-07-03,77.96,Grocery
CUST03843,2023-09-03,21.23,Dining
CUST03843,2024-12-13,15.95,Dining
CUST03843,2025-07-24,48.98,Dining
CUST03843,2023-04-03,16.47,Dining
CUST03843,2023-03-10,45.0,Grocery
CUST03843,2024-10-07,7.93,Clothing
CUST03843,2022-12-08,24.51,Electronics
CUST03843,2023-06-16,67.85,Grocery
CUST03843,2025-04-27,22.53,Dining
CUST03843,2022-08-16,22.27,Clothing
CUST03843,2023-09-28,9.02,Dining
CUST03843,2023-06-28,57.42,Electronics
CUST03843,2024-10-13,80.94,Electronics
CUST03843,2023-03-05,243.35,Clothing
CUST03843,2022-11-16,113.82,Clothing
CUST03843,2022-07-08,8.79,Travel
CUST03843,2024-12-12,15.77,Clothing
CUST03843,2025-03-09,40.45,Grocery
CUST03843,2025-02-26,12.7,Clothing
CUST03843,2024-11-13,22.8,Dining
CUST03843,2025-06-01,6.24,Electronics
CUST03843,2024-01-05,31.67,Travel
CUST03843,2023-02-14,11.28,Grocery
CUST03843,2023-02-16,45.6,Grocery
CUST03843,2025-06-04,52.15,Grocery
CUST03843,2023-02-28,65.4,Clothing
CUST03843,2025-03-11,162.45,Dining
CUST03843,2023-08-04,23.15,Grocery
CUST03843,2024-02-13,251.44,Clothing
CUST03843,2023-08-31,129.1,Dining
CUST03843,2025-05-10,283.82,Clothing
CUST03843,2023-05-18,181.69,Travel
CUST03843,2022-12-14,59.62,Clothing
CUST03843,2024-06-06,147.07,Clothing
CUST03843,2024-11-29,19.38,Electronics
CUST03843,2025-01-01,64.7,Grocery
CUST03843,2024-03-29,14.45,Clothing
CUST03843,2022-11-29,23.32,Grocery
CUST03843,2025-01-21,10.41,Dining
CUST03843,2022-09-06,134.73,Electronics
CUST03843,2022-09-29,41.75,Clothing
CUST03843,2022-11-26,60.89,Travel
CUST03843,2025-02-27,41.17,Dining
CUST03843,2023-07-13,78.89,Grocery
CUST03843,2025-05-15,84.68,Electronics
CUST03843,2024-02-29,13.09,Clothing
CUST03843,2023-02-07,55.42,Travel
CUST03843,2023-12-29,130.38,Grocery
CUST03843,2024-05-19,30.95,Clothing
CUST03843,2023-02-27,77.45,Dining
CUST03843,2023-03-31,65.77,Electronics
CUST03844,2025-06-19,66.38,Travel
CUST03844,2025-07-17,26.91,Clothing
CUST03844,2025-06-26,52.79,Travel
CUST03844,2025-04-27,54.0,Dining
CUST03844,2025-05-09,45.05,Electronics
CUST03844,2025-03-23,54.53,Grocery
CUST03844,2025-04-24,91.52,Grocery
CUST03844,2025-05-14,24.08,Electronics
CUST03844,2025-04-07,103.46,Dining
CUST03844,2025-06-29,80.9,Dining
CUST03844,2025-06-15,95.73,Electronics
CUST03844,2025-05-17,79.79,Clothing
CUST03844,2025-07-16,311.18,Electronics
CUST03844,2025-04-08,196.42,Travel
CUST03844,2025-02-24,10.1,Dining
CUST03844,2025-07-16,34.02,Electronics
CUST03844,2025-07-17,75.1,Clothing
CUST03844,2025-03-04,100.44,Clothing
CUST03844,2025-04-29,84.34,Grocery
CUST03844,2025-06-12,18.98,Electronics
CUST03844,2025-07-20,5.54,Electronics
CUST03844,2025-04-07,92.45,Grocery
CUST03844,2025-04-09,52.7,Electronics
CUST03844,2025-04-25,137.59,Electronics
CUST03844,2025-07-19,15.14,Dining
CUST03844,2025-07-23,12.8,Travel
CUST03844,2025-04-19,22.06,Grocery
CUST03844,2025-07-01,35.8,Grocery
CUST03844,2025-03-28,68.33,Travel
CUST03844,2025-04-03,8.16,Grocery
CUST03844,2025-05-10,6.15,Travel
CUST03844,2025-04-07,179.29,Travel
CUST03844,2025-04-20,247.13,Clothing
CUST03844,2025-04-28,75.05,Electronics
CUST03844,2025-04-20,14.64,Dining
CUST03844,2025-03-31,76.49,Electronics
CUST03844,2025-03-23,242.16,Dining
CUST03844,2025-07-03,405.24,Electronics
CUST03844,2025-05-26,159.1,Clothing
CUST03844,2025-04-17,85.29,Clothing
CUST03844,2025-05-20,21.31,Dining
CUST03844,2025-04-15,17.38,Dining
CUST03844,2025-06-30,86.96,Travel
CUST03844,2025-07-17,128.32,Grocery
CUST03844,2025-02-25,12.91,Grocery
CUST03844,2025-07-19,12.83,Travel
CUST03844,2025-07-14,39.23,Dining
CUST03844,2025-03-01,47.58,Electronics
CUST03844,2025-06-17,37.16,Grocery
CUST03844,2025-03-28,90.26,Dining
CUST03844,2025-03-12,17.33,Electronics
CUST03844,2025-03-09,86.05,Clothing
CUST03844,2025-03-04,56.0,Travel
CUST03844,2025-04-06,100.88,Dining
CUST03844,2025-05-10,96.77,Grocery
CUST03844,2025-02-24,126.69,Electronics
CUST03844,2025-05-01,72.27,Travel
CUST03844,2025-07-15,91.1,Dining
CUST03844,2025-03-09,91.33,Dining
CUST03844,2025-06-14,23.06,Travel
CUST03844,2025-02-23,203.09,Grocery
CUST03844,2025-04-03,55.02,Dining
CUST03844,2025-06-24,11.72,Grocery
CUST03844,2025-07-23,14.23,Travel
CUST03844,2025-07-14,40.07,Travel
CUST03844,2025-07-28,49.21,Dining
CUST03844,2025-04-11,82.1,Dining
CUST03844,2025-07-15,78.11,Dining
CUST03844,2025-07-12,38.39,Clothing
CUST03844,2025-04-09,64.39,Travel
CUST03844,2025-07-05,60.61,Clothing
CUST03844,2025-04-21,5.45,Travel
CUST03844,2025-05-01,29.22,Dining
CUST03844,2025-05-02,7.4,Travel
CUST03844,2025-06-04,97.23,Grocery
CUST03844,2025-05-06,363.72,Clothing
CUST03844,2025-07-23,76.05,Grocery
CUST03844,2025-05-14,124.23,Clothing
CUST03844,2025-04-10,50.69,Electronics
CUST03844,2025-06-25,71.96,Dining
CUST03844,2025-03-09,79.32,Electronics
CUST03844,2025-05-13,56.65,Grocery
CUST03844,2025-07-18,7.71,Clothing
CUST03844,2025-07-03,39.45,Clothing
CUST03844,2025-06-29,96.05,Clothing
CUST03844,2025-02-23,38.01,Dining
CUST03844,2025-04-30,5.1,Dining
CUST03844,2025-02-24,178.23,Electronics
CUST03844,2025-04-15,34.5,Grocery
CUST03844,2025-07-01,54.29,Electronics
CUST03844,2025-03-19,16.6,Grocery
CUST03844,2025-06-27,28.45,Clothing
CUST03844,2025-04-13,93.27,Grocery
CUST03844,2025-07-04,187.55,Grocery
CUST03844,2025-06-16,165.4,Travel
CUST03844,2025-07-02,107.86,Clothing
CUST03844,2025-04-23,14.15,Grocery
CUST03844,2025-07-15,236.64,Grocery
CUST03844,2025-04-30,91.44,Electronics
CUST03844,2025-07-28,119.75,Travel
CUST03844,2025-07-17,74.6,Clothing
CUST03844,2025-06-14,401.94,Travel
CUST03844,2025-03-03,18.15,Travel
CUST03844,2025-06-19,47.11,Travel
CUST03844,2025-04-09,187.45,Travel
CUST03844,2025-05-09,43.69,Grocery
CUST03844,2025-06-09,28.34,Dining
CUST03845,2025-07-18,162.04,Travel
CUST03845,2025-07-28,14.96,Travel
CUST03845,2025-07-10,31.34,Travel
CUST03845,2025-07-23,68.65,Electronics
CUST03845,2025-06-26,12.96,Travel
CUST03845,2025-07-13,113.2,Electronics
CUST03845,2025-07-11,217.97,Dining
CUST03845,2025-07-23,107.97,Travel
CUST03845,2025-07-17,324.9,Travel
CUST03845,2025-07-29,38.23,Electronics
CUST03845,2025-07-16,282.09,Electronics
CUST03845,2025-07-02,60.25,Grocery
CUST03845,2025-06-30,30.09,Dining
CUST03845,2025-07-25,81.61,Dining
CUST03845,2025-07-22,192.96,Grocery
CUST03845,2025-07-07,42.52,Clothing
CUST03845,2025-07-13,352.25,Electronics
CUST03845,2025-07-09,107.75,Grocery
CUST03845,2025-07-31,32.83,Clothing
CUST03845,2025-07-23,57.26,Grocery
CUST03845,2025-07-03,84.26,Grocery
CUST03845,2025-07-11,44.8,Electronics
CUST03845,2025-07-28,28.21,Dining
CUST03845,2025-07-03,18.16,Travel
CUST03845,2025-07-13,102.23,Travel
CUST03845,2025-07-16,9.92,Clothing
CUST03845,2025-07-28,64.76,Grocery
CUST03845,2025-07-01,133.9,Dining
CUST03845,2025-07-18,12.47,Dining
CUST03845,2025-07-03,7.6,Travel
CUST03845,2025-07-21,279.91,Grocery
CUST03845,2025-07-20,67.44,Grocery
CUST03845,2025-07-20,99.47,Dining
CUST03845,2025-06-30,55.74,Electronics
CUST03845,2025-07-29,179.15,Electronics
CUST03845,2025-07-16,121.64,Grocery
CUST03845,2025-07-16,80.57,Electronics
CUST03845,2025-07-10,12.57,Dining
CUST03845,2025-07-16,69.77,Clothing
CUST03845,2025-07-29,19.64,Grocery
CUST03845,2025-07-22,137.31,Dining
CUST03845,2025-07-30,110.57,Grocery
CUST03845,2025-07-22,136.13,Clothing
CUST03845,2025-06-30,26.43,Dining
CUST03845,2025-07-17,98.53,Dining
CUST03845,2025-07-19,38.31,Electronics
CUST03845,2025-07-16,87.2,Travel
CUST03845,2025-07-03,80.86,Dining
CUST03845,2025-07-21,106.28,Electronics
CUST03845,2025-06-25,35.42,Dining
CUST03845,2025-07-24,158.46,Grocery
CUST03845,2025-07-12,35.65,Electronics
CUST03845,2025-06-30,11.77,Clothing
CUST03845,2025-07-25,62.49,Grocery
CUST03845,2025-07-19,30.99,Electronics
CUST03845,2025-08-01,91.97,Electronics
CUST03845,2025-06-27,39.05,Electronics
CUST03845,2025-07-10,8.92,Dining
CUST03845,2025-07-16,26.8,Dining
CUST03845,2025-07-08,79.13,Dining
CUST03845,2025-06-25,78.57,Clothing
CUST03845,2025-07-07,44.22,Dining
CUST03845,2025-07-07,52.07,Grocery
CUST03845,2025-07-05,111.6,Grocery
CUST03845,2025-07-14,24.34,Travel
CUST03845,2025-07-10,25.26,Travel
CUST03845,2025-07-09,29.11,Grocery
CUST03845,2025-07-27,62.23,Travel
CUST03845,2025-07-03,9.2,Electronics
CUST03845,2025-07-04,207.26,Grocery
CUST03845,2025-07-26,11.3,Electronics
CUST03845,2025-07-04,50.66,Grocery
CUST03845,2025-07-18,70.91,Electronics
CUST03845,2025-06-27,14.3,Travel
CUST03845,2025-06-26,21.99,Dining
CUST03845,2025-07-27,51.9,Dining
CUST03845,2025-07-22,169.74,Dining
CUST03845,2025-07-26,117.99,Clothing
CUST03845,2025-07-04,169.82,Clothing
CUST03845,2025-07-13,97.06,Travel
CUST03845,2025-07-21,29.74,Grocery
CUST03845,2025-06-25,37.15,Travel
CUST03845,2025-07-14,23.17,Clothing
CUST03845,2025-06-28,90.38,Grocery
CUST03845,2025-07-14,63.54,Clothing
CUST03845,2025-07-12,36.59,Dining
CUST03845,2025-07-22,94.21,Travel
CUST03845,2025-07-30,28.21,Grocery
CUST03845,2025-07-11,115.72,Dining
CUST03845,2025-07-13,43.45,Clothing
CUST03845,2025-07-22,162.23,Clothing
CUST03845,2025-07-21,223.36,Clothing
CUST03845,2025-06-25,8.44,Electronics
CUST03845,2025-07-11,181.35,Electronics
CUST03845,2025-06-25,192.88,Electronics
CUST03845,2025-07-15,56.39,Travel
CUST03846,2023-01-07,34.51,Electronics
CUST03846,2022-12-19,52.1,Grocery
CUST03846,2025-03-24,55.8,Travel
CUST03846,2023-10-04,8.72,Dining
CUST03846,2024-07-03,93.78,Travel
CUST03846,2023-05-10,145.52,Travel
CUST03846,2022-05-09,18.07,Grocery
CUST03846,2025-01-17,6.57,Clothing
CUST03846,2024-08-06,12.62,Dining
CUST03846,2025-07-05,194.07,Clothing
CUST03846,2024-03-25,70.81,Dining
CUST03846,2023-01-31,71.88,Clothing
CUST03846,2024-11-17,52.61,Grocery
CUST03846,2022-10-12,31.22,Travel
CUST03846,2025-02-22,8.52,Electronics
CUST03846,2023-12-04,42.91,Clothing
CUST03846,2025-07-18,10.29,Clothing
CUST03846,2025-06-13,43.09,Clothing
CUST03846,2024-04-30,33.02,Grocery
CUST03846,2023-03-08,393.93,Grocery
CUST03846,2022-03-25,18.6,Dining
CUST03846,2025-03-04,95.04,Clothing
CUST03846,2022-11-22,154.86,Clothing
CUST03846,2023-05-13,26.28,Dining
CUST03846,2025-07-29,14.72,Clothing
CUST03846,2023-03-20,184.16,Clothing
CUST03846,2022-04-01,6.67,Grocery
CUST03846,2024-03-18,76.88,Dining
CUST03846,2023-05-15,310.32,Clothing
CUST03846,2023-07-18,14.51,Grocery
CUST03846,2023-12-01,165.31,Grocery
CUST03846,2023-04-22,33.34,Travel
CUST03846,2025-07-13,11.56,Grocery
CUST03846,2022-06-24,30.0,Electronics
CUST03846,2025-04-28,118.6,Travel
CUST03846,2025-03-09,165.96,Travel
CUST03846,2025-01-10,9.36,Grocery
CUST03846,2023-02-21,22.26,Travel
CUST03846,2024-06-24,170.55,Grocery
CUST03846,2023-11-24,262.35,Travel
CUST03846,2022-12-23,56.8,Electronics
CUST03846,2022-10-20,30.82,Dining
CUST03846,2025-03-05,20.46,Electronics
CUST03846,2024-12-20,60.19,Grocery
CUST03846,2024-12-12,62.23,Clothing
CUST03846,2024-07-06,16.1,Dining
CUST03846,2025-06-24,35.6,Dining
CUST03846,2023-09-01,48.1,Electronics
CUST03846,2023-03-19,69.34,Grocery
CUST03846,2025-03-09,87.03,Clothing
CUST03846,2025-03-24,39.51,Dining
CUST03846,2024-09-24,17.29,Grocery
CUST03846,2024-01-18,6.3,Travel
CUST03846,2022-06-11,233.4,Dining
CUST03846,2022-05-16,218.27,Clothing
CUST03846,2024-10-18,427.32,Grocery
CUST03846,2023-10-15,10.28,Clothing
CUST03846,2025-01-31,202.43,Electronics
CUST03846,2023-07-13,27.0,Grocery
CUST03846,2025-05-23,19.79,Grocery
CUST03846,2023-10-09,275.14,Grocery
CUST03846,2022-09-24,144.16,Electronics
CUST03846,2022-11-23,26.64,Travel
CUST03846,2023-11-30,338.53,Travel
CUST03846,2024-09-05,94.72,Travel
CUST03846,2022-04-05,200.55,Dining
CUST03846,2024-08-07,22.65,Clothing
CUST03846,2024-06-10,113.95,Electronics
CUST03846,2023-01-28,65.15,Grocery
CUST03846,2022-07-22,11.87,Grocery
CUST03846,2024-08-20,112.8,Dining
CUST03846,2023-09-14,313.67,Dining
CUST03846,2023-04-22,14.36,Grocery
CUST03846,2023-12-10,252.5,Dining
CUST03846,2024-06-01,36.43,Dining
CUST03846,2023-03-30,341.37,Travel
CUST03846,2023-01-31,71.36,Travel
CUST03846,2022-04-15,13.84,Clothing
CUST03846,2025-03-27,125.08,Clothing
CUST03846,2025-08-01,146.47,Dining
CUST03846,2022-07-13,45.78,Clothing
CUST03846,2024-04-29,131.33,Travel
CUST03846,2022-05-18,49.32,Dining
CUST03846,2024-03-12,101.73,Electronics
CUST03846,2022-09-30,181.19,Clothing
CUST03846,2022-09-14,92.61,Grocery
CUST03847,2024-06-21,120.64,Grocery
CUST03847,2024-01-27,87.45,Dining
CUST03847,2022-03-09,13.85,Clothing
CUST03847,2023-10-28,24.83,Clothing
CUST03847,2025-03-30,132.92,Clothing
CUST03847,2021-10-30,73.11,Electronics
CUST03847,2023-12-12,41.17,Travel
CUST03847,2023-12-01,21.55,Grocery
CUST03847,2022-05-25,84.62,Travel
CUST03847,2023-06-04,175.78,Clothing
CUST03847,2025-02-01,150.19,Travel
CUST03847,2022-04-14,53.14,Grocery
CUST03847,2025-07-28,144.17,Grocery
CUST03847,2025-06-04,49.55,Clothing
CUST03847,2025-01-09,90.54,Electronics
CUST03847,2023-05-24,66.33,Travel
CUST03847,2021-12-12,24.85,Grocery
CUST03847,2021-08-22,102.88,Electronics
CUST03847,2025-07-21,191.71,Travel
CUST03847,2025-07-22,73.88,Dining
CUST03847,2022-08-30,62.2,Grocery
CUST03847,2021-11-10,14.72,Travel
CUST03847,2023-10-08,140.19,Clothing
CUST03847,2022-12-26,42.53,Clothing
CUST03847,2021-10-01,30.14,Electronics
CUST03847,2023-06-27,208.09,Travel
CUST03847,2021-10-24,243.86,Clothing
CUST03847,2022-07-06,10.67,Grocery
CUST03847,2024-03-14,21.39,Dining
CUST03847,2024-02-21,9.35,Clothing
CUST03847,2021-11-22,6.23,Travel
CUST03847,2023-01-24,106.17,Clothing
CUST03847,2022-12-13,66.67,Clothing
CUST03847,2022-03-01,76.77,Clothing
CUST03847,2023-04-01,12.27,Grocery
CUST03847,2022-10-11,10.42,Travel
CUST03847,2022-12-31,16.01,Travel
CUST03847,2024-05-15,26.6,Electronics
CUST03847,2022-08-31,174.13,Grocery
CUST03847,2025-05-03,164.26,Electronics
CUST03847,2024-11-22,68.57,Grocery
CUST03847,2025-03-01,35.27,Dining
CUST03847,2023-09-06,111.74,Dining
CUST03847,2022-02-21,136.56,Electronics
CUST03847,2024-11-13,93.09,Grocery
CUST03847,2024-02-11,24.32,Clothing
CUST03847,2021-10-22,98.77,Grocery
CUST03847,2024-03-02,23.78,Travel
CUST03847,2024-06-03,124.77,Travel
CUST03847,2024-11-02,26.93,Travel
CUST03847,2022-09-20,67.47,Clothing
CUST03847,2022-11-22,195.17,Grocery
CUST03847,2021-10-25,51.7,Dining
CUST03847,2022-05-04,56.13,Electronics
CUST03847,2025-02-22,30.29,Travel
CUST03847,2024-07-01,184.04,Travel
CUST03847,2024-12-01,15.48,Electronics
CUST03847,2024-12-07,68.18,Dining
CUST03847,2022-03-01,46.98,Grocery
CUST03847,2023-03-21,34.9,Dining
CUST03847,2021-10-26,22.74,Dining
CUST03847,2024-07-16,6.09,Electronics
CUST03847,2021-11-04,116.27,Grocery
CUST03847,2024-06-10,143.23,Dining
CUST03847,2022-03-30,50.82,Dining
CUST03847,2024-10-26,27.34,Electronics
CUST03847,2023-02-01,67.79,Clothing
CUST03847,2021-11-16,28.52,Travel
CUST03847,2022-03-06,122.03,Clothing
CUST03847,2022-07-28,58.72,Grocery
CUST03847,2022-04-29,6.09,Grocery
CUST03847,2024-03-04,26.52,Grocery
CUST03847,2023-06-22,21.43,Electronics
CUST03847,2021-08-24,193.85,Travel
CUST03847,2024-10-05,50.92,Grocery
CUST03847,2024-03-16,38.29,Clothing
CUST03847,2023-07-23,41.67,Clothing
CUST03847,2023-10-03,204.38,Clothing
CUST03847,2024-01-15,184.54,Electronics
CUST03847,2024-04-10,93.76,Travel
CUST03847,2022-01-04,22.71,Clothing
CUST03847,2023-08-16,99.46,Electronics
CUST03847,2023-09-25,64.13,Dining
CUST03847,2023-08-03,73.85,Grocery
CUST03847,2024-07-26,185.58,Grocery
CUST03847,2024-04-19,17.41,Grocery
CUST03847,2025-03-16,110.97,Dining
CUST03847,2024-03-10,74.83,Grocery
CUST03847,2023-08-25,6.78,Travel
CUST03847,2022-10-18,64.41,Grocery
CUST03847,2023-10-11,35.68,Travel
CUST03847,2023-01-04,44.69,Travel
CUST03847,2022-12-11,111.75,Dining
CUST03847,2022-03-04,62.74,Travel
CUST03847,2021-08-26,54.55,Grocery
CUST03847,2022-10-19,46.87,Clothing
CUST03848,2024-10-17,57.42,Electronics
CUST03848,2023-11-24,72.83,Dining
CUST03848,2023-09-23,62.98,Travel
CUST03848,2025-04-28,245.04,Travel
CUST03848,2024-11-03,46.09,Travel
CUST03848,2023-04-18,18.55,Clothing
CUST03848,2023-04-26,73.14,Dining
CUST03848,2024-09-09,74.44,Clothing
CUST03848,2023-11-15,104.12,Clothing
CUST03848,2024-11-11,18.08,Grocery
CUST03848,2025-06-10,232.52,Clothing
CUST03848,2024-07-22,177.67,Travel
CUST03848,2023-06-20,38.58,Electronics
CUST03848,2024-04-28,19.13,Clothing
CUST03848,2025-04-09,28.53,Grocery
CUST03848,2024-04-14,41.32,Clothing
CUST03848,2023-08-01,43.72,Dining
CUST03848,2023-09-27,99.37,Travel
CUST03848,2024-05-28,136.7,Clothing
CUST03848,2024-12-15,110.8,Grocery
CUST03848,2025-01-10,114.57,Clothing
CUST03848,2023-05-01,54.96,Electronics
CUST03848,2025-06-09,80.44,Electronics
CUST03848,2024-08-18,87.24,Dining
CUST03848,2024-09-02,244.2,Travel
CUST03848,2023-07-11,20.85,Clothing
CUST03848,2023-07-19,82.25,Grocery
CUST03848,2023-06-05,242.2,Travel
CUST03848,2025-06-13,202.37,Dining
CUST03848,2023-08-06,84.09,Travel
CUST03848,2023-08-16,34.08,Clothing
CUST03848,2024-02-08,170.99,Grocery
CUST03848,2025-02-28,10.53,Electronics
CUST03848,2023-08-09,71.1,Clothing
CUST03848,2023-08-30,16.81,Clothing
CUST03848,2024-05-10,69.52,Dining
CUST03848,2023-08-03,360.56,Clothing
CUST03848,2025-01-06,214.19,Electronics
CUST03848,2025-01-01,19.23,Travel
CUST03848,2023-12-09,63.6,Grocery
CUST03848,2024-12-03,10.38,Dining
CUST03848,2024-04-25,152.17,Travel
CUST03848,2023-05-23,140.83,Dining
CUST03848,2023-08-11,70.58,Dining
CUST03848,2024-08-29,80.19,Electronics
CUST03848,2023-05-09,209.03,Clothing
CUST03848,2024-04-04,81.93,Dining
CUST03848,2024-11-11,13.38,Travel
CUST03848,2023-06-02,126.63,Travel
CUST03848,2023-08-09,17.65,Travel
CUST03848,2024-11-13,73.49,Clothing
CUST03848,2025-06-16,10.21,Travel
CUST03848,2024-08-12,23.45,Clothing
CUST03848,2024-07-03,24.41,Clothing
CUST03848,2024-12-01,148.35,Travel
CUST03848,2024-12-20,182.72,Clothing
CUST03848,2023-09-22,205.89,Clothing
CUST03848,2024-04-15,34.09,Travel
CUST03848,2023-12-05,30.08,Grocery
CUST03848,2023-07-14,145.34,Clothing
CUST03848,2025-07-02,173.46,Grocery
CUST03848,2023-07-15,107.72,Electronics
CUST03848,2024-03-10,36.25,Dining
CUST03848,2023-11-01,67.64,Travel
CUST03848,2024-11-02,162.34,Clothing
CUST03848,2024-04-22,8.84,Electronics
CUST03848,2023-08-03,315.88,Dining
CUST03848,2025-04-25,37.93,Clothing
CUST03848,2023-05-28,7.89,Clothing
CUST03848,2025-07-29,16.15,Dining
CUST03848,2024-10-10,72.51,Dining
CUST03848,2025-02-07,16.43,Grocery
CUST03848,2023-11-29,28.63,Grocery
CUST03848,2025-03-31,8.75,Grocery
CUST03848,2025-03-04,11.95,Electronics
CUST03848,2023-04-25,159.1,Grocery
CUST03848,2024-11-16,81.86,Electronics
CUST03848,2024-01-03,283.04,Electronics
CUST03848,2025-04-30,370.6,Clothing
CUST03848,2024-08-08,9.15,Dining
CUST03848,2024-08-21,29.62,Travel
CUST03848,2023-04-20,38.43,Dining
CUST03848,2024-09-22,72.27,Travel
CUST03848,2024-07-14,34.61,Grocery
CUST03848,2024-03-18,16.93,Electronics
CUST03848,2024-04-22,163.07,Grocery
CUST03848,2024-07-10,99.33,Travel
CUST03848,2025-06-07,39.2,Travel
CUST03848,2025-06-13,154.27,Travel
CUST03848,2023-05-02,22.52,Electronics
CUST03848,2023-05-26,40.36,Clothing
CUST03848,2025-01-31,30.62,Electronics
CUST03848,2023-06-20,57.23,Electronics
CUST03849,2025-05-31,6.39,Clothing
CUST03849,2025-05-10,134.82,Clothing
CUST03849,2025-07-29,14.61,Clothing
CUST03849,2025-06-17,25.46,Clothing
CUST03849,2025-07-02,14.41,Travel
CUST03849,2025-05-31,101.75,Travel
CUST03849,2025-06-24,28.2,Dining
CUST03849,2025-06-19,27.35,Electronics
CUST03849,2025-06-23,68.53,Travel
CUST03849,2025-07-02,253.81,Travel
CUST03849,2025-06-19,65.72,Grocery
CUST03849,2025-07-21,31.81,Travel
CUST03849,2025-08-01,58.76,Clothing
CUST03849,2025-07-25,114.22,Dining
CUST03849,2025-06-07,45.42,Clothing
CUST03849,2025-05-10,42.82,Electronics
CUST03849,2025-05-23,12.99,Travel
CUST03849,2025-06-30,43.52,Dining
CUST03849,2025-05-18,11.35,Electronics
CUST03849,2025-05-12,10.22,Clothing
CUST03849,2025-06-08,18.28,Dining
CUST03849,2025-07-31,38.41,Travel
CUST03849,2025-05-15,53.38,Electronics
CUST03849,2025-06-08,12.95,Grocery
CUST03849,2025-06-09,129.5,Electronics
CUST03849,2025-06-04,47.57,Dining
CUST03849,2025-07-29,104.66,Travel
CUST03849,2025-07-07,136.04,Electronics
CUST03849,2025-06-07,201.55,Travel
CUST03849,2025-06-23,44.06,Electronics
CUST03849,2025-06-29,23.07,Grocery
CUST03849,2025-05-19,65.98,Electronics
CUST03849,2025-06-30,11.52,Travel
CUST03849,2025-07-02,144.07,Grocery
CUST03849,2025-05-14,30.24,Dining
CUST03849,2025-05-14,51.23,Dining
CUST03849,2025-06-12,64.22,Electronics
CUST03849,2025-06-16,354.16,Grocery
CUST03849,2025-06-03,204.91,Clothing
CUST03849,2025-05-29,202.56,Dining
CUST03849,2025-05-23,62.03,Electronics
CUST03849,2025-05-30,134.16,Grocery
CUST03849,2025-07-22,105.52,Dining
CUST03849,2025-05-28,52.79,Electronics
CUST03849,2025-06-14,8.51,Electronics
CUST03849,2025-07-13,17.98,Electronics
CUST03849,2025-07-12,86.5,Grocery
CUST03849,2025-06-07,58.72,Grocery
CUST03849,2025-07-30,247.98,Travel
CUST03849,2025-07-04,98.02,Electronics
CUST03849,2025-05-21,117.97,Electronics
CUST03849,2025-05-25,9.83,Travel
CUST03849,2025-07-01,32.66,Travel
CUST03849,2025-07-13,27.85,Travel
CUST03849,2025-06-28,38.14,Dining
CUST03849,2025-06-25,8.37,Electronics
CUST03849,2025-06-06,41.41,Dining
CUST03849,2025-06-18,144.36,Travel
CUST03849,2025-05-11,119.14,Clothing
CUST03849,2025-05-11,7.31,Electronics
CUST03849,2025-07-09,50.86,Clothing
CUST03849,2025-06-28,240.15,Electronics
CUST03849,2025-06-22,59.05,Grocery
CUST03849,2025-06-08,9.02,Travel
CUST03849,2025-07-19,84.35,Dining
CUST03849,2025-07-06,157.6,Clothing
CUST03849,2025-06-17,15.04,Clothing
CUST03849,2025-05-22,23.57,Clothing
CUST03849,2025-06-10,111.77,Grocery
CUST03849,2025-07-25,170.36,Grocery
CUST03849,2025-07-03,229.22,Electronics
CUST03849,2025-05-29,242.72,Travel
CUST03849,2025-06-26,331.6,Grocery
CUST03849,2025-06-03,149.28,Travel
CUST03849,2025-05-26,159.08,Dining
CUST03849,2025-06-14,32.93,Dining
CUST03849,2025-07-17,81.98,Dining
CUST03849,2025-07-22,115.46,Clothing
CUST03849,2025-07-26,59.83,Travel
CUST03849,2025-06-04,13.03,Travel
CUST03849,2025-05-29,74.38,Grocery
CUST03849,2025-05-26,77.58,Travel
CUST03849,2025-07-29,62.22,Travel
CUST03849,2025-07-26,26.67,Travel
CUST03849,2025-07-24,69.77,Grocery
CUST03849,2025-05-28,94.97,Clothing
CUST03849,2025-06-01,11.39,Travel
CUST03849,2025-06-16,59.97,Grocery
CUST03849,2025-07-11,125.73,Travel
CUST03849,2025-07-12,162.89,Dining
CUST03849,2025-05-21,83.32,Travel
CUST03849,2025-06-06,49.89,Grocery
CUST03849,2025-08-01,228.68,Dining
CUST03849,2025-05-30,201.81,Grocery
CUST03849,2025-07-02,108.84,Clothing
CUST03849,2025-07-11,25.41,Clothing
CUST03849,2025-07-18,61.4,Dining
CUST03849,2025-06-18,9.48,Clothing
CUST03849,2025-07-31,166.25,Dining
CUST03849,2025-06-18,14.08,Dining
CUST03849,2025-07-31,125.53,Clothing
CUST03849,2025-07-22,291.25,Clothing
CUST03849,2025-05-18,15.04,Clothing
CUST03849,2025-06-14,121.39,Dining
CUST03849,2025-06-01,27.38,Clothing
CUST03849,2025-05-15,27.64,Clothing
CUST03849,2025-06-10,198.68,Dining
CUST03849,2025-07-03,33.54,Electronics
CUST03849,2025-05-20,85.28,Electronics
CUST03849,2025-06-25,106.01,Travel
CUST03850,2025-05-27,304.04,Grocery
CUST03850,2022-05-24,26.28,Electronics
CUST03850,2021-06-02,191.58,Travel
CUST03850,2020-12-04,298.04,Travel
CUST03850,2024-09-28,71.19,Travel
CUST03850,2021-03-02,178.06,Clothing
CUST03850,2025-05-29,30.29,Clothing
CUST03850,2024-12-12,7.3,Dining
CUST03850,2021-10-09,19.46,Clothing
CUST03850,2023-09-19,35.35,Electronics
CUST03850,2025-07-13,35.74,Clothing
CUST03850,2022-07-28,47.94,Grocery
CUST03850,2024-08-28,7.24,Dining
CUST03850,2023-06-27,55.44,Grocery
CUST03850,2023-01-27,63.78,Dining
CUST03850,2023-06-05,61.07,Travel
CUST03850,2025-04-01,131.8,Dining
CUST03850,2023-08-29,62.95,Grocery
CUST03850,2023-08-16,107.74,Clothing
CUST03850,2023-12-22,40.22,Electronics
CUST03850,2021-03-20,99.68,Clothing
CUST03850,2021-09-15,193.14,Dining
CUST03850,2025-03-24,106.0,Grocery
CUST03850,2025-04-12,78.84,Electronics
CUST03850,2021-12-15,261.58,Electronics
CUST03850,2022-10-25,143.13,Clothing
CUST03850,2021-06-26,81.39,Clothing
CUST03850,2024-02-21,22.67,Travel
CUST03850,2023-03-19,128.04,Dining
CUST03850,2021-01-10,18.21,Travel
CUST03850,2024-01-12,123.5,Grocery
CUST03850,2024-12-19,81.73,Grocery
CUST03850,2023-08-15,58.02,Grocery
CUST03850,2022-04-12,9.45,Dining
CUST03850,2024-09-07,65.44,Clothing
CUST03850,2020-12-17,36.85,Clothing
CUST03850,2023-01-31,63.53,Clothing
CUST03850,2022-12-29,11.18,Dining
CUST03850,2022-07-30,61.93,Clothing
CUST03850,2023-04-18,830.32,Travel
CUST03850,2024-08-20,5.92,Travel
CUST03850,2025-03-02,9.16,Clothing
CUST03850,2023-01-16,6.59,Electronics
CUST03850,2022-10-24,287.97,Electronics
CUST03850,2024-08-07,20.74,Grocery
CUST03850,2023-09-06,41.01,Electronics
CUST03850,2022-08-27,15.87,Grocery
CUST03850,2021-04-20,22.22,Clothing
CUST03850,2020-11-20,61.05,Travel
CUST03850,2023-01-19,48.8,Grocery
CUST03850,2024-07-18,26.83,Electronics
CUST03850,2022-06-07,36.9,Dining
CUST03850,2022-01-07,12.51,Electronics
CUST03850,2021-11-20,146.08,Grocery
CUST03850,2021-11-13,43.4,Grocery
CUST03850,2023-03-01,22.67,Clothing
CUST03850,2021-10-10,282.78,Grocery
CUST03850,2023-12-23,252.65,Clothing
CUST03850,2020-10-15,65.9,Clothing
CUST03850,2024-11-18,65.42,Clothing
CUST03850,2024-08-15,133.59,Dining
CUST03850,2025-04-08,64.7,Dining
CUST03850,2024-07-11,69.6,Grocery
CUST03850,2024-08-24,26.9,Grocery
CUST03850,2022-02-16,5.95,Clothing
CUST03850,2020-11-25,17.67,Dining
CUST03850,2022-03-29,16.33,Travel
CUST03850,2022-08-05,113.69,Clothing
CUST03850,2025-01-12,143.29,Grocery
CUST03850,2024-03-02,15.03,Travel
CUST03850,2023-01-09,90.72,Travel
CUST03850,2024-01-15,16.61,Grocery
CUST03850,2021-09-20,156.69,Dining
CUST03850,2024-06-29,65.24,Grocery
CUST03850,2023-04-05,47.11,Electronics
CUST03850,2024-01-04,16.59,Electronics
CUST03850,2022-01-05,5.38,Clothing
CUST03850,2021-03-27,201.29,Electronics
CUST03850,2021-06-30,199.35,Dining
CUST03850,2025-07-30,78.36,Electronics
CUST03850,2022-11-16,278.9,Dining
CUST03850,2022-06-08,28.18,Grocery
CUST03850,2024-12-09,216.72,Grocery
CUST03850,2023-06-14,59.76,Dining
CUST03850,2020-12-19,212.93,Travel
CUST03850,2024-03-31,121.24,Grocery
CUST03850,2024-11-06,25.02,Electronics
CUST03850,2023-03-05,295.46,Dining
CUST03850,2023-05-08,154.08,Electronics
CUST03850,2023-12-14,64.28,Electronics
CUST03850,2022-03-22,64.94,Electronics
CUST03850,2023-05-31,114.53,Grocery
CUST03850,2023-01-29,95.25,Travel
CUST03850,2025-03-04,5.65,Clothing
CUST03850,2024-09-29,27.38,Grocery
CUST03850,2024-08-19,188.09,Electronics
CUST03850,2022-04-28,14.44,Electronics
CUST03851,2025-04-12,73.31,Electronics
CUST03851,2025-01-07,144.25,Grocery
CUST03851,2025-06-21,294.94,Electronics
CUST03851,2024-04-17,45.98,Grocery
CUST03851,2025-05-14,16.32,Electronics
CUST03851,2023-11-22,102.94,Electronics
CUST03851,2024-02-25,257.48,Grocery
CUST03851,2024-07-19,49.32,Travel
CUST03851,2024-10-09,155.43,Electronics
CUST03851,2025-01-03,30.23,Clothing
CUST03851,2025-05-02,15.66,Dining
CUST03851,2024-10-03,16.23,Travel
CUST03851,2024-11-22,53.93,Grocery
CUST03851,2024-01-20,217.83,Travel
CUST03851,2025-06-30,20.93,Travel
CUST03851,2025-02-22,90.59,Clothing
CUST03851,2025-05-04,34.24,Electronics
CUST03851,2023-12-19,49.58,Dining
CUST03851,2025-03-12,140.35,Clothing
CUST03851,2024-07-19,7.48,Grocery
CUST03851,2024-03-08,38.34,Dining
CUST03851,2025-02-07,25.02,Grocery
CUST03851,2024-08-28,251.63,Clothing
CUST03851,2025-06-04,46.15,Dining
CUST03851,2024-05-03,76.52,Travel
CUST03851,2025-03-27,6.33,Travel
CUST03851,2025-07-21,8.21,Grocery
CUST03851,2025-02-26,28.67,Grocery
CUST03851,2024-07-14,36.16,Dining
CUST03851,2024-02-03,153.13,Dining
CUST03851,2025-02-23,39.25,Travel
CUST03851,2025-01-24,87.95,Grocery
CUST03851,2025-04-08,23.05,Dining
CUST03851,2024-01-17,32.68,Clothing
CUST03851,2025-02-03,21.54,Dining
CUST03851,2024-06-08,92.3,Dining
CUST03851,2024-09-05,57.31,Travel
CUST03851,2024-03-24,226.99,Travel
CUST03851,2025-06-02,8.88,Dining
CUST03851,2024-05-28,11.02,Clothing
CUST03851,2024-01-14,37.92,Travel
CUST03851,2024-01-06,86.97,Grocery
CUST03851,2025-04-15,62.12,Dining
CUST03851,2024-10-01,17.6,Grocery
CUST03851,2023-12-27,10.86,Clothing
CUST03851,2025-06-13,102.77,Grocery
CUST03851,2024-01-25,92.91,Clothing
CUST03851,2024-09-16,29.61,Dining
CUST03851,2024-03-03,113.74,Electronics
CUST03851,2024-09-05,58.55,Clothing
CUST03851,2025-01-25,37.95,Travel
CUST03851,2024-09-22,229.48,Travel
CUST03851,2024-05-21,19.38,Clothing
CUST03851,2024-03-11,109.66,Travel
CUST03851,2024-03-21,22.56,Dining
CUST03851,2023-12-16,36.64,Grocery
CUST03851,2024-04-02,10.88,Grocery
CUST03851,2024-04-23,126.0,Dining
CUST03851,2024-12-11,28.87,Dining
CUST03851,2025-01-10,131.81,Electronics
CUST03851,2025-03-06,50.05,Grocery
CUST03851,2024-12-08,121.1,Grocery
CUST03851,2024-11-21,33.43,Grocery
CUST03851,2024-12-25,28.58,Clothing
CUST03851,2025-03-22,56.9,Electronics
CUST03851,2024-11-17,49.13,Dining
CUST03851,2024-08-02,178.01,Grocery
CUST03851,2024-01-09,170.37,Grocery
CUST03851,2024-08-27,51.9,Grocery
CUST03851,2024-04-21,114.22,Travel
CUST03851,2024-07-28,48.24,Electronics
CUST03851,2025-05-26,69.76,Grocery
CUST03851,2025-06-13,143.34,Dining
CUST03851,2024-04-20,13.99,Travel
CUST03851,2024-03-19,21.07,Dining
CUST03851,2025-07-03,138.94,Travel
CUST03851,2024-11-13,213.96,Grocery
CUST03851,2024-11-29,256.93,Clothing
CUST03851,2024-04-10,12.46,Electronics
CUST03851,2024-08-16,202.03,Electronics
CUST03851,2024-02-19,171.67,Grocery
CUST03851,2024-08-16,77.46,Travel
CUST03851,2025-06-27,41.29,Clothing
CUST03851,2024-02-23,183.87,Dining
CUST03851,2023-12-08,13.09,Grocery
CUST03851,2024-05-16,37.78,Travel
CUST03851,2024-05-24,120.22,Dining
CUST03851,2025-04-20,63.92,Clothing
CUST03851,2024-06-29,12.86,Dining
CUST03851,2024-05-31,24.44,Clothing
CUST03851,2025-05-17,144.85,Electronics
CUST03851,2025-03-20,63.05,Electronics
CUST03851,2025-03-16,10.74,Travel
CUST03851,2025-02-12,18.74,Clothing
CUST03851,2024-01-13,165.25,Clothing
CUST03851,2025-03-25,48.0,Grocery
CUST03851,2024-12-30,32.87,Clothing
CUST03851,2025-05-24,49.81,Grocery
CUST03851,2024-04-11,129.51,Electronics
CUST03851,2024-10-24,14.24,Dining
CUST03851,2025-01-14,142.73,Grocery
CUST03851,2025-01-27,102.76,Travel
CUST03851,2024-03-09,56.67,Travel
CUST03851,2025-02-22,125.42,Clothing
CUST03851,2023-12-25,148.07,Grocery
CUST03851,2025-05-21,80.35,Clothing
CUST03851,2024-12-12,43.34,Grocery
CUST03851,2024-01-16,10.2,Clothing
CUST03851,2024-10-06,42.36,Dining
CUST03851,2025-04-14,100.59,Dining
CUST03852,2022-05-22,45.04,Grocery
CUST03852,2021-04-18,306.25,Grocery
CUST03852,2024-05-30,14.32,Travel
CUST03852,2021-10-21,29.87,Travel
CUST03852,2024-10-22,18.84,Travel
CUST03852,2023-09-03,221.27,Clothing
CUST03852,2024-06-08,37.97,Clothing
CUST03852,2023-08-14,138.55,Travel
CUST03852,2024-12-13,19.45,Dining
CUST03852,2025-01-30,6.52,Dining
CUST03852,2023-10-11,14.61,Dining
CUST03852,2023-10-23,83.81,Travel
CUST03852,2024-10-04,54.55,Clothing
CUST03852,2024-04-18,90.49,Dining
CUST03852,2024-01-18,8.24,Travel
CUST03852,2024-01-23,10.8,Clothing
CUST03852,2024-06-18,71.2,Grocery
CUST03852,2022-12-11,25.81,Clothing
CUST03852,2024-05-02,9.16,Travel
CUST03852,2023-02-21,274.44,Electronics
CUST03852,2023-01-16,180.11,Clothing
CUST03852,2024-04-05,194.04,Electronics
CUST03852,2024-06-15,61.94,Dining
CUST03852,2023-11-13,40.1,Travel
CUST03852,2025-02-16,54.75,Electronics
CUST03852,2021-11-05,37.04,Electronics
CUST03852,2023-04-09,25.57,Clothing
CUST03852,2023-12-29,37.16,Travel
CUST03852,2023-01-14,10.96,Clothing
CUST03852,2024-12-02,291.7,Dining
CUST03852,2022-12-09,36.56,Grocery
CUST03852,2023-01-21,31.45,Travel
CUST03852,2023-11-16,63.78,Grocery
CUST03852,2025-03-29,78.66,Dining
CUST03852,2021-09-24,64.2,Dining
CUST03852,2024-01-13,79.19,Clothing
CUST03852,2025-01-14,28.92,Grocery
CUST03852,2025-01-26,45.86,Travel
CUST03852,2024-05-12,30.74,Dining
CUST03852,2023-08-14,302.2,Electronics
CUST03852,2025-01-22,16.31,Clothing
CUST03852,2024-11-17,36.97,Dining
CUST03852,2022-01-26,96.3,Dining
CUST03852,2021-08-27,13.56,Electronics
CUST03852,2025-03-14,43.74,Travel
CUST03852,2021-05-14,17.02,Travel
CUST03852,2022-12-30,52.68,Clothing
CUST03852,2025-02-25,62.17,Grocery
CUST03852,2021-11-27,35.33,Grocery
CUST03852,2024-12-11,85.81,Grocery
CUST03852,2024-12-06,47.67,Dining
CUST03852,2025-07-18,355.34,Clothing
CUST03852,2023-11-01,35.07,Grocery
CUST03852,2022-10-13,18.68,Clothing
CUST03852,2023-07-12,26.47,Clothing
CUST03852,2023-09-18,26.35,Travel
CUST03852,2021-11-29,142.79,Grocery
CUST03852,2025-07-25,153.91,Travel
CUST03852,2025-07-16,38.42,Grocery
CUST03852,2024-09-06,171.64,Clothing
CUST03852,2021-05-07,248.34,Clothing
CUST03852,2023-09-15,176.9,Dining
CUST03852,2022-02-16,116.29,Grocery
CUST03852,2022-10-19,18.16,Dining
CUST03852,2021-03-28,13.36,Travel
CUST03852,2024-10-29,43.29,Travel
CUST03852,2022-03-31,11.24,Grocery
CUST03852,2022-03-03,127.8,Travel
CUST03852,2024-11-20,157.56,Travel
CUST03852,2024-10-23,94.95,Grocery
CUST03852,2022-11-14,5.42,Grocery
CUST03852,2023-01-22,72.22,Clothing
CUST03852,2021-06-24,192.47,Travel
CUST03852,2024-05-26,206.79,Travel
CUST03852,2021-04-13,8.9,Dining
CUST03852,2025-01-30,134.76,Clothing
CUST03852,2021-08-20,34.56,Grocery
CUST03852,2022-09-19,114.69,Clothing
CUST03852,2022-05-20,165.83,Grocery
CUST03852,2023-08-28,11.43,Electronics
CUST03852,2022-05-26,8.15,Grocery
CUST03852,2024-09-20,41.35,Dining
CUST03852,2021-12-20,79.48,Dining
CUST03852,2021-09-13,24.93,Grocery
CUST03852,2024-03-16,22.7,Clothing
CUST03852,2023-12-25,54.5,Electronics
CUST03852,2024-10-14,9.75,Travel
CUST03852,2022-02-18,164.77,Clothing
CUST03852,2023-11-30,103.8,Grocery
CUST03852,2024-11-30,38.35,Electronics
CUST03852,2021-11-27,42.65,Grocery
CUST03852,2023-10-13,107.05,Travel
CUST03852,2023-03-12,9.67,Travel
CUST03852,2023-02-28,65.47,Travel
CUST03852,2023-10-11,149.49,Clothing
CUST03852,2022-04-22,96.71,Clothing
CUST03852,2025-05-06,53.8,Dining
CUST03852,2024-02-12,45.14,Grocery
CUST03852,2024-05-30,80.63,Travel
CUST03852,2024-03-29,96.8,Travel
CUST03852,2025-07-14,174.93,Travel
CUST03852,2024-07-25,70.75,Grocery
CUST03852,2024-03-26,53.28,Travel
CUST03852,2024-09-30,93.59,Clothing
CUST03852,2022-09-15,22.92,Travel
CUST03852,2024-09-03,36.1,Electronics
CUST03852,2023-04-10,190.07,Travel
CUST03852,2023-03-02,32.6,Grocery
CUST03852,2021-11-11,41.16,Grocery
CUST03852,2021-05-18,16.87,Grocery
CUST03852,2024-01-25,82.72,Electronics
CUST03852,2023-05-06,394.71,Travel
CUST03852,2025-05-08,25.45,Travel
CUST03852,2022-11-09,55.01,Grocery
CUST03852,2021-05-21,31.56,Grocery
CUST03852,2024-11-02,15.81,Dining
CUST03852,2025-04-28,49.06,Grocery
CUST03852,2023-12-13,21.91,Dining
CUST03852,2023-09-11,126.01,Grocery
CUST03853,2023-12-14,50.95,Travel
CUST03853,2024-07-25,156.28,Grocery
CUST03853,2023-11-10,51.88,Electronics
CUST03853,2023-10-27,145.07,Travel
CUST03853,2025-03-28,145.01,Grocery
CUST03853,2023-09-01,99.04,Electronics
CUST03853,2025-07-26,83.58,Electronics
CUST03853,2023-10-03,164.67,Travel
CUST03853,2023-03-24,78.71,Electronics
CUST03853,2022-12-22,221.06,Dining
CUST03853,2024-08-11,140.62,Grocery
CUST03853,2022-10-12,338.26,Clothing
CUST03853,2024-06-28,86.04,Electronics
CUST03853,2022-09-25,22.33,Grocery
CUST03853,2023-09-03,57.74,Grocery
CUST03853,2024-08-25,88.2,Dining
CUST03853,2024-08-06,48.58,Dining
CUST03853,2023-06-24,74.77,Grocery
CUST03853,2024-04-08,210.37,Grocery
CUST03853,2024-07-11,180.65,Electronics
CUST03853,2024-09-15,54.34,Electronics
CUST03853,2025-04-07,6.98,Clothing
CUST03853,2023-08-17,7.45,Grocery
CUST03853,2023-10-03,57.76,Clothing
CUST03853,2023-08-21,113.39,Clothing
CUST03853,2024-07-04,217.96,Clothing
CUST03853,2025-01-09,19.61,Clothing
CUST03853,2024-02-23,21.14,Dining
CUST03853,2022-12-04,34.9,Travel
CUST03853,2022-09-16,9.41,Grocery
CUST03853,2025-07-02,8.06,Clothing
CUST03853,2023-12-03,60.18,Clothing
CUST03853,2025-03-01,52.87,Grocery
CUST03853,2025-03-31,8.54,Electronics
CUST03853,2023-09-09,46.35,Travel
CUST03853,2024-05-03,38.41,Travel
CUST03853,2024-11-24,129.74,Dining
CUST03853,2025-01-21,10.02,Dining
CUST03853,2024-12-10,279.28,Electronics
CUST03853,2025-07-19,61.94,Electronics
CUST03853,2022-09-23,99.99,Clothing
CUST03853,2024-05-16,90.04,Clothing
CUST03853,2022-10-13,17.15,Electronics
CUST03853,2023-08-17,44.07,Electronics
CUST03853,2023-09-08,45.19,Dining
CUST03853,2022-08-18,120.25,Grocery
CUST03853,2023-02-20,25.58,Grocery
CUST03853,2024-04-20,35.88,Travel
CUST03853,2023-05-17,31.68,Electronics
CUST03853,2023-05-13,30.59,Dining
CUST03853,2023-07-23,284.45,Clothing
CUST03853,2024-05-09,25.55,Electronics
CUST03853,2023-01-06,50.29,Electronics
CUST03853,2024-02-03,34.45,Electronics
CUST03853,2025-05-24,76.1,Dining
CUST03853,2023-10-29,109.6,Electronics
CUST03853,2023-05-31,82.94,Electronics
CUST03853,2024-01-20,87.14,Dining
CUST03853,2023-07-27,28.02,Clothing
CUST03853,2023-06-20,93.1,Travel
CUST03853,2023-12-17,147.56,Dining
CUST03853,2024-04-13,136.19,Clothing
CUST03853,2024-08-17,13.05,Dining
CUST03853,2022-11-20,141.85,Dining
CUST03853,2024-11-03,53.13,Dining
CUST03853,2024-09-18,55.88,Electronics
CUST03853,2025-01-30,37.0,Dining
CUST03853,2022-09-03,29.36,Grocery
CUST03853,2023-11-09,13.66,Dining
CUST03853,2024-04-25,78.2,Dining
CUST03853,2023-07-04,10.49,Clothing
CUST03853,2023-06-01,53.49,Dining
CUST03853,2025-02-24,24.38,Dining
CUST03853,2024-07-27,259.33,Dining
CUST03853,2022-10-20,55.66,Travel
CUST03853,2025-02-07,66.01,Grocery
CUST03853,2025-01-15,5.04,Clothing
CUST03853,2025-05-17,80.47,Dining
CUST03853,2025-03-16,61.45,Grocery
CUST03853,2023-11-12,150.71,Clothing
CUST03853,2024-06-29,197.08,Grocery
CUST03853,2022-11-03,302.63,Travel
CUST03853,2023-02-13,6.77,Electronics
CUST03853,2024-02-03,38.1,Grocery
CUST03853,2024-11-02,35.3,Travel
CUST03853,2023-06-30,35.02,Clothing
CUST03853,2023-04-27,9.63,Clothing
CUST03853,2023-01-14,118.8,Dining
CUST03853,2025-03-01,67.98,Electronics
CUST03853,2025-01-08,179.99,Travel
CUST03853,2022-08-21,80.19,Travel
CUST03853,2023-10-10,185.86,Electronics
CUST03853,2023-06-15,107.9,Clothing
CUST03853,2023-09-13,193.71,Dining
CUST03853,2025-02-23,12.44,Grocery
CUST03853,2025-02-04,69.9,Grocery
CUST03853,2025-04-05,191.42,Electronics
CUST03853,2023-07-19,13.6,Electronics
CUST03853,2023-06-19,45.47,Clothing
CUST03853,2025-06-17,31.05,Clothing
CUST03853,2022-10-24,5.67,Clothing
CUST03853,2025-04-19,29.71,Electronics
CUST03853,2023-03-30,48.18,Clothing
CUST03853,2024-01-16,15.05,Grocery
CUST03853,2023-09-04,113.67,Grocery
CUST03853,2022-10-14,57.32,Grocery
CUST03853,2023-11-10,70.33,Dining
CUST03853,2023-03-18,9.86,Electronics
CUST03853,2025-07-31,106.02,Travel
CUST03854,2025-07-12,34.12,Clothing
CUST03854,2024-06-28,46.82,Travel
CUST03854,2025-02-16,194.99,Travel
CUST03854,2024-05-31,30.96,Clothing
CUST03854,2024-07-06,76.46,Grocery
CUST03854,2025-02-09,42.3,Grocery
CUST03854,2025-04-17,24.27,Clothing
CUST03854,2025-01-02,205.5,Dining
CUST03854,2025-06-09,81.22,Electronics
CUST03854,2024-09-12,10.94,Travel
CUST03854,2024-05-17,51.1,Grocery
CUST03854,2024-09-17,50.0,Electronics
CUST03854,2024-02-22,172.5,Clothing
CUST03854,2025-04-26,88.64,Dining
CUST03854,2024-10-30,228.3,Dining
CUST03854,2024-06-10,81.78,Electronics
CUST03854,2024-05-04,68.0,Travel
CUST03854,2025-05-05,187.19,Dining
CUST03854,2024-06-15,217.53,Grocery
CUST03854,2024-08-07,95.65,Travel
CUST03854,2024-07-14,80.36,Clothing
CUST03854,2024-12-22,83.06,Electronics
CUST03854,2025-03-04,45.16,Travel
CUST03854,2024-06-02,10.99,Travel
CUST03854,2025-04-30,164.85,Dining
CUST03854,2025-05-04,18.33,Clothing
CUST03854,2024-06-09,220.56,Electronics
CUST03854,2024-05-21,122.61,Electronics
CUST03854,2024-03-01,6.63,Travel
CUST03854,2024-12-07,142.93,Clothing
CUST03854,2025-04-22,8.77,Grocery
CUST03854,2024-07-14,50.88,Grocery
CUST03854,2025-06-25,11.55,Dining
CUST03854,2025-07-18,174.12,Dining
CUST03854,2025-06-23,51.55,Clothing
CUST03854,2024-07-30,36.79,Dining
CUST03854,2024-09-14,29.93,Electronics
CUST03854,2025-01-12,24.38,Clothing
CUST03854,2025-03-11,232.37,Electronics
CUST03854,2024-07-14,110.81,Travel
CUST03854,2024-10-19,73.36,Grocery
CUST03854,2024-08-31,78.0,Dining
CUST03854,2025-05-20,6.99,Electronics
CUST03854,2024-08-30,42.34,Travel
CUST03854,2025-06-01,148.85,Electronics
CUST03854,2025-02-15,28.69,Clothing
CUST03854,2025-06-25,5.37,Grocery
CUST03854,2024-09-10,53.21,Electronics
CUST03854,2024-02-21,82.32,Electronics
CUST03854,2024-12-03,214.19,Electronics
CUST03854,2024-06-10,212.03,Grocery
CUST03854,2025-05-14,20.46,Clothing
CUST03854,2024-10-07,74.32,Grocery
CUST03854,2024-11-16,24.96,Clothing
CUST03854,2024-03-17,167.33,Clothing
CUST03854,2025-05-18,73.71,Clothing
CUST03854,2025-05-17,67.93,Electronics
CUST03854,2024-03-17,162.47,Clothing
CUST03854,2024-05-12,25.26,Grocery
CUST03854,2025-06-23,8.43,Clothing
CUST03854,2024-06-17,100.35,Grocery
CUST03854,2024-11-04,58.72,Clothing
CUST03854,2025-07-07,6.01,Travel
CUST03854,2025-06-30,64.53,Electronics
CUST03854,2024-05-17,43.11,Grocery
CUST03854,2025-01-06,80.94,Clothing
CUST03854,2025-04-16,192.41,Dining
CUST03854,2025-02-27,252.35,Dining
CUST03854,2024-06-14,29.18,Grocery
CUST03854,2025-02-01,111.91,Travel
CUST03854,2025-01-29,56.6,Travel
CUST03854,2024-06-26,257.17,Grocery
CUST03854,2024-06-24,14.39,Travel
CUST03854,2025-04-09,394.19,Electronics
CUST03854,2025-01-01,225.48,Travel
CUST03854,2024-10-19,157.6,Grocery
CUST03854,2025-05-18,108.04,Clothing
CUST03854,2024-10-08,64.49,Dining
CUST03854,2025-07-25,256.82,Grocery
CUST03854,2025-07-23,90.28,Travel
CUST03854,2025-06-23,15.05,Clothing
CUST03854,2024-07-10,135.15,Dining
CUST03854,2024-11-13,30.97,Travel
CUST03854,2025-07-09,8.1,Clothing
CUST03854,2024-03-01,22.19,Electronics
CUST03854,2025-06-18,71.81,Travel
CUST03854,2024-09-15,41.61,Electronics
CUST03854,2025-06-10,74.37,Electronics
CUST03854,2025-06-09,148.98,Electronics
CUST03854,2024-10-16,10.66,Dining
CUST03854,2024-06-08,21.9,Travel
CUST03854,2025-07-17,152.13,Grocery
CUST03854,2025-03-04,17.87,Electronics
CUST03854,2024-07-17,47.59,Travel
CUST03854,2025-06-27,140.27,Travel
CUST03854,2025-04-04,123.12,Travel
CUST03854,2024-10-25,52.19,Grocery
CUST03854,2025-04-10,36.71,Grocery
CUST03854,2024-08-20,14.74,Grocery
CUST03854,2024-02-29,68.94,Grocery
CUST03854,2024-09-14,40.91,Dining
CUST03854,2025-02-11,104.94,Clothing
CUST03854,2025-07-25,60.24,Clothing
CUST03854,2024-08-16,48.43,Dining
CUST03854,2024-02-29,25.47,Travel
CUST03854,2025-05-08,7.72,Electronics
CUST03854,2024-04-04,109.19,Clothing
CUST03854,2024-07-27,135.76,Clothing
CUST03854,2025-04-14,26.06,Clothing
CUST03854,2024-11-16,22.5,Travel
CUST03854,2025-02-24,19.92,Grocery
CUST03855,2023-07-15,86.65,Clothing
CUST03855,2024-04-13,41.69,Dining
CUST03855,2020-11-20,66.93,Electronics
CUST03855,2021-11-06,42.49,Dining
CUST03855,2024-12-18,58.66,Travel
CUST03855,2025-05-14,194.97,Electronics
CUST03855,2022-03-24,6.55,Clothing
CUST03855,2021-12-08,150.67,Electronics
CUST03855,2021-09-30,15.06,Dining
CUST03855,2021-08-28,173.45,Travel
CUST03855,2021-09-28,15.42,Electronics
CUST03855,2022-01-27,32.21,Electronics
CUST03855,2022-03-05,136.82,Travel
CUST03855,2024-02-08,98.35,Grocery
CUST03855,2025-05-16,67.45,Dining
CUST03855,2025-05-04,84.29,Grocery
CUST03855,2023-03-04,5.38,Dining
CUST03855,2025-02-10,33.74,Grocery
CUST03855,2025-01-19,6.79,Grocery
CUST03855,2021-12-31,35.14,Electronics
CUST03855,2023-03-23,105.81,Dining
CUST03855,2025-05-26,63.87,Grocery
CUST03855,2021-07-29,267.97,Travel
CUST03855,2023-01-15,28.36,Grocery
CUST03855,2022-08-29,21.33,Travel
CUST03855,2022-12-23,8.51,Grocery
CUST03855,2022-04-04,79.6,Travel
CUST03855,2022-08-12,170.72,Grocery
CUST03855,2022-02-03,466.08,Travel
CUST03855,2021-04-29,167.31,Travel
CUST03855,2022-03-27,17.92,Dining
CUST03855,2024-12-11,202.77,Travel
CUST03855,2024-10-20,23.81,Dining
CUST03855,2024-02-20,23.23,Electronics
CUST03855,2025-01-05,32.19,Dining
CUST03855,2025-06-14,5.93,Grocery
CUST03855,2024-08-10,44.16,Dining
CUST03855,2025-07-05,29.1,Grocery
CUST03855,2021-10-14,115.82,Grocery
CUST03855,2023-02-17,177.99,Travel
CUST03855,2022-05-08,5.09,Electronics
CUST03855,2021-12-24,9.19,Dining
CUST03855,2021-01-15,10.35,Electronics
CUST03855,2025-04-13,114.18,Grocery
CUST03855,2023-11-30,11.74,Dining
CUST03855,2023-06-23,15.26,Grocery
CUST03855,2022-08-04,33.88,Dining
CUST03855,2024-08-13,23.37,Dining
CUST03855,2022-11-17,79.01,Dining
CUST03855,2021-03-01,19.53,Grocery
CUST03855,2021-11-13,97.58,Electronics
CUST03855,2022-01-10,12.88,Grocery
CUST03855,2024-03-13,7.16,Electronics
CUST03855,2023-11-10,128.86,Travel
CUST03855,2021-11-06,256.87,Electronics
CUST03855,2023-09-24,112.84,Travel
CUST03855,2023-10-25,79.06,Clothing
CUST03855,2024-02-24,72.11,Grocery
CUST03855,2023-06-24,30.13,Travel
CUST03855,2025-03-23,23.97,Electronics
CUST03855,2021-09-08,234.33,Grocery
CUST03855,2024-04-13,299.89,Dining
CUST03855,2022-08-27,31.59,Travel
CUST03855,2021-07-22,99.67,Electronics
CUST03855,2021-01-11,108.9,Clothing
CUST03855,2020-12-15,119.33,Dining
CUST03855,2022-09-03,32.64,Travel
CUST03855,2025-05-16,150.11,Clothing
CUST03855,2022-07-04,11.32,Dining
CUST03855,2024-06-29,21.08,Travel
CUST03855,2023-07-30,26.22,Clothing
CUST03855,2020-12-28,77.29,Clothing
CUST03855,2022-07-01,82.31,Grocery
CUST03855,2022-04-26,66.29,Dining
CUST03855,2024-08-04,11.71,Grocery
CUST03855,2023-07-02,59.56,Travel
CUST03855,2023-02-05,35.7,Electronics
CUST03855,2024-11-30,27.08,Clothing
CUST03855,2023-08-02,85.25,Grocery
CUST03855,2022-11-02,43.59,Travel
CUST03855,2024-04-21,132.86,Grocery
CUST03855,2023-06-17,147.03,Grocery
CUST03855,2024-07-03,306.33,Travel
CUST03855,2023-07-24,33.18,Travel
CUST03855,2020-11-14,58.86,Dining
CUST03855,2021-04-06,20.79,Electronics
CUST03855,2024-07-16,35.34,Dining
CUST03855,2023-04-03,28.01,Dining
CUST03855,2022-09-28,19.98,Grocery
CUST03855,2025-02-15,11.56,Electronics
CUST03855,2023-11-29,35.98,Clothing
CUST03855,2023-09-20,78.6,Grocery
CUST03855,2021-10-04,57.73,Clothing
CUST03855,2024-07-28,104.3,Dining
CUST03855,2022-10-10,44.78,Clothing
CUST03855,2021-01-20,42.5,Travel
CUST03855,2024-12-20,8.26,Electronics
CUST03855,2020-10-25,280.95,Travel
CUST03855,2024-10-09,13.12,Travel
CUST03855,2025-02-26,5.57,Travel
CUST03855,2024-05-28,54.92,Grocery
CUST03855,2022-02-24,206.77,Clothing
CUST03855,2023-11-26,46.3,Clothing
CUST03855,2021-03-09,33.1,Dining
CUST03855,2023-07-08,183.13,Dining
CUST03855,2022-03-01,121.93,Travel
CUST03855,2024-07-15,67.37,Grocery
CUST03855,2023-05-25,44.68,Dining
CUST03855,2024-06-16,88.96,Grocery
CUST03856,2024-07-21,305.25,Grocery
CUST03856,2024-05-09,43.59,Clothing
CUST03856,2024-12-01,115.74,Grocery
CUST03856,2024-09-13,243.96,Dining
CUST03856,2025-04-30,182.72,Clothing
CUST03856,2025-06-15,451.53,Clothing
CUST03856,2025-03-31,101.29,Travel
CUST03856,2025-05-29,25.08,Electronics
CUST03856,2025-06-17,40.04,Clothing
CUST03856,2025-03-20,91.57,Electronics
CUST03856,2024-05-26,61.0,Clothing
CUST03856,2025-04-08,6.54,Travel
CUST03856,2024-12-17,54.97,Clothing
CUST03856,2025-05-07,35.5,Travel
CUST03856,2024-11-06,46.93,Grocery
CUST03856,2024-08-09,121.17,Dining
CUST03856,2024-12-13,72.79,Grocery
CUST03856,2024-10-05,191.74,Clothing
CUST03856,2025-01-17,55.49,Dining
CUST03856,2024-06-06,16.69,Travel
CUST03856,2024-09-23,78.48,Grocery
CUST03856,2025-07-15,150.84,Travel
CUST03856,2025-01-18,116.81,Electronics
CUST03856,2024-12-31,31.34,Clothing
CUST03856,2025-04-11,80.58,Clothing
CUST03856,2024-12-22,63.14,Dining
CUST03856,2024-06-23,18.64,Travel
CUST03856,2025-07-29,270.0,Dining
CUST03856,2025-05-13,306.2,Travel
CUST03856,2025-01-18,177.3,Travel
CUST03856,2025-06-06,7.02,Dining
CUST03856,2024-07-27,29.8,Electronics
CUST03856,2024-07-19,103.69,Travel
CUST03856,2025-07-17,13.28,Electronics
CUST03856,2025-05-29,12.98,Clothing
CUST03856,2024-05-17,171.61,Clothing
CUST03856,2025-02-26,120.23,Electronics
CUST03856,2024-06-20,17.62,Electronics
CUST03856,2024-06-07,35.08,Grocery
CUST03856,2024-08-13,48.37,Dining
CUST03856,2025-07-29,17.98,Travel
CUST03856,2024-11-26,130.45,Electronics
CUST03856,2024-06-19,63.75,Travel
CUST03856,2025-04-29,7.78,Electronics
CUST03856,2024-11-24,6.25,Electronics
CUST03856,2025-07-18,22.15,Grocery
CUST03856,2024-05-28,19.24,Dining
CUST03856,2024-05-12,43.21,Electronics
CUST03856,2025-06-07,15.4,Clothing
CUST03856,2024-07-11,39.42,Electronics
CUST03856,2024-06-03,42.98,Electronics
CUST03856,2025-02-04,236.91,Travel
CUST03856,2025-07-01,210.89,Travel
CUST03856,2024-04-01,18.17,Clothing
CUST03856,2024-12-21,39.99,Clothing
CUST03856,2024-04-22,36.57,Grocery
CUST03856,2024-05-27,113.65,Dining
CUST03856,2024-05-13,86.08,Clothing
CUST03856,2025-01-09,6.27,Travel
CUST03856,2025-02-09,59.86,Travel
CUST03856,2025-07-08,222.29,Electronics
CUST03856,2025-07-27,101.67,Electronics
CUST03856,2025-01-11,63.95,Travel
CUST03856,2025-03-27,49.42,Grocery
CUST03856,2024-04-02,36.99,Electronics
CUST03856,2024-05-31,171.85,Dining
CUST03856,2025-01-04,37.95,Travel
CUST03856,2024-04-08,86.48,Clothing
CUST03856,2025-02-25,123.4,Clothing
CUST03856,2024-11-28,68.48,Clothing
CUST03856,2025-02-28,49.69,Travel
CUST03856,2024-08-12,25.45,Clothing
CUST03856,2024-11-18,110.29,Travel
CUST03856,2024-06-18,60.76,Grocery
CUST03856,2024-09-14,104.55,Travel
CUST03856,2024-07-26,107.45,Electronics
CUST03856,2025-06-27,8.24,Grocery
CUST03856,2025-06-23,28.97,Electronics
CUST03856,2025-04-10,232.65,Travel
CUST03856,2025-02-08,36.23,Travel
CUST03856,2025-04-02,7.02,Dining
CUST03856,2024-08-18,175.95,Electronics
CUST03856,2024-09-16,25.58,Electronics
CUST03856,2025-06-17,11.21,Travel
CUST03856,2025-01-12,9.98,Clothing
CUST03856,2024-11-30,63.38,Dining
CUST03856,2024-10-11,52.56,Travel
CUST03856,2024-06-12,165.25,Electronics
CUST03856,2025-04-25,142.64,Travel
CUST03856,2024-11-30,190.57,Electronics
CUST03856,2024-09-28,274.75,Travel
CUST03856,2025-04-12,95.92,Grocery
CUST03856,2024-07-31,116.08,Dining
CUST03856,2024-07-11,102.26,Clothing
CUST03856,2025-03-23,76.47,Dining
CUST03856,2025-03-26,205.9,Travel
CUST03856,2024-09-06,100.61,Electronics
CUST03856,2024-08-17,375.16,Electronics
CUST03856,2024-07-17,109.86,Electronics
CUST03856,2024-07-12,65.43,Grocery
CUST03856,2024-04-26,204.5,Clothing
CUST03856,2024-09-23,75.51,Travel
CUST03856,2025-04-24,27.29,Electronics
CUST03856,2024-05-03,168.91,Clothing
CUST03856,2025-02-12,100.12,Travel
CUST03856,2025-02-28,105.13,Clothing
CUST03856,2024-05-19,100.99,Clothing
CUST03856,2025-02-04,26.35,Grocery
CUST03856,2024-07-27,40.79,Electronics
CUST03856,2025-02-21,23.6,Grocery
CUST03857,2025-07-30,54.72,Electronics
CUST03857,2025-07-29,65.69,Grocery
CUST03857,2025-07-29,221.86,Grocery
CUST03857,2025-07-31,169.57,Clothing
CUST03857,2025-07-31,148.57,Electronics
CUST03857,2025-07-29,112.55,Electronics
CUST03857,2025-07-29,19.57,Dining
CUST03857,2025-07-29,126.11,Clothing
CUST03857,2025-08-01,229.02,Dining
CUST03857,2025-08-01,58.53,Dining
CUST03857,2025-07-29,109.45,Travel
CUST03857,2025-07-31,120.53,Grocery
CUST03857,2025-07-30,164.35,Electronics
CUST03857,2025-07-30,49.25,Electronics
CUST03857,2025-07-31,18.17,Electronics
CUST03857,2025-07-30,39.37,Clothing
CUST03857,2025-08-01,241.12,Clothing
CUST03857,2025-07-30,142.42,Clothing
CUST03857,2025-07-30,245.78,Clothing
CUST03857,2025-07-30,30.03,Dining
CUST03857,2025-07-30,8.76,Travel
CUST03857,2025-07-29,128.74,Dining
CUST03857,2025-08-01,46.77,Electronics
CUST03857,2025-08-01,425.97,Electronics
CUST03857,2025-07-30,122.02,Travel
CUST03857,2025-07-29,117.58,Electronics
CUST03857,2025-07-31,142.55,Dining
CUST03857,2025-07-30,206.15,Grocery
CUST03857,2025-07-31,144.16,Grocery
CUST03857,2025-07-30,8.64,Grocery
CUST03857,2025-07-30,158.19,Electronics
CUST03857,2025-08-01,52.17,Electronics
CUST03857,2025-07-29,16.29,Electronics
CUST03857,2025-07-29,499.15,Clothing
CUST03857,2025-07-31,103.11,Travel
CUST03857,2025-08-01,12.27,Clothing
CUST03857,2025-08-01,15.97,Clothing
CUST03857,2025-07-29,41.66,Travel
CUST03857,2025-07-29,138.69,Electronics
CUST03857,2025-07-29,114.57,Clothing
CUST03857,2025-07-31,325.21,Dining
CUST03857,2025-08-01,52.82,Travel
CUST03857,2025-07-29,12.84,Electronics
CUST03857,2025-08-01,107.46,Clothing
CUST03857,2025-07-31,9.81,Dining
CUST03857,2025-07-31,127.18,Travel
CUST03857,2025-07-30,33.46,Clothing
CUST03857,2025-08-01,49.38,Clothing
CUST03857,2025-07-31,97.52,Grocery
CUST03857,2025-07-31,33.29,Travel
CUST03857,2025-07-30,113.3,Travel
CUST03857,2025-07-31,9.99,Travel
CUST03857,2025-07-31,58.79,Clothing
CUST03857,2025-08-01,77.32,Dining
CUST03857,2025-07-29,228.24,Electronics
CUST03857,2025-07-29,9.84,Travel
CUST03857,2025-08-01,361.73,Dining
CUST03857,2025-07-29,40.74,Grocery
CUST03857,2025-08-01,42.38,Clothing
CUST03857,2025-07-29,16.09,Dining
CUST03857,2025-08-01,34.61,Travel
CUST03857,2025-08-01,25.45,Clothing
CUST03857,2025-07-31,77.26,Electronics
CUST03857,2025-07-31,33.46,Clothing
CUST03857,2025-07-30,160.01,Dining
CUST03857,2025-08-01,19.94,Grocery
CUST03857,2025-08-01,330.9,Travel
CUST03857,2025-07-31,82.65,Dining
CUST03857,2025-07-29,38.48,Grocery
CUST03857,2025-07-31,81.72,Dining
CUST03857,2025-07-29,351.53,Electronics
CUST03857,2025-07-30,16.73,Electronics
CUST03857,2025-08-01,257.31,Clothing
CUST03857,2025-08-01,10.34,Electronics
CUST03857,2025-07-29,38.59,Dining
CUST03857,2025-07-31,133.71,Dining
CUST03858,2024-03-12,99.47,Grocery
CUST03858,2024-12-04,88.73,Travel
CUST03858,2023-01-05,95.58,Clothing
CUST03858,2024-02-15,78.3,Electronics
CUST03858,2024-10-24,66.37,Travel
CUST03858,2023-06-16,9.17,Grocery
CUST03858,2023-01-17,87.95,Electronics
CUST03858,2023-03-15,46.19,Travel
CUST03858,2024-07-12,44.78,Clothing
CUST03858,2023-06-20,213.01,Electronics
CUST03858,2023-01-11,127.58,Travel
CUST03858,2025-05-04,64.61,Clothing
CUST03858,2024-02-24,25.43,Dining
CUST03858,2023-05-21,120.97,Clothing
CUST03858,2024-07-23,267.07,Electronics
CUST03858,2024-12-15,100.63,Electronics
CUST03858,2024-06-10,105.56,Grocery
CUST03858,2024-03-19,49.89,Electronics
CUST03858,2023-04-17,21.65,Dining
CUST03858,2024-01-16,102.39,Electronics
CUST03858,2024-11-22,148.25,Clothing
CUST03858,2025-06-06,120.51,Clothing
CUST03858,2022-10-21,72.83,Electronics
CUST03858,2023-06-16,114.81,Electronics
CUST03858,2022-10-01,16.19,Dining
CUST03858,2023-08-07,49.13,Travel
CUST03858,2023-06-10,43.2,Travel
CUST03858,2025-03-07,66.53,Clothing
CUST03858,2023-12-27,16.6,Dining
CUST03858,2025-04-20,49.45,Dining
CUST03858,2025-01-21,91.83,Travel
CUST03858,2024-09-25,26.8,Travel
CUST03858,2023-07-21,218.12,Travel
CUST03858,2024-03-29,5.23,Clothing
CUST03858,2024-10-19,19.02,Electronics
CUST03858,2022-12-10,17.49,Travel
CUST03858,2024-10-25,118.24,Electronics
CUST03858,2023-01-01,212.58,Electronics
CUST03858,2023-11-27,8.3,Clothing
CUST03858,2024-01-14,56.43,Dining
CUST03858,2025-05-07,8.76,Dining
CUST03858,2024-05-07,7.37,Clothing
CUST03858,2025-02-15,39.76,Electronics
CUST03858,2025-05-22,13.75,Grocery
CUST03858,2023-10-24,152.54,Electronics
CUST03858,2025-06-05,23.82,Travel
CUST03858,2022-11-07,191.16,Travel
CUST03858,2023-05-14,17.59,Electronics
CUST03858,2023-09-29,82.12,Travel
CUST03858,2022-09-13,42.44,Dining
CUST03858,2023-10-03,181.9,Grocery
CUST03858,2024-05-14,270.0,Travel
CUST03858,2023-09-04,46.97,Dining
CUST03858,2024-11-14,41.98,Travel
CUST03858,2024-06-04,20.67,Grocery
CUST03858,2025-02-07,85.35,Clothing
CUST03858,2024-04-30,48.92,Travel
CUST03858,2024-11-27,73.07,Grocery
CUST03858,2024-09-30,165.47,Travel
CUST03858,2025-03-02,155.61,Electronics
CUST03858,2023-11-27,58.7,Clothing
CUST03858,2023-09-03,11.53,Grocery
CUST03858,2024-01-19,21.22,Clothing
CUST03858,2023-11-21,29.42,Grocery
CUST03858,2023-08-15,31.26,Grocery
CUST03858,2025-05-04,84.23,Dining
CUST03858,2024-09-21,37.4,Travel
CUST03858,2025-04-08,52.57,Clothing
CUST03858,2023-03-29,48.2,Grocery
CUST03858,2024-05-26,29.66,Clothing
CUST03858,2024-04-13,92.43,Clothing
CUST03858,2022-11-23,55.46,Electronics
CUST03858,2025-01-31,23.19,Travel
CUST03858,2024-07-14,28.0,Clothing
CUST03858,2025-02-11,82.61,Dining
CUST03858,2022-09-16,49.85,Dining
CUST03858,2023-08-14,20.12,Dining
CUST03858,2024-12-01,252.59,Clothing
CUST03858,2024-09-19,7.25,Electronics
CUST03858,2023-02-26,79.17,Electronics
CUST03858,2023-08-14,9.3,Clothing
CUST03858,2023-02-06,128.07,Electronics
CUST03858,2023-02-06,47.72,Dining
CUST03858,2023-12-09,8.02,Clothing
CUST03858,2022-10-05,98.71,Clothing
CUST03858,2024-12-02,287.79,Dining
CUST03858,2025-04-04,115.53,Clothing
CUST03858,2025-06-30,153.25,Electronics
CUST03858,2023-07-03,21.19,Grocery
CUST03858,2024-06-23,9.96,Clothing
CUST03858,2023-09-19,29.86,Dining
CUST03858,2023-01-17,10.51,Travel
CUST03858,2022-09-17,167.55,Clothing
CUST03858,2023-03-31,57.09,Clothing
CUST03858,2023-07-16,30.98,Travel
CUST03858,2025-05-09,7.61,Travel
CUST03858,2024-09-02,181.28,Grocery
CUST03858,2024-05-29,66.61,Grocery
CUST03858,2024-06-16,36.71,Dining
CUST03858,2025-02-16,56.73,Dining
CUST03858,2022-10-03,41.58,Travel
CUST03858,2023-12-15,41.54,Electronics
CUST03858,2025-06-24,25.0,Dining
CUST03859,2023-10-18,8.87,Clothing
CUST03859,2024-10-21,42.66,Travel
CUST03859,2024-05-27,56.46,Dining
CUST03859,2023-10-17,38.78,Travel
CUST03859,2025-01-30,76.4,Electronics
CUST03859,2023-10-05,34.53,Electronics
CUST03859,2025-05-20,66.5,Grocery
CUST03859,2025-04-07,17.33,Dining
CUST03859,2024-05-27,225.3,Grocery
CUST03859,2025-01-26,37.15,Grocery
CUST03859,2023-12-01,70.13,Grocery
CUST03859,2024-03-29,16.45,Electronics
CUST03859,2023-11-24,77.85,Travel
CUST03859,2024-03-22,315.98,Grocery
CUST03859,2024-04-12,19.44,Clothing
CUST03859,2025-07-13,30.1,Grocery
CUST03859,2025-01-13,50.2,Electronics
CUST03859,2025-02-21,53.9,Electronics
CUST03859,2025-05-31,23.65,Electronics
CUST03859,2024-01-19,79.74,Electronics
CUST03859,2024-07-08,88.45,Electronics
CUST03859,2024-12-09,68.93,Electronics
CUST03859,2025-01-28,64.84,Travel
CUST03859,2024-08-29,189.17,Electronics
CUST03859,2024-04-09,26.91,Travel
CUST03859,2025-05-28,107.8,Grocery
CUST03859,2023-09-07,53.72,Dining
CUST03859,2023-08-21,16.89,Dining
CUST03859,2024-09-18,42.53,Electronics
CUST03859,2025-05-30,29.45,Grocery
CUST03859,2023-08-29,87.41,Clothing
CUST03859,2023-12-30,79.67,Clothing
CUST03859,2025-07-26,287.5,Clothing
CUST03859,2024-11-04,30.84,Clothing
CUST03859,2024-12-29,101.52,Dining
CUST03859,2024-04-03,36.68,Travel
CUST03859,2024-06-13,92.27,Travel
CUST03859,2024-01-31,106.55,Travel
CUST03859,2024-02-04,72.81,Clothing
CUST03859,2024-09-15,55.48,Grocery
CUST03859,2025-02-08,39.11,Dining
CUST03859,2024-04-26,152.04,Dining
CUST03859,2025-07-30,200.26,Clothing
CUST03859,2024-11-28,181.11,Travel
CUST03859,2024-08-30,182.38,Grocery
CUST03859,2025-07-23,41.17,Clothing
CUST03859,2023-11-21,8.64,Grocery
CUST03859,2024-10-14,187.92,Clothing
CUST03859,2024-11-27,15.75,Grocery
CUST03859,2024-09-10,62.43,Travel
CUST03859,2023-12-23,11.42,Dining
CUST03859,2024-06-03,142.19,Dining
CUST03859,2024-05-27,129.32,Travel
CUST03859,2024-04-18,72.9,Clothing
CUST03859,2023-10-13,95.85,Electronics
CUST03859,2025-02-16,33.23,Grocery
CUST03859,2025-04-30,295.34,Electronics
CUST03859,2024-03-04,77.53,Grocery
CUST03859,2025-05-08,150.8,Electronics
CUST03859,2025-07-26,82.29,Clothing
CUST03859,2024-02-05,80.07,Grocery
CUST03859,2024-11-09,5.57,Electronics
CUST03859,2024-08-04,96.91,Travel
CUST03859,2024-05-01,21.7,Travel
CUST03859,2023-10-02,217.27,Dining
CUST03859,2023-09-21,53.8,Electronics
CUST03859,2025-05-08,29.15,Clothing
CUST03859,2024-10-19,176.12,Electronics
CUST03859,2023-10-24,147.44,Grocery
CUST03859,2025-03-27,281.13,Clothing
CUST03859,2024-10-07,31.5,Clothing
CUST03859,2025-01-10,51.96,Dining
CUST03859,2025-07-07,97.79,Dining
CUST03859,2024-12-07,246.98,Grocery
CUST03859,2023-12-11,10.17,Grocery
CUST03859,2025-04-24,16.65,Travel
CUST03859,2024-11-30,97.91,Electronics
CUST03859,2024-10-08,65.6,Clothing
CUST03859,2024-12-03,17.03,Grocery
CUST03859,2024-04-29,53.29,Electronics
CUST03859,2024-08-26,13.3,Electronics
CUST03859,2023-12-20,7.59,Grocery
CUST03859,2025-01-28,27.06,Electronics
CUST03859,2025-04-20,45.98,Clothing
CUST03859,2025-02-03,118.4,Clothing
CUST03859,2024-11-04,152.17,Clothing
CUST03859,2024-03-20,116.78,Electronics
CUST03859,2025-02-13,136.69,Clothing
CUST03859,2025-05-18,19.37,Electronics
CUST03859,2024-11-30,28.53,Dining
CUST03859,2025-02-18,177.12,Dining
CUST03859,2025-02-16,178.34,Grocery
CUST03859,2024-05-29,129.78,Dining
CUST03859,2023-11-08,43.38,Dining
CUST03859,2024-01-07,7.4,Grocery
CUST03859,2024-11-28,69.15,Electronics
CUST03859,2024-10-18,55.6,Grocery
CUST03859,2025-02-04,95.47,Travel
CUST03860,2024-12-15,56.53,Grocery
CUST03860,2025-04-23,108.64,Dining
CUST03860,2025-01-19,18.92,Dining
CUST03860,2025-04-11,55.14,Grocery
CUST03860,2025-06-08,14.53,Clothing
CUST03860,2024-12-09,237.41,Clothing
CUST03860,2025-04-27,200.51,Dining
CUST03860,2025-04-16,391.29,Travel
CUST03860,2025-01-23,94.51,Travel
CUST03860,2024-12-13,122.97,Electronics
CUST03860,2025-06-13,12.64,Electronics
CUST03860,2025-06-23,108.99,Dining
CUST03860,2025-04-24,14.35,Dining
CUST03860,2025-04-30,7.58,Travel
CUST03860,2025-06-20,39.11,Travel
CUST03860,2024-12-04,203.97,Travel
CUST03860,2024-12-30,45.96,Grocery
CUST03860,2025-02-01,186.04,Clothing
CUST03860,2024-12-16,14.08,Electronics
CUST03860,2025-04-25,150.33,Dining
CUST03860,2025-04-24,164.45,Travel
CUST03860,2025-06-15,68.1,Electronics
CUST03860,2025-05-17,80.51,Dining
CUST03860,2025-02-16,18.77,Travel
CUST03860,2025-02-08,191.59,Grocery
CUST03860,2025-04-03,47.13,Clothing
CUST03860,2025-04-11,132.59,Dining
CUST03860,2025-04-14,6.64,Grocery
CUST03860,2025-05-31,38.84,Grocery
CUST03860,2025-05-28,17.17,Dining
CUST03860,2025-02-28,12.72,Dining
CUST03860,2025-05-23,12.63,Clothing
CUST03860,2025-02-27,49.8,Electronics
CUST03860,2025-01-17,28.74,Clothing
CUST03860,2024-12-16,152.3,Dining
CUST03860,2024-11-26,60.36,Travel
CUST03860,2025-02-23,75.03,Clothing
CUST03860,2025-06-30,158.52,Grocery
CUST03860,2025-06-10,32.9,Clothing
CUST03860,2025-06-05,111.27,Grocery
CUST03860,2025-06-20,110.32,Clothing
CUST03860,2025-04-30,102.77,Electronics
CUST03860,2025-06-11,34.09,Dining
CUST03860,2024-12-06,28.29,Clothing
CUST03860,2025-03-06,148.59,Grocery
CUST03860,2025-03-30,126.87,Dining
CUST03860,2025-04-14,36.79,Electronics
CUST03860,2025-06-11,538.54,Travel
CUST03860,2025-07-14,260.42,Dining
CUST03860,2025-07-08,72.73,Grocery
CUST03860,2025-01-07,295.25,Clothing
CUST03860,2025-07-09,29.12,Electronics
CUST03860,2024-12-01,134.85,Travel
CUST03860,2025-04-27,23.27,Clothing
CUST03860,2025-03-31,29.55,Dining
CUST03860,2025-02-09,14.53,Travel
CUST03860,2024-11-29,19.88,Travel
CUST03860,2024-12-03,49.35,Clothing
CUST03860,2025-06-12,41.4,Electronics
CUST03860,2025-04-27,49.75,Travel
CUST03860,2024-12-10,114.47,Grocery
CUST03860,2025-04-15,47.58,Electronics
CUST03860,2025-02-14,34.79,Travel
CUST03860,2025-01-21,27.36,Dining
CUST03860,2024-12-09,51.24,Travel
CUST03860,2024-12-16,197.91,Clothing
CUST03860,2025-04-13,150.49,Travel
CUST03860,2025-01-17,45.95,Grocery
CUST03860,2025-06-04,685.04,Electronics
CUST03860,2024-12-04,39.48,Electronics
CUST03860,2025-03-20,19.63,Dining
CUST03860,2025-05-02,104.95,Electronics
CUST03860,2024-12-29,40.69,Electronics
CUST03860,2025-03-11,115.01,Clothing
CUST03860,2025-02-03,14.22,Dining
CUST03860,2025-03-23,182.96,Electronics
CUST03860,2025-04-14,129.22,Travel
CUST03860,2025-06-04,344.84,Clothing
CUST03860,2025-03-03,36.76,Electronics
CUST03860,2025-06-03,33.88,Clothing
CUST03860,2025-02-13,99.08,Electronics
CUST03860,2025-05-26,18.32,Electronics
CUST03860,2024-12-08,30.88,Travel
CUST03860,2024-12-01,63.91,Electronics
CUST03860,2024-12-29,41.2,Dining
CUST03860,2024-12-26,82.37,Clothing
CUST03860,2025-07-01,57.56,Grocery
CUST03860,2025-01-21,58.75,Electronics
CUST03860,2025-03-13,103.29,Clothing
CUST03860,2025-07-13,82.89,Travel
CUST03860,2025-04-15,44.76,Travel
CUST03860,2025-05-15,158.38,Travel
CUST03860,2025-05-08,8.23,Electronics
CUST03861,2022-06-17,53.79,Grocery
CUST03861,2025-07-08,130.65,Clothing
CUST03861,2025-05-20,86.45,Dining
CUST03861,2024-06-08,33.01,Clothing
CUST03861,2024-02-07,28.38,Dining
CUST03861,2023-02-26,110.68,Clothing
CUST03861,2023-03-04,25.68,Clothing
CUST03861,2024-09-04,124.53,Electronics
CUST03861,2022-04-10,122.59,Dining
CUST03861,2022-11-17,225.33,Travel
CUST03861,2020-12-31,16.59,Travel
CUST03861,2022-06-24,128.18,Dining
CUST03861,2021-01-08,104.46,Dining
CUST03861,2023-10-04,5.59,Grocery
CUST03861,2025-07-02,61.96,Travel
CUST03861,2023-01-12,107.06,Clothing
CUST03861,2024-06-21,11.84,Clothing
CUST03861,2022-01-22,71.22,Dining
CUST03861,2021-04-22,62.23,Travel
CUST03861,2023-01-07,20.29,Electronics
CUST03861,2022-08-07,9.51,Grocery
CUST03861,2022-12-09,6.39,Clothing
CUST03861,2023-08-21,30.54,Clothing
CUST03861,2024-11-24,10.11,Clothing
CUST03861,2023-10-17,99.0,Grocery
CUST03861,2024-01-17,228.49,Dining
CUST03861,2025-05-27,51.47,Grocery
CUST03861,2022-09-25,316.18,Grocery
CUST03861,2020-12-16,59.78,Electronics
CUST03861,2023-04-03,247.33,Clothing
CUST03861,2020-12-26,196.95,Grocery
CUST03861,2024-07-24,61.49,Electronics
CUST03861,2025-07-26,12.45,Electronics
CUST03861,2025-01-17,165.84,Grocery
CUST03861,2020-09-18,11.05,Travel
CUST03861,2023-04-30,39.88,Electronics
CUST03861,2022-11-01,18.86,Grocery
CUST03861,2024-11-01,47.19,Clothing
CUST03861,2022-06-22,107.16,Dining
CUST03861,2025-02-03,113.76,Clothing
CUST03861,2021-05-07,47.5,Dining
CUST03861,2024-01-10,60.09,Electronics
CUST03861,2024-07-05,50.2,Dining
CUST03861,2023-02-05,193.02,Electronics
CUST03861,2024-04-13,13.83,Dining
CUST03861,2022-04-02,57.78,Dining
CUST03861,2021-10-29,43.68,Dining
CUST03861,2021-11-29,31.11,Electronics
CUST03861,2021-06-27,37.7,Travel
CUST03861,2023-03-17,41.76,Dining
CUST03861,2022-04-21,25.06,Dining
CUST03861,2022-12-25,170.26,Grocery
CUST03861,2023-05-21,101.23,Travel
CUST03861,2024-02-28,69.11,Grocery
CUST03861,2021-09-25,109.81,Clothing
CUST03861,2023-01-22,194.43,Grocery
CUST03861,2023-02-19,12.62,Dining
CUST03861,2022-12-07,27.5,Dining
CUST03861,2022-10-28,48.93,Electronics
CUST03861,2025-06-14,72.99,Clothing
CUST03861,2023-06-11,320.44,Grocery
CUST03861,2020-11-29,41.3,Grocery
CUST03861,2024-05-09,92.12,Dining
CUST03861,2021-09-28,124.38,Travel
CUST03861,2025-03-04,43.56,Clothing
CUST03861,2023-12-30,5.58,Travel
CUST03861,2023-07-03,49.74,Electronics
CUST03861,2021-04-03,7.05,Dining
CUST03861,2021-07-10,23.99,Electronics
CUST03861,2022-06-05,91.5,Electronics
CUST03861,2022-06-28,28.97,Dining
CUST03861,2024-05-03,77.43,Dining
CUST03861,2021-09-22,263.83,Electronics
CUST03861,2025-03-09,154.16,Electronics
CUST03861,2023-05-14,58.84,Clothing
CUST03861,2023-01-01,223.69,Electronics
CUST03861,2021-11-24,93.21,Dining
CUST03861,2025-01-20,7.06,Electronics
CUST03861,2024-11-10,20.57,Dining
CUST03861,2025-03-22,127.31,Dining
CUST03861,2023-08-30,197.42,Grocery
CUST03861,2022-01-07,185.03,Travel
CUST03861,2021-06-15,9.72,Electronics
CUST03861,2024-02-24,89.99,Grocery
CUST03861,2023-05-05,6.18,Grocery
CUST03861,2023-11-17,68.92,Electronics
CUST03861,2023-09-05,37.86,Travel
CUST03861,2024-05-22,8.39,Electronics
CUST03861,2023-06-16,42.53,Dining
CUST03862,2024-11-08,22.36,Electronics
CUST03862,2023-08-01,29.78,Clothing
CUST03862,2025-07-22,118.19,Dining
CUST03862,2025-04-02,29.87,Grocery
CUST03862,2025-07-23,16.15,Clothing
CUST03862,2025-06-07,34.7,Dining
CUST03862,2023-05-07,20.23,Clothing
CUST03862,2022-12-20,87.43,Dining
CUST03862,2023-11-07,68.77,Dining
CUST03862,2023-10-23,19.75,Travel
CUST03862,2025-04-05,46.29,Grocery
CUST03862,2025-05-25,48.79,Electronics
CUST03862,2024-06-20,9.2,Electronics
CUST03862,2025-03-18,131.88,Dining
CUST03862,2024-05-18,40.56,Travel
CUST03862,2023-04-27,47.42,Clothing
CUST03862,2024-12-09,187.37,Dining
CUST03862,2024-05-31,238.71,Grocery
CUST03862,2024-09-23,76.52,Dining
CUST03862,2024-01-26,20.7,Grocery
CUST03862,2025-04-06,117.23,Travel
CUST03862,2023-10-18,25.22,Grocery
CUST03862,2023-02-04,80.77,Dining
CUST03862,2023-04-14,38.96,Travel
CUST03862,2024-07-28,100.05,Grocery
CUST03862,2023-06-07,26.58,Electronics
CUST03862,2024-07-04,185.58,Travel
CUST03862,2023-02-24,57.46,Grocery
CUST03862,2022-11-27,244.64,Grocery
CUST03862,2023-04-30,35.26,Dining
CUST03862,2024-05-01,34.36,Travel
CUST03862,2025-04-12,40.43,Dining
CUST03862,2024-02-23,124.04,Clothing
CUST03862,2023-01-13,56.22,Clothing
CUST03862,2023-09-11,175.84,Clothing
CUST03862,2025-02-19,89.35,Clothing
CUST03862,2023-05-12,129.13,Electronics
CUST03862,2023-08-15,142.81,Travel
CUST03862,2023-11-26,52.71,Electronics
CUST03862,2025-06-09,95.7,Clothing
CUST03862,2025-06-21,5.38,Travel
CUST03862,2023-11-30,37.98,Travel
CUST03862,2023-03-27,258.47,Travel
CUST03862,2025-05-15,82.04,Grocery
CUST03862,2023-11-03,56.48,Clothing
CUST03862,2025-05-03,14.49,Travel
CUST03862,2023-11-14,8.47,Dining
CUST03862,2024-03-04,199.62,Grocery
CUST03862,2024-11-05,51.4,Electronics
CUST03862,2024-05-27,43.01,Electronics
CUST03862,2022-12-10,52.48,Clothing
CUST03862,2023-08-13,17.29,Clothing
CUST03862,2023-07-27,78.5,Travel
CUST03862,2022-12-20,137.87,Clothing
CUST03862,2024-04-05,169.36,Electronics
CUST03862,2024-12-03,6.14,Dining
CUST03862,2023-12-26,48.02,Electronics
CUST03862,2024-04-14,41.07,Electronics
CUST03862,2023-01-29,16.94,Grocery
CUST03862,2023-02-07,15.22,Electronics
CUST03862,2024-10-28,58.25,Electronics
CUST03862,2025-01-09,42.94,Clothing
CUST03862,2024-03-01,61.29,Clothing
CUST03862,2023-10-01,127.83,Clothing
CUST03862,2024-09-02,6.32,Grocery
CUST03862,2025-01-12,176.88,Electronics
CUST03862,2023-04-01,5.93,Clothing
CUST03862,2025-05-08,42.4,Dining
CUST03862,2023-09-25,142.25,Travel
CUST03862,2023-06-18,95.94,Grocery
CUST03862,2023-03-02,58.45,Electronics
CUST03862,2024-08-21,52.0,Grocery
CUST03862,2023-12-24,118.27,Electronics
CUST03862,2025-04-30,130.28,Grocery
CUST03862,2023-11-07,33.97,Clothing
CUST03862,2025-07-05,53.19,Travel
CUST03862,2024-02-22,95.79,Electronics
CUST03862,2025-06-22,18.3,Travel
CUST03862,2023-07-06,22.71,Dining
CUST03862,2023-08-11,123.38,Grocery
CUST03862,2025-08-01,34.89,Dining
CUST03862,2024-08-27,103.97,Travel
CUST03862,2025-07-11,71.46,Clothing
CUST03862,2023-08-23,5.25,Travel
CUST03862,2024-10-20,205.48,Grocery
CUST03862,2024-06-17,8.07,Dining
CUST03862,2024-03-05,230.88,Grocery
CUST03862,2024-07-10,95.24,Clothing
CUST03862,2022-12-05,8.85,Dining
CUST03862,2024-02-26,42.14,Travel
CUST03862,2022-12-09,40.68,Clothing
CUST03862,2025-04-14,24.17,Dining
CUST03862,2022-12-12,64.96,Grocery
CUST03862,2023-10-12,18.96,Grocery
CUST03862,2024-11-28,8.07,Travel
CUST03862,2024-07-05,28.68,Electronics
CUST03862,2024-08-01,371.06,Clothing
CUST03862,2025-01-05,93.26,Travel
CUST03862,2024-12-31,172.31,Dining
CUST03862,2024-07-22,323.29,Clothing
CUST03863,2022-10-04,34.56,Dining
CUST03863,2021-06-23,67.29,Electronics
CUST03863,2021-12-03,150.94,Electronics
CUST03863,2021-02-02,149.59,Travel
CUST03863,2021-03-25,68.3,Travel
CUST03863,2025-06-15,284.58,Dining
CUST03863,2021-06-30,53.1,Electronics
CUST03863,2022-10-21,6.1,Dining
CUST03863,2021-01-14,6.54,Clothing
CUST03863,2024-08-27,28.63,Dining
CUST03863,2021-10-17,25.83,Travel
CUST03863,2021-01-18,63.18,Travel
CUST03863,2025-07-13,47.6,Dining
CUST03863,2022-11-11,5.95,Dining
CUST03863,2023-07-11,101.83,Grocery
CUST03863,2024-12-30,360.32,Clothing
CUST03863,2024-07-01,56.66,Grocery
CUST03863,2024-08-06,175.4,Travel
CUST03863,2022-04-24,137.17,Electronics
CUST03863,2022-07-17,409.18,Clothing
CUST03863,2023-09-19,291.29,Electronics
CUST03863,2022-01-29,40.43,Dining
CUST03863,2023-06-09,17.62,Dining
CUST03863,2022-09-23,51.47,Electronics
CUST03863,2025-05-04,54.46,Clothing
CUST03863,2022-06-19,201.4,Electronics
CUST03863,2021-07-18,442.58,Dining
CUST03863,2023-01-01,23.99,Clothing
CUST03863,2023-01-07,140.47,Electronics
CUST03863,2024-05-17,32.05,Clothing
CUST03863,2023-06-05,7.73,Electronics
CUST03863,2023-07-08,98.6,Electronics
CUST03863,2021-05-27,175.09,Electronics
CUST03863,2021-04-04,42.03,Travel
CUST03863,2024-09-03,29.17,Electronics
CUST03863,2023-11-12,215.99,Dining
CUST03863,2024-01-19,133.32,Travel
CUST03863,2021-07-29,29.02,Clothing
CUST03863,2024-07-21,53.73,Clothing
CUST03863,2022-08-04,5.13,Dining
CUST03863,2021-04-07,128.84,Dining
CUST03863,2024-04-12,59.26,Grocery
CUST03863,2021-05-16,47.43,Grocery
CUST03863,2024-11-06,54.47,Grocery
CUST03863,2021-05-13,22.67,Electronics
CUST03863,2022-04-12,71.78,Electronics
CUST03863,2025-05-26,12.06,Electronics
CUST03863,2022-07-04,296.72,Electronics
CUST03863,2022-06-26,270.06,Electronics
CUST03863,2021-11-04,14.87,Dining
CUST03863,2025-02-01,120.69,Grocery
CUST03863,2022-07-30,141.78,Grocery
CUST03863,2025-04-22,24.63,Dining
CUST03863,2022-11-30,64.25,Electronics
CUST03863,2021-05-27,97.48,Dining
CUST03863,2023-12-13,67.72,Clothing
CUST03863,2021-10-30,374.92,Clothing
CUST03863,2022-05-06,89.46,Electronics
CUST03863,2025-07-17,22.53,Dining
CUST03863,2021-02-12,70.46,Travel
CUST03863,2021-12-31,54.27,Clothing
CUST03863,2021-03-04,114.07,Dining
CUST03863,2022-07-15,17.27,Travel
CUST03863,2022-11-25,42.67,Travel
CUST03863,2021-04-08,10.75,Travel
CUST03863,2022-03-08,34.57,Electronics
CUST03863,2024-10-14,31.57,Electronics
CUST03863,2021-12-10,64.72,Clothing
CUST03863,2021-10-02,47.03,Clothing
CUST03863,2023-03-13,65.5,Electronics
CUST03863,2021-02-16,37.38,Clothing
CUST03863,2024-07-11,17.18,Dining
CUST03863,2025-05-18,45.26,Clothing
CUST03863,2021-06-22,32.31,Electronics
CUST03863,2021-09-18,102.57,Clothing
CUST03863,2024-12-14,188.18,Dining
CUST03863,2024-07-26,168.77,Dining
CUST03863,2022-02-18,138.71,Dining
CUST03863,2024-01-20,245.0,Grocery
CUST03863,2022-05-11,162.61,Clothing
CUST03863,2022-01-14,37.13,Clothing
CUST03863,2023-07-07,166.69,Electronics
CUST03863,2024-08-13,117.26,Electronics
CUST03863,2023-09-05,60.88,Electronics
CUST03863,2024-12-07,96.01,Travel
CUST03863,2023-10-21,48.52,Travel
CUST03863,2021-12-29,32.29,Travel
CUST03863,2022-01-26,17.72,Clothing
CUST03863,2023-12-16,15.94,Travel
CUST03863,2024-05-11,19.31,Dining
CUST03863,2023-01-30,61.97,Electronics
CUST03863,2024-01-31,59.27,Electronics
CUST03863,2021-05-02,61.56,Electronics
CUST03864,2024-08-21,208.41,Dining
CUST03864,2023-06-11,83.99,Clothing
CUST03864,2022-08-19,159.89,Dining
CUST03864,2023-03-01,111.81,Clothing
CUST03864,2025-04-19,126.16,Travel
CUST03864,2023-11-30,13.42,Electronics
CUST03864,2023-01-06,132.29,Travel
CUST03864,2023-07-15,23.54,Dining
CUST03864,2022-12-05,62.31,Travel
CUST03864,2024-07-17,32.56,Travel
CUST03864,2023-09-04,44.53,Clothing
CUST03864,2025-07-05,174.29,Electronics
CUST03864,2023-01-05,26.0,Travel
CUST03864,2023-09-24,257.8,Dining
CUST03864,2024-08-01,26.8,Electronics
CUST03864,2023-06-22,86.17,Travel
CUST03864,2025-05-09,5.27,Travel
CUST03864,2025-06-13,32.21,Dining
CUST03864,2025-05-18,280.68,Clothing
CUST03864,2023-09-27,6.15,Clothing
CUST03864,2023-08-21,126.46,Electronics
CUST03864,2024-05-29,89.09,Travel
CUST03864,2024-09-29,108.78,Grocery
CUST03864,2024-02-03,28.87,Grocery
CUST03864,2023-04-02,15.84,Electronics
CUST03864,2023-03-22,8.36,Travel
CUST03864,2022-10-26,63.02,Travel
CUST03864,2022-08-01,124.33,Clothing
CUST03864,2023-02-17,162.99,Dining
CUST03864,2025-05-05,133.81,Dining
CUST03864,2023-03-10,196.18,Grocery
CUST03864,2022-12-16,78.09,Dining
CUST03864,2022-06-28,37.37,Dining
CUST03864,2023-02-23,58.48,Travel
CUST03864,2025-07-07,29.72,Dining
CUST03864,2024-08-03,22.52,Dining
CUST03864,2023-07-07,31.39,Electronics
CUST03864,2024-09-17,17.71,Travel
CUST03864,2024-01-11,79.53,Dining
CUST03864,2023-12-21,99.32,Travel
CUST03864,2023-10-21,70.7,Electronics
CUST03864,2022-05-10,99.83,Travel
CUST03864,2024-07-09,39.11,Electronics
CUST03864,2023-09-19,64.38,Clothing
CUST03864,2024-08-17,9.05,Clothing
CUST03864,2023-03-21,442.07,Electronics
CUST03864,2024-08-23,115.86,Dining
CUST03864,2022-10-30,203.96,Clothing
CUST03864,2022-09-04,18.6,Grocery
CUST03864,2023-07-08,20.38,Travel
CUST03864,2024-07-03,49.89,Travel
CUST03864,2022-05-22,65.46,Clothing
CUST03864,2023-03-16,58.67,Clothing
CUST03864,2023-07-11,22.68,Travel
CUST03864,2023-01-16,50.61,Dining
CUST03864,2024-11-07,169.04,Grocery
CUST03864,2024-08-31,59.18,Grocery
CUST03864,2023-06-10,180.76,Clothing
CUST03864,2024-05-02,15.31,Dining
CUST03864,2023-01-23,48.42,Clothing
CUST03864,2022-10-06,105.86,Electronics
CUST03864,2023-12-05,93.09,Electronics
CUST03864,2024-08-12,115.76,Grocery
CUST03864,2025-03-15,55.54,Grocery
CUST03864,2023-03-29,56.79,Clothing
CUST03864,2022-08-11,45.67,Clothing
CUST03864,2023-01-09,129.27,Dining
CUST03864,2022-06-06,45.42,Grocery
CUST03864,2024-11-22,8.93,Travel
CUST03864,2024-07-26,13.94,Travel
CUST03864,2024-08-26,59.52,Electronics
CUST03864,2024-08-24,129.92,Grocery
CUST03864,2023-11-02,78.45,Dining
CUST03864,2023-05-24,22.77,Travel
CUST03864,2024-11-19,131.17,Grocery
CUST03864,2025-07-04,20.21,Electronics
CUST03864,2023-02-17,24.45,Grocery
CUST03864,2025-03-04,64.38,Clothing
CUST03864,2023-06-06,111.08,Dining
CUST03864,2022-12-06,246.2,Clothing
CUST03864,2024-12-20,64.38,Travel
CUST03864,2025-03-22,73.11,Clothing
CUST03864,2024-08-04,147.14,Electronics
CUST03864,2022-04-17,179.13,Clothing
CUST03864,2023-05-05,15.44,Clothing
CUST03864,2023-04-17,85.15,Grocery
CUST03864,2023-02-05,14.37,Travel
CUST03864,2023-02-10,185.85,Electronics
CUST03864,2023-01-16,91.5,Dining
CUST03864,2024-04-05,11.68,Travel
CUST03864,2023-06-12,159.93,Electronics
CUST03864,2025-03-19,147.47,Electronics
CUST03864,2025-01-24,118.23,Dining
CUST03864,2022-11-01,157.15,Clothing
CUST03864,2022-11-15,94.88,Travel
CUST03864,2024-07-15,52.21,Travel
CUST03864,2022-04-16,275.52,Clothing
CUST03864,2023-06-10,5.52,Clothing
CUST03864,2022-10-23,391.83,Clothing
CUST03864,2024-06-04,104.37,Grocery
CUST03864,2025-01-05,32.05,Clothing
CUST03864,2022-07-23,190.3,Travel
CUST03864,2024-09-25,42.67,Electronics
CUST03865,2025-06-12,40.59,Clothing
CUST03865,2023-10-16,61.47,Electronics
CUST03865,2023-05-30,138.03,Travel
CUST03865,2022-02-03,66.71,Travel
CUST03865,2022-02-27,128.3,Grocery
CUST03865,2023-08-22,91.08,Grocery
CUST03865,2022-03-19,58.79,Dining
CUST03865,2023-02-05,141.15,Electronics
CUST03865,2021-02-14,78.18,Dining
CUST03865,2024-12-08,22.91,Electronics
CUST03865,2023-03-05,143.41,Dining
CUST03865,2021-06-11,14.58,Travel
CUST03865,2022-07-20,37.4,Electronics
CUST03865,2024-12-19,22.87,Electronics
CUST03865,2024-07-21,56.0,Electronics
CUST03865,2023-03-18,114.4,Travel
CUST03865,2021-04-26,97.33,Clothing
CUST03865,2024-03-06,85.44,Travel
CUST03865,2023-11-06,46.56,Clothing
CUST03865,2025-04-16,14.28,Dining
CUST03865,2023-08-04,11.08,Clothing
CUST03865,2023-07-19,62.04,Grocery
CUST03865,2021-02-09,137.07,Travel
CUST03865,2025-05-29,50.35,Grocery
CUST03865,2023-09-16,32.01,Electronics
CUST03865,2021-05-21,27.39,Travel
CUST03865,2024-03-31,56.18,Dining
CUST03865,2025-05-09,72.55,Travel
CUST03865,2021-03-31,332.35,Clothing
CUST03865,2024-12-04,10.14,Grocery
CUST03865,2021-05-30,18.0,Clothing
CUST03865,2022-06-30,70.68,Grocery
CUST03865,2024-03-31,87.91,Travel
CUST03865,2023-05-06,410.71,Grocery
CUST03865,2022-03-27,12.22,Dining
CUST03865,2021-03-12,148.25,Travel
CUST03865,2021-10-15,113.83,Clothing
CUST03865,2024-12-12,263.81,Electronics
CUST03865,2023-02-01,12.33,Dining
CUST03865,2025-07-30,38.36,Clothing
CUST03865,2021-10-16,35.37,Electronics
CUST03865,2025-06-23,9.0,Grocery
CUST03865,2024-09-19,209.78,Electronics
CUST03865,2023-08-31,230.59,Clothing
CUST03865,2022-06-23,12.05,Travel
CUST03865,2024-01-15,111.59,Dining
CUST03865,2022-01-02,34.75,Grocery
CUST03865,2022-02-28,74.51,Travel
CUST03865,2025-01-29,110.56,Dining
CUST03865,2021-10-25,9.1,Dining
CUST03865,2023-04-06,61.91,Dining
CUST03865,2023-08-24,28.18,Clothing
CUST03865,2022-04-18,307.43,Grocery
CUST03865,2021-12-03,40.53,Travel
CUST03865,2023-10-09,146.21,Electronics
CUST03865,2024-04-13,109.85,Electronics
CUST03865,2022-07-24,142.04,Dining
CUST03865,2022-06-26,162.05,Electronics
CUST03865,2024-07-03,180.19,Electronics
CUST03865,2025-01-30,85.07,Electronics
CUST03865,2024-06-20,68.43,Clothing
CUST03865,2023-06-11,24.75,Dining
CUST03865,2023-11-29,157.64,Electronics
CUST03865,2021-12-04,155.97,Electronics
CUST03865,2021-11-21,60.91,Electronics
CUST03865,2023-08-27,341.2,Travel
CUST03865,2025-01-02,73.79,Clothing
CUST03865,2023-10-10,106.17,Electronics
CUST03865,2022-12-13,105.1,Grocery
CUST03865,2024-11-11,43.17,Dining
CUST03865,2025-01-26,134.47,Dining
CUST03865,2022-07-31,73.7,Electronics
CUST03865,2022-05-01,27.0,Dining
CUST03865,2024-08-09,107.08,Dining
CUST03865,2024-05-08,171.79,Grocery
CUST03865,2025-01-30,79.81,Clothing
CUST03865,2024-10-27,29.45,Grocery
CUST03865,2021-10-28,18.98,Grocery
CUST03865,2021-03-16,11.15,Travel
CUST03865,2023-08-12,237.57,Grocery
CUST03865,2023-07-21,287.67,Dining
CUST03865,2024-02-25,45.84,Dining
CUST03865,2023-05-12,55.42,Grocery
CUST03865,2022-02-06,11.94,Clothing
CUST03865,2024-07-08,129.24,Grocery
CUST03865,2022-06-30,58.77,Electronics
CUST03865,2022-07-23,48.77,Dining
CUST03865,2022-04-02,163.93,Clothing
CUST03865,2024-07-03,7.02,Dining
CUST03865,2025-05-11,71.54,Dining
CUST03865,2021-09-18,14.84,Electronics
CUST03865,2021-06-24,314.49,Grocery
CUST03865,2021-08-04,56.13,Electronics
CUST03865,2021-02-10,11.71,Dining
CUST03866,2025-04-25,87.35,Clothing
CUST03866,2025-04-23,33.35,Electronics
CUST03866,2025-01-16,7.18,Dining
CUST03866,2025-01-19,9.9,Dining
CUST03866,2025-04-16,247.15,Electronics
CUST03866,2024-12-20,58.81,Grocery
CUST03866,2025-01-16,46.14,Grocery
CUST03866,2023-12-27,268.55,Dining
CUST03866,2025-06-19,94.5,Electronics
CUST03866,2024-07-11,18.79,Travel
CUST03866,2024-04-04,43.52,Dining
CUST03866,2024-05-14,7.79,Electronics
CUST03866,2025-05-03,14.66,Grocery
CUST03866,2024-10-02,51.31,Electronics
CUST03866,2023-12-01,41.38,Grocery
CUST03866,2024-05-07,33.77,Electronics
CUST03866,2024-08-10,18.46,Travel
CUST03866,2025-01-04,66.14,Electronics
CUST03866,2025-07-15,52.79,Dining
CUST03866,2024-08-20,18.57,Clothing
CUST03866,2024-10-27,29.32,Clothing
CUST03866,2025-06-28,97.51,Travel
CUST03866,2024-04-07,148.36,Clothing
CUST03866,2025-04-28,42.02,Grocery
CUST03866,2024-10-03,30.07,Clothing
CUST03866,2024-09-18,74.65,Dining
CUST03866,2024-09-29,92.49,Electronics
CUST03866,2024-02-08,31.65,Electronics
CUST03866,2025-05-22,87.9,Travel
CUST03866,2023-10-28,135.8,Electronics
CUST03866,2024-05-18,62.54,Dining
CUST03866,2025-07-24,34.17,Clothing
CUST03866,2024-03-31,55.7,Travel
CUST03866,2025-07-13,77.09,Travel
CUST03866,2024-05-08,70.67,Electronics
CUST03866,2024-12-22,89.6,Dining
CUST03866,2024-07-08,65.85,Travel
CUST03866,2024-08-24,63.68,Travel
CUST03866,2023-12-18,18.08,Travel
CUST03866,2024-05-08,64.06,Clothing
CUST03866,2024-08-30,108.71,Travel
CUST03866,2025-01-07,46.28,Grocery
CUST03866,2024-07-13,119.67,Grocery
CUST03866,2023-12-27,41.19,Clothing
CUST03866,2025-04-18,162.55,Travel
CUST03866,2024-09-10,42.48,Travel
CUST03866,2023-12-15,175.07,Grocery
CUST03866,2024-02-09,58.48,Grocery
CUST03866,2024-06-25,221.74,Clothing
CUST03866,2025-07-19,32.97,Travel
CUST03866,2024-06-03,41.12,Electronics
CUST03866,2024-06-10,246.73,Electronics
CUST03866,2025-04-10,14.54,Clothing
CUST03866,2024-03-29,113.01,Travel
CUST03866,2024-08-04,5.81,Clothing
CUST03866,2024-04-06,177.12,Travel
CUST03866,2025-06-21,92.47,Clothing
CUST03866,2024-07-17,60.26,Travel
CUST03866,2025-06-28,213.78,Travel
CUST03866,2024-01-23,62.39,Clothing
CUST03866,2024-01-11,22.26,Electronics
CUST03866,2025-03-29,8.66,Travel
CUST03866,2023-12-13,23.08,Travel
CUST03866,2025-06-28,28.92,Travel
CUST03866,2023-11-03,93.45,Grocery
CUST03866,2024-10-02,29.72,Electronics
CUST03866,2025-01-31,21.25,Dining
CUST03866,2025-03-19,265.86,Grocery
CUST03866,2025-05-04,36.27,Clothing
CUST03866,2024-10-31,125.05,Travel
CUST03866,2024-11-27,120.44,Electronics
CUST03866,2024-07-31,18.38,Travel
CUST03866,2023-12-23,61.44,Travel
CUST03866,2024-11-29,100.32,Dining
CUST03866,2024-07-17,86.25,Dining
CUST03866,2024-04-14,84.66,Dining
CUST03866,2024-11-27,20.25,Dining
CUST03866,2024-06-12,68.6,Clothing
CUST03866,2024-04-20,9.09,Electronics
CUST03866,2024-02-17,13.65,Clothing
CUST03866,2024-05-29,26.51,Clothing
CUST03866,2024-08-10,61.73,Clothing
CUST03866,2025-04-11,5.19,Dining
CUST03866,2024-12-15,113.13,Grocery
CUST03866,2024-06-13,165.87,Dining
CUST03867,2023-03-04,43.33,Grocery
CUST03867,2023-06-15,85.7,Clothing
CUST03867,2022-07-24,61.6,Clothing
CUST03867,2024-07-29,71.51,Grocery
CUST03867,2021-08-12,22.59,Dining
CUST03867,2022-02-20,40.36,Travel
CUST03867,2025-07-20,51.33,Clothing
CUST03867,2023-01-14,180.85,Grocery
CUST03867,2024-09-21,24.09,Travel
CUST03867,2024-02-22,75.22,Grocery
CUST03867,2023-11-19,224.19,Travel
CUST03867,2025-07-06,35.58,Dining
CUST03867,2021-05-23,26.57,Travel
CUST03867,2024-10-02,28.93,Clothing
CUST03867,2022-04-08,262.64,Dining
CUST03867,2023-11-18,26.85,Grocery
CUST03867,2025-07-20,36.5,Travel
CUST03867,2022-12-17,65.9,Travel
CUST03867,2022-05-09,117.38,Dining
CUST03867,2021-06-20,105.3,Clothing
CUST03867,2022-01-17,129.79,Travel
CUST03867,2022-04-04,144.62,Clothing
CUST03867,2023-10-02,34.93,Travel
CUST03867,2022-02-06,326.47,Travel
CUST03867,2021-12-01,151.64,Electronics
CUST03867,2022-11-05,5.49,Travel
CUST03867,2024-04-25,122.43,Clothing
CUST03867,2021-12-28,27.68,Dining
CUST03867,2023-05-03,27.85,Grocery
CUST03867,2022-10-09,197.53,Travel
CUST03867,2023-04-15,100.0,Grocery
CUST03867,2023-09-16,6.88,Clothing
CUST03867,2022-08-26,59.04,Clothing
CUST03867,2025-03-27,98.36,Travel
CUST03867,2023-06-17,20.51,Travel
CUST03867,2023-12-29,410.41,Electronics
CUST03867,2022-07-22,15.7,Electronics
CUST03867,2025-06-23,105.29,Electronics
CUST03867,2021-12-23,117.88,Dining
CUST03867,2023-06-12,131.59,Electronics
CUST03867,2022-06-05,174.97,Travel
CUST03867,2024-02-18,9.36,Travel
CUST03867,2025-07-06,37.0,Dining
CUST03867,2025-02-23,116.54,Grocery
CUST03867,2024-08-29,152.72,Electronics
CUST03867,2024-08-25,215.01,Grocery
CUST03867,2022-10-26,110.29,Electronics
CUST03867,2024-09-20,5.47,Clothing
CUST03867,2023-06-22,5.59,Grocery
CUST03867,2023-12-13,92.0,Travel
CUST03867,2024-06-10,74.3,Clothing
CUST03867,2022-11-27,413.09,Dining
CUST03867,2024-11-13,10.45,Grocery
CUST03867,2023-04-16,85.83,Grocery
CUST03867,2024-05-25,18.07,Clothing
CUST03867,2021-10-03,26.31,Clothing
CUST03867,2021-05-10,44.93,Clothing
CUST03867,2021-09-22,73.27,Grocery
CUST03867,2021-05-07,105.1,Clothing
CUST03867,2022-03-10,11.59,Travel
CUST03867,2023-12-02,357.98,Clothing
CUST03867,2024-09-22,117.1,Clothing
CUST03867,2025-02-15,193.06,Grocery
CUST03867,2022-05-05,80.79,Electronics
CUST03867,2025-01-26,45.51,Clothing
CUST03867,2024-01-03,35.85,Grocery
CUST03867,2024-03-17,73.7,Dining
CUST03867,2023-11-25,20.51,Travel
CUST03867,2025-02-12,52.29,Clothing
CUST03867,2025-07-16,135.9,Dining
CUST03867,2024-02-24,80.65,Clothing
CUST03867,2024-09-22,88.35,Travel
CUST03867,2025-02-14,244.95,Travel
CUST03867,2022-11-01,42.67,Dining
CUST03867,2023-12-03,118.63,Grocery
CUST03867,2023-08-22,84.27,Grocery
CUST03867,2022-11-10,13.81,Clothing
CUST03867,2023-03-28,419.06,Dining
CUST03867,2025-05-05,97.46,Dining
CUST03867,2022-05-27,102.46,Grocery
CUST03867,2022-07-25,7.68,Electronics
CUST03867,2021-11-14,121.79,Clothing
CUST03867,2023-07-15,20.03,Clothing
CUST03867,2024-07-21,33.77,Dining
CUST03867,2021-08-09,104.44,Dining
CUST03867,2023-12-13,34.87,Dining
CUST03867,2024-01-26,22.97,Dining
CUST03867,2021-11-03,9.59,Clothing
CUST03867,2021-04-26,19.23,Grocery
CUST03867,2022-02-16,23.69,Travel
CUST03867,2022-03-16,176.96,Dining
CUST03867,2021-10-04,232.68,Grocery
CUST03868,2024-10-24,99.47,Dining
CUST03868,2022-10-09,75.77,Electronics
CUST03868,2025-05-09,12.43,Clothing
CUST03868,2024-01-02,115.36,Electronics
CUST03868,2022-08-12,40.22,Dining
CUST03868,2022-09-19,33.85,Dining
CUST03868,2025-01-23,22.13,Electronics
CUST03868,2025-05-07,30.0,Electronics
CUST03868,2025-05-22,103.77,Electronics
CUST03868,2022-06-20,99.01,Grocery
CUST03868,2023-05-01,29.6,Clothing
CUST03868,2023-11-17,13.37,Travel
CUST03868,2024-10-03,107.25,Dining
CUST03868,2022-12-05,102.85,Travel
CUST03868,2024-10-28,38.07,Clothing
CUST03868,2023-10-24,18.97,Grocery
CUST03868,2021-12-11,20.72,Grocery
CUST03868,2021-10-29,11.25,Electronics
CUST03868,2023-10-24,97.48,Electronics
CUST03868,2022-08-12,92.36,Grocery
CUST03868,2023-05-22,233.72,Grocery
CUST03868,2023-12-17,55.59,Electronics
CUST03868,2024-12-17,13.35,Travel
CUST03868,2022-11-20,122.91,Clothing
CUST03868,2022-07-14,7.05,Dining
CUST03868,2022-10-17,113.18,Grocery
CUST03868,2023-10-18,115.66,Dining
CUST03868,2021-10-15,119.08,Dining
CUST03868,2024-09-07,56.92,Grocery
CUST03868,2024-10-26,27.3,Dining
CUST03868,2025-04-06,23.35,Electronics
CUST03868,2023-11-18,51.19,Dining
CUST03868,2025-02-07,88.85,Travel
CUST03868,2023-07-19,115.16,Electronics
CUST03868,2024-01-16,130.95,Travel
CUST03868,2024-03-16,15.95,Clothing
CUST03868,2021-10-10,210.88,Travel
CUST03868,2023-09-25,41.9,Travel
CUST03868,2022-03-15,8.91,Travel
CUST03868,2022-10-14,111.14,Clothing
CUST03868,2022-06-28,52.93,Travel
CUST03868,2024-04-24,23.42,Clothing
CUST03868,2022-09-11,63.87,Clothing
CUST03868,2024-12-04,104.92,Dining
CUST03868,2021-08-13,75.98,Grocery
CUST03868,2022-11-16,37.7,Electronics
CUST03868,2023-11-27,20.65,Grocery
CUST03868,2024-05-31,159.57,Travel
CUST03868,2023-10-11,115.22,Dining
CUST03868,2023-11-01,85.33,Clothing
CUST03868,2023-02-25,33.77,Dining
CUST03868,2024-02-09,12.32,Electronics
CUST03868,2024-03-11,34.74,Travel
CUST03868,2024-01-15,25.75,Electronics
CUST03868,2021-06-04,26.47,Clothing
CUST03868,2024-11-24,181.17,Dining
CUST03868,2024-12-29,141.78,Dining
CUST03868,2022-06-02,74.12,Grocery
CUST03868,2022-05-06,60.97,Travel
CUST03868,2022-04-08,122.53,Travel
CUST03868,2023-10-19,158.29,Clothing
CUST03868,2025-01-09,190.77,Electronics
CUST03868,2023-07-19,308.06,Dining
CUST03868,2024-08-20,618.04,Dining
CUST03868,2023-02-21,71.55,Travel
CUST03868,2024-08-24,34.63,Travel
CUST03868,2022-03-13,214.74,Travel
CUST03868,2022-03-23,119.92,Travel
CUST03868,2025-03-07,188.58,Electronics
CUST03868,2022-09-07,113.91,Travel
CUST03868,2022-03-31,191.5,Travel
CUST03868,2023-08-30,256.19,Grocery
CUST03868,2025-01-25,57.23,Electronics
CUST03868,2025-06-27,47.03,Clothing
CUST03868,2022-08-02,215.89,Electronics
CUST03868,2025-07-26,37.33,Grocery
CUST03868,2024-12-16,153.04,Dining
CUST03868,2021-07-11,31.18,Grocery
CUST03868,2024-09-21,71.05,Travel
CUST03868,2022-03-09,33.49,Dining
CUST03868,2024-11-29,15.85,Grocery
CUST03868,2023-06-09,38.12,Travel
CUST03868,2022-09-02,16.82,Grocery
CUST03868,2025-06-02,19.34,Dining
CUST03868,2022-03-02,76.31,Grocery
CUST03868,2021-06-02,35.09,Dining
CUST03868,2024-05-03,197.73,Electronics
CUST03868,2023-11-21,116.3,Dining
CUST03868,2021-07-26,8.09,Clothing
CUST03868,2024-04-29,78.94,Clothing
CUST03868,2023-03-31,42.17,Grocery
CUST03868,2025-05-28,425.85,Clothing
CUST03869,2023-07-09,36.8,Clothing
CUST03869,2024-07-21,67.35,Travel
CUST03869,2023-07-11,135.32,Clothing
CUST03869,2024-04-02,50.15,Grocery
CUST03869,2024-04-15,181.49,Travel
CUST03869,2024-07-04,17.21,Grocery
CUST03869,2025-01-30,131.1,Dining
CUST03869,2023-05-10,203.78,Travel
CUST03869,2024-03-31,14.81,Dining
CUST03869,2023-04-30,158.97,Dining
CUST03869,2023-07-08,173.36,Dining
CUST03869,2023-11-16,112.99,Clothing
CUST03869,2025-04-11,40.56,Travel
CUST03869,2025-01-20,39.49,Dining
CUST03869,2024-01-20,124.97,Electronics
CUST03869,2023-04-02,174.71,Travel
CUST03869,2023-03-18,158.17,Dining
CUST03869,2024-11-03,168.48,Electronics
CUST03869,2024-10-10,276.6,Travel
CUST03869,2023-11-08,168.62,Dining
CUST03869,2023-05-17,172.67,Dining
CUST03869,2023-05-20,373.23,Travel
CUST03869,2025-07-07,41.92,Dining
CUST03869,2025-07-28,148.06,Grocery
CUST03869,2023-06-28,144.56,Travel
CUST03869,2024-11-28,113.07,Travel
CUST03869,2023-09-07,18.46,Grocery
CUST03869,2024-07-04,48.02,Travel
CUST03869,2024-12-12,107.7,Grocery
CUST03869,2023-05-17,74.39,Electronics
CUST03869,2024-05-13,66.58,Travel
CUST03869,2024-01-08,114.12,Travel
CUST03869,2023-11-23,5.53,Electronics
CUST03869,2024-07-15,294.98,Grocery
CUST03869,2023-06-09,47.63,Electronics
CUST03869,2024-10-02,181.84,Travel
CUST03869,2025-05-22,11.98,Electronics
CUST03869,2025-07-10,116.55,Electronics
CUST03869,2024-05-21,60.04,Electronics
CUST03869,2024-03-26,46.5,Clothing
CUST03869,2024-03-20,35.32,Grocery
CUST03869,2023-12-16,26.51,Clothing
CUST03869,2023-12-12,212.99,Clothing
CUST03869,2024-06-04,26.15,Dining
CUST03869,2023-11-30,25.22,Travel
CUST03869,2024-06-30,104.33,Grocery
CUST03869,2023-09-12,15.0,Travel
CUST03869,2025-06-10,193.25,Travel
CUST03869,2024-01-09,64.4,Dining
CUST03869,2024-12-04,93.14,Grocery
CUST03869,2024-05-30,93.15,Dining
CUST03869,2024-08-06,176.81,Electronics
CUST03869,2023-08-24,18.35,Travel
CUST03869,2024-05-24,37.27,Travel
CUST03869,2023-07-11,38.69,Clothing
CUST03869,2025-07-25,55.93,Dining
CUST03869,2024-04-16,79.32,Dining
CUST03869,2024-04-21,82.25,Grocery
CUST03869,2025-05-13,175.13,Electronics
CUST03869,2024-02-06,148.04,Grocery
CUST03869,2023-12-20,83.06,Clothing
CUST03869,2025-06-01,59.22,Travel
CUST03869,2024-02-14,115.83,Travel
CUST03869,2023-06-23,152.93,Clothing
CUST03869,2025-01-02,84.26,Grocery
CUST03869,2024-10-04,129.98,Clothing
CUST03869,2023-08-15,392.73,Grocery
CUST03869,2024-05-01,54.82,Dining
CUST03869,2024-10-28,64.86,Electronics
CUST03869,2024-08-25,48.98,Grocery
CUST03869,2024-02-11,75.15,Clothing
CUST03869,2025-01-30,30.48,Grocery
CUST03869,2024-11-10,49.26,Dining
CUST03869,2023-06-23,147.73,Dining
CUST03869,2024-10-29,37.45,Grocery
CUST03869,2023-04-02,6.29,Electronics
CUST03869,2025-06-28,74.02,Dining
CUST03869,2025-02-08,56.47,Clothing
CUST03869,2023-07-14,58.07,Dining
CUST03869,2024-01-26,103.54,Grocery
CUST03869,2025-05-05,9.5,Travel
CUST03869,2024-06-02,24.78,Travel
CUST03869,2023-09-29,26.21,Electronics
CUST03869,2025-02-02,93.83,Electronics
CUST03869,2024-01-20,78.47,Electronics
CUST03869,2024-08-07,83.37,Grocery
CUST03869,2023-07-05,9.22,Dining
CUST03870,2024-04-03,21.59,Grocery
CUST03870,2024-03-28,94.47,Electronics
CUST03870,2024-09-23,14.7,Electronics
CUST03870,2023-05-12,8.75,Grocery
CUST03870,2024-05-14,150.88,Travel
CUST03870,2023-10-14,154.17,Electronics
CUST03870,2023-05-24,31.93,Electronics
CUST03870,2024-12-18,82.8,Dining
CUST03870,2023-08-07,90.12,Electronics
CUST03870,2025-05-03,44.93,Clothing
CUST03870,2024-02-14,108.56,Clothing
CUST03870,2023-09-01,35.17,Dining
CUST03870,2024-10-31,266.85,Electronics
CUST03870,2023-06-16,120.11,Grocery
CUST03870,2024-12-14,144.44,Dining
CUST03870,2023-10-03,17.11,Electronics
CUST03870,2024-09-03,23.71,Grocery
CUST03870,2025-06-01,83.54,Clothing
CUST03870,2024-05-25,104.17,Dining
CUST03870,2024-11-10,44.18,Grocery
CUST03870,2024-02-16,35.14,Travel
CUST03870,2023-11-16,245.62,Clothing
CUST03870,2023-05-02,43.2,Grocery
CUST03870,2024-10-19,226.28,Clothing
CUST03870,2024-03-28,304.86,Electronics
CUST03870,2025-08-01,81.79,Dining
CUST03870,2024-12-10,37.18,Dining
CUST03870,2023-11-05,116.3,Dining
CUST03870,2025-05-09,86.94,Travel
CUST03870,2024-01-27,120.45,Travel
CUST03870,2023-06-04,140.69,Dining
CUST03870,2024-12-19,215.71,Grocery
CUST03870,2025-07-26,246.29,Dining
CUST03870,2024-03-19,96.68,Clothing
CUST03870,2024-01-15,107.06,Travel
CUST03870,2023-09-24,62.09,Travel
CUST03870,2023-05-06,67.8,Clothing
CUST03870,2024-07-10,8.3,Clothing
CUST03870,2024-08-10,146.06,Clothing
CUST03870,2023-12-23,32.23,Grocery
CUST03870,2025-03-02,71.77,Grocery
CUST03870,2024-08-21,18.43,Grocery
CUST03870,2025-04-20,31.88,Clothing
CUST03870,2025-05-22,12.42,Dining
CUST03870,2024-07-17,134.14,Clothing
CUST03870,2024-09-04,253.38,Electronics
CUST03870,2025-05-23,104.83,Electronics
CUST03870,2025-06-22,120.19,Clothing
CUST03870,2024-07-01,103.16,Grocery
CUST03870,2025-05-11,66.59,Dining
CUST03870,2023-04-24,35.74,Electronics
CUST03870,2023-12-01,21.93,Grocery
CUST03870,2024-02-19,13.17,Clothing
CUST03870,2023-04-29,82.38,Grocery
CUST03870,2023-10-08,11.11,Dining
CUST03870,2024-06-25,30.58,Dining
CUST03870,2023-09-13,120.55,Electronics
CUST03870,2024-11-10,20.52,Dining
CUST03870,2023-06-28,87.94,Travel
CUST03870,2024-11-23,152.59,Dining
CUST03870,2023-12-24,36.0,Dining
CUST03870,2024-10-07,5.79,Travel
CUST03870,2025-07-21,24.48,Travel
CUST03870,2024-10-30,62.47,Dining
CUST03870,2024-01-15,29.28,Clothing
CUST03870,2024-10-09,73.94,Travel
CUST03870,2025-01-29,28.44,Electronics
CUST03870,2023-11-13,156.91,Travel
CUST03870,2025-06-04,117.95,Travel
CUST03870,2023-09-27,5.58,Grocery
CUST03870,2023-05-17,339.82,Clothing
CUST03870,2023-09-25,75.7,Dining
CUST03870,2023-11-19,105.55,Electronics
CUST03870,2025-04-07,88.03,Grocery
CUST03870,2025-02-11,119.59,Clothing
CUST03870,2025-04-27,270.41,Electronics
CUST03870,2025-07-14,166.52,Grocery
CUST03870,2025-01-18,65.01,Travel
CUST03870,2024-04-17,63.38,Grocery
CUST03870,2025-06-29,61.92,Electronics
CUST03870,2024-07-24,124.39,Travel
CUST03870,2023-09-21,51.02,Clothing
CUST03870,2023-11-23,12.95,Travel
CUST03870,2024-08-15,46.29,Travel
CUST03870,2024-04-20,53.05,Clothing
CUST03870,2024-09-06,162.83,Electronics
CUST03870,2023-04-24,48.76,Dining
CUST03870,2024-03-31,253.42,Grocery
CUST03870,2025-04-03,156.15,Dining
CUST03871,2022-10-14,164.63,Grocery
CUST03871,2022-09-03,75.28,Electronics
CUST03871,2024-04-29,26.05,Travel
CUST03871,2022-07-22,27.19,Dining
CUST03871,2024-12-20,103.99,Grocery
CUST03871,2022-06-04,54.11,Grocery
CUST03871,2022-06-27,65.06,Dining
CUST03871,2022-07-09,69.78,Electronics
CUST03871,2025-05-08,134.51,Travel
CUST03871,2023-07-01,78.82,Grocery
CUST03871,2023-11-22,77.73,Grocery
CUST03871,2025-06-26,169.58,Travel
CUST03871,2024-06-06,154.42,Clothing
CUST03871,2024-12-22,14.96,Dining
CUST03871,2022-03-13,175.36,Electronics
CUST03871,2022-08-20,9.9,Travel
CUST03871,2023-09-12,129.38,Electronics
CUST03871,2023-07-01,33.47,Electronics
CUST03871,2024-04-13,22.74,Clothing
CUST03871,2023-11-20,23.62,Dining
CUST03871,2024-03-13,118.58,Dining
CUST03871,2022-11-09,45.66,Grocery
CUST03871,2023-01-17,116.77,Dining
CUST03871,2023-12-26,33.76,Electronics
CUST03871,2022-10-03,39.79,Grocery
CUST03871,2025-02-01,123.28,Travel
CUST03871,2023-02-23,21.89,Grocery
CUST03871,2021-11-11,16.22,Grocery
CUST03871,2023-05-25,8.78,Grocery
CUST03871,2023-08-10,79.58,Electronics
CUST03871,2023-10-04,46.29,Dining
CUST03871,2022-05-24,116.71,Electronics
CUST03871,2023-05-22,76.06,Electronics
CUST03871,2023-02-04,218.36,Grocery
CUST03871,2024-04-02,69.16,Clothing
CUST03871,2025-02-10,52.91,Clothing
CUST03871,2022-03-11,78.4,Grocery
CUST03871,2022-01-30,22.36,Travel
CUST03871,2021-11-22,5.29,Clothing
CUST03871,2024-10-26,12.89,Dining
CUST03871,2023-08-08,90.65,Electronics
CUST03871,2025-03-10,29.23,Grocery
CUST03871,2023-02-28,24.57,Electronics
CUST03871,2023-10-10,40.88,Dining
CUST03871,2025-06-24,48.11,Electronics
CUST03871,2023-04-27,31.68,Clothing
CUST03871,2024-11-04,46.83,Grocery
CUST03871,2023-06-26,16.21,Electronics
CUST03871,2023-09-04,103.46,Dining
CUST03871,2024-07-28,121.0,Clothing
CUST03871,2022-05-29,46.02,Travel
CUST03871,2021-11-23,33.24,Electronics
CUST03871,2023-05-04,91.28,Travel
CUST03871,2023-03-15,30.13,Grocery
CUST03871,2024-11-10,106.97,Travel
CUST03871,2024-04-21,23.76,Travel
CUST03871,2022-07-12,45.91,Clothing
CUST03871,2023-08-12,5.49,Clothing
CUST03871,2022-02-22,71.15,Dining
CUST03871,2022-08-02,24.7,Clothing
CUST03871,2025-05-24,206.02,Grocery
CUST03871,2025-01-11,12.66,Grocery
CUST03871,2022-03-16,55.04,Electronics
CUST03871,2024-11-02,9.87,Clothing
CUST03871,2023-01-27,8.63,Travel
CUST03871,2022-08-02,41.14,Grocery
CUST03871,2022-08-11,41.69,Travel
CUST03871,2022-07-11,38.94,Grocery
CUST03871,2022-09-05,18.66,Clothing
CUST03871,2025-02-02,13.21,Electronics
CUST03871,2023-11-12,43.24,Dining
CUST03871,2024-10-02,148.89,Electronics
CUST03871,2022-11-12,13.95,Dining
CUST03871,2022-02-11,75.05,Electronics
CUST03871,2024-02-21,66.66,Travel
CUST03871,2022-05-25,43.17,Travel
CUST03871,2022-11-08,183.14,Electronics
CUST03871,2024-06-01,18.4,Clothing
CUST03871,2022-04-22,144.44,Grocery
CUST03871,2024-05-09,147.17,Clothing
CUST03871,2022-11-11,56.22,Travel
CUST03871,2024-03-12,8.27,Dining
CUST03871,2022-06-01,73.24,Dining
CUST03871,2022-11-25,39.35,Electronics
CUST03871,2024-08-21,96.22,Grocery
CUST03871,2022-07-10,49.43,Electronics
CUST03871,2025-04-13,367.12,Electronics
CUST03871,2024-09-30,15.61,Travel
CUST03871,2025-06-04,52.0,Travel
CUST03871,2024-03-30,19.15,Grocery
CUST03871,2022-08-20,19.98,Electronics
CUST03871,2022-05-03,15.65,Grocery
CUST03871,2024-02-24,9.96,Dining
CUST03871,2022-12-26,44.85,Dining
CUST03871,2022-12-13,74.51,Grocery
CUST03871,2022-05-28,10.66,Travel
CUST03871,2024-01-19,30.84,Clothing
CUST03871,2024-06-11,261.57,Grocery
CUST03871,2022-06-12,19.23,Travel
CUST03871,2025-02-11,84.31,Clothing
CUST03871,2024-07-22,10.78,Electronics
CUST03871,2023-05-21,269.0,Grocery
CUST03871,2024-09-09,5.73,Dining
CUST03872,2023-06-13,193.29,Clothing
CUST03872,2023-05-31,258.24,Travel
CUST03872,2023-11-02,160.95,Dining
CUST03872,2023-07-20,45.84,Travel
CUST03872,2023-03-20,22.65,Grocery
CUST03872,2024-08-17,361.63,Clothing
CUST03872,2022-08-14,33.03,Grocery
CUST03872,2025-06-04,9.29,Travel
CUST03872,2022-12-05,290.88,Clothing
CUST03872,2022-07-17,109.44,Clothing
CUST03872,2023-04-24,9.85,Grocery
CUST03872,2024-10-27,20.79,Grocery
CUST03872,2023-12-03,8.23,Electronics
CUST03872,2024-04-03,154.23,Travel
CUST03872,2024-07-29,14.79,Electronics
CUST03872,2024-07-20,26.95,Clothing
CUST03872,2022-10-28,138.51,Dining
CUST03872,2024-08-21,74.88,Clothing
CUST03872,2025-06-24,72.29,Electronics
CUST03872,2022-09-01,98.73,Travel
CUST03872,2024-08-10,13.37,Grocery
CUST03872,2024-07-26,21.8,Grocery
CUST03872,2023-10-26,148.61,Grocery
CUST03872,2025-07-27,201.08,Electronics
CUST03872,2023-06-18,21.83,Electronics
CUST03872,2023-10-23,12.35,Grocery
CUST03872,2023-12-30,14.78,Electronics
CUST03872,2023-03-09,333.88,Clothing
CUST03872,2025-02-20,23.05,Dining
CUST03872,2023-09-30,186.43,Clothing
CUST03872,2025-07-16,93.2,Electronics
CUST03872,2022-10-22,35.94,Dining
CUST03872,2023-06-19,27.95,Clothing
CUST03872,2022-09-14,59.67,Electronics
CUST03872,2024-10-19,91.5,Dining
CUST03872,2024-11-25,295.87,Travel
CUST03872,2022-10-18,15.32,Dining
CUST03872,2024-09-28,62.92,Electronics
CUST03872,2022-10-25,243.69,Travel
CUST03872,2025-02-04,38.56,Dining
CUST03872,2023-12-17,82.47,Travel
CUST03872,2023-06-15,113.99,Clothing
CUST03872,2025-01-25,23.83,Grocery
CUST03872,2024-08-26,37.32,Grocery
CUST03872,2024-09-08,187.35,Dining
CUST03872,2023-10-14,79.68,Electronics
CUST03872,2025-06-27,204.02,Travel
CUST03872,2023-10-25,27.77,Electronics
CUST03872,2023-07-21,24.54,Travel
CUST03872,2022-10-16,117.7,Travel
CUST03872,2023-06-02,62.16,Dining
CUST03872,2024-09-20,47.73,Dining
CUST03872,2024-12-15,13.68,Travel
CUST03872,2025-07-25,23.41,Dining
CUST03872,2025-01-02,40.7,Electronics
CUST03872,2024-02-05,92.7,Travel
CUST03872,2023-02-14,81.33,Travel
CUST03872,2024-04-20,15.03,Electronics
CUST03872,2025-04-02,29.79,Electronics
CUST03872,2024-12-12,5.93,Clothing
CUST03872,2024-12-27,11.75,Grocery
CUST03872,2023-01-21,48.8,Travel
CUST03872,2024-01-22,50.8,Grocery
CUST03872,2023-09-25,68.95,Travel
CUST03872,2023-05-03,114.41,Dining
CUST03872,2025-07-04,367.09,Dining
CUST03872,2022-11-17,174.2,Grocery
CUST03872,2024-01-31,16.0,Dining
CUST03872,2022-12-13,83.74,Travel
CUST03872,2024-02-08,78.15,Dining
CUST03872,2025-02-04,273.51,Electronics
CUST03872,2024-08-25,8.33,Dining
CUST03872,2022-11-28,46.01,Travel
CUST03872,2025-01-26,50.45,Electronics
CUST03872,2024-12-29,135.38,Electronics
CUST03872,2023-04-16,185.25,Electronics
CUST03872,2025-01-21,200.77,Clothing
CUST03872,2025-03-02,30.81,Travel
CUST03872,2023-05-25,27.93,Electronics
CUST03872,2022-10-04,179.93,Dining
CUST03872,2023-01-20,48.89,Electronics
CUST03872,2023-01-26,8.5,Electronics
CUST03872,2023-11-27,48.38,Travel
CUST03872,2023-06-02,354.81,Clothing
CUST03872,2024-03-09,71.14,Clothing
CUST03872,2022-07-19,17.46,Grocery
CUST03872,2024-06-10,23.92,Travel
CUST03872,2023-11-26,23.11,Dining
CUST03872,2022-08-04,65.78,Electronics
CUST03872,2023-12-24,76.99,Electronics
CUST03872,2023-12-28,97.3,Clothing
CUST03872,2023-08-15,55.81,Clothing
CUST03872,2023-11-13,109.93,Grocery
CUST03872,2024-10-24,236.84,Electronics
CUST03873,2024-06-01,208.13,Clothing
CUST03873,2025-07-31,21.59,Clothing
CUST03873,2024-04-27,135.06,Dining
CUST03873,2025-07-15,25.74,Clothing
CUST03873,2023-06-29,162.76,Travel
CUST03873,2025-05-06,80.12,Grocery
CUST03873,2024-03-03,162.61,Grocery
CUST03873,2024-07-04,112.54,Grocery
CUST03873,2024-06-22,91.23,Clothing
CUST03873,2023-11-25,37.09,Travel
CUST03873,2025-02-21,33.3,Travel
CUST03873,2024-12-12,51.56,Travel
CUST03873,2024-08-26,65.31,Dining
CUST03873,2023-10-25,49.02,Clothing
CUST03873,2023-07-29,318.74,Grocery
CUST03873,2025-05-21,44.14,Clothing
CUST03873,2025-04-08,63.66,Dining
CUST03873,2024-02-20,338.35,Grocery
CUST03873,2023-10-04,49.25,Grocery
CUST03873,2025-01-07,50.56,Electronics
CUST03873,2024-09-26,121.72,Travel
CUST03873,2024-09-05,5.85,Travel
CUST03873,2025-04-24,25.45,Travel
CUST03873,2025-02-23,306.99,Clothing
CUST03873,2023-07-16,145.55,Travel
CUST03873,2024-07-31,39.81,Clothing
CUST03873,2023-09-22,242.71,Grocery
CUST03873,2023-06-23,33.71,Dining
CUST03873,2025-06-09,49.14,Electronics
CUST03873,2025-07-24,318.54,Travel
CUST03873,2024-07-24,23.33,Grocery
CUST03873,2024-10-15,135.81,Grocery
CUST03873,2024-11-17,9.97,Travel
CUST03873,2025-01-01,49.18,Electronics
CUST03873,2023-12-11,77.62,Grocery
CUST03873,2023-08-07,239.99,Dining
CUST03873,2024-08-14,52.76,Electronics
CUST03873,2023-06-11,41.48,Clothing
CUST03873,2025-04-16,27.45,Grocery
CUST03873,2024-01-01,129.6,Clothing
CUST03873,2024-11-24,117.44,Electronics
CUST03873,2025-04-28,74.12,Clothing
CUST03873,2024-07-19,83.28,Dining
CUST03873,2025-02-28,20.06,Travel
CUST03873,2024-02-03,13.14,Travel
CUST03873,2024-06-23,12.78,Clothing
CUST03873,2024-09-12,27.1,Electronics
CUST03873,2023-08-11,201.71,Travel
CUST03873,2023-05-21,202.29,Grocery
CUST03873,2023-09-04,13.03,Clothing
CUST03873,2024-12-09,36.17,Grocery
CUST03873,2025-07-24,156.24,Travel
CUST03873,2024-08-01,89.68,Electronics
CUST03873,2025-05-08,16.78,Clothing
CUST03873,2024-12-28,156.86,Clothing
CUST03873,2025-07-03,29.58,Clothing
CUST03873,2025-05-26,43.87,Clothing
CUST03873,2023-12-30,18.44,Dining
CUST03873,2025-01-30,68.84,Dining
CUST03873,2025-01-12,184.79,Dining
CUST03873,2025-05-24,50.77,Dining
CUST03873,2025-06-20,86.17,Electronics
CUST03873,2025-03-10,37.66,Electronics
CUST03873,2025-06-27,252.93,Dining
CUST03873,2024-12-14,11.48,Electronics
CUST03873,2024-05-06,138.44,Electronics
CUST03873,2024-09-25,114.64,Grocery
CUST03873,2024-12-03,73.67,Travel
CUST03873,2023-06-19,95.71,Dining
CUST03873,2023-09-22,29.58,Dining
CUST03873,2024-12-29,58.36,Electronics
CUST03873,2023-08-15,187.25,Dining
CUST03873,2023-11-22,32.39,Travel
CUST03873,2024-10-02,33.99,Travel
CUST03873,2024-06-16,35.91,Clothing
CUST03873,2024-07-23,8.56,Electronics
CUST03873,2024-09-04,17.95,Dining
CUST03873,2025-01-20,27.62,Clothing
CUST03873,2025-05-10,21.15,Clothing
CUST03873,2023-08-19,95.05,Dining
CUST03873,2025-04-09,63.93,Dining
CUST03873,2023-11-30,309.69,Clothing
CUST03873,2023-07-24,8.23,Clothing
CUST03873,2023-12-25,25.73,Grocery
CUST03873,2025-07-26,170.28,Electronics
CUST03873,2024-01-12,71.95,Grocery
CUST03873,2024-05-18,139.27,Travel
CUST03873,2023-07-13,29.95,Grocery
CUST03873,2023-07-22,278.4,Travel
CUST03873,2024-12-16,36.47,Electronics
CUST03873,2024-05-06,62.04,Grocery
CUST03873,2023-12-16,98.35,Dining
CUST03873,2024-03-20,315.33,Travel
CUST03873,2024-04-22,45.69,Clothing
CUST03873,2024-11-07,29.37,Dining
CUST03873,2024-02-10,214.39,Dining
CUST03873,2024-04-30,23.49,Clothing
CUST03873,2023-08-18,15.46,Travel
CUST03873,2024-07-18,17.14,Electronics
CUST03873,2025-02-04,178.59,Grocery
CUST03873,2024-07-15,52.38,Clothing
CUST03874,2023-01-20,83.0,Travel
CUST03874,2024-04-10,12.79,Electronics
CUST03874,2022-08-03,218.52,Electronics
CUST03874,2024-04-03,265.89,Grocery
CUST03874,2025-04-02,370.28,Dining
CUST03874,2024-11-29,313.84,Travel
CUST03874,2025-01-14,109.85,Travel
CUST03874,2023-09-12,54.6,Clothing
CUST03874,2022-07-23,30.23,Grocery
CUST03874,2022-08-11,56.37,Grocery
CUST03874,2024-08-29,45.84,Travel
CUST03874,2023-09-23,132.68,Travel
CUST03874,2023-05-03,157.28,Travel
CUST03874,2022-05-19,43.54,Clothing
CUST03874,2023-03-05,15.77,Grocery
CUST03874,2022-04-14,128.03,Grocery
CUST03874,2024-11-11,24.5,Dining
CUST03874,2025-01-24,21.82,Grocery
CUST03874,2022-11-20,27.1,Dining
CUST03874,2023-04-02,27.91,Dining
CUST03874,2022-11-20,18.87,Dining
CUST03874,2025-05-02,138.22,Dining
CUST03874,2023-03-03,72.7,Grocery
CUST03874,2022-06-03,297.35,Electronics
CUST03874,2022-09-14,20.04,Electronics
CUST03874,2024-06-05,34.0,Dining
CUST03874,2023-11-02,50.87,Electronics
CUST03874,2022-05-18,63.33,Travel
CUST03874,2025-05-06,181.85,Electronics
CUST03874,2022-09-01,87.71,Grocery
CUST03874,2022-04-13,39.14,Electronics
CUST03874,2025-04-18,71.88,Electronics
CUST03874,2024-06-30,134.82,Dining
CUST03874,2022-06-09,16.41,Dining
CUST03874,2024-12-23,15.04,Travel
CUST03874,2024-09-19,234.05,Clothing
CUST03874,2022-11-25,382.14,Travel
CUST03874,2024-07-12,200.16,Grocery
CUST03874,2024-03-02,9.77,Travel
CUST03874,2023-05-16,47.07,Travel
CUST03874,2023-08-06,39.75,Clothing
CUST03874,2023-03-29,50.7,Travel
CUST03874,2025-08-01,114.61,Clothing
CUST03874,2023-12-13,21.37,Clothing
CUST03874,2022-04-08,276.97,Clothing
CUST03874,2022-09-03,308.99,Grocery
CUST03874,2024-09-02,233.71,Dining
CUST03874,2025-06-03,19.92,Clothing
CUST03874,2023-03-15,175.37,Travel
CUST03874,2024-10-03,150.53,Electronics
CUST03874,2024-03-28,14.38,Dining
CUST03874,2023-02-28,26.95,Grocery
CUST03874,2023-10-08,99.6,Travel
CUST03874,2024-06-06,30.84,Dining
CUST03874,2023-07-19,42.89,Electronics
CUST03874,2024-10-10,92.47,Electronics
CUST03874,2025-02-09,45.22,Dining
CUST03874,2023-08-19,15.39,Travel
CUST03874,2024-02-25,99.45,Clothing
CUST03874,2024-09-28,33.67,Dining
CUST03874,2022-05-03,330.06,Dining
CUST03874,2025-02-03,14.18,Grocery
CUST03874,2022-08-07,206.02,Travel
CUST03874,2023-12-22,43.62,Travel
CUST03874,2024-02-18,14.13,Dining
CUST03874,2022-12-24,53.08,Clothing
CUST03874,2023-11-10,10.89,Electronics
CUST03874,2024-04-09,16.7,Clothing
CUST03874,2022-08-20,261.65,Travel
CUST03874,2024-06-07,35.05,Electronics
CUST03874,2024-07-29,30.27,Travel
CUST03874,2025-03-10,52.52,Dining
CUST03874,2023-07-11,14.38,Travel
CUST03874,2025-01-08,57.54,Grocery
CUST03874,2025-07-05,16.7,Clothing
CUST03874,2022-06-23,6.32,Travel
CUST03874,2025-01-07,69.59,Grocery
CUST03874,2024-04-30,122.95,Clothing
CUST03874,2023-05-29,221.04,Grocery
CUST03874,2023-10-09,131.77,Dining
CUST03874,2022-08-09,46.81,Clothing
CUST03874,2022-12-30,134.97,Electronics
CUST03874,2024-12-26,185.75,Grocery
CUST03874,2023-03-10,178.97,Grocery
CUST03874,2023-09-05,37.31,Travel
CUST03874,2023-08-07,61.81,Grocery
CUST03874,2025-04-17,61.85,Clothing
CUST03874,2024-07-29,80.3,Electronics
CUST03874,2024-12-17,226.61,Electronics
CUST03874,2023-09-13,232.6,Electronics
CUST03874,2024-01-06,283.76,Electronics
CUST03874,2024-01-31,74.49,Electronics
CUST03874,2022-04-30,30.89,Grocery
CUST03874,2024-06-23,204.56,Electronics
CUST03874,2024-12-28,80.77,Dining
CUST03874,2022-10-24,96.39,Grocery
CUST03875,2025-07-01,73.8,Grocery
CUST03875,2025-01-19,99.02,Travel
CUST03875,2024-09-08,10.9,Clothing
CUST03875,2023-05-06,32.0,Electronics
CUST03875,2023-01-26,15.89,Electronics
CUST03875,2025-06-13,98.12,Clothing
CUST03875,2024-12-04,20.91,Grocery
CUST03875,2024-02-14,94.41,Travel
CUST03875,2024-05-05,19.82,Electronics
CUST03875,2023-02-19,199.36,Clothing
CUST03875,2023-08-02,47.16,Electronics
CUST03875,2025-07-16,97.2,Clothing
CUST03875,2024-12-16,8.66,Clothing
CUST03875,2022-11-11,71.12,Dining
CUST03875,2023-08-14,18.99,Travel
CUST03875,2023-03-11,37.17,Grocery
CUST03875,2024-11-10,22.44,Clothing
CUST03875,2024-09-25,44.27,Electronics
CUST03875,2024-11-15,162.75,Travel
CUST03875,2024-01-21,13.13,Clothing
CUST03875,2023-10-23,138.12,Dining
CUST03875,2025-05-28,33.92,Electronics
CUST03875,2023-09-18,105.87,Dining
CUST03875,2023-02-10,157.64,Clothing
CUST03875,2024-10-10,24.12,Clothing
CUST03875,2024-04-07,26.28,Electronics
CUST03875,2023-11-02,43.88,Dining
CUST03875,2022-09-30,60.65,Travel
CUST03875,2025-03-17,22.67,Grocery
CUST03875,2023-03-31,98.04,Clothing
CUST03875,2024-05-13,16.4,Electronics
CUST03875,2023-01-08,115.6,Dining
CUST03875,2023-07-23,82.76,Electronics
CUST03875,2023-01-27,168.26,Travel
CUST03875,2025-07-17,27.8,Travel
CUST03875,2025-06-15,41.76,Grocery
CUST03875,2025-06-12,28.99,Dining
CUST03875,2024-04-03,16.28,Travel
CUST03875,2024-05-10,14.63,Electronics
CUST03875,2023-12-11,28.67,Clothing
CUST03875,2023-12-09,10.06,Clothing
CUST03875,2023-06-21,88.64,Electronics
CUST03875,2023-02-16,86.88,Clothing
CUST03875,2022-12-24,105.18,Clothing
CUST03875,2023-03-15,101.0,Clothing
CUST03875,2024-01-20,113.38,Grocery
CUST03875,2024-10-23,23.01,Clothing
CUST03875,2023-09-25,22.35,Electronics
CUST03875,2024-12-05,48.33,Travel
CUST03875,2023-09-28,29.42,Clothing
CUST03875,2025-07-16,96.46,Grocery
CUST03875,2023-12-04,57.22,Travel
CUST03875,2024-03-16,6.75,Dining
CUST03875,2023-06-29,173.45,Clothing
CUST03875,2024-10-21,33.25,Grocery
CUST03875,2025-07-19,116.68,Grocery
CUST03875,2024-02-10,138.77,Clothing
CUST03875,2024-04-29,120.91,Clothing
CUST03875,2024-08-31,100.59,Grocery
CUST03875,2023-05-11,136.32,Travel
CUST03875,2025-06-11,45.09,Travel
CUST03875,2024-10-26,81.6,Grocery
CUST03875,2024-12-05,38.23,Electronics
CUST03875,2025-04-14,144.04,Electronics
CUST03875,2025-05-03,106.44,Dining
CUST03875,2023-06-26,104.09,Electronics
CUST03875,2023-05-02,172.36,Travel
CUST03875,2024-06-09,43.55,Grocery
CUST03875,2023-11-10,20.13,Travel
CUST03875,2024-07-26,100.56,Electronics
CUST03875,2023-04-30,124.32,Dining
CUST03875,2025-03-07,40.45,Clothing
CUST03875,2023-01-02,188.06,Clothing
CUST03875,2023-06-13,128.66,Electronics
CUST03875,2025-05-23,114.95,Clothing
CUST03875,2024-05-27,119.99,Clothing
CUST03875,2023-10-05,8.36,Grocery
CUST03875,2024-01-09,9.1,Electronics
CUST03875,2024-10-04,6.01,Grocery
CUST03875,2023-03-29,30.89,Clothing
CUST03875,2024-12-12,58.95,Clothing
CUST03875,2023-10-03,14.97,Electronics
CUST03875,2022-11-02,175.0,Dining
CUST03875,2022-12-06,29.92,Electronics
CUST03875,2023-02-24,42.73,Dining
CUST03875,2024-04-21,63.71,Dining
CUST03875,2024-04-06,8.62,Clothing
CUST03875,2023-07-23,17.46,Grocery
CUST03875,2024-09-14,85.25,Electronics
CUST03876,2022-01-14,7.9,Clothing
CUST03876,2023-07-01,30.93,Electronics
CUST03876,2022-11-12,120.0,Dining
CUST03876,2022-07-31,34.8,Electronics
CUST03876,2023-12-15,42.09,Travel
CUST03876,2025-03-10,32.62,Dining
CUST03876,2024-10-03,14.25,Dining
CUST03876,2025-07-01,99.62,Travel
CUST03876,2021-11-19,109.27,Electronics
CUST03876,2023-07-13,194.92,Dining
CUST03876,2023-10-29,32.55,Dining
CUST03876,2024-03-06,30.26,Dining
CUST03876,2021-11-08,18.37,Electronics
CUST03876,2023-02-07,19.29,Travel
CUST03876,2024-11-25,80.92,Travel
CUST03876,2025-04-11,147.63,Grocery
CUST03876,2024-11-23,174.37,Grocery
CUST03876,2024-02-08,141.33,Grocery
CUST03876,2025-05-10,170.18,Dining
CUST03876,2022-12-27,199.16,Electronics
CUST03876,2022-08-08,14.35,Travel
CUST03876,2022-01-21,206.71,Electronics
CUST03876,2024-12-22,12.86,Travel
CUST03876,2022-07-29,150.36,Dining
CUST03876,2024-03-30,5.41,Clothing
CUST03876,2023-05-30,93.78,Travel
CUST03876,2024-05-03,48.16,Travel
CUST03876,2021-10-17,208.3,Electronics
CUST03876,2022-12-23,40.23,Travel
CUST03876,2022-03-13,66.41,Dining
CUST03876,2023-06-02,178.69,Electronics
CUST03876,2024-06-20,21.91,Dining
CUST03876,2024-01-27,47.37,Grocery
CUST03876,2022-10-04,128.08,Clothing
CUST03876,2024-01-04,8.85,Dining
CUST03876,2022-06-22,65.79,Dining
CUST03876,2022-03-15,22.63,Dining
CUST03876,2024-02-10,174.96,Dining
CUST03876,2024-02-15,90.97,Grocery
CUST03876,2023-10-30,238.69,Electronics
CUST03876,2023-04-05,96.25,Grocery
CUST03876,2021-08-21,27.23,Dining
CUST03876,2023-04-19,23.38,Dining
CUST03876,2021-08-30,171.46,Dining
CUST03876,2025-04-25,10.9,Travel
CUST03876,2024-11-29,77.43,Clothing
CUST03876,2021-11-10,240.38,Dining
CUST03876,2024-04-10,78.94,Clothing
CUST03876,2023-12-15,47.48,Grocery
CUST03876,2023-11-19,139.14,Travel
CUST03876,2022-05-29,118.63,Grocery
CUST03876,2021-11-12,88.05,Electronics
CUST03876,2022-11-13,95.7,Clothing
CUST03876,2023-04-09,63.49,Clothing
CUST03876,2023-12-31,97.16,Grocery
CUST03876,2025-05-10,160.79,Electronics
CUST03876,2022-12-27,62.92,Dining
CUST03876,2022-04-10,7.95,Grocery
CUST03876,2022-07-19,69.23,Electronics
CUST03876,2022-12-04,137.39,Clothing
CUST03876,2023-05-27,19.2,Travel
CUST03876,2023-10-17,73.15,Grocery
CUST03876,2023-02-22,13.42,Clothing
CUST03876,2025-04-05,132.3,Electronics
CUST03876,2024-10-27,90.43,Clothing
CUST03876,2023-10-07,9.13,Electronics
CUST03876,2023-12-26,40.98,Electronics
CUST03876,2023-01-17,89.51,Dining
CUST03876,2022-11-10,38.62,Travel
CUST03876,2021-12-22,47.26,Grocery
CUST03876,2023-07-21,5.49,Clothing
CUST03876,2023-04-17,209.6,Electronics
CUST03876,2021-12-25,104.36,Clothing
CUST03876,2023-03-09,183.2,Grocery
CUST03876,2025-02-25,102.01,Electronics
CUST03876,2023-01-23,217.03,Clothing
CUST03876,2023-05-30,52.9,Grocery
CUST03876,2024-07-04,5.93,Grocery
CUST03876,2024-09-22,68.43,Grocery
CUST03876,2023-01-10,33.15,Dining
CUST03876,2021-10-15,64.04,Electronics
CUST03876,2022-07-04,10.98,Clothing
CUST03876,2025-07-07,20.72,Dining
CUST03876,2022-07-02,10.85,Electronics
CUST03876,2023-02-11,35.67,Electronics
CUST03876,2022-10-07,33.95,Electronics
CUST03876,2021-08-31,182.5,Travel
CUST03876,2023-01-25,107.84,Travel
CUST03876,2023-03-10,12.5,Electronics
CUST03876,2024-03-01,114.58,Travel
CUST03876,2022-12-06,593.51,Travel
CUST03876,2023-01-29,77.62,Grocery
CUST03876,2024-07-19,16.9,Travel
CUST03876,2024-01-09,78.19,Grocery
CUST03876,2025-04-24,31.81,Travel
CUST03876,2022-09-02,45.89,Grocery
CUST03876,2022-01-28,15.67,Travel
CUST03876,2021-07-20,7.99,Dining
CUST03876,2023-04-14,66.54,Electronics
CUST03876,2021-12-07,44.42,Electronics
CUST03876,2024-12-29,174.42,Travel
CUST03876,2022-10-01,153.84,Dining
CUST03876,2024-10-31,6.24,Electronics
CUST03876,2024-03-05,89.7,Electronics
CUST03877,2025-04-06,40.81,Electronics
CUST03877,2024-12-15,62.73,Travel
CUST03877,2025-06-23,179.75,Dining
CUST03877,2024-05-03,86.11,Electronics
CUST03877,2024-06-05,28.24,Clothing
CUST03877,2024-06-10,70.63,Electronics
CUST03877,2024-08-26,72.45,Clothing
CUST03877,2024-02-18,36.14,Electronics
CUST03877,2024-07-10,65.05,Grocery
CUST03877,2023-08-23,35.41,Clothing
CUST03877,2025-07-28,92.81,Travel
CUST03877,2024-08-09,22.21,Clothing
CUST03877,2024-10-22,20.16,Electronics
CUST03877,2025-04-04,7.1,Grocery
CUST03877,2023-09-18,13.6,Dining
CUST03877,2024-12-22,131.63,Electronics
CUST03877,2024-07-04,36.51,Grocery
CUST03877,2025-01-12,14.0,Grocery
CUST03877,2024-07-26,132.92,Clothing
CUST03877,2023-08-19,8.45,Travel
CUST03877,2024-01-15,80.11,Dining
CUST03877,2024-03-10,79.35,Electronics
CUST03877,2023-11-13,9.58,Grocery
CUST03877,2025-03-30,29.34,Travel
CUST03877,2023-07-30,168.87,Electronics
CUST03877,2024-02-18,13.27,Electronics
CUST03877,2025-01-01,23.98,Travel
CUST03877,2024-11-08,231.35,Electronics
CUST03877,2024-08-19,13.46,Electronics
CUST03877,2024-04-16,34.24,Electronics
CUST03877,2023-09-05,73.56,Dining
CUST03877,2025-05-08,39.23,Dining
CUST03877,2024-11-02,57.2,Electronics
CUST03877,2023-08-27,36.52,Travel
CUST03877,2025-02-23,90.24,Dining
CUST03877,2024-03-02,55.91,Travel
CUST03877,2025-04-14,14.49,Grocery
CUST03877,2024-08-12,89.97,Grocery
CUST03877,2024-07-13,69.22,Travel
CUST03877,2023-12-30,105.25,Electronics
CUST03877,2024-01-02,68.06,Electronics
CUST03877,2023-11-22,59.24,Clothing
CUST03877,2025-03-10,202.55,Grocery
CUST03877,2024-06-24,46.14,Travel
CUST03877,2024-02-09,67.31,Travel
CUST03877,2023-08-08,175.1,Electronics
CUST03877,2025-04-19,81.92,Dining
CUST03877,2025-06-30,27.64,Electronics
CUST03877,2024-05-21,11.57,Travel
CUST03877,2024-12-22,113.91,Dining
CUST03877,2024-08-05,22.32,Clothing
CUST03877,2023-11-13,137.97,Clothing
CUST03877,2025-06-08,22.4,Grocery
CUST03877,2025-03-13,6.66,Electronics
CUST03877,2024-01-29,124.54,Electronics
CUST03877,2023-08-06,80.59,Travel
CUST03877,2024-06-04,20.27,Dining
CUST03877,2024-10-30,132.25,Clothing
CUST03877,2025-07-18,19.37,Travel
CUST03877,2025-06-28,104.02,Grocery
CUST03877,2025-02-27,63.22,Electronics
CUST03877,2025-03-03,68.41,Dining
CUST03877,2023-11-30,18.86,Electronics
CUST03877,2023-12-19,128.62,Clothing
CUST03877,2023-10-21,85.74,Travel
CUST03877,2024-04-01,294.31,Clothing
CUST03877,2025-04-03,60.62,Travel
CUST03877,2024-12-28,14.37,Electronics
CUST03877,2024-10-10,115.94,Electronics
CUST03877,2025-02-04,65.02,Clothing
CUST03877,2023-11-16,163.37,Dining
CUST03877,2024-09-30,45.25,Dining
CUST03877,2024-06-04,183.3,Travel
CUST03877,2023-11-02,14.63,Dining
CUST03877,2025-03-25,46.5,Dining
CUST03877,2024-07-31,139.16,Travel
CUST03877,2024-12-24,62.92,Electronics
CUST03877,2025-02-27,24.17,Travel
CUST03877,2025-01-14,82.17,Clothing
CUST03877,2024-03-24,395.01,Dining
CUST03877,2024-07-28,75.52,Clothing
CUST03877,2024-07-22,133.73,Grocery
CUST03877,2024-03-14,9.08,Dining
CUST03877,2023-09-10,10.29,Dining
CUST03877,2024-10-23,14.31,Travel
CUST03877,2025-05-23,58.98,Electronics
CUST03877,2025-04-15,355.73,Grocery
CUST03877,2023-11-24,11.39,Travel
CUST03877,2023-11-13,378.87,Clothing
CUST03877,2024-12-19,119.95,Clothing
CUST03877,2024-10-22,65.52,Travel
CUST03877,2023-11-28,49.36,Dining
CUST03877,2024-02-21,62.39,Dining
CUST03877,2025-07-18,475.85,Dining
CUST03878,2025-04-23,106.52,Dining
CUST03878,2024-04-06,64.41,Dining
CUST03878,2024-10-01,54.98,Clothing
CUST03878,2023-11-29,73.72,Dining
CUST03878,2023-08-29,89.12,Travel
CUST03878,2023-07-13,9.26,Clothing
CUST03878,2023-10-09,6.39,Travel
CUST03878,2024-07-30,7.47,Grocery
CUST03878,2024-04-06,6.68,Clothing
CUST03878,2024-04-30,87.59,Clothing
CUST03878,2025-01-24,54.21,Electronics
CUST03878,2023-08-14,106.3,Grocery
CUST03878,2024-08-30,37.82,Grocery
CUST03878,2025-07-23,163.74,Grocery
CUST03878,2024-06-05,61.74,Clothing
CUST03878,2024-05-14,42.4,Travel
CUST03878,2024-06-16,51.49,Electronics
CUST03878,2024-09-19,88.19,Travel
CUST03878,2025-07-17,57.62,Electronics
CUST03878,2025-06-24,81.28,Clothing
CUST03878,2023-10-20,282.71,Clothing
CUST03878,2025-04-30,237.92,Clothing
CUST03878,2025-01-22,111.99,Dining
CUST03878,2024-11-24,61.66,Dining
CUST03878,2024-03-21,11.74,Electronics
CUST03878,2023-07-10,30.28,Dining
CUST03878,2024-05-11,189.19,Dining
CUST03878,2023-08-17,42.06,Electronics
CUST03878,2024-07-29,25.22,Travel
CUST03878,2024-03-26,72.75,Electronics
CUST03878,2025-03-15,17.17,Grocery
CUST03878,2024-01-16,46.05,Grocery
CUST03878,2024-10-23,130.38,Electronics
CUST03878,2024-10-22,142.07,Clothing
CUST03878,2024-08-29,237.15,Travel
CUST03878,2024-09-25,362.14,Dining
CUST03878,2023-10-13,42.61,Clothing
CUST03878,2024-06-09,25.13,Dining
CUST03878,2024-07-17,14.58,Grocery
CUST03878,2025-07-12,157.26,Clothing
CUST03878,2025-03-10,143.67,Electronics
CUST03878,2024-01-12,65.23,Travel
CUST03878,2024-10-23,13.95,Dining
CUST03878,2024-08-25,193.18,Dining
CUST03878,2025-05-24,53.66,Travel
CUST03878,2023-08-16,26.98,Grocery
CUST03878,2024-04-23,310.14,Dining
CUST03878,2024-03-16,235.38,Dining
CUST03878,2024-12-27,61.06,Dining
CUST03878,2024-05-04,133.18,Clothing
CUST03878,2024-02-03,36.23,Electronics
CUST03878,2025-02-20,31.21,Grocery
CUST03878,2024-11-12,72.83,Travel
CUST03878,2024-11-21,95.28,Dining
CUST03878,2023-11-30,15.14,Grocery
CUST03878,2024-12-28,127.77,Clothing
CUST03878,2025-07-24,140.64,Clothing
CUST03878,2023-07-04,149.5,Travel
CUST03878,2024-10-29,15.73,Clothing
CUST03878,2023-11-27,138.51,Travel
CUST03878,2024-12-27,62.62,Dining
CUST03878,2025-04-15,47.28,Electronics
CUST03878,2024-01-06,115.19,Clothing
CUST03878,2023-08-06,15.36,Grocery
CUST03878,2025-02-03,16.8,Travel
CUST03878,2024-11-14,81.79,Electronics
CUST03878,2024-12-23,9.14,Grocery
CUST03878,2024-12-12,17.98,Electronics
CUST03878,2023-12-25,115.45,Electronics
CUST03878,2024-11-15,50.77,Dining
CUST03878,2024-09-13,17.23,Electronics
CUST03878,2023-08-29,167.86,Clothing
CUST03878,2025-04-15,90.08,Clothing
CUST03878,2025-07-19,7.01,Electronics
CUST03878,2024-07-17,64.1,Clothing
CUST03878,2024-04-05,70.96,Travel
CUST03878,2023-09-07,310.78,Electronics
CUST03878,2024-10-11,59.33,Travel
CUST03878,2024-01-28,8.59,Clothing
CUST03878,2024-11-11,217.5,Electronics
CUST03878,2024-12-08,43.39,Clothing
CUST03878,2024-05-12,95.16,Grocery
CUST03878,2023-12-02,96.69,Dining
CUST03878,2024-12-13,21.27,Travel
CUST03878,2024-02-05,8.63,Electronics
CUST03878,2024-02-29,74.94,Grocery
CUST03878,2025-07-30,152.21,Travel
CUST03878,2023-09-12,307.15,Electronics
CUST03878,2024-09-12,27.06,Grocery
CUST03878,2025-06-24,24.77,Travel
CUST03878,2025-04-26,280.2,Grocery
CUST03878,2025-04-23,176.21,Travel
CUST03878,2025-01-04,106.98,Electronics
CUST03878,2025-07-18,9.05,Grocery
CUST03878,2025-06-18,6.89,Electronics
CUST03878,2023-11-12,83.67,Clothing
CUST03878,2024-07-01,15.89,Electronics
CUST03878,2025-05-18,118.08,Clothing
CUST03878,2024-09-06,142.28,Dining
CUST03879,2021-12-27,262.7,Clothing
CUST03879,2023-01-24,75.72,Travel
CUST03879,2021-01-01,23.17,Travel
CUST03879,2022-08-11,32.31,Grocery
CUST03879,2024-05-27,27.43,Clothing
CUST03879,2023-03-28,69.49,Travel
CUST03879,2024-05-18,67.67,Grocery
CUST03879,2023-06-13,44.68,Dining
CUST03879,2022-07-15,61.8,Grocery
CUST03879,2024-01-24,175.81,Dining
CUST03879,2023-07-09,276.99,Grocery
CUST03879,2023-11-01,21.22,Dining
CUST03879,2021-08-14,20.09,Dining
CUST03879,2023-10-12,11.81,Clothing
CUST03879,2022-12-12,42.39,Dining
CUST03879,2025-04-07,30.82,Electronics
CUST03879,2021-06-07,39.72,Clothing
CUST03879,2023-08-27,41.93,Dining
CUST03879,2022-09-27,57.02,Clothing
CUST03879,2025-06-30,260.5,Travel
CUST03879,2023-02-11,6.1,Electronics
CUST03879,2021-10-24,43.87,Travel
CUST03879,2022-06-20,88.39,Dining
CUST03879,2021-12-03,31.54,Clothing
CUST03879,2024-03-31,187.57,Dining
CUST03879,2025-05-13,27.19,Clothing
CUST03879,2024-10-17,76.29,Clothing
CUST03879,2022-06-08,25.44,Dining
CUST03879,2025-01-11,85.07,Clothing
CUST03879,2024-09-07,358.91,Dining
CUST03879,2023-11-01,59.31,Travel
CUST03879,2024-08-22,8.32,Electronics
CUST03879,2021-04-27,80.81,Electronics
CUST03879,2025-02-17,262.77,Grocery
CUST03879,2021-11-28,244.79,Grocery
CUST03879,2020-12-12,19.99,Grocery
CUST03879,2022-04-08,87.53,Grocery
CUST03879,2024-12-24,37.84,Clothing
CUST03879,2023-09-06,25.57,Dining
CUST03879,2023-04-25,81.03,Grocery
CUST03879,2024-12-15,85.22,Dining
CUST03879,2024-09-28,12.0,Electronics
CUST03879,2024-04-13,59.5,Dining
CUST03879,2021-12-20,7.77,Travel
CUST03879,2024-11-26,16.26,Dining
CUST03879,2023-06-11,103.34,Clothing
CUST03879,2025-04-08,43.93,Dining
CUST03879,2024-02-19,18.19,Travel
CUST03879,2020-09-03,54.63,Clothing
CUST03879,2022-11-02,93.45,Grocery
CUST03879,2025-01-12,42.01,Grocery
CUST03879,2022-10-24,54.24,Travel
CUST03879,2021-06-08,5.39,Clothing
CUST03879,2025-04-12,14.44,Travel
CUST03879,2021-11-21,12.83,Dining
CUST03879,2025-06-20,84.39,Clothing
CUST03879,2025-02-06,24.85,Clothing
CUST03879,2025-02-02,131.48,Grocery
CUST03879,2022-11-01,89.01,Clothing
CUST03879,2024-06-06,25.49,Grocery
CUST03879,2025-02-25,31.46,Grocery
CUST03879,2021-08-25,6.74,Travel
CUST03879,2020-11-07,22.18,Clothing
CUST03879,2024-11-18,59.95,Travel
CUST03879,2021-06-30,70.63,Electronics
CUST03879,2023-11-02,54.9,Electronics
CUST03879,2021-07-14,22.39,Travel
CUST03879,2023-01-04,125.4,Travel
CUST03879,2022-10-24,135.1,Electronics
CUST03879,2024-05-22,60.66,Clothing
CUST03879,2020-10-26,124.77,Grocery
CUST03879,2020-09-17,74.17,Electronics
CUST03879,2021-10-19,143.75,Travel
CUST03879,2023-06-14,108.84,Dining
CUST03879,2020-11-05,53.51,Travel
CUST03879,2025-03-09,432.94,Clothing
CUST03879,2025-01-21,224.26,Travel
CUST03879,2020-11-20,7.35,Clothing
CUST03879,2024-10-12,22.97,Grocery
CUST03879,2021-12-23,111.75,Electronics
CUST03879,2023-03-03,97.24,Dining
CUST03879,2020-12-22,12.12,Electronics
CUST03879,2025-06-27,83.19,Dining
CUST03879,2022-08-17,86.56,Electronics
CUST03879,2025-02-08,198.51,Clothing
CUST03879,2024-11-17,197.65,Clothing
CUST03879,2022-08-05,68.92,Travel
CUST03879,2020-12-17,46.19,Grocery
CUST03879,2021-05-08,9.78,Travel
CUST03879,2022-02-08,71.66,Electronics
CUST03879,2022-08-08,219.66,Travel
CUST03879,2023-01-19,18.33,Dining
CUST03879,2023-11-17,154.11,Electronics
CUST03879,2021-07-06,39.04,Dining
CUST03879,2023-04-19,42.18,Clothing
CUST03879,2022-04-22,25.88,Travel
CUST03879,2022-04-24,43.24,Travel
CUST03879,2024-07-11,7.2,Travel
CUST03879,2021-01-21,26.0,Dining
CUST03879,2025-03-20,97.93,Travel
CUST03879,2022-10-29,156.73,Clothing
CUST03879,2024-09-12,196.36,Electronics
CUST03879,2024-03-18,54.8,Clothing
CUST03879,2025-05-29,11.35,Clothing
CUST03879,2021-07-11,10.22,Clothing
CUST03879,2025-06-25,21.98,Travel
CUST03879,2023-06-13,23.72,Electronics
CUST03879,2024-06-30,233.47,Dining
CUST03879,2025-01-16,110.02,Grocery
CUST03879,2022-10-01,52.37,Electronics
CUST03879,2023-10-30,80.17,Clothing
CUST03879,2022-11-27,11.21,Clothing
CUST03879,2024-09-20,148.21,Electronics
CUST03879,2023-01-11,15.85,Clothing
CUST03879,2023-03-06,101.81,Travel
CUST03880,2023-07-15,112.0,Dining
CUST03880,2021-11-30,35.95,Dining
CUST03880,2021-07-20,130.17,Travel
CUST03880,2024-09-02,189.19,Travel
CUST03880,2023-06-08,59.4,Grocery
CUST03880,2021-12-26,71.32,Dining
CUST03880,2022-07-09,202.05,Travel
CUST03880,2024-04-07,104.05,Travel
CUST03880,2023-06-20,67.36,Clothing
CUST03880,2023-10-11,27.07,Dining
CUST03880,2023-12-28,42.83,Electronics
CUST03880,2023-05-29,36.28,Travel
CUST03880,2023-10-17,29.13,Travel
CUST03880,2021-08-21,110.36,Electronics
CUST03880,2023-07-03,148.66,Clothing
CUST03880,2023-03-27,48.26,Clothing
CUST03880,2023-09-17,17.47,Dining
CUST03880,2021-08-06,10.31,Clothing
CUST03880,2022-08-02,8.07,Grocery
CUST03880,2025-04-19,7.44,Grocery
CUST03880,2021-07-19,85.0,Travel
CUST03880,2025-04-22,89.19,Clothing
CUST03880,2024-10-10,5.47,Travel
CUST03880,2024-08-22,32.65,Clothing
CUST03880,2023-01-16,73.76,Electronics
CUST03880,2023-01-31,204.86,Electronics
CUST03880,2024-07-12,30.91,Clothing
CUST03880,2022-06-05,39.2,Travel
CUST03880,2021-09-19,45.64,Travel
CUST03880,2024-07-25,259.84,Dining
CUST03880,2025-02-16,127.39,Electronics
CUST03880,2024-06-23,276.7,Grocery
CUST03880,2025-06-05,97.49,Grocery
CUST03880,2024-04-24,61.57,Electronics
CUST03880,2021-09-16,48.08,Electronics
CUST03880,2024-06-13,55.3,Electronics
CUST03880,2024-07-28,86.67,Travel
CUST03880,2025-05-22,65.38,Clothing
CUST03880,2024-08-05,62.93,Grocery
CUST03880,2025-06-28,96.32,Grocery
CUST03880,2023-06-05,87.64,Electronics
CUST03880,2023-08-18,115.33,Electronics
CUST03880,2025-06-15,19.44,Dining
CUST03880,2022-06-09,137.26,Grocery
CUST03880,2023-07-20,98.52,Electronics
CUST03880,2023-09-14,17.87,Clothing
CUST03880,2021-12-11,57.98,Clothing
CUST03880,2025-07-03,46.72,Dining
CUST03880,2024-09-13,48.97,Dining
CUST03880,2022-02-26,17.72,Dining
CUST03880,2023-08-12,98.5,Electronics
CUST03880,2021-07-04,6.19,Clothing
CUST03880,2024-08-25,189.39,Travel
CUST03880,2022-01-07,30.92,Electronics
CUST03880,2024-05-21,46.79,Electronics
CUST03880,2022-12-19,17.27,Grocery
CUST03880,2023-05-10,34.29,Clothing
CUST03880,2025-02-13,193.58,Grocery
CUST03880,2024-08-24,62.74,Electronics
CUST03880,2024-08-12,29.92,Dining
CUST03880,2025-02-09,23.42,Dining
CUST03880,2023-01-03,29.48,Electronics
CUST03880,2024-12-04,51.05,Travel
CUST03880,2023-08-08,51.96,Electronics
CUST03880,2023-08-13,68.9,Electronics
CUST03880,2021-10-26,11.41,Clothing
CUST03880,2023-08-04,45.68,Travel
CUST03880,2023-08-31,119.34,Electronics
CUST03880,2023-08-22,12.0,Electronics
CUST03880,2023-11-11,46.65,Dining
CUST03880,2025-05-11,168.2,Electronics
CUST03880,2022-07-04,43.87,Clothing
CUST03880,2024-12-09,211.68,Dining
CUST03880,2022-05-30,12.23,Dining
CUST03880,2022-11-06,58.91,Dining
CUST03880,2024-05-11,13.38,Grocery
CUST03880,2021-10-25,115.11,Grocery
CUST03880,2021-06-17,97.37,Travel
CUST03880,2023-04-18,41.77,Dining
CUST03880,2021-11-23,169.71,Clothing
CUST03880,2021-05-20,147.22,Grocery
CUST03880,2022-05-27,336.9,Dining
CUST03881,2024-09-14,90.47,Travel
CUST03881,2023-04-29,50.03,Clothing
CUST03881,2024-06-15,20.95,Clothing
CUST03881,2022-05-10,8.22,Clothing
CUST03881,2023-12-13,140.11,Dining
CUST03881,2024-06-22,21.25,Grocery
CUST03881,2025-02-07,88.01,Travel
CUST03881,2025-07-02,155.79,Grocery
CUST03881,2022-03-29,151.33,Grocery
CUST03881,2021-12-18,60.37,Electronics
CUST03881,2025-06-26,31.52,Travel
CUST03881,2023-03-28,139.06,Travel
CUST03881,2023-01-25,163.1,Dining
CUST03881,2024-11-16,22.46,Dining
CUST03881,2025-02-08,113.54,Travel
CUST03881,2022-12-10,78.98,Travel
CUST03881,2023-09-16,18.98,Electronics
CUST03881,2025-06-14,155.39,Dining
CUST03881,2022-12-11,66.15,Clothing
CUST03881,2025-05-24,93.05,Travel
CUST03881,2022-10-27,45.1,Clothing
CUST03881,2022-10-17,38.1,Grocery
CUST03881,2023-05-13,181.09,Electronics
CUST03881,2024-05-09,44.54,Travel
CUST03881,2023-04-26,12.81,Electronics
CUST03881,2024-06-28,20.97,Clothing
CUST03881,2025-07-05,94.13,Clothing
CUST03881,2022-03-19,78.33,Travel
CUST03881,2022-07-22,208.49,Electronics
CUST03881,2025-04-11,6.81,Travel
CUST03881,2022-10-20,47.62,Travel
CUST03881,2024-11-22,31.99,Clothing
CUST03881,2025-07-03,36.18,Electronics
CUST03881,2022-03-03,150.36,Electronics
CUST03881,2024-06-18,10.21,Clothing
CUST03881,2024-05-11,90.52,Dining
CUST03881,2022-07-07,93.83,Travel
CUST03881,2025-04-24,14.79,Electronics
CUST03881,2023-04-05,31.12,Electronics
CUST03881,2022-01-30,5.3,Clothing
CUST03881,2024-07-29,264.79,Clothing
CUST03881,2023-12-08,158.16,Electronics
CUST03881,2025-04-18,38.12,Clothing
CUST03881,2023-11-13,114.11,Dining
CUST03881,2025-05-06,198.2,Clothing
CUST03881,2024-04-01,64.29,Electronics
CUST03881,2023-05-09,93.67,Grocery
CUST03881,2024-10-06,53.13,Grocery
CUST03881,2023-07-25,89.99,Travel
CUST03881,2023-08-07,20.04,Travel
CUST03881,2024-01-09,155.84,Dining
CUST03881,2023-03-05,114.85,Travel
CUST03881,2024-09-08,29.16,Clothing
CUST03881,2022-06-13,11.41,Electronics
CUST03881,2022-01-27,95.83,Grocery
CUST03881,2021-12-01,18.75,Travel
CUST03881,2023-05-05,112.91,Clothing
CUST03881,2022-07-22,12.3,Grocery
CUST03881,2024-01-17,124.75,Clothing
CUST03881,2025-06-18,14.32,Travel
CUST03881,2022-09-30,204.56,Electronics
CUST03881,2022-06-19,59.42,Electronics
CUST03881,2022-09-22,8.08,Grocery
CUST03881,2023-12-03,148.1,Grocery
CUST03881,2022-02-20,114.63,Grocery
CUST03881,2023-08-19,43.77,Clothing
CUST03881,2022-06-15,104.16,Grocery
CUST03881,2023-01-06,153.64,Travel
CUST03881,2025-02-28,22.31,Grocery
CUST03881,2022-08-11,346.07,Clothing
CUST03881,2022-12-16,84.12,Electronics
CUST03881,2023-07-03,120.25,Electronics
CUST03881,2023-06-03,21.92,Clothing
CUST03881,2022-02-17,8.06,Travel
CUST03881,2025-02-09,73.21,Grocery
CUST03881,2025-06-29,22.66,Travel
CUST03881,2025-05-11,74.7,Clothing
CUST03881,2024-10-19,34.4,Clothing
CUST03881,2025-03-17,17.92,Grocery
CUST03881,2023-08-16,19.67,Clothing
CUST03881,2024-08-20,83.7,Grocery
CUST03881,2023-08-12,13.51,Dining
CUST03881,2022-02-25,87.49,Dining
CUST03881,2024-12-09,62.87,Dining
CUST03881,2024-08-13,249.58,Grocery
CUST03881,2022-06-07,32.4,Grocery
CUST03881,2024-03-08,28.74,Dining
CUST03881,2022-07-25,295.24,Grocery
CUST03881,2023-04-04,128.27,Travel
CUST03881,2023-03-29,166.74,Clothing
CUST03881,2022-08-25,134.81,Dining
CUST03881,2023-05-03,220.95,Travel
CUST03882,2023-05-21,12.65,Electronics
CUST03882,2024-04-05,31.89,Travel
CUST03882,2024-02-13,11.48,Grocery
CUST03882,2024-04-12,220.97,Travel
CUST03882,2025-04-27,75.37,Dining
CUST03882,2022-10-06,14.72,Travel
CUST03882,2024-01-09,127.57,Dining
CUST03882,2024-03-03,43.2,Grocery
CUST03882,2023-04-24,24.32,Travel
CUST03882,2024-01-22,164.15,Travel
CUST03882,2024-11-15,385.64,Electronics
CUST03882,2025-01-07,153.25,Clothing
CUST03882,2023-11-13,73.0,Grocery
CUST03882,2023-10-09,170.71,Grocery
CUST03882,2023-03-13,24.22,Travel
CUST03882,2023-06-17,65.79,Dining
CUST03882,2024-06-27,29.72,Electronics
CUST03882,2022-12-29,61.68,Grocery
CUST03882,2025-01-29,67.74,Electronics
CUST03882,2025-03-15,6.84,Clothing
CUST03882,2023-10-28,195.4,Clothing
CUST03882,2024-10-17,84.31,Dining
CUST03882,2024-08-06,8.92,Electronics
CUST03882,2022-10-15,216.11,Grocery
CUST03882,2023-09-29,97.1,Travel
CUST03882,2023-01-22,31.19,Electronics
CUST03882,2025-07-08,186.81,Electronics
CUST03882,2023-06-19,10.15,Electronics
CUST03882,2024-07-10,157.35,Clothing
CUST03882,2024-12-11,55.18,Clothing
CUST03882,2025-05-18,17.82,Dining
CUST03882,2025-01-05,28.97,Travel
CUST03882,2024-09-27,13.66,Electronics
CUST03882,2024-11-14,84.8,Grocery
CUST03882,2025-01-20,133.84,Clothing
CUST03882,2023-06-20,11.15,Electronics
CUST03882,2022-09-10,68.3,Electronics
CUST03882,2024-03-07,20.57,Travel
CUST03882,2022-12-02,87.3,Electronics
CUST03882,2024-09-10,7.91,Travel
CUST03882,2023-02-12,243.47,Dining
CUST03882,2023-07-07,25.38,Clothing
CUST03882,2023-05-25,192.04,Clothing
CUST03882,2024-10-07,99.27,Dining
CUST03882,2024-01-26,65.53,Grocery
CUST03882,2023-10-19,51.48,Clothing
CUST03882,2023-05-24,18.24,Travel
CUST03882,2024-09-20,34.27,Dining
CUST03882,2025-04-03,55.02,Clothing
CUST03882,2024-05-26,39.35,Electronics
CUST03882,2023-12-13,79.0,Clothing
CUST03882,2024-12-30,248.69,Travel
CUST03882,2025-02-28,27.8,Dining
CUST03882,2023-12-30,93.08,Dining
CUST03882,2022-11-25,249.19,Clothing
CUST03882,2023-06-02,7.76,Clothing
CUST03882,2023-12-22,350.03,Clothing
CUST03882,2022-10-08,52.69,Grocery
CUST03882,2023-04-24,107.32,Grocery
CUST03882,2023-04-24,33.7,Clothing
CUST03882,2025-03-02,47.83,Dining
CUST03882,2022-11-14,58.13,Grocery
CUST03882,2025-07-24,90.41,Grocery
CUST03882,2024-04-23,120.11,Travel
CUST03882,2024-02-09,222.99,Travel
CUST03882,2024-07-11,22.7,Clothing
CUST03882,2024-01-31,61.05,Travel
CUST03882,2025-05-17,20.53,Electronics
CUST03882,2023-07-28,16.24,Grocery
CUST03882,2022-11-01,206.87,Electronics
CUST03882,2025-03-19,29.98,Clothing
CUST03882,2023-08-27,70.04,Dining
CUST03882,2024-05-23,10.46,Grocery
CUST03882,2024-01-24,18.15,Dining
CUST03882,2023-07-19,18.14,Clothing
CUST03882,2023-07-08,50.89,Electronics
CUST03882,2023-10-12,13.03,Grocery
CUST03882,2022-09-30,220.56,Clothing
CUST03882,2025-04-16,213.85,Travel
CUST03882,2023-07-22,102.83,Grocery
CUST03882,2025-05-16,37.12,Dining
CUST03882,2025-03-11,15.36,Electronics
CUST03882,2024-04-27,15.67,Clothing
CUST03882,2023-06-10,51.27,Travel
CUST03882,2025-07-01,106.87,Electronics
CUST03882,2025-05-31,105.64,Dining
CUST03882,2023-01-01,44.73,Travel
CUST03882,2022-12-20,209.97,Grocery
CUST03882,2022-10-17,86.39,Grocery
CUST03882,2022-10-10,34.17,Electronics
CUST03882,2023-03-25,145.55,Dining
CUST03882,2024-01-15,73.16,Travel
CUST03882,2024-05-20,20.7,Dining
CUST03882,2023-05-07,56.36,Travel
CUST03882,2023-02-16,35.96,Travel
CUST03882,2023-06-26,167.73,Electronics
CUST03882,2025-06-13,91.7,Clothing
CUST03882,2025-06-03,30.93,Dining
CUST03882,2023-01-16,38.69,Dining
CUST03882,2022-12-09,11.22,Dining
CUST03882,2022-11-17,100.65,Dining
CUST03882,2025-06-24,28.8,Clothing
CUST03882,2025-02-26,20.4,Grocery
CUST03882,2023-01-12,19.33,Travel
CUST03882,2022-09-26,95.44,Electronics
CUST03882,2023-12-05,19.6,Dining
CUST03882,2023-03-07,14.03,Electronics
CUST03882,2024-09-11,40.12,Electronics
CUST03882,2023-11-22,27.84,Grocery
CUST03882,2024-07-09,7.57,Clothing
CUST03882,2023-07-15,23.35,Clothing
CUST03882,2024-10-16,46.22,Grocery
CUST03882,2023-07-03,8.69,Clothing
CUST03882,2023-01-31,16.3,Grocery
CUST03882,2024-07-07,115.34,Electronics
CUST03882,2023-06-22,42.34,Grocery
CUST03883,2024-12-10,55.21,Clothing
CUST03883,2024-10-29,55.07,Travel
CUST03883,2024-07-04,79.61,Electronics
CUST03883,2024-12-21,81.47,Clothing
CUST03883,2023-06-28,181.09,Electronics
CUST03883,2024-08-18,5.4,Clothing
CUST03883,2025-07-05,108.92,Dining
CUST03883,2024-12-21,62.96,Clothing
CUST03883,2024-08-04,42.9,Electronics
CUST03883,2025-01-02,42.69,Electronics
CUST03883,2024-01-25,160.99,Grocery
CUST03883,2025-04-30,125.29,Electronics
CUST03883,2025-07-12,7.37,Electronics
CUST03883,2024-12-15,59.12,Electronics
CUST03883,2023-03-27,162.22,Grocery
CUST03883,2024-01-05,197.75,Dining
CUST03883,2025-04-27,78.41,Travel
CUST03883,2025-05-24,48.6,Travel
CUST03883,2024-02-28,91.59,Electronics
CUST03883,2024-03-16,10.23,Electronics
CUST03883,2024-07-31,59.12,Clothing
CUST03883,2024-10-20,17.28,Dining
CUST03883,2023-11-25,37.06,Travel
CUST03883,2023-11-17,19.23,Dining
CUST03883,2025-05-17,40.4,Travel
CUST03883,2023-05-14,70.82,Travel
CUST03883,2023-02-13,83.26,Grocery
CUST03883,2024-07-04,13.57,Clothing
CUST03883,2023-05-14,65.0,Dining
CUST03883,2025-06-27,82.48,Travel
CUST03883,2024-12-12,99.25,Travel
CUST03883,2023-04-02,27.18,Electronics
CUST03883,2024-08-18,141.38,Electronics
CUST03883,2024-07-07,141.18,Clothing
CUST03883,2025-07-14,18.59,Electronics
CUST03883,2025-04-24,13.5,Dining
CUST03883,2024-02-28,18.1,Clothing
CUST03883,2025-06-27,42.36,Electronics
CUST03883,2023-12-22,61.58,Electronics
CUST03883,2025-07-22,182.26,Electronics
CUST03883,2025-02-17,168.74,Dining
CUST03883,2024-02-03,273.43,Electronics
CUST03883,2024-04-16,17.47,Dining
CUST03883,2023-05-03,27.46,Dining
CUST03883,2025-05-29,106.23,Travel
CUST03883,2023-11-12,11.25,Grocery
CUST03883,2024-01-08,14.41,Dining
CUST03883,2023-10-15,33.35,Travel
CUST03883,2022-12-31,48.73,Dining
CUST03883,2024-01-01,247.28,Clothing
CUST03883,2025-07-08,40.22,Dining
CUST03883,2023-10-06,15.9,Grocery
CUST03883,2025-05-05,28.16,Travel
CUST03883,2024-05-05,152.88,Travel
CUST03883,2025-07-14,75.35,Clothing
CUST03883,2023-09-08,164.12,Grocery
CUST03883,2023-08-28,39.17,Travel
CUST03883,2023-07-31,23.93,Dining
CUST03883,2022-12-31,98.04,Electronics
CUST03883,2024-10-10,26.89,Travel
CUST03883,2024-08-16,71.9,Travel
CUST03883,2024-01-18,180.25,Grocery
CUST03883,2024-10-13,5.3,Clothing
CUST03883,2025-06-16,27.24,Clothing
CUST03883,2023-04-14,182.78,Electronics
CUST03883,2024-08-21,10.17,Electronics
CUST03883,2023-08-18,124.56,Clothing
CUST03883,2025-06-02,114.09,Dining
CUST03883,2025-02-15,7.17,Electronics
CUST03883,2024-01-26,85.17,Dining
CUST03883,2024-12-09,72.27,Travel
CUST03883,2025-04-12,12.92,Electronics
CUST03883,2024-05-19,313.45,Grocery
CUST03883,2023-06-17,6.25,Travel
CUST03883,2023-05-31,82.12,Clothing
CUST03883,2023-03-06,56.66,Dining
CUST03883,2025-01-13,109.71,Grocery
CUST03883,2024-09-06,50.13,Clothing
CUST03883,2024-08-24,11.56,Dining
CUST03883,2024-06-29,20.91,Clothing
CUST03883,2024-06-02,22.17,Dining
CUST03883,2024-03-29,14.66,Dining
CUST03883,2025-04-25,136.19,Dining
CUST03883,2024-11-18,10.71,Electronics
CUST03883,2025-06-05,42.91,Dining
CUST03883,2024-01-21,104.14,Grocery
CUST03883,2024-04-27,71.59,Travel
CUST03883,2024-03-07,6.29,Electronics
CUST03883,2023-01-05,30.07,Dining
CUST03883,2024-09-22,42.05,Travel
CUST03883,2025-03-18,64.56,Travel
CUST03883,2025-03-03,96.22,Electronics
CUST03883,2025-06-22,50.05,Travel
CUST03883,2023-03-24,36.93,Clothing
CUST03883,2023-08-27,28.67,Dining
CUST03883,2024-03-09,176.96,Travel
CUST03883,2025-07-29,34.84,Travel
CUST03883,2024-01-29,101.19,Travel
CUST03883,2024-08-21,16.92,Electronics
CUST03883,2024-10-25,10.49,Dining
CUST03883,2025-03-01,32.66,Grocery
CUST03883,2024-08-16,129.26,Grocery
CUST03883,2025-07-29,5.21,Dining
CUST03883,2024-07-24,108.93,Dining
CUST03883,2023-12-25,20.87,Electronics
CUST03883,2023-09-22,73.19,Dining
CUST03883,2024-12-21,34.38,Dining
CUST03883,2023-11-02,97.58,Dining
CUST03883,2025-07-03,153.31,Clothing
CUST03884,2024-06-19,12.75,Grocery
CUST03884,2024-08-30,24.11,Clothing
CUST03884,2024-02-17,47.39,Travel
CUST03884,2024-05-19,37.43,Grocery
CUST03884,2025-01-26,189.74,Travel
CUST03884,2024-05-05,41.23,Travel
CUST03884,2025-05-30,34.46,Travel
CUST03884,2025-05-14,217.17,Grocery
CUST03884,2025-01-24,51.4,Dining
CUST03884,2024-01-16,85.2,Clothing
CUST03884,2025-06-15,11.16,Dining
CUST03884,2024-04-06,21.72,Grocery
CUST03884,2024-02-22,54.99,Clothing
CUST03884,2024-10-16,118.24,Grocery
CUST03884,2024-07-17,50.65,Dining
CUST03884,2024-08-14,145.01,Grocery
CUST03884,2025-01-20,21.96,Clothing
CUST03884,2024-09-24,17.86,Grocery
CUST03884,2025-05-05,48.24,Grocery
CUST03884,2025-02-14,127.69,Travel
CUST03884,2024-04-03,13.21,Electronics
CUST03884,2024-06-24,106.56,Travel
CUST03884,2024-07-07,27.71,Dining
CUST03884,2025-02-22,44.46,Travel
CUST03884,2024-08-18,92.54,Travel
CUST03884,2025-07-05,34.47,Electronics
CUST03884,2024-01-06,144.53,Electronics
CUST03884,2024-02-07,31.39,Electronics
CUST03884,2024-09-09,30.99,Electronics
CUST03884,2025-07-25,125.63,Clothing
CUST03884,2024-04-23,23.51,Clothing
CUST03884,2024-05-05,84.38,Travel
CUST03884,2024-05-29,133.28,Travel
CUST03884,2025-06-17,52.32,Electronics
CUST03884,2024-08-31,29.72,Dining
CUST03884,2025-06-22,24.31,Electronics
CUST03884,2025-06-11,49.68,Travel
CUST03884,2024-07-24,125.27,Travel
CUST03884,2024-07-18,353.29,Dining
CUST03884,2025-01-07,8.68,Dining
CUST03884,2024-07-14,149.87,Dining
CUST03884,2025-01-27,55.89,Grocery
CUST03884,2025-03-06,11.38,Electronics
CUST03884,2025-05-23,48.1,Grocery
CUST03884,2025-07-16,88.67,Travel
CUST03884,2025-02-08,254.88,Clothing
CUST03884,2024-08-06,12.14,Travel
CUST03884,2024-07-14,13.69,Grocery
CUST03884,2024-11-02,58.08,Travel
CUST03884,2024-04-27,23.45,Travel
CUST03884,2025-03-09,19.54,Electronics
CUST03884,2024-09-25,67.53,Dining
CUST03884,2024-03-03,68.17,Clothing
CUST03884,2024-03-02,45.57,Electronics
CUST03884,2024-04-03,141.27,Grocery
CUST03884,2025-06-23,15.33,Dining
CUST03884,2024-06-17,63.34,Travel
CUST03884,2024-02-23,157.95,Travel
CUST03884,2024-10-26,177.84,Clothing
CUST03884,2025-03-06,54.38,Dining
CUST03884,2024-06-18,78.47,Grocery
CUST03884,2024-06-27,128.67,Dining
CUST03884,2025-04-26,32.09,Dining
CUST03884,2025-04-29,15.4,Electronics
CUST03884,2025-03-11,15.41,Dining
CUST03884,2025-07-18,14.95,Dining
CUST03884,2024-07-04,125.15,Travel
CUST03884,2025-04-25,36.42,Travel
CUST03884,2024-06-17,89.81,Grocery
CUST03884,2024-10-29,116.04,Clothing
CUST03884,2024-11-05,55.94,Travel
CUST03884,2024-11-30,6.08,Electronics
CUST03884,2024-10-23,53.96,Grocery
CUST03884,2025-06-18,141.55,Grocery
CUST03884,2024-11-07,5.81,Clothing
CUST03884,2024-08-27,22.07,Grocery
CUST03884,2024-06-02,61.88,Travel
CUST03884,2024-01-28,9.58,Electronics
CUST03884,2024-05-29,78.9,Grocery
CUST03884,2024-10-18,109.37,Grocery
CUST03884,2024-08-16,29.73,Dining
CUST03884,2024-08-18,59.07,Grocery
CUST03884,2024-10-07,17.2,Electronics
CUST03884,2024-06-01,38.44,Electronics
CUST03884,2024-09-13,132.3,Electronics
CUST03884,2025-02-12,121.31,Travel
CUST03885,2024-07-10,120.98,Clothing
CUST03885,2024-07-08,64.7,Dining
CUST03885,2023-12-21,61.29,Clothing
CUST03885,2024-04-21,60.19,Clothing
CUST03885,2025-07-21,90.15,Electronics
CUST03885,2024-10-29,17.65,Travel
CUST03885,2024-12-06,144.85,Clothing
CUST03885,2024-03-02,142.63,Electronics
CUST03885,2023-02-11,20.36,Travel
CUST03885,2022-12-06,14.67,Travel
CUST03885,2023-02-22,11.94,Grocery
CUST03885,2022-10-24,30.07,Grocery
CUST03885,2023-11-06,203.99,Travel
CUST03885,2025-03-09,8.32,Travel
CUST03885,2024-11-10,13.93,Electronics
CUST03885,2024-12-06,200.14,Dining
CUST03885,2023-07-22,157.33,Travel
CUST03885,2022-12-30,118.54,Clothing
CUST03885,2024-01-26,68.14,Dining
CUST03885,2023-01-21,18.15,Dining
CUST03885,2024-01-05,5.98,Electronics
CUST03885,2024-04-23,13.17,Dining
CUST03885,2022-04-17,88.6,Grocery
CUST03885,2025-06-06,318.5,Grocery
CUST03885,2025-03-05,13.85,Clothing
CUST03885,2023-10-29,55.43,Travel
CUST03885,2025-05-26,44.01,Grocery
CUST03885,2023-06-04,55.16,Dining
CUST03885,2022-10-14,78.31,Dining
CUST03885,2024-06-14,159.12,Dining
CUST03885,2022-07-24,156.21,Travel
CUST03885,2022-02-12,20.69,Dining
CUST03885,2024-08-01,27.19,Dining
CUST03885,2024-02-20,59.11,Dining
CUST03885,2022-11-07,66.13,Travel
CUST03885,2025-05-16,34.92,Dining
CUST03885,2022-05-13,30.92,Dining
CUST03885,2023-02-15,9.71,Dining
CUST03885,2024-08-06,10.15,Electronics
CUST03885,2022-01-07,5.9,Clothing
CUST03885,2023-11-16,104.59,Clothing
CUST03885,2023-11-20,178.86,Grocery
CUST03885,2022-01-13,38.92,Dining
CUST03885,2022-05-09,44.92,Electronics
CUST03885,2022-03-31,244.59,Dining
CUST03885,2021-09-28,46.1,Clothing
CUST03885,2024-03-24,381.56,Clothing
CUST03885,2025-07-22,87.82,Clothing
CUST03885,2024-10-07,29.63,Travel
CUST03885,2023-05-09,344.15,Electronics
CUST03885,2025-06-26,113.34,Dining
CUST03885,2023-07-25,17.33,Travel
CUST03885,2022-08-18,106.36,Grocery
CUST03885,2022-09-24,74.74,Electronics
CUST03885,2024-06-04,60.42,Grocery
CUST03885,2023-03-08,69.99,Electronics
CUST03885,2022-03-02,21.62,Clothing
CUST03885,2024-05-19,19.68,Travel
CUST03885,2023-03-09,151.91,Clothing
CUST03885,2024-09-01,27.28,Clothing
CUST03885,2023-05-03,222.92,Electronics
CUST03885,2022-10-27,172.27,Electronics
CUST03885,2025-01-18,64.11,Grocery
CUST03885,2024-04-30,11.53,Clothing
CUST03885,2023-02-08,86.21,Travel
CUST03885,2024-01-21,109.49,Dining
CUST03885,2022-02-21,19.9,Grocery
CUST03885,2025-02-11,86.29,Travel
CUST03885,2022-07-25,117.73,Dining
CUST03885,2025-06-05,121.45,Grocery
CUST03885,2023-10-08,126.13,Travel
CUST03885,2023-06-14,81.32,Travel
CUST03885,2023-06-25,33.8,Travel
CUST03885,2023-11-18,22.06,Grocery
CUST03885,2023-04-20,35.29,Electronics
CUST03885,2025-01-03,17.79,Clothing
CUST03885,2024-08-26,33.26,Dining
CUST03885,2023-04-25,19.11,Grocery
CUST03885,2024-03-04,146.19,Dining
CUST03885,2022-02-16,66.13,Clothing
CUST03885,2023-07-30,33.28,Clothing
CUST03885,2024-03-13,176.52,Grocery
CUST03885,2023-08-07,68.58,Clothing
CUST03885,2024-01-21,38.62,Dining
CUST03885,2024-05-04,7.12,Grocery
CUST03885,2023-09-19,203.64,Dining
CUST03885,2025-03-20,188.82,Travel
CUST03885,2024-07-27,326.97,Clothing
CUST03885,2022-01-09,142.15,Dining
CUST03885,2021-12-18,155.25,Travel
CUST03885,2023-04-15,109.28,Clothing
CUST03885,2024-02-17,120.49,Clothing
CUST03885,2024-09-03,268.53,Grocery
CUST03885,2024-09-25,5.73,Dining
CUST03885,2023-11-25,30.79,Clothing
CUST03885,2025-01-12,17.38,Grocery
CUST03885,2023-10-04,240.96,Clothing
CUST03885,2023-07-16,379.58,Grocery
CUST03885,2022-03-03,93.1,Travel
CUST03885,2023-04-21,161.24,Grocery
CUST03885,2022-02-13,149.54,Travel
CUST03885,2023-06-01,8.31,Dining
CUST03885,2024-06-06,120.9,Travel
CUST03885,2022-09-16,141.22,Clothing
CUST03885,2022-10-21,139.02,Travel
CUST03886,2023-07-12,58.49,Electronics
CUST03886,2022-01-04,13.66,Grocery
CUST03886,2024-05-13,15.94,Clothing
CUST03886,2023-10-25,184.31,Grocery
CUST03886,2024-05-28,161.56,Electronics
CUST03886,2025-06-29,10.15,Dining
CUST03886,2025-06-11,28.67,Dining
CUST03886,2023-11-25,11.85,Travel
CUST03886,2022-04-01,78.16,Dining
CUST03886,2025-02-06,121.05,Grocery
CUST03886,2022-03-15,10.69,Travel
CUST03886,2023-05-24,40.29,Dining
CUST03886,2022-01-09,141.04,Electronics
CUST03886,2024-02-03,104.27,Clothing
CUST03886,2023-08-17,149.69,Clothing
CUST03886,2022-11-04,27.84,Electronics
CUST03886,2022-05-08,159.92,Clothing
CUST03886,2024-11-04,45.29,Clothing
CUST03886,2023-12-31,107.2,Clothing
CUST03886,2025-06-22,168.69,Electronics
CUST03886,2024-08-19,168.63,Dining
CUST03886,2024-12-23,179.83,Electronics
CUST03886,2024-04-25,91.39,Grocery
CUST03886,2024-11-06,59.71,Travel
CUST03886,2022-06-28,20.51,Clothing
CUST03886,2023-11-28,33.76,Electronics
CUST03886,2022-04-20,125.14,Clothing
CUST03886,2021-11-08,154.36,Electronics
CUST03886,2022-03-02,68.82,Clothing
CUST03886,2023-01-18,47.32,Electronics
CUST03886,2023-05-09,21.61,Electronics
CUST03886,2024-03-06,77.64,Dining
CUST03886,2021-11-22,39.32,Dining
CUST03886,2025-01-14,25.03,Electronics
CUST03886,2023-04-06,103.65,Electronics
CUST03886,2022-05-30,6.77,Electronics
CUST03886,2025-07-08,118.63,Electronics
CUST03886,2022-02-28,403.27,Clothing
CUST03886,2025-05-26,66.64,Dining
CUST03886,2024-10-18,206.89,Electronics
CUST03886,2023-09-01,29.07,Travel
CUST03886,2024-03-16,61.48,Grocery
CUST03886,2022-01-07,100.08,Electronics
CUST03886,2023-09-15,285.41,Grocery
CUST03886,2023-02-24,5.05,Clothing
CUST03886,2023-01-08,126.21,Dining
CUST03886,2024-03-18,16.78,Dining
CUST03886,2022-05-07,15.37,Travel
CUST03886,2024-06-20,75.57,Dining
CUST03886,2021-11-30,185.84,Grocery
CUST03886,2025-01-04,55.97,Electronics
CUST03886,2023-09-11,104.41,Clothing
CUST03886,2022-09-14,23.37,Clothing
CUST03886,2022-05-19,83.08,Clothing
CUST03886,2021-11-13,46.3,Clothing
CUST03886,2022-04-10,45.78,Travel
CUST03886,2025-05-06,68.44,Dining
CUST03886,2023-03-05,125.9,Dining
CUST03886,2025-05-29,70.13,Electronics
CUST03886,2023-10-28,62.27,Clothing
CUST03886,2022-06-09,363.09,Dining
CUST03886,2024-08-30,131.66,Clothing
CUST03886,2022-10-06,179.42,Dining
CUST03886,2022-11-07,124.0,Grocery
CUST03886,2023-02-07,12.4,Travel
CUST03886,2024-09-05,132.06,Clothing
CUST03886,2024-12-30,32.31,Travel
CUST03886,2022-06-05,90.7,Travel
CUST03886,2021-11-18,23.11,Electronics
CUST03886,2022-02-22,58.77,Electronics
CUST03886,2025-02-05,104.62,Dining
CUST03886,2022-12-26,18.75,Dining
CUST03886,2021-11-23,47.71,Clothing
CUST03886,2022-10-31,9.49,Dining
CUST03886,2024-06-29,33.39,Dining
CUST03886,2023-12-29,23.06,Travel
CUST03886,2023-11-10,6.15,Electronics
CUST03886,2022-08-21,30.5,Electronics
CUST03886,2022-06-09,110.12,Clothing
CUST03886,2023-07-29,192.61,Travel
CUST03886,2025-03-29,79.23,Clothing
CUST03886,2022-09-16,8.66,Grocery
CUST03886,2025-02-03,122.3,Grocery
CUST03886,2025-03-29,9.41,Clothing
CUST03886,2022-11-27,60.9,Travel
CUST03887,2023-10-05,22.3,Dining
CUST03887,2023-08-15,60.78,Grocery
CUST03887,2023-02-04,46.31,Electronics
CUST03887,2023-04-22,65.76,Dining
CUST03887,2023-09-16,59.03,Grocery
CUST03887,2024-12-19,198.63,Travel
CUST03887,2024-10-13,136.24,Electronics
CUST03887,2023-05-03,29.14,Travel
CUST03887,2024-11-10,136.23,Travel
CUST03887,2022-11-24,332.32,Grocery
CUST03887,2024-10-30,50.72,Clothing
CUST03887,2025-02-08,53.04,Clothing
CUST03887,2024-09-22,317.86,Electronics
CUST03887,2025-05-25,73.03,Electronics
CUST03887,2023-08-25,42.58,Grocery
CUST03887,2024-04-13,50.72,Dining
CUST03887,2022-12-20,35.53,Electronics
CUST03887,2025-04-07,49.02,Electronics
CUST03887,2025-05-20,96.68,Electronics
CUST03887,2023-12-23,83.94,Dining
CUST03887,2024-04-22,24.55,Electronics
CUST03887,2024-02-18,26.63,Dining
CUST03887,2024-08-06,11.63,Dining
CUST03887,2023-08-15,27.87,Clothing
CUST03887,2024-01-23,36.14,Dining
CUST03887,2025-03-03,72.16,Clothing
CUST03887,2024-01-28,12.31,Grocery
CUST03887,2023-12-01,482.76,Travel
CUST03887,2024-10-23,24.5,Electronics
CUST03887,2025-06-02,154.26,Clothing
CUST03887,2025-05-01,48.37,Clothing
CUST03887,2024-04-02,13.6,Travel
CUST03887,2024-02-04,23.39,Clothing
CUST03887,2025-07-28,191.86,Travel
CUST03887,2024-08-08,47.86,Dining
CUST03887,2024-01-08,168.56,Grocery
CUST03887,2025-03-04,65.6,Travel
CUST03887,2022-12-04,9.38,Travel
CUST03887,2025-05-25,67.56,Dining
CUST03887,2025-06-11,73.22,Grocery
CUST03887,2024-06-30,96.95,Grocery
CUST03887,2022-12-03,56.81,Travel
CUST03887,2024-11-06,66.38,Clothing
CUST03887,2025-07-28,47.55,Dining
CUST03887,2023-09-16,10.77,Electronics
CUST03887,2024-08-23,54.21,Electronics
CUST03887,2025-01-14,123.13,Electronics
CUST03887,2025-04-05,166.6,Electronics
CUST03887,2025-05-27,92.77,Grocery
CUST03887,2023-12-29,7.99,Travel
CUST03887,2025-07-05,83.6,Grocery
CUST03887,2024-12-31,115.15,Dining
CUST03887,2025-06-19,59.72,Grocery
CUST03887,2024-11-19,170.39,Travel
CUST03887,2023-10-07,84.62,Dining
CUST03887,2022-12-16,45.75,Grocery
CUST03887,2024-06-15,56.34,Grocery
CUST03887,2023-04-04,103.23,Clothing
CUST03887,2023-10-15,82.56,Grocery
CUST03887,2023-02-20,24.66,Clothing
CUST03887,2023-09-07,9.99,Travel
CUST03887,2023-01-01,119.2,Travel
CUST03887,2024-05-30,104.89,Grocery
CUST03887,2024-11-03,65.18,Clothing
CUST03887,2023-12-18,5.6,Grocery
CUST03887,2025-07-03,101.7,Travel
CUST03887,2023-07-02,38.09,Dining
CUST03887,2025-01-31,26.78,Clothing
CUST03887,2023-05-21,43.2,Grocery
CUST03887,2023-12-05,52.87,Dining
CUST03887,2024-03-18,55.78,Travel
CUST03887,2023-09-09,64.45,Travel
CUST03887,2024-04-20,245.27,Grocery
CUST03887,2024-09-21,42.17,Grocery
CUST03887,2024-07-15,88.23,Travel
CUST03887,2025-06-07,44.9,Travel
CUST03887,2024-09-27,187.13,Electronics
CUST03887,2023-12-26,108.28,Grocery
CUST03887,2024-02-19,94.22,Electronics
CUST03887,2022-12-12,196.25,Dining
CUST03887,2024-02-04,43.72,Electronics
CUST03887,2023-03-17,45.27,Electronics
CUST03887,2025-03-25,46.99,Clothing
CUST03887,2024-05-10,26.39,Travel
CUST03887,2024-03-15,298.24,Dining
CUST03887,2024-07-05,38.69,Grocery
CUST03887,2024-01-05,18.27,Dining
CUST03887,2025-04-01,31.65,Clothing
CUST03887,2024-09-08,24.33,Grocery
CUST03887,2022-10-29,84.7,Dining
CUST03887,2023-12-21,50.46,Travel
CUST03887,2024-05-17,57.55,Dining
CUST03887,2025-04-27,135.83,Dining
CUST03887,2023-09-06,76.45,Travel
CUST03887,2023-07-10,401.38,Electronics
CUST03887,2024-10-06,142.7,Clothing
CUST03887,2023-04-21,163.18,Grocery
CUST03887,2023-05-17,93.86,Travel
CUST03887,2024-03-23,67.69,Grocery
CUST03887,2023-11-29,8.76,Grocery
CUST03887,2025-05-22,59.56,Electronics
CUST03887,2025-07-05,7.17,Travel
CUST03887,2025-04-06,66.34,Travel
CUST03887,2023-10-04,56.88,Grocery
CUST03887,2023-05-14,191.89,Grocery
CUST03887,2023-04-11,340.37,Grocery
CUST03887,2024-11-16,262.92,Clothing
CUST03887,2023-02-24,22.46,Grocery
CUST03888,2024-09-24,109.7,Dining
CUST03888,2024-09-14,95.85,Travel
CUST03888,2024-12-21,57.94,Travel
CUST03888,2024-11-11,99.34,Grocery
CUST03888,2025-05-02,171.43,Travel
CUST03888,2025-06-07,78.61,Dining
CUST03888,2025-06-27,32.53,Electronics
CUST03888,2025-01-15,34.22,Travel
CUST03888,2024-10-27,53.75,Travel
CUST03888,2025-06-17,118.46,Clothing
CUST03888,2025-02-08,21.87,Travel
CUST03888,2025-03-25,38.65,Electronics
CUST03888,2025-04-30,195.58,Dining
CUST03888,2024-09-16,63.99,Clothing
CUST03888,2025-02-20,28.3,Travel
CUST03888,2024-11-11,40.33,Travel
CUST03888,2024-09-30,211.59,Travel
CUST03888,2025-06-20,5.86,Dining
CUST03888,2024-12-01,69.11,Clothing
CUST03888,2025-03-06,19.47,Clothing
CUST03888,2024-09-13,44.43,Electronics
CUST03888,2025-07-15,45.28,Electronics
CUST03888,2024-09-12,5.27,Travel
CUST03888,2025-03-20,28.23,Travel
CUST03888,2024-12-08,5.19,Grocery
CUST03888,2025-01-02,150.41,Dining
CUST03888,2024-10-14,151.54,Grocery
CUST03888,2024-11-24,23.27,Dining
CUST03888,2024-09-22,42.04,Grocery
CUST03888,2025-08-01,48.15,Travel
CUST03888,2025-03-09,81.91,Travel
CUST03888,2024-08-03,87.42,Electronics
CUST03888,2025-06-01,38.88,Electronics
CUST03888,2025-07-01,70.02,Clothing
CUST03888,2025-04-29,83.88,Electronics
CUST03888,2025-07-11,92.99,Dining
CUST03888,2024-09-11,126.81,Dining
CUST03888,2025-05-08,47.65,Travel
CUST03888,2024-09-07,14.8,Electronics
CUST03888,2025-05-06,39.3,Grocery
CUST03888,2025-01-11,104.35,Clothing
CUST03888,2024-11-02,86.84,Electronics
CUST03888,2025-05-05,11.16,Dining
CUST03888,2024-10-08,119.93,Dining
CUST03888,2025-07-09,10.25,Dining
CUST03888,2025-04-13,61.07,Travel
CUST03888,2024-10-10,131.57,Electronics
CUST03888,2025-07-30,158.46,Electronics
CUST03888,2025-04-30,31.06,Dining
CUST03888,2024-08-22,111.78,Electronics
CUST03888,2024-08-23,5.58,Clothing
CUST03888,2024-08-18,35.87,Clothing
CUST03888,2025-02-08,250.3,Grocery
CUST03888,2025-06-19,6.66,Electronics
CUST03888,2025-07-06,79.75,Dining
CUST03888,2024-07-20,63.96,Grocery
CUST03888,2025-07-07,24.75,Clothing
CUST03888,2025-03-12,51.65,Dining
CUST03888,2024-09-28,97.37,Grocery
CUST03888,2024-11-04,83.83,Clothing
CUST03888,2025-02-02,120.26,Travel
CUST03888,2024-10-11,6.45,Electronics
CUST03888,2025-07-25,95.65,Dining
CUST03888,2025-06-10,77.37,Travel
CUST03888,2024-09-26,137.86,Electronics
CUST03888,2025-06-14,67.14,Grocery
CUST03888,2024-08-21,36.78,Grocery
CUST03888,2025-04-06,14.05,Electronics
CUST03888,2025-07-20,133.37,Dining
CUST03888,2025-01-11,41.92,Dining
CUST03888,2024-11-08,10.3,Travel
CUST03888,2024-09-01,27.92,Travel
CUST03888,2025-06-14,13.68,Grocery
CUST03888,2024-10-20,37.41,Grocery
CUST03888,2025-02-16,321.2,Electronics
CUST03888,2025-05-08,7.6,Grocery
CUST03888,2024-11-01,27.56,Clothing
CUST03888,2025-02-21,63.59,Clothing
CUST03888,2025-03-15,82.34,Grocery
CUST03888,2024-12-08,27.2,Dining
CUST03888,2025-02-27,229.72,Dining
CUST03888,2025-01-21,139.03,Travel
CUST03888,2024-09-02,63.36,Clothing
CUST03888,2024-09-19,43.19,Dining
CUST03888,2025-07-19,67.61,Travel
CUST03888,2025-04-15,26.53,Electronics
CUST03888,2024-11-18,48.31,Clothing
CUST03888,2025-04-12,93.93,Electronics
CUST03888,2024-08-27,10.46,Dining
CUST03888,2025-03-09,12.55,Travel
CUST03888,2024-10-21,114.59,Dining
CUST03888,2025-02-13,25.38,Clothing
CUST03888,2025-04-14,33.29,Travel
CUST03888,2025-04-19,48.77,Electronics
CUST03888,2025-04-05,57.6,Clothing
CUST03888,2024-11-27,7.67,Travel
CUST03888,2024-11-21,140.3,Dining
CUST03888,2024-10-16,79.63,Dining
CUST03889,2023-12-15,241.26,Grocery
CUST03889,2024-02-23,49.37,Electronics
CUST03889,2024-09-03,30.57,Travel
CUST03889,2025-02-18,125.69,Dining
CUST03889,2023-02-17,149.53,Grocery
CUST03889,2024-02-16,176.6,Dining
CUST03889,2022-12-19,88.43,Grocery
CUST03889,2022-03-17,33.64,Grocery
CUST03889,2024-12-09,44.9,Grocery
CUST03889,2025-06-14,30.42,Electronics
CUST03889,2023-12-18,36.14,Dining
CUST03889,2024-09-24,17.85,Dining
CUST03889,2022-11-07,65.66,Electronics
CUST03889,2024-02-10,133.41,Dining
CUST03889,2024-10-19,171.49,Clothing
CUST03889,2025-04-18,11.27,Travel
CUST03889,2025-06-27,10.93,Grocery
CUST03889,2022-07-13,58.21,Dining
CUST03889,2023-10-24,104.31,Clothing
CUST03889,2024-09-10,12.78,Clothing
CUST03889,2025-04-08,84.85,Clothing
CUST03889,2022-09-23,124.28,Dining
CUST03889,2022-10-11,10.91,Grocery
CUST03889,2022-12-24,32.39,Electronics
CUST03889,2023-02-17,118.82,Dining
CUST03889,2023-12-26,55.18,Dining
CUST03889,2023-11-07,5.27,Electronics
CUST03889,2022-05-04,70.36,Grocery
CUST03889,2024-12-16,160.88,Travel
CUST03889,2024-12-22,106.43,Grocery
CUST03889,2022-06-06,130.06,Clothing
CUST03889,2023-05-21,121.03,Clothing
CUST03889,2024-03-21,42.04,Grocery
CUST03889,2023-09-07,55.06,Travel
CUST03889,2024-01-12,74.41,Dining
CUST03889,2022-09-16,122.99,Electronics
CUST03889,2022-09-26,32.48,Dining
CUST03889,2025-02-22,95.91,Electronics
CUST03889,2025-06-27,139.15,Travel
CUST03889,2023-08-31,42.94,Clothing
CUST03889,2023-02-22,46.92,Dining
CUST03889,2025-01-26,113.22,Grocery
CUST03889,2023-05-20,36.45,Clothing
CUST03889,2022-11-24,19.45,Electronics
CUST03889,2025-01-19,136.45,Grocery
CUST03889,2022-12-07,11.71,Clothing
CUST03889,2024-04-10,197.86,Dining
CUST03889,2024-01-29,19.48,Electronics
CUST03889,2022-11-05,237.8,Clothing
CUST03889,2023-06-19,314.14,Clothing
CUST03889,2022-10-13,82.09,Dining
CUST03889,2023-03-10,62.62,Electronics
CUST03889,2024-03-28,29.63,Clothing
CUST03889,2023-09-27,8.7,Electronics
CUST03889,2024-11-11,113.96,Grocery
CUST03889,2025-01-03,57.94,Electronics
CUST03889,2025-07-28,6.95,Clothing
CUST03889,2022-11-26,14.92,Travel
CUST03889,2023-10-30,55.15,Clothing
CUST03889,2023-02-27,12.16,Grocery
CUST03889,2023-12-07,118.02,Clothing
CUST03889,2024-12-11,30.61,Grocery
CUST03889,2023-11-21,106.68,Grocery
CUST03889,2023-01-06,17.78,Grocery
CUST03889,2022-08-04,214.24,Grocery
CUST03889,2025-02-07,113.58,Clothing
CUST03889,2024-09-23,46.05,Dining
CUST03889,2025-03-02,5.12,Travel
CUST03889,2023-03-04,21.97,Grocery
CUST03889,2023-10-13,33.71,Dining
CUST03889,2024-01-23,105.21,Electronics
CUST03889,2025-07-28,32.99,Grocery
CUST03889,2022-09-26,29.78,Clothing
CUST03889,2023-01-10,6.3,Grocery
CUST03889,2024-01-22,14.51,Dining
CUST03889,2023-09-24,17.14,Dining
CUST03889,2023-10-02,26.64,Grocery
CUST03889,2023-08-19,199.9,Grocery
CUST03889,2022-05-25,12.86,Electronics
CUST03889,2025-06-12,14.49,Dining
CUST03889,2024-07-01,17.05,Dining
CUST03889,2022-09-28,26.93,Clothing
CUST03889,2025-06-06,19.79,Clothing
CUST03889,2023-04-28,28.98,Grocery
CUST03889,2023-09-24,22.28,Travel
CUST03889,2022-07-15,59.25,Electronics
CUST03889,2023-03-31,14.38,Grocery
CUST03889,2022-08-24,12.75,Electronics
CUST03889,2023-07-19,155.71,Clothing
CUST03889,2023-11-07,9.48,Dining
CUST03889,2022-08-09,88.32,Dining
CUST03889,2025-04-20,122.07,Dining
CUST03889,2025-03-23,212.32,Travel
CUST03889,2023-06-03,57.47,Dining
CUST03889,2022-03-30,43.91,Electronics
CUST03890,2024-04-07,271.6,Clothing
CUST03890,2024-10-30,141.13,Clothing
CUST03890,2024-11-28,12.45,Electronics
CUST03890,2023-11-25,15.34,Grocery
CUST03890,2023-09-09,18.01,Dining
CUST03890,2021-11-28,169.93,Clothing
CUST03890,2023-06-26,259.91,Electronics
CUST03890,2023-06-24,13.25,Grocery
CUST03890,2025-03-05,244.56,Clothing
CUST03890,2021-12-06,58.55,Clothing
CUST03890,2023-07-06,187.41,Electronics
CUST03890,2024-12-07,42.03,Dining
CUST03890,2024-08-30,7.71,Grocery
CUST03890,2023-04-27,76.35,Travel
CUST03890,2024-06-17,620.19,Dining
CUST03890,2025-03-10,354.07,Travel
CUST03890,2023-10-11,9.32,Grocery
CUST03890,2024-04-03,113.43,Travel
CUST03890,2022-01-01,62.06,Dining
CUST03890,2024-09-24,18.9,Clothing
CUST03890,2025-06-28,191.51,Travel
CUST03890,2023-10-12,117.33,Clothing
CUST03890,2023-08-25,18.45,Travel
CUST03890,2023-01-23,40.86,Electronics
CUST03890,2023-12-07,51.57,Grocery
CUST03890,2023-01-02,42.35,Travel
CUST03890,2022-08-13,28.85,Electronics
CUST03890,2023-10-27,72.13,Dining
CUST03890,2024-02-08,72.05,Travel
CUST03890,2021-11-24,14.97,Grocery
CUST03890,2024-05-10,27.48,Clothing
CUST03890,2023-01-02,35.42,Electronics
CUST03890,2024-06-20,27.67,Grocery
CUST03890,2022-06-07,98.88,Electronics
CUST03890,2025-02-15,15.68,Dining
CUST03890,2023-07-23,44.92,Dining
CUST03890,2024-07-21,143.56,Travel
CUST03890,2023-06-27,29.25,Travel
CUST03890,2022-08-17,108.71,Dining
CUST03890,2024-07-13,84.08,Dining
CUST03890,2023-10-31,169.79,Dining
CUST03890,2022-08-13,90.13,Dining
CUST03890,2023-06-15,145.38,Electronics
CUST03890,2025-01-04,78.97,Grocery
CUST03890,2023-02-02,100.34,Dining
CUST03890,2025-07-15,168.81,Grocery
CUST03890,2025-01-18,307.48,Dining
CUST03890,2025-04-13,138.77,Dining
CUST03890,2025-06-20,41.37,Electronics
CUST03890,2024-11-09,10.62,Travel
CUST03890,2025-04-09,35.37,Electronics
CUST03890,2022-12-25,19.84,Clothing
CUST03890,2024-03-27,58.95,Dining
CUST03890,2022-03-21,50.54,Clothing
CUST03890,2022-07-01,14.82,Grocery
CUST03890,2023-03-26,19.2,Dining
CUST03890,2025-04-05,72.62,Clothing
CUST03890,2023-03-19,38.93,Dining
CUST03890,2023-10-06,9.92,Clothing
CUST03890,2022-05-24,249.91,Clothing
CUST03890,2024-10-01,52.71,Grocery
CUST03890,2025-02-27,16.98,Clothing
CUST03890,2025-01-31,64.74,Travel
CUST03890,2024-08-02,85.91,Grocery
CUST03890,2024-08-01,135.24,Clothing
CUST03890,2022-05-01,95.07,Clothing
CUST03890,2025-01-01,109.24,Travel
CUST03890,2023-04-28,156.2,Travel
CUST03890,2022-08-06,197.45,Electronics
CUST03890,2022-05-19,56.74,Clothing
CUST03890,2022-10-07,105.78,Grocery
CUST03890,2022-06-13,8.89,Dining
CUST03890,2022-10-13,42.11,Dining
CUST03890,2022-12-27,232.34,Clothing
CUST03890,2023-06-08,65.13,Clothing
CUST03890,2024-10-08,36.77,Clothing
CUST03890,2024-07-11,101.03,Grocery
CUST03890,2022-11-14,118.83,Clothing
CUST03890,2023-12-01,156.77,Dining
CUST03890,2023-08-18,140.29,Dining
CUST03890,2022-01-07,12.36,Electronics
CUST03890,2024-07-31,21.61,Dining
CUST03890,2024-05-22,151.28,Grocery
CUST03890,2025-02-06,81.36,Grocery
CUST03890,2023-11-19,55.73,Dining
CUST03890,2023-04-01,48.54,Electronics
CUST03890,2023-01-31,44.95,Clothing
CUST03890,2023-05-02,66.77,Dining
CUST03890,2022-03-28,82.91,Travel
CUST03890,2022-11-15,134.07,Travel
CUST03890,2024-12-06,37.29,Dining
CUST03890,2022-02-03,35.54,Clothing
CUST03891,2022-05-24,25.8,Dining
CUST03891,2022-08-21,196.69,Clothing
CUST03891,2024-07-11,255.44,Electronics
CUST03891,2024-12-01,5.95,Grocery
CUST03891,2023-02-09,16.29,Travel
CUST03891,2023-12-15,11.73,Electronics
CUST03891,2024-10-31,34.88,Travel
CUST03891,2021-05-01,81.3,Electronics
CUST03891,2023-05-12,14.79,Electronics
CUST03891,2023-01-08,26.45,Electronics
CUST03891,2025-01-19,164.81,Dining
CUST03891,2022-09-17,40.25,Travel
CUST03891,2021-01-02,6.55,Dining
CUST03891,2022-01-23,97.98,Clothing
CUST03891,2024-05-12,148.51,Electronics
CUST03891,2022-01-22,73.65,Travel
CUST03891,2023-05-12,208.07,Grocery
CUST03891,2024-08-12,24.53,Grocery
CUST03891,2020-11-19,73.18,Dining
CUST03891,2021-10-29,29.09,Travel
CUST03891,2023-05-20,127.67,Electronics
CUST03891,2022-09-20,75.26,Electronics
CUST03891,2022-10-09,19.59,Travel
CUST03891,2023-02-26,28.2,Electronics
CUST03891,2025-05-16,227.62,Travel
CUST03891,2022-04-27,34.93,Grocery
CUST03891,2021-07-15,201.6,Grocery
CUST03891,2021-03-26,80.53,Travel
CUST03891,2025-05-14,26.72,Electronics
CUST03891,2024-04-04,69.03,Grocery
CUST03891,2024-04-01,136.15,Electronics
CUST03891,2021-02-27,139.7,Dining
CUST03891,2021-03-06,49.89,Electronics
CUST03891,2025-02-20,18.77,Clothing
CUST03891,2021-08-10,32.26,Electronics
CUST03891,2024-10-26,93.57,Dining
CUST03891,2022-02-25,74.47,Travel
CUST03891,2023-02-28,250.14,Clothing
CUST03891,2024-11-21,103.2,Grocery
CUST03891,2024-12-06,213.88,Travel
CUST03891,2022-03-14,23.16,Travel
CUST03891,2024-09-12,22.46,Clothing
CUST03891,2021-01-22,36.4,Grocery
CUST03891,2023-03-17,48.2,Travel
CUST03891,2023-07-02,102.16,Dining
CUST03891,2022-06-16,114.36,Clothing
CUST03891,2022-05-12,118.75,Dining
CUST03891,2021-11-28,61.19,Travel
CUST03891,2021-06-13,173.61,Travel
CUST03891,2021-04-30,7.27,Travel
CUST03891,2024-11-12,153.68,Travel
CUST03891,2025-08-01,117.04,Electronics
CUST03891,2025-07-08,106.88,Grocery
CUST03891,2023-02-08,14.13,Travel
CUST03891,2021-05-17,13.06,Clothing
CUST03891,2022-05-07,88.97,Grocery
CUST03891,2022-12-07,52.62,Clothing
CUST03891,2022-06-29,17.57,Electronics
CUST03891,2024-11-22,85.62,Dining
CUST03891,2024-08-03,106.61,Grocery
CUST03891,2023-02-15,94.92,Electronics
CUST03891,2023-05-09,5.58,Clothing
CUST03891,2021-08-11,12.59,Dining
CUST03891,2021-06-19,18.27,Dining
CUST03891,2023-04-19,94.97,Electronics
CUST03891,2021-03-15,157.64,Travel
CUST03891,2021-09-15,46.87,Grocery
CUST03891,2024-10-21,15.94,Clothing
CUST03891,2025-04-02,5.31,Clothing
CUST03891,2021-10-09,25.07,Electronics
CUST03891,2023-04-22,48.19,Grocery
CUST03891,2023-12-27,31.81,Dining
CUST03891,2022-05-26,15.59,Grocery
CUST03891,2021-08-26,58.84,Grocery
CUST03891,2024-01-02,6.65,Travel
CUST03891,2024-11-24,47.88,Grocery
CUST03891,2024-11-18,146.39,Dining
CUST03891,2025-05-17,22.04,Electronics
CUST03891,2024-04-08,128.86,Travel
CUST03891,2021-02-09,121.24,Electronics
CUST03891,2025-03-22,19.56,Electronics
CUST03891,2021-10-15,66.96,Dining
CUST03891,2023-05-15,12.02,Grocery
CUST03891,2024-10-08,15.97,Dining
CUST03891,2025-06-08,208.3,Electronics
CUST03891,2025-02-24,72.22,Dining
CUST03891,2023-04-24,64.62,Travel
CUST03891,2020-12-11,29.26,Grocery
CUST03891,2021-12-18,43.29,Grocery
CUST03891,2021-05-13,68.92,Dining
CUST03891,2021-11-17,64.0,Electronics
CUST03891,2021-07-17,109.41,Travel
CUST03891,2025-06-25,178.57,Dining
CUST03891,2024-02-09,173.78,Electronics
CUST03891,2024-01-22,71.41,Travel
CUST03891,2024-01-06,76.14,Clothing
CUST03891,2021-10-23,106.0,Dining
CUST03891,2021-01-29,78.59,Clothing
CUST03891,2024-08-14,81.4,Electronics
CUST03891,2024-06-17,45.26,Electronics
CUST03891,2023-09-11,63.76,Electronics
CUST03891,2024-12-02,109.53,Dining
CUST03891,2025-05-26,10.71,Clothing
CUST03891,2024-10-19,28.93,Travel
CUST03891,2023-05-14,5.9,Travel
CUST03892,2024-01-18,178.95,Electronics
CUST03892,2024-08-07,9.69,Dining
CUST03892,2024-07-12,17.43,Clothing
CUST03892,2023-11-01,111.11,Clothing
CUST03892,2022-06-13,12.27,Electronics
CUST03892,2025-01-23,223.7,Electronics
CUST03892,2022-09-29,91.97,Dining
CUST03892,2022-07-18,124.26,Grocery
CUST03892,2025-03-29,10.92,Electronics
CUST03892,2024-10-07,110.71,Dining
CUST03892,2025-07-22,215.86,Travel
CUST03892,2025-05-14,40.72,Electronics
CUST03892,2024-10-14,56.96,Clothing
CUST03892,2025-01-30,125.5,Dining
CUST03892,2025-04-28,32.26,Clothing
CUST03892,2024-09-13,20.59,Grocery
CUST03892,2024-11-26,29.59,Dining
CUST03892,2025-05-19,8.83,Grocery
CUST03892,2022-11-24,96.47,Electronics
CUST03892,2022-09-19,13.98,Grocery
CUST03892,2022-08-16,166.37,Grocery
CUST03892,2025-02-26,35.74,Grocery
CUST03892,2025-01-18,85.08,Electronics
CUST03892,2025-02-09,33.12,Electronics
CUST03892,2025-06-22,30.44,Electronics
CUST03892,2022-09-29,82.74,Electronics
CUST03892,2024-11-22,210.87,Dining
CUST03892,2024-05-22,5.82,Clothing
CUST03892,2022-10-17,72.29,Electronics
CUST03892,2024-02-04,18.75,Travel
CUST03892,2023-08-15,5.0,Dining
CUST03892,2025-02-04,21.53,Electronics
CUST03892,2024-04-07,19.28,Electronics
CUST03892,2023-01-29,75.31,Grocery
CUST03892,2025-02-07,66.95,Dining
CUST03892,2025-05-29,105.92,Travel
CUST03892,2023-10-19,38.21,Dining
CUST03892,2025-03-01,51.91,Travel
CUST03892,2024-06-18,9.51,Grocery
CUST03892,2025-07-18,183.54,Electronics
CUST03892,2024-06-30,61.87,Grocery
CUST03892,2024-07-26,5.27,Dining
CUST03892,2025-04-28,35.27,Travel
CUST03892,2023-06-29,44.22,Grocery
CUST03892,2024-07-31,226.36,Grocery
CUST03892,2023-05-21,80.48,Clothing
CUST03892,2023-06-09,6.46,Electronics
CUST03892,2024-11-29,193.81,Travel
CUST03892,2023-02-14,9.71,Dining
CUST03892,2023-12-07,96.45,Electronics
CUST03892,2023-08-26,33.86,Dining
CUST03892,2023-01-26,62.78,Dining
CUST03892,2025-04-15,88.45,Electronics
CUST03892,2023-03-27,56.36,Grocery
CUST03892,2024-11-30,94.98,Dining
CUST03892,2023-03-24,164.14,Dining
CUST03892,2024-09-18,67.25,Travel
CUST03892,2024-06-26,9.58,Electronics
CUST03892,2022-11-21,118.77,Grocery
CUST03892,2024-03-02,80.24,Grocery
CUST03892,2024-06-25,19.83,Dining
CUST03892,2022-07-05,13.09,Travel
CUST03892,2025-05-08,72.1,Travel
CUST03892,2023-02-18,30.47,Grocery
CUST03892,2024-02-23,135.34,Electronics
CUST03892,2024-12-17,19.4,Dining
CUST03892,2024-01-29,143.31,Travel
CUST03892,2022-08-03,71.28,Travel
CUST03892,2022-11-04,170.0,Dining
CUST03892,2024-03-30,22.24,Grocery
CUST03892,2023-09-13,87.93,Clothing
CUST03892,2024-07-08,47.6,Grocery
CUST03892,2025-07-25,247.62,Electronics
CUST03892,2024-12-19,121.93,Clothing
CUST03892,2024-09-04,18.08,Electronics
CUST03892,2022-09-10,83.47,Grocery
CUST03892,2024-11-01,317.76,Travel
CUST03892,2024-02-10,80.7,Travel
CUST03892,2025-06-25,36.85,Dining
CUST03892,2023-03-06,48.03,Electronics
CUST03892,2024-06-17,100.83,Travel
CUST03892,2023-03-28,24.08,Grocery
CUST03892,2023-01-30,213.42,Electronics
CUST03892,2022-08-02,20.97,Electronics
CUST03892,2024-01-05,88.7,Travel
CUST03892,2024-03-06,70.57,Grocery
CUST03892,2024-11-13,5.72,Grocery
CUST03892,2024-10-05,31.27,Electronics
CUST03892,2023-06-16,92.33,Travel
CUST03892,2024-09-28,65.37,Grocery
CUST03892,2023-12-14,27.22,Grocery
CUST03892,2024-03-17,46.11,Dining
CUST03892,2025-07-05,49.58,Electronics
CUST03892,2024-07-08,21.41,Dining
CUST03892,2024-07-29,28.0,Clothing
CUST03892,2023-12-28,14.19,Grocery
CUST03892,2024-01-25,36.17,Travel
CUST03892,2025-04-22,136.73,Dining
CUST03892,2023-02-01,46.03,Grocery
CUST03892,2024-11-29,203.58,Grocery
CUST03892,2024-01-15,161.74,Clothing
CUST03892,2023-10-27,159.76,Dining
CUST03892,2023-10-15,102.55,Clothing
CUST03892,2022-05-31,238.3,Dining
CUST03892,2025-02-07,178.44,Dining
CUST03892,2022-08-24,223.2,Grocery
CUST03892,2023-08-05,58.1,Dining
CUST03892,2024-10-19,143.15,Clothing
CUST03892,2025-06-27,9.7,Dining
CUST03892,2022-07-20,40.42,Travel
CUST03892,2024-06-11,98.69,Travel
CUST03893,2022-08-07,78.04,Travel
CUST03893,2025-06-23,45.91,Clothing
CUST03893,2021-11-02,156.28,Grocery
CUST03893,2023-10-01,183.31,Travel
CUST03893,2021-07-23,27.26,Travel
CUST03893,2022-05-15,43.2,Grocery
CUST03893,2023-09-30,51.06,Electronics
CUST03893,2023-05-29,11.81,Grocery
CUST03893,2023-10-29,34.02,Dining
CUST03893,2024-09-21,51.52,Clothing
CUST03893,2025-07-18,41.34,Dining
CUST03893,2022-11-30,164.1,Grocery
CUST03893,2025-06-11,101.92,Electronics
CUST03893,2024-06-01,33.55,Grocery
CUST03893,2023-04-23,47.14,Grocery
CUST03893,2024-10-16,473.89,Travel
CUST03893,2024-12-01,297.56,Grocery
CUST03893,2025-03-10,185.72,Electronics
CUST03893,2025-03-25,45.38,Dining
CUST03893,2023-12-06,162.05,Dining
CUST03893,2024-12-06,94.5,Dining
CUST03893,2025-02-07,39.6,Travel
CUST03893,2024-07-16,248.97,Dining
CUST03893,2021-10-02,66.85,Electronics
CUST03893,2023-01-09,128.82,Grocery
CUST03893,2025-07-22,17.33,Clothing
CUST03893,2024-12-23,21.05,Electronics
CUST03893,2024-10-12,41.61,Travel
CUST03893,2022-01-11,76.63,Travel
CUST03893,2024-10-20,91.56,Clothing
CUST03893,2022-03-30,74.75,Electronics
CUST03893,2021-12-09,311.94,Travel
CUST03893,2024-01-02,24.1,Travel
CUST03893,2024-03-31,77.7,Grocery
CUST03893,2024-10-27,30.57,Travel
CUST03893,2024-10-21,71.21,Travel
CUST03893,2025-05-21,230.49,Grocery
CUST03893,2021-11-14,25.58,Clothing
CUST03893,2022-08-06,28.36,Clothing
CUST03893,2024-06-21,34.19,Clothing
CUST03893,2025-04-28,64.82,Travel
CUST03893,2023-12-01,101.44,Electronics
CUST03893,2024-08-09,10.33,Clothing
CUST03893,2022-04-26,46.82,Clothing
CUST03893,2023-04-16,54.54,Electronics
CUST03893,2024-01-30,238.13,Dining
CUST03893,2023-06-12,54.43,Clothing
CUST03893,2022-02-13,46.71,Clothing
CUST03893,2022-12-26,38.06,Travel
CUST03893,2023-08-22,29.07,Dining
CUST03893,2024-02-06,34.32,Dining
CUST03893,2025-05-10,92.87,Electronics
CUST03893,2022-04-21,14.65,Grocery
CUST03893,2023-03-06,82.32,Travel
CUST03893,2023-12-24,59.54,Grocery
CUST03893,2023-03-17,7.41,Clothing
CUST03893,2021-08-30,36.96,Travel
CUST03893,2021-10-20,13.95,Dining
CUST03893,2022-05-07,146.58,Clothing
CUST03893,2023-02-27,64.92,Travel
CUST03893,2021-11-15,172.25,Dining
CUST03893,2025-01-07,47.53,Travel
CUST03893,2023-03-13,53.27,Grocery
CUST03893,2024-03-23,85.54,Dining
CUST03893,2024-11-26,50.66,Electronics
CUST03893,2023-07-01,32.16,Dining
CUST03893,2025-01-17,18.81,Grocery
CUST03893,2025-06-01,6.97,Travel
CUST03893,2024-01-23,33.24,Dining
CUST03893,2023-11-10,239.92,Grocery
CUST03893,2023-01-29,6.85,Travel
CUST03893,2023-08-30,62.63,Grocery
CUST03893,2022-09-14,126.85,Grocery
CUST03893,2024-09-09,32.27,Electronics
CUST03893,2023-06-27,172.67,Grocery
CUST03893,2024-04-15,38.94,Dining
CUST03893,2024-11-23,51.37,Dining
CUST03893,2021-09-29,134.28,Clothing
CUST03893,2024-03-12,26.05,Travel
CUST03893,2021-10-05,33.2,Clothing
CUST03893,2022-04-23,210.97,Grocery
CUST03893,2022-10-06,198.98,Grocery
CUST03893,2021-07-28,118.66,Dining
CUST03893,2023-03-12,16.76,Travel
CUST03893,2024-08-18,319.73,Clothing
CUST03893,2023-06-24,90.51,Electronics
CUST03893,2021-11-17,141.98,Travel
CUST03893,2024-07-17,80.96,Electronics
CUST03893,2021-12-26,11.33,Electronics
CUST03893,2024-04-22,117.32,Electronics
CUST03893,2022-09-18,120.61,Grocery
CUST03893,2023-01-20,40.59,Dining
CUST03893,2021-07-24,5.05,Dining
CUST03893,2024-04-26,169.01,Dining
CUST03893,2025-05-28,84.6,Electronics
CUST03893,2022-05-05,60.86,Travel
CUST03893,2022-07-15,11.65,Electronics
CUST03893,2023-08-21,191.12,Grocery
CUST03893,2024-08-13,22.76,Clothing
CUST03893,2023-06-17,82.83,Clothing
CUST03893,2023-04-02,42.29,Clothing
CUST03893,2023-10-23,113.74,Dining
CUST03893,2023-01-23,59.73,Travel
CUST03893,2023-06-20,13.24,Dining
CUST03893,2022-11-23,129.88,Dining
CUST03893,2022-10-19,92.34,Clothing
CUST03893,2025-02-10,65.38,Grocery
CUST03893,2025-04-29,34.01,Travel
CUST03893,2025-03-17,19.11,Electronics
CUST03894,2022-10-05,58.67,Dining
CUST03894,2023-06-16,26.33,Electronics
CUST03894,2025-03-12,6.01,Dining
CUST03894,2023-12-25,124.27,Electronics
CUST03894,2025-05-28,16.48,Dining
CUST03894,2025-07-17,80.61,Travel
CUST03894,2023-02-08,28.08,Travel
CUST03894,2025-07-11,73.65,Travel
CUST03894,2023-06-08,80.76,Electronics
CUST03894,2022-08-08,31.0,Travel
CUST03894,2024-01-21,40.1,Electronics
CUST03894,2022-10-19,116.93,Clothing
CUST03894,2022-09-08,114.09,Dining
CUST03894,2022-09-23,29.15,Clothing
CUST03894,2023-11-28,18.01,Travel
CUST03894,2025-02-25,30.33,Dining
CUST03894,2024-05-26,16.65,Grocery
CUST03894,2023-09-16,82.97,Electronics
CUST03894,2024-12-11,33.54,Travel
CUST03894,2024-04-23,146.87,Travel
CUST03894,2025-04-07,200.03,Clothing
CUST03894,2023-07-29,141.5,Dining
CUST03894,2024-12-27,26.26,Grocery
CUST03894,2023-07-08,22.53,Dining
CUST03894,2023-03-28,183.87,Electronics
CUST03894,2023-09-12,72.86,Electronics
CUST03894,2023-01-06,63.02,Electronics
CUST03894,2023-12-31,50.15,Travel
CUST03894,2023-04-13,25.31,Clothing
CUST03894,2023-08-23,148.49,Clothing
CUST03894,2024-09-26,53.05,Travel
CUST03894,2022-10-07,40.52,Grocery
CUST03894,2025-05-04,23.41,Dining
CUST03894,2025-06-26,12.36,Travel
CUST03894,2023-03-09,58.68,Dining
CUST03894,2024-12-21,7.68,Travel
CUST03894,2023-12-28,51.33,Dining
CUST03894,2023-03-14,28.35,Grocery
CUST03894,2024-02-05,32.96,Dining
CUST03894,2023-12-14,75.72,Travel
CUST03894,2025-07-12,67.57,Dining
CUST03894,2024-08-07,136.97,Grocery
CUST03894,2024-02-02,59.95,Dining
CUST03894,2023-10-21,441.83,Electronics
CUST03894,2025-01-16,168.34,Travel
CUST03894,2023-10-14,176.18,Travel
CUST03894,2022-12-30,51.84,Grocery
CUST03894,2025-03-14,29.03,Electronics
CUST03894,2023-06-25,213.47,Dining
CUST03894,2023-02-24,56.83,Grocery
CUST03894,2023-12-23,15.6,Electronics
CUST03894,2024-02-15,136.42,Electronics
CUST03894,2024-12-15,8.65,Grocery
CUST03894,2022-11-05,306.36,Travel
CUST03894,2023-05-25,224.13,Travel
CUST03894,2024-04-09,201.78,Clothing
CUST03894,2023-12-30,46.82,Travel
CUST03894,2023-04-19,49.43,Grocery
CUST03894,2023-01-30,71.22,Clothing
CUST03894,2024-09-13,81.74,Electronics
CUST03894,2023-01-30,36.18,Clothing
CUST03894,2023-01-23,136.6,Dining
CUST03894,2022-08-21,198.48,Dining
CUST03894,2024-04-14,51.14,Electronics
CUST03894,2023-07-05,87.79,Dining
CUST03894,2024-09-19,20.39,Travel
CUST03894,2024-12-02,32.86,Electronics
CUST03894,2022-10-24,62.05,Travel
CUST03894,2022-07-28,132.88,Dining
CUST03894,2023-06-26,114.32,Dining
CUST03894,2023-12-08,6.53,Travel
CUST03894,2025-05-26,50.61,Electronics
CUST03894,2024-05-27,6.58,Travel
CUST03894,2024-01-16,84.48,Electronics
CUST03894,2023-04-18,16.72,Travel
CUST03894,2022-09-02,163.91,Dining
CUST03894,2024-06-09,91.27,Electronics
CUST03894,2024-07-22,69.5,Clothing
CUST03894,2024-09-20,55.9,Travel
CUST03894,2025-07-30,9.5,Clothing
CUST03894,2024-08-14,74.96,Travel
CUST03894,2025-07-28,18.31,Clothing
CUST03894,2023-05-09,58.79,Travel
CUST03894,2025-06-06,21.31,Travel
CUST03894,2024-12-24,11.89,Electronics
CUST03894,2024-10-26,149.25,Clothing
CUST03894,2023-01-16,38.49,Grocery
CUST03894,2024-12-22,131.75,Dining
CUST03894,2024-06-11,146.51,Clothing
CUST03894,2023-03-28,69.37,Dining
CUST03894,2024-07-25,41.23,Dining
CUST03894,2024-03-03,38.6,Travel
CUST03894,2023-12-16,97.23,Travel
CUST03894,2024-11-19,110.19,Clothing
CUST03894,2022-12-30,24.42,Electronics
CUST03894,2022-11-15,112.58,Electronics
CUST03894,2024-01-28,14.47,Electronics
CUST03894,2023-02-01,18.28,Travel
CUST03894,2022-10-05,116.5,Dining
CUST03894,2022-08-13,46.95,Travel
CUST03894,2025-03-30,152.26,Grocery
CUST03894,2025-04-03,142.7,Travel
CUST03894,2023-10-24,29.53,Travel
CUST03895,2024-12-18,10.95,Electronics
CUST03895,2024-10-15,34.32,Grocery
CUST03895,2025-05-07,76.92,Clothing
CUST03895,2024-03-22,286.81,Clothing
CUST03895,2025-03-25,75.75,Travel
CUST03895,2025-05-07,41.06,Electronics
CUST03895,2024-10-18,38.52,Electronics
CUST03895,2024-02-16,57.33,Electronics
CUST03895,2023-09-23,135.15,Dining
CUST03895,2024-09-09,38.34,Travel
CUST03895,2023-08-24,7.49,Grocery
CUST03895,2024-12-28,211.29,Electronics
CUST03895,2024-07-30,36.97,Grocery
CUST03895,2024-12-31,136.14,Clothing
CUST03895,2025-06-30,53.9,Grocery
CUST03895,2023-09-04,196.02,Electronics
CUST03895,2024-05-24,38.11,Travel
CUST03895,2024-09-22,39.7,Dining
CUST03895,2025-03-18,215.36,Travel
CUST03895,2023-11-21,147.94,Travel
CUST03895,2024-03-31,6.83,Travel
CUST03895,2024-09-09,40.27,Clothing
CUST03895,2024-07-20,56.05,Electronics
CUST03895,2025-05-12,25.94,Travel
CUST03895,2024-11-29,24.12,Clothing
CUST03895,2023-11-25,67.53,Clothing
CUST03895,2024-10-14,76.71,Dining
CUST03895,2024-07-11,129.06,Dining
CUST03895,2024-01-23,17.9,Clothing
CUST03895,2025-04-11,116.81,Grocery
CUST03895,2025-04-06,27.26,Electronics
CUST03895,2024-04-30,38.28,Travel
CUST03895,2024-06-27,38.1,Electronics
CUST03895,2024-01-28,37.68,Travel
CUST03895,2025-05-05,26.08,Electronics
CUST03895,2024-03-30,37.83,Dining
CUST03895,2023-09-03,73.66,Electronics
CUST03895,2024-12-04,211.61,Grocery
CUST03895,2024-07-03,66.79,Dining
CUST03895,2024-11-07,88.23,Electronics
CUST03895,2025-05-06,28.31,Grocery
CUST03895,2024-08-23,185.81,Grocery
CUST03895,2024-12-24,110.59,Travel
CUST03895,2025-07-30,47.69,Travel
CUST03895,2024-09-20,38.68,Electronics
CUST03895,2024-05-23,17.82,Electronics
CUST03895,2024-07-01,376.48,Dining
CUST03895,2024-06-23,43.45,Electronics
CUST03895,2025-03-06,183.29,Travel
CUST03895,2025-06-19,11.51,Travel
CUST03895,2024-02-11,9.88,Clothing
CUST03895,2024-10-31,243.09,Grocery
CUST03895,2023-09-27,15.74,Clothing
CUST03895,2023-11-16,66.42,Travel
CUST03895,2024-05-24,148.1,Electronics
CUST03895,2025-04-15,266.25,Clothing
CUST03895,2024-08-15,204.77,Electronics
CUST03895,2025-07-28,25.67,Dining
CUST03895,2025-07-10,73.97,Dining
CUST03895,2025-03-31,8.64,Clothing
CUST03895,2024-09-15,54.78,Electronics
CUST03895,2024-06-05,64.48,Dining
CUST03895,2025-07-04,130.14,Electronics
CUST03895,2023-09-11,225.1,Electronics
CUST03895,2023-08-13,67.84,Grocery
CUST03895,2024-01-22,33.46,Dining
CUST03895,2023-08-17,15.24,Dining
CUST03895,2024-07-26,91.8,Travel
CUST03895,2024-04-29,66.42,Dining
CUST03895,2024-05-24,108.96,Grocery
CUST03895,2023-08-24,84.79,Clothing
CUST03895,2024-10-30,79.71,Electronics
CUST03895,2025-01-05,20.8,Clothing
CUST03895,2025-03-23,5.84,Dining
CUST03895,2024-10-19,51.81,Travel
CUST03895,2024-10-30,44.7,Electronics
CUST03895,2025-03-01,26.55,Dining
CUST03895,2024-07-12,112.65,Travel
CUST03895,2024-03-08,15.77,Clothing
CUST03895,2023-09-09,99.5,Dining
CUST03895,2024-03-05,70.14,Electronics
CUST03895,2024-10-08,31.6,Clothing
CUST03895,2024-08-03,64.74,Grocery
CUST03895,2024-11-22,113.8,Travel
CUST03895,2024-09-02,123.7,Travel
CUST03895,2025-03-09,71.75,Dining
CUST03895,2024-05-30,66.74,Electronics
CUST03895,2023-12-16,230.02,Travel
CUST03895,2024-07-15,151.07,Clothing
CUST03895,2024-11-25,236.48,Dining
CUST03895,2024-01-07,153.71,Clothing
CUST03895,2025-07-28,126.18,Clothing
CUST03895,2024-12-01,61.47,Dining
CUST03895,2023-10-19,37.68,Electronics
CUST03895,2023-08-16,30.52,Clothing
CUST03895,2025-02-23,242.01,Electronics
CUST03895,2025-03-24,30.22,Dining
CUST03895,2025-05-05,26.02,Dining
CUST03895,2024-05-25,26.34,Travel
CUST03895,2025-01-06,48.08,Grocery
CUST03895,2025-05-03,254.15,Travel
CUST03896,2024-10-27,34.65,Grocery
CUST03896,2025-01-09,178.68,Electronics
CUST03896,2023-02-27,90.61,Electronics
CUST03896,2024-10-08,88.84,Dining
CUST03896,2024-01-07,35.55,Clothing
CUST03896,2023-12-09,17.79,Clothing
CUST03896,2022-12-09,30.0,Grocery
CUST03896,2024-03-19,35.62,Travel
CUST03896,2023-02-22,308.34,Electronics
CUST03896,2024-07-20,56.09,Travel
CUST03896,2024-05-12,10.17,Clothing
CUST03896,2024-09-01,85.33,Dining
CUST03896,2024-04-09,100.85,Dining
CUST03896,2023-01-13,64.47,Electronics
CUST03896,2024-04-22,71.71,Travel
CUST03896,2024-06-16,38.21,Travel
CUST03896,2024-03-25,46.17,Travel
CUST03896,2024-06-15,231.08,Grocery
CUST03896,2024-06-21,6.8,Electronics
CUST03896,2023-04-10,48.94,Dining
CUST03896,2023-01-15,41.49,Dining
CUST03896,2025-04-26,15.33,Grocery
CUST03896,2024-05-24,68.86,Travel
CUST03896,2023-01-08,472.23,Grocery
CUST03896,2023-06-15,55.49,Grocery
CUST03896,2024-09-09,48.79,Dining
CUST03896,2023-06-09,53.53,Grocery
CUST03896,2023-04-01,56.27,Grocery
CUST03896,2023-10-26,24.28,Clothing
CUST03896,2024-06-28,49.63,Electronics
CUST03896,2025-07-09,32.65,Grocery
CUST03896,2024-05-20,114.43,Grocery
CUST03896,2023-06-18,227.08,Grocery
CUST03896,2024-05-30,173.79,Grocery
CUST03896,2024-06-08,20.35,Clothing
CUST03896,2023-10-23,12.9,Electronics
CUST03896,2024-11-05,19.82,Travel
CUST03896,2022-12-03,9.92,Grocery
CUST03896,2024-04-10,23.73,Dining
CUST03896,2024-08-29,33.09,Dining
CUST03896,2024-05-19,182.67,Clothing
CUST03896,2025-05-09,8.17,Grocery
CUST03896,2024-04-30,27.41,Electronics
CUST03896,2024-01-21,45.9,Clothing
CUST03896,2025-04-10,106.55,Electronics
CUST03896,2024-10-12,9.77,Electronics
CUST03896,2025-03-06,215.49,Grocery
CUST03896,2024-06-03,20.33,Grocery
CUST03896,2023-06-20,124.01,Dining
CUST03896,2024-08-06,11.57,Travel
CUST03896,2024-03-14,95.67,Travel
CUST03896,2022-12-29,159.24,Grocery
CUST03896,2023-11-25,132.32,Travel
CUST03896,2023-09-10,64.72,Dining
CUST03896,2023-07-31,26.16,Grocery
CUST03896,2022-11-23,42.96,Travel
CUST03896,2024-07-13,69.66,Clothing
CUST03896,2025-02-23,36.27,Travel
CUST03896,2024-01-12,44.01,Travel
CUST03896,2025-06-11,113.38,Travel
CUST03896,2024-09-06,44.57,Grocery
CUST03896,2023-09-14,100.17,Electronics
CUST03896,2025-06-18,71.04,Clothing
CUST03896,2024-02-23,15.51,Clothing
CUST03896,2023-08-23,383.1,Clothing
CUST03896,2025-03-25,38.98,Travel
CUST03896,2024-11-25,53.73,Travel
CUST03896,2024-06-04,139.15,Electronics
CUST03896,2025-07-21,110.04,Electronics
CUST03896,2024-09-29,183.01,Clothing
CUST03896,2023-02-20,37.48,Travel
CUST03896,2025-04-16,7.87,Travel
CUST03896,2023-03-18,64.7,Electronics
CUST03896,2025-06-10,51.61,Travel
CUST03896,2023-08-07,8.16,Electronics
CUST03896,2023-01-01,137.16,Dining
CUST03896,2023-04-06,30.67,Travel
CUST03896,2023-02-19,143.74,Clothing
CUST03896,2025-04-26,58.54,Clothing
CUST03896,2023-07-27,15.51,Grocery
CUST03896,2023-06-12,55.56,Travel
CUST03896,2025-05-28,45.42,Grocery
CUST03896,2023-03-06,120.56,Electronics
CUST03896,2024-02-10,8.4,Dining
CUST03896,2025-05-29,10.05,Clothing
CUST03896,2024-11-21,80.81,Travel
CUST03896,2024-10-05,152.98,Dining
CUST03896,2024-04-08,155.09,Dining
CUST03896,2023-02-13,77.66,Dining
CUST03896,2023-10-25,65.48,Grocery
CUST03896,2023-02-03,29.68,Travel
CUST03896,2025-02-22,275.49,Clothing
CUST03896,2024-11-24,71.14,Grocery
CUST03896,2024-07-30,121.38,Clothing
CUST03896,2023-09-23,84.23,Grocery
CUST03896,2024-07-09,10.48,Travel
CUST03896,2023-04-01,52.75,Grocery
CUST03897,2023-01-03,62.53,Travel
CUST03897,2022-12-12,37.67,Travel
CUST03897,2025-03-22,74.22,Dining
CUST03897,2025-02-28,23.89,Travel
CUST03897,2023-01-30,58.62,Electronics
CUST03897,2023-05-18,119.12,Travel
CUST03897,2024-01-15,98.52,Grocery
CUST03897,2024-08-21,20.49,Dining
CUST03897,2025-01-12,9.71,Grocery
CUST03897,2025-04-03,10.52,Travel
CUST03897,2024-04-21,63.0,Travel
CUST03897,2025-05-22,5.54,Grocery
CUST03897,2022-11-21,76.01,Dining
CUST03897,2023-07-20,57.04,Electronics
CUST03897,2024-03-16,47.38,Grocery
CUST03897,2023-09-09,7.97,Travel
CUST03897,2023-11-03,114.03,Dining
CUST03897,2022-11-13,7.59,Grocery
CUST03897,2024-11-02,95.68,Electronics
CUST03897,2023-11-26,26.18,Travel
CUST03897,2022-09-18,41.0,Electronics
CUST03897,2023-01-16,37.45,Electronics
CUST03897,2024-09-18,19.53,Clothing
CUST03897,2024-09-12,67.42,Dining
CUST03897,2023-08-08,25.88,Dining
CUST03897,2025-06-29,40.41,Electronics
CUST03897,2023-10-17,293.7,Travel
CUST03897,2024-10-18,55.73,Clothing
CUST03897,2022-10-17,95.44,Electronics
CUST03897,2023-03-30,25.67,Electronics
CUST03897,2024-07-23,180.27,Grocery
CUST03897,2023-08-03,8.43,Electronics
CUST03897,2024-05-13,5.16,Dining
CUST03897,2025-03-06,22.62,Electronics
CUST03897,2024-12-09,19.34,Travel
CUST03897,2025-05-09,73.85,Grocery
CUST03897,2022-09-27,54.81,Clothing
CUST03897,2024-09-16,16.14,Dining
CUST03897,2024-05-02,107.04,Grocery
CUST03897,2025-04-07,13.76,Dining
CUST03897,2022-09-22,9.89,Clothing
CUST03897,2024-01-27,6.66,Grocery
CUST03897,2023-09-27,169.85,Dining
CUST03897,2024-03-02,182.81,Dining
CUST03897,2025-04-07,47.5,Dining
CUST03897,2024-07-13,17.5,Dining
CUST03897,2025-05-04,86.61,Clothing
CUST03897,2023-10-22,123.6,Electronics
CUST03897,2025-06-15,92.58,Dining
CUST03897,2023-06-26,81.59,Electronics
CUST03897,2024-08-03,43.38,Electronics
CUST03897,2023-02-16,118.19,Grocery
CUST03897,2025-05-07,21.96,Electronics
CUST03897,2025-05-09,7.07,Dining
CUST03897,2023-04-18,85.17,Grocery
CUST03897,2023-06-18,41.7,Travel
CUST03897,2024-12-05,40.17,Grocery
CUST03897,2022-11-19,70.64,Dining
CUST03897,2023-11-26,10.73,Grocery
CUST03897,2024-03-13,126.6,Electronics
CUST03897,2022-12-08,60.65,Clothing
CUST03897,2023-05-19,34.0,Dining
CUST03897,2024-11-29,117.76,Travel
CUST03897,2023-05-27,277.1,Grocery
CUST03897,2024-01-25,135.32,Electronics
CUST03897,2024-04-08,141.33,Dining
CUST03897,2023-01-05,16.21,Electronics
CUST03897,2025-04-26,74.22,Dining
CUST03897,2025-05-15,87.13,Clothing
CUST03897,2023-08-07,54.83,Grocery
CUST03897,2023-10-10,14.43,Travel
CUST03897,2023-03-28,24.31,Travel
CUST03897,2023-04-02,139.61,Electronics
CUST03897,2024-05-11,80.07,Grocery
CUST03897,2023-09-27,43.24,Travel
CUST03897,2022-10-06,9.67,Grocery
CUST03897,2022-09-21,55.54,Clothing
CUST03897,2023-07-14,6.28,Grocery
CUST03897,2025-04-14,7.28,Electronics
CUST03897,2022-10-27,140.97,Grocery
CUST03897,2023-07-04,26.53,Dining
CUST03897,2024-04-10,126.26,Electronics
CUST03897,2023-04-30,29.46,Clothing
CUST03897,2022-10-24,41.29,Grocery
CUST03898,2023-04-15,65.63,Travel
CUST03898,2025-05-06,9.86,Electronics
CUST03898,2025-03-05,157.3,Grocery
CUST03898,2025-01-31,28.31,Clothing
CUST03898,2024-10-13,135.26,Grocery
CUST03898,2024-03-21,92.24,Clothing
CUST03898,2025-01-30,25.03,Electronics
CUST03898,2023-05-17,48.59,Electronics
CUST03898,2025-07-23,10.39,Grocery
CUST03898,2025-01-01,79.87,Travel
CUST03898,2024-03-12,101.59,Dining
CUST03898,2023-05-06,57.31,Clothing
CUST03898,2023-03-23,190.78,Dining
CUST03898,2024-02-18,70.2,Travel
CUST03898,2024-11-17,128.0,Electronics
CUST03898,2025-02-13,134.54,Travel
CUST03898,2023-09-25,112.99,Dining
CUST03898,2025-06-09,127.52,Clothing
CUST03898,2024-05-20,133.84,Travel
CUST03898,2024-03-04,13.53,Grocery
CUST03898,2024-09-20,42.23,Electronics
CUST03898,2023-02-14,144.14,Travel
CUST03898,2024-06-25,87.68,Grocery
CUST03898,2023-10-09,86.98,Grocery
CUST03898,2024-02-25,8.2,Grocery
CUST03898,2023-12-25,129.48,Travel
CUST03898,2024-03-24,29.98,Grocery
CUST03898,2023-05-12,7.78,Grocery
CUST03898,2023-11-28,6.68,Clothing
CUST03898,2023-06-04,105.84,Grocery
CUST03898,2024-12-20,7.65,Electronics
CUST03898,2024-10-18,74.76,Grocery
CUST03898,2025-01-26,15.75,Electronics
CUST03898,2023-03-27,180.34,Grocery
CUST03898,2024-01-31,336.86,Grocery
CUST03898,2023-12-26,46.43,Clothing
CUST03898,2025-06-01,33.93,Travel
CUST03898,2023-03-27,22.5,Grocery
CUST03898,2025-02-01,105.52,Clothing
CUST03898,2025-05-26,34.42,Clothing
CUST03898,2023-06-30,31.92,Travel
CUST03898,2023-11-02,28.91,Electronics
CUST03898,2023-10-04,27.18,Dining
CUST03898,2025-07-28,72.57,Clothing
CUST03898,2023-03-08,91.23,Grocery
CUST03898,2024-08-27,62.83,Travel
CUST03898,2025-07-08,212.79,Dining
CUST03898,2023-03-15,7.82,Electronics
CUST03898,2023-07-27,143.78,Grocery
CUST03898,2025-04-06,67.73,Grocery
CUST03898,2024-10-17,104.16,Electronics
CUST03898,2023-07-07,149.07,Travel
CUST03898,2025-01-12,10.95,Electronics
CUST03898,2023-07-17,80.49,Travel
CUST03898,2023-04-19,19.12,Dining
CUST03898,2025-07-28,28.95,Grocery
CUST03898,2024-10-01,74.87,Grocery
CUST03898,2024-11-07,24.22,Dining
CUST03898,2024-07-04,68.1,Travel
CUST03898,2025-03-15,237.17,Travel
CUST03898,2023-03-30,9.37,Clothing
CUST03898,2023-10-16,62.13,Clothing
CUST03898,2025-05-10,5.28,Clothing
CUST03898,2025-07-22,160.98,Grocery
CUST03898,2025-07-31,35.79,Electronics
CUST03898,2024-08-19,86.23,Travel
CUST03898,2024-02-08,23.48,Electronics
CUST03898,2025-08-01,184.35,Grocery
CUST03898,2024-07-30,24.27,Dining
CUST03898,2025-07-15,21.11,Travel
CUST03898,2024-07-11,211.53,Travel
CUST03898,2023-06-01,60.98,Grocery
CUST03898,2024-08-10,126.15,Travel
CUST03898,2024-07-15,29.46,Clothing
CUST03898,2024-04-22,33.11,Travel
CUST03898,2024-07-14,166.23,Grocery
CUST03898,2024-04-28,55.87,Electronics
CUST03898,2023-03-31,34.71,Grocery
CUST03898,2023-08-27,5.36,Clothing
CUST03898,2024-01-05,159.28,Dining
CUST03898,2023-12-20,79.59,Travel
CUST03898,2024-01-06,8.78,Travel
CUST03898,2023-12-07,48.18,Clothing
CUST03898,2024-01-20,69.0,Electronics
CUST03898,2025-07-30,66.8,Grocery
CUST03898,2023-12-09,69.91,Clothing
CUST03898,2023-04-12,102.19,Travel
CUST03898,2024-08-20,7.33,Travel
CUST03898,2023-09-22,205.1,Grocery
CUST03898,2025-01-31,104.23,Grocery
CUST03898,2023-05-03,92.51,Clothing
CUST03898,2023-04-03,39.7,Dining
CUST03898,2024-09-01,248.89,Electronics
CUST03898,2024-04-20,6.94,Clothing
CUST03898,2024-04-01,46.75,Travel
CUST03898,2024-02-16,98.59,Grocery
CUST03898,2024-01-17,40.58,Clothing
CUST03898,2024-01-24,39.46,Electronics
CUST03898,2024-03-26,260.37,Grocery
CUST03898,2024-08-15,137.61,Travel
CUST03898,2023-02-23,12.63,Grocery
CUST03898,2024-10-10,39.67,Grocery
CUST03898,2024-09-08,68.86,Electronics
CUST03898,2025-04-12,16.24,Clothing
CUST03899,2022-02-13,142.14,Dining
CUST03899,2023-09-24,69.03,Clothing
CUST03899,2021-09-16,40.86,Grocery
CUST03899,2021-11-29,68.24,Clothing
CUST03899,2023-12-28,109.91,Clothing
CUST03899,2022-12-20,34.66,Clothing
CUST03899,2024-06-26,61.67,Travel
CUST03899,2022-07-04,99.71,Travel
CUST03899,2024-04-07,61.28,Electronics
CUST03899,2022-08-05,147.53,Dining
CUST03899,2025-01-12,44.92,Electronics
CUST03899,2022-09-03,12.5,Electronics
CUST03899,2024-06-28,39.57,Travel
CUST03899,2021-10-22,53.32,Clothing
CUST03899,2021-11-09,121.75,Clothing
CUST03899,2024-04-13,10.25,Grocery
CUST03899,2023-04-25,199.16,Grocery
CUST03899,2022-06-17,42.84,Travel
CUST03899,2025-05-11,72.77,Clothing
CUST03899,2022-06-17,48.94,Electronics
CUST03899,2022-05-19,93.55,Grocery
CUST03899,2022-07-02,59.04,Travel
CUST03899,2022-02-13,93.92,Clothing
CUST03899,2024-08-20,49.22,Clothing
CUST03899,2025-04-26,54.4,Travel
CUST03899,2022-05-22,67.35,Grocery
CUST03899,2023-07-26,23.63,Dining
CUST03899,2021-12-09,106.22,Travel
CUST03899,2022-03-11,225.39,Electronics
CUST03899,2025-01-08,32.06,Dining
CUST03899,2025-07-31,91.17,Dining
CUST03899,2024-08-06,61.74,Dining
CUST03899,2023-06-19,131.9,Clothing
CUST03899,2022-08-30,162.42,Travel
CUST03899,2022-10-14,19.12,Electronics
CUST03899,2025-02-10,158.63,Travel
CUST03899,2023-08-10,52.7,Grocery
CUST03899,2022-01-28,187.63,Grocery
CUST03899,2024-12-04,147.99,Electronics
CUST03899,2022-09-17,57.29,Grocery
CUST03899,2024-04-01,83.47,Clothing
CUST03899,2024-08-13,67.37,Dining
CUST03899,2022-11-25,341.15,Clothing
CUST03899,2022-08-16,142.57,Travel
CUST03899,2024-07-10,58.17,Dining
CUST03899,2023-12-15,34.43,Electronics
CUST03899,2025-07-31,53.0,Travel
CUST03899,2025-06-13,43.68,Electronics
CUST03899,2023-12-06,65.93,Clothing
CUST03899,2024-03-31,30.81,Electronics
CUST03899,2024-10-02,72.84,Dining
CUST03899,2022-08-22,167.86,Dining
CUST03899,2023-02-20,30.84,Electronics
CUST03899,2025-04-17,161.58,Grocery
CUST03899,2023-06-27,9.38,Dining
CUST03899,2022-04-07,77.93,Travel
CUST03899,2023-10-16,10.95,Grocery
CUST03899,2022-09-17,442.7,Dining
CUST03899,2025-01-06,43.86,Travel
CUST03899,2023-08-17,194.69,Grocery
CUST03899,2024-07-23,100.99,Electronics
CUST03899,2025-06-19,78.57,Dining
CUST03899,2022-11-03,95.59,Grocery
CUST03899,2023-08-24,43.82,Grocery
CUST03899,2025-03-17,157.85,Grocery
CUST03899,2022-12-11,54.0,Electronics
CUST03899,2024-10-15,293.94,Grocery
CUST03899,2024-12-20,6.54,Grocery
CUST03899,2023-05-09,144.4,Electronics
CUST03899,2025-04-11,131.43,Travel
CUST03899,2025-06-04,53.3,Dining
CUST03899,2024-06-18,10.22,Travel
CUST03899,2023-02-27,108.32,Grocery
CUST03899,2023-01-09,15.23,Electronics
CUST03899,2024-05-20,47.74,Travel
CUST03899,2024-01-16,145.03,Grocery
CUST03899,2024-06-27,76.82,Clothing
CUST03899,2024-07-30,96.15,Dining
CUST03899,2022-05-17,85.3,Grocery
CUST03899,2021-12-26,67.81,Clothing
CUST03899,2024-06-01,50.93,Electronics
CUST03899,2023-04-15,79.94,Travel
CUST03899,2022-10-22,77.68,Electronics
CUST03899,2024-06-23,76.28,Clothing
CUST03899,2024-01-15,45.42,Dining
CUST03899,2023-08-30,72.36,Clothing
CUST03899,2022-07-01,248.6,Grocery
CUST03899,2023-12-31,5.49,Dining
CUST03899,2022-09-19,42.81,Dining
CUST03899,2022-05-28,87.18,Grocery
CUST03899,2024-11-20,14.86,Clothing
CUST03899,2024-04-06,10.61,Grocery
CUST03899,2023-11-08,75.58,Electronics
CUST03899,2022-05-13,12.98,Dining
CUST03899,2025-04-20,16.5,Dining
CUST03899,2022-03-25,67.87,Dining
CUST03899,2022-04-21,55.36,Dining
CUST03899,2024-01-22,6.84,Dining
CUST03899,2025-02-15,23.06,Dining
CUST03899,2024-05-06,21.73,Clothing
CUST03899,2023-04-25,50.7,Grocery
CUST03899,2023-07-21,165.23,Clothing
CUST03899,2025-01-02,10.77,Dining
CUST03899,2021-09-25,35.69,Travel
CUST03899,2023-01-12,127.04,Travel
CUST03899,2023-05-23,75.34,Grocery
CUST03899,2022-07-13,17.33,Travel
CUST03899,2024-10-14,41.67,Electronics
CUST03899,2024-04-30,24.04,Clothing
CUST03900,2025-05-06,6.69,Grocery
CUST03900,2023-04-05,99.21,Dining
CUST03900,2025-05-03,144.75,Clothing
CUST03900,2024-04-02,42.57,Electronics
CUST03900,2024-02-20,54.52,Electronics
CUST03900,2024-12-31,82.99,Dining
CUST03900,2025-07-07,32.54,Clothing
CUST03900,2024-03-24,59.03,Electronics
CUST03900,2024-04-12,18.73,Travel
CUST03900,2022-07-29,160.16,Electronics
CUST03900,2023-09-24,96.61,Dining
CUST03900,2024-01-15,8.51,Dining
CUST03900,2025-06-04,22.7,Clothing
CUST03900,2023-02-24,55.63,Clothing
CUST03900,2023-06-11,144.08,Electronics
CUST03900,2025-07-28,163.58,Dining
CUST03900,2022-09-05,52.6,Dining
CUST03900,2023-08-23,47.34,Clothing
CUST03900,2024-10-06,106.08,Dining
CUST03900,2024-01-03,11.14,Clothing
CUST03900,2025-05-04,136.11,Clothing
CUST03900,2023-06-01,30.47,Electronics
CUST03900,2023-11-17,61.44,Clothing
CUST03900,2024-07-13,108.15,Clothing
CUST03900,2023-01-11,15.85,Clothing
CUST03900,2025-04-21,36.09,Dining
CUST03900,2023-11-15,256.78,Grocery
CUST03900,2022-10-06,57.1,Travel
CUST03900,2022-08-06,100.38,Travel
CUST03900,2023-10-25,36.31,Clothing
CUST03900,2023-06-03,85.55,Travel
CUST03900,2023-11-23,18.09,Dining
CUST03900,2025-07-09,97.13,Dining
CUST03900,2025-02-16,148.45,Clothing
CUST03900,2025-05-06,78.39,Clothing
CUST03900,2022-07-20,196.0,Electronics
CUST03900,2024-05-21,146.21,Electronics
CUST03900,2025-04-10,36.1,Electronics
CUST03900,2025-06-07,226.0,Travel
CUST03900,2025-05-25,22.69,Clothing
CUST03900,2023-12-27,30.33,Grocery
CUST03900,2023-11-19,90.63,Grocery
CUST03900,2022-10-12,97.63,Grocery
CUST03900,2023-08-07,28.88,Electronics
CUST03900,2025-01-26,184.22,Grocery
CUST03900,2025-06-04,178.66,Grocery
CUST03900,2022-12-05,13.66,Clothing
CUST03900,2023-06-22,49.44,Grocery
CUST03900,2023-12-28,75.79,Grocery
CUST03900,2023-08-19,17.28,Clothing
CUST03900,2023-04-17,75.93,Clothing
CUST03900,2022-08-20,48.67,Clothing
CUST03900,2025-02-05,24.85,Clothing
CUST03900,2023-04-15,11.8,Travel
CUST03900,2025-06-20,45.33,Travel
CUST03900,2022-07-24,21.32,Clothing
CUST03900,2024-05-07,79.38,Clothing
CUST03900,2025-03-22,89.8,Grocery
CUST03900,2023-12-04,115.46,Clothing
CUST03900,2023-03-29,5.4,Clothing
CUST03900,2023-01-28,233.83,Electronics
CUST03900,2023-06-20,54.36,Travel
CUST03900,2023-03-24,189.55,Travel
CUST03900,2024-09-11,57.35,Dining
CUST03900,2024-04-15,33.06,Electronics
CUST03900,2025-01-09,35.74,Dining
CUST03900,2023-09-29,52.77,Grocery
CUST03900,2024-11-09,25.28,Dining
CUST03900,2022-07-17,95.47,Grocery
CUST03900,2024-09-14,23.77,Travel
CUST03900,2022-08-01,36.35,Clothing
CUST03900,2024-05-06,292.38,Grocery
CUST03900,2023-09-18,67.9,Electronics
CUST03900,2023-08-20,45.18,Grocery
CUST03900,2024-07-20,49.87,Travel
CUST03900,2024-07-31,12.41,Grocery
CUST03900,2025-06-21,81.24,Dining
CUST03900,2023-04-19,107.77,Travel
CUST03900,2025-04-27,196.22,Dining
CUST03900,2023-12-31,315.21,Dining
CUST03900,2024-06-03,18.25,Dining
CUST03900,2024-08-19,34.63,Electronics
CUST03900,2022-07-15,75.32,Grocery
CUST03900,2022-12-30,57.74,Clothing
CUST03900,2023-03-06,57.42,Grocery
CUST03901,2025-07-11,9.11,Electronics
CUST03901,2025-07-27,13.57,Electronics
CUST03901,2025-07-15,30.06,Travel
CUST03901,2025-07-22,47.35,Electronics
CUST03901,2025-07-17,43.9,Clothing
CUST03901,2025-08-01,57.47,Dining
CUST03901,2025-07-11,10.9,Clothing
CUST03901,2025-07-18,65.96,Electronics
CUST03901,2025-07-15,103.24,Grocery
CUST03901,2025-07-16,102.41,Clothing
CUST03901,2025-07-21,169.55,Grocery
CUST03901,2025-07-09,8.13,Travel
CUST03901,2025-07-29,105.11,Electronics
CUST03901,2025-07-23,69.16,Dining
CUST03901,2025-07-09,53.37,Travel
CUST03901,2025-07-12,39.65,Clothing
CUST03901,2025-07-30,89.83,Electronics
CUST03901,2025-08-01,146.25,Travel
CUST03901,2025-07-24,42.82,Grocery
CUST03901,2025-07-17,87.22,Clothing
CUST03901,2025-07-28,55.27,Clothing
CUST03901,2025-07-23,24.02,Dining
CUST03901,2025-07-25,22.48,Electronics
CUST03901,2025-07-15,36.67,Clothing
CUST03901,2025-07-27,35.18,Clothing
CUST03901,2025-07-11,16.37,Travel
CUST03901,2025-07-14,44.9,Grocery
CUST03901,2025-07-12,76.05,Dining
CUST03901,2025-07-17,12.09,Clothing
CUST03901,2025-07-09,47.92,Grocery
CUST03901,2025-07-14,218.44,Travel
CUST03901,2025-07-18,28.03,Clothing
CUST03901,2025-07-17,242.03,Grocery
CUST03901,2025-07-14,52.28,Clothing
CUST03901,2025-07-24,184.85,Travel
CUST03901,2025-07-29,15.25,Grocery
CUST03901,2025-07-11,40.46,Dining
CUST03901,2025-07-24,81.7,Dining
CUST03901,2025-07-17,8.39,Clothing
CUST03901,2025-07-20,24.68,Grocery
CUST03901,2025-07-17,87.74,Travel
CUST03901,2025-07-20,48.6,Clothing
CUST03901,2025-07-20,67.12,Dining
CUST03901,2025-07-22,33.22,Travel
CUST03901,2025-07-24,82.9,Clothing
CUST03901,2025-07-15,48.48,Electronics
CUST03901,2025-07-26,207.97,Dining
CUST03901,2025-07-11,201.01,Clothing
CUST03901,2025-07-25,35.36,Clothing
CUST03901,2025-07-22,59.21,Grocery
CUST03901,2025-07-20,37.71,Travel
CUST03901,2025-07-29,45.26,Clothing
CUST03901,2025-07-09,102.99,Travel
CUST03901,2025-07-21,92.83,Electronics
CUST03901,2025-07-10,87.33,Clothing
CUST03901,2025-07-15,39.38,Grocery
CUST03901,2025-07-26,149.83,Grocery
CUST03901,2025-07-27,10.73,Electronics
CUST03901,2025-07-22,63.6,Travel
CUST03901,2025-07-27,89.2,Grocery
CUST03901,2025-07-09,8.73,Travel
CUST03901,2025-07-22,85.69,Clothing
CUST03901,2025-07-27,18.8,Dining
CUST03901,2025-07-23,69.3,Grocery
CUST03901,2025-07-12,28.38,Travel
CUST03901,2025-07-12,90.63,Travel
CUST03901,2025-07-17,84.35,Travel
CUST03901,2025-07-11,56.02,Clothing
CUST03901,2025-07-12,43.07,Dining
CUST03901,2025-07-14,55.81,Clothing
CUST03901,2025-07-17,341.25,Dining
CUST03901,2025-07-26,157.23,Dining
CUST03901,2025-07-18,51.79,Dining
CUST03901,2025-07-21,58.64,Grocery
CUST03901,2025-07-27,47.23,Grocery
CUST03901,2025-07-27,11.77,Grocery
CUST03901,2025-07-21,56.33,Clothing
CUST03901,2025-07-26,52.8,Clothing
CUST03901,2025-07-11,102.98,Dining
CUST03901,2025-07-29,147.52,Dining
CUST03901,2025-07-18,202.36,Travel
CUST03901,2025-07-09,27.38,Grocery
CUST03901,2025-07-25,38.68,Electronics
CUST03901,2025-07-25,81.61,Travel
CUST03901,2025-07-23,78.0,Electronics
CUST03901,2025-07-19,103.94,Electronics
CUST03901,2025-07-12,56.15,Electronics
CUST03901,2025-07-19,87.37,Dining
CUST03901,2025-07-22,143.66,Electronics
CUST03901,2025-07-28,123.49,Travel
CUST03901,2025-07-28,80.81,Clothing
CUST03901,2025-07-14,36.43,Grocery
CUST03901,2025-07-10,12.5,Travel
CUST03901,2025-07-12,44.62,Dining
CUST03902,2025-07-26,106.25,Grocery
CUST03902,2023-09-22,65.17,Dining
CUST03902,2024-09-21,21.7,Dining
CUST03902,2024-04-14,54.87,Travel
CUST03902,2023-11-28,58.6,Grocery
CUST03902,2023-10-06,87.72,Travel
CUST03902,2023-11-17,12.55,Electronics
CUST03902,2025-04-30,237.92,Grocery
CUST03902,2024-11-12,67.02,Grocery
CUST03902,2025-04-18,19.37,Grocery
CUST03902,2024-09-18,285.96,Clothing
CUST03902,2023-10-05,203.86,Travel
CUST03902,2025-02-20,21.23,Grocery
CUST03902,2024-07-01,73.99,Electronics
CUST03902,2024-10-22,152.11,Travel
CUST03902,2024-02-09,154.4,Clothing
CUST03902,2024-03-22,55.07,Clothing
CUST03902,2025-05-27,63.34,Grocery
CUST03902,2024-09-17,42.05,Dining
CUST03902,2025-04-12,76.65,Dining
CUST03902,2024-04-09,79.62,Travel
CUST03902,2023-10-17,54.58,Electronics
CUST03902,2024-04-14,49.13,Grocery
CUST03902,2023-12-22,20.46,Electronics
CUST03902,2023-10-30,130.52,Clothing
CUST03902,2023-07-27,216.33,Dining
CUST03902,2024-03-21,46.63,Clothing
CUST03902,2024-03-12,50.66,Travel
CUST03902,2024-08-05,102.8,Dining
CUST03902,2024-12-08,37.25,Grocery
CUST03902,2023-12-29,33.77,Grocery
CUST03902,2025-01-25,10.83,Electronics
CUST03902,2024-03-05,119.72,Travel
CUST03902,2024-04-09,19.56,Clothing
CUST03902,2024-09-15,163.43,Clothing
CUST03902,2024-11-17,76.84,Clothing
CUST03902,2023-10-02,52.63,Electronics
CUST03902,2025-03-30,170.77,Grocery
CUST03902,2023-11-22,56.59,Electronics
CUST03902,2024-01-13,7.56,Dining
CUST03902,2025-04-14,49.99,Electronics
CUST03902,2023-12-17,14.12,Grocery
CUST03902,2025-06-17,10.77,Grocery
CUST03902,2024-10-07,78.55,Travel
CUST03902,2023-09-01,123.61,Electronics
CUST03902,2025-05-15,45.9,Travel
CUST03902,2024-02-14,38.09,Dining
CUST03902,2023-07-07,51.0,Dining
CUST03902,2023-10-21,85.93,Dining
CUST03902,2025-07-17,276.43,Dining
CUST03902,2023-07-14,50.93,Grocery
CUST03902,2023-11-01,136.39,Clothing
CUST03902,2023-12-12,9.16,Electronics
CUST03902,2025-01-20,33.46,Grocery
CUST03902,2024-12-15,164.7,Grocery
CUST03902,2023-11-23,44.25,Grocery
CUST03902,2025-05-11,136.97,Clothing
CUST03902,2023-12-29,122.52,Grocery
CUST03902,2024-06-14,52.54,Grocery
CUST03902,2023-07-15,82.69,Travel
CUST03902,2024-03-25,82.18,Travel
CUST03902,2024-06-15,44.92,Travel
CUST03902,2025-01-18,31.54,Clothing
CUST03902,2024-04-27,89.78,Travel
CUST03902,2024-06-20,50.86,Electronics
CUST03902,2025-02-22,90.64,Clothing
CUST03902,2023-07-17,151.1,Grocery
CUST03902,2024-11-17,63.27,Travel
CUST03902,2024-06-11,46.83,Clothing
CUST03902,2023-07-07,410.21,Travel
CUST03902,2024-07-10,46.92,Grocery
CUST03902,2025-01-25,66.07,Grocery
CUST03902,2023-12-08,20.11,Electronics
CUST03902,2024-08-12,146.14,Clothing
CUST03902,2025-02-10,83.29,Grocery
CUST03902,2025-01-13,131.52,Dining
CUST03902,2024-05-12,26.87,Clothing
CUST03902,2025-06-20,231.1,Travel
CUST03902,2023-09-01,81.75,Dining
CUST03902,2024-02-20,116.38,Dining
CUST03902,2023-07-04,62.3,Travel
CUST03902,2024-08-08,92.14,Dining
CUST03902,2024-07-13,17.77,Electronics
CUST03902,2024-05-07,32.21,Electronics
CUST03902,2025-03-29,55.33,Dining
CUST03902,2024-04-18,256.99,Travel
CUST03902,2025-06-04,27.66,Grocery
CUST03902,2023-08-20,117.71,Dining
CUST03902,2025-04-11,79.4,Electronics
CUST03902,2025-06-08,100.25,Travel
CUST03902,2024-05-05,18.24,Clothing
CUST03902,2025-02-08,21.54,Dining
CUST03902,2024-11-29,32.93,Dining
CUST03902,2025-02-09,65.07,Dining
CUST03902,2025-07-23,92.68,Grocery
CUST03902,2024-12-28,20.14,Dining
CUST03902,2024-02-26,109.98,Grocery
CUST03902,2024-03-31,18.56,Grocery
CUST03902,2024-03-09,209.97,Dining
CUST03902,2024-12-08,23.55,Dining
CUST03902,2025-04-15,164.14,Grocery
CUST03902,2024-09-25,59.71,Electronics
CUST03902,2024-04-26,39.06,Electronics
CUST03902,2023-08-27,31.13,Travel
CUST03902,2023-08-31,63.68,Electronics
CUST03902,2025-05-27,41.58,Electronics
CUST03902,2024-05-03,82.49,Grocery
CUST03902,2023-12-26,160.47,Electronics
CUST03902,2024-10-18,29.38,Grocery
CUST03902,2023-12-31,38.69,Dining
CUST03902,2025-04-16,119.6,Clothing
CUST03902,2025-07-21,166.8,Dining
CUST03902,2023-07-19,94.64,Travel
CUST03902,2024-05-11,162.84,Travel
CUST03902,2023-08-15,14.95,Electronics
CUST03903,2024-09-01,61.73,Clothing
CUST03903,2024-01-15,46.78,Grocery
CUST03903,2024-01-27,16.18,Electronics
CUST03903,2022-09-01,113.02,Grocery
CUST03903,2022-03-12,15.09,Dining
CUST03903,2023-11-26,101.59,Travel
CUST03903,2025-07-20,335.99,Dining
CUST03903,2024-05-15,91.82,Electronics
CUST03903,2022-08-28,110.77,Grocery
CUST03903,2025-01-14,389.71,Electronics
CUST03903,2025-05-28,73.68,Travel
CUST03903,2024-02-12,87.96,Grocery
CUST03903,2022-07-21,22.35,Electronics
CUST03903,2025-06-14,87.47,Dining
CUST03903,2023-05-14,166.69,Grocery
CUST03903,2022-02-15,161.42,Electronics
CUST03903,2023-06-03,59.77,Grocery
CUST03903,2023-06-16,37.91,Travel
CUST03903,2022-01-20,205.73,Clothing
CUST03903,2021-11-21,103.02,Dining
CUST03903,2023-01-14,16.98,Travel
CUST03903,2023-10-13,28.83,Dining
CUST03903,2025-03-06,58.71,Dining
CUST03903,2023-09-08,148.05,Travel
CUST03903,2023-01-17,169.78,Grocery
CUST03903,2022-04-18,6.77,Grocery
CUST03903,2025-02-17,61.64,Dining
CUST03903,2023-11-09,97.14,Dining
CUST03903,2024-04-26,13.18,Travel
CUST03903,2023-07-01,57.56,Grocery
CUST03903,2021-10-24,60.1,Dining
CUST03903,2025-03-19,61.49,Electronics
CUST03903,2024-06-18,84.11,Grocery
CUST03903,2022-06-25,39.38,Dining
CUST03903,2025-07-21,110.25,Travel
CUST03903,2023-06-02,29.01,Electronics
CUST03903,2022-09-06,17.91,Clothing
CUST03903,2023-05-31,56.8,Electronics
CUST03903,2024-11-08,236.25,Dining
CUST03903,2022-12-25,172.16,Grocery
CUST03903,2024-03-28,30.09,Grocery
CUST03903,2024-03-12,361.12,Grocery
CUST03903,2023-08-08,18.12,Travel
CUST03903,2022-09-11,28.58,Clothing
CUST03903,2023-04-09,18.48,Grocery
CUST03903,2024-06-06,35.53,Electronics
CUST03903,2023-06-17,7.22,Electronics
CUST03903,2022-02-09,142.15,Dining
CUST03903,2022-07-10,92.92,Travel
CUST03903,2024-06-28,6.62,Clothing
CUST03903,2024-02-25,52.4,Dining
CUST03903,2025-01-06,69.95,Travel
CUST03903,2021-11-05,68.58,Grocery
CUST03903,2022-08-06,12.23,Grocery
CUST03903,2024-09-07,14.57,Electronics
CUST03903,2024-04-25,41.21,Grocery
CUST03903,2024-06-26,51.08,Dining
CUST03903,2023-11-22,17.14,Dining
CUST03903,2023-03-22,11.53,Clothing
CUST03903,2021-11-22,44.23,Clothing
CUST03903,2025-06-20,280.91,Clothing
CUST03903,2023-05-20,27.03,Electronics
CUST03903,2021-11-19,64.28,Electronics
CUST03903,2022-05-24,254.38,Electronics
CUST03903,2022-01-08,69.16,Dining
CUST03903,2023-06-03,77.05,Electronics
CUST03903,2023-02-19,69.34,Dining
CUST03903,2024-03-30,6.27,Grocery
CUST03903,2023-08-21,384.47,Dining
CUST03903,2023-08-08,49.49,Clothing
CUST03903,2022-11-25,119.71,Electronics
CUST03903,2024-12-09,14.54,Dining
CUST03903,2024-11-14,7.75,Clothing
CUST03903,2025-05-31,119.04,Travel
CUST03903,2021-10-14,19.11,Clothing
CUST03903,2024-10-24,140.08,Electronics
CUST03903,2024-02-25,71.19,Travel
CUST03903,2023-11-30,28.84,Grocery
CUST03903,2023-02-19,290.87,Grocery
CUST03903,2023-10-01,200.63,Dining
CUST03903,2025-07-17,172.64,Clothing
CUST03903,2022-03-19,130.03,Grocery
CUST03903,2024-10-09,27.4,Clothing
CUST03903,2024-07-01,21.39,Dining
CUST03903,2024-01-03,48.69,Electronics
CUST03903,2024-08-28,37.49,Grocery
CUST03903,2025-07-24,29.1,Dining
CUST03903,2022-03-04,162.15,Travel
CUST03903,2021-12-29,101.6,Clothing
CUST03903,2022-07-26,82.46,Dining
CUST03903,2021-12-10,17.18,Clothing
CUST03903,2023-09-21,85.57,Clothing
CUST03903,2023-01-18,5.43,Grocery
CUST03903,2024-03-02,29.48,Clothing
CUST03903,2022-07-27,119.86,Dining
CUST03903,2023-01-15,91.39,Grocery
CUST03903,2021-12-15,14.45,Dining
CUST03903,2022-12-28,71.69,Grocery
CUST03903,2022-11-05,24.94,Travel
CUST03903,2024-10-28,121.85,Clothing
CUST03903,2022-04-21,7.89,Dining
CUST03903,2023-02-20,119.92,Electronics
CUST03903,2025-01-10,84.71,Grocery
CUST03903,2023-06-07,56.51,Electronics
CUST03903,2023-03-10,86.72,Grocery
CUST03903,2021-10-15,49.96,Dining
CUST03903,2023-10-13,10.45,Travel
CUST03903,2021-11-29,9.08,Clothing
CUST03903,2025-01-10,41.18,Dining
CUST03903,2023-04-12,21.4,Dining
CUST03903,2025-02-16,19.73,Travel
CUST03903,2021-11-17,38.26,Travel
CUST03903,2022-09-13,107.34,Clothing
CUST03903,2022-09-22,92.95,Travel
CUST03904,2023-12-02,32.5,Clothing
CUST03904,2024-07-14,25.32,Dining
CUST03904,2024-04-11,58.53,Electronics
CUST03904,2024-05-23,19.93,Grocery
CUST03904,2023-07-11,8.55,Dining
CUST03904,2025-01-15,58.24,Electronics
CUST03904,2024-06-03,132.18,Clothing
CUST03904,2023-02-02,79.62,Electronics
CUST03904,2024-05-22,241.2,Electronics
CUST03904,2022-01-25,127.51,Clothing
CUST03904,2025-05-26,136.53,Clothing
CUST03904,2025-02-28,95.74,Travel
CUST03904,2022-01-30,335.5,Clothing
CUST03904,2024-09-21,11.63,Travel
CUST03904,2022-08-06,35.07,Travel
CUST03904,2023-10-19,70.53,Electronics
CUST03904,2022-07-16,14.8,Dining
CUST03904,2022-10-31,122.37,Clothing
CUST03904,2025-07-20,100.87,Clothing
CUST03904,2024-02-06,118.28,Dining
CUST03904,2024-03-23,261.82,Electronics
CUST03904,2022-12-09,50.64,Clothing
CUST03904,2023-10-12,179.32,Grocery
CUST03904,2022-09-09,104.81,Clothing
CUST03904,2024-08-18,79.5,Grocery
CUST03904,2023-05-23,50.74,Grocery
CUST03904,2023-10-11,12.62,Travel
CUST03904,2022-03-25,68.16,Travel
CUST03904,2022-06-13,51.61,Electronics
CUST03904,2024-10-30,140.09,Dining
CUST03904,2022-10-19,209.1,Clothing
CUST03904,2024-12-06,84.14,Grocery
CUST03904,2024-03-29,201.42,Dining
CUST03904,2022-12-03,54.77,Electronics
CUST03904,2022-02-01,132.95,Electronics
CUST03904,2023-05-24,42.14,Electronics
CUST03904,2025-02-27,104.53,Clothing
CUST03904,2024-10-19,22.74,Electronics
CUST03904,2022-10-11,64.79,Dining
CUST03904,2022-11-18,31.24,Dining
CUST03904,2023-12-22,14.55,Clothing
CUST03904,2024-03-11,122.7,Travel
CUST03904,2023-07-13,49.17,Clothing
CUST03904,2024-04-01,50.28,Dining
CUST03904,2022-06-14,15.86,Grocery
CUST03904,2023-10-31,125.87,Grocery
CUST03904,2022-09-28,21.15,Travel
CUST03904,2023-03-18,201.4,Clothing
CUST03904,2024-12-01,36.97,Grocery
CUST03904,2024-11-24,109.83,Electronics
CUST03904,2021-12-23,61.41,Electronics
CUST03904,2024-03-27,15.3,Grocery
CUST03904,2025-05-03,53.65,Clothing
CUST03904,2024-03-07,22.11,Electronics
CUST03904,2025-01-21,19.05,Clothing
CUST03904,2024-08-23,8.17,Travel
CUST03904,2025-02-03,62.99,Dining
CUST03904,2025-02-09,26.72,Grocery
CUST03904,2024-09-20,19.41,Dining
CUST03904,2025-01-23,92.08,Travel
CUST03904,2023-11-21,43.65,Grocery
CUST03904,2024-08-27,12.71,Electronics
CUST03904,2024-12-22,41.5,Electronics
CUST03904,2024-04-05,157.73,Travel
CUST03904,2023-01-10,378.22,Travel
CUST03904,2023-11-08,16.9,Clothing
CUST03904,2024-08-16,7.69,Dining
CUST03904,2025-01-21,42.42,Grocery
CUST03904,2023-07-29,31.29,Travel
CUST03904,2024-10-05,138.43,Grocery
CUST03904,2023-02-21,61.78,Clothing
CUST03904,2022-03-05,95.15,Electronics
CUST03904,2023-05-26,35.22,Electronics
CUST03904,2022-04-18,33.21,Electronics
CUST03904,2022-01-13,6.64,Dining
CUST03904,2024-05-28,13.51,Electronics
CUST03904,2023-11-24,120.7,Clothing
CUST03904,2025-03-22,33.71,Electronics
CUST03904,2025-03-01,8.31,Clothing
CUST03904,2024-02-20,93.21,Travel
CUST03904,2022-05-30,485.01,Grocery
CUST03904,2024-10-14,164.58,Grocery
CUST03904,2025-07-05,214.37,Electronics
CUST03904,2024-01-11,126.3,Electronics
CUST03904,2022-12-17,6.41,Grocery
CUST03904,2024-03-20,309.15,Dining
CUST03904,2022-09-30,8.66,Dining
CUST03904,2022-05-02,92.08,Clothing
CUST03904,2022-04-16,156.63,Travel
CUST03904,2023-11-02,33.41,Grocery
CUST03904,2022-01-06,40.88,Electronics
CUST03904,2023-04-18,45.04,Dining
CUST03904,2022-07-21,43.08,Grocery
CUST03904,2024-11-30,344.5,Clothing
CUST03905,2024-12-17,41.54,Electronics
CUST03905,2025-06-11,131.19,Dining
CUST03905,2025-05-29,384.19,Dining
CUST03905,2024-11-22,11.7,Clothing
CUST03905,2024-09-23,17.12,Travel
CUST03905,2025-03-01,42.47,Clothing
CUST03905,2024-09-28,203.27,Dining
CUST03905,2025-03-03,26.91,Dining
CUST03905,2025-07-14,47.47,Electronics
CUST03905,2025-05-20,283.34,Dining
CUST03905,2024-12-16,35.95,Grocery
CUST03905,2025-04-20,189.24,Grocery
CUST03905,2024-11-05,25.64,Dining
CUST03905,2025-07-09,150.47,Dining
CUST03905,2025-06-02,77.14,Dining
CUST03905,2025-03-20,11.79,Travel
CUST03905,2025-02-20,67.01,Dining
CUST03905,2025-02-27,23.2,Dining
CUST03905,2024-09-28,7.67,Dining
CUST03905,2024-12-21,149.52,Travel
CUST03905,2024-09-07,14.42,Grocery
CUST03905,2024-11-27,45.93,Grocery
CUST03905,2025-02-01,385.29,Travel
CUST03905,2025-01-27,122.17,Travel
CUST03905,2025-01-23,75.26,Electronics
CUST03905,2025-07-22,13.86,Grocery
CUST03905,2025-03-17,55.01,Clothing
CUST03905,2025-03-23,48.41,Travel
CUST03905,2025-04-07,151.11,Dining
CUST03905,2025-05-24,52.93,Clothing
CUST03905,2024-10-25,96.7,Travel
CUST03905,2024-10-28,177.74,Clothing
CUST03905,2024-12-19,100.38,Clothing
CUST03905,2025-07-10,66.11,Grocery
CUST03905,2024-11-26,52.12,Dining
CUST03905,2025-06-21,187.07,Clothing
CUST03905,2025-05-03,28.54,Electronics
CUST03905,2024-09-17,41.86,Dining
CUST03905,2025-01-18,93.88,Electronics
CUST03905,2024-11-22,17.01,Electronics
CUST03905,2024-12-24,41.5,Grocery
CUST03905,2025-03-30,43.24,Electronics
CUST03905,2025-05-06,36.43,Clothing
CUST03905,2024-12-15,184.37,Electronics
CUST03905,2024-10-15,31.76,Grocery
CUST03905,2024-12-02,146.92,Electronics
CUST03905,2025-07-02,100.85,Clothing
CUST03905,2024-11-15,109.18,Dining
CUST03905,2024-09-19,58.72,Electronics
CUST03905,2025-05-27,57.05,Dining
CUST03905,2025-05-03,95.44,Travel
CUST03905,2024-09-23,118.41,Electronics
CUST03905,2024-11-16,226.39,Dining
CUST03905,2025-03-02,111.35,Clothing
CUST03905,2024-11-05,112.51,Travel
CUST03905,2025-05-19,53.78,Electronics
CUST03905,2025-07-23,59.45,Clothing
CUST03905,2025-03-02,13.37,Electronics
CUST03905,2025-01-16,262.01,Travel
CUST03905,2024-09-09,15.03,Dining
CUST03905,2025-05-25,340.81,Electronics
CUST03905,2024-10-21,32.86,Travel
CUST03905,2024-10-12,118.26,Dining
CUST03905,2024-10-07,129.61,Travel
CUST03905,2025-03-04,144.87,Dining
CUST03905,2025-03-29,6.68,Travel
CUST03905,2024-11-24,266.4,Electronics
CUST03905,2024-11-04,148.56,Grocery
CUST03905,2024-11-16,92.05,Dining
CUST03905,2025-07-05,68.04,Dining
CUST03905,2025-07-03,15.38,Dining
CUST03905,2025-01-16,20.87,Clothing
CUST03905,2024-09-30,39.8,Clothing
CUST03905,2024-11-15,49.99,Electronics
CUST03905,2024-11-25,19.39,Electronics
CUST03905,2024-10-31,19.64,Travel
CUST03905,2025-05-06,82.05,Clothing
CUST03905,2025-01-14,27.51,Electronics
CUST03905,2025-07-03,47.55,Travel
CUST03905,2024-12-28,43.65,Clothing
CUST03905,2024-12-23,18.79,Dining
CUST03905,2024-12-19,71.74,Electronics
CUST03905,2025-07-12,13.41,Dining
CUST03905,2025-02-15,181.63,Clothing
CUST03905,2025-05-30,6.25,Grocery
CUST03905,2025-07-13,428.9,Grocery
CUST03905,2024-12-01,129.69,Grocery
CUST03905,2025-03-21,56.65,Dining
CUST03905,2025-05-13,165.99,Travel
CUST03905,2025-03-04,29.83,Travel
CUST03905,2025-06-23,71.26,Dining
CUST03905,2025-05-02,26.97,Grocery
CUST03905,2025-03-20,19.95,Travel
CUST03905,2025-04-06,20.38,Electronics
CUST03905,2025-07-03,74.08,Dining
CUST03906,2023-06-11,47.56,Grocery
CUST03906,2024-09-07,35.26,Grocery
CUST03906,2023-06-05,252.82,Clothing
CUST03906,2021-12-21,220.9,Dining
CUST03906,2023-01-06,100.58,Travel
CUST03906,2022-01-01,86.76,Grocery
CUST03906,2021-02-16,206.67,Travel
CUST03906,2024-07-28,62.71,Dining
CUST03906,2022-03-05,90.98,Electronics
CUST03906,2021-10-31,101.58,Dining
CUST03906,2023-06-24,177.69,Clothing
CUST03906,2023-06-20,13.86,Electronics
CUST03906,2023-02-02,25.37,Travel
CUST03906,2021-10-19,201.08,Clothing
CUST03906,2021-06-19,131.34,Dining
CUST03906,2021-05-11,163.17,Electronics
CUST03906,2025-06-20,95.17,Dining
CUST03906,2024-05-11,229.02,Grocery
CUST03906,2024-06-27,32.51,Dining
CUST03906,2022-10-01,14.13,Travel
CUST03906,2022-11-01,36.45,Clothing
CUST03906,2023-01-16,108.32,Dining
CUST03906,2023-03-21,69.09,Grocery
CUST03906,2024-06-09,38.54,Electronics
CUST03906,2024-10-21,98.9,Electronics
CUST03906,2024-06-06,21.48,Electronics
CUST03906,2022-04-06,72.54,Electronics
CUST03906,2025-04-12,57.58,Grocery
CUST03906,2021-09-20,344.81,Travel
CUST03906,2021-02-01,61.06,Electronics
CUST03906,2022-12-05,194.94,Travel
CUST03906,2025-03-31,13.71,Travel
CUST03906,2024-11-18,75.56,Dining
CUST03906,2024-10-09,24.0,Travel
CUST03906,2021-06-11,53.07,Dining
CUST03906,2022-06-29,22.52,Clothing
CUST03906,2025-02-05,79.29,Grocery
CUST03906,2021-12-24,435.75,Travel
CUST03906,2025-06-11,12.97,Dining
CUST03906,2021-05-11,61.13,Electronics
CUST03906,2023-07-15,18.98,Dining
CUST03906,2023-05-03,124.83,Clothing
CUST03906,2021-12-25,70.62,Clothing
CUST03906,2021-11-23,15.33,Grocery
CUST03906,2021-01-24,97.75,Clothing
CUST03906,2021-03-06,34.33,Travel
CUST03906,2024-06-20,141.53,Travel
CUST03906,2024-12-09,152.99,Travel
CUST03906,2022-01-25,159.79,Electronics
CUST03906,2023-02-23,123.19,Dining
CUST03906,2025-07-01,43.63,Electronics
CUST03906,2022-11-12,194.33,Dining
CUST03906,2023-11-26,208.57,Dining
CUST03906,2024-02-22,57.66,Grocery
CUST03906,2024-01-23,128.6,Dining
CUST03906,2024-03-06,45.29,Clothing
CUST03906,2023-12-11,149.84,Grocery
CUST03906,2021-03-05,63.74,Grocery
CUST03906,2021-09-16,128.11,Clothing
CUST03906,2022-01-12,11.86,Dining
CUST03906,2024-11-30,71.89,Travel
CUST03906,2022-08-23,72.21,Clothing
CUST03906,2021-02-09,150.75,Electronics
CUST03906,2024-10-09,255.56,Travel
CUST03906,2023-11-16,20.12,Travel
CUST03906,2022-11-07,76.31,Travel
CUST03906,2023-01-08,11.42,Dining
CUST03906,2023-05-27,13.4,Dining
CUST03906,2021-02-27,15.16,Travel
CUST03906,2021-12-05,8.57,Grocery
CUST03906,2025-05-19,22.81,Grocery
CUST03906,2024-05-08,51.66,Dining
CUST03906,2023-11-26,180.99,Clothing
CUST03906,2021-02-28,151.61,Dining
CUST03906,2023-10-07,58.03,Grocery
CUST03906,2022-01-09,126.88,Electronics
CUST03906,2022-01-18,72.56,Dining
CUST03906,2021-10-29,44.49,Dining
CUST03906,2025-01-03,142.09,Travel
CUST03906,2022-07-29,85.66,Travel
CUST03906,2021-05-14,47.52,Travel
CUST03906,2024-11-01,145.54,Dining
CUST03906,2022-10-06,141.66,Dining
CUST03906,2024-11-13,80.34,Dining
CUST03906,2022-09-25,42.32,Travel
CUST03906,2021-10-18,38.22,Clothing
CUST03906,2024-12-25,59.01,Grocery
CUST03906,2025-06-28,93.79,Dining
CUST03906,2023-06-03,8.05,Electronics
CUST03906,2022-09-04,21.95,Grocery
CUST03906,2021-02-22,14.57,Travel
CUST03906,2022-08-16,38.53,Electronics
CUST03907,2025-05-14,37.68,Electronics
CUST03907,2025-03-20,26.35,Travel
CUST03907,2025-07-12,57.72,Electronics
CUST03907,2025-05-25,45.58,Travel
CUST03907,2025-04-27,73.94,Clothing
CUST03907,2025-07-23,17.5,Clothing
CUST03907,2025-04-16,31.74,Travel
CUST03907,2025-07-27,51.42,Electronics
CUST03907,2025-06-24,121.49,Clothing
CUST03907,2025-04-14,24.24,Dining
CUST03907,2025-05-13,44.92,Clothing
CUST03907,2025-05-28,49.67,Grocery
CUST03907,2025-07-19,63.8,Grocery
CUST03907,2025-05-15,265.41,Travel
CUST03907,2025-06-04,15.42,Clothing
CUST03907,2025-05-29,7.52,Grocery
CUST03907,2025-07-14,138.67,Clothing
CUST03907,2025-05-28,171.31,Electronics
CUST03907,2025-04-12,10.09,Dining
CUST03907,2025-07-01,39.12,Dining
CUST03907,2025-05-28,72.97,Electronics
CUST03907,2025-05-02,90.77,Dining
CUST03907,2025-06-22,55.04,Dining
CUST03907,2025-04-14,170.06,Grocery
CUST03907,2025-04-02,51.49,Travel
CUST03907,2025-04-08,42.04,Travel
CUST03907,2025-05-10,29.84,Dining
CUST03907,2025-07-13,30.06,Travel
CUST03907,2025-06-08,16.73,Electronics
CUST03907,2025-07-05,28.95,Dining
CUST03907,2025-04-19,81.65,Clothing
CUST03907,2025-04-19,38.53,Travel
CUST03907,2025-07-04,11.92,Grocery
CUST03907,2025-07-20,172.3,Clothing
CUST03907,2025-06-20,16.68,Clothing
CUST03907,2025-07-20,190.02,Travel
CUST03907,2025-06-15,74.43,Electronics
CUST03907,2025-07-10,86.89,Clothing
CUST03907,2025-06-18,57.7,Dining
CUST03907,2025-04-20,158.21,Electronics
CUST03907,2025-07-12,131.33,Clothing
CUST03907,2025-07-01,249.9,Grocery
CUST03907,2025-04-02,89.09,Clothing
CUST03907,2025-05-06,106.62,Dining
CUST03907,2025-06-09,160.61,Electronics
CUST03907,2025-05-02,34.63,Grocery
CUST03907,2025-04-02,11.26,Dining
CUST03907,2025-06-13,58.14,Grocery
CUST03907,2025-04-03,12.28,Dining
CUST03907,2025-07-01,37.77,Clothing
CUST03907,2025-03-22,379.94,Clothing
CUST03907,2025-04-27,41.01,Travel
CUST03907,2025-07-25,26.73,Dining
CUST03907,2025-03-28,15.65,Electronics
CUST03907,2025-06-02,675.47,Electronics
CUST03907,2025-07-28,556.81,Grocery
CUST03907,2025-05-16,91.05,Dining
CUST03907,2025-05-20,74.61,Electronics
CUST03907,2025-06-30,98.55,Travel
CUST03907,2025-05-11,48.84,Grocery
CUST03907,2025-07-13,85.58,Grocery
CUST03907,2025-04-26,32.56,Grocery
CUST03907,2025-06-04,86.28,Grocery
CUST03907,2025-05-13,91.99,Electronics
CUST03907,2025-06-01,7.58,Grocery
CUST03907,2025-05-29,311.57,Grocery
CUST03907,2025-03-31,52.11,Electronics
CUST03907,2025-03-26,15.47,Dining
CUST03907,2025-05-02,14.53,Electronics
CUST03907,2025-04-25,164.39,Clothing
CUST03907,2025-04-26,136.6,Electronics
CUST03907,2025-04-23,12.15,Electronics
CUST03907,2025-05-24,79.34,Travel
CUST03907,2025-04-03,17.73,Dining
CUST03907,2025-07-11,162.13,Dining
CUST03907,2025-06-01,138.28,Grocery
CUST03907,2025-03-25,11.63,Grocery
CUST03907,2025-05-08,135.0,Grocery
CUST03907,2025-03-25,50.73,Grocery
CUST03907,2025-06-06,92.32,Travel
CUST03907,2025-06-27,71.61,Clothing
CUST03907,2025-04-19,15.07,Travel
CUST03907,2025-04-17,7.88,Travel
CUST03907,2025-05-03,51.34,Dining
CUST03907,2025-03-27,81.14,Grocery
CUST03907,2025-03-18,74.55,Grocery
CUST03907,2025-05-16,58.2,Grocery
CUST03907,2025-04-29,61.59,Grocery
CUST03907,2025-07-14,26.37,Clothing
CUST03907,2025-07-15,56.66,Dining
CUST03907,2025-05-13,63.29,Travel
CUST03907,2025-07-14,9.71,Clothing
CUST03907,2025-03-26,27.38,Electronics
CUST03907,2025-05-05,7.39,Grocery
CUST03907,2025-07-16,95.92,Electronics
CUST03907,2025-03-29,11.96,Dining
CUST03907,2025-03-23,42.77,Grocery
CUST03907,2025-04-28,111.77,Clothing
CUST03907,2025-04-02,26.66,Clothing
CUST03907,2025-06-21,13.19,Dining
CUST03907,2025-03-27,17.59,Electronics
CUST03907,2025-03-21,123.62,Travel
CUST03907,2025-03-22,480.39,Clothing
CUST03907,2025-07-13,13.38,Dining
CUST03907,2025-07-22,399.69,Dining
CUST03907,2025-07-10,53.95,Dining
CUST03907,2025-07-06,39.5,Grocery
CUST03907,2025-07-02,71.73,Clothing
CUST03907,2025-04-24,25.73,Clothing
CUST03908,2025-07-31,123.83,Dining
CUST03908,2025-06-10,77.75,Dining
CUST03908,2025-03-08,31.98,Dining
CUST03908,2025-06-02,56.69,Clothing
CUST03908,2024-11-15,221.07,Travel
CUST03908,2025-06-04,23.4,Clothing
CUST03908,2025-07-09,45.02,Electronics
CUST03908,2025-05-05,84.29,Electronics
CUST03908,2024-10-26,146.26,Clothing
CUST03908,2025-02-18,202.19,Clothing
CUST03908,2025-07-15,342.93,Travel
CUST03908,2024-11-26,48.61,Grocery
CUST03908,2025-07-26,82.6,Grocery
CUST03908,2025-07-28,64.51,Grocery
CUST03908,2025-07-31,14.86,Grocery
CUST03908,2025-03-19,226.13,Dining
CUST03908,2025-07-03,86.84,Dining
CUST03908,2025-05-08,103.51,Dining
CUST03908,2024-12-26,186.63,Dining
CUST03908,2025-02-10,78.34,Travel
CUST03908,2024-11-26,13.81,Travel
CUST03908,2025-07-20,197.13,Travel
CUST03908,2025-01-06,106.72,Travel
CUST03908,2025-07-08,40.27,Electronics
CUST03908,2024-12-31,25.13,Travel
CUST03908,2025-08-01,32.51,Clothing
CUST03908,2025-05-12,35.14,Travel
CUST03908,2024-11-28,29.86,Clothing
CUST03908,2025-02-24,37.88,Travel
CUST03908,2024-10-29,61.94,Electronics
CUST03908,2025-04-25,145.72,Electronics
CUST03908,2025-01-09,52.02,Travel
CUST03908,2025-04-04,254.29,Electronics
CUST03908,2024-11-29,19.84,Dining
CUST03908,2025-02-10,58.23,Travel
CUST03908,2025-04-25,58.62,Electronics
CUST03908,2025-01-30,27.72,Electronics
CUST03908,2025-04-19,129.54,Dining
CUST03908,2025-07-13,9.91,Travel
CUST03908,2025-06-20,33.23,Electronics
CUST03908,2025-01-20,62.48,Travel
CUST03908,2025-04-25,36.99,Travel
CUST03908,2024-10-27,40.64,Clothing
CUST03908,2024-12-19,245.84,Dining
CUST03908,2025-04-21,28.3,Grocery
CUST03908,2024-11-19,88.99,Grocery
CUST03908,2024-10-31,52.8,Travel
CUST03908,2024-12-25,101.94,Dining
CUST03908,2025-03-22,91.54,Clothing
CUST03908,2024-11-01,101.44,Clothing
CUST03908,2025-02-14,100.07,Electronics
CUST03908,2024-12-01,99.8,Travel
CUST03908,2025-06-04,162.88,Electronics
CUST03908,2025-01-25,43.95,Travel
CUST03908,2025-03-07,36.83,Dining
CUST03908,2025-03-30,39.09,Dining
CUST03908,2024-11-09,63.75,Grocery
CUST03908,2024-10-26,71.67,Grocery
CUST03908,2025-05-08,51.65,Grocery
CUST03908,2024-11-06,142.37,Electronics
CUST03908,2025-07-31,55.48,Clothing
CUST03908,2024-12-02,270.83,Grocery
CUST03908,2024-12-16,468.77,Clothing
CUST03908,2025-06-02,11.98,Electronics
CUST03908,2025-04-09,136.01,Travel
CUST03908,2025-06-03,67.65,Electronics
CUST03908,2024-10-20,84.48,Travel
CUST03908,2025-01-08,100.04,Travel
CUST03908,2024-12-13,49.41,Clothing
CUST03908,2025-02-04,136.33,Grocery
CUST03908,2025-01-03,37.68,Clothing
CUST03908,2025-05-14,496.27,Travel
CUST03908,2025-07-06,66.01,Electronics
CUST03908,2024-10-16,305.22,Dining
CUST03908,2025-01-31,12.92,Grocery
CUST03908,2025-04-28,128.98,Clothing
CUST03908,2025-01-19,92.09,Electronics
CUST03908,2024-12-05,36.44,Grocery
CUST03908,2024-10-30,45.27,Grocery
CUST03909,2023-09-09,78.88,Clothing
CUST03909,2023-09-19,42.1,Travel
CUST03909,2025-05-28,26.24,Dining
CUST03909,2022-06-08,18.7,Dining
CUST03909,2024-03-03,157.72,Travel
CUST03909,2024-05-20,24.24,Electronics
CUST03909,2022-12-02,72.64,Electronics
CUST03909,2023-07-31,104.05,Clothing
CUST03909,2025-07-24,96.08,Dining
CUST03909,2024-11-27,157.64,Clothing
CUST03909,2023-04-23,59.3,Clothing
CUST03909,2024-08-08,37.05,Electronics
CUST03909,2024-07-16,73.06,Travel
CUST03909,2023-08-20,99.62,Clothing
CUST03909,2024-11-01,17.99,Electronics
CUST03909,2022-07-21,17.78,Travel
CUST03909,2025-01-05,137.49,Clothing
CUST03909,2024-10-20,80.93,Grocery
CUST03909,2022-08-29,95.42,Travel
CUST03909,2025-04-09,109.42,Dining
CUST03909,2022-10-07,105.68,Electronics
CUST03909,2022-10-12,27.54,Travel
CUST03909,2024-01-02,10.41,Electronics
CUST03909,2023-02-02,144.82,Dining
CUST03909,2024-12-09,19.7,Clothing
CUST03909,2022-07-18,47.21,Grocery
CUST03909,2024-02-06,25.76,Clothing
CUST03909,2022-10-11,284.14,Travel
CUST03909,2022-07-03,24.27,Travel
CUST03909,2023-10-30,141.93,Travel
CUST03909,2022-09-30,122.75,Grocery
CUST03909,2023-07-06,52.77,Dining
CUST03909,2023-06-09,55.3,Clothing
CUST03909,2024-06-28,207.17,Electronics
CUST03909,2023-10-04,30.86,Grocery
CUST03909,2022-11-10,30.68,Electronics
CUST03909,2024-07-18,20.65,Electronics
CUST03909,2024-05-01,162.81,Dining
CUST03909,2024-06-22,26.58,Dining
CUST03909,2023-03-11,5.42,Dining
CUST03909,2025-01-29,120.11,Dining
CUST03909,2024-11-09,176.51,Grocery
CUST03909,2023-03-22,9.83,Grocery
CUST03909,2022-10-06,13.69,Travel
CUST03909,2022-07-21,16.06,Grocery
CUST03909,2025-01-07,112.68,Clothing
CUST03909,2025-01-09,118.34,Dining
CUST03909,2023-02-10,115.56,Clothing
CUST03909,2023-03-01,85.53,Grocery
CUST03909,2023-09-22,18.38,Clothing
CUST03909,2025-06-08,33.62,Dining
CUST03909,2024-08-15,7.0,Electronics
CUST03909,2025-05-03,210.92,Electronics
CUST03909,2022-12-20,53.25,Dining
CUST03909,2024-09-30,33.13,Grocery
CUST03909,2024-05-24,18.73,Grocery
CUST03909,2023-07-11,394.45,Grocery
CUST03909,2022-11-04,65.21,Grocery
CUST03909,2024-11-02,23.13,Clothing
CUST03909,2024-02-20,66.15,Clothing
CUST03909,2024-11-13,162.42,Clothing
CUST03909,2023-12-31,64.21,Clothing
CUST03909,2023-01-27,338.64,Travel
CUST03909,2022-08-21,5.06,Grocery
CUST03909,2024-10-28,30.18,Travel
CUST03909,2022-08-03,161.93,Travel
CUST03909,2023-12-19,25.51,Clothing
CUST03909,2025-06-16,20.41,Electronics
CUST03909,2025-05-02,35.04,Grocery
CUST03909,2022-08-30,230.38,Clothing
CUST03909,2022-12-07,9.81,Clothing
CUST03909,2024-07-31,47.83,Grocery
CUST03909,2025-07-23,58.18,Electronics
CUST03909,2022-12-30,94.14,Electronics
CUST03909,2022-11-18,95.98,Travel
CUST03909,2025-01-13,40.56,Dining
CUST03909,2025-01-12,11.45,Electronics
CUST03909,2024-07-13,283.61,Clothing
CUST03909,2025-03-23,53.54,Dining
CUST03909,2022-12-30,17.72,Travel
CUST03909,2024-02-03,16.67,Clothing
CUST03909,2024-07-07,11.87,Clothing
CUST03909,2025-03-21,129.88,Travel
CUST03909,2024-02-13,156.51,Dining
CUST03909,2023-07-15,7.51,Electronics
CUST03909,2023-08-10,10.06,Travel
CUST03909,2024-01-08,14.36,Electronics
CUST03909,2025-03-10,78.88,Grocery
CUST03909,2023-03-16,6.6,Clothing
CUST03909,2024-06-07,162.9,Grocery
CUST03909,2025-01-17,135.53,Travel
CUST03909,2025-06-16,24.49,Travel
CUST03909,2022-06-28,155.6,Electronics
CUST03909,2023-10-29,37.35,Dining
CUST03909,2022-08-07,79.84,Electronics
CUST03909,2022-10-13,79.86,Clothing
CUST03909,2024-12-06,118.56,Electronics
CUST03909,2024-10-25,81.41,Grocery
CUST03909,2023-10-07,22.15,Electronics
CUST03909,2024-10-12,120.12,Dining
CUST03909,2025-04-01,185.47,Dining
CUST03909,2024-04-14,60.56,Electronics
CUST03909,2023-02-15,132.31,Clothing
CUST03909,2023-05-17,70.72,Dining
CUST03910,2024-05-15,283.54,Clothing
CUST03910,2024-06-20,106.64,Travel
CUST03910,2024-03-27,11.32,Electronics
CUST03910,2024-05-21,71.9,Travel
CUST03910,2023-05-17,148.77,Dining
CUST03910,2023-06-08,58.39,Clothing
CUST03910,2024-04-17,19.92,Dining
CUST03910,2023-10-21,154.29,Electronics
CUST03910,2023-06-24,59.51,Dining
CUST03910,2024-02-10,39.19,Clothing
CUST03910,2023-11-05,89.56,Electronics
CUST03910,2023-05-12,17.13,Grocery
CUST03910,2025-01-29,198.84,Dining
CUST03910,2025-07-29,46.08,Travel
CUST03910,2024-06-16,21.25,Travel
CUST03910,2024-02-06,42.06,Grocery
CUST03910,2025-05-11,26.24,Clothing
CUST03910,2024-03-21,62.06,Grocery
CUST03910,2023-08-05,21.78,Clothing
CUST03910,2025-04-18,279.32,Dining
CUST03910,2024-08-29,90.99,Clothing
CUST03910,2024-09-08,25.67,Clothing
CUST03910,2025-06-30,127.36,Electronics
CUST03910,2023-07-16,28.58,Travel
CUST03910,2025-05-07,18.43,Grocery
CUST03910,2024-03-22,42.15,Electronics
CUST03910,2023-09-09,149.37,Clothing
CUST03910,2024-03-10,132.39,Dining
CUST03910,2024-02-18,51.82,Dining
CUST03910,2025-05-11,59.05,Grocery
CUST03910,2025-03-18,45.6,Electronics
CUST03910,2024-08-11,77.91,Electronics
CUST03910,2023-10-03,143.38,Clothing
CUST03910,2024-10-22,88.94,Dining
CUST03910,2025-07-12,48.98,Grocery
CUST03910,2024-06-29,94.31,Dining
CUST03910,2023-10-27,76.29,Grocery
CUST03910,2024-01-12,65.24,Travel
CUST03910,2023-06-09,425.62,Travel
CUST03910,2025-03-21,17.44,Electronics
CUST03910,2024-08-10,33.99,Travel
CUST03910,2025-05-19,90.27,Grocery
CUST03910,2024-01-18,428.17,Electronics
CUST03910,2023-12-25,233.4,Dining
CUST03910,2023-08-11,128.43,Dining
CUST03910,2024-05-06,44.02,Travel
CUST03910,2023-06-02,184.24,Grocery
CUST03910,2023-09-14,227.36,Grocery
CUST03910,2025-07-12,43.28,Grocery
CUST03910,2025-05-08,84.87,Electronics
CUST03910,2025-02-03,32.85,Electronics
CUST03910,2024-12-07,116.17,Grocery
CUST03910,2024-02-24,13.58,Grocery
CUST03910,2024-03-12,21.47,Electronics
CUST03910,2024-04-02,32.24,Dining
CUST03910,2024-09-14,47.59,Electronics
CUST03910,2024-08-09,16.01,Travel
CUST03910,2024-08-09,38.39,Electronics
CUST03910,2023-12-20,31.38,Grocery
CUST03910,2024-04-14,31.58,Electronics
CUST03910,2025-04-23,95.87,Travel
CUST03910,2023-11-02,56.17,Dining
CUST03910,2023-12-15,18.9,Grocery
CUST03910,2023-11-21,49.52,Dining
CUST03910,2025-06-01,46.23,Dining
CUST03910,2023-05-26,32.34,Electronics
CUST03910,2024-02-23,20.08,Dining
CUST03910,2023-08-16,104.72,Clothing
CUST03910,2025-04-08,55.81,Electronics
CUST03910,2023-07-16,89.01,Travel
CUST03910,2025-07-06,67.75,Grocery
CUST03910,2024-05-31,180.24,Dining
CUST03910,2024-11-13,28.99,Dining
CUST03910,2024-10-07,80.21,Clothing
CUST03910,2024-01-07,22.15,Dining
CUST03910,2025-04-25,9.29,Electronics
CUST03910,2025-05-11,61.56,Grocery
CUST03910,2024-12-22,258.37,Travel
CUST03910,2024-01-16,17.4,Clothing
CUST03910,2024-01-13,63.32,Dining
CUST03910,2024-07-21,126.28,Clothing
CUST03910,2023-10-30,54.19,Dining
CUST03910,2024-11-07,186.08,Travel
CUST03910,2025-03-24,171.14,Grocery
CUST03910,2023-09-29,22.09,Electronics
CUST03910,2024-11-21,7.83,Electronics
CUST03910,2025-04-26,158.76,Grocery
CUST03910,2025-03-10,104.84,Clothing
CUST03910,2025-06-16,170.32,Electronics
CUST03910,2025-01-16,35.25,Clothing
CUST03910,2024-09-07,9.34,Grocery
CUST03910,2023-12-28,31.88,Electronics
CUST03910,2025-02-26,19.88,Electronics
CUST03910,2024-11-09,12.98,Travel
CUST03911,2021-10-30,87.48,Electronics
CUST03911,2021-07-26,48.56,Dining
CUST03911,2024-12-05,74.88,Electronics
CUST03911,2022-06-30,62.09,Grocery
CUST03911,2022-09-01,45.28,Travel
CUST03911,2022-06-08,108.32,Clothing
CUST03911,2025-04-29,16.81,Grocery
CUST03911,2022-01-25,20.47,Clothing
CUST03911,2022-07-03,40.26,Electronics
CUST03911,2023-03-06,321.1,Grocery
CUST03911,2022-07-28,34.21,Travel
CUST03911,2021-10-16,12.33,Travel
CUST03911,2023-12-02,45.7,Dining
CUST03911,2024-04-05,30.98,Clothing
CUST03911,2021-06-09,126.9,Electronics
CUST03911,2025-04-26,9.72,Grocery
CUST03911,2025-04-07,127.44,Clothing
CUST03911,2025-05-12,584.68,Clothing
CUST03911,2021-07-08,114.27,Dining
CUST03911,2022-05-25,11.01,Electronics
CUST03911,2024-06-27,73.06,Dining
CUST03911,2025-06-02,64.56,Travel
CUST03911,2022-06-13,150.12,Travel
CUST03911,2025-06-25,64.36,Clothing
CUST03911,2021-11-27,11.22,Clothing
CUST03911,2024-07-17,38.89,Grocery
CUST03911,2025-04-07,43.6,Travel
CUST03911,2025-02-10,212.73,Travel
CUST03911,2024-09-14,22.06,Grocery
CUST03911,2023-10-16,26.72,Electronics
CUST03911,2022-03-24,118.04,Clothing
CUST03911,2025-01-21,51.09,Dining
CUST03911,2023-11-04,13.66,Electronics
CUST03911,2024-08-07,70.84,Clothing
CUST03911,2023-01-02,78.45,Travel
CUST03911,2025-01-15,84.38,Clothing
CUST03911,2022-12-19,148.14,Clothing
CUST03911,2023-02-05,118.77,Grocery
CUST03911,2022-04-28,44.33,Dining
CUST03911,2021-10-25,73.65,Grocery
CUST03911,2021-03-25,19.66,Travel
CUST03911,2021-09-29,53.76,Travel
CUST03911,2023-05-12,40.58,Electronics
CUST03911,2024-09-25,22.51,Dining
CUST03911,2023-05-12,235.65,Dining
CUST03911,2022-04-23,273.38,Travel
CUST03911,2024-05-31,41.61,Grocery
CUST03911,2022-05-27,6.93,Travel
CUST03911,2022-08-14,61.28,Dining
CUST03911,2022-01-18,83.99,Travel
CUST03911,2024-07-01,271.76,Travel
CUST03911,2023-01-15,15.37,Travel
CUST03911,2021-11-16,22.64,Grocery
CUST03911,2024-11-03,30.27,Grocery
CUST03911,2024-05-22,49.34,Dining
CUST03911,2023-04-10,180.24,Dining
CUST03911,2023-01-31,37.44,Clothing
CUST03911,2022-01-31,15.39,Dining
CUST03911,2021-06-06,320.48,Grocery
CUST03911,2025-07-22,6.54,Clothing
CUST03911,2024-04-19,122.65,Electronics
CUST03911,2022-03-05,24.75,Electronics
CUST03911,2023-09-17,139.5,Grocery
CUST03911,2021-10-27,36.77,Electronics
CUST03911,2021-12-06,8.42,Grocery
CUST03911,2022-05-09,43.44,Grocery
CUST03911,2024-05-31,34.53,Travel
CUST03911,2022-07-14,38.98,Dining
CUST03911,2021-10-23,70.45,Clothing
CUST03911,2023-01-29,12.22,Travel
CUST03911,2024-08-11,39.28,Clothing
CUST03911,2024-09-15,7.3,Electronics
CUST03911,2022-05-31,19.07,Electronics
CUST03911,2022-01-02,71.53,Travel
CUST03911,2022-09-26,75.37,Travel
CUST03911,2022-06-06,165.64,Grocery
CUST03911,2024-11-25,71.6,Electronics
CUST03911,2024-11-03,415.09,Grocery
CUST03911,2021-11-17,49.18,Grocery
CUST03911,2022-11-01,122.55,Dining
CUST03911,2023-04-02,16.53,Travel
CUST03911,2021-03-18,122.94,Dining
CUST03911,2022-02-05,81.74,Grocery
CUST03911,2023-09-30,106.55,Grocery
CUST03911,2023-05-29,38.63,Grocery
CUST03911,2024-07-02,273.26,Travel
CUST03911,2022-12-06,49.28,Grocery
CUST03911,2024-03-02,109.32,Clothing
CUST03911,2023-05-01,55.16,Electronics
CUST03911,2022-08-17,112.35,Travel
CUST03911,2021-08-25,74.87,Grocery
CUST03911,2021-06-01,271.05,Dining
CUST03911,2021-05-14,23.89,Grocery
CUST03912,2024-09-16,42.99,Clothing
CUST03912,2022-07-27,69.89,Grocery
CUST03912,2022-10-12,47.75,Travel
CUST03912,2022-01-22,55.27,Travel
CUST03912,2022-12-24,47.36,Grocery
CUST03912,2022-01-10,19.24,Electronics
CUST03912,2023-08-22,138.35,Grocery
CUST03912,2025-04-15,13.39,Travel
CUST03912,2021-03-29,106.07,Travel
CUST03912,2024-07-11,34.84,Travel
CUST03912,2023-03-09,126.75,Dining
CUST03912,2022-05-14,114.47,Electronics
CUST03912,2023-12-21,46.73,Dining
CUST03912,2025-05-28,27.8,Electronics
CUST03912,2024-03-02,96.77,Travel
CUST03912,2021-01-03,64.78,Clothing
CUST03912,2021-12-04,195.38,Grocery
CUST03912,2025-01-27,61.31,Grocery
CUST03912,2023-10-01,93.12,Electronics
CUST03912,2024-10-18,46.19,Clothing
CUST03912,2021-12-05,46.46,Electronics
CUST03912,2024-08-17,100.41,Electronics
CUST03912,2022-02-25,86.71,Dining
CUST03912,2025-07-12,98.45,Dining
CUST03912,2024-02-15,40.51,Grocery
CUST03912,2025-01-18,11.82,Grocery
CUST03912,2021-07-24,176.29,Electronics
CUST03912,2025-02-03,114.05,Clothing
CUST03912,2024-09-29,109.02,Grocery
CUST03912,2023-08-19,146.3,Travel
CUST03912,2024-12-04,157.76,Dining
CUST03912,2023-11-12,23.53,Dining
CUST03912,2024-10-08,145.38,Grocery
CUST03912,2024-12-31,77.2,Clothing
CUST03912,2024-03-27,14.18,Electronics
CUST03912,2025-07-14,55.34,Electronics
CUST03912,2022-05-08,111.0,Dining
CUST03912,2025-01-14,190.91,Clothing
CUST03912,2024-03-21,16.08,Electronics
CUST03912,2023-04-15,39.26,Travel
CUST03912,2022-07-12,90.89,Travel
CUST03912,2024-05-11,101.99,Grocery
CUST03912,2021-05-23,16.73,Clothing
CUST03912,2023-02-08,42.21,Clothing
CUST03912,2025-02-11,14.82,Dining
CUST03912,2021-02-17,78.22,Clothing
CUST03912,2025-07-11,13.04,Dining
CUST03912,2022-11-17,21.62,Grocery
CUST03912,2021-12-13,121.64,Electronics
CUST03912,2021-11-14,23.2,Travel
CUST03912,2023-08-27,176.86,Clothing
CUST03912,2022-07-28,15.58,Dining
CUST03912,2021-10-23,212.78,Dining
CUST03912,2025-05-15,22.27,Grocery
CUST03912,2021-01-24,363.67,Travel
CUST03912,2025-06-23,197.2,Grocery
CUST03912,2025-01-25,16.52,Travel
CUST03912,2021-06-29,16.26,Grocery
CUST03912,2025-04-18,91.19,Clothing
CUST03912,2023-06-14,150.34,Travel
CUST03912,2022-06-04,35.93,Grocery
CUST03912,2021-10-22,23.79,Grocery
CUST03912,2024-04-13,126.17,Clothing
CUST03912,2022-07-21,106.05,Dining
CUST03912,2022-10-07,36.29,Electronics
CUST03912,2023-12-08,21.9,Clothing
CUST03912,2024-03-24,93.02,Grocery
CUST03912,2024-12-20,120.0,Clothing
CUST03912,2023-12-08,164.93,Dining
CUST03912,2025-03-19,20.68,Travel
CUST03912,2021-07-19,9.73,Travel
CUST03912,2021-10-26,69.97,Dining
CUST03912,2023-04-20,117.48,Clothing
CUST03912,2025-05-29,15.92,Dining
CUST03912,2023-08-12,262.51,Electronics
CUST03912,2024-05-24,54.62,Grocery
CUST03912,2024-09-02,16.25,Grocery
CUST03912,2024-08-26,33.39,Dining
CUST03912,2024-06-27,114.47,Clothing
CUST03912,2024-08-04,304.03,Clothing
CUST03912,2021-04-22,23.43,Electronics
CUST03912,2025-06-05,29.92,Grocery
CUST03912,2023-12-11,47.76,Electronics
CUST03912,2022-01-09,125.29,Travel
CUST03912,2025-01-23,357.72,Dining
CUST03912,2023-07-05,133.09,Clothing
CUST03912,2024-07-18,112.29,Grocery
CUST03912,2022-08-05,365.04,Electronics
CUST03912,2022-10-12,48.37,Electronics
CUST03912,2022-09-17,316.89,Travel
CUST03912,2023-03-08,321.89,Grocery
CUST03912,2024-05-31,21.24,Travel
CUST03912,2023-04-22,51.95,Dining
CUST03912,2023-01-13,47.29,Dining
CUST03912,2022-01-02,53.32,Clothing
CUST03912,2022-11-26,39.47,Clothing
CUST03912,2025-07-30,52.44,Grocery
CUST03912,2022-10-04,205.44,Travel
CUST03913,2020-11-16,21.17,Electronics
CUST03913,2025-03-08,53.55,Grocery
CUST03913,2025-03-05,33.42,Travel
CUST03913,2021-08-10,32.58,Clothing
CUST03913,2021-08-28,42.47,Travel
CUST03913,2024-10-13,6.54,Electronics
CUST03913,2022-11-05,183.43,Clothing
CUST03913,2024-12-04,50.77,Electronics
CUST03913,2021-12-22,31.19,Dining
CUST03913,2024-01-26,146.96,Dining
CUST03913,2022-06-28,43.11,Grocery
CUST03913,2020-12-19,115.55,Electronics
CUST03913,2022-01-11,111.72,Dining
CUST03913,2023-11-17,72.81,Travel
CUST03913,2020-10-26,50.49,Dining
CUST03913,2022-08-13,93.51,Dining
CUST03913,2025-07-07,111.63,Dining
CUST03913,2023-05-11,107.58,Electronics
CUST03913,2025-04-08,88.84,Dining
CUST03913,2022-06-30,47.06,Clothing
CUST03913,2025-07-03,123.61,Travel
CUST03913,2020-12-23,76.21,Grocery
CUST03913,2023-12-22,97.76,Clothing
CUST03913,2024-12-12,10.17,Clothing
CUST03913,2024-09-17,180.3,Clothing
CUST03913,2020-12-22,143.57,Electronics
CUST03913,2021-01-22,373.32,Grocery
CUST03913,2025-02-03,428.94,Dining
CUST03913,2024-06-05,18.62,Travel
CUST03913,2023-09-16,156.97,Travel
CUST03913,2021-06-15,149.85,Dining
CUST03913,2025-05-09,58.79,Travel
CUST03913,2022-11-17,15.53,Electronics
CUST03913,2025-03-07,61.84,Clothing
CUST03913,2023-10-07,48.32,Grocery
CUST03913,2025-06-11,132.53,Dining
CUST03913,2021-01-17,128.26,Clothing
CUST03913,2021-04-18,7.19,Dining
CUST03913,2021-08-17,95.2,Grocery
CUST03913,2022-08-03,12.2,Grocery
CUST03913,2025-07-07,95.2,Electronics
CUST03913,2021-03-22,72.35,Electronics
CUST03913,2021-12-06,63.51,Travel
CUST03913,2023-08-23,82.07,Clothing
CUST03913,2021-10-07,85.96,Electronics
CUST03913,2024-07-02,285.29,Grocery
CUST03913,2025-08-01,160.53,Electronics
CUST03913,2023-10-13,139.39,Dining
CUST03913,2024-09-15,27.18,Grocery
CUST03913,2024-01-16,202.74,Dining
CUST03913,2023-04-16,34.95,Grocery
CUST03913,2021-06-14,139.62,Dining
CUST03913,2021-05-05,18.51,Clothing
CUST03913,2024-04-19,18.56,Dining
CUST03913,2022-06-27,14.03,Electronics
CUST03913,2023-12-17,118.99,Travel
CUST03913,2022-05-11,64.39,Grocery
CUST03913,2023-10-09,20.9,Clothing
CUST03913,2024-03-30,119.34,Grocery
CUST03913,2020-11-06,42.9,Travel
CUST03913,2021-08-05,77.22,Clothing
CUST03913,2024-03-12,74.47,Dining
CUST03913,2022-05-27,165.31,Grocery
CUST03913,2023-09-21,143.0,Electronics
CUST03913,2024-02-15,150.13,Travel
CUST03913,2023-12-04,184.68,Grocery
CUST03913,2025-01-30,134.96,Clothing
CUST03913,2024-07-19,6.36,Dining
CUST03913,2021-09-17,62.53,Dining
CUST03913,2025-01-16,60.01,Electronics
CUST03913,2024-06-08,37.19,Dining
CUST03913,2021-12-25,32.5,Electronics
CUST03913,2021-06-02,45.6,Clothing
CUST03913,2023-01-18,10.79,Travel
CUST03913,2024-08-28,39.89,Grocery
CUST03913,2021-02-15,249.18,Travel
CUST03913,2025-02-11,91.88,Travel
CUST03913,2024-06-21,201.23,Grocery
CUST03913,2023-12-31,87.77,Travel
CUST03913,2024-09-02,96.63,Electronics
CUST03913,2022-12-10,23.7,Travel
CUST03913,2024-02-18,16.54,Electronics
CUST03913,2022-11-03,54.19,Electronics
CUST03913,2021-02-02,49.32,Dining
CUST03913,2022-04-18,36.13,Clothing
CUST03913,2024-03-05,146.79,Travel
CUST03913,2022-04-18,43.76,Grocery
CUST03913,2024-05-03,24.66,Clothing
CUST03913,2020-10-14,23.7,Travel
CUST03913,2021-08-29,8.46,Electronics
CUST03913,2024-01-12,21.09,Grocery
CUST03913,2021-02-02,64.59,Grocery
CUST03913,2021-08-12,365.64,Dining
CUST03913,2022-11-08,193.34,Grocery
CUST03913,2020-12-12,140.35,Electronics
CUST03913,2022-09-19,32.8,Travel
CUST03913,2020-11-19,38.28,Grocery
CUST03913,2023-01-05,333.78,Electronics
CUST03913,2023-09-16,57.34,Dining
CUST03913,2025-01-06,204.02,Clothing
CUST03913,2025-03-11,93.96,Clothing
CUST03913,2024-01-04,5.44,Grocery
CUST03913,2025-06-03,76.16,Clothing
CUST03914,2024-01-30,14.98,Travel
CUST03914,2023-04-03,76.27,Electronics
CUST03914,2023-03-09,16.71,Dining
CUST03914,2023-05-02,435.7,Dining
CUST03914,2024-06-11,8.87,Electronics
CUST03914,2022-05-18,217.04,Electronics
CUST03914,2025-04-30,33.92,Clothing
CUST03914,2022-11-04,175.32,Travel
CUST03914,2024-10-16,29.7,Electronics
CUST03914,2024-03-02,15.57,Grocery
CUST03914,2023-05-09,44.85,Clothing
CUST03914,2022-10-18,158.21,Dining
CUST03914,2022-12-14,91.07,Dining
CUST03914,2024-07-24,239.39,Electronics
CUST03914,2023-11-18,107.96,Travel
CUST03914,2022-12-24,116.94,Dining
CUST03914,2024-06-08,147.4,Travel
CUST03914,2025-07-14,132.75,Electronics
CUST03914,2023-11-16,91.51,Travel
CUST03914,2023-05-21,103.99,Travel
CUST03914,2024-04-13,75.95,Clothing
CUST03914,2025-01-06,57.35,Grocery
CUST03914,2025-06-16,152.81,Dining
CUST03914,2024-02-12,24.69,Dining
CUST03914,2023-07-26,13.95,Electronics
CUST03914,2024-08-14,180.24,Dining
CUST03914,2024-10-25,91.95,Dining
CUST03914,2023-10-12,5.6,Travel
CUST03914,2024-08-14,19.53,Clothing
CUST03914,2025-03-29,241.54,Electronics
CUST03914,2023-08-20,25.36,Dining
CUST03914,2025-04-04,195.29,Grocery
CUST03914,2023-03-06,31.25,Travel
CUST03914,2022-06-14,81.69,Dining
CUST03914,2024-11-28,7.92,Dining
CUST03914,2022-06-30,278.34,Clothing
CUST03914,2023-06-16,64.42,Dining
CUST03914,2024-10-24,107.1,Travel
CUST03914,2024-02-24,117.65,Electronics
CUST03914,2025-05-02,5.02,Grocery
CUST03914,2023-12-05,6.22,Clothing
CUST03914,2024-01-12,144.2,Grocery
CUST03914,2023-12-09,141.85,Clothing
CUST03914,2023-06-26,84.63,Clothing
CUST03914,2022-05-25,76.21,Clothing
CUST03914,2025-03-16,183.54,Travel
CUST03914,2024-01-07,230.07,Grocery
CUST03914,2024-10-11,25.09,Clothing
CUST03914,2024-07-19,53.28,Clothing
CUST03914,2023-08-24,89.53,Travel
CUST03914,2025-03-01,310.89,Clothing
CUST03914,2023-09-15,186.32,Grocery
CUST03914,2024-11-25,298.4,Travel
CUST03914,2024-05-12,12.43,Clothing
CUST03914,2024-11-26,61.79,Clothing
CUST03914,2025-05-08,18.66,Clothing
CUST03914,2022-10-03,172.13,Clothing
CUST03914,2025-06-15,22.66,Grocery
CUST03914,2023-07-10,129.72,Clothing
CUST03914,2022-06-24,99.29,Dining
CUST03914,2024-02-02,281.03,Electronics
CUST03914,2022-09-21,17.72,Travel
CUST03914,2024-09-23,34.41,Grocery
CUST03914,2024-05-27,22.35,Travel
CUST03914,2024-12-27,12.55,Dining
CUST03914,2023-12-28,165.78,Grocery
CUST03914,2023-08-12,18.2,Electronics
CUST03914,2023-09-30,8.27,Travel
CUST03914,2023-01-31,196.86,Travel
CUST03914,2022-05-18,49.37,Travel
CUST03914,2025-07-14,35.75,Clothing
CUST03914,2025-04-21,47.11,Dining
CUST03914,2023-03-01,14.61,Dining
CUST03914,2022-05-28,18.94,Electronics
CUST03914,2025-05-03,39.42,Dining
CUST03914,2024-05-28,40.54,Grocery
CUST03914,2022-07-22,66.69,Travel
CUST03914,2022-06-18,64.33,Dining
CUST03914,2023-02-03,11.51,Grocery
CUST03914,2025-02-10,153.43,Clothing
CUST03914,2022-07-04,181.64,Electronics
CUST03914,2025-04-13,35.38,Grocery
CUST03914,2022-10-12,53.02,Electronics
CUST03914,2024-05-04,9.44,Electronics
CUST03914,2024-09-28,92.91,Travel
CUST03914,2024-02-11,52.07,Grocery
CUST03914,2023-03-02,9.13,Dining
CUST03914,2023-10-31,291.67,Grocery
CUST03914,2022-10-01,147.8,Clothing
CUST03914,2023-08-21,25.13,Electronics
CUST03914,2022-08-15,117.39,Travel
CUST03914,2024-04-11,58.28,Grocery
CUST03914,2024-02-28,85.7,Travel
CUST03914,2023-10-04,143.92,Grocery
CUST03915,2025-04-30,87.29,Dining
CUST03915,2023-11-23,64.39,Grocery
CUST03915,2023-08-21,14.03,Electronics
CUST03915,2023-07-13,22.34,Grocery
CUST03915,2024-01-09,23.14,Dining
CUST03915,2024-12-06,196.84,Travel
CUST03915,2024-12-30,25.58,Travel
CUST03915,2024-09-13,67.17,Clothing
CUST03915,2023-06-28,93.64,Travel
CUST03915,2023-08-29,46.79,Grocery
CUST03915,2025-01-14,119.69,Dining
CUST03915,2023-10-11,46.3,Grocery
CUST03915,2022-06-07,47.93,Electronics
CUST03915,2022-07-25,183.84,Grocery
CUST03915,2022-06-10,324.56,Grocery
CUST03915,2025-06-24,152.94,Grocery
CUST03915,2023-05-25,140.84,Dining
CUST03915,2023-02-08,218.41,Dining
CUST03915,2025-05-07,147.64,Grocery
CUST03915,2024-02-28,28.55,Electronics
CUST03915,2022-06-29,51.03,Travel
CUST03915,2024-01-27,86.15,Travel
CUST03915,2025-06-23,20.62,Grocery
CUST03915,2025-07-23,41.05,Grocery
CUST03915,2025-05-05,18.38,Dining
CUST03915,2023-04-16,33.24,Travel
CUST03915,2025-02-21,77.08,Travel
CUST03915,2025-04-18,210.49,Travel
CUST03915,2022-06-11,116.56,Travel
CUST03915,2025-06-11,7.84,Electronics
CUST03915,2024-05-21,8.48,Grocery
CUST03915,2024-10-06,210.18,Clothing
CUST03915,2024-10-17,9.32,Dining
CUST03915,2024-08-19,46.94,Travel
CUST03915,2023-03-24,77.52,Dining
CUST03915,2024-04-28,39.46,Travel
CUST03915,2023-06-04,109.88,Travel
CUST03915,2023-07-02,196.67,Electronics
CUST03915,2023-03-15,134.54,Dining
CUST03915,2023-11-05,20.41,Electronics
CUST03915,2025-02-01,7.71,Clothing
CUST03915,2025-06-08,37.17,Electronics
CUST03915,2023-04-13,39.0,Dining
CUST03915,2022-06-11,17.6,Dining
CUST03915,2024-03-06,40.75,Clothing
CUST03915,2024-06-19,62.85,Dining
CUST03915,2024-06-04,20.43,Dining
CUST03915,2022-05-29,19.94,Clothing
CUST03915,2023-05-25,125.54,Travel
CUST03915,2025-07-31,15.53,Clothing
CUST03915,2022-11-17,27.1,Travel
CUST03915,2025-02-26,11.25,Clothing
CUST03915,2023-02-21,96.2,Clothing
CUST03915,2024-08-24,74.02,Clothing
CUST03915,2022-07-12,30.86,Grocery
CUST03915,2023-10-18,36.05,Dining
CUST03915,2022-09-07,73.01,Clothing
CUST03915,2022-07-24,111.45,Travel
CUST03915,2024-06-28,72.56,Dining
CUST03915,2024-04-18,116.01,Grocery
CUST03915,2023-03-19,6.8,Electronics
CUST03915,2022-09-05,40.2,Electronics
CUST03915,2022-09-03,98.46,Electronics
CUST03915,2023-01-07,56.52,Dining
CUST03915,2023-07-27,6.2,Clothing
CUST03915,2024-08-27,53.33,Dining
CUST03915,2025-07-31,15.15,Electronics
CUST03915,2024-11-07,110.2,Clothing
CUST03915,2024-09-03,32.42,Grocery
CUST03915,2024-02-07,30.53,Travel
CUST03915,2022-07-18,155.94,Clothing
CUST03915,2025-05-06,17.15,Electronics
CUST03915,2024-03-22,311.77,Dining
CUST03915,2025-08-01,61.34,Clothing
CUST03915,2022-09-20,161.49,Travel
CUST03915,2024-07-12,187.07,Grocery
CUST03915,2024-06-02,18.78,Grocery
CUST03915,2024-12-05,116.48,Clothing
CUST03915,2024-10-09,154.54,Grocery
CUST03915,2022-08-31,43.52,Clothing
CUST03915,2024-03-11,29.53,Dining
CUST03915,2023-11-17,18.89,Electronics
CUST03915,2025-05-06,242.21,Travel
CUST03915,2024-05-06,22.37,Travel
CUST03915,2024-03-05,168.19,Clothing
CUST03915,2023-03-12,35.1,Travel
CUST03915,2023-06-23,84.35,Dining
CUST03915,2024-10-06,185.74,Travel
CUST03915,2023-09-19,28.49,Travel
CUST03915,2025-04-27,46.35,Grocery
CUST03915,2024-12-07,55.1,Dining
CUST03915,2024-10-14,70.22,Dining
CUST03915,2025-04-08,35.89,Clothing
CUST03915,2024-05-14,40.42,Travel
CUST03915,2024-01-02,34.65,Electronics
CUST03915,2023-07-27,86.33,Dining
CUST03915,2023-01-22,77.69,Electronics
CUST03915,2024-04-02,517.77,Dining
CUST03915,2024-04-20,107.6,Travel
CUST03915,2022-09-21,96.24,Dining
CUST03915,2023-04-19,88.75,Travel
CUST03915,2023-01-08,256.08,Electronics
CUST03915,2024-08-24,55.99,Dining
CUST03915,2023-06-13,23.46,Electronics
CUST03915,2024-03-06,458.27,Clothing
CUST03915,2024-10-28,210.23,Clothing
CUST03916,2024-01-01,232.47,Dining
CUST03916,2023-05-17,187.75,Grocery
CUST03916,2024-07-12,49.36,Clothing
CUST03916,2024-04-18,21.5,Dining
CUST03916,2025-07-21,139.67,Travel
CUST03916,2024-06-26,56.78,Dining
CUST03916,2022-03-09,15.52,Travel
CUST03916,2024-11-14,47.41,Grocery
CUST03916,2023-11-28,34.16,Electronics
CUST03916,2024-06-10,104.34,Electronics
CUST03916,2023-08-28,110.38,Clothing
CUST03916,2025-01-25,66.44,Dining
CUST03916,2022-03-12,9.54,Electronics
CUST03916,2022-02-11,251.39,Dining
CUST03916,2023-06-20,56.4,Travel
CUST03916,2025-06-04,53.61,Dining
CUST03916,2023-05-24,31.2,Grocery
CUST03916,2022-10-16,71.42,Grocery
CUST03916,2023-01-19,38.13,Grocery
CUST03916,2023-01-28,76.23,Clothing
CUST03916,2022-07-08,78.45,Clothing
CUST03916,2024-01-30,75.61,Grocery
CUST03916,2024-02-04,82.89,Electronics
CUST03916,2021-12-22,126.09,Travel
CUST03916,2025-07-18,29.3,Grocery
CUST03916,2023-03-04,60.23,Grocery
CUST03916,2022-03-14,63.58,Travel
CUST03916,2021-12-31,76.53,Grocery
CUST03916,2024-02-14,6.84,Travel
CUST03916,2024-06-27,5.43,Electronics
CUST03916,2023-12-29,13.29,Electronics
CUST03916,2022-02-11,148.11,Clothing
CUST03916,2024-12-16,242.94,Dining
CUST03916,2021-11-24,28.2,Clothing
CUST03916,2024-01-09,45.92,Electronics
CUST03916,2024-08-07,89.76,Grocery
CUST03916,2024-01-10,9.56,Clothing
CUST03916,2024-09-07,63.28,Dining
CUST03916,2024-06-10,10.64,Dining
CUST03916,2023-11-27,80.62,Travel
CUST03916,2022-05-06,11.45,Dining
CUST03916,2025-03-23,20.28,Clothing
CUST03916,2022-04-16,37.28,Clothing
CUST03916,2025-01-21,15.92,Clothing
CUST03916,2023-12-03,85.87,Travel
CUST03916,2021-11-23,72.61,Travel
CUST03916,2024-04-06,237.13,Grocery
CUST03916,2022-06-20,58.52,Travel
CUST03916,2022-09-28,397.15,Travel
CUST03916,2024-11-12,163.09,Grocery
CUST03916,2021-11-17,97.64,Grocery
CUST03916,2025-05-11,78.99,Dining
CUST03916,2023-04-02,67.67,Travel
CUST03916,2022-07-21,26.84,Electronics
CUST03916,2023-04-14,16.58,Dining
CUST03916,2022-11-19,64.68,Clothing
CUST03916,2023-10-15,36.6,Clothing
CUST03916,2023-05-08,69.93,Travel
CUST03916,2022-11-11,17.15,Travel
CUST03916,2024-11-15,141.08,Electronics
CUST03916,2023-10-06,74.85,Clothing
CUST03916,2022-08-24,130.04,Electronics
CUST03916,2022-09-17,175.89,Clothing
CUST03916,2024-03-18,65.34,Travel
CUST03916,2025-01-13,105.83,Dining
CUST03916,2025-02-15,17.34,Travel
CUST03916,2022-02-13,81.7,Grocery
CUST03916,2024-07-06,173.21,Travel
CUST03916,2025-01-22,43.5,Grocery
CUST03916,2022-08-15,151.81,Dining
CUST03916,2024-03-05,42.28,Clothing
CUST03916,2023-12-01,64.74,Electronics
CUST03916,2024-09-07,80.15,Clothing
CUST03916,2022-01-09,80.41,Dining
CUST03916,2023-09-18,135.4,Grocery
CUST03916,2022-09-27,123.72,Electronics
CUST03916,2023-01-27,233.01,Grocery
CUST03916,2024-06-04,276.19,Dining
CUST03916,2022-08-04,244.85,Grocery
CUST03916,2021-12-20,34.31,Clothing
CUST03916,2025-03-15,74.58,Electronics
CUST03916,2022-03-17,89.76,Grocery
CUST03916,2022-12-06,134.33,Dining
CUST03916,2024-08-15,40.91,Travel
CUST03916,2022-02-08,28.85,Electronics
CUST03916,2022-06-01,24.49,Dining
CUST03916,2022-08-03,37.82,Electronics
CUST03916,2023-03-27,181.39,Dining
CUST03916,2023-03-03,119.35,Travel
CUST03916,2024-09-12,6.36,Grocery
CUST03916,2024-06-15,56.14,Electronics
CUST03916,2023-07-17,63.96,Grocery
CUST03917,2025-01-16,32.89,Grocery
CUST03917,2025-01-08,107.1,Clothing
CUST03917,2024-12-19,12.38,Travel
CUST03917,2025-05-04,246.56,Grocery
CUST03917,2025-07-29,365.05,Dining
CUST03917,2025-07-17,115.44,Grocery
CUST03917,2024-12-23,52.93,Electronics
CUST03917,2025-05-11,22.77,Grocery
CUST03917,2025-05-30,129.51,Electronics
CUST03917,2025-07-05,40.67,Electronics
CUST03917,2025-05-19,74.94,Grocery
CUST03917,2025-05-22,91.04,Clothing
CUST03917,2024-11-24,140.01,Grocery
CUST03917,2025-01-31,111.21,Grocery
CUST03917,2025-04-07,20.14,Clothing
CUST03917,2024-12-02,62.78,Dining
CUST03917,2025-01-03,116.9,Travel
CUST03917,2024-12-05,35.35,Travel
CUST03917,2025-03-15,8.84,Clothing
CUST03917,2025-04-28,50.02,Electronics
CUST03917,2025-06-20,175.28,Travel
CUST03917,2025-03-02,102.73,Dining
CUST03917,2024-12-21,81.92,Travel
CUST03917,2025-07-16,106.77,Electronics
CUST03917,2025-02-23,137.25,Electronics
CUST03917,2024-11-26,39.7,Dining
CUST03917,2025-02-28,28.43,Dining
CUST03917,2025-07-12,43.52,Grocery
CUST03917,2025-02-13,50.18,Dining
CUST03917,2025-05-01,64.45,Travel
CUST03917,2024-12-22,11.9,Grocery
CUST03917,2025-05-28,73.46,Travel
CUST03917,2025-01-27,9.34,Dining
CUST03917,2025-06-12,114.64,Grocery
CUST03917,2025-02-08,19.07,Clothing
CUST03917,2025-04-27,30.26,Electronics
CUST03917,2024-12-21,13.74,Dining
CUST03917,2025-07-20,5.68,Electronics
CUST03917,2025-07-27,193.72,Clothing
CUST03917,2024-11-30,105.41,Clothing
CUST03917,2025-07-08,69.55,Electronics
CUST03917,2025-06-04,26.84,Grocery
CUST03917,2025-03-14,31.26,Grocery
CUST03917,2025-01-08,86.69,Electronics
CUST03917,2025-05-01,30.99,Clothing
CUST03917,2025-03-23,21.37,Dining
CUST03917,2025-02-27,84.82,Clothing
CUST03917,2025-02-16,79.53,Travel
CUST03917,2025-03-16,84.48,Travel
CUST03917,2025-05-31,30.62,Dining
CUST03917,2025-01-10,35.39,Electronics
CUST03917,2025-02-03,46.48,Dining
CUST03917,2025-03-09,86.96,Grocery
CUST03917,2025-03-12,18.1,Dining
CUST03917,2025-01-05,398.15,Grocery
CUST03917,2025-07-08,147.39,Clothing
CUST03917,2025-06-20,7.19,Electronics
CUST03917,2025-01-08,93.22,Clothing
CUST03917,2025-01-20,97.43,Clothing
CUST03917,2025-03-10,14.32,Dining
CUST03917,2025-07-19,11.74,Electronics
CUST03917,2024-11-29,307.23,Electronics
CUST03917,2025-01-21,119.01,Travel
CUST03917,2025-04-10,49.54,Grocery
CUST03917,2025-02-25,72.11,Clothing
CUST03917,2025-02-13,24.48,Grocery
CUST03917,2025-07-11,7.57,Electronics
CUST03917,2025-03-08,86.88,Dining
CUST03917,2025-01-15,38.06,Electronics
CUST03917,2025-07-31,159.83,Clothing
CUST03917,2025-03-15,146.74,Grocery
CUST03917,2025-05-19,57.29,Dining
CUST03917,2024-12-03,19.01,Grocery
CUST03917,2025-05-15,125.44,Clothing
CUST03917,2025-05-21,7.53,Grocery
CUST03917,2025-04-16,48.64,Clothing
CUST03917,2025-03-01,62.6,Clothing
CUST03917,2025-01-07,34.33,Dining
CUST03917,2025-04-02,114.76,Electronics
CUST03917,2025-03-01,224.01,Travel
CUST03917,2025-01-21,210.74,Dining
CUST03917,2024-12-14,160.32,Electronics
CUST03917,2025-02-15,67.55,Electronics
CUST03917,2025-04-21,71.99,Dining
CUST03917,2024-12-14,40.36,Electronics
CUST03917,2025-07-08,63.06,Travel
CUST03917,2025-06-20,87.67,Grocery
CUST03917,2025-03-17,72.05,Clothing
CUST03917,2025-02-12,196.16,Electronics
CUST03917,2025-03-17,100.82,Dining
CUST03917,2025-02-08,20.24,Grocery
CUST03917,2025-07-23,87.32,Travel
CUST03917,2025-01-19,33.8,Electronics
CUST03917,2025-01-05,74.13,Travel
CUST03917,2025-03-21,172.9,Travel
CUST03917,2025-05-29,145.61,Grocery
CUST03917,2025-01-27,20.89,Travel
CUST03917,2024-11-30,135.59,Electronics
CUST03917,2025-03-31,150.63,Travel
CUST03917,2025-02-18,37.78,Dining
CUST03917,2025-04-04,28.53,Grocery
CUST03917,2025-06-09,30.0,Electronics
CUST03917,2024-12-29,9.49,Dining
CUST03917,2025-03-24,50.46,Electronics
CUST03917,2025-03-09,29.36,Grocery
CUST03918,2024-01-30,142.35,Electronics
CUST03918,2025-05-20,64.43,Grocery
CUST03918,2024-03-12,8.52,Grocery
CUST03918,2021-09-19,46.92,Clothing
CUST03918,2024-12-25,79.97,Dining
CUST03918,2022-03-15,47.39,Dining
CUST03918,2023-07-12,152.96,Travel
CUST03918,2024-04-08,36.07,Dining
CUST03918,2024-06-13,6.57,Grocery
CUST03918,2024-02-27,181.25,Clothing
CUST03918,2025-05-23,60.52,Grocery
CUST03918,2022-09-06,78.74,Clothing
CUST03918,2022-12-07,14.12,Dining
CUST03918,2022-11-28,121.97,Clothing
CUST03918,2022-12-14,9.33,Grocery
CUST03918,2022-04-30,73.95,Travel
CUST03918,2025-06-28,185.42,Grocery
CUST03918,2022-07-12,6.6,Grocery
CUST03918,2022-06-03,64.08,Travel
CUST03918,2022-06-20,133.83,Grocery
CUST03918,2022-11-14,219.53,Grocery
CUST03918,2022-04-21,65.11,Clothing
CUST03918,2021-06-24,19.17,Dining
CUST03918,2021-04-17,37.63,Grocery
CUST03918,2023-07-23,52.68,Clothing
CUST03918,2025-07-24,80.67,Travel
CUST03918,2021-05-06,105.07,Travel
CUST03918,2022-12-31,61.69,Travel
CUST03918,2025-03-14,12.16,Travel
CUST03918,2022-01-27,87.01,Electronics
CUST03918,2023-02-11,21.87,Travel
CUST03918,2022-02-05,10.58,Grocery
CUST03918,2025-03-29,11.65,Dining
CUST03918,2023-04-19,72.84,Travel
CUST03918,2021-09-06,62.31,Dining
CUST03918,2022-02-18,59.91,Dining
CUST03918,2023-12-15,36.16,Clothing
CUST03918,2023-06-27,30.14,Clothing
CUST03918,2021-11-02,54.38,Dining
CUST03918,2023-01-06,18.83,Dining
CUST03918,2024-08-18,166.68,Grocery
CUST03918,2021-04-28,34.21,Grocery
CUST03918,2021-05-06,273.16,Clothing
CUST03918,2024-03-29,70.65,Clothing
CUST03918,2022-03-11,152.98,Travel
CUST03918,2021-09-29,40.31,Travel
CUST03918,2023-09-21,7.56,Dining
CUST03918,2024-11-28,63.14,Grocery
CUST03918,2025-03-10,78.47,Travel
CUST03918,2021-11-11,51.99,Grocery
CUST03918,2024-04-29,76.17,Grocery
CUST03918,2024-12-29,250.93,Clothing
CUST03918,2024-12-21,89.75,Dining
CUST03918,2022-05-05,82.23,Electronics
CUST03918,2023-01-17,57.48,Electronics
CUST03918,2023-01-25,13.95,Travel
CUST03918,2023-02-09,43.05,Clothing
CUST03918,2025-04-13,213.01,Dining
CUST03918,2024-10-11,80.75,Electronics
CUST03918,2024-10-21,262.74,Clothing
CUST03918,2021-08-28,62.73,Grocery
CUST03918,2021-12-16,202.59,Electronics
CUST03918,2022-02-03,22.14,Travel
CUST03918,2023-08-24,119.88,Electronics
CUST03918,2023-03-31,310.15,Grocery
CUST03918,2022-01-28,27.94,Travel
CUST03918,2021-06-28,35.37,Electronics
CUST03918,2025-03-12,73.29,Clothing
CUST03918,2025-06-24,14.98,Electronics
CUST03918,2021-09-05,13.16,Clothing
CUST03918,2024-03-03,264.13,Travel
CUST03918,2023-10-28,20.21,Clothing
CUST03918,2024-10-08,88.41,Dining
CUST03918,2022-05-03,171.35,Dining
CUST03918,2021-10-14,64.79,Travel
CUST03918,2024-10-02,128.93,Grocery
CUST03918,2023-04-03,23.74,Grocery
CUST03918,2024-11-21,34.07,Dining
CUST03918,2022-04-20,44.49,Dining
CUST03918,2023-11-12,115.19,Clothing
CUST03918,2023-05-01,143.36,Travel
CUST03918,2023-04-02,18.53,Clothing
CUST03918,2022-01-14,19.53,Dining
CUST03918,2021-09-28,149.33,Travel
CUST03918,2023-05-14,273.74,Travel
CUST03918,2024-08-04,38.0,Clothing
CUST03918,2025-07-02,124.22,Travel
CUST03918,2021-06-16,165.49,Travel
CUST03918,2024-06-14,36.18,Clothing
CUST03918,2023-06-12,60.32,Dining
CUST03918,2023-03-05,52.23,Electronics
CUST03918,2021-04-21,9.81,Electronics
CUST03918,2022-09-28,66.59,Travel
CUST03918,2025-07-23,20.11,Dining
CUST03918,2022-08-28,309.36,Dining
CUST03918,2021-07-09,12.91,Electronics
CUST03918,2023-02-27,26.18,Electronics
CUST03918,2024-02-09,32.45,Dining
CUST03918,2021-07-29,364.41,Grocery
CUST03918,2025-03-23,92.81,Electronics
CUST03918,2022-06-22,39.26,Dining
CUST03918,2024-06-25,6.07,Travel
CUST03918,2024-09-24,25.65,Electronics
CUST03918,2022-08-21,104.13,Grocery
CUST03918,2023-04-26,67.51,Electronics
CUST03918,2023-01-04,24.13,Clothing
CUST03918,2024-02-06,14.13,Dining
CUST03918,2023-11-21,161.15,Dining
CUST03918,2023-05-18,76.97,Electronics
CUST03918,2024-03-11,166.56,Travel
CUST03918,2024-10-14,346.84,Electronics
CUST03918,2021-08-22,26.08,Grocery
CUST03918,2023-11-01,15.73,Grocery
CUST03918,2023-04-23,283.23,Clothing
CUST03918,2024-01-14,5.18,Clothing
CUST03918,2024-12-11,89.57,Grocery
CUST03918,2022-04-03,91.21,Grocery
CUST03918,2024-07-01,39.58,Travel
CUST03918,2022-03-05,26.26,Travel
CUST03918,2021-07-04,5.47,Grocery
CUST03919,2022-03-14,92.7,Electronics
CUST03919,2023-09-04,91.25,Dining
CUST03919,2024-05-17,11.03,Clothing
CUST03919,2025-07-21,5.57,Dining
CUST03919,2023-08-23,39.03,Dining
CUST03919,2024-01-11,50.3,Dining
CUST03919,2024-08-24,171.82,Grocery
CUST03919,2021-01-24,244.38,Travel
CUST03919,2023-07-20,61.18,Travel
CUST03919,2022-11-22,6.65,Dining
CUST03919,2023-06-08,38.07,Clothing
CUST03919,2022-01-19,56.87,Travel
CUST03919,2024-08-31,72.42,Clothing
CUST03919,2021-08-25,6.52,Electronics
CUST03919,2022-01-02,56.38,Dining
CUST03919,2021-09-14,8.09,Travel
CUST03919,2023-04-03,110.96,Travel
CUST03919,2023-09-27,5.83,Grocery
CUST03919,2021-11-04,11.09,Clothing
CUST03919,2021-07-03,58.6,Dining
CUST03919,2023-05-02,103.89,Dining
CUST03919,2023-12-03,89.0,Electronics
CUST03919,2022-02-06,72.6,Clothing
CUST03919,2022-08-09,104.34,Travel
CUST03919,2024-10-06,9.02,Dining
CUST03919,2025-07-28,80.0,Electronics
CUST03919,2023-06-15,172.44,Travel
CUST03919,2025-04-13,33.51,Dining
CUST03919,2022-03-09,20.87,Travel
CUST03919,2022-02-01,74.75,Grocery
CUST03919,2025-03-04,57.2,Grocery
CUST03919,2023-08-10,119.33,Dining
CUST03919,2023-02-28,41.08,Clothing
CUST03919,2024-09-15,22.07,Dining
CUST03919,2023-04-24,126.53,Grocery
CUST03919,2025-07-31,11.42,Electronics
CUST03919,2022-07-22,215.13,Travel
CUST03919,2022-11-28,63.6,Grocery
CUST03919,2023-04-30,112.33,Grocery
CUST03919,2025-03-16,19.83,Clothing
CUST03919,2024-11-11,11.57,Electronics
CUST03919,2021-03-13,13.44,Travel
CUST03919,2024-06-14,131.6,Clothing
CUST03919,2023-05-26,39.26,Travel
CUST03919,2024-08-11,158.61,Grocery
CUST03919,2022-08-15,31.91,Electronics
CUST03919,2021-08-09,86.8,Travel
CUST03919,2022-11-07,131.02,Electronics
CUST03919,2022-12-03,109.05,Dining
CUST03919,2022-12-15,43.39,Clothing
CUST03919,2025-02-20,17.79,Grocery
CUST03919,2023-10-05,25.76,Travel
CUST03919,2022-01-16,14.69,Dining
CUST03919,2021-07-10,93.41,Electronics
CUST03919,2021-01-18,17.21,Electronics
CUST03919,2022-03-07,62.03,Travel
CUST03919,2022-02-21,176.41,Clothing
CUST03919,2021-03-24,12.26,Clothing
CUST03919,2024-03-02,30.45,Grocery
CUST03919,2025-07-27,158.97,Electronics
CUST03919,2021-02-21,207.84,Grocery
CUST03919,2023-08-21,87.78,Electronics
CUST03919,2023-08-28,131.3,Clothing
CUST03919,2024-11-03,23.53,Travel
CUST03919,2023-05-22,42.55,Travel
CUST03919,2024-05-24,138.5,Grocery
CUST03919,2022-08-01,39.78,Clothing
CUST03919,2024-02-22,71.18,Grocery
CUST03919,2021-11-11,10.84,Dining
CUST03919,2023-11-22,61.91,Dining
CUST03919,2025-02-20,88.22,Electronics
CUST03919,2023-06-20,33.68,Travel
CUST03919,2023-02-02,14.7,Clothing
CUST03919,2022-08-03,6.09,Dining
CUST03919,2021-12-17,14.25,Electronics
CUST03919,2021-09-28,45.52,Dining
CUST03919,2024-05-02,48.33,Dining
CUST03919,2022-05-19,31.37,Electronics
CUST03919,2025-02-09,22.12,Electronics
CUST03919,2024-10-16,64.3,Travel
CUST03919,2025-05-10,34.11,Grocery
CUST03919,2024-02-06,13.55,Clothing
CUST03919,2023-05-09,173.21,Clothing
CUST03919,2021-01-23,12.93,Dining
CUST03919,2021-03-04,102.97,Electronics
CUST03919,2022-05-24,60.28,Dining
CUST03919,2022-12-01,106.19,Grocery
CUST03919,2021-01-27,48.83,Electronics
CUST03919,2022-08-13,128.68,Dining
CUST03920,2023-09-13,173.19,Travel
CUST03920,2025-06-22,106.7,Travel
CUST03920,2023-05-01,14.7,Travel
CUST03920,2024-07-02,152.03,Dining
CUST03920,2021-07-06,201.44,Electronics
CUST03920,2022-07-12,66.27,Grocery
CUST03920,2021-04-05,36.04,Travel
CUST03920,2021-09-12,186.02,Grocery
CUST03920,2022-01-20,32.35,Dining
CUST03920,2023-10-27,28.78,Dining
CUST03920,2021-04-10,641.76,Clothing
CUST03920,2021-06-08,39.11,Dining
CUST03920,2022-10-12,24.27,Electronics
CUST03920,2025-05-12,41.22,Electronics
CUST03920,2022-09-24,91.75,Clothing
CUST03920,2021-08-19,445.94,Dining
CUST03920,2024-03-09,41.11,Travel
CUST03920,2021-03-10,12.7,Clothing
CUST03920,2022-05-23,111.06,Electronics
CUST03920,2022-04-17,12.06,Travel
CUST03920,2023-07-26,149.2,Grocery
CUST03920,2022-10-13,30.65,Clothing
CUST03920,2025-03-26,30.88,Dining
CUST03920,2024-03-20,41.25,Travel
CUST03920,2021-07-25,65.48,Electronics
CUST03920,2021-12-06,139.63,Clothing
CUST03920,2023-10-17,41.4,Grocery
CUST03920,2021-11-28,6.93,Grocery
CUST03920,2024-10-10,106.92,Dining
CUST03920,2025-05-07,26.98,Electronics
CUST03920,2022-07-05,137.68,Clothing
CUST03920,2021-04-22,38.91,Clothing
CUST03920,2025-01-04,198.3,Grocery
CUST03920,2024-01-16,89.05,Grocery
CUST03920,2024-05-09,140.29,Grocery
CUST03920,2022-08-08,33.72,Dining
CUST03920,2023-04-28,45.63,Clothing
CUST03920,2024-12-28,101.75,Electronics
CUST03920,2025-07-05,60.0,Clothing
CUST03920,2021-03-30,125.17,Travel
CUST03920,2023-03-07,53.71,Travel
CUST03920,2023-10-05,11.3,Dining
CUST03920,2021-08-25,16.56,Clothing
CUST03920,2022-11-06,24.82,Travel
CUST03920,2024-09-02,91.28,Travel
CUST03920,2024-03-17,84.4,Clothing
CUST03920,2021-10-17,55.29,Dining
CUST03920,2022-01-23,176.56,Clothing
CUST03920,2023-04-19,29.56,Clothing
CUST03920,2025-06-23,33.59,Travel
CUST03920,2024-11-20,22.87,Grocery
CUST03920,2024-10-30,68.38,Dining
CUST03920,2024-03-29,237.87,Electronics
CUST03920,2024-08-05,68.23,Clothing
CUST03920,2021-12-18,17.67,Electronics
CUST03920,2022-05-16,48.85,Dining
CUST03920,2023-06-18,35.32,Electronics
CUST03920,2022-12-04,91.65,Grocery
CUST03920,2024-06-12,213.24,Grocery
CUST03920,2023-10-19,69.51,Travel
CUST03920,2021-12-19,85.39,Clothing
CUST03920,2023-11-24,48.4,Electronics
CUST03920,2021-10-05,115.03,Dining
CUST03920,2021-07-29,46.95,Grocery
CUST03920,2022-11-04,210.56,Travel
CUST03920,2024-11-03,44.99,Electronics
CUST03920,2025-06-18,50.33,Travel
CUST03920,2021-04-03,64.35,Travel
CUST03920,2024-04-12,265.13,Travel
CUST03920,2021-03-26,47.56,Travel
CUST03920,2023-10-20,225.55,Clothing
CUST03920,2025-02-28,68.03,Travel
CUST03920,2022-10-22,172.65,Electronics
CUST03920,2024-04-03,9.43,Electronics
CUST03920,2024-09-28,137.0,Travel
CUST03920,2024-08-29,38.79,Electronics
CUST03920,2021-09-10,38.61,Grocery
CUST03920,2022-07-22,70.0,Travel
CUST03920,2023-01-11,80.19,Travel
CUST03920,2025-04-30,100.37,Travel
CUST03920,2022-01-16,41.85,Dining
CUST03920,2023-05-19,40.64,Travel
CUST03920,2021-09-07,89.65,Clothing
CUST03920,2023-11-18,135.43,Dining
CUST03920,2024-08-03,35.65,Clothing
CUST03920,2021-07-13,155.7,Travel
CUST03920,2024-04-20,10.05,Dining
CUST03920,2021-11-07,209.94,Electronics
CUST03920,2023-08-23,44.51,Grocery
CUST03920,2025-03-02,10.22,Dining
CUST03920,2022-03-29,179.22,Clothing
CUST03920,2020-12-06,49.72,Clothing
CUST03921,2025-07-11,9.73,Clothing
CUST03921,2025-04-16,70.88,Travel
CUST03921,2025-03-24,44.1,Clothing
CUST03921,2025-06-06,104.13,Clothing
CUST03921,2025-06-12,16.15,Clothing
CUST03921,2025-05-09,11.28,Dining
CUST03921,2025-07-25,116.07,Electronics
CUST03921,2025-06-25,39.58,Grocery
CUST03921,2025-06-03,122.31,Travel
CUST03921,2025-06-19,152.45,Grocery
CUST03921,2025-07-17,97.06,Dining
CUST03921,2025-06-17,114.39,Travel
CUST03921,2025-05-19,9.38,Dining
CUST03921,2025-07-13,20.39,Clothing
CUST03921,2025-07-11,28.18,Electronics
CUST03921,2025-07-07,157.95,Clothing
CUST03921,2025-07-23,148.26,Grocery
CUST03921,2025-05-02,28.33,Travel
CUST03921,2025-04-09,12.2,Dining
CUST03921,2025-06-13,35.13,Grocery
CUST03921,2025-04-30,9.99,Grocery
CUST03921,2025-06-11,8.33,Grocery
CUST03921,2025-04-11,64.42,Grocery
CUST03921,2025-05-10,34.64,Clothing
CUST03921,2025-07-01,342.28,Electronics
CUST03921,2025-04-30,213.29,Electronics
CUST03921,2025-04-19,129.33,Travel
CUST03921,2025-04-21,17.62,Clothing
CUST03921,2025-05-16,5.79,Travel
CUST03921,2025-05-31,61.14,Grocery
CUST03921,2025-05-29,135.33,Grocery
CUST03921,2025-07-09,23.81,Dining
CUST03921,2025-05-23,31.16,Dining
CUST03921,2025-06-11,88.17,Grocery
CUST03921,2025-06-19,42.82,Dining
CUST03921,2025-05-15,203.93,Grocery
CUST03921,2025-07-27,99.6,Electronics
CUST03921,2025-04-26,155.25,Electronics
CUST03921,2025-07-07,40.84,Electronics
CUST03921,2025-06-01,60.8,Travel
CUST03921,2025-05-02,99.88,Travel
CUST03921,2025-04-09,77.94,Grocery
CUST03921,2025-04-19,13.84,Dining
CUST03921,2025-05-22,40.83,Clothing
CUST03921,2025-06-04,21.09,Grocery
CUST03921,2025-03-14,176.81,Dining
CUST03921,2025-05-04,74.9,Travel
CUST03921,2025-05-26,15.72,Grocery
CUST03921,2025-07-22,12.98,Grocery
CUST03921,2025-04-08,22.88,Travel
CUST03921,2025-06-29,8.66,Electronics
CUST03921,2025-04-10,247.72,Clothing
CUST03921,2025-07-28,77.84,Dining
CUST03921,2025-06-12,199.8,Clothing
CUST03921,2025-05-01,54.67,Dining
CUST03921,2025-04-02,19.89,Grocery
CUST03921,2025-04-20,98.15,Dining
CUST03921,2025-06-18,26.59,Clothing
CUST03921,2025-06-02,101.71,Grocery
CUST03921,2025-07-31,162.21,Electronics
CUST03921,2025-05-08,17.6,Grocery
CUST03921,2025-05-13,91.95,Clothing
CUST03921,2025-06-29,11.96,Electronics
CUST03921,2025-04-04,74.91,Dining
CUST03921,2025-07-12,46.81,Travel
CUST03921,2025-07-20,13.58,Clothing
CUST03921,2025-03-25,193.43,Electronics
CUST03921,2025-04-03,24.48,Grocery
CUST03921,2025-06-08,281.71,Dining
CUST03921,2025-04-29,16.2,Dining
CUST03921,2025-06-09,74.59,Electronics
CUST03921,2025-07-09,297.72,Travel
CUST03921,2025-07-07,56.25,Electronics
CUST03921,2025-05-15,153.13,Grocery
CUST03921,2025-05-30,30.35,Grocery
CUST03921,2025-07-02,170.58,Electronics
CUST03921,2025-04-12,485.28,Electronics
CUST03921,2025-05-11,38.78,Grocery
CUST03921,2025-07-04,14.54,Electronics
CUST03921,2025-04-14,90.43,Clothing
CUST03921,2025-05-01,7.74,Grocery
CUST03921,2025-06-22,136.62,Electronics
CUST03921,2025-07-21,54.52,Electronics
CUST03921,2025-05-15,186.14,Electronics
CUST03921,2025-03-17,229.68,Grocery
CUST03921,2025-06-29,108.89,Travel
CUST03921,2025-05-01,92.12,Clothing
CUST03921,2025-06-05,124.26,Electronics
CUST03921,2025-07-26,410.73,Dining
CUST03921,2025-04-12,9.71,Dining
CUST03921,2025-07-19,54.21,Grocery
CUST03921,2025-05-20,122.01,Clothing
CUST03921,2025-03-28,221.58,Grocery
CUST03921,2025-07-02,34.47,Grocery
CUST03921,2025-05-10,9.06,Travel
CUST03921,2025-05-16,47.29,Clothing
CUST03922,2025-04-22,58.21,Electronics
CUST03922,2025-02-18,46.52,Clothing
CUST03922,2025-05-07,145.72,Grocery
CUST03922,2025-02-14,127.88,Grocery
CUST03922,2025-01-25,45.93,Electronics
CUST03922,2024-12-07,15.72,Dining
CUST03922,2025-05-18,115.54,Electronics
CUST03922,2025-07-23,70.52,Travel
CUST03922,2025-05-31,8.25,Clothing
CUST03922,2025-05-26,219.73,Grocery
CUST03922,2025-01-28,48.58,Clothing
CUST03922,2025-05-20,204.41,Dining
CUST03922,2025-03-27,159.59,Grocery
CUST03922,2025-01-17,143.67,Grocery
CUST03922,2025-04-10,26.81,Travel
CUST03922,2024-12-31,208.45,Travel
CUST03922,2025-07-24,146.85,Grocery
CUST03922,2024-12-23,21.71,Dining
CUST03922,2024-12-16,78.01,Electronics
CUST03922,2025-06-20,40.82,Dining
CUST03922,2025-06-09,129.94,Dining
CUST03922,2025-01-14,34.68,Electronics
CUST03922,2025-03-04,71.19,Clothing
CUST03922,2025-03-24,63.9,Clothing
CUST03922,2025-07-17,37.66,Electronics
CUST03922,2025-01-28,175.66,Grocery
CUST03922,2025-05-01,62.96,Dining
CUST03922,2025-03-02,175.44,Clothing
CUST03922,2025-07-21,136.91,Clothing
CUST03922,2025-01-06,233.76,Dining
CUST03922,2025-04-14,158.5,Electronics
CUST03922,2025-04-27,66.93,Travel
CUST03922,2025-03-06,109.08,Travel
CUST03922,2024-12-24,47.61,Electronics
CUST03922,2024-12-28,13.55,Travel
CUST03922,2025-07-23,59.45,Travel
CUST03922,2024-12-09,35.17,Electronics
CUST03922,2025-06-19,19.35,Dining
CUST03922,2025-07-14,14.91,Travel
CUST03922,2025-06-24,21.02,Dining
CUST03922,2025-04-10,141.19,Clothing
CUST03922,2025-02-24,70.1,Clothing
CUST03922,2025-06-04,33.77,Electronics
CUST03922,2025-03-19,125.91,Dining
CUST03922,2025-04-14,48.23,Electronics
CUST03922,2025-03-27,32.36,Electronics
CUST03922,2025-04-08,113.62,Electronics
CUST03922,2024-12-17,5.26,Travel
CUST03922,2025-07-15,142.58,Grocery
CUST03922,2025-06-12,28.8,Dining
CUST03922,2025-03-04,22.45,Dining
CUST03922,2025-07-21,16.06,Grocery
CUST03922,2025-01-31,148.68,Grocery
CUST03922,2025-03-24,82.98,Travel
CUST03922,2025-03-07,112.63,Grocery
CUST03922,2025-06-29,66.94,Travel
CUST03922,2025-01-18,42.95,Travel
CUST03922,2025-06-19,17.85,Electronics
CUST03922,2025-04-09,34.87,Dining
CUST03922,2024-12-29,21.76,Clothing
CUST03922,2025-03-07,19.2,Electronics
CUST03922,2025-01-19,100.24,Grocery
CUST03922,2025-01-16,24.03,Grocery
CUST03922,2025-07-10,30.51,Dining
CUST03922,2025-03-18,152.12,Grocery
CUST03922,2025-03-27,18.5,Travel
CUST03922,2025-06-05,144.36,Grocery
CUST03922,2025-01-16,284.76,Clothing
CUST03922,2025-02-13,99.63,Dining
CUST03922,2025-03-06,20.2,Electronics
CUST03922,2025-05-26,182.9,Electronics
CUST03922,2025-07-18,80.19,Travel
CUST03922,2025-03-07,157.29,Travel
CUST03922,2025-05-24,24.2,Travel
CUST03922,2024-12-22,62.75,Grocery
CUST03922,2025-07-21,32.25,Travel
CUST03922,2025-05-06,56.65,Clothing
CUST03922,2025-03-18,92.09,Grocery
CUST03922,2025-04-27,53.5,Clothing
CUST03922,2025-05-19,136.66,Grocery
CUST03922,2024-12-23,48.56,Clothing
CUST03922,2025-03-22,71.83,Grocery
CUST03922,2025-01-02,47.54,Travel
CUST03922,2025-05-05,22.94,Electronics
CUST03922,2025-03-22,25.0,Clothing
CUST03922,2025-07-03,87.85,Electronics
CUST03922,2025-01-16,31.28,Grocery
CUST03922,2025-02-05,309.17,Dining
CUST03922,2025-05-06,41.68,Travel
CUST03922,2025-02-27,186.8,Travel
CUST03922,2025-07-12,133.17,Travel
CUST03922,2025-05-08,27.66,Clothing
CUST03922,2024-12-15,25.72,Travel
CUST03922,2025-05-18,57.73,Clothing
CUST03922,2025-07-13,31.68,Electronics
CUST03922,2025-02-16,154.68,Clothing
CUST03922,2025-05-15,16.31,Clothing
CUST03922,2025-06-19,83.0,Electronics
CUST03922,2024-12-25,236.83,Travel
CUST03922,2025-03-08,106.17,Travel
CUST03922,2025-07-22,181.37,Travel
CUST03923,2024-10-28,27.45,Electronics
CUST03923,2024-07-31,38.96,Clothing
CUST03923,2024-09-09,71.25,Travel
CUST03923,2024-12-18,36.3,Travel
CUST03923,2025-04-17,41.45,Travel
CUST03923,2024-12-10,19.26,Dining
CUST03923,2024-08-20,97.86,Grocery
CUST03923,2024-04-19,54.66,Clothing
CUST03923,2024-06-12,50.26,Clothing
CUST03923,2024-04-12,92.46,Dining
CUST03923,2024-08-29,22.73,Grocery
CUST03923,2025-05-07,15.51,Travel
CUST03923,2025-07-03,26.91,Clothing
CUST03923,2024-08-07,91.84,Grocery
CUST03923,2024-04-03,94.78,Grocery
CUST03923,2024-04-03,263.61,Clothing
CUST03923,2024-09-25,119.24,Dining
CUST03923,2025-01-09,54.29,Clothing
CUST03923,2025-05-27,54.61,Electronics
CUST03923,2024-08-14,12.22,Clothing
CUST03923,2024-11-12,55.1,Grocery
CUST03923,2024-04-28,105.74,Electronics
CUST03923,2024-10-21,69.12,Dining
CUST03923,2024-10-02,109.0,Grocery
CUST03923,2025-03-19,214.69,Dining
CUST03923,2025-07-12,34.58,Dining
CUST03923,2024-11-03,19.79,Grocery
CUST03923,2024-08-15,30.2,Dining
CUST03923,2025-07-08,69.5,Travel
CUST03923,2024-11-24,50.56,Dining
CUST03923,2025-03-03,83.57,Grocery
CUST03923,2025-04-21,12.2,Travel
CUST03923,2025-07-07,40.56,Dining
CUST03923,2025-05-05,22.18,Clothing
CUST03923,2024-06-30,33.29,Travel
CUST03923,2024-05-25,68.09,Clothing
CUST03923,2024-09-05,83.18,Dining
CUST03923,2025-02-08,23.44,Dining
CUST03923,2024-12-22,17.38,Dining
CUST03923,2024-09-09,17.85,Dining
CUST03923,2024-11-15,51.02,Clothing
CUST03923,2024-10-18,110.05,Electronics
CUST03923,2024-11-30,135.25,Electronics
CUST03923,2024-07-20,90.25,Clothing
CUST03923,2025-03-19,297.02,Clothing
CUST03923,2024-04-04,45.67,Grocery
CUST03923,2024-08-17,76.36,Clothing
CUST03923,2025-03-18,139.02,Grocery
CUST03923,2024-04-17,124.94,Travel
CUST03923,2024-05-10,80.06,Travel
CUST03923,2024-07-08,41.87,Grocery
CUST03923,2024-11-10,237.66,Travel
CUST03923,2025-07-03,38.22,Electronics
CUST03923,2025-03-12,277.9,Electronics
CUST03923,2025-01-12,38.83,Grocery
CUST03923,2025-03-27,13.72,Dining
CUST03923,2024-11-17,135.59,Grocery
CUST03923,2025-07-05,62.29,Grocery
CUST03923,2025-06-19,72.17,Clothing
CUST03923,2024-10-04,5.92,Grocery
CUST03923,2024-07-22,117.77,Travel
CUST03923,2025-01-20,20.92,Travel
CUST03923,2024-11-15,10.11,Electronics
CUST03923,2025-07-28,199.7,Grocery
CUST03923,2024-10-20,18.36,Clothing
CUST03923,2025-05-09,179.08,Clothing
CUST03923,2024-07-17,51.68,Electronics
CUST03923,2024-06-01,144.09,Clothing
CUST03923,2024-12-07,41.41,Dining
CUST03923,2025-07-05,296.61,Grocery
CUST03923,2025-06-28,28.68,Dining
CUST03923,2024-09-16,76.18,Travel
CUST03923,2024-10-04,30.91,Dining
CUST03923,2024-12-02,140.44,Electronics
CUST03923,2024-05-10,37.91,Grocery
CUST03923,2025-07-01,200.83,Dining
CUST03923,2025-04-06,40.0,Clothing
CUST03923,2025-03-27,14.67,Clothing
CUST03923,2025-02-02,18.36,Travel
CUST03923,2025-05-20,87.77,Travel
CUST03923,2024-09-12,57.7,Electronics
CUST03923,2025-07-30,17.67,Clothing
CUST03923,2025-06-14,26.28,Grocery
CUST03923,2024-08-31,9.26,Travel
CUST03923,2025-07-28,196.84,Grocery
CUST03923,2024-10-28,321.32,Dining
CUST03923,2025-01-29,55.05,Electronics
CUST03923,2024-05-15,25.98,Grocery
CUST03923,2024-12-18,35.49,Clothing
CUST03923,2024-09-01,34.43,Grocery
CUST03923,2025-07-11,69.14,Clothing
CUST03923,2025-05-08,85.52,Travel
CUST03923,2025-06-28,99.22,Electronics
CUST03923,2024-07-24,45.62,Travel
CUST03923,2024-06-28,120.67,Grocery
CUST03923,2024-12-28,17.84,Travel
CUST03923,2025-07-05,84.41,Grocery
CUST03923,2024-07-31,22.96,Dining
CUST03923,2024-10-25,276.21,Dining
CUST03924,2021-11-03,127.77,Dining
CUST03924,2023-07-26,19.76,Clothing
CUST03924,2021-07-02,35.38,Dining
CUST03924,2021-12-26,33.7,Grocery
CUST03924,2022-12-16,104.12,Dining
CUST03924,2024-06-01,55.91,Dining
CUST03924,2024-05-10,73.72,Clothing
CUST03924,2025-01-25,38.78,Dining
CUST03924,2022-10-08,34.39,Clothing
CUST03924,2023-11-16,131.05,Grocery
CUST03924,2024-03-31,199.01,Dining
CUST03924,2021-11-08,229.15,Electronics
CUST03924,2023-04-23,40.44,Travel
CUST03924,2024-08-24,113.37,Dining
CUST03924,2022-11-21,256.57,Clothing
CUST03924,2025-03-16,5.62,Travel
CUST03924,2025-04-27,5.03,Dining
CUST03924,2023-01-18,57.28,Clothing
CUST03924,2025-01-13,18.61,Grocery
CUST03924,2023-01-02,193.37,Grocery
CUST03924,2022-02-20,22.75,Clothing
CUST03924,2021-06-20,51.03,Clothing
CUST03924,2024-05-03,50.98,Clothing
CUST03924,2025-05-28,95.0,Grocery
CUST03924,2025-06-14,68.38,Grocery
CUST03924,2022-04-06,119.2,Clothing
CUST03924,2020-12-26,54.7,Grocery
CUST03924,2021-10-28,19.32,Travel
CUST03924,2023-07-16,61.55,Clothing
CUST03924,2023-06-03,72.74,Clothing
CUST03924,2022-09-06,8.47,Grocery
CUST03924,2024-03-18,95.51,Dining
CUST03924,2024-04-19,69.12,Electronics
CUST03924,2021-02-21,20.84,Clothing
CUST03924,2024-01-12,174.73,Travel
CUST03924,2022-03-28,165.94,Travel
CUST03924,2024-07-29,54.18,Travel
CUST03924,2022-07-25,123.09,Grocery
CUST03924,2023-06-03,16.72,Travel
CUST03924,2025-06-14,29.12,Grocery
CUST03924,2023-10-18,268.53,Travel
CUST03924,2021-08-21,110.47,Travel
CUST03924,2022-12-18,54.47,Travel
CUST03924,2024-07-04,20.54,Dining
CUST03924,2022-09-19,103.49,Travel
CUST03924,2023-07-07,40.85,Electronics
CUST03924,2022-11-30,197.51,Dining
CUST03924,2022-10-02,111.77,Grocery
CUST03924,2023-05-13,155.21,Dining
CUST03924,2024-04-28,12.97,Grocery
CUST03924,2022-09-28,72.82,Dining
CUST03924,2021-09-20,60.05,Grocery
CUST03924,2022-12-18,171.32,Grocery
CUST03924,2023-01-23,68.81,Dining
CUST03924,2021-07-13,88.11,Electronics
CUST03924,2023-02-17,168.25,Clothing
CUST03924,2024-03-09,348.36,Electronics
CUST03924,2024-07-26,12.36,Electronics
CUST03924,2023-01-30,149.31,Electronics
CUST03924,2022-05-15,21.48,Travel
CUST03924,2021-02-18,14.17,Clothing
CUST03924,2023-02-02,294.15,Electronics
CUST03924,2021-11-17,14.28,Travel
CUST03924,2023-02-17,68.0,Grocery
CUST03924,2022-07-31,183.35,Electronics
CUST03924,2024-06-27,282.48,Electronics
CUST03924,2024-09-14,150.19,Electronics
CUST03924,2022-03-13,21.56,Dining
CUST03924,2025-05-20,19.79,Dining
CUST03924,2023-04-19,70.27,Travel
CUST03924,2025-01-26,55.86,Dining
CUST03924,2021-03-01,38.38,Clothing
CUST03924,2025-03-08,204.67,Dining
CUST03924,2021-07-04,5.92,Electronics
CUST03924,2022-01-07,38.47,Travel
CUST03924,2025-06-17,170.68,Dining
CUST03924,2024-09-22,40.76,Electronics
CUST03924,2024-12-15,34.19,Electronics
CUST03924,2022-09-07,61.06,Grocery
CUST03924,2022-04-13,5.27,Travel
CUST03924,2021-11-13,65.85,Grocery
CUST03924,2023-05-17,28.66,Clothing
CUST03924,2024-05-13,19.71,Dining
CUST03924,2023-10-11,49.76,Grocery
CUST03924,2025-02-25,94.46,Grocery
CUST03924,2024-09-03,43.23,Clothing
CUST03924,2022-04-27,15.4,Travel
CUST03924,2025-03-28,38.33,Electronics
CUST03924,2025-06-19,63.91,Dining
CUST03924,2024-10-04,25.65,Electronics
CUST03924,2024-05-31,19.92,Travel
CUST03924,2022-07-23,18.17,Clothing
CUST03924,2021-02-07,81.48,Travel
CUST03924,2022-02-20,75.78,Grocery
CUST03924,2021-12-12,60.05,Electronics
CUST03924,2024-02-15,21.42,Dining
CUST03924,2023-07-25,18.54,Clothing
CUST03924,2021-07-19,98.78,Dining
CUST03924,2025-06-26,31.02,Travel
CUST03924,2021-02-28,255.32,Travel
CUST03924,2020-12-03,222.09,Grocery
CUST03924,2024-09-19,13.74,Grocery
CUST03924,2022-08-09,65.99,Dining
CUST03924,2023-09-24,100.2,Electronics
CUST03924,2023-12-07,18.5,Electronics
CUST03924,2020-12-09,47.99,Travel
CUST03924,2024-04-24,106.45,Travel
CUST03924,2023-09-19,421.62,Clothing
CUST03924,2021-07-14,43.99,Clothing
CUST03924,2021-02-02,126.84,Dining
CUST03924,2022-02-08,192.41,Dining
CUST03924,2022-06-25,26.67,Grocery
CUST03924,2021-03-27,26.25,Grocery
CUST03924,2022-12-07,120.1,Clothing
CUST03924,2024-10-14,45.73,Dining
CUST03924,2022-01-27,134.4,Grocery
CUST03924,2021-03-06,7.55,Dining
CUST03924,2025-07-28,37.74,Dining
CUST03924,2021-10-17,98.85,Grocery
CUST03924,2025-01-02,16.1,Travel
CUST03924,2025-07-09,292.99,Clothing
CUST03924,2022-01-09,133.24,Grocery
CUST03925,2024-11-29,6.03,Travel
CUST03925,2024-11-28,18.84,Electronics
CUST03925,2024-01-14,6.99,Travel
CUST03925,2025-01-01,106.71,Electronics
CUST03925,2025-07-13,32.1,Clothing
CUST03925,2024-11-24,304.68,Dining
CUST03925,2024-01-31,116.29,Grocery
CUST03925,2024-01-04,83.66,Dining
CUST03925,2024-09-15,270.58,Dining
CUST03925,2024-02-06,130.95,Grocery
CUST03925,2024-10-20,32.15,Travel
CUST03925,2024-12-01,115.27,Dining
CUST03925,2025-06-08,49.68,Travel
CUST03925,2024-09-29,221.86,Clothing
CUST03925,2025-07-12,148.29,Grocery
CUST03925,2025-06-30,30.36,Grocery
CUST03925,2025-03-18,11.1,Clothing
CUST03925,2024-10-29,22.26,Grocery
CUST03925,2024-08-17,64.8,Dining
CUST03925,2024-10-28,160.39,Travel
CUST03925,2024-05-24,39.24,Grocery
CUST03925,2025-01-02,71.06,Electronics
CUST03925,2024-08-01,257.54,Grocery
CUST03925,2024-07-23,52.37,Electronics
CUST03925,2025-05-23,238.87,Grocery
CUST03925,2024-03-29,87.26,Travel
CUST03925,2024-09-25,184.82,Grocery
CUST03925,2024-03-03,37.79,Electronics
CUST03925,2025-04-26,126.31,Travel
CUST03925,2024-09-06,224.68,Travel
CUST03925,2025-02-10,17.11,Clothing
CUST03925,2025-03-04,11.58,Travel
CUST03925,2024-10-05,53.1,Travel
CUST03925,2024-01-07,52.07,Clothing
CUST03925,2024-01-18,54.4,Grocery
CUST03925,2024-11-27,100.17,Electronics
CUST03925,2024-12-27,40.9,Travel
CUST03925,2024-10-14,56.26,Electronics
CUST03925,2025-02-17,6.38,Dining
CUST03925,2025-03-23,116.3,Electronics
CUST03925,2025-05-13,97.29,Clothing
CUST03925,2023-12-26,37.73,Grocery
CUST03925,2024-06-18,157.61,Electronics
CUST03925,2025-05-17,88.56,Clothing
CUST03925,2024-03-17,171.63,Dining
CUST03925,2024-10-13,25.96,Clothing
CUST03925,2025-04-26,21.63,Dining
CUST03925,2025-05-30,57.06,Grocery
CUST03925,2025-04-27,18.09,Travel
CUST03925,2025-06-02,50.57,Clothing
CUST03925,2024-11-15,11.55,Clothing
CUST03925,2025-05-29,67.38,Electronics
CUST03925,2025-07-03,184.75,Clothing
CUST03925,2024-02-17,53.88,Grocery
CUST03925,2024-12-02,21.65,Grocery
CUST03925,2024-10-15,29.4,Clothing
CUST03925,2024-08-21,91.45,Travel
CUST03925,2024-12-14,79.6,Clothing
CUST03925,2025-03-29,72.3,Grocery
CUST03925,2024-05-02,171.44,Grocery
CUST03925,2024-01-17,6.02,Travel
CUST03925,2024-09-15,171.28,Clothing
CUST03925,2024-01-30,53.49,Clothing
CUST03925,2024-04-22,14.64,Travel
CUST03925,2024-07-22,69.04,Travel
CUST03925,2025-05-20,21.88,Clothing
CUST03925,2025-03-22,65.91,Dining
CUST03925,2024-07-12,32.69,Clothing
CUST03925,2025-03-18,223.65,Travel
CUST03925,2025-06-09,6.89,Electronics
CUST03925,2024-03-02,147.38,Dining
CUST03925,2024-03-22,56.5,Travel
CUST03925,2025-06-20,47.9,Electronics
CUST03925,2025-02-14,34.66,Dining
CUST03925,2024-12-18,132.82,Travel
CUST03925,2025-04-15,44.42,Electronics
CUST03925,2025-03-30,158.37,Grocery
CUST03925,2024-01-08,76.31,Dining
CUST03925,2025-06-12,90.74,Dining
CUST03925,2025-01-11,77.24,Travel
CUST03925,2025-06-08,33.72,Electronics
CUST03925,2024-03-25,155.48,Clothing
CUST03925,2025-07-20,76.91,Dining
CUST03925,2024-06-12,5.55,Dining
CUST03925,2024-06-01,14.77,Dining
CUST03925,2024-07-19,73.4,Dining
CUST03925,2025-05-01,12.37,Clothing
CUST03925,2024-07-28,10.0,Travel
CUST03925,2025-01-06,6.15,Electronics
CUST03925,2024-03-08,157.46,Clothing
CUST03925,2024-09-27,133.11,Clothing
CUST03925,2024-03-23,69.61,Clothing
CUST03925,2024-06-09,134.78,Dining
CUST03925,2024-08-08,107.04,Dining
CUST03925,2024-06-16,168.16,Clothing
CUST03925,2024-11-03,15.16,Travel
CUST03925,2025-04-01,63.71,Travel
CUST03925,2024-08-06,381.45,Travel
CUST03925,2025-05-24,180.24,Travel
CUST03925,2024-12-25,98.81,Grocery
CUST03925,2025-02-01,29.38,Clothing
CUST03925,2025-07-04,269.52,Electronics
CUST03925,2024-09-28,75.27,Dining
CUST03925,2025-03-11,236.35,Electronics
CUST03925,2024-08-17,131.7,Travel
CUST03925,2025-03-31,30.75,Clothing
CUST03926,2024-08-16,9.67,Travel
CUST03926,2023-12-20,53.88,Grocery
CUST03926,2024-07-18,130.01,Electronics
CUST03926,2024-01-07,150.53,Travel
CUST03926,2025-03-20,149.11,Travel
CUST03926,2024-05-09,36.13,Travel
CUST03926,2024-04-11,89.86,Clothing
CUST03926,2025-07-29,37.07,Travel
CUST03926,2025-04-18,26.48,Grocery
CUST03926,2024-12-29,105.12,Clothing
CUST03926,2024-11-07,262.1,Travel
CUST03926,2025-04-19,62.94,Grocery
CUST03926,2024-09-03,11.81,Clothing
CUST03926,2025-04-18,89.51,Travel
CUST03926,2024-01-03,240.96,Clothing
CUST03926,2024-04-08,164.15,Travel
CUST03926,2025-03-14,42.2,Travel
CUST03926,2025-05-19,12.94,Grocery
CUST03926,2025-02-20,90.53,Clothing
CUST03926,2024-10-01,30.69,Clothing
CUST03926,2024-09-20,154.18,Travel
CUST03926,2023-12-22,61.29,Electronics
CUST03926,2024-03-06,152.58,Grocery
CUST03926,2023-12-20,149.14,Travel
CUST03926,2025-06-27,7.1,Travel
CUST03926,2025-06-04,80.15,Clothing
CUST03926,2024-09-24,90.29,Grocery
CUST03926,2024-03-03,42.79,Travel
CUST03926,2025-05-19,9.31,Dining
CUST03926,2024-02-13,125.3,Travel
CUST03926,2025-05-12,13.36,Electronics
CUST03926,2025-06-30,76.18,Electronics
CUST03926,2024-06-24,9.44,Grocery
CUST03926,2025-03-26,68.69,Clothing
CUST03926,2024-12-24,106.83,Dining
CUST03926,2024-12-16,13.63,Grocery
CUST03926,2025-03-24,19.37,Electronics
CUST03926,2024-08-15,29.99,Clothing
CUST03926,2025-06-14,42.31,Dining
CUST03926,2024-08-08,39.68,Dining
CUST03926,2023-12-23,69.27,Electronics
CUST03926,2024-08-28,45.47,Travel
CUST03926,2025-05-11,26.85,Clothing
CUST03926,2023-12-19,79.76,Grocery
CUST03926,2024-03-20,53.6,Travel
CUST03926,2025-06-16,109.56,Travel
CUST03926,2024-05-09,206.16,Electronics
CUST03926,2025-06-04,59.19,Clothing
CUST03926,2024-02-01,66.8,Grocery
CUST03926,2024-11-11,32.26,Grocery
CUST03926,2025-06-18,26.29,Grocery
CUST03926,2024-12-05,9.59,Dining
CUST03926,2025-01-04,9.95,Grocery
CUST03926,2024-02-14,74.69,Electronics
CUST03926,2025-04-29,46.0,Dining
CUST03926,2024-02-06,70.53,Electronics
CUST03926,2025-06-01,144.18,Grocery
CUST03926,2024-02-16,27.72,Grocery
CUST03926,2025-04-23,117.7,Clothing
CUST03926,2024-02-28,174.68,Grocery
CUST03926,2024-09-28,155.07,Travel
CUST03926,2023-12-24,22.14,Dining
CUST03926,2025-02-14,75.59,Dining
CUST03926,2024-12-17,24.6,Electronics
CUST03926,2024-07-06,39.95,Electronics
CUST03926,2024-03-28,61.8,Dining
CUST03926,2024-09-14,110.97,Clothing
CUST03926,2025-05-21,143.15,Dining
CUST03926,2024-07-12,29.37,Dining
CUST03926,2024-02-23,18.37,Electronics
CUST03926,2025-07-25,30.88,Dining
CUST03926,2025-03-06,140.23,Travel
CUST03926,2024-09-30,164.5,Clothing
CUST03926,2025-04-18,53.57,Clothing
CUST03926,2024-11-07,96.68,Grocery
CUST03926,2024-02-16,10.24,Grocery
CUST03926,2025-01-02,52.29,Grocery
CUST03926,2025-02-14,82.74,Clothing
CUST03926,2024-03-18,25.9,Clothing
CUST03926,2024-01-03,215.81,Travel
CUST03926,2025-07-23,16.26,Clothing
CUST03926,2024-02-08,95.79,Travel
CUST03926,2024-12-20,16.55,Clothing
CUST03926,2024-05-16,11.04,Electronics
CUST03926,2024-02-29,393.5,Electronics
CUST03926,2024-03-21,104.7,Travel
CUST03926,2025-06-07,203.2,Grocery
CUST03926,2024-03-08,60.42,Clothing
CUST03926,2024-11-04,192.22,Travel
CUST03926,2024-09-03,59.84,Travel
CUST03926,2024-11-30,62.8,Clothing
CUST03926,2024-02-18,53.31,Clothing
CUST03926,2024-07-09,78.99,Electronics
CUST03926,2024-03-09,61.82,Grocery
CUST03926,2024-12-10,100.4,Travel
CUST03926,2024-07-26,118.38,Clothing
CUST03926,2024-07-26,182.8,Electronics
CUST03926,2024-03-02,58.67,Electronics
CUST03926,2025-03-03,123.17,Clothing
CUST03926,2024-10-07,161.34,Travel
CUST03926,2025-07-24,77.16,Dining
CUST03926,2025-02-28,60.32,Grocery
CUST03926,2024-07-22,61.59,Clothing
CUST03926,2025-05-02,144.57,Dining
CUST03926,2025-01-02,57.42,Dining
CUST03926,2025-04-27,63.05,Clothing
CUST03926,2025-04-26,8.56,Clothing
CUST03926,2025-03-10,286.22,Dining
CUST03926,2025-01-01,23.06,Grocery
CUST03927,2024-11-07,222.4,Dining
CUST03927,2021-08-23,157.34,Dining
CUST03927,2025-03-25,13.16,Electronics
CUST03927,2023-01-10,90.11,Electronics
CUST03927,2024-03-27,45.4,Electronics
CUST03927,2023-10-13,25.67,Grocery
CUST03927,2021-07-15,20.55,Clothing
CUST03927,2024-02-06,56.87,Dining
CUST03927,2024-09-30,221.06,Travel
CUST03927,2024-01-21,33.56,Dining
CUST03927,2023-04-12,54.66,Grocery
CUST03927,2022-11-13,74.98,Electronics
CUST03927,2024-11-11,44.4,Dining
CUST03927,2022-05-28,94.36,Dining
CUST03927,2023-08-13,116.98,Grocery
CUST03927,2023-02-19,188.29,Dining
CUST03927,2023-06-14,87.83,Dining
CUST03927,2024-10-29,6.53,Electronics
CUST03927,2025-03-12,382.31,Electronics
CUST03927,2023-10-14,29.19,Travel
CUST03927,2023-11-11,65.56,Travel
CUST03927,2022-09-15,93.04,Travel
CUST03927,2023-05-02,181.72,Grocery
CUST03927,2024-01-07,180.05,Electronics
CUST03927,2023-01-31,112.55,Dining
CUST03927,2021-05-21,9.57,Dining
CUST03927,2024-03-25,79.21,Dining
CUST03927,2025-07-05,17.54,Travel
CUST03927,2021-05-15,52.76,Travel
CUST03927,2023-05-01,7.42,Electronics
CUST03927,2025-01-14,57.8,Electronics
CUST03927,2021-11-30,40.4,Grocery
CUST03927,2024-09-15,36.05,Travel
CUST03927,2021-11-14,59.96,Electronics
CUST03927,2023-12-12,119.12,Electronics
CUST03927,2024-02-04,164.56,Travel
CUST03927,2024-01-10,94.08,Travel
CUST03927,2024-06-29,126.05,Clothing
CUST03927,2023-11-30,86.03,Electronics
CUST03927,2025-01-04,197.58,Dining
CUST03927,2024-05-01,203.88,Dining
CUST03927,2024-02-29,47.61,Clothing
CUST03927,2024-01-09,113.23,Clothing
CUST03927,2023-07-14,25.33,Grocery
CUST03927,2021-06-14,26.57,Dining
CUST03927,2023-08-22,262.38,Clothing
CUST03927,2024-11-13,65.45,Electronics
CUST03927,2022-06-17,179.68,Travel
CUST03927,2022-05-23,60.77,Travel
CUST03927,2022-10-30,45.12,Grocery
CUST03927,2023-06-17,127.28,Dining
CUST03927,2024-11-29,36.88,Travel
CUST03927,2025-05-23,218.21,Clothing
CUST03927,2024-11-09,19.76,Clothing
CUST03927,2021-03-14,77.34,Dining
CUST03927,2024-05-02,91.48,Dining
CUST03927,2024-05-06,315.2,Travel
CUST03927,2024-12-16,99.84,Electronics
CUST03927,2021-08-19,15.54,Electronics
CUST03927,2022-12-05,30.57,Clothing
CUST03927,2022-04-10,113.65,Grocery
CUST03927,2021-08-07,58.87,Clothing
CUST03927,2023-11-03,31.68,Grocery
CUST03927,2022-10-02,11.12,Travel
CUST03927,2022-04-12,165.95,Grocery
CUST03927,2023-09-22,9.9,Dining
CUST03927,2022-03-03,27.41,Travel
CUST03927,2025-01-03,81.68,Grocery
CUST03927,2023-05-02,74.59,Electronics
CUST03927,2023-11-17,52.15,Grocery
CUST03927,2025-07-15,60.54,Electronics
CUST03927,2022-04-18,135.41,Dining
CUST03927,2024-03-21,97.25,Clothing
CUST03927,2024-05-19,131.79,Dining
CUST03927,2024-05-23,73.2,Travel
CUST03927,2023-03-26,27.49,Dining
CUST03927,2023-03-02,8.97,Travel
CUST03927,2024-07-02,130.5,Travel
CUST03927,2023-07-03,377.12,Grocery
CUST03927,2021-12-11,47.83,Grocery
CUST03927,2023-12-30,14.52,Travel
CUST03927,2022-06-20,68.44,Travel
CUST03927,2024-08-02,78.16,Travel
CUST03927,2023-06-23,22.09,Clothing
CUST03927,2021-06-04,28.81,Grocery
CUST03927,2025-01-06,81.06,Electronics
CUST03927,2023-05-04,21.68,Travel
CUST03927,2024-12-16,56.74,Dining
CUST03927,2021-09-17,197.4,Clothing
CUST03927,2025-05-23,7.84,Clothing
CUST03927,2023-06-25,275.03,Clothing
CUST03927,2025-05-11,79.3,Travel
CUST03927,2023-04-18,20.88,Clothing
CUST03927,2022-09-26,66.4,Grocery
CUST03928,2024-06-11,394.93,Electronics
CUST03928,2023-05-26,34.58,Grocery
CUST03928,2025-05-08,112.9,Dining
CUST03928,2024-05-14,240.14,Dining
CUST03928,2024-02-19,171.68,Travel
CUST03928,2024-05-02,33.01,Clothing
CUST03928,2022-10-19,60.97,Clothing
CUST03928,2024-04-23,10.96,Dining
CUST03928,2024-11-12,100.55,Grocery
CUST03928,2023-08-12,9.17,Clothing
CUST03928,2025-01-15,145.44,Clothing
CUST03928,2025-05-15,147.95,Grocery
CUST03928,2023-10-18,16.32,Travel
CUST03928,2024-08-25,33.45,Dining
CUST03928,2023-03-04,9.04,Clothing
CUST03928,2024-03-04,96.36,Clothing
CUST03928,2023-04-09,174.15,Electronics
CUST03928,2024-11-21,31.6,Clothing
CUST03928,2023-10-23,263.11,Travel
CUST03928,2025-03-06,79.2,Dining
CUST03928,2022-10-09,78.85,Electronics
CUST03928,2024-09-26,103.76,Travel
CUST03928,2022-08-29,51.99,Clothing
CUST03928,2022-08-15,87.46,Travel
CUST03928,2023-11-04,96.99,Travel
CUST03928,2025-01-09,36.65,Travel
CUST03928,2024-02-12,15.71,Dining
CUST03928,2024-08-12,90.49,Clothing
CUST03928,2022-10-13,261.29,Electronics
CUST03928,2023-02-08,26.9,Dining
CUST03928,2023-11-21,46.63,Dining
CUST03928,2025-01-25,92.28,Dining
CUST03928,2023-09-16,5.01,Clothing
CUST03928,2025-04-01,248.74,Travel
CUST03928,2023-01-10,185.66,Grocery
CUST03928,2022-10-08,54.22,Dining
CUST03928,2024-12-16,55.9,Electronics
CUST03928,2022-12-25,64.19,Electronics
CUST03928,2023-03-25,165.3,Dining
CUST03928,2023-11-03,34.6,Travel
CUST03928,2023-07-19,368.24,Travel
CUST03928,2023-12-04,31.96,Clothing
CUST03928,2023-10-29,16.42,Electronics
CUST03928,2023-01-23,110.19,Grocery
CUST03928,2025-04-01,51.98,Electronics
CUST03928,2024-11-12,116.52,Clothing
CUST03928,2022-10-10,85.98,Electronics
CUST03928,2022-09-02,130.98,Clothing
CUST03928,2023-05-23,37.36,Grocery
CUST03928,2024-02-02,19.35,Grocery
CUST03928,2022-10-17,105.14,Travel
CUST03928,2025-01-07,261.11,Clothing
CUST03928,2024-02-28,343.27,Grocery
CUST03928,2023-11-27,27.64,Grocery
CUST03928,2024-08-03,39.49,Travel
CUST03928,2025-04-22,13.92,Travel
CUST03928,2025-01-21,133.62,Grocery
CUST03928,2024-07-17,116.66,Clothing
CUST03928,2025-02-26,73.4,Electronics
CUST03928,2022-11-29,153.36,Dining
CUST03928,2022-12-29,113.6,Clothing
CUST03928,2024-01-26,44.41,Travel
CUST03928,2025-07-05,93.63,Travel
CUST03928,2024-12-21,184.24,Grocery
CUST03928,2024-05-05,98.08,Electronics
CUST03928,2023-02-19,6.45,Travel
CUST03928,2024-05-06,146.62,Dining
CUST03928,2023-06-23,43.45,Grocery
CUST03928,2023-07-24,45.53,Travel
CUST03928,2022-10-30,155.78,Clothing
CUST03928,2024-08-31,142.56,Grocery
CUST03928,2023-11-07,12.15,Dining
CUST03928,2022-10-16,159.63,Electronics
CUST03928,2024-07-03,52.2,Electronics
CUST03928,2024-04-04,319.45,Electronics
CUST03928,2022-12-25,25.52,Clothing
CUST03928,2025-03-23,211.18,Clothing
CUST03928,2024-09-22,39.68,Dining
CUST03928,2023-02-03,59.67,Travel
CUST03928,2023-11-03,13.33,Travel
CUST03928,2024-06-17,92.05,Travel
CUST03928,2022-07-14,347.03,Dining
CUST03928,2024-09-07,51.45,Travel
CUST03928,2024-07-03,41.86,Electronics
CUST03928,2023-12-29,28.18,Travel
CUST03928,2022-10-07,15.26,Travel
CUST03928,2022-12-06,43.71,Dining
CUST03928,2024-12-09,137.12,Travel
CUST03928,2023-11-21,30.06,Electronics
CUST03928,2024-10-01,348.37,Travel
CUST03928,2023-08-13,54.27,Travel
CUST03928,2024-07-06,8.45,Dining
CUST03928,2023-12-03,283.41,Travel
CUST03928,2024-05-28,13.82,Travel
CUST03928,2023-10-21,83.35,Travel
CUST03928,2024-08-11,75.4,Dining
CUST03928,2025-05-20,53.93,Electronics
CUST03928,2025-01-23,127.75,Electronics
CUST03928,2023-09-12,42.15,Electronics
CUST03928,2025-04-12,117.73,Grocery
CUST03928,2024-11-26,191.07,Grocery
CUST03928,2025-02-11,49.79,Grocery
CUST03929,2024-06-26,99.88,Travel
CUST03929,2025-01-19,14.88,Electronics
CUST03929,2024-03-25,61.28,Travel
CUST03929,2025-05-23,151.24,Clothing
CUST03929,2025-07-26,100.93,Clothing
CUST03929,2024-07-06,7.61,Dining
CUST03929,2024-06-21,50.99,Clothing
CUST03929,2025-02-22,62.57,Grocery
CUST03929,2023-09-27,68.14,Grocery
CUST03929,2024-11-19,18.3,Dining
CUST03929,2024-08-26,55.81,Grocery
CUST03929,2024-12-03,79.94,Travel
CUST03929,2024-12-30,38.41,Grocery
CUST03929,2023-12-12,83.86,Electronics
CUST03929,2024-12-13,51.72,Dining
CUST03929,2024-06-21,41.0,Grocery
CUST03929,2023-10-02,101.11,Grocery
CUST03929,2024-12-27,142.2,Clothing
CUST03929,2023-10-19,11.02,Grocery
CUST03929,2025-01-30,67.55,Clothing
CUST03929,2024-01-14,39.29,Grocery
CUST03929,2024-03-02,93.31,Travel
CUST03929,2024-09-27,203.4,Electronics
CUST03929,2025-04-13,15.49,Clothing
CUST03929,2024-03-04,417.79,Dining
CUST03929,2025-03-22,11.97,Electronics
CUST03929,2023-10-01,53.23,Grocery
CUST03929,2024-09-04,32.41,Dining
CUST03929,2025-05-29,84.6,Dining
CUST03929,2025-06-21,49.86,Electronics
CUST03929,2023-11-24,41.2,Electronics
CUST03929,2024-11-02,8.76,Dining
CUST03929,2023-10-26,135.48,Clothing
CUST03929,2023-10-26,49.11,Travel
CUST03929,2023-11-17,64.55,Clothing
CUST03929,2025-03-12,182.28,Grocery
CUST03929,2024-09-02,84.31,Clothing
CUST03929,2024-07-24,93.22,Electronics
CUST03929,2025-02-21,49.2,Travel
CUST03929,2024-12-22,300.11,Dining
CUST03929,2024-03-06,39.79,Travel
CUST03929,2025-05-12,42.63,Dining
CUST03929,2024-06-14,101.84,Grocery
CUST03929,2023-11-03,24.15,Dining
CUST03929,2025-07-02,142.38,Grocery
CUST03929,2024-04-05,31.39,Travel
CUST03929,2024-09-06,26.85,Grocery
CUST03929,2024-04-24,84.64,Dining
CUST03929,2025-01-19,48.42,Electronics
CUST03929,2024-11-28,67.15,Grocery
CUST03929,2024-07-24,14.62,Dining
CUST03929,2025-07-19,45.01,Clothing
CUST03929,2023-10-21,6.23,Travel
CUST03929,2025-01-31,132.4,Grocery
CUST03929,2025-01-09,19.96,Grocery
CUST03929,2024-03-24,37.7,Clothing
CUST03929,2025-04-17,8.11,Electronics
CUST03929,2025-02-14,32.22,Grocery
CUST03929,2024-12-23,24.28,Travel
CUST03929,2023-10-14,20.1,Electronics
CUST03929,2025-06-23,96.0,Clothing
CUST03929,2025-07-19,147.03,Electronics
CUST03929,2025-06-02,28.58,Grocery
CUST03929,2024-10-20,29.12,Dining
CUST03929,2023-11-16,39.78,Grocery
CUST03929,2024-09-26,45.03,Travel
CUST03929,2025-04-17,275.42,Travel
CUST03929,2023-10-31,229.4,Travel
CUST03929,2024-03-27,271.45,Electronics
CUST03929,2024-03-08,194.89,Clothing
CUST03929,2024-06-28,80.87,Clothing
CUST03929,2024-08-17,130.34,Travel
CUST03929,2024-03-18,212.22,Electronics
CUST03929,2023-10-15,258.52,Dining
CUST03929,2024-11-29,34.49,Dining
CUST03929,2025-07-27,21.79,Grocery
CUST03929,2023-12-10,5.47,Dining
CUST03929,2024-10-06,93.36,Clothing
CUST03929,2024-07-28,34.88,Travel
CUST03929,2025-07-03,7.47,Grocery
CUST03929,2024-02-13,180.36,Travel
CUST03929,2025-01-28,37.01,Electronics
CUST03929,2024-12-31,89.02,Clothing
CUST03929,2025-05-04,120.75,Grocery
CUST03929,2024-12-15,23.32,Dining
CUST03929,2024-05-16,40.03,Grocery
CUST03929,2024-09-05,180.01,Grocery
CUST03929,2024-03-26,67.16,Electronics
CUST03929,2024-07-06,28.83,Dining
CUST03929,2023-09-28,399.33,Grocery
CUST03929,2024-04-02,68.23,Grocery
CUST03929,2024-11-23,27.65,Dining
CUST03930,2024-02-17,51.07,Dining
CUST03930,2024-05-09,10.43,Grocery
CUST03930,2024-08-18,28.96,Travel
CUST03930,2024-08-23,434.52,Clothing
CUST03930,2023-11-26,173.13,Clothing
CUST03930,2025-06-20,34.06,Electronics
CUST03930,2024-09-06,70.33,Clothing
CUST03930,2024-12-26,45.92,Electronics
CUST03930,2024-11-22,6.28,Clothing
CUST03930,2024-09-27,21.0,Grocery
CUST03930,2024-12-03,21.23,Dining
CUST03930,2024-08-26,223.11,Electronics
CUST03930,2023-11-06,132.81,Travel
CUST03930,2024-01-01,10.81,Electronics
CUST03930,2025-07-06,48.26,Grocery
CUST03930,2024-12-24,120.7,Electronics
CUST03930,2024-04-16,212.26,Grocery
CUST03930,2023-11-20,54.99,Clothing
CUST03930,2024-10-29,211.71,Grocery
CUST03930,2024-10-30,120.19,Dining
CUST03930,2025-03-13,127.92,Dining
CUST03930,2024-02-04,382.99,Grocery
CUST03930,2025-04-24,34.19,Grocery
CUST03930,2024-01-25,271.38,Travel
CUST03930,2024-05-06,185.6,Dining
CUST03930,2024-04-26,41.17,Dining
CUST03930,2025-06-11,163.25,Grocery
CUST03930,2025-03-16,131.51,Clothing
CUST03930,2024-08-12,16.88,Travel
CUST03930,2024-10-22,172.74,Electronics
CUST03930,2024-10-26,189.6,Grocery
CUST03930,2025-01-23,236.78,Travel
CUST03930,2024-04-29,80.33,Grocery
CUST03930,2025-01-05,8.16,Clothing
CUST03930,2025-03-09,20.66,Dining
CUST03930,2023-09-22,28.72,Grocery
CUST03930,2025-02-20,31.31,Travel
CUST03930,2025-05-28,82.98,Dining
CUST03930,2025-06-19,136.26,Electronics
CUST03930,2023-12-26,16.53,Dining
CUST03930,2025-03-31,140.96,Dining
CUST03930,2024-04-01,60.51,Clothing
CUST03930,2023-10-24,116.54,Travel
CUST03930,2024-02-11,38.19,Electronics
CUST03930,2024-07-09,127.57,Dining
CUST03930,2024-02-29,13.0,Dining
CUST03930,2025-04-12,141.4,Travel
CUST03930,2025-05-25,79.25,Electronics
CUST03930,2025-05-25,53.56,Electronics
CUST03930,2025-03-22,35.65,Grocery
CUST03930,2025-07-11,6.09,Grocery
CUST03930,2025-06-16,139.56,Dining
CUST03930,2025-05-09,55.32,Travel
CUST03930,2024-06-30,47.84,Grocery
CUST03930,2024-11-08,170.47,Dining
CUST03930,2024-01-27,246.16,Grocery
CUST03930,2024-02-21,49.94,Travel
CUST03930,2024-01-19,398.19,Travel
CUST03930,2023-12-17,282.02,Clothing
CUST03930,2025-01-23,159.61,Dining
CUST03930,2025-02-15,215.05,Travel
CUST03930,2025-07-01,52.79,Travel
CUST03930,2025-03-06,171.15,Travel
CUST03930,2025-03-06,113.62,Clothing
CUST03930,2024-01-31,34.64,Grocery
CUST03930,2024-06-01,89.96,Clothing
CUST03930,2025-06-22,19.33,Clothing
CUST03930,2025-06-29,97.62,Grocery
CUST03930,2024-10-21,50.06,Electronics
CUST03930,2024-06-04,30.19,Clothing
CUST03930,2023-12-28,117.08,Electronics
CUST03930,2024-03-31,85.46,Travel
CUST03930,2024-03-09,10.93,Travel
CUST03930,2025-03-28,118.83,Electronics
CUST03930,2024-11-21,41.67,Dining
CUST03930,2024-01-29,9.85,Dining
CUST03930,2025-03-18,145.76,Dining
CUST03930,2024-01-24,44.21,Electronics
CUST03930,2025-06-23,107.4,Clothing
CUST03930,2025-05-25,57.94,Clothing
CUST03930,2024-12-23,125.54,Dining
CUST03930,2024-11-28,62.7,Grocery
CUST03930,2024-11-11,52.0,Clothing
CUST03930,2024-10-04,171.08,Electronics
CUST03930,2025-04-17,119.25,Grocery
CUST03930,2025-05-06,10.89,Dining
CUST03930,2023-10-28,47.4,Grocery
CUST03930,2023-11-29,56.2,Electronics
CUST03930,2024-03-22,47.36,Grocery
CUST03930,2024-01-29,67.33,Clothing
CUST03930,2023-11-24,32.41,Clothing
CUST03930,2025-03-02,112.0,Dining
CUST03930,2024-10-10,60.69,Dining
CUST03930,2024-07-27,35.99,Electronics
CUST03930,2024-02-22,16.0,Travel
CUST03930,2025-05-21,261.6,Clothing
CUST03931,2025-01-27,95.04,Travel
CUST03931,2025-06-08,7.7,Travel
CUST03931,2025-04-05,74.65,Electronics
CUST03931,2024-11-14,165.41,Grocery
CUST03931,2024-12-29,193.26,Clothing
CUST03931,2025-02-27,164.69,Electronics
CUST03931,2025-01-06,81.53,Clothing
CUST03931,2024-11-14,34.64,Electronics
CUST03931,2024-12-12,144.3,Travel
CUST03931,2025-06-12,20.17,Clothing
CUST03931,2025-06-14,185.91,Clothing
CUST03931,2025-03-12,60.87,Travel
CUST03931,2025-07-30,173.68,Clothing
CUST03931,2025-05-13,58.39,Travel
CUST03931,2025-06-21,278.26,Electronics
CUST03931,2024-10-21,54.66,Dining
CUST03931,2025-04-04,42.58,Electronics
CUST03931,2025-01-11,152.25,Clothing
CUST03931,2025-01-30,58.67,Dining
CUST03931,2024-11-28,191.45,Clothing
CUST03931,2025-06-04,28.18,Grocery
CUST03931,2025-05-11,39.86,Travel
CUST03931,2025-04-07,295.42,Clothing
CUST03931,2024-10-17,14.92,Electronics
CUST03931,2025-03-14,35.26,Electronics
CUST03931,2025-02-20,32.97,Dining
CUST03931,2025-01-28,73.29,Electronics
CUST03931,2024-12-25,12.01,Clothing
CUST03931,2025-02-28,198.51,Dining
CUST03931,2025-04-08,311.37,Clothing
CUST03931,2025-02-27,104.35,Grocery
CUST03931,2025-03-28,224.68,Dining
CUST03931,2024-10-26,90.13,Clothing
CUST03931,2025-06-27,45.19,Dining
CUST03931,2025-01-12,69.08,Clothing
CUST03931,2025-05-02,177.17,Travel
CUST03931,2024-09-24,52.74,Travel
CUST03931,2025-04-08,13.13,Travel
CUST03931,2024-10-01,453.54,Electronics
CUST03931,2025-05-20,135.29,Travel
CUST03931,2025-06-29,75.68,Electronics
CUST03931,2025-07-27,44.97,Dining
CUST03931,2025-02-01,32.45,Electronics
CUST03931,2025-07-13,42.42,Travel
CUST03931,2025-03-13,213.58,Clothing
CUST03931,2025-02-22,8.65,Electronics
CUST03931,2025-06-29,56.49,Clothing
CUST03931,2024-09-19,47.68,Grocery
CUST03931,2025-02-07,121.31,Dining
CUST03931,2024-09-19,75.13,Dining
CUST03931,2025-01-06,5.39,Electronics
CUST03931,2024-09-27,81.52,Dining
CUST03931,2025-07-05,72.34,Travel
CUST03931,2025-06-09,44.8,Dining
CUST03931,2025-03-08,76.86,Dining
CUST03931,2025-03-17,38.58,Clothing
CUST03931,2024-10-29,27.74,Dining
CUST03931,2025-06-04,28.06,Dining
CUST03931,2024-10-20,184.56,Travel
CUST03931,2025-04-14,66.32,Clothing
CUST03931,2025-05-19,115.86,Grocery
CUST03931,2025-05-25,87.27,Clothing
CUST03931,2025-07-03,63.78,Dining
CUST03931,2024-12-06,16.87,Dining
CUST03931,2024-12-30,122.94,Clothing
CUST03931,2025-04-13,50.04,Clothing
CUST03931,2025-07-03,14.75,Electronics
CUST03931,2025-06-27,31.96,Clothing
CUST03931,2024-12-25,22.97,Clothing
CUST03931,2024-11-07,144.68,Dining
CUST03931,2025-03-12,218.0,Electronics
CUST03931,2025-01-21,54.02,Dining
CUST03931,2024-09-18,60.81,Electronics
CUST03931,2024-10-19,48.17,Travel
CUST03931,2025-07-05,97.93,Dining
CUST03931,2024-10-29,194.8,Dining
CUST03931,2024-10-28,46.97,Clothing
CUST03931,2024-11-30,6.48,Grocery
CUST03931,2024-12-14,108.43,Clothing
CUST03931,2024-09-17,72.73,Electronics
CUST03931,2025-01-07,212.66,Electronics
CUST03931,2024-11-06,31.01,Grocery
CUST03931,2025-07-14,57.01,Electronics
CUST03931,2024-11-28,80.53,Dining
CUST03931,2025-05-08,5.5,Dining
CUST03931,2025-01-07,19.29,Clothing
CUST03931,2024-12-03,117.16,Grocery
CUST03931,2025-04-27,45.4,Electronics
CUST03931,2025-03-30,10.54,Dining
CUST03931,2025-07-06,42.39,Clothing
CUST03931,2024-10-25,33.39,Grocery
CUST03931,2024-12-10,255.17,Electronics
CUST03931,2025-05-05,39.57,Dining
CUST03931,2024-11-03,328.74,Electronics
CUST03931,2024-10-30,33.22,Clothing
CUST03931,2025-05-16,56.59,Travel
CUST03931,2024-12-24,62.94,Dining
CUST03931,2025-05-23,14.17,Travel
CUST03931,2025-01-02,170.14,Dining
CUST03931,2025-07-08,42.1,Clothing
CUST03932,2025-04-29,19.46,Grocery
CUST03932,2025-06-02,18.8,Electronics
CUST03932,2025-06-05,128.89,Travel
CUST03932,2025-07-21,25.29,Clothing
CUST03932,2025-06-30,39.27,Dining
CUST03932,2025-05-27,367.82,Clothing
CUST03932,2025-04-08,150.66,Grocery
CUST03932,2025-05-22,69.32,Electronics
CUST03932,2025-06-11,55.5,Clothing
CUST03932,2025-04-29,45.45,Dining
CUST03932,2025-07-16,48.5,Travel
CUST03932,2025-06-01,24.46,Electronics
CUST03932,2025-07-16,343.41,Dining
CUST03932,2025-06-08,35.22,Electronics
CUST03932,2025-07-19,89.99,Travel
CUST03932,2025-05-21,64.95,Clothing
CUST03932,2025-07-17,160.95,Dining
CUST03932,2025-07-26,56.51,Travel
CUST03932,2025-06-19,39.01,Clothing
CUST03932,2025-07-16,100.54,Electronics
CUST03932,2025-05-19,70.79,Grocery
CUST03932,2025-05-22,126.39,Electronics
CUST03932,2025-06-06,17.21,Dining
CUST03932,2025-06-02,102.26,Travel
CUST03932,2025-07-07,120.95,Dining
CUST03932,2025-06-30,93.33,Clothing
CUST03932,2025-06-18,76.26,Travel
CUST03932,2025-07-01,35.45,Grocery
CUST03932,2025-06-30,59.48,Grocery
CUST03932,2025-07-13,66.62,Grocery
CUST03932,2025-06-17,61.04,Dining
CUST03932,2025-04-12,13.43,Clothing
CUST03932,2025-05-31,11.79,Travel
CUST03932,2025-07-29,172.86,Clothing
CUST03932,2025-07-07,197.47,Dining
CUST03932,2025-05-18,119.01,Travel
CUST03932,2025-06-24,13.32,Clothing
CUST03932,2025-05-15,94.89,Grocery
CUST03932,2025-04-30,115.73,Clothing
CUST03932,2025-06-03,23.73,Clothing
CUST03932,2025-06-03,36.14,Clothing
CUST03932,2025-06-22,46.84,Electronics
CUST03932,2025-06-09,346.99,Dining
CUST03932,2025-05-28,102.35,Dining
CUST03932,2025-05-10,87.84,Travel
CUST03932,2025-07-08,62.68,Dining
CUST03932,2025-07-25,311.73,Clothing
CUST03932,2025-05-29,101.28,Electronics
CUST03932,2025-06-22,46.67,Travel
CUST03932,2025-07-24,63.18,Dining
CUST03932,2025-07-31,54.43,Grocery
CUST03932,2025-06-05,85.56,Clothing
CUST03932,2025-06-26,143.97,Clothing
CUST03932,2025-07-20,67.97,Clothing
CUST03932,2025-07-26,161.02,Clothing
CUST03932,2025-07-05,23.21,Electronics
CUST03932,2025-04-08,112.92,Dining
CUST03932,2025-04-24,112.51,Travel
CUST03932,2025-04-10,181.38,Electronics
CUST03932,2025-05-03,57.74,Grocery
CUST03932,2025-04-18,84.19,Travel
CUST03932,2025-04-26,93.59,Grocery
CUST03932,2025-05-04,128.51,Grocery
CUST03932,2025-06-09,141.14,Electronics
CUST03932,2025-05-27,38.58,Grocery
CUST03932,2025-07-01,91.21,Grocery
CUST03932,2025-05-06,233.15,Dining
CUST03932,2025-05-18,97.38,Dining
CUST03932,2025-07-31,19.51,Dining
CUST03932,2025-04-20,53.53,Electronics
CUST03932,2025-04-22,69.12,Clothing
CUST03932,2025-05-15,418.3,Grocery
CUST03932,2025-05-23,9.83,Travel
CUST03932,2025-05-05,27.45,Travel
CUST03932,2025-07-25,65.73,Travel
CUST03932,2025-05-22,90.19,Travel
CUST03932,2025-04-14,30.39,Dining
CUST03932,2025-04-11,137.75,Clothing
CUST03932,2025-06-02,19.46,Dining
CUST03932,2025-07-05,86.24,Electronics
CUST03932,2025-05-16,86.35,Clothing
CUST03932,2025-07-04,89.6,Electronics
CUST03932,2025-05-27,168.63,Travel
CUST03932,2025-05-15,18.89,Grocery
CUST03932,2025-05-30,57.04,Clothing
CUST03932,2025-06-14,26.58,Clothing
CUST03932,2025-07-05,27.01,Grocery
CUST03932,2025-06-17,77.33,Dining
CUST03932,2025-04-24,59.73,Electronics
CUST03932,2025-05-27,63.8,Electronics
CUST03932,2025-05-25,19.38,Travel
CUST03932,2025-07-14,82.64,Electronics
CUST03932,2025-07-18,17.14,Electronics
CUST03932,2025-07-24,37.1,Dining
CUST03932,2025-05-09,264.86,Travel
CUST03932,2025-07-01,11.55,Dining
CUST03932,2025-06-11,33.68,Clothing
CUST03932,2025-04-30,171.22,Electronics
CUST03932,2025-05-25,152.44,Clothing
CUST03932,2025-04-11,54.02,Grocery
CUST03932,2025-06-17,56.05,Clothing
CUST03932,2025-07-16,33.28,Dining
CUST03932,2025-04-30,53.28,Travel
CUST03932,2025-05-10,150.35,Electronics
CUST03932,2025-07-08,170.14,Clothing
CUST03932,2025-06-21,34.24,Grocery
CUST03932,2025-06-25,59.73,Electronics
CUST03932,2025-04-25,270.19,Travel
CUST03932,2025-06-08,281.35,Dining
CUST03933,2025-04-20,40.59,Electronics
CUST03933,2025-01-15,47.27,Electronics
CUST03933,2025-03-14,77.4,Grocery
CUST03933,2025-06-17,16.83,Dining
CUST03933,2024-10-27,41.9,Dining
CUST03933,2024-08-15,208.96,Travel
CUST03933,2024-07-11,199.46,Dining
CUST03933,2024-07-14,16.64,Clothing
CUST03933,2025-01-26,10.99,Grocery
CUST03933,2025-01-07,99.04,Travel
CUST03933,2024-12-02,193.06,Clothing
CUST03933,2025-07-16,7.87,Dining
CUST03933,2024-10-01,25.37,Electronics
CUST03933,2024-09-14,177.91,Clothing
CUST03933,2025-03-19,141.92,Dining
CUST03933,2025-04-19,64.08,Dining
CUST03933,2024-12-03,65.42,Grocery
CUST03933,2024-12-06,16.4,Travel
CUST03933,2025-07-12,59.31,Electronics
CUST03933,2025-05-09,115.11,Travel
CUST03933,2025-06-21,46.96,Travel
CUST03933,2024-09-14,44.1,Travel
CUST03933,2025-05-31,52.89,Clothing
CUST03933,2024-08-21,108.04,Electronics
CUST03933,2025-06-21,75.46,Grocery
CUST03933,2024-07-12,248.98,Dining
CUST03933,2025-02-20,26.03,Travel
CUST03933,2024-11-17,19.9,Travel
CUST03933,2025-02-22,226.89,Travel
CUST03933,2024-07-21,206.83,Electronics
CUST03933,2024-07-14,106.27,Electronics
CUST03933,2024-10-27,119.77,Clothing
CUST03933,2025-01-27,90.08,Grocery
CUST03933,2024-09-25,62.11,Clothing
CUST03933,2025-04-16,343.59,Travel
CUST03933,2024-11-22,34.92,Grocery
CUST03933,2024-08-30,33.12,Clothing
CUST03933,2024-09-18,191.47,Dining
CUST03933,2025-01-04,59.77,Electronics
CUST03933,2025-07-15,105.37,Travel
CUST03933,2024-10-19,72.26,Travel
CUST03933,2025-01-14,9.31,Dining
CUST03933,2024-12-17,85.01,Grocery
CUST03933,2024-07-19,44.34,Clothing
CUST03933,2024-10-09,109.21,Grocery
CUST03933,2024-09-08,16.93,Dining
CUST03933,2024-10-29,57.26,Electronics
CUST03933,2024-09-10,331.05,Travel
CUST03933,2024-07-25,17.91,Grocery
CUST03933,2024-07-30,6.39,Clothing
CUST03933,2025-01-16,28.97,Grocery
CUST03933,2025-07-03,84.23,Electronics
CUST03933,2024-10-29,59.52,Dining
CUST03933,2024-10-23,382.79,Electronics
CUST03933,2024-07-31,72.93,Electronics
CUST03933,2025-05-15,96.65,Grocery
CUST03933,2025-04-01,55.42,Electronics
CUST03933,2024-11-30,78.98,Grocery
CUST03933,2025-05-04,18.78,Clothing
CUST03933,2025-07-01,10.28,Travel
CUST03933,2024-07-27,38.41,Clothing
CUST03933,2024-07-31,25.24,Grocery
CUST03933,2025-06-08,197.01,Grocery
CUST03933,2025-03-20,6.53,Clothing
CUST03933,2024-09-13,39.08,Clothing
CUST03933,2025-02-01,112.14,Clothing
CUST03933,2025-01-29,12.7,Clothing
CUST03933,2025-06-20,13.03,Grocery
CUST03933,2025-03-11,22.81,Clothing
CUST03933,2024-08-17,36.06,Grocery
CUST03933,2024-08-23,256.94,Dining
CUST03933,2025-07-04,43.26,Grocery
CUST03933,2025-07-10,40.18,Grocery
CUST03933,2025-06-13,377.84,Travel
CUST03933,2024-10-24,123.05,Dining
CUST03933,2024-11-29,23.41,Travel
CUST03933,2025-01-09,143.95,Dining
CUST03933,2025-01-30,104.6,Dining
CUST03933,2025-01-12,84.24,Grocery
CUST03933,2025-07-14,9.73,Electronics
CUST03933,2025-07-26,94.76,Clothing
CUST03933,2024-12-15,16.49,Electronics
CUST03933,2025-06-26,42.16,Travel
CUST03933,2024-07-17,26.16,Travel
CUST03933,2025-05-16,91.5,Travel
CUST03933,2024-07-14,127.24,Grocery
CUST03934,2025-06-27,24.5,Grocery
CUST03934,2022-09-22,127.11,Clothing
CUST03934,2023-02-26,424.6,Dining
CUST03934,2023-01-09,35.46,Grocery
CUST03934,2025-02-11,20.5,Electronics
CUST03934,2025-04-06,15.43,Clothing
CUST03934,2025-05-09,17.88,Dining
CUST03934,2022-08-27,59.2,Grocery
CUST03934,2024-09-29,179.16,Dining
CUST03934,2022-09-12,73.69,Clothing
CUST03934,2022-08-01,67.89,Electronics
CUST03934,2023-11-01,160.35,Dining
CUST03934,2022-09-27,81.18,Grocery
CUST03934,2025-01-22,95.56,Dining
CUST03934,2024-07-31,45.84,Clothing
CUST03934,2025-02-12,300.67,Travel
CUST03934,2023-08-16,52.26,Clothing
CUST03934,2024-06-28,25.9,Dining
CUST03934,2023-10-12,182.83,Travel
CUST03934,2022-08-19,20.13,Electronics
CUST03934,2023-02-06,42.1,Electronics
CUST03934,2025-02-28,83.44,Dining
CUST03934,2024-08-05,13.63,Grocery
CUST03934,2025-05-19,71.55,Grocery
CUST03934,2025-01-28,25.46,Clothing
CUST03934,2023-06-06,41.2,Electronics
CUST03934,2024-01-03,12.67,Electronics
CUST03934,2023-01-05,48.57,Travel
CUST03934,2024-06-19,59.07,Travel
CUST03934,2023-07-19,62.6,Clothing
CUST03934,2024-10-28,12.32,Grocery
CUST03934,2023-10-12,87.11,Electronics
CUST03934,2024-02-02,37.91,Electronics
CUST03934,2023-09-10,150.78,Electronics
CUST03934,2023-01-01,64.16,Travel
CUST03934,2023-01-04,181.78,Clothing
CUST03934,2024-08-02,89.41,Grocery
CUST03934,2025-03-16,185.09,Electronics
CUST03934,2023-10-22,80.16,Electronics
CUST03934,2025-01-19,20.03,Dining
CUST03934,2025-04-30,25.72,Grocery
CUST03934,2023-06-01,13.42,Dining
CUST03934,2023-07-28,35.29,Travel
CUST03934,2024-11-12,89.03,Travel
CUST03934,2024-01-04,173.42,Dining
CUST03934,2024-03-15,85.08,Electronics
CUST03934,2025-04-30,198.8,Grocery
CUST03934,2024-10-26,12.75,Clothing
CUST03934,2023-12-04,61.77,Clothing
CUST03934,2023-02-05,5.44,Electronics
CUST03934,2024-10-06,73.79,Travel
CUST03934,2023-05-23,212.03,Clothing
CUST03934,2024-10-28,86.16,Travel
CUST03934,2025-01-14,127.9,Electronics
CUST03934,2024-05-13,41.39,Travel
CUST03934,2022-10-05,118.43,Dining
CUST03934,2025-05-26,22.87,Travel
CUST03934,2023-05-09,40.65,Electronics
CUST03934,2023-01-16,26.35,Grocery
CUST03934,2023-11-07,91.79,Travel
CUST03934,2022-09-04,42.97,Travel
CUST03934,2022-10-18,155.63,Travel
CUST03934,2023-06-06,59.95,Travel
CUST03934,2025-07-16,81.26,Dining
CUST03934,2024-10-28,120.41,Dining
CUST03934,2023-08-02,17.62,Grocery
CUST03934,2024-06-06,10.75,Dining
CUST03934,2024-07-11,126.54,Dining
CUST03934,2024-11-04,6.83,Electronics
CUST03934,2024-11-28,429.1,Clothing
CUST03934,2024-08-07,357.87,Grocery
CUST03934,2022-08-11,13.31,Clothing
CUST03934,2024-07-10,36.76,Travel
CUST03934,2025-06-15,7.96,Grocery
CUST03934,2025-04-10,231.25,Dining
CUST03934,2024-05-17,33.25,Electronics
CUST03934,2024-08-04,14.52,Clothing
CUST03934,2023-11-18,55.68,Dining
CUST03934,2023-10-05,62.74,Dining
CUST03934,2022-12-16,6.67,Clothing
CUST03934,2024-02-05,98.89,Electronics
CUST03934,2023-07-04,40.52,Grocery
CUST03934,2023-03-12,82.98,Grocery
CUST03934,2024-09-14,201.1,Electronics
CUST03934,2022-07-27,180.22,Travel
CUST03934,2024-08-16,68.17,Clothing
CUST03934,2024-02-20,56.11,Electronics
CUST03934,2022-11-27,160.01,Dining
CUST03934,2022-10-02,15.95,Dining
CUST03934,2025-04-12,14.74,Dining
CUST03934,2023-08-01,136.29,Grocery
CUST03934,2023-10-22,21.23,Grocery
CUST03934,2023-01-31,6.97,Travel
CUST03934,2023-09-20,5.64,Electronics
CUST03934,2023-08-09,47.28,Grocery
CUST03934,2023-05-07,117.51,Grocery
CUST03934,2022-07-30,115.42,Grocery
CUST03934,2024-02-01,146.2,Travel
CUST03934,2023-08-07,12.65,Grocery
CUST03934,2023-03-14,57.23,Dining
CUST03934,2022-09-13,29.7,Dining
CUST03934,2023-03-19,6.31,Grocery
CUST03934,2025-06-30,71.55,Electronics
CUST03934,2022-09-08,168.94,Grocery
CUST03934,2024-06-29,157.55,Electronics
CUST03934,2025-03-26,26.35,Grocery
CUST03934,2025-02-10,15.19,Electronics
CUST03934,2023-03-17,216.11,Grocery
CUST03934,2025-03-20,64.18,Travel
CUST03934,2025-05-19,169.41,Electronics
CUST03934,2025-02-12,97.16,Travel
CUST03935,2025-07-31,99.82,Electronics
CUST03935,2024-12-29,81.7,Travel
CUST03935,2025-01-26,13.3,Grocery
CUST03935,2024-12-23,21.8,Travel
CUST03935,2024-12-24,15.06,Grocery
CUST03935,2025-05-28,20.09,Grocery
CUST03935,2025-04-02,155.19,Clothing
CUST03935,2024-11-12,26.57,Travel
CUST03935,2024-12-05,54.19,Clothing
CUST03935,2025-06-08,126.71,Dining
CUST03935,2024-12-23,48.09,Clothing
CUST03935,2025-01-31,177.06,Travel
CUST03935,2025-04-30,182.96,Dining
CUST03935,2025-07-22,222.4,Clothing
CUST03935,2025-02-17,37.43,Electronics
CUST03935,2025-04-11,85.58,Dining
CUST03935,2025-02-04,84.17,Dining
CUST03935,2025-01-29,88.1,Travel
CUST03935,2025-06-10,20.22,Clothing
CUST03935,2024-11-15,10.09,Dining
CUST03935,2025-01-15,136.68,Clothing
CUST03935,2025-03-22,132.12,Clothing
CUST03935,2024-11-30,278.08,Travel
CUST03935,2025-03-25,65.04,Clothing
CUST03935,2025-03-04,21.98,Clothing
CUST03935,2024-12-07,31.57,Dining
CUST03935,2025-04-05,22.35,Electronics
CUST03935,2025-05-05,127.43,Grocery
CUST03935,2025-03-05,306.86,Electronics
CUST03935,2025-02-18,16.1,Dining
CUST03935,2024-12-19,23.73,Clothing
CUST03935,2024-12-16,29.47,Grocery
CUST03935,2025-03-01,81.72,Clothing
CUST03935,2025-04-13,187.86,Grocery
CUST03935,2024-11-07,57.04,Dining
CUST03935,2025-02-04,101.58,Clothing
CUST03935,2025-07-20,21.9,Grocery
CUST03935,2025-06-30,33.99,Electronics
CUST03935,2025-07-19,50.57,Electronics
CUST03935,2025-02-06,317.38,Dining
CUST03935,2025-01-21,49.35,Electronics
CUST03935,2025-03-01,33.04,Electronics
CUST03935,2025-03-14,61.19,Grocery
CUST03935,2025-01-23,271.2,Electronics
CUST03935,2025-05-24,44.81,Travel
CUST03935,2024-11-28,13.85,Grocery
CUST03935,2025-03-19,23.51,Grocery
CUST03935,2025-07-03,56.92,Dining
CUST03935,2025-06-28,146.58,Electronics
CUST03935,2024-11-12,91.75,Dining
CUST03935,2025-04-14,58.53,Clothing
CUST03935,2024-12-12,149.09,Grocery
CUST03935,2025-07-09,26.19,Electronics
CUST03935,2024-11-25,13.41,Travel
CUST03935,2025-07-27,86.2,Travel
CUST03935,2024-11-08,6.03,Clothing
CUST03935,2025-01-05,55.91,Clothing
CUST03935,2024-12-20,112.02,Grocery
CUST03935,2025-02-23,78.87,Grocery
CUST03935,2025-05-13,103.23,Electronics
CUST03935,2025-06-24,135.62,Travel
CUST03935,2025-02-14,13.14,Grocery
CUST03935,2024-12-23,75.9,Grocery
CUST03935,2024-12-27,241.23,Dining
CUST03935,2024-12-18,53.75,Travel
CUST03935,2025-07-07,21.94,Grocery
CUST03935,2024-12-21,133.76,Dining
CUST03935,2025-06-27,18.97,Travel
CUST03935,2025-04-12,186.3,Electronics
CUST03935,2025-07-21,32.23,Grocery
CUST03935,2025-03-26,17.66,Clothing
CUST03935,2025-07-07,84.4,Dining
CUST03935,2025-01-21,68.59,Clothing
CUST03935,2025-01-21,205.59,Grocery
CUST03935,2025-04-25,28.57,Clothing
CUST03935,2025-05-19,22.31,Travel
CUST03935,2025-05-15,30.99,Grocery
CUST03935,2025-05-29,408.81,Dining
CUST03935,2025-06-24,8.29,Travel
CUST03935,2025-06-30,89.35,Travel
CUST03935,2024-12-11,105.58,Grocery
CUST03935,2025-03-20,109.63,Dining
CUST03935,2025-01-13,199.53,Travel
CUST03935,2025-02-14,140.54,Grocery
CUST03935,2025-07-01,62.83,Electronics
CUST03935,2025-05-23,68.35,Grocery
CUST03935,2025-05-26,53.26,Electronics
CUST03935,2024-11-23,33.36,Clothing
CUST03935,2025-03-19,19.86,Travel
CUST03935,2025-05-02,120.64,Dining
CUST03935,2025-02-21,84.82,Dining
CUST03935,2024-12-26,47.17,Dining
CUST03935,2025-06-09,12.49,Grocery
CUST03935,2025-07-06,183.46,Travel
CUST03935,2024-12-11,134.99,Clothing
CUST03935,2025-04-02,11.03,Grocery
CUST03935,2024-12-08,71.39,Dining
CUST03935,2025-06-06,12.59,Grocery
CUST03935,2025-07-20,38.48,Grocery
CUST03935,2025-02-23,24.18,Dining
CUST03935,2025-01-26,8.78,Clothing
CUST03935,2024-12-01,104.83,Dining
CUST03935,2025-04-12,34.64,Dining
CUST03935,2024-11-24,24.87,Dining
CUST03935,2024-12-16,9.96,Electronics
CUST03936,2024-11-14,13.4,Dining
CUST03936,2025-05-25,11.09,Electronics
CUST03936,2025-01-24,109.83,Grocery
CUST03936,2024-11-29,311.54,Electronics
CUST03936,2025-05-03,211.9,Electronics
CUST03936,2024-12-15,124.89,Travel
CUST03936,2025-07-27,27.2,Travel
CUST03936,2025-05-19,25.89,Clothing
CUST03936,2025-02-05,11.21,Travel
CUST03936,2025-06-24,185.39,Clothing
CUST03936,2025-04-14,12.68,Travel
CUST03936,2024-12-24,32.3,Grocery
CUST03936,2025-02-25,71.88,Electronics
CUST03936,2024-12-22,18.35,Travel
CUST03936,2025-02-13,51.4,Clothing
CUST03936,2024-11-25,213.74,Travel
CUST03936,2025-07-24,109.47,Dining
CUST03936,2025-02-18,46.09,Grocery
CUST03936,2024-12-30,8.4,Electronics
CUST03936,2025-05-15,72.13,Grocery
CUST03936,2024-12-04,23.51,Clothing
CUST03936,2025-01-18,59.76,Clothing
CUST03936,2025-03-15,56.78,Dining
CUST03936,2025-07-26,260.02,Grocery
CUST03936,2025-05-01,44.88,Travel
CUST03936,2025-07-01,9.31,Clothing
CUST03936,2025-03-07,106.94,Clothing
CUST03936,2025-06-07,20.09,Electronics
CUST03936,2024-12-30,47.37,Travel
CUST03936,2025-03-04,21.38,Travel
CUST03936,2025-01-15,188.96,Dining
CUST03936,2024-12-09,18.58,Grocery
CUST03936,2025-06-15,36.34,Grocery
CUST03936,2025-07-03,90.0,Travel
CUST03936,2025-03-03,35.14,Clothing
CUST03936,2025-05-25,5.72,Travel
CUST03936,2025-07-19,186.55,Clothing
CUST03936,2025-07-12,25.67,Clothing
CUST03936,2025-06-19,25.56,Grocery
CUST03936,2025-01-25,29.3,Dining
CUST03936,2025-07-10,46.93,Clothing
CUST03936,2024-12-29,115.18,Electronics
CUST03936,2025-07-20,13.04,Grocery
CUST03936,2025-05-25,31.77,Travel
CUST03936,2025-05-09,221.89,Electronics
CUST03936,2025-07-30,205.14,Dining
CUST03936,2024-11-17,21.81,Dining
CUST03936,2025-01-31,226.24,Clothing
CUST03936,2025-03-07,96.33,Dining
CUST03936,2025-02-13,17.44,Clothing
CUST03936,2025-02-01,181.92,Clothing
CUST03936,2024-12-11,29.62,Grocery
CUST03936,2025-06-09,32.58,Grocery
CUST03936,2025-06-25,231.13,Clothing
CUST03936,2025-06-24,58.96,Electronics
CUST03936,2025-05-09,52.75,Travel
CUST03936,2025-01-25,37.32,Clothing
CUST03936,2025-04-12,21.55,Grocery
CUST03936,2025-06-12,69.12,Electronics
CUST03936,2024-12-29,13.24,Clothing
CUST03936,2025-06-19,10.48,Travel
CUST03936,2025-01-18,120.33,Clothing
CUST03936,2025-01-05,46.26,Dining
CUST03936,2025-06-01,32.52,Grocery
CUST03936,2024-12-31,23.29,Electronics
CUST03936,2025-01-20,25.03,Travel
CUST03936,2025-04-05,79.4,Clothing
CUST03936,2024-11-16,110.03,Travel
CUST03936,2025-02-04,13.91,Electronics
CUST03936,2025-01-22,96.43,Electronics
CUST03936,2024-12-26,17.71,Travel
CUST03936,2025-05-18,160.21,Dining
CUST03936,2025-03-23,52.16,Clothing
CUST03936,2025-07-30,55.29,Dining
CUST03936,2025-06-08,12.96,Travel
CUST03936,2025-05-04,84.99,Clothing
CUST03936,2025-05-18,128.31,Grocery
CUST03936,2025-01-17,33.93,Clothing
CUST03936,2025-02-15,66.16,Clothing
CUST03936,2025-07-18,8.79,Dining
CUST03936,2025-05-18,98.49,Travel
CUST03936,2025-05-22,63.62,Grocery
CUST03936,2025-03-04,123.56,Dining
CUST03936,2025-04-03,295.72,Grocery
CUST03936,2024-12-12,115.69,Dining
CUST03936,2024-12-18,72.15,Travel
CUST03936,2025-01-02,189.43,Electronics
CUST03936,2024-12-15,66.09,Travel
CUST03936,2025-01-31,109.13,Travel
CUST03936,2025-01-27,308.74,Grocery
CUST03936,2025-02-07,30.67,Grocery
CUST03936,2024-12-13,105.48,Dining
CUST03936,2025-07-31,59.26,Clothing
CUST03936,2025-07-20,76.65,Travel
CUST03936,2025-06-02,188.86,Grocery
CUST03936,2025-01-01,183.16,Dining
CUST03936,2025-07-12,190.33,Travel
CUST03937,2024-03-20,639.84,Clothing
CUST03937,2024-02-13,266.03,Travel
CUST03937,2023-11-19,331.36,Dining
CUST03937,2025-03-08,18.62,Clothing
CUST03937,2025-07-28,97.98,Electronics
CUST03937,2023-04-23,130.73,Dining
CUST03937,2023-06-19,18.26,Clothing
CUST03937,2024-04-07,59.44,Electronics
CUST03937,2023-10-07,55.76,Travel
CUST03937,2023-10-12,152.67,Clothing
CUST03937,2025-07-16,79.65,Dining
CUST03937,2023-05-16,23.44,Grocery
CUST03937,2025-05-19,56.42,Dining
CUST03937,2024-03-07,24.76,Electronics
CUST03937,2023-11-17,116.42,Travel
CUST03937,2023-12-04,18.03,Travel
CUST03937,2024-07-20,301.49,Grocery
CUST03937,2023-09-17,240.51,Clothing
CUST03937,2023-06-29,59.43,Grocery
CUST03937,2023-05-16,21.97,Clothing
CUST03937,2023-08-24,384.26,Travel
CUST03937,2024-10-04,47.35,Grocery
CUST03937,2025-02-23,170.13,Dining
CUST03937,2025-02-24,20.61,Clothing
CUST03937,2024-09-28,174.21,Dining
CUST03937,2024-06-24,45.7,Dining
CUST03937,2023-03-20,40.47,Dining
CUST03937,2025-03-23,126.88,Clothing
CUST03937,2023-11-15,88.04,Grocery
CUST03937,2024-11-09,51.68,Dining
CUST03937,2024-07-14,191.62,Electronics
CUST03937,2024-05-22,71.02,Clothing
CUST03937,2023-04-18,286.25,Travel
CUST03937,2024-06-03,226.54,Electronics
CUST03937,2024-07-06,40.2,Grocery
CUST03937,2024-10-11,69.07,Clothing
CUST03937,2022-12-10,45.72,Grocery
CUST03937,2023-11-28,5.8,Travel
CUST03937,2023-09-27,80.02,Dining
CUST03937,2025-04-20,164.47,Dining
CUST03937,2025-02-15,53.02,Travel
CUST03937,2024-01-23,40.84,Dining
CUST03937,2023-06-23,51.75,Dining
CUST03937,2024-07-14,18.2,Travel
CUST03937,2022-12-14,20.03,Dining
CUST03937,2025-01-12,26.66,Travel
CUST03937,2025-03-14,30.16,Clothing
CUST03937,2025-02-03,67.4,Grocery
CUST03937,2025-03-12,134.6,Travel
CUST03937,2024-09-29,10.05,Electronics
CUST03937,2023-09-18,37.26,Electronics
CUST03937,2022-12-20,218.24,Grocery
CUST03937,2024-02-12,14.0,Grocery
CUST03937,2024-09-12,72.28,Electronics
CUST03937,2024-01-15,54.56,Grocery
CUST03937,2024-07-22,111.84,Electronics
CUST03937,2024-04-06,15.22,Grocery
CUST03937,2023-06-13,11.59,Travel
CUST03937,2024-03-28,134.06,Dining
CUST03937,2025-01-28,219.03,Travel
CUST03937,2024-07-13,17.29,Electronics
CUST03937,2023-05-11,21.95,Electronics
CUST03937,2024-08-12,44.95,Electronics
CUST03937,2025-01-21,74.29,Dining
CUST03937,2023-02-23,171.3,Electronics
CUST03937,2025-07-17,28.7,Electronics
CUST03937,2024-03-04,222.15,Dining
CUST03937,2023-01-03,6.52,Travel
CUST03937,2023-11-24,43.26,Grocery
CUST03937,2023-11-20,118.43,Travel
CUST03937,2024-07-31,66.8,Grocery
CUST03937,2024-04-27,29.94,Travel
CUST03937,2024-08-08,141.52,Dining
CUST03937,2023-02-20,68.49,Grocery
CUST03937,2025-03-14,273.57,Travel
CUST03937,2025-06-16,64.05,Clothing
CUST03937,2023-09-07,255.39,Clothing
CUST03937,2025-06-19,53.44,Dining
CUST03937,2023-12-12,31.13,Travel
CUST03937,2025-06-27,34.02,Electronics
CUST03937,2025-01-03,70.32,Travel
CUST03937,2025-06-30,78.02,Travel
CUST03937,2024-02-27,27.56,Clothing
CUST03937,2025-05-03,9.18,Dining
CUST03937,2024-11-03,192.3,Dining
CUST03937,2024-02-14,13.67,Grocery
CUST03937,2023-07-31,24.44,Dining
CUST03937,2024-10-24,161.84,Clothing
CUST03937,2023-03-15,45.32,Clothing
CUST03937,2024-06-05,194.09,Grocery
CUST03937,2025-07-19,59.27,Dining
CUST03937,2024-07-14,7.8,Dining
CUST03937,2023-10-20,185.89,Travel
CUST03937,2025-05-03,40.65,Grocery
CUST03937,2025-07-18,102.96,Dining
CUST03937,2024-10-27,114.3,Grocery
CUST03937,2022-10-31,85.51,Travel
CUST03937,2023-10-17,163.56,Clothing
CUST03937,2024-12-26,76.18,Clothing
CUST03937,2024-03-07,15.32,Clothing
CUST03937,2024-12-31,175.8,Travel
CUST03937,2022-12-06,71.03,Travel
CUST03937,2023-11-20,133.76,Dining
CUST03937,2025-05-01,82.47,Electronics
CUST03937,2022-11-09,18.83,Dining
CUST03937,2023-07-13,24.9,Clothing
CUST03938,2025-07-23,87.53,Travel
CUST03938,2023-05-05,154.13,Dining
CUST03938,2023-09-23,121.87,Electronics
CUST03938,2023-07-08,55.56,Clothing
CUST03938,2025-01-14,248.15,Dining
CUST03938,2025-03-28,48.16,Clothing
CUST03938,2024-06-25,92.66,Clothing
CUST03938,2023-09-11,125.17,Dining
CUST03938,2023-05-27,113.94,Clothing
CUST03938,2025-04-29,93.64,Travel
CUST03938,2023-12-02,108.08,Electronics
CUST03938,2023-03-01,61.65,Dining
CUST03938,2024-02-07,48.47,Grocery
CUST03938,2024-09-13,46.19,Electronics
CUST03938,2025-07-07,67.31,Travel
CUST03938,2024-06-07,49.54,Travel
CUST03938,2023-08-05,42.85,Grocery
CUST03938,2024-03-06,6.61,Clothing
CUST03938,2025-03-15,8.37,Clothing
CUST03938,2025-04-09,34.43,Travel
CUST03938,2025-04-07,33.16,Travel
CUST03938,2024-11-07,117.66,Grocery
CUST03938,2023-10-10,152.38,Travel
CUST03938,2023-04-24,45.14,Clothing
CUST03938,2024-03-19,59.49,Grocery
CUST03938,2024-08-05,26.02,Grocery
CUST03938,2024-09-05,10.98,Travel
CUST03938,2024-06-02,444.03,Dining
CUST03938,2023-05-14,36.63,Travel
CUST03938,2023-06-14,22.64,Clothing
CUST03938,2023-02-06,27.83,Electronics
CUST03938,2025-07-19,16.26,Travel
CUST03938,2023-12-13,225.54,Grocery
CUST03938,2024-01-21,42.23,Dining
CUST03938,2024-08-15,103.84,Dining
CUST03938,2024-11-15,292.65,Electronics
CUST03938,2025-01-29,58.75,Grocery
CUST03938,2023-11-10,278.91,Dining
CUST03938,2025-02-05,103.4,Travel
CUST03938,2023-12-15,48.99,Dining
CUST03938,2023-04-30,176.0,Dining
CUST03938,2024-08-07,63.2,Clothing
CUST03938,2023-08-26,281.99,Clothing
CUST03938,2025-03-10,84.37,Electronics
CUST03938,2023-04-11,44.72,Grocery
CUST03938,2024-03-31,15.35,Grocery
CUST03938,2024-04-14,181.11,Grocery
CUST03938,2024-11-08,176.41,Grocery
CUST03938,2023-04-30,194.23,Dining
CUST03938,2024-07-26,75.94,Grocery
CUST03938,2023-07-18,130.08,Travel
CUST03938,2025-07-08,119.66,Dining
CUST03938,2025-04-15,169.76,Grocery
CUST03938,2023-07-22,268.99,Travel
CUST03938,2024-03-31,180.28,Clothing
CUST03938,2023-11-20,6.99,Travel
CUST03938,2023-03-31,42.41,Electronics
CUST03938,2025-05-22,140.22,Electronics
CUST03938,2025-05-03,7.02,Dining
CUST03938,2023-08-05,45.07,Grocery
CUST03938,2024-01-05,33.93,Grocery
CUST03938,2023-07-06,12.81,Clothing
CUST03938,2025-01-19,225.42,Clothing
CUST03938,2024-10-15,12.35,Electronics
CUST03938,2024-08-04,37.54,Electronics
CUST03938,2023-08-18,283.54,Travel
CUST03938,2025-02-05,244.13,Dining
CUST03938,2024-10-25,151.11,Grocery
CUST03938,2025-06-26,24.68,Dining
CUST03938,2025-06-03,74.66,Travel
CUST03938,2023-08-25,349.05,Electronics
CUST03938,2024-04-04,25.45,Grocery
CUST03938,2025-04-18,74.38,Electronics
CUST03938,2023-04-05,20.5,Travel
CUST03938,2023-07-03,399.14,Electronics
CUST03938,2024-11-12,203.29,Travel
CUST03938,2023-08-26,11.17,Clothing
CUST03938,2025-03-05,143.81,Clothing
CUST03938,2024-08-17,126.06,Dining
CUST03938,2024-07-23,11.27,Travel
CUST03938,2024-02-23,434.64,Grocery
CUST03938,2023-03-24,107.71,Travel
CUST03938,2023-06-02,85.14,Travel
CUST03938,2025-03-14,51.8,Electronics
CUST03938,2023-12-26,49.89,Dining
CUST03938,2023-04-26,63.42,Travel
CUST03938,2025-04-25,56.15,Grocery
CUST03938,2024-04-15,72.62,Clothing
CUST03938,2024-08-08,74.16,Dining
CUST03938,2023-10-01,93.85,Electronics
CUST03938,2025-02-04,10.89,Electronics
CUST03938,2023-08-12,120.02,Travel
CUST03938,2023-12-22,22.1,Clothing
CUST03938,2025-05-09,15.75,Dining
CUST03938,2023-12-16,114.91,Clothing
CUST03938,2023-09-23,309.98,Electronics
CUST03938,2024-01-27,30.05,Electronics
CUST03938,2024-05-15,22.43,Grocery
CUST03938,2024-04-28,91.69,Clothing
CUST03938,2024-07-06,44.36,Electronics
CUST03938,2024-08-19,81.12,Dining
CUST03938,2023-08-25,51.24,Travel
CUST03939,2024-12-08,177.52,Dining
CUST03939,2025-01-12,206.22,Electronics
CUST03939,2025-05-08,8.35,Dining
CUST03939,2025-03-12,31.22,Electronics
CUST03939,2024-12-15,226.58,Clothing
CUST03939,2024-10-09,18.71,Dining
CUST03939,2025-03-30,94.64,Travel
CUST03939,2024-04-15,261.92,Clothing
CUST03939,2025-05-05,46.52,Dining
CUST03939,2024-08-03,80.07,Grocery
CUST03939,2025-01-05,45.13,Grocery
CUST03939,2024-12-29,7.42,Travel
CUST03939,2024-09-17,67.86,Grocery
CUST03939,2024-11-27,6.63,Travel
CUST03939,2024-07-20,45.24,Grocery
CUST03939,2024-04-14,54.55,Dining
CUST03939,2024-03-20,48.9,Electronics
CUST03939,2024-07-14,40.74,Dining
CUST03939,2024-05-06,21.14,Travel
CUST03939,2024-04-23,353.36,Electronics
CUST03939,2024-01-04,26.24,Electronics
CUST03939,2025-02-27,221.84,Travel
CUST03939,2025-04-27,97.83,Travel
CUST03939,2024-11-24,369.95,Travel
CUST03939,2023-12-15,34.44,Dining
CUST03939,2023-12-06,199.64,Electronics
CUST03939,2025-04-30,59.13,Grocery
CUST03939,2025-08-01,40.56,Travel
CUST03939,2025-06-25,154.3,Electronics
CUST03939,2023-12-11,5.91,Electronics
CUST03939,2024-11-10,113.42,Electronics
CUST03939,2025-07-27,57.77,Dining
CUST03939,2025-02-27,46.59,Dining
CUST03939,2024-01-03,41.25,Grocery
CUST03939,2024-12-01,350.02,Travel
CUST03939,2025-02-27,76.12,Grocery
CUST03939,2024-10-01,46.74,Grocery
CUST03939,2024-12-10,156.88,Clothing
CUST03939,2024-10-21,30.28,Grocery
CUST03939,2025-06-27,132.76,Grocery
CUST03939,2024-01-27,100.17,Dining
CUST03939,2024-12-05,34.55,Grocery
CUST03939,2024-05-22,29.2,Travel
CUST03939,2025-07-01,75.72,Travel
CUST03939,2025-04-10,32.84,Grocery
CUST03939,2024-11-24,108.13,Electronics
CUST03939,2024-05-05,25.08,Dining
CUST03939,2025-04-24,27.78,Grocery
CUST03939,2025-02-20,5.98,Dining
CUST03939,2024-07-01,27.21,Grocery
CUST03939,2025-01-08,9.44,Clothing
CUST03939,2025-05-27,39.05,Travel
CUST03939,2024-11-06,29.26,Grocery
CUST03939,2024-08-11,21.15,Clothing
CUST03939,2025-07-20,175.28,Travel
CUST03939,2024-12-07,466.67,Electronics
CUST03939,2024-10-26,23.96,Dining
CUST03939,2024-05-08,16.79,Travel
CUST03939,2025-07-25,12.97,Dining
CUST03939,2024-02-20,32.33,Clothing
CUST03939,2025-04-24,75.53,Grocery
CUST03939,2025-06-04,98.28,Clothing
CUST03939,2024-05-29,85.6,Clothing
CUST03939,2024-04-01,101.7,Clothing
CUST03939,2024-09-01,109.19,Dining
CUST03939,2024-07-30,47.09,Clothing
CUST03939,2024-12-21,56.22,Electronics
CUST03939,2024-12-30,69.34,Clothing
CUST03939,2024-08-24,174.81,Grocery
CUST03939,2023-12-13,7.82,Travel
CUST03939,2024-03-16,79.83,Travel
CUST03939,2024-05-31,15.78,Travel
CUST03939,2025-01-29,36.13,Dining
CUST03939,2025-03-16,8.83,Grocery
CUST03939,2024-04-14,22.27,Grocery
CUST03939,2024-08-10,20.1,Grocery
CUST03939,2025-06-29,126.53,Grocery
CUST03939,2023-12-11,41.03,Grocery
CUST03939,2024-08-30,11.27,Travel
CUST03939,2023-12-17,30.58,Travel
CUST03939,2025-04-07,97.15,Grocery
CUST03939,2024-12-15,235.82,Grocery
CUST03939,2025-03-07,31.5,Travel
CUST03939,2024-08-10,78.65,Travel
CUST03939,2025-04-23,6.98,Electronics
CUST03939,2025-07-22,17.52,Dining
CUST03939,2025-03-17,156.33,Clothing
CUST03939,2024-05-19,11.29,Grocery
CUST03939,2024-10-31,92.0,Grocery
CUST03939,2025-07-01,9.17,Grocery
CUST03939,2025-03-12,163.24,Electronics
CUST03939,2025-07-08,87.3,Dining
CUST03939,2024-03-28,75.15,Grocery
CUST03939,2024-09-07,90.96,Travel
CUST03939,2024-06-07,98.31,Dining
CUST03939,2023-12-09,291.17,Travel
CUST03939,2023-12-19,84.23,Dining
CUST03939,2025-07-12,170.19,Travel
CUST03939,2025-07-02,23.15,Electronics
CUST03939,2023-12-13,110.12,Travel
CUST03939,2024-08-20,67.75,Travel
CUST03939,2024-03-02,68.69,Dining
CUST03939,2025-05-31,113.22,Grocery
CUST03939,2024-11-20,21.59,Grocery
CUST03939,2024-06-16,45.03,Grocery
CUST03940,2025-03-09,31.87,Grocery
CUST03940,2024-02-17,71.55,Grocery
CUST03940,2025-02-01,8.66,Clothing
CUST03940,2025-05-02,78.34,Grocery
CUST03940,2025-06-16,144.39,Travel
CUST03940,2025-06-05,43.84,Grocery
CUST03940,2025-03-19,23.23,Dining
CUST03940,2024-02-16,153.45,Dining
CUST03940,2025-06-01,48.18,Electronics
CUST03940,2025-01-17,131.44,Dining
CUST03940,2024-07-24,117.18,Electronics
CUST03940,2024-08-22,25.69,Grocery
CUST03940,2023-11-05,15.36,Dining
CUST03940,2024-04-01,21.41,Dining
CUST03940,2023-11-22,56.07,Dining
CUST03940,2024-02-13,105.37,Grocery
CUST03940,2025-04-20,132.12,Electronics
CUST03940,2023-12-04,91.44,Electronics
CUST03940,2024-10-04,415.81,Clothing
CUST03940,2023-11-03,20.61,Clothing
CUST03940,2025-03-10,185.09,Grocery
CUST03940,2024-07-01,30.67,Clothing
CUST03940,2025-06-05,34.96,Travel
CUST03940,2025-04-20,48.98,Dining
CUST03940,2025-07-10,157.81,Clothing
CUST03940,2024-03-15,40.46,Travel
CUST03940,2024-02-15,56.62,Dining
CUST03940,2025-03-28,276.22,Dining
CUST03940,2024-03-15,100.85,Dining
CUST03940,2024-07-23,40.62,Electronics
CUST03940,2025-05-12,65.22,Dining
CUST03940,2025-04-30,23.03,Travel
CUST03940,2025-01-25,80.97,Electronics
CUST03940,2025-03-15,16.29,Travel
CUST03940,2024-03-11,27.65,Clothing
CUST03940,2024-01-04,79.12,Clothing
CUST03940,2023-12-19,112.95,Clothing
CUST03940,2023-12-13,6.04,Electronics
CUST03940,2024-10-25,74.17,Electronics
CUST03940,2025-05-08,181.79,Travel
CUST03940,2024-07-21,42.45,Clothing
CUST03940,2024-06-12,100.64,Dining
CUST03940,2025-07-19,41.81,Travel
CUST03940,2024-02-21,50.25,Clothing
CUST03940,2024-01-22,177.28,Travel
CUST03940,2024-10-09,61.27,Dining
CUST03940,2025-07-30,150.07,Travel
CUST03940,2025-05-17,227.2,Electronics
CUST03940,2024-05-18,24.33,Dining
CUST03940,2025-06-25,22.35,Travel
CUST03940,2025-05-19,76.85,Dining
CUST03940,2024-02-06,55.27,Travel
CUST03940,2025-05-09,66.03,Grocery
CUST03940,2024-07-10,56.43,Grocery
CUST03940,2024-11-19,65.19,Electronics
CUST03940,2025-02-06,139.16,Electronics
CUST03940,2024-09-20,13.71,Clothing
CUST03940,2025-07-10,26.02,Dining
CUST03940,2024-12-04,59.87,Travel
CUST03940,2024-01-08,14.57,Travel
CUST03940,2025-06-03,150.96,Grocery
CUST03940,2025-07-30,30.93,Electronics
CUST03940,2024-06-17,226.7,Electronics
CUST03940,2024-11-30,49.78,Travel
CUST03940,2024-02-10,16.6,Electronics
CUST03940,2024-12-01,12.09,Grocery
CUST03940,2024-08-19,103.68,Clothing
CUST03940,2025-03-01,142.69,Grocery
CUST03940,2024-07-03,146.59,Dining
CUST03940,2025-03-07,117.84,Grocery
CUST03940,2025-03-27,48.77,Clothing
CUST03940,2023-12-10,123.24,Dining
CUST03940,2025-06-14,99.38,Travel
CUST03940,2025-06-07,64.09,Travel
CUST03940,2024-10-31,187.91,Grocery
CUST03940,2025-01-16,30.55,Clothing
CUST03940,2024-06-04,196.67,Grocery
CUST03940,2025-04-27,230.98,Dining
CUST03940,2024-09-13,63.46,Dining
CUST03940,2024-08-30,51.54,Travel
CUST03940,2025-02-16,33.14,Clothing
CUST03940,2024-10-29,39.66,Grocery
CUST03940,2025-06-24,26.37,Dining
CUST03940,2024-09-11,26.64,Grocery
CUST03940,2024-10-10,50.28,Dining
CUST03940,2024-07-20,234.3,Grocery
CUST03940,2023-12-03,92.1,Dining
CUST03940,2024-09-06,103.23,Clothing
CUST03940,2024-06-15,52.24,Travel
CUST03940,2025-01-20,10.02,Electronics
CUST03940,2024-01-24,144.96,Electronics
CUST03940,2024-12-02,5.49,Travel
CUST03940,2024-03-25,56.64,Grocery
CUST03940,2024-07-23,245.84,Electronics
CUST03940,2024-03-25,242.97,Clothing
CUST03940,2024-05-09,18.0,Electronics
CUST03940,2024-11-21,70.33,Travel
CUST03940,2025-03-27,27.03,Clothing
CUST03940,2024-12-28,91.52,Travel
CUST03940,2024-08-29,11.33,Dining
CUST03940,2025-04-28,72.21,Electronics
CUST03940,2024-06-27,41.51,Electronics
CUST03940,2024-03-06,129.5,Grocery
CUST03940,2024-05-17,11.2,Travel
CUST03940,2024-10-05,121.0,Dining
CUST03940,2023-11-17,72.93,Clothing
CUST03940,2025-03-23,236.08,Dining
CUST03940,2024-01-03,63.66,Electronics
CUST03940,2025-02-02,10.2,Grocery
CUST03940,2025-02-21,191.04,Travel
CUST03940,2025-04-25,119.56,Travel
CUST03940,2025-07-15,12.63,Travel
CUST03940,2024-08-30,7.51,Clothing
CUST03941,2024-10-12,204.26,Travel
CUST03941,2025-07-28,78.9,Electronics
CUST03941,2025-03-15,29.09,Dining
CUST03941,2024-11-30,67.23,Electronics
CUST03941,2022-08-12,246.41,Grocery
CUST03941,2021-10-02,51.05,Electronics
CUST03941,2022-05-17,304.97,Clothing
CUST03941,2022-06-17,291.92,Dining
CUST03941,2023-09-08,35.19,Clothing
CUST03941,2023-03-15,250.89,Dining
CUST03941,2022-07-21,105.45,Clothing
CUST03941,2024-09-12,165.16,Clothing
CUST03941,2025-07-01,88.32,Grocery
CUST03941,2021-10-25,84.6,Dining
CUST03941,2021-10-04,158.14,Dining
CUST03941,2025-07-17,14.45,Electronics
CUST03941,2025-07-02,63.66,Clothing
CUST03941,2022-11-01,7.82,Clothing
CUST03941,2021-12-31,21.74,Dining
CUST03941,2023-08-01,23.1,Dining
CUST03941,2024-04-17,23.16,Clothing
CUST03941,2025-05-30,149.37,Grocery
CUST03941,2023-10-22,35.8,Travel
CUST03941,2022-11-05,118.39,Clothing
CUST03941,2025-04-18,48.91,Clothing
CUST03941,2025-06-27,165.77,Dining
CUST03941,2022-10-13,145.04,Travel
CUST03941,2022-12-08,162.66,Clothing
CUST03941,2025-02-07,237.2,Electronics
CUST03941,2021-08-09,6.72,Grocery
CUST03941,2023-04-13,49.55,Travel
CUST03941,2021-09-13,84.2,Electronics
CUST03941,2025-05-01,29.7,Travel
CUST03941,2022-07-13,132.93,Electronics
CUST03941,2024-04-28,154.84,Grocery
CUST03941,2022-04-16,95.09,Dining
CUST03941,2022-05-05,387.92,Dining
CUST03941,2025-01-17,190.75,Grocery
CUST03941,2024-07-06,185.24,Travel
CUST03941,2023-05-01,37.39,Grocery
CUST03941,2022-07-28,28.07,Dining
CUST03941,2023-04-28,9.55,Grocery
CUST03941,2022-11-08,124.74,Dining
CUST03941,2024-05-28,150.01,Electronics
CUST03941,2024-09-25,34.21,Dining
CUST03941,2023-12-06,67.2,Clothing
CUST03941,2024-08-29,29.69,Grocery
CUST03941,2024-10-19,193.73,Grocery
CUST03941,2024-12-19,185.82,Travel
CUST03941,2021-10-12,30.18,Clothing
CUST03941,2024-05-31,301.86,Travel
CUST03941,2025-05-27,19.1,Grocery
CUST03941,2021-10-31,179.85,Dining
CUST03941,2022-07-01,139.1,Grocery
CUST03941,2022-05-27,101.68,Clothing
CUST03941,2024-08-09,94.62,Dining
CUST03941,2022-11-27,16.43,Clothing
CUST03941,2023-12-01,145.91,Clothing
CUST03941,2022-11-17,131.83,Grocery
CUST03941,2023-07-19,9.05,Electronics
CUST03941,2022-06-06,171.88,Electronics
CUST03941,2024-10-18,35.05,Grocery
CUST03941,2025-04-05,106.8,Clothing
CUST03941,2023-02-16,99.19,Dining
CUST03941,2024-08-01,7.76,Clothing
CUST03941,2025-03-16,98.82,Dining
CUST03941,2023-01-02,18.69,Dining
CUST03941,2023-11-09,62.4,Grocery
CUST03941,2022-04-22,120.01,Travel
CUST03941,2024-03-12,6.6,Clothing
CUST03941,2022-12-12,185.46,Grocery
CUST03941,2022-10-31,136.24,Clothing
CUST03941,2021-12-24,145.83,Travel
CUST03941,2022-09-27,89.99,Dining
CUST03941,2023-06-26,13.0,Grocery
CUST03941,2025-03-16,20.91,Grocery
CUST03941,2024-11-27,6.26,Grocery
CUST03941,2023-04-16,47.95,Travel
CUST03941,2022-05-04,78.62,Travel
CUST03941,2022-03-26,92.49,Grocery
CUST03941,2023-08-22,126.54,Electronics
CUST03941,2023-11-28,87.47,Grocery
CUST03941,2021-12-19,68.09,Clothing
CUST03941,2024-03-08,76.98,Travel
CUST03941,2024-07-20,67.44,Grocery
CUST03941,2023-09-27,84.16,Electronics
CUST03942,2025-05-27,189.34,Grocery
CUST03942,2025-04-23,110.16,Electronics
CUST03942,2024-12-13,36.63,Clothing
CUST03942,2025-06-29,229.41,Dining
CUST03942,2025-07-27,65.88,Electronics
CUST03942,2024-12-18,97.13,Dining
CUST03942,2025-03-19,16.77,Clothing
CUST03942,2025-01-23,46.29,Travel
CUST03942,2025-04-12,207.5,Travel
CUST03942,2025-04-16,269.61,Electronics
CUST03942,2025-04-20,78.6,Travel
CUST03942,2025-01-17,12.65,Clothing
CUST03942,2025-06-03,15.46,Grocery
CUST03942,2025-01-12,23.74,Travel
CUST03942,2025-04-10,34.16,Electronics
CUST03942,2024-12-31,71.18,Travel
CUST03942,2025-03-02,15.69,Grocery
CUST03942,2025-03-14,93.27,Travel
CUST03942,2025-04-30,34.41,Clothing
CUST03942,2025-02-21,10.8,Travel
CUST03942,2025-03-10,71.02,Electronics
CUST03942,2024-12-12,14.36,Clothing
CUST03942,2025-03-18,19.21,Electronics
CUST03942,2025-01-30,34.79,Clothing
CUST03942,2024-11-26,193.88,Dining
CUST03942,2025-03-20,63.06,Electronics
CUST03942,2025-07-29,74.41,Dining
CUST03942,2025-03-27,149.67,Dining
CUST03942,2025-05-30,14.69,Grocery
CUST03942,2025-05-24,58.51,Dining
CUST03942,2025-06-29,114.88,Travel
CUST03942,2024-11-30,187.68,Grocery
CUST03942,2025-02-27,50.64,Travel
CUST03942,2025-03-11,26.05,Grocery
CUST03942,2025-03-11,15.53,Grocery
CUST03942,2025-06-05,64.53,Dining
CUST03942,2025-05-27,33.54,Travel
CUST03942,2025-05-24,7.65,Dining
CUST03942,2025-04-01,33.67,Grocery
CUST03942,2025-07-03,229.93,Dining
CUST03942,2025-06-20,202.53,Dining
CUST03942,2025-05-08,49.38,Grocery
CUST03942,2025-03-22,231.29,Electronics
CUST03942,2025-05-27,18.87,Clothing
CUST03942,2024-12-11,254.34,Travel
CUST03942,2025-02-07,40.52,Clothing
CUST03942,2024-12-11,83.78,Grocery
CUST03942,2025-07-13,10.27,Travel
CUST03942,2024-12-10,19.92,Clothing
CUST03942,2024-12-24,349.52,Dining
CUST03942,2025-06-08,13.86,Electronics
CUST03942,2025-04-06,77.98,Grocery
CUST03942,2025-04-26,36.06,Travel
CUST03942,2025-06-03,23.84,Dining
CUST03942,2025-05-26,171.03,Electronics
CUST03942,2025-01-29,137.99,Electronics
CUST03942,2025-07-28,139.95,Grocery
CUST03942,2025-03-02,26.22,Electronics
CUST03942,2025-03-02,54.29,Electronics
CUST03942,2025-01-10,128.87,Travel
CUST03942,2025-03-10,99.99,Dining
CUST03942,2025-07-19,87.86,Grocery
CUST03942,2025-07-08,68.35,Electronics
CUST03942,2025-06-16,44.75,Electronics
CUST03942,2025-04-02,75.68,Travel
CUST03942,2025-03-28,59.45,Electronics
CUST03942,2024-12-03,40.15,Clothing
CUST03942,2025-01-06,115.12,Grocery
CUST03942,2025-05-30,30.99,Dining
CUST03942,2024-12-09,9.17,Dining
CUST03942,2025-04-15,13.93,Clothing
CUST03942,2025-01-08,19.73,Clothing
CUST03942,2025-07-01,10.93,Clothing
CUST03942,2025-04-11,62.61,Clothing
CUST03942,2025-06-29,80.94,Travel
CUST03942,2025-08-01,154.12,Clothing
CUST03942,2025-06-28,22.88,Clothing
CUST03942,2025-06-11,9.86,Electronics
CUST03942,2025-04-16,33.9,Grocery
CUST03942,2025-05-03,58.18,Dining
CUST03942,2025-07-28,33.94,Clothing
CUST03942,2025-04-03,16.76,Grocery
CUST03942,2025-02-17,55.96,Clothing
CUST03942,2025-06-04,81.71,Clothing
CUST03942,2025-01-04,133.81,Electronics
CUST03942,2025-03-15,65.05,Electronics
CUST03942,2025-02-11,74.58,Electronics
CUST03942,2025-07-13,6.3,Grocery
CUST03942,2025-03-22,93.95,Travel
CUST03942,2025-03-10,189.85,Clothing
CUST03942,2024-11-30,89.09,Travel
CUST03942,2025-07-05,150.31,Clothing
CUST03942,2024-12-16,80.64,Grocery
CUST03942,2024-12-08,54.89,Grocery
CUST03942,2025-02-01,12.06,Travel
CUST03942,2024-12-31,183.72,Dining
CUST03942,2025-04-23,22.12,Dining
CUST03942,2025-06-27,69.43,Dining
CUST03942,2025-03-15,27.0,Grocery
CUST03942,2025-05-04,43.93,Clothing
CUST03942,2025-06-28,210.41,Grocery
CUST03943,2023-07-29,142.83,Travel
CUST03943,2025-06-30,25.49,Grocery
CUST03943,2024-08-05,109.01,Travel
CUST03943,2023-06-24,39.07,Travel
CUST03943,2024-03-26,26.37,Travel
CUST03943,2023-05-18,128.57,Grocery
CUST03943,2023-04-14,6.88,Clothing
CUST03943,2024-12-02,20.39,Dining
CUST03943,2025-01-22,60.53,Electronics
CUST03943,2023-11-21,52.07,Travel
CUST03943,2023-08-26,32.36,Grocery
CUST03943,2024-04-09,33.52,Clothing
CUST03943,2023-11-02,49.98,Grocery
CUST03943,2025-05-04,28.81,Grocery
CUST03943,2024-08-14,6.79,Electronics
CUST03943,2023-03-08,50.55,Dining
CUST03943,2024-10-19,10.06,Grocery
CUST03943,2024-02-20,10.01,Travel
CUST03943,2023-11-09,131.7,Grocery
CUST03943,2025-07-28,9.67,Grocery
CUST03943,2024-11-22,15.79,Electronics
CUST03943,2024-06-23,34.72,Travel
CUST03943,2024-03-19,24.89,Dining
CUST03943,2024-06-05,41.3,Grocery
CUST03943,2023-10-20,25.1,Electronics
CUST03943,2023-12-22,25.46,Travel
CUST03943,2024-09-25,35.6,Dining
CUST03943,2023-11-17,220.62,Electronics
CUST03943,2024-06-13,165.93,Grocery
CUST03943,2024-08-23,230.64,Grocery
CUST03943,2024-01-07,150.34,Electronics
CUST03943,2023-07-17,24.87,Travel
CUST03943,2024-10-03,26.86,Dining
CUST03943,2023-03-28,9.44,Dining
CUST03943,2023-05-14,81.01,Travel
CUST03943,2025-04-29,24.74,Clothing
CUST03943,2024-04-03,261.88,Grocery
CUST03943,2025-04-02,22.19,Travel
CUST03943,2024-07-12,63.85,Clothing
CUST03943,2023-05-27,61.17,Electronics
CUST03943,2024-10-04,29.65,Grocery
CUST03943,2023-11-17,63.93,Electronics
CUST03943,2024-09-16,21.52,Electronics
CUST03943,2023-07-16,6.68,Clothing
CUST03943,2023-07-31,146.74,Grocery
CUST03943,2023-05-03,132.46,Dining
CUST03943,2024-03-17,98.27,Travel
CUST03943,2024-10-27,57.46,Electronics
CUST03943,2024-11-20,30.01,Electronics
CUST03943,2024-10-15,138.9,Dining
CUST03943,2023-12-17,46.4,Travel
CUST03943,2024-09-09,220.97,Electronics
CUST03943,2023-03-04,112.37,Travel
CUST03943,2025-03-07,73.42,Grocery
CUST03943,2023-06-29,286.49,Dining
CUST03943,2024-06-22,62.24,Electronics
CUST03943,2024-11-30,105.26,Electronics
CUST03943,2023-02-28,50.98,Clothing
CUST03943,2024-07-26,79.65,Electronics
CUST03943,2023-03-23,32.33,Grocery
CUST03943,2024-05-02,16.94,Grocery
CUST03943,2023-01-27,18.06,Clothing
CUST03943,2024-05-26,78.4,Clothing
CUST03943,2023-11-28,235.47,Grocery
CUST03943,2024-10-04,78.39,Clothing
CUST03943,2024-01-07,44.4,Dining
CUST03943,2024-05-27,11.49,Dining
CUST03943,2024-11-20,59.95,Dining
CUST03943,2024-05-10,30.23,Grocery
CUST03943,2024-12-06,233.88,Electronics
CUST03943,2024-06-01,86.27,Travel
CUST03943,2023-07-08,157.22,Clothing
CUST03943,2024-12-24,33.24,Electronics
CUST03943,2023-06-18,359.49,Clothing
CUST03943,2023-10-05,106.18,Clothing
CUST03943,2023-07-18,164.76,Dining
CUST03943,2024-02-06,37.71,Clothing
CUST03943,2024-05-27,30.93,Travel
CUST03943,2024-10-23,109.31,Travel
CUST03943,2025-04-08,14.46,Electronics
CUST03943,2024-03-11,65.62,Travel
CUST03943,2024-07-24,68.28,Clothing
CUST03943,2025-07-24,197.59,Electronics
CUST03943,2023-04-30,110.15,Grocery
CUST03943,2025-06-12,407.44,Electronics
CUST03943,2024-04-06,90.47,Clothing
CUST03943,2024-08-30,96.49,Travel
CUST03943,2025-06-13,57.24,Electronics
CUST03943,2023-12-12,266.15,Clothing
CUST03943,2023-02-05,10.87,Electronics
CUST03943,2024-02-17,29.03,Dining
CUST03943,2024-06-27,23.43,Travel
CUST03944,2021-05-25,190.94,Grocery
CUST03944,2023-06-18,88.43,Electronics
CUST03944,2024-07-06,94.67,Travel
CUST03944,2023-04-04,45.46,Electronics
CUST03944,2025-04-10,55.15,Dining
CUST03944,2024-11-23,63.23,Travel
CUST03944,2022-06-14,35.11,Clothing
CUST03944,2021-02-12,17.08,Travel
CUST03944,2024-03-12,155.04,Electronics
CUST03944,2022-03-15,6.82,Dining
CUST03944,2023-08-04,17.87,Dining
CUST03944,2024-10-15,28.68,Grocery
CUST03944,2021-02-27,56.49,Dining
CUST03944,2023-01-15,59.82,Electronics
CUST03944,2021-01-31,74.75,Clothing
CUST03944,2021-06-15,248.52,Travel
CUST03944,2025-01-01,175.22,Dining
CUST03944,2023-11-04,17.72,Travel
CUST03944,2025-06-17,75.57,Electronics
CUST03944,2021-01-23,7.72,Travel
CUST03944,2024-10-17,20.37,Dining
CUST03944,2025-03-08,101.27,Grocery
CUST03944,2024-07-21,95.33,Clothing
CUST03944,2021-10-01,111.19,Electronics
CUST03944,2021-05-31,68.05,Electronics
CUST03944,2021-05-25,20.26,Dining
CUST03944,2024-04-05,32.05,Clothing
CUST03944,2022-05-23,26.34,Dining
CUST03944,2022-10-25,77.66,Grocery
CUST03944,2024-11-30,11.29,Travel
CUST03944,2021-11-10,187.95,Dining
CUST03944,2022-01-09,42.45,Grocery
CUST03944,2021-08-09,11.22,Grocery
CUST03944,2022-01-25,29.39,Clothing
CUST03944,2022-08-20,35.65,Dining
CUST03944,2024-12-04,12.01,Clothing
CUST03944,2025-04-24,158.76,Clothing
CUST03944,2022-01-29,115.04,Clothing
CUST03944,2023-03-01,33.53,Grocery
CUST03944,2023-07-25,51.45,Dining
CUST03944,2021-04-06,224.21,Dining
CUST03944,2025-06-13,147.92,Electronics
CUST03944,2023-10-28,12.91,Grocery
CUST03944,2022-01-10,65.72,Grocery
CUST03944,2021-03-11,12.64,Dining
CUST03944,2022-08-15,50.38,Dining
CUST03944,2023-12-30,11.47,Dining
CUST03944,2024-02-28,150.17,Grocery
CUST03944,2025-03-20,89.83,Clothing
CUST03944,2024-11-03,59.28,Electronics
CUST03944,2021-03-16,322.05,Travel
CUST03944,2023-02-10,52.4,Clothing
CUST03944,2023-02-01,41.94,Grocery
CUST03944,2023-07-04,9.39,Clothing
CUST03944,2021-03-06,8.74,Grocery
CUST03944,2023-05-25,18.24,Dining
CUST03944,2025-04-21,47.61,Travel
CUST03944,2024-05-04,284.78,Clothing
CUST03944,2025-06-13,29.58,Clothing
CUST03944,2021-08-29,23.31,Grocery
CUST03944,2021-03-05,44.92,Electronics
CUST03944,2022-03-30,42.03,Clothing
CUST03944,2023-01-13,11.65,Grocery
CUST03944,2022-02-09,77.76,Dining
CUST03944,2025-04-17,79.08,Travel
CUST03944,2025-03-22,24.12,Electronics
CUST03944,2021-10-25,194.56,Clothing
CUST03944,2025-05-10,102.89,Grocery
CUST03944,2025-06-03,58.73,Grocery
CUST03944,2022-05-23,238.43,Travel
CUST03944,2024-07-11,101.33,Travel
CUST03944,2024-11-12,53.47,Clothing
CUST03944,2024-12-12,144.51,Electronics
CUST03944,2021-09-19,148.64,Clothing
CUST03944,2024-03-24,142.14,Grocery
CUST03944,2022-07-26,31.69,Travel
CUST03944,2021-01-16,12.63,Clothing
CUST03944,2022-11-22,319.72,Dining
CUST03944,2025-02-22,71.58,Electronics
CUST03944,2024-04-15,12.64,Dining
CUST03944,2024-07-14,113.73,Electronics
CUST03944,2021-08-16,87.97,Grocery
CUST03944,2021-01-15,32.87,Clothing
CUST03944,2024-06-13,152.39,Travel
CUST03944,2025-02-28,48.03,Dining
CUST03944,2023-02-13,5.01,Electronics
CUST03944,2023-08-31,188.27,Dining
CUST03944,2021-06-26,67.91,Travel
CUST03944,2021-04-18,105.76,Dining
CUST03944,2024-12-27,40.54,Dining
CUST03944,2025-02-06,8.41,Travel
CUST03944,2024-05-03,176.34,Electronics
CUST03944,2023-01-31,192.1,Electronics
CUST03944,2024-05-05,220.87,Grocery
CUST03944,2023-07-23,138.84,Grocery
CUST03944,2024-01-26,69.38,Dining
CUST03944,2021-02-24,70.92,Dining
CUST03944,2024-05-29,27.67,Dining
CUST03945,2022-11-17,69.13,Travel
CUST03945,2022-11-11,136.73,Clothing
CUST03945,2022-06-27,187.03,Electronics
CUST03945,2024-04-27,46.49,Electronics
CUST03945,2023-10-12,6.6,Grocery
CUST03945,2022-04-24,26.46,Electronics
CUST03945,2023-12-04,58.12,Travel
CUST03945,2023-11-26,115.67,Dining
CUST03945,2024-05-26,41.96,Clothing
CUST03945,2022-10-31,49.06,Dining
CUST03945,2024-05-23,439.14,Electronics
CUST03945,2023-11-06,82.14,Electronics
CUST03945,2023-07-08,150.86,Dining
CUST03945,2023-01-07,205.93,Electronics
CUST03945,2023-10-19,38.34,Dining
CUST03945,2022-08-09,48.25,Clothing
CUST03945,2022-07-01,68.6,Dining
CUST03945,2023-02-01,32.7,Electronics
CUST03945,2022-06-28,23.56,Travel
CUST03945,2024-10-10,115.68,Clothing
CUST03945,2024-11-01,9.88,Electronics
CUST03945,2024-07-13,74.41,Grocery
CUST03945,2021-12-06,33.16,Grocery
CUST03945,2023-04-28,316.64,Travel
CUST03945,2025-03-29,30.94,Dining
CUST03945,2022-04-16,31.7,Grocery
CUST03945,2025-03-09,76.49,Electronics
CUST03945,2023-11-29,102.97,Electronics
CUST03945,2025-07-14,10.78,Dining
CUST03945,2022-03-09,76.28,Dining
CUST03945,2022-10-16,109.23,Grocery
CUST03945,2024-12-04,56.96,Travel
CUST03945,2023-10-13,16.61,Dining
CUST03945,2022-11-06,209.15,Clothing
CUST03945,2024-04-06,6.84,Dining
CUST03945,2023-12-16,92.56,Electronics
CUST03945,2025-03-11,15.39,Electronics
CUST03945,2024-07-24,169.15,Electronics
CUST03945,2021-12-04,26.32,Electronics
CUST03945,2024-11-26,39.58,Travel
CUST03945,2025-02-07,6.96,Clothing
CUST03945,2022-12-17,77.3,Travel
CUST03945,2022-06-18,113.29,Electronics
CUST03945,2023-06-24,73.44,Dining
CUST03945,2022-07-13,146.79,Travel
CUST03945,2025-02-08,55.63,Dining
CUST03945,2023-03-20,11.64,Clothing
CUST03945,2024-01-13,52.53,Clothing
CUST03945,2025-03-27,50.04,Travel
CUST03945,2024-06-10,70.41,Dining
CUST03945,2023-01-12,20.62,Grocery
CUST03945,2022-08-31,42.18,Electronics
CUST03945,2023-12-06,98.94,Electronics
CUST03945,2022-09-16,46.31,Dining
CUST03945,2024-09-19,21.91,Dining
CUST03945,2023-01-08,172.11,Grocery
CUST03945,2025-07-28,30.69,Clothing
CUST03945,2023-06-14,64.37,Dining
CUST03945,2022-01-06,281.54,Travel
CUST03945,2025-06-09,145.74,Grocery
CUST03945,2023-07-26,32.05,Grocery
CUST03945,2023-11-02,80.97,Travel
CUST03945,2022-11-06,194.36,Electronics
CUST03945,2024-04-02,113.24,Clothing
CUST03945,2023-06-06,87.85,Dining
CUST03945,2024-09-17,122.7,Dining
CUST03945,2022-09-21,11.87,Grocery
CUST03945,2023-01-14,65.96,Electronics
CUST03945,2022-01-16,21.93,Travel
CUST03945,2022-06-15,63.27,Grocery
CUST03945,2025-05-31,20.49,Dining
CUST03945,2025-04-09,47.92,Dining
CUST03945,2024-03-24,8.04,Grocery
CUST03945,2025-06-11,29.88,Clothing
CUST03945,2025-01-22,73.89,Electronics
CUST03945,2024-12-30,64.69,Electronics
CUST03945,2025-08-01,22.18,Electronics
CUST03945,2021-12-29,27.79,Clothing
CUST03945,2022-05-23,93.29,Travel
CUST03945,2022-02-05,38.04,Electronics
CUST03945,2023-06-17,172.39,Grocery
CUST03945,2023-04-17,161.42,Electronics
CUST03945,2022-11-29,223.88,Dining
CUST03945,2023-03-25,37.45,Travel
CUST03945,2023-04-10,103.01,Clothing
CUST03945,2022-09-26,32.15,Grocery
CUST03945,2023-02-04,55.89,Grocery
CUST03945,2023-12-20,148.27,Clothing
CUST03945,2024-02-03,82.69,Dining
CUST03945,2022-06-09,179.12,Travel
CUST03945,2023-08-15,137.4,Dining
CUST03945,2022-04-18,67.47,Clothing
CUST03945,2024-08-04,152.47,Electronics
CUST03945,2025-04-27,207.3,Grocery
CUST03945,2022-07-22,204.35,Dining
CUST03945,2025-04-14,18.24,Dining
CUST03945,2023-03-03,10.61,Dining
CUST03945,2024-06-06,24.97,Travel
CUST03945,2022-08-15,34.15,Dining
CUST03945,2022-09-03,20.91,Clothing
CUST03945,2024-12-02,35.77,Grocery
CUST03945,2021-11-30,84.44,Grocery
CUST03945,2022-08-01,7.57,Dining
CUST03945,2022-03-21,153.81,Electronics
CUST03945,2022-01-19,103.47,Clothing
CUST03945,2024-05-10,44.98,Clothing
CUST03945,2023-11-24,19.39,Clothing
CUST03945,2023-11-13,167.01,Grocery
CUST03945,2022-11-07,181.95,Dining
CUST03945,2025-06-14,7.89,Travel
CUST03945,2024-06-05,19.03,Electronics
CUST03945,2022-03-17,88.65,Grocery
CUST03945,2022-10-26,139.57,Electronics
CUST03945,2022-01-18,78.65,Dining
CUST03945,2025-01-29,35.86,Electronics
CUST03945,2022-09-09,29.24,Clothing
CUST03946,2024-09-24,20.47,Dining
CUST03946,2024-09-04,13.21,Grocery
CUST03946,2024-10-20,7.52,Clothing
CUST03946,2025-06-19,153.92,Grocery
CUST03946,2024-06-10,55.0,Dining
CUST03946,2025-04-18,20.74,Electronics
CUST03946,2024-01-14,117.83,Grocery
CUST03946,2024-10-23,27.58,Electronics
CUST03946,2024-02-22,70.96,Clothing
CUST03946,2025-07-07,41.14,Travel
CUST03946,2025-05-15,60.19,Travel
CUST03946,2024-04-27,382.61,Travel
CUST03946,2024-02-25,31.85,Clothing
CUST03946,2025-06-15,24.2,Grocery
CUST03946,2024-10-17,10.08,Electronics
CUST03946,2024-04-08,56.87,Grocery
CUST03946,2025-02-28,5.54,Dining
CUST03946,2025-03-09,71.37,Dining
CUST03946,2024-02-08,126.27,Travel
CUST03946,2024-02-12,62.31,Grocery
CUST03946,2024-03-12,44.74,Travel
CUST03946,2024-09-11,18.4,Grocery
CUST03946,2024-04-23,33.49,Grocery
CUST03946,2025-02-13,82.0,Clothing
CUST03946,2024-01-30,105.45,Clothing
CUST03946,2024-10-30,24.58,Grocery
CUST03946,2025-05-20,80.48,Dining
CUST03946,2024-11-13,165.83,Electronics
CUST03946,2024-05-06,83.5,Travel
CUST03946,2025-06-29,101.1,Travel
CUST03946,2024-12-28,25.45,Travel
CUST03946,2025-05-25,34.23,Travel
CUST03946,2024-07-03,11.59,Electronics
CUST03946,2024-02-24,12.69,Clothing
CUST03946,2025-06-14,19.01,Travel
CUST03946,2024-06-13,81.1,Clothing
CUST03946,2024-03-01,38.46,Clothing
CUST03946,2025-05-23,64.15,Electronics
CUST03946,2024-04-23,42.77,Clothing
CUST03946,2025-06-04,21.05,Dining
CUST03946,2024-04-23,94.67,Clothing
CUST03946,2025-04-12,114.38,Clothing
CUST03946,2024-03-13,197.34,Clothing
CUST03946,2025-01-08,46.86,Dining
CUST03946,2024-09-17,200.35,Clothing
CUST03946,2024-08-09,25.53,Electronics
CUST03946,2025-02-08,99.33,Grocery
CUST03946,2024-12-17,129.18,Electronics
CUST03946,2024-05-17,310.26,Dining
CUST03946,2024-03-16,58.17,Dining
CUST03946,2024-08-03,128.86,Grocery
CUST03946,2025-07-04,75.66,Electronics
CUST03946,2024-04-21,354.88,Travel
CUST03946,2024-04-24,99.15,Dining
CUST03946,2024-02-18,20.73,Travel
CUST03946,2025-07-20,57.94,Dining
CUST03946,2025-03-27,151.58,Grocery
CUST03946,2024-05-21,21.39,Clothing
CUST03946,2024-12-27,36.54,Dining
CUST03946,2025-06-11,39.62,Clothing
CUST03946,2025-05-17,84.51,Grocery
CUST03946,2024-10-29,211.54,Dining
CUST03946,2025-05-30,160.32,Dining
CUST03946,2024-06-13,14.85,Grocery
CUST03946,2025-01-10,85.21,Clothing
CUST03946,2024-12-04,11.89,Dining
CUST03946,2024-01-23,96.2,Clothing
CUST03946,2024-03-14,49.94,Travel
CUST03946,2024-04-12,31.89,Clothing
CUST03946,2024-06-12,12.89,Grocery
CUST03946,2024-02-06,51.4,Travel
CUST03946,2024-09-29,68.09,Dining
CUST03946,2024-11-23,166.66,Grocery
CUST03946,2024-07-09,71.51,Travel
CUST03946,2025-07-02,151.76,Clothing
CUST03946,2025-01-23,120.47,Travel
CUST03946,2025-02-08,105.35,Grocery
CUST03946,2025-04-26,52.44,Travel
CUST03946,2024-07-20,10.52,Clothing
CUST03946,2024-09-11,132.05,Dining
CUST03946,2025-03-22,153.13,Grocery
CUST03946,2024-06-13,25.65,Travel
CUST03946,2024-05-15,75.88,Dining
CUST03946,2024-06-26,145.24,Grocery
CUST03946,2025-06-22,70.0,Clothing
CUST03946,2024-08-28,55.33,Clothing
CUST03946,2025-06-13,21.72,Travel
CUST03946,2024-12-25,66.67,Travel
CUST03946,2024-09-12,42.45,Clothing
CUST03946,2024-01-31,71.86,Grocery
CUST03946,2025-05-11,73.58,Dining
CUST03946,2025-03-31,40.94,Grocery
CUST03946,2025-07-26,28.97,Grocery
CUST03946,2024-01-22,124.32,Grocery
CUST03946,2024-12-03,228.49,Clothing
CUST03946,2025-03-25,250.45,Travel
CUST03946,2024-02-20,82.47,Travel
CUST03946,2024-02-20,45.58,Travel
CUST03946,2024-08-08,157.05,Electronics
CUST03946,2024-02-23,66.94,Dining
CUST03946,2025-05-29,35.62,Dining
CUST03946,2025-06-14,36.68,Travel
CUST03946,2025-06-05,58.21,Grocery
CUST03946,2024-03-22,37.36,Clothing
CUST03946,2024-10-02,13.14,Clothing
CUST03946,2025-03-14,216.19,Dining
CUST03946,2025-07-06,53.13,Dining
CUST03946,2024-08-09,44.99,Electronics
CUST03946,2025-03-26,83.16,Grocery
CUST03946,2024-12-25,14.07,Grocery
CUST03946,2024-01-09,275.8,Grocery
CUST03946,2024-07-17,85.62,Grocery
CUST03946,2025-02-25,57.26,Dining
CUST03946,2024-07-22,91.76,Travel
CUST03946,2024-03-16,49.7,Clothing
CUST03946,2024-11-02,9.65,Travel
CUST03946,2024-04-25,159.29,Electronics
CUST03946,2024-10-29,79.21,Dining
CUST03946,2025-07-21,47.06,Dining
CUST03946,2025-05-28,211.29,Grocery
CUST03947,2025-07-12,40.01,Clothing
CUST03947,2023-09-06,5.91,Dining
CUST03947,2023-02-26,9.6,Clothing
CUST03947,2025-05-20,18.85,Grocery
CUST03947,2023-05-24,68.45,Grocery
CUST03947,2023-09-22,20.96,Electronics
CUST03947,2024-05-08,22.94,Clothing
CUST03947,2023-03-15,67.12,Travel
CUST03947,2025-04-23,143.43,Travel
CUST03947,2023-01-08,174.73,Travel
CUST03947,2024-11-18,27.56,Electronics
CUST03947,2025-03-13,29.25,Grocery
CUST03947,2023-06-25,66.94,Dining
CUST03947,2023-11-13,68.62,Travel
CUST03947,2024-05-08,12.26,Travel
CUST03947,2024-05-18,107.92,Travel
CUST03947,2024-10-29,187.03,Clothing
CUST03947,2024-10-07,47.22,Clothing
CUST03947,2023-12-24,229.0,Travel
CUST03947,2024-05-18,9.73,Travel
CUST03947,2025-05-09,201.39,Dining
CUST03947,2024-02-22,23.88,Dining
CUST03947,2024-11-02,6.4,Travel
CUST03947,2022-11-07,65.1,Travel
CUST03947,2025-01-07,79.13,Travel
CUST03947,2022-12-23,5.55,Dining
CUST03947,2024-10-21,141.47,Electronics
CUST03947,2024-04-10,99.62,Electronics
CUST03947,2023-11-18,392.74,Dining
CUST03947,2024-04-09,124.79,Grocery
CUST03947,2025-07-20,223.17,Dining
CUST03947,2023-05-24,150.32,Clothing
CUST03947,2024-04-15,96.31,Electronics
CUST03947,2025-06-07,51.06,Travel
CUST03947,2024-11-15,10.66,Clothing
CUST03947,2023-01-19,8.08,Dining
CUST03947,2023-05-14,167.88,Dining
CUST03947,2025-03-30,248.78,Grocery
CUST03947,2023-08-19,49.95,Travel
CUST03947,2025-02-07,71.05,Travel
CUST03947,2024-10-31,53.81,Clothing
CUST03947,2024-08-17,159.61,Travel
CUST03947,2025-02-03,144.66,Dining
CUST03947,2023-02-27,49.06,Travel
CUST03947,2025-05-03,135.49,Electronics
CUST03947,2024-12-24,112.06,Electronics
CUST03947,2023-03-10,32.38,Clothing
CUST03947,2023-12-12,365.24,Travel
CUST03947,2025-07-15,49.12,Travel
CUST03947,2023-12-08,15.41,Clothing
CUST03947,2023-02-19,47.26,Electronics
CUST03947,2024-11-24,127.41,Electronics
CUST03947,2023-12-02,183.01,Dining
CUST03947,2023-07-22,26.66,Electronics
CUST03947,2023-11-05,5.01,Dining
CUST03947,2024-01-04,52.39,Grocery
CUST03947,2024-02-01,29.15,Grocery
CUST03947,2023-05-28,9.47,Travel
CUST03947,2024-04-21,151.1,Travel
CUST03947,2023-09-10,128.22,Travel
CUST03947,2023-08-23,22.54,Dining
CUST03947,2022-11-09,16.76,Grocery
CUST03947,2023-04-07,32.59,Electronics
CUST03947,2023-12-29,18.37,Dining
CUST03947,2024-11-03,35.79,Grocery
CUST03947,2023-11-09,103.67,Clothing
CUST03947,2024-10-31,48.54,Grocery
CUST03947,2025-01-25,38.15,Dining
CUST03947,2025-06-13,43.32,Grocery
CUST03947,2024-01-31,16.93,Clothing
CUST03947,2024-05-07,50.73,Dining
CUST03947,2025-05-17,72.08,Travel
CUST03947,2024-02-20,14.35,Travel
CUST03947,2024-07-14,100.88,Grocery
CUST03947,2023-10-23,86.26,Clothing
CUST03947,2023-11-03,6.1,Dining
CUST03947,2023-04-02,60.67,Dining
CUST03947,2023-03-30,142.55,Clothing
CUST03947,2024-12-19,74.67,Dining
CUST03947,2025-01-18,83.12,Travel
CUST03947,2023-07-01,153.47,Clothing
CUST03947,2022-11-23,56.68,Clothing
CUST03947,2024-12-20,95.53,Clothing
CUST03947,2023-02-15,19.88,Clothing
CUST03947,2023-09-30,7.69,Travel
CUST03948,2024-12-31,48.99,Dining
CUST03948,2025-03-27,46.09,Grocery
CUST03948,2024-10-14,21.62,Dining
CUST03948,2024-08-18,115.12,Clothing
CUST03948,2024-05-25,24.7,Travel
CUST03948,2025-04-29,154.97,Dining
CUST03948,2025-07-21,76.15,Grocery
CUST03948,2025-06-16,71.15,Grocery
CUST03948,2024-03-16,18.68,Grocery
CUST03948,2025-03-28,15.44,Clothing
CUST03948,2025-01-25,100.95,Electronics
CUST03948,2025-06-23,50.21,Clothing
CUST03948,2025-04-08,61.3,Electronics
CUST03948,2024-11-20,56.6,Electronics
CUST03948,2024-08-19,140.12,Grocery
CUST03948,2025-03-28,83.3,Dining
CUST03948,2024-06-02,75.89,Grocery
CUST03948,2025-07-20,170.67,Grocery
CUST03948,2024-07-26,69.45,Grocery
CUST03948,2025-06-10,74.4,Clothing
CUST03948,2024-09-19,60.24,Dining
CUST03948,2025-01-28,284.93,Travel
CUST03948,2025-02-27,29.56,Clothing
CUST03948,2025-07-04,68.46,Dining
CUST03948,2024-10-16,156.18,Travel
CUST03948,2024-09-10,31.27,Travel
CUST03948,2024-03-27,71.56,Grocery
CUST03948,2025-02-21,32.87,Grocery
CUST03948,2025-02-27,44.62,Clothing
CUST03948,2025-04-30,31.82,Clothing
CUST03948,2024-03-25,62.83,Dining
CUST03948,2024-09-21,150.83,Dining
CUST03948,2024-11-05,9.1,Grocery
CUST03948,2025-03-28,106.4,Clothing
CUST03948,2024-03-27,21.51,Travel
CUST03948,2024-09-19,170.17,Travel
CUST03948,2025-05-03,66.44,Grocery
CUST03948,2025-04-01,51.62,Electronics
CUST03948,2024-12-23,8.75,Electronics
CUST03948,2024-03-08,171.18,Dining
CUST03948,2024-12-11,70.68,Grocery
CUST03948,2024-10-01,59.23,Electronics
CUST03948,2025-02-28,182.2,Dining
CUST03948,2024-11-17,12.23,Dining
CUST03948,2025-07-12,38.06,Travel
CUST03948,2025-04-07,82.96,Clothing
CUST03948,2024-11-06,75.88,Electronics
CUST03948,2025-05-14,12.2,Dining
CUST03948,2024-10-04,25.51,Grocery
CUST03948,2025-03-27,228.54,Dining
CUST03948,2024-12-28,59.35,Electronics
CUST03948,2025-03-10,7.95,Travel
CUST03948,2024-08-19,295.22,Grocery
CUST03948,2024-03-05,74.03,Electronics
CUST03948,2025-01-02,5.54,Grocery
CUST03948,2024-05-30,26.45,Clothing
CUST03948,2024-07-09,50.45,Electronics
CUST03948,2024-11-15,25.25,Dining
CUST03948,2024-12-11,121.37,Clothing
CUST03948,2024-07-20,110.6,Electronics
CUST03948,2024-02-29,180.89,Electronics
CUST03948,2025-03-18,60.94,Grocery
CUST03948,2024-04-27,6.86,Clothing
CUST03948,2025-04-15,24.73,Dining
CUST03948,2024-03-07,40.67,Electronics
CUST03948,2024-10-20,8.12,Electronics
CUST03948,2025-07-18,99.37,Electronics
CUST03948,2024-10-10,12.76,Grocery
CUST03948,2024-08-26,6.53,Travel
CUST03948,2024-08-26,8.87,Travel
CUST03948,2024-12-11,49.3,Electronics
CUST03948,2025-07-10,30.9,Travel
CUST03948,2025-02-12,38.53,Dining
CUST03948,2025-02-25,110.95,Grocery
CUST03948,2024-03-03,36.32,Electronics
CUST03948,2025-06-11,13.65,Clothing
CUST03948,2024-05-01,24.68,Dining
CUST03948,2024-04-24,86.61,Electronics
CUST03948,2025-05-04,65.21,Clothing
CUST03948,2025-02-22,109.27,Travel
CUST03948,2024-08-07,111.54,Dining
CUST03948,2024-09-08,71.01,Travel
CUST03948,2025-03-18,129.68,Grocery
CUST03948,2024-10-31,76.03,Travel
CUST03948,2024-03-18,126.33,Grocery
CUST03948,2024-06-11,108.99,Electronics
CUST03948,2025-05-21,31.58,Grocery
CUST03948,2024-12-21,69.68,Electronics
CUST03948,2025-03-30,39.84,Electronics
CUST03948,2024-07-18,43.65,Clothing
CUST03948,2025-05-26,62.52,Electronics
CUST03948,2024-09-14,43.78,Dining
CUST03948,2024-09-02,305.84,Clothing
CUST03948,2025-01-06,105.77,Dining
CUST03948,2025-05-27,20.46,Dining
CUST03948,2024-08-29,57.28,Dining
CUST03948,2024-10-06,12.09,Clothing
CUST03948,2024-11-18,66.09,Travel
CUST03948,2024-06-07,84.41,Electronics
CUST03948,2025-03-26,235.97,Grocery
CUST03948,2025-05-02,37.88,Grocery
CUST03948,2024-04-30,19.56,Dining
CUST03948,2024-09-14,5.81,Dining
CUST03948,2024-09-01,249.95,Grocery
CUST03948,2025-01-19,76.33,Travel
CUST03948,2025-07-23,80.41,Grocery
CUST03948,2025-03-03,10.31,Clothing
CUST03948,2024-09-23,39.7,Grocery
CUST03948,2024-07-20,238.99,Electronics
CUST03948,2025-03-26,18.64,Grocery
CUST03948,2025-02-28,21.06,Grocery
CUST03948,2024-12-26,241.59,Travel
CUST03948,2024-05-19,57.55,Travel
CUST03948,2025-01-12,132.55,Electronics
CUST03948,2025-05-25,240.39,Clothing
CUST03948,2024-07-10,402.23,Grocery
CUST03948,2024-07-31,13.53,Electronics
CUST03949,2025-05-27,90.02,Grocery
CUST03949,2025-07-29,159.76,Clothing
CUST03949,2024-12-23,223.33,Travel
CUST03949,2024-08-15,86.74,Dining
CUST03949,2024-06-22,160.97,Dining
CUST03949,2024-11-22,22.95,Travel
CUST03949,2025-04-26,21.03,Grocery
CUST03949,2025-01-11,56.15,Electronics
CUST03949,2025-06-23,86.21,Dining
CUST03949,2025-03-01,107.2,Grocery
CUST03949,2024-06-30,33.16,Electronics
CUST03949,2025-03-30,234.32,Electronics
CUST03949,2025-03-09,139.68,Electronics
CUST03949,2025-01-01,32.2,Clothing
CUST03949,2025-07-20,98.25,Clothing
CUST03949,2024-07-31,9.34,Grocery
CUST03949,2025-06-12,287.73,Electronics
CUST03949,2025-03-27,23.52,Clothing
CUST03949,2025-03-24,70.15,Travel
CUST03949,2024-09-02,19.26,Clothing
CUST03949,2025-03-22,64.55,Dining
CUST03949,2024-07-11,102.11,Electronics
CUST03949,2025-07-21,44.24,Dining
CUST03949,2025-02-23,7.7,Dining
CUST03949,2025-05-15,187.33,Dining
CUST03949,2024-09-04,55.5,Electronics
CUST03949,2025-07-13,156.95,Travel
CUST03949,2025-01-18,50.9,Clothing
CUST03949,2024-06-28,53.85,Electronics
CUST03949,2024-09-29,180.61,Electronics
CUST03949,2025-03-12,91.56,Dining
CUST03949,2025-02-13,33.74,Dining
CUST03949,2025-07-14,16.36,Grocery
CUST03949,2024-05-30,9.98,Travel
CUST03949,2025-01-08,66.66,Electronics
CUST03949,2025-02-15,32.44,Travel
CUST03949,2024-07-02,270.64,Grocery
CUST03949,2025-01-11,218.56,Dining
CUST03949,2024-10-24,106.55,Travel
CUST03949,2024-10-05,107.17,Dining
CUST03949,2024-04-25,19.4,Clothing
CUST03949,2024-11-14,105.76,Grocery
CUST03949,2025-05-09,105.85,Clothing
CUST03949,2025-02-23,38.54,Travel
CUST03949,2025-01-19,53.64,Grocery
CUST03949,2024-09-22,109.85,Clothing
CUST03949,2024-10-17,96.84,Travel
CUST03949,2025-07-06,6.47,Clothing
CUST03949,2025-06-14,23.98,Grocery
CUST03949,2025-05-24,124.97,Travel
CUST03949,2024-09-16,33.26,Electronics
CUST03949,2024-10-01,72.53,Clothing
CUST03949,2025-07-19,14.58,Grocery
CUST03949,2024-11-15,75.52,Clothing
CUST03949,2024-06-18,41.24,Travel
CUST03949,2024-06-18,17.4,Clothing
CUST03949,2025-05-28,66.36,Grocery
CUST03949,2024-11-04,176.26,Electronics
CUST03949,2025-07-06,63.87,Clothing
CUST03949,2025-07-01,28.75,Clothing
CUST03949,2024-08-03,19.76,Dining
CUST03949,2024-09-19,236.42,Travel
CUST03949,2025-01-21,17.89,Dining
CUST03949,2025-07-30,65.99,Travel
CUST03949,2025-04-12,25.5,Dining
CUST03949,2025-03-30,10.96,Electronics
CUST03949,2024-08-22,25.15,Electronics
CUST03949,2024-10-07,15.53,Grocery
CUST03949,2025-03-27,172.71,Dining
CUST03949,2025-06-16,43.27,Dining
CUST03949,2024-08-05,18.25,Clothing
CUST03949,2025-05-11,205.56,Grocery
CUST03949,2024-08-01,47.78,Clothing
CUST03949,2025-04-12,81.57,Dining
CUST03949,2025-05-21,63.69,Grocery
CUST03949,2025-06-17,18.93,Dining
CUST03949,2024-06-13,238.31,Clothing
CUST03949,2024-05-06,101.7,Electronics
CUST03949,2024-07-29,72.97,Clothing
CUST03949,2025-02-27,287.35,Clothing
CUST03949,2025-06-30,16.38,Dining
CUST03949,2024-06-28,107.6,Dining
CUST03949,2024-05-29,184.79,Electronics
CUST03949,2025-04-15,222.92,Dining
CUST03949,2024-09-23,215.29,Clothing
CUST03949,2024-11-14,66.51,Travel
CUST03949,2025-05-21,223.06,Grocery
CUST03949,2024-11-16,10.48,Travel
CUST03949,2025-01-24,19.78,Dining
CUST03949,2024-07-21,35.81,Electronics
CUST03949,2024-10-08,15.3,Clothing
CUST03949,2024-09-15,106.89,Electronics
CUST03949,2025-05-28,17.86,Clothing
CUST03949,2024-12-08,57.31,Grocery
CUST03949,2025-02-21,15.09,Dining
CUST03949,2025-02-25,37.28,Dining
CUST03949,2025-05-23,139.79,Travel
CUST03949,2024-10-05,16.64,Electronics
CUST03949,2024-10-02,36.8,Grocery
CUST03949,2024-11-08,81.6,Grocery
CUST03949,2025-05-22,16.95,Travel
CUST03949,2025-06-10,37.73,Clothing
CUST03949,2024-09-21,15.57,Clothing
CUST03949,2024-12-01,34.58,Dining
CUST03950,2022-02-05,20.91,Electronics
CUST03950,2024-07-07,45.02,Travel
CUST03950,2024-09-16,18.0,Travel
CUST03950,2021-11-14,31.63,Travel
CUST03950,2024-04-29,7.62,Grocery
CUST03950,2021-02-21,118.94,Electronics
CUST03950,2022-03-30,39.57,Travel
CUST03950,2022-08-05,72.16,Clothing
CUST03950,2025-02-10,173.6,Grocery
CUST03950,2022-12-02,65.08,Electronics
CUST03950,2022-07-20,31.66,Grocery
CUST03950,2024-12-25,224.26,Clothing
CUST03950,2024-02-23,111.71,Travel
CUST03950,2024-04-27,54.46,Grocery
CUST03950,2022-12-04,53.4,Grocery
CUST03950,2025-05-19,155.52,Travel
CUST03950,2024-02-14,19.73,Dining
CUST03950,2023-06-07,35.47,Dining
CUST03950,2022-12-11,132.73,Clothing
CUST03950,2024-12-23,40.09,Grocery
CUST03950,2020-09-22,93.32,Dining
CUST03950,2023-08-02,284.34,Dining
CUST03950,2020-11-04,157.63,Clothing
CUST03950,2020-10-04,26.36,Grocery
CUST03950,2024-10-12,58.27,Grocery
CUST03950,2023-04-25,89.96,Travel
CUST03950,2020-10-06,96.99,Travel
CUST03950,2025-03-13,28.85,Dining
CUST03950,2025-01-26,6.29,Dining
CUST03950,2023-11-25,153.89,Electronics
CUST03950,2023-09-13,229.87,Travel
CUST03950,2023-11-07,66.57,Clothing
CUST03950,2022-09-18,48.79,Grocery
CUST03950,2022-09-13,11.48,Dining
CUST03950,2023-09-09,26.25,Travel
CUST03950,2024-01-19,54.98,Grocery
CUST03950,2023-11-05,7.82,Clothing
CUST03950,2023-01-08,5.49,Electronics
CUST03950,2024-03-09,14.39,Dining
CUST03950,2021-03-31,96.11,Dining
CUST03950,2024-01-24,59.59,Clothing
CUST03950,2023-07-23,13.29,Electronics
CUST03950,2025-05-23,6.15,Travel
CUST03950,2025-04-13,47.91,Electronics
CUST03950,2024-08-31,18.2,Travel
CUST03950,2025-02-10,83.38,Dining
CUST03950,2022-09-25,28.82,Dining
CUST03950,2023-07-14,43.11,Electronics
CUST03950,2021-05-15,36.87,Electronics
CUST03950,2021-03-01,105.25,Travel
CUST03950,2023-01-19,59.12,Clothing
CUST03950,2023-07-12,213.16,Clothing
CUST03950,2024-04-22,126.8,Travel
CUST03950,2023-10-01,316.17,Clothing
CUST03950,2021-01-03,56.89,Clothing
CUST03950,2024-03-23,144.15,Dining
CUST03950,2022-09-16,5.7,Travel
CUST03950,2023-12-02,77.74,Travel
CUST03950,2022-10-22,45.54,Dining
CUST03950,2025-03-06,86.26,Dining
CUST03950,2022-12-29,195.3,Dining
CUST03950,2021-03-04,18.51,Grocery
CUST03950,2025-01-17,31.47,Clothing
CUST03950,2021-10-12,32.72,Electronics
CUST03950,2021-04-02,18.66,Grocery
CUST03950,2024-10-20,162.37,Dining
CUST03950,2022-04-19,24.85,Grocery
CUST03950,2025-01-23,135.48,Travel
CUST03950,2021-08-17,171.07,Dining
CUST03950,2020-10-08,118.1,Grocery
CUST03950,2022-12-02,97.17,Travel
CUST03950,2025-02-07,88.01,Grocery
CUST03950,2025-04-10,248.92,Electronics
CUST03950,2023-07-19,56.73,Grocery
CUST03950,2024-07-14,145.19,Dining
CUST03950,2023-10-24,248.92,Electronics
CUST03950,2020-10-22,60.43,Clothing
CUST03950,2025-02-15,52.13,Travel
CUST03950,2023-04-13,83.7,Dining
CUST03950,2020-09-17,73.9,Electronics
CUST03950,2022-02-22,62.72,Grocery
CUST03950,2024-08-30,99.3,Electronics
CUST03950,2020-10-31,75.35,Clothing
CUST03950,2024-09-25,52.11,Grocery
CUST03950,2023-02-27,45.18,Travel
CUST03950,2022-12-29,53.89,Dining
CUST03950,2024-09-18,131.34,Travel
CUST03950,2024-09-01,7.61,Electronics
CUST03950,2024-04-14,20.49,Grocery
CUST03950,2021-03-05,28.47,Dining
CUST03950,2024-01-18,21.9,Electronics
CUST03950,2024-05-11,85.09,Clothing
CUST03950,2021-10-08,378.33,Grocery
CUST03950,2023-12-22,26.4,Grocery
CUST03950,2021-01-04,16.05,Grocery
CUST03950,2025-01-24,90.36,Dining
CUST03951,2025-03-23,100.11,Grocery
CUST03951,2025-04-10,248.8,Dining
CUST03951,2025-04-14,21.21,Travel
CUST03951,2025-05-16,203.97,Clothing
CUST03951,2025-04-29,14.49,Grocery
CUST03951,2025-05-23,136.56,Travel
CUST03951,2024-10-24,229.81,Travel
CUST03951,2025-05-30,65.19,Clothing
CUST03951,2025-02-11,25.3,Electronics
CUST03951,2024-11-16,125.71,Dining
CUST03951,2025-07-01,240.42,Electronics
CUST03951,2024-12-27,54.8,Travel
CUST03951,2024-11-19,48.28,Clothing
CUST03951,2025-02-17,12.13,Grocery
CUST03951,2024-11-01,127.58,Grocery
CUST03951,2024-10-05,78.9,Grocery
CUST03951,2024-12-17,13.03,Grocery
CUST03951,2025-04-26,101.44,Dining
CUST03951,2024-12-03,311.45,Grocery
CUST03951,2025-03-09,142.76,Dining
CUST03951,2025-05-10,143.76,Grocery
CUST03951,2025-05-04,39.25,Electronics
CUST03951,2024-08-19,15.35,Electronics
CUST03951,2025-04-03,47.77,Travel
CUST03951,2025-05-05,31.89,Travel
CUST03951,2024-10-24,14.21,Electronics
CUST03951,2025-07-26,50.57,Electronics
CUST03951,2025-01-31,131.21,Electronics
CUST03951,2024-11-08,139.14,Dining
CUST03951,2024-09-08,77.8,Grocery
CUST03951,2024-09-29,17.84,Clothing
CUST03951,2025-03-30,53.94,Travel
CUST03951,2025-06-11,20.94,Electronics
CUST03951,2025-01-20,11.59,Travel
CUST03951,2025-04-12,65.17,Dining
CUST03951,2024-08-22,159.08,Travel
CUST03951,2024-12-25,37.15,Grocery
CUST03951,2025-05-29,68.13,Travel
CUST03951,2025-05-31,240.75,Electronics
CUST03951,2025-06-29,45.64,Travel
CUST03951,2025-02-13,53.92,Dining
CUST03951,2025-01-19,5.87,Clothing
CUST03951,2025-02-22,119.69,Travel
CUST03951,2024-12-30,29.07,Travel
CUST03951,2024-09-19,22.81,Travel
CUST03951,2024-08-22,183.32,Clothing
CUST03951,2025-03-09,81.84,Clothing
CUST03951,2024-11-15,127.18,Travel
CUST03951,2025-06-10,91.64,Electronics
CUST03951,2025-06-25,65.31,Dining
CUST03951,2025-06-29,46.27,Electronics
CUST03951,2025-01-07,20.06,Grocery
CUST03951,2025-06-22,135.55,Clothing
CUST03951,2025-03-04,38.93,Clothing
CUST03951,2025-06-07,5.2,Electronics
CUST03951,2024-09-15,27.91,Travel
CUST03951,2025-02-13,100.84,Dining
CUST03951,2024-11-29,71.94,Grocery
CUST03951,2024-12-01,74.61,Dining
CUST03951,2025-05-07,25.03,Dining
CUST03951,2025-02-22,85.33,Travel
CUST03951,2024-10-09,98.59,Electronics
CUST03951,2025-01-09,292.92,Clothing
CUST03951,2024-10-22,71.26,Dining
CUST03951,2024-09-13,76.23,Dining
CUST03951,2025-01-04,104.16,Dining
CUST03951,2025-04-25,62.69,Dining
CUST03951,2024-11-06,37.85,Electronics
CUST03951,2025-05-15,17.59,Grocery
CUST03951,2025-02-24,68.38,Travel
CUST03951,2025-07-17,230.01,Grocery
CUST03951,2025-03-30,18.53,Dining
CUST03951,2025-03-11,106.93,Dining
CUST03951,2024-12-31,95.4,Dining
CUST03951,2024-11-29,29.04,Electronics
CUST03951,2025-07-21,96.13,Electronics
CUST03951,2024-10-10,153.76,Dining
CUST03951,2024-11-01,176.05,Electronics
CUST03951,2024-11-24,25.28,Dining
CUST03951,2025-03-30,28.74,Dining
CUST03951,2024-12-23,130.64,Travel
CUST03952,2023-05-05,75.26,Travel
CUST03952,2023-01-16,50.18,Travel
CUST03952,2023-04-06,8.54,Electronics
CUST03952,2025-02-08,188.5,Dining
CUST03952,2025-07-19,39.46,Dining
CUST03952,2022-10-01,116.93,Travel
CUST03952,2023-09-16,224.13,Dining
CUST03952,2023-08-27,54.42,Grocery
CUST03952,2023-02-19,58.15,Electronics
CUST03952,2023-03-09,119.0,Grocery
CUST03952,2024-01-09,103.74,Electronics
CUST03952,2024-12-06,46.16,Clothing
CUST03952,2025-05-16,66.48,Clothing
CUST03952,2022-11-17,90.09,Dining
CUST03952,2024-02-08,5.64,Travel
CUST03952,2025-03-13,84.04,Dining
CUST03952,2025-06-06,97.92,Clothing
CUST03952,2023-08-11,138.76,Electronics
CUST03952,2024-09-17,30.93,Dining
CUST03952,2024-04-19,171.48,Travel
CUST03952,2022-09-17,22.88,Clothing
CUST03952,2024-01-17,101.77,Grocery
CUST03952,2025-01-05,152.91,Clothing
CUST03952,2024-07-07,113.15,Electronics
CUST03952,2023-05-03,76.17,Electronics
CUST03952,2022-10-21,45.07,Travel
CUST03952,2024-08-08,164.68,Travel
CUST03952,2023-01-13,137.95,Clothing
CUST03952,2022-09-29,91.02,Electronics
CUST03952,2023-03-19,87.17,Grocery
CUST03952,2023-07-12,120.21,Clothing
CUST03952,2024-03-07,60.81,Grocery
CUST03952,2023-02-04,115.79,Dining
CUST03952,2022-09-11,144.1,Clothing
CUST03952,2024-01-01,18.48,Dining
CUST03952,2025-06-22,115.03,Dining
CUST03952,2024-08-23,44.29,Electronics
CUST03952,2023-10-19,15.24,Travel
CUST03952,2025-06-09,109.64,Dining
CUST03952,2024-04-22,78.53,Travel
CUST03952,2022-10-14,40.66,Clothing
CUST03952,2022-09-27,51.73,Clothing
CUST03952,2022-10-12,11.61,Dining
CUST03952,2025-01-01,42.01,Travel
CUST03952,2023-10-17,32.13,Dining
CUST03952,2023-01-28,23.76,Dining
CUST03952,2023-08-11,169.52,Electronics
CUST03952,2025-06-10,306.46,Grocery
CUST03952,2025-05-05,248.59,Grocery
CUST03952,2022-06-26,31.55,Dining
CUST03952,2024-12-11,48.01,Clothing
CUST03952,2024-06-17,10.16,Dining
CUST03952,2023-12-15,188.68,Travel
CUST03952,2024-05-14,45.74,Electronics
CUST03952,2023-11-04,134.38,Clothing
CUST03952,2025-06-03,47.77,Electronics
CUST03952,2023-07-17,276.96,Travel
CUST03952,2023-09-17,12.98,Dining
CUST03952,2024-08-21,68.0,Dining
CUST03952,2024-03-16,71.53,Clothing
CUST03952,2024-10-16,108.41,Grocery
CUST03952,2023-11-26,40.19,Travel
CUST03952,2022-09-11,8.26,Dining
CUST03952,2023-07-23,47.08,Travel
CUST03952,2023-10-01,101.09,Grocery
CUST03952,2023-11-21,70.05,Grocery
CUST03952,2024-07-29,235.22,Travel
CUST03952,2023-03-16,59.44,Electronics
CUST03952,2022-10-25,31.46,Clothing
CUST03952,2024-08-27,142.65,Travel
CUST03952,2022-09-25,145.57,Clothing
CUST03952,2023-05-31,11.7,Electronics
CUST03952,2024-06-19,58.35,Travel
CUST03952,2025-06-17,8.08,Grocery
CUST03952,2022-07-19,20.52,Electronics
CUST03952,2023-11-16,45.26,Grocery
CUST03952,2023-01-20,55.87,Electronics
CUST03952,2022-08-28,111.57,Travel
CUST03952,2025-03-14,419.72,Dining
CUST03952,2025-05-26,169.43,Grocery
CUST03952,2024-11-06,152.84,Electronics
CUST03952,2023-12-23,10.92,Grocery
CUST03952,2022-12-15,111.58,Dining
CUST03952,2023-01-10,5.56,Clothing
CUST03952,2025-05-07,25.32,Clothing
CUST03952,2023-06-08,35.89,Travel
CUST03952,2023-09-19,18.32,Grocery
CUST03952,2022-11-14,34.72,Clothing
CUST03952,2024-11-27,82.09,Dining
CUST03952,2023-11-03,67.61,Travel
CUST03952,2025-07-24,13.79,Grocery
CUST03953,2022-09-08,90.33,Dining
CUST03953,2023-03-21,35.42,Clothing
CUST03953,2025-03-02,6.53,Grocery
CUST03953,2022-11-19,12.53,Dining
CUST03953,2025-02-07,160.34,Clothing
CUST03953,2023-02-28,40.29,Electronics
CUST03953,2024-08-04,132.65,Clothing
CUST03953,2022-11-27,77.39,Electronics
CUST03953,2022-12-19,41.12,Dining
CUST03953,2022-12-16,111.31,Dining
CUST03953,2023-06-24,12.84,Dining
CUST03953,2025-03-03,69.45,Grocery
CUST03953,2023-01-17,118.92,Dining
CUST03953,2024-06-10,134.9,Grocery
CUST03953,2024-02-07,129.79,Clothing
CUST03953,2025-06-13,167.8,Dining
CUST03953,2022-09-01,39.27,Travel
CUST03953,2024-07-23,76.29,Travel
CUST03953,2024-11-04,11.1,Electronics
CUST03953,2024-03-27,6.67,Clothing
CUST03953,2024-09-30,84.44,Grocery
CUST03953,2024-11-27,19.48,Grocery
CUST03953,2023-08-11,34.59,Travel
CUST03953,2024-03-21,43.31,Electronics
CUST03953,2024-03-16,80.85,Grocery
CUST03953,2024-06-12,183.52,Dining
CUST03953,2022-12-09,37.7,Dining
CUST03953,2024-10-31,30.51,Clothing
CUST03953,2025-06-01,219.63,Grocery
CUST03953,2025-02-14,104.85,Grocery
CUST03953,2023-08-23,54.89,Electronics
CUST03953,2023-07-04,74.09,Travel
CUST03953,2024-04-11,123.64,Clothing
CUST03953,2024-08-22,43.84,Electronics
CUST03953,2025-06-08,49.94,Grocery
CUST03953,2023-01-31,36.25,Clothing
CUST03953,2023-05-11,96.62,Clothing
CUST03953,2023-12-11,8.2,Clothing
CUST03953,2022-11-15,227.46,Dining
CUST03953,2022-08-09,56.92,Grocery
CUST03953,2023-07-10,131.53,Dining
CUST03953,2022-08-11,365.85,Electronics
CUST03953,2022-09-24,30.3,Electronics
CUST03953,2024-10-05,175.34,Grocery
CUST03953,2024-08-27,9.98,Grocery
CUST03953,2023-03-25,106.4,Travel
CUST03953,2022-10-21,63.0,Travel
CUST03953,2023-02-03,38.59,Clothing
CUST03953,2023-05-08,244.95,Grocery
CUST03953,2023-11-02,177.56,Electronics
CUST03953,2024-04-01,187.69,Dining
CUST03953,2022-11-25,62.25,Clothing
CUST03953,2025-02-28,233.04,Grocery
CUST03953,2023-07-07,48.69,Grocery
CUST03953,2023-12-05,60.85,Clothing
CUST03953,2024-01-22,19.73,Clothing
CUST03953,2025-05-20,112.21,Grocery
CUST03953,2022-11-22,30.73,Clothing
CUST03953,2024-09-01,426.22,Grocery
CUST03953,2022-12-24,439.52,Electronics
CUST03953,2025-02-20,34.27,Dining
CUST03953,2023-06-07,154.5,Travel
CUST03953,2023-11-11,162.82,Electronics
CUST03953,2024-06-29,166.34,Clothing
CUST03953,2024-05-22,49.13,Dining
CUST03953,2024-03-08,44.69,Dining
CUST03953,2024-04-11,18.29,Dining
CUST03953,2022-09-07,190.63,Electronics
CUST03953,2023-05-28,92.54,Grocery
CUST03953,2025-03-22,9.98,Travel
CUST03953,2024-10-24,66.26,Travel
CUST03953,2023-04-27,21.34,Electronics
CUST03953,2022-09-17,52.31,Grocery
CUST03953,2022-11-27,174.55,Travel
CUST03953,2023-02-27,64.73,Travel
CUST03953,2022-10-08,36.55,Travel
CUST03953,2024-01-26,26.59,Clothing
CUST03953,2023-08-26,23.18,Grocery
CUST03953,2025-06-03,78.38,Travel
CUST03953,2025-02-11,81.66,Dining
CUST03953,2024-09-07,79.41,Grocery
CUST03953,2023-11-22,104.29,Electronics
CUST03953,2023-04-14,111.8,Grocery
CUST03953,2025-03-03,17.03,Grocery
CUST03953,2023-07-15,28.79,Travel
CUST03953,2023-10-21,68.02,Dining
CUST03953,2024-09-19,195.66,Grocery
CUST03953,2024-10-19,18.56,Grocery
CUST03953,2023-03-01,124.14,Travel
CUST03953,2024-05-16,91.24,Dining
CUST03953,2024-10-24,28.66,Grocery
CUST03953,2025-07-18,78.33,Grocery
CUST03953,2024-02-27,113.01,Grocery
CUST03953,2023-07-12,30.45,Travel
CUST03953,2024-06-07,67.11,Travel
CUST03953,2023-02-16,20.1,Dining
CUST03953,2023-11-13,12.7,Clothing
CUST03953,2023-12-12,196.66,Clothing
CUST03954,2025-03-16,70.66,Clothing
CUST03954,2025-01-29,17.96,Clothing
CUST03954,2024-07-10,32.15,Grocery
CUST03954,2024-01-09,80.16,Travel
CUST03954,2024-10-06,63.82,Grocery
CUST03954,2023-09-03,34.43,Electronics
CUST03954,2025-05-06,66.24,Travel
CUST03954,2023-05-26,193.83,Clothing
CUST03954,2024-03-27,224.73,Electronics
CUST03954,2023-11-09,7.12,Travel
CUST03954,2023-05-18,27.07,Travel
CUST03954,2025-01-20,84.56,Electronics
CUST03954,2024-03-19,10.23,Grocery
CUST03954,2024-03-17,36.59,Electronics
CUST03954,2024-03-28,15.98,Grocery
CUST03954,2023-11-30,256.19,Electronics
CUST03954,2023-09-12,70.29,Grocery
CUST03954,2024-05-02,67.38,Grocery
CUST03954,2023-10-25,125.98,Electronics
CUST03954,2023-12-05,70.28,Travel
CUST03954,2024-08-11,12.68,Grocery
CUST03954,2023-11-20,28.59,Dining
CUST03954,2023-10-25,66.33,Electronics
CUST03954,2024-04-02,5.6,Clothing
CUST03954,2025-04-30,10.39,Electronics
CUST03954,2023-08-20,54.74,Travel
CUST03954,2025-05-21,10.61,Electronics
CUST03954,2024-03-22,51.29,Travel
CUST03954,2023-08-17,46.14,Grocery
CUST03954,2024-11-15,189.1,Clothing
CUST03954,2025-02-11,112.04,Dining
CUST03954,2025-05-12,36.06,Electronics
CUST03954,2025-04-03,107.98,Electronics
CUST03954,2024-11-16,15.77,Electronics
CUST03954,2024-06-28,209.95,Clothing
CUST03954,2024-06-08,24.92,Electronics
CUST03954,2025-02-05,227.18,Travel
CUST03954,2024-08-27,162.15,Clothing
CUST03954,2024-05-30,47.44,Dining
CUST03954,2024-07-20,28.56,Grocery
CUST03954,2023-10-27,20.7,Clothing
CUST03954,2023-07-05,214.03,Dining
CUST03954,2023-11-05,140.44,Grocery
CUST03954,2023-08-06,11.19,Clothing
CUST03954,2025-03-27,38.47,Electronics
CUST03954,2023-08-09,174.02,Grocery
CUST03954,2024-03-27,170.92,Electronics
CUST03954,2025-03-05,46.49,Grocery
CUST03954,2024-06-19,75.12,Electronics
CUST03954,2025-06-21,74.33,Travel
CUST03954,2023-08-01,32.72,Clothing
CUST03954,2024-06-20,45.11,Clothing
CUST03954,2025-03-16,35.17,Dining
CUST03954,2023-11-25,31.09,Grocery
CUST03954,2023-08-25,21.92,Grocery
CUST03954,2024-09-22,194.59,Travel
CUST03954,2025-07-09,54.66,Electronics
CUST03954,2025-02-03,67.37,Grocery
CUST03954,2023-12-14,13.29,Dining
CUST03954,2024-05-29,11.03,Electronics
CUST03954,2024-02-08,97.05,Electronics
CUST03954,2024-05-22,125.06,Travel
CUST03954,2024-04-21,109.76,Clothing
CUST03954,2025-04-08,136.79,Clothing
CUST03954,2024-10-12,101.21,Grocery
CUST03954,2024-07-03,12.99,Clothing
CUST03954,2024-07-19,124.17,Grocery
CUST03954,2024-09-02,139.07,Clothing
CUST03954,2023-12-30,95.85,Electronics
CUST03954,2024-11-17,117.25,Clothing
CUST03954,2023-07-08,13.27,Dining
CUST03954,2025-05-25,29.11,Grocery
CUST03954,2024-11-12,53.24,Clothing
CUST03954,2023-06-11,161.74,Clothing
CUST03954,2023-04-10,105.24,Electronics
CUST03954,2025-01-22,47.07,Electronics
CUST03954,2025-01-10,59.96,Travel
CUST03954,2023-09-28,27.68,Electronics
CUST03954,2023-12-30,31.2,Dining
CUST03954,2025-05-31,6.89,Clothing
CUST03954,2024-02-03,8.24,Dining
CUST03954,2025-04-28,236.72,Dining
CUST03954,2024-07-30,44.93,Dining
CUST03954,2025-02-11,125.66,Electronics
CUST03954,2025-04-28,205.0,Clothing
CUST03954,2024-01-10,6.13,Grocery
CUST03954,2025-03-29,103.1,Clothing
CUST03954,2023-11-08,46.54,Travel
CUST03954,2025-03-18,16.67,Travel
CUST03954,2024-06-25,6.48,Electronics
CUST03954,2024-11-30,247.65,Grocery
CUST03954,2025-06-16,26.3,Electronics
CUST03954,2023-05-10,131.32,Electronics
CUST03954,2023-04-11,14.13,Dining
CUST03954,2024-03-26,33.46,Grocery
CUST03954,2024-10-15,20.32,Clothing
CUST03954,2024-03-25,55.96,Grocery
CUST03954,2024-06-19,38.78,Travel
CUST03954,2024-04-10,90.36,Dining
CUST03954,2024-11-17,276.03,Travel
CUST03955,2025-01-27,91.31,Grocery
CUST03955,2024-01-16,18.49,Dining
CUST03955,2024-01-10,56.57,Electronics
CUST03955,2024-06-08,26.16,Electronics
CUST03955,2025-07-18,80.9,Dining
CUST03955,2023-11-19,43.94,Travel
CUST03955,2025-03-24,8.32,Travel
CUST03955,2023-10-04,39.11,Electronics
CUST03955,2023-07-19,11.29,Electronics
CUST03955,2025-05-10,81.49,Grocery
CUST03955,2025-02-03,158.7,Grocery
CUST03955,2024-10-24,54.99,Electronics
CUST03955,2025-02-19,100.3,Travel
CUST03955,2024-08-30,246.19,Clothing
CUST03955,2025-04-21,34.62,Travel
CUST03955,2025-03-05,108.89,Grocery
CUST03955,2023-07-26,57.97,Travel
CUST03955,2025-07-10,32.66,Dining
CUST03955,2024-10-06,131.01,Travel
CUST03955,2024-06-26,5.65,Clothing
CUST03955,2025-03-31,59.49,Travel
CUST03955,2023-10-08,50.24,Travel
CUST03955,2023-06-26,120.84,Electronics
CUST03955,2023-06-06,152.47,Electronics
CUST03955,2024-06-28,112.47,Dining
CUST03955,2024-04-11,58.46,Clothing
CUST03955,2024-08-09,62.83,Grocery
CUST03955,2024-10-17,158.17,Dining
CUST03955,2025-01-29,36.97,Grocery
CUST03955,2024-05-31,81.0,Clothing
CUST03955,2023-08-09,35.85,Travel
CUST03955,2023-08-17,11.07,Dining
CUST03955,2025-02-02,114.41,Dining
CUST03955,2024-05-20,5.11,Dining
CUST03955,2024-02-03,78.43,Clothing
CUST03955,2024-01-21,137.51,Travel
CUST03955,2025-02-27,7.61,Dining
CUST03955,2023-09-18,11.62,Clothing
CUST03955,2025-06-15,13.85,Clothing
CUST03955,2025-05-16,89.87,Electronics
CUST03955,2023-10-07,36.44,Grocery
CUST03955,2025-02-07,9.79,Dining
CUST03955,2025-03-01,67.95,Clothing
CUST03955,2025-07-10,50.12,Clothing
CUST03955,2025-05-08,277.45,Travel
CUST03955,2024-01-27,78.27,Electronics
CUST03955,2024-06-20,97.06,Electronics
CUST03955,2024-06-03,138.7,Electronics
CUST03955,2023-09-13,417.58,Travel
CUST03955,2023-11-21,68.03,Grocery
CUST03955,2023-08-02,14.18,Clothing
CUST03955,2024-02-18,100.52,Electronics
CUST03955,2024-02-04,467.06,Grocery
CUST03955,2025-07-27,163.71,Clothing
CUST03955,2024-09-30,76.88,Electronics
CUST03955,2023-07-15,29.14,Electronics
CUST03955,2024-05-11,21.22,Clothing
CUST03955,2025-02-17,156.58,Travel
CUST03955,2024-12-23,119.8,Clothing
CUST03955,2025-05-01,169.76,Dining
CUST03955,2024-08-04,18.93,Dining
CUST03955,2023-12-30,16.42,Grocery
CUST03955,2023-11-30,78.8,Clothing
CUST03955,2024-03-21,57.11,Electronics
CUST03955,2024-11-03,46.34,Travel
CUST03955,2023-12-29,39.41,Clothing
CUST03955,2025-05-28,33.83,Dining
CUST03955,2023-09-01,63.92,Grocery
CUST03955,2024-03-11,111.24,Electronics
CUST03955,2023-11-28,29.98,Electronics
CUST03955,2024-07-12,8.88,Travel
CUST03955,2025-01-26,40.41,Clothing
CUST03955,2024-04-15,48.41,Electronics
CUST03955,2024-12-16,51.18,Clothing
CUST03955,2025-03-30,66.46,Electronics
CUST03955,2023-10-13,7.66,Electronics
CUST03955,2024-12-21,153.89,Grocery
CUST03955,2024-04-09,6.82,Travel
CUST03955,2023-11-14,211.92,Travel
CUST03955,2024-05-30,20.64,Travel
CUST03955,2024-06-21,19.11,Dining
CUST03955,2023-10-06,164.27,Electronics
CUST03955,2023-07-30,33.99,Dining
CUST03955,2024-12-20,33.56,Travel
CUST03955,2024-12-11,5.61,Clothing
CUST03955,2024-07-29,325.81,Clothing
CUST03955,2024-08-02,34.97,Travel
CUST03955,2024-02-11,66.08,Dining
CUST03955,2024-02-08,46.79,Clothing
CUST03955,2024-12-31,64.41,Dining
CUST03955,2024-03-06,189.67,Travel
CUST03955,2023-09-24,32.1,Clothing
CUST03955,2023-11-19,61.62,Clothing
CUST03955,2023-08-14,152.99,Clothing
CUST03955,2024-01-07,225.45,Clothing
CUST03955,2023-12-14,153.03,Electronics
CUST03955,2024-05-06,32.26,Electronics
CUST03955,2024-02-15,157.07,Clothing
CUST03955,2024-05-20,39.71,Clothing
CUST03955,2024-05-12,29.93,Dining
CUST03955,2025-07-22,95.39,Travel
CUST03955,2024-10-08,57.84,Electronics
CUST03955,2024-11-21,97.67,Electronics
CUST03955,2025-04-23,11.34,Dining
CUST03955,2024-10-08,226.84,Electronics
CUST03956,2023-05-18,82.91,Clothing
CUST03956,2024-10-05,99.3,Grocery
CUST03956,2024-03-26,14.32,Dining
CUST03956,2023-11-07,122.58,Travel
CUST03956,2024-04-22,8.11,Grocery
CUST03956,2023-11-01,92.48,Travel
CUST03956,2025-06-03,116.74,Electronics
CUST03956,2025-01-14,80.54,Clothing
CUST03956,2024-11-01,12.92,Grocery
CUST03956,2023-09-14,104.65,Clothing
CUST03956,2025-01-30,25.64,Clothing
CUST03956,2025-07-25,77.33,Clothing
CUST03956,2023-09-24,32.46,Grocery
CUST03956,2023-08-07,6.63,Travel
CUST03956,2024-08-08,18.58,Dining
CUST03956,2025-07-10,5.73,Travel
CUST03956,2025-05-27,24.58,Dining
CUST03956,2025-05-27,15.34,Travel
CUST03956,2025-01-11,185.9,Clothing
CUST03956,2024-11-13,45.18,Electronics
CUST03956,2024-12-24,177.78,Grocery
CUST03956,2024-02-01,111.07,Grocery
CUST03956,2025-03-24,25.45,Grocery
CUST03956,2024-01-07,7.82,Electronics
CUST03956,2024-04-23,198.01,Travel
CUST03956,2025-07-17,117.1,Clothing
CUST03956,2024-12-06,82.77,Grocery
CUST03956,2025-01-16,13.74,Grocery
CUST03956,2024-02-10,11.89,Travel
CUST03956,2025-07-19,49.84,Clothing
CUST03956,2023-12-15,26.85,Dining
CUST03956,2023-04-11,10.17,Grocery
CUST03956,2025-01-13,339.2,Grocery
CUST03956,2025-01-01,124.54,Grocery
CUST03956,2025-06-23,62.96,Travel
CUST03956,2024-08-10,44.01,Travel
CUST03956,2024-04-11,52.31,Travel
CUST03956,2023-12-09,13.1,Clothing
CUST03956,2023-07-12,35.27,Electronics
CUST03956,2023-08-05,45.2,Clothing
CUST03956,2024-06-03,48.97,Electronics
CUST03956,2024-06-03,60.64,Travel
CUST03956,2024-05-06,6.29,Travel
CUST03956,2023-10-17,51.36,Electronics
CUST03956,2023-09-15,207.84,Travel
CUST03956,2024-11-23,82.11,Electronics
CUST03956,2024-03-10,49.21,Clothing
CUST03956,2023-04-29,9.26,Electronics
CUST03956,2024-12-30,256.75,Travel
CUST03956,2023-08-23,57.36,Electronics
CUST03956,2023-07-08,48.71,Dining
CUST03956,2024-09-24,12.99,Clothing
CUST03956,2024-12-26,5.48,Dining
CUST03956,2023-12-23,200.33,Dining
CUST03956,2024-05-30,258.69,Electronics
CUST03956,2023-11-15,33.79,Clothing
CUST03956,2025-07-12,11.85,Grocery
CUST03956,2025-06-08,64.45,Dining
CUST03956,2025-03-08,194.51,Dining
CUST03956,2025-01-05,30.13,Electronics
CUST03956,2025-05-12,66.96,Travel
CUST03956,2024-05-21,31.82,Travel
CUST03956,2024-05-17,9.29,Dining
CUST03956,2023-10-17,53.65,Electronics
CUST03956,2023-10-18,441.22,Travel
CUST03956,2024-01-30,146.71,Clothing
CUST03956,2023-08-19,41.04,Electronics
CUST03956,2024-12-18,99.68,Grocery
CUST03956,2025-01-13,56.89,Travel
CUST03956,2023-03-17,92.26,Travel
CUST03956,2025-06-11,21.64,Grocery
CUST03956,2024-07-07,34.94,Electronics
CUST03956,2023-06-21,49.18,Clothing
CUST03956,2024-05-17,88.74,Grocery
CUST03956,2024-02-07,125.1,Travel
CUST03956,2024-06-23,76.42,Travel
CUST03956,2024-01-01,44.18,Clothing
CUST03956,2024-03-02,27.84,Electronics
CUST03956,2023-11-09,76.86,Electronics
CUST03956,2024-10-26,92.1,Clothing
CUST03956,2024-06-07,69.82,Grocery
CUST03956,2023-07-01,41.57,Clothing
CUST03956,2024-05-15,255.22,Grocery
CUST03956,2023-06-10,48.86,Travel
CUST03956,2025-06-11,32.15,Dining
CUST03956,2024-11-15,103.59,Clothing
CUST03956,2024-05-10,147.48,Travel
CUST03956,2024-10-20,365.08,Grocery
CUST03956,2024-08-24,376.83,Clothing
CUST03956,2025-02-20,5.7,Electronics
CUST03956,2024-08-09,14.43,Dining
CUST03956,2025-02-15,40.82,Electronics
CUST03956,2025-03-31,52.82,Electronics
CUST03956,2023-04-19,41.09,Travel
CUST03956,2024-12-15,225.32,Travel
CUST03956,2024-10-05,397.65,Dining
CUST03956,2023-08-08,223.93,Clothing
CUST03956,2024-07-15,112.32,Electronics
CUST03956,2023-03-23,106.05,Clothing
CUST03956,2024-02-16,37.7,Clothing
CUST03956,2024-11-10,25.1,Grocery
CUST03956,2023-11-11,223.74,Clothing
CUST03956,2025-06-29,44.05,Travel
CUST03956,2023-05-18,42.1,Clothing
CUST03956,2024-10-15,51.96,Clothing
CUST03956,2025-03-05,91.48,Grocery
CUST03956,2023-10-01,87.23,Grocery
CUST03956,2024-07-26,131.18,Travel
CUST03956,2024-04-16,33.23,Clothing
CUST03956,2024-01-04,102.42,Dining
CUST03956,2025-04-02,7.05,Electronics
CUST03956,2023-03-19,78.06,Electronics
CUST03956,2025-02-28,30.88,Dining
CUST03956,2023-09-27,68.06,Electronics
CUST03957,2025-08-01,136.7,Electronics
CUST03957,2025-07-12,343.9,Clothing
CUST03957,2025-07-25,47.89,Electronics
CUST03957,2025-07-13,128.09,Clothing
CUST03957,2025-07-18,383.7,Electronics
CUST03957,2025-07-12,45.47,Clothing
CUST03957,2025-07-30,14.82,Travel
CUST03957,2025-07-29,173.13,Travel
CUST03957,2025-07-13,100.32,Dining
CUST03957,2025-07-28,80.81,Grocery
CUST03957,2025-07-20,103.14,Grocery
CUST03957,2025-07-24,21.99,Grocery
CUST03957,2025-07-27,20.09,Travel
CUST03957,2025-07-24,246.43,Dining
CUST03957,2025-07-10,110.25,Grocery
CUST03957,2025-08-01,278.3,Clothing
CUST03957,2025-07-18,23.23,Travel
CUST03957,2025-07-16,43.88,Electronics
CUST03957,2025-07-11,292.6,Travel
CUST03957,2025-07-17,164.46,Clothing
CUST03957,2025-07-10,47.65,Clothing
CUST03957,2025-07-12,33.29,Electronics
CUST03957,2025-07-14,30.8,Dining
CUST03957,2025-07-21,168.88,Grocery
CUST03957,2025-07-25,102.32,Clothing
CUST03957,2025-07-30,31.19,Dining
CUST03957,2025-07-26,102.55,Clothing
CUST03957,2025-07-13,9.57,Grocery
CUST03957,2025-07-17,32.4,Travel
CUST03957,2025-07-09,28.77,Grocery
CUST03957,2025-07-22,8.31,Electronics
CUST03957,2025-07-19,39.13,Travel
CUST03957,2025-07-11,11.37,Dining
CUST03957,2025-07-30,29.69,Grocery
CUST03957,2025-07-17,8.14,Dining
CUST03957,2025-07-25,34.49,Grocery
CUST03957,2025-07-30,166.7,Clothing
CUST03957,2025-07-14,53.37,Electronics
CUST03957,2025-07-21,209.53,Dining
CUST03957,2025-07-15,26.61,Electronics
CUST03957,2025-07-24,63.25,Clothing
CUST03957,2025-07-09,178.98,Travel
CUST03957,2025-08-01,163.51,Electronics
CUST03957,2025-07-16,28.11,Clothing
CUST03957,2025-07-21,186.19,Electronics
CUST03957,2025-07-15,32.34,Grocery
CUST03957,2025-07-29,117.26,Clothing
CUST03957,2025-07-12,10.43,Travel
CUST03957,2025-07-24,31.45,Grocery
CUST03957,2025-07-09,52.92,Grocery
CUST03957,2025-07-23,84.08,Clothing
CUST03957,2025-07-26,77.05,Electronics
CUST03957,2025-07-10,39.54,Travel
CUST03957,2025-07-22,226.75,Travel
CUST03957,2025-07-20,7.27,Clothing
CUST03957,2025-07-22,76.59,Clothing
CUST03957,2025-07-28,148.64,Clothing
CUST03957,2025-07-12,49.95,Dining
CUST03957,2025-07-30,29.68,Clothing
CUST03957,2025-07-16,34.13,Electronics
CUST03957,2025-07-22,58.31,Electronics
CUST03957,2025-07-21,82.77,Travel
CUST03957,2025-07-15,62.72,Clothing
CUST03957,2025-07-11,52.38,Travel
CUST03957,2025-07-17,258.23,Clothing
CUST03957,2025-07-17,94.95,Electronics
CUST03957,2025-07-15,22.26,Grocery
CUST03957,2025-07-17,8.17,Dining
CUST03957,2025-07-17,247.13,Travel
CUST03957,2025-07-14,113.11,Grocery
CUST03957,2025-07-31,172.06,Electronics
CUST03957,2025-07-28,26.13,Electronics
CUST03957,2025-07-13,32.56,Grocery
CUST03957,2025-07-26,166.22,Travel
CUST03957,2025-07-23,5.57,Grocery
CUST03957,2025-07-31,83.36,Dining
CUST03957,2025-07-17,281.34,Grocery
CUST03957,2025-07-22,8.22,Clothing
CUST03957,2025-07-10,335.76,Travel
CUST03957,2025-07-09,21.2,Electronics
CUST03957,2025-07-23,234.11,Clothing
CUST03957,2025-07-27,14.62,Clothing
CUST03957,2025-07-20,113.81,Clothing
CUST03957,2025-07-13,204.11,Dining
CUST03957,2025-07-13,73.18,Clothing
CUST03957,2025-07-22,24.26,Grocery
CUST03957,2025-07-17,36.02,Electronics
CUST03957,2025-07-17,56.39,Travel
CUST03957,2025-07-19,17.0,Electronics
CUST03957,2025-07-25,23.58,Clothing
CUST03957,2025-07-17,33.49,Clothing
CUST03957,2025-07-14,242.52,Grocery
CUST03957,2025-07-25,29.95,Dining
CUST03957,2025-07-26,104.6,Clothing
CUST03958,2024-07-17,17.43,Travel
CUST03958,2025-01-09,149.96,Travel
CUST03958,2023-10-11,51.75,Clothing
CUST03958,2024-10-04,33.55,Grocery
CUST03958,2025-06-02,9.83,Travel
CUST03958,2025-05-22,41.75,Dining
CUST03958,2025-07-18,78.4,Clothing
CUST03958,2023-10-13,22.8,Travel
CUST03958,2024-09-22,181.31,Dining
CUST03958,2024-08-26,189.14,Grocery
CUST03958,2024-05-17,74.71,Electronics
CUST03958,2024-11-14,75.43,Clothing
CUST03958,2024-04-11,13.28,Electronics
CUST03958,2024-11-28,95.57,Dining
CUST03958,2025-04-22,82.34,Grocery
CUST03958,2024-01-05,347.89,Electronics
CUST03958,2024-11-07,85.78,Travel
CUST03958,2024-01-08,62.13,Grocery
CUST03958,2025-07-10,38.7,Grocery
CUST03958,2024-06-17,160.58,Grocery
CUST03958,2024-12-12,91.87,Electronics
CUST03958,2024-05-07,42.38,Dining
CUST03958,2024-07-30,299.53,Dining
CUST03958,2025-02-22,225.02,Grocery
CUST03958,2025-01-10,163.75,Electronics
CUST03958,2025-06-01,44.99,Clothing
CUST03958,2024-11-13,91.71,Dining
CUST03958,2024-11-09,44.68,Dining
CUST03958,2025-04-26,106.93,Dining
CUST03958,2025-01-29,87.86,Dining
CUST03958,2024-07-31,7.51,Grocery
CUST03958,2025-07-29,60.28,Electronics
CUST03958,2024-04-04,5.33,Grocery
CUST03958,2025-01-12,16.85,Dining
CUST03958,2025-06-27,25.27,Travel
CUST03958,2023-12-12,65.15,Dining
CUST03958,2025-07-03,57.63,Clothing
CUST03958,2023-10-01,56.16,Clothing
CUST03958,2025-02-11,19.86,Electronics
CUST03958,2025-03-15,235.85,Clothing
CUST03958,2024-12-13,14.04,Clothing
CUST03958,2024-06-24,8.67,Dining
CUST03958,2024-10-17,66.18,Clothing
CUST03958,2025-07-18,199.49,Dining
CUST03958,2024-05-11,118.38,Clothing
CUST03958,2025-04-02,111.34,Travel
CUST03958,2025-07-04,18.56,Clothing
CUST03958,2024-07-04,11.57,Clothing
CUST03958,2024-01-19,32.69,Electronics
CUST03958,2024-07-16,102.51,Clothing
CUST03958,2024-07-14,82.31,Electronics
CUST03958,2025-05-19,10.85,Travel
CUST03958,2024-09-18,196.15,Grocery
CUST03958,2024-05-02,65.1,Grocery
CUST03958,2025-06-14,43.27,Clothing
CUST03958,2024-09-17,178.21,Grocery
CUST03958,2024-01-14,63.57,Clothing
CUST03958,2025-04-22,130.7,Clothing
CUST03958,2024-11-11,73.9,Dining
CUST03958,2024-07-04,31.59,Grocery
CUST03958,2025-01-07,114.67,Clothing
CUST03958,2025-06-15,63.74,Dining
CUST03958,2025-02-10,159.24,Travel
CUST03958,2024-02-23,20.19,Clothing
CUST03958,2024-03-23,98.41,Grocery
CUST03958,2025-04-09,49.46,Grocery
CUST03958,2023-11-19,74.71,Clothing
CUST03958,2024-06-21,65.43,Electronics
CUST03958,2023-10-29,9.28,Travel
CUST03958,2024-05-19,133.55,Dining
CUST03958,2024-04-18,28.92,Travel
CUST03958,2024-08-10,170.46,Clothing
CUST03958,2024-03-28,54.65,Dining
CUST03958,2025-03-03,90.23,Clothing
CUST03958,2024-07-22,50.98,Clothing
CUST03958,2025-07-22,26.65,Clothing
CUST03958,2023-11-05,22.22,Travel
CUST03958,2024-05-26,339.45,Clothing
CUST03958,2024-01-21,282.9,Travel
CUST03958,2025-04-24,46.56,Travel
CUST03958,2025-07-30,54.71,Dining
CUST03958,2024-06-05,107.38,Dining
CUST03958,2023-12-01,27.04,Electronics
CUST03958,2025-07-23,41.83,Grocery
CUST03958,2023-12-10,82.66,Grocery
CUST03958,2024-05-12,249.51,Dining
CUST03958,2024-08-09,55.35,Electronics
CUST03958,2024-04-18,47.12,Grocery
CUST03958,2025-03-05,38.75,Dining
CUST03958,2023-10-06,9.75,Electronics
CUST03958,2025-05-01,46.68,Clothing
CUST03958,2024-02-08,56.75,Clothing
CUST03958,2024-10-02,8.09,Grocery
CUST03958,2025-07-09,67.52,Electronics
CUST03958,2025-04-27,152.17,Clothing
CUST03958,2023-10-25,82.39,Dining
CUST03958,2025-06-19,17.95,Grocery
CUST03958,2025-06-30,69.25,Clothing
CUST03958,2024-07-19,193.79,Dining
CUST03958,2024-06-01,10.76,Dining
CUST03958,2025-03-24,191.98,Dining
CUST03958,2025-03-11,156.79,Electronics
CUST03958,2024-07-19,94.72,Dining
CUST03958,2023-10-19,24.14,Travel
CUST03958,2024-11-28,217.18,Electronics
CUST03958,2024-09-01,48.81,Clothing
CUST03959,2023-06-02,8.85,Electronics
CUST03959,2024-05-03,99.36,Electronics
CUST03959,2024-10-29,18.41,Electronics
CUST03959,2024-07-07,55.42,Clothing
CUST03959,2025-06-17,20.33,Clothing
CUST03959,2021-08-20,45.09,Clothing
CUST03959,2022-05-18,53.1,Clothing
CUST03959,2023-08-10,70.79,Grocery
CUST03959,2022-07-05,114.34,Travel
CUST03959,2022-06-19,6.29,Dining
CUST03959,2025-06-13,39.49,Clothing
CUST03959,2021-09-14,49.28,Travel
CUST03959,2021-05-01,11.77,Dining
CUST03959,2021-08-24,45.38,Travel
CUST03959,2024-09-03,43.01,Electronics
CUST03959,2024-10-08,39.52,Grocery
CUST03959,2023-12-09,145.19,Clothing
CUST03959,2024-12-01,128.04,Dining
CUST03959,2023-02-16,55.9,Travel
CUST03959,2023-04-03,31.2,Travel
CUST03959,2023-12-09,30.22,Clothing
CUST03959,2023-06-29,80.85,Grocery
CUST03959,2024-01-05,9.84,Dining
CUST03959,2024-02-23,25.8,Grocery
CUST03959,2025-07-09,27.17,Dining
CUST03959,2024-04-20,39.3,Dining
CUST03959,2022-01-03,25.45,Dining
CUST03959,2024-03-14,305.9,Clothing
CUST03959,2022-08-26,26.89,Clothing
CUST03959,2021-10-01,17.63,Electronics
CUST03959,2022-03-22,89.41,Electronics
CUST03959,2023-08-24,171.42,Dining
CUST03959,2025-06-27,207.02,Travel
CUST03959,2023-11-05,183.82,Dining
CUST03959,2025-04-01,54.99,Clothing
CUST03959,2022-02-23,59.06,Travel
CUST03959,2022-07-26,148.7,Electronics
CUST03959,2025-07-28,166.55,Electronics
CUST03959,2023-06-14,90.35,Clothing
CUST03959,2021-10-13,78.95,Electronics
CUST03959,2021-11-16,191.19,Electronics
CUST03959,2023-04-04,23.43,Electronics
CUST03959,2021-09-03,27.54,Dining
CUST03959,2024-12-27,198.21,Electronics
CUST03959,2025-05-21,19.12,Electronics
CUST03959,2025-04-13,87.14,Clothing
CUST03959,2022-07-03,35.42,Clothing
CUST03959,2022-11-07,19.02,Dining
CUST03959,2022-10-13,148.36,Electronics
CUST03959,2023-05-18,37.59,Travel
CUST03959,2023-10-15,245.95,Grocery
CUST03959,2020-12-20,27.91,Grocery
CUST03959,2025-04-05,38.87,Clothing
CUST03959,2022-09-14,108.17,Electronics
CUST03959,2024-01-10,96.84,Grocery
CUST03959,2021-04-27,104.93,Dining
CUST03959,2023-11-17,47.75,Dining
CUST03959,2022-05-22,33.89,Travel
CUST03959,2021-12-23,7.78,Electronics
CUST03959,2022-11-08,29.65,Dining
CUST03959,2025-04-10,339.73,Travel
CUST03959,2023-02-15,135.19,Grocery
CUST03959,2022-09-24,106.25,Clothing
CUST03959,2024-09-03,62.14,Grocery
CUST03959,2024-02-20,56.52,Dining
CUST03959,2024-08-22,13.21,Grocery
CUST03959,2024-04-01,77.37,Dining
CUST03959,2024-10-03,76.59,Electronics
CUST03959,2023-04-17,123.16,Travel
CUST03959,2024-02-05,56.73,Dining
CUST03959,2025-03-15,261.02,Grocery
CUST03959,2022-08-27,10.02,Grocery
CUST03959,2022-04-24,320.5,Electronics
CUST03959,2021-08-21,183.11,Electronics
CUST03959,2025-05-17,45.63,Grocery
CUST03959,2024-02-12,98.77,Electronics
CUST03959,2021-10-24,239.24,Grocery
CUST03959,2025-06-28,124.96,Grocery
CUST03959,2025-01-20,24.93,Dining
CUST03959,2024-08-13,90.98,Clothing
CUST03959,2021-08-20,7.8,Travel
CUST03959,2024-06-23,51.96,Electronics
CUST03959,2022-04-19,223.42,Travel
CUST03959,2021-04-04,133.71,Travel
CUST03959,2022-05-19,81.4,Travel
CUST03960,2024-08-19,75.48,Clothing
CUST03960,2021-07-13,65.46,Travel
CUST03960,2022-08-05,74.71,Travel
CUST03960,2025-04-23,187.74,Grocery
CUST03960,2025-06-27,66.35,Electronics
CUST03960,2022-05-16,107.95,Grocery
CUST03960,2025-03-15,180.31,Clothing
CUST03960,2022-04-22,154.72,Clothing
CUST03960,2025-06-24,70.86,Travel
CUST03960,2023-03-06,291.4,Travel
CUST03960,2023-06-18,44.54,Electronics
CUST03960,2021-04-21,177.42,Dining
CUST03960,2022-11-10,22.29,Grocery
CUST03960,2024-12-24,7.5,Grocery
CUST03960,2021-03-25,26.4,Electronics
CUST03960,2022-04-18,62.14,Travel
CUST03960,2021-03-04,119.29,Dining
CUST03960,2021-08-25,24.42,Grocery
CUST03960,2021-12-27,24.67,Dining
CUST03960,2024-08-05,7.53,Clothing
CUST03960,2023-12-29,47.51,Travel
CUST03960,2022-04-21,137.45,Dining
CUST03960,2024-01-24,104.45,Electronics
CUST03960,2021-01-14,48.73,Grocery
CUST03960,2021-01-16,76.4,Clothing
CUST03960,2023-12-19,21.27,Clothing
CUST03960,2023-10-08,52.14,Grocery
CUST03960,2023-02-28,154.82,Electronics
CUST03960,2021-02-01,8.82,Clothing
CUST03960,2023-07-14,94.82,Electronics
CUST03960,2025-05-09,29.08,Travel
CUST03960,2021-10-28,27.4,Electronics
CUST03960,2023-05-17,41.05,Electronics
CUST03960,2023-03-19,21.77,Clothing
CUST03960,2021-12-08,19.18,Dining
CUST03960,2022-12-18,38.15,Electronics
CUST03960,2023-01-12,96.79,Electronics
CUST03960,2021-09-15,36.73,Electronics
CUST03960,2023-09-11,76.52,Electronics
CUST03960,2021-01-22,93.62,Electronics
CUST03960,2022-01-19,249.38,Electronics
CUST03960,2024-11-23,269.2,Electronics
CUST03960,2023-10-18,150.04,Clothing
CUST03960,2022-08-12,9.82,Electronics
CUST03960,2021-12-09,112.44,Travel
CUST03960,2021-01-12,41.42,Grocery
CUST03960,2024-01-22,67.29,Grocery
CUST03960,2023-05-21,127.5,Grocery
CUST03960,2023-11-29,14.36,Grocery
CUST03960,2023-02-01,37.19,Clothing
CUST03960,2020-12-30,110.91,Grocery
CUST03960,2022-04-08,20.61,Clothing
CUST03960,2025-01-25,155.7,Electronics
CUST03960,2025-04-19,19.87,Dining
CUST03960,2025-07-13,189.53,Dining
CUST03960,2023-01-23,79.22,Clothing
CUST03960,2023-06-05,181.53,Electronics
CUST03960,2024-11-29,154.89,Travel
CUST03960,2025-01-28,140.92,Dining
CUST03960,2020-11-18,23.18,Dining
CUST03960,2023-07-28,95.69,Grocery
CUST03960,2023-01-02,70.21,Clothing
CUST03960,2021-04-03,160.44,Travel
CUST03960,2023-09-07,40.98,Clothing
CUST03960,2025-06-20,101.31,Travel
CUST03960,2024-12-10,16.14,Travel
CUST03960,2024-10-28,63.77,Clothing
CUST03960,2021-06-29,42.81,Electronics
CUST03960,2023-02-27,10.38,Grocery
CUST03960,2020-11-02,82.25,Clothing
CUST03960,2024-11-10,121.06,Electronics
CUST03960,2021-10-20,24.44,Travel
CUST03960,2020-12-01,126.04,Clothing
CUST03960,2023-05-11,44.25,Travel
CUST03960,2022-10-22,231.32,Dining
CUST03960,2025-04-23,7.43,Clothing
CUST03960,2023-07-24,131.15,Clothing
CUST03960,2024-12-11,221.95,Dining
CUST03960,2023-03-22,139.7,Electronics
CUST03960,2022-08-10,15.02,Dining
CUST03960,2024-08-23,105.56,Grocery
CUST03960,2025-01-28,148.81,Travel
CUST03960,2022-11-24,73.83,Clothing
CUST03960,2024-10-21,14.49,Clothing
CUST03960,2023-11-13,117.51,Grocery
CUST03960,2021-01-26,55.41,Clothing
CUST03960,2020-11-07,65.75,Clothing
CUST03960,2023-08-21,39.63,Grocery
CUST03960,2024-09-25,156.57,Grocery
CUST03960,2021-08-14,55.01,Travel
CUST03960,2023-12-16,135.73,Clothing
CUST03960,2024-04-14,78.5,Dining
CUST03960,2022-02-08,215.56,Travel
CUST03960,2023-10-11,320.36,Travel
CUST03960,2020-12-18,129.97,Travel
CUST03960,2021-12-11,6.48,Electronics
CUST03960,2021-05-28,84.91,Grocery
CUST03960,2025-06-26,19.36,Electronics
CUST03960,2024-11-27,38.4,Dining
CUST03960,2024-06-17,26.03,Electronics
CUST03960,2025-05-19,11.82,Dining
CUST03960,2023-03-16,207.23,Dining
CUST03960,2022-02-19,68.61,Dining
CUST03960,2021-03-01,116.59,Electronics
CUST03960,2021-06-28,64.84,Clothing
CUST03960,2023-04-17,140.36,Clothing
CUST03961,2024-10-04,186.13,Grocery
CUST03961,2024-12-11,97.18,Dining
CUST03961,2025-07-01,96.0,Dining
CUST03961,2024-11-24,46.63,Dining
CUST03961,2025-05-16,426.49,Grocery
CUST03961,2024-12-26,101.41,Grocery
CUST03961,2025-02-26,31.64,Electronics
CUST03961,2024-04-10,48.09,Grocery
CUST03961,2024-08-21,28.54,Clothing
CUST03961,2024-04-18,269.86,Dining
CUST03961,2025-04-23,57.57,Clothing
CUST03961,2024-08-03,158.48,Electronics
CUST03961,2024-11-14,129.61,Clothing
CUST03961,2024-11-22,55.68,Electronics
CUST03961,2024-04-24,479.67,Dining
CUST03961,2024-08-06,88.66,Grocery
CUST03961,2024-05-04,72.11,Grocery
CUST03961,2024-09-18,128.15,Travel
CUST03961,2025-05-22,69.52,Dining
CUST03961,2024-08-27,10.83,Clothing
CUST03961,2025-06-13,10.41,Clothing
CUST03961,2025-03-03,30.9,Electronics
CUST03961,2024-05-27,154.75,Dining
CUST03961,2024-07-17,166.0,Travel
CUST03961,2025-04-26,71.29,Travel
CUST03961,2025-01-05,157.46,Clothing
CUST03961,2024-12-22,13.91,Travel
CUST03961,2024-06-24,70.29,Dining
CUST03961,2025-02-15,109.57,Travel
CUST03961,2025-01-18,37.68,Electronics
CUST03961,2024-11-20,102.28,Dining
CUST03961,2025-07-20,10.44,Clothing
CUST03961,2025-04-29,190.42,Clothing
CUST03961,2024-06-22,68.03,Travel
CUST03961,2024-05-08,16.73,Electronics
CUST03961,2024-10-21,87.73,Clothing
CUST03961,2024-06-23,57.91,Dining
CUST03961,2025-02-19,106.43,Grocery
CUST03961,2024-04-14,139.96,Clothing
CUST03961,2025-01-22,222.5,Grocery
CUST03961,2025-01-15,112.57,Travel
CUST03961,2024-04-21,28.38,Travel
CUST03961,2024-04-09,85.39,Dining
CUST03961,2024-05-15,86.84,Electronics
CUST03961,2024-06-10,80.89,Clothing
CUST03961,2024-09-15,6.48,Electronics
CUST03961,2024-07-29,124.95,Dining
CUST03961,2024-12-19,54.29,Travel
CUST03961,2024-04-23,197.89,Electronics
CUST03961,2024-08-07,35.35,Travel
CUST03961,2025-04-18,112.77,Electronics
CUST03961,2024-03-28,96.37,Dining
CUST03961,2024-08-09,12.5,Electronics
CUST03961,2024-10-02,107.44,Electronics
CUST03961,2025-06-28,68.27,Electronics
CUST03961,2025-03-05,25.82,Dining
CUST03961,2024-03-28,50.42,Dining
CUST03961,2024-03-24,107.64,Electronics
CUST03961,2024-07-29,74.98,Electronics
CUST03961,2025-02-25,207.6,Grocery
CUST03961,2025-06-14,32.69,Grocery
CUST03961,2025-06-08,242.01,Dining
CUST03961,2025-07-27,19.32,Clothing
CUST03961,2024-10-21,51.71,Electronics
CUST03961,2024-06-30,99.72,Travel
CUST03961,2025-03-17,20.37,Dining
CUST03961,2024-10-26,52.2,Travel
CUST03961,2024-09-29,71.24,Grocery
CUST03961,2025-06-11,261.62,Clothing
CUST03961,2025-04-12,207.34,Dining
CUST03961,2025-03-04,65.69,Travel
CUST03961,2024-08-24,32.49,Dining
CUST03961,2024-10-22,252.94,Travel
CUST03961,2024-09-23,112.75,Electronics
CUST03961,2025-03-30,5.78,Travel
CUST03961,2024-07-13,27.95,Electronics
CUST03961,2025-04-16,57.13,Electronics
CUST03961,2024-09-12,31.02,Electronics
CUST03961,2025-05-28,37.17,Dining
CUST03961,2025-01-25,50.1,Dining
CUST03961,2025-04-27,31.63,Grocery
CUST03961,2024-04-19,30.08,Grocery
CUST03961,2025-07-09,95.7,Dining
CUST03961,2025-07-26,42.27,Clothing
CUST03961,2024-11-28,39.15,Electronics
CUST03961,2024-06-07,25.76,Electronics
CUST03961,2025-04-24,193.55,Dining
CUST03961,2025-06-24,198.98,Grocery
CUST03961,2024-05-10,117.74,Clothing
CUST03961,2025-04-02,56.51,Dining
CUST03961,2024-06-05,115.15,Dining
CUST03961,2024-12-24,26.35,Grocery
CUST03961,2025-06-14,12.8,Grocery
CUST03961,2025-02-14,111.59,Dining
CUST03961,2025-02-16,150.27,Clothing
CUST03961,2024-11-02,44.04,Electronics
CUST03961,2024-05-01,31.77,Dining
CUST03961,2025-05-15,33.49,Clothing
CUST03962,2023-04-22,50.5,Travel
CUST03962,2024-02-13,117.01,Travel
CUST03962,2023-05-04,11.63,Travel
CUST03962,2023-03-19,182.22,Dining
CUST03962,2023-06-20,36.42,Electronics
CUST03962,2022-03-13,85.36,Travel
CUST03962,2022-11-25,50.74,Travel
CUST03962,2024-01-12,16.36,Grocery
CUST03962,2022-06-09,6.36,Electronics
CUST03962,2023-10-03,20.95,Grocery
CUST03962,2025-05-19,125.62,Clothing
CUST03962,2024-05-25,45.17,Travel
CUST03962,2023-11-17,132.52,Dining
CUST03962,2023-01-10,84.86,Travel
CUST03962,2025-07-09,54.33,Clothing
CUST03962,2022-10-24,65.63,Electronics
CUST03962,2024-04-06,58.63,Clothing
CUST03962,2021-10-05,7.5,Dining
CUST03962,2023-05-12,54.1,Grocery
CUST03962,2024-09-21,42.57,Travel
CUST03962,2022-09-28,63.66,Travel
CUST03962,2024-10-16,25.22,Travel
CUST03962,2022-03-30,6.07,Electronics
CUST03962,2021-09-22,340.35,Electronics
CUST03962,2021-09-28,51.93,Dining
CUST03962,2024-06-13,118.58,Grocery
CUST03962,2025-03-23,37.04,Electronics
CUST03962,2024-06-16,155.67,Travel
CUST03962,2023-04-12,399.16,Travel
CUST03962,2023-12-14,61.06,Grocery
CUST03962,2022-03-11,64.09,Dining
CUST03962,2024-05-29,26.11,Dining
CUST03962,2023-03-14,7.46,Dining
CUST03962,2022-01-25,48.34,Travel
CUST03962,2022-02-17,146.45,Travel
CUST03962,2024-04-27,45.89,Travel
CUST03962,2023-08-03,30.92,Dining
CUST03962,2024-03-19,30.35,Clothing
CUST03962,2023-07-07,94.07,Grocery
CUST03962,2021-10-29,117.61,Grocery
CUST03962,2023-12-26,7.19,Grocery
CUST03962,2022-03-22,18.75,Dining
CUST03962,2022-02-12,17.61,Clothing
CUST03962,2025-01-19,107.25,Grocery
CUST03962,2024-08-24,8.18,Electronics
CUST03962,2022-05-24,60.2,Clothing
CUST03962,2024-06-05,200.69,Travel
CUST03962,2022-06-27,59.73,Travel
CUST03962,2021-11-14,18.14,Clothing
CUST03962,2023-02-10,13.92,Electronics
CUST03962,2021-11-11,17.04,Travel
CUST03962,2025-05-11,40.22,Dining
CUST03962,2024-01-03,19.74,Clothing
CUST03962,2023-06-19,114.75,Travel
CUST03962,2023-02-24,40.34,Dining
CUST03962,2022-11-21,62.85,Grocery
CUST03962,2023-02-28,88.18,Travel
CUST03962,2023-08-31,35.13,Dining
CUST03962,2024-08-02,118.11,Electronics
CUST03962,2024-08-20,302.84,Grocery
CUST03962,2023-08-13,121.13,Travel
CUST03962,2023-07-07,149.48,Dining
CUST03962,2023-02-10,163.28,Grocery
CUST03962,2022-02-16,378.33,Electronics
CUST03962,2022-04-04,13.81,Clothing
CUST03962,2024-08-12,20.89,Dining
CUST03962,2022-12-03,65.3,Dining
CUST03962,2023-03-30,33.57,Electronics
CUST03962,2025-03-10,82.78,Electronics
CUST03962,2024-02-16,13.73,Grocery
CUST03962,2022-05-23,9.76,Travel
CUST03962,2021-10-23,141.57,Travel
CUST03962,2022-03-31,11.32,Grocery
CUST03962,2022-05-05,107.93,Electronics
CUST03962,2024-10-23,109.89,Travel
CUST03962,2022-03-08,44.52,Grocery
CUST03962,2023-12-28,37.61,Clothing
CUST03962,2024-01-19,27.38,Grocery
CUST03962,2022-05-29,185.42,Dining
CUST03962,2022-05-25,307.4,Dining
CUST03962,2024-05-01,69.26,Dining
CUST03962,2023-06-06,37.74,Dining
CUST03962,2022-07-31,210.62,Electronics
CUST03962,2022-11-28,168.27,Electronics
CUST03962,2024-02-08,120.13,Electronics
CUST03962,2022-07-03,24.56,Travel
CUST03962,2025-07-01,11.06,Travel
CUST03962,2024-11-10,226.65,Electronics
CUST03962,2021-09-27,49.64,Clothing
CUST03962,2024-01-05,17.84,Clothing
CUST03962,2023-12-23,27.56,Grocery
CUST03962,2023-10-04,29.68,Grocery
CUST03962,2023-10-06,8.98,Grocery
CUST03963,2024-09-22,14.22,Electronics
CUST03963,2023-11-30,234.37,Electronics
CUST03963,2023-06-21,147.0,Dining
CUST03963,2023-09-28,65.62,Grocery
CUST03963,2023-06-09,57.69,Dining
CUST03963,2024-12-01,92.72,Dining
CUST03963,2023-01-13,275.1,Travel
CUST03963,2025-03-19,224.19,Electronics
CUST03963,2025-05-30,5.44,Travel
CUST03963,2024-02-29,78.42,Dining
CUST03963,2025-04-07,155.17,Dining
CUST03963,2023-08-02,68.86,Dining
CUST03963,2024-08-24,25.26,Clothing
CUST03963,2024-07-18,57.85,Dining
CUST03963,2025-07-20,74.14,Clothing
CUST03963,2023-10-29,289.01,Clothing
CUST03963,2023-04-05,147.91,Dining
CUST03963,2024-01-16,90.38,Clothing
CUST03963,2023-08-09,32.1,Clothing
CUST03963,2024-05-14,274.87,Electronics
CUST03963,2025-07-11,36.9,Dining
CUST03963,2022-12-01,65.85,Clothing
CUST03963,2023-12-04,163.58,Travel
CUST03963,2023-05-31,8.89,Travel
CUST03963,2025-01-17,125.04,Grocery
CUST03963,2022-12-31,106.47,Dining
CUST03963,2022-11-03,153.12,Electronics
CUST03963,2025-05-11,38.42,Clothing
CUST03963,2023-07-25,8.5,Dining
CUST03963,2022-11-05,310.26,Grocery
CUST03963,2023-01-31,128.45,Electronics
CUST03963,2024-12-11,90.67,Electronics
CUST03963,2024-02-27,33.46,Grocery
CUST03963,2024-08-21,44.21,Electronics
CUST03963,2023-10-18,84.14,Dining
CUST03963,2024-11-10,298.25,Grocery
CUST03963,2023-10-18,98.94,Dining
CUST03963,2024-03-31,51.59,Travel
CUST03963,2024-05-04,109.57,Travel
CUST03963,2022-11-14,39.26,Electronics
CUST03963,2024-07-08,38.91,Travel
CUST03963,2023-03-27,14.65,Dining
CUST03963,2023-11-27,32.56,Travel
CUST03963,2023-02-19,41.48,Dining
CUST03963,2025-04-27,138.97,Dining
CUST03963,2024-05-04,205.11,Electronics
CUST03963,2025-07-06,112.95,Clothing
CUST03963,2022-11-08,176.35,Electronics
CUST03963,2025-04-14,18.02,Travel
CUST03963,2024-04-02,149.13,Electronics
CUST03963,2024-06-02,85.29,Travel
CUST03963,2025-03-09,7.99,Grocery
CUST03963,2024-04-17,47.88,Clothing
CUST03963,2024-09-13,36.16,Clothing
CUST03963,2025-02-03,226.89,Travel
CUST03963,2023-12-14,170.92,Travel
CUST03963,2025-05-15,57.77,Dining
CUST03963,2023-04-23,40.5,Travel
CUST03963,2023-04-07,297.93,Electronics
CUST03963,2023-07-30,10.68,Electronics
CUST03963,2024-06-28,76.01,Travel
CUST03963,2024-06-27,138.67,Dining
CUST03963,2024-07-22,53.53,Dining
CUST03963,2024-04-29,92.89,Electronics
CUST03963,2024-03-28,69.59,Grocery
CUST03963,2024-04-14,53.06,Electronics
CUST03963,2023-01-02,5.42,Travel
CUST03963,2024-04-05,42.92,Dining
CUST03963,2024-09-06,45.92,Dining
CUST03963,2023-11-14,104.59,Travel
CUST03963,2024-11-26,432.83,Grocery
CUST03963,2024-05-05,175.84,Clothing
CUST03963,2024-01-28,246.29,Grocery
CUST03963,2023-08-04,50.76,Dining
CUST03963,2024-09-07,85.22,Grocery
CUST03963,2024-01-22,5.46,Dining
CUST03963,2023-01-20,117.25,Dining
CUST03963,2024-02-03,198.23,Electronics
CUST03963,2024-06-06,26.73,Electronics
CUST03963,2025-06-04,130.83,Grocery
CUST03963,2024-07-26,196.85,Dining
CUST03963,2024-01-23,6.56,Travel
CUST03963,2023-05-09,41.97,Grocery
CUST03963,2023-11-18,128.56,Electronics
CUST03963,2025-05-16,52.12,Clothing
CUST03963,2024-01-22,121.21,Travel
CUST03963,2023-11-01,6.39,Grocery
CUST03963,2023-04-25,6.81,Clothing
CUST03963,2023-10-22,35.62,Grocery
CUST03963,2023-03-17,20.5,Grocery
CUST03963,2023-11-29,109.56,Travel
CUST03963,2023-10-05,79.25,Dining
CUST03963,2022-11-05,108.38,Grocery
CUST03963,2023-10-25,282.83,Clothing
CUST03963,2023-04-13,34.8,Grocery
CUST03963,2025-04-04,13.5,Dining
CUST03963,2024-08-10,83.46,Travel
CUST03964,2023-02-16,223.25,Grocery
CUST03964,2024-06-06,63.59,Clothing
CUST03964,2025-05-28,130.62,Clothing
CUST03964,2025-04-02,157.16,Clothing
CUST03964,2024-02-12,201.88,Electronics
CUST03964,2024-10-10,54.78,Travel
CUST03964,2023-10-03,6.87,Travel
CUST03964,2024-03-06,55.87,Clothing
CUST03964,2025-08-01,39.21,Electronics
CUST03964,2025-06-26,50.13,Travel
CUST03964,2024-09-05,108.13,Dining
CUST03964,2024-02-07,129.72,Clothing
CUST03964,2024-10-21,36.98,Clothing
CUST03964,2024-12-02,62.03,Dining
CUST03964,2025-07-12,193.8,Travel
CUST03964,2025-07-02,13.14,Travel
CUST03964,2023-11-25,100.69,Travel
CUST03964,2023-05-01,180.35,Travel
CUST03964,2025-04-19,19.25,Clothing
CUST03964,2024-02-27,27.35,Clothing
CUST03964,2024-06-03,15.18,Travel
CUST03964,2023-01-24,115.95,Electronics
CUST03964,2023-09-23,73.81,Dining
CUST03964,2023-08-15,68.25,Dining
CUST03964,2023-10-07,54.15,Dining
CUST03964,2024-11-23,45.93,Electronics
CUST03964,2024-06-03,81.6,Travel
CUST03964,2024-03-23,140.48,Clothing
CUST03964,2023-01-09,135.76,Grocery
CUST03964,2024-09-25,81.62,Grocery
CUST03964,2024-10-11,352.18,Electronics
CUST03964,2025-07-21,91.29,Clothing
CUST03964,2024-12-30,50.58,Clothing
CUST03964,2024-01-06,8.16,Clothing
CUST03964,2024-05-14,195.33,Electronics
CUST03964,2025-07-04,136.84,Electronics
CUST03964,2025-01-04,168.2,Electronics
CUST03964,2023-11-30,20.5,Travel
CUST03964,2024-11-23,31.89,Grocery
CUST03964,2023-07-29,32.1,Grocery
CUST03964,2024-03-19,32.2,Clothing
CUST03964,2025-08-01,218.75,Travel
CUST03964,2025-07-19,136.3,Dining
CUST03964,2023-12-27,45.39,Grocery
CUST03964,2025-03-03,12.48,Dining
CUST03964,2024-08-06,7.71,Clothing
CUST03964,2023-03-20,136.85,Clothing
CUST03964,2023-08-10,42.61,Clothing
CUST03964,2024-11-07,115.47,Grocery
CUST03964,2023-06-27,43.41,Electronics
CUST03964,2024-06-18,38.62,Clothing
CUST03964,2024-05-05,19.05,Clothing
CUST03964,2025-04-25,24.61,Grocery
CUST03964,2024-11-08,37.13,Travel
CUST03964,2024-01-25,7.92,Travel
CUST03964,2024-10-12,51.1,Electronics
CUST03964,2025-01-10,178.64,Clothing
CUST03964,2024-04-03,31.03,Travel
CUST03964,2023-03-12,15.39,Electronics
CUST03964,2025-01-01,73.41,Travel
CUST03964,2023-10-20,63.59,Dining
CUST03964,2024-10-03,97.43,Electronics
CUST03964,2023-03-14,43.0,Electronics
CUST03964,2024-11-20,95.78,Electronics
CUST03964,2023-03-25,49.37,Travel
CUST03964,2025-07-29,123.37,Electronics
CUST03964,2024-03-14,30.02,Electronics
CUST03964,2024-06-25,46.26,Clothing
CUST03964,2024-09-07,87.2,Travel
CUST03964,2024-06-07,28.52,Dining
CUST03964,2025-06-07,38.5,Clothing
CUST03964,2025-02-10,28.6,Clothing
CUST03964,2025-05-24,34.56,Electronics
CUST03964,2025-03-10,95.08,Clothing
CUST03964,2023-04-11,122.84,Electronics
CUST03964,2024-06-21,101.83,Clothing
CUST03964,2023-03-18,9.96,Grocery
CUST03964,2025-05-06,35.62,Electronics
CUST03964,2023-03-18,312.02,Grocery
CUST03964,2024-09-29,53.42,Clothing
CUST03964,2023-05-27,41.28,Clothing
CUST03964,2024-07-09,65.6,Travel
CUST03964,2024-03-18,176.02,Electronics
CUST03964,2025-05-25,45.61,Electronics
CUST03964,2024-11-03,193.99,Grocery
CUST03964,2024-12-28,72.71,Travel
CUST03964,2023-02-18,6.66,Grocery
CUST03964,2025-02-02,154.79,Dining
CUST03964,2025-06-21,102.2,Clothing
CUST03964,2024-03-13,140.67,Clothing
CUST03964,2024-06-25,24.68,Grocery
CUST03964,2025-06-05,17.46,Electronics
CUST03964,2024-04-08,57.36,Dining
CUST03964,2024-02-09,74.49,Clothing
CUST03964,2023-05-16,6.47,Grocery
CUST03964,2025-04-08,24.14,Dining
CUST03964,2025-06-03,80.19,Grocery
CUST03965,2023-12-20,104.61,Clothing
CUST03965,2022-10-23,94.19,Dining
CUST03965,2024-11-08,28.33,Grocery
CUST03965,2025-07-07,127.68,Grocery
CUST03965,2025-05-24,55.61,Grocery
CUST03965,2022-08-20,9.47,Electronics
CUST03965,2023-08-12,341.62,Grocery
CUST03965,2023-03-06,8.76,Dining
CUST03965,2025-06-12,90.74,Grocery
CUST03965,2023-10-11,25.15,Clothing
CUST03965,2024-09-13,79.4,Clothing
CUST03965,2025-04-06,31.85,Travel
CUST03965,2022-08-29,55.01,Dining
CUST03965,2022-12-25,69.9,Travel
CUST03965,2024-02-09,14.14,Dining
CUST03965,2025-02-01,97.3,Grocery
CUST03965,2024-02-22,28.56,Travel
CUST03965,2023-08-10,57.04,Travel
CUST03965,2023-06-02,267.65,Dining
CUST03965,2024-01-29,46.06,Clothing
CUST03965,2023-06-20,9.73,Grocery
CUST03965,2022-08-22,64.99,Clothing
CUST03965,2025-06-18,96.88,Electronics
CUST03965,2022-09-26,5.18,Dining
CUST03965,2024-10-13,71.38,Grocery
CUST03965,2025-04-20,7.64,Dining
CUST03965,2024-07-02,53.21,Clothing
CUST03965,2025-07-18,60.38,Travel
CUST03965,2024-08-17,26.16,Travel
CUST03965,2024-08-10,69.44,Travel
CUST03965,2025-06-02,52.04,Travel
CUST03965,2023-08-18,175.67,Clothing
CUST03965,2023-04-13,69.38,Grocery
CUST03965,2025-03-01,23.9,Grocery
CUST03965,2024-05-12,229.21,Clothing
CUST03965,2023-01-07,109.67,Travel
CUST03965,2025-03-26,141.04,Grocery
CUST03965,2025-07-06,96.7,Electronics
CUST03965,2022-10-22,37.21,Clothing
CUST03965,2024-07-11,87.6,Clothing
CUST03965,2024-11-03,29.37,Clothing
CUST03965,2023-12-28,6.36,Grocery
CUST03965,2024-02-14,249.32,Electronics
CUST03965,2023-09-20,31.34,Electronics
CUST03965,2025-06-10,55.28,Dining
CUST03965,2022-09-29,56.41,Grocery
CUST03965,2025-05-04,62.63,Grocery
CUST03965,2025-03-25,51.28,Clothing
CUST03965,2023-05-09,60.29,Electronics
CUST03965,2025-07-22,117.1,Grocery
CUST03965,2024-02-09,347.49,Dining
CUST03965,2025-04-04,81.61,Clothing
CUST03965,2024-10-12,95.82,Travel
CUST03965,2022-10-26,262.43,Electronics
CUST03965,2023-11-09,186.54,Grocery
CUST03965,2025-07-22,12.47,Electronics
CUST03965,2022-09-17,27.03,Grocery
CUST03965,2022-09-10,70.24,Clothing
CUST03965,2023-02-13,32.53,Clothing
CUST03965,2023-07-17,357.58,Dining
CUST03965,2025-05-25,24.43,Clothing
CUST03965,2025-04-30,61.78,Travel
CUST03965,2025-07-02,200.43,Clothing
CUST03965,2023-04-22,120.74,Clothing
CUST03965,2024-12-02,20.81,Electronics
CUST03965,2023-08-13,255.86,Clothing
CUST03965,2025-05-28,54.23,Electronics
CUST03965,2025-04-28,41.28,Dining
CUST03965,2023-07-02,10.61,Travel
CUST03965,2024-02-16,80.45,Travel
CUST03965,2024-03-26,16.15,Dining
CUST03965,2023-07-01,8.83,Dining
CUST03965,2024-09-17,54.77,Dining
CUST03965,2025-05-14,129.88,Electronics
CUST03965,2023-12-24,99.14,Electronics
CUST03965,2025-02-02,59.0,Clothing
CUST03965,2025-03-28,30.0,Dining
CUST03965,2024-08-03,38.57,Travel
CUST03965,2025-03-02,29.95,Clothing
CUST03965,2023-10-11,32.59,Clothing
CUST03965,2022-07-23,32.38,Travel
CUST03965,2025-05-12,97.75,Clothing
CUST03965,2024-12-26,65.79,Dining
CUST03965,2023-07-25,56.81,Clothing
CUST03965,2023-06-16,12.06,Dining
CUST03965,2023-06-12,170.77,Grocery
CUST03965,2023-02-01,21.74,Travel
CUST03965,2024-12-18,32.71,Grocery
CUST03965,2024-10-26,24.2,Dining
CUST03965,2023-10-07,171.97,Dining
CUST03965,2024-10-04,22.0,Clothing
CUST03965,2023-09-25,88.57,Travel
CUST03965,2025-05-08,152.04,Travel
CUST03965,2024-01-09,127.75,Travel
CUST03965,2023-02-15,25.97,Travel
CUST03965,2025-01-01,19.44,Electronics
CUST03965,2025-02-03,89.09,Clothing
CUST03965,2024-02-16,42.67,Electronics
CUST03965,2024-06-26,113.29,Clothing
CUST03965,2025-01-24,27.04,Grocery
CUST03965,2024-11-15,17.44,Dining
CUST03965,2022-11-27,265.78,Travel
CUST03966,2023-08-21,61.3,Travel
CUST03966,2025-03-02,40.28,Dining
CUST03966,2022-09-27,18.95,Travel
CUST03966,2021-12-01,58.29,Dining
CUST03966,2024-03-28,10.65,Clothing
CUST03966,2024-07-03,235.22,Electronics
CUST03966,2024-03-24,96.74,Clothing
CUST03966,2024-02-16,7.06,Dining
CUST03966,2022-04-29,8.05,Dining
CUST03966,2022-03-05,61.8,Travel
CUST03966,2025-03-10,15.42,Grocery
CUST03966,2021-12-20,150.23,Clothing
CUST03966,2021-08-11,17.83,Grocery
CUST03966,2024-02-05,44.42,Clothing
CUST03966,2025-05-31,82.57,Grocery
CUST03966,2024-08-06,108.38,Clothing
CUST03966,2023-04-07,138.49,Dining
CUST03966,2023-07-14,198.13,Dining
CUST03966,2023-09-21,46.45,Clothing
CUST03966,2021-07-27,138.71,Travel
CUST03966,2024-11-16,40.27,Electronics
CUST03966,2024-05-23,46.05,Electronics
CUST03966,2021-09-15,38.07,Dining
CUST03966,2024-10-06,141.65,Clothing
CUST03966,2022-05-18,113.91,Dining
CUST03966,2023-08-16,105.59,Dining
CUST03966,2025-07-27,9.36,Travel
CUST03966,2024-10-04,18.39,Electronics
CUST03966,2024-04-10,5.85,Grocery
CUST03966,2022-12-04,139.35,Travel
CUST03966,2023-06-26,114.53,Dining
CUST03966,2025-03-06,23.43,Grocery
CUST03966,2023-11-02,96.04,Electronics
CUST03966,2023-07-10,53.17,Travel
CUST03966,2023-01-04,104.15,Clothing
CUST03966,2023-05-12,30.5,Clothing
CUST03966,2025-07-02,226.17,Electronics
CUST03966,2024-12-16,40.65,Electronics
CUST03966,2022-05-09,145.73,Electronics
CUST03966,2023-09-28,11.99,Travel
CUST03966,2024-01-22,218.02,Grocery
CUST03966,2022-12-15,68.87,Dining
CUST03966,2023-05-08,273.17,Clothing
CUST03966,2024-07-25,39.71,Travel
CUST03966,2022-10-14,37.53,Electronics
CUST03966,2022-05-25,84.17,Travel
CUST03966,2024-03-31,76.34,Dining
CUST03966,2024-06-27,120.66,Dining
CUST03966,2024-04-13,11.7,Electronics
CUST03966,2022-03-02,41.57,Dining
CUST03966,2024-11-26,35.41,Grocery
CUST03966,2025-01-23,26.57,Clothing
CUST03966,2022-04-26,187.37,Dining
CUST03966,2025-07-29,53.67,Grocery
CUST03966,2021-12-03,11.22,Dining
CUST03966,2021-12-29,24.13,Clothing
CUST03966,2025-01-23,68.07,Travel
CUST03966,2022-09-30,16.71,Travel
CUST03966,2022-08-03,39.77,Travel
CUST03966,2022-06-15,35.74,Travel
CUST03966,2024-04-15,92.45,Travel
CUST03966,2023-06-23,384.08,Clothing
CUST03966,2025-01-23,50.95,Travel
CUST03966,2024-01-12,89.32,Travel
CUST03966,2025-07-13,6.15,Electronics
CUST03966,2022-08-26,75.74,Grocery
CUST03966,2023-08-28,43.25,Grocery
CUST03966,2021-12-04,51.58,Dining
CUST03966,2022-06-20,83.81,Grocery
CUST03966,2022-05-14,103.59,Electronics
CUST03966,2021-10-22,46.0,Dining
CUST03966,2024-09-07,6.94,Electronics
CUST03966,2021-11-22,60.35,Electronics
CUST03966,2022-02-05,42.49,Travel
CUST03966,2024-04-04,148.17,Travel
CUST03966,2025-02-23,112.66,Electronics
CUST03966,2022-12-27,124.53,Electronics
CUST03966,2024-02-12,94.06,Travel
CUST03966,2022-05-04,34.84,Dining
CUST03966,2021-10-04,90.6,Grocery
CUST03966,2024-09-13,49.32,Electronics
CUST03966,2022-10-25,115.8,Grocery
CUST03966,2021-09-22,102.76,Travel
CUST03966,2023-12-15,18.95,Grocery
CUST03966,2025-04-08,74.32,Travel
CUST03966,2024-07-24,41.34,Dining
CUST03966,2021-09-15,140.0,Clothing
CUST03966,2022-09-14,25.43,Electronics
CUST03966,2024-11-15,21.29,Clothing
CUST03966,2024-11-17,83.45,Electronics
CUST03966,2022-03-13,128.12,Dining
CUST03966,2022-12-06,34.15,Grocery
CUST03966,2023-03-08,5.8,Grocery
CUST03966,2025-04-18,57.73,Electronics
CUST03966,2023-10-25,13.9,Travel
CUST03966,2023-02-05,198.0,Electronics
CUST03966,2023-10-18,62.38,Clothing
CUST03966,2021-07-15,59.26,Clothing
CUST03966,2022-08-07,42.69,Electronics
CUST03966,2022-01-10,83.61,Travel
CUST03966,2023-02-04,22.55,Grocery
CUST03966,2025-07-30,172.99,Electronics
CUST03966,2024-06-11,47.16,Electronics
CUST03966,2022-02-15,256.2,Electronics
CUST03966,2022-02-19,68.54,Clothing
CUST03966,2024-02-12,102.1,Dining
CUST03966,2023-02-12,91.79,Dining
CUST03966,2021-12-10,49.38,Dining
CUST03967,2023-05-16,230.48,Grocery
CUST03967,2023-02-09,282.58,Electronics
CUST03967,2022-03-10,249.34,Grocery
CUST03967,2022-08-15,119.22,Clothing
CUST03967,2023-10-25,51.61,Electronics
CUST03967,2024-08-28,78.92,Dining
CUST03967,2024-12-30,270.55,Electronics
CUST03967,2022-11-30,7.76,Clothing
CUST03967,2024-09-16,95.04,Clothing
CUST03967,2022-01-15,287.6,Dining
CUST03967,2022-12-20,51.76,Travel
CUST03967,2025-07-07,137.51,Dining
CUST03967,2022-10-27,98.53,Clothing
CUST03967,2024-04-15,46.97,Grocery
CUST03967,2024-05-17,52.78,Dining
CUST03967,2025-04-03,19.68,Clothing
CUST03967,2023-05-06,69.4,Clothing
CUST03967,2023-05-28,51.43,Grocery
CUST03967,2025-02-03,63.48,Dining
CUST03967,2024-03-17,18.78,Dining
CUST03967,2025-02-22,164.4,Dining
CUST03967,2023-12-11,216.11,Electronics
CUST03967,2024-07-22,63.03,Clothing
CUST03967,2023-08-30,41.56,Grocery
CUST03967,2024-06-30,203.88,Electronics
CUST03967,2022-10-17,78.0,Clothing
CUST03967,2022-01-19,8.67,Grocery
CUST03967,2025-04-13,10.43,Grocery
CUST03967,2023-05-29,7.96,Dining
CUST03967,2023-05-18,54.28,Travel
CUST03967,2024-06-25,65.7,Clothing
CUST03967,2024-05-11,184.95,Clothing
CUST03967,2024-12-29,13.97,Travel
CUST03967,2024-01-10,24.75,Dining
CUST03967,2025-06-15,83.15,Travel
CUST03967,2022-11-23,100.36,Electronics
CUST03967,2023-05-27,26.29,Travel
CUST03967,2023-03-24,29.11,Dining
CUST03967,2024-03-11,149.06,Grocery
CUST03967,2023-08-22,258.32,Dining
CUST03967,2024-03-25,25.34,Clothing
CUST03967,2022-08-21,206.14,Travel
CUST03967,2024-02-09,243.19,Travel
CUST03967,2024-04-13,88.64,Electronics
CUST03967,2022-02-18,28.28,Travel
CUST03967,2025-03-18,268.76,Clothing
CUST03967,2025-05-04,54.28,Grocery
CUST03967,2023-05-18,144.48,Travel
CUST03967,2022-07-30,24.95,Travel
CUST03967,2022-09-19,146.1,Electronics
CUST03967,2024-05-22,162.82,Electronics
CUST03967,2022-03-26,69.09,Electronics
CUST03967,2025-01-31,148.23,Grocery
CUST03967,2022-04-24,107.2,Clothing
CUST03967,2023-09-24,67.01,Grocery
CUST03967,2025-03-02,131.87,Travel
CUST03967,2025-01-12,77.93,Electronics
CUST03967,2023-12-13,19.87,Grocery
CUST03967,2025-05-22,423.16,Dining
CUST03967,2022-01-13,6.21,Clothing
CUST03967,2023-03-21,11.8,Grocery
CUST03967,2024-03-03,190.91,Electronics
CUST03967,2023-10-16,365.3,Dining
CUST03967,2023-04-20,40.13,Grocery
CUST03967,2023-05-10,47.45,Dining
CUST03967,2022-11-24,26.86,Grocery
CUST03967,2022-03-03,14.51,Grocery
CUST03967,2025-07-29,71.17,Travel
CUST03967,2024-08-09,59.81,Travel
CUST03967,2023-09-24,27.07,Clothing
CUST03967,2024-07-27,96.67,Dining
CUST03967,2023-09-12,196.81,Clothing
CUST03967,2024-12-17,70.54,Grocery
CUST03967,2024-02-28,40.84,Travel
CUST03967,2022-05-10,39.99,Travel
CUST03967,2022-10-10,91.12,Clothing
CUST03967,2023-02-28,11.44,Clothing
CUST03967,2024-03-18,42.94,Clothing
CUST03967,2022-08-29,113.58,Grocery
CUST03967,2023-08-29,79.72,Electronics
CUST03967,2023-07-16,44.63,Clothing
CUST03967,2022-11-04,155.82,Travel
CUST03967,2025-05-19,72.94,Electronics
CUST03967,2023-03-25,27.84,Travel
CUST03967,2023-10-30,59.54,Grocery
CUST03967,2023-01-03,9.1,Grocery
CUST03967,2023-01-03,152.68,Travel
CUST03967,2023-09-02,240.28,Dining
CUST03967,2023-06-02,39.59,Dining
CUST03967,2024-02-03,28.98,Electronics
CUST03967,2022-08-27,14.85,Grocery
CUST03967,2022-10-14,41.44,Clothing
CUST03967,2025-02-06,75.33,Grocery
CUST03967,2022-12-28,95.75,Travel
CUST03967,2022-07-21,132.96,Clothing
CUST03967,2024-07-06,37.2,Clothing
CUST03967,2024-12-02,8.38,Grocery
CUST03967,2023-11-30,37.04,Electronics
CUST03967,2022-12-20,145.69,Travel
CUST03967,2023-10-04,72.94,Electronics
CUST03967,2024-10-04,47.57,Travel
CUST03967,2022-02-18,77.58,Electronics
CUST03967,2023-08-04,31.45,Dining
CUST03967,2024-01-12,87.94,Clothing
CUST03967,2025-04-13,17.32,Clothing
CUST03967,2024-04-06,190.32,Grocery
CUST03968,2024-06-11,25.4,Clothing
CUST03968,2024-10-12,61.9,Travel
CUST03968,2023-07-07,88.18,Grocery
CUST03968,2024-08-29,91.3,Clothing
CUST03968,2022-12-24,50.82,Clothing
CUST03968,2023-01-29,10.67,Dining
CUST03968,2022-12-09,188.76,Electronics
CUST03968,2025-06-19,55.47,Clothing
CUST03968,2024-11-22,141.45,Grocery
CUST03968,2023-01-14,20.61,Electronics
CUST03968,2024-12-28,18.02,Electronics
CUST03968,2024-04-26,96.89,Grocery
CUST03968,2023-08-26,98.25,Travel
CUST03968,2023-09-04,80.48,Electronics
CUST03968,2022-08-27,161.54,Clothing
CUST03968,2024-09-23,164.34,Clothing
CUST03968,2025-04-18,13.81,Dining
CUST03968,2025-03-10,20.02,Travel
CUST03968,2025-06-09,88.87,Travel
CUST03968,2022-08-16,44.14,Grocery
CUST03968,2023-05-12,172.07,Grocery
CUST03968,2024-05-10,28.9,Electronics
CUST03968,2024-05-01,76.47,Dining
CUST03968,2023-06-30,9.5,Travel
CUST03968,2022-12-06,94.83,Electronics
CUST03968,2025-07-14,294.6,Clothing
CUST03968,2025-02-06,163.98,Dining
CUST03968,2024-04-21,16.13,Electronics
CUST03968,2023-05-22,184.09,Travel
CUST03968,2024-10-11,17.35,Clothing
CUST03968,2023-10-14,47.84,Electronics
CUST03968,2022-11-26,45.05,Travel
CUST03968,2023-01-18,175.28,Clothing
CUST03968,2022-11-12,61.41,Electronics
CUST03968,2024-07-18,61.2,Dining
CUST03968,2022-12-28,19.43,Clothing
CUST03968,2025-03-23,48.86,Grocery
CUST03968,2023-08-24,57.29,Travel
CUST03968,2024-08-20,92.59,Dining
CUST03968,2022-09-12,47.84,Electronics
CUST03968,2023-03-12,9.07,Clothing
CUST03968,2023-01-10,158.49,Dining
CUST03968,2023-03-25,94.87,Electronics
CUST03968,2022-05-26,8.85,Electronics
CUST03968,2024-06-09,83.24,Travel
CUST03968,2025-03-26,131.26,Electronics
CUST03968,2024-10-21,105.73,Electronics
CUST03968,2024-03-24,114.44,Clothing
CUST03968,2024-06-09,45.08,Travel
CUST03968,2023-05-28,42.04,Electronics
CUST03968,2022-06-11,93.45,Grocery
CUST03968,2023-03-16,150.54,Clothing
CUST03968,2023-07-30,44.6,Dining
CUST03968,2022-09-07,35.64,Travel
CUST03968,2024-05-15,34.37,Grocery
CUST03968,2023-08-05,70.22,Dining
CUST03968,2023-07-15,64.54,Clothing
CUST03968,2023-03-26,18.81,Electronics
CUST03968,2022-07-12,191.24,Clothing
CUST03968,2025-04-26,35.96,Dining
CUST03968,2023-07-29,311.22,Grocery
CUST03968,2023-01-09,142.68,Grocery
CUST03968,2024-06-29,45.2,Dining
CUST03968,2023-01-05,23.17,Electronics
CUST03968,2023-09-04,82.16,Electronics
CUST03968,2022-11-01,73.79,Clothing
CUST03968,2022-09-18,307.26,Grocery
CUST03968,2022-07-31,19.58,Dining
CUST03968,2022-10-06,121.41,Travel
CUST03968,2022-12-04,72.03,Dining
CUST03968,2024-02-20,96.05,Electronics
CUST03968,2025-01-20,97.45,Grocery
CUST03968,2025-04-25,101.92,Dining
CUST03968,2025-07-06,240.63,Travel
CUST03968,2023-07-04,9.63,Clothing
CUST03968,2024-06-08,30.18,Travel
CUST03968,2023-09-14,21.95,Travel
CUST03968,2023-08-05,90.63,Grocery
CUST03968,2023-12-26,14.75,Travel
CUST03968,2023-03-05,297.15,Travel
CUST03968,2023-03-04,41.5,Clothing
CUST03968,2023-01-25,242.32,Dining
CUST03968,2024-10-03,7.41,Electronics
CUST03968,2024-08-18,106.44,Clothing
CUST03968,2023-04-27,66.08,Electronics
CUST03968,2022-07-24,25.94,Clothing
CUST03968,2022-05-21,32.44,Electronics
CUST03968,2023-11-02,6.09,Electronics
CUST03968,2023-03-22,82.8,Clothing
CUST03968,2022-09-24,27.03,Clothing
CUST03968,2024-08-30,164.58,Dining
CUST03968,2022-07-07,164.94,Electronics
CUST03968,2023-02-22,78.59,Dining
CUST03968,2024-01-18,6.64,Dining
CUST03968,2023-01-10,125.06,Travel
CUST03968,2023-11-11,44.7,Grocery
CUST03969,2024-07-23,158.79,Clothing
CUST03969,2025-07-12,86.64,Electronics
CUST03969,2023-12-13,102.63,Dining
CUST03969,2023-02-22,141.68,Grocery
CUST03969,2024-11-23,36.2,Dining
CUST03969,2023-02-28,64.87,Travel
CUST03969,2025-07-01,113.23,Grocery
CUST03969,2022-10-06,123.23,Dining
CUST03969,2022-09-02,107.61,Dining
CUST03969,2023-11-01,118.11,Travel
CUST03969,2022-09-18,271.36,Travel
CUST03969,2025-07-25,89.91,Grocery
CUST03969,2023-01-05,117.23,Grocery
CUST03969,2025-03-02,99.7,Grocery
CUST03969,2024-12-25,126.22,Travel
CUST03969,2025-07-03,351.51,Dining
CUST03969,2025-06-16,17.47,Grocery
CUST03969,2022-09-24,10.42,Clothing
CUST03969,2025-05-22,218.83,Dining
CUST03969,2023-06-03,55.08,Clothing
CUST03969,2023-10-22,46.97,Grocery
CUST03969,2024-03-18,32.26,Travel
CUST03969,2024-09-15,71.95,Dining
CUST03969,2024-09-04,43.23,Dining
CUST03969,2023-06-22,13.85,Dining
CUST03969,2023-10-11,263.79,Clothing
CUST03969,2024-07-25,67.41,Electronics
CUST03969,2025-01-23,18.37,Electronics
CUST03969,2023-08-20,22.59,Electronics
CUST03969,2024-10-18,67.64,Grocery
CUST03969,2024-07-17,172.93,Electronics
CUST03969,2024-01-21,203.77,Grocery
CUST03969,2023-10-01,154.37,Dining
CUST03969,2025-07-14,186.25,Dining
CUST03969,2024-03-14,13.45,Grocery
CUST03969,2024-12-28,103.31,Grocery
CUST03969,2024-04-13,158.3,Clothing
CUST03969,2024-11-05,91.75,Clothing
CUST03969,2022-11-19,8.93,Travel
CUST03969,2022-09-16,126.01,Clothing
CUST03969,2022-12-12,11.29,Electronics
CUST03969,2023-10-27,7.5,Electronics
CUST03969,2024-06-28,15.8,Travel
CUST03969,2023-01-25,129.36,Electronics
CUST03969,2025-06-11,189.47,Clothing
CUST03969,2025-05-07,19.55,Dining
CUST03969,2023-04-04,46.13,Electronics
CUST03969,2025-02-22,41.75,Clothing
CUST03969,2025-01-07,239.27,Electronics
CUST03969,2025-07-01,94.42,Electronics
CUST03969,2024-02-26,42.06,Travel
CUST03969,2025-07-03,71.56,Electronics
CUST03969,2025-04-26,85.43,Dining
CUST03969,2023-03-14,95.83,Electronics
CUST03969,2023-08-14,89.89,Clothing
CUST03969,2022-08-15,7.89,Dining
CUST03969,2022-10-23,6.32,Grocery
CUST03969,2022-12-01,81.77,Travel
CUST03969,2025-04-11,75.99,Grocery
CUST03969,2024-08-28,97.73,Dining
CUST03969,2024-07-27,33.77,Clothing
CUST03969,2022-11-09,30.34,Electronics
CUST03969,2022-11-06,81.2,Travel
CUST03969,2024-04-21,62.22,Dining
CUST03969,2022-08-21,25.32,Travel
CUST03969,2022-11-13,27.98,Electronics
CUST03969,2023-10-09,372.75,Electronics
CUST03969,2023-04-02,17.04,Travel
CUST03969,2024-08-13,122.16,Clothing
CUST03969,2025-03-19,53.95,Dining
CUST03969,2023-06-05,10.32,Travel
CUST03969,2023-08-22,43.13,Grocery
CUST03969,2025-06-14,72.76,Travel
CUST03969,2024-07-06,14.79,Grocery
CUST03969,2023-01-06,14.0,Grocery
CUST03969,2025-07-02,33.13,Dining
CUST03969,2024-02-21,135.97,Grocery
CUST03969,2023-10-25,13.82,Travel
CUST03969,2024-08-09,25.37,Dining
CUST03969,2024-06-22,104.77,Grocery
CUST03969,2024-06-05,115.74,Electronics
CUST03969,2022-08-23,6.1,Grocery
CUST03969,2025-06-02,38.51,Travel
CUST03969,2024-01-26,15.07,Clothing
CUST03969,2024-04-17,39.1,Clothing
CUST03969,2024-05-28,17.53,Dining
CUST03969,2024-03-09,55.87,Grocery
CUST03969,2025-02-14,60.07,Travel
CUST03969,2022-08-20,19.6,Dining
CUST03969,2024-06-07,58.25,Travel
CUST03969,2023-12-18,72.68,Clothing
CUST03969,2024-12-30,78.16,Dining
CUST03969,2022-09-04,89.04,Clothing
CUST03969,2024-09-13,87.74,Electronics
CUST03969,2023-01-30,35.16,Clothing
CUST03969,2023-07-02,32.77,Travel
CUST03969,2024-09-03,61.4,Grocery
CUST03969,2024-10-21,30.51,Dining
CUST03969,2023-05-30,48.45,Clothing
CUST03969,2025-04-17,49.95,Dining
CUST03969,2025-04-30,17.2,Electronics
CUST03969,2022-09-21,88.72,Electronics
CUST03969,2025-05-11,141.19,Electronics
CUST03969,2022-08-26,108.79,Travel
CUST03969,2023-12-09,224.88,Dining
CUST03970,2023-09-14,50.3,Travel
CUST03970,2024-08-03,95.35,Dining
CUST03970,2024-07-21,144.41,Dining
CUST03970,2024-01-24,20.3,Dining
CUST03970,2024-02-07,50.6,Travel
CUST03970,2024-07-16,22.53,Clothing
CUST03970,2024-01-11,103.08,Electronics
CUST03970,2023-11-03,67.86,Dining
CUST03970,2023-11-15,11.61,Travel
CUST03970,2025-02-13,47.37,Dining
CUST03970,2024-09-04,132.3,Travel
CUST03970,2025-05-27,29.01,Travel
CUST03970,2024-10-06,48.52,Dining
CUST03970,2025-02-04,91.76,Grocery
CUST03970,2024-03-31,69.99,Grocery
CUST03970,2024-12-09,23.64,Travel
CUST03970,2024-09-09,35.38,Electronics
CUST03970,2025-03-09,29.8,Dining
CUST03970,2023-12-16,148.67,Grocery
CUST03970,2024-02-07,14.02,Clothing
CUST03970,2025-04-06,38.31,Dining
CUST03970,2024-09-01,151.33,Dining
CUST03970,2024-06-30,52.51,Dining
CUST03970,2023-09-02,54.33,Clothing
CUST03970,2024-04-01,298.15,Clothing
CUST03970,2024-01-13,11.94,Travel
CUST03970,2024-04-03,126.34,Electronics
CUST03970,2024-07-14,9.76,Dining
CUST03970,2024-11-20,149.57,Travel
CUST03970,2024-03-23,23.04,Grocery
CUST03970,2025-03-26,38.14,Clothing
CUST03970,2024-03-15,66.54,Grocery
CUST03970,2023-11-29,71.1,Grocery
CUST03970,2023-10-09,247.56,Electronics
CUST03970,2023-10-09,62.08,Grocery
CUST03970,2023-09-18,42.65,Clothing
CUST03970,2024-08-29,148.54,Travel
CUST03970,2024-07-17,76.28,Electronics
CUST03970,2023-11-05,127.0,Travel
CUST03970,2025-07-24,102.01,Dining
CUST03970,2024-04-01,42.1,Grocery
CUST03970,2024-08-15,92.39,Grocery
CUST03970,2024-05-06,252.28,Travel
CUST03970,2024-07-12,87.77,Dining
CUST03970,2023-12-12,94.54,Electronics
CUST03970,2025-04-23,56.37,Dining
CUST03970,2025-03-10,47.18,Grocery
CUST03970,2023-10-16,88.26,Electronics
CUST03970,2024-06-22,12.38,Clothing
CUST03970,2025-04-03,43.19,Dining
CUST03970,2025-07-13,248.17,Grocery
CUST03970,2024-04-26,97.24,Dining
CUST03970,2023-09-07,59.84,Travel
CUST03970,2024-03-22,17.97,Dining
CUST03970,2025-05-10,28.34,Travel
CUST03970,2023-10-09,20.6,Grocery
CUST03970,2025-01-18,21.87,Travel
CUST03970,2024-05-09,29.42,Dining
CUST03970,2024-12-07,150.71,Electronics
CUST03970,2024-11-07,86.43,Dining
CUST03970,2025-01-12,132.57,Dining
CUST03970,2023-09-02,15.12,Dining
CUST03970,2024-07-26,37.72,Grocery
CUST03970,2023-10-26,13.71,Electronics
CUST03970,2024-05-14,81.05,Electronics
CUST03970,2025-07-10,39.55,Clothing
CUST03970,2023-12-31,70.79,Clothing
CUST03970,2023-10-23,139.9,Dining
CUST03970,2023-09-13,18.14,Travel
CUST03970,2024-07-28,90.11,Dining
CUST03970,2025-07-03,70.8,Travel
CUST03970,2025-05-03,83.16,Clothing
CUST03970,2025-05-27,170.78,Electronics
CUST03970,2023-10-30,84.28,Travel
CUST03970,2025-04-05,27.52,Clothing
CUST03970,2025-05-16,118.73,Dining
CUST03970,2025-06-24,24.92,Electronics
CUST03970,2024-04-21,37.28,Electronics
CUST03970,2024-03-11,9.01,Travel
CUST03970,2024-08-21,23.82,Grocery
CUST03970,2023-09-10,60.3,Electronics
CUST03970,2024-04-01,15.43,Dining
CUST03970,2025-01-12,45.79,Dining
CUST03970,2024-07-30,31.73,Electronics
CUST03970,2025-06-13,114.01,Dining
CUST03970,2023-09-18,20.29,Clothing
CUST03970,2025-06-20,120.79,Clothing
CUST03970,2025-05-20,16.9,Grocery
CUST03970,2023-11-01,126.11,Travel
CUST03970,2024-10-19,37.93,Travel
CUST03970,2025-05-27,33.1,Grocery
CUST03970,2024-06-06,8.25,Clothing
CUST03970,2023-09-26,83.19,Electronics
CUST03970,2024-03-09,102.05,Clothing
CUST03970,2025-04-27,34.77,Electronics
CUST03970,2025-05-31,115.47,Electronics
CUST03970,2024-10-24,45.17,Travel
CUST03970,2025-03-07,16.42,Dining
CUST03970,2024-08-26,56.03,Clothing
CUST03970,2024-12-08,157.24,Travel
CUST03970,2025-01-24,16.83,Electronics
CUST03970,2025-06-06,436.48,Dining
CUST03970,2023-11-27,43.36,Travel
CUST03970,2024-07-02,88.62,Electronics
CUST03970,2025-07-12,199.37,Clothing
CUST03970,2025-07-19,174.18,Dining
CUST03970,2024-07-25,20.62,Grocery
CUST03970,2023-11-17,93.55,Travel
CUST03970,2024-10-28,8.9,Electronics
CUST03971,2025-01-27,46.3,Dining
CUST03971,2025-03-18,22.93,Clothing
CUST03971,2025-07-05,94.17,Clothing
CUST03971,2025-01-20,100.38,Travel
CUST03971,2025-04-09,85.56,Electronics
CUST03971,2025-07-27,55.17,Electronics
CUST03971,2025-01-09,111.08,Travel
CUST03971,2025-02-03,72.1,Travel
CUST03971,2025-04-23,19.42,Travel
CUST03971,2024-11-30,24.45,Grocery
CUST03971,2025-05-21,43.74,Grocery
CUST03971,2025-05-23,75.11,Travel
CUST03971,2025-05-14,71.09,Dining
CUST03971,2025-03-03,51.51,Dining
CUST03971,2025-06-11,71.61,Dining
CUST03971,2025-03-02,10.58,Clothing
CUST03971,2025-07-09,53.49,Grocery
CUST03971,2025-02-13,21.48,Grocery
CUST03971,2025-03-29,38.48,Dining
CUST03971,2025-03-22,83.49,Grocery
CUST03971,2025-05-08,137.41,Clothing
CUST03971,2025-04-16,136.01,Electronics
CUST03971,2024-11-22,72.32,Grocery
CUST03971,2025-02-14,188.71,Electronics
CUST03971,2025-01-09,55.74,Dining
CUST03971,2025-02-11,33.55,Dining
CUST03971,2025-06-14,5.25,Grocery
CUST03971,2025-05-14,140.43,Travel
CUST03971,2025-04-25,44.0,Grocery
CUST03971,2025-06-22,162.74,Clothing
CUST03971,2024-12-12,17.97,Dining
CUST03971,2025-05-24,65.99,Travel
CUST03971,2024-12-25,99.27,Electronics
CUST03971,2025-05-09,32.62,Grocery
CUST03971,2025-07-21,150.99,Grocery
CUST03971,2025-03-05,35.45,Electronics
CUST03971,2025-04-25,32.56,Grocery
CUST03971,2025-01-22,5.98,Clothing
CUST03971,2025-01-08,277.01,Travel
CUST03971,2025-03-21,21.9,Electronics
CUST03971,2024-12-15,28.19,Electronics
CUST03971,2024-12-29,17.12,Travel
CUST03971,2025-04-10,107.46,Grocery
CUST03971,2025-01-08,98.07,Dining
CUST03971,2025-01-26,42.36,Travel
CUST03971,2025-07-08,125.4,Grocery
CUST03971,2025-02-03,52.25,Clothing
CUST03971,2025-03-08,37.54,Clothing
CUST03971,2025-03-01,106.29,Travel
CUST03971,2025-02-14,41.52,Grocery
CUST03971,2024-11-23,13.81,Dining
CUST03971,2024-12-15,145.3,Grocery
CUST03971,2025-07-09,12.48,Grocery
CUST03971,2025-03-10,118.56,Clothing
CUST03971,2025-07-16,37.29,Grocery
CUST03971,2025-05-05,60.62,Dining
CUST03971,2025-01-15,337.99,Electronics
CUST03971,2025-06-04,39.96,Electronics
CUST03971,2025-03-09,108.23,Grocery
CUST03971,2025-06-22,65.18,Electronics
CUST03971,2024-11-21,31.04,Clothing
CUST03971,2025-01-14,16.41,Travel
CUST03971,2025-03-27,159.38,Travel
CUST03971,2024-12-07,50.71,Dining
CUST03971,2024-11-16,82.4,Travel
CUST03971,2025-05-14,167.3,Dining
CUST03971,2025-05-14,111.45,Grocery
CUST03971,2025-02-27,139.41,Grocery
CUST03971,2025-03-06,29.25,Grocery
CUST03971,2025-05-17,211.55,Dining
CUST03971,2025-07-15,103.31,Dining
CUST03971,2025-07-13,36.84,Dining
CUST03971,2024-12-21,26.93,Travel
CUST03971,2024-11-21,71.43,Electronics
CUST03971,2025-02-19,43.51,Grocery
CUST03971,2025-05-17,52.39,Dining
CUST03971,2025-04-04,80.74,Electronics
CUST03971,2024-11-22,86.96,Grocery
CUST03971,2025-02-06,11.5,Clothing
CUST03971,2024-11-18,25.11,Clothing
CUST03971,2025-06-04,90.57,Electronics
CUST03971,2025-06-05,78.29,Grocery
CUST03971,2025-03-19,40.4,Dining
CUST03971,2025-04-09,131.51,Dining
CUST03971,2025-03-10,8.21,Grocery
CUST03971,2025-01-09,53.15,Dining
CUST03971,2025-03-18,115.64,Travel
CUST03971,2025-02-12,110.69,Travel
CUST03971,2024-12-20,14.83,Clothing
CUST03971,2025-05-09,44.95,Travel
CUST03971,2025-02-24,40.19,Travel
CUST03971,2024-11-07,166.29,Clothing
CUST03971,2025-02-01,82.43,Travel
CUST03971,2024-11-14,48.67,Dining
CUST03971,2024-12-22,16.56,Clothing
CUST03971,2025-02-05,82.79,Dining
CUST03971,2025-04-09,130.01,Grocery
CUST03971,2025-02-24,81.58,Electronics
CUST03971,2025-07-12,56.28,Electronics
CUST03971,2025-07-24,11.01,Clothing
CUST03971,2024-12-12,66.72,Travel
CUST03971,2024-12-19,21.94,Dining
CUST03971,2025-07-06,175.59,Dining
CUST03971,2024-12-11,26.61,Grocery
CUST03971,2025-06-24,38.97,Dining
CUST03971,2025-06-26,11.64,Grocery
CUST03971,2024-12-01,170.52,Electronics
CUST03971,2025-06-03,8.63,Travel
CUST03971,2025-02-04,62.43,Clothing
CUST03971,2025-04-04,80.71,Grocery
CUST03971,2025-05-06,41.65,Travel
CUST03972,2024-11-08,51.03,Electronics
CUST03972,2025-02-18,28.85,Travel
CUST03972,2024-06-14,77.08,Dining
CUST03972,2024-04-29,84.18,Travel
CUST03972,2024-04-13,32.1,Clothing
CUST03972,2023-11-03,87.01,Travel
CUST03972,2024-10-21,29.87,Dining
CUST03972,2025-07-29,33.37,Clothing
CUST03972,2024-06-01,45.77,Clothing
CUST03972,2024-02-09,53.95,Clothing
CUST03972,2025-06-21,80.19,Clothing
CUST03972,2023-12-15,35.72,Grocery
CUST03972,2024-01-27,30.42,Travel
CUST03972,2025-02-02,20.5,Grocery
CUST03972,2024-05-12,86.07,Travel
CUST03972,2024-05-30,80.45,Travel
CUST03972,2024-04-03,28.97,Travel
CUST03972,2025-04-30,14.54,Clothing
CUST03972,2024-10-16,144.75,Grocery
CUST03972,2024-10-06,292.59,Grocery
CUST03972,2025-06-13,80.05,Electronics
CUST03972,2025-05-18,106.01,Dining
CUST03972,2024-08-31,306.78,Dining
CUST03972,2023-11-12,40.8,Dining
CUST03972,2024-07-18,113.82,Dining
CUST03972,2024-03-26,18.04,Grocery
CUST03972,2024-07-14,86.85,Dining
CUST03972,2024-12-19,47.82,Dining
CUST03972,2025-02-21,41.61,Grocery
CUST03972,2025-07-18,236.41,Grocery
CUST03972,2024-02-21,33.35,Travel
CUST03972,2024-10-31,84.49,Dining
CUST03972,2023-12-01,53.97,Grocery
CUST03972,2023-12-31,20.87,Travel
CUST03972,2025-05-07,71.77,Travel
CUST03972,2023-11-06,47.98,Clothing
CUST03972,2025-07-05,62.98,Travel
CUST03972,2024-08-09,122.85,Electronics
CUST03972,2024-03-25,23.76,Grocery
CUST03972,2023-12-20,121.27,Clothing
CUST03972,2024-03-16,23.26,Clothing
CUST03972,2025-01-28,14.89,Travel
CUST03972,2024-01-18,275.07,Travel
CUST03972,2024-10-25,118.68,Dining
CUST03972,2024-04-14,5.07,Dining
CUST03972,2024-09-03,159.54,Clothing
CUST03972,2024-12-24,19.27,Grocery
CUST03972,2025-05-24,43.48,Travel
CUST03972,2023-11-17,61.02,Dining
CUST03972,2024-12-22,262.75,Grocery
CUST03972,2024-06-24,169.88,Grocery
CUST03972,2024-07-11,49.59,Electronics
CUST03972,2024-10-29,13.94,Dining
CUST03972,2024-04-13,138.87,Electronics
CUST03972,2024-04-24,43.43,Electronics
CUST03972,2025-03-10,26.67,Clothing
CUST03972,2024-01-16,26.09,Clothing
CUST03972,2025-02-14,29.56,Travel
CUST03972,2024-11-25,20.53,Dining
CUST03972,2024-12-20,110.56,Grocery
CUST03972,2024-01-15,126.95,Clothing
CUST03972,2023-12-08,53.5,Dining
CUST03972,2025-01-20,30.6,Travel
CUST03972,2025-04-07,55.21,Dining
CUST03972,2024-05-12,170.35,Electronics
CUST03972,2024-09-05,27.81,Electronics
CUST03972,2024-12-03,63.17,Electronics
CUST03972,2024-04-23,49.19,Clothing
CUST03972,2025-01-23,38.27,Clothing
CUST03972,2024-05-02,6.57,Electronics
CUST03972,2024-03-31,39.24,Grocery
CUST03972,2023-11-19,73.18,Clothing
CUST03972,2025-05-11,61.69,Clothing
CUST03972,2023-11-19,45.45,Travel
CUST03972,2025-01-09,141.55,Electronics
CUST03972,2024-09-29,78.49,Travel
CUST03972,2024-06-10,149.21,Clothing
CUST03972,2025-02-10,67.54,Clothing
CUST03972,2024-05-30,180.05,Clothing
CUST03972,2025-05-19,125.39,Electronics
CUST03972,2024-07-22,74.41,Travel
CUST03972,2024-11-15,46.8,Dining
CUST03972,2024-10-14,34.75,Clothing
CUST03972,2025-04-19,31.86,Travel
CUST03972,2024-03-29,17.31,Grocery
CUST03972,2023-10-09,68.1,Dining
CUST03972,2024-08-31,73.84,Dining
CUST03972,2024-11-08,11.32,Dining
CUST03972,2024-09-02,6.46,Grocery
CUST03972,2025-02-19,71.36,Dining
CUST03972,2023-10-27,24.32,Grocery
CUST03972,2024-12-23,164.15,Travel
CUST03972,2023-10-15,67.76,Travel
CUST03972,2024-07-21,212.32,Electronics
CUST03972,2024-02-26,98.76,Dining
CUST03972,2023-11-20,47.16,Grocery
CUST03972,2024-08-31,251.28,Travel
CUST03972,2024-06-13,187.66,Clothing
CUST03972,2025-02-14,29.59,Clothing
CUST03972,2025-02-15,23.37,Dining
CUST03972,2024-05-24,27.97,Electronics
CUST03972,2025-02-23,164.21,Travel
CUST03972,2025-02-24,96.22,Dining
CUST03972,2024-09-28,29.11,Grocery
CUST03973,2023-08-17,81.42,Travel
CUST03973,2022-05-23,35.94,Electronics
CUST03973,2024-04-27,37.21,Electronics
CUST03973,2024-02-12,24.15,Grocery
CUST03973,2024-11-15,57.17,Travel
CUST03973,2021-11-11,33.93,Dining
CUST03973,2021-08-18,44.01,Travel
CUST03973,2023-02-12,31.46,Travel
CUST03973,2021-12-07,148.94,Travel
CUST03973,2023-04-01,237.54,Grocery
CUST03973,2025-02-06,83.03,Dining
CUST03973,2025-02-09,26.25,Travel
CUST03973,2024-09-20,51.16,Electronics
CUST03973,2022-04-01,127.08,Travel
CUST03973,2023-08-18,112.41,Dining
CUST03973,2022-06-03,10.99,Grocery
CUST03973,2021-06-30,18.09,Clothing
CUST03973,2021-06-10,193.88,Clothing
CUST03973,2024-10-05,58.96,Travel
CUST03973,2023-09-10,127.6,Travel
CUST03973,2024-10-06,142.5,Electronics
CUST03973,2022-09-23,35.41,Grocery
CUST03973,2022-11-23,169.19,Travel
CUST03973,2024-08-17,96.52,Clothing
CUST03973,2024-02-14,40.97,Grocery
CUST03973,2023-04-18,128.78,Electronics
CUST03973,2022-07-21,47.44,Dining
CUST03973,2025-07-18,14.52,Travel
CUST03973,2021-11-17,8.05,Dining
CUST03973,2022-12-02,69.74,Clothing
CUST03973,2021-06-21,408.93,Clothing
CUST03973,2023-11-21,302.26,Travel
CUST03973,2023-01-25,29.59,Travel
CUST03973,2025-04-12,78.93,Clothing
CUST03973,2024-07-08,107.99,Grocery
CUST03973,2024-03-02,5.63,Travel
CUST03973,2021-08-11,72.43,Travel
CUST03973,2021-06-27,229.16,Travel
CUST03973,2021-06-05,26.02,Electronics
CUST03973,2021-07-13,176.18,Clothing
CUST03973,2025-07-02,79.01,Dining
CUST03973,2024-08-09,100.2,Dining
CUST03973,2023-03-16,53.35,Clothing
CUST03973,2022-12-10,6.01,Travel
CUST03973,2022-02-23,27.6,Travel
CUST03973,2022-12-28,227.07,Electronics
CUST03973,2023-07-24,9.53,Dining
CUST03973,2022-12-30,46.47,Clothing
CUST03973,2024-05-04,313.63,Dining
CUST03973,2025-07-21,226.07,Travel
CUST03973,2024-09-05,77.74,Dining
CUST03973,2021-08-30,36.31,Travel
CUST03973,2023-10-07,7.31,Dining
CUST03973,2021-10-23,27.65,Clothing
CUST03973,2024-10-31,27.92,Clothing
CUST03973,2021-11-15,143.29,Clothing
CUST03973,2023-04-16,188.49,Travel
CUST03973,2024-03-26,59.42,Travel
CUST03973,2022-03-12,177.46,Dining
CUST03973,2025-04-19,24.68,Grocery
CUST03973,2025-04-24,6.04,Travel
CUST03973,2025-03-31,5.0,Travel
CUST03973,2025-02-22,163.76,Travel
CUST03973,2023-01-19,187.69,Grocery
CUST03973,2021-09-29,12.13,Dining
CUST03973,2023-12-31,220.92,Grocery
CUST03973,2025-01-31,59.83,Grocery
CUST03973,2022-03-01,39.88,Travel
CUST03973,2022-01-31,8.52,Clothing
CUST03973,2023-03-23,104.52,Clothing
CUST03973,2023-05-13,15.82,Electronics
CUST03973,2022-10-27,22.67,Grocery
CUST03973,2025-03-21,33.56,Grocery
CUST03973,2023-09-05,77.12,Electronics
CUST03973,2021-05-20,22.26,Travel
CUST03973,2022-02-20,37.65,Dining
CUST03973,2022-01-30,339.2,Grocery
CUST03973,2024-07-13,34.14,Clothing
CUST03973,2024-12-28,53.07,Electronics
CUST03973,2023-03-20,70.61,Travel
CUST03973,2025-02-03,30.31,Electronics
CUST03973,2022-03-12,66.95,Dining
CUST03973,2023-10-20,324.6,Electronics
CUST03973,2023-07-18,114.12,Travel
CUST03973,2022-01-31,263.1,Dining
CUST03973,2022-09-28,190.91,Grocery
CUST03973,2022-09-29,20.05,Dining
CUST03973,2021-12-17,81.36,Dining
CUST03973,2023-08-27,144.22,Clothing
CUST03973,2023-06-19,61.46,Grocery
CUST03973,2023-09-13,133.47,Electronics
CUST03973,2021-11-02,36.43,Travel
CUST03973,2021-08-05,149.05,Electronics
CUST03973,2024-02-27,45.52,Dining
CUST03973,2024-12-10,84.65,Clothing
CUST03973,2023-12-28,15.85,Clothing
CUST03973,2021-12-12,176.8,Travel
CUST03973,2022-11-06,141.39,Electronics
CUST03973,2024-02-23,70.15,Electronics
CUST03973,2021-05-06,203.17,Clothing
CUST03973,2023-05-04,10.66,Electronics
CUST03973,2023-03-01,27.2,Dining
CUST03973,2023-03-01,396.19,Electronics
CUST03973,2022-06-18,26.23,Clothing
CUST03973,2022-03-17,77.09,Electronics
CUST03973,2023-06-27,21.29,Travel
CUST03973,2021-07-19,42.66,Travel
CUST03973,2022-06-06,9.34,Travel
CUST03973,2021-05-11,114.08,Grocery
CUST03973,2023-02-20,25.32,Clothing
CUST03973,2024-12-28,67.48,Electronics
CUST03973,2023-04-20,94.59,Clothing
CUST03973,2022-07-09,169.3,Electronics
CUST03973,2023-11-04,14.54,Clothing
CUST03973,2023-03-18,75.0,Clothing
CUST03973,2023-12-07,21.82,Clothing
CUST03974,2024-04-08,196.09,Grocery
CUST03974,2024-11-06,33.48,Clothing
CUST03974,2024-05-27,44.41,Travel
CUST03974,2025-04-21,83.77,Travel
CUST03974,2024-10-15,12.68,Clothing
CUST03974,2024-08-31,78.9,Travel
CUST03974,2024-03-12,192.64,Electronics
CUST03974,2025-07-06,135.49,Travel
CUST03974,2025-06-06,67.35,Travel
CUST03974,2024-02-26,35.15,Grocery
CUST03974,2024-12-02,77.63,Electronics
CUST03974,2024-10-06,60.09,Grocery
CUST03974,2024-10-23,35.23,Clothing
CUST03974,2024-05-05,155.23,Dining
CUST03974,2024-03-28,107.76,Grocery
CUST03974,2025-02-14,16.19,Grocery
CUST03974,2024-05-13,70.49,Dining
CUST03974,2024-12-22,126.06,Travel
CUST03974,2024-05-18,22.07,Travel
CUST03974,2024-09-03,89.34,Electronics
CUST03974,2024-09-08,59.3,Travel
CUST03974,2025-05-01,88.18,Dining
CUST03974,2025-02-18,56.85,Electronics
CUST03974,2024-07-06,153.76,Electronics
CUST03974,2025-03-02,7.86,Grocery
CUST03974,2025-01-22,14.92,Travel
CUST03974,2024-12-22,51.48,Travel
CUST03974,2024-08-29,94.59,Grocery
CUST03974,2024-05-31,21.37,Electronics
CUST03974,2024-06-24,68.2,Dining
CUST03974,2024-07-31,111.37,Travel
CUST03974,2024-04-16,55.73,Grocery
CUST03974,2025-05-21,168.23,Travel
CUST03974,2025-02-01,103.47,Electronics
CUST03974,2025-02-07,294.23,Electronics
CUST03974,2025-03-14,7.17,Dining
CUST03974,2024-08-11,59.14,Dining
CUST03974,2024-09-12,59.32,Electronics
CUST03974,2024-08-25,65.85,Dining
CUST03974,2024-06-26,34.37,Electronics
CUST03974,2024-02-05,56.85,Dining
CUST03974,2025-05-17,16.99,Travel
CUST03974,2025-06-05,25.12,Travel
CUST03974,2024-02-10,92.12,Grocery
CUST03974,2024-11-16,148.64,Clothing
CUST03974,2025-04-01,32.43,Travel
CUST03974,2024-10-08,56.35,Electronics
CUST03974,2025-07-27,5.21,Electronics
CUST03974,2025-05-10,41.69,Dining
CUST03974,2024-02-12,85.75,Dining
CUST03974,2024-01-29,14.46,Dining
CUST03974,2025-04-15,17.78,Grocery
CUST03974,2025-05-28,77.37,Clothing
CUST03974,2025-01-19,24.31,Dining
CUST03974,2024-03-12,24.66,Electronics
CUST03974,2025-05-19,16.27,Electronics
CUST03974,2025-03-27,12.75,Electronics
CUST03974,2024-12-27,284.08,Clothing
CUST03974,2024-09-24,92.33,Electronics
CUST03974,2025-06-10,7.61,Clothing
CUST03974,2024-06-29,60.34,Travel
CUST03974,2024-08-12,27.73,Electronics
CUST03974,2025-06-20,197.7,Dining
CUST03974,2024-01-27,10.36,Clothing
CUST03974,2025-07-22,66.61,Grocery
CUST03974,2025-02-26,113.63,Grocery
CUST03974,2025-07-10,95.94,Travel
CUST03974,2024-07-25,36.01,Electronics
CUST03974,2025-04-20,11.94,Dining
CUST03974,2024-07-08,17.81,Travel
CUST03974,2025-07-06,142.71,Grocery
CUST03974,2024-04-30,26.77,Dining
CUST03974,2024-08-17,17.73,Dining
CUST03974,2025-02-28,43.42,Clothing
CUST03974,2024-06-20,111.79,Dining
CUST03974,2024-08-07,65.05,Electronics
CUST03974,2024-11-22,34.47,Grocery
CUST03974,2024-02-13,56.83,Clothing
CUST03974,2024-10-19,26.92,Electronics
CUST03974,2025-06-21,86.7,Travel
CUST03974,2024-02-19,75.5,Travel
CUST03974,2024-04-17,48.79,Clothing
CUST03974,2025-06-14,53.15,Dining
CUST03974,2025-03-22,286.87,Travel
CUST03974,2025-07-11,26.46,Grocery
CUST03974,2024-03-22,28.37,Travel
CUST03975,2023-04-22,155.42,Grocery
CUST03975,2025-02-18,275.2,Electronics
CUST03975,2024-12-27,327.89,Clothing
CUST03975,2024-02-16,54.87,Electronics
CUST03975,2024-07-05,62.7,Electronics
CUST03975,2024-10-14,124.23,Electronics
CUST03975,2022-10-08,56.9,Dining
CUST03975,2024-02-11,118.72,Electronics
CUST03975,2023-01-26,76.76,Electronics
CUST03975,2024-01-12,86.87,Clothing
CUST03975,2023-04-21,21.55,Travel
CUST03975,2024-06-02,275.04,Electronics
CUST03975,2024-12-18,50.22,Grocery
CUST03975,2023-06-04,52.82,Travel
CUST03975,2022-10-07,63.47,Dining
CUST03975,2022-12-24,31.94,Travel
CUST03975,2022-12-27,26.04,Travel
CUST03975,2025-05-06,245.79,Travel
CUST03975,2024-03-17,133.26,Dining
CUST03975,2024-04-25,158.81,Electronics
CUST03975,2023-04-14,51.41,Grocery
CUST03975,2023-05-06,134.77,Clothing
CUST03975,2024-04-01,28.08,Dining
CUST03975,2025-05-19,201.36,Electronics
CUST03975,2023-12-21,64.91,Travel
CUST03975,2022-10-18,40.49,Dining
CUST03975,2023-05-13,91.75,Dining
CUST03975,2023-06-29,57.87,Electronics
CUST03975,2023-09-05,59.96,Dining
CUST03975,2023-03-22,147.79,Clothing
CUST03975,2024-03-07,107.43,Clothing
CUST03975,2023-03-29,48.46,Electronics
CUST03975,2023-01-10,75.89,Travel
CUST03975,2024-08-04,47.23,Clothing
CUST03975,2023-05-05,269.92,Clothing
CUST03975,2023-09-19,127.31,Dining
CUST03975,2025-07-05,96.86,Electronics
CUST03975,2022-07-23,8.78,Grocery
CUST03975,2024-04-11,62.85,Clothing
CUST03975,2023-06-23,72.46,Grocery
CUST03975,2022-11-21,124.68,Travel
CUST03975,2025-06-01,141.72,Travel
CUST03975,2022-07-07,58.75,Electronics
CUST03975,2024-09-01,27.65,Dining
CUST03975,2024-10-28,111.29,Clothing
CUST03975,2024-02-21,388.92,Travel
CUST03975,2025-04-27,40.88,Dining
CUST03975,2024-03-22,9.9,Grocery
CUST03975,2023-01-18,51.89,Travel
CUST03975,2023-04-24,54.73,Dining
CUST03975,2023-12-03,86.35,Electronics
CUST03975,2023-09-03,24.25,Clothing
CUST03975,2024-05-29,55.29,Electronics
CUST03975,2022-06-22,37.75,Dining
CUST03975,2023-03-18,194.94,Travel
CUST03975,2022-08-21,9.46,Electronics
CUST03975,2024-05-09,31.07,Grocery
CUST03975,2024-04-12,48.96,Electronics
CUST03975,2022-07-15,81.11,Dining
CUST03975,2024-02-24,54.75,Travel
CUST03975,2025-02-09,197.15,Clothing
CUST03975,2024-04-25,50.54,Clothing
CUST03975,2024-01-20,91.6,Electronics
CUST03975,2025-06-30,26.24,Dining
CUST03975,2023-07-07,93.46,Clothing
CUST03975,2022-11-30,84.01,Grocery
CUST03975,2023-10-03,19.49,Grocery
CUST03975,2024-04-16,152.37,Clothing
CUST03975,2024-08-01,35.23,Electronics
CUST03975,2024-02-16,77.27,Travel
CUST03975,2025-04-01,198.23,Grocery
CUST03975,2024-12-04,35.65,Electronics
CUST03975,2022-08-25,32.34,Dining
CUST03975,2024-09-01,406.86,Electronics
CUST03975,2024-05-02,20.64,Dining
CUST03975,2024-11-07,19.21,Clothing
CUST03975,2024-12-30,113.73,Travel
CUST03975,2022-07-28,18.24,Electronics
CUST03975,2022-11-09,68.22,Electronics
CUST03975,2023-05-18,23.47,Clothing
CUST03975,2023-06-20,23.02,Clothing
CUST03975,2025-03-14,106.48,Travel
CUST03975,2025-04-09,59.91,Clothing
CUST03975,2022-12-16,9.74,Grocery
CUST03975,2023-08-16,22.65,Grocery
CUST03975,2025-05-08,14.72,Travel
CUST03975,2022-08-27,70.28,Clothing
CUST03975,2025-07-06,20.27,Grocery
CUST03975,2025-04-02,27.74,Dining
CUST03975,2023-01-22,54.19,Dining
CUST03975,2023-06-05,59.15,Grocery
CUST03975,2023-10-13,148.98,Electronics
CUST03975,2024-07-19,10.91,Grocery
CUST03975,2024-03-14,17.2,Electronics
CUST03975,2023-10-07,89.17,Grocery
CUST03975,2024-12-20,154.0,Grocery
CUST03975,2022-08-04,8.86,Clothing
CUST03975,2023-03-26,7.91,Grocery
CUST03975,2022-12-24,124.98,Clothing
CUST03976,2024-10-03,118.43,Travel
CUST03976,2023-01-20,12.17,Dining
CUST03976,2023-11-26,66.42,Dining
CUST03976,2024-11-10,27.69,Clothing
CUST03976,2024-06-28,40.32,Dining
CUST03976,2023-04-08,41.74,Grocery
CUST03976,2023-09-06,116.79,Clothing
CUST03976,2024-04-24,39.35,Clothing
CUST03976,2022-07-03,14.86,Grocery
CUST03976,2023-04-07,8.9,Clothing
CUST03976,2023-10-08,42.06,Grocery
CUST03976,2023-03-22,75.63,Travel
CUST03976,2025-04-14,53.55,Electronics
CUST03976,2023-08-25,18.47,Grocery
CUST03976,2024-10-03,49.2,Electronics
CUST03976,2022-11-17,270.08,Clothing
CUST03976,2024-03-07,220.33,Travel
CUST03976,2022-07-10,5.9,Electronics
CUST03976,2024-01-04,14.05,Clothing
CUST03976,2024-07-30,122.37,Electronics
CUST03976,2023-02-24,218.76,Clothing
CUST03976,2025-07-03,30.06,Electronics
CUST03976,2023-10-31,84.44,Grocery
CUST03976,2023-04-22,75.84,Travel
CUST03976,2024-08-08,39.29,Travel
CUST03976,2024-03-11,37.92,Travel
CUST03976,2022-03-21,144.4,Dining
CUST03976,2024-09-29,17.21,Travel
CUST03976,2022-11-29,55.48,Electronics
CUST03976,2025-01-13,290.2,Grocery
CUST03976,2022-07-10,52.04,Clothing
CUST03976,2024-04-10,27.44,Electronics
CUST03976,2022-06-01,24.41,Travel
CUST03976,2022-01-17,43.89,Clothing
CUST03976,2022-08-30,73.84,Dining
CUST03976,2023-06-03,12.22,Electronics
CUST03976,2024-01-08,58.81,Travel
CUST03976,2023-01-17,31.51,Grocery
CUST03976,2023-07-12,73.72,Electronics
CUST03976,2022-12-09,99.9,Clothing
CUST03976,2023-10-27,7.81,Electronics
CUST03976,2025-05-03,53.41,Dining
CUST03976,2024-07-09,142.84,Clothing
CUST03976,2025-01-06,282.03,Electronics
CUST03976,2024-06-26,17.48,Travel
CUST03976,2022-12-07,9.1,Clothing
CUST03976,2024-10-27,118.23,Clothing
CUST03976,2022-01-25,31.39,Grocery
CUST03976,2024-04-19,287.82,Grocery
CUST03976,2022-01-30,51.25,Clothing
CUST03976,2024-09-22,12.43,Clothing
CUST03976,2024-04-26,93.5,Electronics
CUST03976,2025-03-19,62.73,Grocery
CUST03976,2025-06-22,53.47,Electronics
CUST03976,2024-04-08,49.25,Dining
CUST03976,2024-12-24,15.47,Dining
CUST03976,2023-06-09,77.89,Electronics
CUST03976,2024-06-03,93.66,Travel
CUST03976,2025-07-17,23.07,Clothing
CUST03976,2024-10-29,66.25,Dining
CUST03976,2022-08-15,55.97,Travel
CUST03976,2022-02-17,206.63,Grocery
CUST03976,2022-06-06,5.32,Dining
CUST03976,2022-04-10,51.02,Clothing
CUST03976,2023-09-02,32.33,Clothing
CUST03976,2023-10-23,129.21,Dining
CUST03976,2022-03-13,18.12,Clothing
CUST03976,2023-05-15,115.49,Electronics
CUST03976,2025-05-27,75.21,Travel
CUST03976,2024-04-07,48.82,Grocery
CUST03976,2025-04-09,7.51,Electronics
CUST03976,2025-07-05,102.86,Electronics
CUST03976,2022-10-07,82.66,Travel
CUST03976,2023-01-26,6.09,Travel
CUST03976,2023-05-20,312.73,Electronics
CUST03976,2023-02-03,17.4,Clothing
CUST03976,2023-10-28,20.36,Electronics
CUST03976,2023-03-14,64.9,Grocery
CUST03976,2024-06-05,36.42,Dining
CUST03976,2022-01-17,157.14,Dining
CUST03976,2022-04-24,62.92,Electronics
CUST03976,2023-06-19,26.61,Clothing
CUST03976,2022-01-07,32.81,Clothing
CUST03976,2024-10-25,17.11,Grocery
CUST03976,2023-06-29,136.04,Grocery
CUST03976,2023-11-24,99.76,Electronics
CUST03976,2024-02-12,27.16,Dining
CUST03976,2023-03-11,39.88,Electronics
CUST03976,2024-06-03,123.67,Grocery
CUST03976,2024-09-25,166.26,Travel
CUST03976,2025-07-09,136.54,Grocery
CUST03976,2023-11-25,15.94,Electronics
CUST03976,2024-06-07,34.03,Dining
CUST03976,2023-11-09,19.38,Electronics
CUST03976,2024-05-11,32.45,Clothing
CUST03976,2025-07-04,77.18,Grocery
CUST03976,2024-06-21,31.62,Grocery
CUST03976,2025-01-24,96.44,Electronics
CUST03977,2022-08-13,38.93,Dining
CUST03977,2024-10-01,191.42,Grocery
CUST03977,2025-06-03,84.61,Dining
CUST03977,2024-11-18,332.77,Clothing
CUST03977,2024-05-10,221.98,Dining
CUST03977,2023-09-14,105.99,Clothing
CUST03977,2024-07-17,136.44,Electronics
CUST03977,2023-04-26,13.6,Clothing
CUST03977,2024-04-18,27.96,Travel
CUST03977,2021-08-22,152.6,Clothing
CUST03977,2022-05-27,7.11,Travel
CUST03977,2021-08-26,72.72,Grocery
CUST03977,2021-11-22,119.38,Dining
CUST03977,2025-06-17,7.78,Dining
CUST03977,2021-12-29,121.42,Grocery
CUST03977,2023-09-27,9.02,Electronics
CUST03977,2023-01-18,16.97,Travel
CUST03977,2023-01-29,29.98,Grocery
CUST03977,2022-12-20,105.08,Dining
CUST03977,2023-10-05,49.68,Electronics
CUST03977,2022-12-21,307.9,Dining
CUST03977,2024-09-16,11.55,Travel
CUST03977,2024-08-27,110.04,Travel
CUST03977,2024-03-31,13.76,Grocery
CUST03977,2024-02-08,130.32,Dining
CUST03977,2025-06-03,7.35,Dining
CUST03977,2024-09-26,63.5,Clothing
CUST03977,2024-05-16,65.42,Electronics
CUST03977,2023-03-14,9.04,Clothing
CUST03977,2023-05-16,60.9,Electronics
CUST03977,2023-01-15,40.28,Grocery
CUST03977,2024-07-17,190.44,Electronics
CUST03977,2025-03-20,95.54,Electronics
CUST03977,2022-04-23,51.65,Grocery
CUST03977,2023-11-20,113.41,Dining
CUST03977,2025-06-28,12.27,Dining
CUST03977,2022-04-23,5.74,Electronics
CUST03977,2025-06-07,83.03,Grocery
CUST03977,2021-10-18,51.14,Travel
CUST03977,2021-08-14,97.04,Grocery
CUST03977,2022-11-27,22.58,Electronics
CUST03977,2024-10-02,73.55,Clothing
CUST03977,2021-11-11,9.28,Electronics
CUST03977,2023-09-14,52.2,Travel
CUST03977,2022-07-06,56.04,Dining
CUST03977,2022-08-13,121.21,Clothing
CUST03977,2024-07-13,27.79,Travel
CUST03977,2023-05-31,169.8,Grocery
CUST03977,2024-04-28,16.1,Grocery
CUST03977,2023-08-09,47.79,Grocery
CUST03977,2021-12-12,48.0,Dining
CUST03977,2024-05-13,37.04,Electronics
CUST03977,2021-12-11,202.76,Clothing
CUST03977,2023-03-25,108.36,Grocery
CUST03977,2024-09-26,52.4,Electronics
CUST03977,2023-06-02,22.75,Travel
CUST03977,2024-01-05,20.49,Dining
CUST03977,2024-08-15,286.49,Electronics
CUST03977,2023-04-08,75.14,Travel
CUST03977,2023-01-25,82.33,Dining
CUST03977,2021-07-15,37.54,Travel
CUST03977,2022-05-23,43.56,Electronics
CUST03977,2022-09-25,85.69,Travel
CUST03977,2022-09-30,15.31,Dining
CUST03977,2023-10-19,102.76,Grocery
CUST03977,2024-12-31,155.55,Grocery
CUST03977,2025-07-23,31.54,Electronics
CUST03977,2024-05-23,33.78,Dining
CUST03977,2021-12-13,216.94,Grocery
CUST03977,2022-04-21,14.05,Dining
CUST03977,2025-03-05,83.65,Grocery
CUST03977,2021-11-03,57.19,Dining
CUST03977,2024-10-03,22.17,Travel
CUST03977,2021-10-15,143.02,Travel
CUST03977,2022-01-07,407.19,Clothing
CUST03977,2025-06-10,113.98,Clothing
CUST03977,2021-10-05,43.31,Clothing
CUST03977,2025-05-11,183.06,Grocery
CUST03977,2023-03-20,62.07,Electronics
CUST03977,2022-02-08,25.56,Electronics
CUST03977,2021-07-19,48.05,Dining
CUST03977,2024-03-10,16.72,Grocery
CUST03977,2021-08-16,24.44,Electronics
CUST03977,2025-01-13,59.14,Clothing
CUST03977,2022-09-05,26.67,Electronics
CUST03977,2024-08-27,20.0,Grocery
CUST03977,2021-09-10,78.46,Clothing
CUST03977,2021-08-16,66.13,Grocery
CUST03977,2022-08-06,24.29,Clothing
CUST03977,2023-10-07,45.29,Electronics
CUST03977,2021-07-16,16.22,Electronics
CUST03977,2022-11-04,144.24,Grocery
CUST03977,2023-03-04,235.54,Electronics
CUST03977,2022-06-24,79.18,Travel
CUST03977,2025-01-21,19.8,Electronics
CUST03977,2022-01-15,168.0,Electronics
CUST03977,2024-06-04,71.64,Dining
CUST03977,2025-04-18,49.96,Dining
CUST03977,2021-10-14,21.93,Dining
CUST03977,2022-09-21,216.05,Clothing
CUST03977,2022-07-24,18.05,Electronics
CUST03977,2021-12-27,62.27,Grocery
CUST03977,2021-07-01,15.82,Electronics
CUST03978,2023-11-23,51.98,Dining
CUST03978,2021-12-31,72.88,Clothing
CUST03978,2025-03-10,52.81,Clothing
CUST03978,2024-04-28,40.33,Dining
CUST03978,2024-07-26,11.27,Clothing
CUST03978,2024-04-02,92.22,Grocery
CUST03978,2025-02-27,342.51,Clothing
CUST03978,2023-06-02,252.69,Electronics
CUST03978,2022-05-16,30.68,Clothing
CUST03978,2023-04-07,113.53,Dining
CUST03978,2024-01-11,182.39,Clothing
CUST03978,2022-04-25,239.31,Clothing
CUST03978,2023-07-21,74.41,Travel
CUST03978,2025-02-27,130.9,Grocery
CUST03978,2022-08-23,91.59,Travel
CUST03978,2024-04-11,55.52,Dining
CUST03978,2024-05-27,30.58,Clothing
CUST03978,2022-02-06,291.21,Electronics
CUST03978,2022-11-26,22.66,Travel
CUST03978,2025-05-24,24.79,Dining
CUST03978,2024-12-14,146.03,Dining
CUST03978,2021-10-16,94.02,Grocery
CUST03978,2024-10-29,74.17,Dining
CUST03978,2022-03-10,158.86,Electronics
CUST03978,2023-11-24,26.01,Travel
CUST03978,2023-08-18,48.58,Dining
CUST03978,2022-07-12,125.71,Grocery
CUST03978,2023-08-10,49.72,Dining
CUST03978,2024-03-27,31.88,Dining
CUST03978,2023-10-06,129.21,Electronics
CUST03978,2023-11-16,123.21,Dining
CUST03978,2022-01-21,416.7,Travel
CUST03978,2022-09-28,35.18,Electronics
CUST03978,2023-02-11,20.21,Electronics
CUST03978,2021-12-19,9.55,Travel
CUST03978,2021-11-18,6.07,Clothing
CUST03978,2022-04-26,136.96,Dining
CUST03978,2024-07-16,125.08,Travel
CUST03978,2024-02-18,33.16,Dining
CUST03978,2022-03-20,60.2,Clothing
CUST03978,2025-02-21,12.0,Travel
CUST03978,2023-05-29,27.86,Electronics
CUST03978,2022-09-04,61.29,Clothing
CUST03978,2023-10-26,64.51,Travel
CUST03978,2024-03-02,60.52,Grocery
CUST03978,2023-01-11,104.24,Clothing
CUST03978,2024-07-31,9.02,Dining
CUST03978,2025-07-21,54.16,Clothing
CUST03978,2025-02-27,102.94,Dining
CUST03978,2021-10-13,40.94,Grocery
CUST03978,2024-10-27,119.35,Dining
CUST03978,2022-06-12,159.82,Clothing
CUST03978,2023-07-12,79.93,Dining
CUST03978,2023-07-13,59.57,Electronics
CUST03978,2021-10-19,145.91,Electronics
CUST03978,2024-12-15,196.59,Travel
CUST03978,2024-02-20,111.89,Travel
CUST03978,2024-09-15,157.43,Travel
CUST03978,2023-09-03,9.23,Electronics
CUST03978,2024-09-21,62.0,Dining
CUST03978,2024-06-12,37.36,Clothing
CUST03978,2025-08-01,40.04,Travel
CUST03978,2024-03-05,114.78,Grocery
CUST03978,2025-04-05,558.63,Dining
CUST03978,2022-08-03,12.59,Travel
CUST03978,2024-02-22,71.23,Dining
CUST03978,2022-08-20,45.01,Grocery
CUST03978,2024-12-09,24.69,Travel
CUST03978,2023-09-01,506.92,Travel
CUST03978,2024-09-29,191.38,Dining
CUST03978,2024-05-22,164.22,Grocery
CUST03978,2025-04-08,81.43,Travel
CUST03978,2022-11-10,73.02,Travel
CUST03978,2023-10-14,12.43,Clothing
CUST03978,2021-12-26,35.0,Clothing
CUST03978,2025-03-28,6.57,Travel
CUST03978,2022-12-05,6.62,Grocery
CUST03978,2024-01-23,35.08,Travel
CUST03978,2022-04-19,5.95,Electronics
CUST03978,2022-03-10,30.79,Grocery
CUST03978,2025-02-15,69.95,Travel
CUST03978,2022-07-24,61.05,Clothing
CUST03978,2022-10-12,75.57,Dining
CUST03978,2021-10-08,232.1,Clothing
CUST03978,2025-03-29,45.27,Clothing
CUST03978,2023-05-17,76.31,Grocery
CUST03978,2023-06-07,121.68,Travel
CUST03978,2022-05-02,122.43,Electronics
CUST03978,2024-11-01,121.19,Travel
CUST03979,2024-12-11,88.12,Dining
CUST03979,2022-03-01,169.39,Grocery
CUST03979,2024-06-14,22.95,Electronics
CUST03979,2024-08-16,68.61,Clothing
CUST03979,2023-02-23,30.46,Electronics
CUST03979,2022-06-08,37.82,Dining
CUST03979,2025-04-18,94.54,Travel
CUST03979,2022-08-11,130.76,Electronics
CUST03979,2022-04-12,8.88,Clothing
CUST03979,2024-08-01,185.1,Dining
CUST03979,2023-09-17,53.42,Grocery
CUST03979,2025-04-22,101.36,Grocery
CUST03979,2022-07-03,12.06,Travel
CUST03979,2022-01-09,22.18,Travel
CUST03979,2024-08-19,12.82,Dining
CUST03979,2023-11-29,29.62,Clothing
CUST03979,2023-03-15,196.61,Travel
CUST03979,2024-09-23,72.08,Travel
CUST03979,2022-01-11,186.54,Dining
CUST03979,2024-04-06,368.25,Travel
CUST03979,2022-03-26,112.0,Grocery
CUST03979,2025-07-29,177.7,Electronics
CUST03979,2024-01-09,173.32,Clothing
CUST03979,2022-06-27,24.72,Grocery
CUST03979,2023-11-23,29.63,Grocery
CUST03979,2025-06-28,207.55,Grocery
CUST03979,2024-07-30,106.31,Travel
CUST03979,2022-09-26,284.57,Travel
CUST03979,2025-04-04,61.92,Clothing
CUST03979,2023-03-11,8.57,Grocery
CUST03979,2024-10-13,67.75,Dining
CUST03979,2025-02-04,26.38,Travel
CUST03979,2022-11-07,81.6,Electronics
CUST03979,2022-08-14,27.17,Grocery
CUST03979,2022-04-27,389.41,Travel
CUST03979,2024-10-03,136.03,Grocery
CUST03979,2022-12-29,147.48,Clothing
CUST03979,2023-07-24,163.94,Dining
CUST03979,2022-12-12,474.87,Dining
CUST03979,2023-07-02,66.25,Grocery
CUST03979,2022-03-28,84.34,Clothing
CUST03979,2024-01-04,26.67,Grocery
CUST03979,2022-02-28,168.02,Electronics
CUST03979,2025-07-07,7.24,Dining
CUST03979,2022-12-12,128.47,Clothing
CUST03979,2022-02-13,72.48,Grocery
CUST03979,2022-02-15,60.0,Clothing
CUST03979,2023-11-18,18.14,Grocery
CUST03979,2022-09-20,241.62,Grocery
CUST03979,2024-07-03,13.79,Clothing
CUST03979,2022-04-06,41.99,Dining
CUST03979,2022-04-17,26.38,Electronics
CUST03979,2024-10-06,56.86,Travel
CUST03979,2023-07-21,21.88,Dining
CUST03979,2023-07-17,9.65,Grocery
CUST03979,2023-02-21,55.75,Dining
CUST03979,2024-06-21,19.5,Electronics
CUST03979,2023-08-31,50.46,Dining
CUST03979,2024-08-03,21.69,Dining
CUST03979,2025-03-28,9.54,Travel
CUST03979,2024-11-20,25.65,Dining
CUST03979,2023-12-14,26.83,Travel
CUST03979,2023-04-19,166.54,Dining
CUST03979,2022-11-08,12.11,Grocery
CUST03979,2022-07-07,22.29,Grocery
CUST03979,2023-01-12,27.21,Dining
CUST03979,2022-08-14,127.37,Travel
CUST03979,2023-06-29,17.3,Grocery
CUST03979,2023-03-22,294.35,Clothing
CUST03979,2022-08-30,28.24,Clothing
CUST03979,2025-03-06,9.43,Grocery
CUST03979,2022-07-25,164.67,Clothing
CUST03979,2024-10-25,15.1,Grocery
CUST03979,2023-03-22,42.33,Dining
CUST03979,2024-05-08,9.69,Dining
CUST03979,2022-11-20,18.66,Electronics
CUST03979,2024-04-25,22.95,Electronics
CUST03979,2023-08-18,375.67,Grocery
CUST03979,2022-08-30,129.3,Clothing
CUST03979,2022-07-25,36.06,Grocery
CUST03979,2024-07-06,52.35,Clothing
CUST03979,2023-03-05,61.12,Dining
CUST03979,2025-04-02,73.29,Dining
CUST03979,2022-02-17,155.42,Grocery
CUST03979,2024-06-02,9.78,Travel
CUST03979,2023-04-17,22.08,Grocery
CUST03979,2023-08-16,37.44,Travel
CUST03979,2022-01-30,267.99,Clothing
CUST03979,2025-03-14,143.81,Clothing
CUST03979,2024-09-06,101.78,Clothing
CUST03979,2025-02-14,13.49,Grocery
CUST03979,2023-02-17,203.72,Electronics
CUST03979,2024-03-01,185.42,Dining
CUST03979,2024-05-27,131.5,Dining
CUST03979,2023-09-16,22.28,Travel
CUST03979,2023-04-23,64.47,Travel
CUST03979,2023-01-03,73.63,Dining
CUST03979,2024-09-16,47.32,Clothing
CUST03979,2024-01-06,172.23,Grocery
CUST03979,2022-07-28,160.44,Clothing
CUST03979,2022-11-16,123.3,Dining
CUST03979,2023-09-11,55.75,Clothing
CUST03979,2023-03-26,120.69,Travel
CUST03979,2022-02-19,30.83,Grocery
CUST03979,2022-01-22,62.24,Grocery
CUST03979,2024-04-05,240.86,Clothing
CUST03980,2023-11-21,30.45,Clothing
CUST03980,2023-12-17,7.75,Grocery
CUST03980,2025-02-01,33.63,Electronics
CUST03980,2024-03-07,144.85,Grocery
CUST03980,2023-10-26,22.53,Travel
CUST03980,2024-02-02,62.75,Travel
CUST03980,2025-03-05,9.44,Electronics
CUST03980,2025-05-30,47.65,Dining
CUST03980,2023-10-19,5.09,Clothing
CUST03980,2024-08-06,19.32,Clothing
CUST03980,2024-01-12,37.17,Dining
CUST03980,2024-02-02,20.08,Clothing
CUST03980,2024-06-29,27.25,Clothing
CUST03980,2024-09-17,168.37,Dining
CUST03980,2024-09-06,63.39,Electronics
CUST03980,2024-01-25,15.31,Dining
CUST03980,2025-03-22,246.0,Grocery
CUST03980,2024-04-24,15.68,Electronics
CUST03980,2024-07-12,46.62,Travel
CUST03980,2025-07-07,15.11,Grocery
CUST03980,2023-10-28,108.78,Clothing
CUST03980,2024-07-05,83.75,Dining
CUST03980,2024-03-13,18.62,Travel
CUST03980,2024-10-15,32.47,Clothing
CUST03980,2025-03-22,185.83,Travel
CUST03980,2024-11-12,70.83,Clothing
CUST03980,2024-04-30,16.75,Grocery
CUST03980,2025-03-24,37.66,Electronics
CUST03980,2024-06-29,52.39,Electronics
CUST03980,2024-07-12,13.12,Dining
CUST03980,2024-03-29,17.87,Electronics
CUST03980,2024-12-06,394.97,Dining
CUST03980,2025-07-19,27.19,Grocery
CUST03980,2024-05-13,69.93,Electronics
CUST03980,2025-06-16,13.3,Dining
CUST03980,2025-03-17,12.03,Dining
CUST03980,2024-03-23,31.8,Grocery
CUST03980,2023-10-02,35.99,Travel
CUST03980,2024-11-19,92.26,Dining
CUST03980,2024-01-01,60.07,Travel
CUST03980,2024-10-16,11.46,Grocery
CUST03980,2024-12-09,220.5,Clothing
CUST03980,2024-05-19,14.69,Grocery
CUST03980,2023-10-28,136.51,Dining
CUST03980,2024-12-26,6.43,Travel
CUST03980,2024-09-29,66.83,Travel
CUST03980,2024-04-11,13.88,Clothing
CUST03980,2023-11-19,56.03,Clothing
CUST03980,2025-03-27,47.87,Clothing
CUST03980,2024-08-16,191.84,Travel
CUST03980,2025-07-29,209.58,Clothing
CUST03980,2024-08-14,98.45,Grocery
CUST03980,2023-10-18,111.31,Travel
CUST03980,2025-02-17,58.92,Grocery
CUST03980,2024-12-30,23.64,Dining
CUST03980,2023-11-19,51.28,Grocery
CUST03980,2024-08-20,302.89,Grocery
CUST03980,2024-01-19,28.75,Dining
CUST03980,2025-07-20,77.3,Travel
CUST03980,2025-03-22,61.95,Electronics
CUST03980,2024-06-06,155.28,Grocery
CUST03980,2024-04-24,36.89,Travel
CUST03980,2024-12-17,46.35,Electronics
CUST03980,2024-05-04,145.25,Clothing
CUST03980,2024-05-20,5.11,Dining
CUST03980,2024-07-26,46.59,Grocery
CUST03980,2024-09-26,53.91,Electronics
CUST03980,2024-08-09,39.06,Travel
CUST03980,2023-11-01,218.1,Grocery
CUST03980,2025-04-30,58.21,Travel
CUST03980,2024-09-18,50.72,Dining
CUST03980,2024-01-31,118.84,Electronics
CUST03980,2023-12-29,49.91,Electronics
CUST03980,2024-08-02,371.05,Clothing
CUST03980,2024-08-29,166.54,Clothing
CUST03980,2024-12-27,101.57,Travel
CUST03980,2024-11-25,90.91,Grocery
CUST03980,2025-01-14,115.2,Clothing
CUST03980,2024-07-02,14.06,Dining
CUST03980,2024-03-27,10.74,Clothing
CUST03980,2024-08-06,12.33,Electronics
CUST03980,2025-07-22,62.07,Grocery
CUST03980,2024-09-03,74.87,Travel
CUST03980,2023-10-29,53.17,Travel
CUST03980,2025-02-04,179.21,Electronics
CUST03980,2024-07-16,44.62,Electronics
CUST03980,2024-04-11,138.17,Electronics
CUST03980,2024-10-01,58.98,Dining
CUST03980,2024-06-29,51.61,Grocery
CUST03980,2024-08-08,90.95,Grocery
CUST03980,2024-01-26,279.14,Dining
CUST03980,2024-12-06,87.82,Dining
CUST03980,2025-04-05,40.59,Clothing
CUST03980,2025-01-03,240.12,Grocery
CUST03980,2023-10-30,26.46,Clothing
CUST03980,2024-10-07,33.49,Grocery
CUST03980,2025-03-28,7.48,Travel
CUST03980,2024-04-23,15.25,Clothing
CUST03980,2025-07-02,126.94,Electronics
CUST03980,2025-03-07,10.18,Travel
CUST03980,2024-12-16,14.71,Clothing
CUST03980,2024-03-07,13.74,Electronics
CUST03980,2025-03-21,459.09,Grocery
CUST03980,2024-08-20,61.15,Grocery
CUST03981,2025-05-13,69.79,Travel
CUST03981,2025-06-21,122.25,Electronics
CUST03981,2025-04-22,222.8,Electronics
CUST03981,2025-06-21,183.73,Electronics
CUST03981,2025-02-10,28.99,Clothing
CUST03981,2025-07-06,29.87,Electronics
CUST03981,2025-03-15,143.33,Grocery
CUST03981,2025-05-25,59.58,Clothing
CUST03981,2025-06-23,117.36,Clothing
CUST03981,2025-01-26,135.34,Electronics
CUST03981,2025-02-16,97.31,Clothing
CUST03981,2025-01-30,52.22,Clothing
CUST03981,2025-03-01,136.32,Electronics
CUST03981,2025-02-16,11.44,Grocery
CUST03981,2025-04-27,194.99,Travel
CUST03981,2025-03-29,13.39,Dining
CUST03981,2025-06-13,19.8,Electronics
CUST03981,2025-05-06,32.65,Dining
CUST03981,2025-05-18,91.22,Travel
CUST03981,2025-02-25,117.38,Electronics
CUST03981,2025-07-05,124.43,Grocery
CUST03981,2025-03-08,95.22,Grocery
CUST03981,2025-06-20,138.12,Grocery
CUST03981,2025-05-11,23.21,Clothing
CUST03981,2025-04-30,34.45,Dining
CUST03981,2025-02-02,22.77,Electronics
CUST03981,2025-07-05,8.89,Electronics
CUST03981,2025-03-30,85.81,Dining
CUST03981,2025-03-26,12.28,Electronics
CUST03981,2025-04-01,56.78,Clothing
CUST03981,2025-03-20,22.26,Grocery
CUST03981,2025-07-08,540.6,Travel
CUST03981,2025-04-28,31.04,Dining
CUST03981,2025-05-20,48.59,Dining
CUST03981,2025-05-31,55.43,Electronics
CUST03981,2025-04-11,69.45,Clothing
CUST03981,2025-06-11,68.5,Travel
CUST03981,2025-07-20,25.59,Clothing
CUST03981,2025-07-02,111.52,Dining
CUST03981,2025-03-20,198.89,Electronics
CUST03981,2025-04-05,116.97,Travel
CUST03981,2025-07-03,11.34,Travel
CUST03981,2025-07-21,179.11,Travel
CUST03981,2025-07-29,86.44,Electronics
CUST03981,2025-02-25,53.48,Grocery
CUST03981,2025-06-27,13.8,Dining
CUST03981,2025-07-16,23.39,Grocery
CUST03981,2025-03-23,16.41,Dining
CUST03981,2025-02-10,17.18,Dining
CUST03981,2025-03-26,265.07,Travel
CUST03981,2025-05-15,28.9,Electronics
CUST03981,2025-02-27,70.07,Dining
CUST03981,2025-06-29,89.21,Grocery
CUST03981,2025-06-06,56.72,Grocery
CUST03981,2025-07-20,68.29,Electronics
CUST03981,2025-07-10,238.46,Electronics
CUST03981,2025-03-07,117.22,Dining
CUST03981,2025-02-27,45.33,Grocery
CUST03981,2025-06-02,11.35,Travel
CUST03981,2025-05-10,55.69,Grocery
CUST03981,2025-06-10,89.23,Electronics
CUST03981,2025-02-10,130.67,Travel
CUST03981,2025-07-11,10.72,Electronics
CUST03981,2025-05-26,125.78,Clothing
CUST03981,2025-04-21,53.67,Electronics
CUST03981,2025-05-08,113.27,Clothing
CUST03981,2025-04-03,38.84,Grocery
CUST03981,2025-05-29,237.16,Clothing
CUST03981,2025-07-28,126.59,Grocery
CUST03981,2025-06-16,137.28,Clothing
CUST03981,2025-03-22,96.96,Dining
CUST03981,2025-06-05,67.03,Dining
CUST03981,2025-02-25,81.19,Electronics
CUST03981,2025-02-16,49.5,Travel
CUST03981,2025-05-23,28.37,Clothing
CUST03981,2025-02-08,182.45,Travel
CUST03981,2025-07-21,29.95,Electronics
CUST03981,2025-03-02,96.02,Electronics
CUST03981,2025-03-17,39.19,Clothing
CUST03981,2025-06-08,97.76,Dining
CUST03981,2025-04-10,104.96,Grocery
CUST03981,2025-05-25,30.45,Travel
CUST03981,2025-04-03,61.75,Grocery
CUST03981,2025-03-20,37.11,Travel
CUST03981,2025-07-04,14.62,Grocery
CUST03981,2025-04-26,96.63,Dining
CUST03981,2025-06-13,136.88,Electronics
CUST03981,2025-01-25,20.48,Electronics
CUST03981,2025-03-04,38.96,Grocery
CUST03981,2025-07-01,121.39,Travel
CUST03981,2025-07-26,113.42,Dining
CUST03981,2025-01-28,43.95,Grocery
CUST03981,2025-04-12,145.54,Dining
CUST03981,2025-04-02,6.57,Electronics
CUST03981,2025-05-06,96.13,Clothing
CUST03981,2025-02-13,97.95,Dining
CUST03981,2025-07-01,112.55,Electronics
CUST03981,2025-07-29,60.0,Grocery
CUST03981,2025-05-10,31.19,Travel
CUST03981,2025-04-30,77.3,Electronics
CUST03981,2025-04-04,120.54,Grocery
CUST03981,2025-06-11,25.8,Clothing
CUST03981,2025-05-13,76.03,Travel
CUST03981,2025-02-05,6.23,Dining
CUST03981,2025-02-08,96.28,Electronics
CUST03981,2025-05-05,105.96,Grocery
CUST03981,2025-05-23,288.84,Clothing
CUST03981,2025-04-03,32.85,Electronics
CUST03981,2025-06-25,45.9,Travel
CUST03981,2025-06-29,198.2,Clothing
CUST03982,2023-12-15,19.12,Travel
CUST03982,2024-04-06,90.08,Electronics
CUST03982,2024-02-11,24.75,Dining
CUST03982,2023-03-29,39.28,Dining
CUST03982,2025-05-03,226.15,Grocery
CUST03982,2022-11-26,35.34,Grocery
CUST03982,2023-09-08,50.82,Electronics
CUST03982,2025-06-25,111.42,Electronics
CUST03982,2025-03-17,29.67,Grocery
CUST03982,2022-10-29,24.55,Electronics
CUST03982,2023-10-01,30.59,Electronics
CUST03982,2023-12-03,34.3,Dining
CUST03982,2024-02-24,47.22,Electronics
CUST03982,2024-12-09,74.6,Grocery
CUST03982,2023-12-15,82.46,Dining
CUST03982,2025-04-30,31.85,Travel
CUST03982,2023-12-06,159.83,Grocery
CUST03982,2025-05-05,78.29,Grocery
CUST03982,2023-11-11,35.42,Clothing
CUST03982,2023-04-07,92.0,Dining
CUST03982,2024-08-25,92.54,Electronics
CUST03982,2024-09-24,67.78,Travel
CUST03982,2023-12-09,10.61,Travel
CUST03982,2024-06-04,167.13,Electronics
CUST03982,2022-12-05,34.74,Grocery
CUST03982,2023-06-20,54.17,Grocery
CUST03982,2024-02-24,132.02,Travel
CUST03982,2024-05-01,22.53,Dining
CUST03982,2024-03-23,65.16,Travel
CUST03982,2024-06-13,67.15,Travel
CUST03982,2025-02-25,15.2,Electronics
CUST03982,2024-01-01,22.17,Dining
CUST03982,2023-06-07,47.88,Clothing
CUST03982,2025-03-17,96.05,Travel
CUST03982,2023-10-05,57.64,Clothing
CUST03982,2023-10-27,24.98,Dining
CUST03982,2024-11-24,129.0,Clothing
CUST03982,2025-04-20,5.56,Dining
CUST03982,2024-09-01,99.45,Clothing
CUST03982,2024-07-27,94.7,Clothing
CUST03982,2023-01-04,24.86,Clothing
CUST03982,2024-10-11,5.81,Electronics
CUST03982,2024-02-04,70.75,Travel
CUST03982,2023-09-12,180.01,Dining
CUST03982,2024-07-06,63.24,Grocery
CUST03982,2023-09-21,88.25,Travel
CUST03982,2024-11-08,113.73,Dining
CUST03982,2024-08-04,111.89,Dining
CUST03982,2023-05-15,39.42,Travel
CUST03982,2024-10-17,56.02,Clothing
CUST03982,2022-10-03,19.71,Electronics
CUST03982,2022-09-20,12.16,Grocery
CUST03982,2023-09-25,54.15,Grocery
CUST03982,2024-12-23,35.99,Grocery
CUST03982,2024-04-15,21.94,Grocery
CUST03982,2022-08-14,6.07,Clothing
CUST03982,2022-11-07,116.26,Electronics
CUST03982,2024-12-01,31.81,Dining
CUST03982,2025-03-29,163.33,Clothing
CUST03982,2023-03-07,208.54,Dining
CUST03982,2025-01-03,93.75,Dining
CUST03982,2024-09-09,15.77,Electronics
CUST03982,2022-12-12,220.0,Travel
CUST03982,2023-12-25,41.9,Electronics
CUST03982,2022-12-18,13.14,Dining
CUST03982,2024-04-22,103.8,Travel
CUST03982,2024-11-09,15.73,Grocery
CUST03982,2024-12-01,23.4,Clothing
CUST03982,2022-08-29,105.38,Clothing
CUST03982,2023-04-14,38.63,Electronics
CUST03982,2024-07-25,47.53,Grocery
CUST03982,2025-02-17,23.91,Clothing
CUST03982,2022-11-26,65.08,Electronics
CUST03982,2022-08-09,14.47,Dining
CUST03982,2022-08-04,180.68,Clothing
CUST03982,2024-09-08,119.29,Grocery
CUST03982,2023-03-04,30.12,Travel
CUST03982,2023-12-01,155.17,Clothing
CUST03982,2022-11-16,165.93,Grocery
CUST03982,2025-07-08,37.46,Travel
CUST03982,2025-06-14,21.6,Electronics
CUST03982,2022-09-22,37.64,Dining
CUST03982,2025-05-01,5.71,Dining
CUST03982,2024-05-11,62.03,Electronics
CUST03982,2023-12-05,69.35,Clothing
CUST03982,2025-04-26,120.49,Electronics
CUST03982,2025-07-11,19.42,Electronics
CUST03982,2024-05-15,78.78,Clothing
CUST03982,2023-05-01,91.76,Dining
CUST03982,2023-11-24,54.35,Dining
CUST03982,2024-11-08,55.75,Clothing
CUST03982,2024-06-15,15.25,Clothing
CUST03982,2025-06-10,19.36,Travel
CUST03982,2025-05-17,117.74,Grocery
CUST03982,2023-07-20,9.47,Grocery
CUST03982,2025-03-28,45.23,Travel
CUST03982,2024-04-12,40.44,Grocery
CUST03982,2023-05-03,116.45,Dining
CUST03982,2024-07-02,26.78,Dining
CUST03982,2023-05-22,66.99,Dining
CUST03982,2024-04-24,18.57,Electronics
CUST03983,2024-10-09,128.57,Travel
CUST03983,2024-08-09,100.5,Grocery
CUST03983,2024-12-19,135.26,Travel
CUST03983,2025-07-07,84.26,Grocery
CUST03983,2024-07-15,9.78,Travel
CUST03983,2025-02-13,72.32,Dining
CUST03983,2025-04-25,60.02,Dining
CUST03983,2025-06-23,221.85,Clothing
CUST03983,2024-09-16,6.54,Travel
CUST03983,2024-08-14,36.89,Electronics
CUST03983,2025-01-01,178.91,Clothing
CUST03983,2025-06-19,40.52,Clothing
CUST03983,2025-04-02,197.05,Grocery
CUST03983,2024-11-27,57.61,Electronics
CUST03983,2024-11-12,260.49,Electronics
CUST03983,2024-10-09,67.32,Clothing
CUST03983,2024-07-08,26.3,Electronics
CUST03983,2024-09-29,12.49,Travel
CUST03983,2024-06-12,24.23,Travel
CUST03983,2024-10-16,134.82,Travel
CUST03983,2025-02-08,53.93,Dining
CUST03983,2025-02-22,134.43,Clothing
CUST03983,2025-01-23,23.26,Clothing
CUST03983,2024-02-08,123.27,Travel
CUST03983,2025-02-27,76.46,Dining
CUST03983,2024-10-23,7.99,Clothing
CUST03983,2024-04-28,240.97,Clothing
CUST03983,2024-09-02,163.71,Grocery
CUST03983,2024-03-02,16.95,Travel
CUST03983,2024-04-30,49.4,Clothing
CUST03983,2024-07-14,345.0,Travel
CUST03983,2024-06-14,27.42,Travel
CUST03983,2025-05-07,17.12,Clothing
CUST03983,2024-06-10,308.12,Clothing
CUST03983,2024-12-27,269.66,Dining
CUST03983,2025-07-28,121.03,Travel
CUST03983,2025-01-19,48.41,Electronics
CUST03983,2025-06-11,15.89,Dining
CUST03983,2025-01-23,9.35,Travel
CUST03983,2025-02-20,63.01,Electronics
CUST03983,2024-03-27,95.37,Grocery
CUST03983,2024-09-09,6.53,Electronics
CUST03983,2024-03-21,105.15,Grocery
CUST03983,2024-07-03,40.97,Travel
CUST03983,2025-03-24,14.45,Dining
CUST03983,2025-05-03,96.44,Dining
CUST03983,2024-10-06,113.38,Travel
CUST03983,2024-04-25,235.07,Travel
CUST03983,2025-02-19,46.03,Clothing
CUST03983,2024-09-11,33.25,Travel
CUST03983,2025-03-20,83.76,Clothing
CUST03983,2025-05-18,229.6,Dining
CUST03983,2024-07-31,126.0,Dining
CUST03983,2025-07-24,16.21,Electronics
CUST03983,2024-03-23,37.14,Grocery
CUST03983,2024-03-28,322.67,Travel
CUST03983,2025-05-16,39.87,Electronics
CUST03983,2025-02-12,36.98,Grocery
CUST03983,2024-07-28,52.39,Electronics
CUST03983,2025-05-01,162.6,Electronics
CUST03983,2025-03-17,245.41,Grocery
CUST03983,2025-02-17,20.67,Grocery
CUST03983,2024-08-06,71.9,Grocery
CUST03983,2025-02-11,15.24,Clothing
CUST03983,2024-06-27,180.16,Dining
CUST03983,2025-07-04,141.25,Dining
CUST03983,2024-12-03,22.27,Travel
CUST03983,2024-02-11,34.34,Travel
CUST03983,2025-01-05,116.72,Travel
CUST03983,2024-04-16,77.95,Dining
CUST03983,2025-02-15,18.69,Electronics
CUST03983,2024-11-12,27.39,Electronics
CUST03983,2024-06-09,114.94,Travel
CUST03983,2024-09-15,65.75,Dining
CUST03983,2025-03-17,73.65,Electronics
CUST03983,2024-04-15,21.03,Dining
CUST03983,2025-07-26,85.1,Travel
CUST03983,2024-02-20,39.85,Dining
CUST03983,2024-04-20,174.88,Clothing
CUST03983,2024-10-12,61.13,Electronics
CUST03983,2024-06-18,10.59,Travel
CUST03983,2025-03-22,195.96,Clothing
CUST03983,2025-07-16,241.92,Electronics
CUST03983,2024-12-20,143.43,Travel
CUST03983,2024-09-01,30.79,Grocery
CUST03983,2024-11-15,30.05,Grocery
CUST03983,2024-11-10,7.32,Electronics
CUST03983,2024-07-17,17.97,Travel
CUST03983,2024-02-16,134.86,Grocery
CUST03983,2025-07-04,29.07,Travel
CUST03983,2024-10-20,19.92,Travel
CUST03983,2024-04-20,176.91,Dining
CUST03983,2024-03-05,87.14,Grocery
CUST03983,2025-03-10,12.92,Travel
CUST03983,2024-04-02,202.34,Clothing
CUST03983,2025-04-11,28.08,Grocery
CUST03983,2024-09-28,23.19,Travel
CUST03983,2024-03-23,67.54,Clothing
CUST03983,2024-09-26,97.71,Grocery
CUST03983,2025-02-20,136.14,Grocery
CUST03983,2025-07-02,11.65,Clothing
CUST03983,2025-01-21,135.23,Travel
CUST03983,2025-05-08,59.48,Travel
CUST03983,2025-04-02,149.21,Clothing
CUST03983,2025-02-01,58.91,Grocery
CUST03983,2024-06-19,151.77,Grocery
CUST03983,2024-07-12,24.49,Clothing
CUST03984,2024-05-06,77.16,Clothing
CUST03984,2024-09-15,52.85,Dining
CUST03984,2023-10-26,257.04,Dining
CUST03984,2023-02-23,81.36,Electronics
CUST03984,2024-11-04,132.6,Travel
CUST03984,2025-06-19,362.15,Travel
CUST03984,2024-04-25,22.43,Clothing
CUST03984,2025-01-21,9.18,Travel
CUST03984,2024-11-08,304.29,Clothing
CUST03984,2022-11-26,67.12,Clothing
CUST03984,2023-03-18,47.69,Electronics
CUST03984,2024-05-03,223.76,Clothing
CUST03984,2022-12-10,80.25,Electronics
CUST03984,2023-06-17,56.33,Grocery
CUST03984,2022-10-10,122.24,Grocery
CUST03984,2023-07-23,28.74,Clothing
CUST03984,2022-10-18,134.41,Electronics
CUST03984,2025-07-28,63.92,Travel
CUST03984,2025-05-24,5.15,Electronics
CUST03984,2023-02-26,20.56,Travel
CUST03984,2024-11-06,27.73,Dining
CUST03984,2023-07-17,17.44,Travel
CUST03984,2024-04-24,13.33,Grocery
CUST03984,2025-05-17,6.21,Grocery
CUST03984,2025-07-04,137.25,Clothing
CUST03984,2023-03-03,110.36,Grocery
CUST03984,2023-04-26,50.39,Travel
CUST03984,2025-04-21,73.6,Clothing
CUST03984,2023-03-18,199.87,Dining
CUST03984,2023-06-10,156.57,Electronics
CUST03984,2025-03-10,50.22,Electronics
CUST03984,2024-03-04,29.89,Dining
CUST03984,2024-06-25,275.7,Travel
CUST03984,2024-07-02,267.74,Dining
CUST03984,2023-09-15,22.78,Grocery
CUST03984,2023-05-30,122.84,Grocery
CUST03984,2023-07-20,14.76,Dining
CUST03984,2023-12-07,71.43,Dining
CUST03984,2025-05-31,144.26,Clothing
CUST03984,2024-09-15,401.24,Grocery
CUST03984,2024-04-12,139.95,Dining
CUST03984,2023-09-03,58.85,Grocery
CUST03984,2025-04-04,131.27,Clothing
CUST03984,2024-07-01,130.6,Travel
CUST03984,2025-06-05,68.65,Travel
CUST03984,2023-01-28,39.04,Grocery
CUST03984,2024-08-19,174.02,Electronics
CUST03984,2024-06-30,143.02,Grocery
CUST03984,2023-04-23,180.59,Electronics
CUST03984,2022-06-22,15.45,Grocery
CUST03984,2022-10-11,119.95,Clothing
CUST03984,2023-06-06,139.43,Clothing
CUST03984,2023-09-25,79.92,Grocery
CUST03984,2023-12-14,212.15,Dining
CUST03984,2023-05-09,53.57,Travel
CUST03984,2023-12-17,82.61,Electronics
CUST03984,2024-10-15,201.83,Grocery
CUST03984,2025-04-10,231.71,Grocery
CUST03984,2024-10-28,525.23,Electronics
CUST03984,2024-12-24,175.21,Clothing
CUST03984,2024-01-12,99.25,Electronics
CUST03984,2023-10-04,189.2,Electronics
CUST03984,2023-11-20,123.9,Grocery
CUST03984,2023-12-16,118.35,Grocery
CUST03984,2024-01-23,79.11,Dining
CUST03984,2022-08-10,70.23,Dining
CUST03984,2024-03-04,35.35,Clothing
CUST03984,2022-08-12,79.23,Dining
CUST03984,2025-01-16,49.74,Clothing
CUST03984,2024-01-04,215.76,Travel
CUST03984,2023-01-01,18.94,Electronics
CUST03984,2023-06-10,19.12,Clothing
CUST03984,2025-03-28,14.33,Electronics
CUST03984,2025-07-04,36.38,Electronics
CUST03985,2024-06-03,46.64,Grocery
CUST03985,2023-12-10,52.38,Travel
CUST03985,2024-07-30,12.46,Dining
CUST03985,2023-10-29,33.07,Dining
CUST03985,2025-02-07,132.27,Grocery
CUST03985,2024-10-13,40.93,Grocery
CUST03985,2025-03-08,118.55,Dining
CUST03985,2025-04-02,42.86,Grocery
CUST03985,2023-09-21,5.41,Dining
CUST03985,2024-11-01,156.47,Travel
CUST03985,2023-10-11,30.77,Clothing
CUST03985,2025-05-29,64.95,Travel
CUST03985,2024-06-24,18.88,Electronics
CUST03985,2024-07-21,43.19,Clothing
CUST03985,2024-09-11,44.26,Travel
CUST03985,2024-09-15,27.48,Grocery
CUST03985,2024-06-12,37.88,Travel
CUST03985,2025-04-29,42.91,Clothing
CUST03985,2025-07-16,32.94,Grocery
CUST03985,2024-05-05,163.04,Dining
CUST03985,2024-10-23,59.32,Dining
CUST03985,2024-12-04,13.16,Dining
CUST03985,2025-06-16,110.54,Grocery
CUST03985,2025-05-23,19.48,Clothing
CUST03985,2025-05-01,111.41,Clothing
CUST03985,2025-01-03,15.69,Dining
CUST03985,2025-06-30,56.9,Travel
CUST03985,2025-03-29,136.49,Electronics
CUST03985,2024-04-28,102.55,Electronics
CUST03985,2023-12-16,9.96,Dining
CUST03985,2024-06-02,57.39,Travel
CUST03985,2024-06-01,65.34,Dining
CUST03985,2025-07-10,44.94,Grocery
CUST03985,2024-03-16,31.83,Electronics
CUST03985,2024-10-10,80.97,Travel
CUST03985,2024-12-09,198.04,Travel
CUST03985,2024-08-26,127.95,Clothing
CUST03985,2024-06-25,53.19,Travel
CUST03985,2024-03-13,75.64,Electronics
CUST03985,2025-07-06,113.62,Clothing
CUST03985,2024-03-31,11.95,Travel
CUST03985,2025-01-28,98.85,Clothing
CUST03985,2024-08-09,30.62,Electronics
CUST03985,2024-06-05,5.8,Grocery
CUST03985,2025-02-13,48.27,Dining
CUST03985,2024-08-07,19.15,Travel
CUST03985,2025-04-04,6.61,Grocery
CUST03985,2025-03-23,26.21,Grocery
CUST03985,2024-10-05,50.86,Clothing
CUST03985,2025-03-31,21.06,Electronics
CUST03985,2025-07-29,70.34,Clothing
CUST03985,2024-04-22,22.11,Travel
CUST03985,2024-09-15,37.22,Grocery
CUST03985,2024-04-26,133.13,Electronics
CUST03985,2023-10-15,25.19,Travel
CUST03985,2024-06-21,119.04,Clothing
CUST03985,2024-08-01,263.05,Grocery
CUST03985,2023-10-25,132.06,Travel
CUST03985,2025-02-21,117.95,Clothing
CUST03985,2024-10-30,151.45,Electronics
CUST03985,2023-11-23,123.93,Grocery
CUST03985,2024-09-08,80.44,Dining
CUST03985,2025-02-16,105.13,Electronics
CUST03985,2024-01-24,45.43,Dining
CUST03985,2024-04-21,31.93,Electronics
CUST03985,2025-04-12,87.06,Electronics
CUST03985,2023-12-03,38.43,Travel
CUST03985,2024-09-21,167.74,Dining
CUST03985,2024-09-24,110.61,Dining
CUST03985,2024-01-19,212.92,Electronics
CUST03985,2023-11-12,63.51,Dining
CUST03985,2024-09-06,88.92,Travel
CUST03985,2024-09-27,50.94,Grocery
CUST03985,2024-07-29,84.09,Travel
CUST03985,2023-10-05,48.91,Electronics
CUST03985,2024-04-17,29.99,Clothing
CUST03985,2024-10-06,66.6,Travel
CUST03985,2024-05-14,36.74,Electronics
CUST03985,2025-04-08,90.05,Travel
CUST03985,2025-02-26,103.73,Electronics
CUST03985,2024-07-06,199.12,Electronics
CUST03985,2025-01-20,81.73,Electronics
CUST03985,2024-08-17,87.98,Travel
CUST03985,2024-02-25,86.94,Clothing
CUST03985,2024-03-29,33.27,Clothing
CUST03985,2023-12-25,43.34,Electronics
CUST03985,2025-06-21,39.16,Electronics
CUST03985,2024-10-21,53.47,Grocery
CUST03985,2024-10-07,86.82,Grocery
CUST03985,2025-05-04,36.89,Electronics
CUST03985,2024-07-09,178.92,Grocery
CUST03985,2024-05-10,19.98,Clothing
CUST03985,2024-06-27,8.04,Dining
CUST03985,2024-01-28,170.37,Grocery
CUST03985,2023-10-10,29.64,Electronics
CUST03985,2023-12-12,191.56,Clothing
CUST03985,2023-10-21,29.85,Electronics
CUST03986,2025-07-24,127.09,Grocery
CUST03986,2025-06-02,34.85,Clothing
CUST03986,2025-04-15,47.8,Clothing
CUST03986,2025-04-07,73.3,Grocery
CUST03986,2025-04-23,31.1,Clothing
CUST03986,2025-05-30,39.07,Grocery
CUST03986,2025-07-16,103.07,Travel
CUST03986,2025-07-21,115.31,Travel
CUST03986,2025-03-26,67.38,Travel
CUST03986,2025-07-13,44.72,Travel
CUST03986,2025-06-13,5.8,Electronics
CUST03986,2025-03-26,42.09,Electronics
CUST03986,2025-06-29,40.66,Travel
CUST03986,2025-04-25,210.22,Clothing
CUST03986,2025-07-07,51.26,Grocery
CUST03986,2025-07-31,27.32,Clothing
CUST03986,2025-03-07,16.71,Travel
CUST03986,2025-02-27,123.95,Travel
CUST03986,2025-07-18,82.28,Grocery
CUST03986,2025-06-19,55.35,Clothing
CUST03986,2025-08-01,17.08,Dining
CUST03986,2025-04-25,79.05,Electronics
CUST03986,2025-04-12,68.12,Travel
CUST03986,2025-07-14,171.48,Dining
CUST03986,2025-06-12,165.57,Dining
CUST03986,2025-03-30,33.39,Travel
CUST03986,2025-06-10,58.77,Clothing
CUST03986,2025-06-09,63.24,Electronics
CUST03986,2025-04-04,119.2,Dining
CUST03986,2025-05-30,48.42,Clothing
CUST03986,2025-03-04,14.75,Travel
CUST03986,2025-04-12,151.7,Travel
CUST03986,2025-04-01,329.05,Clothing
CUST03986,2025-05-21,92.58,Grocery
CUST03986,2025-05-06,53.12,Grocery
CUST03986,2025-05-14,16.26,Dining
CUST03986,2025-04-22,46.77,Clothing
CUST03986,2025-04-28,36.62,Dining
CUST03986,2025-07-04,32.17,Travel
CUST03986,2025-04-23,33.08,Grocery
CUST03986,2025-06-29,44.41,Dining
CUST03986,2025-07-15,10.3,Grocery
CUST03986,2025-04-11,103.4,Grocery
CUST03986,2025-06-18,15.95,Clothing
CUST03986,2025-04-02,131.26,Travel
CUST03986,2025-03-14,43.68,Electronics
CUST03986,2025-04-07,60.22,Dining
CUST03986,2025-05-23,83.89,Travel
CUST03986,2025-03-06,97.18,Travel
CUST03986,2025-05-31,7.39,Travel
CUST03986,2025-03-11,102.49,Dining
CUST03986,2025-07-31,15.18,Dining
CUST03986,2025-03-28,26.32,Dining
CUST03986,2025-03-26,44.92,Electronics
CUST03986,2025-06-04,15.66,Grocery
CUST03986,2025-05-06,83.78,Travel
CUST03986,2025-06-24,455.07,Clothing
CUST03986,2025-07-20,31.69,Grocery
CUST03986,2025-06-04,20.08,Clothing
CUST03986,2025-04-06,78.43,Electronics
CUST03986,2025-04-03,16.78,Electronics
CUST03986,2025-03-31,28.64,Grocery
CUST03986,2025-07-29,302.74,Dining
CUST03986,2025-07-19,24.35,Grocery
CUST03986,2025-06-07,298.38,Grocery
CUST03986,2025-05-11,55.03,Grocery
CUST03986,2025-07-08,179.01,Electronics
CUST03986,2025-07-23,184.56,Grocery
CUST03986,2025-03-22,130.53,Electronics
CUST03986,2025-06-04,9.73,Travel
CUST03986,2025-06-26,81.19,Clothing
CUST03986,2025-03-02,159.34,Travel
CUST03986,2025-04-02,192.52,Clothing
CUST03986,2025-05-07,301.85,Clothing
CUST03986,2025-06-15,16.12,Grocery
CUST03986,2025-07-24,139.11,Dining
CUST03986,2025-04-06,138.67,Grocery
CUST03986,2025-08-01,45.62,Clothing
CUST03986,2025-07-31,31.61,Travel
CUST03986,2025-04-30,18.0,Clothing
CUST03986,2025-03-07,128.3,Dining
CUST03986,2025-05-19,150.98,Dining
CUST03986,2025-06-01,7.0,Electronics
CUST03986,2025-06-23,115.04,Travel
CUST03986,2025-04-03,107.41,Dining
CUST03986,2025-04-21,14.98,Clothing
CUST03986,2025-04-06,78.63,Electronics
CUST03986,2025-05-20,79.09,Electronics
CUST03986,2025-06-06,42.19,Clothing
CUST03986,2025-03-03,23.96,Grocery
CUST03986,2025-08-01,80.91,Travel
CUST03986,2025-06-03,53.5,Dining
CUST03986,2025-03-31,59.11,Electronics
CUST03986,2025-04-29,61.71,Grocery
CUST03986,2025-06-18,34.88,Clothing
CUST03986,2025-04-13,17.83,Travel
CUST03986,2025-07-01,51.84,Dining
CUST03986,2025-04-12,26.05,Grocery
CUST03986,2025-04-27,139.73,Electronics
CUST03987,2022-07-28,21.48,Travel
CUST03987,2022-07-10,124.61,Grocery
CUST03987,2023-02-11,80.48,Dining
CUST03987,2025-03-09,132.98,Electronics
CUST03987,2023-06-09,128.64,Grocery
CUST03987,2025-04-22,183.16,Clothing
CUST03987,2022-01-29,59.17,Dining
CUST03987,2024-08-20,110.98,Dining
CUST03987,2022-03-19,26.81,Clothing
CUST03987,2024-10-28,92.09,Clothing
CUST03987,2024-05-28,66.85,Travel
CUST03987,2025-07-24,183.27,Electronics
CUST03987,2023-12-11,56.21,Electronics
CUST03987,2024-06-16,26.69,Dining
CUST03987,2022-11-22,14.73,Travel
CUST03987,2025-06-17,35.95,Dining
CUST03987,2023-11-23,36.24,Grocery
CUST03987,2024-10-26,41.67,Dining
CUST03987,2022-09-01,13.1,Clothing
CUST03987,2024-11-29,11.69,Clothing
CUST03987,2023-02-07,25.83,Grocery
CUST03987,2024-04-10,35.47,Grocery
CUST03987,2024-02-17,106.33,Travel
CUST03987,2022-05-09,90.95,Clothing
CUST03987,2022-05-04,37.62,Dining
CUST03987,2023-02-20,14.38,Grocery
CUST03987,2023-11-03,25.01,Travel
CUST03987,2025-07-03,308.41,Grocery
CUST03987,2023-02-17,97.01,Clothing
CUST03987,2023-01-25,268.26,Grocery
CUST03987,2025-03-11,21.23,Travel
CUST03987,2024-06-16,36.69,Dining
CUST03987,2024-03-30,108.96,Clothing
CUST03987,2024-12-19,213.73,Electronics
CUST03987,2023-11-15,247.85,Dining
CUST03987,2024-05-26,37.72,Grocery
CUST03987,2022-05-09,324.79,Electronics
CUST03987,2024-05-31,14.33,Clothing
CUST03987,2021-11-16,80.53,Electronics
CUST03987,2023-07-10,42.47,Grocery
CUST03987,2021-12-25,206.57,Clothing
CUST03987,2024-02-11,58.97,Grocery
CUST03987,2023-07-13,21.23,Dining
CUST03987,2023-10-15,23.77,Grocery
CUST03987,2025-03-02,26.56,Clothing
CUST03987,2024-10-02,50.7,Travel
CUST03987,2023-11-10,97.46,Clothing
CUST03987,2024-05-01,120.3,Clothing
CUST03987,2025-03-01,26.6,Travel
CUST03987,2023-03-24,46.6,Travel
CUST03987,2023-02-18,25.0,Dining
CUST03987,2023-09-04,52.46,Grocery
CUST03987,2021-10-30,70.77,Travel
CUST03987,2022-04-09,210.32,Dining
CUST03987,2022-05-06,27.29,Dining
CUST03987,2022-12-11,184.79,Dining
CUST03987,2022-12-08,185.92,Electronics
CUST03987,2024-12-25,139.65,Dining
CUST03987,2022-09-26,40.28,Electronics
CUST03987,2022-10-17,9.03,Electronics
CUST03987,2022-04-27,151.16,Dining
CUST03987,2025-03-13,24.63,Electronics
CUST03987,2022-12-15,40.98,Dining
CUST03987,2023-04-21,35.9,Dining
CUST03987,2023-05-23,95.59,Clothing
CUST03987,2024-12-27,37.09,Grocery
CUST03987,2023-02-01,221.96,Grocery
CUST03987,2024-01-04,18.88,Travel
CUST03987,2024-01-19,170.98,Travel
CUST03987,2022-05-26,32.31,Travel
CUST03987,2022-09-21,23.99,Electronics
CUST03987,2022-09-17,128.66,Dining
CUST03987,2024-01-07,143.03,Clothing
CUST03987,2022-11-25,13.69,Dining
CUST03987,2025-04-25,21.08,Dining
CUST03987,2024-05-08,17.8,Dining
CUST03987,2022-08-28,229.11,Electronics
CUST03987,2024-05-23,82.31,Clothing
CUST03987,2023-08-14,50.39,Grocery
CUST03987,2024-01-02,10.16,Dining
CUST03987,2022-11-16,60.58,Clothing
CUST03987,2023-07-19,85.21,Electronics
CUST03987,2022-03-29,14.84,Grocery
CUST03987,2021-11-15,142.65,Travel
CUST03987,2021-12-10,7.79,Clothing
CUST03987,2021-11-18,142.18,Electronics
CUST03987,2024-06-08,28.91,Clothing
CUST03987,2023-02-12,356.46,Dining
CUST03987,2022-08-13,39.51,Dining
CUST03987,2023-01-23,12.68,Electronics
CUST03987,2024-10-01,56.35,Clothing
CUST03987,2025-05-26,300.9,Electronics
CUST03987,2025-03-16,97.17,Electronics
CUST03987,2024-11-18,33.81,Electronics
CUST03987,2022-09-21,26.99,Electronics
CUST03987,2024-12-24,188.14,Grocery
CUST03987,2025-04-13,18.49,Dining
CUST03987,2024-04-27,110.61,Clothing
CUST03987,2023-03-20,175.28,Grocery
CUST03987,2022-02-28,17.32,Travel
CUST03987,2024-02-13,42.8,Clothing
CUST03987,2023-06-01,15.45,Grocery
CUST03987,2025-06-04,133.57,Electronics
CUST03987,2022-04-14,61.41,Dining
CUST03987,2024-11-16,31.65,Travel
CUST03987,2023-08-21,16.32,Grocery
CUST03987,2024-05-30,48.4,Electronics
CUST03987,2024-05-10,90.65,Clothing
CUST03987,2025-03-02,16.89,Electronics
CUST03987,2023-07-07,34.75,Clothing
CUST03987,2022-02-19,97.03,Travel
CUST03988,2024-05-10,8.48,Clothing
CUST03988,2025-07-29,73.92,Dining
CUST03988,2022-11-26,18.54,Electronics
CUST03988,2023-05-29,64.22,Dining
CUST03988,2024-03-02,43.98,Grocery
CUST03988,2025-04-02,71.78,Clothing
CUST03988,2024-10-21,68.8,Clothing
CUST03988,2021-02-20,57.16,Travel
CUST03988,2024-11-21,46.44,Clothing
CUST03988,2024-03-04,19.97,Clothing
CUST03988,2021-03-12,97.57,Grocery
CUST03988,2022-01-02,67.94,Electronics
CUST03988,2024-11-28,49.37,Clothing
CUST03988,2021-11-27,79.23,Dining
CUST03988,2025-07-28,31.9,Dining
CUST03988,2023-09-20,56.49,Grocery
CUST03988,2021-06-01,18.24,Clothing
CUST03988,2023-07-15,272.25,Dining
CUST03988,2025-03-30,252.27,Clothing
CUST03988,2021-09-14,65.43,Travel
CUST03988,2025-07-24,209.92,Clothing
CUST03988,2022-11-12,25.05,Grocery
CUST03988,2021-12-21,33.27,Grocery
CUST03988,2024-02-25,62.59,Grocery
CUST03988,2021-06-26,113.03,Clothing
CUST03988,2025-02-27,95.65,Electronics
CUST03988,2021-03-05,27.63,Clothing
CUST03988,2022-09-27,44.79,Clothing
CUST03988,2024-11-04,9.76,Electronics
CUST03988,2025-03-07,69.67,Clothing
CUST03988,2023-03-10,24.25,Dining
CUST03988,2024-06-19,6.23,Travel
CUST03988,2021-05-24,11.11,Electronics
CUST03988,2022-09-29,63.16,Dining
CUST03988,2024-03-16,63.04,Clothing
CUST03988,2021-01-07,63.0,Dining
CUST03988,2023-08-30,241.86,Grocery
CUST03988,2024-04-01,231.44,Grocery
CUST03988,2021-07-08,112.52,Dining
CUST03988,2022-05-23,5.13,Travel
CUST03988,2021-08-08,92.33,Electronics
CUST03988,2021-01-21,151.86,Travel
CUST03988,2021-07-02,6.92,Electronics
CUST03988,2023-07-12,37.29,Electronics
CUST03988,2021-12-31,61.4,Clothing
CUST03988,2023-07-22,62.03,Dining
CUST03988,2022-03-06,101.18,Electronics
CUST03988,2023-12-17,102.73,Travel
CUST03988,2021-09-18,67.29,Electronics
CUST03988,2023-12-29,48.19,Grocery
CUST03988,2023-09-08,126.12,Dining
CUST03988,2023-05-10,356.18,Clothing
CUST03988,2023-06-12,91.47,Dining
CUST03988,2025-01-03,95.38,Travel
CUST03988,2022-01-03,37.23,Grocery
CUST03988,2024-03-04,186.13,Electronics
CUST03988,2024-09-09,14.05,Travel
CUST03988,2021-04-13,61.5,Grocery
CUST03988,2021-04-25,55.42,Travel
CUST03988,2023-04-02,10.75,Electronics
CUST03988,2022-11-12,13.79,Travel
CUST03988,2025-07-08,113.55,Grocery
CUST03988,2025-06-16,145.98,Dining
CUST03988,2021-11-23,140.64,Clothing
CUST03988,2025-03-31,47.14,Electronics
CUST03988,2024-04-29,80.92,Electronics
CUST03988,2024-08-31,139.19,Clothing
CUST03988,2024-09-24,180.67,Clothing
CUST03988,2021-07-16,137.94,Clothing
CUST03988,2025-04-11,91.16,Clothing
CUST03988,2022-06-26,39.97,Electronics
CUST03988,2022-07-22,131.97,Travel
CUST03988,2023-03-29,228.63,Travel
CUST03988,2022-03-23,206.56,Clothing
CUST03988,2023-07-29,79.67,Clothing
CUST03988,2024-06-12,47.07,Travel
CUST03988,2025-06-27,86.77,Clothing
CUST03988,2022-01-12,57.35,Travel
CUST03988,2022-07-28,68.0,Dining
CUST03988,2023-03-19,107.61,Grocery
CUST03988,2022-09-03,147.89,Electronics
CUST03988,2024-04-20,14.05,Grocery
CUST03988,2024-12-18,26.22,Clothing
CUST03988,2024-11-22,45.33,Travel
CUST03988,2021-08-29,39.06,Travel
CUST03988,2021-04-01,89.63,Dining
CUST03989,2024-05-23,22.55,Grocery
CUST03989,2025-07-01,60.17,Clothing
CUST03989,2025-05-01,41.31,Dining
CUST03989,2024-10-21,109.8,Travel
CUST03989,2023-10-26,27.98,Dining
CUST03989,2023-11-26,63.57,Dining
CUST03989,2024-02-08,67.45,Clothing
CUST03989,2025-05-12,209.74,Electronics
CUST03989,2024-06-19,29.99,Dining
CUST03989,2024-12-24,19.97,Electronics
CUST03989,2025-06-20,73.4,Electronics
CUST03989,2024-02-11,146.01,Grocery
CUST03989,2024-02-25,172.28,Grocery
CUST03989,2025-05-24,193.65,Dining
CUST03989,2024-08-12,213.84,Grocery
CUST03989,2024-12-07,24.23,Clothing
CUST03989,2024-07-11,100.47,Grocery
CUST03989,2024-06-22,102.53,Electronics
CUST03989,2024-04-15,111.56,Electronics
CUST03989,2025-07-12,129.28,Electronics
CUST03989,2025-01-07,72.31,Travel
CUST03989,2024-07-16,88.64,Dining
CUST03989,2024-08-09,11.77,Clothing
CUST03989,2024-12-16,77.68,Grocery
CUST03989,2024-03-22,24.56,Electronics
CUST03989,2024-08-09,6.89,Clothing
CUST03989,2023-10-21,37.61,Electronics
CUST03989,2023-10-29,42.8,Clothing
CUST03989,2025-06-25,28.8,Clothing
CUST03989,2025-03-09,79.53,Grocery
CUST03989,2023-11-21,41.7,Electronics
CUST03989,2025-05-20,211.56,Dining
CUST03989,2024-04-02,30.52,Clothing
CUST03989,2024-10-21,108.34,Dining
CUST03989,2023-07-14,166.04,Electronics
CUST03989,2025-05-03,76.37,Clothing
CUST03989,2024-09-30,64.47,Electronics
CUST03989,2024-06-06,113.08,Dining
CUST03989,2024-09-02,7.09,Clothing
CUST03989,2023-08-25,96.21,Electronics
CUST03989,2025-05-17,16.48,Electronics
CUST03989,2023-11-12,137.21,Clothing
CUST03989,2024-06-26,154.34,Travel
CUST03989,2024-01-09,97.72,Clothing
CUST03989,2023-09-17,20.82,Grocery
CUST03989,2025-06-28,64.6,Dining
CUST03989,2023-11-23,53.64,Dining
CUST03989,2025-04-20,12.29,Dining
CUST03989,2024-01-16,45.61,Grocery
CUST03989,2023-12-27,137.97,Dining
CUST03989,2024-10-31,17.43,Clothing
CUST03989,2025-03-03,100.67,Electronics
CUST03989,2024-07-20,52.86,Dining
CUST03989,2024-10-10,12.59,Dining
CUST03989,2024-07-07,8.03,Dining
CUST03989,2024-02-03,124.9,Grocery
CUST03989,2025-06-20,32.84,Clothing
CUST03989,2024-09-15,70.54,Electronics
CUST03989,2024-12-03,23.48,Clothing
CUST03989,2025-04-25,41.81,Clothing
CUST03989,2024-01-10,19.9,Dining
CUST03989,2023-07-26,27.7,Travel
CUST03989,2023-09-24,69.32,Dining
CUST03989,2023-07-21,143.0,Clothing
CUST03989,2024-11-10,39.68,Clothing
CUST03989,2023-10-26,46.75,Clothing
CUST03989,2023-07-12,16.22,Grocery
CUST03989,2024-12-04,106.25,Travel
CUST03989,2025-01-27,7.08,Travel
CUST03989,2024-01-03,210.55,Dining
CUST03989,2023-08-02,15.69,Travel
CUST03989,2023-09-14,163.8,Dining
CUST03989,2025-05-24,93.58,Clothing
CUST03989,2024-07-03,70.25,Travel
CUST03989,2024-12-03,133.75,Dining
CUST03989,2024-03-29,51.07,Travel
CUST03989,2024-09-02,81.51,Electronics
CUST03989,2025-05-05,84.51,Grocery
CUST03989,2025-02-06,73.73,Travel
CUST03989,2024-03-29,98.69,Electronics
CUST03989,2024-01-12,18.11,Clothing
CUST03989,2023-08-14,125.81,Dining
CUST03989,2024-06-11,86.83,Grocery
CUST03989,2023-07-30,97.72,Travel
CUST03989,2024-03-06,25.94,Travel
CUST03989,2024-02-24,114.61,Clothing
CUST03989,2024-03-19,100.86,Grocery
CUST03989,2025-02-21,139.14,Grocery
CUST03989,2025-04-07,41.94,Grocery
CUST03989,2024-12-21,62.26,Grocery
CUST03989,2025-07-30,106.46,Electronics
CUST03989,2024-11-17,56.85,Electronics
CUST03989,2024-06-08,160.87,Electronics
CUST03989,2025-01-02,21.13,Electronics
CUST03989,2024-06-18,58.7,Grocery
CUST03989,2024-04-27,45.88,Grocery
CUST03989,2024-10-16,64.2,Dining
CUST03989,2025-04-22,421.83,Electronics
CUST03989,2024-04-06,64.72,Dining
CUST03989,2023-09-15,239.06,Electronics
CUST03989,2023-11-08,43.67,Dining
CUST03989,2023-12-13,52.98,Clothing
CUST03989,2024-07-10,31.54,Electronics
CUST03990,2023-06-14,339.05,Travel
CUST03990,2024-08-12,69.94,Grocery
CUST03990,2025-04-27,123.73,Dining
CUST03990,2022-10-03,81.4,Travel
CUST03990,2024-04-17,107.32,Electronics
CUST03990,2023-06-30,18.89,Clothing
CUST03990,2023-07-21,29.8,Electronics
CUST03990,2025-02-02,28.81,Grocery
CUST03990,2025-04-01,212.04,Travel
CUST03990,2025-02-14,48.69,Travel
CUST03990,2022-02-17,9.15,Clothing
CUST03990,2025-03-26,6.51,Dining
CUST03990,2024-09-03,25.08,Dining
CUST03990,2022-05-23,92.79,Grocery
CUST03990,2025-05-18,5.61,Travel
CUST03990,2024-12-03,55.84,Grocery
CUST03990,2023-03-22,60.64,Grocery
CUST03990,2021-11-25,42.08,Dining
CUST03990,2021-06-15,55.38,Grocery
CUST03990,2023-09-16,7.35,Clothing
CUST03990,2022-03-22,58.48,Clothing
CUST03990,2023-05-19,42.95,Travel
CUST03990,2022-02-02,152.1,Travel
CUST03990,2024-01-03,44.01,Grocery
CUST03990,2022-06-14,75.19,Dining
CUST03990,2021-09-01,99.91,Grocery
CUST03990,2024-01-06,79.09,Grocery
CUST03990,2023-05-22,58.36,Electronics
CUST03990,2021-07-23,78.7,Clothing
CUST03990,2021-09-06,75.02,Electronics
CUST03990,2024-11-11,102.85,Dining
CUST03990,2022-09-24,91.12,Travel
CUST03990,2023-04-16,8.52,Clothing
CUST03990,2022-11-14,50.61,Travel
CUST03990,2022-06-05,45.42,Clothing
CUST03990,2021-06-25,41.86,Dining
CUST03990,2021-06-05,51.33,Travel
CUST03990,2023-12-22,34.39,Electronics
CUST03990,2023-05-06,22.18,Electronics
CUST03990,2024-04-13,100.91,Dining
CUST03990,2021-08-12,18.1,Grocery
CUST03990,2024-11-24,19.78,Electronics
CUST03990,2023-07-25,9.62,Electronics
CUST03990,2022-01-19,185.44,Clothing
CUST03990,2023-10-04,79.84,Clothing
CUST03990,2024-05-19,83.69,Electronics
CUST03990,2024-03-14,9.14,Electronics
CUST03990,2023-11-13,50.48,Dining
CUST03990,2023-12-30,8.92,Grocery
CUST03990,2023-10-19,26.64,Electronics
CUST03990,2025-02-08,285.02,Electronics
CUST03990,2023-12-09,267.69,Electronics
CUST03990,2022-01-18,239.02,Clothing
CUST03990,2023-01-30,64.4,Dining
CUST03990,2023-11-12,116.2,Electronics
CUST03990,2021-08-26,17.04,Grocery
CUST03990,2025-07-05,69.23,Electronics
CUST03990,2024-05-31,40.88,Dining
CUST03990,2021-05-27,23.84,Clothing
CUST03990,2021-09-04,16.89,Travel
CUST03990,2021-11-24,77.72,Electronics
CUST03990,2023-01-09,31.85,Grocery
CUST03990,2024-12-10,42.64,Grocery
CUST03990,2021-10-26,8.28,Clothing
CUST03990,2021-12-03,173.63,Electronics
CUST03990,2023-12-24,98.59,Travel
CUST03990,2025-03-21,84.92,Electronics
CUST03990,2022-06-20,17.97,Electronics
CUST03990,2022-03-25,13.92,Clothing
CUST03990,2024-07-02,22.9,Electronics
CUST03990,2023-11-17,35.26,Travel
CUST03990,2022-01-02,85.58,Dining
CUST03990,2024-12-04,21.9,Dining
CUST03990,2024-03-18,15.24,Grocery
CUST03990,2024-07-24,64.99,Grocery
CUST03990,2023-11-12,118.99,Clothing
CUST03990,2022-05-19,69.3,Grocery
CUST03990,2021-09-27,87.79,Electronics
CUST03990,2023-08-31,29.72,Electronics
CUST03990,2025-02-27,143.15,Clothing
CUST03990,2022-07-05,20.86,Travel
CUST03990,2024-12-10,202.06,Travel
CUST03990,2023-05-07,44.42,Electronics
CUST03990,2024-04-15,11.91,Grocery
CUST03990,2022-02-13,20.45,Clothing
CUST03990,2023-08-12,95.94,Clothing
CUST03990,2024-04-11,80.15,Electronics
CUST03990,2024-02-11,87.09,Dining
CUST03990,2024-03-23,66.65,Travel
CUST03990,2024-04-21,38.1,Electronics
CUST03990,2024-05-24,40.73,Travel
CUST03990,2023-04-01,43.91,Electronics
CUST03990,2022-08-10,62.51,Travel
CUST03991,2025-06-20,11.53,Grocery
CUST03991,2024-08-25,300.33,Electronics
CUST03991,2024-04-12,112.49,Grocery
CUST03991,2025-01-17,20.86,Clothing
CUST03991,2023-10-01,87.11,Travel
CUST03991,2025-07-11,47.63,Clothing
CUST03991,2024-09-27,278.38,Clothing
CUST03991,2023-09-17,15.57,Electronics
CUST03991,2024-10-17,13.7,Travel
CUST03991,2024-06-01,67.54,Grocery
CUST03991,2024-11-22,60.13,Dining
CUST03991,2024-09-14,74.6,Clothing
CUST03991,2024-02-12,12.46,Clothing
CUST03991,2024-08-21,76.7,Dining
CUST03991,2024-01-20,153.43,Clothing
CUST03991,2025-06-28,133.03,Electronics
CUST03991,2024-08-05,18.88,Travel
CUST03991,2023-12-31,33.85,Clothing
CUST03991,2024-08-18,137.52,Clothing
CUST03991,2025-07-28,13.77,Clothing
CUST03991,2023-12-08,12.11,Electronics
CUST03991,2024-03-03,9.2,Electronics
CUST03991,2024-05-19,190.7,Electronics
CUST03991,2025-03-07,66.35,Travel
CUST03991,2025-03-04,76.8,Electronics
CUST03991,2024-04-29,10.05,Dining
CUST03991,2023-08-27,49.32,Dining
CUST03991,2023-10-24,24.68,Travel
CUST03991,2024-05-14,65.56,Dining
CUST03991,2024-08-15,5.95,Dining
CUST03991,2025-04-12,56.0,Clothing
CUST03991,2024-03-16,170.1,Grocery
CUST03991,2024-11-04,231.17,Grocery
CUST03991,2025-04-04,138.42,Grocery
CUST03991,2024-07-17,120.14,Dining
CUST03991,2025-04-25,297.6,Electronics
CUST03991,2023-11-03,240.78,Dining
CUST03991,2024-12-12,70.14,Electronics
CUST03991,2024-08-09,36.35,Travel
CUST03991,2025-07-29,112.81,Clothing
CUST03991,2024-10-23,67.99,Dining
CUST03991,2024-02-20,175.25,Travel
CUST03991,2024-11-23,42.23,Clothing
CUST03991,2025-01-11,182.11,Electronics
CUST03991,2025-07-27,14.09,Dining
CUST03991,2024-08-28,274.38,Electronics
CUST03991,2024-02-03,250.38,Dining
CUST03991,2023-09-14,138.92,Clothing
CUST03991,2025-03-30,41.35,Dining
CUST03991,2023-12-27,11.8,Electronics
CUST03991,2024-09-28,25.88,Dining
CUST03991,2025-03-31,78.95,Travel
CUST03991,2024-05-15,12.58,Electronics
CUST03991,2024-05-01,102.52,Grocery
CUST03991,2025-03-19,12.03,Travel
CUST03991,2023-10-13,98.26,Clothing
CUST03991,2024-12-29,378.45,Electronics
CUST03991,2024-02-11,13.2,Clothing
CUST03991,2024-07-25,98.12,Clothing
CUST03991,2024-12-16,57.5,Grocery
CUST03991,2024-10-27,59.09,Clothing
CUST03991,2024-08-11,42.71,Electronics
CUST03991,2024-11-02,43.18,Travel
CUST03991,2023-11-17,60.31,Clothing
CUST03991,2023-12-13,74.24,Travel
CUST03991,2024-03-12,92.11,Travel
CUST03991,2024-05-25,56.86,Clothing
CUST03991,2025-07-18,10.38,Clothing
CUST03991,2023-11-24,238.64,Clothing
CUST03991,2025-01-15,284.48,Grocery
CUST03991,2023-09-09,36.43,Electronics
CUST03991,2025-06-20,50.88,Electronics
CUST03991,2023-10-28,385.73,Grocery
CUST03991,2024-11-17,120.59,Travel
CUST03991,2024-08-28,61.37,Electronics
CUST03991,2024-03-08,43.2,Grocery
CUST03991,2024-10-23,120.28,Travel
CUST03991,2024-07-04,64.09,Dining
CUST03991,2024-04-22,235.53,Electronics
CUST03991,2023-08-27,15.71,Travel
CUST03991,2024-05-12,29.39,Travel
CUST03991,2024-10-03,26.57,Travel
CUST03991,2024-11-30,90.32,Travel
CUST03991,2024-04-20,57.28,Travel
CUST03991,2025-03-14,389.21,Travel
CUST03991,2024-03-13,15.08,Dining
CUST03991,2023-09-17,13.12,Grocery
CUST03991,2025-05-26,33.42,Dining
CUST03991,2023-12-02,28.46,Grocery
CUST03991,2024-10-13,32.2,Electronics
CUST03991,2025-03-11,22.73,Grocery
CUST03991,2024-07-25,59.91,Clothing
CUST03991,2024-07-30,5.81,Clothing
CUST03991,2023-12-03,132.23,Clothing
CUST03991,2024-06-17,22.05,Clothing
CUST03991,2024-10-12,19.07,Dining
CUST03991,2024-09-13,12.91,Dining
CUST03991,2024-09-05,25.15,Clothing
CUST03991,2024-08-18,42.14,Dining
CUST03991,2024-10-31,15.73,Electronics
CUST03991,2025-03-14,64.84,Travel
CUST03991,2025-06-25,15.87,Clothing
CUST03991,2024-05-30,36.67,Travel
CUST03991,2024-10-21,49.6,Dining
CUST03991,2025-07-17,92.27,Dining
CUST03991,2025-06-04,8.16,Travel
CUST03991,2025-05-17,6.8,Clothing
CUST03991,2024-08-30,38.95,Clothing
CUST03991,2025-03-02,64.87,Grocery
CUST03992,2022-07-12,119.46,Clothing
CUST03992,2023-01-24,87.06,Dining
CUST03992,2023-04-21,19.26,Travel
CUST03992,2022-12-22,67.99,Travel
CUST03992,2025-04-09,61.0,Clothing
CUST03992,2023-06-25,7.92,Electronics
CUST03992,2023-10-12,204.96,Electronics
CUST03992,2022-03-10,98.55,Dining
CUST03992,2023-04-25,53.99,Electronics
CUST03992,2025-02-16,64.13,Electronics
CUST03992,2025-04-08,21.45,Dining
CUST03992,2022-12-07,44.87,Travel
CUST03992,2023-01-28,92.3,Clothing
CUST03992,2023-07-31,52.34,Grocery
CUST03992,2023-01-20,74.46,Electronics
CUST03992,2024-10-26,18.88,Electronics
CUST03992,2023-05-05,192.0,Electronics
CUST03992,2024-07-07,14.13,Dining
CUST03992,2024-05-06,25.06,Grocery
CUST03992,2024-05-22,98.67,Travel
CUST03992,2025-07-19,178.74,Electronics
CUST03992,2023-12-10,8.08,Clothing
CUST03992,2023-12-21,175.96,Clothing
CUST03992,2024-05-08,14.91,Clothing
CUST03992,2022-08-19,95.78,Dining
CUST03992,2024-07-19,6.2,Grocery
CUST03992,2023-06-26,37.48,Travel
CUST03992,2024-05-29,50.83,Electronics
CUST03992,2025-03-27,7.83,Clothing
CUST03992,2024-03-16,70.83,Clothing
CUST03992,2023-03-11,50.57,Dining
CUST03992,2024-02-12,35.77,Grocery
CUST03992,2022-03-18,61.41,Grocery
CUST03992,2023-11-04,51.94,Grocery
CUST03992,2023-06-25,127.76,Travel
CUST03992,2023-02-17,54.45,Electronics
CUST03992,2023-12-21,119.26,Clothing
CUST03992,2022-05-04,7.74,Grocery
CUST03992,2025-03-03,56.61,Electronics
CUST03992,2025-01-17,364.16,Travel
CUST03992,2022-08-19,62.33,Dining
CUST03992,2024-11-22,73.46,Dining
CUST03992,2024-07-28,25.59,Dining
CUST03992,2023-02-13,12.57,Travel
CUST03992,2025-03-09,12.12,Clothing
CUST03992,2024-12-27,18.22,Travel
CUST03992,2022-08-19,44.0,Electronics
CUST03992,2025-05-26,33.28,Dining
CUST03992,2024-08-25,21.33,Clothing
CUST03992,2025-03-25,98.21,Electronics
CUST03992,2024-12-28,199.61,Clothing
CUST03992,2022-06-25,30.93,Electronics
CUST03992,2022-06-23,24.33,Dining
CUST03992,2024-04-24,82.5,Electronics
CUST03992,2022-05-28,46.04,Clothing
CUST03992,2022-11-03,72.6,Dining
CUST03992,2024-10-12,84.35,Dining
CUST03992,2024-02-15,82.1,Dining
CUST03992,2023-05-13,63.18,Clothing
CUST03992,2022-03-31,9.66,Electronics
CUST03992,2025-04-27,125.54,Travel
CUST03992,2022-07-31,144.16,Grocery
CUST03992,2022-10-24,55.63,Grocery
CUST03992,2023-05-02,39.71,Travel
CUST03992,2022-06-06,33.44,Grocery
CUST03992,2025-01-03,29.13,Travel
CUST03992,2024-01-15,51.07,Grocery
CUST03992,2023-02-16,34.81,Dining
CUST03992,2024-11-22,21.21,Travel
CUST03992,2022-12-31,70.44,Dining
CUST03992,2025-03-29,113.64,Grocery
CUST03992,2025-02-05,13.86,Clothing
CUST03992,2024-04-17,166.08,Travel
CUST03992,2024-05-07,49.4,Electronics
CUST03992,2022-03-14,96.66,Travel
CUST03992,2024-11-30,29.42,Grocery
CUST03992,2023-03-18,18.0,Travel
CUST03992,2022-03-26,216.34,Dining
CUST03992,2023-02-07,184.61,Dining
CUST03992,2025-05-10,20.56,Dining
CUST03992,2024-03-11,113.73,Grocery
CUST03992,2025-04-24,168.15,Electronics
CUST03992,2023-04-03,59.94,Dining
CUST03992,2023-07-02,139.33,Dining
CUST03992,2025-02-12,71.0,Clothing
CUST03992,2025-07-14,24.31,Grocery
CUST03992,2025-01-10,132.68,Grocery
CUST03992,2024-06-15,103.46,Electronics
CUST03992,2024-10-20,30.26,Electronics
CUST03992,2024-01-20,85.69,Electronics
CUST03992,2024-11-01,92.42,Travel
CUST03992,2024-03-29,50.08,Grocery
CUST03992,2022-03-18,82.61,Travel
CUST03992,2024-12-25,117.62,Electronics
CUST03992,2023-12-21,23.16,Grocery
CUST03992,2025-04-08,34.02,Dining
CUST03992,2024-07-24,11.24,Electronics
CUST03992,2025-04-15,239.99,Dining
CUST03992,2023-07-28,40.12,Electronics
CUST03992,2024-11-13,135.63,Clothing
CUST03992,2024-11-07,88.83,Grocery
CUST03992,2025-05-29,78.13,Travel
CUST03992,2022-06-01,73.02,Travel
CUST03992,2022-12-10,84.14,Dining
CUST03992,2023-06-24,8.1,Dining
CUST03992,2023-03-31,45.81,Grocery
CUST03992,2022-06-09,35.62,Travel
CUST03992,2022-11-21,67.67,Travel
CUST03992,2023-07-26,35.65,Dining
CUST03992,2023-04-16,45.6,Grocery
CUST03993,2022-10-10,11.54,Grocery
CUST03993,2025-03-16,24.59,Dining
CUST03993,2021-10-20,58.89,Grocery
CUST03993,2025-01-29,322.67,Electronics
CUST03993,2021-07-23,9.75,Dining
CUST03993,2023-08-13,13.11,Electronics
CUST03993,2021-02-07,44.05,Grocery
CUST03993,2025-07-13,109.78,Electronics
CUST03993,2024-10-18,281.94,Grocery
CUST03993,2023-07-22,78.95,Dining
CUST03993,2022-05-17,57.74,Clothing
CUST03993,2021-08-27,32.68,Dining
CUST03993,2020-10-23,23.96,Electronics
CUST03993,2025-07-22,97.87,Dining
CUST03993,2022-06-02,102.82,Electronics
CUST03993,2021-08-08,17.0,Dining
CUST03993,2021-05-17,143.55,Travel
CUST03993,2023-09-15,24.29,Grocery
CUST03993,2024-03-09,94.38,Travel
CUST03993,2023-06-17,338.36,Clothing
CUST03993,2021-05-08,30.71,Dining
CUST03993,2022-03-04,5.19,Electronics
CUST03993,2021-12-29,78.79,Dining
CUST03993,2024-12-20,65.85,Grocery
CUST03993,2023-09-13,18.04,Electronics
CUST03993,2020-12-18,79.66,Electronics
CUST03993,2021-04-18,12.66,Electronics
CUST03993,2021-01-18,99.38,Clothing
CUST03993,2023-01-31,145.81,Electronics
CUST03993,2020-09-28,167.7,Electronics
CUST03993,2022-10-17,59.98,Grocery
CUST03993,2022-12-07,55.02,Travel
CUST03993,2025-03-28,211.39,Electronics
CUST03993,2025-05-04,161.32,Dining
CUST03993,2023-08-07,83.5,Dining
CUST03993,2024-09-22,82.69,Grocery
CUST03993,2022-01-03,22.48,Grocery
CUST03993,2024-02-02,44.8,Grocery
CUST03993,2021-12-25,446.92,Grocery
CUST03993,2021-02-13,21.47,Dining
CUST03993,2023-04-18,46.67,Clothing
CUST03993,2021-11-17,10.66,Electronics
CUST03993,2023-12-05,64.05,Electronics
CUST03993,2024-12-25,131.26,Grocery
CUST03993,2022-03-08,100.34,Travel
CUST03993,2023-03-22,178.99,Grocery
CUST03993,2021-04-23,79.8,Electronics
CUST03993,2025-05-16,8.41,Clothing
CUST03993,2024-01-01,92.83,Dining
CUST03993,2022-08-14,108.79,Electronics
CUST03993,2023-03-07,45.68,Electronics
CUST03993,2022-09-06,64.09,Grocery
CUST03993,2022-06-23,35.04,Electronics
CUST03993,2025-06-30,9.36,Grocery
CUST03993,2024-06-20,194.9,Dining
CUST03993,2024-12-18,64.48,Travel
CUST03993,2025-02-17,335.45,Clothing
CUST03993,2021-06-26,19.3,Electronics
CUST03993,2022-07-01,18.86,Dining
CUST03993,2021-07-07,46.83,Grocery
CUST03993,2023-04-15,48.27,Electronics
CUST03993,2022-08-25,11.44,Travel
CUST03993,2022-08-24,8.88,Clothing
CUST03993,2024-11-07,29.2,Electronics
CUST03993,2022-08-12,90.22,Electronics
CUST03993,2023-02-12,211.58,Dining
CUST03993,2022-01-06,74.88,Dining
CUST03993,2023-11-18,189.78,Grocery
CUST03993,2022-11-21,57.6,Electronics
CUST03993,2022-02-23,82.63,Clothing
CUST03993,2024-05-02,30.44,Grocery
CUST03993,2023-11-17,73.06,Dining
CUST03993,2023-09-12,7.98,Dining
CUST03993,2023-08-05,13.01,Travel
CUST03993,2022-07-07,175.49,Clothing
CUST03993,2023-07-09,222.58,Travel
CUST03993,2021-08-27,339.03,Travel
CUST03993,2022-07-27,89.15,Clothing
CUST03993,2022-07-19,15.78,Clothing
CUST03993,2025-07-14,115.23,Electronics
CUST03993,2023-03-22,333.06,Grocery
CUST03993,2022-05-04,37.47,Travel
CUST03993,2023-05-06,88.18,Travel
CUST03993,2021-01-17,132.32,Electronics
CUST03993,2024-08-18,6.3,Grocery
CUST03993,2023-01-24,5.46,Electronics
CUST03993,2021-02-11,79.46,Dining
CUST03993,2022-10-17,28.09,Clothing
CUST03993,2022-02-07,136.18,Electronics
CUST03993,2020-10-12,152.88,Electronics
CUST03993,2024-08-10,39.54,Travel
CUST03993,2025-03-03,80.01,Electronics
CUST03994,2024-08-07,5.7,Clothing
CUST03994,2023-07-05,62.45,Clothing
CUST03994,2022-06-26,31.37,Travel
CUST03994,2025-05-30,156.74,Clothing
CUST03994,2021-05-23,45.05,Dining
CUST03994,2021-08-23,34.53,Grocery
CUST03994,2023-06-29,9.57,Grocery
CUST03994,2021-06-27,283.55,Grocery
CUST03994,2024-04-11,205.98,Grocery
CUST03994,2025-01-04,34.99,Grocery
CUST03994,2022-05-26,41.86,Clothing
CUST03994,2022-05-29,66.42,Dining
CUST03994,2023-12-22,218.6,Electronics
CUST03994,2023-03-17,99.68,Grocery
CUST03994,2025-02-21,155.75,Dining
CUST03994,2022-10-07,107.89,Clothing
CUST03994,2024-06-13,78.77,Grocery
CUST03994,2022-03-28,53.52,Grocery
CUST03994,2023-05-08,8.34,Electronics
CUST03994,2024-08-06,102.43,Electronics
CUST03994,2024-09-08,100.19,Grocery
CUST03994,2021-01-31,147.27,Grocery
CUST03994,2021-11-06,342.77,Grocery
CUST03994,2025-05-17,12.02,Dining
CUST03994,2024-07-23,95.94,Dining
CUST03994,2024-01-03,7.73,Dining
CUST03994,2021-09-30,175.11,Travel
CUST03994,2025-01-29,95.97,Grocery
CUST03994,2023-07-05,153.57,Dining
CUST03994,2023-11-07,46.51,Dining
CUST03994,2022-05-03,72.18,Grocery
CUST03994,2020-10-15,32.37,Electronics
CUST03994,2022-01-20,64.68,Dining
CUST03994,2023-11-26,112.66,Travel
CUST03994,2025-02-01,17.16,Clothing
CUST03994,2024-08-27,46.38,Electronics
CUST03994,2022-07-12,22.95,Dining
CUST03994,2025-07-07,67.73,Electronics
CUST03994,2024-01-15,24.44,Travel
CUST03994,2021-10-18,35.52,Travel
CUST03994,2021-02-23,44.2,Travel
CUST03994,2022-09-06,154.5,Grocery
CUST03994,2025-05-27,136.13,Travel
CUST03994,2023-07-25,29.41,Clothing
CUST03994,2023-03-08,26.67,Clothing
CUST03994,2020-11-03,10.9,Dining
CUST03994,2025-06-19,28.73,Dining
CUST03994,2025-04-26,145.34,Dining
CUST03994,2020-12-31,49.98,Grocery
CUST03994,2021-11-23,211.0,Travel
CUST03994,2025-02-04,123.26,Electronics
CUST03994,2020-08-09,273.53,Clothing
CUST03994,2022-07-24,22.55,Dining
CUST03994,2022-03-02,13.3,Grocery
CUST03994,2023-03-05,461.2,Travel
CUST03994,2022-12-13,125.72,Dining
CUST03994,2025-06-19,50.08,Clothing
CUST03994,2021-10-08,67.32,Travel
CUST03994,2024-09-01,17.87,Grocery
CUST03994,2022-02-02,79.38,Grocery
CUST03994,2020-11-15,29.55,Grocery
CUST03994,2023-07-10,48.83,Dining
CUST03994,2022-02-26,342.14,Grocery
CUST03994,2021-06-13,305.08,Electronics
CUST03994,2022-08-04,44.41,Travel
CUST03994,2025-03-02,10.59,Clothing
CUST03994,2021-08-24,5.33,Electronics
CUST03994,2021-08-23,14.56,Clothing
CUST03994,2021-04-21,237.0,Grocery
CUST03994,2021-04-19,16.99,Grocery
CUST03994,2022-01-20,47.26,Electronics
CUST03994,2022-06-26,28.19,Electronics
CUST03994,2025-02-10,70.13,Grocery
CUST03994,2020-09-19,88.35,Electronics
CUST03994,2024-01-13,35.65,Dining
CUST03994,2022-09-03,30.25,Grocery
CUST03994,2022-06-25,10.92,Travel
CUST03994,2022-01-27,49.93,Grocery
CUST03994,2022-10-17,381.87,Clothing
CUST03994,2020-08-27,8.48,Dining
CUST03994,2022-10-12,191.89,Clothing
CUST03994,2025-07-10,110.72,Travel
CUST03994,2025-03-15,29.07,Travel
CUST03994,2022-10-25,349.16,Dining
CUST03994,2022-12-13,154.07,Electronics
CUST03994,2021-12-16,181.4,Dining
CUST03994,2021-08-19,7.38,Travel
CUST03994,2024-08-04,91.96,Grocery
CUST03994,2025-01-04,177.77,Grocery
CUST03994,2023-12-25,65.86,Clothing
CUST03994,2024-12-16,95.55,Dining
CUST03994,2024-06-20,101.79,Dining
CUST03994,2024-11-24,128.47,Electronics
CUST03994,2022-04-17,11.27,Travel
CUST03994,2025-06-03,31.33,Electronics
CUST03994,2024-02-17,68.22,Travel
CUST03994,2021-03-22,281.95,Dining
CUST03994,2021-09-06,26.67,Clothing
CUST03994,2022-03-24,92.94,Travel
CUST03994,2023-12-23,25.83,Grocery
CUST03994,2021-12-26,56.02,Dining
CUST03994,2025-06-14,25.12,Dining
CUST03994,2022-03-28,147.86,Dining
CUST03994,2024-11-12,72.77,Electronics
CUST03994,2023-10-22,119.93,Electronics
CUST03994,2025-01-28,189.88,Electronics
CUST03994,2023-02-01,166.09,Grocery
CUST03994,2021-12-18,91.1,Travel
CUST03995,2025-05-01,72.89,Travel
CUST03995,2024-10-29,8.73,Electronics
CUST03995,2024-11-13,124.79,Clothing
CUST03995,2024-10-16,22.82,Grocery
CUST03995,2025-02-02,71.51,Travel
CUST03995,2024-10-14,29.68,Electronics
CUST03995,2024-12-23,45.15,Dining
CUST03995,2025-05-24,111.31,Travel
CUST03995,2025-01-09,135.66,Electronics
CUST03995,2025-02-23,96.85,Travel
CUST03995,2025-01-31,254.08,Dining
CUST03995,2025-05-19,130.31,Clothing
CUST03995,2024-11-20,5.52,Grocery
CUST03995,2024-10-16,45.56,Clothing
CUST03995,2025-03-10,11.65,Clothing
CUST03995,2025-04-22,98.5,Travel
CUST03995,2024-10-04,260.46,Electronics
CUST03995,2025-07-15,33.46,Clothing
CUST03995,2025-07-01,28.82,Grocery
CUST03995,2024-11-21,46.22,Grocery
CUST03995,2025-05-02,89.21,Grocery
CUST03995,2025-04-22,33.17,Electronics
CUST03995,2025-03-23,171.24,Clothing
CUST03995,2025-04-28,141.39,Dining
CUST03995,2025-06-11,43.64,Dining
CUST03995,2025-04-11,17.98,Clothing
CUST03995,2025-06-04,5.84,Travel
CUST03995,2024-08-26,94.68,Electronics
CUST03995,2025-05-16,67.25,Grocery
CUST03995,2025-06-28,112.98,Clothing
CUST03995,2025-07-28,34.37,Travel
CUST03995,2025-04-08,12.53,Travel
CUST03995,2024-09-11,113.1,Dining
CUST03995,2025-01-09,9.81,Dining
CUST03995,2024-12-10,99.33,Electronics
CUST03995,2025-02-10,155.76,Clothing
CUST03995,2025-01-16,55.58,Dining
CUST03995,2025-06-13,52.13,Grocery
CUST03995,2025-02-01,93.59,Dining
CUST03995,2025-07-28,43.51,Electronics
CUST03995,2024-10-30,88.81,Travel
CUST03995,2024-12-10,51.49,Clothing
CUST03995,2024-09-02,61.74,Clothing
CUST03995,2024-09-16,133.04,Clothing
CUST03995,2025-01-01,215.73,Electronics
CUST03995,2024-12-04,24.18,Grocery
CUST03995,2025-01-10,25.56,Grocery
CUST03995,2024-10-04,106.72,Grocery
CUST03995,2025-07-09,48.19,Dining
CUST03995,2024-11-18,86.27,Clothing
CUST03995,2025-05-09,32.82,Dining
CUST03995,2024-09-17,38.72,Grocery
CUST03995,2024-11-13,44.32,Travel
CUST03995,2024-11-10,69.31,Clothing
CUST03995,2024-10-09,41.96,Clothing
CUST03995,2025-07-16,205.32,Electronics
CUST03995,2025-04-17,126.24,Dining
CUST03995,2024-09-13,18.94,Travel
CUST03995,2025-01-05,45.25,Grocery
CUST03995,2025-07-26,182.74,Clothing
CUST03995,2025-02-20,30.96,Dining
CUST03995,2025-02-02,63.45,Clothing
CUST03995,2025-02-27,16.54,Dining
CUST03995,2025-04-07,17.32,Electronics
CUST03995,2025-03-12,39.74,Travel
CUST03995,2025-06-18,227.81,Travel
CUST03995,2024-09-10,115.24,Dining
CUST03995,2025-07-04,37.15,Grocery
CUST03995,2024-10-18,30.88,Travel
CUST03995,2025-06-18,71.38,Dining
CUST03995,2024-10-28,34.87,Dining
CUST03995,2025-05-03,127.39,Dining
CUST03995,2024-12-24,50.69,Clothing
CUST03995,2024-09-02,130.18,Clothing
CUST03995,2024-11-05,11.72,Grocery
CUST03995,2025-01-19,21.88,Travel
CUST03995,2025-01-30,16.05,Clothing
CUST03995,2024-12-29,718.14,Electronics
CUST03995,2025-02-07,24.75,Clothing
CUST03995,2024-09-02,8.3,Clothing
CUST03995,2025-07-22,81.33,Dining
CUST03995,2024-12-01,315.7,Travel
CUST03995,2025-07-08,63.31,Grocery
CUST03995,2024-11-02,24.55,Dining
CUST03995,2024-09-03,14.15,Dining
CUST03995,2025-02-26,75.71,Grocery
CUST03995,2025-01-29,139.81,Electronics
CUST03995,2024-11-10,77.89,Electronics
CUST03995,2025-06-22,28.68,Electronics
CUST03995,2025-02-21,140.19,Electronics
CUST03995,2024-12-21,28.87,Travel
CUST03995,2025-06-22,16.6,Electronics
CUST03995,2025-03-18,69.5,Travel
CUST03995,2024-10-03,86.27,Grocery
CUST03995,2024-12-16,10.59,Dining
CUST03995,2025-03-28,59.56,Travel
CUST03995,2025-04-13,23.83,Clothing
CUST03995,2025-03-10,78.29,Electronics
CUST03995,2025-05-03,46.73,Grocery
CUST03995,2025-05-22,63.88,Grocery
CUST03995,2025-01-18,20.26,Clothing
CUST03995,2025-04-07,56.08,Grocery
CUST03995,2024-11-14,71.47,Electronics
CUST03995,2024-12-10,51.69,Travel
CUST03996,2025-07-30,48.2,Travel
CUST03996,2025-06-12,38.99,Travel
CUST03996,2025-07-05,64.44,Electronics
CUST03996,2025-07-26,52.78,Dining
CUST03996,2025-07-05,190.29,Dining
CUST03996,2025-06-30,10.99,Electronics
CUST03996,2025-06-18,135.53,Electronics
CUST03996,2025-06-17,115.22,Clothing
CUST03996,2025-07-28,50.88,Dining
CUST03996,2025-07-04,121.17,Travel
CUST03996,2025-07-03,51.19,Clothing
CUST03996,2025-07-19,58.25,Grocery
CUST03996,2025-06-20,70.42,Electronics
CUST03996,2025-07-15,171.41,Electronics
CUST03996,2025-06-13,54.09,Clothing
CUST03996,2025-06-14,71.48,Dining
CUST03996,2025-07-11,48.77,Electronics
CUST03996,2025-06-20,94.68,Clothing
CUST03996,2025-06-17,15.04,Clothing
CUST03996,2025-06-26,104.45,Dining
CUST03996,2025-07-27,26.68,Electronics
CUST03996,2025-07-28,119.58,Travel
CUST03996,2025-07-26,190.27,Travel
CUST03996,2025-07-19,8.16,Clothing
CUST03996,2025-07-19,24.81,Clothing
CUST03996,2025-07-31,28.17,Grocery
CUST03996,2025-07-11,167.16,Clothing
CUST03996,2025-07-13,6.87,Dining
CUST03996,2025-06-28,93.0,Clothing
CUST03996,2025-06-20,84.88,Travel
CUST03996,2025-07-16,161.6,Dining
CUST03996,2025-07-28,30.65,Grocery
CUST03996,2025-07-03,417.14,Travel
CUST03996,2025-07-11,39.92,Electronics
CUST03996,2025-07-26,35.55,Electronics
CUST03996,2025-06-20,139.29,Electronics
CUST03996,2025-07-02,121.04,Grocery
CUST03996,2025-06-26,25.17,Dining
CUST03996,2025-06-15,272.01,Dining
CUST03996,2025-06-20,98.93,Dining
CUST03996,2025-07-03,175.11,Electronics
CUST03996,2025-07-10,73.99,Grocery
CUST03996,2025-07-13,6.51,Grocery
CUST03996,2025-06-14,85.14,Clothing
CUST03996,2025-07-18,37.44,Electronics
CUST03996,2025-06-27,25.07,Electronics
CUST03996,2025-07-15,13.97,Grocery
CUST03996,2025-07-04,142.19,Electronics
CUST03996,2025-07-07,21.34,Grocery
CUST03996,2025-06-16,77.96,Electronics
CUST03996,2025-07-18,24.86,Electronics
CUST03996,2025-07-10,147.11,Electronics
CUST03996,2025-06-16,120.43,Electronics
CUST03996,2025-07-16,117.34,Travel
CUST03996,2025-06-22,76.41,Grocery
CUST03996,2025-06-19,24.71,Electronics
CUST03996,2025-07-09,47.41,Travel
CUST03996,2025-06-20,19.34,Grocery
CUST03996,2025-07-10,23.98,Electronics
CUST03996,2025-07-18,249.52,Clothing
CUST03996,2025-06-26,28.74,Grocery
CUST03996,2025-06-28,51.41,Travel
CUST03996,2025-07-09,139.37,Travel
CUST03996,2025-06-21,91.09,Electronics
CUST03996,2025-07-18,202.33,Electronics
CUST03996,2025-07-10,73.66,Grocery
CUST03996,2025-07-12,38.76,Dining
CUST03996,2025-07-05,18.38,Grocery
CUST03996,2025-07-29,90.89,Dining
CUST03996,2025-07-28,54.81,Dining
CUST03996,2025-07-04,29.54,Electronics
CUST03996,2025-06-22,95.48,Clothing
CUST03996,2025-07-20,96.04,Electronics
CUST03996,2025-06-29,44.79,Electronics
CUST03996,2025-06-12,78.02,Electronics
CUST03996,2025-06-12,20.98,Electronics
CUST03996,2025-07-14,85.2,Grocery
CUST03996,2025-07-22,19.27,Grocery
CUST03996,2025-06-25,7.7,Clothing
CUST03996,2025-08-01,63.85,Dining
CUST03996,2025-06-22,245.49,Dining
CUST03997,2024-11-19,28.54,Travel
CUST03997,2023-01-10,15.66,Travel
CUST03997,2025-06-10,62.44,Grocery
CUST03997,2023-01-05,17.64,Clothing
CUST03997,2022-05-13,57.62,Dining
CUST03997,2023-01-15,124.69,Dining
CUST03997,2025-05-23,62.43,Grocery
CUST03997,2022-04-26,170.75,Clothing
CUST03997,2023-01-18,301.25,Electronics
CUST03997,2024-11-10,9.44,Dining
CUST03997,2023-01-23,310.05,Dining
CUST03997,2023-06-20,27.89,Grocery
CUST03997,2023-06-09,27.16,Clothing
CUST03997,2024-12-10,235.85,Travel
CUST03997,2022-08-25,37.3,Travel
CUST03997,2025-07-13,101.92,Electronics
CUST03997,2023-08-13,21.1,Clothing
CUST03997,2025-01-02,149.84,Travel
CUST03997,2022-09-27,42.64,Dining
CUST03997,2022-08-29,58.21,Grocery
CUST03997,2025-05-03,112.62,Clothing
CUST03997,2023-01-05,162.34,Travel
CUST03997,2024-09-08,77.93,Dining
CUST03997,2022-11-13,7.73,Electronics
CUST03997,2024-09-13,13.66,Dining
CUST03997,2025-06-13,78.36,Grocery
CUST03997,2025-04-30,54.43,Travel
CUST03997,2024-04-16,35.53,Dining
CUST03997,2023-06-12,132.73,Dining
CUST03997,2023-03-21,12.27,Travel
CUST03997,2025-06-27,33.27,Travel
CUST03997,2024-03-14,26.72,Electronics
CUST03997,2023-12-07,44.11,Travel
CUST03997,2025-01-18,44.64,Clothing
CUST03997,2025-04-04,49.49,Grocery
CUST03997,2022-09-19,38.7,Clothing
CUST03997,2024-11-05,43.76,Electronics
CUST03997,2022-12-17,64.04,Travel
CUST03997,2025-01-17,72.58,Clothing
CUST03997,2022-12-08,26.04,Travel
CUST03997,2024-08-10,81.58,Grocery
CUST03997,2023-08-22,155.32,Clothing
CUST03997,2022-09-15,146.47,Electronics
CUST03997,2023-04-28,157.36,Dining
CUST03997,2023-04-11,52.64,Clothing
CUST03997,2023-11-03,20.82,Electronics
CUST03997,2023-04-12,29.02,Grocery
CUST03997,2024-10-19,48.3,Electronics
CUST03997,2024-05-07,36.12,Travel
CUST03997,2023-05-31,57.81,Dining
CUST03997,2025-01-18,32.53,Electronics
CUST03997,2022-11-20,8.51,Dining
CUST03997,2023-04-30,147.87,Grocery
CUST03997,2022-04-28,5.66,Clothing
CUST03997,2025-01-06,129.82,Dining
CUST03997,2023-05-07,162.27,Dining
CUST03997,2023-09-26,196.0,Electronics
CUST03997,2023-12-30,108.82,Clothing
CUST03997,2022-08-05,95.94,Travel
CUST03997,2024-08-06,37.66,Grocery
CUST03997,2023-08-01,77.59,Clothing
CUST03997,2024-09-01,49.79,Travel
CUST03997,2024-08-02,12.95,Grocery
CUST03997,2022-11-28,111.48,Grocery
CUST03997,2022-07-13,228.71,Travel
CUST03997,2023-06-23,283.01,Electronics
CUST03997,2023-12-13,31.21,Clothing
CUST03997,2024-04-07,163.29,Electronics
CUST03997,2023-07-24,202.85,Grocery
CUST03997,2023-02-01,10.69,Grocery
CUST03997,2024-10-27,28.06,Clothing
CUST03997,2024-09-19,18.89,Electronics
CUST03997,2023-06-06,16.85,Electronics
CUST03997,2024-10-02,71.94,Dining
CUST03997,2025-04-03,24.21,Travel
CUST03997,2024-08-19,49.17,Travel
CUST03997,2023-09-06,52.01,Grocery
CUST03997,2023-07-23,185.13,Dining
CUST03997,2025-08-01,198.92,Clothing
CUST03997,2023-02-04,341.61,Grocery
CUST03997,2025-04-24,121.22,Clothing
CUST03997,2022-10-03,393.84,Clothing
CUST03997,2024-04-20,144.75,Electronics
CUST03997,2025-02-09,98.24,Travel
CUST03997,2022-04-29,38.66,Clothing
CUST03997,2023-05-19,80.98,Clothing
CUST03997,2022-08-05,65.72,Travel
CUST03997,2023-06-10,245.18,Dining
CUST03997,2022-09-11,95.24,Electronics
CUST03997,2024-05-23,5.79,Clothing
CUST03997,2023-06-04,98.39,Dining
CUST03997,2023-06-09,58.07,Travel
CUST03997,2023-08-18,8.12,Dining
CUST03997,2024-12-27,38.27,Grocery
CUST03997,2022-12-23,36.83,Electronics
CUST03997,2023-09-02,18.76,Travel
CUST03997,2024-11-29,485.67,Dining
CUST03997,2025-05-15,52.57,Travel
CUST03997,2024-02-14,134.28,Electronics
CUST03997,2024-08-18,43.34,Clothing
CUST03998,2024-06-21,85.26,Dining
CUST03998,2022-01-02,18.48,Travel
CUST03998,2021-12-11,11.91,Electronics
CUST03998,2025-01-30,38.0,Clothing
CUST03998,2021-10-31,15.18,Grocery
CUST03998,2025-07-28,7.83,Clothing
CUST03998,2024-01-01,8.95,Dining
CUST03998,2024-11-16,126.5,Dining
CUST03998,2023-04-19,33.4,Dining
CUST03998,2021-06-05,20.42,Dining
CUST03998,2025-04-24,63.68,Travel
CUST03998,2021-06-28,33.86,Grocery
CUST03998,2022-08-05,27.89,Dining
CUST03998,2022-10-01,254.85,Grocery
CUST03998,2021-01-10,49.01,Travel
CUST03998,2024-10-08,45.42,Electronics
CUST03998,2024-06-17,152.03,Dining
CUST03998,2024-02-13,55.73,Dining
CUST03998,2022-05-09,42.58,Travel
CUST03998,2024-05-13,6.18,Electronics
CUST03998,2024-09-24,25.06,Dining
CUST03998,2021-09-22,103.24,Dining
CUST03998,2025-06-18,147.85,Grocery
CUST03998,2021-09-12,52.53,Travel
CUST03998,2021-07-17,79.65,Grocery
CUST03998,2022-06-16,88.29,Travel
CUST03998,2024-12-12,11.74,Travel
CUST03998,2023-01-06,83.74,Clothing
CUST03998,2022-01-25,25.21,Electronics
CUST03998,2024-04-17,18.51,Grocery
CUST03998,2025-02-22,85.72,Electronics
CUST03998,2021-06-16,14.49,Grocery
CUST03998,2024-04-28,32.94,Dining
CUST03998,2023-06-25,143.33,Clothing
CUST03998,2022-04-20,29.11,Clothing
CUST03998,2023-02-11,274.71,Clothing
CUST03998,2024-11-09,54.08,Electronics
CUST03998,2023-05-14,6.29,Dining
CUST03998,2024-06-15,8.55,Clothing
CUST03998,2024-07-30,10.75,Clothing
CUST03998,2023-08-17,28.68,Dining
CUST03998,2023-09-18,173.91,Travel
CUST03998,2021-03-05,41.64,Clothing
CUST03998,2024-08-26,200.12,Clothing
CUST03998,2023-07-18,24.77,Dining
CUST03998,2024-07-24,149.72,Electronics
CUST03998,2022-12-21,82.16,Electronics
CUST03998,2025-03-08,36.68,Travel
CUST03998,2022-10-05,60.82,Dining
CUST03998,2025-01-08,9.74,Travel
CUST03998,2021-10-11,212.85,Travel
CUST03998,2024-07-27,17.93,Clothing
CUST03998,2021-10-15,58.28,Clothing
CUST03998,2023-11-13,22.63,Travel
CUST03998,2023-05-24,150.76,Clothing
CUST03998,2023-10-10,42.23,Dining
CUST03998,2022-08-24,5.42,Clothing
CUST03998,2023-08-09,174.85,Dining
CUST03998,2022-04-21,102.37,Dining
CUST03998,2023-11-25,52.01,Travel
CUST03998,2024-12-09,42.27,Dining
CUST03998,2021-06-21,211.23,Dining
CUST03998,2022-11-20,117.11,Grocery
CUST03998,2021-07-04,70.81,Dining
CUST03998,2022-05-15,87.49,Grocery
CUST03998,2022-06-23,10.19,Travel
CUST03998,2023-02-05,270.57,Electronics
CUST03998,2021-08-08,94.0,Dining
CUST03998,2023-05-03,65.71,Electronics
CUST03998,2022-06-10,69.55,Clothing
CUST03998,2022-09-25,132.39,Dining
CUST03998,2024-01-22,39.4,Travel
CUST03998,2024-03-24,94.2,Clothing
CUST03998,2024-06-04,216.56,Travel
CUST03998,2021-01-23,17.25,Clothing
CUST03998,2025-03-22,78.15,Dining
CUST03998,2024-08-09,215.83,Clothing
CUST03998,2022-08-23,89.77,Clothing
CUST03998,2021-09-27,34.59,Grocery
CUST03998,2022-05-31,153.2,Travel
CUST03998,2021-05-27,117.17,Grocery
CUST03998,2021-11-22,74.03,Clothing
CUST03998,2024-09-01,36.21,Clothing
CUST03998,2023-03-07,54.12,Travel
CUST03998,2024-10-19,75.38,Dining
CUST03998,2021-06-23,62.88,Grocery
CUST03998,2022-06-22,34.13,Dining
CUST03998,2021-08-30,19.21,Travel
CUST03998,2023-11-05,113.03,Electronics
CUST03998,2024-01-13,33.19,Electronics
CUST03998,2022-04-05,306.03,Electronics
CUST03998,2021-03-05,140.53,Electronics
CUST03998,2023-01-12,60.76,Clothing
CUST03998,2024-11-21,80.86,Travel
CUST03998,2024-03-25,71.08,Clothing
CUST03998,2021-12-13,185.65,Travel
CUST03998,2021-07-29,138.08,Clothing
CUST03998,2024-10-08,89.02,Clothing
CUST03998,2021-09-18,29.4,Travel
CUST03998,2022-07-08,58.42,Travel
CUST03998,2025-02-11,93.64,Grocery
CUST03998,2022-06-28,49.31,Clothing
CUST03998,2021-06-09,125.69,Grocery
CUST03998,2020-12-07,60.35,Grocery
CUST03998,2022-11-24,120.88,Dining
CUST03998,2025-05-27,283.41,Grocery
CUST03998,2024-02-22,127.07,Grocery
CUST03998,2022-07-08,5.78,Clothing
CUST03998,2024-01-04,29.5,Clothing
CUST03998,2021-01-16,46.51,Electronics
CUST03998,2023-06-06,183.19,Clothing
CUST03999,2022-01-02,238.53,Clothing
CUST03999,2025-02-11,155.56,Travel
CUST03999,2021-12-21,15.41,Grocery
CUST03999,2025-06-03,174.25,Electronics
CUST03999,2024-06-27,20.56,Electronics
CUST03999,2025-06-18,264.31,Dining
CUST03999,2024-01-07,61.38,Electronics
CUST03999,2021-07-19,24.86,Electronics
CUST03999,2022-09-04,48.27,Dining
CUST03999,2021-08-15,49.88,Electronics
CUST03999,2021-07-07,6.29,Dining
CUST03999,2025-07-25,22.16,Grocery
CUST03999,2025-06-29,6.26,Dining
CUST03999,2022-04-14,68.11,Travel
CUST03999,2024-04-12,64.2,Clothing
CUST03999,2021-11-07,178.06,Grocery
CUST03999,2023-10-26,48.41,Electronics
CUST03999,2023-02-19,12.86,Travel
CUST03999,2022-08-13,18.67,Dining
CUST03999,2023-08-28,58.94,Travel
CUST03999,2023-04-28,114.72,Grocery
CUST03999,2022-11-09,85.11,Clothing
CUST03999,2024-06-30,32.06,Grocery
CUST03999,2023-06-17,66.5,Clothing
CUST03999,2021-10-07,44.06,Clothing
CUST03999,2022-10-01,143.91,Clothing
CUST03999,2024-12-27,140.93,Travel
CUST03999,2022-08-02,14.44,Dining
CUST03999,2023-04-29,37.06,Dining
CUST03999,2022-12-22,60.22,Dining
CUST03999,2022-09-29,11.73,Clothing
CUST03999,2024-02-03,94.52,Electronics
CUST03999,2024-03-28,94.62,Travel
CUST03999,2025-07-18,5.97,Travel
CUST03999,2024-07-31,33.05,Clothing
CUST03999,2023-03-15,47.52,Clothing
CUST03999,2022-01-03,47.4,Dining
CUST03999,2022-06-29,22.78,Clothing
CUST03999,2023-08-24,19.01,Electronics
CUST03999,2021-10-28,14.36,Grocery
CUST03999,2021-09-08,52.6,Dining
CUST03999,2021-08-31,11.71,Dining
CUST03999,2022-06-23,21.77,Dining
CUST03999,2022-08-09,23.0,Travel
CUST03999,2022-07-23,61.04,Electronics
CUST03999,2023-09-06,32.08,Electronics
CUST03999,2023-08-11,37.44,Dining
CUST03999,2023-09-25,29.0,Electronics
CUST03999,2023-11-28,202.92,Dining
CUST03999,2024-04-30,5.64,Electronics
CUST03999,2022-08-09,109.92,Clothing
CUST03999,2023-06-06,12.87,Electronics
CUST03999,2022-06-12,255.41,Dining
CUST03999,2021-11-06,314.84,Clothing
CUST03999,2023-06-10,92.48,Travel
CUST03999,2024-04-06,45.59,Clothing
CUST03999,2025-04-19,47.42,Electronics
CUST03999,2023-12-02,116.03,Grocery
CUST03999,2021-11-15,49.0,Electronics
CUST03999,2025-05-23,79.4,Electronics
CUST03999,2023-08-11,25.26,Travel
CUST03999,2025-03-12,110.22,Clothing
CUST03999,2024-06-12,19.02,Travel
CUST03999,2023-11-12,29.39,Dining
CUST03999,2024-06-02,33.98,Travel
CUST03999,2024-08-24,92.66,Clothing
CUST03999,2022-02-20,102.25,Clothing
CUST03999,2024-04-16,100.98,Electronics
CUST03999,2022-12-20,86.16,Dining
CUST03999,2023-04-06,32.21,Electronics
CUST03999,2025-06-18,157.15,Electronics
CUST03999,2022-03-01,265.32,Clothing
CUST03999,2022-03-14,90.23,Travel
CUST03999,2022-01-30,23.43,Grocery
CUST03999,2023-07-16,90.15,Electronics
CUST03999,2023-09-28,14.03,Travel
CUST03999,2024-03-22,21.69,Dining
CUST03999,2024-04-28,33.0,Clothing
CUST03999,2021-09-04,38.9,Grocery
CUST03999,2022-07-23,90.36,Dining
CUST03999,2022-05-30,24.76,Travel
CUST03999,2024-05-29,31.34,Dining
CUST03999,2021-07-30,256.96,Dining
CUST03999,2025-02-02,83.16,Grocery
CUST03999,2023-11-09,177.8,Grocery
CUST03999,2024-08-25,19.66,Clothing
CUST03999,2022-09-22,33.08,Dining
CUST03999,2022-06-07,38.16,Clothing
CUST03999,2022-11-03,395.86,Grocery
CUST03999,2022-10-28,46.09,Travel
CUST03999,2022-01-09,5.42,Grocery
CUST03999,2025-01-23,242.44,Electronics
CUST03999,2025-04-29,8.23,Clothing
CUST03999,2022-05-05,16.6,Travel
CUST03999,2024-07-16,82.99,Clothing
CUST03999,2024-10-03,24.93,Electronics
CUST03999,2021-07-19,51.02,Travel
CUST03999,2022-05-16,198.49,Clothing
CUST03999,2023-12-02,158.77,Travel
CUST03999,2022-07-30,39.29,Clothing
CUST03999,2022-12-02,52.38,Electronics
CUST03999,2022-09-09,24.4,Electronics
CUST03999,2023-09-05,26.51,Dining
CUST03999,2023-04-27,30.47,Clothing
CUST03999,2021-11-25,135.67,Electronics
CUST03999,2024-11-05,160.35,Grocery
CUST03999,2022-10-31,233.64,Travel
CUST03999,2021-12-08,45.27,Grocery
CUST03999,2025-07-20,33.25,Clothing
CUST03999,2024-11-12,40.34,Dining
CUST03999,2025-07-06,51.35,Clothing
CUST03999,2022-10-06,67.23,Electronics
CUST04000,2025-01-22,12.66,Clothing
CUST04000,2025-06-21,212.14,Travel
CUST04000,2023-03-23,290.9,Grocery
CUST04000,2024-04-03,24.63,Clothing
CUST04000,2023-10-31,18.76,Grocery
CUST04000,2024-03-10,45.03,Grocery
CUST04000,2024-11-21,47.09,Electronics
CUST04000,2024-09-28,85.01,Electronics
CUST04000,2024-03-02,47.34,Grocery
CUST04000,2025-06-07,151.41,Grocery
CUST04000,2025-04-08,138.48,Electronics
CUST04000,2023-03-15,22.47,Travel
CUST04000,2024-01-11,5.9,Electronics
CUST04000,2024-12-04,338.95,Dining
CUST04000,2023-07-05,87.84,Travel
CUST04000,2023-05-15,20.99,Electronics
CUST04000,2024-09-10,148.42,Grocery
CUST04000,2023-01-29,95.1,Dining
CUST04000,2025-02-24,249.7,Dining
CUST04000,2023-05-08,36.46,Grocery
CUST04000,2024-10-29,191.57,Grocery
CUST04000,2025-06-18,38.02,Dining
CUST04000,2023-10-12,49.67,Dining
CUST04000,2023-02-02,21.21,Dining
CUST04000,2023-06-04,52.83,Electronics
CUST04000,2025-06-10,62.03,Clothing
CUST04000,2023-07-06,172.86,Dining
CUST04000,2023-08-01,87.1,Electronics
CUST04000,2023-12-11,18.13,Electronics
CUST04000,2024-05-10,26.01,Dining
CUST04000,2024-11-14,9.7,Clothing
CUST04000,2023-09-08,87.62,Dining
CUST04000,2023-07-17,34.69,Electronics
CUST04000,2023-12-29,17.01,Electronics
CUST04000,2024-10-05,194.47,Grocery
CUST04000,2024-12-25,267.22,Travel
CUST04000,2024-10-27,40.37,Electronics
CUST04000,2024-02-05,31.56,Travel
CUST04000,2023-10-30,112.34,Dining
CUST04000,2024-09-02,95.7,Travel
CUST04000,2025-02-15,103.28,Grocery
CUST04000,2023-07-27,22.31,Dining
CUST04000,2024-12-19,5.03,Travel
CUST04000,2023-09-18,37.78,Electronics
CUST04000,2025-03-03,156.68,Grocery
CUST04000,2024-06-23,161.53,Travel
CUST04000,2024-06-09,12.08,Electronics
CUST04000,2025-07-14,334.53,Clothing
CUST04000,2023-08-10,10.53,Grocery
CUST04000,2024-06-19,297.11,Dining
CUST04000,2024-10-09,29.55,Travel
CUST04000,2023-07-15,36.51,Clothing
CUST04000,2024-03-09,36.76,Clothing
CUST04000,2025-04-09,220.29,Electronics
CUST04000,2024-04-13,28.04,Travel
CUST04000,2024-09-25,21.6,Travel
CUST04000,2024-01-29,40.26,Electronics
CUST04000,2023-09-16,127.03,Dining
CUST04000,2023-04-01,336.76,Electronics
CUST04000,2024-06-03,27.33,Travel
CUST04000,2024-04-17,41.7,Grocery
CUST04000,2024-01-28,181.58,Clothing
CUST04000,2023-09-02,190.36,Grocery
CUST04000,2023-11-12,32.13,Electronics
CUST04000,2023-02-18,78.05,Dining
CUST04000,2023-06-03,79.25,Grocery
CUST04000,2024-01-31,60.7,Electronics
CUST04000,2023-09-09,18.79,Grocery
CUST04000,2024-09-02,75.19,Electronics
CUST04000,2023-12-23,104.99,Grocery
CUST04000,2024-03-12,19.05,Dining
CUST04000,2023-12-13,176.04,Grocery
CUST04000,2023-12-04,78.4,Clothing
CUST04000,2023-09-25,121.97,Electronics
CUST04000,2025-03-08,41.01,Grocery
CUST04000,2024-08-12,15.18,Clothing
CUST04000,2024-07-25,36.56,Electronics
CUST04000,2024-03-17,117.11,Clothing
CUST04000,2025-04-03,28.24,Travel
CUST04000,2024-05-20,28.09,Dining
CUST04000,2023-12-17,72.48,Grocery
CUST04000,2024-10-15,27.06,Electronics
CUST04000,2023-01-15,119.11,Grocery
CUST04000,2024-08-02,44.02,Dining
CUST04000,2025-06-27,46.56,Electronics
CUST04000,2024-04-15,63.88,Grocery
CUST04000,2023-05-12,19.45,Dining
CUST04000,2023-12-19,54.86,Clothing
CUST04000,2023-05-17,56.46,Dining
CUST04000,2025-01-16,17.68,Grocery
CUST04000,2023-08-13,70.71,Clothing
CUST04000,2024-12-31,78.12,Grocery
CUST04000,2023-09-22,44.49,Grocery
CUST04000,2024-12-08,23.99,Electronics
CUST04000,2023-08-17,76.01,Electronics
CUST04000,2024-08-28,161.59,Clothing
CUST04000,2024-05-17,121.63,Travel
CUST04000,2024-04-06,263.54,Clothing
CUST04001,2024-12-26,26.48,Travel
CUST04001,2024-06-02,67.43,Clothing
CUST04001,2025-07-06,24.47,Grocery
CUST04001,2025-04-03,591.36,Travel
CUST04001,2024-09-25,16.19,Travel
CUST04001,2024-02-27,89.04,Clothing
CUST04001,2025-03-09,82.96,Travel
CUST04001,2024-12-26,26.09,Grocery
CUST04001,2024-06-02,136.05,Clothing
CUST04001,2024-07-10,16.99,Dining
CUST04001,2025-03-04,162.43,Electronics
CUST04001,2024-06-20,197.37,Electronics
CUST04001,2023-08-17,101.82,Grocery
CUST04001,2023-08-09,55.43,Dining
CUST04001,2025-02-23,72.47,Dining
CUST04001,2024-09-22,8.79,Electronics
CUST04001,2025-06-07,94.6,Electronics
CUST04001,2025-02-02,19.94,Grocery
CUST04001,2024-09-18,97.85,Travel
CUST04001,2023-09-09,19.45,Electronics
CUST04001,2024-01-10,257.91,Travel
CUST04001,2025-04-24,19.45,Dining
CUST04001,2025-02-22,35.26,Dining
CUST04001,2024-06-01,16.88,Travel
CUST04001,2024-04-05,33.44,Grocery
CUST04001,2025-04-18,47.12,Dining
CUST04001,2024-06-07,158.64,Travel
CUST04001,2024-05-09,232.7,Dining
CUST04001,2023-07-09,96.44,Grocery
CUST04001,2024-10-13,99.46,Dining
CUST04001,2025-03-11,33.22,Dining
CUST04001,2024-03-09,77.82,Clothing
CUST04001,2023-12-12,327.02,Dining
CUST04001,2024-09-15,121.41,Electronics
CUST04001,2023-08-22,65.73,Clothing
CUST04001,2023-07-20,39.08,Clothing
CUST04001,2023-12-02,108.67,Travel
CUST04001,2025-01-03,26.42,Grocery
CUST04001,2024-07-29,25.62,Travel
CUST04001,2023-08-07,10.55,Travel
CUST04001,2023-12-24,95.59,Travel
CUST04001,2023-09-14,69.11,Clothing
CUST04001,2025-03-11,49.27,Dining
CUST04001,2024-07-05,255.4,Dining
CUST04001,2024-11-17,17.18,Electronics
CUST04001,2023-07-08,222.39,Grocery
CUST04001,2025-05-23,19.68,Grocery
CUST04001,2024-09-19,172.73,Clothing
CUST04001,2024-11-14,453.81,Dining
CUST04001,2024-08-13,72.55,Grocery
CUST04001,2023-09-20,12.66,Clothing
CUST04001,2024-02-01,19.91,Dining
CUST04001,2024-05-14,84.95,Grocery
CUST04001,2025-07-26,35.58,Clothing
CUST04001,2023-12-29,85.42,Grocery
CUST04001,2024-07-03,46.55,Electronics
CUST04001,2024-04-07,217.52,Dining
CUST04001,2024-08-25,193.71,Dining
CUST04001,2023-09-01,67.69,Clothing
CUST04001,2023-08-24,51.26,Clothing
CUST04001,2025-06-06,56.26,Dining
CUST04001,2023-07-24,52.32,Electronics
CUST04001,2024-09-23,172.01,Clothing
CUST04001,2024-01-15,55.21,Electronics
CUST04001,2025-07-21,41.67,Clothing
CUST04001,2024-09-12,29.13,Travel
CUST04001,2025-02-23,10.27,Dining
CUST04001,2025-01-10,173.86,Dining
CUST04001,2024-09-16,247.68,Dining
CUST04001,2024-03-05,62.12,Clothing
CUST04001,2023-12-18,10.36,Travel
CUST04001,2023-08-06,158.99,Dining
CUST04001,2024-01-07,131.12,Grocery
CUST04001,2024-11-20,65.08,Clothing
CUST04001,2023-12-08,73.07,Travel
CUST04001,2025-05-18,27.73,Electronics
CUST04001,2025-04-04,37.84,Grocery
CUST04001,2024-09-07,190.37,Clothing
CUST04001,2024-07-30,101.09,Dining
CUST04001,2024-11-10,296.32,Clothing
CUST04001,2023-12-19,104.64,Clothing
CUST04001,2025-07-06,5.51,Grocery
CUST04001,2023-12-27,46.52,Grocery
CUST04001,2024-03-12,24.6,Electronics
CUST04001,2024-05-15,163.97,Travel
CUST04001,2024-01-04,36.59,Electronics
CUST04001,2025-03-10,34.28,Dining
CUST04001,2025-07-14,43.34,Travel
CUST04001,2024-11-20,233.69,Clothing
CUST04001,2024-10-20,211.93,Travel
CUST04001,2025-07-20,11.31,Grocery
CUST04001,2023-07-14,83.8,Dining
CUST04001,2025-07-17,326.91,Grocery
CUST04001,2025-02-04,7.22,Clothing
CUST04002,2025-07-30,11.25,Clothing
CUST04002,2025-05-02,99.0,Clothing
CUST04002,2025-06-27,27.43,Electronics
CUST04002,2025-04-30,55.96,Electronics
CUST04002,2025-03-27,46.35,Grocery
CUST04002,2024-11-21,97.83,Grocery
CUST04002,2025-04-24,51.99,Clothing
CUST04002,2024-06-26,101.62,Travel
CUST04002,2024-11-11,12.35,Electronics
CUST04002,2024-10-28,86.1,Grocery
CUST04002,2024-06-16,100.71,Travel
CUST04002,2025-03-06,68.01,Dining
CUST04002,2025-04-25,60.95,Clothing
CUST04002,2025-07-12,7.06,Clothing
CUST04002,2024-09-17,327.67,Travel
CUST04002,2025-04-10,171.69,Electronics
CUST04002,2024-11-02,13.67,Grocery
