customer_id,txn_date,amount,category
CUST04251,2024-10-18,54.96,Clothing
CUST04251,2025-06-13,89.9,Travel
CUST04251,2023-07-14,98.62,Travel
CUST04251,2024-09-29,62.57,Clothing
CUST04251,2021-08-31,55.79,Clothing
CUST04251,2023-10-23,47.56,Electronics
CUST04251,2023-07-21,42.76,Clothing
CUST04251,2024-10-15,14.82,Electronics
CUST04251,2025-02-22,28.07,Grocery
CUST04251,2024-02-21,242.75,Electronics
CUST04251,2025-01-15,86.27,Grocery
CUST04251,2024-12-03,285.17,Clothing
CUST04251,2021-09-14,144.22,Dining
CUST04251,2024-06-20,40.51,Electronics
CUST04251,2022-10-09,15.36,Travel
CUST04251,2024-11-05,124.16,Dining
CUST04251,2023-06-26,44.98,Electronics
CUST04251,2025-03-19,95.63,Travel
CUST04251,2025-04-25,10.89,Electronics
CUST04251,2025-02-09,8.03,Clothing
CUST04251,2022-03-05,302.65,Dining
CUST04251,2023-03-30,46.53,Electronics
CUST04251,2023-06-15,9.58,Clothing
CUST04251,2023-07-07,23.76,Travel
CUST04251,2022-12-07,187.8,Grocery
CUST04251,2022-11-10,107.2,Electronics
CUST04251,2022-12-07,52.42,Grocery
CUST04251,2025-06-26,76.07,Grocery
CUST04251,2023-08-06,21.03,Grocery
CUST04251,2022-11-30,50.08,Clothing
CUST04251,2025-05-21,95.06,Clothing
CUST04251,2025-05-17,184.08,Travel
CUST04251,2023-08-23,40.3,Grocery
CUST04251,2023-06-12,95.21,Clothing
CUST04251,2023-05-16,36.47,Grocery
CUST04251,2022-10-27,35.06,Clothing
CUST04251,2021-04-24,70.79,Electronics
CUST04251,2022-12-01,55.28,Electronics
CUST04251,2022-08-25,74.72,Clothing
CUST04251,2022-01-23,46.35,Dining
CUST04251,2024-09-07,16.29,Dining
CUST04251,2023-09-23,162.26,Travel
CUST04251,2023-02-09,163.55,Dining
CUST04251,2022-09-30,12.07,Grocery
CUST04251,2023-02-23,140.47,Grocery
CUST04251,2025-03-13,50.8,Clothing
CUST04251,2022-06-18,102.48,Travel
CUST04251,2021-04-13,154.63,Grocery
CUST04251,2023-01-08,115.92,Travel
CUST04251,2022-01-26,62.43,Dining
CUST04251,2024-11-02,51.03,Clothing
CUST04251,2023-11-19,111.52,Travel
CUST04251,2021-05-31,30.9,Dining
CUST04251,2023-08-18,7.44,Travel
CUST04251,2023-02-23,55.13,Clothing
CUST04251,2022-02-20,60.12,Grocery
CUST04251,2023-05-27,102.28,Electronics
CUST04251,2022-07-01,33.53,Travel
CUST04251,2022-08-13,136.4,Travel
CUST04251,2024-10-26,95.93,Dining
CUST04251,2022-09-13,73.46,Clothing
CUST04251,2025-05-08,57.94,Electronics
CUST04251,2021-02-13,45.94,Dining
CUST04251,2022-11-26,33.62,Grocery
CUST04251,2024-11-28,91.87,Dining
CUST04251,2023-10-11,74.15,Electronics
CUST04251,2024-01-04,6.58,Grocery
CUST04251,2024-01-19,7.38,Travel
CUST04251,2021-10-12,166.98,Grocery
CUST04251,2022-07-09,8.31,Electronics
CUST04251,2023-10-29,28.44,Travel
CUST04251,2021-11-28,164.7,Clothing
CUST04251,2024-11-28,7.74,Dining
CUST04251,2022-01-23,61.48,Clothing
CUST04251,2025-01-13,35.25,Grocery
CUST04251,2024-04-13,50.99,Travel
CUST04251,2021-11-03,38.86,Grocery
CUST04251,2022-05-21,79.92,Electronics
CUST04251,2022-07-10,15.93,Clothing
CUST04251,2022-04-03,69.93,Travel
CUST04251,2021-09-06,164.48,Clothing
CUST04251,2025-02-07,112.94,Clothing
CUST04251,2024-08-25,28.72,Dining
CUST04251,2024-07-10,125.94,Grocery
CUST04251,2025-04-08,9.28,Dining
CUST04251,2021-11-13,63.91,Clothing
CUST04251,2022-06-07,8.87,Clothing
CUST04251,2022-09-22,122.97,Electronics
CUST04251,2023-03-26,156.61,Electronics
CUST04251,2023-05-13,29.08,Clothing
CUST04251,2022-12-31,188.71,Clothing
CUST04251,2021-03-19,93.06,Clothing
CUST04251,2024-12-14,92.6,Clothing
CUST04251,2024-12-01,290.44,Electronics
CUST04251,2024-07-08,36.05,Electronics
CUST04251,2022-01-08,32.61,Clothing
CUST04252,2025-07-07,131.68,Grocery
CUST04252,2024-02-28,335.18,Travel
CUST04252,2024-12-29,18.85,Electronics
CUST04252,2025-06-02,270.49,Electronics
CUST04252,2024-12-19,168.49,Travel
CUST04252,2024-04-11,175.7,Clothing
CUST04252,2023-12-28,64.58,Electronics
CUST04252,2024-04-17,124.64,Grocery
CUST04252,2024-10-21,12.97,Clothing
CUST04252,2025-03-03,51.58,Dining
CUST04252,2025-01-16,182.08,Clothing
CUST04252,2024-03-19,192.37,Grocery
CUST04252,2024-05-28,24.36,Electronics
CUST04252,2025-04-04,146.28,Grocery
CUST04252,2024-03-31,56.85,Travel
CUST04252,2024-02-01,54.31,Travel
CUST04252,2024-10-20,129.58,Electronics
CUST04252,2024-02-07,13.69,Electronics
CUST04252,2025-04-18,94.17,Electronics
CUST04252,2024-05-19,34.96,Grocery
CUST04252,2023-12-31,34.1,Travel
CUST04252,2024-01-11,58.77,Electronics
CUST04252,2025-06-22,56.47,Grocery
CUST04252,2024-09-22,30.0,Clothing
CUST04252,2025-07-23,57.38,Dining
CUST04252,2025-03-03,77.68,Travel
CUST04252,2025-07-08,7.09,Travel
CUST04252,2024-12-23,59.58,Dining
CUST04252,2024-06-25,67.19,Grocery
CUST04252,2025-01-02,37.44,Travel
CUST04252,2023-10-07,179.89,Clothing
CUST04252,2024-03-31,74.43,Grocery
CUST04252,2024-04-17,138.8,Grocery
CUST04252,2024-05-14,165.19,Electronics
CUST04252,2024-01-23,12.25,Travel
CUST04252,2025-07-02,33.98,Electronics
CUST04252,2024-11-01,142.93,Electronics
CUST04252,2023-11-07,70.26,Grocery
CUST04252,2024-04-26,53.88,Grocery
CUST04252,2024-04-09,356.67,Clothing
CUST04252,2024-10-09,75.6,Dining
CUST04252,2024-11-08,64.05,Travel
CUST04252,2024-12-16,54.37,Electronics
CUST04252,2024-09-19,18.05,Dining
CUST04252,2025-07-31,219.91,Clothing
CUST04252,2025-07-09,143.15,Grocery
CUST04252,2024-06-21,70.95,Grocery
CUST04252,2023-10-22,291.82,Clothing
CUST04252,2024-02-06,148.3,Dining
CUST04252,2024-09-08,38.67,Clothing
CUST04252,2025-03-31,12.42,Electronics
CUST04252,2024-02-08,5.16,Travel
CUST04252,2023-12-20,12.76,Clothing
CUST04252,2023-11-27,112.45,Dining
CUST04252,2024-07-08,24.2,Dining
CUST04252,2025-07-11,65.74,Electronics
CUST04252,2024-11-28,5.72,Dining
CUST04252,2023-11-01,112.87,Dining
CUST04252,2024-04-26,39.84,Clothing
CUST04252,2025-07-26,74.15,Dining
CUST04252,2024-08-12,28.14,Clothing
CUST04252,2024-02-07,263.75,Dining
CUST04252,2024-07-08,16.16,Clothing
CUST04252,2024-07-19,21.08,Travel
CUST04252,2024-07-17,19.61,Clothing
CUST04252,2024-06-06,107.29,Electronics
CUST04252,2024-02-20,54.75,Dining
CUST04252,2025-01-14,29.91,Grocery
CUST04252,2024-08-29,38.05,Electronics
CUST04252,2024-01-24,49.69,Electronics
CUST04252,2025-05-28,143.37,Dining
CUST04252,2024-05-29,66.93,Clothing
CUST04252,2025-07-15,20.73,Clothing
CUST04252,2024-08-20,97.16,Grocery
CUST04252,2023-10-19,63.17,Grocery
CUST04252,2024-09-12,155.49,Clothing
CUST04252,2025-03-19,30.29,Dining
CUST04252,2023-11-21,307.86,Dining
CUST04252,2024-02-16,22.66,Grocery
CUST04252,2025-05-12,15.75,Clothing
CUST04252,2023-11-04,19.73,Dining
CUST04252,2025-01-23,10.93,Electronics
CUST04252,2025-03-14,49.51,Clothing
CUST04252,2024-08-14,223.18,Travel
CUST04252,2023-10-30,142.08,Electronics
CUST04252,2023-10-19,163.13,Dining
CUST04252,2024-09-16,35.5,Grocery
CUST04252,2024-05-07,110.73,Electronics
CUST04252,2023-10-13,58.75,Dining
CUST04252,2024-02-13,69.29,Travel
CUST04252,2025-03-07,8.39,Clothing
CUST04252,2023-10-03,34.03,Travel
CUST04252,2024-03-28,5.26,Dining
CUST04252,2025-03-31,167.06,Electronics
CUST04252,2025-03-21,31.67,Clothing
CUST04252,2024-06-25,62.36,Clothing
CUST04252,2023-11-04,62.37,Clothing
CUST04252,2024-12-17,59.86,Grocery
CUST04252,2025-03-02,14.87,Travel
CUST04252,2023-10-31,47.25,Dining
CUST04252,2024-09-05,36.26,Clothing
CUST04252,2024-09-13,63.27,Dining
CUST04252,2023-10-13,20.55,Travel
CUST04252,2024-11-30,22.75,Electronics
CUST04252,2025-01-15,7.9,Clothing
CUST04252,2024-10-15,7.26,Grocery
CUST04252,2024-08-17,269.69,Travel
CUST04252,2024-03-23,219.49,Electronics
CUST04252,2024-01-27,269.58,Clothing
CUST04252,2024-03-08,17.0,Grocery
CUST04252,2024-01-07,5.47,Dining
CUST04252,2024-05-23,15.7,Travel
CUST04252,2024-11-24,140.49,Clothing
CUST04252,2025-01-06,92.04,Travel
CUST04252,2024-06-29,338.04,Clothing
CUST04252,2025-04-06,137.9,Clothing
CUST04252,2024-11-09,16.14,Electronics
CUST04252,2023-11-19,96.28,Dining
CUST04252,2023-10-08,94.27,Grocery
CUST04252,2024-06-07,33.35,Electronics
CUST04252,2025-04-05,15.0,Dining
CUST04252,2025-05-16,26.15,Travel
CUST04252,2024-01-16,122.61,Electronics
CUST04252,2024-09-25,296.29,Travel
CUST04252,2023-11-01,52.66,Clothing
CUST04252,2024-02-21,11.0,Clothing
CUST04252,2025-03-27,73.36,Electronics
CUST04253,2023-07-21,216.36,Electronics
CUST04253,2023-07-27,63.53,Clothing
CUST04253,2022-11-11,94.1,Dining
CUST04253,2024-02-03,46.56,Travel
CUST04253,2023-03-26,39.44,Grocery
CUST04253,2024-09-12,56.99,Clothing
CUST04253,2024-12-30,171.45,Grocery
CUST04253,2022-03-28,10.87,Clothing
CUST04253,2025-04-27,52.38,Clothing
CUST04253,2023-03-31,11.92,Clothing
CUST04253,2024-05-27,154.96,Dining
CUST04253,2024-10-14,104.37,Grocery
CUST04253,2022-08-05,24.39,Electronics
CUST04253,2023-10-06,279.04,Grocery
CUST04253,2025-04-05,145.37,Electronics
CUST04253,2025-05-17,132.47,Grocery
CUST04253,2023-09-02,35.56,Clothing
CUST04253,2022-06-23,76.21,Clothing
CUST04253,2024-02-20,43.64,Electronics
CUST04253,2022-01-31,176.22,Clothing
CUST04253,2023-09-26,123.95,Dining
CUST04253,2023-06-20,22.53,Electronics
CUST04253,2023-10-05,66.32,Electronics
CUST04253,2022-10-10,502.15,Grocery
CUST04253,2023-12-06,18.84,Electronics
CUST04253,2024-05-07,29.19,Travel
CUST04253,2024-09-22,67.25,Electronics
CUST04253,2022-12-25,81.04,Travel
CUST04253,2024-07-08,12.76,Travel
CUST04253,2023-07-20,37.13,Electronics
CUST04253,2022-03-15,16.87,Electronics
CUST04253,2024-08-23,19.01,Electronics
CUST04253,2024-08-22,75.41,Clothing
CUST04253,2024-03-04,20.16,Electronics
CUST04253,2023-07-05,37.39,Travel
CUST04253,2023-11-26,18.98,Electronics
CUST04253,2024-06-24,46.4,Travel
CUST04253,2022-07-16,89.23,Travel
CUST04253,2023-05-10,13.77,Grocery
CUST04253,2024-05-27,150.88,Grocery
CUST04253,2024-01-14,131.55,Grocery
CUST04253,2022-10-08,105.72,Travel
CUST04253,2022-07-03,48.97,Grocery
CUST04253,2024-06-04,102.62,Travel
CUST04253,2022-06-24,20.17,Travel
CUST04253,2022-10-18,130.15,Dining
CUST04253,2022-10-26,118.93,Dining
CUST04253,2023-12-10,23.76,Clothing
CUST04253,2022-02-11,6.99,Clothing
CUST04253,2022-08-19,21.54,Electronics
CUST04253,2023-10-28,215.8,Clothing
CUST04253,2023-06-25,95.24,Grocery
CUST04253,2024-03-01,145.81,Travel
CUST04253,2022-11-30,81.18,Electronics
CUST04253,2024-02-17,73.97,Travel
CUST04253,2024-09-11,37.15,Clothing
CUST04253,2022-10-20,31.81,Grocery
CUST04253,2025-06-24,150.05,Grocery
CUST04253,2023-03-20,14.51,Grocery
CUST04253,2024-12-19,23.18,Clothing
CUST04253,2022-11-08,14.12,Grocery
CUST04253,2023-02-06,58.66,Electronics
CUST04253,2023-03-01,18.37,Dining
CUST04253,2023-05-11,263.34,Grocery
CUST04253,2022-10-20,14.34,Dining
CUST04253,2023-11-13,261.15,Clothing
CUST04253,2024-01-19,14.03,Travel
CUST04253,2023-07-19,105.34,Electronics
CUST04253,2024-11-09,100.83,Clothing
CUST04253,2023-03-31,21.58,Clothing
CUST04253,2022-08-19,107.39,Dining
CUST04253,2023-12-17,11.32,Dining
CUST04253,2022-11-30,92.03,Grocery
CUST04253,2022-11-01,152.3,Clothing
CUST04253,2022-05-22,113.95,Dining
CUST04253,2023-07-16,12.94,Grocery
CUST04253,2022-05-16,16.19,Clothing
CUST04253,2023-05-12,91.47,Clothing
CUST04253,2024-01-31,85.84,Clothing
CUST04253,2023-09-18,57.45,Grocery
CUST04253,2022-04-10,9.33,Dining
CUST04253,2024-03-10,30.26,Clothing
CUST04253,2025-06-22,121.7,Grocery
CUST04253,2025-02-02,248.3,Travel
CUST04253,2022-03-06,26.01,Dining
CUST04253,2022-11-09,391.12,Grocery
CUST04253,2022-01-27,126.1,Grocery
CUST04253,2022-03-22,208.21,Travel
CUST04253,2025-03-24,7.83,Grocery
CUST04253,2022-05-23,59.1,Grocery
CUST04253,2024-02-25,27.82,Dining
CUST04253,2022-07-30,48.58,Clothing
CUST04253,2025-07-19,105.2,Travel
CUST04253,2024-07-02,135.11,Grocery
CUST04253,2024-02-09,83.46,Grocery
CUST04253,2023-11-20,223.3,Travel
CUST04254,2022-02-21,97.12,Travel
CUST04254,2021-10-01,112.57,Grocery
CUST04254,2024-03-30,48.58,Dining
CUST04254,2025-05-14,122.8,Electronics
CUST04254,2021-09-17,53.43,Dining
CUST04254,2025-03-27,189.59,Travel
CUST04254,2023-07-11,13.38,Travel
CUST04254,2023-02-05,27.48,Grocery
CUST04254,2025-05-20,306.61,Travel
CUST04254,2024-04-14,36.83,Travel
CUST04254,2022-10-11,63.9,Grocery
CUST04254,2023-02-16,36.92,Electronics
CUST04254,2025-05-20,24.58,Dining
CUST04254,2022-11-02,184.26,Dining
CUST04254,2024-01-18,70.68,Grocery
CUST04254,2025-03-31,48.76,Dining
CUST04254,2022-02-24,54.09,Dining
CUST04254,2023-08-04,21.53,Dining
CUST04254,2023-10-07,144.22,Travel
CUST04254,2023-10-31,74.84,Grocery
CUST04254,2022-07-04,19.28,Grocery
CUST04254,2022-02-28,62.53,Travel
CUST04254,2023-04-18,97.92,Travel
CUST04254,2024-12-31,87.53,Grocery
CUST04254,2025-07-25,345.0,Electronics
CUST04254,2022-09-27,127.71,Travel
CUST04254,2025-03-20,40.75,Clothing
CUST04254,2024-10-01,42.29,Grocery
CUST04254,2024-01-31,152.29,Travel
CUST04254,2024-11-20,21.36,Electronics
CUST04254,2023-08-06,68.98,Travel
CUST04254,2024-09-10,7.36,Grocery
CUST04254,2022-04-26,102.62,Electronics
CUST04254,2024-02-19,77.67,Electronics
CUST04254,2023-03-31,268.38,Grocery
CUST04254,2021-10-26,61.14,Electronics
CUST04254,2022-04-29,135.06,Grocery
CUST04254,2023-02-10,141.18,Electronics
CUST04254,2021-08-15,157.12,Grocery
CUST04254,2025-02-17,56.59,Travel
CUST04254,2024-10-01,39.54,Electronics
CUST04254,2024-04-19,120.36,Grocery
CUST04254,2022-05-10,8.06,Grocery
CUST04254,2021-09-13,10.06,Grocery
CUST04254,2021-12-28,35.13,Electronics
CUST04254,2023-08-21,27.39,Travel
CUST04254,2021-11-15,157.66,Electronics
CUST04254,2025-03-14,173.7,Electronics
CUST04254,2024-04-08,80.85,Travel
CUST04254,2024-08-29,14.97,Travel
CUST04254,2022-05-23,10.84,Electronics
CUST04254,2022-08-06,6.44,Electronics
CUST04254,2023-01-31,47.78,Dining
CUST04254,2024-08-18,22.84,Travel
CUST04254,2023-05-30,59.62,Clothing
CUST04254,2023-12-24,159.95,Grocery
CUST04254,2024-06-30,209.36,Electronics
CUST04254,2024-08-31,111.07,Travel
CUST04254,2024-11-23,89.86,Clothing
CUST04254,2025-03-17,9.91,Dining
CUST04254,2021-09-29,186.81,Travel
CUST04254,2021-11-07,6.22,Dining
CUST04254,2024-12-22,47.98,Electronics
CUST04254,2024-05-28,57.3,Electronics
CUST04254,2022-04-15,57.97,Grocery
CUST04254,2023-07-07,45.04,Grocery
CUST04254,2021-08-14,15.44,Dining
CUST04254,2024-04-22,192.25,Clothing
CUST04254,2021-12-16,249.15,Travel
CUST04254,2024-01-03,55.82,Grocery
CUST04254,2023-04-01,89.02,Dining
CUST04254,2022-06-28,209.61,Grocery
CUST04254,2023-05-14,41.9,Dining
CUST04254,2022-09-02,83.53,Travel
CUST04254,2021-08-23,31.13,Travel
CUST04254,2024-08-27,7.88,Grocery
CUST04254,2025-02-02,40.04,Electronics
CUST04254,2021-11-01,60.12,Electronics
CUST04254,2024-03-25,208.4,Clothing
CUST04254,2023-12-03,36.22,Clothing
CUST04254,2023-04-28,51.54,Electronics
CUST04254,2024-09-09,13.21,Travel
CUST04254,2024-04-15,18.13,Travel
CUST04254,2023-07-26,95.54,Electronics
CUST04254,2024-04-12,27.71,Travel
CUST04254,2024-02-01,268.15,Travel
CUST04254,2022-08-12,54.15,Travel
CUST04254,2023-04-10,8.02,Travel
CUST04254,2024-08-25,72.03,Grocery
CUST04254,2021-11-20,122.44,Clothing
CUST04254,2022-01-18,70.05,Clothing
CUST04254,2024-11-03,64.58,Clothing
CUST04254,2024-03-03,119.66,Travel
CUST04255,2021-09-07,49.3,Clothing
CUST04255,2022-02-16,67.76,Clothing
CUST04255,2022-10-21,114.7,Clothing
CUST04255,2023-07-07,5.98,Electronics
CUST04255,2021-11-13,49.04,Clothing
CUST04255,2024-10-25,102.3,Electronics
CUST04255,2023-12-30,74.64,Clothing
CUST04255,2024-06-23,56.25,Grocery
CUST04255,2024-05-11,347.35,Clothing
CUST04255,2020-11-17,98.17,Clothing
CUST04255,2021-05-25,50.87,Dining
CUST04255,2021-05-04,84.97,Clothing
CUST04255,2021-08-14,27.29,Travel
CUST04255,2021-05-12,250.78,Travel
CUST04255,2025-03-12,22.18,Clothing
CUST04255,2024-04-07,7.97,Grocery
CUST04255,2022-07-15,207.41,Dining
CUST04255,2022-05-31,102.26,Dining
CUST04255,2021-09-03,21.53,Dining
CUST04255,2022-01-18,83.13,Clothing
CUST04255,2021-05-18,7.05,Travel
CUST04255,2025-07-22,42.78,Electronics
CUST04255,2023-03-25,131.13,Grocery
CUST04255,2025-02-20,71.25,Electronics
CUST04255,2022-07-09,26.64,Dining
CUST04255,2025-01-12,79.98,Dining
CUST04255,2024-12-26,40.2,Electronics
CUST04255,2021-08-22,7.98,Travel
CUST04255,2024-03-07,77.63,Clothing
CUST04255,2023-02-17,10.12,Travel
CUST04255,2023-03-29,112.12,Dining
CUST04255,2023-05-25,67.34,Clothing
CUST04255,2025-05-15,13.54,Dining
CUST04255,2025-05-27,8.51,Grocery
CUST04255,2025-07-02,93.57,Grocery
CUST04255,2021-04-28,11.53,Dining
CUST04255,2023-01-26,106.68,Travel
CUST04255,2025-02-12,114.78,Electronics
CUST04255,2023-04-13,8.89,Travel
CUST04255,2020-11-06,21.23,Electronics
CUST04255,2024-04-27,15.96,Travel
CUST04255,2022-12-25,58.9,Travel
CUST04255,2025-03-26,48.05,Electronics
CUST04255,2022-11-01,48.93,Travel
CUST04255,2024-09-26,98.64,Clothing
CUST04255,2025-07-05,70.93,Clothing
CUST04255,2022-12-08,146.88,Electronics
CUST04255,2021-12-19,268.95,Grocery
CUST04255,2021-07-18,37.2,Dining
CUST04255,2021-09-10,39.99,Electronics
CUST04255,2025-03-01,18.97,Travel
CUST04255,2025-03-04,40.49,Electronics
CUST04255,2022-09-17,32.15,Electronics
CUST04255,2024-12-28,11.67,Grocery
CUST04255,2022-04-01,123.62,Electronics
CUST04255,2023-03-02,55.25,Clothing
CUST04255,2024-05-12,75.54,Clothing
CUST04255,2024-08-27,18.19,Grocery
CUST04255,2023-03-25,30.39,Dining
CUST04255,2021-05-14,43.66,Electronics
CUST04255,2022-06-24,174.33,Electronics
CUST04255,2021-03-20,11.42,Dining
CUST04255,2021-06-14,14.98,Grocery
CUST04255,2022-03-17,51.48,Clothing
CUST04255,2022-11-30,192.89,Dining
CUST04255,2022-01-28,101.12,Electronics
CUST04255,2023-02-01,116.36,Dining
CUST04255,2024-01-31,26.49,Travel
CUST04255,2022-03-30,143.16,Travel
CUST04255,2021-11-14,40.04,Grocery
CUST04255,2022-10-23,113.43,Travel
CUST04255,2023-12-13,102.26,Clothing
CUST04255,2023-09-23,450.1,Clothing
CUST04255,2022-12-18,49.58,Clothing
CUST04255,2023-05-14,57.7,Electronics
CUST04255,2022-07-31,57.05,Clothing
CUST04255,2022-03-26,168.27,Dining
CUST04255,2023-12-17,119.96,Dining
CUST04255,2021-12-05,33.77,Electronics
CUST04255,2023-03-29,33.38,Grocery
CUST04255,2021-10-03,32.13,Travel
CUST04255,2024-03-13,84.47,Electronics
CUST04255,2023-03-29,49.53,Grocery
CUST04255,2024-05-20,77.88,Grocery
CUST04255,2024-02-05,17.66,Dining
CUST04255,2023-10-22,49.33,Grocery
CUST04256,2025-07-04,60.98,Electronics
CUST04256,2025-02-28,115.4,Electronics
CUST04256,2025-04-26,112.04,Dining
CUST04256,2025-04-17,71.12,Travel
CUST04256,2025-07-30,59.18,Clothing
CUST04256,2025-02-22,13.03,Clothing
CUST04256,2025-04-27,39.09,Clothing
CUST04256,2025-05-26,247.6,Electronics
CUST04256,2025-04-06,7.01,Grocery
CUST04256,2025-06-17,69.16,Clothing
CUST04256,2025-06-14,91.81,Grocery
CUST04256,2025-03-17,206.02,Clothing
CUST04256,2025-05-28,52.13,Travel
CUST04256,2025-03-25,5.89,Travel
CUST04256,2025-02-23,24.05,Electronics
CUST04256,2025-07-16,12.24,Grocery
CUST04256,2025-01-10,13.91,Electronics
CUST04256,2025-05-12,8.1,Electronics
CUST04256,2025-06-30,31.39,Electronics
CUST04256,2025-06-19,19.89,Electronics
CUST04256,2025-06-11,48.53,Grocery
CUST04256,2025-03-24,20.42,Clothing
CUST04256,2025-01-19,32.24,Electronics
CUST04256,2025-01-24,146.38,Electronics
CUST04256,2025-03-04,63.24,Grocery
CUST04256,2025-04-21,370.45,Dining
CUST04256,2025-01-15,34.65,Grocery
CUST04256,2025-07-25,59.46,Travel
CUST04256,2025-03-22,39.08,Dining
CUST04256,2025-06-01,69.48,Electronics
CUST04256,2025-08-01,89.76,Clothing
CUST04256,2025-02-07,46.03,Electronics
CUST04256,2025-03-27,128.45,Grocery
CUST04256,2025-04-29,103.4,Clothing
CUST04256,2025-01-14,42.82,Dining
CUST04256,2025-06-01,30.73,Travel
CUST04256,2025-01-19,105.37,Grocery
CUST04256,2025-06-14,300.52,Dining
CUST04256,2025-07-14,18.49,Dining
CUST04256,2025-02-23,165.99,Clothing
CUST04256,2025-02-19,20.92,Grocery
CUST04256,2025-05-09,102.19,Clothing
CUST04256,2025-06-30,239.36,Travel
CUST04256,2025-05-05,129.24,Dining
CUST04256,2025-06-26,12.77,Dining
CUST04256,2025-05-25,42.04,Clothing
CUST04256,2025-05-10,128.35,Electronics
CUST04256,2025-01-23,96.39,Travel
CUST04256,2025-04-02,37.75,Dining
CUST04256,2025-05-25,139.79,Dining
CUST04256,2025-01-12,111.54,Electronics
CUST04256,2025-07-17,33.33,Dining
CUST04256,2025-05-19,71.18,Grocery
CUST04256,2025-07-31,96.74,Electronics
CUST04256,2025-01-08,49.96,Dining
CUST04256,2025-04-15,243.73,Travel
CUST04256,2025-05-24,26.72,Electronics
CUST04256,2025-07-18,119.42,Dining
CUST04256,2025-04-30,109.37,Grocery
CUST04256,2025-03-15,22.07,Dining
CUST04256,2025-01-17,54.19,Clothing
CUST04256,2025-04-09,162.73,Clothing
CUST04256,2025-07-04,65.06,Clothing
CUST04256,2025-04-15,22.89,Electronics
CUST04256,2025-03-13,47.79,Grocery
CUST04256,2025-05-01,127.76,Grocery
CUST04256,2025-07-26,35.19,Dining
CUST04256,2025-06-13,25.39,Dining
CUST04256,2025-05-06,72.51,Clothing
CUST04256,2025-06-27,251.38,Grocery
CUST04256,2025-03-20,19.04,Electronics
CUST04256,2025-03-29,57.22,Travel
CUST04256,2025-05-30,90.2,Dining
CUST04256,2025-04-24,134.09,Electronics
CUST04256,2025-07-05,190.0,Electronics
CUST04256,2025-03-21,28.96,Electronics
CUST04256,2025-05-14,114.65,Dining
CUST04256,2025-03-28,44.44,Electronics
CUST04256,2025-04-09,21.89,Dining
CUST04256,2025-02-21,11.77,Travel
CUST04256,2025-05-09,5.56,Travel
CUST04256,2025-02-28,20.48,Travel
CUST04256,2025-05-11,334.87,Electronics
CUST04256,2025-05-02,144.88,Travel
CUST04256,2025-01-18,34.59,Dining
CUST04256,2025-07-31,6.63,Grocery
CUST04256,2025-01-13,49.62,Travel
CUST04256,2025-07-23,19.17,Grocery
CUST04256,2025-03-13,12.27,Clothing
CUST04256,2025-05-24,213.86,Clothing
CUST04256,2025-05-08,19.81,Electronics
CUST04256,2025-05-13,123.85,Travel
CUST04256,2025-04-30,33.06,Dining
CUST04256,2025-01-25,32.66,Electronics
CUST04256,2025-05-14,94.59,Travel
CUST04256,2025-06-18,14.5,Clothing
CUST04256,2025-03-07,53.37,Dining
CUST04257,2024-08-31,8.64,Clothing
CUST04257,2022-12-07,17.1,Electronics
CUST04257,2024-12-22,16.97,Grocery
CUST04257,2024-12-16,42.5,Dining
CUST04257,2023-01-04,99.28,Dining
CUST04257,2024-11-03,222.64,Clothing
CUST04257,2024-01-25,24.47,Electronics
CUST04257,2025-05-10,17.52,Travel
CUST04257,2022-12-20,34.02,Dining
CUST04257,2024-07-07,153.07,Grocery
CUST04257,2025-06-12,57.47,Electronics
CUST04257,2025-07-20,123.07,Electronics
CUST04257,2025-02-27,108.83,Grocery
CUST04257,2024-10-25,9.1,Travel
CUST04257,2025-03-10,64.69,Grocery
CUST04257,2022-11-17,11.63,Grocery
CUST04257,2024-10-01,95.84,Dining
CUST04257,2024-08-24,93.33,Clothing
CUST04257,2023-05-04,75.26,Travel
CUST04257,2024-05-11,30.62,Grocery
CUST04257,2023-10-05,12.16,Grocery
CUST04257,2023-02-19,28.87,Grocery
CUST04257,2023-03-25,79.29,Electronics
CUST04257,2023-10-11,228.57,Electronics
CUST04257,2023-05-19,88.65,Dining
CUST04257,2025-02-22,39.78,Grocery
CUST04257,2025-06-25,5.19,Clothing
CUST04257,2025-01-15,33.66,Grocery
CUST04257,2024-11-20,64.0,Clothing
CUST04257,2024-08-08,77.77,Dining
CUST04257,2023-02-05,33.51,Electronics
CUST04257,2024-04-20,80.07,Dining
CUST04257,2023-01-31,15.56,Dining
CUST04257,2024-05-01,32.37,Travel
CUST04257,2025-02-28,177.77,Electronics
CUST04257,2023-01-17,10.57,Grocery
CUST04257,2023-02-12,30.46,Electronics
CUST04257,2025-06-22,26.44,Grocery
CUST04257,2025-06-13,140.64,Clothing
CUST04257,2025-04-14,7.93,Grocery
CUST04257,2023-03-27,25.56,Clothing
CUST04257,2024-09-13,47.03,Clothing
CUST04257,2024-01-23,65.44,Grocery
CUST04257,2023-06-08,123.18,Grocery
CUST04257,2023-07-15,11.8,Travel
CUST04257,2025-06-22,28.8,Travel
CUST04257,2024-01-22,20.15,Grocery
CUST04257,2025-02-01,62.53,Clothing
CUST04257,2025-04-06,77.18,Electronics
CUST04257,2023-05-01,6.99,Travel
CUST04257,2025-05-03,69.9,Grocery
CUST04257,2024-11-04,67.58,Dining
CUST04257,2024-04-09,16.48,Electronics
CUST04257,2024-12-27,45.86,Grocery
CUST04257,2023-05-26,212.32,Electronics
CUST04257,2025-06-26,103.67,Clothing
CUST04257,2024-08-30,9.69,Travel
CUST04257,2024-02-02,17.33,Clothing
CUST04257,2023-06-02,25.7,Grocery
CUST04257,2024-07-01,64.6,Dining
CUST04257,2024-01-28,75.48,Grocery
CUST04257,2025-03-27,191.43,Grocery
CUST04257,2023-07-01,28.1,Travel
CUST04257,2024-05-30,78.32,Clothing
CUST04257,2023-11-11,109.44,Dining
CUST04257,2023-02-17,156.24,Travel
CUST04257,2023-07-16,180.43,Electronics
CUST04257,2024-02-26,180.4,Grocery
CUST04257,2023-03-05,77.5,Dining
CUST04257,2023-10-22,27.12,Grocery
CUST04257,2024-10-24,57.0,Travel
CUST04257,2024-04-16,38.14,Travel
CUST04257,2023-08-24,86.11,Clothing
CUST04257,2025-05-07,134.91,Electronics
CUST04257,2024-05-10,302.5,Electronics
CUST04257,2024-03-24,79.49,Electronics
CUST04257,2024-09-29,25.8,Dining
CUST04257,2024-10-12,26.6,Travel
CUST04257,2025-04-20,462.43,Clothing
CUST04257,2024-12-26,14.93,Electronics
CUST04257,2023-01-11,19.7,Travel
CUST04257,2024-09-21,111.05,Clothing
CUST04257,2023-09-30,25.64,Dining
CUST04257,2023-11-26,139.01,Electronics
CUST04257,2025-05-16,8.52,Grocery
CUST04257,2022-12-17,28.9,Grocery
CUST04257,2023-04-21,82.19,Travel
CUST04257,2023-06-06,118.66,Grocery
CUST04257,2024-09-19,13.97,Electronics
CUST04257,2025-06-18,73.25,Travel
CUST04257,2024-07-24,67.12,Electronics
CUST04257,2023-11-23,42.08,Clothing
CUST04257,2023-06-15,235.64,Electronics
CUST04257,2023-02-05,62.81,Travel
CUST04257,2025-05-08,284.13,Travel
CUST04257,2025-05-05,182.44,Grocery
CUST04257,2023-11-28,136.75,Clothing
CUST04258,2024-08-30,109.55,Travel
CUST04258,2024-07-01,78.75,Clothing
CUST04258,2024-05-10,13.07,Electronics
CUST04258,2023-04-10,107.98,Travel
CUST04258,2024-02-17,52.99,Grocery
CUST04258,2023-10-11,12.25,Dining
CUST04258,2022-06-27,186.33,Dining
CUST04258,2024-12-04,15.5,Clothing
CUST04258,2021-11-26,42.47,Grocery
CUST04258,2021-12-08,89.02,Electronics
CUST04258,2025-06-20,114.53,Dining
CUST04258,2023-05-22,14.43,Travel
CUST04258,2024-05-10,32.76,Grocery
CUST04258,2021-11-27,42.4,Electronics
CUST04258,2022-08-22,265.39,Grocery
CUST04258,2024-02-03,111.54,Electronics
CUST04258,2025-01-17,156.52,Clothing
CUST04258,2023-05-26,27.67,Electronics
CUST04258,2024-11-17,152.04,Grocery
CUST04258,2025-01-29,114.87,Clothing
CUST04258,2025-05-01,227.65,Dining
CUST04258,2023-09-17,27.94,Grocery
CUST04258,2021-08-30,43.66,Clothing
CUST04258,2021-10-08,67.37,Travel
CUST04258,2022-10-11,32.17,Clothing
CUST04258,2021-08-31,280.28,Grocery
CUST04258,2024-12-29,45.07,Electronics
CUST04258,2023-05-20,111.05,Travel
CUST04258,2024-01-16,205.03,Electronics
CUST04258,2023-01-18,42.63,Grocery
CUST04258,2023-01-01,57.53,Dining
CUST04258,2021-10-08,23.67,Electronics
CUST04258,2025-01-03,19.9,Travel
CUST04258,2021-09-07,77.17,Grocery
CUST04258,2022-10-07,5.44,Grocery
CUST04258,2025-01-17,138.41,Dining
CUST04258,2022-06-20,105.83,Grocery
CUST04258,2024-02-09,115.19,Electronics
CUST04258,2024-02-17,70.65,Travel
CUST04258,2022-08-28,15.79,Dining
CUST04258,2023-01-10,51.05,Dining
CUST04258,2022-07-25,237.67,Electronics
CUST04258,2023-11-17,72.52,Electronics
CUST04258,2025-06-28,107.89,Clothing
CUST04258,2024-03-07,25.24,Grocery
CUST04258,2022-02-20,236.89,Travel
CUST04258,2023-06-07,141.47,Dining
CUST04258,2022-04-11,43.49,Grocery
CUST04258,2023-05-01,31.03,Electronics
CUST04258,2022-09-04,188.05,Clothing
CUST04258,2024-07-06,197.97,Clothing
CUST04258,2022-10-28,8.67,Travel
CUST04258,2021-11-16,26.98,Dining
CUST04258,2023-06-28,129.24,Electronics
CUST04258,2021-12-11,47.91,Travel
CUST04258,2022-07-05,99.19,Electronics
CUST04258,2021-12-20,40.95,Electronics
CUST04258,2023-07-26,50.85,Grocery
CUST04258,2022-02-13,44.08,Grocery
CUST04258,2025-02-21,299.83,Grocery
CUST04258,2021-12-24,94.73,Electronics
CUST04258,2023-01-04,39.49,Clothing
CUST04258,2022-09-26,59.86,Dining
CUST04258,2021-08-28,319.19,Grocery
CUST04258,2023-12-27,75.45,Clothing
CUST04258,2025-04-18,103.49,Travel
CUST04258,2022-08-09,30.67,Dining
CUST04258,2021-09-19,106.75,Dining
CUST04258,2021-12-14,105.74,Dining
CUST04258,2024-04-19,194.72,Clothing
CUST04258,2024-05-06,33.74,Dining
CUST04258,2024-04-03,180.03,Dining
CUST04258,2025-01-31,20.27,Grocery
CUST04258,2024-06-22,28.99,Grocery
CUST04258,2023-01-22,8.16,Grocery
CUST04258,2023-05-11,29.74,Electronics
CUST04258,2025-01-08,42.46,Clothing
CUST04258,2023-01-27,68.48,Clothing
CUST04258,2025-07-07,265.52,Electronics
CUST04258,2023-10-03,50.12,Clothing
CUST04258,2022-06-23,33.27,Grocery
CUST04258,2024-09-30,36.73,Electronics
CUST04258,2023-01-09,52.14,Dining
CUST04258,2024-01-12,34.5,Travel
CUST04258,2023-06-08,55.47,Electronics
CUST04258,2024-08-27,9.94,Clothing
CUST04258,2024-03-08,59.03,Grocery
CUST04258,2024-07-06,137.27,Travel
CUST04258,2023-03-28,47.68,Dining
CUST04258,2025-04-26,60.03,Travel
CUST04258,2022-03-03,52.84,Clothing
CUST04258,2025-07-30,22.51,Grocery
CUST04258,2022-11-08,115.37,Grocery
CUST04258,2025-05-26,88.96,Grocery
CUST04258,2024-01-10,23.05,Grocery
CUST04258,2023-07-17,46.36,Electronics
CUST04258,2023-01-07,149.5,Dining
CUST04258,2022-03-05,34.57,Clothing
CUST04259,2024-11-24,84.94,Travel
CUST04259,2023-11-06,44.92,Clothing
CUST04259,2022-10-06,82.19,Travel
CUST04259,2023-04-27,10.7,Dining
CUST04259,2023-09-23,36.96,Grocery
CUST04259,2022-10-03,6.17,Grocery
CUST04259,2024-06-17,15.83,Clothing
CUST04259,2023-08-17,81.41,Dining
CUST04259,2024-12-25,14.45,Grocery
CUST04259,2025-05-23,15.1,Grocery
CUST04259,2025-05-15,84.31,Clothing
CUST04259,2025-04-25,92.41,Travel
CUST04259,2024-04-14,173.3,Dining
CUST04259,2024-04-15,150.33,Clothing
CUST04259,2023-08-14,16.52,Travel
CUST04259,2024-05-15,49.81,Electronics
CUST04259,2025-07-15,38.08,Travel
CUST04259,2024-07-20,21.59,Grocery
CUST04259,2023-11-24,103.2,Clothing
CUST04259,2024-06-14,160.22,Electronics
CUST04259,2022-06-01,43.27,Clothing
CUST04259,2024-07-14,156.48,Grocery
CUST04259,2025-05-16,138.59,Dining
CUST04259,2021-12-12,8.57,Travel
CUST04259,2024-08-21,32.12,Dining
CUST04259,2023-03-03,56.5,Clothing
CUST04259,2025-06-04,167.23,Clothing
CUST04259,2022-11-02,10.4,Grocery
CUST04259,2022-04-17,174.99,Grocery
CUST04259,2024-12-16,298.6,Grocery
CUST04259,2022-09-22,123.2,Dining
CUST04259,2022-03-02,38.29,Electronics
CUST04259,2022-08-29,81.2,Grocery
CUST04259,2025-06-29,189.79,Dining
CUST04259,2024-08-22,86.76,Grocery
CUST04259,2021-11-18,18.55,Dining
CUST04259,2024-03-13,50.71,Grocery
CUST04259,2024-11-03,24.75,Clothing
CUST04259,2023-03-14,14.06,Travel
CUST04259,2022-10-03,167.51,Grocery
CUST04259,2022-09-25,104.77,Clothing
CUST04259,2024-06-16,27.34,Grocery
CUST04259,2022-01-08,47.19,Grocery
CUST04259,2022-09-13,46.87,Electronics
CUST04259,2022-11-28,48.69,Grocery
CUST04259,2024-03-18,43.38,Electronics
CUST04259,2022-01-19,84.29,Electronics
CUST04259,2023-09-02,30.64,Dining
CUST04259,2022-12-25,145.29,Electronics
CUST04259,2022-10-04,53.59,Travel
CUST04259,2023-01-18,147.12,Electronics
CUST04259,2022-03-22,11.41,Travel
CUST04259,2023-03-01,158.07,Electronics
CUST04259,2024-05-06,36.98,Dining
CUST04259,2024-07-16,230.67,Grocery
CUST04259,2024-09-26,67.73,Electronics
CUST04259,2021-12-27,32.23,Clothing
CUST04259,2025-07-06,105.25,Travel
CUST04259,2022-03-18,75.75,Grocery
CUST04259,2025-01-17,109.08,Grocery
CUST04259,2022-09-15,138.89,Travel
CUST04259,2024-06-06,9.91,Dining
CUST04259,2024-09-11,37.47,Electronics
CUST04259,2022-07-17,19.87,Electronics
CUST04259,2024-07-26,64.29,Grocery
CUST04259,2025-07-21,239.59,Electronics
CUST04259,2025-01-15,78.95,Clothing
CUST04259,2025-04-26,69.87,Travel
CUST04259,2025-06-19,138.91,Dining
CUST04259,2025-06-27,43.63,Grocery
CUST04259,2024-05-20,13.3,Dining
CUST04259,2023-11-11,44.53,Electronics
CUST04259,2022-11-23,257.07,Grocery
CUST04259,2025-01-28,104.22,Dining
CUST04259,2025-05-22,41.6,Electronics
CUST04259,2024-10-24,21.04,Travel
CUST04259,2023-01-16,68.66,Dining
CUST04259,2023-01-05,23.38,Clothing
CUST04259,2024-05-20,345.31,Clothing
CUST04259,2024-10-09,125.81,Grocery
CUST04259,2024-01-24,60.05,Dining
CUST04259,2022-02-25,14.88,Electronics
CUST04259,2023-08-30,43.88,Travel
CUST04259,2024-09-18,13.57,Electronics
CUST04259,2024-01-21,47.14,Clothing
CUST04259,2025-05-06,83.98,Grocery
CUST04259,2025-05-18,33.2,Electronics
CUST04259,2023-07-07,70.75,Travel
CUST04259,2022-03-08,102.04,Travel
CUST04259,2023-12-29,256.66,Travel
CUST04259,2022-05-02,125.6,Grocery
CUST04259,2025-04-30,99.58,Clothing
CUST04259,2021-12-23,104.88,Clothing
CUST04259,2022-08-08,135.28,Electronics
CUST04259,2024-11-30,182.86,Clothing
CUST04259,2024-11-23,19.3,Dining
CUST04259,2023-07-26,11.94,Dining
CUST04259,2023-07-01,34.98,Grocery
CUST04259,2022-01-05,24.92,Travel
CUST04259,2022-05-17,9.49,Dining
CUST04259,2022-01-02,29.36,Travel
CUST04259,2022-07-17,11.85,Travel
CUST04259,2025-04-27,31.66,Travel
CUST04259,2022-07-06,164.36,Travel
CUST04259,2024-10-12,92.02,Grocery
CUST04259,2024-02-08,42.44,Dining
CUST04259,2024-04-06,87.13,Travel
CUST04260,2023-04-06,142.37,Dining
CUST04260,2022-08-01,77.86,Electronics
CUST04260,2022-10-30,386.96,Electronics
CUST04260,2023-12-16,43.92,Dining
CUST04260,2025-01-21,148.76,Travel
CUST04260,2022-09-25,43.57,Clothing
CUST04260,2024-02-22,72.84,Dining
CUST04260,2023-03-18,125.04,Travel
CUST04260,2023-10-04,20.51,Clothing
CUST04260,2023-08-01,5.56,Dining
CUST04260,2025-02-08,68.21,Grocery
CUST04260,2023-01-31,30.92,Travel
CUST04260,2023-03-16,20.12,Clothing
CUST04260,2025-03-03,32.7,Grocery
CUST04260,2022-12-13,111.19,Electronics
CUST04260,2024-09-21,15.52,Travel
CUST04260,2024-12-30,44.5,Grocery
CUST04260,2023-10-11,9.98,Dining
CUST04260,2023-03-02,19.55,Electronics
CUST04260,2024-02-11,108.7,Electronics
CUST04260,2024-03-28,15.74,Grocery
CUST04260,2023-07-10,70.87,Grocery
CUST04260,2024-09-01,6.42,Travel
CUST04260,2024-12-24,24.88,Grocery
CUST04260,2024-08-21,122.82,Clothing
CUST04260,2023-09-03,76.3,Clothing
CUST04260,2023-07-06,284.53,Dining
CUST04260,2025-06-09,63.88,Electronics
CUST04260,2024-12-29,112.01,Electronics
CUST04260,2024-01-13,59.65,Clothing
CUST04260,2024-11-17,13.34,Travel
CUST04260,2024-04-21,62.89,Dining
CUST04260,2025-04-01,359.96,Electronics
CUST04260,2022-10-07,28.15,Grocery
CUST04260,2023-04-09,76.06,Clothing
CUST04260,2025-06-12,177.44,Electronics
CUST04260,2022-10-15,291.18,Dining
CUST04260,2025-06-06,25.76,Dining
CUST04260,2025-03-31,52.82,Grocery
CUST04260,2025-02-02,38.84,Electronics
CUST04260,2024-10-24,221.41,Clothing
CUST04260,2023-09-09,113.41,Dining
CUST04260,2025-06-21,61.78,Grocery
CUST04260,2025-03-09,54.45,Dining
CUST04260,2022-09-25,23.09,Grocery
CUST04260,2024-06-30,139.54,Grocery
CUST04260,2024-06-18,17.14,Grocery
CUST04260,2022-10-05,67.57,Grocery
CUST04260,2022-12-18,96.07,Electronics
CUST04260,2024-01-08,19.89,Grocery
CUST04260,2024-03-06,48.62,Grocery
CUST04260,2025-03-16,10.24,Travel
CUST04260,2023-06-12,98.63,Dining
CUST04260,2022-08-05,31.78,Grocery
CUST04260,2023-08-04,101.33,Electronics
CUST04260,2023-01-28,141.94,Dining
CUST04260,2024-01-10,254.75,Electronics
CUST04260,2022-11-13,104.11,Travel
CUST04260,2023-03-19,34.33,Clothing
CUST04260,2022-11-02,113.2,Travel
CUST04260,2025-07-21,210.51,Travel
CUST04260,2025-05-21,57.62,Dining
CUST04260,2023-12-16,193.39,Electronics
CUST04260,2023-03-03,50.11,Grocery
CUST04260,2024-06-08,141.23,Dining
CUST04260,2024-06-28,17.45,Dining
CUST04260,2023-12-21,16.11,Electronics
CUST04260,2024-10-12,151.69,Dining
CUST04260,2022-12-02,83.53,Travel
CUST04260,2023-12-28,120.92,Electronics
CUST04260,2023-09-27,69.05,Dining
CUST04260,2022-11-23,168.0,Electronics
CUST04260,2024-06-28,44.12,Travel
CUST04260,2022-08-03,36.11,Dining
CUST04260,2023-05-31,6.83,Travel
CUST04260,2022-09-06,92.4,Grocery
CUST04260,2023-06-16,60.45,Travel
CUST04260,2024-06-29,189.75,Grocery
CUST04260,2023-06-30,184.66,Electronics
CUST04260,2024-08-01,22.1,Travel
CUST04260,2023-04-30,19.16,Electronics
CUST04260,2025-06-04,61.92,Travel
CUST04261,2025-01-16,125.26,Grocery
CUST04261,2025-03-12,19.04,Travel
CUST04261,2025-05-22,72.99,Dining
CUST04261,2025-05-23,101.21,Clothing
CUST04261,2025-04-17,30.16,Grocery
CUST04261,2025-04-11,66.82,Travel
CUST04261,2025-07-05,101.21,Travel
CUST04261,2025-07-18,75.11,Dining
CUST04261,2025-02-14,22.62,Grocery
CUST04261,2024-12-25,65.93,Grocery
CUST04261,2025-02-11,20.17,Travel
CUST04261,2025-07-11,21.44,Clothing
CUST04261,2025-03-22,32.09,Travel
CUST04261,2025-06-25,51.41,Grocery
CUST04261,2025-02-26,239.42,Grocery
CUST04261,2025-06-16,38.07,Grocery
CUST04261,2025-03-30,17.18,Grocery
CUST04261,2025-04-06,6.74,Dining
CUST04261,2025-01-28,109.63,Clothing
CUST04261,2025-03-28,12.77,Travel
CUST04261,2025-06-26,25.49,Travel
CUST04261,2025-03-28,66.95,Clothing
CUST04261,2025-05-25,115.06,Electronics
CUST04261,2024-12-11,72.38,Dining
CUST04261,2025-03-23,154.71,Travel
CUST04261,2025-04-03,127.92,Electronics
CUST04261,2025-05-21,38.51,Clothing
CUST04261,2025-03-19,31.59,Travel
CUST04261,2025-07-27,19.42,Dining
CUST04261,2025-07-28,59.73,Dining
CUST04261,2025-02-15,94.04,Electronics
CUST04261,2025-01-14,152.33,Dining
CUST04261,2025-01-26,39.91,Electronics
CUST04261,2025-07-24,61.48,Dining
CUST04261,2025-02-12,10.51,Grocery
CUST04261,2025-06-16,152.57,Travel
CUST04261,2025-06-10,5.52,Clothing
CUST04261,2025-01-08,158.84,Grocery
CUST04261,2025-04-04,385.03,Electronics
CUST04261,2025-07-27,65.2,Grocery
CUST04261,2025-06-03,93.81,Electronics
CUST04261,2025-04-23,159.51,Travel
CUST04261,2024-12-28,148.74,Clothing
CUST04261,2025-02-25,6.86,Travel
CUST04261,2025-01-02,11.44,Dining
CUST04261,2025-07-13,19.93,Electronics
CUST04261,2025-04-20,117.51,Dining
CUST04261,2025-04-23,204.22,Travel
CUST04261,2025-05-20,22.15,Electronics
CUST04261,2025-07-10,17.5,Grocery
CUST04261,2025-03-17,16.72,Clothing
CUST04261,2025-03-31,15.81,Electronics
CUST04261,2025-01-10,65.4,Dining
CUST04261,2025-06-12,158.95,Clothing
CUST04261,2025-04-19,11.31,Travel
CUST04261,2025-06-04,66.39,Electronics
CUST04261,2025-03-18,168.64,Grocery
CUST04261,2025-01-23,86.09,Electronics
CUST04261,2025-03-18,180.57,Travel
CUST04261,2025-01-30,16.47,Clothing
CUST04261,2025-03-23,45.59,Dining
CUST04261,2025-01-10,104.76,Travel
CUST04261,2025-04-16,63.18,Clothing
CUST04261,2024-12-30,113.82,Grocery
CUST04261,2025-05-07,36.56,Travel
CUST04261,2025-01-23,6.33,Dining
CUST04261,2025-02-13,302.52,Travel
CUST04261,2025-05-19,39.12,Grocery
CUST04261,2025-05-28,65.48,Grocery
CUST04261,2025-06-12,59.47,Clothing
CUST04261,2025-07-06,253.33,Clothing
CUST04261,2025-03-19,134.34,Travel
CUST04261,2025-07-14,41.16,Grocery
CUST04261,2025-01-05,13.88,Dining
CUST04261,2025-01-17,95.12,Dining
CUST04261,2025-06-11,52.42,Travel
CUST04261,2025-05-17,106.31,Electronics
CUST04261,2025-07-14,21.43,Travel
CUST04261,2025-05-21,31.73,Grocery
CUST04261,2025-07-15,13.78,Travel
CUST04261,2025-03-13,38.16,Grocery
CUST04261,2024-12-08,93.98,Electronics
CUST04261,2025-03-09,65.01,Dining
CUST04261,2025-01-18,251.54,Grocery
CUST04261,2025-07-22,9.18,Clothing
CUST04261,2025-06-12,100.04,Electronics
CUST04261,2025-01-05,35.65,Clothing
CUST04261,2024-12-30,106.06,Travel
CUST04261,2025-02-11,20.9,Travel
CUST04261,2025-02-21,109.43,Dining
CUST04261,2025-04-26,51.32,Clothing
CUST04261,2025-05-04,98.44,Grocery
CUST04261,2025-06-07,24.94,Clothing
CUST04261,2025-07-21,39.57,Travel
CUST04261,2025-06-13,5.65,Clothing
CUST04261,2025-01-01,27.21,Clothing
CUST04261,2025-06-29,31.79,Travel
CUST04261,2024-12-29,10.99,Electronics
CUST04261,2025-07-25,66.5,Dining
CUST04261,2025-07-01,42.87,Dining
CUST04261,2025-02-11,104.76,Clothing
CUST04261,2025-03-10,27.84,Clothing
CUST04261,2025-06-27,11.49,Clothing
CUST04261,2025-02-23,25.42,Travel
CUST04261,2025-06-22,129.45,Travel
CUST04261,2025-05-26,130.22,Electronics
CUST04261,2025-01-13,163.88,Dining
CUST04261,2025-07-26,77.55,Electronics
CUST04261,2025-06-16,139.15,Electronics
CUST04261,2025-07-29,75.87,Grocery
CUST04261,2025-02-09,53.04,Clothing
CUST04261,2025-05-02,40.55,Travel
CUST04262,2025-05-16,6.06,Travel
CUST04262,2025-06-06,18.72,Travel
CUST04262,2024-12-13,67.61,Electronics
CUST04262,2025-04-21,66.11,Grocery
CUST04262,2024-11-19,80.3,Clothing
CUST04262,2025-07-04,60.92,Travel
CUST04262,2025-02-02,61.89,Clothing
CUST04262,2025-02-19,34.54,Dining
CUST04262,2025-04-13,121.11,Grocery
CUST04262,2024-12-20,12.32,Dining
CUST04262,2025-05-07,60.47,Grocery
CUST04262,2025-06-04,30.92,Grocery
CUST04262,2025-06-11,10.48,Electronics
CUST04262,2025-05-30,50.63,Electronics
CUST04262,2025-01-16,32.14,Electronics
CUST04262,2025-07-05,44.74,Grocery
CUST04262,2025-01-07,25.58,Clothing
CUST04262,2025-02-10,25.66,Dining
CUST04262,2025-01-26,78.51,Grocery
CUST04262,2025-01-21,8.46,Clothing
CUST04262,2025-03-08,61.44,Dining
CUST04262,2025-05-24,6.73,Dining
CUST04262,2024-10-30,5.57,Dining
CUST04262,2025-06-10,36.22,Travel
CUST04262,2025-06-26,60.56,Grocery
CUST04262,2024-11-06,156.46,Grocery
CUST04262,2024-12-31,396.63,Electronics
CUST04262,2025-07-30,33.75,Grocery
CUST04262,2025-01-07,13.05,Dining
CUST04262,2025-04-01,13.39,Dining
CUST04262,2025-06-06,116.29,Dining
CUST04262,2025-03-09,221.17,Electronics
CUST04262,2025-03-03,30.52,Grocery
CUST04262,2024-12-02,160.08,Grocery
CUST04262,2025-05-04,28.38,Grocery
CUST04262,2025-04-08,89.69,Travel
CUST04262,2024-11-26,163.59,Travel
CUST04262,2025-04-06,73.74,Electronics
CUST04262,2025-06-04,25.33,Dining
CUST04262,2025-07-30,59.62,Clothing
CUST04262,2024-12-25,86.9,Electronics
CUST04262,2024-12-21,317.68,Dining
CUST04262,2025-05-20,63.43,Grocery
CUST04262,2024-11-02,89.78,Dining
CUST04262,2025-07-02,131.03,Dining
CUST04262,2025-01-28,51.12,Grocery
CUST04262,2024-12-24,23.79,Electronics
CUST04262,2025-02-06,46.31,Grocery
CUST04262,2025-06-22,150.95,Clothing
CUST04262,2025-03-02,79.31,Clothing
CUST04262,2025-01-09,317.94,Electronics
CUST04262,2025-03-21,117.23,Electronics
CUST04262,2025-06-04,17.24,Grocery
CUST04262,2025-06-26,102.23,Dining
CUST04262,2025-04-07,107.78,Clothing
CUST04262,2025-07-30,10.06,Travel
CUST04262,2025-05-07,109.5,Grocery
CUST04262,2025-02-01,241.54,Electronics
CUST04262,2025-06-05,329.43,Grocery
CUST04262,2024-11-10,73.95,Electronics
CUST04262,2025-06-24,93.0,Electronics
CUST04262,2025-03-30,69.93,Travel
CUST04262,2024-12-30,150.93,Dining
CUST04262,2024-12-05,168.7,Electronics
CUST04262,2025-06-16,123.72,Grocery
CUST04262,2025-01-23,58.62,Travel
CUST04262,2025-07-27,111.88,Clothing
CUST04262,2025-04-13,125.34,Travel
CUST04262,2025-05-27,333.79,Electronics
CUST04262,2025-03-20,49.64,Grocery
CUST04262,2025-07-30,15.27,Dining
CUST04262,2025-07-30,102.75,Travel
CUST04262,2025-06-25,44.3,Grocery
CUST04262,2025-01-04,223.03,Travel
CUST04262,2025-03-13,99.21,Dining
CUST04262,2025-03-20,99.03,Dining
CUST04262,2025-07-22,75.82,Grocery
CUST04262,2025-04-27,34.17,Grocery
CUST04262,2025-04-21,90.11,Travel
CUST04262,2024-12-30,64.81,Travel
CUST04262,2025-03-01,56.44,Clothing
CUST04262,2024-12-09,236.31,Travel
CUST04262,2024-12-29,5.44,Clothing
CUST04262,2025-02-12,40.2,Travel
CUST04262,2025-03-04,188.2,Dining
CUST04262,2025-02-27,99.44,Clothing
CUST04262,2025-05-06,7.91,Electronics
CUST04262,2025-06-28,12.1,Clothing
CUST04262,2025-03-12,27.92,Electronics
CUST04262,2024-11-10,57.94,Clothing
CUST04262,2024-11-02,7.44,Grocery
CUST04262,2024-10-26,34.01,Grocery
CUST04262,2025-06-25,54.35,Electronics
CUST04262,2025-07-25,16.35,Clothing
CUST04262,2025-04-23,39.44,Dining
CUST04262,2025-05-12,50.73,Clothing
CUST04262,2025-03-30,86.59,Clothing
CUST04262,2025-06-28,82.84,Grocery
CUST04262,2025-02-21,18.33,Dining
CUST04262,2025-06-25,57.1,Grocery
CUST04262,2025-07-22,54.67,Dining
CUST04262,2025-03-26,50.7,Electronics
CUST04262,2024-10-29,39.73,Dining
CUST04262,2024-10-31,71.98,Electronics
CUST04262,2025-02-20,85.34,Grocery
CUST04262,2025-05-08,18.74,Travel
CUST04262,2025-02-04,46.89,Dining
CUST04262,2025-03-04,82.51,Clothing
CUST04262,2024-11-17,23.28,Travel
CUST04262,2025-02-17,76.1,Electronics
CUST04262,2025-01-20,60.9,Clothing
CUST04262,2025-04-21,7.61,Clothing
CUST04262,2025-05-11,59.22,Electronics
CUST04262,2025-07-29,37.54,Dining
CUST04262,2025-01-29,11.61,Electronics
CUST04263,2025-02-11,149.59,Electronics
CUST04263,2024-09-27,15.89,Electronics
CUST04263,2025-03-07,270.56,Dining
CUST04263,2024-10-02,15.0,Travel
CUST04263,2025-04-11,40.82,Travel
CUST04263,2025-05-23,11.22,Travel
CUST04263,2025-04-23,47.13,Dining
CUST04263,2025-03-31,103.24,Clothing
CUST04263,2024-12-30,112.95,Dining
CUST04263,2025-03-05,12.62,Electronics
CUST04263,2024-11-04,112.7,Electronics
CUST04263,2025-05-22,55.12,Grocery
CUST04263,2025-03-23,186.14,Travel
CUST04263,2025-04-05,26.35,Dining
CUST04263,2024-11-14,74.05,Clothing
CUST04263,2025-02-22,27.15,Electronics
CUST04263,2025-03-09,141.55,Grocery
CUST04263,2024-10-15,156.62,Electronics
CUST04263,2024-11-12,41.83,Clothing
CUST04263,2024-09-29,38.01,Electronics
CUST04263,2025-03-24,47.2,Clothing
CUST04263,2025-01-28,112.46,Travel
CUST04263,2024-11-23,7.89,Clothing
CUST04263,2025-04-18,42.22,Electronics
CUST04263,2025-07-19,49.57,Dining
CUST04263,2025-06-27,51.24,Grocery
CUST04263,2025-05-02,70.11,Dining
CUST04263,2025-07-15,58.66,Clothing
CUST04263,2024-09-27,64.29,Grocery
CUST04263,2025-02-19,91.92,Clothing
CUST04263,2025-01-16,151.69,Dining
CUST04263,2024-12-20,34.65,Dining
CUST04263,2025-01-15,116.32,Dining
CUST04263,2024-10-25,372.07,Clothing
CUST04263,2025-05-22,59.57,Electronics
CUST04263,2025-01-06,54.91,Electronics
CUST04263,2025-03-12,26.66,Travel
CUST04263,2025-06-08,9.8,Clothing
CUST04263,2025-01-29,6.54,Travel
CUST04263,2025-05-22,182.67,Electronics
CUST04263,2024-10-12,72.53,Grocery
CUST04263,2025-06-09,82.25,Electronics
CUST04263,2025-02-01,39.2,Clothing
CUST04263,2025-05-23,103.54,Travel
CUST04263,2024-10-07,106.7,Travel
CUST04263,2025-07-18,85.69,Travel
CUST04263,2025-03-20,31.34,Dining
CUST04263,2025-06-24,29.52,Electronics
CUST04263,2024-10-26,98.67,Grocery
CUST04263,2024-12-16,315.77,Dining
CUST04263,2025-03-17,117.7,Clothing
CUST04263,2025-02-16,140.8,Electronics
CUST04263,2024-11-10,33.45,Grocery
CUST04263,2025-04-30,192.11,Dining
CUST04263,2025-02-06,116.63,Grocery
CUST04263,2025-07-17,10.18,Clothing
CUST04263,2024-12-23,91.56,Travel
CUST04263,2025-07-24,21.13,Travel
CUST04263,2025-01-07,45.49,Clothing
CUST04263,2024-10-17,140.5,Dining
CUST04263,2024-12-08,16.46,Grocery
CUST04263,2024-11-13,51.24,Clothing
CUST04263,2025-05-20,15.78,Electronics
CUST04263,2025-01-31,40.01,Grocery
CUST04263,2025-06-03,209.63,Electronics
CUST04263,2024-10-26,122.76,Clothing
CUST04263,2024-11-21,124.57,Electronics
CUST04263,2025-03-16,10.82,Grocery
CUST04263,2025-08-01,35.31,Travel
CUST04263,2025-01-11,233.34,Travel
CUST04263,2025-03-07,101.87,Clothing
CUST04263,2024-11-26,80.36,Electronics
CUST04263,2025-04-24,117.25,Dining
CUST04263,2024-12-31,135.74,Clothing
CUST04263,2025-06-17,149.72,Grocery
CUST04263,2025-07-01,78.45,Grocery
CUST04263,2024-12-16,48.3,Grocery
CUST04263,2025-02-24,39.72,Travel
CUST04263,2024-10-14,33.22,Electronics
CUST04263,2024-10-18,48.37,Travel
CUST04263,2025-02-03,36.71,Travel
CUST04263,2025-01-16,150.75,Dining
CUST04263,2025-03-25,30.28,Dining
CUST04263,2025-07-31,15.92,Clothing
CUST04263,2024-12-20,68.07,Grocery
CUST04263,2025-05-15,287.57,Electronics
CUST04263,2025-06-30,214.29,Clothing
CUST04263,2025-06-10,80.55,Grocery
CUST04263,2025-01-09,5.47,Electronics
CUST04263,2024-11-12,32.62,Clothing
CUST04263,2025-03-16,53.12,Dining
CUST04263,2025-03-22,103.57,Electronics
CUST04263,2025-04-09,19.59,Travel
CUST04263,2024-09-29,57.57,Travel
CUST04263,2025-03-22,13.59,Clothing
CUST04263,2025-06-29,60.71,Travel
CUST04263,2024-09-27,19.35,Travel
CUST04263,2024-11-30,31.77,Clothing
CUST04264,2025-07-21,65.79,Clothing
CUST04264,2025-07-23,50.76,Electronics
CUST04264,2025-07-04,10.72,Clothing
CUST04264,2025-07-15,207.22,Travel
CUST04264,2025-07-03,10.06,Clothing
CUST04264,2025-07-30,25.7,Dining
CUST04264,2025-07-13,41.51,Travel
CUST04264,2025-07-10,88.05,Travel
CUST04264,2025-07-06,64.24,Dining
CUST04264,2025-06-22,8.58,Electronics
CUST04264,2025-07-04,207.4,Clothing
CUST04264,2025-07-01,58.19,Dining
CUST04264,2025-07-15,58.85,Grocery
CUST04264,2025-06-24,38.13,Travel
CUST04264,2025-07-04,88.45,Clothing
CUST04264,2025-06-28,57.75,Electronics
CUST04264,2025-07-28,31.06,Dining
CUST04264,2025-07-05,225.84,Clothing
CUST04264,2025-07-28,153.15,Electronics
CUST04264,2025-07-16,35.35,Clothing
CUST04264,2025-06-27,26.17,Dining
CUST04264,2025-06-28,33.99,Grocery
CUST04264,2025-07-08,231.38,Dining
CUST04264,2025-07-05,30.45,Travel
CUST04264,2025-07-15,79.77,Travel
CUST04264,2025-07-04,168.19,Electronics
CUST04264,2025-07-21,57.78,Travel
CUST04264,2025-06-23,15.9,Grocery
CUST04264,2025-07-05,53.06,Travel
CUST04264,2025-07-27,28.25,Dining
CUST04264,2025-07-06,58.5,Dining
CUST04264,2025-06-23,134.26,Electronics
CUST04264,2025-07-18,80.74,Travel
CUST04264,2025-08-01,73.72,Electronics
CUST04264,2025-07-24,207.17,Grocery
CUST04264,2025-07-25,81.62,Electronics
CUST04264,2025-07-30,38.27,Electronics
CUST04264,2025-07-20,19.25,Electronics
CUST04264,2025-07-23,46.21,Grocery
CUST04264,2025-07-21,78.75,Travel
CUST04264,2025-07-25,55.5,Dining
CUST04264,2025-07-14,77.01,Clothing
CUST04264,2025-07-25,11.13,Travel
CUST04264,2025-07-29,26.93,Clothing
CUST04264,2025-08-01,69.41,Travel
CUST04264,2025-06-27,142.57,Grocery
CUST04264,2025-06-21,154.02,Grocery
CUST04264,2025-07-29,173.22,Grocery
CUST04264,2025-07-14,302.15,Grocery
CUST04264,2025-07-03,60.85,Dining
CUST04264,2025-07-11,73.91,Dining
CUST04264,2025-06-24,13.44,Clothing
CUST04264,2025-06-22,101.13,Travel
CUST04264,2025-07-21,141.55,Clothing
CUST04264,2025-07-26,86.42,Travel
CUST04264,2025-07-10,132.15,Clothing
CUST04264,2025-07-01,212.8,Clothing
CUST04264,2025-07-14,34.55,Dining
CUST04264,2025-06-29,14.26,Grocery
CUST04264,2025-07-10,196.85,Travel
CUST04264,2025-06-24,30.16,Travel
CUST04264,2025-07-31,9.83,Dining
CUST04264,2025-07-24,58.87,Dining
CUST04264,2025-07-06,117.25,Electronics
CUST04264,2025-07-22,188.47,Clothing
CUST04264,2025-07-07,18.83,Clothing
CUST04264,2025-07-20,35.19,Dining
CUST04264,2025-06-30,23.72,Electronics
CUST04264,2025-07-06,185.04,Electronics
CUST04264,2025-06-26,6.12,Clothing
CUST04264,2025-06-27,19.97,Electronics
CUST04264,2025-07-29,34.43,Dining
CUST04264,2025-06-27,160.91,Grocery
CUST04264,2025-06-23,200.31,Grocery
CUST04264,2025-07-08,179.34,Dining
CUST04264,2025-07-02,61.17,Grocery
CUST04264,2025-07-24,36.9,Grocery
CUST04264,2025-07-23,58.22,Electronics
CUST04264,2025-07-19,75.9,Grocery
CUST04264,2025-07-20,57.82,Clothing
CUST04264,2025-06-22,5.12,Grocery
CUST04264,2025-07-03,715.29,Travel
CUST04264,2025-07-30,11.69,Electronics
CUST04264,2025-07-03,28.58,Electronics
CUST04264,2025-07-03,34.86,Grocery
CUST04264,2025-06-28,362.18,Clothing
CUST04264,2025-07-30,120.24,Grocery
CUST04264,2025-06-22,14.57,Dining
CUST04264,2025-06-26,341.15,Dining
CUST04264,2025-07-18,181.54,Clothing
CUST04264,2025-07-17,107.54,Electronics
CUST04264,2025-07-23,15.99,Grocery
CUST04264,2025-07-23,31.44,Grocery
CUST04264,2025-07-04,51.23,Clothing
CUST04264,2025-07-15,33.09,Electronics
CUST04264,2025-07-16,67.03,Clothing
CUST04264,2025-07-02,101.85,Electronics
CUST04265,2023-12-24,124.58,Dining
CUST04265,2024-09-22,39.1,Electronics
CUST04265,2024-10-26,150.11,Dining
CUST04265,2025-02-14,89.45,Dining
CUST04265,2024-12-31,34.79,Clothing
CUST04265,2024-06-20,130.93,Dining
CUST04265,2025-05-09,67.51,Electronics
CUST04265,2024-06-07,119.93,Dining
CUST04265,2024-03-17,63.56,Dining
CUST04265,2024-03-17,25.31,Electronics
CUST04265,2025-07-27,80.41,Dining
CUST04265,2025-02-19,96.03,Dining
CUST04265,2025-01-29,6.49,Dining
CUST04265,2025-07-23,61.19,Electronics
CUST04265,2025-05-18,21.89,Electronics
CUST04265,2024-12-11,23.3,Electronics
CUST04265,2023-12-20,26.1,Clothing
CUST04265,2024-11-09,27.53,Travel
CUST04265,2025-06-19,132.27,Dining
CUST04265,2024-08-03,193.03,Travel
CUST04265,2024-10-19,22.03,Dining
CUST04265,2024-07-18,293.48,Electronics
CUST04265,2025-02-08,118.85,Dining
CUST04265,2025-02-03,15.69,Travel
CUST04265,2024-05-05,35.04,Clothing
CUST04265,2024-09-17,18.56,Dining
CUST04265,2023-11-23,174.81,Clothing
CUST04265,2025-03-26,64.28,Clothing
CUST04265,2024-01-14,55.61,Travel
CUST04265,2024-05-04,5.51,Travel
CUST04265,2024-11-07,28.93,Travel
CUST04265,2025-02-12,28.89,Electronics
CUST04265,2023-12-03,47.53,Dining
CUST04265,2024-11-16,27.91,Travel
CUST04265,2024-05-13,38.67,Electronics
CUST04265,2024-12-03,88.95,Grocery
CUST04265,2024-06-30,48.78,Travel
CUST04265,2025-03-24,132.46,Grocery
CUST04265,2024-05-03,144.5,Clothing
CUST04265,2024-06-18,203.36,Electronics
CUST04265,2024-11-15,125.5,Dining
CUST04265,2024-02-27,39.69,Grocery
CUST04265,2023-12-17,110.25,Electronics
CUST04265,2024-11-05,202.11,Grocery
CUST04265,2024-01-07,158.08,Clothing
CUST04265,2025-05-28,27.16,Travel
CUST04265,2025-01-22,62.18,Electronics
CUST04265,2024-08-31,90.15,Dining
CUST04265,2025-03-29,30.27,Grocery
CUST04265,2025-05-06,111.93,Travel
CUST04265,2024-06-13,94.4,Electronics
CUST04265,2025-04-18,95.12,Grocery
CUST04265,2023-11-29,16.52,Electronics
CUST04265,2024-01-17,88.8,Clothing
CUST04265,2024-01-07,8.03,Dining
CUST04265,2025-02-15,185.11,Travel
CUST04265,2024-05-03,113.65,Clothing
CUST04265,2025-06-19,133.76,Dining
CUST04265,2023-12-05,46.34,Clothing
CUST04265,2025-01-23,5.52,Dining
CUST04265,2024-01-21,63.66,Dining
CUST04265,2025-07-05,52.69,Dining
CUST04265,2025-03-24,71.53,Electronics
CUST04265,2024-05-24,21.29,Electronics
CUST04265,2023-11-24,59.74,Electronics
CUST04265,2025-01-15,12.68,Electronics
CUST04265,2024-12-12,132.6,Grocery
CUST04265,2024-11-17,254.24,Clothing
CUST04265,2025-05-19,126.09,Travel
CUST04265,2025-05-15,89.16,Travel
CUST04265,2024-02-02,114.58,Clothing
CUST04265,2024-05-01,182.98,Travel
CUST04265,2025-02-22,48.47,Grocery
CUST04265,2025-06-14,412.98,Electronics
CUST04265,2025-06-29,6.5,Clothing
CUST04265,2024-06-02,52.37,Electronics
CUST04265,2024-10-21,79.04,Grocery
CUST04265,2025-01-04,39.27,Electronics
CUST04265,2025-05-08,25.36,Dining
CUST04265,2025-06-22,72.36,Electronics
CUST04265,2024-05-30,73.16,Clothing
CUST04265,2024-08-25,11.78,Dining
CUST04265,2024-01-09,105.51,Grocery
CUST04265,2025-01-20,23.85,Travel
CUST04265,2024-02-21,51.71,Electronics
CUST04265,2025-01-30,12.56,Clothing
CUST04265,2024-09-08,7.92,Dining
CUST04265,2024-12-31,49.24,Grocery
CUST04265,2024-07-25,73.35,Electronics
CUST04265,2025-04-14,9.81,Travel
CUST04265,2024-08-28,43.43,Travel
CUST04265,2023-12-03,84.2,Dining
CUST04265,2024-01-25,96.78,Dining
CUST04265,2024-03-16,72.69,Grocery
CUST04266,2023-10-22,192.33,Dining
CUST04266,2022-12-11,53.84,Dining
CUST04266,2023-03-25,50.22,Clothing
CUST04266,2025-01-22,229.57,Grocery
CUST04266,2024-12-07,58.37,Travel
CUST04266,2022-05-20,19.77,Clothing
CUST04266,2024-05-21,14.49,Clothing
CUST04266,2022-06-30,146.78,Electronics
CUST04266,2023-05-20,83.76,Electronics
CUST04266,2025-04-07,286.39,Clothing
CUST04266,2023-11-11,80.58,Travel
CUST04266,2022-04-02,165.75,Travel
CUST04266,2025-01-22,5.68,Travel
CUST04266,2024-05-17,32.0,Dining
CUST04266,2025-02-22,8.39,Dining
CUST04266,2022-09-03,11.84,Travel
CUST04266,2024-07-21,26.39,Grocery
CUST04266,2024-11-21,57.81,Electronics
CUST04266,2023-03-27,12.48,Electronics
CUST04266,2024-05-13,299.04,Clothing
CUST04266,2023-09-17,130.75,Dining
CUST04266,2022-04-21,215.97,Electronics
CUST04266,2023-07-19,21.38,Clothing
CUST04266,2024-12-12,31.56,Electronics
CUST04266,2023-02-16,64.3,Grocery
CUST04266,2022-08-03,26.54,Grocery
CUST04266,2025-04-13,142.65,Grocery
CUST04266,2023-02-08,164.93,Clothing
CUST04266,2025-04-30,6.35,Clothing
CUST04266,2025-05-07,73.57,Travel
CUST04266,2024-02-21,189.74,Clothing
CUST04266,2023-11-28,19.38,Dining
CUST04266,2023-04-02,212.71,Electronics
CUST04266,2022-10-28,379.53,Clothing
CUST04266,2023-06-16,22.62,Dining
CUST04266,2024-03-10,31.34,Grocery
CUST04266,2025-01-24,105.7,Electronics
CUST04266,2023-04-09,21.14,Grocery
CUST04266,2022-07-26,26.27,Electronics
CUST04266,2023-07-06,77.02,Electronics
CUST04266,2024-08-14,10.22,Grocery
CUST04266,2023-08-21,6.43,Clothing
CUST04266,2023-11-15,136.38,Electronics
CUST04266,2025-02-05,204.62,Clothing
CUST04266,2025-07-21,56.55,Clothing
CUST04266,2022-06-12,250.88,Grocery
CUST04266,2025-06-07,188.67,Grocery
CUST04266,2024-04-26,24.81,Dining
CUST04266,2025-04-02,112.04,Dining
CUST04266,2025-03-14,44.21,Electronics
CUST04266,2022-03-11,108.37,Clothing
CUST04266,2022-04-23,260.07,Electronics
CUST04266,2022-12-27,40.09,Grocery
CUST04266,2023-05-19,67.73,Travel
CUST04266,2024-09-20,13.24,Clothing
CUST04266,2024-10-08,6.73,Clothing
CUST04266,2023-10-07,5.03,Electronics
CUST04266,2024-10-15,82.38,Dining
CUST04266,2023-11-17,28.85,Dining
CUST04266,2023-09-20,112.7,Electronics
CUST04266,2023-08-09,32.04,Clothing
CUST04266,2023-02-05,38.38,Dining
CUST04266,2022-06-10,32.15,Electronics
CUST04266,2025-04-24,9.72,Dining
CUST04266,2023-09-07,72.18,Clothing
CUST04266,2023-09-01,144.26,Clothing
CUST04266,2023-11-21,50.22,Travel
CUST04266,2024-07-03,58.68,Travel
CUST04266,2023-08-26,19.35,Travel
CUST04266,2022-11-07,23.76,Grocery
CUST04266,2024-02-28,53.76,Grocery
CUST04266,2022-08-20,331.09,Travel
CUST04266,2025-06-08,52.31,Clothing
CUST04266,2023-08-26,22.46,Clothing
CUST04266,2024-06-15,163.9,Travel
CUST04266,2024-11-07,12.93,Travel
CUST04266,2024-10-09,77.93,Grocery
CUST04266,2025-01-19,46.68,Clothing
CUST04266,2022-04-15,197.66,Dining
CUST04266,2023-03-23,60.6,Travel
CUST04266,2022-04-29,74.17,Grocery
CUST04266,2022-07-14,27.67,Electronics
CUST04266,2024-12-01,11.66,Grocery
CUST04266,2023-11-03,103.1,Grocery
CUST04266,2024-05-09,596.59,Clothing
CUST04266,2023-04-09,8.42,Dining
CUST04266,2023-05-20,56.09,Grocery
CUST04266,2022-10-05,268.06,Dining
CUST04266,2023-06-20,22.06,Travel
CUST04266,2025-04-29,69.55,Electronics
CUST04266,2023-09-07,40.75,Grocery
CUST04266,2024-10-10,31.52,Grocery
CUST04266,2024-08-07,29.69,Clothing
CUST04266,2023-11-12,37.79,Clothing
CUST04266,2023-12-23,36.7,Travel
CUST04266,2023-07-20,144.22,Travel
CUST04266,2024-05-06,20.77,Clothing
CUST04266,2024-04-11,62.92,Grocery
CUST04266,2023-08-05,7.14,Grocery
CUST04266,2022-03-22,32.06,Electronics
CUST04266,2024-11-04,38.89,Electronics
CUST04266,2022-07-23,5.09,Clothing
CUST04266,2022-09-09,78.88,Travel
CUST04266,2024-04-19,31.26,Travel
CUST04266,2024-11-29,45.56,Electronics
CUST04266,2023-07-09,17.26,Dining
CUST04266,2023-12-14,41.69,Clothing
CUST04266,2025-05-10,69.21,Travel
CUST04266,2022-04-25,233.13,Travel
CUST04267,2025-04-07,212.55,Clothing
CUST04267,2024-08-01,125.3,Travel
CUST04267,2025-02-12,118.32,Dining
CUST04267,2025-02-02,93.06,Electronics
CUST04267,2025-01-16,156.98,Grocery
CUST04267,2024-11-22,72.63,Grocery
CUST04267,2025-06-24,141.07,Travel
CUST04267,2025-07-11,9.62,Travel
CUST04267,2024-12-15,121.6,Travel
CUST04267,2025-02-04,362.9,Clothing
CUST04267,2025-01-13,167.9,Clothing
CUST04267,2025-06-15,52.99,Clothing
CUST04267,2024-10-19,12.85,Clothing
CUST04267,2025-02-10,95.06,Travel
CUST04267,2025-01-08,57.5,Electronics
CUST04267,2025-07-13,16.72,Travel
CUST04267,2025-06-14,24.69,Electronics
CUST04267,2024-11-07,30.59,Electronics
CUST04267,2025-06-24,114.52,Grocery
CUST04267,2024-11-21,9.13,Dining
CUST04267,2024-09-23,156.37,Grocery
CUST04267,2025-05-12,15.93,Grocery
CUST04267,2024-08-31,25.64,Grocery
CUST04267,2025-07-04,116.97,Electronics
CUST04267,2024-10-01,22.57,Grocery
CUST04267,2024-09-09,51.35,Clothing
CUST04267,2025-05-26,6.45,Grocery
CUST04267,2024-10-23,6.55,Electronics
CUST04267,2025-01-01,30.09,Clothing
CUST04267,2025-05-27,5.49,Travel
CUST04267,2024-11-28,140.44,Travel
CUST04267,2024-09-18,17.69,Grocery
CUST04267,2024-11-06,268.95,Travel
CUST04267,2024-12-01,21.12,Travel
CUST04267,2024-08-23,7.02,Clothing
CUST04267,2025-06-04,10.85,Grocery
CUST04267,2025-02-25,44.83,Electronics
CUST04267,2024-12-20,10.76,Clothing
CUST04267,2025-02-01,156.39,Clothing
CUST04267,2024-11-16,30.16,Electronics
CUST04267,2025-04-17,42.99,Grocery
CUST04267,2024-08-08,65.16,Clothing
CUST04267,2025-05-25,279.56,Travel
CUST04267,2025-02-17,45.38,Dining
CUST04267,2024-08-30,72.05,Dining
CUST04267,2024-10-15,47.68,Electronics
CUST04267,2024-09-24,80.32,Grocery
CUST04267,2025-02-04,86.97,Clothing
CUST04267,2025-05-18,41.2,Grocery
CUST04267,2024-10-21,35.56,Electronics
CUST04267,2024-09-01,6.29,Travel
CUST04267,2025-06-23,10.19,Clothing
CUST04267,2025-07-05,88.33,Grocery
CUST04267,2024-11-19,59.68,Electronics
CUST04267,2024-08-15,53.34,Dining
CUST04267,2025-06-14,44.69,Electronics
CUST04267,2025-05-08,42.95,Dining
CUST04267,2025-01-10,37.91,Dining
CUST04267,2025-06-02,60.72,Travel
CUST04267,2025-04-21,31.01,Electronics
CUST04267,2024-09-18,39.45,Travel
CUST04267,2024-07-31,34.94,Dining
CUST04267,2025-04-20,148.46,Dining
CUST04267,2025-05-28,79.22,Grocery
CUST04267,2025-07-15,194.54,Dining
CUST04267,2025-02-15,81.74,Dining
CUST04267,2024-09-01,41.81,Travel
CUST04267,2025-05-10,387.66,Electronics
CUST04267,2025-04-05,55.01,Clothing
CUST04267,2025-04-03,49.78,Dining
CUST04267,2025-01-25,20.08,Dining
CUST04267,2024-11-21,53.94,Grocery
CUST04267,2025-07-30,10.44,Travel
CUST04267,2025-06-12,24.85,Dining
CUST04267,2025-01-29,122.45,Clothing
CUST04267,2025-07-11,51.79,Clothing
CUST04267,2024-09-27,378.68,Travel
CUST04267,2024-10-30,136.23,Grocery
CUST04267,2025-06-19,53.42,Dining
CUST04267,2025-06-03,126.79,Travel
CUST04267,2025-02-16,102.15,Travel
CUST04267,2024-09-23,204.49,Grocery
CUST04267,2024-10-19,20.72,Clothing
CUST04267,2024-11-01,9.25,Grocery
CUST04267,2024-10-14,23.29,Clothing
CUST04267,2025-07-05,17.08,Dining
CUST04267,2025-04-13,71.6,Grocery
CUST04267,2025-03-25,12.19,Grocery
CUST04267,2025-06-28,77.56,Electronics
CUST04267,2024-10-25,33.03,Grocery
CUST04267,2025-06-02,75.56,Clothing
CUST04267,2024-09-02,187.83,Dining
CUST04267,2024-12-15,304.53,Electronics
CUST04267,2025-04-14,72.98,Dining
CUST04267,2025-03-09,150.95,Travel
CUST04268,2023-11-18,128.91,Grocery
CUST04268,2023-02-01,28.73,Dining
CUST04268,2023-03-13,10.4,Electronics
CUST04268,2023-03-15,54.89,Dining
CUST04268,2023-08-26,180.45,Travel
CUST04268,2023-05-30,284.33,Grocery
CUST04268,2024-12-13,160.71,Grocery
CUST04268,2025-04-26,277.43,Dining
CUST04268,2024-08-02,42.88,Clothing
CUST04268,2024-01-15,23.94,Grocery
CUST04268,2025-02-02,20.98,Electronics
CUST04268,2024-12-06,95.46,Dining
CUST04268,2025-04-19,224.07,Travel
CUST04268,2024-10-22,37.93,Electronics
CUST04268,2022-12-18,115.17,Electronics
CUST04268,2023-11-07,121.18,Grocery
CUST04268,2023-12-22,165.86,Electronics
CUST04268,2023-02-25,23.31,Electronics
CUST04268,2025-03-24,26.19,Electronics
CUST04268,2023-06-20,16.89,Grocery
CUST04268,2024-08-10,238.59,Clothing
CUST04268,2024-06-17,5.2,Electronics
CUST04268,2025-02-07,58.59,Grocery
CUST04268,2024-02-04,5.37,Clothing
CUST04268,2024-11-03,148.07,Dining
CUST04268,2025-02-07,24.19,Travel
CUST04268,2023-01-01,158.91,Clothing
CUST04268,2022-09-14,114.0,Dining
CUST04268,2023-08-06,14.08,Grocery
CUST04268,2025-02-20,73.32,Electronics
CUST04268,2024-01-20,9.45,Travel
CUST04268,2024-11-12,81.13,Electronics
CUST04268,2023-04-17,116.04,Travel
CUST04268,2022-12-22,44.72,Clothing
CUST04268,2024-02-01,128.56,Travel
CUST04268,2024-03-15,137.12,Grocery
CUST04268,2022-12-28,19.27,Dining
CUST04268,2025-05-04,70.71,Travel
CUST04268,2023-01-26,14.06,Grocery
CUST04268,2024-10-15,13.69,Electronics
CUST04268,2025-01-08,25.77,Electronics
CUST04268,2025-06-11,128.43,Grocery
CUST04268,2024-03-04,96.31,Clothing
CUST04268,2024-06-12,46.03,Electronics
CUST04268,2024-04-21,31.9,Dining
CUST04268,2025-05-13,150.76,Electronics
CUST04268,2024-03-25,177.61,Clothing
CUST04268,2023-08-09,103.29,Electronics
CUST04268,2024-09-17,72.85,Travel
CUST04268,2023-03-21,29.46,Dining
CUST04268,2025-01-25,8.92,Travel
CUST04268,2022-08-22,81.49,Clothing
CUST04268,2024-12-31,57.96,Electronics
CUST04268,2025-01-29,160.07,Electronics
CUST04268,2025-04-30,125.91,Clothing
CUST04268,2023-05-09,123.04,Electronics
CUST04268,2024-02-29,235.78,Clothing
CUST04268,2024-04-09,285.73,Clothing
CUST04268,2024-11-02,44.18,Travel
CUST04268,2024-09-26,258.61,Clothing
CUST04268,2023-12-11,29.37,Dining
CUST04268,2023-07-30,293.15,Clothing
CUST04268,2022-12-01,22.05,Dining
CUST04268,2023-09-08,48.53,Dining
CUST04268,2025-03-08,22.74,Electronics
CUST04268,2025-04-23,26.89,Dining
CUST04268,2023-05-11,10.61,Electronics
CUST04268,2025-03-09,174.76,Travel
CUST04268,2025-02-18,189.51,Travel
CUST04268,2022-10-18,31.57,Electronics
CUST04268,2024-01-15,22.28,Grocery
CUST04268,2023-02-02,29.06,Grocery
CUST04268,2024-12-01,42.82,Dining
CUST04268,2023-01-06,23.99,Travel
CUST04268,2022-11-15,66.19,Dining
CUST04268,2023-08-26,35.47,Electronics
CUST04268,2022-10-15,9.38,Dining
CUST04268,2024-10-31,24.86,Electronics
CUST04268,2023-12-16,11.35,Travel
CUST04268,2025-07-04,7.14,Dining
CUST04269,2023-08-09,76.58,Electronics
CUST04269,2025-03-01,57.49,Dining
CUST04269,2022-11-29,20.5,Travel
CUST04269,2025-07-24,25.02,Clothing
CUST04269,2022-06-16,78.06,Electronics
CUST04269,2024-09-03,53.85,Grocery
CUST04269,2023-11-21,20.95,Electronics
CUST04269,2023-03-18,31.1,Clothing
CUST04269,2022-06-27,109.02,Grocery
CUST04269,2022-09-20,11.95,Grocery
CUST04269,2023-06-17,110.47,Clothing
CUST04269,2024-08-12,137.56,Grocery
CUST04269,2022-03-26,41.17,Electronics
CUST04269,2025-03-29,74.21,Dining
CUST04269,2025-01-12,50.3,Electronics
CUST04269,2022-03-07,183.94,Electronics
CUST04269,2023-12-06,27.58,Electronics
CUST04269,2023-05-25,262.06,Travel
CUST04269,2022-10-12,164.93,Clothing
CUST04269,2022-10-15,252.53,Dining
CUST04269,2024-12-16,166.97,Travel
CUST04269,2024-06-19,171.67,Travel
CUST04269,2024-11-19,16.83,Dining
CUST04269,2024-10-07,24.76,Grocery
CUST04269,2024-08-09,24.7,Clothing
CUST04269,2023-08-31,151.65,Travel
CUST04269,2022-07-26,14.29,Dining
CUST04269,2024-10-06,21.06,Travel
CUST04269,2025-03-21,43.03,Grocery
CUST04269,2022-04-23,23.96,Dining
CUST04269,2025-04-26,66.48,Dining
CUST04269,2024-12-03,103.28,Electronics
CUST04269,2022-12-22,153.2,Travel
CUST04269,2023-06-30,74.05,Travel
CUST04269,2023-01-01,60.38,Travel
CUST04269,2022-03-18,20.85,Travel
CUST04269,2024-09-25,37.45,Dining
CUST04269,2023-04-07,9.76,Dining
CUST04269,2022-09-07,23.64,Clothing
CUST04269,2022-09-18,173.31,Dining
CUST04269,2022-03-26,21.15,Clothing
CUST04269,2024-04-28,65.14,Clothing
CUST04269,2024-09-12,58.02,Dining
CUST04269,2022-03-15,13.67,Grocery
CUST04269,2023-04-17,80.15,Grocery
CUST04269,2023-08-27,32.69,Travel
CUST04269,2023-12-15,163.59,Clothing
CUST04269,2025-03-10,34.61,Clothing
CUST04269,2023-03-09,128.13,Clothing
CUST04269,2025-03-03,124.97,Clothing
CUST04269,2024-01-27,48.6,Travel
CUST04269,2024-05-15,17.25,Dining
CUST04269,2025-05-05,7.6,Dining
CUST04269,2024-09-28,121.83,Travel
CUST04269,2024-07-14,72.05,Clothing
CUST04269,2024-09-13,38.04,Electronics
CUST04269,2024-08-29,26.3,Electronics
CUST04269,2023-03-22,10.77,Dining
CUST04269,2024-05-10,113.36,Clothing
CUST04269,2025-04-25,6.45,Grocery
CUST04269,2022-08-10,326.13,Travel
CUST04269,2022-04-02,433.29,Electronics
CUST04269,2022-07-08,15.66,Clothing
CUST04269,2024-04-23,107.3,Travel
CUST04269,2025-03-25,38.96,Dining
CUST04269,2022-12-09,126.94,Electronics
CUST04269,2023-09-15,100.51,Electronics
CUST04269,2023-09-17,112.88,Electronics
CUST04269,2022-07-11,160.36,Clothing
CUST04269,2025-01-24,6.86,Clothing
CUST04269,2025-06-11,33.17,Dining
CUST04269,2022-07-25,126.45,Travel
CUST04269,2024-01-14,85.8,Grocery
CUST04269,2024-01-24,31.4,Grocery
CUST04269,2025-03-20,59.99,Clothing
CUST04269,2025-01-26,81.43,Clothing
CUST04269,2023-03-01,17.19,Electronics
CUST04269,2025-07-10,18.4,Travel
CUST04269,2023-05-29,87.9,Grocery
CUST04269,2024-01-11,89.0,Dining
CUST04269,2024-08-10,285.81,Electronics
CUST04269,2023-12-22,103.72,Travel
CUST04269,2025-03-25,105.82,Travel
CUST04269,2025-03-17,8.3,Dining
CUST04269,2022-04-10,166.36,Travel
CUST04269,2022-10-14,56.98,Electronics
CUST04269,2023-06-27,42.51,Clothing
CUST04269,2025-05-04,93.07,Clothing
CUST04269,2025-01-23,117.77,Travel
CUST04269,2023-11-06,37.29,Clothing
CUST04269,2022-04-06,45.43,Travel
CUST04269,2023-02-02,101.6,Travel
CUST04269,2024-05-15,21.97,Dining
CUST04269,2025-05-19,249.89,Dining
CUST04269,2025-07-03,11.65,Electronics
CUST04269,2022-03-17,9.12,Grocery
CUST04269,2025-02-25,294.89,Clothing
CUST04269,2024-07-13,13.64,Electronics
CUST04269,2023-08-30,14.33,Dining
CUST04269,2023-07-11,19.18,Dining
CUST04269,2024-02-12,47.17,Travel
CUST04269,2022-12-17,24.9,Dining
CUST04269,2024-07-27,25.73,Electronics
CUST04269,2023-09-03,44.63,Electronics
CUST04269,2024-04-17,236.35,Dining
CUST04269,2023-08-29,13.48,Travel
CUST04269,2023-05-01,60.49,Electronics
CUST04269,2025-01-29,336.67,Travel
CUST04269,2023-06-17,17.04,Clothing
CUST04269,2022-04-26,107.12,Travel
CUST04269,2025-07-12,110.67,Travel
CUST04269,2025-05-08,13.83,Electronics
CUST04269,2025-01-21,91.88,Electronics
CUST04270,2025-05-08,40.31,Dining
CUST04270,2025-02-04,36.92,Electronics
CUST04270,2025-07-21,74.62,Grocery
CUST04270,2025-06-02,40.27,Electronics
CUST04270,2025-01-08,120.44,Electronics
CUST04270,2025-02-25,202.4,Travel
CUST04270,2025-03-06,10.04,Travel
CUST04270,2025-05-25,25.05,Dining
CUST04270,2025-01-26,10.99,Clothing
CUST04270,2025-02-23,74.69,Clothing
CUST04270,2025-01-02,18.18,Electronics
CUST04270,2025-01-02,214.33,Grocery
CUST04270,2025-01-15,44.99,Electronics
CUST04270,2025-05-24,149.53,Electronics
CUST04270,2025-04-08,232.66,Grocery
CUST04270,2025-03-09,53.09,Electronics
CUST04270,2024-12-26,23.82,Dining
CUST04270,2025-05-09,22.65,Travel
CUST04270,2025-04-27,56.78,Grocery
CUST04270,2025-01-27,102.5,Grocery
CUST04270,2025-02-13,146.88,Electronics
CUST04270,2025-04-16,159.01,Dining
CUST04270,2025-06-02,78.15,Travel
CUST04270,2025-06-09,30.47,Dining
CUST04270,2025-07-25,41.74,Dining
CUST04270,2025-01-10,9.41,Dining
CUST04270,2024-12-27,78.67,Travel
CUST04270,2025-04-05,223.79,Grocery
CUST04270,2025-06-05,223.11,Grocery
CUST04270,2025-01-18,17.83,Travel
CUST04270,2025-02-13,13.42,Dining
CUST04270,2024-12-17,28.13,Electronics
CUST04270,2025-07-18,58.39,Dining
CUST04270,2025-02-22,83.41,Clothing
CUST04270,2025-04-19,24.43,Grocery
CUST04270,2025-07-21,111.36,Travel
CUST04270,2025-06-09,87.52,Clothing
CUST04270,2025-03-27,31.81,Grocery
CUST04270,2025-07-26,253.89,Travel
CUST04270,2025-07-06,22.92,Dining
CUST04270,2025-03-21,15.0,Electronics
CUST04270,2025-02-09,18.9,Dining
CUST04270,2025-07-19,21.62,Travel
CUST04270,2025-05-06,105.91,Dining
CUST04270,2025-03-19,164.94,Electronics
CUST04270,2025-04-13,116.18,Clothing
CUST04270,2025-04-11,249.65,Travel
CUST04270,2025-04-08,233.88,Travel
CUST04270,2025-06-23,103.34,Clothing
CUST04270,2025-06-12,73.17,Electronics
CUST04270,2025-02-28,6.46,Electronics
CUST04270,2025-05-26,40.56,Clothing
CUST04270,2025-01-15,24.92,Clothing
CUST04270,2025-04-05,80.75,Travel
CUST04270,2025-06-25,46.42,Electronics
CUST04270,2025-07-27,44.35,Electronics
CUST04270,2025-05-07,25.58,Travel
CUST04270,2025-01-26,79.54,Clothing
CUST04270,2025-01-12,77.84,Travel
CUST04270,2025-06-28,34.9,Electronics
CUST04270,2025-06-28,107.99,Dining
CUST04270,2025-03-27,336.1,Travel
CUST04270,2025-01-16,13.61,Electronics
CUST04270,2025-06-09,13.58,Electronics
CUST04270,2024-12-15,85.26,Electronics
CUST04270,2025-05-23,204.55,Grocery
CUST04270,2025-01-03,187.99,Grocery
CUST04270,2025-03-07,60.41,Clothing
CUST04270,2024-12-26,172.07,Dining
CUST04270,2025-07-29,297.98,Grocery
CUST04270,2025-05-12,17.65,Electronics
CUST04270,2025-01-24,14.91,Electronics
CUST04270,2025-05-10,90.7,Electronics
CUST04270,2025-01-04,124.7,Clothing
CUST04270,2024-12-25,14.66,Dining
CUST04270,2025-06-23,76.4,Grocery
CUST04270,2025-05-25,95.57,Grocery
CUST04270,2025-04-17,63.24,Electronics
CUST04270,2024-12-24,53.16,Travel
CUST04270,2025-01-12,84.05,Grocery
CUST04270,2025-03-08,225.43,Clothing
CUST04270,2025-04-11,157.28,Electronics
CUST04271,2024-02-17,73.4,Dining
CUST04271,2025-01-25,134.94,Dining
CUST04271,2023-06-29,133.98,Dining
CUST04271,2021-11-21,6.67,Electronics
CUST04271,2022-12-07,70.52,Electronics
CUST04271,2023-10-04,364.32,Clothing
CUST04271,2022-07-16,51.41,Electronics
CUST04271,2023-09-07,33.91,Dining
CUST04271,2021-10-14,64.49,Grocery
CUST04271,2021-09-09,59.52,Electronics
CUST04271,2024-10-23,6.37,Grocery
CUST04271,2025-05-28,270.28,Travel
CUST04271,2025-04-16,188.03,Travel
CUST04271,2024-01-28,65.27,Clothing
CUST04271,2024-02-22,235.45,Electronics
CUST04271,2025-07-19,31.06,Travel
CUST04271,2022-07-17,176.22,Travel
CUST04271,2022-09-02,14.08,Clothing
CUST04271,2023-01-26,100.42,Grocery
CUST04271,2023-06-20,179.32,Electronics
CUST04271,2021-07-14,193.92,Electronics
CUST04271,2022-05-28,90.21,Electronics
CUST04271,2024-03-29,133.91,Electronics
CUST04271,2021-07-01,12.63,Travel
CUST04271,2022-05-10,27.68,Dining
CUST04271,2024-01-15,43.77,Dining
CUST04271,2021-09-27,40.54,Dining
CUST04271,2021-08-28,14.97,Travel
CUST04271,2025-06-26,30.23,Electronics
CUST04271,2024-03-31,148.54,Electronics
CUST04271,2023-12-21,49.41,Electronics
CUST04271,2025-06-14,55.42,Travel
CUST04271,2024-02-11,331.16,Electronics
CUST04271,2023-03-16,8.72,Dining
CUST04271,2024-10-20,79.84,Travel
CUST04271,2024-04-13,158.51,Dining
CUST04271,2025-04-07,89.26,Dining
CUST04271,2023-03-01,141.7,Travel
CUST04271,2024-09-23,186.83,Travel
CUST04271,2023-01-10,23.87,Dining
CUST04271,2025-02-15,372.45,Dining
CUST04271,2025-01-29,92.71,Travel
CUST04271,2023-05-30,25.99,Clothing
CUST04271,2023-03-13,107.47,Travel
CUST04271,2023-10-04,54.59,Dining
CUST04271,2022-11-09,11.77,Travel
CUST04271,2023-05-11,18.26,Travel
CUST04271,2022-02-16,20.38,Travel
CUST04271,2024-09-10,16.62,Grocery
CUST04271,2024-01-26,90.7,Dining
CUST04271,2023-12-12,12.71,Dining
CUST04271,2023-12-18,184.56,Clothing
CUST04271,2025-07-04,15.66,Travel
CUST04271,2025-07-11,55.92,Clothing
CUST04271,2024-06-22,124.53,Clothing
CUST04271,2022-03-05,85.79,Grocery
CUST04271,2024-03-13,122.75,Grocery
CUST04271,2025-05-05,45.19,Travel
CUST04271,2024-07-30,57.47,Grocery
CUST04271,2024-07-23,69.97,Electronics
CUST04271,2025-07-07,16.6,Dining
CUST04271,2023-04-18,197.17,Grocery
CUST04271,2023-05-14,60.49,Clothing
CUST04271,2025-01-17,43.72,Clothing
CUST04271,2023-02-18,21.18,Dining
CUST04271,2025-02-24,92.69,Dining
CUST04271,2024-01-25,64.3,Dining
CUST04271,2022-03-13,55.46,Travel
CUST04271,2021-09-06,49.83,Dining
CUST04271,2023-11-30,93.76,Grocery
CUST04271,2022-02-19,6.78,Clothing
CUST04271,2021-10-10,165.39,Grocery
CUST04271,2022-12-21,93.3,Travel
CUST04271,2025-04-13,46.31,Grocery
CUST04271,2023-09-06,106.84,Clothing
CUST04271,2024-08-31,32.26,Grocery
CUST04271,2022-01-28,128.79,Travel
CUST04271,2022-08-05,81.32,Grocery
CUST04271,2023-12-20,87.33,Electronics
CUST04271,2023-12-23,40.27,Electronics
CUST04271,2021-07-23,94.89,Grocery
CUST04271,2024-11-08,126.44,Clothing
CUST04271,2022-06-09,88.14,Clothing
CUST04271,2023-10-24,116.85,Clothing
CUST04271,2024-08-22,47.15,Electronics
CUST04271,2022-11-14,100.93,Electronics
CUST04271,2024-11-14,29.9,Travel
CUST04271,2024-11-18,6.44,Grocery
CUST04271,2023-01-14,19.14,Grocery
CUST04271,2025-07-21,5.2,Dining
CUST04271,2023-09-18,155.44,Travel
CUST04271,2022-08-20,178.87,Electronics
CUST04271,2021-10-22,86.62,Grocery
CUST04271,2024-08-20,204.4,Grocery
CUST04271,2024-03-14,48.0,Travel
CUST04272,2024-08-17,269.16,Clothing
CUST04272,2021-08-28,155.91,Dining
CUST04272,2023-08-20,143.53,Electronics
CUST04272,2024-08-09,109.22,Grocery
CUST04272,2021-11-25,133.1,Clothing
CUST04272,2021-07-16,133.44,Electronics
CUST04272,2024-12-22,72.06,Travel
CUST04272,2024-05-09,106.67,Dining
CUST04272,2023-03-19,54.72,Grocery
CUST04272,2021-03-20,158.0,Dining
CUST04272,2024-08-25,180.51,Electronics
CUST04272,2025-01-03,110.53,Electronics
CUST04272,2024-12-14,28.89,Travel
CUST04272,2024-10-04,5.49,Dining
CUST04272,2023-06-02,123.56,Electronics
CUST04272,2025-03-07,126.44,Travel
CUST04272,2021-06-30,47.55,Grocery
CUST04272,2025-02-08,50.27,Dining
CUST04272,2023-12-21,31.79,Grocery
CUST04272,2025-07-08,109.46,Clothing
CUST04272,2021-04-10,40.79,Electronics
CUST04272,2022-07-01,52.05,Grocery
CUST04272,2021-10-07,157.41,Grocery
CUST04272,2023-06-25,188.35,Clothing
CUST04272,2023-03-26,68.32,Grocery
CUST04272,2025-01-24,115.46,Electronics
CUST04272,2021-12-21,224.05,Dining
CUST04272,2023-12-19,101.55,Electronics
CUST04272,2025-02-06,5.98,Travel
CUST04272,2023-06-16,9.7,Clothing
CUST04272,2023-12-01,31.93,Grocery
CUST04272,2023-09-15,170.81,Electronics
CUST04272,2024-02-21,65.29,Travel
CUST04272,2024-08-07,16.76,Grocery
CUST04272,2022-04-13,131.14,Travel
CUST04272,2023-11-24,245.06,Clothing
CUST04272,2024-12-20,83.42,Electronics
CUST04272,2021-07-01,31.49,Electronics
CUST04272,2023-05-23,71.22,Travel
CUST04272,2021-03-31,37.48,Travel
CUST04272,2024-07-22,7.13,Electronics
CUST04272,2024-08-04,88.73,Clothing
CUST04272,2023-11-26,147.97,Electronics
CUST04272,2024-12-06,52.28,Grocery
CUST04272,2022-01-05,362.91,Clothing
CUST04272,2023-03-06,10.71,Electronics
CUST04272,2021-12-23,51.12,Dining
CUST04272,2023-02-04,131.55,Dining
CUST04272,2021-06-06,45.54,Dining
CUST04272,2025-03-20,9.72,Electronics
CUST04272,2023-04-18,102.51,Grocery
CUST04272,2024-12-27,232.19,Clothing
CUST04272,2022-01-29,76.11,Travel
CUST04272,2023-05-03,73.37,Clothing
CUST04272,2024-04-24,124.48,Dining
CUST04272,2021-07-07,123.52,Clothing
CUST04272,2021-11-10,145.2,Dining
CUST04272,2024-08-15,6.6,Clothing
CUST04272,2024-09-10,17.5,Travel
CUST04272,2024-10-10,28.63,Travel
CUST04272,2024-01-01,10.26,Electronics
CUST04272,2024-12-13,23.68,Electronics
CUST04272,2025-06-02,43.81,Clothing
CUST04272,2025-06-15,91.58,Dining
CUST04272,2023-12-18,28.1,Clothing
CUST04272,2025-03-05,96.53,Dining
CUST04272,2023-04-02,126.79,Electronics
CUST04272,2025-03-28,60.72,Grocery
CUST04272,2021-04-11,29.25,Travel
CUST04272,2022-10-30,11.96,Grocery
CUST04272,2021-06-14,10.18,Travel
CUST04272,2024-12-01,84.46,Dining
CUST04272,2024-12-28,79.62,Travel
CUST04272,2021-04-30,113.26,Electronics
CUST04272,2024-11-22,56.57,Travel
CUST04272,2021-11-11,205.89,Clothing
CUST04272,2022-12-26,195.5,Electronics
CUST04272,2022-06-09,92.89,Electronics
CUST04272,2022-04-12,54.17,Travel
CUST04272,2023-06-30,169.13,Travel
CUST04272,2023-12-04,91.32,Travel
CUST04272,2023-10-11,30.64,Clothing
CUST04272,2022-02-02,223.52,Electronics
CUST04272,2023-03-12,21.67,Clothing
CUST04272,2021-10-29,63.45,Electronics
CUST04272,2025-02-07,129.05,Grocery
CUST04272,2023-09-29,71.85,Electronics
CUST04272,2023-02-03,21.0,Clothing
CUST04272,2023-03-07,75.0,Travel
CUST04272,2023-01-13,162.71,Dining
CUST04272,2024-12-31,63.17,Travel
CUST04272,2021-08-04,59.11,Grocery
CUST04272,2024-10-23,239.64,Dining
CUST04272,2021-05-08,129.95,Clothing
CUST04272,2023-02-15,58.97,Grocery
CUST04272,2025-02-24,322.16,Travel
CUST04272,2023-02-26,138.69,Dining
CUST04272,2022-02-18,20.59,Travel
CUST04272,2022-06-09,34.94,Electronics
CUST04272,2023-09-04,5.41,Dining
CUST04272,2024-12-30,80.86,Dining
CUST04272,2022-03-29,16.95,Travel
CUST04272,2023-07-23,9.55,Grocery
CUST04273,2025-04-04,60.45,Electronics
CUST04273,2025-06-16,24.24,Clothing
CUST04273,2025-05-23,183.8,Grocery
CUST04273,2025-06-08,17.48,Dining
CUST04273,2025-03-30,84.15,Travel
CUST04273,2025-07-11,67.01,Grocery
CUST04273,2025-03-08,73.45,Grocery
CUST04273,2025-03-12,47.17,Electronics
CUST04273,2025-05-23,40.92,Dining
CUST04273,2025-06-05,39.52,Grocery
CUST04273,2025-03-17,138.05,Electronics
CUST04273,2025-03-27,44.97,Electronics
CUST04273,2025-05-20,98.88,Grocery
CUST04273,2025-07-23,119.15,Clothing
CUST04273,2025-06-30,6.08,Dining
CUST04273,2025-06-04,20.31,Dining
CUST04273,2025-05-24,25.81,Clothing
CUST04273,2025-03-21,126.97,Dining
CUST04273,2025-06-29,18.81,Grocery
CUST04273,2025-04-03,266.11,Clothing
CUST04273,2025-07-15,244.18,Dining
CUST04273,2025-05-19,9.99,Electronics
CUST04273,2025-06-06,64.97,Grocery
CUST04273,2025-03-13,36.72,Dining
CUST04273,2025-04-09,37.36,Clothing
CUST04273,2025-06-27,144.29,Travel
CUST04273,2025-06-20,39.9,Clothing
CUST04273,2025-05-16,81.7,Dining
CUST04273,2025-07-06,245.04,Grocery
CUST04273,2025-04-03,139.85,Clothing
CUST04273,2025-07-07,51.3,Electronics
CUST04273,2025-04-20,332.2,Electronics
CUST04273,2025-03-18,19.72,Travel
CUST04273,2025-04-14,89.66,Clothing
CUST04273,2025-07-21,65.78,Electronics
CUST04273,2025-03-15,33.4,Grocery
CUST04273,2025-05-17,6.6,Dining
CUST04273,2025-07-31,137.22,Electronics
CUST04273,2025-03-10,36.73,Electronics
CUST04273,2025-06-13,94.72,Clothing
CUST04273,2025-07-06,10.78,Dining
CUST04273,2025-05-25,7.65,Travel
CUST04273,2025-04-01,29.25,Clothing
CUST04273,2025-04-20,91.25,Clothing
CUST04273,2025-03-11,118.12,Grocery
CUST04273,2025-05-10,100.93,Clothing
CUST04273,2025-06-20,40.37,Clothing
CUST04273,2025-05-11,186.32,Grocery
CUST04273,2025-04-08,5.59,Electronics
CUST04273,2025-03-30,8.48,Dining
CUST04273,2025-07-11,95.94,Travel
CUST04273,2025-04-15,91.72,Dining
CUST04273,2025-05-28,28.77,Clothing
CUST04273,2025-07-17,111.37,Travel
CUST04273,2025-04-07,103.94,Clothing
CUST04273,2025-07-08,6.88,Grocery
CUST04273,2025-06-26,32.68,Electronics
CUST04273,2025-03-20,28.61,Dining
CUST04273,2025-05-29,17.08,Grocery
CUST04273,2025-03-21,98.24,Dining
CUST04273,2025-05-21,192.25,Clothing
CUST04273,2025-03-12,32.75,Grocery
CUST04273,2025-06-05,107.22,Clothing
CUST04273,2025-03-19,93.37,Dining
CUST04273,2025-07-14,70.43,Travel
CUST04273,2025-04-17,16.09,Travel
CUST04273,2025-06-08,161.63,Dining
CUST04273,2025-05-22,85.41,Dining
CUST04273,2025-05-15,119.65,Dining
CUST04273,2025-05-15,29.8,Electronics
CUST04273,2025-06-17,135.54,Clothing
CUST04273,2025-06-08,26.03,Electronics
CUST04273,2025-07-07,161.72,Electronics
CUST04273,2025-05-23,18.63,Clothing
CUST04273,2025-03-17,220.51,Clothing
CUST04273,2025-05-10,64.63,Grocery
CUST04273,2025-07-17,40.61,Travel
CUST04273,2025-05-31,53.74,Dining
CUST04273,2025-07-21,162.05,Clothing
CUST04273,2025-07-24,102.93,Electronics
CUST04273,2025-06-05,13.42,Grocery
CUST04273,2025-06-15,69.96,Dining
CUST04273,2025-06-28,113.42,Clothing
CUST04273,2025-07-08,171.37,Grocery
CUST04273,2025-03-24,9.19,Dining
CUST04273,2025-04-22,172.58,Electronics
CUST04273,2025-06-30,78.8,Dining
CUST04273,2025-03-19,36.59,Grocery
CUST04273,2025-07-04,13.25,Travel
CUST04273,2025-07-18,21.02,Dining
CUST04273,2025-03-10,72.73,Clothing
CUST04273,2025-03-13,44.73,Grocery
CUST04273,2025-05-27,154.44,Electronics
CUST04273,2025-06-17,47.55,Clothing
CUST04273,2025-03-20,17.8,Electronics
CUST04273,2025-07-03,12.21,Grocery
CUST04273,2025-05-17,111.46,Dining
CUST04273,2025-03-19,47.24,Travel
CUST04273,2025-05-16,69.91,Grocery
CUST04273,2025-03-14,21.89,Dining
CUST04273,2025-04-08,48.39,Clothing
CUST04274,2022-04-20,362.62,Electronics
CUST04274,2022-04-14,20.04,Dining
CUST04274,2022-10-08,33.22,Electronics
CUST04274,2025-06-21,10.0,Grocery
CUST04274,2021-12-21,41.6,Grocery
CUST04274,2023-02-17,54.6,Electronics
CUST04274,2024-02-14,164.78,Grocery
CUST04274,2022-02-10,11.05,Dining
CUST04274,2024-05-31,205.8,Dining
CUST04274,2024-10-24,5.27,Dining
CUST04274,2022-08-22,96.26,Clothing
CUST04274,2022-04-07,80.96,Dining
CUST04274,2025-02-14,106.15,Travel
CUST04274,2023-06-03,220.39,Electronics
CUST04274,2025-02-21,44.69,Clothing
CUST04274,2025-05-19,152.88,Clothing
CUST04274,2025-05-21,29.04,Dining
CUST04274,2022-09-14,35.35,Clothing
CUST04274,2023-02-01,27.29,Travel
CUST04274,2021-09-05,37.67,Electronics
CUST04274,2023-11-01,10.64,Clothing
CUST04274,2025-07-19,45.3,Electronics
CUST04274,2023-04-21,223.23,Electronics
CUST04274,2024-08-20,222.19,Dining
CUST04274,2024-09-21,15.36,Grocery
CUST04274,2025-07-06,90.87,Electronics
CUST04274,2024-07-07,19.97,Grocery
CUST04274,2022-11-05,53.94,Dining
CUST04274,2021-09-16,35.0,Clothing
CUST04274,2025-04-14,77.79,Dining
CUST04274,2024-07-31,89.17,Electronics
CUST04274,2024-02-23,69.08,Travel
CUST04274,2021-11-04,21.81,Travel
CUST04274,2024-02-09,51.0,Electronics
CUST04274,2023-12-31,118.87,Dining
CUST04274,2025-01-31,30.62,Clothing
CUST04274,2023-04-09,347.62,Clothing
CUST04274,2023-06-13,31.52,Grocery
CUST04274,2023-11-04,110.59,Electronics
CUST04274,2024-05-09,103.85,Grocery
CUST04274,2025-07-02,20.79,Electronics
CUST04274,2021-08-21,35.22,Clothing
CUST04274,2023-01-28,7.84,Electronics
CUST04274,2023-08-19,85.44,Grocery
CUST04274,2023-07-20,95.77,Grocery
CUST04274,2025-02-09,9.81,Travel
CUST04274,2023-03-19,295.44,Grocery
CUST04274,2024-11-22,155.1,Dining
CUST04274,2025-03-17,29.33,Grocery
CUST04274,2023-01-23,76.99,Clothing
CUST04274,2022-02-12,18.83,Grocery
CUST04274,2024-04-01,38.6,Travel
CUST04274,2021-11-02,107.46,Electronics
CUST04274,2022-09-04,47.43,Electronics
CUST04274,2022-09-10,170.02,Clothing
CUST04274,2022-07-20,82.71,Clothing
CUST04274,2023-11-09,62.31,Grocery
CUST04274,2024-03-13,75.43,Electronics
CUST04274,2022-11-21,112.66,Dining
CUST04274,2024-05-13,50.38,Clothing
CUST04274,2022-04-09,92.95,Dining
CUST04274,2022-01-09,122.09,Clothing
CUST04274,2025-04-15,34.7,Electronics
CUST04274,2023-05-27,7.13,Electronics
CUST04274,2022-06-09,138.86,Electronics
CUST04274,2021-06-08,65.17,Electronics
CUST04274,2023-04-19,79.11,Clothing
CUST04274,2022-07-30,15.69,Travel
CUST04274,2025-01-26,15.23,Electronics
CUST04274,2023-07-08,12.7,Grocery
CUST04274,2023-03-14,9.43,Electronics
CUST04274,2024-02-11,74.69,Travel
CUST04274,2024-10-27,170.93,Travel
CUST04274,2023-02-28,73.81,Clothing
CUST04274,2024-03-21,95.37,Grocery
CUST04274,2022-07-20,34.73,Electronics
CUST04274,2025-03-02,9.87,Travel
CUST04274,2022-02-11,131.85,Dining
CUST04274,2023-10-17,92.11,Clothing
CUST04274,2025-01-20,78.94,Clothing
CUST04274,2023-12-13,120.98,Dining
CUST04274,2024-05-12,50.69,Grocery
CUST04274,2025-03-15,36.39,Travel
CUST04274,2023-10-31,26.8,Clothing
CUST04274,2025-03-20,100.15,Grocery
CUST04274,2025-03-13,87.77,Grocery
CUST04274,2024-10-06,57.15,Travel
CUST04274,2024-06-14,10.86,Clothing
CUST04274,2023-06-03,71.77,Electronics
CUST04274,2024-02-18,54.23,Grocery
CUST04274,2021-11-17,40.72,Travel
CUST04274,2022-08-25,90.02,Dining
CUST04274,2022-09-19,36.59,Clothing
CUST04274,2025-04-15,58.68,Travel
CUST04274,2022-06-21,15.97,Grocery
CUST04274,2024-11-05,18.92,Grocery
CUST04274,2024-03-01,134.34,Electronics
CUST04274,2022-03-11,13.49,Dining
CUST04274,2022-09-01,331.05,Clothing
CUST04274,2024-03-05,39.68,Electronics
CUST04274,2021-12-31,127.43,Grocery
CUST04274,2022-05-21,173.4,Clothing
CUST04274,2024-05-30,53.17,Travel
CUST04274,2024-04-02,29.16,Travel
CUST04274,2024-03-16,274.64,Clothing
CUST04274,2025-01-25,196.24,Electronics
CUST04274,2022-08-12,26.78,Dining
CUST04274,2022-03-07,53.11,Electronics
CUST04275,2025-05-24,69.39,Grocery
CUST04275,2024-09-10,139.04,Dining
CUST04275,2023-10-11,119.19,Travel
CUST04275,2023-10-27,119.12,Clothing
CUST04275,2024-06-18,45.1,Grocery
CUST04275,2023-06-28,24.47,Electronics
CUST04275,2025-03-03,77.05,Grocery
CUST04275,2023-10-02,87.68,Grocery
CUST04275,2023-06-10,45.04,Clothing
CUST04275,2024-07-05,70.02,Electronics
CUST04275,2024-12-19,136.8,Travel
CUST04275,2024-12-27,102.07,Dining
CUST04275,2023-07-15,94.13,Dining
CUST04275,2023-04-03,79.87,Grocery
CUST04275,2024-08-15,20.03,Dining
CUST04275,2023-12-25,181.22,Electronics
CUST04275,2024-10-01,15.14,Dining
CUST04275,2023-11-08,121.51,Dining
CUST04275,2024-03-10,174.36,Dining
CUST04275,2025-05-01,17.66,Travel
CUST04275,2023-11-14,175.7,Grocery
CUST04275,2024-04-02,88.68,Grocery
CUST04275,2023-06-02,107.47,Electronics
CUST04275,2025-01-25,61.06,Dining
CUST04275,2023-09-28,23.69,Electronics
CUST04275,2024-01-18,36.57,Dining
CUST04275,2023-07-02,23.97,Electronics
CUST04275,2023-05-02,68.0,Dining
CUST04275,2024-06-27,23.76,Dining
CUST04275,2023-06-11,108.02,Travel
CUST04275,2025-03-18,29.65,Dining
CUST04275,2023-12-26,146.98,Electronics
CUST04275,2024-05-26,93.52,Grocery
CUST04275,2024-05-27,12.93,Travel
CUST04275,2024-05-20,54.77,Grocery
CUST04275,2025-02-20,258.45,Travel
CUST04275,2025-02-26,68.14,Clothing
CUST04275,2025-05-01,123.26,Grocery
CUST04275,2024-12-16,40.63,Grocery
CUST04275,2023-08-15,39.17,Dining
CUST04275,2024-09-07,95.96,Clothing
CUST04275,2024-02-27,19.71,Dining
CUST04275,2025-04-14,87.96,Electronics
CUST04275,2025-06-06,139.77,Grocery
CUST04275,2025-05-17,93.67,Travel
CUST04275,2025-05-08,18.18,Electronics
CUST04275,2024-02-10,18.86,Clothing
CUST04275,2024-06-16,124.13,Dining
CUST04275,2023-09-08,16.47,Electronics
CUST04275,2025-05-13,34.22,Travel
CUST04275,2023-05-21,62.47,Grocery
CUST04275,2023-09-22,6.69,Grocery
CUST04275,2024-01-09,131.71,Grocery
CUST04275,2024-08-30,86.4,Grocery
CUST04275,2023-09-19,181.67,Electronics
CUST04275,2025-03-31,38.77,Dining
CUST04275,2025-05-01,70.22,Travel
CUST04275,2023-04-19,52.59,Dining
CUST04275,2024-02-24,13.39,Clothing
CUST04275,2023-06-29,57.56,Grocery
CUST04275,2024-03-11,24.22,Grocery
CUST04275,2025-06-10,14.61,Clothing
CUST04275,2024-12-01,5.67,Dining
CUST04275,2024-06-20,58.81,Electronics
CUST04275,2024-06-29,7.31,Electronics
CUST04275,2024-11-03,82.97,Grocery
CUST04275,2024-05-20,117.66,Clothing
CUST04275,2024-10-21,72.86,Dining
CUST04275,2024-03-29,62.7,Electronics
CUST04275,2023-07-12,112.25,Dining
CUST04275,2023-11-14,81.98,Travel
CUST04275,2025-01-09,134.98,Electronics
CUST04275,2024-05-11,279.88,Grocery
CUST04275,2023-12-07,184.55,Clothing
CUST04275,2024-03-25,9.26,Grocery
CUST04275,2024-11-14,60.17,Grocery
CUST04275,2024-11-03,51.15,Travel
CUST04275,2024-10-29,29.09,Clothing
CUST04275,2023-06-15,26.34,Clothing
CUST04275,2023-12-02,153.23,Electronics
CUST04275,2023-08-02,133.93,Clothing
CUST04275,2023-04-29,159.54,Dining
CUST04275,2025-07-17,244.25,Clothing
CUST04275,2024-04-22,289.97,Travel
CUST04275,2025-06-11,147.98,Electronics
CUST04275,2024-09-25,24.88,Dining
CUST04275,2023-09-25,11.67,Electronics
CUST04275,2024-01-16,39.89,Clothing
CUST04275,2023-10-05,308.69,Electronics
CUST04275,2023-11-10,51.67,Dining
CUST04276,2023-07-18,127.15,Electronics
CUST04276,2024-07-24,125.12,Electronics
CUST04276,2024-08-05,89.75,Electronics
CUST04276,2025-05-01,10.77,Dining
CUST04276,2024-10-17,8.27,Clothing
CUST04276,2024-07-03,39.75,Grocery
CUST04276,2023-01-04,65.38,Grocery
CUST04276,2023-05-21,197.69,Clothing
CUST04276,2024-03-05,20.21,Dining
CUST04276,2022-04-05,111.63,Travel
CUST04276,2022-05-04,66.7,Clothing
CUST04276,2023-11-17,6.01,Electronics
CUST04276,2024-12-26,78.66,Clothing
CUST04276,2023-08-24,24.39,Dining
CUST04276,2025-05-01,21.85,Clothing
CUST04276,2024-09-30,40.08,Dining
CUST04276,2022-01-09,106.11,Clothing
CUST04276,2023-03-23,112.77,Clothing
CUST04276,2024-02-11,100.88,Grocery
CUST04276,2023-11-01,22.12,Dining
CUST04276,2023-01-08,119.09,Electronics
CUST04276,2023-07-01,39.78,Clothing
CUST04276,2024-11-27,80.25,Travel
CUST04276,2022-06-23,84.95,Electronics
CUST04276,2023-06-23,35.45,Travel
CUST04276,2024-10-29,33.12,Electronics
CUST04276,2023-11-23,347.51,Electronics
CUST04276,2024-07-04,51.4,Dining
CUST04276,2023-12-19,51.68,Clothing
CUST04276,2024-04-15,65.97,Travel
CUST04276,2024-05-13,169.05,Grocery
CUST04276,2023-08-26,62.84,Clothing
CUST04276,2024-05-14,97.84,Dining
CUST04276,2022-04-14,11.91,Dining
CUST04276,2024-02-17,51.64,Travel
CUST04276,2023-01-18,99.84,Grocery
CUST04276,2024-05-26,33.63,Dining
CUST04276,2024-07-15,202.67,Travel
CUST04276,2024-11-04,120.95,Travel
CUST04276,2022-05-04,10.67,Electronics
CUST04276,2022-05-20,15.32,Electronics
CUST04276,2023-07-14,295.51,Electronics
CUST04276,2023-05-26,95.09,Grocery
CUST04276,2023-01-24,30.64,Dining
CUST04276,2023-01-26,296.03,Travel
CUST04276,2022-04-04,113.24,Travel
CUST04276,2024-10-15,65.17,Clothing
CUST04276,2024-03-18,110.36,Electronics
CUST04276,2024-09-11,95.23,Travel
CUST04276,2024-03-19,67.54,Clothing
CUST04276,2023-01-01,17.22,Dining
CUST04276,2023-04-22,41.82,Clothing
CUST04276,2023-02-25,19.88,Dining
CUST04276,2022-07-10,76.98,Clothing
CUST04276,2023-09-04,24.52,Electronics
CUST04276,2024-02-04,198.76,Grocery
CUST04276,2023-02-24,97.57,Grocery
CUST04276,2025-03-29,54.08,Travel
CUST04276,2022-08-23,74.08,Grocery
CUST04276,2024-09-20,51.01,Travel
CUST04276,2024-08-21,135.27,Electronics
CUST04276,2024-10-30,21.64,Clothing
CUST04276,2024-04-15,112.94,Travel
CUST04276,2023-08-02,114.9,Travel
CUST04276,2025-01-26,71.2,Clothing
CUST04276,2022-02-27,60.24,Dining
CUST04276,2023-12-21,139.45,Electronics
CUST04276,2025-03-01,189.72,Dining
CUST04276,2025-05-18,115.38,Clothing
CUST04276,2023-12-22,78.28,Dining
CUST04276,2022-02-17,81.19,Dining
CUST04276,2022-08-20,81.4,Grocery
CUST04276,2023-10-07,124.01,Grocery
CUST04276,2024-06-30,51.38,Clothing
CUST04276,2024-11-18,44.05,Grocery
CUST04276,2024-03-29,276.53,Clothing
CUST04276,2024-09-17,85.89,Clothing
CUST04276,2022-09-07,146.2,Dining
CUST04276,2024-06-04,33.79,Grocery
CUST04276,2022-04-15,154.9,Travel
CUST04276,2025-02-11,22.75,Clothing
CUST04276,2023-04-20,59.21,Grocery
CUST04276,2024-03-06,80.42,Travel
CUST04276,2022-04-27,62.29,Travel
CUST04276,2022-08-06,206.38,Travel
CUST04276,2024-08-06,128.14,Electronics
CUST04276,2024-02-14,142.55,Travel
CUST04276,2023-05-16,88.94,Electronics
CUST04276,2024-03-02,217.08,Clothing
CUST04276,2023-09-06,16.47,Electronics
CUST04276,2022-01-20,26.38,Travel
CUST04276,2022-11-23,70.39,Electronics
CUST04276,2023-10-07,19.94,Travel
CUST04276,2022-03-14,19.43,Grocery
CUST04276,2022-02-20,137.21,Clothing
CUST04276,2023-10-31,130.61,Dining
CUST04276,2024-06-01,79.42,Electronics
CUST04277,2025-06-17,176.61,Grocery
CUST04277,2024-10-15,63.46,Grocery
CUST04277,2025-05-27,12.42,Dining
CUST04277,2023-11-26,197.72,Clothing
CUST04277,2024-04-26,154.95,Electronics
CUST04277,2025-06-04,10.33,Dining
CUST04277,2024-04-21,23.03,Electronics
CUST04277,2023-11-30,38.2,Grocery
CUST04277,2024-05-06,28.4,Dining
CUST04277,2023-09-23,75.53,Electronics
CUST04277,2024-03-10,396.37,Clothing
CUST04277,2023-10-04,43.28,Dining
CUST04277,2025-06-02,70.55,Grocery
CUST04277,2025-01-17,141.17,Electronics
CUST04277,2025-02-01,26.72,Electronics
CUST04277,2025-02-26,89.51,Dining
CUST04277,2025-03-11,62.56,Grocery
CUST04277,2025-07-25,158.63,Travel
CUST04277,2024-02-07,275.72,Grocery
CUST04277,2023-11-02,35.83,Electronics
CUST04277,2025-04-13,24.81,Grocery
CUST04277,2024-02-13,87.61,Grocery
CUST04277,2024-04-25,18.43,Grocery
CUST04277,2023-10-02,62.2,Electronics
CUST04277,2024-11-06,55.56,Travel
CUST04277,2025-07-06,31.19,Clothing
CUST04277,2024-04-15,20.9,Travel
CUST04277,2025-07-22,54.28,Travel
CUST04277,2025-06-09,39.83,Dining
CUST04277,2025-02-21,162.11,Dining
CUST04277,2024-09-02,225.63,Electronics
CUST04277,2025-07-24,69.09,Travel
CUST04277,2024-05-14,195.81,Dining
CUST04277,2024-05-17,160.44,Dining
CUST04277,2024-11-14,10.46,Clothing
CUST04277,2025-02-08,36.94,Electronics
CUST04277,2024-12-22,165.78,Grocery
CUST04277,2024-01-07,157.83,Electronics
CUST04277,2024-06-03,12.55,Grocery
CUST04277,2024-02-16,178.72,Electronics
CUST04277,2024-01-23,72.66,Clothing
CUST04277,2025-07-29,23.72,Dining
CUST04277,2024-12-21,40.01,Travel
CUST04277,2023-08-06,217.37,Clothing
CUST04277,2023-10-04,37.21,Travel
CUST04277,2023-09-07,36.61,Electronics
CUST04277,2024-06-06,118.81,Grocery
CUST04277,2024-06-16,314.58,Clothing
CUST04277,2023-11-27,207.05,Travel
CUST04277,2023-09-10,70.1,Travel
CUST04277,2023-10-07,133.3,Travel
CUST04277,2024-03-20,6.19,Clothing
CUST04277,2023-09-18,88.21,Dining
CUST04277,2024-02-11,64.8,Dining
CUST04277,2024-06-04,101.82,Grocery
CUST04277,2024-09-26,94.66,Electronics
CUST04277,2023-12-21,20.14,Travel
CUST04277,2025-02-18,74.56,Travel
CUST04277,2023-09-13,102.93,Grocery
CUST04277,2024-02-07,32.31,Dining
CUST04277,2024-03-31,71.63,Electronics
CUST04277,2024-06-12,127.23,Clothing
CUST04277,2023-12-15,9.44,Clothing
CUST04277,2025-03-17,79.57,Grocery
CUST04277,2023-09-21,220.31,Grocery
CUST04277,2023-09-20,35.61,Clothing
CUST04277,2025-04-06,142.39,Electronics
CUST04277,2025-02-13,179.7,Dining
CUST04277,2024-07-03,88.66,Dining
CUST04277,2023-12-25,154.35,Dining
CUST04277,2023-09-28,52.32,Electronics
CUST04277,2025-06-11,36.31,Electronics
CUST04277,2024-09-18,146.48,Travel
CUST04277,2025-05-03,27.86,Dining
CUST04277,2024-12-31,10.21,Travel
CUST04277,2023-08-29,22.11,Electronics
CUST04277,2024-03-18,81.06,Dining
CUST04277,2024-05-20,297.44,Travel
CUST04277,2025-05-09,9.46,Dining
CUST04277,2025-02-14,180.03,Travel
CUST04277,2023-11-27,289.72,Clothing
CUST04277,2024-05-10,109.47,Grocery
CUST04277,2023-12-16,8.34,Grocery
CUST04277,2024-03-22,119.52,Grocery
CUST04277,2024-07-16,13.93,Dining
CUST04277,2023-09-06,58.55,Clothing
CUST04277,2024-08-17,27.54,Travel
CUST04277,2025-01-18,45.11,Grocery
CUST04278,2025-06-23,22.91,Travel
CUST04278,2023-04-12,54.34,Electronics
CUST04278,2023-03-20,8.64,Clothing
CUST04278,2023-08-11,10.45,Grocery
CUST04278,2023-04-25,10.55,Travel
CUST04278,2023-07-08,20.36,Electronics
CUST04278,2025-07-22,12.53,Grocery
CUST04278,2023-03-13,23.45,Electronics
CUST04278,2024-03-26,30.64,Grocery
CUST04278,2025-07-28,36.44,Electronics
CUST04278,2022-10-05,90.46,Electronics
CUST04278,2022-08-01,136.77,Travel
CUST04278,2025-06-14,69.2,Grocery
CUST04278,2025-04-23,239.99,Grocery
CUST04278,2023-10-12,13.88,Travel
CUST04278,2023-08-02,152.14,Grocery
CUST04278,2025-01-05,8.62,Dining
CUST04278,2023-03-03,101.65,Clothing
CUST04278,2022-05-05,22.46,Grocery
CUST04278,2024-06-10,77.9,Electronics
CUST04278,2023-02-22,138.97,Grocery
CUST04278,2023-02-08,85.85,Electronics
CUST04278,2023-02-19,188.82,Clothing
CUST04278,2022-06-22,37.85,Clothing
CUST04278,2022-09-01,133.41,Clothing
CUST04278,2022-11-03,73.86,Travel
CUST04278,2023-08-12,114.35,Grocery
CUST04278,2024-09-27,63.5,Grocery
CUST04278,2025-01-30,15.81,Travel
CUST04278,2023-03-29,59.87,Grocery
CUST04278,2024-07-14,54.47,Travel
CUST04278,2025-03-31,118.05,Clothing
CUST04278,2023-10-10,111.25,Electronics
CUST04278,2022-12-21,101.34,Grocery
CUST04278,2022-12-16,263.79,Travel
CUST04278,2023-09-20,48.66,Grocery
CUST04278,2022-07-11,6.8,Travel
CUST04278,2023-03-29,172.21,Electronics
CUST04278,2024-07-06,101.69,Grocery
CUST04278,2022-12-28,35.42,Dining
CUST04278,2023-10-07,11.43,Grocery
CUST04278,2022-08-11,14.78,Grocery
CUST04278,2023-01-25,36.4,Grocery
CUST04278,2023-05-15,8.71,Grocery
CUST04278,2023-10-11,98.8,Dining
CUST04278,2024-01-08,132.66,Electronics
CUST04278,2025-04-19,91.17,Grocery
CUST04278,2025-03-10,218.77,Grocery
CUST04278,2024-03-10,15.08,Dining
CUST04278,2024-02-05,126.71,Grocery
CUST04278,2022-12-28,16.98,Clothing
CUST04278,2022-11-11,234.87,Electronics
CUST04278,2025-05-06,213.56,Grocery
CUST04278,2025-01-25,54.1,Travel
CUST04278,2025-07-01,25.79,Clothing
CUST04278,2023-09-10,14.54,Electronics
CUST04278,2024-10-29,100.07,Dining
CUST04278,2024-10-28,60.28,Grocery
CUST04278,2022-06-11,129.7,Travel
CUST04278,2024-02-06,7.26,Travel
CUST04278,2023-08-01,105.53,Grocery
CUST04278,2022-05-15,58.67,Travel
CUST04278,2022-06-05,287.29,Dining
CUST04278,2023-10-26,162.01,Grocery
CUST04278,2024-03-06,158.62,Electronics
CUST04278,2023-04-19,42.82,Travel
CUST04278,2022-05-25,256.99,Grocery
CUST04278,2025-07-23,21.72,Grocery
CUST04278,2023-09-29,40.41,Dining
CUST04278,2022-08-29,18.56,Grocery
CUST04278,2022-12-24,205.26,Electronics
CUST04278,2024-05-01,109.44,Travel
CUST04278,2025-05-10,43.43,Dining
CUST04278,2023-02-14,86.83,Travel
CUST04278,2022-09-24,84.73,Dining
CUST04278,2023-04-21,10.59,Dining
CUST04278,2022-05-31,10.65,Electronics
CUST04278,2022-10-27,90.81,Clothing
CUST04278,2024-03-22,16.46,Dining
CUST04278,2023-10-10,107.75,Electronics
CUST04278,2024-03-17,9.3,Electronics
CUST04278,2022-11-16,5.11,Electronics
CUST04278,2024-04-09,17.36,Clothing
CUST04279,2022-11-17,9.3,Electronics
CUST04279,2024-05-28,41.41,Grocery
CUST04279,2023-04-02,102.65,Dining
CUST04279,2023-04-27,85.71,Dining
CUST04279,2022-09-01,37.99,Travel
CUST04279,2025-02-16,23.95,Grocery
CUST04279,2025-03-05,10.71,Grocery
CUST04279,2024-12-21,52.45,Electronics
CUST04279,2024-09-22,130.2,Travel
CUST04279,2024-12-05,71.18,Travel
CUST04279,2021-09-11,27.2,Clothing
CUST04279,2025-07-15,44.84,Electronics
CUST04279,2022-01-04,17.53,Electronics
CUST04279,2023-09-22,160.12,Dining
CUST04279,2024-07-20,100.92,Grocery
CUST04279,2024-10-19,52.16,Travel
CUST04279,2021-10-07,36.39,Travel
CUST04279,2024-06-03,172.74,Travel
CUST04279,2024-05-16,23.26,Dining
CUST04279,2022-10-30,84.81,Travel
CUST04279,2022-06-03,38.45,Clothing
CUST04279,2023-02-13,14.01,Dining
CUST04279,2025-04-06,8.37,Clothing
CUST04279,2022-04-28,26.58,Electronics
CUST04279,2023-10-01,124.58,Dining
CUST04279,2025-05-14,8.36,Travel
CUST04279,2025-03-21,17.84,Dining
CUST04279,2023-01-21,75.47,Travel
CUST04279,2022-05-09,191.03,Dining
CUST04279,2024-06-04,65.82,Clothing
CUST04279,2024-08-31,17.28,Travel
CUST04279,2024-11-12,152.89,Electronics
CUST04279,2023-01-31,10.85,Grocery
CUST04279,2024-11-29,51.19,Electronics
CUST04279,2022-11-23,7.08,Grocery
CUST04279,2023-01-20,119.86,Travel
CUST04279,2022-07-24,35.31,Grocery
CUST04279,2024-08-31,119.11,Clothing
CUST04279,2023-05-31,17.58,Travel
CUST04279,2022-04-13,206.15,Clothing
CUST04279,2022-02-15,75.07,Travel
CUST04279,2024-09-28,296.79,Electronics
CUST04279,2022-08-28,64.26,Dining
CUST04279,2025-04-04,59.6,Travel
CUST04279,2022-07-22,124.29,Electronics
CUST04279,2023-02-21,24.22,Dining
CUST04279,2024-02-08,7.82,Electronics
CUST04279,2025-07-20,32.76,Grocery
CUST04279,2025-01-02,90.73,Electronics
CUST04279,2023-02-25,80.68,Clothing
CUST04279,2022-02-08,70.76,Electronics
CUST04279,2023-09-29,16.83,Grocery
CUST04279,2023-05-05,11.99,Electronics
CUST04279,2021-09-25,22.81,Dining
CUST04279,2025-07-26,33.48,Travel
CUST04279,2024-06-17,75.83,Dining
CUST04279,2022-08-05,5.06,Grocery
CUST04279,2024-01-01,66.87,Dining
CUST04279,2023-04-22,19.53,Dining
CUST04279,2022-08-24,185.82,Clothing
CUST04279,2021-10-21,6.53,Electronics
CUST04279,2025-02-08,9.62,Dining
CUST04279,2022-11-06,129.82,Clothing
CUST04279,2023-09-05,156.49,Travel
CUST04279,2022-01-21,255.69,Dining
CUST04279,2022-11-25,142.85,Travel
CUST04279,2023-10-31,20.75,Electronics
CUST04279,2022-09-05,78.06,Travel
CUST04279,2022-04-03,286.69,Dining
CUST04279,2024-08-04,124.66,Dining
CUST04279,2021-11-07,63.98,Electronics
CUST04279,2022-12-04,101.97,Grocery
CUST04279,2025-01-15,10.64,Grocery
CUST04279,2025-03-28,154.36,Grocery
CUST04279,2025-02-19,32.16,Dining
CUST04279,2025-04-09,31.58,Clothing
CUST04279,2025-05-13,96.87,Dining
CUST04279,2022-06-17,55.97,Clothing
CUST04279,2023-01-27,55.28,Clothing
CUST04279,2022-11-18,36.94,Grocery
CUST04279,2022-01-20,99.09,Grocery
CUST04279,2021-10-25,51.14,Grocery
CUST04279,2021-11-06,43.26,Grocery
CUST04279,2023-08-31,160.69,Clothing
CUST04279,2024-08-06,105.6,Clothing
CUST04279,2022-07-03,25.82,Grocery
CUST04279,2025-05-13,16.13,Travel
CUST04279,2023-02-26,58.08,Travel
CUST04279,2022-05-21,148.69,Electronics
CUST04279,2023-02-03,93.08,Clothing
CUST04279,2022-08-03,37.31,Clothing
CUST04279,2021-10-27,53.17,Travel
CUST04279,2024-05-10,200.08,Clothing
CUST04279,2025-04-18,67.64,Electronics
CUST04279,2024-06-21,63.41,Clothing
CUST04279,2025-07-11,53.44,Grocery
CUST04279,2023-09-18,55.27,Grocery
CUST04279,2025-04-07,5.12,Electronics
CUST04279,2023-12-02,15.16,Grocery
CUST04279,2024-07-22,64.13,Electronics
CUST04279,2025-04-07,80.84,Electronics
CUST04279,2024-03-28,46.18,Grocery
CUST04279,2023-09-18,66.34,Electronics
CUST04280,2024-08-10,7.32,Grocery
CUST04280,2025-03-20,100.17,Grocery
CUST04280,2024-06-19,27.97,Electronics
CUST04280,2024-01-17,30.71,Grocery
CUST04280,2024-01-29,81.85,Grocery
CUST04280,2023-11-03,30.74,Dining
CUST04280,2024-04-13,79.61,Grocery
CUST04280,2024-06-24,324.63,Electronics
CUST04280,2025-07-26,26.39,Dining
CUST04280,2024-10-02,62.83,Travel
CUST04280,2025-01-29,42.21,Travel
CUST04280,2024-03-13,28.18,Grocery
CUST04280,2025-05-23,33.59,Travel
CUST04280,2025-06-28,109.58,Clothing
CUST04280,2024-06-09,6.64,Dining
CUST04280,2024-02-27,41.68,Clothing
CUST04280,2024-07-10,125.94,Clothing
CUST04280,2025-01-15,9.06,Travel
CUST04280,2024-07-03,97.16,Clothing
CUST04280,2024-08-27,109.09,Dining
CUST04280,2024-05-02,28.95,Clothing
CUST04280,2025-03-19,38.76,Clothing
CUST04280,2024-10-25,135.81,Dining
CUST04280,2025-06-12,156.19,Travel
CUST04280,2025-06-15,58.3,Clothing
CUST04280,2023-12-22,33.44,Travel
CUST04280,2024-01-08,148.41,Clothing
CUST04280,2024-01-13,83.41,Travel
CUST04280,2024-02-24,132.31,Travel
CUST04280,2024-08-28,48.72,Grocery
CUST04280,2023-10-20,158.99,Grocery
CUST04280,2025-06-27,84.02,Grocery
CUST04280,2024-10-31,5.08,Travel
CUST04280,2024-09-30,95.74,Clothing
CUST04280,2024-02-19,13.49,Dining
CUST04280,2024-09-06,77.44,Electronics
CUST04280,2023-12-26,92.47,Dining
CUST04280,2023-12-06,160.79,Electronics
CUST04280,2025-02-16,91.89,Dining
CUST04280,2024-12-25,12.88,Dining
CUST04280,2024-04-10,9.02,Electronics
CUST04280,2024-06-18,118.67,Grocery
CUST04280,2023-12-21,51.32,Travel
CUST04280,2023-11-02,33.28,Travel
CUST04280,2024-01-02,341.75,Electronics
CUST04280,2024-08-05,16.68,Grocery
CUST04280,2024-01-19,7.05,Dining
CUST04280,2024-09-21,148.46,Electronics
CUST04280,2024-08-02,100.66,Grocery
CUST04280,2024-09-25,15.14,Travel
CUST04280,2025-03-19,68.5,Grocery
CUST04280,2024-07-05,12.79,Travel
CUST04280,2024-11-18,47.31,Electronics
CUST04280,2024-01-13,36.33,Electronics
CUST04280,2024-03-30,53.38,Clothing
CUST04280,2024-07-27,13.78,Electronics
CUST04280,2024-10-01,38.38,Electronics
CUST04280,2023-12-17,114.41,Grocery
CUST04280,2025-07-10,23.26,Electronics
CUST04280,2024-11-25,7.58,Travel
CUST04280,2023-12-27,48.79,Grocery
CUST04280,2025-06-12,96.64,Clothing
CUST04280,2025-03-03,20.08,Electronics
CUST04280,2025-06-09,168.81,Dining
CUST04280,2024-01-14,23.42,Clothing
CUST04280,2024-04-10,29.83,Clothing
CUST04280,2023-10-29,17.01,Electronics
CUST04280,2024-02-28,191.59,Clothing
CUST04280,2024-06-03,22.39,Travel
CUST04280,2025-04-22,36.35,Electronics
CUST04280,2023-12-04,123.59,Dining
CUST04280,2024-01-09,33.48,Clothing
CUST04280,2025-02-22,143.79,Dining
CUST04280,2024-03-31,108.5,Dining
CUST04280,2024-04-20,38.36,Clothing
CUST04280,2024-01-22,24.3,Clothing
CUST04280,2024-04-12,34.3,Grocery
CUST04280,2025-05-16,62.25,Grocery
CUST04280,2023-12-05,97.37,Travel
CUST04280,2024-03-24,119.03,Electronics
CUST04280,2024-12-15,51.27,Clothing
CUST04280,2024-08-24,8.01,Clothing
CUST04280,2025-01-04,6.85,Clothing
CUST04280,2025-05-16,59.61,Grocery
CUST04280,2023-11-20,129.19,Electronics
CUST04280,2025-04-24,22.37,Clothing
CUST04280,2024-11-12,39.56,Clothing
CUST04280,2024-10-04,125.82,Travel
CUST04280,2024-11-24,113.67,Dining
CUST04280,2023-12-18,132.8,Dining
CUST04280,2025-06-02,61.5,Travel
CUST04280,2024-12-04,66.44,Travel
CUST04280,2024-01-05,78.73,Grocery
CUST04280,2024-07-20,62.4,Electronics
CUST04281,2023-01-24,41.54,Clothing
CUST04281,2023-10-25,39.53,Clothing
CUST04281,2024-06-21,142.64,Clothing
CUST04281,2023-04-23,28.9,Clothing
CUST04281,2024-04-27,243.71,Electronics
CUST04281,2022-08-24,22.56,Dining
CUST04281,2024-06-17,148.01,Dining
CUST04281,2025-07-24,43.12,Dining
CUST04281,2024-06-13,5.83,Grocery
CUST04281,2022-08-23,10.44,Dining
CUST04281,2024-10-26,30.21,Grocery
CUST04281,2024-09-09,49.77,Dining
CUST04281,2024-10-16,78.12,Travel
CUST04281,2024-01-11,19.89,Dining
CUST04281,2025-02-02,92.92,Electronics
CUST04281,2022-12-26,114.31,Travel
CUST04281,2023-01-03,49.75,Grocery
CUST04281,2023-03-11,226.21,Electronics
CUST04281,2023-09-14,58.63,Clothing
CUST04281,2023-08-31,28.77,Electronics
CUST04281,2025-03-20,98.47,Electronics
CUST04281,2024-02-09,65.95,Dining
CUST04281,2024-11-14,251.1,Clothing
CUST04281,2025-04-06,41.26,Grocery
CUST04281,2023-01-10,25.37,Dining
CUST04281,2025-03-02,142.64,Grocery
CUST04281,2024-04-22,18.43,Clothing
CUST04281,2025-01-06,109.82,Dining
CUST04281,2022-10-02,27.51,Dining
CUST04281,2024-03-25,17.55,Electronics
CUST04281,2025-05-14,44.31,Grocery
CUST04281,2024-01-18,107.52,Travel
CUST04281,2023-11-26,36.71,Dining
CUST04281,2024-04-15,84.76,Dining
CUST04281,2024-07-27,14.14,Clothing
CUST04281,2024-02-13,50.22,Dining
CUST04281,2023-03-31,59.46,Electronics
CUST04281,2024-06-23,27.01,Clothing
CUST04281,2025-07-30,25.78,Grocery
CUST04281,2024-12-15,78.1,Dining
CUST04281,2022-11-18,78.63,Electronics
CUST04281,2025-02-11,7.81,Clothing
CUST04281,2024-09-02,41.19,Electronics
CUST04281,2022-08-24,51.18,Grocery
CUST04281,2024-02-09,258.29,Dining
CUST04281,2023-07-01,10.97,Dining
CUST04281,2022-12-08,21.74,Electronics
CUST04281,2023-11-16,25.74,Dining
CUST04281,2023-06-04,8.38,Electronics
CUST04281,2023-03-27,395.25,Dining
CUST04281,2023-10-19,191.87,Grocery
CUST04281,2025-02-14,104.51,Travel
CUST04281,2024-01-19,20.65,Electronics
CUST04281,2024-12-11,13.9,Clothing
CUST04281,2023-02-05,10.63,Grocery
CUST04281,2024-04-03,97.29,Clothing
CUST04281,2023-01-26,93.18,Travel
CUST04281,2024-07-31,138.39,Clothing
CUST04281,2024-05-03,45.19,Electronics
CUST04281,2024-11-28,168.07,Grocery
CUST04281,2025-05-10,123.96,Electronics
CUST04281,2025-03-18,118.22,Travel
CUST04281,2023-03-08,23.05,Grocery
CUST04281,2024-09-19,77.59,Clothing
CUST04281,2025-05-28,105.55,Dining
CUST04281,2023-08-12,5.88,Clothing
CUST04281,2023-10-03,64.8,Dining
CUST04281,2024-02-06,87.85,Electronics
CUST04281,2022-08-19,251.78,Travel
CUST04281,2024-10-30,350.11,Clothing
CUST04281,2024-03-15,11.2,Clothing
CUST04281,2024-06-20,37.09,Travel
CUST04281,2025-01-01,29.35,Clothing
CUST04281,2022-10-05,21.44,Electronics
CUST04281,2024-08-19,43.06,Grocery
CUST04281,2024-08-15,9.62,Travel
CUST04281,2024-05-02,56.48,Electronics
CUST04281,2025-05-11,32.58,Clothing
CUST04281,2023-11-30,60.81,Travel
CUST04281,2025-03-08,65.5,Grocery
CUST04281,2025-07-08,58.04,Electronics
CUST04281,2023-10-13,46.81,Clothing
CUST04281,2023-06-13,14.16,Clothing
CUST04281,2025-06-22,238.38,Dining
CUST04281,2025-06-18,15.63,Clothing
CUST04281,2024-03-07,8.67,Grocery
CUST04282,2024-10-01,110.23,Grocery
CUST04282,2024-06-17,52.19,Clothing
CUST04282,2024-12-14,47.44,Electronics
CUST04282,2023-03-18,21.48,Electronics
CUST04282,2023-07-02,78.61,Electronics
CUST04282,2023-03-05,23.67,Grocery
CUST04282,2023-01-04,138.53,Travel
CUST04282,2024-01-30,142.9,Grocery
CUST04282,2024-09-27,45.64,Grocery
CUST04282,2024-05-25,127.09,Travel
CUST04282,2024-04-07,103.61,Clothing
CUST04282,2025-03-01,87.63,Clothing
CUST04282,2023-03-27,76.45,Travel
CUST04282,2025-05-23,153.61,Dining
CUST04282,2023-10-21,82.47,Clothing
CUST04282,2025-04-19,47.14,Grocery
CUST04282,2025-01-15,79.25,Travel
CUST04282,2023-10-28,8.54,Travel
CUST04282,2023-02-04,22.42,Grocery
CUST04282,2023-12-10,127.4,Clothing
CUST04282,2023-07-10,153.11,Grocery
CUST04282,2022-12-01,205.27,Travel
CUST04282,2023-11-27,57.45,Dining
CUST04282,2025-03-16,75.48,Grocery
CUST04282,2023-10-24,288.91,Grocery
CUST04282,2024-04-28,51.16,Dining
CUST04282,2023-08-09,78.83,Grocery
CUST04282,2024-08-20,60.17,Clothing
CUST04282,2023-08-05,201.29,Travel
CUST04282,2024-09-11,131.73,Travel
CUST04282,2024-11-02,37.7,Clothing
CUST04282,2025-03-06,133.5,Clothing
CUST04282,2023-02-19,47.51,Dining
CUST04282,2024-07-07,143.52,Grocery
CUST04282,2024-01-06,410.8,Electronics
CUST04282,2023-08-13,110.92,Travel
CUST04282,2025-04-08,101.4,Dining
CUST04282,2025-03-25,90.11,Electronics
CUST04282,2023-05-14,118.43,Dining
CUST04282,2024-01-09,278.66,Electronics
CUST04282,2023-11-14,114.04,Grocery
CUST04282,2024-11-12,37.02,Clothing
CUST04282,2024-01-14,30.8,Grocery
CUST04282,2024-05-25,5.93,Clothing
CUST04282,2023-04-04,260.81,Travel
CUST04282,2025-03-16,90.02,Dining
CUST04282,2024-06-02,108.8,Dining
CUST04282,2024-01-07,32.34,Grocery
CUST04282,2025-01-22,127.4,Travel
CUST04282,2024-04-14,5.7,Electronics
CUST04282,2023-12-01,44.5,Dining
CUST04282,2023-07-03,103.81,Electronics
CUST04282,2023-08-12,58.27,Electronics
CUST04282,2025-03-07,12.84,Dining
CUST04282,2024-10-15,57.39,Clothing
CUST04282,2023-08-30,154.63,Dining
CUST04282,2023-06-12,85.28,Clothing
CUST04282,2023-06-09,61.37,Electronics
CUST04282,2023-05-29,23.14,Grocery
CUST04282,2023-07-20,91.97,Electronics
CUST04282,2023-08-12,77.74,Grocery
CUST04282,2025-03-03,26.09,Travel
CUST04282,2023-08-06,134.0,Grocery
CUST04282,2024-09-13,12.31,Travel
CUST04282,2023-02-20,19.54,Travel
CUST04282,2024-06-08,56.9,Electronics
CUST04282,2023-08-16,68.23,Electronics
CUST04282,2025-04-30,39.21,Electronics
CUST04282,2023-08-13,5.81,Travel
CUST04282,2024-04-03,71.37,Travel
CUST04282,2024-04-21,164.49,Electronics
CUST04282,2023-11-30,69.45,Clothing
CUST04282,2023-04-24,150.27,Clothing
CUST04282,2024-11-05,99.09,Electronics
CUST04282,2024-12-22,25.2,Electronics
CUST04282,2023-02-21,222.95,Travel
CUST04282,2024-09-09,37.99,Electronics
CUST04282,2024-09-19,54.59,Clothing
CUST04282,2024-01-14,14.87,Clothing
CUST04282,2023-10-24,19.15,Clothing
CUST04282,2023-11-07,57.0,Electronics
CUST04282,2024-02-08,18.65,Grocery
CUST04282,2025-03-03,128.03,Dining
CUST04282,2022-11-27,87.05,Electronics
CUST04282,2023-05-08,69.44,Dining
CUST04282,2024-01-26,205.47,Grocery
CUST04282,2023-02-02,28.06,Grocery
CUST04282,2024-07-07,64.5,Electronics
CUST04282,2025-04-25,11.26,Grocery
CUST04282,2022-11-25,13.57,Grocery
CUST04282,2024-05-26,26.22,Grocery
CUST04282,2025-01-15,12.14,Grocery
CUST04282,2024-03-15,7.12,Travel
CUST04282,2024-11-24,39.8,Electronics
CUST04282,2023-11-23,113.41,Clothing
CUST04282,2023-12-24,84.47,Grocery
CUST04282,2024-07-24,62.27,Electronics
CUST04282,2023-07-06,331.55,Grocery
CUST04282,2024-10-15,67.29,Dining
CUST04282,2022-12-31,131.85,Travel
CUST04282,2024-08-03,91.8,Clothing
CUST04282,2023-09-01,30.24,Grocery
CUST04283,2022-05-21,78.66,Dining
CUST04283,2024-06-07,35.8,Electronics
CUST04283,2022-01-05,149.78,Travel
CUST04283,2021-06-08,55.45,Grocery
CUST04283,2025-05-06,12.89,Electronics
CUST04283,2024-12-13,318.28,Electronics
CUST04283,2022-09-19,18.66,Travel
CUST04283,2021-06-04,16.6,Travel
CUST04283,2025-07-17,39.2,Electronics
CUST04283,2024-01-22,84.51,Electronics
CUST04283,2021-07-24,51.15,Travel
CUST04283,2025-06-04,16.24,Electronics
CUST04283,2021-02-23,164.88,Dining
CUST04283,2024-02-10,33.66,Dining
CUST04283,2024-03-25,49.8,Dining
CUST04283,2022-09-30,41.3,Travel
CUST04283,2021-09-05,6.54,Dining
CUST04283,2024-05-29,106.35,Dining
CUST04283,2024-02-08,54.21,Clothing
CUST04283,2022-01-25,42.41,Dining
CUST04283,2024-03-14,122.1,Dining
CUST04283,2024-11-09,20.26,Travel
CUST04283,2024-10-16,29.01,Travel
CUST04283,2022-07-16,238.86,Travel
CUST04283,2022-04-20,35.09,Dining
CUST04283,2022-06-19,15.46,Electronics
CUST04283,2024-04-25,16.56,Grocery
CUST04283,2021-06-23,145.85,Dining
CUST04283,2023-09-12,22.07,Travel
CUST04283,2022-05-01,103.38,Dining
CUST04283,2025-05-11,66.87,Dining
CUST04283,2024-06-27,43.28,Grocery
CUST04283,2023-10-16,186.61,Travel
CUST04283,2022-04-05,128.71,Clothing
CUST04283,2022-12-16,61.02,Electronics
CUST04283,2021-05-04,262.43,Electronics
CUST04283,2021-08-21,23.54,Dining
CUST04283,2021-06-24,27.8,Travel
CUST04283,2024-12-01,132.12,Grocery
CUST04283,2025-05-08,21.56,Travel
CUST04283,2025-04-21,6.53,Dining
CUST04283,2022-09-09,8.93,Electronics
CUST04283,2023-02-22,32.53,Dining
CUST04283,2024-08-28,36.52,Travel
CUST04283,2022-11-05,105.52,Grocery
CUST04283,2023-01-07,108.43,Grocery
CUST04283,2024-07-23,431.63,Dining
CUST04283,2024-09-26,61.48,Travel
CUST04283,2022-10-09,34.56,Grocery
CUST04283,2025-06-28,172.23,Clothing
CUST04283,2021-05-23,47.1,Grocery
CUST04283,2023-06-24,75.89,Travel
CUST04283,2022-03-04,54.4,Electronics
CUST04283,2021-07-21,122.71,Travel
CUST04283,2021-12-30,36.3,Electronics
CUST04283,2024-06-27,27.77,Electronics
CUST04283,2025-08-01,235.61,Clothing
CUST04283,2024-11-28,54.26,Travel
CUST04283,2024-02-25,26.96,Grocery
CUST04283,2023-12-06,514.24,Grocery
CUST04283,2021-04-20,87.49,Travel
CUST04283,2024-08-17,8.66,Electronics
CUST04283,2022-10-22,96.82,Clothing
CUST04283,2023-01-06,132.25,Dining
CUST04283,2025-03-29,36.52,Dining
CUST04283,2023-12-18,17.88,Dining
CUST04283,2025-02-14,174.85,Dining
CUST04283,2023-11-08,85.28,Travel
CUST04283,2022-02-02,52.05,Travel
CUST04283,2021-08-09,97.35,Clothing
CUST04283,2022-12-08,99.46,Grocery
CUST04283,2025-06-12,107.93,Grocery
CUST04283,2024-02-21,259.37,Grocery
CUST04283,2022-10-23,78.77,Grocery
CUST04283,2022-01-14,51.87,Travel
CUST04283,2022-12-08,166.36,Clothing
CUST04283,2024-06-19,25.39,Dining
CUST04283,2025-04-22,34.41,Dining
CUST04283,2025-06-26,7.32,Electronics
CUST04283,2022-05-25,52.13,Travel
CUST04283,2023-09-06,220.71,Dining
CUST04283,2025-02-08,33.99,Grocery
CUST04283,2022-05-09,213.59,Clothing
CUST04283,2025-04-09,23.89,Travel
CUST04283,2024-12-18,24.65,Grocery
CUST04283,2023-10-22,22.0,Travel
CUST04283,2021-06-22,49.76,Travel
CUST04283,2021-04-04,89.71,Clothing
CUST04283,2025-01-03,222.03,Clothing
CUST04283,2021-11-04,194.36,Grocery
CUST04283,2021-09-11,122.71,Dining
CUST04283,2024-09-15,96.37,Travel
CUST04283,2022-05-05,99.86,Travel
CUST04283,2025-01-16,20.5,Electronics
CUST04283,2025-02-11,390.9,Grocery
CUST04283,2022-10-16,98.38,Dining
CUST04283,2025-01-28,44.68,Grocery
CUST04283,2021-05-29,26.87,Dining
CUST04283,2023-01-11,7.22,Electronics
CUST04283,2021-03-15,43.76,Clothing
CUST04283,2023-08-29,57.97,Clothing
CUST04283,2023-04-25,83.47,Travel
CUST04283,2024-01-04,184.79,Grocery
CUST04283,2023-03-09,207.87,Dining
CUST04284,2025-06-13,108.58,Electronics
CUST04284,2025-05-26,115.31,Dining
CUST04284,2025-06-12,41.59,Dining
CUST04284,2025-06-21,13.25,Dining
CUST04284,2025-06-27,65.79,Electronics
CUST04284,2025-07-28,14.9,Grocery
CUST04284,2025-06-04,175.82,Clothing
CUST04284,2025-05-30,128.87,Dining
CUST04284,2025-06-19,42.65,Grocery
CUST04284,2025-07-16,7.07,Clothing
CUST04284,2025-06-02,168.58,Electronics
CUST04284,2025-06-23,27.08,Clothing
CUST04284,2025-07-06,58.52,Travel
CUST04284,2025-05-29,158.31,Clothing
CUST04284,2025-06-16,9.29,Travel
CUST04284,2025-07-25,20.41,Travel
CUST04284,2025-07-17,9.8,Clothing
CUST04284,2025-07-22,61.94,Travel
CUST04284,2025-06-22,8.7,Electronics
CUST04284,2025-05-31,136.63,Travel
CUST04284,2025-06-09,14.02,Grocery
CUST04284,2025-06-17,47.06,Clothing
CUST04284,2025-05-25,118.63,Grocery
CUST04284,2025-07-12,37.83,Grocery
CUST04284,2025-07-17,71.22,Travel
CUST04284,2025-07-19,20.13,Dining
CUST04284,2025-06-29,81.61,Dining
CUST04284,2025-07-05,14.21,Dining
CUST04284,2025-06-03,73.18,Dining
CUST04284,2025-05-24,41.96,Electronics
CUST04284,2025-05-30,15.2,Dining
CUST04284,2025-07-23,86.73,Dining
CUST04284,2025-06-17,54.95,Electronics
CUST04284,2025-06-12,178.36,Grocery
CUST04284,2025-05-29,99.36,Grocery
CUST04284,2025-05-25,28.49,Dining
CUST04284,2025-06-15,48.82,Clothing
CUST04284,2025-06-07,160.56,Dining
CUST04284,2025-06-08,130.35,Grocery
CUST04284,2025-07-04,61.11,Grocery
CUST04284,2025-07-01,101.52,Travel
CUST04284,2025-06-24,5.59,Clothing
CUST04284,2025-06-19,12.86,Electronics
CUST04284,2025-07-19,289.02,Dining
CUST04284,2025-06-27,39.81,Travel
CUST04284,2025-07-18,46.66,Travel
CUST04284,2025-07-16,437.5,Electronics
CUST04284,2025-06-08,152.01,Clothing
CUST04284,2025-06-07,149.91,Travel
CUST04284,2025-06-24,150.67,Grocery
CUST04284,2025-07-17,96.4,Clothing
CUST04284,2025-07-02,11.91,Dining
CUST04284,2025-07-03,75.82,Travel
CUST04284,2025-06-18,105.95,Travel
CUST04284,2025-05-24,49.08,Travel
CUST04284,2025-06-02,81.42,Travel
CUST04284,2025-06-26,17.8,Grocery
CUST04284,2025-06-07,398.93,Grocery
CUST04284,2025-06-05,58.24,Travel
CUST04284,2025-07-19,58.05,Clothing
CUST04284,2025-06-30,119.92,Electronics
CUST04284,2025-06-11,129.4,Travel
CUST04284,2025-07-28,75.63,Dining
CUST04284,2025-06-18,164.59,Grocery
CUST04284,2025-07-05,209.91,Dining
CUST04284,2025-06-12,51.17,Grocery
CUST04284,2025-06-15,248.14,Electronics
CUST04284,2025-06-09,24.03,Travel
CUST04284,2025-07-25,101.61,Grocery
CUST04284,2025-06-01,152.86,Clothing
CUST04284,2025-07-13,105.92,Dining
CUST04284,2025-06-07,79.8,Travel
CUST04284,2025-07-07,200.09,Clothing
CUST04284,2025-07-10,11.9,Grocery
CUST04284,2025-06-18,31.06,Travel
CUST04284,2025-06-12,9.16,Clothing
CUST04284,2025-06-25,124.19,Electronics
CUST04284,2025-07-24,122.47,Travel
CUST04284,2025-06-27,103.17,Grocery
CUST04284,2025-07-25,15.28,Travel
CUST04284,2025-07-01,32.22,Clothing
CUST04284,2025-07-26,72.95,Travel
CUST04284,2025-06-07,66.5,Clothing
CUST04284,2025-07-29,39.2,Grocery
CUST04284,2025-05-28,129.11,Electronics
CUST04284,2025-07-17,102.1,Clothing
CUST04284,2025-07-08,32.43,Travel
CUST04284,2025-07-03,15.23,Dining
CUST04284,2025-06-24,209.51,Clothing
CUST04284,2025-06-30,5.88,Clothing
CUST04284,2025-06-06,40.52,Grocery
CUST04284,2025-07-29,403.31,Travel
CUST04284,2025-07-12,29.13,Electronics
CUST04284,2025-06-14,53.3,Electronics
CUST04284,2025-07-27,5.34,Electronics
CUST04284,2025-05-30,74.57,Dining
CUST04284,2025-07-31,118.35,Electronics
CUST04284,2025-05-24,42.9,Travel
CUST04284,2025-07-08,20.25,Travel
CUST04284,2025-06-14,41.94,Grocery
CUST04284,2025-05-31,6.56,Grocery
CUST04284,2025-08-01,132.28,Travel
CUST04284,2025-06-16,298.04,Grocery
CUST04284,2025-06-25,13.13,Travel
CUST04284,2025-07-30,32.29,Clothing
CUST04284,2025-06-25,62.84,Electronics
CUST04284,2025-07-14,318.37,Electronics
CUST04284,2025-06-03,142.07,Dining
CUST04284,2025-05-30,125.93,Grocery
CUST04284,2025-07-23,12.54,Grocery
CUST04284,2025-07-14,7.52,Dining
CUST04284,2025-07-03,110.33,Travel
CUST04284,2025-06-22,33.62,Electronics
CUST04284,2025-06-26,11.15,Electronics
CUST04284,2025-06-03,142.55,Grocery
CUST04284,2025-07-15,23.19,Clothing
CUST04284,2025-05-24,24.4,Grocery
CUST04284,2025-07-24,47.8,Travel
CUST04284,2025-07-11,10.22,Electronics
CUST04284,2025-07-02,276.88,Grocery
CUST04285,2023-04-21,8.0,Grocery
CUST04285,2023-11-06,65.15,Grocery
CUST04285,2024-12-16,139.65,Travel
CUST04285,2024-02-10,43.1,Dining
CUST04285,2022-12-28,221.6,Clothing
CUST04285,2022-12-15,55.68,Dining
CUST04285,2023-01-09,39.13,Grocery
CUST04285,2024-03-03,11.32,Dining
CUST04285,2024-05-14,147.1,Clothing
CUST04285,2024-05-16,65.9,Electronics
CUST04285,2024-01-11,319.65,Travel
CUST04285,2022-12-20,30.85,Grocery
CUST04285,2023-02-16,266.39,Travel
CUST04285,2025-05-13,42.18,Clothing
CUST04285,2023-08-30,315.02,Grocery
CUST04285,2023-07-10,16.37,Travel
CUST04285,2023-11-15,72.94,Dining
CUST04285,2023-07-25,30.67,Grocery
CUST04285,2022-10-25,184.05,Electronics
CUST04285,2023-09-06,26.92,Clothing
CUST04285,2023-09-04,118.91,Dining
CUST04285,2025-03-02,122.66,Clothing
CUST04285,2022-12-09,117.15,Dining
CUST04285,2022-12-02,32.5,Travel
CUST04285,2023-08-05,60.93,Dining
CUST04285,2024-12-02,118.03,Clothing
CUST04285,2023-09-16,30.14,Dining
CUST04285,2025-06-20,39.49,Clothing
CUST04285,2025-05-04,227.11,Electronics
CUST04285,2023-01-17,59.16,Travel
CUST04285,2025-05-11,202.01,Grocery
CUST04285,2024-04-04,64.8,Electronics
CUST04285,2024-11-22,270.57,Travel
CUST04285,2023-09-01,81.37,Dining
CUST04285,2023-11-29,346.81,Electronics
CUST04285,2025-01-15,13.97,Travel
CUST04285,2023-09-09,61.79,Clothing
CUST04285,2023-12-09,90.13,Grocery
CUST04285,2024-11-02,17.55,Electronics
CUST04285,2024-01-01,60.2,Travel
CUST04285,2024-09-02,37.77,Electronics
CUST04285,2023-12-12,115.17,Dining
CUST04285,2025-07-04,338.63,Travel
CUST04285,2023-11-26,48.38,Clothing
CUST04285,2024-02-01,57.79,Electronics
CUST04285,2022-09-27,7.36,Travel
CUST04285,2023-12-21,62.22,Travel
CUST04285,2023-06-27,65.93,Clothing
CUST04285,2025-06-15,236.78,Clothing
CUST04285,2022-11-16,59.11,Travel
CUST04285,2024-03-27,43.45,Electronics
CUST04285,2023-03-05,105.46,Travel
CUST04285,2024-10-27,102.86,Dining
CUST04285,2023-10-24,69.66,Grocery
CUST04285,2024-07-09,96.72,Clothing
CUST04285,2024-06-15,110.14,Travel
CUST04285,2024-06-01,220.82,Clothing
CUST04285,2025-04-07,25.48,Electronics
CUST04285,2023-04-17,99.09,Travel
CUST04285,2022-11-24,15.18,Electronics
CUST04285,2023-08-31,17.71,Electronics
CUST04285,2023-08-18,237.06,Travel
CUST04285,2024-09-09,58.92,Clothing
CUST04285,2024-01-09,54.06,Clothing
CUST04285,2023-01-23,63.28,Electronics
CUST04285,2024-07-27,94.89,Electronics
CUST04285,2024-06-11,95.96,Clothing
CUST04285,2023-12-13,53.72,Grocery
CUST04285,2024-06-09,47.39,Electronics
CUST04285,2022-11-03,15.31,Dining
CUST04285,2023-10-08,124.7,Clothing
CUST04285,2025-05-03,118.83,Grocery
CUST04285,2025-03-23,121.49,Grocery
CUST04285,2025-05-19,116.49,Clothing
CUST04285,2024-07-12,32.1,Electronics
CUST04285,2023-01-28,106.38,Travel
CUST04285,2024-04-17,24.24,Travel
CUST04285,2022-12-01,83.85,Clothing
CUST04285,2025-06-22,153.06,Grocery
CUST04285,2023-01-18,286.41,Grocery
CUST04285,2023-06-03,25.21,Travel
CUST04285,2024-02-28,112.59,Grocery
CUST04285,2025-03-23,6.6,Electronics
CUST04285,2023-08-14,137.84,Grocery
CUST04285,2023-12-22,105.0,Dining
CUST04285,2023-03-24,55.93,Grocery
CUST04285,2024-10-01,171.06,Dining
CUST04285,2023-12-21,80.6,Grocery
CUST04285,2024-02-21,173.99,Grocery
CUST04285,2023-12-06,5.59,Travel
CUST04285,2023-09-07,33.25,Clothing
CUST04285,2023-12-04,54.96,Electronics
CUST04285,2025-01-09,19.89,Grocery
CUST04285,2023-01-15,95.18,Grocery
CUST04285,2023-10-22,147.15,Electronics
CUST04285,2023-03-01,12.7,Dining
CUST04285,2024-06-18,40.53,Electronics
CUST04285,2025-05-21,484.97,Electronics
CUST04285,2024-02-26,40.36,Grocery
CUST04285,2024-12-19,117.41,Travel
CUST04285,2025-07-18,160.86,Electronics
CUST04285,2024-03-02,77.49,Dining
CUST04285,2024-05-21,11.77,Grocery
CUST04286,2025-04-17,28.82,Clothing
CUST04286,2025-05-03,81.09,Grocery
CUST04286,2025-07-17,49.98,Grocery
CUST04286,2025-04-22,86.81,Clothing
CUST04286,2025-07-19,251.41,Electronics
CUST04286,2025-03-26,62.23,Electronics
CUST04286,2025-03-24,114.88,Travel
CUST04286,2025-04-27,93.03,Clothing
CUST04286,2025-05-22,17.82,Electronics
CUST04286,2025-03-13,45.6,Grocery
CUST04286,2025-04-28,79.32,Grocery
CUST04286,2025-05-14,26.84,Clothing
CUST04286,2025-06-29,20.77,Dining
CUST04286,2025-05-26,57.27,Electronics
CUST04286,2025-07-27,30.66,Clothing
CUST04286,2025-07-23,23.47,Dining
CUST04286,2025-04-09,152.63,Dining
CUST04286,2025-07-20,193.42,Clothing
CUST04286,2025-03-01,214.74,Clothing
CUST04286,2025-05-10,64.77,Dining
CUST04286,2025-03-11,44.95,Clothing
CUST04286,2025-06-06,25.65,Grocery
CUST04286,2025-04-27,6.64,Dining
CUST04286,2025-03-13,68.32,Grocery
CUST04286,2025-06-29,80.71,Electronics
CUST04286,2025-07-05,22.53,Electronics
CUST04286,2025-05-28,332.39,Clothing
CUST04286,2025-05-16,21.14,Travel
CUST04286,2025-06-09,56.2,Travel
CUST04286,2025-06-18,31.27,Clothing
CUST04286,2025-03-13,52.32,Travel
CUST04286,2025-07-20,88.11,Travel
CUST04286,2025-07-30,8.99,Clothing
CUST04286,2025-07-17,22.67,Electronics
CUST04286,2025-07-19,8.73,Grocery
CUST04286,2025-05-30,10.54,Grocery
CUST04286,2025-04-16,66.72,Travel
CUST04286,2025-06-16,40.81,Travel
CUST04286,2025-04-02,63.47,Electronics
CUST04286,2025-05-20,101.53,Electronics
CUST04286,2025-05-10,37.55,Grocery
CUST04286,2025-04-24,106.17,Electronics
CUST04286,2025-05-25,187.67,Electronics
CUST04286,2025-07-11,20.22,Dining
CUST04286,2025-07-24,37.05,Dining
CUST04286,2025-05-07,120.25,Dining
CUST04286,2025-04-16,442.2,Clothing
CUST04286,2025-07-24,84.93,Dining
CUST04286,2025-06-17,143.6,Travel
CUST04286,2025-06-09,103.34,Dining
CUST04286,2025-03-14,22.43,Clothing
CUST04286,2025-04-21,19.99,Grocery
CUST04286,2025-06-16,88.75,Travel
CUST04286,2025-06-10,174.64,Electronics
CUST04286,2025-03-10,6.29,Electronics
CUST04286,2025-07-10,13.07,Grocery
CUST04286,2025-05-02,253.24,Dining
CUST04286,2025-06-25,43.11,Clothing
CUST04286,2025-07-01,31.14,Electronics
CUST04286,2025-06-29,27.65,Electronics
CUST04286,2025-05-12,339.76,Grocery
CUST04286,2025-07-28,27.03,Electronics
CUST04286,2025-03-20,11.61,Dining
CUST04286,2025-04-08,162.31,Dining
CUST04286,2025-04-10,91.47,Electronics
CUST04286,2025-03-17,378.45,Electronics
CUST04286,2025-03-28,99.14,Dining
CUST04286,2025-05-16,18.06,Clothing
CUST04286,2025-04-18,66.71,Clothing
CUST04286,2025-04-26,90.38,Electronics
CUST04286,2025-05-03,79.3,Travel
CUST04286,2025-04-03,74.26,Travel
CUST04286,2025-07-08,42.7,Grocery
CUST04286,2025-03-27,304.34,Electronics
CUST04286,2025-04-16,372.62,Travel
CUST04286,2025-07-02,11.45,Dining
CUST04286,2025-05-15,24.89,Travel
CUST04286,2025-06-26,66.03,Electronics
CUST04286,2025-03-23,143.68,Electronics
CUST04286,2025-05-27,30.54,Clothing
CUST04286,2025-04-14,43.89,Dining
CUST04286,2025-04-09,5.44,Travel
CUST04286,2025-05-19,136.24,Travel
CUST04286,2025-06-11,61.86,Travel
CUST04286,2025-04-02,169.08,Electronics
CUST04286,2025-03-09,52.26,Electronics
CUST04286,2025-06-19,60.65,Travel
CUST04286,2025-07-02,67.05,Dining
CUST04287,2025-05-18,117.6,Dining
CUST04287,2024-05-11,27.44,Dining
CUST04287,2023-06-21,326.99,Dining
CUST04287,2025-01-09,35.18,Travel
CUST04287,2024-03-09,93.82,Grocery
CUST04287,2024-05-09,49.88,Electronics
CUST04287,2024-06-07,35.61,Travel
CUST04287,2024-07-30,11.62,Travel
CUST04287,2025-06-19,6.91,Grocery
CUST04287,2025-05-05,14.03,Clothing
CUST04287,2025-06-02,131.64,Clothing
CUST04287,2024-05-05,50.58,Clothing
CUST04287,2024-05-07,102.42,Dining
CUST04287,2024-10-24,94.52,Grocery
CUST04287,2024-11-23,73.74,Grocery
CUST04287,2025-02-05,61.68,Electronics
CUST04287,2023-08-07,222.68,Grocery
CUST04287,2023-08-23,25.49,Grocery
CUST04287,2023-09-16,215.67,Electronics
CUST04287,2024-11-25,70.82,Clothing
CUST04287,2025-01-19,11.04,Grocery
CUST04287,2023-07-15,42.74,Electronics
CUST04287,2024-03-05,8.04,Electronics
CUST04287,2024-01-11,108.45,Travel
CUST04287,2023-09-03,139.25,Travel
CUST04287,2025-06-30,16.61,Travel
CUST04287,2025-06-16,103.67,Clothing
CUST04287,2024-10-04,90.16,Dining
CUST04287,2024-03-23,107.23,Clothing
CUST04287,2025-02-18,322.78,Grocery
CUST04287,2024-10-05,206.2,Travel
CUST04287,2025-07-14,33.36,Electronics
CUST04287,2025-03-05,64.69,Grocery
CUST04287,2023-08-07,124.85,Travel
CUST04287,2023-08-11,27.07,Travel
CUST04287,2025-02-24,36.3,Travel
CUST04287,2024-05-18,91.79,Grocery
CUST04287,2024-01-15,204.03,Electronics
CUST04287,2024-11-06,111.11,Travel
CUST04287,2023-10-11,9.15,Dining
CUST04287,2023-10-24,146.71,Travel
CUST04287,2023-10-07,225.39,Electronics
CUST04287,2025-01-09,141.15,Travel
CUST04287,2024-03-31,48.97,Clothing
CUST04287,2023-06-10,46.43,Travel
CUST04287,2024-02-22,232.16,Clothing
CUST04287,2025-01-26,91.59,Dining
CUST04287,2024-04-21,18.38,Clothing
CUST04287,2025-05-10,28.82,Travel
CUST04287,2024-10-07,76.31,Grocery
CUST04287,2024-11-17,58.0,Dining
CUST04287,2025-07-23,39.15,Travel
CUST04287,2024-08-05,52.35,Travel
CUST04287,2024-02-16,75.42,Travel
CUST04287,2024-07-12,7.56,Clothing
CUST04287,2024-08-13,20.65,Grocery
CUST04287,2024-10-17,70.54,Electronics
CUST04287,2025-03-31,119.26,Electronics
CUST04287,2023-09-24,33.55,Dining
CUST04287,2024-05-03,27.15,Dining
CUST04287,2024-12-21,97.55,Dining
CUST04287,2024-03-08,61.73,Dining
CUST04287,2024-06-13,58.83,Dining
CUST04287,2024-09-04,182.72,Dining
CUST04287,2023-11-29,222.8,Travel
CUST04287,2023-06-25,110.81,Dining
CUST04287,2024-09-06,177.27,Travel
CUST04287,2025-02-20,18.09,Travel
CUST04287,2024-11-11,52.61,Dining
CUST04287,2025-03-24,58.91,Grocery
CUST04287,2023-07-22,79.75,Clothing
CUST04287,2023-10-03,39.47,Travel
CUST04287,2025-03-11,29.56,Electronics
CUST04287,2024-09-28,69.81,Travel
CUST04287,2023-08-31,81.31,Dining
CUST04287,2025-02-16,22.96,Electronics
CUST04287,2023-08-03,85.78,Grocery
CUST04287,2024-07-16,31.91,Clothing
CUST04287,2024-06-10,19.54,Clothing
CUST04287,2025-05-12,153.23,Travel
CUST04287,2024-12-20,16.46,Clothing
CUST04287,2023-12-28,9.49,Grocery
CUST04287,2025-02-03,145.81,Grocery
CUST04287,2023-11-26,96.45,Travel
CUST04287,2023-06-24,32.46,Electronics
CUST04287,2024-07-17,57.79,Electronics
CUST04287,2024-05-02,26.3,Travel
CUST04287,2025-03-18,22.8,Travel
CUST04287,2024-10-31,141.28,Clothing
CUST04287,2023-11-30,5.32,Dining
CUST04287,2023-06-12,37.0,Electronics
CUST04287,2024-04-01,20.12,Electronics
CUST04287,2023-11-23,165.48,Dining
CUST04287,2024-04-27,103.83,Dining
CUST04287,2025-03-01,51.34,Electronics
CUST04287,2025-01-09,172.75,Travel
CUST04287,2023-06-06,70.49,Dining
CUST04287,2023-11-14,129.2,Grocery
CUST04288,2025-05-14,7.06,Travel
CUST04288,2025-05-29,27.72,Grocery
CUST04288,2025-02-17,67.47,Dining
CUST04288,2025-04-20,73.95,Grocery
CUST04288,2025-04-16,78.06,Dining
CUST04288,2025-06-05,165.58,Grocery
CUST04288,2025-05-05,156.4,Electronics
CUST04288,2025-07-27,79.58,Electronics
CUST04288,2025-04-11,20.26,Dining
CUST04288,2025-04-18,173.82,Electronics
CUST04288,2025-06-30,33.19,Travel
CUST04288,2025-07-19,11.03,Dining
CUST04288,2025-07-23,165.33,Clothing
CUST04288,2025-03-11,7.83,Travel
CUST04288,2025-04-26,383.7,Electronics
CUST04288,2025-07-17,13.7,Dining
CUST04288,2025-02-25,45.42,Grocery
CUST04288,2025-04-26,100.64,Dining
CUST04288,2025-07-24,322.83,Dining
CUST04288,2025-04-23,34.91,Grocery
CUST04288,2025-03-03,27.02,Dining
CUST04288,2025-05-03,299.17,Dining
CUST04288,2025-02-23,105.69,Electronics
CUST04288,2025-07-01,11.91,Electronics
CUST04288,2025-04-04,126.18,Electronics
CUST04288,2025-06-25,13.58,Electronics
CUST04288,2025-07-27,18.31,Travel
CUST04288,2025-03-05,42.06,Clothing
CUST04288,2025-03-04,62.64,Dining
CUST04288,2025-07-09,43.5,Electronics
CUST04288,2025-03-13,125.92,Clothing
CUST04288,2025-06-06,25.46,Clothing
CUST04288,2025-06-25,64.76,Grocery
CUST04288,2025-04-11,95.47,Travel
CUST04288,2025-03-14,16.06,Grocery
CUST04288,2025-05-16,100.05,Travel
CUST04288,2025-03-21,10.35,Electronics
CUST04288,2025-06-12,57.72,Electronics
CUST04288,2025-06-18,76.98,Travel
CUST04288,2025-05-05,40.27,Electronics
CUST04288,2025-03-25,334.73,Travel
CUST04288,2025-07-30,68.39,Clothing
CUST04288,2025-07-23,54.21,Electronics
CUST04288,2025-03-13,44.53,Dining
CUST04288,2025-07-13,28.48,Electronics
CUST04288,2025-04-08,29.07,Travel
CUST04288,2025-05-16,33.69,Dining
CUST04288,2025-04-29,75.34,Electronics
CUST04288,2025-05-15,61.09,Grocery
CUST04288,2025-05-28,96.21,Electronics
CUST04288,2025-04-28,56.6,Electronics
CUST04288,2025-06-28,132.61,Dining
CUST04288,2025-04-19,61.1,Travel
CUST04288,2025-05-14,86.91,Travel
CUST04288,2025-07-29,83.41,Dining
CUST04288,2025-06-23,163.87,Grocery
CUST04288,2025-03-18,41.04,Dining
CUST04288,2025-05-18,52.8,Grocery
CUST04288,2025-02-28,84.66,Grocery
CUST04288,2025-04-05,162.54,Dining
CUST04288,2025-07-15,78.68,Dining
CUST04288,2025-07-21,43.07,Clothing
CUST04288,2025-04-05,178.1,Electronics
CUST04288,2025-04-25,270.92,Clothing
CUST04288,2025-07-31,5.58,Grocery
CUST04288,2025-05-03,42.84,Electronics
CUST04288,2025-06-26,21.26,Grocery
CUST04288,2025-03-14,77.21,Travel
CUST04288,2025-07-12,79.55,Clothing
CUST04288,2025-03-10,47.12,Electronics
CUST04288,2025-03-27,32.95,Travel
CUST04288,2025-03-16,13.56,Electronics
CUST04288,2025-03-18,93.21,Grocery
CUST04288,2025-05-21,29.79,Clothing
CUST04288,2025-06-16,80.63,Electronics
CUST04288,2025-06-06,19.36,Clothing
CUST04288,2025-02-17,58.49,Clothing
CUST04288,2025-03-14,83.81,Clothing
CUST04288,2025-03-02,531.34,Clothing
CUST04288,2025-04-03,132.76,Dining
CUST04288,2025-06-21,15.6,Clothing
CUST04288,2025-07-21,461.73,Dining
CUST04288,2025-05-19,154.04,Clothing
CUST04288,2025-05-24,136.87,Grocery
CUST04288,2025-05-28,30.48,Grocery
CUST04288,2025-05-24,24.38,Electronics
CUST04288,2025-05-06,186.45,Grocery
CUST04288,2025-02-15,5.15,Grocery
CUST04288,2025-04-04,162.69,Dining
CUST04288,2025-07-28,6.83,Dining
CUST04288,2025-06-15,97.9,Dining
CUST04288,2025-05-16,186.0,Grocery
CUST04288,2025-03-10,9.34,Grocery
CUST04288,2025-04-18,12.28,Travel
CUST04288,2025-04-22,24.86,Travel
CUST04288,2025-07-31,39.51,Dining
CUST04288,2025-02-19,163.46,Dining
CUST04289,2023-01-03,29.19,Travel
CUST04289,2022-08-26,47.46,Travel
CUST04289,2024-10-10,50.41,Clothing
CUST04289,2024-12-30,115.76,Grocery
CUST04289,2023-04-07,325.1,Electronics
CUST04289,2024-07-13,23.98,Dining
CUST04289,2024-08-17,21.26,Clothing
CUST04289,2024-12-05,384.49,Electronics
CUST04289,2023-05-11,52.57,Electronics
CUST04289,2025-02-17,149.59,Grocery
CUST04289,2024-04-05,146.52,Clothing
CUST04289,2025-02-22,58.23,Clothing
CUST04289,2022-11-20,180.76,Travel
CUST04289,2024-01-05,89.36,Grocery
CUST04289,2023-12-28,36.78,Dining
CUST04289,2022-12-06,22.39,Electronics
CUST04289,2025-02-02,11.26,Dining
CUST04289,2024-10-11,84.99,Travel
CUST04289,2024-01-01,27.26,Travel
CUST04289,2022-11-29,27.32,Electronics
CUST04289,2025-04-02,20.28,Electronics
CUST04289,2023-01-01,22.79,Grocery
CUST04289,2025-03-16,16.46,Electronics
CUST04289,2023-04-05,75.13,Clothing
CUST04289,2023-08-03,7.81,Clothing
CUST04289,2024-08-04,221.15,Dining
CUST04289,2022-10-24,145.47,Clothing
CUST04289,2023-08-06,24.56,Clothing
CUST04289,2023-04-17,151.0,Grocery
CUST04289,2025-07-03,27.28,Clothing
CUST04289,2022-12-05,7.15,Grocery
CUST04289,2024-05-24,102.19,Travel
CUST04289,2025-02-22,26.28,Clothing
CUST04289,2022-08-05,7.46,Dining
CUST04289,2025-02-23,28.4,Grocery
CUST04289,2023-09-16,8.72,Clothing
CUST04289,2024-05-14,24.25,Grocery
CUST04289,2024-06-29,210.41,Electronics
CUST04289,2024-11-02,28.69,Clothing
CUST04289,2024-02-21,17.52,Travel
CUST04289,2024-07-06,17.18,Grocery
CUST04289,2024-03-26,21.99,Grocery
CUST04289,2022-11-19,125.53,Travel
CUST04289,2024-03-05,202.97,Travel
CUST04289,2024-08-28,64.84,Electronics
CUST04289,2024-06-15,294.92,Electronics
CUST04289,2025-02-05,131.73,Dining
CUST04289,2023-02-10,98.58,Grocery
CUST04289,2025-08-01,17.95,Electronics
CUST04289,2023-02-06,172.8,Travel
CUST04289,2025-04-10,73.4,Travel
CUST04289,2024-01-16,19.41,Grocery
CUST04289,2023-12-18,117.04,Travel
CUST04289,2023-03-03,8.6,Grocery
CUST04289,2024-05-28,39.4,Electronics
CUST04289,2022-12-13,194.29,Dining
CUST04289,2023-07-02,92.84,Clothing
CUST04289,2022-12-16,176.23,Grocery
CUST04289,2024-05-21,44.07,Clothing
CUST04289,2023-11-06,92.77,Electronics
CUST04289,2022-07-08,17.02,Travel
CUST04289,2024-03-09,68.49,Clothing
CUST04289,2024-07-11,13.13,Electronics
CUST04289,2023-07-05,33.19,Electronics
CUST04289,2024-08-10,183.51,Clothing
CUST04289,2022-07-19,17.13,Electronics
CUST04289,2024-01-11,86.53,Dining
CUST04289,2024-04-23,25.61,Travel
CUST04289,2024-08-20,448.1,Dining
CUST04289,2024-05-25,18.23,Grocery
CUST04289,2024-12-31,20.89,Travel
CUST04289,2025-02-03,21.14,Clothing
CUST04289,2024-05-31,74.39,Dining
CUST04289,2024-05-02,9.1,Travel
CUST04289,2023-07-02,174.1,Clothing
CUST04289,2023-12-04,31.98,Grocery
CUST04289,2025-03-16,482.22,Dining
CUST04289,2025-05-29,13.93,Dining
CUST04289,2025-04-24,38.2,Grocery
CUST04289,2022-11-22,236.77,Clothing
CUST04289,2024-09-11,58.82,Clothing
CUST04289,2024-09-09,67.71,Dining
CUST04289,2024-09-29,53.01,Clothing
CUST04289,2024-05-07,152.0,Dining
CUST04289,2024-02-09,91.46,Electronics
CUST04289,2023-04-23,30.06,Electronics
CUST04289,2023-03-12,161.49,Travel
CUST04289,2023-02-16,94.26,Grocery
CUST04289,2024-03-06,183.66,Dining
CUST04289,2024-06-10,185.12,Travel
CUST04289,2024-03-03,86.29,Dining
CUST04289,2024-07-30,102.7,Travel
CUST04290,2025-07-10,15.46,Electronics
CUST04290,2025-06-07,48.42,Dining
CUST04290,2024-08-21,196.3,Grocery
CUST04290,2024-07-14,96.38,Travel
CUST04290,2024-12-13,24.24,Grocery
CUST04290,2025-05-10,143.12,Clothing
CUST04290,2025-01-02,99.25,Grocery
CUST04290,2024-07-14,45.68,Clothing
CUST04290,2024-09-14,179.62,Electronics
CUST04290,2025-02-17,47.98,Electronics
CUST04290,2025-01-01,20.55,Travel
CUST04290,2025-07-12,34.11,Dining
CUST04290,2025-01-08,63.9,Dining
CUST04290,2024-08-06,136.42,Grocery
CUST04290,2024-11-30,45.01,Electronics
CUST04290,2024-09-15,60.85,Grocery
CUST04290,2024-10-27,222.61,Travel
CUST04290,2025-06-23,12.74,Dining
CUST04290,2024-02-06,127.7,Electronics
CUST04290,2024-11-04,70.21,Clothing
CUST04290,2024-02-12,31.57,Grocery
CUST04290,2025-07-28,47.86,Dining
CUST04290,2024-03-08,60.21,Clothing
CUST04290,2024-10-22,8.42,Travel
CUST04290,2025-06-07,6.57,Grocery
CUST04290,2025-07-24,22.74,Dining
CUST04290,2024-08-15,28.84,Clothing
CUST04290,2024-11-21,9.47,Clothing
CUST04290,2025-02-11,23.85,Clothing
CUST04290,2024-09-17,45.87,Clothing
CUST04290,2024-03-04,54.31,Travel
CUST04290,2024-03-09,40.95,Travel
CUST04290,2025-03-06,118.67,Electronics
CUST04290,2025-01-01,87.37,Grocery
CUST04290,2024-10-11,198.03,Dining
CUST04290,2025-01-04,131.21,Clothing
CUST04290,2025-02-25,114.01,Grocery
CUST04290,2024-09-12,33.33,Electronics
CUST04290,2024-05-01,161.13,Clothing
CUST04290,2024-05-22,37.67,Grocery
CUST04290,2024-07-29,41.57,Dining
CUST04290,2024-09-07,135.57,Dining
CUST04290,2024-09-11,101.46,Dining
CUST04290,2025-04-27,57.32,Grocery
CUST04290,2024-05-27,8.44,Travel
CUST04290,2024-06-18,12.25,Grocery
CUST04290,2024-06-14,157.33,Grocery
CUST04290,2025-07-28,13.42,Clothing
CUST04290,2025-07-19,179.08,Dining
CUST04290,2024-10-02,189.1,Clothing
CUST04290,2024-06-09,18.78,Dining
CUST04290,2024-08-13,98.48,Grocery
CUST04290,2025-01-09,113.39,Electronics
CUST04290,2025-07-29,141.47,Grocery
CUST04290,2025-06-25,47.47,Electronics
CUST04290,2025-01-07,10.78,Electronics
CUST04290,2024-07-21,86.59,Electronics
CUST04290,2025-07-01,19.66,Dining
CUST04290,2024-06-08,226.73,Electronics
CUST04290,2024-12-16,77.88,Dining
CUST04290,2024-12-11,81.04,Electronics
CUST04290,2024-12-08,24.49,Dining
CUST04290,2025-02-15,14.82,Dining
CUST04290,2025-07-16,79.52,Dining
CUST04290,2025-02-24,282.42,Electronics
CUST04290,2025-02-07,14.6,Electronics
CUST04290,2024-05-28,62.16,Grocery
CUST04290,2025-03-28,60.12,Electronics
CUST04290,2025-07-31,68.67,Dining
CUST04290,2024-02-07,228.3,Clothing
CUST04290,2024-03-15,45.11,Travel
CUST04290,2024-04-28,21.2,Dining
CUST04290,2024-04-30,17.21,Dining
CUST04290,2024-08-01,25.81,Clothing
CUST04290,2025-03-10,35.9,Electronics
CUST04290,2025-05-05,172.57,Dining
CUST04290,2025-06-11,63.81,Travel
CUST04290,2024-03-05,190.6,Electronics
CUST04290,2025-03-13,44.99,Electronics
CUST04290,2025-02-16,69.65,Travel
CUST04290,2024-03-10,45.07,Clothing
CUST04290,2024-12-28,93.25,Dining
CUST04290,2025-07-19,92.93,Electronics
CUST04290,2024-04-17,39.07,Travel
CUST04290,2025-07-27,241.49,Travel
CUST04290,2024-09-28,8.92,Travel
CUST04290,2024-03-31,69.11,Dining
CUST04290,2024-03-01,60.38,Grocery
CUST04290,2024-10-31,130.76,Dining
CUST04290,2024-02-09,32.3,Dining
CUST04290,2024-03-29,51.4,Electronics
CUST04290,2024-09-15,42.84,Electronics
CUST04290,2024-12-12,66.04,Clothing
CUST04290,2024-02-13,85.24,Grocery
CUST04290,2024-04-21,50.44,Clothing
CUST04290,2024-05-30,7.65,Dining
CUST04290,2024-03-31,42.77,Dining
CUST04290,2024-05-08,152.37,Electronics
CUST04290,2024-08-12,20.88,Grocery
CUST04290,2024-08-04,211.5,Clothing
CUST04290,2025-04-20,24.13,Electronics
CUST04291,2023-08-23,22.02,Travel
CUST04291,2024-03-25,43.72,Travel
CUST04291,2024-07-22,10.72,Clothing
CUST04291,2023-09-29,176.29,Clothing
CUST04291,2024-07-17,22.26,Travel
CUST04291,2024-05-30,88.9,Dining
CUST04291,2025-06-22,63.9,Electronics
CUST04291,2023-10-22,38.1,Clothing
CUST04291,2025-01-15,69.84,Travel
CUST04291,2024-05-20,65.31,Electronics
CUST04291,2024-03-03,90.35,Electronics
CUST04291,2025-03-20,16.41,Clothing
CUST04291,2024-12-04,81.99,Travel
CUST04291,2023-07-16,22.88,Electronics
CUST04291,2023-10-20,96.42,Clothing
CUST04291,2024-03-30,81.91,Dining
CUST04291,2024-11-18,28.55,Travel
CUST04291,2024-04-23,94.94,Clothing
CUST04291,2023-08-20,34.36,Dining
CUST04291,2024-04-29,197.25,Travel
CUST04291,2024-10-22,140.22,Dining
CUST04291,2024-11-01,206.76,Electronics
CUST04291,2023-09-25,5.25,Electronics
CUST04291,2024-02-19,178.19,Dining
CUST04291,2024-05-04,47.97,Grocery
CUST04291,2023-12-01,230.25,Travel
CUST04291,2024-11-10,218.43,Travel
CUST04291,2025-05-20,69.16,Electronics
CUST04291,2025-06-24,233.15,Electronics
CUST04291,2024-12-14,48.93,Electronics
CUST04291,2024-01-16,146.01,Clothing
CUST04291,2024-10-20,6.21,Grocery
CUST04291,2025-06-24,7.51,Travel
CUST04291,2024-05-29,63.82,Dining
CUST04291,2023-09-12,44.36,Grocery
CUST04291,2023-07-28,79.25,Electronics
CUST04291,2024-06-26,92.15,Clothing
CUST04291,2025-04-09,33.68,Dining
CUST04291,2023-07-29,17.64,Grocery
CUST04291,2024-09-19,14.35,Electronics
CUST04291,2024-05-20,41.57,Clothing
CUST04291,2024-08-06,133.51,Dining
CUST04291,2024-10-13,73.06,Clothing
CUST04291,2024-11-16,216.43,Electronics
CUST04291,2023-10-02,134.11,Electronics
CUST04291,2025-07-23,179.67,Electronics
CUST04291,2024-02-02,34.35,Grocery
CUST04291,2025-06-29,137.66,Clothing
CUST04291,2025-05-29,57.75,Travel
CUST04291,2025-02-23,29.36,Dining
CUST04291,2024-10-30,21.43,Clothing
CUST04291,2025-06-08,40.86,Electronics
CUST04291,2023-07-25,15.69,Travel
CUST04291,2024-11-18,156.12,Grocery
CUST04291,2023-07-21,419.91,Clothing
CUST04291,2025-04-19,8.72,Electronics
CUST04291,2023-10-07,87.5,Travel
CUST04291,2024-04-28,36.9,Travel
CUST04291,2025-05-08,53.34,Grocery
CUST04291,2024-01-18,136.0,Dining
CUST04291,2025-02-19,129.46,Clothing
CUST04291,2023-09-19,96.73,Travel
CUST04291,2024-11-21,150.3,Grocery
CUST04291,2023-09-16,199.27,Dining
CUST04291,2024-10-18,127.23,Travel
CUST04291,2025-06-28,46.5,Dining
CUST04291,2025-05-30,59.6,Clothing
CUST04291,2023-11-28,45.41,Travel
CUST04291,2024-10-13,39.84,Dining
CUST04291,2024-11-12,19.02,Grocery
CUST04291,2024-04-13,20.76,Grocery
CUST04291,2024-01-25,38.47,Travel
CUST04291,2025-07-05,229.57,Travel
CUST04291,2025-07-03,171.69,Dining
CUST04291,2024-11-15,47.03,Clothing
CUST04291,2024-08-08,237.21,Clothing
CUST04291,2024-02-11,5.24,Travel
CUST04291,2024-06-06,50.29,Travel
CUST04291,2025-06-15,137.0,Dining
CUST04291,2025-06-05,98.81,Clothing
CUST04291,2023-09-30,47.79,Dining
CUST04291,2023-11-15,40.57,Clothing
CUST04291,2023-11-12,154.11,Dining
CUST04291,2025-06-11,30.22,Clothing
CUST04291,2025-01-01,54.47,Electronics
CUST04291,2024-01-02,16.23,Travel
CUST04291,2023-11-13,124.45,Electronics
CUST04291,2025-05-02,102.26,Dining
CUST04291,2025-05-30,130.1,Dining
CUST04291,2025-04-21,48.64,Dining
CUST04291,2023-12-17,13.97,Dining
CUST04291,2025-01-18,30.35,Electronics
CUST04291,2023-12-21,14.82,Grocery
CUST04291,2025-07-07,37.42,Dining
CUST04291,2025-04-26,9.32,Grocery
CUST04291,2025-06-08,153.46,Dining
CUST04291,2025-04-09,105.06,Electronics
CUST04291,2023-10-02,7.23,Dining
CUST04291,2023-07-31,34.02,Dining
CUST04291,2024-09-18,60.23,Travel
CUST04291,2025-07-15,64.4,Travel
CUST04291,2024-01-14,29.92,Electronics
CUST04291,2024-12-18,116.79,Dining
CUST04291,2025-07-28,65.57,Dining
CUST04291,2025-05-08,91.29,Clothing
CUST04291,2024-07-10,79.17,Dining
CUST04291,2024-11-26,210.61,Dining
CUST04291,2023-10-04,47.12,Dining
CUST04291,2025-05-02,151.14,Dining
CUST04291,2023-12-26,61.14,Travel
CUST04292,2025-07-23,43.39,Grocery
CUST04292,2025-07-09,28.85,Travel
CUST04292,2025-07-28,9.96,Travel
CUST04292,2025-07-10,179.58,Clothing
CUST04292,2025-07-10,59.61,Electronics
CUST04292,2025-06-09,420.43,Electronics
CUST04292,2025-06-18,243.82,Clothing
CUST04292,2025-07-07,214.86,Clothing
CUST04292,2025-07-07,10.4,Clothing
CUST04292,2025-06-23,166.14,Dining
CUST04292,2025-06-28,52.6,Clothing
CUST04292,2025-06-29,44.06,Electronics
CUST04292,2025-07-15,107.44,Grocery
CUST04292,2025-06-22,20.88,Travel
CUST04292,2025-06-11,36.69,Grocery
CUST04292,2025-07-10,75.06,Electronics
CUST04292,2025-06-10,193.01,Clothing
CUST04292,2025-06-13,46.53,Clothing
CUST04292,2025-07-20,16.75,Electronics
CUST04292,2025-06-22,152.77,Travel
CUST04292,2025-06-09,48.72,Dining
CUST04292,2025-06-18,274.62,Clothing
CUST04292,2025-07-30,30.34,Travel
CUST04292,2025-06-14,49.14,Clothing
CUST04292,2025-06-13,76.34,Clothing
CUST04292,2025-07-23,198.61,Dining
CUST04292,2025-07-08,55.11,Grocery
CUST04292,2025-07-18,410.61,Grocery
CUST04292,2025-07-09,8.83,Grocery
CUST04292,2025-06-05,101.83,Electronics
CUST04292,2025-07-05,93.52,Clothing
CUST04292,2025-07-15,8.3,Clothing
CUST04292,2025-07-14,37.09,Travel
CUST04292,2025-07-11,65.15,Electronics
CUST04292,2025-07-20,11.87,Travel
CUST04292,2025-07-28,105.2,Electronics
CUST04292,2025-06-18,147.72,Grocery
CUST04292,2025-07-15,185.21,Dining
CUST04292,2025-07-10,32.15,Grocery
CUST04292,2025-06-07,63.07,Grocery
CUST04292,2025-06-12,83.43,Electronics
CUST04292,2025-07-23,114.91,Clothing
CUST04292,2025-07-15,35.17,Clothing
CUST04292,2025-08-01,12.71,Dining
CUST04292,2025-07-07,50.35,Dining
CUST04292,2025-07-12,140.16,Clothing
CUST04292,2025-06-09,24.19,Electronics
CUST04292,2025-06-24,25.04,Electronics
CUST04292,2025-07-07,169.19,Travel
CUST04292,2025-07-28,377.34,Dining
CUST04292,2025-07-12,54.04,Electronics
CUST04292,2025-07-17,73.52,Dining
CUST04292,2025-07-22,48.58,Travel
CUST04292,2025-08-01,66.62,Electronics
CUST04292,2025-07-25,17.16,Electronics
CUST04292,2025-07-27,114.03,Grocery
CUST04292,2025-07-11,45.78,Travel
CUST04292,2025-07-12,87.45,Grocery
CUST04292,2025-07-19,13.96,Dining
CUST04292,2025-06-30,50.55,Dining
CUST04292,2025-07-04,159.56,Dining
CUST04292,2025-06-27,95.79,Travel
CUST04292,2025-07-15,244.47,Travel
CUST04292,2025-06-10,6.93,Dining
CUST04292,2025-07-04,48.14,Clothing
CUST04292,2025-07-23,72.16,Grocery
CUST04292,2025-07-31,47.67,Travel
CUST04292,2025-06-28,19.24,Dining
CUST04292,2025-07-01,136.02,Clothing
CUST04292,2025-06-03,31.98,Clothing
CUST04292,2025-07-24,248.53,Electronics
CUST04292,2025-07-04,91.79,Clothing
CUST04292,2025-07-11,10.35,Electronics
CUST04292,2025-06-23,18.79,Grocery
CUST04292,2025-07-23,30.74,Electronics
CUST04292,2025-07-18,43.5,Dining
CUST04292,2025-07-03,281.0,Electronics
CUST04292,2025-06-13,12.57,Travel
CUST04292,2025-06-24,63.15,Electronics
CUST04292,2025-07-30,57.98,Electronics
CUST04292,2025-08-01,36.78,Electronics
CUST04292,2025-07-27,116.5,Travel
CUST04292,2025-07-26,39.25,Travel
CUST04292,2025-07-16,17.02,Grocery
CUST04292,2025-07-22,46.86,Travel
CUST04292,2025-07-14,164.26,Electronics
CUST04292,2025-06-29,15.55,Dining
CUST04292,2025-07-18,32.09,Clothing
CUST04292,2025-06-25,94.02,Clothing
CUST04292,2025-07-01,62.09,Electronics
CUST04292,2025-06-14,97.81,Grocery
CUST04292,2025-06-21,91.04,Travel
CUST04292,2025-06-23,54.03,Travel
CUST04292,2025-07-07,10.86,Electronics
CUST04292,2025-07-14,172.41,Grocery
CUST04292,2025-06-18,70.17,Grocery
CUST04292,2025-06-11,33.66,Grocery
CUST04292,2025-07-22,32.61,Travel
CUST04292,2025-07-31,143.57,Clothing
CUST04292,2025-07-11,74.05,Electronics
CUST04292,2025-06-10,133.31,Travel
CUST04292,2025-06-07,47.1,Dining
CUST04292,2025-06-14,179.42,Grocery
CUST04292,2025-06-30,76.14,Dining
CUST04292,2025-07-27,72.18,Grocery
CUST04293,2024-11-28,85.68,Dining
CUST04293,2022-10-04,41.73,Travel
CUST04293,2023-02-28,24.24,Clothing
CUST04293,2024-01-26,12.67,Clothing
CUST04293,2024-06-21,84.23,Travel
CUST04293,2023-10-28,36.46,Dining
CUST04293,2024-06-06,36.26,Dining
CUST04293,2024-12-24,49.45,Travel
CUST04293,2025-07-18,18.72,Clothing
CUST04293,2023-11-04,129.68,Dining
CUST04293,2024-10-07,18.75,Dining
CUST04293,2022-09-24,38.24,Travel
CUST04293,2024-10-18,138.87,Grocery
CUST04293,2022-08-02,82.39,Electronics
CUST04293,2023-07-11,104.81,Clothing
CUST04293,2025-07-16,9.95,Travel
CUST04293,2024-09-06,82.81,Grocery
CUST04293,2023-09-06,90.8,Dining
CUST04293,2025-02-17,66.55,Grocery
CUST04293,2023-10-23,102.73,Travel
CUST04293,2025-03-24,22.98,Electronics
CUST04293,2023-04-03,267.86,Clothing
CUST04293,2025-03-30,42.96,Travel
CUST04293,2023-01-23,20.47,Electronics
CUST04293,2025-04-13,10.41,Dining
CUST04293,2022-10-19,33.67,Grocery
CUST04293,2024-10-16,77.53,Clothing
CUST04293,2023-10-22,87.52,Travel
CUST04293,2023-02-17,7.75,Grocery
CUST04293,2023-08-11,26.93,Dining
CUST04293,2024-06-11,144.33,Travel
CUST04293,2024-03-25,77.38,Grocery
CUST04293,2025-07-18,16.67,Electronics
CUST04293,2022-09-02,30.59,Grocery
CUST04293,2023-06-12,7.79,Dining
CUST04293,2023-01-25,58.68,Dining
CUST04293,2025-07-17,302.71,Clothing
CUST04293,2022-11-01,33.24,Clothing
CUST04293,2024-12-25,150.79,Electronics
CUST04293,2023-11-15,67.88,Clothing
CUST04293,2023-09-14,67.17,Travel
CUST04293,2025-01-17,68.47,Travel
CUST04293,2023-06-24,94.66,Travel
CUST04293,2023-10-13,35.43,Travel
CUST04293,2022-10-29,34.37,Grocery
CUST04293,2025-05-13,16.15,Clothing
CUST04293,2025-04-11,24.7,Travel
CUST04293,2023-04-10,253.43,Travel
CUST04293,2022-07-22,360.95,Dining
CUST04293,2025-04-16,85.36,Clothing
CUST04293,2022-10-01,9.49,Clothing
CUST04293,2024-02-28,85.69,Travel
CUST04293,2023-03-30,206.49,Electronics
CUST04293,2025-02-04,47.64,Travel
CUST04293,2024-08-02,65.76,Dining
CUST04293,2024-11-13,102.88,Travel
CUST04293,2025-04-20,134.51,Travel
CUST04293,2022-09-22,65.76,Grocery
CUST04293,2022-10-14,55.5,Dining
CUST04293,2025-01-09,30.98,Travel
CUST04293,2024-02-10,34.54,Grocery
CUST04293,2024-07-21,49.31,Travel
CUST04293,2025-07-18,90.83,Electronics
CUST04293,2024-07-10,71.15,Grocery
CUST04293,2024-08-27,20.32,Dining
CUST04293,2022-11-02,132.04,Clothing
CUST04293,2024-07-26,111.17,Grocery
CUST04293,2024-09-17,52.45,Travel
CUST04293,2023-04-08,60.54,Dining
CUST04293,2023-09-14,96.53,Electronics
CUST04293,2023-03-29,22.31,Dining
CUST04293,2023-05-11,156.32,Grocery
CUST04293,2024-11-17,102.32,Grocery
CUST04293,2024-01-27,18.78,Clothing
CUST04293,2024-12-09,200.02,Travel
CUST04293,2025-06-08,27.6,Clothing
CUST04293,2023-09-11,101.24,Clothing
CUST04293,2022-10-02,93.37,Electronics
CUST04293,2024-05-29,158.16,Travel
CUST04293,2023-10-22,12.56,Dining
CUST04293,2025-03-03,49.24,Clothing
CUST04293,2024-10-27,30.6,Dining
CUST04293,2022-12-15,174.05,Electronics
CUST04293,2024-02-11,79.86,Travel
CUST04293,2025-01-05,11.78,Clothing
CUST04293,2024-03-14,103.88,Clothing
CUST04293,2024-07-04,115.77,Dining
CUST04293,2022-09-20,168.69,Clothing
CUST04293,2023-05-21,23.97,Dining
CUST04293,2025-01-14,14.9,Grocery
CUST04293,2025-01-31,167.26,Clothing
CUST04293,2025-02-11,107.94,Dining
CUST04294,2024-11-15,27.13,Dining
CUST04294,2025-05-06,98.75,Dining
CUST04294,2024-11-22,13.81,Dining
CUST04294,2024-10-03,265.83,Travel
CUST04294,2025-06-28,73.88,Clothing
CUST04294,2025-02-22,102.39,Travel
CUST04294,2024-11-19,48.13,Dining
CUST04294,2025-03-01,177.97,Electronics
CUST04294,2025-06-04,20.75,Clothing
CUST04294,2025-07-27,50.69,Dining
CUST04294,2024-10-10,19.07,Dining
CUST04294,2025-03-14,15.75,Dining
CUST04294,2025-05-14,166.29,Electronics
CUST04294,2025-02-02,78.95,Electronics
CUST04294,2024-10-26,139.79,Electronics
CUST04294,2025-04-24,11.19,Dining
CUST04294,2024-11-25,131.86,Electronics
CUST04294,2024-11-23,38.11,Electronics
CUST04294,2025-03-15,110.33,Travel
CUST04294,2024-12-30,32.08,Dining
CUST04294,2025-07-13,61.49,Electronics
CUST04294,2025-01-07,233.68,Electronics
CUST04294,2024-09-08,42.8,Clothing
CUST04294,2025-03-20,115.33,Clothing
CUST04294,2025-05-30,124.58,Dining
CUST04294,2025-02-12,63.42,Grocery
CUST04294,2024-10-15,84.56,Grocery
CUST04294,2025-06-30,27.53,Clothing
CUST04294,2025-04-27,27.39,Travel
CUST04294,2025-03-29,24.99,Clothing
CUST04294,2025-03-19,113.38,Grocery
CUST04294,2025-01-15,146.62,Travel
CUST04294,2025-04-01,36.19,Travel
CUST04294,2024-10-24,101.76,Dining
CUST04294,2025-02-10,65.67,Dining
CUST04294,2024-12-15,13.14,Travel
CUST04294,2025-03-30,93.35,Grocery
CUST04294,2025-05-26,32.69,Electronics
CUST04294,2025-07-28,34.92,Electronics
CUST04294,2024-12-16,190.03,Electronics
CUST04294,2025-03-26,14.18,Dining
CUST04294,2025-05-01,69.92,Travel
CUST04294,2025-01-29,18.82,Grocery
CUST04294,2025-04-22,35.71,Dining
CUST04294,2024-11-02,55.44,Travel
CUST04294,2024-12-07,18.53,Grocery
CUST04294,2025-05-15,100.03,Clothing
CUST04294,2025-04-26,106.91,Electronics
CUST04294,2024-09-30,147.56,Dining
CUST04294,2024-09-22,193.71,Dining
CUST04294,2024-11-17,94.22,Dining
CUST04294,2024-12-21,58.43,Travel
CUST04294,2025-02-19,96.82,Travel
CUST04294,2025-02-19,70.98,Clothing
CUST04294,2024-10-28,5.82,Travel
CUST04294,2025-06-21,67.91,Travel
CUST04294,2025-07-15,92.57,Dining
CUST04294,2025-05-04,175.22,Clothing
CUST04294,2025-02-13,62.23,Travel
CUST04294,2024-11-20,41.65,Dining
CUST04294,2025-04-10,48.42,Grocery
CUST04294,2025-01-28,49.85,Travel
CUST04294,2024-09-27,89.35,Dining
CUST04294,2024-10-22,168.54,Travel
CUST04294,2024-12-27,51.02,Dining
CUST04294,2024-10-22,136.99,Grocery
CUST04294,2025-02-28,274.91,Grocery
CUST04294,2025-02-13,28.64,Grocery
CUST04294,2024-09-11,28.97,Dining
CUST04294,2025-06-17,112.3,Travel
CUST04294,2024-10-12,124.66,Grocery
CUST04294,2025-07-02,41.25,Grocery
CUST04294,2025-04-03,59.74,Dining
CUST04294,2024-10-09,239.82,Electronics
CUST04294,2024-12-16,85.33,Clothing
CUST04294,2025-02-01,54.24,Clothing
CUST04294,2025-06-20,5.21,Dining
CUST04294,2025-07-15,113.5,Clothing
CUST04294,2025-01-02,14.19,Clothing
CUST04294,2024-12-07,128.86,Grocery
CUST04294,2025-05-04,28.18,Clothing
CUST04294,2025-06-25,48.87,Travel
CUST04294,2025-06-11,139.32,Electronics
CUST04294,2024-10-23,207.45,Dining
CUST04294,2024-11-09,55.19,Grocery
CUST04294,2024-09-29,35.66,Travel
CUST04294,2025-07-07,207.07,Clothing
CUST04294,2024-11-19,15.71,Clothing
CUST04294,2024-11-20,40.46,Travel
CUST04294,2025-07-05,43.02,Electronics
CUST04294,2024-11-11,16.15,Travel
CUST04294,2025-06-08,31.48,Electronics
CUST04294,2025-04-14,32.49,Travel
CUST04294,2025-06-06,10.57,Grocery
CUST04294,2024-12-11,24.81,Dining
CUST04294,2024-09-21,22.33,Clothing
CUST04294,2025-03-01,109.32,Dining
CUST04294,2025-02-18,8.58,Dining
CUST04294,2024-10-06,418.12,Dining
CUST04294,2025-04-26,14.33,Grocery
CUST04294,2024-12-22,37.6,Grocery
CUST04294,2024-11-20,65.35,Dining
CUST04294,2024-12-05,43.24,Electronics
CUST04294,2025-03-07,65.5,Electronics
CUST04294,2025-01-30,178.58,Electronics
CUST04294,2025-04-20,41.61,Grocery
CUST04294,2025-04-02,55.99,Clothing
CUST04294,2024-11-21,272.26,Travel
CUST04294,2024-12-12,21.89,Dining
CUST04295,2024-12-18,87.82,Clothing
CUST04295,2024-07-02,292.02,Dining
CUST04295,2025-03-13,160.39,Electronics
CUST04295,2024-09-07,70.84,Dining
CUST04295,2024-10-05,31.33,Clothing
CUST04295,2025-04-22,90.95,Electronics
CUST04295,2025-05-02,39.17,Travel
CUST04295,2024-07-09,85.75,Travel
CUST04295,2024-07-11,58.31,Grocery
CUST04295,2025-02-18,15.51,Travel
CUST04295,2025-01-12,36.53,Dining
CUST04295,2025-07-18,107.85,Grocery
CUST04295,2024-09-10,62.26,Electronics
CUST04295,2025-06-05,174.57,Electronics
CUST04295,2025-07-08,26.23,Clothing
CUST04295,2025-04-27,27.64,Clothing
CUST04295,2025-06-21,12.82,Grocery
CUST04295,2025-03-05,23.21,Grocery
CUST04295,2024-10-20,153.11,Electronics
CUST04295,2024-11-11,78.33,Grocery
CUST04295,2024-10-26,8.61,Clothing
CUST04295,2025-05-11,46.31,Dining
CUST04295,2025-04-21,62.85,Electronics
CUST04295,2024-09-18,13.54,Clothing
CUST04295,2025-06-18,70.56,Grocery
CUST04295,2024-08-07,111.7,Dining
CUST04295,2024-08-06,104.54,Electronics
CUST04295,2024-11-13,48.24,Clothing
CUST04295,2024-10-21,104.05,Dining
CUST04295,2025-01-18,62.85,Travel
CUST04295,2024-10-02,30.03,Electronics
CUST04295,2025-01-28,401.54,Dining
CUST04295,2024-09-13,120.45,Electronics
CUST04295,2025-04-08,34.54,Electronics
CUST04295,2025-06-26,104.79,Electronics
CUST04295,2025-03-11,19.37,Clothing
CUST04295,2025-06-02,25.86,Travel
CUST04295,2024-10-22,91.04,Travel
CUST04295,2025-03-03,295.43,Travel
CUST04295,2024-10-10,180.64,Travel
CUST04295,2025-03-16,30.65,Travel
CUST04295,2024-12-12,123.14,Clothing
CUST04295,2024-10-16,59.81,Electronics
CUST04295,2025-07-27,19.97,Grocery
CUST04295,2024-08-28,41.08,Clothing
CUST04295,2025-02-02,109.54,Grocery
CUST04295,2025-01-14,196.08,Grocery
CUST04295,2025-05-07,96.76,Clothing
CUST04295,2025-07-23,339.6,Travel
CUST04295,2024-12-27,62.49,Grocery
CUST04295,2024-07-22,10.51,Travel
CUST04295,2025-01-27,8.48,Travel
CUST04295,2024-12-03,82.42,Travel
CUST04295,2025-07-01,69.46,Grocery
CUST04295,2024-10-18,107.53,Electronics
CUST04295,2024-08-18,17.94,Electronics
CUST04295,2025-05-25,55.7,Electronics
CUST04295,2025-06-28,140.69,Grocery
CUST04295,2025-04-01,222.63,Dining
CUST04295,2024-11-16,138.5,Electronics
CUST04295,2025-02-19,102.29,Travel
CUST04295,2024-08-27,75.29,Electronics
CUST04295,2025-05-31,280.56,Travel
CUST04295,2024-12-04,81.57,Dining
CUST04295,2025-06-25,25.3,Electronics
CUST04295,2025-01-09,172.71,Clothing
CUST04295,2024-09-27,6.81,Electronics
CUST04295,2024-07-26,157.67,Grocery
CUST04295,2024-08-19,100.74,Clothing
CUST04295,2025-02-27,21.2,Travel
CUST04295,2025-03-18,26.72,Dining
CUST04295,2025-02-04,19.36,Travel
CUST04295,2024-08-11,6.99,Electronics
CUST04295,2024-07-26,20.96,Dining
CUST04295,2024-10-05,101.43,Grocery
CUST04295,2024-10-18,35.95,Grocery
CUST04295,2024-09-11,33.77,Electronics
CUST04295,2024-07-30,213.94,Travel
CUST04295,2024-07-05,25.31,Dining
CUST04295,2025-01-05,216.18,Travel
CUST04295,2025-01-04,50.93,Travel
CUST04295,2024-08-10,70.39,Dining
CUST04295,2024-09-11,104.45,Electronics
CUST04295,2025-02-28,121.97,Clothing
CUST04295,2025-01-02,122.97,Grocery
CUST04295,2024-11-01,15.07,Electronics
CUST04295,2024-11-24,73.9,Grocery
CUST04295,2024-08-31,199.43,Dining
CUST04295,2024-07-05,99.02,Electronics
CUST04295,2025-07-31,55.96,Travel
CUST04295,2024-09-23,105.47,Electronics
CUST04295,2025-04-10,46.2,Clothing
CUST04295,2024-11-28,22.79,Travel
CUST04295,2024-08-24,86.04,Dining
CUST04295,2025-05-21,18.46,Electronics
CUST04295,2025-05-25,28.36,Grocery
CUST04295,2025-06-23,108.11,Grocery
CUST04295,2025-07-27,88.91,Electronics
CUST04296,2024-12-13,49.96,Travel
CUST04296,2025-05-23,76.59,Clothing
CUST04296,2024-10-21,6.54,Grocery
CUST04296,2025-01-16,123.36,Clothing
CUST04296,2025-03-07,16.92,Clothing
CUST04296,2024-11-18,311.38,Grocery
CUST04296,2025-06-15,29.04,Dining
CUST04296,2025-06-24,130.54,Travel
CUST04296,2024-11-21,142.97,Grocery
CUST04296,2025-01-02,163.29,Electronics
CUST04296,2025-03-18,105.52,Dining
CUST04296,2025-04-13,88.19,Grocery
CUST04296,2025-01-15,67.39,Electronics
CUST04296,2025-02-13,177.17,Electronics
CUST04296,2025-04-23,92.33,Grocery
CUST04296,2025-02-09,165.0,Grocery
CUST04296,2025-07-09,113.7,Grocery
CUST04296,2024-11-29,18.5,Travel
CUST04296,2024-10-19,121.6,Electronics
CUST04296,2025-04-25,48.82,Grocery
CUST04296,2024-10-29,70.13,Grocery
CUST04296,2025-04-23,275.53,Clothing
CUST04296,2025-01-13,126.57,Dining
CUST04296,2025-02-14,13.84,Electronics
CUST04296,2024-12-16,86.54,Clothing
CUST04296,2025-07-16,56.84,Clothing
CUST04296,2024-10-23,164.7,Travel
CUST04296,2025-07-08,88.39,Grocery
CUST04296,2025-05-31,56.41,Clothing
CUST04296,2025-07-28,135.91,Travel
CUST04296,2025-06-27,348.62,Dining
CUST04296,2025-02-10,95.28,Grocery
CUST04296,2024-12-10,25.02,Travel
CUST04296,2025-05-27,168.6,Electronics
CUST04296,2024-12-25,84.58,Electronics
CUST04296,2024-11-11,134.78,Electronics
CUST04296,2025-06-20,65.44,Grocery
CUST04296,2025-05-21,261.54,Clothing
CUST04296,2024-12-16,42.57,Dining
CUST04296,2025-07-10,185.57,Travel
CUST04296,2025-02-01,23.22,Grocery
CUST04296,2025-07-17,70.22,Grocery
CUST04296,2025-03-04,154.11,Dining
CUST04296,2025-05-10,66.34,Clothing
CUST04296,2025-03-20,117.46,Grocery
CUST04296,2024-11-25,67.5,Electronics
CUST04296,2025-02-03,186.92,Travel
CUST04296,2025-05-30,42.42,Dining
CUST04296,2025-01-15,222.96,Electronics
CUST04296,2025-06-18,118.15,Clothing
CUST04296,2025-01-31,34.16,Grocery
CUST04296,2025-07-11,54.5,Electronics
CUST04296,2025-02-28,53.72,Electronics
CUST04296,2025-05-10,249.36,Dining
CUST04296,2025-01-17,137.19,Dining
CUST04296,2025-07-31,15.69,Clothing
CUST04296,2025-04-27,62.93,Grocery
CUST04296,2025-03-20,88.46,Electronics
CUST04296,2024-11-14,9.94,Electronics
CUST04296,2025-06-08,51.89,Clothing
CUST04296,2025-04-30,27.3,Electronics
CUST04296,2025-01-11,103.44,Clothing
CUST04296,2024-12-19,76.0,Travel
CUST04296,2025-05-05,9.32,Electronics
CUST04296,2024-12-16,20.07,Dining
CUST04296,2025-07-15,25.63,Dining
CUST04296,2025-05-03,7.94,Grocery
CUST04296,2025-04-10,64.65,Dining
CUST04296,2025-06-08,50.2,Travel
CUST04296,2024-10-16,42.38,Travel
CUST04296,2025-04-30,48.36,Clothing
CUST04296,2024-12-10,23.26,Dining
CUST04296,2024-10-11,24.81,Travel
CUST04296,2025-01-28,172.45,Grocery
CUST04296,2025-01-31,34.59,Clothing
CUST04296,2025-03-27,18.65,Clothing
CUST04296,2025-07-10,8.19,Grocery
CUST04296,2025-04-29,99.41,Electronics
CUST04296,2025-03-17,11.92,Clothing
CUST04296,2025-07-07,49.66,Clothing
CUST04296,2025-02-10,177.56,Electronics
CUST04296,2025-02-16,32.07,Clothing
CUST04296,2025-06-15,45.57,Grocery
CUST04296,2025-05-23,108.35,Clothing
CUST04296,2025-04-22,106.58,Electronics
CUST04296,2025-03-25,31.81,Travel
CUST04296,2024-10-11,17.92,Electronics
CUST04296,2025-06-14,83.98,Grocery
CUST04296,2025-05-05,5.95,Dining
CUST04296,2025-05-01,27.44,Dining
CUST04296,2024-12-16,12.93,Clothing
CUST04296,2025-02-18,147.33,Dining
CUST04296,2025-06-27,23.2,Grocery
CUST04296,2025-04-04,82.28,Clothing
CUST04296,2025-06-17,45.04,Dining
CUST04296,2025-01-28,28.93,Clothing
CUST04296,2024-11-08,55.83,Dining
CUST04296,2025-02-27,170.22,Travel
CUST04296,2025-04-21,115.35,Travel
CUST04296,2024-11-11,56.63,Travel
CUST04296,2025-06-21,107.22,Grocery
CUST04296,2024-10-28,139.2,Grocery
CUST04296,2025-06-23,501.79,Grocery
CUST04296,2025-06-12,11.67,Grocery
CUST04296,2025-03-27,128.64,Clothing
CUST04296,2025-03-29,123.53,Grocery
CUST04296,2024-10-25,159.53,Grocery
CUST04297,2024-09-13,54.57,Clothing
CUST04297,2024-12-07,63.1,Travel
CUST04297,2023-09-29,200.85,Dining
CUST04297,2024-02-22,172.21,Electronics
CUST04297,2024-06-18,58.43,Grocery
CUST04297,2024-04-22,40.83,Dining
CUST04297,2024-01-24,136.23,Dining
CUST04297,2023-09-21,91.03,Grocery
CUST04297,2025-06-17,49.43,Grocery
CUST04297,2023-07-07,50.81,Dining
CUST04297,2024-12-22,46.76,Grocery
CUST04297,2023-02-28,110.6,Dining
CUST04297,2025-01-08,9.56,Travel
CUST04297,2023-05-05,9.64,Clothing
CUST04297,2024-09-20,77.41,Travel
CUST04297,2024-02-28,99.3,Electronics
CUST04297,2024-06-20,6.0,Dining
CUST04297,2024-03-11,50.06,Electronics
CUST04297,2023-08-04,197.93,Travel
CUST04297,2024-05-19,67.6,Dining
CUST04297,2023-09-17,315.81,Dining
CUST04297,2024-04-13,9.53,Travel
CUST04297,2024-02-18,82.49,Dining
CUST04297,2024-03-31,146.58,Electronics
CUST04297,2024-07-10,90.88,Electronics
CUST04297,2024-03-11,21.95,Dining
CUST04297,2023-10-18,31.78,Clothing
CUST04297,2023-07-01,49.87,Electronics
CUST04297,2024-07-12,246.69,Dining
CUST04297,2023-12-04,77.5,Electronics
CUST04297,2025-02-10,404.62,Clothing
CUST04297,2024-02-23,174.68,Travel
CUST04297,2023-10-09,10.75,Grocery
CUST04297,2023-09-13,74.91,Dining
CUST04297,2023-03-14,28.64,Dining
CUST04297,2024-10-22,31.78,Dining
CUST04297,2024-03-28,205.57,Electronics
CUST04297,2024-07-27,10.73,Electronics
CUST04297,2024-02-24,8.51,Clothing
CUST04297,2023-03-19,101.37,Travel
CUST04297,2024-07-25,103.13,Electronics
CUST04297,2022-12-01,32.45,Clothing
CUST04297,2023-06-14,52.93,Dining
CUST04297,2023-12-11,38.0,Travel
CUST04297,2024-07-27,115.98,Electronics
CUST04297,2024-08-24,59.71,Dining
CUST04297,2025-05-23,95.42,Grocery
CUST04297,2023-02-17,143.09,Travel
CUST04297,2025-04-07,35.13,Dining
CUST04297,2023-12-16,6.26,Dining
CUST04297,2024-03-16,141.2,Clothing
CUST04297,2024-10-31,235.86,Grocery
CUST04297,2024-05-24,91.84,Travel
CUST04297,2024-04-24,185.97,Travel
CUST04297,2023-01-02,35.36,Clothing
CUST04297,2023-07-30,9.13,Electronics
CUST04297,2023-12-23,51.01,Dining
CUST04297,2025-05-03,57.31,Dining
CUST04297,2025-04-09,196.85,Grocery
CUST04297,2024-12-10,274.47,Grocery
CUST04297,2022-11-28,133.63,Electronics
CUST04297,2024-03-27,50.79,Electronics
CUST04297,2025-06-10,85.14,Dining
CUST04297,2023-06-13,88.85,Clothing
CUST04297,2022-11-28,72.28,Travel
CUST04297,2023-04-29,17.83,Grocery
CUST04297,2025-04-28,76.29,Clothing
CUST04297,2023-10-29,53.56,Dining
CUST04297,2024-02-24,107.43,Travel
CUST04297,2023-07-03,33.83,Electronics
CUST04297,2022-12-24,59.86,Grocery
CUST04297,2023-10-28,85.35,Clothing
CUST04297,2023-09-24,53.68,Electronics
CUST04297,2025-04-29,108.13,Grocery
CUST04297,2023-02-12,404.97,Clothing
CUST04297,2024-10-27,56.77,Travel
CUST04297,2024-05-27,103.88,Travel
CUST04297,2025-02-01,38.78,Travel
CUST04297,2023-11-10,30.39,Dining
CUST04297,2025-07-20,81.03,Clothing
CUST04297,2024-07-17,58.54,Electronics
CUST04297,2025-05-17,39.32,Dining
CUST04297,2024-12-03,218.68,Grocery
CUST04297,2023-07-24,55.46,Travel
CUST04297,2025-05-31,28.63,Grocery
CUST04297,2025-06-26,51.84,Travel
CUST04297,2024-05-17,28.88,Travel
CUST04297,2024-07-07,42.31,Electronics
CUST04297,2025-01-22,86.63,Travel
CUST04297,2023-06-06,180.12,Travel
CUST04297,2023-11-29,62.96,Clothing
CUST04297,2023-03-26,154.52,Dining
CUST04297,2024-01-10,117.75,Dining
CUST04297,2023-02-09,31.56,Electronics
CUST04297,2023-11-11,250.16,Dining
CUST04297,2023-01-31,14.32,Grocery
CUST04297,2023-12-21,25.24,Clothing
CUST04297,2024-04-08,25.08,Travel
CUST04297,2024-11-29,29.86,Dining
CUST04297,2025-01-16,37.95,Travel
CUST04297,2023-12-03,45.81,Electronics
CUST04297,2025-05-29,21.9,Dining
CUST04297,2024-06-27,34.61,Clothing
CUST04297,2025-01-23,50.81,Clothing
CUST04297,2024-06-09,79.59,Grocery
CUST04297,2024-02-13,71.26,Dining
CUST04297,2024-10-09,26.6,Electronics
CUST04297,2025-01-10,162.75,Grocery
CUST04298,2024-12-18,9.09,Dining
CUST04298,2025-05-07,45.15,Dining
CUST04298,2024-06-19,34.3,Clothing
CUST04298,2025-07-08,63.5,Electronics
CUST04298,2025-06-28,68.06,Clothing
CUST04298,2024-09-13,37.12,Travel
CUST04298,2024-06-14,43.93,Grocery
CUST04298,2023-08-13,38.39,Dining
CUST04298,2024-05-18,47.67,Travel
CUST04298,2024-11-22,20.25,Dining
CUST04298,2025-02-13,8.34,Travel
CUST04298,2024-04-21,20.04,Travel
CUST04298,2024-03-02,35.98,Electronics
CUST04298,2023-02-12,28.59,Grocery
CUST04298,2023-09-12,55.23,Electronics
CUST04298,2025-06-14,7.18,Clothing
CUST04298,2024-10-20,27.15,Travel
CUST04298,2025-06-27,54.16,Grocery
CUST04298,2024-10-29,134.82,Travel
CUST04298,2024-03-25,29.19,Clothing
CUST04298,2023-06-24,145.7,Grocery
CUST04298,2025-06-12,47.19,Clothing
CUST04298,2025-04-12,160.11,Dining
CUST04298,2024-11-23,101.89,Electronics
CUST04298,2024-04-07,124.92,Dining
CUST04298,2024-05-09,236.88,Grocery
CUST04298,2023-10-19,15.06,Grocery
CUST04298,2023-09-02,25.95,Clothing
CUST04298,2025-07-07,25.63,Grocery
CUST04298,2023-07-30,71.77,Clothing
CUST04298,2024-05-26,27.05,Electronics
CUST04298,2023-08-27,82.79,Travel
CUST04298,2023-09-20,58.79,Clothing
CUST04298,2024-07-04,11.06,Travel
CUST04298,2023-02-19,41.33,Dining
CUST04298,2025-02-05,61.06,Electronics
CUST04298,2023-06-16,117.58,Dining
CUST04298,2025-01-01,54.94,Travel
CUST04298,2024-06-12,21.25,Clothing
CUST04298,2024-03-04,15.8,Grocery
CUST04298,2024-12-09,46.0,Travel
CUST04298,2025-07-14,261.11,Clothing
CUST04298,2023-02-05,28.86,Grocery
CUST04298,2025-01-26,69.07,Travel
CUST04298,2023-11-08,102.19,Travel
CUST04298,2024-10-25,52.9,Travel
CUST04298,2025-02-10,36.0,Electronics
CUST04298,2024-03-07,81.36,Clothing
CUST04298,2024-07-22,103.02,Grocery
CUST04298,2025-02-19,35.94,Grocery
CUST04298,2023-05-11,123.56,Grocery
CUST04298,2025-02-11,168.15,Dining
CUST04298,2024-03-11,312.26,Clothing
CUST04298,2025-02-02,8.89,Clothing
CUST04298,2024-11-26,160.45,Travel
CUST04298,2024-11-09,115.92,Dining
CUST04298,2023-03-17,47.66,Travel
CUST04298,2024-05-26,228.98,Dining
CUST04298,2024-09-01,28.19,Electronics
CUST04298,2024-04-08,36.08,Grocery
CUST04298,2023-07-04,225.83,Grocery
CUST04298,2023-04-01,9.11,Dining
CUST04298,2024-11-17,82.2,Grocery
CUST04298,2024-06-04,131.37,Dining
CUST04298,2023-05-19,36.16,Clothing
CUST04298,2024-10-27,242.0,Clothing
CUST04298,2023-11-05,66.79,Electronics
CUST04298,2024-08-13,11.78,Clothing
CUST04298,2023-04-23,25.43,Clothing
CUST04298,2023-05-02,94.99,Dining
CUST04298,2024-07-30,68.18,Electronics
CUST04298,2025-04-19,162.5,Electronics
CUST04298,2025-06-03,41.4,Travel
CUST04298,2025-01-10,196.19,Electronics
CUST04298,2024-05-24,59.57,Dining
CUST04298,2025-02-07,127.77,Clothing
CUST04298,2025-06-23,618.74,Electronics
CUST04298,2023-06-06,234.98,Electronics
CUST04298,2025-06-04,52.3,Electronics
CUST04298,2024-12-31,50.35,Electronics
CUST04298,2023-12-04,28.63,Grocery
CUST04298,2023-10-16,98.97,Travel
CUST04298,2025-01-20,59.2,Electronics
CUST04298,2023-11-24,134.92,Clothing
CUST04298,2024-11-26,48.33,Travel
CUST04298,2025-03-09,193.03,Electronics
CUST04298,2025-01-05,146.43,Grocery
CUST04298,2024-06-27,104.97,Dining
CUST04298,2024-08-22,195.35,Grocery
CUST04298,2023-10-27,471.48,Grocery
CUST04298,2023-03-04,21.16,Electronics
CUST04298,2024-04-13,238.77,Travel
CUST04298,2024-05-25,6.29,Dining
CUST04298,2023-04-18,358.11,Electronics
CUST04298,2024-02-21,113.03,Electronics
CUST04299,2025-07-04,86.55,Travel
CUST04299,2025-06-02,151.6,Grocery
CUST04299,2025-02-27,276.53,Clothing
CUST04299,2024-11-09,119.68,Clothing
CUST04299,2025-06-16,54.7,Travel
CUST04299,2025-05-14,6.91,Dining
CUST04299,2025-03-22,35.24,Travel
CUST04299,2025-04-07,9.82,Clothing
CUST04299,2025-03-09,133.88,Grocery
CUST04299,2025-01-27,60.43,Travel
CUST04299,2025-04-24,114.47,Dining
CUST04299,2024-11-23,155.69,Clothing
CUST04299,2025-04-26,72.63,Travel
CUST04299,2025-07-02,80.67,Grocery
CUST04299,2025-07-18,220.41,Grocery
CUST04299,2025-01-15,16.47,Grocery
CUST04299,2024-11-12,61.96,Dining
CUST04299,2025-06-19,5.13,Travel
CUST04299,2025-06-10,70.51,Travel
CUST04299,2025-01-02,129.91,Clothing
CUST04299,2025-04-02,9.77,Travel
CUST04299,2024-12-14,142.5,Electronics
CUST04299,2025-05-30,159.44,Dining
CUST04299,2025-02-20,114.74,Grocery
CUST04299,2024-11-30,48.33,Travel
CUST04299,2025-04-06,38.75,Clothing
CUST04299,2025-06-05,122.25,Grocery
CUST04299,2024-11-27,16.68,Electronics
CUST04299,2025-05-16,24.47,Grocery
CUST04299,2025-01-19,203.87,Clothing
CUST04299,2025-06-11,84.31,Travel
CUST04299,2025-03-25,54.05,Electronics
CUST04299,2025-02-15,66.01,Electronics
CUST04299,2024-11-29,238.04,Grocery
CUST04299,2025-01-15,183.29,Travel
CUST04299,2025-04-13,146.07,Dining
CUST04299,2025-02-28,42.42,Travel
CUST04299,2024-11-17,21.93,Travel
CUST04299,2025-07-04,261.79,Clothing
CUST04299,2024-11-11,10.17,Dining
CUST04299,2025-01-30,20.1,Electronics
CUST04299,2025-05-19,7.73,Travel
CUST04299,2025-05-16,101.38,Dining
CUST04299,2025-04-05,34.48,Grocery
CUST04299,2025-01-01,176.82,Dining
CUST04299,2025-05-27,48.99,Travel
CUST04299,2025-03-22,67.27,Travel
CUST04299,2025-07-19,63.03,Electronics
CUST04299,2025-01-31,66.97,Travel
CUST04299,2024-11-25,66.85,Electronics
CUST04299,2025-04-18,129.52,Clothing
CUST04299,2025-06-18,22.97,Electronics
CUST04299,2024-12-09,13.06,Travel
CUST04299,2025-06-01,121.95,Travel
CUST04299,2024-12-28,70.39,Dining
CUST04299,2025-02-23,17.31,Dining
CUST04299,2025-03-20,95.9,Clothing
CUST04299,2025-07-30,14.99,Electronics
CUST04299,2024-11-15,13.56,Clothing
CUST04299,2025-07-16,16.09,Dining
CUST04299,2025-03-14,119.96,Electronics
CUST04299,2025-04-01,201.34,Dining
CUST04299,2025-04-08,101.36,Clothing
CUST04299,2024-11-10,20.41,Dining
CUST04299,2024-12-15,42.68,Travel
CUST04299,2024-11-22,56.61,Clothing
CUST04299,2025-05-14,59.69,Electronics
CUST04299,2024-11-30,35.0,Dining
CUST04299,2025-07-06,303.98,Travel
CUST04299,2025-02-13,88.32,Electronics
CUST04299,2025-03-10,167.26,Travel
CUST04299,2025-01-16,110.57,Grocery
CUST04299,2025-01-06,14.19,Travel
CUST04299,2024-12-25,113.49,Travel
CUST04299,2025-04-18,262.87,Electronics
CUST04299,2025-01-11,189.25,Clothing
CUST04299,2025-03-23,138.07,Grocery
CUST04299,2025-04-14,17.1,Electronics
CUST04299,2025-06-21,21.86,Travel
CUST04299,2025-06-22,15.19,Clothing
CUST04299,2025-04-01,35.94,Electronics
CUST04299,2025-04-21,37.31,Grocery
CUST04299,2025-03-16,59.75,Grocery
CUST04299,2024-12-15,6.35,Clothing
CUST04299,2024-12-20,240.72,Dining
CUST04299,2025-01-07,28.28,Grocery
CUST04299,2024-11-30,122.82,Grocery
CUST04300,2022-04-18,49.22,Clothing
CUST04300,2023-02-02,357.4,Electronics
CUST04300,2024-12-31,81.47,Clothing
CUST04300,2022-12-27,197.3,Clothing
CUST04300,2021-12-26,16.56,Dining
CUST04300,2022-02-02,135.35,Travel
CUST04300,2023-03-31,114.43,Dining
CUST04300,2025-05-23,7.69,Grocery
CUST04300,2023-10-30,6.6,Dining
CUST04300,2024-05-21,36.69,Grocery
CUST04300,2021-03-10,19.64,Dining
CUST04300,2024-08-27,16.05,Electronics
CUST04300,2021-11-10,29.47,Electronics
CUST04300,2023-02-23,330.24,Travel
CUST04300,2023-09-17,189.41,Dining
CUST04300,2023-12-14,288.15,Grocery
CUST04300,2021-09-09,126.98,Travel
CUST04300,2024-09-25,97.44,Dining
CUST04300,2025-06-08,34.77,Clothing
CUST04300,2021-01-23,60.48,Grocery
CUST04300,2022-12-18,129.85,Dining
CUST04300,2021-03-21,107.58,Grocery
CUST04300,2025-05-02,67.83,Electronics
CUST04300,2024-06-19,46.91,Travel
CUST04300,2023-04-21,7.18,Dining
CUST04300,2024-11-04,62.63,Grocery
CUST04300,2021-11-21,47.48,Travel
CUST04300,2024-10-29,50.97,Dining
CUST04300,2023-01-28,6.91,Travel
CUST04300,2023-04-25,68.48,Electronics
CUST04300,2021-03-03,6.92,Dining
CUST04300,2024-11-24,16.29,Grocery
CUST04300,2021-09-10,84.94,Electronics
CUST04300,2023-03-30,41.54,Dining
CUST04300,2021-07-31,235.32,Electronics
CUST04300,2025-03-08,70.38,Travel
CUST04300,2024-02-05,88.09,Grocery
CUST04300,2024-10-11,27.64,Dining
CUST04300,2025-01-24,13.23,Travel
CUST04300,2021-07-09,208.68,Electronics
CUST04300,2021-01-29,59.26,Travel
CUST04300,2022-12-13,218.21,Travel
CUST04300,2023-04-30,74.16,Dining
CUST04300,2022-03-16,44.62,Clothing
CUST04300,2022-04-02,33.14,Dining
CUST04300,2022-08-18,9.94,Clothing
CUST04300,2021-07-12,67.87,Clothing
CUST04300,2023-08-27,138.2,Travel
CUST04300,2025-01-10,19.09,Dining
CUST04300,2021-11-28,23.13,Travel
CUST04300,2022-07-13,305.17,Clothing
CUST04300,2023-10-01,6.15,Travel
CUST04300,2024-09-26,21.55,Electronics
CUST04300,2022-11-07,24.82,Dining
CUST04300,2023-11-01,94.27,Clothing
CUST04300,2025-03-29,97.05,Clothing
CUST04300,2023-10-08,49.81,Dining
CUST04300,2024-01-20,11.42,Travel
CUST04300,2021-11-08,13.4,Grocery
CUST04300,2023-10-06,26.7,Travel
CUST04300,2024-11-17,206.11,Clothing
CUST04300,2021-04-21,10.16,Clothing
CUST04300,2023-03-01,143.73,Clothing
CUST04300,2024-08-31,16.91,Travel
CUST04300,2022-12-06,18.38,Electronics
CUST04300,2022-07-09,69.3,Dining
CUST04300,2022-01-19,16.21,Electronics
CUST04300,2025-07-26,73.11,Grocery
CUST04300,2024-11-30,37.74,Electronics
CUST04300,2022-03-29,15.65,Travel
CUST04300,2023-02-10,20.85,Grocery
CUST04300,2023-05-23,44.49,Travel
CUST04300,2023-07-07,35.81,Grocery
CUST04300,2021-03-11,102.57,Electronics
CUST04300,2025-02-10,63.59,Travel
CUST04300,2025-05-11,289.89,Electronics
CUST04300,2024-03-25,163.2,Electronics
CUST04300,2021-12-20,123.37,Travel
CUST04300,2025-04-15,191.97,Grocery
CUST04300,2022-01-13,18.06,Electronics
CUST04300,2023-09-08,47.44,Electronics
CUST04300,2022-08-02,156.3,Travel
CUST04300,2021-08-12,116.94,Dining
CUST04300,2023-09-04,15.53,Electronics
CUST04300,2021-11-22,194.52,Grocery
CUST04300,2022-09-02,17.21,Electronics
CUST04300,2024-07-13,9.15,Clothing
CUST04300,2022-09-29,28.05,Dining
CUST04300,2021-02-20,27.74,Grocery
CUST04300,2023-08-14,7.59,Electronics
CUST04301,2024-06-09,42.71,Electronics
CUST04301,2025-04-28,58.02,Travel
CUST04301,2024-05-28,51.63,Electronics
CUST04301,2024-07-19,57.48,Clothing
CUST04301,2025-02-05,87.96,Dining
CUST04301,2023-10-04,50.64,Electronics
CUST04301,2025-03-15,57.05,Dining
CUST04301,2025-03-11,41.64,Travel
CUST04301,2024-04-30,195.49,Travel
CUST04301,2024-11-02,28.14,Grocery
CUST04301,2024-08-17,52.57,Clothing
CUST04301,2024-12-13,71.46,Travel
CUST04301,2024-07-02,42.56,Grocery
CUST04301,2024-12-20,42.86,Travel
CUST04301,2024-06-15,11.65,Grocery
CUST04301,2025-07-24,9.72,Clothing
CUST04301,2024-06-26,19.7,Electronics
CUST04301,2025-02-22,152.39,Electronics
CUST04301,2024-06-11,15.65,Electronics
CUST04301,2024-12-21,49.98,Electronics
CUST04301,2024-08-04,51.29,Grocery
CUST04301,2024-07-21,27.5,Clothing
CUST04301,2024-01-25,205.98,Electronics
CUST04301,2024-09-01,10.27,Electronics
CUST04301,2025-03-16,146.0,Dining
CUST04301,2023-09-17,20.91,Clothing
CUST04301,2025-05-21,187.17,Electronics
CUST04301,2023-12-16,243.37,Electronics
CUST04301,2024-10-16,137.28,Dining
CUST04301,2023-09-26,21.02,Clothing
CUST04301,2024-04-23,92.62,Clothing
CUST04301,2024-08-05,32.0,Grocery
CUST04301,2025-02-25,48.39,Travel
CUST04301,2025-06-16,24.62,Electronics
CUST04301,2025-03-04,491.38,Clothing
CUST04301,2023-10-10,19.67,Clothing
CUST04301,2025-06-14,6.15,Dining
CUST04301,2024-12-13,243.83,Electronics
CUST04301,2024-11-30,30.34,Grocery
CUST04301,2023-11-09,30.16,Electronics
CUST04301,2024-01-25,92.72,Clothing
CUST04301,2023-12-10,47.09,Electronics
CUST04301,2025-06-22,95.33,Travel
CUST04301,2023-09-18,44.66,Dining
CUST04301,2024-01-11,147.12,Dining
CUST04301,2023-09-13,113.05,Travel
CUST04301,2024-12-01,55.1,Clothing
CUST04301,2023-12-01,119.48,Grocery
CUST04301,2024-04-02,38.2,Grocery
CUST04301,2024-12-13,96.59,Grocery
CUST04301,2025-05-17,15.44,Dining
CUST04301,2024-11-24,7.73,Electronics
CUST04301,2024-08-18,37.73,Clothing
CUST04301,2023-08-16,205.1,Grocery
CUST04301,2024-02-01,12.8,Dining
CUST04301,2024-09-13,5.81,Electronics
CUST04301,2023-10-04,76.61,Dining
CUST04301,2024-06-19,135.54,Clothing
CUST04301,2023-11-17,124.04,Electronics
CUST04301,2024-12-25,155.25,Electronics
CUST04301,2024-12-23,156.08,Grocery
CUST04301,2024-02-18,110.56,Grocery
CUST04301,2024-10-20,8.72,Dining
CUST04301,2024-10-28,124.15,Grocery
CUST04301,2025-03-24,107.01,Travel
CUST04301,2024-03-30,20.01,Dining
CUST04301,2024-02-23,10.16,Electronics
CUST04301,2024-04-20,8.75,Clothing
CUST04301,2025-01-04,30.81,Electronics
CUST04301,2024-09-15,59.1,Dining
CUST04301,2024-05-28,8.25,Clothing
CUST04301,2024-05-08,36.46,Travel
CUST04301,2025-03-09,29.24,Dining
CUST04301,2024-04-19,121.93,Grocery
CUST04301,2025-05-27,48.02,Dining
CUST04301,2024-06-05,106.1,Dining
CUST04301,2025-04-27,8.76,Grocery
CUST04301,2024-05-22,6.87,Dining
CUST04301,2023-08-05,55.23,Electronics
CUST04301,2024-08-28,10.12,Electronics
CUST04301,2025-02-23,14.87,Travel
CUST04301,2024-11-03,27.39,Clothing
CUST04301,2024-12-18,59.91,Clothing
CUST04301,2023-08-19,91.72,Grocery
CUST04301,2024-05-30,14.02,Grocery
CUST04301,2024-07-06,34.01,Travel
CUST04301,2024-07-13,150.61,Travel
CUST04301,2023-11-11,95.23,Electronics
CUST04301,2024-09-11,84.95,Electronics
CUST04301,2024-10-22,38.69,Grocery
CUST04301,2024-08-02,70.8,Clothing
CUST04301,2024-03-23,202.01,Dining
CUST04301,2025-04-04,19.97,Grocery
CUST04301,2023-12-30,8.47,Clothing
CUST04301,2024-10-27,74.34,Clothing
CUST04301,2025-01-01,38.52,Grocery
CUST04301,2025-03-30,10.22,Electronics
CUST04301,2023-12-05,37.73,Dining
CUST04302,2024-03-28,124.63,Dining
CUST04302,2025-05-16,233.07,Clothing
CUST04302,2023-04-03,156.56,Travel
CUST04302,2025-01-15,16.12,Electronics
CUST04302,2023-06-07,28.77,Clothing
CUST04302,2024-02-01,34.21,Travel
CUST04302,2023-05-21,7.86,Grocery
CUST04302,2022-10-19,207.64,Clothing
CUST04302,2022-10-31,81.42,Clothing
CUST04302,2025-07-08,33.67,Electronics
CUST04302,2024-10-31,7.03,Travel
CUST04302,2023-08-26,43.28,Dining
CUST04302,2023-10-11,54.71,Dining
CUST04302,2024-11-24,71.65,Travel
CUST04302,2025-08-01,45.79,Electronics
CUST04302,2024-06-27,283.59,Travel
CUST04302,2022-09-05,146.16,Travel
CUST04302,2024-03-15,179.69,Grocery
CUST04302,2022-08-08,23.82,Clothing
CUST04302,2024-10-06,63.5,Travel
CUST04302,2022-12-18,50.99,Dining
CUST04302,2022-10-01,32.96,Grocery
CUST04302,2022-08-23,33.8,Clothing
CUST04302,2023-06-16,23.2,Travel
CUST04302,2023-03-03,64.96,Travel
CUST04302,2022-04-30,102.58,Electronics
CUST04302,2022-01-31,68.25,Dining
CUST04302,2023-07-19,47.7,Electronics
CUST04302,2025-06-19,77.0,Electronics
CUST04302,2024-08-07,43.26,Travel
CUST04302,2023-06-01,110.39,Grocery
CUST04302,2021-11-27,5.31,Grocery
CUST04302,2023-09-01,7.63,Grocery
CUST04302,2024-10-17,365.64,Electronics
CUST04302,2022-10-25,23.39,Travel
CUST04302,2022-12-15,42.39,Clothing
CUST04302,2022-04-14,10.55,Dining
CUST04302,2021-11-11,29.45,Electronics
CUST04302,2023-02-12,129.18,Grocery
CUST04302,2022-12-13,122.98,Dining
CUST04302,2024-08-22,73.23,Electronics
CUST04302,2022-09-07,215.94,Electronics
CUST04302,2023-01-10,36.12,Dining
CUST04302,2024-07-15,10.6,Dining
CUST04302,2022-12-06,55.47,Travel
CUST04302,2024-06-27,54.3,Grocery
CUST04302,2022-08-09,129.06,Grocery
CUST04302,2025-02-05,76.93,Electronics
CUST04302,2024-02-19,44.17,Clothing
CUST04302,2023-05-13,83.29,Grocery
CUST04302,2024-06-23,38.09,Clothing
CUST04302,2023-01-29,93.42,Dining
CUST04302,2025-03-15,44.55,Dining
CUST04302,2023-04-23,117.5,Travel
CUST04302,2022-09-27,7.18,Dining
CUST04302,2025-05-12,21.42,Clothing
CUST04302,2024-12-17,9.32,Grocery
CUST04302,2023-04-20,15.09,Travel
CUST04302,2025-01-17,113.64,Travel
CUST04302,2022-04-17,84.47,Electronics
CUST04302,2023-02-11,75.67,Grocery
CUST04302,2025-04-17,228.65,Clothing
CUST04302,2022-05-11,208.92,Travel
CUST04302,2025-06-24,181.44,Clothing
CUST04302,2023-07-08,138.1,Electronics
CUST04302,2024-09-25,105.76,Travel
CUST04302,2022-07-09,215.43,Electronics
CUST04302,2024-07-04,81.12,Clothing
CUST04302,2025-07-28,24.6,Clothing
CUST04302,2022-01-03,94.66,Grocery
CUST04302,2022-07-30,139.85,Electronics
CUST04302,2023-08-09,129.04,Grocery
CUST04302,2023-02-24,5.85,Travel
CUST04302,2024-09-11,367.83,Grocery
CUST04302,2025-07-09,72.37,Travel
CUST04302,2022-11-25,103.77,Travel
CUST04302,2024-12-22,10.17,Clothing
CUST04302,2023-03-02,86.68,Dining
CUST04302,2024-03-04,27.52,Electronics
CUST04302,2024-11-26,112.09,Grocery
CUST04302,2023-09-13,90.31,Dining
CUST04302,2024-03-16,14.07,Clothing
CUST04302,2021-10-12,61.19,Dining
CUST04302,2024-07-18,121.06,Grocery
CUST04302,2023-01-10,23.07,Dining
CUST04302,2022-04-18,71.41,Grocery
CUST04302,2021-11-30,7.2,Travel
CUST04302,2023-05-14,140.9,Dining
CUST04302,2024-09-06,6.31,Dining
CUST04302,2023-09-17,107.94,Grocery
CUST04302,2025-01-15,15.36,Grocery
CUST04302,2025-07-09,25.76,Clothing
CUST04302,2024-01-04,71.14,Electronics
CUST04302,2025-04-10,182.37,Travel
CUST04302,2023-08-30,58.85,Clothing
CUST04302,2025-04-30,21.24,Grocery
CUST04302,2023-10-13,74.74,Dining
CUST04302,2024-08-20,59.66,Clothing
CUST04302,2023-11-12,84.18,Grocery
CUST04303,2022-10-30,37.43,Electronics
CUST04303,2022-07-12,16.58,Electronics
CUST04303,2021-06-01,36.25,Electronics
CUST04303,2025-07-08,56.4,Clothing
CUST04303,2021-11-27,315.4,Travel
CUST04303,2025-03-16,72.5,Dining
CUST04303,2024-08-05,243.25,Electronics
CUST04303,2024-01-30,163.59,Clothing
CUST04303,2021-04-04,508.79,Travel
CUST04303,2024-05-27,39.78,Electronics
CUST04303,2025-07-17,55.56,Grocery
CUST04303,2024-08-29,115.83,Electronics
CUST04303,2021-03-03,66.14,Travel
CUST04303,2023-02-18,176.52,Dining
CUST04303,2024-04-07,152.16,Dining
CUST04303,2021-11-23,48.59,Dining
CUST04303,2022-06-15,49.06,Dining
CUST04303,2023-08-30,15.19,Clothing
CUST04303,2023-04-24,30.54,Grocery
CUST04303,2025-07-23,189.37,Grocery
CUST04303,2021-02-16,204.01,Clothing
CUST04303,2020-12-29,94.75,Dining
CUST04303,2021-05-13,160.52,Travel
CUST04303,2024-10-29,168.97,Clothing
CUST04303,2023-09-19,119.83,Dining
CUST04303,2024-04-26,101.04,Grocery
CUST04303,2025-01-15,45.55,Electronics
CUST04303,2021-09-16,213.01,Travel
CUST04303,2022-02-21,49.15,Electronics
CUST04303,2022-12-03,11.21,Electronics
CUST04303,2022-02-05,11.21,Travel
CUST04303,2021-03-03,42.1,Electronics
CUST04303,2023-12-05,41.72,Travel
CUST04303,2025-03-18,129.26,Travel
CUST04303,2023-11-17,48.81,Dining
CUST04303,2022-12-21,54.58,Clothing
CUST04303,2023-01-15,75.72,Travel
CUST04303,2022-03-06,334.31,Grocery
CUST04303,2022-04-12,72.36,Travel
CUST04303,2023-02-23,173.15,Travel
CUST04303,2021-08-02,117.38,Dining
CUST04303,2022-08-15,47.81,Clothing
CUST04303,2025-07-14,54.29,Travel
CUST04303,2022-12-27,18.05,Clothing
CUST04303,2022-05-18,11.53,Clothing
CUST04303,2021-09-02,26.75,Grocery
CUST04303,2024-11-05,69.36,Grocery
CUST04303,2025-01-17,103.02,Clothing
CUST04303,2025-07-21,130.9,Travel
CUST04303,2024-10-29,24.81,Clothing
CUST04303,2024-11-28,18.55,Electronics
CUST04303,2024-02-18,55.79,Dining
CUST04303,2025-01-19,44.71,Grocery
CUST04303,2021-08-17,196.66,Electronics
CUST04303,2021-06-19,90.32,Dining
CUST04303,2021-07-16,105.51,Clothing
CUST04303,2024-07-28,20.47,Travel
CUST04303,2022-10-07,188.33,Grocery
CUST04303,2024-06-04,22.91,Travel
CUST04303,2024-03-18,40.61,Travel
CUST04303,2022-04-17,73.91,Travel
CUST04303,2025-06-07,173.48,Dining
CUST04303,2024-11-10,46.5,Clothing
CUST04303,2023-07-22,33.92,Clothing
CUST04303,2024-12-16,43.76,Dining
CUST04303,2022-02-11,92.15,Electronics
CUST04303,2025-04-29,8.73,Dining
CUST04303,2021-11-16,82.89,Grocery
CUST04303,2022-08-10,32.63,Travel
CUST04303,2024-08-03,6.75,Dining
CUST04303,2021-11-16,152.38,Grocery
CUST04303,2021-06-06,20.95,Clothing
CUST04303,2023-02-24,36.74,Travel
CUST04303,2025-03-21,78.94,Clothing
CUST04303,2022-03-29,23.14,Dining
CUST04303,2022-11-05,34.36,Dining
CUST04303,2024-01-24,215.23,Grocery
CUST04303,2022-09-23,33.61,Grocery
CUST04303,2023-11-11,12.75,Dining
CUST04303,2024-11-14,76.11,Clothing
CUST04303,2021-12-26,73.12,Travel
CUST04303,2022-04-20,37.95,Electronics
CUST04303,2023-08-20,84.77,Dining
CUST04303,2022-07-07,60.81,Travel
CUST04303,2023-01-22,10.16,Travel
CUST04303,2022-03-04,13.93,Travel
CUST04303,2022-04-01,27.24,Dining
CUST04303,2022-08-05,290.55,Clothing
CUST04303,2022-03-01,7.73,Travel
CUST04303,2022-11-07,355.15,Electronics
CUST04303,2023-09-26,181.01,Travel
CUST04303,2022-01-01,194.37,Grocery
CUST04303,2021-08-23,11.96,Electronics
CUST04303,2024-06-14,22.98,Grocery
CUST04303,2023-11-09,27.47,Grocery
CUST04303,2021-05-01,280.86,Travel
CUST04303,2024-03-23,112.93,Travel
CUST04303,2022-06-11,45.4,Dining
CUST04303,2023-10-20,224.55,Dining
CUST04303,2022-06-02,58.46,Travel
CUST04303,2025-02-25,87.54,Grocery
CUST04303,2023-07-31,42.45,Clothing
CUST04303,2021-05-07,58.85,Travel
CUST04303,2024-09-28,63.36,Travel
CUST04303,2021-09-15,82.87,Electronics
CUST04303,2022-10-21,58.58,Dining
CUST04304,2024-08-24,7.79,Travel
CUST04304,2025-02-18,104.81,Clothing
CUST04304,2024-06-30,26.95,Dining
CUST04304,2025-04-22,91.94,Clothing
CUST04304,2023-04-06,140.77,Travel
CUST04304,2023-05-12,60.97,Grocery
CUST04304,2023-11-04,117.16,Dining
CUST04304,2022-04-10,90.24,Dining
CUST04304,2022-06-25,27.61,Electronics
CUST04304,2024-08-10,37.61,Travel
CUST04304,2024-10-04,5.07,Grocery
CUST04304,2025-01-01,59.87,Clothing
CUST04304,2021-11-07,13.54,Clothing
CUST04304,2025-05-09,25.34,Clothing
CUST04304,2025-05-29,110.61,Electronics
CUST04304,2023-12-22,8.15,Electronics
CUST04304,2023-04-18,180.61,Travel
CUST04304,2022-06-18,73.15,Clothing
CUST04304,2025-03-23,47.54,Dining
CUST04304,2025-04-23,140.61,Dining
CUST04304,2021-05-13,47.49,Grocery
CUST04304,2023-08-18,114.33,Travel
CUST04304,2025-02-05,12.44,Dining
CUST04304,2023-05-31,51.46,Electronics
CUST04304,2022-03-14,48.51,Electronics
CUST04304,2022-03-27,104.88,Clothing
CUST04304,2023-01-14,57.3,Dining
CUST04304,2024-07-28,15.41,Travel
CUST04304,2023-09-06,135.47,Travel
CUST04304,2024-11-16,46.26,Travel
CUST04304,2023-10-18,22.37,Travel
CUST04304,2021-12-11,6.54,Electronics
CUST04304,2024-09-28,63.4,Grocery
CUST04304,2023-05-26,82.06,Clothing
CUST04304,2024-10-01,46.16,Grocery
CUST04304,2022-06-21,47.83,Clothing
CUST04304,2024-03-13,54.72,Grocery
CUST04304,2023-11-10,109.76,Grocery
CUST04304,2022-10-24,14.93,Clothing
CUST04304,2025-02-03,90.22,Electronics
CUST04304,2021-03-29,10.84,Clothing
CUST04304,2024-02-18,26.67,Electronics
CUST04304,2022-09-25,110.29,Clothing
CUST04304,2025-01-17,25.44,Clothing
CUST04304,2024-03-16,32.16,Grocery
CUST04304,2023-10-31,187.12,Dining
CUST04304,2023-05-04,43.5,Electronics
CUST04304,2023-10-06,54.41,Grocery
CUST04304,2023-12-07,711.77,Grocery
CUST04304,2023-10-14,32.64,Travel
CUST04304,2021-05-03,61.94,Grocery
CUST04304,2022-12-16,30.78,Electronics
CUST04304,2024-01-09,187.38,Clothing
CUST04304,2022-06-07,86.74,Dining
CUST04304,2021-02-23,115.21,Grocery
CUST04304,2023-03-02,196.79,Dining
CUST04304,2022-12-24,177.49,Electronics
CUST04304,2022-03-26,44.85,Travel
CUST04304,2024-07-25,24.48,Dining
CUST04304,2023-01-01,218.34,Travel
CUST04304,2022-02-05,162.8,Dining
CUST04304,2022-09-02,171.51,Grocery
CUST04304,2023-11-03,108.47,Electronics
CUST04304,2021-04-03,55.92,Travel
CUST04304,2023-01-07,173.76,Clothing
CUST04304,2022-01-19,54.9,Dining
CUST04304,2025-07-08,431.89,Clothing
CUST04304,2025-01-18,76.16,Clothing
CUST04304,2023-10-25,42.26,Grocery
CUST04304,2025-03-30,12.24,Grocery
CUST04304,2022-05-14,161.92,Grocery
CUST04304,2022-07-14,35.56,Grocery
CUST04304,2023-05-08,42.23,Travel
CUST04304,2022-11-11,26.08,Grocery
CUST04304,2022-06-19,142.26,Travel
CUST04304,2025-04-08,58.89,Dining
CUST04304,2022-07-29,36.97,Clothing
CUST04304,2024-07-21,28.4,Travel
CUST04304,2025-07-04,81.31,Dining
CUST04304,2022-08-08,129.27,Clothing
CUST04304,2022-10-15,40.44,Grocery
CUST04304,2022-05-12,35.93,Dining
CUST04304,2021-02-20,208.07,Travel
CUST04304,2023-08-03,410.28,Clothing
CUST04304,2024-11-05,29.24,Grocery
CUST04305,2023-10-13,9.81,Dining
CUST04305,2025-03-08,132.01,Clothing
CUST04305,2025-07-18,46.81,Electronics
CUST04305,2023-07-28,13.13,Dining
CUST04305,2023-10-09,301.06,Electronics
CUST04305,2024-11-09,43.92,Dining
CUST04305,2023-09-20,74.53,Clothing
CUST04305,2025-05-29,29.16,Electronics
CUST04305,2025-02-05,237.21,Electronics
CUST04305,2024-06-26,34.49,Clothing
CUST04305,2024-07-23,55.15,Clothing
CUST04305,2023-07-12,92.46,Travel
CUST04305,2023-09-17,39.26,Dining
CUST04305,2024-04-15,26.08,Travel
CUST04305,2024-06-20,14.34,Travel
CUST04305,2025-04-25,28.96,Grocery
CUST04305,2024-01-15,59.05,Travel
CUST04305,2023-06-12,130.18,Electronics
CUST04305,2024-01-17,259.86,Travel
CUST04305,2024-02-24,26.6,Travel
CUST04305,2025-04-06,119.62,Grocery
CUST04305,2024-08-18,259.02,Electronics
CUST04305,2024-02-17,76.34,Electronics
CUST04305,2024-10-20,44.84,Electronics
CUST04305,2024-03-24,56.92,Dining
CUST04305,2024-04-05,24.25,Electronics
CUST04305,2024-03-27,70.86,Travel
CUST04305,2025-01-28,78.11,Travel
CUST04305,2025-07-26,60.78,Grocery
CUST04305,2024-09-22,273.9,Travel
CUST04305,2023-07-17,15.37,Travel
CUST04305,2024-02-05,63.39,Clothing
CUST04305,2024-07-10,20.21,Electronics
CUST04305,2023-09-18,65.18,Travel
CUST04305,2023-11-11,67.58,Electronics
CUST04305,2024-10-31,64.78,Electronics
CUST04305,2024-04-11,48.01,Electronics
CUST04305,2024-10-18,5.5,Travel
CUST04305,2025-05-07,7.96,Clothing
CUST04305,2023-12-20,181.43,Dining
CUST04305,2023-10-09,9.26,Electronics
CUST04305,2023-08-03,15.15,Grocery
CUST04305,2025-03-23,62.86,Clothing
CUST04305,2025-05-04,14.75,Grocery
CUST04305,2025-08-01,147.94,Travel
CUST04305,2023-06-29,23.04,Travel
CUST04305,2024-10-11,213.05,Dining
CUST04305,2024-10-09,54.75,Dining
CUST04305,2023-11-17,94.63,Grocery
CUST04305,2024-06-28,235.17,Travel
CUST04305,2025-07-27,79.38,Dining
CUST04305,2024-02-05,52.76,Dining
CUST04305,2023-08-30,47.86,Clothing
CUST04305,2025-03-15,641.62,Travel
CUST04305,2024-04-19,29.23,Electronics
CUST04305,2023-07-16,31.47,Travel
CUST04305,2023-10-15,70.19,Electronics
CUST04305,2024-10-19,45.06,Clothing
CUST04305,2025-07-16,256.55,Dining
CUST04305,2025-04-03,22.68,Electronics
CUST04305,2025-07-22,18.06,Electronics
CUST04305,2024-07-19,18.33,Grocery
CUST04305,2025-02-23,197.59,Clothing
CUST04305,2024-07-25,112.59,Dining
CUST04305,2025-04-23,146.06,Clothing
CUST04305,2024-07-12,41.59,Clothing
CUST04305,2025-06-13,87.13,Dining
CUST04305,2024-02-27,67.32,Grocery
CUST04305,2023-09-12,86.67,Electronics
CUST04305,2025-02-07,91.32,Electronics
CUST04305,2025-01-20,196.49,Electronics
CUST04305,2025-01-17,92.74,Travel
CUST04305,2024-08-09,30.05,Travel
CUST04305,2024-11-08,37.79,Grocery
CUST04305,2024-03-21,96.71,Clothing
CUST04305,2025-02-08,103.12,Dining
CUST04305,2024-02-05,6.84,Dining
CUST04305,2023-10-12,131.2,Dining
CUST04305,2023-07-14,43.43,Clothing
CUST04305,2025-05-29,5.31,Grocery
CUST04305,2025-05-26,18.24,Travel
CUST04305,2024-04-21,175.06,Travel
CUST04305,2023-12-15,14.98,Clothing
CUST04305,2024-03-07,519.81,Dining
CUST04305,2025-01-25,7.28,Grocery
CUST04305,2024-11-12,7.92,Electronics
CUST04305,2025-03-03,73.65,Travel
CUST04305,2023-08-08,23.97,Travel
CUST04305,2023-09-03,16.46,Clothing
CUST04305,2023-11-27,172.68,Dining
CUST04305,2024-05-23,6.16,Travel
CUST04305,2025-01-23,24.64,Electronics
CUST04305,2024-11-15,204.72,Clothing
CUST04305,2024-10-14,25.79,Dining
CUST04305,2024-10-25,19.09,Electronics
CUST04305,2025-02-26,53.67,Electronics
CUST04306,2024-11-05,22.13,Grocery
CUST04306,2024-08-08,12.35,Clothing
CUST04306,2023-08-27,208.58,Dining
CUST04306,2024-05-01,45.15,Dining
CUST04306,2023-08-09,56.95,Clothing
CUST04306,2025-05-18,43.59,Travel
CUST04306,2025-03-26,19.43,Travel
CUST04306,2023-03-30,224.82,Electronics
CUST04306,2025-07-31,18.82,Dining
CUST04306,2024-08-12,15.76,Travel
CUST04306,2024-03-01,54.14,Dining
CUST04306,2024-06-24,22.29,Clothing
CUST04306,2024-09-17,170.8,Dining
CUST04306,2025-05-12,130.63,Grocery
CUST04306,2023-12-05,70.15,Clothing
CUST04306,2024-06-25,46.59,Travel
CUST04306,2023-05-05,38.83,Clothing
CUST04306,2024-07-28,30.98,Dining
CUST04306,2023-08-31,17.72,Travel
CUST04306,2023-11-28,5.05,Electronics
CUST04306,2024-07-06,42.67,Dining
CUST04306,2023-03-27,39.12,Dining
CUST04306,2024-02-28,25.71,Dining
CUST04306,2023-07-10,130.3,Grocery
CUST04306,2023-06-21,140.09,Electronics
CUST04306,2023-04-16,73.06,Electronics
CUST04306,2023-05-12,89.47,Grocery
CUST04306,2024-05-27,174.52,Clothing
CUST04306,2024-01-02,8.25,Dining
CUST04306,2024-02-18,193.88,Dining
CUST04306,2024-12-16,106.56,Electronics
CUST04306,2024-05-28,27.44,Clothing
CUST04306,2024-01-01,78.61,Dining
CUST04306,2025-03-23,283.87,Electronics
CUST04306,2023-09-15,129.06,Dining
CUST04306,2023-02-02,50.9,Dining
CUST04306,2023-11-22,124.5,Electronics
CUST04306,2024-07-30,152.75,Clothing
CUST04306,2024-04-18,128.47,Electronics
CUST04306,2023-10-05,62.13,Electronics
CUST04306,2024-04-18,286.88,Travel
CUST04306,2024-04-07,35.18,Clothing
CUST04306,2024-06-12,61.26,Dining
CUST04306,2025-01-21,10.72,Clothing
CUST04306,2023-09-10,121.52,Travel
CUST04306,2024-07-09,59.46,Grocery
CUST04306,2024-05-03,331.87,Grocery
CUST04306,2024-12-17,110.58,Clothing
CUST04306,2024-12-27,193.09,Travel
CUST04306,2023-07-31,17.21,Electronics
CUST04306,2023-03-24,110.37,Electronics
CUST04306,2023-05-17,72.07,Travel
CUST04306,2024-12-26,43.72,Electronics
CUST04306,2023-05-14,79.88,Grocery
CUST04306,2024-09-08,74.84,Electronics
CUST04306,2025-02-13,12.36,Clothing
CUST04306,2024-05-24,139.31,Dining
CUST04306,2025-03-31,19.43,Electronics
CUST04306,2024-12-04,5.88,Electronics
CUST04306,2024-06-29,24.16,Clothing
CUST04306,2024-03-11,32.82,Grocery
CUST04306,2023-02-04,17.44,Grocery
CUST04306,2024-03-02,86.6,Dining
CUST04306,2024-11-02,5.46,Travel
CUST04306,2024-08-20,166.15,Grocery
CUST04306,2024-05-15,10.01,Travel
CUST04306,2025-07-13,52.02,Grocery
CUST04306,2024-07-20,16.4,Grocery
CUST04306,2024-05-15,46.6,Dining
CUST04306,2025-07-09,87.56,Grocery
CUST04306,2024-09-07,153.3,Electronics
CUST04306,2024-03-28,147.77,Dining
CUST04306,2025-07-06,10.42,Clothing
CUST04306,2023-10-30,79.33,Grocery
CUST04306,2023-09-28,18.28,Travel
CUST04306,2023-07-12,55.28,Electronics
CUST04306,2025-05-22,155.35,Travel
CUST04306,2025-06-29,29.46,Electronics
CUST04306,2023-11-22,102.46,Electronics
CUST04306,2024-03-16,27.08,Electronics
CUST04306,2023-11-02,65.38,Dining
CUST04306,2025-03-15,46.23,Electronics
CUST04306,2025-06-07,24.57,Clothing
CUST04306,2024-04-16,5.62,Travel
CUST04306,2024-09-15,288.19,Dining
CUST04306,2023-03-08,61.38,Grocery
CUST04306,2023-10-18,82.57,Grocery
CUST04306,2023-03-27,631.71,Grocery
CUST04306,2025-01-06,54.38,Clothing
CUST04306,2025-04-05,36.8,Dining
CUST04306,2023-07-13,150.79,Dining
CUST04306,2023-05-30,126.48,Dining
CUST04306,2024-05-13,243.04,Clothing
CUST04306,2024-01-29,83.95,Travel
CUST04306,2024-03-16,175.5,Clothing
CUST04306,2023-12-29,15.13,Travel
CUST04306,2023-06-05,7.19,Clothing
CUST04306,2024-03-01,209.24,Grocery
CUST04306,2023-03-31,41.67,Electronics
CUST04306,2024-12-20,78.08,Electronics
CUST04306,2023-02-20,20.4,Clothing
CUST04306,2024-07-15,13.08,Travel
CUST04306,2024-01-01,30.24,Grocery
CUST04306,2023-05-19,113.51,Travel
CUST04306,2025-05-04,9.02,Clothing
CUST04306,2023-05-28,68.19,Travel
CUST04306,2024-03-02,79.16,Dining
CUST04306,2024-05-23,92.85,Clothing
CUST04306,2024-06-05,31.62,Travel
CUST04306,2023-07-27,69.48,Travel
CUST04306,2023-11-10,130.8,Electronics
CUST04306,2024-05-27,16.34,Travel
CUST04306,2024-12-20,96.29,Travel
CUST04307,2024-07-21,124.23,Dining
CUST04307,2025-03-27,43.18,Electronics
CUST04307,2023-11-14,153.35,Grocery
CUST04307,2024-10-21,77.44,Grocery
CUST04307,2025-07-02,36.82,Travel
CUST04307,2024-03-02,99.03,Clothing
CUST04307,2023-08-24,69.47,Clothing
CUST04307,2023-06-18,14.06,Dining
CUST04307,2023-07-22,93.76,Electronics
CUST04307,2024-10-19,130.3,Electronics
CUST04307,2023-12-07,121.34,Electronics
CUST04307,2025-06-08,6.58,Dining
CUST04307,2025-04-22,108.14,Electronics
CUST04307,2023-10-22,106.33,Dining
CUST04307,2023-07-06,18.16,Clothing
CUST04307,2025-05-02,79.28,Electronics
CUST04307,2024-03-31,147.49,Grocery
CUST04307,2024-09-24,221.68,Dining
CUST04307,2025-07-09,37.64,Travel
CUST04307,2023-06-25,85.97,Grocery
CUST04307,2025-01-25,30.78,Dining
CUST04307,2023-10-31,29.62,Travel
CUST04307,2024-11-24,170.64,Travel
CUST04307,2024-08-24,56.67,Electronics
CUST04307,2023-08-23,10.13,Grocery
CUST04307,2025-07-16,9.06,Dining
CUST04307,2024-08-31,11.38,Grocery
CUST04307,2023-12-27,241.86,Electronics
CUST04307,2024-02-18,217.39,Dining
CUST04307,2024-10-15,36.21,Electronics
CUST04307,2024-04-14,115.97,Travel
CUST04307,2025-03-11,26.54,Clothing
CUST04307,2024-06-24,99.18,Dining
CUST04307,2025-05-13,14.97,Travel
CUST04307,2023-08-31,137.19,Travel
CUST04307,2023-12-24,104.35,Grocery
CUST04307,2024-07-04,104.39,Grocery
CUST04307,2023-08-22,13.62,Electronics
CUST04307,2024-03-26,95.01,Dining
CUST04307,2024-05-18,71.1,Dining
CUST04307,2024-12-04,28.9,Travel
CUST04307,2023-11-20,42.88,Electronics
CUST04307,2024-08-29,48.84,Grocery
CUST04307,2024-12-28,89.03,Travel
CUST04307,2024-12-10,34.37,Clothing
CUST04307,2024-04-29,114.94,Clothing
CUST04307,2023-12-07,129.61,Dining
CUST04307,2024-09-08,64.67,Electronics
CUST04307,2025-01-19,8.59,Dining
CUST04307,2024-04-25,85.81,Dining
CUST04307,2023-08-09,56.39,Dining
CUST04307,2023-12-22,15.82,Dining
CUST04307,2024-08-30,240.92,Clothing
CUST04307,2024-06-21,39.69,Clothing
CUST04307,2024-07-17,55.03,Clothing
CUST04307,2024-04-27,78.37,Dining
CUST04307,2024-09-16,15.82,Grocery
CUST04307,2024-08-11,45.83,Grocery
CUST04307,2025-03-26,62.35,Dining
CUST04307,2024-05-30,108.38,Grocery
CUST04307,2024-03-09,59.92,Dining
CUST04307,2024-04-06,19.52,Electronics
CUST04307,2023-08-20,200.26,Grocery
CUST04307,2025-04-23,54.45,Clothing
CUST04307,2023-06-28,78.21,Travel
CUST04307,2023-11-02,39.63,Grocery
CUST04307,2023-09-25,101.54,Grocery
CUST04307,2023-10-17,9.52,Dining
CUST04307,2025-01-09,7.54,Travel
CUST04307,2023-12-06,88.16,Travel
CUST04307,2024-06-05,39.21,Electronics
CUST04307,2024-05-29,29.47,Electronics
CUST04307,2024-08-05,166.56,Electronics
CUST04307,2024-09-03,144.58,Electronics
CUST04307,2023-10-09,63.42,Electronics
CUST04307,2024-07-04,57.99,Grocery
CUST04307,2025-02-10,7.55,Clothing
CUST04307,2024-05-16,74.34,Travel
CUST04307,2023-10-19,19.32,Travel
CUST04307,2025-07-16,13.77,Dining
CUST04307,2023-11-27,30.55,Electronics
CUST04307,2024-05-17,317.27,Grocery
CUST04307,2024-08-07,97.07,Travel
CUST04307,2024-12-05,7.17,Travel
CUST04307,2024-08-14,199.77,Electronics
CUST04307,2024-12-28,40.45,Grocery
CUST04307,2024-03-10,9.36,Electronics
CUST04307,2024-04-08,29.07,Grocery
CUST04307,2024-11-02,117.32,Grocery
CUST04308,2024-06-22,41.19,Electronics
CUST04308,2023-02-12,17.31,Grocery
CUST04308,2024-11-22,212.79,Clothing
CUST04308,2024-04-20,152.76,Electronics
CUST04308,2023-02-03,62.92,Grocery
CUST04308,2024-04-29,23.99,Dining
CUST04308,2022-08-31,90.75,Dining
CUST04308,2022-07-15,36.58,Clothing
CUST04308,2024-02-11,26.47,Travel
CUST04308,2023-10-16,65.16,Dining
CUST04308,2022-10-22,145.92,Travel
CUST04308,2024-05-26,165.68,Travel
CUST04308,2023-10-12,6.52,Grocery
CUST04308,2024-10-20,6.99,Clothing
CUST04308,2025-03-29,37.18,Clothing
CUST04308,2023-08-24,93.52,Dining
CUST04308,2023-12-02,85.74,Travel
CUST04308,2024-09-08,168.88,Dining
CUST04308,2023-07-04,70.64,Dining
CUST04308,2022-09-05,31.46,Grocery
CUST04308,2025-02-15,72.13,Travel
CUST04308,2023-11-27,8.69,Travel
CUST04308,2025-07-14,9.39,Electronics
CUST04308,2023-04-12,12.04,Clothing
CUST04308,2022-12-23,9.34,Clothing
CUST04308,2023-12-01,74.2,Dining
CUST04308,2024-01-31,177.01,Electronics
CUST04308,2025-02-17,151.91,Dining
CUST04308,2024-04-01,96.91,Dining
CUST04308,2024-08-04,9.6,Electronics
CUST04308,2022-08-20,38.51,Clothing
CUST04308,2023-05-17,174.6,Electronics
CUST04308,2025-04-12,238.55,Grocery
CUST04308,2023-06-04,160.64,Dining
CUST04308,2024-04-08,23.16,Grocery
CUST04308,2023-01-30,70.44,Dining
CUST04308,2023-02-17,20.63,Grocery
CUST04308,2025-01-20,56.46,Travel
CUST04308,2025-07-11,18.19,Travel
CUST04308,2024-12-31,94.84,Travel
CUST04308,2024-08-07,145.75,Dining
CUST04308,2023-06-12,108.02,Grocery
CUST04308,2022-09-07,25.94,Travel
CUST04308,2024-08-09,99.46,Grocery
CUST04308,2023-10-30,44.41,Travel
CUST04308,2024-06-23,254.78,Dining
CUST04308,2024-03-04,52.37,Clothing
CUST04308,2025-03-03,117.66,Electronics
CUST04308,2023-11-23,108.71,Dining
CUST04308,2023-09-18,34.44,Electronics
CUST04308,2025-01-21,52.23,Electronics
CUST04308,2025-03-12,122.46,Dining
CUST04308,2022-08-28,21.74,Grocery
CUST04308,2022-07-26,96.32,Travel
CUST04308,2024-05-28,59.06,Dining
CUST04308,2023-01-28,17.65,Travel
CUST04308,2023-01-26,166.31,Clothing
CUST04308,2023-05-17,259.69,Dining
CUST04308,2023-04-06,87.82,Dining
CUST04308,2023-10-05,57.07,Dining
CUST04308,2023-01-15,84.51,Travel
CUST04308,2024-01-09,10.92,Travel
CUST04308,2024-12-28,42.59,Electronics
CUST04308,2024-08-20,12.4,Travel
CUST04308,2025-03-18,59.47,Grocery
CUST04308,2024-04-08,107.21,Travel
CUST04308,2023-02-23,176.88,Dining
CUST04308,2025-02-13,32.15,Electronics
CUST04308,2024-12-29,7.09,Clothing
CUST04308,2022-10-23,61.4,Grocery
CUST04308,2024-02-16,11.35,Dining
CUST04308,2023-08-28,7.33,Electronics
CUST04308,2024-05-29,91.98,Electronics
CUST04308,2024-12-02,265.9,Dining
CUST04308,2024-10-02,232.82,Clothing
CUST04308,2025-01-27,93.52,Grocery
CUST04308,2023-04-21,95.17,Electronics
CUST04308,2024-11-24,9.98,Clothing
CUST04308,2022-11-04,31.72,Travel
CUST04308,2022-12-03,106.73,Dining
CUST04308,2022-06-15,36.85,Electronics
CUST04308,2023-02-12,25.27,Clothing
CUST04308,2024-06-27,261.14,Clothing
CUST04308,2025-03-14,33.98,Clothing
CUST04308,2025-07-31,179.89,Grocery
CUST04308,2025-01-15,22.35,Grocery
CUST04308,2023-03-10,50.94,Travel
CUST04308,2024-04-08,247.57,Electronics
CUST04308,2024-07-04,110.95,Grocery
CUST04308,2023-01-24,28.92,Clothing
CUST04308,2025-03-02,55.19,Electronics
CUST04308,2023-07-06,42.29,Travel
CUST04308,2023-08-19,48.68,Grocery
CUST04308,2024-12-11,58.58,Grocery
CUST04308,2022-07-25,36.46,Dining
CUST04308,2022-11-25,86.73,Travel
CUST04308,2024-06-14,67.59,Electronics
CUST04309,2025-07-22,52.27,Dining
CUST04309,2024-12-27,26.85,Electronics
CUST04309,2023-12-07,223.54,Grocery
CUST04309,2025-01-18,136.01,Dining
CUST04309,2024-03-31,33.17,Electronics
CUST04309,2024-02-23,78.86,Grocery
CUST04309,2024-09-15,27.52,Electronics
CUST04309,2024-06-21,320.23,Clothing
CUST04309,2025-02-05,82.77,Clothing
CUST04309,2024-08-07,47.86,Dining
CUST04309,2025-07-09,74.42,Travel
CUST04309,2024-08-19,25.32,Clothing
CUST04309,2024-09-06,117.7,Travel
CUST04309,2024-11-01,81.18,Dining
CUST04309,2024-11-14,35.36,Clothing
CUST04309,2023-09-19,53.54,Clothing
CUST04309,2024-12-27,24.66,Electronics
CUST04309,2024-06-26,27.45,Clothing
CUST04309,2024-05-05,93.57,Dining
CUST04309,2024-07-11,58.41,Grocery
CUST04309,2025-06-04,172.81,Clothing
CUST04309,2025-03-26,18.06,Grocery
CUST04309,2024-12-30,57.18,Dining
CUST04309,2023-12-03,62.95,Dining
CUST04309,2024-02-10,113.63,Electronics
CUST04309,2025-07-02,60.35,Grocery
CUST04309,2024-11-30,57.73,Electronics
CUST04309,2023-09-06,113.98,Grocery
CUST04309,2025-07-19,22.99,Electronics
CUST04309,2024-06-28,158.7,Electronics
CUST04309,2024-04-04,131.27,Clothing
CUST04309,2025-05-28,76.9,Travel
CUST04309,2024-03-22,25.72,Dining
CUST04309,2025-05-12,253.01,Travel
CUST04309,2023-09-05,293.96,Clothing
CUST04309,2025-07-07,51.02,Travel
CUST04309,2024-10-26,22.42,Electronics
CUST04309,2023-08-14,44.8,Grocery
CUST04309,2024-05-21,147.71,Clothing
CUST04309,2024-07-25,28.49,Grocery
CUST04309,2025-06-10,223.25,Dining
CUST04309,2025-07-19,37.56,Electronics
CUST04309,2025-07-23,8.07,Grocery
CUST04309,2025-06-28,49.21,Clothing
CUST04309,2023-10-06,23.06,Clothing
CUST04309,2024-11-26,82.89,Grocery
CUST04309,2025-02-17,23.65,Travel
CUST04309,2023-11-06,33.48,Dining
CUST04309,2023-12-04,8.24,Grocery
CUST04309,2023-10-28,86.75,Dining
CUST04309,2025-04-07,47.8,Travel
CUST04309,2025-01-14,60.72,Travel
CUST04309,2024-05-06,183.93,Clothing
CUST04309,2023-11-02,43.05,Grocery
CUST04309,2025-02-20,63.08,Clothing
CUST04309,2024-08-21,14.68,Electronics
CUST04309,2023-09-11,552.24,Electronics
CUST04309,2025-06-25,80.07,Dining
CUST04309,2023-12-03,23.31,Clothing
CUST04309,2024-01-29,42.48,Dining
CUST04309,2025-03-06,51.56,Electronics
CUST04309,2023-11-28,61.97,Grocery
CUST04309,2023-11-16,273.03,Electronics
CUST04309,2024-10-02,73.25,Travel
CUST04309,2024-03-26,89.99,Dining
CUST04309,2024-08-26,46.82,Grocery
CUST04309,2024-06-29,144.12,Travel
CUST04309,2024-08-31,419.04,Grocery
CUST04309,2025-02-10,50.64,Dining
CUST04309,2025-05-03,57.02,Electronics
CUST04309,2024-12-17,37.56,Electronics
CUST04309,2025-06-20,83.09,Grocery
CUST04309,2025-07-31,15.76,Travel
CUST04309,2025-03-24,44.6,Clothing
CUST04309,2024-11-17,31.88,Grocery
CUST04309,2025-05-12,62.41,Travel
CUST04309,2024-05-31,84.35,Clothing
CUST04309,2024-03-20,195.23,Travel
CUST04309,2024-11-28,7.52,Grocery
CUST04309,2023-07-21,17.11,Clothing
CUST04309,2024-07-17,24.69,Travel
CUST04309,2025-01-08,10.36,Grocery
CUST04309,2024-12-16,22.83,Dining
CUST04309,2024-04-06,315.36,Dining
CUST04309,2024-05-09,33.7,Travel
CUST04309,2023-08-30,61.31,Dining
CUST04309,2024-07-28,290.11,Grocery
CUST04309,2024-12-03,6.38,Grocery
CUST04309,2023-12-29,18.06,Clothing
CUST04309,2024-03-08,68.82,Electronics
CUST04309,2023-08-03,8.73,Clothing
CUST04309,2023-09-26,44.9,Dining
CUST04309,2025-06-04,26.69,Clothing
CUST04309,2024-08-11,318.82,Electronics
CUST04309,2024-01-11,77.43,Grocery
CUST04309,2025-07-20,86.61,Clothing
CUST04309,2024-07-12,54.69,Electronics
CUST04309,2024-06-04,244.53,Travel
CUST04309,2023-10-19,23.22,Travel
CUST04309,2024-03-01,139.62,Grocery
CUST04309,2025-03-07,87.36,Travel
CUST04309,2024-10-01,5.14,Electronics
CUST04309,2024-06-27,123.42,Electronics
CUST04309,2023-11-07,8.09,Grocery
CUST04310,2025-02-19,39.27,Electronics
CUST04310,2024-06-03,68.64,Electronics
CUST04310,2024-05-06,31.84,Electronics
CUST04310,2025-01-03,103.35,Travel
CUST04310,2022-11-29,17.31,Travel
CUST04310,2024-07-12,110.84,Travel
CUST04310,2023-05-06,36.96,Electronics
CUST04310,2024-02-25,279.53,Grocery
CUST04310,2024-07-03,50.1,Electronics
CUST04310,2024-01-12,133.73,Electronics
CUST04310,2024-11-14,77.96,Grocery
CUST04310,2023-10-12,97.54,Electronics
CUST04310,2022-12-10,60.48,Clothing
CUST04310,2023-03-12,41.09,Dining
CUST04310,2025-05-05,180.11,Dining
CUST04310,2024-02-08,24.54,Grocery
CUST04310,2025-07-21,177.07,Electronics
CUST04310,2025-07-29,235.85,Clothing
CUST04310,2023-03-20,54.39,Electronics
CUST04310,2024-10-02,20.93,Travel
CUST04310,2025-01-28,36.85,Travel
CUST04310,2024-09-07,52.35,Electronics
CUST04310,2024-12-16,38.29,Travel
CUST04310,2024-05-19,186.65,Electronics
CUST04310,2024-07-15,114.79,Dining
CUST04310,2023-03-29,17.55,Electronics
CUST04310,2023-04-22,23.69,Grocery
CUST04310,2022-12-31,28.73,Dining
CUST04310,2023-11-10,70.12,Electronics
CUST04310,2024-05-13,206.28,Grocery
CUST04310,2023-06-02,14.09,Travel
CUST04310,2025-04-25,6.49,Electronics
CUST04310,2023-04-01,24.19,Electronics
CUST04310,2025-02-23,88.84,Dining
CUST04310,2023-12-18,119.4,Grocery
CUST04310,2024-11-28,8.47,Travel
CUST04310,2023-03-21,40.18,Travel
CUST04310,2023-01-23,40.57,Electronics
CUST04310,2023-02-09,13.25,Grocery
CUST04310,2023-12-06,41.38,Dining
CUST04310,2023-12-23,118.7,Clothing
CUST04310,2025-05-22,107.45,Electronics
CUST04310,2023-06-29,93.13,Grocery
CUST04310,2024-02-25,59.11,Travel
CUST04310,2023-04-08,83.74,Electronics
CUST04310,2025-03-05,155.0,Dining
CUST04310,2024-11-17,42.63,Grocery
CUST04310,2025-02-13,66.07,Grocery
CUST04310,2024-08-28,42.18,Electronics
CUST04310,2022-12-15,39.21,Clothing
CUST04310,2023-09-01,24.84,Grocery
CUST04310,2025-02-14,65.01,Clothing
CUST04310,2024-12-05,35.83,Clothing
CUST04310,2024-07-28,142.99,Electronics
CUST04310,2024-08-07,93.01,Electronics
CUST04310,2022-12-15,103.23,Travel
CUST04310,2025-07-29,157.65,Dining
CUST04310,2023-12-27,177.69,Grocery
CUST04310,2024-06-21,55.1,Travel
CUST04310,2025-01-20,89.57,Travel
CUST04310,2023-04-13,176.28,Grocery
CUST04310,2024-12-11,40.1,Electronics
CUST04310,2023-11-24,97.68,Electronics
CUST04310,2024-02-16,106.27,Travel
CUST04310,2023-03-26,38.46,Grocery
CUST04310,2025-04-16,31.52,Clothing
CUST04310,2024-01-24,154.31,Grocery
CUST04310,2022-11-24,150.77,Dining
CUST04310,2023-10-31,25.98,Clothing
CUST04310,2024-02-20,14.22,Clothing
CUST04310,2024-06-23,63.96,Electronics
CUST04310,2022-12-09,135.18,Grocery
CUST04310,2023-02-11,65.31,Electronics
CUST04310,2025-06-14,30.4,Electronics
CUST04310,2022-10-27,144.17,Electronics
CUST04310,2024-10-03,239.51,Electronics
CUST04310,2024-11-27,32.51,Clothing
CUST04310,2023-03-10,34.96,Grocery
CUST04310,2023-01-19,30.01,Grocery
CUST04310,2024-09-03,45.65,Electronics
CUST04310,2024-05-12,50.36,Dining
CUST04310,2023-11-12,30.79,Clothing
CUST04310,2024-05-25,11.81,Grocery
CUST04310,2023-04-09,105.65,Electronics
CUST04310,2023-03-28,9.88,Clothing
CUST04310,2024-04-15,416.79,Clothing
CUST04310,2024-04-27,45.6,Dining
CUST04310,2024-12-15,35.71,Grocery
CUST04310,2022-11-19,32.46,Grocery
CUST04310,2023-10-03,85.46,Travel
CUST04310,2023-05-18,36.97,Electronics
CUST04310,2024-05-04,150.3,Grocery
CUST04310,2025-05-10,23.76,Grocery
CUST04310,2023-01-04,85.09,Clothing
CUST04310,2023-10-09,165.6,Travel
CUST04310,2023-07-07,53.58,Clothing
CUST04310,2024-07-28,6.12,Clothing
CUST04310,2025-07-04,20.72,Grocery
CUST04310,2025-08-01,5.66,Electronics
CUST04310,2025-03-21,55.47,Electronics
CUST04310,2024-01-18,14.47,Electronics
CUST04310,2023-04-11,13.56,Grocery
CUST04310,2024-04-02,17.75,Grocery
CUST04310,2023-08-04,10.58,Travel
CUST04310,2024-09-08,147.41,Dining
CUST04310,2024-01-20,47.09,Travel
CUST04310,2023-01-31,135.57,Travel
CUST04310,2025-05-12,6.03,Clothing
CUST04310,2025-04-02,42.47,Travel
CUST04311,2024-06-11,20.4,Dining
CUST04311,2025-01-07,74.96,Clothing
CUST04311,2025-03-22,86.22,Grocery
CUST04311,2025-02-18,68.8,Electronics
CUST04311,2025-06-01,150.0,Electronics
CUST04311,2024-04-10,152.5,Electronics
CUST04311,2025-04-22,173.9,Clothing
CUST04311,2024-06-26,68.53,Grocery
CUST04311,2024-04-16,152.89,Travel
CUST04311,2025-01-22,66.6,Clothing
CUST04311,2025-05-27,72.54,Dining
CUST04311,2024-04-11,81.81,Travel
CUST04311,2024-06-21,26.54,Travel
CUST04311,2024-06-26,11.42,Travel
CUST04311,2025-06-21,127.84,Grocery
CUST04311,2024-12-13,12.78,Dining
CUST04311,2024-05-31,77.75,Dining
CUST04311,2024-08-13,92.89,Electronics
CUST04311,2025-02-19,177.04,Clothing
CUST04311,2025-07-24,90.15,Travel
CUST04311,2024-10-26,42.13,Travel
CUST04311,2025-07-21,129.73,Grocery
CUST04311,2024-06-01,40.47,Electronics
CUST04311,2024-12-26,23.4,Dining
CUST04311,2025-01-17,143.83,Travel
CUST04311,2024-07-01,54.03,Clothing
CUST04311,2024-12-30,125.76,Electronics
CUST04311,2024-08-23,95.01,Electronics
CUST04311,2024-06-16,96.53,Clothing
CUST04311,2025-07-11,76.03,Electronics
CUST04311,2024-09-04,28.25,Dining
CUST04311,2025-04-14,38.53,Electronics
CUST04311,2024-05-31,13.53,Dining
CUST04311,2025-05-09,7.23,Electronics
CUST04311,2024-05-11,45.58,Grocery
CUST04311,2025-03-31,39.79,Travel
CUST04311,2024-04-19,31.49,Clothing
CUST04311,2025-06-17,36.45,Dining
CUST04311,2024-12-29,219.6,Clothing
CUST04311,2025-05-06,81.25,Clothing
CUST04311,2024-08-29,31.11,Travel
CUST04311,2024-07-19,98.75,Clothing
CUST04311,2025-02-11,33.19,Travel
CUST04311,2024-10-22,79.05,Clothing
CUST04311,2024-09-28,63.56,Dining
CUST04311,2024-10-27,67.63,Grocery
CUST04311,2025-03-05,226.94,Grocery
CUST04311,2024-09-29,141.0,Dining
CUST04311,2024-09-09,105.95,Dining
CUST04311,2025-05-24,110.2,Dining
CUST04311,2024-07-31,31.27,Dining
CUST04311,2024-05-17,27.12,Travel
CUST04311,2025-05-03,220.36,Dining
CUST04311,2024-04-27,206.77,Travel
CUST04311,2025-05-07,30.09,Dining
CUST04311,2025-01-31,75.24,Grocery
CUST04311,2024-12-30,42.57,Dining
CUST04311,2025-03-15,41.83,Dining
CUST04311,2024-07-30,146.52,Travel
CUST04311,2024-10-25,95.5,Travel
CUST04311,2024-04-09,74.43,Grocery
CUST04311,2025-03-17,9.22,Clothing
CUST04311,2025-05-12,100.0,Grocery
CUST04311,2024-07-19,6.8,Travel
CUST04311,2025-03-16,233.34,Grocery
CUST04311,2024-09-01,29.82,Grocery
CUST04311,2025-03-30,29.66,Electronics
CUST04311,2024-08-05,14.21,Dining
CUST04311,2024-12-21,48.86,Electronics
CUST04311,2024-06-25,96.24,Electronics
CUST04311,2024-06-23,140.25,Electronics
CUST04311,2024-04-27,27.7,Clothing
CUST04311,2024-08-29,101.21,Travel
CUST04311,2024-04-10,120.71,Grocery
CUST04311,2025-07-20,150.41,Grocery
CUST04311,2025-06-25,203.72,Grocery
CUST04311,2024-11-13,12.72,Dining
CUST04311,2024-05-16,8.19,Dining
CUST04311,2025-07-30,110.98,Clothing
CUST04311,2025-03-26,18.89,Electronics
CUST04311,2025-04-15,6.44,Dining
CUST04311,2025-04-19,109.07,Grocery
CUST04311,2024-07-08,87.67,Travel
CUST04311,2024-10-21,47.86,Clothing
CUST04311,2024-05-13,12.56,Dining
CUST04311,2025-06-29,95.84,Electronics
CUST04311,2024-05-30,292.85,Grocery
CUST04311,2024-12-05,22.76,Dining
CUST04311,2024-10-14,103.51,Grocery
CUST04311,2024-12-01,5.81,Electronics
CUST04311,2024-08-23,164.91,Clothing
CUST04311,2024-09-04,413.21,Electronics
CUST04311,2024-07-10,112.09,Clothing
CUST04311,2025-06-05,67.14,Clothing
CUST04311,2024-07-24,188.43,Clothing
CUST04311,2024-07-17,78.69,Clothing
CUST04311,2025-01-09,20.14,Clothing
CUST04311,2025-07-29,10.86,Dining
CUST04311,2024-11-14,18.79,Dining
CUST04311,2024-10-10,9.49,Dining
CUST04311,2024-12-31,53.94,Electronics
CUST04312,2023-10-14,73.55,Electronics
CUST04312,2025-06-25,11.03,Electronics
CUST04312,2024-10-06,373.05,Electronics
CUST04312,2023-09-23,15.17,Travel
CUST04312,2025-06-25,56.74,Grocery
CUST04312,2023-10-04,45.42,Dining
CUST04312,2024-05-05,34.4,Dining
CUST04312,2024-02-27,152.1,Travel
CUST04312,2021-08-26,41.74,Dining
CUST04312,2023-02-22,38.77,Clothing
CUST04312,2022-05-09,5.6,Clothing
CUST04312,2023-02-15,17.54,Travel
CUST04312,2021-08-24,64.6,Electronics
CUST04312,2024-11-30,238.03,Clothing
CUST04312,2021-08-12,33.0,Grocery
CUST04312,2021-11-12,73.16,Clothing
CUST04312,2025-05-05,27.68,Electronics
CUST04312,2023-05-17,68.54,Clothing
CUST04312,2024-02-06,8.12,Grocery
CUST04312,2023-02-08,237.11,Clothing
CUST04312,2022-10-16,20.54,Clothing
CUST04312,2024-10-04,110.19,Dining
CUST04312,2024-06-13,58.98,Clothing
CUST04312,2024-04-24,39.3,Travel
CUST04312,2021-10-17,132.93,Electronics
CUST04312,2022-06-24,113.38,Clothing
CUST04312,2024-12-18,74.72,Grocery
CUST04312,2024-07-21,62.02,Dining
CUST04312,2024-01-19,250.26,Clothing
CUST04312,2023-12-19,233.59,Electronics
CUST04312,2024-04-27,185.03,Travel
CUST04312,2022-09-10,22.05,Travel
CUST04312,2021-10-15,81.66,Clothing
CUST04312,2024-01-22,88.3,Electronics
CUST04312,2023-09-03,61.99,Grocery
CUST04312,2022-02-22,177.99,Travel
CUST04312,2023-08-29,45.62,Grocery
CUST04312,2022-02-25,56.96,Grocery
CUST04312,2023-08-26,53.24,Clothing
CUST04312,2025-02-25,83.29,Travel
CUST04312,2021-12-27,30.9,Clothing
CUST04312,2025-03-29,69.17,Grocery
CUST04312,2021-12-23,149.71,Dining
CUST04312,2023-06-13,37.03,Travel
CUST04312,2021-11-30,161.49,Clothing
CUST04312,2023-11-27,78.63,Dining
CUST04312,2022-12-07,31.96,Dining
CUST04312,2025-07-22,135.01,Electronics
CUST04312,2022-03-22,18.54,Grocery
CUST04312,2022-06-21,81.84,Grocery
CUST04312,2024-03-17,8.15,Grocery
CUST04312,2023-08-22,220.23,Dining
CUST04312,2024-05-16,59.88,Clothing
CUST04312,2024-02-03,52.82,Electronics
CUST04312,2022-09-10,93.38,Clothing
CUST04312,2025-07-22,45.11,Grocery
CUST04312,2024-12-22,42.07,Grocery
CUST04312,2022-08-16,139.36,Travel
CUST04312,2022-10-01,12.12,Dining
CUST04312,2025-07-09,6.99,Dining
CUST04312,2024-02-25,367.74,Grocery
CUST04312,2022-02-15,67.31,Clothing
CUST04312,2025-04-27,96.88,Grocery
CUST04312,2025-04-21,35.6,Clothing
CUST04312,2022-03-04,370.51,Travel
CUST04312,2024-07-10,59.99,Dining
CUST04312,2022-10-30,7.55,Dining
CUST04312,2023-01-01,108.24,Electronics
CUST04312,2024-12-19,108.49,Clothing
CUST04312,2022-04-22,29.57,Clothing
CUST04312,2023-09-06,14.33,Dining
CUST04312,2023-08-01,67.43,Clothing
CUST04312,2023-07-25,9.12,Clothing
CUST04312,2022-09-10,5.56,Dining
CUST04312,2024-04-23,168.75,Dining
CUST04312,2024-02-02,20.12,Electronics
CUST04312,2022-07-20,138.83,Dining
CUST04312,2023-06-12,41.48,Travel
CUST04312,2023-05-07,156.63,Clothing
CUST04312,2022-10-04,14.84,Clothing
CUST04312,2021-08-29,44.11,Clothing
CUST04312,2023-08-16,260.53,Grocery
CUST04312,2025-07-18,80.8,Electronics
CUST04312,2024-05-01,421.35,Grocery
CUST04312,2023-09-20,10.4,Electronics
CUST04312,2021-10-01,29.35,Clothing
CUST04312,2022-05-24,42.06,Clothing
CUST04312,2023-01-01,11.11,Travel
CUST04312,2023-10-20,219.2,Grocery
CUST04312,2021-09-24,20.16,Travel
CUST04312,2023-08-23,36.74,Clothing
CUST04312,2022-08-14,13.07,Clothing
CUST04312,2024-11-29,54.87,Clothing
CUST04312,2024-02-16,185.17,Electronics
CUST04312,2024-09-23,14.46,Dining
CUST04312,2022-02-22,80.23,Grocery
CUST04312,2024-02-14,289.45,Electronics
CUST04312,2022-08-05,58.36,Grocery
CUST04312,2021-08-08,118.39,Clothing
CUST04312,2022-03-15,39.72,Electronics
CUST04312,2024-04-06,81.17,Dining
CUST04312,2022-09-05,261.25,Clothing
CUST04312,2024-02-18,120.85,Clothing
CUST04312,2025-05-27,146.56,Travel
CUST04312,2024-07-06,47.01,Clothing
CUST04312,2023-10-26,38.42,Dining
CUST04312,2023-10-11,73.89,Clothing
CUST04312,2022-05-21,35.24,Clothing
CUST04312,2023-10-19,281.53,Dining
CUST04313,2023-10-18,86.16,Grocery
CUST04313,2023-12-23,26.67,Electronics
CUST04313,2024-03-10,61.2,Grocery
CUST04313,2024-12-03,172.25,Clothing
CUST04313,2024-12-19,57.91,Electronics
CUST04313,2023-09-21,270.13,Electronics
CUST04313,2023-10-04,11.76,Dining
CUST04313,2025-07-10,63.83,Dining
CUST04313,2024-01-28,40.1,Travel
CUST04313,2024-07-27,48.48,Travel
CUST04313,2024-04-15,74.39,Electronics
CUST04313,2024-02-07,128.06,Electronics
CUST04313,2024-07-27,41.25,Electronics
CUST04313,2024-07-27,7.1,Clothing
CUST04313,2024-06-26,11.94,Electronics
CUST04313,2025-06-28,25.34,Travel
CUST04313,2024-09-15,48.6,Electronics
CUST04313,2025-05-09,61.41,Dining
CUST04313,2024-08-10,135.12,Clothing
CUST04313,2025-05-07,115.03,Travel
CUST04313,2024-12-21,84.64,Clothing
CUST04313,2024-10-03,213.8,Travel
CUST04313,2025-06-27,5.1,Electronics
CUST04313,2025-03-23,75.97,Clothing
CUST04313,2023-09-05,21.08,Dining
CUST04313,2025-07-28,135.25,Dining
CUST04313,2024-02-24,335.75,Electronics
CUST04313,2023-12-25,224.14,Travel
CUST04313,2024-09-17,161.47,Electronics
CUST04313,2024-10-12,44.19,Clothing
CUST04313,2025-04-16,49.47,Clothing
CUST04313,2025-07-17,27.26,Electronics
CUST04313,2023-12-04,133.37,Grocery
CUST04313,2024-02-17,21.65,Grocery
CUST04313,2024-07-01,45.65,Grocery
CUST04313,2024-07-21,60.18,Travel
CUST04313,2023-09-23,35.47,Travel
CUST04313,2024-12-10,130.95,Travel
CUST04313,2023-10-26,7.22,Electronics
CUST04313,2024-01-23,48.28,Clothing
CUST04313,2024-07-12,18.32,Clothing
CUST04313,2024-02-19,184.95,Electronics
CUST04313,2023-12-30,39.42,Clothing
CUST04313,2024-04-17,118.41,Clothing
CUST04313,2023-12-05,106.98,Electronics
CUST04313,2025-06-11,50.61,Grocery
CUST04313,2025-01-22,45.31,Dining
CUST04313,2025-02-15,49.36,Electronics
CUST04313,2023-10-26,53.27,Grocery
CUST04313,2023-09-08,23.03,Dining
CUST04313,2024-01-18,12.57,Clothing
CUST04313,2025-07-01,92.48,Clothing
CUST04313,2024-01-29,41.37,Grocery
CUST04313,2024-06-29,10.55,Grocery
CUST04313,2024-06-05,7.52,Grocery
CUST04313,2025-02-08,21.81,Electronics
CUST04313,2025-01-08,134.96,Travel
CUST04313,2023-09-11,51.0,Dining
CUST04313,2024-10-18,28.71,Electronics
CUST04313,2025-03-14,71.42,Electronics
CUST04313,2024-09-09,93.45,Electronics
CUST04313,2023-10-15,36.22,Grocery
CUST04313,2023-09-15,134.37,Grocery
CUST04313,2024-04-30,53.33,Travel
CUST04313,2023-11-28,17.3,Electronics
CUST04313,2025-07-05,20.17,Clothing
CUST04313,2024-11-24,43.48,Dining
CUST04313,2024-10-05,49.31,Travel
CUST04313,2023-12-08,13.88,Grocery
CUST04313,2025-03-20,60.44,Grocery
CUST04313,2024-09-06,6.48,Travel
CUST04313,2023-09-24,19.76,Dining
CUST04313,2023-12-10,25.35,Clothing
CUST04313,2023-09-18,13.07,Clothing
CUST04313,2024-11-16,80.16,Travel
CUST04313,2023-10-13,92.93,Grocery
CUST04313,2024-05-19,34.96,Grocery
CUST04313,2025-04-07,132.47,Dining
CUST04313,2025-05-26,287.07,Travel
CUST04313,2025-01-02,81.72,Grocery
CUST04313,2025-03-02,14.6,Travel
CUST04313,2024-09-21,51.8,Clothing
CUST04313,2023-08-13,29.58,Grocery
CUST04313,2025-06-12,54.79,Clothing
CUST04313,2024-03-08,23.96,Travel
CUST04313,2024-03-25,20.08,Clothing
CUST04313,2023-11-14,35.36,Clothing
CUST04313,2025-04-29,76.45,Clothing
CUST04313,2024-09-14,21.09,Grocery
CUST04313,2024-10-25,13.35,Dining
CUST04313,2024-06-26,446.18,Dining
CUST04313,2023-09-20,108.48,Travel
CUST04313,2024-08-07,42.57,Grocery
CUST04313,2024-12-01,135.48,Electronics
CUST04313,2023-10-08,72.69,Grocery
CUST04313,2023-10-06,11.75,Grocery
CUST04314,2025-04-12,69.57,Travel
CUST04314,2024-12-12,41.49,Dining
CUST04314,2022-12-05,50.09,Grocery
CUST04314,2025-04-29,84.26,Grocery
CUST04314,2024-08-08,30.46,Electronics
CUST04314,2024-06-25,34.34,Electronics
CUST04314,2025-01-06,51.23,Travel
CUST04314,2024-06-30,224.2,Dining
CUST04314,2024-10-09,130.49,Electronics
CUST04314,2023-07-23,105.88,Electronics
CUST04314,2023-11-19,21.27,Travel
CUST04314,2023-11-18,166.9,Grocery
CUST04314,2024-08-29,51.44,Clothing
CUST04314,2024-06-14,213.15,Grocery
CUST04314,2025-06-21,47.31,Clothing
CUST04314,2025-05-21,8.55,Grocery
CUST04314,2023-02-16,94.55,Dining
CUST04314,2022-12-14,14.48,Dining
CUST04314,2024-06-07,9.72,Clothing
CUST04314,2023-08-11,45.51,Travel
CUST04314,2025-06-16,10.87,Clothing
CUST04314,2022-10-10,11.65,Travel
CUST04314,2023-10-29,6.83,Dining
CUST04314,2024-04-10,99.57,Dining
CUST04314,2025-06-07,7.92,Electronics
CUST04314,2023-06-28,18.01,Grocery
CUST04314,2025-02-18,55.4,Dining
CUST04314,2025-02-02,168.68,Grocery
CUST04314,2025-05-27,74.53,Grocery
CUST04314,2024-03-28,38.66,Dining
CUST04314,2024-03-18,103.62,Grocery
CUST04314,2023-02-25,60.18,Dining
CUST04314,2023-11-22,102.83,Grocery
CUST04314,2025-01-09,35.97,Grocery
CUST04314,2024-07-30,20.53,Grocery
CUST04314,2023-08-30,63.71,Electronics
CUST04314,2023-03-28,178.59,Dining
CUST04314,2023-01-15,89.28,Electronics
CUST04314,2025-04-10,26.69,Clothing
CUST04314,2024-09-06,199.25,Clothing
CUST04314,2022-09-16,12.6,Electronics
CUST04314,2024-06-03,76.85,Travel
CUST04314,2023-03-27,5.45,Electronics
CUST04314,2023-11-25,26.29,Travel
CUST04314,2023-08-02,51.56,Grocery
CUST04314,2023-02-24,71.24,Grocery
CUST04314,2022-09-12,77.51,Dining
CUST04314,2024-06-18,82.47,Clothing
CUST04314,2025-06-14,79.89,Travel
CUST04314,2024-04-07,56.91,Clothing
CUST04314,2024-10-08,12.99,Electronics
CUST04314,2024-03-15,126.27,Clothing
CUST04314,2025-02-21,69.04,Travel
CUST04314,2023-01-06,53.85,Electronics
CUST04314,2024-08-01,43.44,Dining
CUST04314,2022-11-21,50.21,Dining
CUST04314,2022-09-12,6.52,Electronics
CUST04314,2025-06-21,99.18,Travel
CUST04314,2024-07-08,230.16,Dining
CUST04314,2024-06-13,208.8,Dining
CUST04314,2025-05-21,99.92,Electronics
CUST04314,2023-01-12,18.97,Dining
CUST04314,2024-09-28,6.86,Dining
CUST04314,2024-11-18,69.37,Grocery
CUST04314,2024-03-31,79.71,Travel
CUST04314,2025-04-11,139.15,Dining
CUST04314,2022-10-18,7.72,Electronics
CUST04314,2023-05-13,6.39,Grocery
CUST04314,2024-03-04,95.91,Clothing
CUST04314,2024-11-14,56.73,Travel
CUST04314,2024-11-18,124.16,Travel
CUST04314,2023-04-08,102.24,Clothing
CUST04314,2025-03-05,70.82,Clothing
CUST04314,2024-01-28,223.13,Dining
CUST04314,2023-08-02,13.93,Clothing
CUST04314,2022-11-26,53.57,Grocery
CUST04314,2024-04-22,30.29,Travel
CUST04314,2024-01-28,20.81,Grocery
CUST04314,2023-07-05,140.39,Travel
CUST04314,2024-04-19,58.09,Electronics
CUST04314,2024-02-18,75.64,Travel
CUST04314,2024-01-28,126.37,Clothing
CUST04314,2023-07-05,70.05,Electronics
CUST04314,2023-12-12,73.34,Electronics
CUST04314,2023-03-15,165.41,Electronics
CUST04314,2024-07-01,89.37,Dining
CUST04314,2023-03-21,286.89,Travel
CUST04314,2024-10-30,227.7,Dining
CUST04314,2025-05-11,75.02,Electronics
CUST04314,2023-06-07,256.14,Grocery
CUST04314,2024-05-17,292.37,Grocery
CUST04314,2024-07-19,269.93,Travel
CUST04314,2023-12-11,73.44,Clothing
CUST04314,2023-04-18,68.8,Dining
CUST04314,2022-12-28,64.3,Electronics
CUST04315,2024-07-25,17.59,Grocery
CUST04315,2024-06-26,23.27,Travel
CUST04315,2025-03-24,96.69,Grocery
CUST04315,2025-06-11,9.75,Grocery
CUST04315,2025-04-22,32.89,Travel
CUST04315,2024-09-06,70.24,Grocery
CUST04315,2023-11-10,83.75,Grocery
CUST04315,2025-05-17,79.69,Dining
CUST04315,2024-08-29,321.27,Dining
CUST04315,2023-11-10,69.97,Clothing
CUST04315,2024-03-01,7.65,Clothing
CUST04315,2024-12-08,81.0,Travel
CUST04315,2024-04-07,181.34,Clothing
CUST04315,2024-11-15,94.57,Travel
CUST04315,2023-12-21,407.65,Travel
CUST04315,2024-07-18,78.72,Clothing
CUST04315,2024-05-04,13.69,Clothing
CUST04315,2024-04-21,33.68,Travel
CUST04315,2024-09-28,109.41,Grocery
CUST04315,2025-05-11,248.45,Grocery
CUST04315,2023-12-11,19.21,Travel
CUST04315,2024-12-12,98.28,Grocery
CUST04315,2024-08-12,26.65,Grocery
CUST04315,2024-07-27,17.36,Clothing
CUST04315,2025-01-01,42.73,Electronics
CUST04315,2024-09-09,139.82,Clothing
CUST04315,2025-01-11,26.75,Dining
CUST04315,2025-07-28,312.54,Travel
CUST04315,2024-02-28,124.38,Grocery
CUST04315,2025-07-18,25.17,Clothing
CUST04315,2024-08-13,14.57,Grocery
CUST04315,2024-06-25,284.82,Clothing
CUST04315,2025-04-28,112.29,Dining
CUST04315,2025-02-21,46.91,Travel
CUST04315,2025-06-22,136.12,Dining
CUST04315,2025-02-20,132.71,Grocery
CUST04315,2023-11-19,32.24,Travel
CUST04315,2024-01-04,243.01,Grocery
CUST04315,2024-08-22,30.44,Electronics
CUST04315,2024-03-07,201.79,Dining
CUST04315,2024-11-05,7.05,Clothing
CUST04315,2024-07-15,190.97,Dining
CUST04315,2025-05-31,12.49,Grocery
CUST04315,2024-05-25,45.09,Grocery
CUST04315,2024-10-24,120.99,Grocery
CUST04315,2024-08-21,29.67,Electronics
CUST04315,2025-04-03,124.37,Electronics
CUST04315,2024-11-05,44.65,Clothing
CUST04315,2024-10-07,118.97,Grocery
CUST04315,2024-02-24,214.24,Grocery
CUST04315,2024-06-13,86.82,Electronics
CUST04315,2024-07-12,85.45,Grocery
CUST04315,2024-05-24,21.56,Dining
CUST04315,2024-11-19,158.79,Travel
CUST04315,2025-07-21,5.89,Travel
CUST04315,2024-09-10,64.95,Dining
CUST04315,2025-04-07,73.7,Grocery
CUST04315,2024-08-22,90.71,Clothing
CUST04315,2024-05-19,315.81,Dining
CUST04315,2024-11-26,76.91,Clothing
CUST04315,2025-03-07,32.11,Clothing
CUST04315,2025-07-19,115.78,Dining
CUST04315,2024-01-27,100.1,Travel
CUST04315,2024-06-21,8.16,Clothing
CUST04315,2024-02-22,254.61,Dining
CUST04315,2024-07-05,73.14,Dining
CUST04315,2024-07-06,110.3,Dining
CUST04315,2024-01-21,31.04,Grocery
CUST04315,2024-08-02,12.75,Grocery
CUST04315,2024-05-02,113.21,Dining
CUST04315,2024-10-28,15.48,Dining
CUST04315,2024-12-12,61.05,Travel
CUST04315,2024-05-19,26.76,Travel
CUST04315,2024-04-20,258.36,Dining
CUST04315,2023-12-02,16.63,Dining
CUST04315,2023-11-30,162.43,Electronics
CUST04315,2024-10-05,127.04,Clothing
CUST04315,2024-02-19,58.66,Grocery
CUST04315,2024-01-28,255.42,Grocery
CUST04315,2024-05-25,46.98,Clothing
CUST04315,2025-04-29,104.2,Electronics
CUST04315,2024-01-17,35.12,Travel
CUST04315,2024-08-20,140.01,Travel
CUST04315,2025-02-20,54.38,Travel
CUST04315,2025-02-21,35.83,Clothing
CUST04315,2025-02-08,147.12,Electronics
CUST04315,2025-06-26,33.71,Dining
CUST04315,2025-03-31,24.94,Grocery
CUST04315,2025-06-14,139.19,Travel
CUST04315,2024-07-21,42.38,Grocery
CUST04315,2024-10-03,18.03,Dining
CUST04315,2025-02-15,86.27,Dining
CUST04315,2024-01-05,154.48,Electronics
CUST04315,2025-02-18,102.39,Clothing
CUST04315,2024-06-08,66.74,Dining
CUST04315,2024-12-15,48.9,Electronics
CUST04315,2024-01-31,41.04,Electronics
CUST04315,2025-06-26,27.46,Grocery
CUST04315,2025-06-02,105.04,Travel
CUST04315,2024-03-19,6.46,Grocery
CUST04315,2024-03-04,78.38,Grocery
CUST04315,2024-10-21,49.44,Electronics
CUST04315,2024-03-29,200.08,Grocery
CUST04316,2025-05-18,57.12,Travel
CUST04316,2025-04-27,34.42,Clothing
CUST04316,2025-04-09,176.36,Dining
CUST04316,2024-03-28,24.07,Dining
CUST04316,2024-10-02,9.53,Travel
CUST04316,2024-10-02,93.01,Electronics
CUST04316,2025-04-18,76.99,Electronics
CUST04316,2025-04-15,52.35,Travel
CUST04316,2024-12-31,344.49,Grocery
CUST04316,2025-04-09,26.1,Grocery
CUST04316,2025-05-17,44.62,Electronics
CUST04316,2024-06-18,52.62,Dining
CUST04316,2024-09-06,6.48,Electronics
CUST04316,2024-11-14,10.54,Grocery
CUST04316,2024-10-29,155.69,Grocery
CUST04316,2024-07-21,101.35,Clothing
CUST04316,2025-06-03,11.73,Travel
CUST04316,2024-04-06,34.2,Travel
CUST04316,2024-11-27,59.12,Travel
CUST04316,2024-06-24,123.95,Travel
CUST04316,2024-08-28,10.85,Dining
CUST04316,2024-07-10,70.3,Clothing
CUST04316,2025-02-17,62.21,Travel
CUST04316,2025-03-17,12.35,Clothing
CUST04316,2024-07-10,15.23,Clothing
CUST04316,2024-12-20,219.77,Clothing
CUST04316,2025-04-16,13.65,Travel
CUST04316,2024-05-30,458.17,Dining
CUST04316,2025-06-03,63.47,Electronics
CUST04316,2025-06-19,252.36,Electronics
CUST04316,2024-12-31,15.42,Electronics
CUST04316,2025-03-24,21.57,Dining
CUST04316,2025-06-29,95.91,Dining
CUST04316,2024-09-16,74.54,Clothing
CUST04316,2024-06-03,20.52,Clothing
CUST04316,2024-07-07,106.37,Electronics
CUST04316,2024-10-04,117.33,Clothing
CUST04316,2024-06-10,70.08,Grocery
CUST04316,2024-06-28,64.74,Electronics
CUST04316,2024-06-28,104.22,Travel
CUST04316,2024-09-07,60.26,Dining
CUST04316,2025-07-26,115.43,Clothing
CUST04316,2024-03-23,20.55,Travel
CUST04316,2025-04-22,127.15,Travel
CUST04316,2025-02-27,56.34,Grocery
CUST04316,2024-12-15,72.55,Grocery
CUST04316,2024-08-09,99.86,Electronics
CUST04316,2024-08-22,228.06,Travel
CUST04316,2024-11-01,185.73,Grocery
CUST04316,2025-03-13,10.69,Dining
CUST04316,2024-11-25,166.37,Grocery
CUST04316,2024-12-05,153.89,Dining
CUST04316,2025-03-11,110.19,Dining
CUST04316,2025-07-26,64.78,Clothing
CUST04316,2024-04-29,9.95,Dining
CUST04316,2025-02-03,105.67,Dining
CUST04316,2024-12-05,109.42,Clothing
CUST04316,2024-03-25,17.22,Travel
CUST04316,2025-03-25,47.15,Clothing
CUST04316,2024-12-03,125.82,Grocery
CUST04316,2024-12-06,8.28,Travel
CUST04316,2024-07-30,112.35,Clothing
CUST04316,2024-06-06,79.2,Travel
CUST04316,2024-08-01,37.78,Dining
CUST04316,2024-07-04,61.62,Electronics
CUST04316,2024-12-13,179.22,Dining
CUST04316,2025-03-20,104.42,Travel
CUST04316,2024-04-24,134.97,Grocery
CUST04316,2024-08-14,37.05,Clothing
CUST04316,2025-04-27,39.36,Travel
CUST04316,2025-04-08,86.68,Grocery
CUST04316,2025-04-05,74.09,Travel
CUST04316,2024-06-29,21.03,Dining
CUST04316,2025-03-15,56.89,Electronics
CUST04316,2025-03-23,93.76,Grocery
CUST04316,2024-08-08,86.92,Grocery
CUST04316,2025-05-06,18.32,Electronics
CUST04316,2024-12-27,111.89,Travel
CUST04316,2025-07-01,28.02,Dining
CUST04316,2025-03-07,46.97,Grocery
CUST04316,2025-01-05,147.09,Dining
CUST04316,2025-05-16,102.54,Clothing
CUST04316,2024-10-09,50.35,Grocery
CUST04316,2024-08-15,14.75,Electronics
CUST04316,2024-05-17,127.46,Dining
CUST04316,2025-05-05,166.71,Dining
CUST04316,2024-10-20,31.68,Clothing
CUST04316,2024-07-11,226.88,Dining
CUST04316,2025-04-04,38.19,Electronics
CUST04316,2024-07-27,108.86,Grocery
CUST04316,2024-06-02,41.78,Travel
CUST04316,2024-04-12,107.53,Travel
CUST04316,2025-06-27,238.03,Grocery
CUST04316,2025-01-01,61.94,Travel
CUST04316,2024-04-23,105.03,Grocery
CUST04316,2025-06-18,49.87,Travel
CUST04316,2024-08-03,37.86,Electronics
CUST04316,2025-04-16,408.64,Clothing
CUST04316,2024-08-23,109.42,Travel
CUST04317,2024-09-16,44.51,Electronics
CUST04317,2024-09-10,38.22,Travel
CUST04317,2024-07-04,13.62,Travel
CUST04317,2024-08-14,77.72,Travel
CUST04317,2023-02-01,48.93,Grocery
CUST04317,2024-04-08,7.33,Dining
CUST04317,2025-02-21,122.98,Dining
CUST04317,2024-12-18,41.51,Travel
CUST04317,2024-02-08,122.11,Travel
CUST04317,2023-10-10,210.66,Grocery
CUST04317,2024-05-13,50.59,Electronics
CUST04317,2025-07-08,115.12,Clothing
CUST04317,2024-01-20,27.55,Travel
CUST04317,2025-02-08,148.02,Grocery
CUST04317,2023-07-24,149.7,Electronics
CUST04317,2024-03-29,258.17,Clothing
CUST04317,2024-02-02,7.01,Grocery
CUST04317,2024-05-24,195.46,Travel
CUST04317,2023-08-13,172.17,Clothing
CUST04317,2024-03-20,50.37,Travel
CUST04317,2024-12-04,7.86,Travel
CUST04317,2024-12-21,13.42,Travel
CUST04317,2025-07-15,80.83,Clothing
CUST04317,2023-07-31,8.31,Electronics
CUST04317,2024-03-26,70.53,Travel
CUST04317,2025-04-29,77.49,Clothing
CUST04317,2024-06-26,119.75,Grocery
CUST04317,2025-02-17,131.99,Clothing
CUST04317,2023-08-06,37.77,Grocery
CUST04317,2023-11-26,89.25,Grocery
CUST04317,2024-07-03,138.65,Clothing
CUST04317,2024-02-09,123.13,Dining
CUST04317,2023-07-29,68.9,Travel
CUST04317,2023-12-21,5.64,Travel
CUST04317,2024-10-24,18.12,Dining
CUST04317,2023-06-01,17.73,Dining
CUST04317,2024-08-07,77.53,Dining
CUST04317,2025-06-26,33.45,Grocery
CUST04317,2023-02-22,48.24,Dining
CUST04317,2024-03-28,11.34,Clothing
CUST04317,2023-04-29,80.53,Electronics
CUST04317,2024-07-17,28.49,Electronics
CUST04317,2023-08-22,92.01,Electronics
CUST04317,2024-07-15,184.49,Electronics
CUST04317,2023-10-25,321.86,Grocery
CUST04317,2024-06-02,6.93,Dining
CUST04317,2023-03-22,139.51,Travel
CUST04317,2025-07-13,56.93,Grocery
CUST04317,2025-06-25,19.01,Grocery
CUST04317,2023-12-14,133.57,Electronics
CUST04317,2023-06-27,11.43,Clothing
CUST04317,2023-09-24,21.94,Clothing
CUST04317,2023-10-01,60.82,Grocery
CUST04317,2023-09-26,14.89,Electronics
CUST04317,2024-08-20,83.09,Grocery
CUST04317,2024-07-28,65.43,Grocery
CUST04317,2024-11-10,13.55,Dining
CUST04317,2024-07-27,58.69,Travel
CUST04317,2023-09-11,65.75,Travel
CUST04317,2024-03-01,104.37,Dining
CUST04317,2023-02-25,30.28,Electronics
CUST04317,2023-06-26,17.53,Dining
CUST04317,2024-08-28,61.32,Electronics
CUST04317,2024-08-27,29.91,Grocery
CUST04317,2023-08-20,97.8,Grocery
CUST04317,2023-07-20,8.24,Travel
CUST04317,2024-01-11,167.65,Grocery
CUST04317,2023-03-04,79.84,Clothing
CUST04317,2023-05-21,58.77,Grocery
CUST04317,2023-03-07,166.6,Clothing
CUST04317,2024-10-01,5.69,Travel
CUST04317,2024-05-07,48.86,Travel
CUST04317,2023-07-20,183.92,Electronics
CUST04317,2023-09-01,140.11,Electronics
CUST04317,2023-07-05,96.17,Travel
CUST04317,2023-10-16,49.66,Dining
CUST04317,2024-12-16,19.99,Dining
CUST04317,2024-03-27,170.71,Electronics
CUST04317,2025-06-18,51.79,Clothing
CUST04317,2025-05-14,110.99,Travel
CUST04317,2024-07-06,74.3,Travel
CUST04317,2023-05-15,24.64,Clothing
CUST04317,2024-05-17,186.88,Dining
CUST04317,2024-08-26,181.5,Grocery
CUST04317,2024-04-09,133.72,Clothing
CUST04317,2025-04-24,120.66,Clothing
CUST04317,2024-10-05,47.16,Clothing
CUST04317,2025-01-03,27.39,Travel
CUST04317,2024-10-08,78.68,Clothing
CUST04317,2025-07-10,11.46,Electronics
CUST04317,2024-12-23,123.7,Clothing
CUST04317,2023-08-25,37.33,Grocery
CUST04317,2024-09-05,7.24,Travel
CUST04317,2025-06-08,11.72,Travel
CUST04317,2024-07-30,154.2,Travel
CUST04317,2024-11-13,68.25,Travel
CUST04317,2024-05-30,86.96,Dining
CUST04317,2024-09-06,55.78,Clothing
CUST04317,2024-06-12,76.58,Travel
CUST04317,2023-06-19,205.13,Electronics
CUST04317,2023-09-26,156.9,Dining
CUST04317,2023-11-05,146.86,Electronics
CUST04317,2023-08-15,201.72,Travel
CUST04317,2024-03-26,37.19,Clothing
CUST04317,2023-02-25,75.24,Grocery
CUST04318,2025-03-07,34.3,Grocery
CUST04318,2025-01-23,22.29,Dining
CUST04318,2025-04-07,28.37,Grocery
CUST04318,2024-03-21,41.36,Clothing
CUST04318,2024-07-15,59.92,Travel
CUST04318,2025-02-04,7.13,Travel
CUST04318,2025-04-21,35.35,Travel
CUST04318,2025-01-05,31.46,Dining
CUST04318,2024-02-26,300.84,Electronics
CUST04318,2025-04-28,36.29,Travel
CUST04318,2025-04-10,152.41,Dining
CUST04318,2023-03-15,100.06,Dining
CUST04318,2024-02-15,34.77,Clothing
CUST04318,2024-12-19,26.02,Dining
CUST04318,2024-03-06,68.27,Electronics
CUST04318,2025-02-11,160.64,Electronics
CUST04318,2025-07-25,23.97,Grocery
CUST04318,2023-10-20,35.82,Electronics
CUST04318,2023-03-21,23.26,Electronics
CUST04318,2024-07-02,20.06,Grocery
CUST04318,2023-11-21,20.99,Electronics
CUST04318,2023-09-05,19.8,Dining
CUST04318,2023-09-07,110.41,Clothing
CUST04318,2025-04-12,335.84,Clothing
CUST04318,2023-09-02,32.53,Grocery
CUST04318,2024-03-11,157.48,Dining
CUST04318,2024-08-03,46.49,Grocery
CUST04318,2024-05-17,21.03,Dining
CUST04318,2023-08-05,143.32,Electronics
CUST04318,2025-05-03,17.6,Clothing
CUST04318,2025-01-19,42.11,Clothing
CUST04318,2023-12-10,74.34,Electronics
CUST04318,2023-07-07,179.84,Travel
CUST04318,2023-08-04,62.3,Electronics
CUST04318,2023-05-03,97.07,Travel
CUST04318,2023-07-01,69.58,Travel
CUST04318,2025-05-17,89.05,Clothing
CUST04318,2024-06-17,84.17,Clothing
CUST04318,2024-04-29,72.53,Travel
CUST04318,2024-07-18,55.95,Grocery
CUST04318,2023-09-05,121.64,Grocery
CUST04318,2023-05-10,113.0,Electronics
CUST04318,2023-11-29,47.79,Clothing
CUST04318,2024-08-31,268.92,Dining
CUST04318,2023-11-04,119.87,Dining
CUST04318,2023-10-13,50.65,Electronics
CUST04318,2024-12-23,13.04,Electronics
CUST04318,2023-02-19,5.77,Grocery
CUST04318,2023-06-20,33.46,Grocery
CUST04318,2024-10-20,170.29,Clothing
CUST04318,2023-08-27,107.07,Grocery
CUST04318,2024-02-11,42.61,Travel
CUST04318,2023-03-06,33.31,Clothing
CUST04318,2025-06-15,32.08,Dining
CUST04318,2024-01-12,123.42,Travel
CUST04318,2024-11-27,220.44,Clothing
CUST04318,2025-04-27,49.44,Grocery
CUST04318,2024-03-28,41.48,Travel
CUST04318,2025-06-24,54.75,Electronics
CUST04318,2025-04-27,152.84,Dining
CUST04318,2024-12-27,210.79,Dining
CUST04318,2024-03-14,438.13,Clothing
CUST04318,2023-07-08,66.71,Grocery
CUST04318,2025-07-11,72.5,Dining
CUST04318,2023-06-14,40.99,Travel
CUST04318,2025-06-27,55.61,Dining
CUST04318,2025-05-14,57.6,Dining
CUST04318,2025-03-04,247.01,Clothing
CUST04318,2024-06-24,172.74,Dining
CUST04318,2024-11-26,45.79,Dining
CUST04318,2023-07-10,7.42,Dining
CUST04318,2024-01-06,117.38,Dining
CUST04318,2025-03-15,64.71,Grocery
CUST04318,2024-06-19,83.16,Electronics
CUST04318,2024-12-08,9.79,Travel
CUST04318,2023-07-19,26.02,Clothing
CUST04318,2023-06-01,230.38,Grocery
CUST04318,2025-02-19,48.72,Travel
CUST04318,2023-08-21,104.31,Electronics
CUST04318,2024-09-18,18.42,Grocery
CUST04318,2023-04-27,36.43,Grocery
CUST04318,2023-09-02,37.19,Travel
CUST04318,2024-06-06,34.07,Electronics
CUST04318,2024-06-25,24.55,Grocery
CUST04318,2025-01-14,87.51,Clothing
CUST04318,2025-06-16,30.09,Clothing
CUST04318,2025-06-27,179.8,Dining
CUST04318,2023-05-25,25.09,Clothing
CUST04318,2025-01-26,110.59,Dining
CUST04318,2024-07-25,10.67,Clothing
CUST04318,2024-05-26,57.49,Clothing
CUST04319,2023-03-21,58.39,Dining
CUST04319,2022-11-26,82.98,Travel
CUST04319,2023-01-23,13.07,Travel
CUST04319,2023-06-16,211.09,Clothing
CUST04319,2023-10-07,109.24,Clothing
CUST04319,2023-01-27,37.18,Clothing
CUST04319,2024-02-14,52.4,Clothing
CUST04319,2023-10-23,265.12,Dining
CUST04319,2023-03-12,72.86,Dining
CUST04319,2025-04-03,7.54,Dining
CUST04319,2024-02-22,51.57,Clothing
CUST04319,2025-01-03,8.1,Grocery
CUST04319,2025-06-02,67.55,Dining
CUST04319,2023-08-31,84.93,Electronics
CUST04319,2024-06-06,21.2,Electronics
CUST04319,2025-04-07,41.13,Clothing
CUST04319,2024-07-23,103.5,Travel
CUST04319,2024-04-10,60.56,Grocery
CUST04319,2024-10-30,79.2,Grocery
CUST04319,2024-12-05,27.88,Dining
CUST04319,2024-10-01,205.57,Travel
CUST04319,2023-09-15,51.33,Travel
CUST04319,2023-01-06,64.0,Travel
CUST04319,2024-08-08,127.8,Grocery
CUST04319,2022-12-06,107.15,Travel
CUST04319,2023-05-14,120.14,Grocery
CUST04319,2023-02-08,101.41,Dining
CUST04319,2023-06-19,36.5,Clothing
CUST04319,2022-10-19,208.06,Dining
CUST04319,2023-02-27,120.64,Travel
CUST04319,2023-08-16,72.27,Dining
CUST04319,2023-03-01,95.99,Travel
CUST04319,2025-05-11,38.6,Clothing
CUST04319,2022-10-18,23.37,Clothing
CUST04319,2024-02-28,61.49,Grocery
CUST04319,2025-02-05,207.58,Dining
CUST04319,2023-04-13,109.18,Grocery
CUST04319,2023-12-12,46.94,Dining
CUST04319,2025-01-26,58.09,Travel
CUST04319,2024-06-21,223.31,Electronics
CUST04319,2023-04-20,65.03,Grocery
CUST04319,2023-07-04,10.86,Electronics
CUST04319,2023-06-17,29.6,Travel
CUST04319,2025-01-09,84.7,Electronics
CUST04319,2025-05-26,45.6,Clothing
CUST04319,2024-08-26,140.02,Electronics
CUST04319,2024-06-12,67.81,Grocery
CUST04319,2023-02-23,55.17,Electronics
CUST04319,2023-07-29,18.18,Dining
CUST04319,2023-11-30,82.44,Dining
CUST04319,2023-04-24,13.98,Dining
CUST04319,2023-08-22,36.14,Grocery
CUST04319,2024-04-24,83.43,Clothing
CUST04319,2025-04-29,14.58,Electronics
CUST04319,2025-04-26,18.18,Electronics
CUST04319,2025-02-04,56.57,Clothing
CUST04319,2024-01-22,143.3,Clothing
CUST04319,2025-03-21,88.88,Clothing
CUST04319,2024-06-21,31.9,Clothing
CUST04319,2025-02-12,149.98,Travel
CUST04319,2024-03-03,48.76,Grocery
CUST04319,2024-03-14,20.95,Electronics
CUST04319,2024-09-23,453.49,Clothing
CUST04319,2023-09-27,18.52,Electronics
CUST04319,2024-05-31,6.63,Electronics
CUST04319,2024-10-08,49.58,Grocery
CUST04319,2023-04-29,94.16,Electronics
CUST04319,2023-08-10,14.62,Travel
CUST04319,2023-04-24,36.16,Grocery
CUST04319,2023-03-16,167.73,Dining
CUST04319,2024-12-09,50.22,Clothing
CUST04319,2023-11-13,11.58,Electronics
CUST04319,2025-06-13,8.35,Grocery
CUST04319,2025-05-31,33.06,Electronics
CUST04319,2024-04-03,176.3,Electronics
CUST04319,2025-05-01,121.9,Electronics
CUST04319,2023-09-08,16.08,Electronics
CUST04319,2024-01-24,192.31,Dining
CUST04319,2023-11-04,183.55,Clothing
CUST04319,2023-07-10,53.29,Grocery
CUST04319,2023-02-03,34.16,Dining
CUST04319,2022-11-21,58.31,Dining
CUST04319,2024-03-06,42.0,Dining
CUST04319,2023-08-26,263.6,Dining
CUST04319,2025-03-05,114.07,Dining
CUST04319,2024-09-27,17.93,Electronics
CUST04319,2023-01-29,11.73,Travel
CUST04319,2024-07-30,7.16,Electronics
CUST04319,2023-02-09,12.44,Electronics
CUST04319,2022-12-11,6.08,Dining
CUST04319,2023-07-08,20.35,Travel
CUST04319,2025-03-06,28.43,Travel
CUST04319,2024-07-04,155.25,Clothing
CUST04319,2024-11-01,122.73,Travel
CUST04319,2023-04-07,128.17,Clothing
CUST04319,2022-11-18,18.08,Clothing
CUST04319,2023-04-02,71.81,Clothing
CUST04319,2024-03-21,42.39,Travel
CUST04319,2023-07-16,86.01,Electronics
CUST04319,2025-05-04,78.02,Clothing
CUST04319,2025-02-11,57.08,Clothing
CUST04320,2023-06-08,10.42,Grocery
CUST04320,2023-08-30,141.13,Grocery
CUST04320,2023-02-22,58.76,Dining
CUST04320,2025-06-24,355.93,Dining
CUST04320,2024-05-14,171.15,Dining
CUST04320,2023-11-20,59.08,Grocery
CUST04320,2025-04-08,26.61,Travel
CUST04320,2024-02-29,342.05,Grocery
CUST04320,2024-03-06,110.17,Clothing
CUST04320,2024-12-11,87.22,Travel
CUST04320,2025-07-02,24.91,Electronics
CUST04320,2024-11-21,95.98,Grocery
CUST04320,2024-11-13,97.69,Dining
CUST04320,2024-08-31,70.02,Dining
CUST04320,2023-10-18,78.14,Clothing
CUST04320,2025-01-02,188.86,Electronics
CUST04320,2025-01-30,74.51,Electronics
CUST04320,2023-05-10,6.0,Dining
CUST04320,2024-01-05,109.64,Dining
CUST04320,2025-05-19,130.43,Clothing
CUST04320,2025-07-22,41.07,Dining
CUST04320,2025-07-16,41.8,Grocery
CUST04320,2023-02-01,91.94,Dining
CUST04320,2025-01-10,192.01,Grocery
CUST04320,2023-02-10,63.16,Electronics
CUST04320,2023-09-22,70.91,Dining
CUST04320,2023-01-29,35.34,Electronics
CUST04320,2023-08-26,44.41,Travel
CUST04320,2023-08-27,83.49,Clothing
CUST04320,2025-04-27,38.42,Dining
CUST04320,2024-10-12,58.83,Travel
CUST04320,2023-02-21,36.9,Travel
CUST04320,2024-01-01,63.24,Clothing
CUST04320,2024-09-02,139.88,Grocery
CUST04320,2023-04-23,8.91,Dining
CUST04320,2023-10-12,266.6,Clothing
CUST04320,2025-02-06,67.28,Electronics
CUST04320,2023-06-19,138.52,Travel
CUST04320,2023-02-04,65.97,Electronics
CUST04320,2023-07-26,81.26,Dining
CUST04320,2024-04-26,82.36,Dining
CUST04320,2023-10-19,138.1,Electronics
CUST04320,2023-03-27,216.25,Electronics
CUST04320,2023-08-23,160.24,Grocery
CUST04320,2025-05-10,56.21,Electronics
CUST04320,2024-03-25,68.38,Grocery
CUST04320,2024-01-16,88.45,Travel
CUST04320,2023-06-20,39.26,Grocery
CUST04320,2024-08-29,79.43,Clothing
CUST04320,2025-02-27,68.84,Clothing
CUST04320,2023-05-01,13.35,Clothing
CUST04320,2024-01-26,25.93,Electronics
CUST04320,2024-06-27,43.87,Electronics
CUST04320,2023-12-04,52.62,Grocery
CUST04320,2024-09-13,220.35,Electronics
CUST04320,2023-04-20,81.71,Electronics
CUST04320,2025-07-22,36.49,Clothing
CUST04320,2023-05-27,39.1,Dining
CUST04320,2025-04-19,263.69,Clothing
CUST04320,2024-09-07,245.13,Clothing
CUST04320,2024-03-16,133.42,Travel
CUST04320,2023-09-05,20.37,Dining
CUST04320,2023-10-22,107.35,Clothing
CUST04320,2023-02-05,21.24,Electronics
CUST04320,2024-02-20,31.36,Clothing
CUST04320,2024-06-11,137.25,Electronics
CUST04320,2023-11-25,25.96,Dining
CUST04320,2024-06-16,63.28,Travel
CUST04320,2025-03-25,43.69,Travel
CUST04320,2024-08-31,34.67,Travel
CUST04320,2025-06-22,136.37,Electronics
CUST04320,2024-06-21,64.9,Dining
CUST04320,2023-03-23,86.52,Clothing
CUST04320,2025-06-16,57.45,Electronics
CUST04320,2024-06-26,293.04,Travel
CUST04320,2023-07-24,14.23,Dining
CUST04320,2024-07-14,91.08,Grocery
CUST04320,2024-08-10,210.08,Clothing
CUST04320,2024-06-28,81.68,Dining
CUST04320,2024-06-04,163.99,Dining
CUST04320,2023-10-18,157.8,Travel
CUST04320,2024-03-21,217.37,Grocery
CUST04320,2023-12-14,130.5,Clothing
CUST04320,2024-10-17,100.83,Electronics
CUST04320,2024-03-08,89.09,Dining
CUST04320,2023-02-16,13.62,Grocery
CUST04320,2024-10-07,145.45,Dining
CUST04320,2023-10-06,63.22,Dining
CUST04320,2023-09-12,8.93,Dining
CUST04320,2025-02-15,62.79,Electronics
CUST04320,2024-04-21,18.4,Dining
CUST04320,2024-11-25,60.97,Clothing
CUST04320,2024-04-06,68.97,Dining
CUST04320,2023-03-16,102.51,Grocery
CUST04320,2023-06-18,163.35,Travel
CUST04320,2024-12-09,50.96,Grocery
CUST04320,2024-12-19,128.17,Electronics
CUST04320,2025-05-06,19.3,Grocery
CUST04320,2023-03-23,58.9,Dining
CUST04320,2024-08-17,45.75,Clothing
CUST04320,2024-04-11,7.06,Dining
CUST04320,2024-07-31,93.08,Grocery
CUST04320,2023-09-24,34.88,Electronics
CUST04320,2025-07-09,20.56,Electronics
CUST04320,2024-07-14,125.16,Dining
CUST04320,2024-06-24,259.15,Clothing
CUST04320,2024-04-03,27.21,Travel
CUST04320,2023-01-30,45.23,Clothing
CUST04320,2025-05-28,179.92,Dining
CUST04321,2024-04-01,149.32,Travel
CUST04321,2022-10-26,85.42,Clothing
CUST04321,2023-07-27,241.97,Dining
CUST04321,2024-02-10,6.91,Clothing
CUST04321,2023-06-09,44.53,Grocery
CUST04321,2023-03-13,103.9,Clothing
CUST04321,2023-03-12,120.92,Clothing
CUST04321,2025-03-17,89.56,Grocery
CUST04321,2024-01-16,214.77,Travel
CUST04321,2023-10-11,45.37,Travel
CUST04321,2024-12-08,160.83,Travel
CUST04321,2024-11-16,101.45,Clothing
CUST04321,2023-01-04,101.48,Travel
CUST04321,2025-05-12,6.07,Electronics
CUST04321,2022-12-09,131.98,Electronics
CUST04321,2024-09-15,88.52,Travel
CUST04321,2024-09-02,76.23,Electronics
CUST04321,2023-12-02,11.7,Travel
CUST04321,2025-05-06,159.74,Electronics
CUST04321,2022-10-29,41.22,Electronics
CUST04321,2023-11-03,49.91,Dining
CUST04321,2022-10-14,21.86,Travel
CUST04321,2023-11-19,162.17,Electronics
CUST04321,2023-08-16,139.72,Electronics
CUST04321,2023-11-16,14.4,Grocery
CUST04321,2022-07-18,194.81,Dining
CUST04321,2025-07-05,62.84,Dining
CUST04321,2024-08-05,6.0,Dining
CUST04321,2024-07-22,117.99,Travel
CUST04321,2025-05-17,8.34,Electronics
CUST04321,2023-06-21,17.16,Travel
CUST04321,2024-05-19,115.35,Travel
CUST04321,2024-06-06,179.24,Dining
CUST04321,2023-12-14,21.98,Electronics
CUST04321,2023-03-04,245.85,Travel
CUST04321,2022-12-19,94.3,Dining
CUST04321,2023-03-24,44.09,Electronics
CUST04321,2022-08-14,23.75,Travel
CUST04321,2023-07-11,54.59,Clothing
CUST04321,2022-08-28,52.28,Grocery
CUST04321,2023-08-09,106.45,Clothing
CUST04321,2023-12-13,146.47,Grocery
CUST04321,2024-11-22,146.79,Dining
CUST04321,2023-06-08,102.68,Electronics
CUST04321,2024-03-14,14.85,Clothing
CUST04321,2023-01-18,270.58,Clothing
CUST04321,2023-07-10,12.4,Dining
CUST04321,2024-12-07,37.44,Electronics
CUST04321,2024-06-09,11.53,Grocery
CUST04321,2023-04-13,51.95,Travel
CUST04321,2023-11-15,134.87,Clothing
CUST04321,2023-05-09,49.61,Travel
CUST04321,2023-06-27,182.97,Grocery
CUST04321,2023-03-22,46.53,Clothing
CUST04321,2022-06-09,9.34,Travel
CUST04321,2025-02-08,14.05,Dining
CUST04321,2024-02-15,207.03,Clothing
CUST04321,2024-03-08,85.37,Dining
CUST04321,2023-04-08,26.84,Grocery
CUST04321,2022-12-11,86.41,Dining
CUST04321,2025-04-16,53.98,Grocery
CUST04321,2024-10-20,15.13,Electronics
CUST04321,2025-07-12,67.13,Travel
CUST04321,2024-06-17,22.88,Electronics
CUST04321,2024-07-11,9.3,Travel
CUST04321,2024-04-22,5.47,Dining
CUST04321,2023-05-02,21.18,Grocery
CUST04321,2025-04-09,7.34,Clothing
CUST04321,2024-09-11,19.25,Clothing
CUST04321,2024-12-26,182.84,Clothing
CUST04321,2023-09-22,17.02,Clothing
CUST04321,2023-01-22,89.49,Electronics
CUST04321,2024-01-17,51.73,Electronics
CUST04321,2025-01-06,203.6,Grocery
CUST04321,2023-05-08,58.58,Clothing
CUST04321,2025-01-12,46.74,Clothing
CUST04321,2024-06-20,220.14,Electronics
CUST04321,2025-05-16,45.18,Travel
CUST04321,2024-06-01,33.51,Dining
CUST04321,2023-01-31,171.82,Dining
CUST04321,2024-06-01,118.68,Electronics
CUST04321,2024-05-20,5.33,Dining
CUST04321,2022-07-09,99.53,Dining
CUST04321,2025-02-07,18.44,Dining
CUST04321,2023-11-01,91.34,Electronics
CUST04321,2023-05-09,123.44,Clothing
CUST04321,2024-11-23,81.15,Dining
CUST04321,2025-03-16,93.05,Travel
CUST04321,2024-03-18,144.98,Electronics
CUST04321,2023-12-10,186.78,Clothing
CUST04321,2023-12-09,103.33,Dining
CUST04321,2022-06-16,191.82,Electronics
CUST04321,2023-03-27,31.77,Clothing
CUST04321,2024-05-03,161.6,Electronics
CUST04321,2025-03-15,32.7,Dining
CUST04321,2025-06-29,179.37,Electronics
CUST04321,2025-01-06,48.04,Travel
CUST04321,2022-06-13,28.51,Electronics
CUST04321,2024-06-17,44.33,Electronics
CUST04321,2025-02-02,25.75,Clothing
CUST04321,2023-09-15,87.19,Electronics
CUST04322,2025-07-04,338.6,Travel
CUST04322,2023-08-08,23.18,Travel
CUST04322,2023-03-06,84.45,Electronics
CUST04322,2023-12-12,40.02,Travel
CUST04322,2024-03-31,15.51,Clothing
CUST04322,2025-02-19,15.27,Travel
CUST04322,2024-09-28,74.27,Grocery
CUST04322,2024-09-18,25.16,Grocery
CUST04322,2025-05-22,159.23,Clothing
CUST04322,2023-03-27,300.82,Grocery
CUST04322,2023-05-04,97.06,Dining
CUST04322,2024-05-23,30.84,Clothing
CUST04322,2024-01-06,17.8,Clothing
CUST04322,2025-07-10,47.52,Dining
CUST04322,2023-01-27,62.69,Grocery
CUST04322,2023-10-07,21.46,Grocery
CUST04322,2024-03-24,96.25,Travel
CUST04322,2023-06-11,149.46,Clothing
CUST04322,2024-06-17,18.76,Dining
CUST04322,2024-10-16,22.19,Dining
CUST04322,2024-03-08,32.41,Travel
CUST04322,2025-07-10,21.51,Travel
CUST04322,2023-01-07,156.82,Dining
CUST04322,2025-06-14,43.39,Electronics
CUST04322,2024-03-05,51.68,Travel
CUST04322,2024-01-19,47.06,Travel
CUST04322,2023-06-07,28.07,Clothing
CUST04322,2023-11-28,25.81,Travel
CUST04322,2024-01-08,226.46,Grocery
CUST04322,2023-09-25,141.13,Dining
CUST04322,2025-03-13,413.76,Grocery
CUST04322,2025-01-21,78.62,Electronics
CUST04322,2024-01-06,95.72,Travel
CUST04322,2024-11-01,100.2,Dining
CUST04322,2023-12-29,15.84,Travel
CUST04322,2023-01-20,150.55,Grocery
CUST04322,2023-05-13,34.39,Dining
CUST04322,2024-05-25,84.99,Dining
CUST04322,2024-01-22,87.96,Grocery
CUST04322,2024-05-04,33.9,Electronics
CUST04322,2023-06-25,73.75,Dining
CUST04322,2023-08-20,185.12,Travel
CUST04322,2024-05-03,196.74,Clothing
CUST04322,2023-08-01,201.28,Dining
CUST04322,2024-04-12,8.5,Electronics
CUST04322,2025-05-27,72.67,Travel
CUST04322,2023-03-14,28.55,Travel
CUST04322,2024-04-17,146.66,Electronics
CUST04322,2023-09-14,6.22,Travel
CUST04322,2024-09-12,6.45,Electronics
CUST04322,2024-12-20,30.8,Electronics
CUST04322,2025-03-30,68.5,Grocery
CUST04322,2024-12-05,174.61,Travel
CUST04322,2023-06-27,15.13,Grocery
CUST04322,2023-04-09,108.74,Clothing
CUST04322,2023-04-12,81.01,Grocery
CUST04322,2023-06-09,121.1,Grocery
CUST04322,2023-04-25,87.45,Grocery
CUST04322,2023-03-30,79.6,Electronics
CUST04322,2023-07-09,68.49,Grocery
CUST04322,2024-09-16,13.15,Travel
CUST04322,2023-11-14,89.53,Dining
CUST04322,2024-08-01,36.27,Electronics
CUST04322,2024-08-19,85.09,Grocery
CUST04322,2024-01-29,176.22,Electronics
CUST04322,2024-04-30,36.3,Clothing
CUST04322,2025-06-26,24.37,Grocery
CUST04322,2025-05-28,42.03,Clothing
CUST04322,2024-12-19,55.84,Electronics
CUST04322,2023-05-10,134.97,Dining
CUST04322,2024-06-18,27.43,Grocery
CUST04322,2025-06-29,43.34,Travel
CUST04322,2024-11-23,39.73,Electronics
CUST04322,2024-03-17,37.95,Travel
CUST04322,2024-06-09,76.85,Electronics
CUST04322,2023-02-27,105.41,Travel
CUST04322,2023-11-13,7.43,Electronics
CUST04322,2022-12-28,43.7,Grocery
CUST04322,2024-07-07,95.04,Electronics
CUST04322,2024-04-29,190.5,Grocery
CUST04322,2025-02-10,46.24,Travel
CUST04322,2023-12-02,105.86,Travel
CUST04322,2024-09-15,97.87,Electronics
CUST04322,2024-11-13,51.99,Dining
CUST04322,2025-03-27,26.49,Travel
CUST04322,2024-09-01,25.47,Travel
CUST04322,2024-12-26,24.11,Clothing
CUST04322,2023-01-18,211.24,Dining
CUST04322,2025-04-13,13.22,Travel
CUST04322,2023-08-27,44.36,Clothing
CUST04322,2023-11-26,68.81,Travel
CUST04322,2023-06-17,226.17,Grocery
CUST04322,2025-02-24,44.96,Dining
CUST04322,2023-01-16,122.86,Electronics
CUST04322,2025-01-01,92.26,Electronics
CUST04322,2023-11-03,8.17,Travel
CUST04322,2024-03-25,39.02,Travel
CUST04322,2025-07-22,6.55,Clothing
CUST04322,2025-05-15,138.71,Travel
CUST04322,2024-02-21,73.94,Electronics
CUST04323,2025-07-01,31.26,Electronics
CUST04323,2023-06-21,5.68,Electronics
CUST04323,2023-09-13,60.45,Grocery
CUST04323,2025-01-07,22.37,Clothing
CUST04323,2024-06-15,58.08,Grocery
CUST04323,2023-05-16,76.69,Grocery
CUST04323,2023-07-24,143.25,Dining
CUST04323,2025-06-15,14.3,Dining
CUST04323,2024-06-03,108.55,Dining
CUST04323,2024-11-17,163.42,Grocery
CUST04323,2024-12-08,63.09,Dining
CUST04323,2024-12-31,13.82,Electronics
CUST04323,2024-11-07,62.46,Grocery
CUST04323,2023-06-16,64.36,Grocery
CUST04323,2024-10-03,105.46,Dining
CUST04323,2024-11-20,49.28,Travel
CUST04323,2024-08-02,5.7,Electronics
CUST04323,2023-06-21,12.87,Grocery
CUST04323,2023-09-28,53.0,Grocery
CUST04323,2024-07-29,40.42,Electronics
CUST04323,2023-06-15,136.42,Electronics
CUST04323,2023-12-29,9.04,Electronics
CUST04323,2023-01-14,71.4,Dining
CUST04323,2024-12-10,123.09,Grocery
CUST04323,2024-03-18,135.79,Travel
CUST04323,2025-05-12,80.84,Dining
CUST04323,2024-05-09,20.15,Electronics
CUST04323,2023-06-01,176.88,Clothing
CUST04323,2023-01-18,31.85,Travel
CUST04323,2025-06-17,174.98,Grocery
CUST04323,2023-01-29,95.54,Grocery
CUST04323,2023-05-16,12.22,Travel
CUST04323,2024-08-10,98.34,Travel
CUST04323,2024-05-02,21.34,Clothing
CUST04323,2023-08-24,59.75,Electronics
CUST04323,2023-05-03,313.72,Travel
CUST04323,2023-03-05,6.62,Grocery
CUST04323,2025-03-02,30.67,Clothing
CUST04323,2023-06-22,148.44,Grocery
CUST04323,2023-03-14,37.67,Clothing
CUST04323,2025-06-03,6.44,Travel
CUST04323,2024-09-18,44.62,Electronics
CUST04323,2024-05-22,150.88,Dining
CUST04323,2023-08-11,28.64,Clothing
CUST04323,2025-05-20,32.09,Electronics
CUST04323,2023-09-25,228.92,Clothing
CUST04323,2023-01-05,54.17,Grocery
CUST04323,2025-07-19,164.52,Clothing
CUST04323,2024-07-02,42.5,Travel
CUST04323,2024-09-14,70.81,Travel
CUST04323,2024-11-18,73.8,Electronics
CUST04323,2024-07-12,42.53,Electronics
CUST04323,2023-01-12,40.62,Clothing
CUST04323,2023-04-09,14.0,Travel
CUST04323,2023-09-03,14.95,Grocery
CUST04323,2025-07-30,105.09,Electronics
CUST04323,2024-02-23,21.08,Travel
CUST04323,2024-03-21,16.51,Travel
CUST04323,2025-06-01,42.78,Clothing
CUST04323,2023-02-05,39.31,Dining
CUST04323,2024-09-27,34.18,Clothing
CUST04323,2023-07-28,97.54,Dining
CUST04323,2023-11-30,23.71,Clothing
CUST04323,2025-03-24,13.44,Grocery
CUST04323,2024-06-19,185.05,Travel
CUST04323,2023-07-26,101.59,Electronics
CUST04323,2024-08-04,114.14,Clothing
CUST04323,2024-08-26,51.93,Dining
CUST04323,2024-05-16,146.61,Electronics
CUST04323,2025-05-26,5.81,Dining
CUST04323,2023-10-23,59.83,Dining
CUST04323,2023-03-15,86.68,Travel
CUST04323,2024-06-30,25.53,Clothing
CUST04323,2023-09-28,182.08,Electronics
CUST04323,2023-08-02,311.94,Electronics
CUST04323,2024-09-19,27.26,Travel
CUST04323,2024-04-04,13.69,Travel
CUST04323,2024-12-10,144.05,Dining
CUST04323,2024-07-18,86.98,Electronics
CUST04323,2024-07-13,108.37,Electronics
CUST04323,2023-11-24,62.27,Dining
CUST04323,2022-12-22,219.87,Electronics
CUST04323,2024-03-21,234.45,Travel
CUST04323,2024-01-29,85.21,Clothing
CUST04323,2024-10-18,68.28,Grocery
CUST04323,2024-07-31,38.34,Dining
CUST04323,2024-09-03,28.18,Electronics
CUST04323,2023-10-28,129.3,Dining
CUST04323,2024-01-02,51.66,Travel
CUST04323,2024-10-06,85.01,Travel
CUST04323,2025-05-11,5.59,Grocery
CUST04323,2024-06-14,31.21,Travel
CUST04323,2025-07-12,43.0,Electronics
CUST04323,2023-03-20,127.68,Grocery
CUST04323,2024-06-28,31.02,Grocery
CUST04323,2024-11-20,12.46,Travel
CUST04323,2025-07-05,130.14,Travel
CUST04323,2024-12-05,65.22,Grocery
CUST04323,2023-04-15,98.63,Electronics
CUST04323,2024-11-23,50.04,Grocery
CUST04323,2024-07-02,124.4,Grocery
CUST04323,2025-04-23,213.22,Electronics
CUST04323,2023-01-08,114.73,Dining
CUST04323,2023-06-15,6.22,Grocery
CUST04323,2024-08-13,163.34,Electronics
CUST04323,2023-04-07,78.71,Dining
CUST04323,2025-05-03,97.51,Electronics
CUST04323,2024-08-12,195.42,Electronics
CUST04323,2024-06-04,34.25,Grocery
CUST04323,2024-06-13,30.19,Dining
CUST04323,2023-05-27,237.07,Clothing
CUST04324,2022-10-05,132.64,Grocery
CUST04324,2023-08-29,270.14,Grocery
CUST04324,2025-06-05,218.36,Electronics
CUST04324,2023-10-18,48.8,Electronics
CUST04324,2023-12-01,87.43,Grocery
CUST04324,2024-03-30,17.92,Clothing
CUST04324,2025-06-17,14.41,Grocery
CUST04324,2023-01-04,54.51,Grocery
CUST04324,2024-10-10,41.49,Electronics
CUST04324,2024-06-27,70.9,Clothing
CUST04324,2024-08-10,31.16,Grocery
CUST04324,2024-10-08,60.39,Dining
CUST04324,2024-07-29,27.04,Dining
CUST04324,2024-09-17,29.06,Grocery
CUST04324,2024-09-17,6.98,Dining
CUST04324,2023-06-02,28.29,Travel
CUST04324,2023-11-24,15.22,Dining
CUST04324,2024-05-25,167.99,Travel
CUST04324,2022-11-02,32.72,Clothing
CUST04324,2023-05-07,34.05,Travel
CUST04324,2023-08-18,107.29,Travel
CUST04324,2023-05-08,169.28,Electronics
CUST04324,2022-09-25,35.32,Dining
CUST04324,2023-08-22,114.85,Clothing
CUST04324,2024-05-06,20.49,Travel
CUST04324,2025-03-31,184.77,Clothing
CUST04324,2023-09-15,133.85,Dining
CUST04324,2025-07-18,17.52,Electronics
CUST04324,2025-03-14,92.43,Electronics
CUST04324,2023-01-18,26.22,Clothing
CUST04324,2022-10-15,48.0,Clothing
CUST04324,2024-01-05,180.29,Dining
CUST04324,2023-11-13,7.43,Electronics
CUST04324,2024-12-19,60.52,Grocery
CUST04324,2024-12-18,110.4,Electronics
CUST04324,2023-06-12,14.4,Travel
CUST04324,2023-10-26,49.06,Travel
CUST04324,2022-10-28,16.71,Grocery
CUST04324,2024-11-02,13.41,Clothing
CUST04324,2024-12-20,103.13,Electronics
CUST04324,2023-02-14,136.54,Electronics
CUST04324,2023-05-08,19.93,Clothing
CUST04324,2022-10-14,160.16,Grocery
CUST04324,2023-08-25,29.08,Travel
CUST04324,2025-01-14,195.53,Travel
CUST04324,2023-03-01,33.34,Travel
CUST04324,2023-04-10,68.01,Dining
CUST04324,2024-08-04,412.57,Grocery
CUST04324,2022-10-26,57.46,Electronics
CUST04324,2023-12-07,21.71,Clothing
CUST04324,2023-05-19,383.96,Travel
CUST04324,2023-11-29,222.28,Clothing
CUST04324,2023-07-14,14.26,Grocery
CUST04324,2023-11-03,20.2,Travel
CUST04324,2023-05-02,104.19,Travel
CUST04324,2024-06-26,41.87,Clothing
CUST04324,2024-06-01,30.39,Clothing
CUST04324,2023-08-30,7.26,Grocery
CUST04324,2024-10-07,32.91,Grocery
CUST04324,2024-04-24,222.72,Clothing
CUST04324,2023-01-12,258.95,Grocery
CUST04324,2023-10-22,94.06,Travel
CUST04324,2024-05-01,30.46,Clothing
CUST04324,2022-10-11,23.06,Electronics
CUST04324,2024-11-17,24.7,Clothing
CUST04324,2025-03-20,27.67,Clothing
CUST04324,2023-02-08,195.23,Grocery
CUST04324,2023-10-21,22.75,Travel
CUST04324,2023-07-17,35.17,Clothing
CUST04324,2025-07-06,30.15,Grocery
CUST04324,2024-04-06,30.99,Electronics
CUST04324,2022-11-01,177.71,Travel
CUST04324,2024-09-11,140.55,Travel
CUST04324,2025-01-26,160.51,Travel
CUST04324,2024-07-17,73.84,Clothing
CUST04324,2025-05-24,102.89,Electronics
CUST04324,2025-01-19,75.92,Electronics
CUST04324,2023-10-01,113.29,Electronics
CUST04324,2025-01-23,71.34,Electronics
CUST04324,2024-07-21,37.68,Travel
CUST04324,2024-07-18,6.14,Dining
CUST04324,2025-01-15,152.31,Grocery
CUST04324,2024-01-05,107.53,Clothing
CUST04324,2023-12-03,28.3,Clothing
CUST04324,2022-10-09,136.74,Dining
CUST04324,2023-02-09,69.93,Electronics
CUST04324,2023-05-16,89.37,Dining
CUST04324,2023-05-10,81.21,Dining
CUST04324,2023-10-18,27.63,Grocery
CUST04324,2024-11-12,23.71,Dining
CUST04324,2023-02-08,34.15,Electronics
CUST04324,2024-03-07,40.96,Travel
CUST04324,2023-12-09,202.1,Travel
CUST04324,2023-04-23,86.03,Travel
CUST04324,2025-03-05,34.2,Dining
CUST04324,2022-11-25,175.95,Electronics
CUST04324,2023-08-29,87.7,Grocery
CUST04324,2023-08-13,12.18,Dining
CUST04324,2023-06-02,326.26,Clothing
CUST04324,2022-09-03,46.5,Grocery
CUST04324,2023-12-23,62.1,Clothing
CUST04324,2024-11-18,172.54,Clothing
CUST04324,2023-02-25,73.62,Clothing
CUST04324,2023-05-19,61.51,Electronics
CUST04324,2024-05-08,100.52,Clothing
CUST04324,2025-04-22,314.4,Dining
CUST04324,2023-12-28,34.73,Grocery
CUST04324,2024-02-21,66.83,Dining
CUST04325,2025-04-24,10.39,Grocery
CUST04325,2024-01-17,176.63,Dining
CUST04325,2023-02-11,47.59,Electronics
CUST04325,2025-03-17,80.69,Electronics
CUST04325,2024-07-03,55.14,Dining
CUST04325,2023-01-10,100.53,Electronics
CUST04325,2024-12-18,112.74,Electronics
CUST04325,2023-12-09,81.57,Grocery
CUST04325,2023-06-23,25.32,Travel
CUST04325,2023-11-20,47.51,Travel
CUST04325,2022-12-31,152.12,Dining
CUST04325,2024-06-28,143.5,Clothing
CUST04325,2023-12-21,29.87,Travel
CUST04325,2022-12-26,102.5,Dining
CUST04325,2023-01-29,112.07,Clothing
CUST04325,2024-04-06,61.29,Electronics
CUST04325,2023-02-12,36.77,Dining
CUST04325,2023-02-18,24.84,Dining
CUST04325,2025-04-24,26.68,Clothing
CUST04325,2024-08-23,58.35,Electronics
CUST04325,2023-12-23,72.38,Grocery
CUST04325,2024-12-01,19.61,Electronics
CUST04325,2023-01-16,7.41,Dining
CUST04325,2024-09-30,70.08,Electronics
CUST04325,2025-03-21,152.4,Grocery
CUST04325,2023-08-24,49.52,Grocery
CUST04325,2025-02-15,105.42,Electronics
CUST04325,2023-03-03,88.08,Electronics
CUST04325,2024-05-30,86.93,Travel
CUST04325,2024-06-03,130.51,Grocery
CUST04325,2023-06-06,24.24,Electronics
CUST04325,2022-11-17,392.76,Travel
CUST04325,2024-02-13,15.35,Travel
CUST04325,2025-06-15,448.6,Electronics
CUST04325,2023-03-09,57.52,Travel
CUST04325,2023-10-21,70.22,Grocery
CUST04325,2024-09-09,161.67,Dining
CUST04325,2024-04-13,5.03,Clothing
CUST04325,2024-08-03,67.35,Grocery
CUST04325,2024-11-04,54.87,Dining
CUST04325,2024-07-13,113.37,Grocery
CUST04325,2023-06-05,124.73,Grocery
CUST04325,2024-01-03,84.94,Dining
CUST04325,2022-10-13,31.53,Clothing
CUST04325,2025-06-15,22.13,Dining
CUST04325,2023-07-30,11.21,Clothing
CUST04325,2025-07-03,21.6,Dining
CUST04325,2023-03-06,90.72,Travel
CUST04325,2023-12-03,143.76,Dining
CUST04325,2024-08-13,39.9,Grocery
CUST04325,2023-08-09,57.71,Travel
CUST04325,2024-04-16,105.83,Grocery
CUST04325,2024-11-27,191.15,Travel
CUST04325,2025-02-15,88.24,Grocery
CUST04325,2024-10-09,11.17,Electronics
CUST04325,2022-11-05,103.02,Grocery
CUST04325,2022-11-21,30.79,Dining
CUST04325,2024-04-14,38.38,Grocery
CUST04325,2023-04-11,22.6,Grocery
CUST04325,2022-12-15,158.05,Grocery
CUST04325,2025-06-18,15.42,Dining
CUST04325,2023-01-15,125.69,Electronics
CUST04325,2025-06-06,112.96,Electronics
CUST04325,2024-01-22,162.43,Electronics
CUST04325,2022-11-16,28.85,Grocery
CUST04325,2023-03-19,9.82,Electronics
CUST04325,2023-11-04,41.33,Clothing
CUST04325,2023-12-30,63.44,Travel
CUST04325,2025-03-13,12.86,Clothing
CUST04325,2025-03-07,60.34,Clothing
CUST04325,2024-07-06,141.38,Dining
CUST04325,2024-04-15,13.28,Clothing
CUST04325,2024-06-17,6.34,Dining
CUST04325,2024-10-08,42.89,Dining
CUST04325,2024-01-18,169.1,Electronics
CUST04325,2024-02-11,90.53,Dining
CUST04325,2024-02-01,32.86,Clothing
CUST04325,2025-01-22,239.92,Clothing
CUST04325,2024-05-23,68.89,Electronics
CUST04325,2024-05-31,72.71,Travel
CUST04325,2024-02-18,87.86,Grocery
CUST04325,2024-05-06,89.94,Clothing
CUST04325,2022-10-29,20.27,Electronics
CUST04325,2023-11-28,58.62,Clothing
CUST04325,2024-07-10,56.92,Grocery
CUST04325,2024-07-19,16.23,Travel
CUST04325,2023-09-17,57.76,Grocery
CUST04325,2024-09-20,37.14,Travel
CUST04325,2025-07-16,123.27,Grocery
CUST04325,2023-05-31,25.89,Grocery
CUST04325,2024-09-21,150.21,Travel
CUST04325,2025-06-23,197.71,Grocery
CUST04325,2024-10-13,196.74,Clothing
CUST04325,2025-04-21,47.12,Travel
CUST04325,2025-05-25,24.35,Dining
CUST04325,2024-03-19,34.79,Travel
CUST04325,2023-02-24,27.97,Dining
CUST04325,2023-03-30,153.75,Travel
CUST04325,2023-07-04,100.59,Clothing
CUST04325,2024-07-21,12.18,Dining
CUST04325,2025-04-07,263.13,Grocery
CUST04325,2024-09-13,255.42,Grocery
CUST04325,2023-02-02,25.04,Travel
CUST04325,2023-10-13,83.24,Electronics
CUST04325,2023-02-28,75.63,Travel
CUST04326,2025-07-01,82.05,Clothing
CUST04326,2024-07-13,26.41,Dining
CUST04326,2024-12-25,5.55,Dining
CUST04326,2025-05-09,14.81,Electronics
CUST04326,2024-10-23,11.6,Dining
CUST04326,2024-08-29,65.49,Grocery
CUST04326,2024-11-19,143.62,Clothing
CUST04326,2025-03-03,317.85,Travel
CUST04326,2024-12-05,24.43,Travel
CUST04326,2025-03-31,26.38,Travel
CUST04326,2024-08-05,185.74,Travel
CUST04326,2024-09-19,43.4,Clothing
CUST04326,2025-07-25,5.79,Grocery
CUST04326,2025-07-19,37.25,Dining
CUST04326,2025-02-12,25.63,Clothing
CUST04326,2025-03-10,8.15,Electronics
CUST04326,2025-07-01,8.66,Grocery
CUST04326,2024-10-15,62.75,Clothing
CUST04326,2025-02-20,35.95,Grocery
CUST04326,2025-06-19,52.1,Dining
CUST04326,2024-08-18,73.01,Grocery
CUST04326,2025-03-30,294.41,Travel
CUST04326,2025-01-24,28.59,Clothing
CUST04326,2025-03-03,30.21,Electronics
CUST04326,2025-04-12,22.03,Clothing
CUST04326,2024-08-15,13.62,Clothing
CUST04326,2024-07-24,33.29,Travel
CUST04326,2024-09-29,81.26,Travel
CUST04326,2024-12-16,11.02,Clothing
CUST04326,2024-09-22,18.3,Dining
CUST04326,2024-11-09,73.87,Travel
CUST04326,2025-03-29,51.19,Electronics
CUST04326,2025-02-26,25.25,Travel
CUST04326,2025-07-07,15.97,Grocery
CUST04326,2024-08-17,369.39,Clothing
CUST04326,2025-02-12,75.13,Clothing
CUST04326,2025-02-13,46.47,Dining
CUST04326,2025-01-14,146.91,Electronics
CUST04326,2024-08-29,19.37,Electronics
CUST04326,2024-11-09,49.11,Clothing
CUST04326,2024-10-02,68.87,Electronics
CUST04326,2025-06-17,40.99,Travel
CUST04326,2024-08-02,34.27,Clothing
CUST04326,2025-02-26,63.01,Electronics
CUST04326,2024-09-22,67.91,Grocery
CUST04326,2025-07-29,100.63,Travel
CUST04326,2025-02-23,228.31,Electronics
CUST04326,2025-01-19,80.42,Electronics
CUST04326,2025-04-24,5.15,Travel
CUST04326,2025-02-02,51.9,Dining
CUST04326,2024-08-11,150.56,Grocery
CUST04326,2025-03-19,14.71,Grocery
CUST04326,2025-07-22,82.33,Clothing
CUST04326,2024-08-04,83.58,Electronics
CUST04326,2024-08-28,75.67,Electronics
CUST04326,2024-08-17,113.37,Electronics
CUST04326,2025-05-17,172.18,Dining
CUST04326,2024-10-04,12.39,Dining
CUST04326,2025-07-26,142.05,Dining
CUST04326,2024-12-29,509.25,Travel
CUST04326,2024-10-20,76.36,Travel
CUST04326,2024-07-31,44.71,Electronics
CUST04326,2025-05-30,68.19,Dining
CUST04326,2025-05-06,46.84,Clothing
CUST04326,2025-07-07,402.29,Electronics
CUST04326,2025-07-11,98.26,Grocery
CUST04326,2024-10-01,17.75,Grocery
CUST04326,2024-08-27,40.65,Electronics
CUST04326,2025-02-23,103.57,Dining
CUST04326,2024-10-05,11.61,Grocery
CUST04326,2025-01-19,40.98,Grocery
CUST04326,2025-02-26,70.4,Travel
CUST04326,2024-12-26,180.43,Clothing
CUST04326,2025-05-31,25.8,Clothing
CUST04326,2024-08-02,32.5,Grocery
CUST04326,2024-12-13,102.21,Travel
CUST04326,2024-08-07,114.3,Clothing
CUST04326,2024-08-03,93.33,Grocery
CUST04326,2024-09-05,103.12,Grocery
CUST04326,2025-06-09,6.04,Travel
CUST04326,2025-02-28,63.76,Electronics
CUST04326,2024-11-05,142.13,Electronics
CUST04326,2025-03-14,31.55,Electronics
CUST04326,2025-07-07,20.17,Travel
CUST04326,2025-06-12,43.11,Electronics
CUST04326,2025-07-26,13.43,Dining
CUST04326,2024-12-03,26.91,Clothing
CUST04326,2025-01-01,37.26,Travel
CUST04326,2025-01-13,17.79,Electronics
CUST04326,2025-04-05,121.45,Travel
CUST04326,2024-08-14,39.84,Dining
CUST04327,2025-05-04,59.6,Dining
CUST04327,2024-10-30,35.87,Travel
CUST04327,2025-04-01,115.53,Grocery
CUST04327,2024-05-07,51.68,Clothing
CUST04327,2024-09-24,173.21,Electronics
CUST04327,2024-03-14,79.76,Travel
CUST04327,2025-03-15,96.64,Clothing
CUST04327,2024-10-22,229.81,Grocery
CUST04327,2025-06-18,9.96,Electronics
CUST04327,2025-05-09,298.91,Clothing
CUST04327,2024-10-05,245.28,Grocery
CUST04327,2025-01-09,108.15,Grocery
CUST04327,2024-12-13,381.7,Electronics
CUST04327,2025-02-05,84.76,Dining
CUST04327,2024-09-02,214.86,Electronics
CUST04327,2024-11-05,119.3,Dining
CUST04327,2025-02-21,137.11,Travel
CUST04327,2024-12-06,36.2,Clothing
CUST04327,2025-01-26,53.04,Clothing
CUST04327,2025-01-07,141.96,Travel
CUST04327,2024-10-11,15.23,Grocery
CUST04327,2025-06-09,19.09,Grocery
CUST04327,2025-03-12,69.09,Dining
CUST04327,2025-01-26,59.79,Travel
CUST04327,2024-04-29,17.96,Travel
CUST04327,2025-07-18,20.51,Electronics
CUST04327,2024-11-27,41.86,Travel
CUST04327,2024-04-17,186.0,Clothing
CUST04327,2024-07-16,103.22,Travel
CUST04327,2024-03-04,22.69,Electronics
CUST04327,2025-01-29,87.71,Travel
CUST04327,2025-02-13,161.26,Clothing
CUST04327,2024-12-08,144.51,Electronics
CUST04327,2025-02-03,219.59,Travel
CUST04327,2024-05-20,136.78,Electronics
CUST04327,2024-06-26,24.42,Electronics
CUST04327,2024-03-16,42.12,Electronics
CUST04327,2025-04-08,95.43,Electronics
CUST04327,2025-03-19,45.9,Travel
CUST04327,2024-02-18,6.68,Electronics
CUST04327,2024-12-25,145.54,Grocery
CUST04327,2024-03-21,65.24,Travel
CUST04327,2024-07-22,32.5,Electronics
CUST04327,2025-04-23,65.45,Dining
CUST04327,2025-03-01,117.44,Dining
CUST04327,2025-02-26,14.45,Dining
CUST04327,2024-03-16,152.43,Dining
CUST04327,2025-06-08,127.34,Dining
CUST04327,2024-05-11,96.68,Dining
CUST04327,2024-02-12,26.42,Clothing
CUST04327,2025-07-30,35.71,Travel
CUST04327,2025-03-30,69.55,Clothing
CUST04327,2025-02-28,11.71,Electronics
CUST04327,2025-08-01,14.88,Grocery
CUST04327,2025-05-07,148.38,Travel
CUST04327,2024-07-30,30.56,Electronics
CUST04327,2024-08-13,20.21,Electronics
CUST04327,2025-07-24,37.86,Travel
CUST04327,2024-04-03,221.19,Clothing
CUST04327,2025-04-07,13.07,Electronics
CUST04327,2025-01-03,29.79,Dining
CUST04327,2025-04-22,75.65,Dining
CUST04327,2024-07-07,50.14,Dining
CUST04327,2024-03-03,30.62,Dining
CUST04327,2024-12-08,179.54,Grocery
CUST04327,2024-11-13,70.35,Grocery
CUST04327,2024-06-25,222.72,Travel
CUST04327,2024-06-10,38.65,Clothing
CUST04327,2025-04-27,83.46,Electronics
CUST04327,2024-12-24,60.77,Grocery
CUST04327,2024-09-22,137.46,Electronics
CUST04327,2025-03-21,31.0,Dining
CUST04327,2025-06-29,19.3,Grocery
CUST04327,2025-06-21,41.95,Dining
CUST04327,2024-05-01,184.77,Clothing
CUST04327,2024-11-28,9.15,Electronics
CUST04327,2024-05-07,82.98,Dining
CUST04327,2024-05-31,26.1,Grocery
CUST04327,2025-06-08,9.86,Clothing
CUST04327,2024-05-08,13.52,Clothing
CUST04327,2025-05-11,59.26,Electronics
CUST04327,2024-02-13,42.15,Clothing
CUST04327,2024-08-01,11.9,Clothing
CUST04327,2025-07-31,95.61,Travel
CUST04327,2025-05-12,74.86,Clothing
CUST04327,2024-10-08,105.07,Electronics
CUST04327,2024-08-11,253.99,Clothing
CUST04327,2024-09-01,30.76,Dining
CUST04327,2025-07-24,53.73,Electronics
CUST04327,2025-02-09,82.63,Electronics
CUST04327,2024-08-01,60.62,Electronics
CUST04327,2024-07-13,209.76,Dining
CUST04327,2025-02-20,57.07,Travel
CUST04327,2024-12-08,9.07,Electronics
CUST04327,2025-07-20,81.52,Dining
CUST04327,2025-05-30,14.82,Grocery
CUST04327,2024-04-18,100.8,Grocery
CUST04327,2025-02-02,21.17,Clothing
CUST04327,2025-04-04,19.98,Travel
CUST04327,2024-07-13,224.67,Clothing
CUST04327,2024-03-13,113.38,Dining
CUST04327,2024-08-16,251.15,Clothing
CUST04327,2024-10-05,58.55,Grocery
CUST04327,2024-10-05,54.73,Grocery
CUST04327,2025-02-10,69.5,Travel
CUST04327,2025-04-19,17.18,Clothing
CUST04327,2025-06-20,67.86,Grocery
CUST04327,2024-06-02,130.13,Dining
CUST04327,2025-06-11,27.62,Clothing
CUST04328,2024-03-10,95.66,Travel
CUST04328,2023-04-12,40.2,Travel
CUST04328,2023-04-09,64.13,Dining
CUST04328,2023-08-01,112.72,Clothing
CUST04328,2024-05-29,121.64,Clothing
CUST04328,2025-02-03,24.86,Travel
CUST04328,2023-11-21,24.34,Clothing
CUST04328,2023-06-30,52.22,Electronics
CUST04328,2025-02-15,16.12,Electronics
CUST04328,2023-07-29,48.14,Travel
CUST04328,2024-01-31,158.16,Travel
CUST04328,2025-01-21,41.79,Dining
CUST04328,2024-05-18,19.52,Dining
CUST04328,2024-03-04,20.82,Travel
CUST04328,2023-08-15,25.6,Travel
CUST04328,2023-10-27,92.28,Grocery
CUST04328,2025-06-25,67.25,Travel
CUST04328,2023-04-19,102.26,Clothing
CUST04328,2024-05-06,86.92,Grocery
CUST04328,2023-11-06,99.09,Clothing
CUST04328,2024-07-10,88.47,Grocery
CUST04328,2024-11-02,30.23,Clothing
CUST04328,2025-01-09,143.44,Grocery
CUST04328,2024-11-10,70.39,Dining
CUST04328,2024-04-01,84.99,Travel
CUST04328,2025-05-09,56.91,Dining
CUST04328,2024-12-25,26.94,Electronics
CUST04328,2024-11-28,60.95,Electronics
CUST04328,2025-04-26,111.79,Dining
CUST04328,2024-06-05,41.68,Grocery
CUST04328,2025-03-15,37.32,Grocery
CUST04328,2025-02-17,72.23,Electronics
CUST04328,2024-11-09,41.71,Grocery
CUST04328,2023-07-07,35.43,Clothing
CUST04328,2024-03-24,48.02,Electronics
CUST04328,2024-11-18,63.28,Grocery
CUST04328,2024-04-27,42.98,Dining
CUST04328,2025-03-17,41.45,Dining
CUST04328,2025-04-15,312.02,Grocery
CUST04328,2025-04-03,360.24,Clothing
CUST04328,2025-06-10,11.06,Clothing
CUST04328,2025-01-01,66.25,Electronics
CUST04328,2023-11-26,86.79,Clothing
CUST04328,2024-11-02,314.27,Travel
CUST04328,2024-06-05,6.53,Dining
CUST04328,2024-06-22,50.8,Clothing
CUST04328,2025-03-20,24.37,Grocery
CUST04328,2023-12-31,18.58,Grocery
CUST04328,2024-07-16,102.12,Dining
CUST04328,2023-07-22,29.63,Electronics
CUST04328,2025-02-21,38.84,Travel
CUST04328,2023-11-03,144.17,Grocery
CUST04328,2024-07-14,57.64,Electronics
CUST04328,2025-04-23,295.56,Dining
CUST04328,2024-08-29,150.03,Grocery
CUST04328,2025-01-25,121.99,Grocery
CUST04328,2023-12-22,34.3,Electronics
CUST04328,2024-09-22,210.36,Clothing
CUST04328,2023-12-19,96.95,Electronics
CUST04328,2023-03-31,7.74,Dining
CUST04328,2024-12-29,12.85,Electronics
CUST04328,2024-12-24,7.41,Electronics
CUST04328,2023-09-13,151.17,Electronics
CUST04328,2025-01-19,41.08,Travel
CUST04328,2024-09-20,65.2,Travel
CUST04328,2025-04-23,54.77,Clothing
CUST04328,2023-07-12,262.61,Clothing
CUST04328,2024-08-31,241.88,Travel
CUST04328,2024-10-07,81.28,Electronics
CUST04328,2025-04-10,32.09,Grocery
CUST04328,2023-05-10,59.17,Electronics
CUST04328,2024-01-09,69.9,Electronics
CUST04328,2024-01-02,165.27,Dining
CUST04328,2023-07-18,26.99,Electronics
CUST04328,2025-02-07,87.49,Travel
CUST04328,2025-07-16,58.96,Grocery
CUST04328,2025-01-24,94.87,Grocery
CUST04328,2023-11-13,35.76,Electronics
CUST04328,2024-06-28,18.68,Grocery
CUST04328,2025-04-04,25.48,Dining
CUST04328,2025-04-09,7.49,Travel
CUST04328,2024-02-10,35.15,Dining
CUST04328,2024-01-16,67.42,Clothing
CUST04328,2023-09-06,106.77,Dining
CUST04328,2023-07-19,12.83,Grocery
CUST04328,2025-06-11,248.63,Grocery
CUST04328,2025-04-23,8.74,Dining
CUST04328,2025-04-21,7.04,Electronics
CUST04328,2024-07-03,48.17,Travel
CUST04328,2023-07-13,18.68,Electronics
CUST04328,2024-07-02,65.25,Electronics
CUST04328,2023-04-08,82.46,Travel
CUST04328,2023-09-28,11.72,Electronics
CUST04328,2023-08-03,91.05,Dining
CUST04328,2024-08-29,5.31,Clothing
CUST04328,2023-07-07,136.02,Grocery
CUST04328,2024-12-24,26.89,Electronics
CUST04328,2024-05-02,71.54,Grocery
CUST04328,2025-03-22,55.32,Dining
CUST04328,2025-01-13,9.47,Grocery
CUST04328,2024-09-30,7.73,Electronics
CUST04328,2023-09-07,44.43,Electronics
CUST04328,2024-11-20,67.14,Electronics
CUST04328,2023-09-26,20.51,Electronics
CUST04328,2024-02-11,144.57,Clothing
CUST04328,2023-06-12,171.72,Travel
CUST04328,2024-11-26,34.15,Travel
CUST04328,2024-09-25,99.36,Grocery
CUST04329,2024-03-30,54.05,Clothing
CUST04329,2025-03-06,25.7,Dining
CUST04329,2025-03-05,36.0,Electronics
CUST04329,2024-06-03,496.58,Electronics
CUST04329,2024-08-28,153.67,Grocery
CUST04329,2025-06-19,40.29,Travel
CUST04329,2024-02-23,21.06,Clothing
CUST04329,2024-03-27,12.95,Clothing
CUST04329,2024-02-15,8.45,Dining
CUST04329,2024-04-27,155.09,Electronics
CUST04329,2024-07-26,17.34,Grocery
CUST04329,2024-07-02,147.67,Travel
CUST04329,2024-04-18,48.36,Clothing
CUST04329,2025-03-21,171.46,Clothing
CUST04329,2024-07-29,10.68,Travel
CUST04329,2024-12-11,89.85,Grocery
CUST04329,2024-10-07,41.98,Grocery
CUST04329,2025-02-11,34.25,Electronics
CUST04329,2024-01-29,164.36,Travel
CUST04329,2025-01-27,98.8,Clothing
CUST04329,2024-09-04,44.34,Electronics
CUST04329,2025-04-28,43.58,Dining
CUST04329,2024-07-18,116.17,Grocery
CUST04329,2025-03-03,115.5,Clothing
CUST04329,2025-04-25,21.84,Clothing
CUST04329,2024-08-14,34.66,Travel
CUST04329,2024-12-18,41.05,Dining
CUST04329,2024-02-02,31.21,Grocery
CUST04329,2024-09-12,34.97,Travel
CUST04329,2024-02-15,53.13,Grocery
CUST04329,2024-03-17,69.71,Dining
CUST04329,2024-12-17,126.18,Dining
CUST04329,2024-09-11,51.12,Travel
CUST04329,2024-10-16,142.4,Clothing
CUST04329,2025-05-29,104.29,Grocery
CUST04329,2025-01-20,64.37,Travel
CUST04329,2025-06-15,70.24,Grocery
CUST04329,2024-02-11,85.68,Clothing
CUST04329,2025-04-29,80.37,Dining
CUST04329,2024-04-19,109.89,Clothing
CUST04329,2024-08-12,21.59,Clothing
CUST04329,2024-10-23,191.64,Grocery
CUST04329,2024-05-06,36.17,Grocery
CUST04329,2024-11-16,14.41,Grocery
CUST04329,2024-11-11,137.1,Dining
CUST04329,2024-05-05,111.31,Travel
CUST04329,2025-03-08,244.48,Grocery
CUST04329,2025-01-15,104.02,Dining
CUST04329,2024-01-13,47.76,Clothing
CUST04329,2024-01-08,49.48,Dining
CUST04329,2025-07-06,175.09,Electronics
CUST04329,2025-06-27,54.27,Clothing
CUST04329,2025-01-19,92.17,Clothing
CUST04329,2025-04-07,53.31,Grocery
CUST04329,2024-04-07,62.06,Dining
CUST04329,2024-01-15,36.28,Grocery
CUST04329,2024-12-16,49.56,Grocery
CUST04329,2024-03-19,211.29,Grocery
CUST04329,2025-01-20,73.52,Dining
CUST04329,2024-04-03,61.39,Electronics
CUST04329,2025-05-21,81.99,Travel
CUST04329,2024-11-30,76.82,Grocery
CUST04329,2025-05-29,107.7,Clothing
CUST04329,2025-05-24,17.58,Electronics
CUST04329,2025-04-08,126.08,Grocery
CUST04329,2024-09-15,33.93,Electronics
CUST04329,2024-07-29,11.36,Electronics
CUST04329,2025-02-08,92.01,Grocery
CUST04329,2025-06-12,80.99,Dining
CUST04329,2025-02-03,418.98,Grocery
CUST04329,2024-01-20,193.35,Grocery
CUST04329,2024-04-16,61.55,Travel
CUST04329,2023-12-17,199.68,Grocery
CUST04329,2024-06-03,23.5,Clothing
CUST04329,2024-08-22,129.01,Grocery
CUST04329,2023-12-13,46.22,Dining
CUST04329,2024-05-15,230.82,Clothing
CUST04329,2024-11-20,133.41,Travel
CUST04329,2025-03-22,135.67,Travel
CUST04329,2025-01-31,6.84,Travel
CUST04329,2025-05-02,11.76,Clothing
CUST04329,2025-01-24,199.39,Electronics
CUST04329,2024-10-24,33.06,Electronics
CUST04329,2024-05-21,39.64,Grocery
CUST04329,2024-09-06,197.46,Clothing
CUST04329,2024-06-16,14.58,Grocery
CUST04329,2025-03-19,64.11,Electronics
CUST04329,2024-05-11,97.79,Grocery
CUST04329,2024-03-14,163.1,Travel
CUST04329,2025-01-09,17.43,Electronics
CUST04329,2025-04-11,100.49,Dining
CUST04329,2023-12-12,59.12,Grocery
CUST04329,2025-04-09,299.85,Dining
CUST04329,2025-06-17,365.91,Grocery
CUST04329,2024-04-23,106.04,Travel
CUST04329,2023-12-28,12.22,Grocery
CUST04329,2024-03-09,38.34,Dining
CUST04329,2025-07-31,63.12,Travel
CUST04329,2024-07-24,22.84,Grocery
CUST04329,2024-05-05,6.29,Dining
CUST04330,2024-01-13,150.49,Dining
CUST04330,2023-07-03,116.62,Clothing
CUST04330,2024-10-20,343.58,Travel
CUST04330,2022-12-18,101.16,Dining
CUST04330,2023-03-11,71.94,Electronics
CUST04330,2024-08-15,65.18,Dining
CUST04330,2023-01-06,44.5,Travel
CUST04330,2024-04-23,67.22,Clothing
CUST04330,2023-09-13,30.29,Clothing
CUST04330,2023-11-28,45.0,Dining
CUST04330,2025-04-16,108.08,Travel
CUST04330,2022-08-15,92.27,Grocery
CUST04330,2023-05-07,14.28,Dining
CUST04330,2024-12-17,80.09,Grocery
CUST04330,2024-07-12,35.75,Clothing
CUST04330,2025-06-12,26.73,Dining
CUST04330,2023-10-29,5.64,Clothing
CUST04330,2022-08-17,69.96,Grocery
CUST04330,2024-04-21,5.68,Dining
CUST04330,2023-06-28,122.23,Electronics
CUST04330,2023-02-28,160.72,Clothing
CUST04330,2024-03-08,28.9,Clothing
CUST04330,2023-12-21,85.4,Dining
CUST04330,2024-08-12,72.35,Grocery
CUST04330,2023-12-21,91.26,Travel
CUST04330,2024-03-19,29.81,Electronics
CUST04330,2022-10-14,68.06,Dining
CUST04330,2023-04-26,24.47,Dining
CUST04330,2025-05-26,36.33,Grocery
CUST04330,2024-01-23,46.36,Electronics
CUST04330,2024-10-16,147.77,Travel
CUST04330,2024-08-09,71.67,Clothing
CUST04330,2024-02-11,115.24,Clothing
CUST04330,2023-02-05,55.61,Clothing
CUST04330,2025-05-19,349.24,Clothing
CUST04330,2024-01-01,149.59,Dining
CUST04330,2023-06-16,57.55,Electronics
CUST04330,2024-07-24,196.91,Clothing
CUST04330,2025-03-29,70.9,Clothing
CUST04330,2024-01-26,20.11,Electronics
CUST04330,2023-02-22,65.64,Travel
CUST04330,2025-02-15,101.18,Travel
CUST04330,2024-06-23,17.2,Travel
CUST04330,2022-07-11,7.71,Grocery
CUST04330,2025-04-26,54.65,Travel
CUST04330,2025-02-12,105.62,Clothing
CUST04330,2023-09-30,96.72,Grocery
CUST04330,2024-12-10,86.96,Clothing
CUST04330,2022-11-08,36.48,Dining
CUST04330,2023-01-07,37.29,Grocery
CUST04330,2022-07-13,91.0,Dining
CUST04330,2023-03-30,40.53,Electronics
CUST04330,2025-03-02,28.49,Clothing
CUST04330,2024-05-13,10.73,Travel
CUST04330,2024-06-01,26.36,Clothing
CUST04330,2024-07-06,6.2,Dining
CUST04330,2024-04-04,150.01,Clothing
CUST04330,2022-06-24,82.21,Grocery
CUST04330,2022-12-19,11.61,Electronics
CUST04330,2023-04-18,39.08,Grocery
CUST04330,2024-09-30,21.49,Travel
CUST04330,2025-07-12,10.93,Dining
CUST04330,2023-08-06,51.35,Clothing
CUST04330,2022-10-02,131.5,Travel
CUST04330,2025-05-10,26.08,Travel
CUST04330,2024-08-25,83.5,Electronics
CUST04330,2025-06-28,15.85,Electronics
CUST04330,2023-03-17,73.36,Travel
CUST04330,2024-05-13,32.29,Grocery
CUST04330,2025-06-19,245.82,Travel
CUST04330,2024-06-08,139.39,Dining
CUST04330,2023-10-17,68.76,Electronics
CUST04330,2023-12-18,24.93,Clothing
CUST04330,2022-10-08,74.96,Clothing
CUST04330,2023-04-03,25.64,Grocery
CUST04330,2024-11-15,387.93,Travel
CUST04330,2022-11-15,124.41,Clothing
CUST04330,2023-03-17,393.63,Electronics
CUST04330,2023-10-01,179.37,Travel
CUST04330,2023-12-27,30.92,Clothing
CUST04330,2023-01-23,42.59,Clothing
CUST04330,2022-08-19,70.23,Grocery
CUST04330,2023-04-02,106.58,Clothing
CUST04330,2024-05-16,70.17,Grocery
CUST04330,2024-04-25,40.14,Dining
CUST04330,2022-10-15,13.49,Dining
CUST04330,2023-04-03,19.24,Electronics
CUST04330,2023-03-07,24.39,Clothing
CUST04330,2023-11-17,65.06,Dining
CUST04330,2024-02-01,53.66,Travel
CUST04330,2024-04-20,112.53,Clothing
CUST04330,2022-06-17,13.25,Travel
CUST04330,2023-02-27,241.83,Grocery
CUST04330,2023-03-09,79.82,Dining
CUST04330,2022-06-09,22.1,Electronics
CUST04330,2025-07-18,21.26,Electronics
CUST04330,2023-11-07,105.18,Clothing
CUST04330,2024-03-24,64.8,Electronics
CUST04330,2023-01-01,112.62,Grocery
CUST04330,2025-03-30,171.3,Grocery
CUST04330,2024-05-14,75.13,Electronics
CUST04331,2022-12-20,84.46,Electronics
CUST04331,2022-02-07,35.34,Travel
CUST04331,2023-06-27,64.89,Dining
CUST04331,2024-01-13,32.32,Travel
CUST04331,2024-12-28,22.67,Electronics
CUST04331,2021-10-02,39.74,Grocery
CUST04331,2024-09-22,85.79,Electronics
CUST04331,2025-07-14,64.72,Dining
CUST04331,2025-06-22,50.78,Grocery
CUST04331,2021-01-05,163.82,Electronics
CUST04331,2022-06-30,58.86,Electronics
CUST04331,2021-08-30,110.44,Dining
CUST04331,2022-01-02,29.3,Grocery
CUST04331,2024-01-06,112.35,Clothing
CUST04331,2022-05-13,120.87,Electronics
CUST04331,2024-08-05,79.89,Clothing
CUST04331,2021-12-19,44.56,Travel
CUST04331,2021-01-06,149.79,Clothing
CUST04331,2025-02-02,285.18,Electronics
CUST04331,2021-01-28,21.13,Travel
CUST04331,2023-09-04,101.53,Electronics
CUST04331,2025-03-03,71.93,Dining
CUST04331,2022-04-23,84.54,Travel
CUST04331,2025-07-15,16.18,Dining
CUST04331,2023-08-03,59.06,Grocery
CUST04331,2020-11-10,45.05,Travel
CUST04331,2022-03-02,202.67,Electronics
CUST04331,2025-03-26,33.14,Clothing
CUST04331,2022-01-04,528.33,Grocery
CUST04331,2022-08-06,25.61,Grocery
CUST04331,2022-08-03,108.2,Grocery
CUST04331,2023-12-01,301.09,Dining
CUST04331,2025-07-05,64.98,Dining
CUST04331,2021-04-18,52.87,Electronics
CUST04331,2021-01-26,151.4,Grocery
CUST04331,2024-10-25,33.9,Dining
CUST04331,2025-01-25,88.47,Dining
CUST04331,2022-04-06,32.03,Travel
CUST04331,2023-03-28,53.18,Dining
CUST04331,2025-04-15,60.7,Grocery
CUST04331,2024-04-10,83.2,Electronics
CUST04331,2024-11-30,104.65,Dining
CUST04331,2025-07-01,102.15,Electronics
CUST04331,2025-02-28,24.87,Travel
CUST04331,2022-11-25,29.54,Electronics
CUST04331,2023-08-01,42.86,Electronics
CUST04331,2021-11-02,96.46,Dining
CUST04331,2025-07-02,75.36,Dining
CUST04331,2024-05-10,83.67,Electronics
CUST04331,2024-04-30,98.03,Electronics
CUST04331,2025-02-02,11.06,Grocery
CUST04331,2024-11-21,14.7,Dining
CUST04331,2023-02-11,29.24,Clothing
CUST04331,2025-01-11,41.56,Grocery
CUST04331,2021-02-16,16.93,Clothing
CUST04331,2022-01-24,47.48,Dining
CUST04331,2022-08-27,36.52,Clothing
CUST04331,2023-05-16,56.26,Travel
CUST04331,2023-08-11,44.89,Grocery
CUST04331,2024-01-10,416.21,Travel
CUST04331,2025-01-24,25.94,Clothing
CUST04331,2023-06-11,121.17,Electronics
CUST04331,2024-07-05,337.28,Electronics
CUST04331,2023-06-19,22.54,Grocery
CUST04331,2023-06-24,15.05,Clothing
CUST04331,2020-10-13,374.58,Travel
CUST04331,2023-05-16,164.03,Travel
CUST04331,2024-06-09,87.23,Grocery
CUST04331,2023-02-04,18.12,Dining
CUST04331,2024-03-18,24.4,Grocery
CUST04331,2023-07-27,27.95,Grocery
CUST04331,2025-02-20,144.77,Dining
CUST04331,2023-09-12,43.81,Travel
CUST04331,2024-11-10,18.39,Clothing
CUST04331,2023-09-15,118.08,Dining
CUST04331,2022-06-29,60.06,Travel
CUST04331,2021-06-26,208.13,Clothing
CUST04331,2023-05-02,32.73,Grocery
CUST04331,2024-09-22,26.31,Dining
CUST04331,2021-10-12,35.43,Grocery
CUST04331,2023-05-10,38.15,Dining
CUST04331,2024-08-12,72.89,Grocery
CUST04331,2022-12-16,85.65,Electronics
CUST04331,2025-04-29,27.09,Grocery
CUST04331,2022-08-11,40.97,Clothing
CUST04331,2020-10-23,144.14,Dining
CUST04331,2021-10-19,183.42,Travel
CUST04331,2021-07-29,200.67,Dining
CUST04331,2023-01-12,87.2,Grocery
CUST04331,2024-04-03,17.96,Dining
CUST04331,2022-11-06,61.54,Clothing
CUST04331,2021-04-22,35.8,Clothing
CUST04332,2025-05-07,15.71,Travel
CUST04332,2024-03-20,167.71,Dining
CUST04332,2024-12-17,52.34,Grocery
CUST04332,2024-07-20,116.81,Electronics
CUST04332,2024-11-06,61.67,Electronics
CUST04332,2023-11-06,297.36,Electronics
CUST04332,2024-02-14,118.24,Electronics
CUST04332,2024-05-08,63.15,Dining
CUST04332,2025-06-28,69.01,Travel
CUST04332,2025-04-15,42.01,Clothing
CUST04332,2023-11-27,119.69,Travel
CUST04332,2025-07-31,235.46,Electronics
CUST04332,2024-04-18,11.68,Electronics
CUST04332,2025-06-21,89.69,Electronics
CUST04332,2024-05-05,45.38,Dining
CUST04332,2024-05-21,100.22,Electronics
CUST04332,2024-03-17,24.42,Grocery
CUST04332,2025-06-08,7.66,Clothing
CUST04332,2024-02-08,104.48,Clothing
CUST04332,2025-06-02,89.19,Clothing
CUST04332,2025-01-19,27.52,Clothing
CUST04332,2024-08-22,13.99,Travel
CUST04332,2024-10-28,292.18,Travel
CUST04332,2025-05-15,85.0,Travel
CUST04332,2023-10-11,43.93,Travel
CUST04332,2025-02-22,43.41,Dining
CUST04332,2024-09-06,40.61,Dining
CUST04332,2025-05-12,549.13,Electronics
CUST04332,2024-05-18,7.46,Electronics
CUST04332,2024-04-13,115.55,Grocery
CUST04332,2024-07-01,82.61,Travel
CUST04332,2023-12-31,6.97,Dining
CUST04332,2025-07-25,112.81,Grocery
CUST04332,2025-04-25,177.78,Grocery
CUST04332,2023-10-24,32.2,Clothing
CUST04332,2025-01-28,283.45,Clothing
CUST04332,2024-07-13,38.57,Electronics
CUST04332,2025-02-15,40.71,Dining
CUST04332,2025-05-24,21.02,Grocery
CUST04332,2025-06-02,483.02,Clothing
CUST04332,2023-09-13,75.25,Electronics
CUST04332,2025-03-17,75.03,Grocery
CUST04332,2025-07-12,32.92,Clothing
CUST04332,2024-09-30,49.63,Clothing
CUST04332,2023-11-07,94.2,Clothing
CUST04332,2024-05-23,81.16,Electronics
CUST04332,2025-05-05,191.35,Clothing
CUST04332,2023-12-08,40.28,Travel
CUST04332,2024-11-05,145.19,Dining
CUST04332,2025-06-12,99.09,Clothing
CUST04332,2023-10-11,86.11,Dining
CUST04332,2025-06-05,163.39,Clothing
CUST04332,2025-03-23,260.04,Grocery
CUST04332,2024-10-25,38.89,Travel
CUST04332,2025-05-01,141.11,Electronics
CUST04332,2024-07-23,21.25,Electronics
CUST04332,2025-04-03,27.26,Dining
CUST04332,2023-10-17,469.83,Grocery
CUST04332,2024-04-03,52.01,Electronics
CUST04332,2024-11-25,553.1,Clothing
CUST04332,2025-06-05,29.73,Electronics
CUST04332,2024-03-26,35.79,Clothing
CUST04332,2024-01-06,20.31,Dining
CUST04332,2024-03-13,55.16,Electronics
CUST04332,2024-10-26,45.43,Dining
CUST04332,2024-05-28,27.57,Dining
CUST04332,2025-01-07,57.71,Dining
CUST04332,2025-06-02,61.5,Travel
CUST04332,2023-12-09,14.99,Electronics
CUST04332,2024-10-03,74.41,Dining
CUST04332,2024-11-14,37.6,Electronics
CUST04332,2024-02-17,50.81,Travel
CUST04332,2024-03-17,34.76,Travel
CUST04332,2025-06-03,5.56,Clothing
CUST04332,2025-07-25,212.13,Grocery
CUST04332,2025-05-22,88.05,Dining
CUST04332,2024-07-06,25.97,Dining
CUST04332,2025-03-10,61.91,Travel
CUST04332,2023-09-13,159.72,Clothing
CUST04332,2024-03-09,6.34,Travel
CUST04332,2025-01-17,12.64,Clothing
CUST04332,2025-02-12,165.75,Electronics
CUST04332,2023-11-29,65.12,Grocery
CUST04332,2025-02-13,27.37,Travel
CUST04332,2025-02-13,56.84,Dining
CUST04332,2025-05-14,209.65,Clothing
CUST04332,2025-05-29,26.49,Electronics
CUST04332,2024-05-29,50.64,Dining
CUST04332,2024-09-18,6.66,Travel
CUST04332,2023-10-16,58.01,Grocery
CUST04333,2023-04-22,45.52,Travel
CUST04333,2024-07-10,48.07,Grocery
CUST04333,2023-06-26,14.89,Grocery
CUST04333,2024-02-24,279.66,Clothing
CUST04333,2023-10-22,41.42,Clothing
CUST04333,2025-07-03,38.06,Electronics
CUST04333,2024-08-02,188.79,Electronics
CUST04333,2025-02-22,245.69,Clothing
CUST04333,2024-07-28,7.43,Electronics
CUST04333,2024-10-23,43.94,Dining
CUST04333,2023-06-11,8.68,Dining
CUST04333,2024-01-31,40.52,Electronics
CUST04333,2023-04-08,6.19,Travel
CUST04333,2023-09-27,30.58,Clothing
CUST04333,2024-08-24,27.29,Grocery
CUST04333,2025-05-31,24.23,Dining
CUST04333,2024-08-17,118.3,Electronics
CUST04333,2025-06-05,122.8,Grocery
CUST04333,2025-06-01,42.21,Electronics
CUST04333,2023-09-14,39.71,Electronics
CUST04333,2024-11-13,53.44,Grocery
CUST04333,2023-07-12,375.47,Travel
CUST04333,2025-05-06,67.91,Clothing
CUST04333,2024-03-07,38.89,Travel
CUST04333,2025-05-12,28.02,Clothing
CUST04333,2023-06-07,66.26,Clothing
CUST04333,2023-08-30,106.0,Travel
CUST04333,2023-11-28,14.71,Dining
CUST04333,2024-08-27,62.09,Dining
CUST04333,2025-04-21,72.32,Travel
CUST04333,2024-12-02,68.5,Travel
CUST04333,2023-12-08,119.28,Travel
CUST04333,2024-11-20,11.55,Grocery
CUST04333,2024-05-16,40.06,Dining
CUST04333,2024-12-13,19.68,Dining
CUST04333,2024-07-23,7.46,Clothing
CUST04333,2024-11-21,23.83,Clothing
CUST04333,2024-11-25,11.06,Clothing
CUST04333,2024-06-12,37.22,Electronics
CUST04333,2025-02-26,66.23,Dining
CUST04333,2024-01-08,42.3,Grocery
CUST04333,2025-07-07,56.2,Clothing
CUST04333,2024-08-19,53.2,Electronics
CUST04333,2024-11-09,7.27,Clothing
CUST04333,2023-11-04,151.19,Electronics
CUST04333,2024-11-30,144.93,Clothing
CUST04333,2024-09-03,59.36,Dining
CUST04333,2024-08-23,22.61,Grocery
CUST04333,2023-09-15,262.98,Clothing
CUST04333,2025-03-11,87.36,Dining
CUST04333,2023-04-02,160.32,Clothing
CUST04333,2023-05-25,14.96,Electronics
CUST04333,2024-11-13,60.14,Clothing
CUST04333,2025-08-01,11.33,Dining
CUST04333,2023-10-15,71.45,Clothing
CUST04333,2025-03-14,43.69,Travel
CUST04333,2025-01-26,41.23,Clothing
CUST04333,2023-06-15,5.09,Grocery
CUST04333,2024-11-26,254.63,Travel
CUST04333,2025-06-26,66.18,Dining
CUST04333,2024-05-09,6.56,Clothing
CUST04333,2024-04-05,21.81,Dining
CUST04333,2025-07-16,8.46,Travel
CUST04333,2024-06-18,27.92,Dining
CUST04333,2023-08-18,90.38,Grocery
CUST04333,2024-07-28,71.85,Dining
CUST04333,2023-09-29,37.41,Grocery
CUST04333,2025-02-20,123.07,Clothing
CUST04333,2025-07-15,23.04,Electronics
CUST04333,2023-10-28,389.55,Electronics
CUST04333,2024-12-11,117.48,Travel
CUST04333,2023-12-18,20.51,Grocery
CUST04333,2024-03-26,28.8,Travel
CUST04333,2023-05-18,97.81,Dining
CUST04333,2024-03-25,12.34,Electronics
CUST04333,2025-01-28,46.56,Electronics
CUST04333,2024-05-23,32.44,Travel
CUST04333,2025-05-25,5.53,Electronics
CUST04333,2023-06-04,52.07,Grocery
CUST04333,2024-09-27,171.66,Clothing
CUST04333,2023-11-27,23.4,Clothing
CUST04333,2025-05-21,56.09,Travel
CUST04333,2023-11-06,65.58,Dining
CUST04333,2023-04-24,188.68,Electronics
CUST04333,2024-04-15,163.74,Dining
CUST04333,2023-06-24,21.8,Grocery
CUST04333,2023-10-15,155.54,Grocery
CUST04333,2024-02-28,322.86,Electronics
CUST04333,2023-05-08,33.03,Clothing
CUST04333,2024-05-04,108.46,Grocery
CUST04333,2023-08-18,14.31,Grocery
CUST04333,2024-04-01,16.23,Grocery
CUST04333,2023-10-20,84.74,Clothing
CUST04333,2024-08-19,8.94,Electronics
CUST04333,2024-07-16,93.42,Clothing
CUST04333,2025-02-20,67.78,Grocery
CUST04333,2023-11-08,48.04,Dining
CUST04333,2023-05-31,28.6,Grocery
CUST04333,2024-02-23,237.83,Grocery
CUST04333,2024-10-08,116.47,Grocery
CUST04333,2023-12-05,16.27,Travel
CUST04333,2023-06-25,147.35,Travel
CUST04333,2025-06-20,11.2,Clothing
CUST04333,2025-04-29,340.0,Electronics
CUST04333,2023-11-02,54.61,Dining
CUST04333,2024-09-22,103.34,Clothing
CUST04333,2024-08-26,114.3,Dining
CUST04333,2024-04-17,18.54,Electronics
CUST04333,2023-09-14,7.13,Clothing
CUST04333,2023-06-11,44.89,Electronics
CUST04333,2024-09-02,31.76,Clothing
CUST04333,2024-03-10,73.43,Grocery
CUST04333,2023-08-25,19.14,Dining
CUST04334,2025-05-29,102.38,Travel
CUST04334,2024-12-21,64.91,Grocery
CUST04334,2025-04-18,8.23,Grocery
CUST04334,2025-07-09,169.09,Clothing
CUST04334,2025-06-11,118.61,Electronics
CUST04334,2025-04-15,149.71,Electronics
CUST04334,2025-02-24,27.24,Dining
CUST04334,2025-03-01,276.0,Dining
CUST04334,2025-01-25,6.76,Grocery
CUST04334,2025-03-06,20.13,Travel
CUST04334,2024-12-30,33.26,Clothing
CUST04334,2025-01-02,98.79,Dining
CUST04334,2025-03-17,162.26,Travel
CUST04334,2025-03-18,52.35,Travel
CUST04334,2025-02-12,32.74,Electronics
CUST04334,2025-05-28,73.43,Grocery
CUST04334,2025-03-17,44.94,Electronics
CUST04334,2025-05-07,177.13,Dining
CUST04334,2025-02-02,59.25,Grocery
CUST04334,2024-12-31,154.16,Dining
CUST04334,2025-07-22,113.28,Dining
CUST04334,2025-07-24,47.72,Dining
CUST04334,2025-04-28,197.1,Dining
CUST04334,2025-03-05,56.13,Dining
CUST04334,2025-04-21,57.27,Grocery
CUST04334,2025-06-24,7.12,Dining
CUST04334,2025-05-12,12.74,Dining
CUST04334,2025-07-06,90.25,Grocery
CUST04334,2025-02-18,37.45,Electronics
CUST04334,2025-06-21,29.92,Clothing
CUST04334,2025-01-23,235.57,Electronics
CUST04334,2025-02-11,131.87,Dining
CUST04334,2025-06-25,52.08,Travel
CUST04334,2025-04-12,44.01,Dining
CUST04334,2025-03-30,277.42,Clothing
CUST04334,2025-01-23,194.06,Grocery
CUST04334,2025-06-23,306.33,Travel
CUST04334,2025-01-08,5.61,Electronics
CUST04334,2025-01-26,22.69,Electronics
CUST04334,2025-01-24,84.53,Travel
CUST04334,2025-02-01,193.11,Clothing
CUST04334,2025-03-19,45.09,Clothing
CUST04334,2025-01-16,40.13,Grocery
CUST04334,2025-03-21,22.23,Dining
CUST04334,2025-02-08,69.95,Dining
CUST04334,2025-04-04,62.66,Electronics
CUST04334,2025-05-21,70.16,Grocery
CUST04334,2025-07-19,29.83,Dining
CUST04334,2025-02-14,45.91,Travel
CUST04334,2025-01-18,83.85,Clothing
CUST04334,2025-04-18,51.57,Clothing
CUST04334,2025-01-02,103.76,Electronics
CUST04334,2025-05-28,29.52,Electronics
CUST04334,2025-05-02,181.67,Electronics
CUST04334,2025-06-28,11.75,Travel
CUST04334,2025-03-06,42.38,Grocery
CUST04334,2025-07-15,54.65,Travel
CUST04334,2025-06-06,18.25,Electronics
CUST04334,2025-05-16,100.74,Electronics
CUST04334,2025-04-11,93.24,Grocery
CUST04334,2025-05-12,44.82,Dining
CUST04334,2025-02-10,195.67,Electronics
CUST04334,2025-02-09,8.72,Grocery
CUST04334,2024-12-30,42.91,Travel
CUST04334,2025-04-08,37.06,Electronics
CUST04334,2025-02-09,23.29,Electronics
CUST04334,2025-01-15,260.13,Dining
CUST04334,2025-03-28,225.11,Electronics
CUST04334,2025-02-27,80.73,Electronics
CUST04334,2025-02-09,60.61,Electronics
CUST04334,2024-12-30,35.0,Clothing
CUST04334,2025-07-25,72.29,Clothing
CUST04334,2025-03-07,54.01,Travel
CUST04334,2025-07-27,184.29,Travel
CUST04334,2025-07-19,39.44,Electronics
CUST04334,2025-07-13,59.03,Travel
CUST04334,2025-05-10,157.39,Grocery
CUST04334,2025-04-29,33.72,Clothing
CUST04334,2024-12-26,57.66,Grocery
CUST04334,2025-01-19,166.61,Travel
CUST04334,2025-02-13,6.29,Grocery
CUST04334,2025-01-23,28.92,Travel
CUST04334,2025-06-22,119.89,Travel
CUST04334,2025-02-23,10.97,Electronics
CUST04334,2025-01-03,117.6,Clothing
CUST04335,2022-04-15,292.99,Travel
CUST04335,2024-07-14,88.78,Grocery
CUST04335,2024-08-07,165.57,Electronics
CUST04335,2024-12-10,34.22,Clothing
CUST04335,2025-02-23,355.0,Dining
CUST04335,2024-07-05,114.52,Travel
CUST04335,2022-07-15,35.44,Travel
CUST04335,2024-07-17,66.09,Electronics
CUST04335,2024-02-13,224.32,Clothing
CUST04335,2025-05-12,186.04,Electronics
CUST04335,2025-01-19,93.68,Dining
CUST04335,2023-05-23,38.21,Grocery
CUST04335,2024-02-27,52.07,Dining
CUST04335,2023-12-29,221.87,Dining
CUST04335,2025-05-10,85.33,Travel
CUST04335,2024-05-03,66.22,Electronics
CUST04335,2025-03-09,92.88,Clothing
CUST04335,2023-04-15,79.12,Dining
CUST04335,2022-02-27,329.76,Electronics
CUST04335,2022-04-09,30.39,Travel
CUST04335,2022-09-18,108.76,Dining
CUST04335,2025-01-24,41.88,Grocery
CUST04335,2025-07-20,27.09,Clothing
CUST04335,2025-03-21,85.04,Dining
CUST04335,2024-07-19,228.59,Dining
CUST04335,2025-06-30,31.09,Travel
CUST04335,2022-10-30,23.97,Clothing
CUST04335,2024-10-26,11.9,Travel
CUST04335,2024-08-06,42.29,Clothing
CUST04335,2022-04-07,5.26,Travel
CUST04335,2024-04-15,16.2,Travel
CUST04335,2022-02-17,142.02,Clothing
CUST04335,2022-05-21,224.46,Dining
CUST04335,2022-12-11,134.39,Grocery
CUST04335,2022-04-30,50.84,Grocery
CUST04335,2024-07-29,306.61,Travel
CUST04335,2024-08-21,26.54,Travel
CUST04335,2024-07-30,27.47,Grocery
CUST04335,2024-04-07,14.92,Clothing
CUST04335,2024-04-24,129.99,Clothing
CUST04335,2023-02-06,77.84,Clothing
CUST04335,2025-01-11,19.59,Clothing
CUST04335,2023-06-02,5.91,Grocery
CUST04335,2025-06-12,14.0,Dining
CUST04335,2022-02-17,24.23,Clothing
CUST04335,2024-03-29,47.55,Electronics
CUST04335,2023-06-04,14.95,Electronics
CUST04335,2022-06-29,39.22,Dining
CUST04335,2022-04-22,68.54,Electronics
CUST04335,2023-07-23,62.25,Dining
CUST04335,2023-07-10,270.17,Dining
CUST04335,2023-09-04,23.22,Grocery
CUST04335,2025-04-26,170.51,Grocery
CUST04335,2022-10-01,14.59,Dining
CUST04335,2025-02-20,27.02,Clothing
CUST04335,2022-04-15,39.84,Grocery
CUST04335,2022-07-09,9.35,Grocery
CUST04335,2023-03-05,27.69,Grocery
CUST04335,2024-06-29,171.7,Electronics
CUST04335,2024-08-21,40.25,Electronics
CUST04335,2024-03-22,20.92,Dining
CUST04335,2022-03-12,16.56,Electronics
CUST04335,2023-01-11,111.31,Clothing
CUST04335,2022-06-02,190.05,Travel
CUST04335,2024-01-26,205.25,Grocery
CUST04335,2022-04-17,70.1,Grocery
CUST04335,2024-04-11,168.31,Travel
CUST04335,2024-04-07,123.82,Dining
CUST04335,2023-12-15,168.32,Grocery
CUST04335,2023-01-11,51.09,Dining
CUST04335,2023-03-30,20.09,Clothing
CUST04335,2025-04-04,27.49,Grocery
CUST04335,2022-12-31,10.19,Grocery
CUST04335,2025-06-10,68.05,Travel
CUST04335,2023-11-10,73.39,Dining
CUST04335,2022-08-25,39.25,Clothing
CUST04335,2023-12-30,125.16,Dining
CUST04335,2023-10-18,29.56,Dining
CUST04335,2025-04-02,33.66,Travel
CUST04335,2024-06-12,34.41,Travel
CUST04335,2022-03-30,20.27,Dining
CUST04335,2024-02-26,62.38,Electronics
CUST04335,2022-01-30,152.44,Electronics
CUST04335,2024-12-20,12.49,Travel
CUST04335,2023-10-27,153.88,Electronics
CUST04335,2025-04-21,140.36,Travel
CUST04335,2022-06-05,196.95,Grocery
CUST04335,2023-12-19,109.08,Grocery
CUST04335,2022-02-23,249.46,Electronics
CUST04335,2022-05-03,71.58,Clothing
CUST04335,2024-02-02,40.47,Electronics
CUST04335,2024-12-02,103.39,Travel
CUST04335,2025-07-30,99.03,Dining
CUST04335,2023-05-10,69.72,Electronics
CUST04335,2023-12-17,124.85,Clothing
CUST04335,2022-08-10,112.26,Dining
CUST04335,2023-02-01,493.94,Clothing
CUST04335,2022-06-12,32.39,Travel
CUST04335,2023-04-02,18.83,Electronics
CUST04335,2023-06-12,16.64,Clothing
CUST04335,2025-04-24,84.57,Dining
CUST04336,2025-06-22,67.81,Grocery
CUST04336,2024-05-08,61.37,Travel
CUST04336,2024-05-18,36.54,Dining
CUST04336,2024-08-07,185.42,Electronics
CUST04336,2024-02-22,102.04,Grocery
CUST04336,2024-10-02,79.34,Grocery
CUST04336,2025-05-20,121.81,Electronics
CUST04336,2025-06-04,142.84,Grocery
CUST04336,2024-05-29,8.93,Grocery
CUST04336,2025-05-27,45.97,Clothing
CUST04336,2025-03-08,131.62,Grocery
CUST04336,2024-06-15,46.99,Travel
CUST04336,2025-07-31,13.56,Travel
CUST04336,2025-01-16,121.21,Travel
CUST04336,2025-03-05,76.52,Travel
CUST04336,2024-11-27,94.03,Travel
CUST04336,2025-07-11,35.97,Dining
CUST04336,2024-02-25,142.06,Clothing
CUST04336,2024-10-15,56.41,Electronics
CUST04336,2025-01-21,475.41,Grocery
CUST04336,2025-04-22,63.49,Grocery
CUST04336,2025-07-04,180.81,Dining
CUST04336,2025-03-09,9.47,Travel
CUST04336,2024-09-14,72.47,Travel
CUST04336,2025-06-09,33.8,Dining
CUST04336,2025-04-08,9.24,Electronics
CUST04336,2025-01-11,12.12,Grocery
CUST04336,2024-12-29,147.55,Clothing
CUST04336,2024-10-28,316.64,Grocery
CUST04336,2025-06-03,21.66,Grocery
CUST04336,2024-11-02,21.42,Clothing
CUST04336,2024-02-26,8.77,Grocery
CUST04336,2024-08-02,54.68,Travel
CUST04336,2024-11-29,5.16,Clothing
CUST04336,2024-07-20,12.98,Grocery
CUST04336,2025-05-19,67.34,Clothing
CUST04336,2025-07-26,19.36,Grocery
CUST04336,2024-04-16,36.97,Dining
CUST04336,2024-11-01,150.57,Grocery
CUST04336,2025-01-07,36.72,Dining
CUST04336,2024-08-23,112.92,Dining
CUST04336,2024-05-04,71.11,Electronics
CUST04336,2025-05-30,11.88,Travel
CUST04336,2024-08-20,12.65,Grocery
CUST04336,2025-02-28,126.41,Electronics
CUST04336,2025-04-18,34.72,Dining
CUST04336,2024-05-19,21.76,Clothing
CUST04336,2024-11-18,73.6,Clothing
CUST04336,2024-08-18,68.61,Travel
CUST04336,2025-04-27,5.33,Travel
CUST04336,2024-02-21,139.19,Travel
CUST04336,2024-07-26,256.52,Electronics
CUST04336,2024-05-22,16.68,Clothing
CUST04336,2025-03-20,149.37,Travel
CUST04336,2024-02-29,111.49,Grocery
CUST04336,2024-10-18,43.46,Electronics
CUST04336,2024-12-25,121.35,Clothing
CUST04336,2024-04-30,119.51,Electronics
CUST04336,2025-02-28,48.21,Electronics
CUST04336,2024-06-19,36.69,Grocery
CUST04336,2024-09-12,56.6,Dining
CUST04336,2025-01-03,46.57,Dining
CUST04336,2024-12-05,59.84,Travel
CUST04336,2025-03-10,9.53,Travel
CUST04336,2025-07-07,14.67,Travel
CUST04336,2024-03-16,78.82,Electronics
CUST04336,2025-07-09,10.98,Electronics
CUST04336,2024-08-09,162.96,Clothing
CUST04336,2024-06-20,88.6,Electronics
CUST04336,2025-02-25,232.13,Travel
CUST04336,2025-04-17,41.49,Dining
CUST04336,2025-02-28,137.64,Grocery
CUST04336,2024-11-11,13.51,Electronics
CUST04336,2025-05-21,96.96,Clothing
CUST04336,2024-10-31,24.81,Electronics
CUST04336,2025-07-12,6.81,Grocery
CUST04336,2025-04-27,121.71,Clothing
CUST04336,2025-07-07,44.65,Electronics
CUST04336,2024-07-20,48.12,Clothing
CUST04336,2024-11-19,42.78,Grocery
CUST04336,2025-05-09,92.67,Clothing
CUST04336,2024-08-10,100.13,Electronics
CUST04336,2024-10-21,94.27,Travel
CUST04336,2024-07-18,30.2,Electronics
CUST04336,2025-02-01,21.59,Travel
CUST04336,2025-03-17,19.59,Travel
CUST04336,2024-05-29,147.09,Electronics
CUST04336,2025-01-20,5.33,Grocery
CUST04336,2025-05-24,36.89,Dining
CUST04336,2025-07-04,142.92,Grocery
CUST04336,2024-07-09,81.82,Dining
CUST04336,2025-03-10,31.73,Clothing
CUST04336,2024-05-18,19.12,Electronics
CUST04336,2024-02-25,5.33,Electronics
CUST04336,2024-10-26,7.18,Travel
CUST04336,2025-03-22,220.5,Clothing
CUST04336,2024-08-27,132.37,Dining
CUST04336,2025-06-11,13.7,Electronics
CUST04336,2024-06-06,10.93,Travel
CUST04336,2024-12-24,69.74,Electronics
CUST04336,2025-04-26,7.84,Electronics
CUST04336,2024-10-20,24.02,Travel
CUST04336,2025-07-23,7.66,Dining
CUST04336,2024-09-06,60.16,Electronics
CUST04337,2024-12-27,20.77,Grocery
CUST04337,2025-03-22,56.76,Clothing
CUST04337,2025-07-06,61.63,Travel
CUST04337,2025-06-15,160.26,Dining
CUST04337,2024-11-23,13.44,Clothing
CUST04337,2024-09-15,44.11,Grocery
CUST04337,2024-08-16,24.59,Travel
CUST04337,2024-12-01,72.5,Clothing
CUST04337,2025-04-27,85.17,Dining
CUST04337,2025-07-28,111.98,Grocery
CUST04337,2025-06-07,55.07,Electronics
CUST04337,2024-08-19,100.64,Electronics
CUST04337,2025-04-22,101.48,Electronics
CUST04337,2025-02-15,56.83,Travel
CUST04337,2025-04-28,76.17,Travel
CUST04337,2025-06-16,25.41,Dining
CUST04337,2025-05-31,79.9,Travel
CUST04337,2024-09-03,103.52,Grocery
CUST04337,2025-05-10,34.39,Dining
CUST04337,2024-12-14,163.17,Clothing
CUST04337,2024-11-08,172.83,Clothing
CUST04337,2025-07-27,61.35,Dining
CUST04337,2025-06-08,84.92,Electronics
CUST04337,2024-08-28,71.56,Grocery
CUST04337,2025-02-09,129.01,Electronics
CUST04337,2025-05-15,191.54,Travel
CUST04337,2024-11-02,85.29,Travel
CUST04337,2024-09-04,53.92,Dining
CUST04337,2025-06-02,112.93,Electronics
CUST04337,2024-11-14,170.2,Dining
CUST04337,2024-10-16,27.65,Travel
CUST04337,2024-10-24,49.98,Dining
CUST04337,2024-10-29,58.87,Grocery
CUST04337,2025-01-13,79.46,Dining
CUST04337,2025-07-14,162.97,Electronics
CUST04337,2025-06-10,93.56,Travel
CUST04337,2024-10-06,26.96,Travel
CUST04337,2025-01-08,42.44,Clothing
CUST04337,2025-07-25,106.51,Travel
CUST04337,2024-08-20,86.61,Clothing
CUST04337,2025-03-20,101.85,Grocery
CUST04337,2025-06-13,57.14,Travel
CUST04337,2025-05-27,30.1,Clothing
CUST04337,2025-04-30,93.81,Travel
CUST04337,2025-06-15,132.58,Clothing
CUST04337,2025-06-05,175.77,Dining
CUST04337,2025-04-22,168.48,Clothing
CUST04337,2025-07-07,57.47,Travel
CUST04337,2025-01-02,293.43,Travel
CUST04337,2025-01-14,29.75,Dining
CUST04337,2024-10-14,51.37,Travel
CUST04337,2024-10-10,117.23,Electronics
CUST04337,2024-10-14,116.03,Clothing
CUST04337,2025-04-17,5.73,Clothing
CUST04337,2025-01-31,102.08,Clothing
CUST04337,2024-12-18,96.99,Clothing
CUST04337,2025-02-05,41.52,Electronics
CUST04337,2024-10-19,227.86,Dining
CUST04337,2025-02-04,117.89,Grocery
CUST04337,2024-09-12,70.5,Grocery
CUST04337,2025-01-29,14.03,Electronics
CUST04337,2025-04-17,68.7,Grocery
CUST04337,2024-11-18,72.75,Grocery
CUST04337,2024-11-19,74.3,Electronics
CUST04337,2024-09-17,119.53,Dining
CUST04337,2024-11-24,78.88,Clothing
CUST04337,2025-07-30,39.43,Clothing
CUST04337,2024-12-19,39.67,Travel
CUST04337,2025-03-30,158.85,Travel
CUST04337,2025-07-16,204.72,Travel
CUST04337,2025-01-06,20.53,Electronics
CUST04337,2024-08-18,129.73,Dining
CUST04337,2025-04-03,9.24,Clothing
CUST04337,2025-05-23,10.97,Grocery
CUST04337,2024-12-03,47.16,Dining
CUST04337,2025-03-15,21.89,Dining
CUST04337,2024-12-25,51.81,Travel
CUST04337,2025-06-13,284.98,Travel
CUST04337,2024-12-16,115.13,Clothing
CUST04337,2025-03-29,106.43,Travel
CUST04337,2024-09-30,93.61,Electronics
CUST04337,2025-03-29,15.98,Electronics
CUST04337,2025-05-30,6.66,Dining
CUST04337,2025-07-24,265.31,Clothing
CUST04337,2025-02-21,197.03,Travel
CUST04337,2025-07-19,58.22,Clothing
CUST04337,2025-01-26,58.64,Dining
CUST04337,2025-01-17,5.76,Electronics
CUST04337,2024-09-12,12.63,Grocery
CUST04337,2024-11-29,9.56,Dining
CUST04337,2025-01-29,93.33,Travel
CUST04337,2024-09-23,77.0,Grocery
CUST04337,2024-09-02,10.0,Clothing
CUST04337,2025-07-18,144.6,Electronics
CUST04337,2024-07-22,197.91,Travel
CUST04337,2025-05-25,20.71,Dining
CUST04338,2025-02-21,103.49,Travel
CUST04338,2024-09-03,191.75,Dining
CUST04338,2024-12-29,45.47,Grocery
CUST04338,2023-10-20,17.9,Electronics
CUST04338,2024-04-19,93.58,Clothing
CUST04338,2025-05-06,87.34,Electronics
CUST04338,2024-03-29,28.7,Clothing
CUST04338,2025-04-29,54.26,Electronics
CUST04338,2024-07-28,114.98,Clothing
CUST04338,2024-05-13,17.49,Electronics
CUST04338,2024-12-01,82.78,Electronics
CUST04338,2024-04-24,73.34,Grocery
CUST04338,2024-11-07,103.66,Dining
CUST04338,2024-04-07,25.49,Dining
CUST04338,2024-08-14,13.36,Dining
CUST04338,2023-11-06,44.73,Electronics
CUST04338,2023-07-29,34.85,Travel
CUST04338,2024-05-09,18.5,Electronics
CUST04338,2023-09-10,40.88,Travel
CUST04338,2024-01-15,208.96,Grocery
CUST04338,2024-01-13,78.1,Clothing
CUST04338,2025-06-05,97.52,Dining
CUST04338,2024-08-30,142.96,Dining
CUST04338,2023-11-30,43.65,Dining
CUST04338,2024-01-21,41.12,Clothing
CUST04338,2024-09-19,82.55,Travel
CUST04338,2025-02-16,55.1,Grocery
CUST04338,2023-10-01,109.01,Dining
CUST04338,2023-09-16,143.91,Electronics
CUST04338,2023-10-04,187.67,Dining
CUST04338,2025-02-01,278.15,Dining
CUST04338,2024-12-14,44.95,Dining
CUST04338,2023-10-19,13.74,Grocery
CUST04338,2024-10-08,77.6,Dining
CUST04338,2025-01-01,85.87,Travel
CUST04338,2024-03-12,25.67,Clothing
CUST04338,2025-02-10,133.09,Travel
CUST04338,2025-02-11,54.99,Electronics
CUST04338,2025-02-21,24.11,Travel
CUST04338,2024-04-19,12.88,Electronics
CUST04338,2025-06-05,47.68,Grocery
CUST04338,2024-12-10,20.26,Grocery
CUST04338,2023-12-08,8.34,Dining
CUST04338,2025-07-09,28.53,Electronics
CUST04338,2023-12-01,168.17,Travel
CUST04338,2025-05-26,206.39,Electronics
CUST04338,2024-08-09,94.93,Electronics
CUST04338,2023-09-08,34.6,Clothing
CUST04338,2023-11-18,99.08,Travel
CUST04338,2024-01-20,38.95,Dining
CUST04338,2023-11-19,29.97,Travel
CUST04338,2024-04-28,9.63,Electronics
CUST04338,2025-02-27,101.35,Dining
CUST04338,2024-04-29,211.34,Electronics
CUST04338,2025-04-26,14.85,Travel
CUST04338,2024-12-25,52.66,Grocery
CUST04338,2025-04-19,47.49,Grocery
CUST04338,2024-07-29,24.84,Clothing
CUST04338,2025-02-27,14.45,Electronics
CUST04338,2024-06-29,11.58,Grocery
CUST04338,2025-04-14,64.72,Travel
CUST04338,2023-09-20,94.52,Grocery
CUST04338,2024-09-13,114.76,Travel
CUST04338,2024-04-04,58.92,Dining
CUST04338,2024-08-11,19.12,Dining
CUST04338,2024-04-22,47.45,Electronics
CUST04338,2024-10-07,131.82,Grocery
CUST04338,2024-10-07,104.26,Dining
CUST04338,2024-10-27,48.61,Grocery
CUST04338,2024-06-26,6.5,Dining
CUST04338,2024-09-08,192.12,Grocery
CUST04338,2024-01-07,76.2,Travel
CUST04338,2024-05-09,243.6,Grocery
CUST04338,2024-04-14,192.26,Grocery
CUST04338,2025-06-20,48.46,Grocery
CUST04338,2024-04-19,145.89,Electronics
CUST04338,2025-07-03,17.11,Travel
CUST04338,2024-12-11,53.47,Dining
CUST04338,2023-09-20,70.35,Grocery
CUST04338,2024-12-25,84.69,Dining
CUST04338,2024-11-18,331.72,Electronics
CUST04338,2023-10-17,82.34,Travel
CUST04338,2024-06-03,81.21,Dining
CUST04338,2023-08-03,64.03,Grocery
CUST04338,2024-08-24,214.58,Travel
CUST04338,2024-05-07,60.11,Electronics
CUST04338,2025-07-27,94.89,Travel
CUST04338,2023-11-07,319.74,Electronics
CUST04338,2025-07-25,142.78,Electronics
CUST04338,2024-11-13,32.8,Dining
CUST04338,2023-10-23,24.06,Dining
CUST04338,2024-12-22,59.41,Dining
CUST04338,2023-11-03,73.45,Grocery
CUST04338,2024-06-27,71.88,Travel
CUST04338,2025-05-27,40.49,Electronics
CUST04338,2024-06-13,167.05,Grocery
CUST04338,2024-10-21,325.08,Electronics
CUST04338,2025-04-09,14.38,Electronics
CUST04339,2024-09-29,9.96,Travel
CUST04339,2025-01-28,167.11,Travel
CUST04339,2024-12-09,74.53,Grocery
CUST04339,2025-07-07,94.2,Electronics
CUST04339,2024-07-20,117.58,Grocery
CUST04339,2025-03-11,53.51,Electronics
CUST04339,2025-06-27,13.62,Grocery
CUST04339,2025-05-03,32.87,Clothing
CUST04339,2025-06-13,180.15,Dining
CUST04339,2025-05-25,78.51,Clothing
CUST04339,2025-02-20,14.85,Travel
CUST04339,2025-01-16,150.99,Travel
CUST04339,2024-07-24,10.61,Electronics
CUST04339,2024-08-04,56.77,Electronics
CUST04339,2025-05-09,8.6,Clothing
CUST04339,2025-03-01,95.7,Clothing
CUST04339,2024-10-09,85.92,Grocery
CUST04339,2025-06-09,64.57,Clothing
CUST04339,2025-06-01,96.53,Travel
CUST04339,2025-03-17,60.59,Electronics
CUST04339,2024-10-12,140.5,Grocery
CUST04339,2025-07-20,39.65,Travel
CUST04339,2025-07-18,114.54,Grocery
CUST04339,2024-12-18,8.2,Travel
CUST04339,2024-11-06,72.06,Travel
CUST04339,2025-07-12,228.53,Clothing
CUST04339,2024-12-09,9.03,Travel
CUST04339,2025-05-19,13.65,Clothing
CUST04339,2025-07-16,18.88,Electronics
CUST04339,2024-11-01,105.42,Dining
CUST04339,2024-07-27,186.85,Grocery
CUST04339,2025-06-22,11.36,Travel
CUST04339,2024-11-22,58.43,Travel
CUST04339,2025-06-05,38.98,Grocery
CUST04339,2025-03-05,109.65,Grocery
CUST04339,2024-12-06,44.51,Travel
CUST04339,2024-08-16,306.16,Electronics
CUST04339,2025-02-09,66.51,Dining
CUST04339,2024-10-25,59.06,Dining
CUST04339,2024-08-06,234.6,Dining
CUST04339,2024-12-26,56.48,Electronics
CUST04339,2024-12-09,113.58,Clothing
CUST04339,2025-03-18,37.18,Grocery
CUST04339,2025-03-31,70.49,Dining
CUST04339,2024-11-22,69.21,Clothing
CUST04339,2025-06-02,15.61,Grocery
CUST04339,2025-05-09,39.53,Electronics
CUST04339,2025-07-08,59.18,Clothing
CUST04339,2025-01-14,37.49,Electronics
CUST04339,2024-08-27,8.37,Clothing
CUST04339,2024-10-15,194.72,Clothing
CUST04339,2025-04-07,42.52,Grocery
CUST04339,2024-12-01,11.57,Dining
CUST04339,2024-09-23,7.23,Travel
CUST04339,2025-06-06,59.25,Travel
CUST04339,2025-06-30,45.65,Grocery
CUST04339,2025-05-16,80.99,Clothing
CUST04339,2025-03-21,240.62,Travel
CUST04339,2025-07-11,28.52,Travel
CUST04339,2024-12-21,97.64,Travel
CUST04339,2025-01-10,186.45,Grocery
CUST04339,2024-09-06,23.36,Electronics
CUST04339,2024-12-31,131.54,Travel
CUST04339,2024-08-28,59.7,Clothing
CUST04339,2024-10-08,217.94,Electronics
CUST04339,2025-04-25,62.77,Travel
CUST04339,2025-04-29,171.05,Dining
CUST04339,2024-12-07,58.89,Clothing
CUST04339,2025-04-22,210.12,Grocery
CUST04339,2025-04-18,53.3,Grocery
CUST04339,2024-08-02,109.88,Clothing
CUST04339,2025-06-29,19.69,Grocery
CUST04339,2024-12-04,218.55,Electronics
CUST04339,2025-02-18,24.18,Clothing
CUST04339,2025-06-11,156.42,Travel
CUST04339,2025-07-01,63.88,Travel
CUST04339,2025-05-18,113.98,Electronics
CUST04339,2025-04-18,207.87,Dining
CUST04339,2024-12-11,77.09,Dining
CUST04339,2024-10-11,133.32,Grocery
CUST04339,2025-04-28,55.5,Clothing
CUST04339,2025-06-07,20.03,Grocery
CUST04339,2024-10-28,68.95,Grocery
CUST04339,2025-07-25,18.3,Travel
CUST04339,2025-07-26,67.56,Electronics
CUST04339,2024-12-10,76.24,Electronics
CUST04339,2025-02-19,68.01,Clothing
CUST04339,2024-10-09,30.42,Dining
CUST04339,2024-10-07,234.62,Travel
CUST04339,2025-01-07,98.46,Dining
CUST04339,2025-05-30,29.82,Dining
CUST04339,2025-06-27,285.81,Dining
CUST04339,2025-01-20,12.89,Grocery
CUST04339,2024-11-03,97.28,Dining
CUST04339,2025-07-12,75.63,Travel
CUST04339,2025-06-08,17.79,Travel
CUST04339,2025-03-10,17.75,Travel
CUST04339,2024-11-04,52.24,Travel
CUST04339,2025-05-14,232.31,Clothing
CUST04339,2024-12-28,71.33,Dining
CUST04339,2025-03-18,133.71,Clothing
CUST04339,2025-01-22,272.92,Travel
CUST04340,2023-07-04,44.62,Travel
CUST04340,2025-02-15,143.28,Clothing
CUST04340,2023-06-08,9.61,Clothing
CUST04340,2025-06-08,111.05,Dining
CUST04340,2021-11-19,66.9,Electronics
CUST04340,2024-10-23,56.11,Grocery
CUST04340,2022-01-28,6.89,Grocery
CUST04340,2022-08-03,101.57,Clothing
CUST04340,2023-06-10,50.0,Travel
CUST04340,2025-06-29,47.75,Grocery
CUST04340,2024-12-07,20.43,Grocery
CUST04340,2023-10-04,66.92,Clothing
CUST04340,2023-07-11,97.21,Grocery
CUST04340,2025-04-29,26.53,Electronics
CUST04340,2025-01-04,53.56,Grocery
CUST04340,2023-09-10,48.37,Travel
CUST04340,2022-04-24,22.1,Clothing
CUST04340,2023-08-22,31.99,Travel
CUST04340,2024-11-03,33.36,Electronics
CUST04340,2025-06-18,44.87,Clothing
CUST04340,2025-03-12,24.04,Travel
CUST04340,2022-06-25,144.9,Dining
CUST04340,2023-08-10,16.04,Dining
CUST04340,2024-09-18,250.05,Electronics
CUST04340,2023-12-30,72.8,Dining
CUST04340,2022-02-20,18.11,Clothing
CUST04340,2023-08-05,46.55,Travel
CUST04340,2022-03-09,68.89,Travel
CUST04340,2022-11-14,66.25,Dining
CUST04340,2022-05-29,88.29,Electronics
CUST04340,2025-06-19,108.94,Dining
CUST04340,2022-03-11,62.88,Travel
CUST04340,2023-01-27,15.16,Electronics
CUST04340,2023-09-19,161.52,Electronics
CUST04340,2024-03-08,25.83,Clothing
CUST04340,2024-08-30,9.58,Electronics
CUST04340,2025-05-28,53.76,Travel
CUST04340,2021-10-13,186.37,Grocery
CUST04340,2024-04-23,33.99,Clothing
CUST04340,2023-03-17,141.08,Grocery
CUST04340,2022-06-05,563.14,Clothing
CUST04340,2024-10-17,267.07,Grocery
CUST04340,2022-02-25,63.96,Dining
CUST04340,2022-04-22,46.31,Travel
CUST04340,2022-04-20,99.69,Electronics
CUST04340,2024-07-03,33.59,Electronics
CUST04340,2022-06-28,21.0,Grocery
CUST04340,2023-11-10,7.72,Electronics
CUST04340,2023-10-06,11.75,Travel
CUST04340,2023-09-30,131.86,Dining
CUST04340,2024-12-02,10.92,Electronics
CUST04340,2023-03-03,233.28,Electronics
CUST04340,2024-02-13,78.86,Electronics
CUST04340,2021-12-03,72.32,Clothing
CUST04340,2023-06-15,140.19,Dining
CUST04340,2023-09-01,333.22,Clothing
CUST04340,2024-09-10,83.24,Travel
CUST04340,2022-09-01,100.14,Travel
CUST04340,2023-02-08,32.62,Electronics
CUST04340,2025-02-26,31.91,Grocery
CUST04340,2022-02-12,40.69,Clothing
CUST04340,2023-03-25,32.61,Travel
CUST04340,2022-08-09,18.32,Electronics
CUST04340,2023-11-27,83.43,Grocery
CUST04340,2023-12-22,29.97,Electronics
CUST04340,2023-11-26,14.83,Travel
CUST04340,2021-10-18,40.15,Grocery
CUST04340,2025-07-18,65.59,Electronics
CUST04340,2024-05-26,203.64,Electronics
CUST04340,2024-09-30,13.65,Electronics
CUST04340,2022-10-06,37.59,Grocery
CUST04340,2023-03-11,114.72,Grocery
CUST04340,2022-07-05,43.15,Grocery
CUST04340,2023-09-18,117.27,Clothing
CUST04340,2022-09-29,69.33,Travel
CUST04340,2022-04-10,123.6,Electronics
CUST04340,2021-12-08,23.38,Travel
CUST04340,2022-08-28,220.68,Grocery
CUST04340,2022-10-23,57.11,Grocery
CUST04341,2024-10-23,61.03,Travel
CUST04341,2024-12-24,57.61,Clothing
CUST04341,2025-04-02,25.02,Dining
CUST04341,2025-01-12,43.64,Travel
CUST04341,2025-07-21,8.6,Clothing
CUST04341,2025-06-07,22.81,Electronics
CUST04341,2025-03-09,11.15,Clothing
CUST04341,2024-10-28,6.93,Grocery
CUST04341,2025-04-18,151.5,Dining
CUST04341,2025-06-13,14.31,Dining
CUST04341,2025-05-24,109.57,Clothing
CUST04341,2025-01-04,38.76,Dining
CUST04341,2025-04-01,6.89,Dining
CUST04341,2025-05-29,190.8,Electronics
CUST04341,2025-03-13,28.93,Clothing
CUST04341,2025-01-15,141.33,Clothing
CUST04341,2025-04-20,44.65,Clothing
CUST04341,2025-07-22,17.09,Electronics
CUST04341,2025-05-13,74.34,Travel
CUST04341,2025-05-02,202.23,Electronics
CUST04341,2025-06-14,95.98,Dining
CUST04341,2024-12-04,38.73,Electronics
CUST04341,2025-04-09,7.12,Electronics
CUST04341,2025-03-14,109.04,Grocery
CUST04341,2024-12-12,41.1,Travel
CUST04341,2025-04-09,6.38,Clothing
CUST04341,2025-04-22,31.7,Dining
CUST04341,2024-12-06,152.15,Travel
CUST04341,2025-03-24,86.9,Grocery
CUST04341,2025-06-11,23.06,Grocery
CUST04341,2025-05-17,45.65,Dining
CUST04341,2024-11-09,121.98,Electronics
CUST04341,2025-01-02,53.53,Travel
CUST04341,2025-05-25,60.34,Dining
CUST04341,2025-02-13,50.42,Electronics
CUST04341,2025-02-12,36.31,Electronics
CUST04341,2025-03-15,122.73,Travel
CUST04341,2024-11-10,61.72,Clothing
CUST04341,2025-03-06,160.23,Travel
CUST04341,2025-07-11,79.46,Clothing
CUST04341,2025-06-20,97.84,Clothing
CUST04341,2024-11-21,52.34,Travel
CUST04341,2025-03-10,28.2,Clothing
CUST04341,2025-02-24,64.24,Electronics
CUST04341,2025-05-14,85.88,Dining
CUST04341,2025-04-12,42.04,Travel
CUST04341,2025-04-10,77.63,Clothing
CUST04341,2024-12-01,283.92,Clothing
CUST04341,2025-04-02,46.86,Travel
CUST04341,2025-04-11,159.66,Grocery
CUST04341,2025-04-05,15.01,Travel
CUST04341,2025-02-06,39.88,Electronics
CUST04341,2024-12-01,86.53,Grocery
CUST04341,2025-03-01,39.14,Grocery
CUST04341,2024-12-24,45.97,Electronics
CUST04341,2024-12-10,134.57,Clothing
CUST04341,2025-01-19,73.92,Clothing
CUST04341,2024-12-09,65.71,Travel
CUST04341,2025-05-25,91.66,Travel
CUST04341,2025-01-01,17.5,Travel
CUST04341,2025-04-22,24.62,Electronics
CUST04341,2025-01-27,301.48,Dining
CUST04341,2024-10-19,39.96,Dining
CUST04341,2025-04-15,49.03,Travel
CUST04341,2025-04-29,37.93,Electronics
CUST04341,2025-02-09,53.87,Grocery
CUST04341,2025-06-15,204.52,Clothing
CUST04341,2025-03-07,212.9,Clothing
CUST04341,2024-10-23,56.42,Grocery
CUST04341,2025-04-25,40.55,Dining
CUST04341,2025-04-19,15.84,Electronics
CUST04341,2024-12-04,30.66,Grocery
CUST04341,2025-07-17,88.1,Travel
CUST04341,2025-01-02,116.99,Travel
CUST04341,2025-06-08,27.21,Grocery
CUST04341,2025-07-10,78.38,Grocery
CUST04341,2024-10-27,97.15,Clothing
CUST04341,2025-02-07,20.14,Dining
CUST04341,2025-05-20,53.91,Clothing
CUST04341,2025-02-24,96.0,Electronics
CUST04341,2024-11-16,49.22,Electronics
CUST04341,2025-02-28,137.77,Travel
CUST04341,2024-11-26,210.64,Grocery
CUST04341,2024-12-04,129.75,Travel
CUST04341,2025-06-26,26.25,Dining
CUST04341,2025-01-12,115.58,Dining
CUST04341,2024-11-24,31.73,Electronics
CUST04341,2025-01-13,99.92,Grocery
CUST04341,2025-07-30,87.2,Travel
CUST04341,2025-07-09,104.05,Grocery
CUST04341,2024-11-29,24.09,Travel
CUST04341,2025-02-05,7.98,Clothing
CUST04341,2024-11-22,175.04,Travel
CUST04341,2025-04-22,72.38,Electronics
CUST04341,2025-05-18,74.93,Electronics
CUST04341,2024-10-28,278.41,Grocery
CUST04341,2025-04-19,36.09,Dining
CUST04341,2025-01-09,21.43,Dining
CUST04341,2025-01-04,71.66,Clothing
CUST04341,2024-11-20,53.19,Dining
CUST04341,2025-02-18,249.48,Clothing
CUST04341,2025-03-24,106.67,Grocery
CUST04341,2025-06-05,275.54,Dining
CUST04341,2025-03-19,50.04,Clothing
CUST04341,2024-10-24,44.51,Grocery
CUST04341,2024-12-21,338.69,Travel
CUST04341,2025-04-09,105.34,Grocery
CUST04341,2025-06-24,81.7,Clothing
CUST04341,2025-07-17,258.06,Dining
CUST04341,2025-02-25,14.43,Dining
CUST04341,2024-12-06,144.89,Travel
CUST04341,2025-04-29,298.67,Travel
CUST04341,2025-03-07,34.66,Clothing
CUST04341,2025-05-06,14.92,Travel
CUST04341,2024-10-21,47.84,Travel
CUST04341,2024-10-11,103.58,Dining
CUST04341,2024-11-11,53.71,Clothing
CUST04341,2025-04-12,83.13,Travel
CUST04341,2024-10-14,123.68,Clothing
CUST04341,2025-02-06,149.84,Dining
CUST04341,2025-05-18,209.01,Dining
CUST04341,2025-04-04,61.06,Electronics
CUST04341,2025-06-28,93.4,Dining
CUST04341,2024-11-29,6.84,Travel
CUST04341,2024-10-21,74.97,Electronics
CUST04341,2024-12-14,24.3,Grocery
CUST04342,2025-02-10,80.34,Clothing
CUST04342,2024-03-09,54.51,Dining
CUST04342,2024-07-11,71.95,Dining
CUST04342,2025-03-09,10.75,Electronics
CUST04342,2024-04-10,122.08,Travel
CUST04342,2024-12-29,22.33,Travel
CUST04342,2024-10-03,48.17,Travel
CUST04342,2024-06-29,87.7,Electronics
CUST04342,2025-06-21,15.99,Grocery
CUST04342,2024-04-30,24.81,Clothing
CUST04342,2023-12-13,51.6,Dining
CUST04342,2025-01-06,6.66,Travel
CUST04342,2024-11-25,52.47,Electronics
CUST04342,2023-11-17,275.26,Clothing
CUST04342,2024-10-16,58.3,Grocery
CUST04342,2024-11-01,136.03,Grocery
CUST04342,2025-07-31,303.64,Grocery
CUST04342,2023-11-11,140.3,Grocery
CUST04342,2025-02-20,107.28,Dining
CUST04342,2024-07-21,17.75,Electronics
CUST04342,2024-01-06,43.85,Electronics
CUST04342,2024-11-19,84.35,Grocery
CUST04342,2023-12-29,93.3,Travel
CUST04342,2024-04-18,89.92,Grocery
CUST04342,2024-07-23,13.54,Dining
CUST04342,2025-04-12,142.17,Grocery
CUST04342,2024-06-07,45.67,Clothing
CUST04342,2024-01-05,156.51,Travel
CUST04342,2025-05-04,256.99,Electronics
CUST04342,2024-08-07,40.83,Travel
CUST04342,2024-05-21,18.75,Grocery
CUST04342,2024-02-23,54.89,Travel
CUST04342,2024-10-18,20.69,Dining
CUST04342,2025-06-30,14.29,Clothing
CUST04342,2023-12-13,11.21,Travel
CUST04342,2025-03-15,77.06,Dining
CUST04342,2024-10-26,128.07,Clothing
CUST04342,2025-01-30,25.3,Travel
CUST04342,2025-05-07,25.33,Dining
CUST04342,2024-09-15,22.38,Clothing
CUST04342,2025-01-15,253.27,Grocery
CUST04342,2023-12-25,23.05,Travel
CUST04342,2025-04-01,25.37,Electronics
CUST04342,2025-07-25,51.17,Grocery
CUST04342,2025-04-20,212.17,Dining
CUST04342,2024-08-11,69.21,Dining
CUST04342,2025-03-16,28.61,Electronics
CUST04342,2024-08-10,35.67,Grocery
CUST04342,2024-06-23,77.78,Electronics
CUST04342,2024-11-14,20.3,Clothing
CUST04342,2025-07-28,38.88,Travel
CUST04342,2024-02-09,136.27,Clothing
CUST04342,2025-06-12,27.69,Travel
CUST04342,2023-11-05,10.07,Dining
CUST04342,2025-02-23,49.15,Dining
CUST04342,2025-06-01,18.16,Electronics
CUST04342,2025-06-25,203.12,Grocery
CUST04342,2023-11-21,10.95,Travel
CUST04342,2024-10-31,214.56,Travel
CUST04342,2025-03-06,43.59,Electronics
CUST04342,2024-06-12,47.56,Electronics
CUST04342,2024-07-26,15.53,Electronics
CUST04342,2025-07-14,191.71,Dining
CUST04342,2024-12-11,80.23,Grocery
CUST04342,2024-06-24,75.24,Grocery
CUST04342,2023-12-09,10.27,Grocery
CUST04342,2024-05-04,24.08,Electronics
CUST04342,2024-03-26,47.41,Grocery
CUST04342,2025-07-02,139.21,Grocery
CUST04342,2024-01-19,33.37,Electronics
CUST04342,2024-10-30,211.05,Travel
CUST04342,2024-05-02,27.33,Electronics
CUST04342,2023-11-06,8.95,Clothing
CUST04342,2025-02-17,118.7,Dining
CUST04342,2024-09-30,230.02,Clothing
CUST04342,2024-07-16,315.02,Grocery
CUST04342,2024-07-09,193.84,Electronics
CUST04342,2024-02-07,8.68,Electronics
CUST04342,2024-04-16,19.47,Dining
CUST04342,2025-02-10,34.85,Dining
CUST04342,2024-04-01,127.11,Grocery
CUST04342,2024-01-27,91.01,Travel
CUST04342,2025-06-03,31.83,Travel
CUST04342,2024-09-22,16.79,Grocery
CUST04342,2024-03-17,40.59,Dining
CUST04342,2024-08-03,39.68,Grocery
CUST04342,2024-06-03,29.63,Grocery
CUST04342,2025-04-18,62.82,Grocery
CUST04342,2024-02-10,97.6,Travel
CUST04342,2025-06-10,166.74,Travel
CUST04343,2024-03-03,54.79,Grocery
CUST04343,2023-05-01,21.66,Electronics
CUST04343,2025-06-23,17.72,Dining
CUST04343,2024-05-25,53.73,Grocery
CUST04343,2024-10-14,8.49,Electronics
CUST04343,2024-03-27,98.04,Electronics
CUST04343,2023-11-29,77.8,Electronics
CUST04343,2025-04-06,197.95,Clothing
CUST04343,2023-10-03,193.66,Travel
CUST04343,2025-07-18,30.77,Electronics
CUST04343,2023-06-05,321.99,Travel
CUST04343,2025-07-15,226.05,Travel
CUST04343,2024-01-09,51.44,Dining
CUST04343,2024-01-08,247.16,Electronics
CUST04343,2025-01-29,49.05,Electronics
CUST04343,2024-01-20,249.57,Clothing
CUST04343,2023-08-30,29.77,Dining
CUST04343,2023-06-07,96.56,Clothing
CUST04343,2023-09-04,16.15,Electronics
CUST04343,2023-08-07,56.32,Grocery
CUST04343,2023-12-08,204.39,Travel
CUST04343,2024-07-03,39.85,Clothing
CUST04343,2024-10-18,106.75,Dining
CUST04343,2025-03-20,18.78,Clothing
CUST04343,2023-11-10,19.48,Travel
CUST04343,2025-05-14,104.13,Dining
CUST04343,2024-06-03,53.01,Dining
CUST04343,2023-10-04,146.81,Electronics
CUST04343,2025-07-18,41.28,Dining
CUST04343,2024-05-01,14.93,Dining
CUST04343,2023-06-20,81.82,Clothing
CUST04343,2025-03-16,13.7,Travel
CUST04343,2024-07-09,66.17,Dining
CUST04343,2024-10-30,10.67,Clothing
CUST04343,2024-06-11,67.35,Travel
CUST04343,2024-09-07,204.23,Electronics
CUST04343,2023-12-07,58.18,Clothing
CUST04343,2023-07-12,233.47,Travel
CUST04343,2024-07-01,40.86,Grocery
CUST04343,2025-04-29,26.75,Electronics
CUST04343,2024-09-17,41.22,Grocery
CUST04343,2024-03-11,107.34,Clothing
CUST04343,2024-02-09,18.68,Clothing
CUST04343,2024-09-26,29.1,Grocery
CUST04343,2023-10-25,26.87,Grocery
CUST04343,2023-08-12,140.64,Clothing
CUST04343,2024-10-02,24.5,Electronics
CUST04343,2024-01-05,57.03,Electronics
CUST04343,2024-03-19,46.3,Grocery
CUST04343,2023-11-26,40.58,Electronics
CUST04343,2023-05-20,17.74,Clothing
CUST04343,2024-03-28,14.22,Electronics
CUST04343,2024-07-30,28.71,Dining
CUST04343,2023-12-07,161.91,Clothing
CUST04343,2023-06-05,42.5,Dining
CUST04343,2024-10-25,112.62,Travel
CUST04343,2025-07-26,336.7,Travel
CUST04343,2025-01-13,27.59,Electronics
CUST04343,2025-05-05,254.81,Clothing
CUST04343,2024-12-12,7.83,Clothing
CUST04343,2023-12-13,213.13,Grocery
CUST04343,2025-03-19,19.68,Clothing
CUST04343,2023-07-29,106.89,Electronics
CUST04343,2024-12-17,64.06,Electronics
CUST04343,2024-09-23,123.86,Electronics
CUST04343,2024-06-14,129.87,Clothing
CUST04343,2024-09-25,118.55,Travel
CUST04343,2025-01-02,120.74,Dining
CUST04343,2025-02-27,35.01,Travel
CUST04343,2023-10-22,108.44,Clothing
CUST04343,2023-07-13,397.78,Travel
CUST04343,2024-12-27,69.54,Clothing
CUST04343,2025-06-25,110.57,Clothing
CUST04343,2024-05-03,54.82,Electronics
CUST04343,2025-02-03,27.97,Travel
CUST04343,2023-10-15,6.36,Travel
CUST04343,2024-05-26,58.43,Electronics
CUST04343,2024-01-02,371.18,Grocery
CUST04343,2024-12-02,32.56,Grocery
CUST04343,2024-11-03,135.92,Clothing
CUST04343,2025-07-18,15.76,Grocery
CUST04343,2025-07-28,29.44,Electronics
CUST04343,2023-06-22,85.43,Grocery
CUST04343,2023-06-20,66.1,Dining
CUST04343,2025-07-19,135.03,Grocery
CUST04343,2024-12-20,57.45,Grocery
CUST04344,2025-07-19,118.59,Dining
CUST04344,2025-06-10,158.21,Electronics
CUST04344,2025-06-04,211.84,Grocery
CUST04344,2025-07-19,14.83,Dining
CUST04344,2025-07-07,48.24,Clothing
CUST04344,2025-07-18,68.92,Travel
CUST04344,2025-07-08,93.0,Travel
CUST04344,2025-06-07,243.47,Travel
CUST04344,2025-07-28,86.77,Dining
CUST04344,2025-07-18,20.14,Dining
CUST04344,2025-06-06,45.26,Clothing
CUST04344,2025-07-15,81.05,Travel
CUST04344,2025-06-30,127.13,Electronics
CUST04344,2025-06-11,351.64,Grocery
CUST04344,2025-07-24,16.9,Dining
CUST04344,2025-06-27,101.78,Grocery
CUST04344,2025-06-27,33.32,Clothing
CUST04344,2025-06-08,137.65,Clothing
CUST04344,2025-07-21,55.82,Electronics
CUST04344,2025-07-30,18.85,Clothing
CUST04344,2025-06-21,33.88,Grocery
CUST04344,2025-06-25,42.11,Dining
CUST04344,2025-06-19,79.67,Travel
CUST04344,2025-08-01,247.69,Dining
CUST04344,2025-07-31,55.82,Travel
CUST04344,2025-06-23,56.79,Grocery
CUST04344,2025-06-08,8.06,Dining
CUST04344,2025-07-06,12.31,Grocery
CUST04344,2025-06-26,55.43,Clothing
CUST04344,2025-07-24,21.47,Grocery
CUST04344,2025-07-15,14.63,Grocery
CUST04344,2025-06-30,22.94,Clothing
CUST04344,2025-06-23,83.75,Clothing
CUST04344,2025-07-24,30.87,Clothing
CUST04344,2025-07-25,7.3,Electronics
CUST04344,2025-07-26,10.2,Travel
CUST04344,2025-06-11,69.22,Dining
CUST04344,2025-07-28,40.76,Dining
CUST04344,2025-06-28,394.4,Clothing
CUST04344,2025-07-23,60.71,Dining
CUST04344,2025-07-22,81.4,Grocery
CUST04344,2025-07-10,132.7,Dining
CUST04344,2025-07-02,33.76,Dining
CUST04344,2025-06-15,50.01,Dining
CUST04344,2025-07-09,101.81,Electronics
CUST04344,2025-06-24,97.52,Clothing
CUST04344,2025-06-13,77.2,Clothing
CUST04344,2025-06-10,25.8,Grocery
CUST04344,2025-06-21,28.08,Grocery
CUST04344,2025-07-28,118.28,Electronics
CUST04344,2025-07-09,93.73,Grocery
CUST04344,2025-07-25,44.58,Travel
CUST04344,2025-06-23,41.98,Grocery
CUST04344,2025-07-17,19.45,Grocery
CUST04344,2025-06-28,354.63,Clothing
CUST04344,2025-07-11,194.98,Electronics
CUST04344,2025-07-05,200.6,Dining
CUST04344,2025-07-31,20.74,Dining
CUST04344,2025-06-21,26.79,Dining
CUST04344,2025-07-22,13.69,Grocery
CUST04344,2025-07-04,184.06,Clothing
CUST04344,2025-07-09,37.78,Electronics
CUST04344,2025-07-20,71.1,Clothing
CUST04344,2025-07-30,133.29,Grocery
CUST04344,2025-06-11,29.87,Travel
CUST04344,2025-07-27,262.87,Grocery
CUST04344,2025-06-27,40.76,Clothing
CUST04344,2025-06-24,14.82,Travel
CUST04344,2025-06-12,65.57,Electronics
CUST04344,2025-06-26,74.9,Grocery
CUST04344,2025-07-05,50.01,Electronics
CUST04344,2025-07-24,67.03,Electronics
CUST04344,2025-07-15,26.31,Travel
CUST04344,2025-07-26,6.93,Grocery
CUST04344,2025-07-12,8.1,Grocery
CUST04344,2025-06-18,96.79,Grocery
CUST04344,2025-06-16,15.71,Electronics
CUST04344,2025-06-05,48.83,Grocery
CUST04344,2025-07-04,76.07,Clothing
CUST04344,2025-06-10,59.99,Clothing
CUST04344,2025-08-01,101.71,Grocery
CUST04344,2025-07-25,238.69,Grocery
CUST04344,2025-07-29,48.33,Grocery
CUST04344,2025-07-10,64.85,Dining
CUST04344,2025-06-28,123.43,Travel
CUST04344,2025-07-04,27.43,Dining
CUST04344,2025-07-27,42.58,Dining
CUST04344,2025-07-13,132.59,Grocery
CUST04344,2025-07-01,94.17,Electronics
CUST04344,2025-07-11,66.97,Clothing
CUST04344,2025-06-29,113.27,Grocery
CUST04345,2022-05-31,20.11,Clothing
CUST04345,2021-09-28,245.15,Grocery
CUST04345,2022-09-30,158.8,Dining
CUST04345,2024-01-30,115.27,Electronics
CUST04345,2022-11-30,82.52,Grocery
CUST04345,2022-06-11,28.79,Grocery
CUST04345,2025-03-14,7.43,Travel
CUST04345,2024-02-10,46.31,Electronics
CUST04345,2025-07-29,159.27,Travel
CUST04345,2024-03-18,29.13,Grocery
CUST04345,2024-09-13,44.57,Electronics
CUST04345,2024-08-19,62.19,Travel
CUST04345,2024-07-25,9.69,Travel
CUST04345,2023-12-20,50.52,Travel
CUST04345,2022-07-03,132.83,Electronics
CUST04345,2025-07-19,15.37,Travel
CUST04345,2024-11-21,55.95,Travel
CUST04345,2025-04-23,124.8,Dining
CUST04345,2022-07-11,172.81,Electronics
CUST04345,2023-06-22,184.44,Electronics
CUST04345,2023-07-07,51.31,Dining
CUST04345,2025-05-14,116.01,Electronics
CUST04345,2024-11-26,39.99,Dining
CUST04345,2021-10-31,55.86,Dining
CUST04345,2022-07-10,322.74,Electronics
CUST04345,2023-01-28,62.09,Electronics
CUST04345,2021-11-06,36.5,Dining
CUST04345,2024-04-21,23.91,Travel
CUST04345,2024-09-19,27.54,Electronics
CUST04345,2023-06-24,59.88,Dining
CUST04345,2023-04-23,18.71,Travel
CUST04345,2025-02-13,53.31,Grocery
CUST04345,2022-11-08,31.52,Dining
CUST04345,2023-10-15,54.18,Dining
CUST04345,2025-04-22,233.74,Clothing
CUST04345,2022-04-06,20.6,Travel
CUST04345,2022-08-26,156.57,Electronics
CUST04345,2024-02-23,61.52,Electronics
CUST04345,2023-07-25,51.84,Clothing
CUST04345,2022-03-23,42.19,Travel
CUST04345,2025-05-30,62.04,Dining
CUST04345,2022-01-04,7.6,Grocery
CUST04345,2025-03-21,131.32,Travel
CUST04345,2025-06-20,100.38,Clothing
CUST04345,2022-06-19,145.75,Clothing
CUST04345,2023-07-28,46.2,Electronics
CUST04345,2024-08-26,91.49,Electronics
CUST04345,2023-03-04,63.06,Electronics
CUST04345,2024-12-05,198.54,Electronics
CUST04345,2024-06-05,76.72,Travel
CUST04345,2022-06-26,78.79,Clothing
CUST04345,2023-06-24,144.59,Electronics
CUST04345,2023-03-10,98.92,Dining
CUST04345,2022-10-25,64.25,Clothing
CUST04345,2025-01-18,12.36,Grocery
CUST04345,2024-01-28,7.22,Grocery
CUST04345,2023-02-08,48.87,Travel
CUST04345,2021-11-17,61.76,Travel
CUST04345,2021-10-13,134.87,Electronics
CUST04345,2023-03-21,25.36,Dining
CUST04345,2023-04-14,85.1,Travel
CUST04345,2023-09-11,221.63,Travel
CUST04345,2024-08-01,105.33,Clothing
CUST04345,2023-03-16,96.11,Clothing
CUST04345,2022-11-29,13.16,Clothing
CUST04345,2024-07-22,16.01,Dining
CUST04345,2024-06-09,147.68,Clothing
CUST04345,2025-01-05,95.8,Travel
CUST04345,2024-01-03,15.06,Clothing
CUST04345,2023-09-24,13.31,Electronics
CUST04345,2023-07-09,136.4,Clothing
CUST04345,2021-11-16,212.46,Dining
CUST04345,2023-03-21,179.77,Travel
CUST04345,2025-03-16,58.2,Dining
CUST04345,2023-05-24,71.21,Grocery
CUST04345,2022-09-04,257.95,Travel
CUST04345,2023-11-14,16.25,Travel
CUST04345,2023-08-20,17.42,Travel
CUST04346,2024-10-08,127.3,Electronics
CUST04346,2022-08-20,32.59,Grocery
CUST04346,2025-06-27,13.43,Dining
CUST04346,2023-09-27,271.28,Clothing
CUST04346,2024-03-15,70.27,Dining
CUST04346,2024-01-13,58.19,Clothing
CUST04346,2023-11-12,96.08,Grocery
CUST04346,2024-06-04,8.91,Dining
CUST04346,2023-12-07,109.54,Electronics
CUST04346,2022-09-18,47.56,Travel
CUST04346,2023-03-18,64.97,Electronics
CUST04346,2024-10-15,170.06,Dining
CUST04346,2025-02-22,31.64,Electronics
CUST04346,2023-04-29,62.84,Dining
CUST04346,2024-12-10,19.07,Grocery
CUST04346,2024-02-24,8.76,Electronics
CUST04346,2023-05-10,75.01,Travel
CUST04346,2024-08-08,48.31,Travel
CUST04346,2023-06-24,66.35,Clothing
CUST04346,2025-07-22,32.52,Electronics
CUST04346,2024-11-21,34.59,Dining
CUST04346,2024-01-06,34.61,Grocery
CUST04346,2025-02-28,112.3,Clothing
CUST04346,2023-05-12,42.83,Travel
CUST04346,2024-04-12,38.65,Electronics
CUST04346,2022-07-13,8.85,Electronics
CUST04346,2025-07-16,385.39,Electronics
CUST04346,2024-11-17,27.1,Clothing
CUST04346,2022-09-27,98.87,Travel
CUST04346,2025-02-20,16.5,Travel
CUST04346,2025-04-01,7.97,Clothing
CUST04346,2024-03-11,66.44,Clothing
CUST04346,2023-07-30,46.28,Travel
CUST04346,2025-02-05,281.09,Grocery
CUST04346,2024-12-24,23.75,Travel
CUST04346,2024-07-25,103.9,Electronics
CUST04346,2023-01-29,187.31,Clothing
CUST04346,2022-08-30,9.81,Grocery
CUST04346,2024-03-31,9.83,Grocery
CUST04346,2023-05-11,68.47,Electronics
CUST04346,2022-06-24,85.99,Electronics
CUST04346,2023-05-16,87.7,Dining
CUST04346,2023-09-25,297.54,Electronics
CUST04346,2024-06-02,183.19,Grocery
CUST04346,2024-09-12,108.12,Dining
CUST04346,2023-09-28,57.11,Travel
CUST04346,2025-03-04,39.37,Travel
CUST04346,2025-05-31,60.89,Grocery
CUST04346,2024-05-08,12.31,Grocery
CUST04346,2023-03-31,207.79,Dining
CUST04346,2024-03-23,62.52,Travel
CUST04346,2025-07-07,32.33,Grocery
CUST04346,2024-07-31,166.82,Clothing
CUST04346,2023-02-12,47.76,Travel
CUST04346,2025-01-23,289.13,Grocery
CUST04346,2025-04-19,367.94,Electronics
CUST04346,2022-09-09,16.48,Grocery
CUST04346,2024-01-18,162.14,Dining
CUST04346,2022-08-03,220.36,Grocery
CUST04346,2024-03-19,13.16,Grocery
CUST04346,2024-03-27,246.83,Electronics
CUST04346,2022-10-10,170.91,Dining
CUST04346,2024-03-21,38.63,Travel
CUST04346,2025-04-21,143.21,Travel
CUST04346,2024-11-29,108.99,Electronics
CUST04346,2023-06-13,217.16,Clothing
CUST04346,2023-08-16,114.63,Clothing
CUST04346,2023-06-16,181.98,Dining
CUST04346,2022-10-27,21.39,Dining
CUST04346,2023-09-08,5.57,Travel
CUST04346,2023-02-22,11.12,Clothing
CUST04346,2022-10-15,209.69,Electronics
CUST04346,2023-02-08,48.92,Electronics
CUST04346,2022-06-20,57.0,Travel
CUST04346,2025-03-19,213.3,Clothing
CUST04346,2025-04-02,45.42,Clothing
CUST04346,2022-09-26,6.31,Dining
CUST04346,2024-02-20,384.0,Clothing
CUST04346,2024-04-16,45.76,Clothing
CUST04346,2024-09-16,8.73,Clothing
CUST04346,2025-02-28,46.56,Dining
CUST04346,2025-01-24,97.08,Electronics
CUST04346,2023-07-22,162.99,Grocery
CUST04346,2025-01-14,26.58,Grocery
CUST04346,2023-08-25,390.19,Travel
CUST04346,2024-08-27,136.57,Clothing
CUST04346,2025-03-03,27.86,Electronics
CUST04346,2024-08-29,67.67,Travel
CUST04346,2025-06-26,12.9,Clothing
CUST04346,2024-07-03,259.67,Electronics
CUST04346,2025-03-30,7.75,Travel
CUST04346,2024-05-05,43.06,Travel
CUST04346,2022-07-18,44.96,Travel
CUST04346,2023-11-22,23.45,Electronics
CUST04346,2022-11-20,54.46,Electronics
CUST04346,2024-12-28,44.92,Clothing
CUST04346,2025-03-12,93.13,Grocery
CUST04346,2024-12-31,23.02,Grocery
CUST04346,2023-01-24,11.67,Clothing
CUST04346,2023-05-01,59.74,Dining
CUST04346,2023-11-03,102.52,Grocery
CUST04346,2024-11-26,113.12,Travel
CUST04346,2023-05-02,20.02,Electronics
CUST04346,2025-02-24,86.48,Dining
CUST04346,2023-03-28,88.78,Grocery
CUST04346,2023-09-11,31.3,Grocery
CUST04346,2023-07-27,34.71,Clothing
CUST04346,2025-04-29,22.27,Travel
CUST04346,2023-10-03,50.28,Travel
CUST04346,2024-07-13,72.11,Dining
CUST04347,2023-05-01,135.95,Travel
CUST04347,2024-08-30,26.84,Electronics
CUST04347,2024-09-29,111.89,Clothing
CUST04347,2025-06-14,87.5,Electronics
CUST04347,2022-05-31,20.38,Dining
CUST04347,2023-05-08,104.24,Clothing
CUST04347,2023-07-12,302.49,Grocery
CUST04347,2024-03-24,36.73,Electronics
CUST04347,2022-03-24,100.99,Dining
CUST04347,2024-11-20,151.85,Dining
CUST04347,2024-05-28,38.66,Dining
CUST04347,2025-02-23,72.97,Clothing
CUST04347,2023-12-20,145.58,Grocery
CUST04347,2024-09-25,13.9,Clothing
CUST04347,2024-11-26,21.91,Clothing
CUST04347,2023-04-22,155.24,Grocery
CUST04347,2023-09-10,26.18,Electronics
CUST04347,2023-12-09,26.6,Dining
CUST04347,2022-03-09,29.96,Grocery
CUST04347,2024-02-11,73.91,Clothing
CUST04347,2023-12-28,173.99,Clothing
CUST04347,2024-01-18,14.27,Travel
CUST04347,2023-01-08,368.74,Grocery
CUST04347,2022-07-27,26.35,Grocery
CUST04347,2022-06-21,77.68,Grocery
CUST04347,2023-01-29,22.26,Grocery
CUST04347,2021-12-05,157.64,Grocery
CUST04347,2023-04-14,81.02,Dining
CUST04347,2023-04-01,77.53,Clothing
CUST04347,2022-02-03,116.01,Dining
CUST04347,2023-04-30,201.96,Dining
CUST04347,2024-12-26,112.65,Grocery
CUST04347,2024-11-24,6.88,Clothing
CUST04347,2023-05-22,233.92,Clothing
CUST04347,2022-12-23,172.78,Travel
CUST04347,2023-12-27,143.94,Clothing
CUST04347,2022-02-27,84.74,Clothing
CUST04347,2025-05-24,118.69,Travel
CUST04347,2025-04-15,166.17,Clothing
CUST04347,2023-02-25,46.25,Electronics
CUST04347,2025-05-02,33.56,Travel
CUST04347,2024-01-09,49.38,Clothing
CUST04347,2022-08-13,45.45,Travel
CUST04347,2022-04-17,85.19,Grocery
CUST04347,2024-02-23,35.82,Travel
CUST04347,2023-12-31,196.31,Clothing
CUST04347,2022-03-21,174.32,Grocery
CUST04347,2023-05-10,63.83,Dining
CUST04347,2024-04-01,38.74,Dining
CUST04347,2025-01-15,125.1,Dining
CUST04347,2022-05-25,30.05,Travel
CUST04347,2023-04-18,11.07,Travel
CUST04347,2024-11-27,50.94,Travel
CUST04347,2022-06-06,71.22,Clothing
CUST04347,2023-08-28,30.45,Dining
CUST04347,2023-02-23,11.53,Clothing
CUST04347,2022-06-30,96.68,Dining
CUST04347,2025-07-25,97.68,Grocery
CUST04347,2022-06-02,59.09,Dining
CUST04347,2025-03-04,95.29,Travel
CUST04347,2023-06-20,6.86,Travel
CUST04347,2022-08-31,51.67,Travel
CUST04347,2022-09-08,30.76,Dining
CUST04347,2022-01-01,152.26,Grocery
CUST04347,2022-06-27,26.38,Clothing
CUST04347,2022-12-27,127.32,Travel
CUST04347,2025-04-06,23.51,Dining
CUST04347,2022-12-29,30.13,Dining
CUST04347,2024-10-07,79.79,Dining
CUST04347,2022-06-20,64.62,Clothing
CUST04347,2024-03-01,18.96,Electronics
CUST04347,2024-06-14,35.77,Dining
CUST04347,2023-05-25,59.06,Clothing
CUST04347,2022-07-31,36.27,Travel
CUST04347,2022-10-05,65.79,Travel
CUST04347,2022-10-01,24.72,Grocery
CUST04347,2024-10-26,182.98,Travel
CUST04347,2024-11-16,203.09,Clothing
CUST04347,2023-03-08,285.63,Electronics
CUST04347,2023-08-27,51.37,Travel
CUST04347,2024-05-26,52.52,Dining
CUST04347,2024-03-19,64.56,Grocery
CUST04347,2021-11-28,107.32,Electronics
CUST04347,2022-09-14,22.11,Dining
CUST04347,2022-10-01,145.21,Clothing
CUST04347,2023-12-25,98.81,Clothing
CUST04347,2022-11-11,86.21,Dining
CUST04347,2025-02-12,145.74,Electronics
CUST04347,2022-02-09,41.78,Grocery
CUST04347,2024-08-23,95.42,Grocery
CUST04347,2025-02-19,332.83,Grocery
CUST04347,2024-03-10,101.15,Dining
CUST04347,2024-03-03,15.78,Clothing
CUST04347,2024-05-23,5.01,Grocery
CUST04347,2023-02-14,39.82,Electronics
CUST04347,2022-01-16,50.09,Travel
CUST04347,2023-04-23,9.24,Dining
CUST04347,2025-05-11,22.95,Dining
CUST04347,2025-03-09,5.57,Clothing
CUST04347,2024-11-08,78.81,Electronics
CUST04347,2022-09-06,95.58,Grocery
CUST04347,2024-06-25,97.36,Grocery
CUST04347,2023-06-02,18.84,Dining
CUST04347,2024-06-23,8.78,Electronics
CUST04347,2024-02-15,63.62,Electronics
CUST04347,2024-04-25,220.86,Travel
CUST04347,2025-03-15,21.62,Travel
CUST04347,2022-04-13,415.42,Grocery
CUST04347,2022-05-10,203.11,Electronics
CUST04347,2025-04-16,133.38,Travel
CUST04347,2022-12-09,26.59,Electronics
CUST04347,2022-03-30,147.07,Grocery
CUST04347,2025-01-05,31.27,Electronics
CUST04347,2024-05-24,45.94,Electronics
CUST04347,2022-08-12,85.63,Travel
CUST04347,2023-04-19,168.16,Travel
CUST04347,2025-03-03,37.96,Clothing
CUST04348,2025-02-12,186.62,Grocery
CUST04348,2025-02-24,199.57,Electronics
CUST04348,2025-04-06,205.96,Electronics
CUST04348,2025-02-02,53.06,Clothing
CUST04348,2025-06-13,279.92,Clothing
CUST04348,2025-04-14,138.5,Electronics
CUST04348,2025-03-23,551.44,Grocery
CUST04348,2025-04-08,49.01,Electronics
CUST04348,2025-06-05,5.1,Grocery
CUST04348,2024-11-22,7.43,Grocery
CUST04348,2024-12-15,12.81,Clothing
CUST04348,2024-12-19,57.08,Clothing
CUST04348,2025-03-27,14.12,Grocery
CUST04348,2025-07-01,63.52,Electronics
CUST04348,2024-11-10,248.92,Electronics
CUST04348,2025-06-27,151.23,Travel
CUST04348,2025-01-03,5.61,Dining
CUST04348,2025-03-30,412.71,Electronics
CUST04348,2025-01-01,111.22,Travel
CUST04348,2024-11-22,18.36,Travel
CUST04348,2024-11-04,49.44,Grocery
CUST04348,2024-11-06,63.44,Clothing
CUST04348,2025-04-02,21.98,Grocery
CUST04348,2025-04-15,73.57,Grocery
CUST04348,2025-01-09,123.68,Grocery
CUST04348,2025-04-25,16.59,Travel
CUST04348,2025-06-05,68.96,Electronics
CUST04348,2024-11-17,59.53,Electronics
CUST04348,2025-07-31,7.82,Dining
CUST04348,2025-03-16,143.95,Grocery
CUST04348,2025-03-27,82.36,Electronics
CUST04348,2025-06-14,61.68,Travel
CUST04348,2025-04-08,62.16,Grocery
CUST04348,2024-11-21,72.04,Grocery
CUST04348,2025-07-24,87.75,Clothing
CUST04348,2025-03-21,317.69,Travel
CUST04348,2025-06-30,57.63,Travel
CUST04348,2025-07-25,112.57,Travel
CUST04348,2025-07-21,57.31,Electronics
CUST04348,2025-05-16,44.83,Dining
CUST04348,2024-11-07,35.77,Electronics
CUST04348,2025-02-19,18.28,Electronics
CUST04348,2025-06-26,43.2,Travel
CUST04348,2024-12-11,87.07,Grocery
CUST04348,2025-02-02,169.24,Travel
CUST04348,2024-12-19,85.31,Grocery
CUST04348,2025-06-09,7.79,Clothing
CUST04348,2024-11-27,48.4,Travel
CUST04348,2024-12-18,13.17,Electronics
CUST04348,2024-12-01,30.12,Dining
CUST04348,2025-04-09,43.74,Travel
CUST04348,2025-06-12,56.59,Electronics
CUST04348,2024-12-11,33.6,Travel
CUST04348,2025-03-28,97.09,Dining
CUST04348,2024-11-09,139.16,Clothing
CUST04348,2025-05-24,50.24,Grocery
CUST04348,2025-06-25,10.49,Dining
CUST04348,2024-12-05,74.62,Travel
CUST04348,2025-01-07,411.44,Dining
CUST04348,2025-04-15,158.22,Dining
CUST04348,2025-03-04,31.47,Grocery
CUST04348,2025-01-23,32.94,Grocery
CUST04348,2025-03-02,55.69,Clothing
CUST04348,2025-04-30,63.86,Electronics
CUST04348,2025-06-04,12.45,Dining
CUST04348,2025-01-16,15.34,Clothing
CUST04348,2025-06-06,11.05,Electronics
CUST04348,2025-06-13,32.55,Electronics
CUST04348,2025-01-01,6.04,Grocery
CUST04348,2025-02-21,10.94,Clothing
CUST04348,2025-03-19,37.5,Travel
CUST04348,2025-02-03,24.66,Dining
CUST04348,2025-03-23,153.27,Dining
CUST04348,2025-06-11,19.97,Dining
CUST04348,2025-04-06,33.72,Grocery
CUST04348,2025-06-14,5.16,Dining
CUST04348,2025-03-16,11.11,Grocery
CUST04348,2025-02-14,6.62,Electronics
CUST04348,2025-05-23,76.95,Dining
CUST04348,2025-05-11,15.4,Grocery
CUST04348,2025-05-02,34.8,Electronics
CUST04348,2025-01-26,14.22,Electronics
CUST04348,2025-04-04,191.91,Electronics
CUST04348,2025-06-24,33.03,Grocery
CUST04348,2024-11-16,15.61,Electronics
CUST04348,2025-01-03,8.56,Grocery
CUST04348,2024-12-28,177.83,Grocery
CUST04348,2025-04-26,282.73,Dining
CUST04348,2025-01-21,122.32,Travel
CUST04348,2025-04-15,55.82,Electronics
CUST04348,2025-05-11,81.9,Clothing
CUST04348,2025-06-13,90.23,Clothing
CUST04348,2025-05-25,45.64,Travel
CUST04348,2024-11-06,94.03,Electronics
CUST04348,2024-11-24,30.5,Electronics
CUST04348,2024-11-30,126.19,Electronics
CUST04348,2024-12-20,88.09,Electronics
CUST04348,2025-03-13,159.56,Clothing
CUST04348,2025-02-23,78.08,Grocery
CUST04348,2024-11-08,328.15,Clothing
CUST04348,2025-07-23,16.94,Travel
CUST04349,2024-09-12,71.74,Electronics
CUST04349,2024-05-22,23.46,Grocery
CUST04349,2025-05-01,45.47,Travel
CUST04349,2025-02-02,33.59,Clothing
CUST04349,2024-11-02,132.72,Grocery
CUST04349,2025-03-25,66.74,Travel
CUST04349,2025-01-01,30.2,Dining
CUST04349,2024-01-25,97.69,Grocery
CUST04349,2024-04-16,36.73,Dining
CUST04349,2025-06-20,37.7,Clothing
CUST04349,2023-12-02,115.16,Grocery
CUST04349,2025-04-13,74.67,Dining
CUST04349,2024-11-15,187.94,Dining
CUST04349,2025-03-16,134.59,Electronics
CUST04349,2024-06-17,130.69,Clothing
CUST04349,2024-10-18,140.84,Clothing
CUST04349,2024-02-11,156.58,Dining
CUST04349,2024-03-14,43.15,Grocery
CUST04349,2024-10-02,49.31,Clothing
CUST04349,2025-03-21,164.96,Electronics
CUST04349,2024-11-24,135.09,Clothing
CUST04349,2024-02-13,59.72,Grocery
CUST04349,2024-05-03,112.46,Clothing
CUST04349,2025-02-12,97.18,Travel
CUST04349,2024-08-15,7.95,Grocery
CUST04349,2024-05-30,49.23,Clothing
CUST04349,2024-11-20,194.82,Grocery
CUST04349,2024-12-11,22.2,Travel
CUST04349,2024-08-12,102.42,Clothing
CUST04349,2024-01-21,5.52,Dining
CUST04349,2024-01-21,69.05,Travel
CUST04349,2023-12-01,270.54,Electronics
CUST04349,2025-03-10,41.56,Grocery
CUST04349,2025-04-30,335.96,Dining
CUST04349,2024-10-07,93.88,Dining
CUST04349,2024-11-20,44.36,Clothing
CUST04349,2024-11-27,175.4,Electronics
CUST04349,2024-06-17,191.5,Travel
CUST04349,2025-04-04,49.86,Dining
CUST04349,2024-11-25,50.31,Grocery
CUST04349,2025-07-29,245.96,Travel
CUST04349,2025-03-18,23.4,Clothing
CUST04349,2024-10-01,84.31,Clothing
CUST04349,2024-12-20,11.94,Clothing
CUST04349,2024-05-21,25.62,Dining
CUST04349,2024-09-29,126.69,Travel
CUST04349,2025-01-13,119.2,Dining
CUST04349,2025-02-09,202.75,Electronics
CUST04349,2025-04-20,99.35,Dining
CUST04349,2025-02-20,80.92,Grocery
CUST04349,2024-10-21,8.14,Grocery
CUST04349,2024-12-24,41.43,Clothing
CUST04349,2024-05-07,34.33,Grocery
CUST04349,2024-08-19,14.48,Grocery
CUST04349,2025-05-01,25.76,Electronics
CUST04349,2024-01-23,25.45,Grocery
CUST04349,2024-02-19,7.88,Clothing
CUST04349,2024-03-14,11.12,Clothing
CUST04349,2023-12-16,11.13,Clothing
CUST04349,2024-06-27,139.06,Electronics
CUST04349,2024-11-04,43.99,Electronics
CUST04349,2024-02-28,141.88,Dining
CUST04349,2024-09-14,45.3,Travel
CUST04349,2025-07-22,56.36,Electronics
CUST04349,2025-02-27,17.17,Grocery
CUST04349,2024-09-19,63.53,Travel
CUST04349,2024-01-13,18.73,Electronics
CUST04349,2024-03-01,8.86,Travel
CUST04349,2025-07-31,59.75,Travel
CUST04349,2024-02-21,120.31,Clothing
CUST04349,2024-12-07,144.83,Travel
CUST04349,2025-01-15,42.41,Clothing
CUST04349,2025-06-30,117.25,Electronics
CUST04349,2024-12-05,17.3,Clothing
CUST04349,2024-02-02,440.11,Dining
CUST04349,2024-09-27,100.61,Dining
CUST04349,2023-11-27,27.26,Electronics
CUST04349,2025-07-09,91.03,Grocery
CUST04349,2024-09-26,9.09,Travel
CUST04349,2024-08-17,49.56,Dining
CUST04349,2024-03-24,203.58,Clothing
CUST04349,2025-03-17,555.58,Dining
CUST04349,2024-08-13,33.8,Clothing
CUST04349,2023-11-28,54.88,Dining
CUST04349,2024-09-04,82.06,Dining
CUST04349,2025-03-28,13.37,Dining
CUST04349,2023-12-15,53.0,Electronics
CUST04349,2025-02-26,74.46,Electronics
CUST04349,2024-01-29,21.91,Electronics
CUST04349,2025-06-26,33.47,Clothing
CUST04349,2024-01-26,46.13,Grocery
CUST04349,2024-03-05,49.58,Clothing
CUST04349,2024-01-29,313.5,Electronics
CUST04349,2024-06-05,42.64,Electronics
CUST04349,2024-07-28,51.69,Grocery
CUST04349,2024-02-10,20.1,Electronics
CUST04349,2025-03-22,27.02,Grocery
CUST04349,2024-06-23,137.04,Electronics
CUST04349,2024-01-08,8.28,Grocery
CUST04349,2024-09-21,128.96,Grocery
CUST04349,2025-03-28,64.13,Dining
CUST04349,2025-06-01,187.92,Grocery
CUST04349,2025-03-07,34.6,Dining
CUST04349,2025-01-07,163.41,Electronics
CUST04349,2024-10-12,69.97,Electronics
CUST04349,2024-09-21,153.51,Grocery
CUST04349,2025-01-28,8.53,Dining
CUST04349,2024-06-05,34.95,Travel
CUST04349,2023-12-17,189.3,Grocery
CUST04349,2025-04-22,243.91,Travel
CUST04349,2024-07-05,177.18,Travel
CUST04350,2025-06-14,15.36,Dining
CUST04350,2025-06-22,255.94,Travel
CUST04350,2025-03-24,70.83,Dining
CUST04350,2025-06-03,87.76,Clothing
CUST04350,2025-05-01,18.22,Dining
CUST04350,2025-06-25,17.43,Travel
CUST04350,2025-06-16,91.51,Dining
CUST04350,2025-07-27,71.32,Dining
CUST04350,2025-05-30,103.47,Clothing
CUST04350,2025-04-10,422.96,Electronics
CUST04350,2025-06-30,48.08,Dining
CUST04350,2025-05-27,28.05,Grocery
CUST04350,2025-05-02,145.01,Electronics
CUST04350,2025-04-10,175.01,Electronics
CUST04350,2025-07-10,19.01,Clothing
CUST04350,2025-04-05,53.03,Clothing
CUST04350,2025-04-23,204.17,Dining
CUST04350,2025-05-11,23.95,Clothing
CUST04350,2025-07-17,6.68,Electronics
CUST04350,2025-05-18,57.05,Clothing
CUST04350,2025-03-24,38.52,Travel
CUST04350,2025-05-26,29.26,Travel
CUST04350,2025-04-11,191.12,Electronics
CUST04350,2025-03-30,39.96,Dining
CUST04350,2025-04-13,18.73,Grocery
CUST04350,2025-05-10,52.07,Grocery
CUST04350,2025-06-25,94.29,Clothing
CUST04350,2025-05-18,102.28,Electronics
CUST04350,2025-07-06,15.73,Travel
CUST04350,2025-05-12,30.35,Electronics
CUST04350,2025-04-03,36.02,Dining
CUST04350,2025-07-11,26.29,Dining
CUST04350,2025-04-17,131.08,Travel
CUST04350,2025-07-08,38.57,Travel
CUST04350,2025-06-08,173.9,Grocery
CUST04350,2025-03-23,334.89,Grocery
CUST04350,2025-04-16,53.57,Electronics
CUST04350,2025-04-23,149.24,Electronics
CUST04350,2025-03-15,40.01,Travel
CUST04350,2025-05-31,49.4,Electronics
CUST04350,2025-03-26,32.44,Travel
CUST04350,2025-06-21,6.76,Grocery
CUST04350,2025-07-02,23.69,Dining
CUST04350,2025-06-17,11.74,Travel
CUST04350,2025-03-19,325.48,Travel
CUST04350,2025-04-25,131.21,Travel
CUST04350,2025-06-25,24.58,Dining
CUST04350,2025-07-03,56.11,Clothing
CUST04350,2025-05-11,45.72,Grocery
CUST04350,2025-04-06,6.93,Clothing
CUST04350,2025-07-27,43.89,Clothing
CUST04350,2025-04-18,99.93,Electronics
CUST04350,2025-05-22,201.47,Grocery
CUST04350,2025-04-13,27.55,Clothing
CUST04350,2025-03-28,205.61,Clothing
CUST04350,2025-04-03,93.03,Grocery
CUST04350,2025-04-07,35.69,Electronics
CUST04350,2025-06-18,36.77,Travel
CUST04350,2025-07-26,52.15,Travel
CUST04350,2025-05-12,79.94,Clothing
CUST04350,2025-06-28,276.78,Travel
CUST04350,2025-05-10,67.86,Dining
CUST04350,2025-05-18,20.34,Travel
CUST04350,2025-04-24,100.88,Travel
CUST04350,2025-06-16,116.96,Grocery
CUST04350,2025-06-17,240.23,Electronics
CUST04350,2025-06-26,23.34,Travel
CUST04350,2025-05-24,92.29,Electronics
CUST04350,2025-04-14,92.59,Travel
CUST04350,2025-03-24,73.93,Dining
CUST04350,2025-05-19,86.78,Grocery
CUST04350,2025-07-05,51.8,Travel
CUST04350,2025-06-29,101.47,Travel
CUST04350,2025-06-19,174.83,Dining
CUST04350,2025-03-31,55.56,Clothing
CUST04350,2025-03-28,96.24,Electronics
CUST04350,2025-05-27,373.5,Clothing
CUST04350,2025-04-26,338.55,Dining
CUST04350,2025-04-17,19.43,Grocery
CUST04350,2025-05-18,70.9,Clothing
CUST04350,2025-04-28,19.05,Clothing
CUST04350,2025-03-30,39.9,Electronics
CUST04350,2025-05-11,44.05,Grocery
CUST04350,2025-07-09,85.02,Clothing
CUST04350,2025-05-15,47.51,Grocery
CUST04350,2025-05-19,40.89,Electronics
CUST04350,2025-05-21,23.82,Dining
CUST04350,2025-05-11,16.55,Dining
CUST04350,2025-07-29,208.48,Grocery
CUST04350,2025-06-08,71.79,Clothing
CUST04350,2025-05-13,19.14,Clothing
CUST04350,2025-05-23,188.21,Dining
CUST04350,2025-06-04,138.78,Dining
CUST04350,2025-04-03,11.36,Grocery
CUST04350,2025-05-06,35.03,Dining
CUST04350,2025-06-29,208.26,Clothing
CUST04350,2025-06-21,91.24,Dining
CUST04350,2025-05-31,263.69,Grocery
CUST04350,2025-06-11,79.33,Dining
CUST04350,2025-06-05,56.96,Electronics
CUST04350,2025-07-16,121.96,Clothing
CUST04350,2025-07-01,179.17,Electronics
CUST04350,2025-06-24,87.32,Travel
CUST04350,2025-07-30,66.01,Electronics
CUST04350,2025-06-27,122.27,Clothing
CUST04350,2025-07-02,7.88,Electronics
CUST04350,2025-06-30,141.13,Dining
CUST04350,2025-05-17,10.46,Travel
CUST04350,2025-04-16,28.82,Clothing
CUST04350,2025-05-13,76.92,Grocery
CUST04351,2024-12-16,72.28,Dining
CUST04351,2024-09-30,22.05,Dining
CUST04351,2025-04-30,260.35,Electronics
CUST04351,2025-04-17,43.41,Grocery
CUST04351,2025-02-17,28.72,Travel
CUST04351,2024-12-05,113.86,Dining
CUST04351,2024-06-04,184.85,Travel
CUST04351,2024-06-17,28.29,Clothing
CUST04351,2024-09-18,214.39,Electronics
CUST04351,2025-03-05,18.69,Grocery
CUST04351,2024-12-02,199.39,Clothing
CUST04351,2024-09-15,127.08,Dining
CUST04351,2025-07-22,240.04,Clothing
CUST04351,2025-06-25,106.17,Clothing
CUST04351,2024-07-23,15.46,Dining
CUST04351,2024-12-01,74.27,Electronics
CUST04351,2024-10-15,33.72,Grocery
CUST04351,2025-01-13,19.05,Electronics
CUST04351,2025-04-12,13.78,Clothing
CUST04351,2024-09-15,13.2,Dining
CUST04351,2025-03-27,19.56,Dining
CUST04351,2025-06-04,40.44,Electronics
CUST04351,2024-07-29,17.65,Electronics
CUST04351,2025-01-19,67.87,Travel
CUST04351,2025-01-28,10.15,Grocery
CUST04351,2025-05-17,229.31,Electronics
CUST04351,2024-10-15,26.28,Dining
CUST04351,2024-09-24,43.85,Grocery
CUST04351,2025-05-10,18.8,Clothing
CUST04351,2025-03-16,19.42,Grocery
CUST04351,2025-05-26,12.84,Grocery
CUST04351,2025-01-27,68.64,Electronics
CUST04351,2024-08-08,58.42,Clothing
CUST04351,2025-07-03,112.15,Grocery
CUST04351,2024-06-27,32.74,Electronics
CUST04351,2025-03-26,36.49,Dining
CUST04351,2025-03-08,114.75,Dining
CUST04351,2024-09-02,9.92,Clothing
CUST04351,2025-03-31,30.37,Electronics
CUST04351,2024-11-22,84.67,Dining
CUST04351,2024-06-03,98.61,Electronics
CUST04351,2025-03-20,39.9,Clothing
CUST04351,2025-05-25,135.45,Travel
CUST04351,2024-09-22,105.6,Electronics
CUST04351,2025-07-11,57.06,Clothing
CUST04351,2025-06-14,130.76,Travel
CUST04351,2024-06-28,63.45,Grocery
CUST04351,2024-06-14,73.83,Dining
CUST04351,2025-06-29,29.74,Travel
CUST04351,2025-05-11,72.05,Grocery
CUST04351,2024-11-13,225.78,Dining
CUST04351,2025-07-03,79.58,Grocery
CUST04351,2024-07-12,24.83,Dining
CUST04351,2025-01-06,104.46,Electronics
CUST04351,2024-12-11,62.34,Electronics
CUST04351,2025-07-06,96.17,Travel
CUST04351,2025-07-20,32.67,Grocery
CUST04351,2024-09-12,77.98,Grocery
CUST04351,2025-06-29,164.51,Clothing
CUST04351,2024-07-29,371.19,Travel
CUST04351,2024-10-20,69.04,Dining
CUST04351,2024-10-08,163.43,Travel
CUST04351,2024-11-23,39.04,Travel
CUST04351,2025-01-04,491.6,Travel
CUST04351,2025-07-21,12.14,Dining
CUST04351,2024-12-23,14.92,Grocery
CUST04351,2025-07-12,130.91,Dining
CUST04351,2025-03-19,17.73,Electronics
CUST04351,2025-01-01,148.3,Clothing
CUST04351,2024-09-22,232.41,Clothing
CUST04351,2024-12-24,92.83,Grocery
CUST04351,2024-07-14,98.19,Travel
CUST04351,2025-01-29,31.45,Grocery
CUST04351,2024-11-15,293.53,Grocery
CUST04351,2024-06-15,172.27,Clothing
CUST04351,2024-10-02,15.03,Electronics
CUST04351,2025-07-26,25.42,Grocery
CUST04351,2024-12-25,32.86,Travel
CUST04351,2025-07-22,32.27,Dining
CUST04351,2025-04-01,31.22,Grocery
CUST04351,2025-01-09,5.13,Grocery
CUST04351,2025-02-25,18.06,Travel
CUST04351,2025-07-03,46.1,Dining
CUST04351,2025-02-07,63.9,Grocery
CUST04351,2025-04-17,39.68,Travel
CUST04351,2024-06-20,183.52,Electronics
CUST04351,2024-07-26,62.52,Electronics
CUST04351,2024-10-18,6.24,Clothing
CUST04351,2024-08-05,122.98,Grocery
CUST04351,2025-02-15,6.66,Electronics
CUST04351,2025-04-19,33.61,Travel
CUST04351,2025-05-29,228.54,Clothing
CUST04351,2024-12-09,209.82,Electronics
CUST04351,2024-10-13,15.49,Dining
CUST04351,2024-08-21,28.24,Travel
CUST04351,2025-05-21,101.4,Electronics
CUST04351,2025-03-15,205.08,Electronics
CUST04351,2024-11-08,83.66,Travel
CUST04351,2025-01-04,17.75,Grocery
CUST04352,2025-04-25,26.35,Grocery
CUST04352,2023-04-07,75.19,Travel
CUST04352,2025-03-07,61.21,Grocery
CUST04352,2024-02-29,11.09,Electronics
CUST04352,2022-11-04,41.56,Travel
CUST04352,2024-02-15,55.61,Travel
CUST04352,2023-01-03,41.33,Clothing
CUST04352,2023-07-08,142.73,Travel
CUST04352,2024-02-14,19.23,Travel
CUST04352,2024-10-15,167.52,Electronics
CUST04352,2022-09-18,57.15,Dining
CUST04352,2023-01-26,135.66,Grocery
CUST04352,2023-06-20,133.46,Dining
CUST04352,2025-01-25,120.59,Electronics
CUST04352,2024-03-26,11.2,Travel
CUST04352,2025-02-16,48.96,Dining
CUST04352,2025-03-16,50.67,Travel
CUST04352,2023-01-11,51.52,Travel
CUST04352,2024-03-06,8.57,Electronics
CUST04352,2024-10-02,11.93,Electronics
CUST04352,2025-05-31,45.88,Grocery
CUST04352,2024-04-24,31.08,Travel
CUST04352,2025-06-03,16.2,Clothing
CUST04352,2024-07-08,168.7,Travel
CUST04352,2024-08-26,80.32,Travel
CUST04352,2024-03-15,52.42,Dining
CUST04352,2025-07-20,56.88,Clothing
CUST04352,2025-04-12,11.54,Travel
CUST04352,2024-08-19,9.8,Dining
CUST04352,2025-07-16,58.02,Electronics
CUST04352,2023-12-30,16.27,Travel
CUST04352,2024-03-25,241.51,Electronics
CUST04352,2024-03-08,138.8,Dining
CUST04352,2022-09-25,77.65,Electronics
CUST04352,2024-06-20,20.62,Grocery
CUST04352,2024-06-16,49.11,Dining
CUST04352,2024-05-01,283.93,Dining
CUST04352,2024-01-04,160.16,Electronics
CUST04352,2022-11-19,247.42,Clothing
CUST04352,2025-01-07,182.98,Grocery
CUST04352,2024-03-02,274.43,Grocery
CUST04352,2024-12-02,215.54,Travel
CUST04352,2023-08-06,66.12,Grocery
CUST04352,2022-09-27,33.82,Clothing
CUST04352,2025-04-19,40.72,Dining
CUST04352,2023-07-11,49.26,Grocery
CUST04352,2022-12-04,157.08,Clothing
CUST04352,2022-11-22,64.41,Grocery
CUST04352,2024-06-23,12.74,Grocery
CUST04352,2023-05-05,172.49,Travel
CUST04352,2024-05-09,73.55,Grocery
CUST04352,2024-07-29,219.09,Travel
CUST04352,2023-05-04,174.93,Clothing
CUST04352,2024-10-12,17.25,Grocery
CUST04352,2024-06-06,41.64,Clothing
CUST04352,2023-06-20,31.52,Grocery
CUST04352,2024-05-24,18.85,Clothing
CUST04352,2023-04-07,79.98,Electronics
CUST04352,2022-11-14,16.24,Electronics
CUST04352,2023-12-11,9.74,Travel
CUST04352,2025-01-30,52.38,Dining
CUST04352,2023-07-15,200.2,Travel
CUST04352,2023-04-25,128.57,Dining
CUST04352,2024-07-16,17.82,Electronics
CUST04352,2023-04-04,58.19,Grocery
CUST04352,2023-10-13,151.49,Travel
CUST04352,2025-06-12,38.41,Clothing
CUST04352,2025-01-29,27.17,Clothing
CUST04352,2023-03-16,13.65,Dining
CUST04352,2023-04-20,158.32,Clothing
CUST04352,2024-07-15,29.93,Clothing
CUST04352,2023-12-02,10.8,Grocery
CUST04352,2023-08-28,140.34,Clothing
CUST04352,2024-11-03,139.79,Grocery
CUST04352,2024-11-24,23.83,Travel
CUST04352,2024-06-15,152.29,Electronics
CUST04352,2022-12-07,27.82,Dining
CUST04352,2023-07-17,216.61,Clothing
CUST04352,2022-10-14,29.11,Grocery
CUST04352,2023-10-18,26.32,Electronics
CUST04352,2025-01-30,16.43,Electronics
CUST04352,2023-04-07,164.27,Grocery
CUST04352,2023-03-19,94.93,Clothing
CUST04352,2024-11-28,46.47,Electronics
CUST04352,2025-06-22,101.33,Electronics
CUST04352,2022-12-07,25.59,Travel
CUST04352,2025-02-04,86.23,Electronics
CUST04352,2025-03-09,93.59,Dining
CUST04352,2024-07-23,59.55,Electronics
CUST04352,2023-04-09,31.59,Dining
CUST04352,2024-02-20,43.75,Grocery
CUST04352,2025-01-23,15.31,Electronics
CUST04352,2025-06-18,43.07,Electronics
CUST04352,2024-11-14,143.19,Electronics
CUST04352,2023-12-02,55.15,Electronics
CUST04352,2025-02-16,125.44,Travel
CUST04352,2022-10-31,45.58,Electronics
CUST04352,2023-05-16,79.04,Grocery
CUST04352,2024-03-03,6.19,Dining
CUST04352,2023-07-28,19.4,Travel
CUST04352,2025-06-10,239.31,Grocery
CUST04352,2024-05-27,25.49,Dining
CUST04353,2025-06-28,15.46,Dining
CUST04353,2022-04-19,270.39,Travel
CUST04353,2023-04-03,225.18,Dining
CUST04353,2023-10-05,231.76,Grocery
CUST04353,2024-12-15,52.15,Dining
CUST04353,2022-11-16,18.43,Electronics
CUST04353,2023-01-19,30.91,Clothing
CUST04353,2024-02-11,84.68,Travel
CUST04353,2023-01-21,123.48,Clothing
CUST04353,2022-04-16,155.61,Grocery
CUST04353,2022-09-28,73.68,Clothing
CUST04353,2023-06-01,23.96,Electronics
CUST04353,2024-11-18,168.43,Travel
CUST04353,2024-08-05,74.81,Travel
CUST04353,2023-02-28,38.09,Grocery
CUST04353,2025-07-09,54.88,Clothing
CUST04353,2022-05-02,70.82,Travel
CUST04353,2025-04-06,30.46,Travel
CUST04353,2022-10-14,276.55,Travel
CUST04353,2024-02-21,15.89,Dining
CUST04353,2023-04-17,22.39,Electronics
CUST04353,2023-03-12,37.48,Electronics
CUST04353,2024-09-10,56.37,Dining
CUST04353,2024-04-20,21.02,Clothing
CUST04353,2023-07-31,5.79,Grocery
CUST04353,2022-11-02,76.63,Electronics
CUST04353,2023-11-16,75.16,Clothing
CUST04353,2023-01-29,18.46,Clothing
CUST04353,2022-09-16,23.05,Electronics
CUST04353,2022-10-21,11.14,Electronics
CUST04353,2023-10-19,14.28,Dining
CUST04353,2023-04-12,48.31,Grocery
CUST04353,2024-11-12,59.33,Dining
CUST04353,2025-02-24,14.17,Grocery
CUST04353,2025-05-06,22.05,Travel
CUST04353,2023-01-24,259.31,Dining
CUST04353,2022-12-10,51.07,Travel
CUST04353,2024-08-23,73.27,Travel
CUST04353,2025-05-06,60.43,Grocery
CUST04353,2024-06-11,166.34,Grocery
CUST04353,2022-06-03,17.56,Clothing
CUST04353,2024-06-09,11.66,Travel
CUST04353,2024-05-02,10.7,Travel
CUST04353,2024-07-27,41.46,Dining
CUST04353,2023-05-30,107.32,Dining
CUST04353,2023-01-22,35.96,Electronics
CUST04353,2022-12-31,37.8,Clothing
CUST04353,2022-04-11,32.73,Travel
CUST04353,2025-03-30,155.79,Travel
CUST04353,2024-08-02,130.53,Travel
CUST04353,2024-03-09,39.92,Dining
CUST04353,2023-11-22,19.07,Travel
CUST04353,2023-04-23,314.5,Grocery
CUST04353,2024-04-10,60.42,Clothing
CUST04353,2023-06-19,6.85,Dining
CUST04353,2022-12-03,80.53,Travel
CUST04353,2023-06-24,12.63,Clothing
CUST04353,2022-12-14,6.53,Dining
CUST04353,2022-11-22,15.54,Travel
CUST04353,2022-09-17,18.44,Travel
CUST04353,2023-07-15,29.44,Electronics
CUST04353,2023-02-24,79.54,Grocery
CUST04353,2025-05-13,60.81,Travel
CUST04353,2022-06-24,7.69,Grocery
CUST04353,2022-10-15,67.58,Dining
CUST04353,2023-12-11,18.02,Travel
CUST04353,2024-12-13,131.0,Electronics
CUST04353,2022-11-23,297.31,Electronics
CUST04353,2023-04-25,78.0,Clothing
CUST04353,2022-09-02,95.11,Clothing
CUST04353,2022-04-21,41.05,Dining
CUST04353,2023-04-12,72.86,Grocery
CUST04353,2022-09-08,6.32,Grocery
CUST04353,2022-03-27,41.55,Dining
CUST04353,2023-08-28,14.43,Clothing
CUST04353,2025-06-25,93.22,Dining
CUST04353,2023-02-26,23.18,Electronics
CUST04353,2023-12-31,97.42,Electronics
CUST04353,2024-05-27,108.13,Dining
CUST04353,2023-01-03,213.8,Electronics
CUST04353,2024-07-10,92.16,Grocery
CUST04353,2024-10-21,203.29,Dining
CUST04353,2022-09-02,140.73,Grocery
CUST04353,2024-02-23,9.34,Dining
CUST04353,2025-04-27,28.38,Travel
CUST04353,2023-09-28,170.55,Grocery
CUST04353,2024-04-03,9.59,Grocery
CUST04353,2025-07-08,12.88,Clothing
CUST04353,2025-03-15,43.91,Clothing
CUST04353,2022-07-30,69.24,Grocery
CUST04353,2022-06-29,121.67,Dining
CUST04353,2023-04-23,87.9,Electronics
CUST04353,2023-07-11,85.47,Grocery
CUST04353,2024-07-05,84.63,Travel
CUST04353,2024-01-15,147.2,Dining
CUST04353,2022-10-11,72.04,Clothing
CUST04353,2024-12-07,56.89,Dining
CUST04354,2024-08-12,78.02,Electronics
CUST04354,2025-02-11,349.22,Travel
CUST04354,2025-07-18,23.48,Clothing
CUST04354,2025-01-24,54.97,Clothing
CUST04354,2023-05-06,64.32,Grocery
CUST04354,2025-02-18,14.39,Travel
CUST04354,2023-06-07,57.6,Electronics
CUST04354,2023-12-20,120.76,Travel
CUST04354,2024-06-30,94.48,Dining
CUST04354,2024-10-05,31.23,Electronics
CUST04354,2025-04-18,106.47,Dining
CUST04354,2022-12-28,47.36,Dining
CUST04354,2023-06-17,90.39,Dining
CUST04354,2025-07-02,118.45,Clothing
CUST04354,2024-04-01,39.59,Dining
CUST04354,2024-03-14,21.15,Dining
CUST04354,2024-04-27,140.27,Travel
CUST04354,2024-10-11,44.42,Dining
CUST04354,2025-03-21,24.6,Dining
CUST04354,2024-04-22,7.02,Clothing
CUST04354,2023-07-19,758.3,Electronics
CUST04354,2022-11-05,107.53,Electronics
CUST04354,2025-02-18,74.66,Grocery
CUST04354,2025-07-13,6.84,Electronics
CUST04354,2024-12-08,34.06,Clothing
CUST04354,2024-01-29,77.85,Travel
CUST04354,2024-08-28,91.64,Grocery
CUST04354,2023-11-01,44.78,Travel
CUST04354,2023-10-28,33.54,Clothing
CUST04354,2024-11-05,171.05,Clothing
CUST04354,2025-06-17,79.91,Dining
CUST04354,2025-04-18,56.38,Grocery
CUST04354,2024-11-11,11.25,Electronics
CUST04354,2025-03-07,75.96,Travel
CUST04354,2024-08-16,34.27,Grocery
CUST04354,2024-08-27,9.33,Dining
CUST04354,2024-12-04,19.68,Grocery
CUST04354,2023-06-11,74.81,Electronics
CUST04354,2024-12-26,93.17,Grocery
CUST04354,2025-01-14,51.85,Electronics
CUST04354,2025-05-17,32.53,Travel
CUST04354,2025-05-18,243.43,Travel
CUST04354,2024-08-28,11.3,Clothing
CUST04354,2024-01-12,279.8,Travel
CUST04354,2024-05-04,5.41,Grocery
CUST04354,2025-03-11,90.28,Clothing
CUST04354,2025-05-29,55.77,Grocery
CUST04354,2023-04-10,80.25,Electronics
CUST04354,2024-05-31,8.32,Grocery
CUST04354,2024-07-20,117.59,Clothing
CUST04354,2023-09-16,70.01,Electronics
CUST04354,2025-07-04,32.46,Dining
CUST04354,2024-02-05,14.22,Electronics
CUST04354,2023-02-07,46.57,Travel
CUST04354,2025-05-21,30.43,Travel
CUST04354,2022-11-26,33.01,Electronics
CUST04354,2025-01-19,123.27,Clothing
CUST04354,2025-05-05,87.58,Clothing
CUST04354,2023-11-27,248.9,Electronics
CUST04354,2025-01-02,27.46,Clothing
CUST04354,2022-11-10,13.28,Dining
CUST04354,2023-01-07,129.61,Electronics
CUST04354,2023-05-08,63.18,Dining
CUST04354,2024-10-11,14.31,Clothing
CUST04354,2024-01-31,97.85,Travel
CUST04354,2025-05-02,162.89,Dining
CUST04354,2022-11-06,22.77,Dining
CUST04354,2023-01-30,26.85,Electronics
CUST04354,2023-10-03,26.41,Travel
CUST04354,2022-12-15,21.72,Travel
CUST04354,2023-05-08,44.6,Clothing
CUST04354,2025-03-15,26.6,Clothing
CUST04354,2025-07-06,104.2,Clothing
CUST04354,2024-09-19,53.03,Electronics
CUST04354,2023-07-10,116.12,Electronics
CUST04354,2023-03-19,9.07,Clothing
CUST04354,2024-03-05,149.44,Grocery
CUST04354,2024-06-19,38.94,Grocery
CUST04354,2024-04-22,66.55,Dining
CUST04354,2022-12-16,143.43,Grocery
CUST04354,2025-02-03,41.78,Travel
CUST04354,2023-07-07,129.79,Travel
CUST04354,2025-04-24,82.78,Grocery
CUST04354,2023-03-06,88.23,Clothing
CUST04354,2023-02-17,44.89,Electronics
CUST04354,2024-08-17,94.43,Travel
CUST04354,2023-07-11,86.56,Grocery
CUST04354,2023-10-01,23.63,Grocery
CUST04354,2024-01-26,46.42,Travel
CUST04354,2025-04-11,188.06,Grocery
CUST04354,2023-07-05,163.76,Dining
CUST04354,2024-04-04,257.07,Grocery
CUST04354,2024-10-31,39.17,Dining
CUST04354,2023-10-04,26.7,Grocery
CUST04354,2024-03-19,12.21,Electronics
CUST04354,2023-02-15,58.84,Grocery
CUST04354,2023-11-27,139.07,Grocery
CUST04354,2022-11-21,13.67,Grocery
CUST04354,2024-01-31,26.21,Travel
CUST04354,2023-03-06,43.54,Travel
CUST04354,2023-09-04,168.05,Grocery
CUST04354,2025-02-10,35.48,Clothing
CUST04354,2024-02-09,108.83,Grocery
CUST04354,2023-10-14,36.98,Electronics
CUST04354,2023-02-12,236.91,Clothing
CUST04354,2023-10-07,64.83,Travel
CUST04354,2024-05-17,27.57,Clothing
CUST04354,2024-07-13,33.96,Electronics
CUST04354,2023-12-05,52.57,Electronics
CUST04355,2025-07-06,59.83,Travel
CUST04355,2024-07-26,96.82,Dining
CUST04355,2025-01-09,11.16,Clothing
CUST04355,2023-11-13,85.73,Travel
CUST04355,2024-11-28,10.97,Travel
CUST04355,2024-07-01,69.45,Clothing
CUST04355,2024-07-01,14.66,Travel
CUST04355,2024-09-06,178.23,Electronics
CUST04355,2023-10-14,132.29,Travel
CUST04355,2025-01-24,15.22,Grocery
CUST04355,2023-12-13,34.08,Electronics
CUST04355,2024-03-21,58.99,Clothing
CUST04355,2024-03-04,25.45,Dining
CUST04355,2024-07-15,71.9,Grocery
CUST04355,2023-12-07,158.97,Dining
CUST04355,2024-05-17,45.22,Dining
CUST04355,2025-07-04,7.7,Dining
CUST04355,2024-09-10,58.97,Grocery
CUST04355,2025-03-06,462.18,Electronics
CUST04355,2024-04-29,12.57,Travel
CUST04355,2024-09-07,95.96,Travel
CUST04355,2025-06-28,278.28,Travel
CUST04355,2025-02-25,120.92,Electronics
CUST04355,2025-02-22,23.91,Grocery
CUST04355,2023-10-03,153.77,Clothing
CUST04355,2025-01-20,204.36,Dining
CUST04355,2025-01-17,136.73,Travel
CUST04355,2024-09-14,53.78,Grocery
CUST04355,2025-05-10,43.08,Dining
CUST04355,2024-10-04,125.62,Grocery
CUST04355,2024-07-12,24.33,Clothing
CUST04355,2024-06-29,145.88,Dining
CUST04355,2025-02-26,59.8,Travel
CUST04355,2024-03-16,200.95,Dining
CUST04355,2025-05-24,6.43,Dining
CUST04355,2024-01-24,75.64,Electronics
CUST04355,2025-04-24,18.9,Clothing
CUST04355,2024-08-02,92.29,Dining
CUST04355,2025-03-11,5.35,Travel
CUST04355,2024-06-15,119.3,Electronics
CUST04355,2023-12-09,5.36,Grocery
CUST04355,2025-07-15,36.09,Travel
CUST04355,2024-10-10,157.74,Travel
CUST04355,2024-03-16,15.53,Travel
CUST04355,2024-10-01,161.08,Travel
CUST04355,2025-05-18,46.2,Travel
CUST04355,2024-10-21,225.17,Electronics
CUST04355,2023-09-19,46.85,Electronics
CUST04355,2024-01-11,99.57,Clothing
CUST04355,2025-04-13,64.55,Electronics
CUST04355,2025-07-11,10.11,Grocery
CUST04355,2025-07-04,166.73,Travel
CUST04355,2025-05-01,27.7,Dining
CUST04355,2025-06-08,38.18,Dining
CUST04355,2025-03-02,29.81,Grocery
CUST04355,2024-10-02,8.05,Clothing
CUST04355,2025-01-27,88.37,Travel
CUST04355,2023-12-18,22.29,Clothing
CUST04355,2024-12-01,8.63,Dining
CUST04355,2025-05-07,193.89,Clothing
CUST04355,2024-05-17,94.07,Travel
CUST04355,2023-12-16,80.45,Travel
CUST04355,2023-10-27,31.44,Dining
CUST04355,2024-04-24,97.75,Clothing
CUST04355,2024-01-27,19.5,Electronics
CUST04355,2025-02-20,186.27,Dining
CUST04355,2024-09-30,40.04,Electronics
CUST04355,2023-10-15,6.4,Clothing
CUST04355,2023-12-20,163.35,Travel
CUST04355,2023-11-23,311.58,Electronics
CUST04355,2024-05-18,5.98,Electronics
CUST04355,2024-08-24,22.34,Dining
CUST04355,2025-06-02,18.76,Travel
CUST04355,2024-04-24,39.21,Clothing
CUST04355,2025-04-12,48.26,Travel
CUST04355,2023-09-28,50.28,Grocery
CUST04355,2024-09-21,52.48,Dining
CUST04355,2024-12-14,24.75,Dining
CUST04355,2023-10-08,54.56,Clothing
CUST04355,2024-08-22,59.33,Travel
CUST04355,2024-02-07,140.26,Clothing
CUST04355,2025-07-02,98.14,Grocery
CUST04355,2024-03-16,64.91,Clothing
CUST04355,2025-06-29,41.87,Dining
CUST04355,2024-11-27,181.48,Electronics
CUST04355,2025-05-21,56.4,Clothing
CUST04355,2025-03-04,70.46,Travel
CUST04356,2025-05-14,43.32,Clothing
CUST04356,2024-04-18,20.24,Travel
CUST04356,2024-01-14,326.79,Dining
CUST04356,2024-07-17,27.66,Electronics
CUST04356,2024-12-23,18.9,Electronics
CUST04356,2024-06-23,46.75,Electronics
CUST04356,2025-03-29,28.85,Travel
CUST04356,2023-11-19,85.62,Dining
CUST04356,2025-01-28,271.04,Dining
CUST04356,2023-02-10,96.6,Travel
CUST04356,2025-04-02,7.01,Travel
CUST04356,2024-03-12,57.83,Electronics
CUST04356,2025-04-12,63.36,Travel
CUST04356,2024-10-26,33.51,Travel
CUST04356,2024-02-08,330.43,Grocery
CUST04356,2025-02-13,208.98,Grocery
CUST04356,2023-01-05,6.92,Grocery
CUST04356,2023-08-01,90.55,Travel
CUST04356,2025-06-28,104.25,Travel
CUST04356,2023-05-08,125.5,Travel
CUST04356,2023-02-28,28.07,Grocery
CUST04356,2023-08-15,7.49,Electronics
CUST04356,2023-10-18,123.07,Travel
CUST04356,2024-12-02,442.59,Travel
CUST04356,2023-09-20,44.69,Electronics
CUST04356,2023-07-24,88.07,Electronics
CUST04356,2024-11-21,169.3,Dining
CUST04356,2023-06-13,348.49,Travel
CUST04356,2024-03-24,72.19,Dining
CUST04356,2024-08-10,120.07,Clothing
CUST04356,2024-06-10,28.45,Travel
CUST04356,2024-02-21,19.35,Travel
CUST04356,2024-08-30,91.06,Grocery
CUST04356,2023-08-14,39.1,Dining
CUST04356,2024-01-15,28.53,Clothing
CUST04356,2023-07-09,29.15,Electronics
CUST04356,2024-06-29,449.26,Grocery
CUST04356,2023-06-22,14.62,Clothing
CUST04356,2025-07-15,39.39,Grocery
CUST04356,2023-10-04,204.4,Dining
CUST04356,2025-06-15,348.79,Travel
CUST04356,2024-09-16,21.23,Grocery
CUST04356,2024-12-05,51.37,Travel
CUST04356,2025-03-12,82.7,Grocery
CUST04356,2024-01-23,55.93,Grocery
CUST04356,2023-06-07,66.91,Electronics
CUST04356,2023-03-21,76.68,Grocery
CUST04356,2024-08-27,6.44,Grocery
CUST04356,2025-07-16,11.0,Electronics
CUST04356,2024-06-27,96.19,Clothing
CUST04356,2023-02-26,26.6,Grocery
CUST04356,2025-04-19,14.66,Electronics
CUST04356,2025-07-14,41.43,Clothing
CUST04356,2023-04-11,35.9,Travel
CUST04356,2025-07-09,23.93,Grocery
CUST04356,2023-01-17,16.32,Electronics
CUST04356,2024-09-22,110.77,Electronics
CUST04356,2023-05-28,31.42,Dining
CUST04356,2024-09-25,96.16,Dining
CUST04356,2023-04-24,37.37,Grocery
CUST04356,2023-12-18,93.66,Electronics
CUST04356,2023-07-06,49.75,Electronics
CUST04356,2025-02-10,109.19,Electronics
CUST04356,2023-10-30,23.9,Clothing
CUST04356,2024-09-15,218.15,Electronics
CUST04356,2024-07-01,20.14,Clothing
CUST04356,2024-04-29,18.47,Grocery
CUST04356,2023-11-06,194.02,Clothing
CUST04356,2024-04-08,17.34,Travel
CUST04356,2024-08-02,18.47,Clothing
CUST04356,2024-05-28,11.07,Dining
CUST04356,2024-12-27,58.1,Dining
CUST04356,2025-06-12,50.12,Clothing
CUST04356,2024-08-06,254.21,Travel
CUST04356,2022-12-25,111.05,Dining
CUST04356,2023-04-07,95.77,Clothing
CUST04356,2025-05-18,18.66,Clothing
CUST04356,2023-11-03,26.56,Electronics
CUST04356,2023-04-25,53.48,Dining
CUST04356,2024-02-12,99.46,Electronics
CUST04356,2024-05-30,72.79,Dining
CUST04356,2023-05-16,17.46,Grocery
CUST04356,2024-07-22,20.97,Dining
CUST04356,2024-07-24,82.88,Grocery
CUST04356,2023-11-25,26.8,Dining
CUST04356,2024-04-21,43.89,Clothing
CUST04356,2023-07-17,13.39,Electronics
CUST04356,2024-12-11,72.36,Travel
CUST04356,2024-05-12,53.23,Electronics
CUST04356,2023-10-27,86.67,Travel
CUST04356,2023-06-24,24.74,Clothing
CUST04356,2024-06-08,26.46,Clothing
CUST04356,2024-07-19,317.61,Travel
CUST04356,2023-03-24,19.06,Grocery
CUST04356,2025-06-28,10.46,Electronics
CUST04356,2023-03-31,82.48,Travel
CUST04356,2023-05-30,69.2,Clothing
CUST04356,2023-09-13,118.75,Dining
CUST04356,2024-05-11,31.8,Electronics
CUST04356,2025-03-17,28.95,Dining
CUST04356,2023-05-14,64.06,Dining
CUST04356,2023-05-02,167.92,Clothing
CUST04356,2023-02-24,100.52,Clothing
CUST04356,2023-01-22,45.98,Clothing
CUST04356,2023-09-02,48.01,Grocery
CUST04356,2024-01-25,33.64,Dining
CUST04356,2024-02-06,111.64,Electronics
CUST04356,2023-12-13,145.45,Electronics
CUST04357,2023-09-20,191.57,Clothing
CUST04357,2023-05-28,57.87,Grocery
CUST04357,2022-05-26,23.16,Grocery
CUST04357,2025-06-09,52.46,Grocery
CUST04357,2024-06-27,56.58,Electronics
CUST04357,2022-08-02,435.33,Travel
CUST04357,2024-02-09,62.78,Travel
CUST04357,2025-03-16,42.92,Dining
CUST04357,2023-09-22,15.98,Dining
CUST04357,2024-11-24,232.29,Travel
CUST04357,2024-10-22,168.55,Clothing
CUST04357,2024-01-03,38.66,Dining
CUST04357,2023-06-28,34.74,Travel
CUST04357,2024-09-15,127.4,Travel
CUST04357,2024-04-27,27.72,Dining
CUST04357,2023-05-16,28.07,Travel
CUST04357,2024-10-24,88.19,Clothing
CUST04357,2025-04-06,204.34,Dining
CUST04357,2024-09-13,90.08,Grocery
CUST04357,2023-01-11,26.98,Clothing
CUST04357,2024-02-02,17.33,Travel
CUST04357,2024-08-12,28.24,Dining
CUST04357,2025-02-06,22.81,Grocery
CUST04357,2024-07-02,153.28,Grocery
CUST04357,2023-01-11,147.0,Electronics
CUST04357,2023-06-14,341.73,Travel
CUST04357,2024-09-02,50.85,Dining
CUST04357,2024-09-15,14.07,Electronics
CUST04357,2023-09-24,38.03,Clothing
CUST04357,2022-10-09,44.16,Electronics
CUST04357,2022-08-05,35.92,Dining
CUST04357,2023-07-29,119.38,Grocery
CUST04357,2023-11-12,246.43,Travel
CUST04357,2024-11-24,195.43,Clothing
CUST04357,2023-05-05,206.81,Dining
CUST04357,2024-03-14,29.37,Clothing
CUST04357,2024-08-16,59.65,Electronics
CUST04357,2024-06-12,57.27,Grocery
CUST04357,2022-10-24,112.14,Grocery
CUST04357,2024-03-29,82.08,Dining
CUST04357,2022-09-20,19.8,Electronics
CUST04357,2022-05-26,22.49,Travel
CUST04357,2022-05-19,73.3,Clothing
CUST04357,2023-08-21,46.39,Travel
CUST04357,2023-01-23,101.98,Electronics
CUST04357,2023-06-26,31.68,Clothing
CUST04357,2024-11-01,47.43,Grocery
CUST04357,2022-07-09,109.99,Dining
CUST04357,2024-12-08,25.03,Grocery
CUST04357,2024-06-08,175.83,Grocery
CUST04357,2023-07-02,168.6,Clothing
CUST04357,2025-02-12,79.6,Clothing
CUST04357,2024-07-28,28.9,Travel
CUST04357,2022-05-04,8.25,Dining
CUST04357,2023-05-24,7.48,Electronics
CUST04357,2022-09-16,165.27,Electronics
CUST04357,2024-10-28,66.98,Grocery
CUST04357,2022-07-31,45.99,Clothing
CUST04357,2022-12-06,119.5,Clothing
CUST04357,2023-12-21,66.32,Clothing
CUST04357,2022-07-25,143.98,Dining
CUST04357,2025-07-29,42.57,Electronics
CUST04357,2025-06-04,87.82,Grocery
CUST04357,2023-11-11,66.99,Travel
CUST04357,2025-07-03,61.53,Clothing
CUST04357,2024-04-08,7.07,Clothing
CUST04357,2022-11-26,13.04,Grocery
CUST04357,2023-08-12,129.78,Travel
CUST04357,2022-07-10,84.47,Travel
CUST04357,2023-04-27,18.71,Clothing
CUST04357,2023-01-01,36.06,Dining
CUST04357,2022-09-21,76.51,Electronics
CUST04357,2022-09-30,207.91,Travel
CUST04357,2025-08-01,14.3,Grocery
CUST04357,2024-07-04,15.26,Dining
CUST04357,2024-03-25,161.4,Electronics
CUST04357,2023-04-01,148.25,Clothing
CUST04357,2023-07-06,27.01,Dining
CUST04357,2022-05-07,17.05,Clothing
CUST04357,2024-04-30,49.32,Grocery
CUST04357,2025-05-13,48.73,Travel
CUST04357,2024-03-07,91.81,Travel
CUST04357,2023-01-27,14.96,Grocery
CUST04357,2024-04-18,103.49,Clothing
CUST04357,2025-03-06,60.35,Clothing
CUST04357,2024-04-08,69.69,Clothing
CUST04357,2025-01-03,5.23,Dining
CUST04357,2022-08-29,27.28,Grocery
CUST04357,2023-01-11,5.53,Travel
CUST04357,2024-11-15,11.77,Electronics
CUST04357,2023-07-01,92.66,Clothing
CUST04357,2024-03-17,138.36,Electronics
CUST04357,2024-01-22,16.65,Electronics
CUST04357,2024-10-03,105.65,Travel
CUST04357,2023-06-20,45.07,Electronics
CUST04357,2023-01-03,262.86,Grocery
CUST04357,2023-10-01,116.3,Clothing
CUST04357,2023-03-27,8.06,Dining
CUST04357,2022-06-16,91.13,Clothing
CUST04357,2023-07-23,163.64,Grocery
CUST04357,2025-06-22,96.11,Dining
CUST04357,2024-09-28,6.56,Travel
CUST04357,2024-09-28,28.41,Electronics
CUST04357,2024-07-17,292.43,Dining
CUST04357,2024-09-08,196.53,Grocery
CUST04357,2023-10-13,118.64,Travel
CUST04357,2023-07-05,104.5,Dining
CUST04358,2023-12-16,140.52,Dining
CUST04358,2022-12-24,84.56,Grocery
CUST04358,2024-11-04,91.53,Grocery
CUST04358,2024-01-18,24.01,Dining
CUST04358,2023-09-27,106.17,Electronics
CUST04358,2024-08-17,121.21,Travel
CUST04358,2023-10-28,11.84,Dining
CUST04358,2024-06-07,24.56,Travel
CUST04358,2022-10-25,30.45,Travel
CUST04358,2025-06-13,193.33,Dining
CUST04358,2023-05-22,154.04,Clothing
CUST04358,2024-02-02,17.63,Travel
CUST04358,2024-08-28,46.73,Clothing
CUST04358,2022-08-24,31.29,Grocery
CUST04358,2024-03-28,9.68,Electronics
CUST04358,2025-06-04,43.3,Clothing
CUST04358,2024-08-21,159.36,Clothing
CUST04358,2022-04-06,16.35,Travel
CUST04358,2022-12-28,8.95,Travel
CUST04358,2022-10-04,32.14,Dining
CUST04358,2023-03-13,43.16,Dining
CUST04358,2023-06-27,103.89,Clothing
CUST04358,2023-10-31,82.66,Clothing
CUST04358,2025-06-16,5.58,Electronics
CUST04358,2024-10-02,35.5,Clothing
CUST04358,2023-12-03,9.36,Dining
CUST04358,2022-07-05,27.62,Grocery
CUST04358,2025-02-19,98.98,Travel
CUST04358,2022-09-27,153.51,Grocery
CUST04358,2022-02-26,15.97,Electronics
CUST04358,2022-12-13,16.35,Electronics
CUST04358,2025-05-19,73.31,Dining
CUST04358,2024-08-20,8.3,Travel
CUST04358,2024-05-03,16.7,Dining
CUST04358,2022-05-28,107.95,Electronics
CUST04358,2024-05-23,44.05,Clothing
CUST04358,2024-11-26,368.38,Travel
CUST04358,2023-01-10,10.61,Clothing
CUST04358,2024-03-25,100.27,Electronics
CUST04358,2022-03-04,145.34,Grocery
CUST04358,2024-03-24,63.26,Dining
CUST04358,2024-01-17,148.9,Grocery
CUST04358,2023-09-02,64.74,Clothing
CUST04358,2024-06-09,30.17,Travel
CUST04358,2022-03-03,59.12,Travel
CUST04358,2023-12-08,10.17,Grocery
CUST04358,2022-09-16,95.71,Travel
CUST04358,2025-02-26,76.9,Travel
CUST04358,2025-04-25,34.88,Travel
CUST04358,2022-06-02,148.77,Electronics
CUST04358,2023-09-04,56.31,Dining
CUST04358,2025-04-15,132.21,Dining
CUST04358,2023-12-25,17.23,Travel
CUST04358,2025-01-23,24.74,Clothing
CUST04358,2022-11-01,31.15,Dining
CUST04358,2024-08-28,49.41,Electronics
CUST04358,2023-01-12,272.24,Dining
CUST04358,2023-09-28,51.25,Dining
CUST04358,2023-04-14,88.42,Electronics
CUST04358,2023-09-04,12.66,Clothing
CUST04358,2025-02-08,46.63,Grocery
CUST04358,2023-07-06,22.65,Grocery
CUST04358,2023-08-14,11.8,Dining
CUST04358,2025-04-25,24.24,Dining
CUST04358,2022-10-03,21.06,Grocery
CUST04358,2023-04-24,14.17,Dining
CUST04358,2022-10-24,12.17,Electronics
CUST04358,2023-05-22,128.77,Clothing
CUST04358,2022-02-16,102.11,Travel
CUST04358,2024-02-17,165.41,Clothing
CUST04358,2023-05-19,71.37,Dining
CUST04358,2023-01-19,33.13,Travel
CUST04358,2023-07-17,19.73,Travel
CUST04358,2024-02-17,34.5,Electronics
CUST04358,2024-02-05,128.8,Dining
CUST04358,2025-06-01,22.94,Travel
CUST04358,2023-02-04,46.5,Electronics
CUST04358,2024-04-23,52.92,Travel
CUST04358,2022-07-26,82.08,Dining
CUST04358,2023-06-01,193.07,Electronics
CUST04358,2022-06-20,23.43,Grocery
CUST04358,2024-12-22,12.67,Clothing
CUST04358,2025-05-26,138.75,Grocery
CUST04358,2023-09-13,160.85,Travel
CUST04358,2024-10-25,57.51,Dining
CUST04358,2022-05-07,87.3,Dining
CUST04358,2023-02-06,27.5,Dining
CUST04358,2022-12-03,25.24,Grocery
CUST04358,2023-08-13,89.74,Electronics
CUST04358,2024-11-11,24.84,Electronics
CUST04358,2024-12-23,68.47,Travel
CUST04358,2022-04-01,23.59,Dining
CUST04358,2022-04-20,46.27,Dining
CUST04358,2023-10-28,6.65,Grocery
CUST04358,2024-02-26,46.14,Dining
CUST04358,2022-02-27,107.96,Dining
CUST04358,2022-10-26,15.84,Electronics
CUST04358,2024-07-08,110.64,Electronics
CUST04358,2024-02-19,17.34,Clothing
CUST04358,2025-07-07,122.5,Electronics
CUST04358,2023-05-26,130.92,Grocery
CUST04358,2022-07-25,17.36,Dining
CUST04358,2023-01-06,53.71,Clothing
CUST04358,2023-12-29,24.33,Grocery
CUST04358,2022-12-15,82.5,Travel
CUST04358,2022-07-06,82.29,Clothing
CUST04358,2024-04-19,10.31,Travel
CUST04358,2022-04-06,78.33,Dining
CUST04359,2024-11-11,246.39,Grocery
CUST04359,2024-12-21,91.73,Grocery
CUST04359,2024-08-25,15.69,Travel
CUST04359,2024-04-10,30.8,Electronics
CUST04359,2024-06-23,9.87,Dining
CUST04359,2024-04-03,248.01,Electronics
CUST04359,2024-02-20,144.0,Grocery
CUST04359,2023-06-28,112.35,Travel
CUST04359,2023-06-14,21.98,Electronics
CUST04359,2024-02-27,61.24,Clothing
CUST04359,2023-10-29,19.99,Clothing
CUST04359,2024-03-22,74.99,Dining
CUST04359,2025-05-06,16.78,Travel
CUST04359,2024-07-02,122.71,Dining
CUST04359,2025-05-01,13.22,Travel
CUST04359,2025-01-13,26.54,Clothing
CUST04359,2025-06-08,15.75,Clothing
CUST04359,2024-05-04,128.09,Travel
CUST04359,2025-06-18,58.14,Travel
CUST04359,2024-11-14,38.22,Clothing
CUST04359,2023-11-09,255.94,Grocery
CUST04359,2025-01-15,24.8,Dining
CUST04359,2024-08-11,74.83,Clothing
CUST04359,2023-07-29,200.98,Clothing
CUST04359,2023-12-21,38.75,Travel
CUST04359,2024-09-28,381.6,Clothing
CUST04359,2023-05-08,157.7,Dining
CUST04359,2023-10-07,216.7,Grocery
CUST04359,2023-05-30,154.54,Dining
CUST04359,2025-04-24,70.11,Dining
CUST04359,2023-09-20,41.24,Travel
CUST04359,2024-06-24,128.39,Dining
CUST04359,2025-04-04,9.4,Travel
CUST04359,2023-08-14,13.06,Grocery
CUST04359,2025-04-21,6.01,Electronics
CUST04359,2025-03-30,19.94,Travel
CUST04359,2024-02-10,41.58,Clothing
CUST04359,2023-09-12,67.7,Grocery
CUST04359,2024-08-15,71.51,Travel
CUST04359,2025-05-28,193.66,Clothing
CUST04359,2024-05-23,183.41,Grocery
CUST04359,2023-12-23,119.19,Clothing
CUST04359,2024-11-20,83.42,Travel
CUST04359,2024-06-27,61.1,Grocery
CUST04359,2024-10-02,325.63,Travel
CUST04359,2025-06-25,73.03,Travel
CUST04359,2024-01-27,129.68,Electronics
CUST04359,2024-09-14,26.31,Electronics
CUST04359,2024-02-03,29.64,Electronics
CUST04359,2025-03-29,33.28,Dining
CUST04359,2024-05-06,88.68,Travel
CUST04359,2024-06-08,177.48,Clothing
CUST04359,2025-05-05,68.49,Grocery
CUST04359,2024-03-17,11.25,Clothing
CUST04359,2024-06-08,80.75,Travel
CUST04359,2023-10-11,103.3,Dining
CUST04359,2023-12-15,67.81,Clothing
CUST04359,2024-09-20,149.3,Clothing
CUST04359,2025-07-17,151.22,Grocery
CUST04359,2025-01-26,56.98,Grocery
CUST04359,2024-03-21,37.9,Dining
CUST04359,2024-01-17,36.84,Clothing
CUST04359,2025-01-09,6.54,Clothing
CUST04359,2023-07-03,302.42,Grocery
CUST04359,2025-03-20,96.76,Grocery
CUST04359,2023-05-03,288.45,Travel
CUST04359,2023-02-28,284.06,Travel
CUST04359,2024-08-27,55.56,Clothing
CUST04359,2023-08-26,45.87,Dining
CUST04359,2025-05-20,106.84,Travel
CUST04359,2025-01-29,62.77,Grocery
CUST04359,2023-08-07,17.4,Electronics
CUST04359,2025-03-19,46.12,Clothing
CUST04359,2023-12-11,20.66,Clothing
CUST04359,2023-10-20,256.61,Grocery
CUST04359,2024-11-11,103.51,Travel
CUST04359,2025-04-27,57.1,Dining
CUST04359,2025-03-26,60.02,Dining
CUST04359,2025-04-10,341.13,Travel
CUST04359,2023-03-11,13.29,Travel
CUST04359,2023-03-15,132.26,Grocery
CUST04359,2024-12-09,7.66,Dining
CUST04359,2024-04-16,67.54,Clothing
CUST04359,2024-11-30,107.78,Clothing
CUST04359,2024-05-08,5.74,Dining
CUST04359,2024-06-04,31.09,Electronics
CUST04359,2024-12-18,67.17,Travel
CUST04359,2023-07-23,46.93,Travel
CUST04359,2024-09-23,24.96,Grocery
CUST04359,2024-04-21,5.02,Dining
CUST04359,2024-02-25,154.59,Electronics
CUST04359,2024-02-24,12.16,Clothing
CUST04359,2025-07-28,65.9,Clothing
CUST04359,2023-09-30,191.47,Clothing
CUST04359,2024-02-05,14.72,Dining
CUST04359,2024-07-22,6.94,Grocery
CUST04359,2024-04-16,126.75,Dining
CUST04359,2025-05-15,109.73,Electronics
CUST04359,2023-08-14,64.77,Travel
CUST04359,2024-09-13,150.1,Grocery
CUST04359,2023-06-02,240.06,Grocery
CUST04359,2023-05-03,229.83,Grocery
CUST04359,2023-08-10,13.92,Travel
CUST04359,2023-06-15,71.38,Travel
CUST04359,2023-08-07,27.97,Electronics
CUST04359,2023-07-31,47.78,Electronics
CUST04359,2024-10-02,28.39,Dining
CUST04360,2025-05-20,56.66,Grocery
CUST04360,2024-03-28,153.99,Grocery
CUST04360,2023-11-23,40.35,Travel
CUST04360,2023-10-25,21.52,Dining
CUST04360,2023-11-18,48.1,Dining
CUST04360,2025-02-21,48.66,Travel
CUST04360,2022-11-16,106.31,Dining
CUST04360,2025-03-19,54.33,Dining
CUST04360,2025-03-25,23.7,Travel
CUST04360,2024-12-09,31.64,Dining
CUST04360,2023-09-15,113.77,Grocery
CUST04360,2024-03-24,42.36,Clothing
CUST04360,2024-04-01,26.69,Dining
CUST04360,2023-05-14,159.51,Grocery
CUST04360,2023-05-24,43.02,Travel
CUST04360,2023-06-15,67.77,Grocery
CUST04360,2024-09-03,48.84,Clothing
CUST04360,2024-11-10,14.6,Travel
CUST04360,2025-06-16,5.28,Grocery
CUST04360,2025-06-05,163.87,Grocery
CUST04360,2022-12-21,205.23,Grocery
CUST04360,2024-01-20,83.91,Grocery
CUST04360,2024-08-28,231.74,Electronics
CUST04360,2023-11-20,108.17,Dining
CUST04360,2022-10-05,91.55,Travel
CUST04360,2024-04-03,164.72,Grocery
CUST04360,2022-09-07,44.12,Grocery
CUST04360,2022-12-14,15.08,Travel
CUST04360,2024-03-28,33.27,Electronics
CUST04360,2023-08-14,107.35,Travel
CUST04360,2024-06-21,57.86,Electronics
CUST04360,2022-08-12,263.19,Clothing
CUST04360,2024-12-15,101.79,Dining
CUST04360,2022-12-14,5.99,Grocery
CUST04360,2024-07-26,264.63,Dining
CUST04360,2023-04-08,16.2,Dining
CUST04360,2023-04-02,30.99,Travel
CUST04360,2023-06-20,72.85,Grocery
CUST04360,2024-11-16,48.14,Clothing
CUST04360,2022-11-03,75.41,Dining
CUST04360,2024-01-13,49.1,Grocery
CUST04360,2022-08-21,111.61,Grocery
CUST04360,2023-08-19,60.75,Clothing
CUST04360,2022-10-24,118.77,Dining
CUST04360,2024-07-15,126.6,Grocery
CUST04360,2024-12-31,64.1,Clothing
CUST04360,2025-02-05,86.7,Dining
CUST04360,2025-07-04,145.58,Travel
CUST04360,2024-09-25,65.78,Grocery
CUST04360,2023-01-04,222.25,Electronics
CUST04360,2023-05-12,54.21,Clothing
CUST04360,2023-04-20,62.25,Electronics
CUST04360,2025-03-31,15.23,Electronics
CUST04360,2023-06-24,20.87,Electronics
CUST04360,2024-05-19,220.37,Clothing
CUST04360,2024-02-11,68.91,Dining
CUST04360,2024-10-21,157.51,Dining
CUST04360,2025-02-03,5.97,Clothing
CUST04360,2023-05-12,20.92,Travel
CUST04360,2024-02-12,88.9,Dining
CUST04360,2025-06-05,91.1,Clothing
CUST04360,2024-08-14,70.52,Clothing
CUST04360,2023-12-25,84.14,Travel
CUST04360,2025-05-07,114.13,Grocery
CUST04360,2023-08-03,24.75,Electronics
CUST04360,2023-12-06,57.43,Grocery
CUST04360,2025-06-07,420.46,Clothing
CUST04360,2024-04-26,65.04,Clothing
CUST04360,2023-06-01,27.09,Travel
CUST04360,2025-07-09,8.16,Travel
CUST04360,2024-02-19,6.19,Electronics
CUST04360,2025-05-05,9.7,Travel
CUST04360,2024-09-14,71.96,Grocery
CUST04360,2025-04-07,91.46,Dining
CUST04360,2023-05-22,106.5,Clothing
CUST04360,2023-12-18,47.38,Dining
CUST04360,2022-12-04,150.33,Clothing
CUST04360,2022-09-15,22.02,Electronics
CUST04360,2025-01-09,18.56,Grocery
CUST04360,2023-03-06,41.74,Travel
CUST04360,2025-07-22,58.67,Clothing
CUST04360,2022-08-20,102.46,Travel
CUST04360,2025-07-23,24.88,Dining
CUST04360,2024-04-30,47.35,Electronics
CUST04360,2024-07-13,29.95,Travel
CUST04360,2022-12-15,81.81,Electronics
CUST04360,2025-02-27,253.39,Grocery
CUST04360,2023-10-24,177.67,Clothing
CUST04360,2023-03-28,48.01,Clothing
CUST04360,2025-06-22,116.63,Clothing
CUST04360,2023-11-25,104.88,Travel
CUST04360,2024-03-20,87.97,Grocery
CUST04360,2024-06-02,192.59,Travel
CUST04360,2023-08-03,90.22,Clothing
CUST04360,2024-07-14,57.07,Grocery
CUST04360,2023-08-21,156.15,Dining
CUST04360,2024-10-18,26.2,Travel
CUST04360,2022-10-21,180.25,Clothing
CUST04361,2022-10-11,133.6,Electronics
CUST04361,2023-11-26,307.59,Grocery
CUST04361,2022-08-24,57.32,Travel
CUST04361,2023-01-25,413.61,Electronics
CUST04361,2023-03-20,6.93,Travel
CUST04361,2024-04-15,18.53,Travel
CUST04361,2025-02-13,5.18,Travel
CUST04361,2023-04-24,122.42,Travel
CUST04361,2025-06-07,169.19,Electronics
CUST04361,2024-12-15,65.17,Grocery
CUST04361,2022-06-10,59.93,Travel
CUST04361,2023-08-18,168.48,Travel
CUST04361,2022-02-04,202.64,Clothing
CUST04361,2022-06-17,208.07,Electronics
CUST04361,2022-06-27,34.62,Travel
CUST04361,2024-11-07,65.78,Travel
CUST04361,2022-08-14,15.84,Dining
CUST04361,2023-05-13,51.9,Grocery
CUST04361,2022-04-24,127.19,Electronics
CUST04361,2024-09-02,80.61,Travel
CUST04361,2025-03-04,97.04,Grocery
CUST04361,2025-05-16,123.87,Dining
CUST04361,2022-01-21,25.09,Dining
CUST04361,2023-01-12,65.93,Dining
CUST04361,2023-01-31,90.23,Dining
CUST04361,2024-03-27,209.57,Grocery
CUST04361,2024-08-29,114.01,Dining
CUST04361,2022-04-11,58.5,Clothing
CUST04361,2024-02-05,40.28,Dining
CUST04361,2024-01-23,47.79,Travel
CUST04361,2022-07-25,111.32,Grocery
CUST04361,2023-03-07,110.27,Grocery
CUST04361,2024-02-12,16.31,Grocery
CUST04361,2024-06-25,55.66,Grocery
CUST04361,2022-09-26,198.71,Electronics
CUST04361,2024-04-26,166.24,Clothing
CUST04361,2023-10-26,50.54,Travel
CUST04361,2024-01-07,249.74,Dining
CUST04361,2022-09-23,20.25,Clothing
CUST04361,2025-01-14,76.76,Electronics
CUST04361,2022-11-13,56.77,Electronics
CUST04361,2022-02-19,175.74,Travel
CUST04361,2021-12-26,8.76,Clothing
CUST04361,2025-03-12,125.31,Electronics
CUST04361,2025-03-17,82.48,Grocery
CUST04361,2022-09-30,99.34,Electronics
CUST04361,2025-01-01,27.63,Electronics
CUST04361,2024-12-15,202.52,Dining
CUST04361,2022-12-16,159.25,Grocery
CUST04361,2023-12-14,181.23,Grocery
CUST04361,2023-05-17,51.66,Travel
CUST04361,2022-07-14,20.23,Grocery
CUST04361,2022-04-11,71.49,Clothing
CUST04361,2025-05-09,39.89,Travel
CUST04361,2024-07-16,57.74,Travel
CUST04361,2024-12-16,68.25,Dining
CUST04361,2025-01-10,85.06,Electronics
CUST04361,2023-06-29,35.91,Electronics
CUST04361,2024-09-10,5.85,Electronics
CUST04361,2025-05-06,40.6,Clothing
CUST04361,2025-07-21,76.92,Electronics
CUST04361,2022-11-24,191.36,Electronics
CUST04361,2023-06-28,32.86,Clothing
CUST04361,2022-02-09,117.94,Travel
CUST04361,2022-02-27,18.94,Clothing
CUST04361,2022-07-20,35.34,Grocery
CUST04361,2021-12-31,81.44,Grocery
CUST04361,2023-05-01,79.71,Electronics
CUST04361,2024-11-19,191.64,Grocery
CUST04361,2022-12-30,104.61,Travel
CUST04361,2024-12-31,50.2,Clothing
CUST04361,2022-09-10,89.05,Grocery
CUST04361,2022-03-10,44.16,Grocery
CUST04361,2022-04-14,110.68,Electronics
CUST04361,2022-06-06,37.09,Grocery
CUST04361,2022-10-27,19.84,Grocery
CUST04361,2025-05-26,138.2,Travel
CUST04361,2025-06-23,85.31,Travel
CUST04361,2023-07-24,79.3,Electronics
CUST04361,2025-02-18,48.51,Clothing
CUST04361,2024-06-26,40.44,Grocery
CUST04361,2022-03-07,15.24,Travel
CUST04361,2022-03-05,8.24,Electronics
CUST04361,2022-07-20,13.37,Travel
CUST04361,2024-11-21,95.29,Clothing
CUST04361,2025-01-02,29.53,Grocery
CUST04361,2023-09-16,62.17,Grocery
CUST04361,2025-07-20,399.67,Grocery
CUST04361,2024-04-23,112.89,Travel
CUST04361,2025-04-15,99.08,Electronics
CUST04361,2024-08-08,7.08,Travel
CUST04361,2025-02-03,354.8,Dining
CUST04361,2024-04-28,40.16,Dining
CUST04361,2022-05-10,112.79,Grocery
CUST04361,2024-06-21,104.44,Dining
CUST04361,2024-05-27,129.86,Electronics
CUST04361,2022-11-17,34.81,Clothing
CUST04361,2024-08-11,71.71,Dining
CUST04361,2025-02-12,10.6,Grocery
CUST04361,2022-08-06,172.44,Dining
CUST04361,2024-06-09,11.44,Clothing
CUST04362,2023-05-02,122.13,Travel
CUST04362,2022-11-02,28.02,Travel
CUST04362,2022-11-23,10.3,Electronics
CUST04362,2022-03-08,146.36,Clothing
CUST04362,2024-06-30,54.56,Travel
CUST04362,2023-01-26,50.39,Grocery
CUST04362,2024-04-14,12.23,Clothing
CUST04362,2022-12-26,10.05,Travel
CUST04362,2024-10-24,21.06,Grocery
CUST04362,2021-10-29,12.91,Travel
CUST04362,2024-01-29,37.08,Clothing
CUST04362,2023-12-03,19.19,Travel
CUST04362,2022-11-03,305.94,Electronics
CUST04362,2025-04-09,37.59,Grocery
CUST04362,2022-07-26,264.38,Clothing
CUST04362,2024-05-07,39.47,Electronics
CUST04362,2022-12-23,65.25,Clothing
CUST04362,2022-06-16,201.23,Clothing
CUST04362,2022-10-17,136.49,Electronics
CUST04362,2022-01-06,82.85,Travel
CUST04362,2023-09-25,154.56,Grocery
CUST04362,2023-07-24,128.92,Electronics
CUST04362,2022-12-12,53.06,Grocery
CUST04362,2024-02-08,5.53,Travel
CUST04362,2025-04-15,45.38,Clothing
CUST04362,2025-03-28,29.91,Electronics
CUST04362,2024-02-11,33.94,Clothing
CUST04362,2024-06-13,60.22,Dining
CUST04362,2024-11-24,57.72,Electronics
CUST04362,2022-06-21,27.91,Dining
CUST04362,2021-10-25,61.93,Electronics
CUST04362,2025-03-09,10.65,Travel
CUST04362,2025-06-11,157.16,Dining
CUST04362,2022-05-15,64.37,Dining
CUST04362,2025-05-29,7.84,Electronics
CUST04362,2024-08-12,138.92,Clothing
CUST04362,2024-08-08,45.86,Dining
CUST04362,2023-05-15,33.91,Dining
CUST04362,2021-12-24,11.97,Grocery
CUST04362,2024-04-05,13.12,Electronics
CUST04362,2023-07-27,38.29,Clothing
CUST04362,2022-04-29,6.8,Travel
CUST04362,2023-07-17,58.78,Electronics
CUST04362,2025-05-30,126.02,Travel
CUST04362,2024-04-07,75.74,Clothing
CUST04362,2023-08-16,13.29,Travel
CUST04362,2023-06-13,73.07,Dining
CUST04362,2023-03-17,43.8,Dining
CUST04362,2023-06-01,111.73,Dining
CUST04362,2024-12-01,12.22,Electronics
CUST04362,2022-12-15,107.33,Travel
CUST04362,2024-08-17,80.13,Dining
CUST04362,2024-09-27,35.74,Clothing
CUST04362,2022-06-20,133.04,Grocery
CUST04362,2025-06-19,222.11,Grocery
CUST04362,2025-03-10,84.61,Grocery
CUST04362,2024-11-10,32.46,Dining
CUST04362,2022-05-19,47.41,Dining
CUST04362,2023-06-19,77.91,Clothing
CUST04362,2023-07-22,25.47,Electronics
CUST04362,2025-02-19,112.89,Grocery
CUST04362,2024-10-23,240.52,Electronics
CUST04362,2024-03-24,147.08,Clothing
CUST04362,2025-02-05,22.85,Grocery
CUST04362,2025-01-28,17.4,Grocery
CUST04362,2023-09-12,9.97,Clothing
CUST04362,2022-12-22,56.0,Electronics
CUST04362,2022-05-30,92.37,Clothing
CUST04362,2021-11-02,17.8,Clothing
CUST04362,2025-05-27,40.02,Clothing
CUST04362,2022-10-02,45.0,Clothing
CUST04362,2025-01-18,190.79,Electronics
CUST04362,2024-03-02,74.82,Electronics
CUST04362,2024-09-11,18.75,Dining
CUST04363,2023-03-15,107.41,Travel
CUST04363,2025-05-29,36.23,Electronics
CUST04363,2023-01-30,123.77,Clothing
CUST04363,2023-11-20,11.94,Electronics
CUST04363,2024-11-28,77.86,Grocery
CUST04363,2023-11-08,52.47,Grocery
CUST04363,2023-03-01,94.72,Dining
CUST04363,2023-12-29,136.4,Dining
CUST04363,2023-01-08,13.79,Travel
CUST04363,2025-05-19,30.85,Electronics
CUST04363,2024-04-11,244.52,Travel
CUST04363,2023-10-12,150.28,Dining
CUST04363,2025-03-28,58.62,Travel
CUST04363,2024-12-22,59.11,Clothing
CUST04363,2024-05-21,79.32,Clothing
CUST04363,2024-03-06,48.0,Grocery
CUST04363,2025-07-30,264.62,Dining
CUST04363,2024-11-21,98.31,Grocery
CUST04363,2023-07-19,19.21,Clothing
CUST04363,2023-06-19,66.39,Travel
CUST04363,2025-04-15,40.66,Travel
CUST04363,2024-12-29,233.39,Travel
CUST04363,2024-01-27,7.39,Grocery
CUST04363,2023-06-23,170.86,Electronics
CUST04363,2025-05-22,353.27,Dining
CUST04363,2023-11-13,72.5,Dining
CUST04363,2023-12-30,25.32,Grocery
CUST04363,2022-12-12,41.07,Clothing
CUST04363,2024-05-16,69.84,Electronics
CUST04363,2024-02-17,67.33,Grocery
CUST04363,2023-04-02,17.32,Electronics
CUST04363,2024-10-25,10.08,Electronics
CUST04363,2023-06-10,59.5,Travel
CUST04363,2023-03-30,5.09,Dining
CUST04363,2023-10-26,79.57,Grocery
CUST04363,2025-03-18,10.41,Grocery
CUST04363,2024-09-30,121.41,Travel
CUST04363,2023-11-14,22.96,Grocery
CUST04363,2025-02-16,29.73,Dining
CUST04363,2023-12-25,369.11,Clothing
CUST04363,2025-03-03,46.55,Electronics
CUST04363,2023-11-02,140.54,Electronics
CUST04363,2024-06-24,9.43,Electronics
CUST04363,2023-03-09,5.87,Clothing
CUST04363,2024-01-03,9.1,Clothing
CUST04363,2022-11-29,6.69,Electronics
CUST04363,2023-04-14,40.79,Grocery
CUST04363,2025-04-11,37.18,Electronics
CUST04363,2024-10-18,27.47,Dining
CUST04363,2025-01-13,53.45,Clothing
CUST04363,2024-09-17,58.25,Dining
CUST04363,2023-08-10,75.91,Travel
CUST04363,2023-12-18,175.81,Dining
CUST04363,2024-05-02,41.3,Dining
CUST04363,2024-05-01,36.35,Dining
CUST04363,2025-06-09,39.17,Grocery
CUST04363,2024-11-26,8.97,Electronics
CUST04363,2022-11-27,9.74,Travel
CUST04363,2025-03-20,17.19,Dining
CUST04363,2024-12-15,101.31,Travel
CUST04363,2025-01-05,7.99,Travel
CUST04363,2025-01-07,39.38,Grocery
CUST04363,2024-01-17,64.64,Travel
CUST04363,2024-12-07,145.39,Grocery
CUST04363,2025-04-17,94.09,Grocery
CUST04363,2024-05-26,20.76,Travel
CUST04363,2023-11-25,69.19,Travel
CUST04363,2023-11-17,39.65,Dining
CUST04363,2023-07-11,43.92,Dining
CUST04363,2024-07-16,23.17,Travel
CUST04363,2025-06-04,23.62,Grocery
CUST04363,2023-01-31,51.62,Clothing
CUST04363,2024-12-09,13.37,Dining
CUST04363,2023-09-23,96.61,Electronics
CUST04363,2023-02-27,104.04,Dining
CUST04363,2025-03-20,199.24,Electronics
CUST04363,2024-07-02,298.95,Travel
CUST04363,2024-09-01,157.27,Electronics
CUST04363,2023-10-05,63.27,Dining
CUST04363,2023-01-30,111.29,Electronics
CUST04363,2023-06-12,136.62,Travel
CUST04363,2025-01-12,75.27,Grocery
CUST04363,2024-09-26,24.84,Electronics
CUST04363,2023-03-28,193.26,Dining
CUST04363,2024-04-01,7.76,Dining
CUST04363,2023-06-21,66.92,Electronics
CUST04363,2024-06-28,107.9,Dining
CUST04363,2023-12-02,131.45,Travel
CUST04363,2025-07-15,14.13,Electronics
CUST04363,2025-01-23,192.93,Travel
CUST04363,2023-03-31,19.14,Electronics
CUST04363,2024-09-27,10.2,Clothing
CUST04363,2023-06-08,6.44,Dining
CUST04363,2023-01-30,51.02,Grocery
CUST04363,2022-12-01,73.62,Electronics
CUST04363,2023-08-11,221.37,Dining
CUST04363,2022-12-11,73.81,Travel
CUST04363,2025-04-01,29.7,Dining
CUST04364,2025-04-01,260.6,Electronics
CUST04364,2023-09-20,137.34,Clothing
CUST04364,2023-12-27,56.53,Electronics
CUST04364,2023-07-04,96.04,Electronics
CUST04364,2024-11-19,116.14,Electronics
CUST04364,2024-12-14,6.55,Electronics
CUST04364,2023-10-02,129.37,Travel
CUST04364,2023-01-23,16.05,Dining
CUST04364,2024-12-18,17.65,Dining
CUST04364,2024-06-17,14.73,Travel
CUST04364,2024-12-26,84.11,Grocery
CUST04364,2024-06-19,29.22,Electronics
CUST04364,2023-05-08,42.4,Clothing
CUST04364,2025-01-03,109.07,Travel
CUST04364,2025-01-01,18.84,Clothing
CUST04364,2024-12-04,121.87,Grocery
CUST04364,2025-05-18,57.68,Clothing
CUST04364,2023-11-10,46.07,Grocery
CUST04364,2023-09-22,67.39,Clothing
CUST04364,2024-05-26,108.61,Dining
CUST04364,2024-12-08,35.68,Clothing
CUST04364,2024-01-02,46.61,Dining
CUST04364,2023-03-27,23.0,Travel
CUST04364,2023-04-14,75.15,Clothing
CUST04364,2023-03-15,175.52,Grocery
CUST04364,2023-12-27,21.95,Travel
CUST04364,2023-03-06,110.81,Dining
CUST04364,2025-03-24,29.26,Travel
CUST04364,2023-06-30,9.06,Electronics
CUST04364,2025-03-28,28.33,Clothing
CUST04364,2023-07-01,5.53,Travel
CUST04364,2024-10-05,32.49,Electronics
CUST04364,2023-11-12,57.15,Clothing
CUST04364,2024-08-20,67.94,Clothing
CUST04364,2023-10-26,115.56,Grocery
CUST04364,2023-12-18,37.08,Electronics
CUST04364,2024-02-22,30.31,Electronics
CUST04364,2023-02-04,42.28,Electronics
CUST04364,2023-07-04,259.39,Dining
CUST04364,2024-02-05,97.17,Grocery
CUST04364,2024-11-09,7.53,Travel
CUST04364,2022-12-16,58.7,Dining
CUST04364,2023-12-07,55.58,Dining
CUST04364,2023-11-08,21.95,Dining
CUST04364,2023-07-09,72.61,Dining
CUST04364,2025-07-18,137.39,Clothing
CUST04364,2024-05-07,36.63,Dining
CUST04364,2025-04-22,114.32,Grocery
CUST04364,2025-01-12,17.1,Dining
CUST04364,2023-10-29,217.35,Travel
CUST04364,2025-06-18,70.2,Grocery
CUST04364,2023-07-17,34.98,Grocery
CUST04364,2024-06-12,10.08,Dining
CUST04364,2024-01-02,110.4,Travel
CUST04364,2024-06-18,55.96,Travel
CUST04364,2024-02-28,104.84,Dining
CUST04364,2022-12-24,47.07,Dining
CUST04364,2024-07-04,58.4,Clothing
CUST04364,2024-11-10,23.42,Electronics
CUST04364,2023-06-05,114.07,Electronics
CUST04364,2023-11-11,120.85,Grocery
CUST04364,2024-05-01,28.2,Travel
CUST04364,2023-07-28,55.75,Electronics
CUST04364,2023-05-19,135.75,Travel
CUST04364,2025-07-22,101.47,Grocery
CUST04364,2022-12-14,39.71,Travel
CUST04364,2023-01-12,9.79,Clothing
CUST04364,2025-07-14,100.92,Travel
CUST04364,2023-05-23,15.21,Travel
CUST04364,2025-07-13,21.48,Dining
CUST04364,2024-06-10,171.79,Clothing
CUST04364,2023-07-27,315.87,Electronics
CUST04364,2023-07-19,104.15,Travel
CUST04364,2024-06-21,145.13,Travel
CUST04364,2025-05-19,85.59,Electronics
CUST04364,2023-05-30,32.62,Electronics
CUST04364,2024-03-04,25.07,Grocery
CUST04364,2023-07-23,141.44,Clothing
CUST04364,2025-07-29,48.07,Travel
CUST04364,2025-07-16,16.09,Dining
CUST04364,2024-11-25,62.53,Travel
CUST04364,2023-04-10,77.67,Clothing
CUST04364,2023-07-23,46.37,Dining
CUST04364,2023-05-05,29.49,Travel
CUST04364,2023-11-28,103.81,Dining
CUST04364,2023-06-13,261.71,Dining
CUST04364,2025-03-22,262.41,Clothing
CUST04365,2025-07-08,90.36,Electronics
CUST04365,2025-04-14,118.18,Grocery
CUST04365,2025-07-03,170.61,Grocery
CUST04365,2025-05-19,228.2,Electronics
CUST04365,2025-04-02,107.11,Clothing
CUST04365,2025-06-12,11.48,Dining
CUST04365,2025-07-06,51.8,Clothing
CUST04365,2025-07-03,88.75,Travel
CUST04365,2025-06-15,138.04,Grocery
CUST04365,2025-05-05,132.34,Electronics
CUST04365,2025-05-26,11.51,Electronics
CUST04365,2025-06-29,84.33,Electronics
CUST04365,2025-07-14,9.93,Travel
CUST04365,2025-05-02,62.7,Travel
CUST04365,2025-06-20,160.21,Clothing
CUST04365,2025-06-26,129.27,Electronics
CUST04365,2025-04-19,40.38,Dining
CUST04365,2025-05-10,14.06,Grocery
CUST04365,2025-04-14,48.31,Electronics
CUST04365,2025-07-30,46.11,Travel
CUST04365,2025-06-18,20.16,Electronics
CUST04365,2025-04-23,37.26,Grocery
CUST04365,2025-07-18,37.23,Dining
CUST04365,2025-07-06,202.49,Electronics
CUST04365,2025-07-08,26.59,Clothing
CUST04365,2025-06-09,46.79,Grocery
CUST04365,2025-06-29,35.7,Clothing
CUST04365,2025-07-17,500.57,Dining
CUST04365,2025-07-28,73.05,Electronics
CUST04365,2025-07-27,25.59,Grocery
CUST04365,2025-07-15,31.99,Grocery
CUST04365,2025-05-24,325.74,Grocery
CUST04365,2025-05-31,24.42,Grocery
CUST04365,2025-06-27,34.91,Travel
CUST04365,2025-06-27,177.36,Clothing
CUST04365,2025-05-04,72.7,Clothing
CUST04365,2025-05-29,372.21,Dining
CUST04365,2025-07-25,46.21,Travel
CUST04365,2025-07-16,54.77,Clothing
CUST04365,2025-06-14,197.04,Grocery
CUST04365,2025-07-12,90.49,Grocery
CUST04365,2025-05-14,157.61,Grocery
CUST04365,2025-05-16,46.93,Electronics
CUST04365,2025-05-01,38.29,Electronics
CUST04365,2025-06-01,27.21,Grocery
CUST04365,2025-06-01,12.88,Electronics
CUST04365,2025-04-01,59.05,Electronics
CUST04365,2025-07-27,46.4,Clothing
CUST04365,2025-07-11,119.03,Clothing
CUST04365,2025-05-30,25.6,Grocery
CUST04365,2025-05-14,66.11,Travel
CUST04365,2025-07-27,121.16,Grocery
CUST04365,2025-07-31,141.2,Travel
CUST04365,2025-05-15,78.62,Dining
CUST04365,2025-04-08,67.83,Grocery
CUST04365,2025-06-23,22.1,Clothing
CUST04365,2025-08-01,34.62,Dining
CUST04365,2025-04-28,16.19,Electronics
CUST04365,2025-04-07,248.46,Dining
CUST04365,2025-06-19,27.6,Grocery
CUST04365,2025-07-26,13.71,Grocery
CUST04365,2025-06-17,175.37,Travel
CUST04365,2025-07-11,9.67,Dining
CUST04365,2025-05-11,271.98,Grocery
CUST04365,2025-07-25,89.59,Electronics
CUST04365,2025-06-07,52.37,Travel
CUST04365,2025-07-03,6.64,Grocery
CUST04365,2025-04-01,120.03,Grocery
CUST04365,2025-06-01,45.79,Travel
CUST04365,2025-07-04,62.47,Grocery
CUST04365,2025-07-28,98.7,Electronics
CUST04365,2025-07-29,12.72,Clothing
CUST04365,2025-07-22,80.35,Travel
CUST04365,2025-06-08,16.11,Grocery
CUST04365,2025-07-18,82.0,Grocery
CUST04365,2025-06-10,51.89,Travel
CUST04365,2025-07-02,97.8,Clothing
CUST04365,2025-05-07,133.69,Travel
CUST04365,2025-05-25,35.39,Grocery
CUST04365,2025-07-29,78.04,Dining
CUST04365,2025-05-07,105.3,Clothing
CUST04365,2025-07-17,97.31,Clothing
CUST04365,2025-05-12,144.27,Dining
CUST04365,2025-04-29,82.91,Electronics
CUST04365,2025-04-04,154.86,Electronics
CUST04365,2025-04-20,25.93,Grocery
CUST04365,2025-08-01,12.24,Electronics
CUST04365,2025-04-05,36.65,Dining
CUST04365,2025-07-16,141.53,Travel
CUST04365,2025-04-14,175.86,Travel
CUST04365,2025-04-01,181.19,Travel
CUST04365,2025-04-09,42.61,Grocery
CUST04365,2025-04-08,32.51,Electronics
CUST04365,2025-05-07,198.5,Grocery
CUST04365,2025-05-23,12.24,Clothing
CUST04365,2025-04-09,290.16,Travel
CUST04365,2025-05-10,139.72,Electronics
CUST04365,2025-05-23,44.2,Travel
CUST04365,2025-04-25,9.85,Grocery
CUST04365,2025-06-22,52.5,Clothing
CUST04365,2025-04-28,22.16,Clothing
CUST04365,2025-06-01,5.6,Clothing
CUST04365,2025-04-25,67.12,Grocery
CUST04365,2025-05-24,33.85,Grocery
CUST04365,2025-07-04,118.14,Travel
CUST04365,2025-07-29,89.01,Grocery
CUST04365,2025-07-27,64.62,Clothing
CUST04365,2025-07-17,79.95,Travel
CUST04365,2025-05-27,31.17,Travel
CUST04365,2025-04-02,22.77,Clothing
CUST04365,2025-04-13,77.84,Electronics
CUST04365,2025-06-12,5.94,Electronics
CUST04365,2025-03-28,10.0,Grocery
CUST04365,2025-04-06,147.99,Electronics
CUST04365,2025-06-25,113.76,Clothing
CUST04365,2025-04-13,197.28,Dining
CUST04365,2025-04-29,62.13,Dining
CUST04365,2025-07-26,75.16,Travel
CUST04365,2025-06-22,83.51,Electronics
CUST04365,2025-04-26,179.3,Dining
CUST04365,2025-06-11,92.74,Travel
CUST04365,2025-05-21,149.95,Grocery
CUST04365,2025-06-25,57.56,Clothing
CUST04366,2022-09-04,194.58,Clothing
CUST04366,2023-09-21,27.6,Electronics
CUST04366,2025-02-01,57.96,Electronics
CUST04366,2023-11-17,223.18,Travel
CUST04366,2025-06-14,27.02,Travel
CUST04366,2022-09-18,23.4,Electronics
CUST04366,2023-08-05,18.03,Clothing
CUST04366,2023-05-07,41.8,Travel
CUST04366,2024-03-02,37.85,Dining
CUST04366,2024-06-21,14.66,Electronics
CUST04366,2023-08-13,10.57,Dining
CUST04366,2023-10-06,49.6,Grocery
CUST04366,2022-12-13,30.6,Travel
CUST04366,2024-08-13,313.48,Dining
CUST04366,2024-11-21,15.97,Travel
CUST04366,2023-08-05,164.64,Travel
CUST04366,2022-11-01,87.02,Electronics
CUST04366,2024-07-17,52.41,Travel
CUST04366,2025-02-20,14.25,Dining
CUST04366,2025-03-24,71.94,Dining
CUST04366,2024-06-03,324.9,Clothing
CUST04366,2022-12-13,63.8,Electronics
CUST04366,2022-12-04,35.02,Electronics
CUST04366,2022-05-26,75.72,Clothing
CUST04366,2024-09-11,44.01,Electronics
CUST04366,2025-05-05,48.86,Dining
CUST04366,2024-06-06,54.6,Electronics
CUST04366,2024-05-23,21.97,Travel
CUST04366,2023-05-25,94.72,Dining
CUST04366,2024-12-13,130.47,Grocery
CUST04366,2024-01-06,107.48,Travel
CUST04366,2024-02-01,17.47,Grocery
CUST04366,2025-04-11,21.51,Clothing
CUST04366,2024-01-01,43.29,Grocery
CUST04366,2022-05-29,39.05,Electronics
CUST04366,2022-06-26,10.33,Dining
CUST04366,2024-12-31,26.35,Grocery
CUST04366,2025-06-17,292.42,Grocery
CUST04366,2024-04-30,13.87,Electronics
CUST04366,2025-05-17,80.89,Grocery
CUST04366,2024-11-27,17.89,Travel
CUST04366,2023-12-22,74.98,Dining
CUST04366,2023-02-26,174.51,Travel
CUST04366,2023-10-08,22.87,Grocery
CUST04366,2023-12-05,32.89,Dining
CUST04366,2023-09-02,196.96,Dining
CUST04366,2022-08-23,216.03,Electronics
CUST04366,2022-12-14,14.16,Electronics
CUST04366,2024-10-25,41.44,Electronics
CUST04366,2025-03-22,159.85,Electronics
CUST04366,2023-04-06,49.38,Electronics
CUST04366,2024-10-03,67.88,Grocery
CUST04366,2023-06-24,17.95,Dining
CUST04366,2024-09-22,91.5,Grocery
CUST04366,2022-08-09,181.43,Clothing
CUST04366,2023-04-20,12.74,Dining
CUST04366,2023-01-27,7.77,Clothing
CUST04366,2023-09-11,24.78,Travel
CUST04366,2023-01-23,99.96,Clothing
CUST04366,2023-03-09,170.62,Electronics
CUST04366,2025-05-05,172.16,Grocery
CUST04366,2023-12-21,37.66,Dining
CUST04366,2024-09-12,93.31,Grocery
CUST04366,2024-10-29,75.63,Travel
CUST04366,2023-11-13,21.61,Dining
CUST04366,2023-08-18,19.05,Dining
CUST04366,2024-05-18,117.86,Dining
CUST04366,2023-11-20,40.19,Clothing
CUST04366,2022-12-13,151.76,Grocery
CUST04366,2024-01-11,199.63,Grocery
CUST04366,2023-03-03,21.6,Travel
CUST04366,2023-04-21,6.22,Dining
CUST04366,2023-02-16,11.06,Travel
CUST04366,2022-06-24,25.88,Electronics
CUST04366,2024-09-30,5.11,Grocery
CUST04366,2023-11-24,73.49,Grocery
CUST04366,2023-05-25,6.59,Travel
CUST04366,2024-01-24,44.1,Dining
CUST04366,2023-12-05,67.56,Electronics
CUST04366,2024-03-09,16.94,Dining
CUST04366,2022-12-13,86.02,Travel
CUST04366,2023-03-30,8.56,Grocery
CUST04366,2025-05-26,82.97,Grocery
CUST04366,2024-06-19,22.63,Clothing
CUST04366,2024-09-06,90.3,Travel
CUST04366,2024-08-20,196.04,Clothing
CUST04366,2023-03-20,146.02,Dining
CUST04366,2025-05-29,27.62,Electronics
CUST04366,2023-08-20,22.41,Electronics
CUST04366,2024-09-05,20.01,Dining
CUST04366,2024-05-10,87.31,Dining
CUST04366,2025-07-12,58.33,Clothing
CUST04366,2022-07-05,34.22,Clothing
CUST04366,2024-01-12,7.56,Grocery
CUST04366,2023-08-06,200.6,Clothing
CUST04366,2023-08-29,221.37,Grocery
CUST04366,2024-08-17,67.79,Grocery
CUST04366,2025-05-29,48.53,Electronics
CUST04366,2023-08-22,196.33,Travel
CUST04366,2023-03-08,284.95,Electronics
CUST04366,2022-09-18,12.56,Electronics
CUST04366,2024-07-29,82.49,Travel
CUST04366,2023-11-26,37.93,Travel
CUST04366,2022-09-24,91.14,Dining
CUST04366,2022-10-25,131.42,Dining
CUST04366,2023-12-31,169.35,Travel
CUST04366,2023-05-31,191.27,Grocery
CUST04366,2023-02-20,16.12,Electronics
CUST04367,2025-04-09,176.99,Electronics
CUST04367,2024-11-29,8.25,Travel
CUST04367,2024-11-16,31.77,Dining
CUST04367,2024-02-05,41.94,Travel
CUST04367,2024-05-05,59.39,Travel
CUST04367,2024-04-25,22.49,Grocery
CUST04367,2024-02-12,42.61,Dining
CUST04367,2023-12-26,39.25,Grocery
CUST04367,2024-03-12,66.27,Travel
CUST04367,2023-12-31,13.37,Dining
CUST04367,2024-01-12,79.0,Electronics
CUST04367,2024-11-06,64.42,Electronics
CUST04367,2025-03-28,61.62,Dining
CUST04367,2025-05-07,38.64,Electronics
CUST04367,2023-12-26,52.78,Travel
CUST04367,2024-01-29,29.0,Grocery
CUST04367,2024-06-18,77.9,Dining
CUST04367,2025-04-29,13.01,Dining
CUST04367,2024-07-02,86.01,Clothing
CUST04367,2024-04-08,45.29,Travel
CUST04367,2024-11-12,153.81,Grocery
CUST04367,2024-08-15,59.51,Electronics
CUST04367,2024-05-26,6.29,Dining
CUST04367,2025-07-18,29.76,Clothing
CUST04367,2025-02-10,298.93,Electronics
CUST04367,2024-04-22,30.0,Electronics
CUST04367,2024-01-02,77.06,Dining
CUST04367,2024-01-31,149.26,Travel
CUST04367,2025-02-10,122.7,Electronics
CUST04367,2024-03-13,62.63,Dining
CUST04367,2025-05-23,128.58,Dining
CUST04367,2025-01-11,167.53,Travel
CUST04367,2025-07-20,125.53,Electronics
CUST04367,2025-02-25,92.94,Electronics
CUST04367,2024-08-31,74.56,Travel
CUST04367,2024-01-02,98.7,Clothing
CUST04367,2024-08-13,224.42,Travel
CUST04367,2024-05-14,157.07,Travel
CUST04367,2024-04-06,83.25,Clothing
CUST04367,2024-06-18,72.07,Grocery
CUST04367,2024-06-26,95.79,Grocery
CUST04367,2025-03-10,44.48,Travel
CUST04367,2024-06-16,23.04,Grocery
CUST04367,2025-01-25,13.69,Clothing
CUST04367,2024-12-07,11.18,Dining
CUST04367,2024-05-09,374.17,Electronics
CUST04367,2025-01-30,19.18,Grocery
CUST04367,2025-01-09,38.25,Clothing
CUST04367,2024-06-27,20.7,Clothing
CUST04367,2025-03-06,17.6,Electronics
CUST04367,2024-03-14,36.74,Electronics
CUST04367,2025-05-26,13.18,Grocery
CUST04367,2025-08-01,171.97,Grocery
CUST04367,2024-11-02,14.95,Dining
CUST04367,2025-01-10,40.1,Electronics
CUST04367,2025-02-04,27.37,Clothing
CUST04367,2023-12-28,205.99,Travel
CUST04367,2025-05-14,173.89,Clothing
CUST04367,2024-09-24,69.34,Dining
CUST04367,2024-05-25,9.16,Electronics
CUST04367,2025-07-10,11.67,Travel
CUST04367,2024-08-19,753.03,Electronics
CUST04367,2024-04-20,87.56,Electronics
CUST04367,2025-06-02,187.36,Dining
CUST04367,2025-04-11,19.61,Travel
CUST04367,2024-10-27,12.23,Travel
CUST04367,2025-01-10,83.38,Clothing
CUST04367,2024-04-09,95.24,Dining
CUST04367,2025-05-29,238.08,Travel
CUST04367,2024-06-13,203.01,Clothing
CUST04367,2025-05-07,44.43,Travel
CUST04367,2024-04-09,73.38,Grocery
CUST04367,2024-11-17,91.1,Travel
CUST04367,2024-03-25,115.4,Electronics
CUST04367,2025-07-31,61.31,Electronics
CUST04367,2025-06-18,5.95,Electronics
CUST04367,2025-04-24,89.9,Clothing
CUST04367,2025-02-19,138.66,Dining
CUST04367,2024-02-20,42.79,Grocery
CUST04367,2025-07-01,107.64,Dining
CUST04367,2024-06-18,181.9,Travel
CUST04367,2024-09-05,8.17,Electronics
CUST04367,2024-05-28,8.95,Dining
CUST04367,2024-10-05,65.51,Clothing
CUST04367,2024-09-15,70.3,Electronics
CUST04367,2025-02-05,194.08,Dining
CUST04367,2023-12-24,131.38,Travel
CUST04367,2024-04-16,59.99,Grocery
CUST04367,2024-11-15,63.94,Travel
CUST04367,2024-01-04,178.7,Electronics
CUST04367,2023-12-19,9.8,Clothing
CUST04367,2025-02-07,118.27,Travel
CUST04367,2024-11-08,43.52,Dining
CUST04367,2025-03-29,25.81,Electronics
CUST04367,2025-06-24,5.84,Grocery
CUST04367,2024-06-27,96.27,Grocery
CUST04367,2025-01-09,37.41,Clothing
CUST04367,2024-09-11,132.54,Dining
CUST04367,2024-02-12,26.99,Grocery
CUST04367,2025-07-28,169.36,Electronics
CUST04368,2024-09-08,40.53,Grocery
CUST04368,2025-06-09,16.98,Electronics
CUST04368,2024-12-12,43.87,Electronics
CUST04368,2024-07-12,203.9,Grocery
CUST04368,2024-09-16,97.26,Travel
CUST04368,2024-10-02,157.35,Clothing
CUST04368,2025-06-21,387.44,Travel
CUST04368,2025-04-17,82.22,Grocery
CUST04368,2025-07-28,6.1,Travel
CUST04368,2024-07-01,59.46,Travel
CUST04368,2025-07-28,23.01,Grocery
CUST04368,2025-04-15,44.21,Grocery
CUST04368,2024-06-25,113.1,Travel
CUST04368,2025-01-24,40.48,Electronics
CUST04368,2024-09-28,18.42,Grocery
CUST04368,2024-12-07,215.56,Dining
CUST04368,2024-09-26,33.69,Travel
CUST04368,2025-07-31,71.07,Dining
CUST04368,2024-10-13,47.67,Dining
CUST04368,2025-06-28,27.14,Grocery
CUST04368,2024-11-15,102.95,Dining
CUST04368,2024-06-03,240.74,Grocery
CUST04368,2024-11-10,22.99,Dining
CUST04368,2024-07-24,100.57,Clothing
CUST04368,2025-06-19,36.24,Dining
CUST04368,2025-02-12,97.93,Travel
CUST04368,2025-06-03,69.24,Dining
CUST04368,2024-05-04,52.89,Electronics
CUST04368,2025-01-05,100.4,Travel
CUST04368,2024-10-29,77.03,Electronics
CUST04368,2024-04-29,79.79,Grocery
CUST04368,2024-10-18,99.8,Clothing
CUST04368,2025-07-07,122.96,Clothing
CUST04368,2025-02-18,29.23,Clothing
CUST04368,2024-08-03,302.29,Travel
CUST04368,2024-05-30,156.64,Electronics
CUST04368,2025-01-09,8.55,Clothing
CUST04368,2024-10-27,76.2,Clothing
CUST04368,2025-02-25,49.43,Electronics
CUST04368,2024-07-14,16.86,Clothing
CUST04368,2024-12-22,17.56,Grocery
CUST04368,2024-11-13,41.34,Clothing
CUST04368,2025-05-03,151.0,Electronics
CUST04368,2024-06-12,65.93,Travel
CUST04368,2025-05-16,90.14,Grocery
CUST04368,2024-11-08,51.17,Clothing
CUST04368,2025-07-30,102.43,Travel
CUST04368,2025-01-06,144.28,Dining
CUST04368,2025-02-01,80.86,Travel
CUST04368,2025-01-20,158.06,Clothing
CUST04368,2024-12-01,73.12,Electronics
CUST04368,2025-07-21,139.14,Clothing
CUST04368,2024-06-11,57.02,Dining
CUST04368,2025-04-19,69.18,Electronics
CUST04368,2025-07-22,24.32,Travel
CUST04368,2024-07-23,28.53,Electronics
CUST04368,2024-06-30,55.7,Travel
CUST04368,2024-10-08,25.01,Grocery
CUST04368,2025-05-05,111.84,Clothing
CUST04368,2024-08-18,50.34,Clothing
CUST04368,2025-04-19,86.07,Clothing
CUST04368,2025-01-01,40.87,Dining
CUST04368,2024-05-15,73.15,Dining
CUST04368,2024-06-14,58.09,Travel
CUST04368,2024-11-13,21.02,Clothing
CUST04368,2024-08-13,149.68,Clothing
CUST04368,2025-02-18,31.02,Travel
CUST04368,2025-02-16,36.32,Travel
CUST04368,2024-12-10,25.43,Electronics
CUST04368,2024-09-29,10.52,Clothing
CUST04368,2025-03-07,119.98,Dining
CUST04368,2025-01-19,126.78,Electronics
CUST04368,2025-02-12,191.03,Dining
CUST04368,2024-12-02,10.05,Grocery
CUST04368,2024-08-31,99.01,Dining
CUST04368,2025-02-23,126.12,Travel
CUST04368,2025-05-05,143.16,Travel
CUST04368,2025-03-30,40.25,Clothing
CUST04368,2024-07-08,49.26,Grocery
CUST04368,2024-12-21,86.61,Dining
CUST04368,2025-03-28,20.45,Dining
CUST04368,2025-01-29,7.85,Clothing
CUST04368,2024-10-16,226.28,Grocery
CUST04368,2024-10-18,46.53,Clothing
CUST04368,2025-04-23,90.18,Clothing
CUST04368,2024-12-18,38.94,Clothing
CUST04368,2025-07-28,7.38,Clothing
CUST04368,2025-01-31,37.53,Grocery
CUST04368,2025-07-17,62.54,Travel
CUST04368,2025-06-10,19.88,Dining
CUST04368,2025-07-18,6.75,Electronics
CUST04368,2025-06-29,5.76,Dining
CUST04368,2024-12-01,27.08,Grocery
CUST04368,2024-11-16,98.29,Travel
CUST04368,2025-06-24,135.5,Clothing
CUST04368,2024-06-06,141.98,Clothing
CUST04368,2024-10-01,19.28,Travel
CUST04368,2024-08-20,8.84,Clothing
CUST04368,2025-01-13,59.76,Dining
CUST04368,2025-03-17,102.69,Electronics
CUST04368,2024-12-23,38.79,Travel
CUST04369,2023-10-14,9.06,Electronics
CUST04369,2024-10-17,67.27,Electronics
CUST04369,2022-06-24,235.57,Grocery
CUST04369,2025-03-03,64.04,Grocery
CUST04369,2024-06-25,154.16,Travel
CUST04369,2024-04-07,96.4,Clothing
CUST04369,2024-03-18,15.81,Grocery
CUST04369,2025-03-17,30.21,Dining
CUST04369,2023-09-12,37.84,Electronics
CUST04369,2023-03-06,63.44,Clothing
CUST04369,2023-01-21,87.33,Clothing
CUST04369,2025-07-06,390.04,Dining
CUST04369,2021-08-28,33.88,Electronics
CUST04369,2024-09-27,112.93,Dining
CUST04369,2022-05-01,86.72,Travel
CUST04369,2025-04-17,54.5,Dining
CUST04369,2023-01-01,12.82,Electronics
CUST04369,2024-12-26,119.79,Grocery
CUST04369,2024-06-29,41.65,Dining
CUST04369,2023-07-11,80.52,Dining
CUST04369,2023-10-30,28.36,Electronics
CUST04369,2022-05-04,68.44,Electronics
CUST04369,2023-02-22,126.31,Travel
CUST04369,2023-04-12,33.74,Travel
CUST04369,2023-07-17,61.4,Electronics
CUST04369,2023-11-21,23.99,Grocery
CUST04369,2023-02-15,13.03,Electronics
CUST04369,2022-09-22,105.48,Travel
CUST04369,2024-04-16,110.99,Clothing
CUST04369,2022-11-01,65.99,Grocery
CUST04369,2024-02-23,27.39,Clothing
CUST04369,2023-07-28,13.74,Electronics
CUST04369,2022-01-01,102.14,Grocery
CUST04369,2025-01-31,142.63,Travel
CUST04369,2024-08-22,67.64,Clothing
CUST04369,2024-06-17,58.02,Clothing
CUST04369,2022-12-23,208.38,Electronics
CUST04369,2023-04-13,7.97,Travel
CUST04369,2022-02-12,50.96,Dining
CUST04369,2021-10-03,78.39,Travel
CUST04369,2025-03-11,12.93,Travel
CUST04369,2023-09-30,399.76,Dining
CUST04369,2024-06-02,130.59,Dining
CUST04369,2022-12-13,78.92,Grocery
CUST04369,2023-03-25,12.18,Electronics
CUST04369,2022-01-16,202.93,Dining
CUST04369,2022-05-13,50.32,Electronics
CUST04369,2024-04-06,25.25,Clothing
CUST04369,2023-05-30,110.29,Grocery
CUST04369,2025-05-04,58.86,Clothing
CUST04369,2022-06-17,27.37,Dining
CUST04369,2023-01-10,96.73,Dining
CUST04369,2025-05-27,111.09,Clothing
CUST04369,2023-12-23,157.88,Grocery
CUST04369,2024-08-14,17.18,Grocery
CUST04369,2024-06-28,161.18,Dining
CUST04369,2024-07-20,102.21,Dining
CUST04369,2023-06-04,163.8,Electronics
CUST04369,2021-09-08,32.82,Dining
CUST04369,2024-10-30,100.08,Electronics
CUST04369,2021-12-31,83.95,Grocery
CUST04369,2022-06-13,103.04,Travel
CUST04369,2022-09-02,82.59,Travel
CUST04369,2024-05-16,94.29,Dining
CUST04369,2024-10-21,20.91,Electronics
CUST04369,2024-05-08,173.3,Travel
CUST04369,2024-07-22,79.82,Dining
CUST04369,2021-12-12,158.7,Dining
CUST04369,2025-04-23,73.89,Travel
CUST04369,2022-08-19,50.01,Clothing
CUST04369,2024-11-14,36.19,Dining
CUST04369,2023-04-12,62.68,Grocery
CUST04369,2024-01-06,83.24,Electronics
CUST04369,2025-05-09,33.22,Travel
CUST04369,2021-11-25,110.73,Dining
CUST04369,2022-03-15,42.23,Dining
CUST04369,2023-09-06,80.34,Dining
CUST04369,2023-12-01,248.82,Travel
CUST04369,2022-02-22,5.97,Clothing
CUST04369,2023-01-17,134.96,Travel
CUST04369,2024-04-06,101.89,Clothing
CUST04369,2021-09-12,48.18,Dining
CUST04369,2022-05-09,225.2,Clothing
CUST04369,2021-10-09,24.05,Travel
CUST04369,2024-11-19,175.44,Grocery
CUST04369,2024-05-07,19.43,Grocery
CUST04369,2022-03-27,41.78,Clothing
CUST04369,2024-10-05,15.39,Clothing
CUST04369,2023-05-20,72.49,Dining
CUST04369,2022-12-20,75.0,Travel
CUST04369,2022-06-04,77.05,Travel
CUST04369,2021-11-05,108.24,Dining
CUST04369,2022-02-12,106.62,Travel
CUST04369,2024-11-16,7.56,Grocery
CUST04369,2023-12-12,258.06,Grocery
CUST04369,2021-09-17,10.48,Electronics
CUST04369,2024-03-22,24.87,Grocery
CUST04369,2022-06-11,218.5,Grocery
CUST04369,2024-03-19,51.84,Grocery
CUST04369,2024-02-14,5.74,Grocery
CUST04369,2023-08-10,56.27,Grocery
CUST04369,2023-07-05,168.36,Electronics
CUST04369,2025-05-20,93.0,Dining
CUST04369,2022-08-29,313.81,Dining
CUST04370,2024-11-10,116.91,Clothing
CUST04370,2024-10-29,19.81,Grocery
CUST04370,2024-08-13,62.68,Clothing
CUST04370,2024-04-13,46.85,Clothing
CUST04370,2024-09-09,7.94,Travel
CUST04370,2024-02-13,102.15,Grocery
CUST04370,2025-05-10,37.65,Clothing
CUST04370,2025-03-16,31.69,Electronics
CUST04370,2024-11-15,108.63,Grocery
CUST04370,2024-09-05,239.42,Clothing
CUST04370,2024-08-05,169.75,Travel
CUST04370,2024-07-18,41.6,Grocery
CUST04370,2025-01-28,16.38,Travel
CUST04370,2024-11-24,219.24,Dining
CUST04370,2024-09-20,98.79,Travel
CUST04370,2024-07-15,26.33,Travel
CUST04370,2025-01-17,144.56,Dining
CUST04370,2024-04-19,47.5,Clothing
CUST04370,2025-05-08,54.23,Clothing
CUST04370,2024-02-11,94.2,Grocery
CUST04370,2025-03-28,97.74,Dining
CUST04370,2024-02-14,439.06,Grocery
CUST04370,2024-05-31,24.48,Travel
CUST04370,2024-02-05,29.63,Dining
CUST04370,2024-06-12,83.32,Grocery
CUST04370,2025-05-26,142.58,Clothing
CUST04370,2025-07-17,48.91,Electronics
CUST04370,2024-10-04,193.11,Clothing
CUST04370,2024-04-14,90.12,Travel
CUST04370,2024-12-11,128.89,Clothing
CUST04370,2024-12-21,30.87,Electronics
CUST04370,2025-06-08,48.61,Travel
CUST04370,2024-07-12,133.52,Electronics
CUST04370,2024-02-25,21.13,Travel
CUST04370,2024-06-02,62.75,Clothing
CUST04370,2024-08-26,45.61,Dining
CUST04370,2024-08-27,84.62,Electronics
CUST04370,2024-10-13,18.16,Travel
CUST04370,2025-01-01,33.57,Clothing
CUST04370,2025-05-03,279.84,Grocery
CUST04370,2025-03-09,40.3,Dining
CUST04370,2024-10-13,148.13,Grocery
CUST04370,2025-07-23,21.93,Travel
CUST04370,2024-04-30,61.81,Clothing
CUST04370,2024-11-02,72.8,Dining
CUST04370,2024-08-27,9.95,Grocery
CUST04370,2024-01-18,180.43,Dining
CUST04370,2025-05-19,141.98,Electronics
CUST04370,2024-05-21,59.38,Travel
CUST04370,2024-08-30,160.99,Clothing
CUST04370,2025-03-10,140.44,Travel
CUST04370,2025-07-14,48.5,Clothing
CUST04370,2024-09-11,80.22,Dining
CUST04370,2024-01-22,173.16,Clothing
CUST04370,2024-11-05,42.78,Travel
CUST04370,2025-05-07,104.98,Grocery
CUST04370,2024-01-18,8.19,Electronics
CUST04370,2024-02-29,45.64,Electronics
CUST04370,2025-05-01,13.33,Grocery
CUST04370,2025-05-07,36.96,Grocery
CUST04370,2025-01-01,97.59,Clothing
CUST04370,2024-02-01,115.7,Dining
CUST04370,2025-06-24,43.03,Dining
CUST04370,2024-04-23,99.88,Grocery
CUST04370,2025-03-16,38.25,Clothing
CUST04370,2024-01-16,80.17,Grocery
CUST04370,2025-07-11,120.72,Electronics
CUST04370,2024-04-27,165.25,Travel
CUST04370,2025-01-26,41.15,Electronics
CUST04370,2024-11-22,21.68,Clothing
CUST04370,2025-01-26,8.03,Dining
CUST04370,2025-04-08,29.63,Travel
CUST04370,2025-05-04,8.14,Travel
CUST04370,2024-04-07,187.57,Travel
CUST04370,2025-02-20,109.16,Travel
CUST04370,2025-05-18,162.32,Travel
CUST04370,2024-05-29,90.33,Electronics
CUST04370,2025-07-09,15.51,Travel
CUST04370,2024-08-06,73.12,Grocery
CUST04370,2024-04-17,47.13,Clothing
CUST04370,2025-04-24,51.89,Grocery
CUST04370,2025-03-10,176.75,Clothing
CUST04370,2025-02-25,17.5,Travel
CUST04370,2024-09-13,357.18,Clothing
CUST04370,2024-08-25,38.5,Dining
CUST04370,2024-07-20,33.37,Dining
CUST04370,2025-05-03,7.46,Grocery
CUST04370,2024-09-02,230.68,Electronics
CUST04370,2024-12-22,103.83,Grocery
CUST04370,2024-05-27,22.41,Electronics
CUST04370,2024-04-17,8.47,Electronics
CUST04370,2025-06-18,75.91,Grocery
CUST04370,2024-06-07,55.04,Grocery
CUST04370,2024-03-26,44.96,Travel
CUST04370,2024-11-22,107.28,Clothing
CUST04370,2025-07-06,239.83,Clothing
CUST04370,2025-01-07,30.56,Clothing
CUST04370,2025-02-05,86.72,Dining
CUST04370,2024-10-25,161.21,Clothing
CUST04370,2024-06-13,73.05,Electronics
CUST04370,2025-03-07,8.11,Grocery
CUST04370,2025-01-26,70.59,Electronics
CUST04370,2025-02-03,119.54,Travel
CUST04370,2025-05-09,5.31,Clothing
CUST04370,2024-10-17,17.03,Clothing
CUST04370,2024-01-25,57.72,Clothing
CUST04370,2025-07-30,19.15,Electronics
CUST04370,2025-02-12,40.69,Grocery
CUST04370,2025-03-03,83.39,Electronics
CUST04370,2025-05-06,51.2,Grocery
CUST04370,2024-04-23,294.68,Grocery
CUST04370,2025-03-28,149.5,Dining
CUST04370,2025-07-21,175.85,Travel
CUST04370,2024-08-18,21.51,Grocery
CUST04370,2025-03-23,126.02,Dining
CUST04370,2024-07-07,51.19,Travel
CUST04371,2025-06-19,37.54,Grocery
CUST04371,2024-07-26,198.7,Grocery
CUST04371,2024-06-15,21.32,Travel
CUST04371,2023-11-15,153.29,Clothing
CUST04371,2024-06-27,14.46,Travel
CUST04371,2023-04-20,162.73,Travel
CUST04371,2025-03-15,122.75,Dining
CUST04371,2024-01-10,61.96,Grocery
CUST04371,2025-02-03,92.92,Dining
CUST04371,2023-04-21,49.28,Electronics
CUST04371,2024-05-02,6.35,Grocery
CUST04371,2025-03-27,56.75,Travel
CUST04371,2025-03-07,106.97,Clothing
CUST04371,2023-10-06,62.67,Clothing
CUST04371,2025-06-26,9.73,Travel
CUST04371,2023-06-11,92.36,Dining
CUST04371,2025-02-11,170.08,Dining
CUST04371,2025-01-16,148.19,Travel
CUST04371,2025-05-30,306.29,Dining
CUST04371,2024-07-02,29.92,Electronics
CUST04371,2024-06-17,6.08,Dining
CUST04371,2024-09-18,219.69,Grocery
CUST04371,2025-02-17,74.41,Travel
CUST04371,2024-08-27,138.34,Electronics
CUST04371,2023-10-03,28.68,Clothing
CUST04371,2025-04-17,16.1,Clothing
CUST04371,2025-05-22,8.7,Electronics
CUST04371,2025-01-21,10.4,Clothing
CUST04371,2023-05-01,16.07,Dining
CUST04371,2024-04-11,203.88,Dining
CUST04371,2024-09-10,87.93,Clothing
CUST04371,2024-10-22,60.22,Clothing
CUST04371,2024-07-02,29.83,Travel
CUST04371,2025-02-24,99.08,Grocery
CUST04371,2025-04-30,5.21,Grocery
CUST04371,2025-06-27,77.53,Clothing
CUST04371,2024-04-13,151.78,Clothing
CUST04371,2023-06-06,103.51,Clothing
CUST04371,2023-06-16,37.37,Clothing
CUST04371,2024-05-06,124.29,Grocery
CUST04371,2024-08-02,78.67,Clothing
CUST04371,2023-04-15,104.88,Travel
CUST04371,2025-02-15,95.9,Travel
CUST04371,2024-02-10,45.26,Travel
CUST04371,2025-03-28,113.11,Travel
CUST04371,2024-06-05,27.78,Electronics
CUST04371,2023-08-22,21.44,Travel
CUST04371,2024-07-17,13.1,Dining
CUST04371,2024-05-07,8.02,Electronics
CUST04371,2024-10-09,144.89,Travel
CUST04371,2024-01-19,270.63,Clothing
CUST04371,2024-09-09,20.1,Grocery
CUST04371,2023-11-22,42.68,Electronics
CUST04371,2025-04-12,110.64,Dining
CUST04371,2025-06-12,92.76,Grocery
CUST04371,2024-08-31,70.86,Clothing
CUST04371,2024-05-10,125.35,Electronics
CUST04371,2025-01-14,6.15,Electronics
CUST04371,2025-05-07,55.97,Dining
CUST04371,2025-04-28,169.46,Grocery
CUST04371,2023-11-21,157.56,Electronics
CUST04371,2025-07-28,40.93,Travel
CUST04371,2025-06-05,14.73,Travel
CUST04371,2024-01-28,16.77,Clothing
CUST04371,2023-07-08,39.81,Travel
CUST04371,2023-10-13,39.23,Clothing
CUST04371,2023-12-18,21.05,Clothing
CUST04371,2024-03-15,29.19,Grocery
CUST04371,2023-09-24,44.33,Travel
CUST04371,2024-03-05,19.62,Travel
CUST04371,2023-04-16,25.54,Dining
CUST04371,2024-03-10,152.25,Clothing
CUST04371,2024-08-30,62.88,Electronics
CUST04371,2023-04-11,64.36,Electronics
CUST04371,2024-11-09,28.13,Travel
CUST04371,2023-11-14,193.11,Grocery
CUST04371,2025-05-03,15.49,Clothing
CUST04371,2023-11-06,49.53,Clothing
CUST04371,2025-04-30,178.87,Travel
CUST04371,2024-04-13,82.81,Clothing
CUST04371,2025-06-20,133.59,Grocery
CUST04371,2024-09-27,99.39,Dining
CUST04371,2025-04-25,306.58,Travel
CUST04371,2024-11-22,126.88,Grocery
CUST04371,2025-04-10,18.39,Clothing
CUST04371,2025-04-01,45.6,Grocery
CUST04371,2025-07-09,17.48,Dining
CUST04371,2024-06-15,24.09,Dining
CUST04371,2023-11-08,161.64,Electronics
CUST04371,2023-09-16,31.86,Grocery
CUST04371,2024-09-24,109.52,Travel
CUST04371,2023-12-29,34.23,Travel
CUST04371,2024-08-21,60.25,Grocery
CUST04371,2025-04-13,105.35,Travel
CUST04372,2023-12-16,96.12,Dining
CUST04372,2024-05-09,130.91,Grocery
CUST04372,2024-03-08,20.97,Dining
CUST04372,2024-03-09,133.21,Travel
CUST04372,2024-01-31,108.32,Dining
CUST04372,2024-05-17,55.28,Dining
CUST04372,2022-11-24,351.35,Grocery
CUST04372,2023-09-15,14.82,Clothing
CUST04372,2023-04-24,9.06,Dining
CUST04372,2024-07-19,91.9,Grocery
CUST04372,2023-09-21,143.25,Clothing
CUST04372,2024-10-21,158.36,Dining
CUST04372,2024-11-05,62.22,Clothing
CUST04372,2023-10-07,38.4,Electronics
CUST04372,2025-06-17,206.17,Clothing
CUST04372,2024-05-29,159.01,Electronics
CUST04372,2024-09-28,54.16,Clothing
CUST04372,2023-07-07,62.51,Grocery
CUST04372,2024-01-03,56.1,Clothing
CUST04372,2022-12-02,105.49,Electronics
CUST04372,2025-07-21,28.13,Grocery
CUST04372,2024-08-07,157.91,Clothing
CUST04372,2025-02-08,126.73,Dining
CUST04372,2023-06-24,27.5,Electronics
CUST04372,2022-12-20,321.3,Clothing
CUST04372,2024-04-30,8.76,Electronics
CUST04372,2024-05-13,26.57,Dining
CUST04372,2023-08-03,59.35,Electronics
CUST04372,2025-07-10,222.07,Electronics
CUST04372,2022-12-15,74.16,Electronics
CUST04372,2023-09-28,175.3,Clothing
CUST04372,2024-03-01,15.2,Electronics
CUST04372,2023-07-07,61.21,Travel
CUST04372,2024-12-03,94.67,Travel
CUST04372,2024-06-27,26.8,Electronics
CUST04372,2024-11-08,85.97,Travel
CUST04372,2025-07-25,46.69,Clothing
CUST04372,2024-02-26,44.61,Clothing
CUST04372,2023-03-18,259.48,Dining
CUST04372,2024-12-18,275.77,Dining
CUST04372,2023-10-02,204.49,Grocery
CUST04372,2023-11-30,167.04,Travel
CUST04372,2024-08-11,57.14,Dining
CUST04372,2023-12-09,16.47,Dining
CUST04372,2023-05-19,318.1,Dining
CUST04372,2023-09-06,51.85,Travel
CUST04372,2023-05-22,37.65,Grocery
CUST04372,2024-07-29,26.14,Clothing
CUST04372,2024-04-05,6.92,Dining
CUST04372,2024-02-29,74.19,Clothing
CUST04372,2023-03-14,248.3,Clothing
CUST04372,2023-03-19,128.37,Clothing
CUST04372,2023-08-04,48.72,Dining
CUST04372,2023-07-28,119.89,Clothing
CUST04372,2023-09-28,38.3,Grocery
CUST04372,2025-01-23,440.16,Clothing
CUST04372,2024-05-13,44.67,Electronics
CUST04372,2023-08-17,55.93,Clothing
CUST04372,2024-06-19,52.68,Dining
CUST04372,2025-03-03,59.66,Electronics
CUST04372,2023-04-20,86.59,Dining
CUST04372,2022-10-15,316.89,Electronics
CUST04372,2024-09-23,276.65,Clothing
CUST04372,2023-01-02,66.16,Dining
CUST04372,2023-11-24,28.73,Electronics
CUST04372,2025-04-04,102.82,Grocery
CUST04372,2022-10-16,6.51,Grocery
CUST04372,2023-01-12,157.57,Travel
CUST04372,2022-12-27,18.06,Grocery
CUST04372,2023-12-30,65.56,Dining
CUST04372,2023-03-21,25.04,Dining
CUST04372,2025-02-21,413.79,Grocery
CUST04372,2022-12-20,158.5,Grocery
CUST04372,2025-02-28,14.56,Travel
CUST04372,2023-10-02,276.58,Clothing
CUST04372,2023-04-06,25.61,Clothing
CUST04372,2024-08-28,14.0,Dining
CUST04372,2024-04-05,33.32,Grocery
CUST04372,2022-11-28,42.18,Dining
CUST04372,2023-11-20,42.79,Clothing
CUST04372,2023-12-20,69.66,Clothing
CUST04372,2024-07-07,5.68,Electronics
CUST04372,2024-10-30,71.18,Grocery
CUST04372,2024-03-25,150.57,Clothing
CUST04372,2024-02-12,124.03,Travel
CUST04372,2023-05-05,228.83,Clothing
CUST04372,2025-02-27,57.75,Grocery
CUST04372,2022-10-27,37.53,Clothing
CUST04372,2024-04-16,214.13,Clothing
CUST04372,2024-10-27,80.18,Dining
CUST04372,2024-04-01,6.65,Clothing
CUST04372,2022-10-10,147.24,Dining
CUST04372,2023-01-05,34.08,Grocery
CUST04372,2024-03-03,16.23,Clothing
CUST04372,2024-03-23,166.53,Clothing
CUST04372,2025-02-06,212.46,Dining
CUST04372,2023-06-06,47.54,Dining
CUST04372,2024-09-28,43.33,Dining
CUST04372,2023-06-01,22.38,Travel
CUST04372,2023-09-01,24.7,Dining
CUST04372,2024-05-15,98.66,Travel
CUST04372,2022-11-19,116.54,Dining
CUST04372,2023-10-23,6.08,Travel
CUST04372,2023-01-28,98.0,Electronics
CUST04372,2023-07-08,24.87,Dining
CUST04372,2023-12-05,61.17,Electronics
CUST04373,2025-05-22,26.85,Travel
CUST04373,2025-07-08,71.17,Grocery
CUST04373,2025-05-24,135.52,Travel
CUST04373,2025-07-13,67.77,Electronics
CUST04373,2025-07-01,47.24,Grocery
CUST04373,2025-06-27,50.54,Dining
CUST04373,2025-07-01,181.29,Clothing
CUST04373,2025-05-22,108.8,Travel
CUST04373,2025-05-21,156.62,Travel
CUST04373,2025-08-01,48.19,Dining
CUST04373,2025-07-23,166.74,Electronics
CUST04373,2025-06-18,77.66,Dining
CUST04373,2025-05-20,75.05,Travel
CUST04373,2025-06-07,139.27,Grocery
CUST04373,2025-06-22,48.12,Electronics
CUST04373,2025-05-10,195.92,Dining
CUST04373,2025-05-20,30.18,Electronics
CUST04373,2025-08-01,21.04,Dining
CUST04373,2025-07-07,5.82,Dining
CUST04373,2025-05-31,61.38,Travel
CUST04373,2025-06-22,43.24,Travel
CUST04373,2025-05-20,50.29,Electronics
CUST04373,2025-06-19,84.61,Travel
CUST04373,2025-05-23,75.08,Dining
CUST04373,2025-06-13,137.09,Electronics
CUST04373,2025-06-10,13.61,Grocery
CUST04373,2025-07-25,86.87,Travel
CUST04373,2025-06-25,10.65,Clothing
CUST04373,2025-05-15,12.21,Clothing
CUST04373,2025-07-10,24.01,Travel
CUST04373,2025-06-11,28.25,Dining
CUST04373,2025-07-12,26.2,Dining
CUST04373,2025-05-12,73.52,Clothing
CUST04373,2025-07-24,159.45,Electronics
CUST04373,2025-05-23,79.97,Grocery
CUST04373,2025-05-15,37.53,Electronics
CUST04373,2025-06-12,104.9,Grocery
CUST04373,2025-06-16,45.66,Grocery
CUST04373,2025-06-20,328.86,Dining
CUST04373,2025-05-14,122.27,Dining
CUST04373,2025-07-15,53.41,Clothing
CUST04373,2025-07-26,249.25,Grocery
CUST04373,2025-06-04,286.43,Clothing
CUST04373,2025-07-06,394.26,Electronics
CUST04373,2025-06-12,86.16,Grocery
CUST04373,2025-06-20,67.91,Electronics
CUST04373,2025-05-23,27.89,Electronics
CUST04373,2025-06-17,21.93,Electronics
CUST04373,2025-07-28,11.12,Dining
CUST04373,2025-05-14,135.87,Dining
CUST04373,2025-06-20,133.92,Dining
CUST04373,2025-06-06,190.66,Dining
CUST04373,2025-05-23,61.53,Dining
CUST04373,2025-05-18,340.96,Travel
CUST04373,2025-07-27,55.44,Travel
CUST04373,2025-07-03,102.76,Dining
CUST04373,2025-06-18,75.86,Grocery
CUST04373,2025-07-23,38.57,Travel
CUST04373,2025-06-13,31.03,Clothing
CUST04373,2025-06-19,7.27,Clothing
CUST04373,2025-05-08,119.51,Travel
CUST04373,2025-06-06,107.43,Dining
CUST04373,2025-06-20,76.33,Travel
CUST04373,2025-05-12,81.3,Dining
CUST04373,2025-05-11,89.42,Travel
CUST04373,2025-06-30,5.44,Clothing
CUST04373,2025-06-06,22.2,Travel
CUST04373,2025-06-01,79.99,Clothing
CUST04373,2025-07-11,154.24,Grocery
CUST04373,2025-07-05,31.76,Dining
CUST04373,2025-06-26,89.01,Travel
CUST04373,2025-05-17,52.84,Grocery
CUST04373,2025-07-20,62.19,Electronics
CUST04373,2025-05-24,108.83,Grocery
CUST04373,2025-05-24,86.57,Grocery
CUST04373,2025-06-17,72.83,Electronics
CUST04373,2025-05-27,8.05,Clothing
CUST04373,2025-05-22,140.07,Dining
CUST04373,2025-05-29,19.12,Clothing
CUST04373,2025-07-23,31.12,Grocery
CUST04373,2025-07-14,121.62,Grocery
CUST04373,2025-07-08,21.65,Grocery
CUST04373,2025-07-02,143.83,Dining
CUST04373,2025-07-23,148.66,Electronics
CUST04373,2025-07-14,5.68,Grocery
CUST04373,2025-06-01,95.08,Dining
CUST04373,2025-05-26,74.3,Electronics
CUST04373,2025-06-04,148.43,Clothing
CUST04373,2025-06-02,129.25,Grocery
CUST04373,2025-05-19,9.53,Dining
CUST04373,2025-05-26,38.09,Dining
CUST04373,2025-05-18,90.01,Dining
CUST04373,2025-07-07,5.1,Clothing
CUST04373,2025-06-27,38.78,Electronics
CUST04373,2025-07-08,154.38,Travel
CUST04373,2025-06-28,28.53,Travel
CUST04373,2025-07-30,156.61,Travel
CUST04373,2025-06-14,66.15,Grocery
CUST04373,2025-05-12,17.05,Grocery
CUST04373,2025-06-13,120.47,Dining
CUST04373,2025-07-12,81.76,Electronics
CUST04373,2025-07-11,59.5,Electronics
CUST04373,2025-05-26,11.94,Dining
CUST04373,2025-06-14,28.3,Electronics
CUST04373,2025-05-31,9.32,Grocery
CUST04373,2025-07-10,139.15,Travel
CUST04373,2025-06-19,120.41,Electronics
CUST04373,2025-06-28,6.59,Travel
CUST04373,2025-06-29,71.25,Travel
CUST04373,2025-05-22,67.64,Dining
CUST04373,2025-05-09,25.38,Clothing
CUST04374,2024-08-04,87.58,Grocery
CUST04374,2023-12-26,153.41,Electronics
CUST04374,2025-01-17,74.38,Grocery
CUST04374,2024-01-23,29.62,Grocery
CUST04374,2025-02-08,144.63,Clothing
CUST04374,2024-03-18,26.88,Electronics
CUST04374,2024-05-13,55.94,Electronics
CUST04374,2024-02-11,22.02,Electronics
CUST04374,2025-07-19,89.76,Grocery
CUST04374,2024-10-05,120.95,Travel
CUST04374,2025-05-02,104.76,Electronics
CUST04374,2024-04-23,52.03,Grocery
CUST04374,2024-03-29,58.55,Travel
CUST04374,2024-08-03,94.98,Clothing
CUST04374,2024-08-19,46.87,Travel
CUST04374,2024-02-19,8.09,Grocery
CUST04374,2023-12-31,32.49,Travel
CUST04374,2024-06-29,98.14,Grocery
CUST04374,2024-03-11,280.79,Clothing
CUST04374,2025-04-23,16.82,Electronics
CUST04374,2024-02-29,162.15,Dining
CUST04374,2024-08-10,34.0,Electronics
CUST04374,2025-07-06,17.21,Travel
CUST04374,2024-03-16,5.29,Electronics
CUST04374,2024-10-08,29.72,Grocery
CUST04374,2024-06-24,94.47,Electronics
CUST04374,2025-05-22,187.37,Clothing
CUST04374,2024-09-29,32.82,Clothing
CUST04374,2025-06-15,165.79,Electronics
CUST04374,2024-04-17,21.1,Clothing
CUST04374,2024-11-18,75.18,Dining
CUST04374,2024-06-01,201.47,Clothing
CUST04374,2024-03-12,193.38,Grocery
CUST04374,2024-08-24,24.01,Clothing
CUST04374,2024-09-15,27.9,Electronics
CUST04374,2025-03-16,43.42,Electronics
CUST04374,2025-02-16,226.57,Electronics
CUST04374,2024-12-20,92.05,Grocery
CUST04374,2025-03-10,16.78,Travel
CUST04374,2025-07-03,76.36,Electronics
CUST04374,2024-01-06,72.13,Clothing
CUST04374,2024-03-27,35.3,Clothing
CUST04374,2024-10-22,79.04,Grocery
CUST04374,2025-05-09,284.2,Dining
CUST04374,2024-10-19,204.84,Clothing
CUST04374,2025-07-30,40.21,Clothing
CUST04374,2024-06-07,27.55,Grocery
CUST04374,2025-06-20,16.92,Grocery
CUST04374,2024-03-19,107.72,Dining
CUST04374,2024-04-07,55.3,Grocery
CUST04374,2024-01-06,295.47,Grocery
CUST04374,2024-06-26,7.66,Travel
CUST04374,2025-01-22,9.44,Travel
CUST04374,2024-05-31,266.99,Clothing
CUST04374,2024-11-20,396.54,Grocery
CUST04374,2024-09-08,96.85,Grocery
CUST04374,2024-12-19,20.92,Grocery
CUST04374,2025-01-01,126.99,Dining
CUST04374,2024-01-18,16.37,Electronics
CUST04374,2025-06-01,166.58,Electronics
CUST04374,2025-04-18,59.84,Dining
CUST04374,2024-09-22,85.53,Travel
CUST04374,2024-06-25,199.81,Grocery
CUST04374,2025-06-21,46.23,Travel
CUST04374,2025-01-13,12.66,Travel
CUST04374,2024-01-04,87.25,Travel
CUST04374,2025-02-21,211.08,Clothing
CUST04374,2025-03-02,50.81,Grocery
CUST04374,2024-07-29,213.92,Grocery
CUST04374,2024-09-25,27.2,Clothing
CUST04374,2024-07-30,200.29,Electronics
CUST04374,2025-04-02,119.49,Dining
CUST04374,2024-02-11,205.12,Clothing
CUST04374,2025-06-09,24.21,Electronics
CUST04374,2024-02-03,169.2,Travel
CUST04374,2024-11-18,18.45,Electronics
CUST04374,2024-07-05,5.15,Dining
CUST04374,2024-03-07,60.67,Travel
CUST04374,2024-10-21,368.69,Clothing
CUST04374,2024-05-19,74.08,Dining
CUST04374,2024-01-13,46.88,Electronics
CUST04374,2024-11-11,14.52,Grocery
CUST04374,2024-08-22,56.27,Electronics
CUST04374,2024-02-19,29.74,Travel
CUST04374,2024-03-30,52.24,Grocery
CUST04374,2024-12-15,22.64,Dining
CUST04374,2024-08-08,63.44,Dining
CUST04374,2024-04-09,90.46,Electronics
CUST04374,2025-06-14,170.66,Electronics
CUST04374,2024-12-09,39.36,Dining
CUST04374,2025-04-20,75.74,Electronics
CUST04374,2025-03-02,54.22,Electronics
CUST04374,2024-03-23,20.98,Dining
CUST04374,2024-09-17,309.38,Clothing
CUST04374,2025-05-21,74.65,Dining
CUST04374,2024-06-06,29.4,Electronics
CUST04374,2025-04-28,241.15,Electronics
CUST04374,2025-01-27,10.35,Travel
CUST04374,2024-05-04,54.29,Clothing
CUST04374,2024-12-18,88.67,Grocery
CUST04374,2025-06-03,12.67,Grocery
CUST04374,2025-01-10,194.78,Travel
CUST04375,2025-06-11,6.03,Electronics
CUST04375,2025-02-19,94.89,Dining
CUST04375,2024-03-09,30.52,Clothing
CUST04375,2024-04-21,104.9,Grocery
CUST04375,2024-04-29,87.43,Electronics
CUST04375,2024-10-03,13.68,Electronics
CUST04375,2024-04-09,12.57,Electronics
CUST04375,2025-04-25,21.24,Electronics
CUST04375,2025-02-26,6.61,Electronics
CUST04375,2025-01-18,13.06,Grocery
CUST04375,2025-03-26,68.08,Clothing
CUST04375,2024-11-12,55.21,Dining
CUST04375,2024-08-05,175.57,Clothing
CUST04375,2025-07-14,49.6,Clothing
CUST04375,2025-06-12,11.45,Dining
CUST04375,2024-09-25,126.44,Dining
CUST04375,2024-07-02,29.4,Grocery
CUST04375,2024-09-28,64.5,Dining
CUST04375,2025-02-13,227.34,Electronics
CUST04375,2024-10-18,176.13,Clothing
CUST04375,2024-04-16,10.82,Dining
CUST04375,2025-01-15,45.58,Grocery
CUST04375,2025-06-24,131.67,Travel
CUST04375,2025-06-03,37.47,Electronics
CUST04375,2025-03-31,21.45,Grocery
CUST04375,2024-08-11,53.7,Travel
CUST04375,2024-04-13,69.61,Clothing
CUST04375,2025-06-22,191.82,Dining
CUST04375,2024-11-22,126.84,Grocery
CUST04375,2024-10-08,8.36,Dining
CUST04375,2024-06-01,23.07,Electronics
CUST04375,2024-12-10,38.38,Electronics
CUST04375,2025-03-21,39.18,Travel
CUST04375,2025-06-07,30.12,Electronics
CUST04375,2024-07-30,22.88,Clothing
CUST04375,2024-07-19,51.25,Dining
CUST04375,2025-04-15,294.61,Travel
CUST04375,2025-01-10,40.67,Electronics
CUST04375,2024-12-17,32.54,Clothing
CUST04375,2024-08-17,80.22,Travel
CUST04375,2025-07-28,58.48,Dining
CUST04375,2024-10-18,252.62,Travel
CUST04375,2024-12-31,40.69,Travel
CUST04375,2025-02-10,40.36,Dining
CUST04375,2024-04-03,25.34,Dining
CUST04375,2024-03-30,31.35,Clothing
CUST04375,2024-04-29,187.11,Dining
CUST04375,2024-08-29,163.62,Dining
CUST04375,2024-09-01,13.53,Travel
CUST04375,2024-09-02,351.48,Clothing
CUST04375,2024-11-01,209.06,Electronics
CUST04375,2025-01-04,27.41,Dining
CUST04375,2024-07-20,43.18,Clothing
CUST04375,2024-12-10,108.06,Grocery
CUST04375,2024-05-28,30.87,Travel
CUST04375,2024-09-23,109.05,Dining
CUST04375,2025-01-08,105.07,Travel
CUST04375,2025-05-13,34.0,Clothing
CUST04375,2024-12-28,190.89,Dining
CUST04375,2024-10-01,53.58,Grocery
CUST04375,2024-06-08,105.07,Travel
CUST04375,2024-05-15,89.24,Dining
CUST04375,2025-03-18,35.36,Grocery
CUST04375,2025-04-07,45.82,Dining
CUST04375,2024-04-10,164.41,Electronics
CUST04375,2025-05-13,49.41,Grocery
CUST04375,2025-06-23,14.46,Clothing
CUST04375,2025-06-21,19.49,Clothing
CUST04375,2025-04-19,46.73,Clothing
CUST04375,2024-06-18,44.38,Electronics
CUST04375,2024-05-23,89.02,Dining
CUST04375,2025-05-06,24.1,Clothing
CUST04375,2025-02-05,25.73,Dining
CUST04375,2024-09-13,177.25,Travel
CUST04375,2024-08-10,288.86,Grocery
CUST04375,2024-03-27,65.08,Electronics
CUST04375,2025-02-24,111.91,Grocery
CUST04375,2024-12-27,127.93,Electronics
CUST04375,2024-11-14,10.92,Travel
CUST04375,2025-06-01,107.39,Clothing
CUST04375,2024-04-23,133.52,Dining
CUST04375,2024-04-03,40.77,Clothing
CUST04375,2024-06-30,285.21,Electronics
CUST04375,2025-06-14,235.53,Dining
CUST04375,2024-12-26,68.33,Clothing
CUST04375,2025-07-14,63.07,Electronics
CUST04375,2025-07-07,48.53,Grocery
CUST04375,2025-04-27,181.63,Travel
CUST04375,2025-02-22,71.54,Electronics
CUST04375,2025-02-13,145.18,Dining
CUST04375,2024-09-24,5.4,Electronics
CUST04375,2025-06-02,125.42,Grocery
CUST04375,2025-02-21,6.33,Grocery
CUST04376,2024-05-03,90.94,Electronics
CUST04376,2024-07-18,42.02,Grocery
CUST04376,2023-10-08,56.18,Dining
CUST04376,2024-05-18,205.2,Dining
CUST04376,2025-02-23,24.69,Clothing
CUST04376,2024-05-30,128.77,Grocery
CUST04376,2023-08-25,144.86,Travel
CUST04376,2024-05-04,74.86,Clothing
CUST04376,2025-07-26,146.41,Grocery
CUST04376,2024-01-26,14.89,Grocery
CUST04376,2025-04-20,162.58,Electronics
CUST04376,2023-07-03,77.09,Clothing
CUST04376,2024-10-06,296.01,Electronics
CUST04376,2024-03-17,47.0,Travel
CUST04376,2025-06-28,85.98,Dining
CUST04376,2024-01-07,99.46,Grocery
CUST04376,2025-03-17,115.9,Dining
CUST04376,2024-05-18,270.68,Dining
CUST04376,2024-01-11,284.71,Electronics
CUST04376,2023-10-08,26.59,Grocery
CUST04376,2023-09-09,32.48,Travel
CUST04376,2024-02-02,62.15,Dining
CUST04376,2025-04-04,24.43,Dining
CUST04376,2024-05-29,28.34,Electronics
CUST04376,2024-08-29,34.03,Clothing
CUST04376,2024-08-16,90.02,Clothing
CUST04376,2023-10-16,293.8,Travel
CUST04376,2023-11-22,107.76,Electronics
CUST04376,2024-06-21,14.4,Travel
CUST04376,2024-09-12,134.22,Travel
CUST04376,2023-08-23,23.58,Grocery
CUST04376,2023-04-28,116.4,Clothing
CUST04376,2023-09-23,62.14,Travel
CUST04376,2024-12-02,204.62,Travel
CUST04376,2025-01-26,92.29,Clothing
CUST04376,2023-07-25,434.5,Travel
CUST04376,2025-03-25,42.87,Clothing
CUST04376,2025-06-29,281.59,Travel
CUST04376,2024-01-17,56.19,Clothing
CUST04376,2023-09-28,26.44,Grocery
CUST04376,2025-03-31,163.28,Electronics
CUST04376,2024-04-03,32.58,Travel
CUST04376,2024-10-05,51.35,Grocery
CUST04376,2025-05-26,80.82,Electronics
CUST04376,2023-08-13,164.95,Travel
CUST04376,2024-01-12,137.0,Dining
CUST04376,2024-08-11,57.29,Grocery
CUST04376,2024-12-12,12.66,Clothing
CUST04376,2023-05-05,63.38,Clothing
CUST04376,2023-08-31,119.77,Grocery
CUST04376,2025-03-02,167.2,Electronics
CUST04376,2024-04-20,42.02,Clothing
CUST04376,2024-01-18,201.15,Travel
CUST04376,2024-11-26,25.69,Electronics
CUST04376,2024-01-05,19.17,Electronics
CUST04376,2023-09-12,39.99,Grocery
CUST04376,2024-09-11,89.79,Dining
CUST04376,2024-08-24,65.54,Electronics
CUST04376,2023-11-22,19.44,Dining
CUST04376,2024-01-14,318.94,Grocery
CUST04376,2025-06-15,234.88,Travel
CUST04376,2024-06-30,46.08,Travel
CUST04376,2025-07-16,26.45,Grocery
CUST04376,2024-03-18,344.93,Electronics
CUST04376,2023-12-13,33.96,Electronics
CUST04376,2024-02-16,7.92,Dining
CUST04376,2024-05-15,28.05,Grocery
CUST04376,2023-12-06,43.49,Clothing
CUST04376,2025-03-29,26.75,Grocery
CUST04376,2025-01-29,222.04,Clothing
CUST04376,2024-02-02,129.26,Travel
CUST04376,2023-08-23,24.73,Electronics
CUST04376,2023-10-16,19.01,Dining
CUST04376,2025-01-12,308.74,Grocery
CUST04376,2023-05-11,78.77,Clothing
CUST04376,2024-02-10,40.81,Grocery
CUST04376,2024-12-09,5.21,Grocery
CUST04376,2025-07-22,5.46,Travel
CUST04376,2024-07-14,158.88,Dining
CUST04376,2024-05-19,42.06,Electronics
CUST04376,2025-02-11,124.66,Travel
CUST04376,2023-09-16,21.21,Dining
CUST04376,2023-09-15,16.52,Clothing
CUST04376,2023-07-07,59.78,Grocery
CUST04376,2023-10-02,70.68,Clothing
CUST04376,2023-05-07,10.02,Electronics
CUST04376,2024-03-14,109.18,Clothing
CUST04376,2023-05-25,65.39,Grocery
CUST04376,2024-05-30,60.25,Grocery
CUST04376,2024-12-13,56.51,Travel
CUST04376,2025-05-10,12.56,Grocery
CUST04376,2024-06-12,74.04,Electronics
CUST04376,2023-10-27,8.48,Travel
CUST04376,2025-03-14,33.1,Dining
CUST04376,2023-08-27,155.18,Travel
CUST04376,2023-12-13,72.17,Grocery
CUST04376,2023-06-14,8.09,Travel
CUST04376,2023-08-01,24.25,Grocery
CUST04376,2025-05-20,14.99,Travel
CUST04376,2025-07-27,35.82,Travel
CUST04376,2025-01-12,19.0,Travel
CUST04376,2025-03-09,98.01,Travel
CUST04376,2025-02-18,44.83,Electronics
CUST04376,2024-03-30,161.24,Dining
CUST04377,2025-01-20,47.85,Clothing
CUST04377,2025-02-26,36.07,Travel
CUST04377,2024-05-20,56.59,Clothing
CUST04377,2024-06-08,133.21,Travel
CUST04377,2024-01-13,126.72,Clothing
CUST04377,2024-10-08,216.63,Travel
CUST04377,2024-11-29,60.48,Electronics
CUST04377,2025-03-03,33.38,Clothing
CUST04377,2023-10-14,76.37,Electronics
CUST04377,2024-09-15,80.41,Grocery
CUST04377,2024-11-09,113.25,Dining
CUST04377,2024-03-16,331.01,Electronics
CUST04377,2023-10-24,97.04,Electronics
CUST04377,2023-11-17,399.28,Electronics
CUST04377,2024-04-27,11.01,Clothing
CUST04377,2024-09-04,11.79,Grocery
CUST04377,2024-10-03,12.01,Travel
CUST04377,2023-11-05,59.12,Dining
CUST04377,2024-09-14,146.99,Electronics
CUST04377,2024-12-16,54.01,Electronics
CUST04377,2025-01-18,38.8,Dining
CUST04377,2025-06-09,182.11,Dining
CUST04377,2024-11-19,22.05,Grocery
CUST04377,2025-04-20,195.13,Dining
CUST04377,2024-02-29,38.79,Clothing
CUST04377,2025-03-05,8.29,Grocery
CUST04377,2024-01-30,50.99,Electronics
CUST04377,2025-01-07,147.57,Clothing
CUST04377,2024-01-11,64.65,Dining
CUST04377,2024-11-23,63.5,Grocery
CUST04377,2024-02-15,172.18,Grocery
CUST04377,2023-12-25,160.78,Clothing
CUST04377,2024-09-04,92.33,Travel
CUST04377,2024-08-25,42.15,Grocery
CUST04377,2025-07-06,186.95,Clothing
CUST04377,2025-07-29,51.55,Clothing
CUST04377,2025-05-13,61.4,Dining
CUST04377,2024-07-15,188.64,Travel
CUST04377,2024-12-05,103.44,Electronics
CUST04377,2023-12-10,267.48,Travel
CUST04377,2024-07-14,57.51,Clothing
CUST04377,2025-07-22,9.3,Clothing
CUST04377,2024-08-06,151.46,Travel
CUST04377,2024-10-25,33.32,Grocery
CUST04377,2024-03-01,92.84,Grocery
CUST04377,2023-10-20,51.5,Travel
CUST04377,2023-11-19,15.93,Grocery
CUST04377,2024-10-04,124.11,Grocery
CUST04377,2024-06-29,49.7,Dining
CUST04377,2023-11-30,206.73,Dining
CUST04377,2024-05-24,144.76,Dining
CUST04377,2025-05-27,33.06,Electronics
CUST04377,2025-04-08,6.44,Travel
CUST04377,2024-01-09,34.8,Dining
CUST04377,2024-12-09,25.62,Grocery
CUST04377,2024-01-03,64.74,Dining
CUST04377,2025-04-30,28.99,Grocery
CUST04377,2024-03-25,25.87,Travel
CUST04377,2024-08-08,41.44,Clothing
CUST04377,2025-04-26,43.54,Clothing
CUST04377,2023-11-01,139.58,Electronics
CUST04377,2025-01-21,32.66,Dining
CUST04377,2023-12-02,84.35,Grocery
CUST04377,2024-09-27,17.32,Electronics
CUST04377,2024-11-29,279.22,Clothing
CUST04377,2025-06-24,25.87,Travel
CUST04377,2024-06-15,7.1,Travel
CUST04377,2023-12-24,35.94,Dining
CUST04377,2025-06-07,127.48,Travel
CUST04377,2024-10-29,140.85,Travel
CUST04377,2024-07-26,15.42,Dining
CUST04377,2023-12-02,97.43,Electronics
CUST04377,2024-08-06,117.09,Clothing
CUST04377,2023-12-11,77.02,Travel
CUST04377,2024-03-17,26.31,Travel
CUST04377,2025-04-06,40.85,Travel
CUST04377,2024-07-03,52.08,Dining
CUST04377,2024-05-03,230.8,Grocery
CUST04377,2024-10-02,48.53,Clothing
CUST04377,2024-05-25,281.22,Dining
CUST04378,2022-10-08,40.25,Travel
CUST04378,2022-01-17,399.07,Electronics
CUST04378,2023-02-26,28.58,Travel
CUST04378,2023-01-01,11.84,Grocery
CUST04378,2022-04-09,62.89,Dining
CUST04378,2023-07-21,96.4,Dining
CUST04378,2022-06-08,16.39,Dining
CUST04378,2022-03-07,18.06,Travel
CUST04378,2024-08-13,98.94,Dining
CUST04378,2021-09-10,25.31,Dining
CUST04378,2025-05-17,130.31,Dining
CUST04378,2021-08-15,223.24,Travel
CUST04378,2023-01-12,85.28,Electronics
CUST04378,2023-05-09,137.2,Grocery
CUST04378,2023-10-12,14.49,Clothing
CUST04378,2024-08-25,86.43,Travel
CUST04378,2025-03-07,62.22,Electronics
CUST04378,2023-11-27,19.13,Grocery
CUST04378,2022-04-06,143.65,Electronics
CUST04378,2022-01-29,122.69,Dining
CUST04378,2025-04-09,10.24,Grocery
CUST04378,2022-09-15,42.38,Grocery
CUST04378,2024-02-16,336.33,Grocery
CUST04378,2025-01-23,47.22,Dining
CUST04378,2022-10-08,25.15,Dining
CUST04378,2023-09-22,67.52,Dining
CUST04378,2022-09-12,90.45,Clothing
CUST04378,2022-07-26,41.83,Clothing
CUST04378,2024-02-20,64.57,Travel
CUST04378,2022-01-05,40.0,Clothing
CUST04378,2023-06-23,59.99,Travel
CUST04378,2024-02-05,14.24,Dining
CUST04378,2021-05-08,148.01,Clothing
CUST04378,2022-05-10,13.28,Travel
CUST04378,2021-07-04,245.52,Travel
CUST04378,2022-09-26,63.79,Electronics
CUST04378,2023-06-14,84.25,Grocery
CUST04378,2023-02-12,70.53,Grocery
CUST04378,2022-04-02,188.33,Travel
CUST04378,2025-06-02,42.13,Dining
CUST04378,2022-10-04,101.54,Dining
CUST04378,2025-04-06,14.31,Dining
CUST04378,2021-12-11,128.47,Grocery
CUST04378,2023-04-23,86.91,Travel
CUST04378,2024-06-07,13.31,Grocery
CUST04378,2023-04-21,149.91,Clothing
CUST04378,2022-03-17,28.42,Grocery
CUST04378,2024-05-28,20.31,Dining
CUST04378,2021-06-18,140.76,Grocery
CUST04378,2024-09-23,6.0,Travel
CUST04378,2025-02-14,222.01,Travel
CUST04378,2021-03-30,88.93,Dining
CUST04378,2023-11-28,16.76,Clothing
CUST04378,2023-06-07,53.29,Grocery
CUST04378,2023-03-31,96.63,Clothing
CUST04378,2023-05-25,10.51,Dining
CUST04378,2022-11-21,188.31,Grocery
CUST04378,2025-04-14,71.88,Dining
CUST04378,2024-04-20,167.32,Travel
CUST04378,2023-05-29,44.33,Travel
CUST04378,2024-05-28,5.35,Travel
CUST04378,2022-05-12,59.26,Dining
CUST04378,2024-12-28,195.24,Travel
CUST04378,2021-08-26,101.93,Electronics
CUST04378,2025-01-30,194.38,Travel
CUST04378,2025-06-07,228.48,Electronics
CUST04378,2025-01-03,72.09,Dining
CUST04378,2022-02-18,79.65,Clothing
CUST04378,2024-07-20,16.92,Dining
CUST04378,2024-10-11,186.51,Dining
CUST04378,2024-05-11,238.23,Travel
CUST04378,2024-11-06,57.18,Dining
CUST04378,2022-01-18,521.08,Dining
CUST04378,2023-10-13,175.64,Clothing
CUST04378,2021-08-09,32.55,Travel
CUST04378,2025-06-03,22.89,Clothing
CUST04378,2024-10-15,70.28,Travel
CUST04378,2022-12-26,25.12,Dining
CUST04378,2023-06-20,188.84,Travel
CUST04378,2021-04-25,96.97,Travel
CUST04378,2021-06-07,100.43,Clothing
CUST04378,2023-08-07,114.85,Electronics
CUST04378,2024-04-21,31.97,Dining
CUST04378,2023-09-22,122.51,Dining
CUST04378,2024-09-10,26.28,Travel
CUST04378,2022-01-22,252.97,Dining
CUST04378,2021-09-17,116.12,Travel
CUST04378,2023-12-24,50.88,Clothing
CUST04378,2024-11-05,41.1,Grocery
CUST04378,2024-10-25,77.97,Travel
CUST04378,2024-04-30,96.07,Grocery
CUST04378,2022-02-21,123.03,Travel
CUST04378,2025-07-27,8.06,Clothing
CUST04378,2021-11-23,181.11,Electronics
CUST04378,2023-06-11,163.4,Grocery
CUST04378,2025-07-18,11.88,Dining
CUST04378,2021-10-21,118.09,Travel
CUST04378,2022-07-21,22.53,Grocery
CUST04378,2024-02-03,88.11,Clothing
CUST04379,2024-09-24,25.94,Travel
CUST04379,2025-01-04,127.54,Dining
CUST04379,2025-05-11,29.16,Dining
CUST04379,2024-11-07,73.15,Travel
CUST04379,2024-04-27,210.42,Clothing
CUST04379,2023-06-21,339.48,Electronics
CUST04379,2024-01-19,156.5,Dining
CUST04379,2024-03-13,93.54,Clothing
CUST04379,2024-11-17,18.66,Clothing
CUST04379,2025-03-21,48.84,Clothing
CUST04379,2024-09-26,15.89,Clothing
CUST04379,2024-06-15,21.32,Electronics
CUST04379,2025-04-09,41.95,Travel
CUST04379,2023-04-30,46.25,Grocery
CUST04379,2025-07-21,34.46,Clothing
CUST04379,2024-10-06,20.45,Clothing
CUST04379,2024-11-28,24.84,Travel
CUST04379,2023-03-21,15.89,Grocery
CUST04379,2023-09-02,10.63,Electronics
CUST04379,2024-06-09,77.05,Dining
CUST04379,2023-06-06,20.34,Travel
CUST04379,2023-12-01,96.14,Clothing
CUST04379,2025-07-20,31.62,Grocery
CUST04379,2025-02-17,20.57,Travel
CUST04379,2024-04-27,74.77,Electronics
CUST04379,2023-08-16,73.96,Clothing
CUST04379,2025-04-12,352.03,Clothing
CUST04379,2024-08-24,24.8,Clothing
CUST04379,2024-10-26,5.25,Travel
CUST04379,2025-01-16,52.77,Electronics
CUST04379,2024-01-22,62.14,Dining
CUST04379,2025-03-08,109.51,Grocery
CUST04379,2024-09-01,26.49,Electronics
CUST04379,2023-09-17,46.86,Travel
CUST04379,2023-03-11,8.57,Clothing
CUST04379,2024-10-25,6.68,Clothing
CUST04379,2023-06-13,102.33,Clothing
CUST04379,2024-10-23,31.37,Electronics
CUST04379,2023-11-13,89.77,Electronics
CUST04379,2024-08-19,92.25,Electronics
CUST04379,2023-12-26,168.8,Electronics
CUST04379,2024-09-15,41.82,Dining
CUST04379,2024-11-25,165.18,Dining
CUST04379,2024-01-13,93.22,Dining
CUST04379,2024-09-21,40.62,Dining
CUST04379,2023-12-21,68.28,Clothing
CUST04379,2024-01-09,14.52,Travel
CUST04379,2024-03-31,33.15,Dining
CUST04379,2025-03-22,18.66,Dining
CUST04379,2024-05-29,137.67,Travel
CUST04379,2025-06-08,11.99,Travel
CUST04379,2024-06-20,84.2,Electronics
CUST04379,2023-11-24,78.14,Clothing
CUST04379,2024-01-14,38.4,Grocery
CUST04379,2023-03-17,93.23,Clothing
CUST04379,2024-06-05,38.73,Dining
CUST04379,2025-04-28,75.81,Dining
CUST04379,2023-10-21,257.09,Dining
CUST04379,2025-06-08,191.31,Clothing
CUST04379,2023-11-04,67.59,Clothing
CUST04379,2024-11-03,57.02,Dining
CUST04379,2024-12-14,19.21,Grocery
CUST04379,2024-07-11,26.6,Dining
CUST04379,2024-06-16,23.08,Clothing
CUST04379,2024-08-17,62.2,Electronics
CUST04379,2023-03-10,98.96,Grocery
CUST04379,2025-01-19,88.97,Electronics
CUST04379,2024-07-14,91.13,Travel
CUST04379,2025-06-16,83.03,Electronics
CUST04379,2024-12-20,5.84,Clothing
CUST04379,2025-07-06,81.84,Grocery
CUST04379,2025-02-14,117.38,Clothing
CUST04379,2024-04-20,44.53,Grocery
CUST04379,2025-07-25,29.98,Travel
CUST04379,2024-04-24,180.14,Dining
CUST04379,2024-02-25,25.36,Clothing
CUST04379,2023-09-07,10.86,Electronics
CUST04379,2025-02-15,28.39,Clothing
CUST04379,2024-10-24,46.37,Dining
CUST04379,2025-07-08,13.54,Travel
CUST04379,2024-10-01,147.23,Travel
CUST04379,2024-05-04,52.65,Electronics
CUST04379,2024-04-19,47.15,Electronics
CUST04379,2025-07-17,119.95,Travel
CUST04379,2025-05-30,29.95,Clothing
CUST04379,2024-12-03,44.1,Grocery
CUST04379,2024-01-19,329.26,Electronics
CUST04379,2023-10-07,297.27,Travel
CUST04379,2024-07-17,159.58,Dining
CUST04379,2023-12-23,50.12,Grocery
CUST04379,2024-06-11,84.22,Grocery
CUST04379,2025-03-31,12.28,Electronics
CUST04379,2025-05-12,17.1,Dining
CUST04379,2024-11-08,28.38,Dining
CUST04379,2024-07-24,33.14,Grocery
CUST04379,2023-07-15,113.67,Dining
CUST04380,2024-05-31,233.36,Travel
CUST04380,2025-08-01,158.0,Electronics
CUST04380,2024-05-31,168.09,Dining
CUST04380,2025-06-27,65.57,Clothing
CUST04380,2024-07-29,240.8,Travel
CUST04380,2023-08-29,18.15,Clothing
CUST04380,2023-05-20,42.41,Grocery
CUST04380,2024-10-04,39.53,Dining
CUST04380,2024-11-30,58.98,Electronics
CUST04380,2024-09-15,103.03,Clothing
CUST04380,2024-11-19,46.84,Grocery
CUST04380,2024-09-09,175.39,Grocery
CUST04380,2024-05-08,286.93,Clothing
CUST04380,2024-03-10,70.38,Clothing
CUST04380,2023-05-09,45.36,Electronics
CUST04380,2023-09-05,9.03,Electronics
CUST04380,2024-05-11,54.82,Electronics
CUST04380,2025-03-08,50.89,Dining
CUST04380,2025-03-21,254.95,Dining
CUST04380,2024-09-24,208.6,Clothing
CUST04380,2023-08-17,14.16,Electronics
CUST04380,2023-04-23,30.9,Electronics
CUST04380,2024-09-27,167.9,Grocery
CUST04380,2024-07-01,38.63,Clothing
CUST04380,2025-02-20,24.79,Travel
CUST04380,2024-06-17,313.06,Electronics
CUST04380,2024-08-29,73.41,Electronics
CUST04380,2024-04-25,115.5,Travel
CUST04380,2023-07-17,27.07,Clothing
CUST04380,2024-11-04,96.27,Grocery
CUST04380,2024-11-30,166.55,Dining
CUST04380,2025-03-30,41.95,Clothing
CUST04380,2025-01-25,25.47,Clothing
CUST04380,2023-10-23,102.29,Electronics
CUST04380,2024-08-11,123.23,Grocery
CUST04380,2025-02-04,15.51,Electronics
CUST04380,2023-07-25,187.07,Travel
CUST04380,2024-10-19,109.78,Electronics
CUST04380,2025-07-03,119.43,Electronics
CUST04380,2024-05-31,42.89,Dining
CUST04380,2024-11-22,11.66,Grocery
CUST04380,2024-06-18,24.14,Grocery
CUST04380,2023-11-09,34.07,Dining
CUST04380,2023-08-14,37.25,Dining
CUST04380,2025-03-21,46.59,Travel
CUST04380,2024-04-28,64.09,Electronics
CUST04380,2025-07-23,81.42,Electronics
CUST04380,2025-01-30,53.24,Travel
CUST04380,2023-09-28,9.78,Dining
CUST04380,2024-03-18,34.89,Clothing
CUST04380,2024-12-05,12.41,Dining
CUST04380,2024-10-14,210.76,Electronics
CUST04380,2025-02-01,120.3,Electronics
CUST04380,2023-05-16,200.84,Clothing
CUST04380,2024-10-18,41.2,Travel
CUST04380,2025-07-13,26.96,Grocery
CUST04380,2025-05-25,13.34,Dining
CUST04380,2023-06-05,38.27,Travel
CUST04380,2023-09-09,9.59,Electronics
CUST04380,2023-04-17,12.48,Travel
CUST04380,2024-10-28,346.97,Electronics
CUST04380,2023-04-16,138.46,Grocery
CUST04380,2025-07-18,98.79,Electronics
CUST04380,2025-01-18,89.93,Dining
CUST04380,2024-02-14,81.21,Travel
CUST04380,2024-04-29,20.14,Travel
CUST04380,2025-03-02,184.63,Clothing
CUST04380,2023-05-15,12.31,Electronics
CUST04380,2023-05-18,90.45,Grocery
CUST04380,2023-05-11,31.12,Dining
CUST04380,2023-09-07,123.23,Travel
CUST04380,2024-07-17,110.47,Electronics
CUST04380,2024-10-18,80.0,Dining
CUST04380,2024-02-03,29.03,Clothing
CUST04380,2024-02-27,68.76,Dining
CUST04380,2023-08-14,11.11,Electronics
CUST04380,2024-02-02,93.62,Grocery
CUST04380,2025-04-16,13.47,Electronics
CUST04380,2025-03-12,159.37,Clothing
CUST04380,2024-02-15,69.77,Electronics
CUST04380,2024-04-01,17.72,Dining
CUST04380,2025-03-03,22.42,Grocery
CUST04380,2024-08-25,175.24,Grocery
CUST04380,2025-05-22,14.17,Clothing
CUST04380,2025-03-31,303.29,Travel
CUST04380,2024-04-08,21.58,Electronics
CUST04380,2023-05-18,7.19,Grocery
CUST04380,2024-10-21,168.37,Travel
CUST04380,2024-03-25,71.37,Dining
CUST04380,2023-09-15,91.0,Travel
CUST04380,2023-09-28,17.7,Travel
CUST04380,2023-12-31,30.27,Electronics
CUST04380,2025-01-23,9.17,Dining
CUST04380,2023-11-19,77.75,Clothing
CUST04380,2024-04-30,6.27,Dining
CUST04380,2024-07-29,135.78,Grocery
CUST04380,2024-01-18,61.84,Grocery
CUST04380,2023-11-30,105.99,Clothing
CUST04380,2025-06-21,112.05,Clothing
CUST04380,2024-12-14,467.29,Electronics
CUST04381,2024-12-19,145.0,Grocery
CUST04381,2025-05-22,65.52,Grocery
CUST04381,2025-06-01,314.61,Dining
CUST04381,2025-02-28,153.41,Grocery
CUST04381,2024-12-16,177.36,Electronics
CUST04381,2025-04-08,89.32,Dining
CUST04381,2025-03-20,79.02,Travel
CUST04381,2025-02-12,28.2,Electronics
CUST04381,2025-07-24,32.5,Dining
CUST04381,2024-12-02,18.71,Electronics
CUST04381,2025-06-18,62.64,Dining
CUST04381,2025-03-09,91.14,Dining
CUST04381,2025-03-10,81.86,Dining
CUST04381,2025-02-01,29.5,Travel
CUST04381,2025-07-13,25.03,Clothing
CUST04381,2025-05-24,362.43,Grocery
CUST04381,2025-03-04,61.86,Clothing
CUST04381,2025-05-05,64.09,Grocery
CUST04381,2025-01-06,36.25,Dining
CUST04381,2025-04-04,50.68,Grocery
CUST04381,2025-05-21,219.3,Dining
CUST04381,2025-04-16,87.77,Clothing
CUST04381,2025-07-19,106.0,Travel
CUST04381,2024-10-21,13.07,Grocery
CUST04381,2025-02-10,42.64,Travel
CUST04381,2025-04-03,97.24,Clothing
CUST04381,2025-05-29,46.24,Electronics
CUST04381,2025-07-23,26.86,Dining
CUST04381,2025-06-09,33.45,Dining
CUST04381,2025-03-22,98.88,Travel
CUST04381,2025-01-18,119.37,Dining
CUST04381,2024-11-24,9.16,Electronics
CUST04381,2024-10-16,124.59,Travel
CUST04381,2024-12-22,22.38,Clothing
CUST04381,2024-11-10,5.06,Electronics
CUST04381,2025-05-31,48.65,Electronics
CUST04381,2025-06-29,107.81,Dining
CUST04381,2024-10-19,155.21,Clothing
CUST04381,2024-12-20,33.8,Clothing
CUST04381,2025-06-24,83.11,Clothing
CUST04381,2024-12-17,10.02,Dining
CUST04381,2025-02-13,306.87,Travel
CUST04381,2025-02-23,7.2,Travel
CUST04381,2025-02-28,56.81,Dining
CUST04381,2025-05-27,63.51,Dining
CUST04381,2024-11-24,50.98,Grocery
CUST04381,2025-03-17,15.28,Electronics
CUST04381,2024-12-26,46.57,Travel
CUST04381,2024-11-04,34.57,Grocery
CUST04381,2025-03-13,135.0,Electronics
CUST04381,2025-01-21,55.16,Grocery
CUST04381,2025-04-12,31.88,Travel
CUST04381,2025-02-20,30.95,Clothing
CUST04381,2025-05-22,35.94,Travel
CUST04381,2025-04-19,148.06,Electronics
CUST04381,2025-03-16,124.1,Electronics
CUST04381,2024-11-06,7.95,Clothing
CUST04381,2025-06-20,141.74,Dining
CUST04381,2025-01-02,8.88,Clothing
CUST04381,2025-02-11,21.83,Dining
CUST04381,2025-03-08,37.6,Electronics
CUST04381,2024-12-14,17.83,Travel
CUST04381,2025-03-22,98.93,Grocery
CUST04381,2025-02-24,28.21,Travel
CUST04381,2025-06-24,120.19,Travel
CUST04381,2025-07-24,138.46,Electronics
CUST04381,2025-02-25,98.58,Clothing
CUST04381,2025-03-29,135.88,Clothing
CUST04381,2025-01-18,49.78,Clothing
CUST04381,2025-06-13,12.72,Electronics
CUST04381,2024-11-25,34.2,Clothing
CUST04381,2025-04-12,174.22,Grocery
CUST04381,2025-07-18,48.24,Grocery
CUST04381,2025-07-05,156.41,Clothing
CUST04381,2025-04-01,215.15,Clothing
CUST04381,2025-04-14,73.97,Grocery
CUST04381,2024-11-16,115.69,Travel
CUST04381,2024-12-27,112.28,Dining
CUST04381,2025-01-16,33.79,Electronics
CUST04381,2025-03-04,37.35,Dining
CUST04381,2025-07-28,13.73,Grocery
CUST04381,2025-05-29,78.72,Electronics
CUST04381,2024-10-24,50.69,Grocery
CUST04381,2024-12-08,52.86,Travel
CUST04381,2025-01-05,9.53,Travel
CUST04381,2025-07-11,201.4,Dining
CUST04381,2025-03-28,222.41,Electronics
CUST04381,2025-06-29,20.59,Clothing
CUST04381,2025-02-15,152.72,Electronics
CUST04381,2025-04-11,11.23,Clothing
CUST04381,2024-11-09,227.82,Electronics
CUST04381,2025-03-27,11.55,Grocery
CUST04381,2025-02-23,12.5,Grocery
CUST04381,2024-11-29,33.37,Grocery
CUST04381,2025-03-07,9.63,Dining
CUST04381,2025-06-17,74.36,Travel
CUST04381,2024-11-27,11.79,Travel
CUST04382,2022-12-29,34.43,Electronics
CUST04382,2024-09-19,20.14,Electronics
CUST04382,2025-01-07,22.86,Clothing
CUST04382,2023-01-30,265.47,Electronics
CUST04382,2025-04-19,34.16,Electronics
CUST04382,2023-08-11,30.24,Dining
CUST04382,2023-07-06,30.51,Dining
CUST04382,2022-11-10,59.1,Clothing
CUST04382,2022-10-23,16.37,Grocery
CUST04382,2023-08-21,168.57,Travel
CUST04382,2025-06-30,33.29,Clothing
CUST04382,2023-04-15,77.88,Electronics
CUST04382,2023-11-18,11.51,Travel
CUST04382,2023-11-13,36.72,Dining
CUST04382,2024-08-08,19.71,Electronics
CUST04382,2025-07-03,205.32,Clothing
CUST04382,2023-11-20,65.32,Dining
CUST04382,2024-03-24,22.72,Clothing
CUST04382,2025-06-11,7.33,Grocery
CUST04382,2025-05-12,148.5,Travel
CUST04382,2024-09-10,30.42,Clothing
CUST04382,2024-03-05,50.32,Travel
CUST04382,2023-07-15,20.12,Grocery
CUST04382,2023-10-05,30.28,Clothing
CUST04382,2024-10-20,23.65,Clothing
CUST04382,2024-04-21,117.86,Clothing
CUST04382,2025-01-16,86.14,Grocery
CUST04382,2025-01-31,6.6,Electronics
CUST04382,2023-04-21,348.17,Dining
CUST04382,2024-09-18,142.79,Dining
CUST04382,2025-01-22,131.56,Travel
CUST04382,2023-09-09,64.02,Travel
CUST04382,2024-11-08,21.0,Travel
CUST04382,2025-01-14,81.24,Grocery
CUST04382,2022-09-09,69.09,Grocery
CUST04382,2024-10-26,190.01,Dining
CUST04382,2024-02-16,32.41,Electronics
CUST04382,2023-02-18,38.56,Grocery
CUST04382,2023-05-07,19.86,Grocery
CUST04382,2023-04-23,117.63,Clothing
CUST04382,2025-06-06,35.49,Travel
CUST04382,2022-08-09,167.4,Clothing
CUST04382,2023-03-24,13.71,Grocery
CUST04382,2024-05-08,52.73,Clothing
CUST04382,2025-04-15,101.37,Dining
CUST04382,2023-04-17,35.22,Grocery
CUST04382,2025-03-01,206.03,Travel
CUST04382,2023-07-01,30.02,Grocery
CUST04382,2023-06-26,496.72,Electronics
CUST04382,2023-06-13,19.4,Clothing
CUST04382,2024-07-13,56.99,Travel
CUST04382,2022-10-04,11.83,Grocery
CUST04382,2025-06-05,10.47,Travel
CUST04382,2023-02-07,5.1,Electronics
CUST04382,2024-02-03,26.39,Dining
CUST04382,2023-05-19,154.18,Clothing
CUST04382,2024-03-16,5.69,Electronics
CUST04382,2024-11-02,163.89,Clothing
CUST04382,2024-11-29,5.56,Dining
CUST04382,2024-08-06,92.11,Clothing
CUST04382,2025-01-18,37.24,Clothing
CUST04382,2024-07-27,77.91,Electronics
CUST04382,2025-04-16,80.46,Travel
CUST04382,2022-09-09,53.3,Clothing
CUST04382,2025-06-14,458.59,Travel
CUST04382,2025-02-27,15.73,Electronics
CUST04382,2022-12-30,92.55,Dining
CUST04382,2023-03-24,42.66,Electronics
CUST04382,2024-08-29,14.13,Travel
CUST04382,2025-03-02,144.54,Clothing
CUST04382,2024-08-25,258.79,Grocery
CUST04382,2023-07-05,91.38,Travel
CUST04382,2022-12-30,52.96,Travel
CUST04382,2024-11-06,16.3,Electronics
CUST04382,2024-06-02,89.64,Clothing
CUST04382,2025-02-05,6.28,Travel
CUST04382,2025-06-25,11.14,Travel
CUST04382,2023-07-03,26.84,Travel
CUST04382,2023-11-01,19.65,Clothing
CUST04382,2024-12-05,7.82,Electronics
CUST04382,2024-02-24,8.91,Travel
CUST04382,2025-03-24,33.47,Grocery
CUST04382,2022-12-22,62.39,Grocery
CUST04382,2022-11-12,47.54,Grocery
CUST04382,2022-08-13,28.8,Grocery
CUST04382,2025-02-01,31.09,Electronics
CUST04382,2023-08-09,59.62,Dining
CUST04382,2022-12-31,202.35,Electronics
CUST04382,2024-07-26,26.44,Travel
CUST04382,2023-06-23,36.44,Clothing
CUST04382,2024-01-12,102.43,Electronics
CUST04382,2023-03-08,13.33,Clothing
CUST04382,2023-01-26,19.6,Travel
CUST04382,2025-01-07,41.75,Electronics
CUST04382,2023-11-18,26.25,Electronics
CUST04382,2023-05-22,21.48,Clothing
CUST04382,2022-09-01,44.86,Dining
CUST04382,2023-03-20,82.77,Grocery
CUST04383,2025-01-15,75.88,Electronics
CUST04383,2024-08-28,13.97,Grocery
CUST04383,2022-08-25,21.72,Grocery
CUST04383,2022-05-04,27.54,Grocery
CUST04383,2021-08-30,95.17,Clothing
CUST04383,2022-11-24,171.91,Travel
CUST04383,2022-05-23,27.51,Electronics
CUST04383,2021-10-23,20.32,Clothing
CUST04383,2021-10-14,23.3,Clothing
CUST04383,2021-09-15,228.23,Dining
CUST04383,2024-10-27,20.56,Grocery
CUST04383,2021-11-20,285.92,Clothing
CUST04383,2023-12-22,55.29,Electronics
CUST04383,2022-03-23,47.61,Travel
CUST04383,2023-07-30,78.46,Travel
CUST04383,2023-07-15,49.88,Clothing
CUST04383,2022-03-13,8.75,Grocery
CUST04383,2021-04-18,15.94,Grocery
CUST04383,2021-05-02,10.44,Travel
CUST04383,2024-06-17,154.47,Travel
CUST04383,2025-01-27,38.48,Clothing
CUST04383,2021-04-22,21.6,Travel
CUST04383,2024-03-16,56.8,Travel
CUST04383,2021-12-17,123.9,Travel
CUST04383,2022-02-11,27.64,Clothing
CUST04383,2022-03-14,94.52,Grocery
CUST04383,2023-07-19,114.46,Clothing
CUST04383,2022-08-13,30.15,Clothing
CUST04383,2023-08-08,18.52,Dining
CUST04383,2023-02-27,58.84,Clothing
CUST04383,2025-04-23,89.77,Dining
CUST04383,2022-10-12,182.72,Grocery
CUST04383,2021-09-27,56.05,Clothing
CUST04383,2023-06-17,36.87,Electronics
CUST04383,2023-09-14,71.25,Clothing
CUST04383,2023-12-13,53.81,Travel
CUST04383,2023-08-01,50.35,Clothing
CUST04383,2023-09-28,45.65,Clothing
CUST04383,2024-06-04,50.59,Clothing
CUST04383,2025-07-21,72.6,Dining
CUST04383,2023-03-21,82.38,Grocery
CUST04383,2021-04-13,89.06,Clothing
CUST04383,2025-07-06,119.74,Travel
CUST04383,2021-04-02,135.81,Clothing
CUST04383,2023-05-03,27.61,Electronics
CUST04383,2023-12-12,30.92,Dining
CUST04383,2024-04-28,40.66,Grocery
CUST04383,2021-07-11,19.64,Electronics
CUST04383,2023-07-01,209.15,Clothing
CUST04383,2021-09-23,5.99,Clothing
CUST04383,2023-05-02,279.24,Dining
CUST04383,2023-04-25,85.62,Travel
CUST04383,2023-08-22,189.99,Dining
CUST04383,2021-10-04,123.24,Electronics
CUST04383,2023-06-20,65.4,Dining
CUST04383,2022-07-29,44.74,Clothing
CUST04383,2022-05-04,52.74,Dining
CUST04383,2022-04-21,96.27,Clothing
CUST04383,2021-12-21,41.09,Grocery
CUST04383,2025-04-28,36.25,Clothing
CUST04383,2023-07-20,163.13,Clothing
CUST04383,2022-07-09,146.6,Grocery
CUST04383,2025-04-24,19.14,Grocery
CUST04383,2025-05-28,232.68,Dining
CUST04383,2023-03-06,32.73,Grocery
CUST04383,2021-07-12,137.94,Dining
CUST04383,2022-03-13,19.09,Electronics
CUST04383,2023-08-09,14.16,Electronics
CUST04383,2022-05-29,15.16,Travel
CUST04383,2023-08-09,223.67,Electronics
CUST04383,2023-01-23,14.81,Dining
CUST04383,2022-02-20,49.37,Electronics
CUST04383,2021-08-12,57.97,Electronics
CUST04383,2022-09-09,57.56,Travel
CUST04383,2022-10-27,107.18,Electronics
CUST04383,2025-07-20,51.33,Dining
CUST04383,2021-10-16,131.3,Grocery
CUST04383,2023-05-02,13.69,Grocery
CUST04383,2024-10-19,41.64,Electronics
CUST04383,2025-05-08,21.08,Dining
CUST04383,2023-05-01,99.32,Electronics
CUST04383,2025-02-22,18.06,Travel
CUST04383,2023-01-13,82.41,Electronics
CUST04383,2024-11-01,74.57,Travel
CUST04383,2023-10-12,7.71,Travel
CUST04383,2021-03-13,10.91,Grocery
CUST04383,2024-01-19,54.16,Travel
CUST04383,2023-06-30,244.14,Dining
CUST04383,2021-09-11,238.76,Travel
CUST04383,2021-06-05,47.43,Travel
CUST04383,2025-04-29,48.24,Dining
CUST04383,2025-04-18,224.48,Dining
CUST04383,2024-12-20,54.08,Dining
CUST04383,2022-07-26,29.45,Dining
CUST04383,2021-10-10,28.67,Dining
CUST04383,2024-03-19,400.52,Travel
CUST04383,2021-05-25,9.44,Clothing
CUST04383,2023-12-21,74.59,Travel
CUST04383,2023-02-23,106.2,Clothing
CUST04384,2025-07-11,44.95,Travel
CUST04384,2024-07-21,24.52,Travel
CUST04384,2024-10-22,38.56,Grocery
CUST04384,2024-03-27,31.18,Travel
CUST04384,2024-02-03,81.23,Electronics
CUST04384,2024-03-23,85.33,Travel
CUST04384,2023-12-20,148.26,Dining
CUST04384,2025-06-03,18.56,Travel
CUST04384,2025-05-10,165.56,Grocery
CUST04384,2025-01-18,27.13,Dining
CUST04384,2025-04-17,151.09,Electronics
CUST04384,2025-06-07,240.63,Grocery
CUST04384,2025-04-14,11.46,Grocery
CUST04384,2024-01-16,125.2,Clothing
CUST04384,2024-07-08,53.79,Electronics
CUST04384,2024-09-24,21.04,Grocery
CUST04384,2024-01-25,41.09,Dining
CUST04384,2023-09-29,221.51,Travel
CUST04384,2023-12-14,148.08,Clothing
CUST04384,2024-09-03,174.17,Travel
CUST04384,2024-11-22,185.54,Travel
CUST04384,2024-12-10,83.75,Clothing
CUST04384,2025-04-23,63.06,Electronics
CUST04384,2024-10-08,21.04,Dining
CUST04384,2024-12-04,191.61,Electronics
CUST04384,2024-04-29,108.02,Grocery
CUST04384,2025-05-28,17.42,Dining
CUST04384,2025-02-09,25.17,Dining
CUST04384,2023-11-26,196.59,Dining
CUST04384,2025-07-06,8.32,Clothing
CUST04384,2023-10-05,62.41,Grocery
CUST04384,2025-01-04,19.15,Travel
CUST04384,2024-05-23,63.39,Travel
CUST04384,2023-10-21,65.57,Grocery
CUST04384,2024-08-05,93.35,Dining
CUST04384,2024-11-18,55.99,Dining
CUST04384,2025-07-31,122.01,Dining
CUST04384,2025-02-17,47.05,Clothing
CUST04384,2023-12-11,77.77,Travel
CUST04384,2024-06-24,41.7,Travel
CUST04384,2023-11-16,43.26,Dining
CUST04384,2024-05-31,45.42,Electronics
CUST04384,2025-01-28,118.57,Dining
CUST04384,2023-10-16,32.02,Electronics
CUST04384,2024-09-26,56.93,Travel
CUST04384,2024-07-22,17.73,Clothing
CUST04384,2025-01-02,87.1,Electronics
CUST04384,2025-07-26,13.94,Travel
CUST04384,2024-01-08,14.22,Electronics
CUST04384,2024-12-25,151.53,Travel
CUST04384,2024-10-13,31.74,Clothing
CUST04384,2025-01-23,91.52,Clothing
CUST04384,2025-04-14,33.79,Clothing
CUST04384,2024-01-10,25.84,Dining
CUST04384,2025-06-28,56.57,Grocery
CUST04384,2025-01-27,94.24,Clothing
CUST04384,2024-07-01,117.15,Dining
CUST04384,2025-06-03,138.64,Grocery
CUST04384,2023-12-11,263.0,Electronics
CUST04384,2025-02-13,55.29,Dining
CUST04384,2025-04-20,91.59,Grocery
CUST04384,2024-04-29,176.09,Grocery
CUST04384,2024-09-14,16.69,Clothing
CUST04384,2024-03-18,295.04,Grocery
CUST04384,2024-04-15,59.69,Clothing
CUST04384,2024-01-06,169.93,Travel
CUST04384,2024-06-25,112.19,Electronics
CUST04384,2025-03-05,237.56,Clothing
CUST04384,2024-10-02,31.17,Electronics
CUST04384,2023-10-10,48.87,Electronics
CUST04384,2025-07-20,366.58,Travel
CUST04384,2025-04-03,91.85,Travel
CUST04384,2023-11-11,518.3,Clothing
CUST04384,2024-07-19,13.31,Clothing
CUST04384,2024-06-22,61.81,Electronics
CUST04384,2024-05-21,76.62,Clothing
CUST04384,2025-04-27,66.33,Grocery
CUST04384,2025-05-17,37.56,Clothing
CUST04384,2023-09-28,142.83,Grocery
CUST04384,2024-01-24,111.76,Clothing
CUST04384,2024-10-11,25.75,Clothing
CUST04384,2024-11-20,362.1,Clothing
CUST04384,2025-01-21,16.4,Electronics
CUST04384,2025-07-04,18.45,Dining
CUST04384,2024-05-31,53.53,Electronics
CUST04384,2025-01-29,5.48,Grocery
CUST04384,2023-11-25,66.67,Dining
CUST04384,2024-11-06,13.26,Electronics
CUST04384,2025-06-24,97.84,Electronics
CUST04384,2024-11-30,79.52,Electronics
CUST04384,2024-07-03,125.8,Electronics
CUST04384,2023-10-13,14.13,Clothing
CUST04384,2024-08-03,29.07,Dining
CUST04384,2023-11-29,306.48,Electronics
CUST04384,2023-10-21,44.17,Dining
CUST04384,2025-01-10,293.61,Electronics
CUST04384,2023-11-08,5.63,Dining
CUST04384,2023-12-09,178.21,Grocery
CUST04384,2023-11-20,15.09,Dining
CUST04384,2025-01-26,10.2,Grocery
CUST04384,2023-12-20,87.86,Grocery
CUST04384,2025-01-17,74.09,Travel
CUST04384,2025-07-20,57.21,Grocery
CUST04384,2024-12-22,192.74,Clothing
CUST04384,2023-11-26,313.9,Clothing
CUST04384,2025-05-27,45.56,Clothing
CUST04384,2024-03-28,28.05,Dining
CUST04384,2024-01-27,29.3,Dining
CUST04384,2024-10-20,13.58,Electronics
CUST04384,2024-09-25,318.95,Electronics
CUST04384,2024-08-04,38.26,Dining
CUST04384,2025-06-19,44.35,Grocery
CUST04384,2025-05-19,16.28,Clothing
CUST04384,2023-12-15,66.22,Dining
CUST04384,2024-11-12,47.05,Travel
CUST04384,2024-04-17,45.43,Dining
CUST04384,2025-03-30,163.81,Dining
CUST04385,2024-09-18,15.97,Dining
CUST04385,2025-05-18,75.14,Travel
CUST04385,2024-01-11,58.66,Travel
CUST04385,2023-06-08,8.04,Clothing
CUST04385,2024-07-24,115.34,Grocery
CUST04385,2025-02-18,189.76,Travel
CUST04385,2024-06-17,195.4,Electronics
CUST04385,2023-08-10,244.67,Dining
CUST04385,2024-08-28,144.88,Clothing
CUST04385,2024-03-28,68.82,Dining
CUST04385,2023-10-16,152.72,Travel
CUST04385,2023-05-27,92.02,Dining
CUST04385,2024-10-06,26.72,Electronics
CUST04385,2024-11-03,10.23,Grocery
CUST04385,2023-12-02,5.18,Clothing
CUST04385,2025-04-17,58.91,Electronics
CUST04385,2024-02-04,52.62,Clothing
CUST04385,2024-12-09,98.3,Grocery
CUST04385,2023-12-17,98.34,Clothing
CUST04385,2023-09-17,63.97,Dining
CUST04385,2024-08-09,122.53,Grocery
CUST04385,2024-03-07,6.25,Clothing
CUST04385,2023-09-03,113.04,Grocery
CUST04385,2025-06-11,183.88,Electronics
CUST04385,2023-06-16,15.61,Electronics
CUST04385,2023-05-18,66.34,Travel
CUST04385,2025-07-15,25.06,Electronics
CUST04385,2025-02-08,115.53,Electronics
CUST04385,2023-10-23,39.7,Travel
CUST04385,2023-11-10,149.81,Travel
CUST04385,2025-06-06,31.79,Electronics
CUST04385,2023-05-17,21.51,Clothing
CUST04385,2023-10-17,12.21,Electronics
CUST04385,2023-06-05,182.82,Grocery
CUST04385,2024-09-08,224.39,Clothing
CUST04385,2024-03-13,184.08,Grocery
CUST04385,2024-06-26,67.62,Clothing
CUST04385,2023-08-14,36.26,Dining
CUST04385,2024-07-15,58.1,Clothing
CUST04385,2024-07-13,76.88,Clothing
CUST04385,2024-05-11,431.13,Grocery
CUST04385,2025-07-03,75.79,Electronics
CUST04385,2023-09-24,114.53,Clothing
CUST04385,2025-07-08,11.13,Travel
CUST04385,2024-03-21,17.16,Travel
CUST04385,2024-08-24,11.9,Clothing
CUST04385,2024-03-16,133.44,Dining
CUST04385,2023-05-17,22.22,Dining
CUST04385,2024-07-24,53.06,Clothing
CUST04385,2024-12-25,114.64,Grocery
CUST04385,2023-11-23,24.84,Electronics
CUST04385,2024-12-05,32.87,Travel
CUST04385,2024-03-12,114.2,Grocery
CUST04385,2023-05-20,182.99,Clothing
CUST04385,2025-04-04,85.5,Grocery
CUST04385,2023-06-19,55.34,Travel
CUST04385,2023-08-04,57.48,Electronics
CUST04385,2025-04-02,23.36,Clothing
CUST04385,2025-02-11,118.51,Travel
CUST04385,2024-03-20,411.35,Travel
CUST04385,2024-10-03,51.16,Dining
CUST04385,2024-10-12,54.02,Dining
CUST04385,2025-04-20,98.45,Clothing
CUST04385,2023-12-04,36.93,Dining
CUST04385,2023-11-16,66.66,Grocery
CUST04385,2024-08-15,75.14,Grocery
CUST04385,2024-01-08,179.01,Electronics
CUST04385,2023-08-30,165.62,Dining
CUST04385,2024-07-25,230.86,Electronics
CUST04385,2025-06-19,23.08,Travel
CUST04385,2024-07-24,37.59,Clothing
CUST04385,2025-07-20,75.85,Electronics
CUST04385,2024-09-04,33.5,Electronics
CUST04385,2023-08-17,101.33,Dining
CUST04385,2024-04-28,136.88,Electronics
CUST04385,2023-12-30,378.67,Clothing
CUST04385,2025-02-17,27.46,Grocery
CUST04385,2024-08-10,31.18,Travel
CUST04385,2025-04-24,15.86,Electronics
CUST04385,2023-10-22,30.68,Dining
CUST04385,2025-07-07,25.98,Clothing
CUST04385,2023-06-25,34.72,Dining
CUST04385,2024-08-13,126.0,Travel
CUST04385,2025-01-17,65.45,Travel
CUST04385,2025-03-15,66.24,Grocery
CUST04385,2025-02-24,21.58,Clothing
CUST04386,2024-05-26,14.67,Clothing
CUST04386,2023-08-28,28.3,Clothing
CUST04386,2025-07-17,67.22,Travel
CUST04386,2021-11-03,22.92,Clothing
CUST04386,2023-02-01,64.96,Clothing
CUST04386,2024-07-21,34.31,Travel
CUST04386,2024-07-18,72.24,Grocery
CUST04386,2025-05-05,45.75,Electronics
CUST04386,2025-06-16,36.08,Electronics
CUST04386,2024-04-15,52.37,Electronics
CUST04386,2025-07-04,81.12,Clothing
CUST04386,2022-03-15,64.71,Grocery
CUST04386,2023-10-16,17.36,Grocery
CUST04386,2021-10-15,60.24,Dining
CUST04386,2021-12-17,45.91,Dining
CUST04386,2024-01-03,58.05,Grocery
CUST04386,2024-11-17,94.02,Clothing
CUST04386,2021-08-01,32.15,Dining
CUST04386,2024-07-24,82.62,Dining
CUST04386,2025-04-09,138.37,Electronics
CUST04386,2021-12-09,6.37,Electronics
CUST04386,2023-10-25,14.33,Travel
CUST04386,2024-02-23,331.83,Electronics
CUST04386,2022-07-06,95.49,Grocery
CUST04386,2025-04-26,61.47,Clothing
CUST04386,2025-04-29,117.02,Travel
CUST04386,2024-03-22,93.23,Clothing
CUST04386,2023-09-05,204.66,Electronics
CUST04386,2021-05-29,150.52,Grocery
CUST04386,2021-12-19,37.31,Travel
CUST04386,2022-11-24,52.45,Clothing
CUST04386,2025-02-24,23.27,Clothing
CUST04386,2024-06-11,219.17,Clothing
CUST04386,2024-03-04,252.2,Electronics
CUST04386,2023-10-10,90.96,Travel
CUST04386,2023-03-10,43.79,Dining
CUST04386,2024-07-05,82.42,Travel
CUST04386,2023-04-21,88.95,Grocery
CUST04386,2024-07-08,221.71,Travel
CUST04386,2021-09-01,66.45,Travel
CUST04386,2024-10-11,149.06,Dining
CUST04386,2023-02-12,82.54,Clothing
CUST04386,2023-11-21,188.1,Grocery
CUST04386,2022-07-05,57.76,Grocery
CUST04386,2023-01-14,22.89,Travel
CUST04386,2025-04-22,50.99,Dining
CUST04386,2021-11-12,73.66,Dining
CUST04386,2024-06-06,174.58,Clothing
CUST04386,2024-07-23,60.11,Electronics
CUST04386,2023-09-10,221.73,Clothing
CUST04386,2023-04-07,13.81,Dining
CUST04386,2025-05-08,25.11,Grocery
CUST04386,2021-08-24,40.61,Dining
CUST04386,2023-07-27,188.07,Grocery
CUST04386,2024-10-13,5.2,Grocery
CUST04386,2025-02-16,69.22,Electronics
CUST04386,2024-02-10,43.81,Electronics
CUST04386,2024-08-10,98.14,Clothing
CUST04386,2022-08-30,82.42,Electronics
CUST04386,2023-03-10,31.05,Grocery
CUST04386,2025-06-01,257.55,Electronics
CUST04386,2024-05-10,10.77,Dining
CUST04386,2022-07-04,39.11,Travel
CUST04386,2023-05-14,107.51,Travel
CUST04386,2022-10-01,8.68,Electronics
CUST04386,2023-10-18,90.87,Electronics
CUST04386,2025-02-01,27.85,Electronics
CUST04386,2023-01-08,5.59,Electronics
CUST04386,2021-06-26,62.84,Clothing
CUST04386,2024-11-19,456.23,Dining
CUST04386,2024-05-23,13.87,Electronics
CUST04386,2023-09-16,66.52,Dining
CUST04386,2022-11-01,16.33,Grocery
CUST04386,2022-10-08,322.44,Clothing
CUST04386,2022-01-22,47.68,Dining
CUST04386,2025-06-30,82.63,Travel
CUST04386,2023-08-01,61.59,Travel
CUST04386,2025-07-05,85.95,Electronics
CUST04386,2022-03-02,56.65,Grocery
CUST04386,2021-05-29,22.47,Grocery
CUST04386,2025-02-13,16.65,Clothing
CUST04386,2022-10-03,28.33,Travel
CUST04386,2023-04-23,33.04,Travel
CUST04386,2023-03-04,121.41,Travel
CUST04386,2022-01-21,85.33,Travel
CUST04386,2025-02-03,266.46,Grocery
CUST04386,2024-02-09,69.27,Travel
CUST04386,2022-06-02,6.36,Travel
CUST04386,2022-10-16,13.9,Clothing
CUST04386,2022-07-21,11.31,Dining
CUST04386,2025-06-17,315.86,Dining
CUST04386,2022-10-11,206.76,Grocery
CUST04386,2022-11-01,35.26,Dining
CUST04386,2021-10-03,159.1,Grocery
CUST04386,2023-04-30,113.44,Dining
CUST04386,2025-03-27,82.76,Dining
CUST04386,2023-08-23,9.23,Travel
CUST04386,2023-03-05,127.82,Clothing
CUST04386,2022-05-26,49.13,Dining
CUST04386,2021-08-05,34.58,Grocery
CUST04386,2023-10-22,73.19,Clothing
CUST04386,2024-08-19,44.08,Dining
CUST04386,2022-02-12,57.02,Electronics
CUST04386,2024-01-23,69.23,Travel
CUST04386,2024-11-04,41.64,Electronics
CUST04386,2025-05-01,60.19,Travel
CUST04386,2022-11-27,68.73,Clothing
CUST04387,2024-01-03,301.13,Grocery
CUST04387,2023-12-27,73.84,Clothing
CUST04387,2024-11-27,84.93,Grocery
CUST04387,2025-02-09,41.92,Dining
CUST04387,2022-11-20,94.27,Clothing
CUST04387,2022-09-15,105.93,Electronics
CUST04387,2023-08-28,69.81,Travel
CUST04387,2024-12-25,70.19,Electronics
CUST04387,2022-07-07,116.86,Travel
CUST04387,2022-06-16,79.68,Electronics
CUST04387,2022-11-06,34.36,Dining
CUST04387,2023-09-27,79.5,Clothing
CUST04387,2023-02-08,53.91,Clothing
CUST04387,2025-05-03,21.56,Electronics
CUST04387,2025-02-10,10.63,Grocery
CUST04387,2023-09-19,45.35,Grocery
CUST04387,2022-10-13,32.4,Dining
CUST04387,2024-05-09,36.81,Grocery
CUST04387,2025-04-03,9.73,Dining
CUST04387,2024-11-08,57.49,Travel
CUST04387,2024-01-23,156.84,Dining
CUST04387,2023-07-09,48.3,Travel
CUST04387,2024-07-06,19.39,Grocery
CUST04387,2023-03-12,21.12,Travel
CUST04387,2022-11-10,113.11,Electronics
CUST04387,2022-12-26,90.17,Clothing
CUST04387,2024-05-17,43.78,Grocery
CUST04387,2022-12-02,55.39,Grocery
CUST04387,2024-07-05,21.01,Grocery
CUST04387,2023-12-27,53.5,Travel
CUST04387,2023-08-06,19.59,Travel
CUST04387,2023-04-06,64.36,Clothing
CUST04387,2022-09-04,50.33,Travel
CUST04387,2025-07-06,58.16,Grocery
CUST04387,2022-05-08,22.86,Travel
CUST04387,2024-07-04,41.29,Grocery
CUST04387,2024-12-24,8.14,Clothing
CUST04387,2025-04-16,7.51,Dining
CUST04387,2025-02-08,86.28,Clothing
CUST04387,2025-01-05,5.62,Travel
CUST04387,2025-07-06,21.66,Travel
CUST04387,2022-08-22,104.18,Grocery
CUST04387,2023-09-10,122.55,Electronics
CUST04387,2024-10-17,102.63,Electronics
CUST04387,2023-07-28,64.5,Electronics
CUST04387,2024-05-12,192.61,Electronics
CUST04387,2022-06-17,36.21,Electronics
CUST04387,2023-06-07,20.37,Grocery
CUST04387,2023-04-01,34.36,Electronics
CUST04387,2023-05-08,109.42,Travel
CUST04387,2022-07-26,32.7,Electronics
CUST04387,2025-01-21,160.85,Travel
CUST04387,2023-04-25,59.04,Electronics
CUST04387,2025-05-17,95.44,Dining
CUST04387,2023-05-20,179.01,Dining
CUST04387,2022-06-03,52.22,Grocery
CUST04387,2022-11-13,8.32,Travel
CUST04387,2022-09-21,48.5,Clothing
CUST04387,2024-09-09,73.59,Electronics
CUST04387,2024-10-28,162.89,Electronics
CUST04387,2024-11-10,85.09,Electronics
CUST04387,2022-07-18,61.56,Travel
CUST04387,2024-09-23,26.18,Grocery
CUST04387,2025-06-11,201.75,Grocery
CUST04387,2022-10-22,7.55,Clothing
CUST04387,2022-10-12,50.79,Dining
CUST04387,2023-01-03,57.55,Grocery
CUST04387,2024-07-04,15.01,Travel
CUST04387,2025-05-14,402.88,Travel
CUST04387,2022-11-26,114.16,Travel
CUST04387,2024-10-20,22.54,Clothing
CUST04387,2022-12-26,56.04,Grocery
CUST04387,2022-11-19,49.93,Electronics
CUST04387,2025-04-10,41.41,Electronics
CUST04387,2022-12-16,158.64,Grocery
CUST04387,2024-12-13,29.33,Electronics
CUST04387,2024-03-16,266.9,Grocery
CUST04387,2024-11-08,77.26,Electronics
CUST04387,2023-03-06,57.31,Travel
CUST04387,2023-08-02,244.69,Grocery
CUST04387,2025-07-04,13.83,Dining
CUST04387,2023-12-26,30.58,Grocery
CUST04387,2024-09-21,155.9,Travel
CUST04387,2024-12-16,42.86,Travel
CUST04387,2025-07-13,82.14,Electronics
CUST04387,2022-10-05,78.68,Electronics
CUST04387,2024-02-22,94.05,Grocery
CUST04387,2024-10-16,44.45,Travel
CUST04387,2022-09-26,50.11,Clothing
CUST04388,2024-04-14,52.38,Clothing
CUST04388,2022-09-01,43.66,Grocery
CUST04388,2024-01-01,103.68,Clothing
CUST04388,2024-11-16,14.67,Travel
CUST04388,2024-07-08,10.59,Electronics
CUST04388,2024-04-22,9.87,Grocery
CUST04388,2024-05-11,99.1,Travel
CUST04388,2024-05-30,198.18,Dining
CUST04388,2025-02-28,66.99,Travel
CUST04388,2023-10-09,36.45,Travel
CUST04388,2025-03-17,40.92,Dining
CUST04388,2022-09-09,41.84,Grocery
CUST04388,2024-05-29,39.09,Clothing
CUST04388,2025-01-14,112.05,Electronics
CUST04388,2023-08-09,118.57,Dining
CUST04388,2024-07-16,71.51,Travel
CUST04388,2022-10-15,76.68,Clothing
CUST04388,2025-06-09,157.86,Dining
CUST04388,2022-08-17,289.37,Electronics
CUST04388,2024-04-06,44.41,Travel
CUST04388,2025-06-10,109.04,Dining
CUST04388,2024-01-07,73.4,Grocery
CUST04388,2024-10-28,131.39,Clothing
CUST04388,2024-11-01,213.35,Clothing
CUST04388,2024-01-07,63.74,Grocery
CUST04388,2022-08-05,36.38,Clothing
CUST04388,2024-10-08,281.76,Clothing
CUST04388,2025-01-30,96.77,Electronics
CUST04388,2024-11-20,59.77,Grocery
CUST04388,2024-04-08,113.22,Electronics
CUST04388,2024-07-06,69.44,Electronics
CUST04388,2024-07-24,29.89,Grocery
CUST04388,2023-07-13,164.73,Electronics
CUST04388,2024-11-24,12.6,Electronics
CUST04388,2023-06-11,25.71,Grocery
CUST04388,2022-10-09,68.38,Dining
CUST04388,2025-06-27,76.2,Dining
CUST04388,2025-07-21,72.49,Electronics
CUST04388,2024-04-22,97.25,Grocery
CUST04388,2024-08-19,118.84,Dining
CUST04388,2023-10-15,124.53,Travel
CUST04388,2022-12-29,117.33,Dining
CUST04388,2025-04-18,300.04,Travel
CUST04388,2025-01-29,66.84,Clothing
CUST04388,2024-07-28,229.96,Dining
CUST04388,2025-06-02,68.82,Clothing
CUST04388,2024-10-24,51.12,Electronics
CUST04388,2022-07-10,5.22,Clothing
CUST04388,2024-06-22,233.64,Clothing
CUST04388,2024-07-30,34.65,Grocery
CUST04388,2024-02-26,17.2,Electronics
CUST04388,2022-08-29,188.6,Clothing
CUST04388,2022-12-23,23.52,Electronics
CUST04388,2022-12-12,163.46,Travel
CUST04388,2023-10-15,61.19,Clothing
CUST04388,2023-05-05,50.96,Grocery
CUST04388,2023-02-28,42.66,Dining
CUST04388,2024-04-30,5.7,Dining
CUST04388,2025-05-04,213.14,Grocery
CUST04388,2023-03-11,58.74,Grocery
CUST04388,2023-04-13,18.67,Electronics
CUST04388,2025-02-22,161.55,Travel
CUST04388,2025-02-08,22.82,Travel
CUST04388,2024-08-05,174.45,Clothing
CUST04388,2023-10-10,56.39,Dining
CUST04388,2025-05-05,22.85,Dining
CUST04388,2025-03-30,17.42,Grocery
CUST04388,2025-02-16,86.27,Clothing
CUST04388,2025-04-28,35.06,Dining
CUST04388,2024-02-15,313.43,Travel
CUST04388,2024-10-09,23.05,Grocery
CUST04388,2025-07-23,200.44,Dining
CUST04388,2025-02-11,28.99,Electronics
CUST04388,2025-05-10,192.2,Clothing
CUST04388,2024-07-29,308.77,Clothing
CUST04388,2023-04-09,5.95,Electronics
CUST04388,2022-12-18,50.86,Dining
CUST04388,2024-06-09,157.95,Travel
CUST04388,2024-08-28,14.57,Travel
CUST04388,2025-07-21,89.45,Dining
CUST04388,2022-10-02,27.31,Clothing
CUST04388,2023-07-18,29.67,Travel
CUST04388,2023-08-26,98.41,Electronics
CUST04388,2025-06-15,9.7,Dining
CUST04388,2023-06-21,523.7,Clothing
CUST04388,2024-07-13,50.27,Travel
CUST04388,2023-03-21,71.72,Dining
CUST04388,2025-06-02,129.21,Dining
CUST04388,2022-12-29,71.95,Electronics
CUST04388,2024-11-21,43.0,Dining
CUST04388,2022-08-24,91.86,Grocery
CUST04388,2024-12-14,154.03,Grocery
CUST04388,2024-06-07,110.83,Travel
CUST04388,2024-08-18,73.36,Dining
CUST04388,2023-11-15,59.02,Clothing
CUST04388,2024-03-20,69.13,Clothing
CUST04388,2024-10-26,100.91,Grocery
CUST04388,2023-05-29,20.98,Travel
CUST04388,2024-11-07,92.28,Travel
CUST04388,2022-07-24,25.57,Electronics
CUST04388,2023-01-12,243.47,Dining
CUST04388,2025-07-31,67.71,Grocery
CUST04388,2024-08-22,62.8,Electronics
CUST04388,2024-08-22,45.91,Grocery
CUST04388,2022-09-13,88.57,Travel
CUST04388,2024-08-13,103.15,Travel
CUST04388,2025-05-21,6.64,Dining
CUST04388,2023-06-21,30.57,Grocery
CUST04388,2025-01-08,213.14,Travel
CUST04388,2022-11-05,51.54,Grocery
CUST04388,2025-01-07,78.53,Clothing
CUST04388,2023-10-13,68.57,Travel
CUST04388,2024-05-08,72.37,Dining
CUST04388,2023-10-25,49.78,Grocery
CUST04388,2023-01-19,11.43,Dining
CUST04389,2023-11-03,24.18,Travel
CUST04389,2023-12-27,116.61,Dining
CUST04389,2023-11-03,31.91,Electronics
CUST04389,2025-02-14,13.34,Travel
CUST04389,2025-06-10,74.85,Clothing
CUST04389,2023-05-22,72.7,Dining
CUST04389,2023-10-15,199.6,Travel
CUST04389,2024-04-16,13.06,Clothing
CUST04389,2023-11-17,35.25,Grocery
CUST04389,2023-05-03,97.89,Grocery
CUST04389,2025-05-21,9.92,Electronics
CUST04389,2024-07-20,85.96,Electronics
CUST04389,2023-05-11,92.27,Electronics
CUST04389,2024-03-18,137.93,Travel
CUST04389,2025-02-09,41.51,Electronics
CUST04389,2025-01-02,98.93,Travel
CUST04389,2025-05-28,46.16,Electronics
CUST04389,2024-11-07,27.11,Travel
CUST04389,2024-11-28,24.81,Electronics
CUST04389,2024-11-09,32.72,Clothing
CUST04389,2024-07-24,396.68,Electronics
CUST04389,2023-03-21,21.75,Clothing
CUST04389,2025-02-21,201.26,Dining
CUST04389,2024-05-13,5.02,Travel
CUST04389,2024-10-26,10.49,Dining
CUST04389,2024-03-17,163.53,Electronics
CUST04389,2025-04-08,131.14,Grocery
CUST04389,2024-01-03,120.47,Travel
CUST04389,2025-01-05,74.54,Dining
CUST04389,2024-12-31,147.47,Dining
CUST04389,2024-05-25,215.88,Electronics
CUST04389,2023-07-23,38.55,Dining
CUST04389,2024-01-19,77.64,Grocery
CUST04389,2024-07-21,25.61,Clothing
CUST04389,2024-01-31,81.87,Travel
CUST04389,2024-03-07,381.06,Grocery
CUST04389,2025-06-26,43.35,Clothing
CUST04389,2023-06-04,37.84,Clothing
CUST04389,2024-12-26,62.3,Electronics
CUST04389,2023-08-22,74.19,Clothing
CUST04389,2023-04-22,23.62,Grocery
CUST04389,2024-09-30,98.98,Grocery
CUST04389,2024-11-16,16.47,Clothing
CUST04389,2025-04-19,223.27,Clothing
CUST04389,2024-06-15,106.61,Grocery
CUST04389,2024-07-01,185.53,Travel
CUST04389,2024-11-25,94.8,Travel
CUST04389,2024-07-31,207.9,Dining
CUST04389,2024-06-16,5.63,Electronics
CUST04389,2023-03-01,28.49,Grocery
CUST04389,2023-10-21,57.48,Electronics
CUST04389,2024-06-18,170.79,Dining
CUST04389,2024-07-12,15.38,Grocery
CUST04389,2024-04-03,19.0,Clothing
CUST04389,2024-04-02,123.81,Travel
CUST04389,2023-07-19,37.27,Grocery
CUST04389,2025-02-10,30.95,Travel
CUST04389,2024-05-16,127.67,Clothing
CUST04389,2025-03-21,253.39,Grocery
CUST04389,2025-04-21,34.36,Grocery
CUST04389,2024-11-11,6.83,Clothing
CUST04389,2024-08-21,16.95,Electronics
CUST04389,2024-02-13,82.3,Travel
CUST04389,2023-07-31,11.19,Electronics
CUST04389,2024-11-03,9.54,Electronics
CUST04389,2023-05-07,116.51,Dining
CUST04389,2024-08-27,13.9,Grocery
CUST04389,2024-11-30,13.18,Clothing
CUST04389,2024-05-25,12.39,Travel
CUST04389,2023-08-07,37.58,Grocery
CUST04389,2024-05-16,158.69,Travel
CUST04389,2024-07-22,31.82,Clothing
CUST04389,2024-08-17,52.68,Grocery
CUST04389,2024-08-09,7.9,Travel
CUST04389,2024-10-21,189.58,Electronics
CUST04389,2024-03-08,51.8,Dining
CUST04389,2024-09-03,39.15,Dining
CUST04389,2023-05-11,11.94,Travel
CUST04389,2024-06-07,91.62,Electronics
CUST04389,2023-12-25,71.49,Grocery
CUST04389,2023-10-19,22.3,Clothing
CUST04389,2023-03-18,52.08,Travel
CUST04389,2024-08-19,178.88,Clothing
CUST04389,2024-06-12,30.34,Dining
CUST04389,2023-06-11,119.03,Travel
CUST04389,2023-08-30,45.37,Grocery
CUST04389,2024-10-18,58.41,Travel
CUST04389,2023-05-05,39.68,Dining
CUST04389,2024-11-13,81.8,Travel
CUST04389,2025-03-05,126.07,Dining
CUST04389,2023-04-05,109.66,Clothing
CUST04389,2024-10-10,33.94,Electronics
CUST04389,2023-05-02,6.04,Clothing
CUST04389,2025-05-21,68.29,Electronics
CUST04389,2024-04-28,118.71,Clothing
CUST04389,2023-07-03,38.82,Grocery
CUST04389,2024-07-15,25.29,Travel
CUST04389,2023-02-26,83.46,Travel
CUST04389,2023-02-26,39.33,Dining
CUST04389,2023-03-01,43.66,Dining
CUST04389,2024-02-05,24.2,Clothing
CUST04389,2024-04-09,161.93,Travel
CUST04389,2025-07-27,11.46,Travel
CUST04389,2024-05-15,299.85,Clothing
CUST04389,2024-11-13,75.03,Grocery
CUST04389,2025-05-29,67.65,Clothing
CUST04389,2025-05-26,78.78,Electronics
CUST04389,2024-12-22,11.09,Grocery
CUST04389,2023-06-26,59.32,Clothing
CUST04389,2023-12-14,25.74,Clothing
CUST04389,2023-12-13,6.5,Grocery
CUST04390,2022-05-04,40.57,Dining
CUST04390,2024-09-04,50.04,Grocery
CUST04390,2022-12-30,21.55,Electronics
CUST04390,2021-05-02,440.76,Clothing
CUST04390,2020-12-17,39.61,Grocery
CUST04390,2021-07-11,51.14,Grocery
CUST04390,2022-09-25,63.49,Electronics
CUST04390,2022-06-08,93.17,Grocery
CUST04390,2023-09-10,23.93,Grocery
CUST04390,2024-01-15,76.51,Grocery
CUST04390,2024-10-25,145.74,Dining
CUST04390,2021-05-22,54.28,Travel
CUST04390,2022-05-26,148.79,Grocery
CUST04390,2022-02-06,68.4,Grocery
CUST04390,2023-10-30,180.19,Grocery
CUST04390,2020-09-17,49.94,Dining
CUST04390,2020-11-13,104.53,Electronics
CUST04390,2021-02-03,46.26,Grocery
CUST04390,2020-10-25,20.26,Dining
CUST04390,2025-01-27,36.73,Electronics
CUST04390,2023-05-22,19.91,Travel
CUST04390,2020-11-02,39.33,Electronics
CUST04390,2020-09-06,15.88,Clothing
CUST04390,2022-02-18,132.37,Electronics
CUST04390,2025-03-21,70.93,Electronics
CUST04390,2022-03-01,79.44,Travel
CUST04390,2022-11-24,235.6,Dining
CUST04390,2024-08-09,96.38,Clothing
CUST04390,2021-04-20,186.52,Electronics
CUST04390,2021-12-17,71.22,Clothing
CUST04390,2024-08-16,23.77,Travel
CUST04390,2023-11-16,14.95,Grocery
CUST04390,2024-07-24,134.62,Dining
CUST04390,2022-10-06,100.15,Travel
CUST04390,2020-10-18,43.05,Electronics
CUST04390,2023-01-18,43.0,Travel
CUST04390,2022-03-12,402.86,Travel
CUST04390,2021-10-18,15.04,Electronics
CUST04390,2022-07-03,101.02,Grocery
CUST04390,2021-11-21,73.55,Electronics
CUST04390,2024-09-21,10.12,Electronics
CUST04390,2020-12-02,9.95,Dining
CUST04390,2022-07-08,10.4,Clothing
CUST04390,2020-10-27,118.01,Travel
CUST04390,2023-10-19,72.19,Travel
CUST04390,2023-08-14,36.78,Travel
CUST04390,2022-04-29,35.64,Travel
CUST04390,2022-09-08,20.82,Electronics
CUST04390,2022-07-05,27.08,Clothing
CUST04390,2021-05-09,158.4,Clothing
CUST04390,2023-05-27,193.57,Electronics
CUST04390,2021-06-18,18.54,Travel
CUST04390,2021-09-11,68.8,Electronics
CUST04390,2020-10-19,30.84,Electronics
CUST04390,2023-07-31,23.63,Grocery
CUST04390,2021-03-26,13.33,Grocery
CUST04390,2023-12-10,185.1,Travel
CUST04390,2023-12-08,124.05,Clothing
CUST04390,2023-11-20,34.0,Electronics
CUST04390,2020-12-24,47.22,Grocery
CUST04390,2022-01-06,9.65,Travel
CUST04390,2021-12-21,61.97,Dining
CUST04390,2023-02-17,54.68,Grocery
CUST04390,2023-06-23,86.27,Dining
CUST04390,2022-09-12,18.64,Clothing
CUST04390,2023-01-29,69.84,Clothing
CUST04390,2024-10-30,151.4,Dining
CUST04390,2023-11-25,207.39,Grocery
CUST04390,2021-11-16,109.6,Grocery
CUST04390,2021-06-13,157.9,Electronics
CUST04390,2022-03-21,7.23,Travel
CUST04390,2022-12-11,133.16,Electronics
CUST04390,2024-11-25,122.27,Clothing
CUST04390,2023-07-30,53.93,Travel
CUST04390,2021-05-28,15.36,Electronics
CUST04390,2024-12-29,282.73,Electronics
CUST04390,2025-01-29,81.68,Electronics
CUST04390,2025-05-01,137.57,Electronics
CUST04390,2021-06-15,31.86,Grocery
CUST04390,2021-04-24,88.14,Electronics
CUST04390,2021-12-28,180.35,Grocery
CUST04390,2022-05-29,111.46,Grocery
CUST04390,2025-05-25,192.97,Dining
CUST04390,2023-07-15,29.71,Electronics
CUST04391,2025-05-05,36.16,Electronics
CUST04391,2024-07-04,51.34,Clothing
CUST04391,2023-10-10,32.22,Grocery
CUST04391,2023-12-13,117.14,Dining
CUST04391,2024-03-06,239.06,Clothing
CUST04391,2024-11-09,188.63,Electronics
CUST04391,2023-12-13,77.49,Electronics
CUST04391,2025-03-28,14.53,Dining
CUST04391,2024-06-19,54.32,Clothing
CUST04391,2023-07-20,6.72,Travel
CUST04391,2024-01-23,80.35,Clothing
CUST04391,2023-10-09,71.49,Dining
CUST04391,2024-12-29,71.98,Dining
CUST04391,2024-01-08,39.24,Dining
CUST04391,2024-03-11,167.06,Dining
CUST04391,2024-11-30,5.84,Grocery
CUST04391,2023-09-07,8.96,Grocery
CUST04391,2023-09-29,176.84,Travel
CUST04391,2024-11-27,39.9,Clothing
CUST04391,2024-07-25,152.87,Dining
CUST04391,2024-12-21,5.5,Electronics
CUST04391,2025-04-01,22.98,Clothing
CUST04391,2024-10-28,65.2,Grocery
CUST04391,2023-08-14,63.63,Electronics
CUST04391,2024-02-01,6.89,Dining
CUST04391,2024-06-27,37.94,Clothing
CUST04391,2023-07-24,37.64,Clothing
CUST04391,2024-01-02,11.47,Grocery
CUST04391,2024-03-27,83.04,Clothing
CUST04391,2024-08-31,185.0,Grocery
CUST04391,2024-11-01,8.56,Electronics
CUST04391,2024-06-10,160.37,Dining
CUST04391,2024-03-28,61.8,Travel
CUST04391,2024-07-29,23.95,Travel
CUST04391,2025-04-02,43.32,Electronics
CUST04391,2024-10-22,117.0,Travel
CUST04391,2023-07-19,83.16,Electronics
CUST04391,2024-02-01,11.73,Clothing
CUST04391,2025-05-25,282.6,Electronics
CUST04391,2024-08-26,57.33,Grocery
CUST04391,2024-10-23,30.56,Grocery
CUST04391,2025-07-22,74.5,Dining
CUST04391,2023-10-17,130.56,Clothing
CUST04391,2023-11-17,7.76,Dining
CUST04391,2024-11-03,312.74,Clothing
CUST04391,2024-10-03,139.73,Grocery
CUST04391,2024-12-05,46.64,Dining
CUST04391,2024-05-08,65.84,Grocery
CUST04391,2025-03-13,99.74,Electronics
CUST04391,2024-11-06,9.99,Travel
CUST04391,2024-08-05,78.62,Clothing
CUST04391,2025-01-06,27.17,Grocery
CUST04391,2025-05-15,91.1,Grocery
CUST04391,2023-10-07,83.15,Clothing
CUST04391,2025-02-26,59.48,Clothing
CUST04391,2024-05-13,11.15,Electronics
CUST04391,2025-07-05,71.46,Grocery
CUST04391,2025-06-03,43.89,Clothing
CUST04391,2023-10-04,20.91,Grocery
CUST04391,2024-06-23,13.48,Travel
CUST04391,2024-08-10,37.22,Grocery
CUST04391,2024-05-27,41.74,Dining
CUST04391,2025-05-30,95.71,Clothing
CUST04391,2024-06-11,12.58,Dining
CUST04391,2023-11-06,26.73,Dining
CUST04391,2025-01-06,157.9,Dining
CUST04391,2024-06-04,11.82,Clothing
CUST04391,2024-12-19,45.64,Dining
CUST04391,2024-03-26,119.05,Dining
CUST04391,2023-12-08,57.11,Travel
CUST04391,2025-07-09,227.07,Clothing
CUST04391,2024-10-29,81.94,Electronics
CUST04391,2024-01-15,28.78,Travel
CUST04391,2025-04-24,96.69,Clothing
CUST04391,2025-04-24,135.2,Electronics
CUST04391,2024-09-12,59.92,Clothing
CUST04391,2023-09-17,14.02,Dining
CUST04391,2024-04-04,94.99,Clothing
CUST04391,2024-12-20,63.6,Grocery
CUST04391,2023-11-01,37.44,Travel
CUST04391,2023-10-03,139.67,Grocery
CUST04391,2024-08-31,69.55,Dining
CUST04391,2023-12-15,75.36,Grocery
CUST04391,2023-08-18,7.07,Clothing
CUST04391,2023-09-06,33.22,Dining
CUST04391,2024-12-11,7.62,Clothing
CUST04391,2024-06-18,267.82,Electronics
CUST04391,2024-02-18,5.21,Dining
CUST04391,2024-12-07,15.89,Clothing
CUST04392,2025-02-15,260.54,Clothing
CUST04392,2024-09-12,6.74,Travel
CUST04392,2025-04-29,15.77,Clothing
CUST04392,2025-05-10,16.63,Dining
CUST04392,2024-04-24,146.49,Electronics
CUST04392,2025-05-25,104.66,Electronics
CUST04392,2024-10-28,126.88,Dining
CUST04392,2024-12-31,46.0,Clothing
CUST04392,2025-05-30,42.24,Dining
CUST04392,2024-12-16,29.51,Clothing
CUST04392,2025-04-30,113.04,Dining
CUST04392,2024-11-16,69.84,Clothing
CUST04392,2024-08-31,29.58,Grocery
CUST04392,2024-08-15,110.93,Grocery
CUST04392,2024-07-04,57.14,Electronics
CUST04392,2025-05-31,346.5,Travel
CUST04392,2024-11-07,56.2,Electronics
CUST04392,2025-02-24,17.2,Dining
CUST04392,2024-06-30,18.66,Electronics
CUST04392,2024-12-18,17.37,Electronics
CUST04392,2024-07-15,26.67,Grocery
CUST04392,2025-01-02,58.18,Dining
CUST04392,2024-10-16,47.36,Clothing
CUST04392,2024-05-06,65.51,Dining
CUST04392,2025-07-10,85.53,Grocery
CUST04392,2024-03-13,110.83,Clothing
CUST04392,2024-08-16,126.63,Clothing
CUST04392,2025-06-30,20.14,Electronics
CUST04392,2024-12-22,37.47,Dining
CUST04392,2024-03-28,67.43,Travel
CUST04392,2024-12-06,200.95,Electronics
CUST04392,2024-11-10,147.48,Grocery
CUST04392,2025-03-01,218.06,Dining
CUST04392,2024-12-24,23.98,Grocery
CUST04392,2024-11-12,172.62,Electronics
CUST04392,2025-05-26,27.83,Clothing
CUST04392,2024-07-06,62.46,Travel
CUST04392,2024-09-30,54.96,Grocery
CUST04392,2025-03-03,10.54,Grocery
CUST04392,2024-07-03,13.06,Grocery
CUST04392,2024-12-27,32.31,Travel
CUST04392,2025-02-09,95.25,Dining
CUST04392,2024-10-11,44.42,Travel
CUST04392,2025-07-04,175.49,Clothing
CUST04392,2024-03-19,102.41,Travel
CUST04392,2024-11-28,47.93,Travel
CUST04392,2024-09-22,13.37,Travel
CUST04392,2024-05-26,25.08,Dining
CUST04392,2024-07-31,383.76,Electronics
CUST04392,2025-02-16,12.4,Electronics
CUST04392,2024-11-29,44.66,Dining
CUST04392,2025-02-19,89.94,Travel
CUST04392,2025-02-01,29.9,Clothing
CUST04392,2025-03-29,49.7,Dining
CUST04392,2025-07-21,24.18,Travel
CUST04392,2025-04-02,15.96,Clothing
CUST04392,2024-12-14,80.73,Clothing
CUST04392,2025-04-26,245.48,Dining
CUST04392,2025-03-20,69.62,Clothing
CUST04392,2024-10-27,93.02,Dining
CUST04392,2025-08-01,92.2,Dining
CUST04392,2025-07-31,62.8,Clothing
CUST04392,2025-06-30,122.02,Travel
CUST04392,2024-04-02,113.2,Grocery
CUST04392,2024-11-13,77.85,Electronics
CUST04392,2025-03-04,9.31,Electronics
CUST04392,2024-08-21,75.06,Grocery
CUST04392,2025-05-19,12.46,Clothing
CUST04392,2025-03-10,120.96,Grocery
CUST04392,2024-10-16,52.11,Travel
CUST04392,2025-05-15,7.59,Clothing
CUST04392,2024-12-18,23.08,Travel
CUST04392,2024-06-07,31.99,Electronics
CUST04392,2024-11-10,51.14,Travel
CUST04392,2025-05-13,53.74,Grocery
CUST04392,2024-09-26,35.07,Grocery
CUST04392,2025-04-05,22.43,Clothing
CUST04392,2024-12-21,191.32,Travel
CUST04392,2024-12-27,71.68,Electronics
CUST04392,2024-04-02,57.18,Clothing
CUST04392,2024-03-26,20.25,Dining
CUST04392,2024-08-13,7.22,Travel
CUST04392,2024-10-07,100.98,Dining
CUST04392,2024-09-30,172.74,Electronics
CUST04392,2024-04-13,37.28,Electronics
CUST04392,2024-12-21,105.19,Electronics
CUST04392,2024-08-01,114.88,Grocery
CUST04392,2024-08-02,126.57,Electronics
CUST04392,2025-04-20,367.59,Dining
CUST04392,2024-12-03,165.27,Electronics
CUST04392,2025-04-04,218.92,Grocery
CUST04392,2024-09-05,82.25,Grocery
CUST04392,2024-08-18,105.74,Electronics
CUST04392,2024-10-04,61.16,Dining
CUST04392,2025-03-26,154.88,Grocery
CUST04392,2025-06-30,34.68,Clothing
CUST04392,2024-04-16,167.98,Dining
CUST04392,2025-01-14,139.78,Clothing
CUST04392,2024-07-07,79.36,Dining
CUST04392,2024-06-01,52.63,Travel
CUST04392,2024-10-31,46.89,Grocery
CUST04393,2025-04-14,17.24,Clothing
CUST04393,2025-03-21,29.76,Electronics
CUST04393,2025-07-14,13.35,Clothing
CUST04393,2025-06-11,90.11,Grocery
CUST04393,2025-05-14,29.89,Travel
CUST04393,2025-07-14,32.22,Dining
CUST04393,2025-07-10,21.66,Electronics
CUST04393,2025-07-21,7.12,Grocery
CUST04393,2025-05-30,49.56,Dining
CUST04393,2025-05-05,14.36,Grocery
CUST04393,2025-05-01,12.52,Grocery
CUST04393,2025-04-11,109.28,Dining
CUST04393,2025-07-25,24.65,Dining
CUST04393,2025-05-10,163.76,Travel
CUST04393,2025-03-23,40.69,Electronics
CUST04393,2025-06-26,91.44,Travel
CUST04393,2025-03-14,20.67,Electronics
CUST04393,2025-03-22,60.71,Electronics
CUST04393,2025-06-21,73.13,Clothing
CUST04393,2025-04-11,22.79,Dining
CUST04393,2025-06-13,152.61,Grocery
CUST04393,2025-06-04,12.87,Grocery
CUST04393,2025-03-14,16.23,Clothing
CUST04393,2025-06-10,203.31,Grocery
CUST04393,2025-03-18,25.03,Travel
CUST04393,2025-03-28,121.24,Dining
CUST04393,2025-03-11,123.37,Clothing
CUST04393,2025-06-01,43.53,Travel
CUST04393,2025-07-26,45.16,Electronics
CUST04393,2025-03-11,90.95,Clothing
CUST04393,2025-03-11,79.76,Travel
CUST04393,2025-06-09,35.82,Electronics
CUST04393,2025-07-19,75.09,Dining
CUST04393,2025-04-27,105.5,Clothing
CUST04393,2025-04-29,99.46,Clothing
CUST04393,2025-03-15,116.58,Travel
CUST04393,2025-04-20,54.24,Dining
CUST04393,2025-04-10,68.02,Electronics
CUST04393,2025-05-18,15.96,Dining
CUST04393,2025-04-24,104.3,Grocery
CUST04393,2025-07-01,52.42,Travel
CUST04393,2025-06-09,184.33,Dining
CUST04393,2025-04-10,24.43,Grocery
CUST04393,2025-06-29,130.69,Clothing
CUST04393,2025-06-19,52.63,Travel
CUST04393,2025-07-20,16.37,Travel
CUST04393,2025-04-17,108.29,Travel
CUST04393,2025-06-18,176.14,Grocery
CUST04393,2025-07-15,114.46,Grocery
CUST04393,2025-07-07,110.83,Clothing
CUST04393,2025-03-26,32.3,Grocery
CUST04393,2025-07-27,123.34,Grocery
CUST04393,2025-05-29,125.25,Grocery
CUST04393,2025-04-17,15.7,Dining
CUST04393,2025-04-26,7.73,Electronics
CUST04393,2025-04-26,43.16,Grocery
CUST04393,2025-06-27,39.0,Clothing
CUST04393,2025-04-02,16.51,Clothing
CUST04393,2025-04-28,18.51,Electronics
CUST04393,2025-04-04,148.9,Clothing
CUST04393,2025-07-05,89.55,Clothing
CUST04393,2025-07-29,59.67,Electronics
CUST04393,2025-03-13,76.67,Grocery
CUST04393,2025-03-18,45.92,Travel
CUST04393,2025-05-30,83.87,Dining
CUST04393,2025-04-16,161.95,Dining
CUST04393,2025-07-20,35.6,Clothing
CUST04393,2025-05-27,92.54,Travel
CUST04393,2025-06-09,14.03,Grocery
CUST04393,2025-07-24,13.13,Dining
CUST04393,2025-04-15,356.54,Electronics
CUST04393,2025-04-12,66.13,Electronics
CUST04393,2025-06-14,142.86,Travel
CUST04393,2025-05-15,141.9,Electronics
CUST04393,2025-06-12,202.49,Dining
CUST04393,2025-07-21,31.96,Travel
CUST04393,2025-07-16,145.89,Dining
CUST04393,2025-04-23,92.62,Clothing
CUST04393,2025-04-29,56.3,Clothing
CUST04393,2025-04-01,134.35,Electronics
CUST04393,2025-07-25,44.33,Travel
CUST04393,2025-07-15,106.73,Grocery
CUST04393,2025-06-27,90.74,Grocery
CUST04393,2025-07-05,25.68,Dining
CUST04393,2025-04-30,72.53,Dining
CUST04393,2025-07-08,24.03,Electronics
CUST04393,2025-07-24,87.22,Travel
CUST04393,2025-03-29,173.66,Travel
CUST04393,2025-06-07,86.05,Travel
CUST04393,2025-06-27,62.64,Travel
CUST04393,2025-06-04,107.6,Dining
CUST04393,2025-06-04,7.08,Dining
CUST04393,2025-05-01,30.16,Travel
CUST04393,2025-07-23,151.6,Travel
CUST04393,2025-07-05,15.45,Grocery
CUST04393,2025-03-11,10.05,Dining
CUST04393,2025-04-06,100.8,Electronics
CUST04393,2025-07-23,53.07,Travel
CUST04393,2025-07-11,164.13,Dining
CUST04393,2025-04-06,25.12,Travel
CUST04393,2025-06-30,27.02,Travel
CUST04393,2025-06-15,19.28,Travel
CUST04393,2025-06-12,24.2,Clothing
CUST04393,2025-07-19,62.74,Electronics
CUST04393,2025-05-03,47.39,Electronics
CUST04393,2025-07-25,103.42,Grocery
CUST04393,2025-04-24,8.58,Grocery
CUST04393,2025-05-22,134.77,Electronics
CUST04393,2025-03-16,109.85,Travel
CUST04393,2025-07-31,29.57,Clothing
CUST04393,2025-06-08,37.88,Dining
CUST04393,2025-05-27,73.98,Travel
CUST04393,2025-07-25,50.59,Dining
CUST04393,2025-06-29,129.18,Clothing
CUST04393,2025-05-15,78.47,Grocery
CUST04393,2025-03-24,28.96,Travel
CUST04393,2025-04-11,434.84,Electronics
CUST04393,2025-04-01,108.0,Electronics
CUST04393,2025-03-24,100.46,Dining
CUST04394,2025-06-03,26.13,Travel
CUST04394,2025-06-25,74.16,Clothing
CUST04394,2025-03-20,154.68,Travel
CUST04394,2024-12-26,28.97,Clothing
CUST04394,2024-12-17,88.2,Travel
CUST04394,2025-04-09,23.09,Dining
CUST04394,2024-10-27,37.29,Dining
CUST04394,2025-02-18,114.53,Dining
CUST04394,2025-05-10,101.23,Travel
CUST04394,2025-05-09,67.35,Travel
CUST04394,2025-06-16,78.94,Electronics
CUST04394,2025-05-20,74.36,Clothing
CUST04394,2024-11-16,99.47,Dining
CUST04394,2025-03-28,17.42,Electronics
CUST04394,2025-07-20,78.77,Dining
CUST04394,2024-11-21,53.15,Clothing
CUST04394,2025-01-02,28.33,Travel
CUST04394,2024-12-27,17.67,Electronics
CUST04394,2025-03-22,64.77,Electronics
CUST04394,2024-11-01,45.47,Grocery
CUST04394,2025-01-03,51.88,Grocery
CUST04394,2024-08-13,35.32,Grocery
CUST04394,2024-08-25,54.94,Clothing
CUST04394,2025-03-25,15.35,Travel
CUST04394,2025-01-04,58.17,Dining
CUST04394,2025-01-24,87.61,Grocery
CUST04394,2024-10-14,87.79,Dining
CUST04394,2025-04-30,175.79,Grocery
CUST04394,2024-08-14,69.88,Electronics
CUST04394,2025-02-07,137.7,Travel
CUST04394,2024-10-11,225.46,Electronics
CUST04394,2024-10-27,96.63,Grocery
CUST04394,2024-08-14,92.32,Dining
CUST04394,2024-10-29,12.53,Grocery
CUST04394,2025-01-30,39.25,Clothing
CUST04394,2024-09-18,62.49,Travel
CUST04394,2025-04-11,137.22,Dining
CUST04394,2025-02-20,27.08,Clothing
CUST04394,2025-05-01,30.34,Grocery
CUST04394,2025-06-09,24.94,Dining
CUST04394,2024-09-27,36.92,Travel
CUST04394,2024-10-30,31.33,Clothing
CUST04394,2025-02-06,83.23,Dining
CUST04394,2024-09-04,9.85,Electronics
CUST04394,2025-02-26,159.48,Clothing
CUST04394,2025-06-15,58.56,Dining
CUST04394,2024-08-29,13.12,Travel
CUST04394,2025-03-06,17.92,Electronics
CUST04394,2025-03-29,87.45,Grocery
CUST04394,2025-06-02,5.48,Clothing
CUST04394,2025-02-14,56.18,Electronics
CUST04394,2025-07-24,34.57,Travel
CUST04394,2025-05-15,547.94,Electronics
CUST04394,2025-01-26,88.37,Travel
CUST04394,2025-02-25,133.3,Grocery
CUST04394,2025-07-05,23.84,Electronics
CUST04394,2024-11-17,9.33,Electronics
CUST04394,2024-09-15,123.14,Dining
CUST04394,2025-06-17,17.2,Dining
CUST04394,2025-02-04,28.15,Travel
CUST04394,2024-12-18,481.26,Grocery
CUST04394,2024-11-10,49.19,Travel
CUST04394,2025-01-17,262.21,Dining
CUST04394,2024-08-07,21.96,Dining
CUST04394,2025-04-13,212.37,Grocery
CUST04394,2024-08-19,110.11,Clothing
CUST04394,2024-10-31,90.09,Electronics
CUST04394,2025-04-09,108.25,Dining
CUST04394,2024-10-28,463.54,Travel
CUST04394,2025-01-10,36.56,Dining
CUST04394,2025-07-04,173.21,Clothing
CUST04394,2024-10-23,227.77,Clothing
CUST04394,2024-12-13,90.59,Electronics
CUST04394,2024-09-14,152.12,Travel
CUST04394,2024-10-02,248.55,Grocery
CUST04394,2025-02-01,90.98,Clothing
CUST04394,2025-07-27,97.14,Dining
CUST04394,2024-12-08,8.27,Travel
CUST04394,2025-03-28,10.05,Electronics
CUST04394,2024-11-05,155.27,Clothing
CUST04394,2025-03-11,19.62,Travel
CUST04394,2024-10-07,49.52,Travel
CUST04394,2025-04-04,285.04,Travel
CUST04394,2025-02-22,95.05,Travel
CUST04394,2024-08-18,13.35,Clothing
CUST04394,2025-02-12,14.76,Grocery
CUST04394,2025-05-25,13.21,Electronics
CUST04394,2025-07-25,80.0,Electronics
CUST04394,2024-12-30,72.09,Dining
CUST04394,2025-03-30,13.8,Electronics
CUST04394,2025-04-01,275.18,Grocery
CUST04394,2024-11-11,20.18,Grocery
CUST04394,2024-08-23,39.88,Grocery
CUST04394,2024-11-08,8.04,Electronics
CUST04394,2025-03-13,132.3,Electronics
CUST04394,2024-11-27,61.79,Clothing
CUST04394,2025-04-14,11.01,Grocery
CUST04394,2024-09-16,28.28,Electronics
CUST04394,2025-01-04,69.31,Grocery
CUST04394,2025-06-06,20.22,Clothing
CUST04394,2024-09-10,114.81,Dining
CUST04394,2025-02-04,75.44,Grocery
CUST04394,2024-12-01,161.86,Travel
CUST04394,2024-11-25,26.55,Dining
CUST04394,2024-09-12,280.22,Clothing
CUST04395,2024-08-14,238.46,Clothing
CUST04395,2024-08-23,34.82,Grocery
CUST04395,2021-03-13,60.73,Dining
CUST04395,2021-03-17,38.16,Electronics
CUST04395,2020-10-09,31.85,Clothing
CUST04395,2022-02-08,81.72,Clothing
CUST04395,2020-12-06,10.85,Electronics
CUST04395,2024-11-14,74.54,Dining
CUST04395,2025-02-06,73.65,Clothing
CUST04395,2022-07-01,11.45,Grocery
CUST04395,2021-02-22,45.48,Travel
CUST04395,2022-05-19,30.88,Clothing
CUST04395,2024-11-06,31.51,Grocery
CUST04395,2024-10-23,50.81,Electronics
CUST04395,2020-11-22,96.1,Electronics
CUST04395,2021-03-21,361.38,Clothing
CUST04395,2022-10-17,17.97,Clothing
CUST04395,2023-11-17,116.27,Grocery
CUST04395,2021-12-14,99.01,Travel
CUST04395,2021-04-15,21.66,Dining
CUST04395,2023-06-21,111.22,Clothing
CUST04395,2024-05-03,31.66,Travel
CUST04395,2023-05-25,100.18,Travel
CUST04395,2024-07-29,18.42,Grocery
CUST04395,2023-03-22,21.47,Travel
CUST04395,2022-06-14,60.18,Grocery
CUST04395,2025-01-02,10.45,Travel
CUST04395,2022-12-30,58.37,Travel
CUST04395,2024-12-06,62.15,Grocery
CUST04395,2022-05-04,103.12,Grocery
CUST04395,2020-11-15,42.13,Clothing
CUST04395,2021-09-17,40.51,Travel
CUST04395,2021-02-10,17.82,Electronics
CUST04395,2024-06-01,113.03,Grocery
CUST04395,2020-10-03,58.38,Clothing
CUST04395,2024-06-12,25.52,Travel
CUST04395,2024-03-22,163.88,Electronics
CUST04395,2024-05-22,65.57,Electronics
CUST04395,2024-05-11,14.77,Electronics
CUST04395,2024-04-09,37.08,Clothing
CUST04395,2024-11-28,209.11,Clothing
CUST04395,2022-04-26,28.93,Clothing
CUST04395,2021-10-19,16.35,Clothing
CUST04395,2021-09-21,9.19,Electronics
CUST04395,2020-10-04,40.47,Travel
CUST04395,2024-04-29,53.23,Travel
CUST04395,2021-01-08,35.0,Dining
CUST04395,2022-01-01,30.76,Grocery
CUST04395,2021-02-09,94.46,Travel
CUST04395,2024-01-18,14.62,Electronics
CUST04395,2023-03-19,43.2,Electronics
CUST04395,2022-08-03,38.28,Electronics
CUST04395,2024-02-12,174.46,Grocery
CUST04395,2025-06-17,66.6,Travel
CUST04395,2023-01-07,36.34,Travel
CUST04395,2022-11-06,6.77,Clothing
CUST04395,2025-07-30,109.05,Grocery
CUST04395,2022-09-11,30.33,Dining
CUST04395,2023-10-29,217.28,Grocery
CUST04395,2022-10-01,138.14,Grocery
CUST04395,2024-08-04,66.75,Dining
CUST04395,2021-09-24,38.33,Dining
CUST04395,2023-03-14,74.13,Travel
CUST04395,2022-10-21,58.85,Dining
CUST04395,2022-05-17,70.99,Clothing
CUST04395,2024-12-19,163.76,Clothing
CUST04395,2022-10-13,93.59,Grocery
CUST04395,2022-01-31,314.22,Clothing
CUST04395,2023-11-01,66.26,Electronics
CUST04395,2022-11-21,91.51,Travel
CUST04395,2023-04-07,93.93,Grocery
CUST04395,2022-03-21,180.35,Grocery
CUST04395,2022-06-07,76.94,Dining
CUST04395,2022-03-11,19.44,Clothing
CUST04395,2022-11-20,238.72,Dining
CUST04395,2025-03-10,80.63,Clothing
CUST04395,2025-05-31,62.33,Electronics
CUST04395,2025-04-16,12.25,Electronics
CUST04395,2021-03-04,6.77,Electronics
CUST04395,2024-01-04,35.35,Grocery
CUST04395,2021-03-20,7.99,Electronics
CUST04395,2021-12-17,120.6,Travel
CUST04395,2024-02-08,71.03,Grocery
CUST04395,2022-10-17,11.21,Dining
CUST04395,2025-05-04,65.03,Dining
CUST04395,2021-11-09,20.31,Travel
CUST04395,2023-02-05,65.13,Clothing
CUST04395,2024-05-02,28.53,Clothing
CUST04395,2025-06-23,75.0,Electronics
CUST04395,2025-07-29,17.47,Clothing
CUST04395,2024-11-05,110.38,Clothing
CUST04395,2025-07-31,262.15,Dining
CUST04395,2025-01-21,62.77,Electronics
CUST04396,2024-12-28,19.29,Grocery
CUST04396,2024-08-18,43.12,Dining
CUST04396,2025-01-06,79.73,Travel
CUST04396,2024-10-11,14.47,Dining
CUST04396,2022-04-29,19.34,Electronics
CUST04396,2024-05-06,170.39,Clothing
CUST04396,2022-04-22,53.64,Clothing
CUST04396,2022-06-03,36.38,Clothing
CUST04396,2023-06-23,130.86,Dining
CUST04396,2024-10-22,49.89,Dining
CUST04396,2024-12-04,230.3,Travel
CUST04396,2025-05-15,57.97,Travel
CUST04396,2022-02-15,15.11,Dining
CUST04396,2024-07-10,40.37,Dining
CUST04396,2023-06-02,20.0,Travel
CUST04396,2023-05-08,58.62,Dining
CUST04396,2025-06-16,43.75,Grocery
CUST04396,2023-01-25,70.41,Clothing
CUST04396,2025-05-25,185.94,Dining
CUST04396,2022-08-18,11.55,Travel
CUST04396,2024-03-03,19.1,Dining
CUST04396,2023-03-01,41.87,Grocery
CUST04396,2025-02-07,33.1,Grocery
CUST04396,2023-11-30,78.43,Clothing
CUST04396,2023-06-05,14.91,Electronics
CUST04396,2025-06-13,10.47,Grocery
CUST04396,2024-10-16,36.11,Dining
CUST04396,2025-01-01,70.92,Electronics
CUST04396,2022-04-05,40.91,Travel
CUST04396,2022-03-17,8.3,Travel
CUST04396,2022-04-12,15.39,Dining
CUST04396,2022-03-06,11.61,Clothing
CUST04396,2022-07-21,72.13,Electronics
CUST04396,2024-04-14,28.84,Grocery
CUST04396,2023-03-26,98.14,Clothing
CUST04396,2025-04-18,18.23,Electronics
CUST04396,2022-09-08,7.99,Travel
CUST04396,2022-03-13,21.31,Travel
CUST04396,2024-08-23,45.79,Travel
CUST04396,2024-01-22,38.5,Dining
CUST04396,2024-01-21,16.77,Electronics
CUST04396,2022-09-27,194.71,Grocery
CUST04396,2022-10-10,15.31,Travel
CUST04396,2024-07-21,31.64,Electronics
CUST04396,2024-08-08,120.5,Clothing
CUST04396,2023-02-08,14.35,Electronics
CUST04396,2024-09-27,105.77,Grocery
CUST04396,2024-01-29,114.31,Clothing
CUST04396,2024-08-12,57.57,Travel
CUST04396,2023-07-13,81.48,Travel
CUST04396,2023-09-09,137.23,Dining
CUST04396,2022-05-04,154.02,Grocery
CUST04396,2024-06-15,14.4,Grocery
CUST04396,2023-07-28,53.71,Electronics
CUST04396,2024-12-04,39.57,Grocery
CUST04396,2023-01-16,25.99,Clothing
CUST04396,2024-04-20,81.44,Travel
CUST04396,2024-05-28,62.1,Travel
CUST04396,2024-06-07,73.18,Electronics
CUST04396,2023-03-17,106.81,Clothing
CUST04396,2025-04-24,51.49,Grocery
CUST04396,2023-09-01,61.86,Travel
CUST04396,2024-05-06,119.28,Grocery
CUST04396,2024-11-18,95.06,Clothing
CUST04396,2024-04-19,63.7,Electronics
CUST04396,2024-05-23,59.65,Electronics
CUST04396,2022-10-20,18.19,Electronics
CUST04396,2024-04-05,15.97,Grocery
CUST04396,2024-04-25,172.54,Electronics
CUST04396,2023-12-03,29.4,Electronics
CUST04396,2023-04-28,76.36,Grocery
CUST04396,2024-12-03,230.84,Travel
CUST04396,2022-07-31,9.66,Travel
CUST04396,2022-12-25,86.4,Electronics
CUST04396,2023-03-23,135.28,Grocery
CUST04396,2024-12-28,56.88,Travel
CUST04396,2023-05-01,38.74,Travel
CUST04396,2024-12-04,169.13,Grocery
CUST04396,2025-04-22,97.75,Grocery
CUST04396,2022-03-21,84.02,Electronics
CUST04396,2022-10-26,45.38,Clothing
CUST04396,2024-08-20,261.02,Clothing
CUST04396,2024-08-10,26.66,Clothing
CUST04396,2022-07-27,55.64,Grocery
CUST04396,2022-08-24,45.73,Dining
CUST04396,2022-06-15,24.37,Travel
CUST04396,2023-11-15,43.13,Clothing
CUST04396,2025-06-16,65.73,Electronics
CUST04396,2025-02-10,253.7,Travel
CUST04396,2024-11-03,9.82,Dining
CUST04396,2025-04-03,105.61,Grocery
CUST04396,2022-11-09,68.79,Dining
CUST04396,2023-02-09,45.8,Grocery
CUST04396,2022-08-28,74.16,Dining
CUST04396,2023-12-09,22.53,Travel
CUST04396,2024-12-15,174.94,Dining
CUST04396,2023-11-21,7.33,Electronics
CUST04396,2024-06-11,15.78,Dining
CUST04396,2024-07-15,19.56,Travel
CUST04396,2022-08-19,118.57,Travel
CUST04396,2023-01-08,8.23,Grocery
CUST04396,2025-02-13,39.32,Clothing
CUST04396,2023-04-29,23.26,Dining
CUST04396,2024-03-26,76.49,Clothing
CUST04396,2024-07-08,258.66,Travel
CUST04396,2024-02-09,10.36,Dining
CUST04396,2024-08-05,53.44,Grocery
CUST04396,2024-04-10,5.64,Travel
CUST04397,2025-06-15,17.01,Travel
CUST04397,2025-02-26,38.67,Electronics
CUST04397,2024-10-26,170.11,Travel
CUST04397,2024-12-14,138.81,Grocery
CUST04397,2024-10-16,61.49,Electronics
CUST04397,2024-08-04,282.92,Travel
CUST04397,2025-07-12,91.46,Travel
CUST04397,2024-05-16,194.31,Grocery
CUST04397,2025-05-31,170.44,Dining
CUST04397,2025-06-27,102.69,Dining
CUST04397,2024-12-19,52.0,Grocery
CUST04397,2025-03-07,12.9,Dining
CUST04397,2025-06-24,29.17,Dining
CUST04397,2024-06-02,75.29,Electronics
CUST04397,2024-09-03,62.73,Travel
CUST04397,2025-05-16,115.82,Grocery
CUST04397,2024-12-25,32.12,Grocery
CUST04397,2024-08-10,57.05,Travel
CUST04397,2024-06-30,87.09,Travel
CUST04397,2024-07-03,100.49,Dining
CUST04397,2024-08-28,33.57,Dining
CUST04397,2024-08-03,118.61,Grocery
CUST04397,2025-07-29,9.72,Dining
CUST04397,2024-08-15,13.67,Clothing
CUST04397,2025-07-15,128.54,Grocery
CUST04397,2024-09-13,143.12,Grocery
CUST04397,2025-04-26,17.29,Dining
CUST04397,2025-02-12,25.5,Clothing
CUST04397,2024-07-28,11.99,Clothing
CUST04397,2024-11-05,96.71,Grocery
CUST04397,2024-07-23,28.91,Travel
CUST04397,2024-06-30,15.15,Electronics
CUST04397,2024-12-27,106.32,Dining
CUST04397,2025-03-31,282.41,Dining
CUST04397,2025-07-28,117.07,Grocery
CUST04397,2025-06-08,76.65,Electronics
CUST04397,2025-04-30,6.12,Electronics
CUST04397,2025-06-30,38.63,Travel
CUST04397,2025-01-02,182.01,Dining
CUST04397,2024-02-29,81.59,Dining
CUST04397,2024-04-14,102.85,Grocery
CUST04397,2024-05-07,186.32,Grocery
CUST04397,2024-09-18,75.69,Travel
CUST04397,2024-08-14,83.26,Electronics
CUST04397,2024-06-27,53.88,Grocery
CUST04397,2025-05-22,24.05,Grocery
CUST04397,2024-05-15,42.32,Travel
CUST04397,2025-03-14,77.0,Dining
CUST04397,2024-03-10,13.6,Clothing
CUST04397,2025-03-18,69.08,Electronics
CUST04397,2024-05-18,14.16,Grocery
CUST04397,2025-07-11,21.44,Grocery
CUST04397,2025-02-11,37.41,Travel
CUST04397,2024-07-16,388.57,Grocery
CUST04397,2024-09-29,6.64,Clothing
CUST04397,2024-07-10,166.22,Clothing
CUST04397,2024-09-08,81.24,Grocery
CUST04397,2025-02-01,68.99,Travel
CUST04397,2025-05-28,167.25,Travel
CUST04397,2024-12-22,174.4,Clothing
CUST04397,2025-05-17,18.15,Grocery
CUST04397,2024-03-19,7.83,Clothing
CUST04397,2024-06-07,93.19,Travel
CUST04397,2024-06-26,127.55,Clothing
CUST04397,2024-04-19,59.82,Dining
CUST04397,2025-02-22,30.81,Electronics
CUST04397,2024-12-19,19.89,Dining
CUST04397,2025-07-07,16.28,Dining
CUST04397,2025-03-18,73.49,Dining
CUST04397,2024-03-03,9.92,Electronics
CUST04397,2024-12-21,30.35,Dining
CUST04397,2025-03-30,106.61,Clothing
CUST04397,2025-06-18,47.54,Dining
CUST04397,2025-04-21,17.7,Clothing
CUST04397,2024-06-17,35.21,Grocery
CUST04397,2024-09-10,23.42,Clothing
CUST04397,2024-11-18,203.6,Dining
CUST04397,2025-07-15,75.68,Clothing
CUST04397,2024-09-26,124.9,Electronics
CUST04397,2024-09-07,80.13,Dining
CUST04397,2025-03-01,8.92,Electronics
CUST04397,2025-03-20,94.47,Electronics
CUST04397,2025-04-02,26.06,Clothing
CUST04397,2024-04-12,76.77,Dining
CUST04397,2024-11-20,216.13,Clothing
CUST04397,2024-08-25,8.42,Electronics
CUST04397,2025-07-22,74.55,Clothing
CUST04397,2024-04-24,98.93,Grocery
CUST04397,2025-01-26,60.3,Travel
CUST04397,2024-11-27,17.39,Electronics
CUST04397,2025-03-10,114.94,Clothing
CUST04397,2024-05-12,5.64,Clothing
CUST04397,2024-02-19,72.38,Electronics
CUST04397,2024-08-04,18.3,Dining
CUST04397,2024-09-08,205.68,Grocery
CUST04397,2024-08-20,51.43,Dining
CUST04397,2024-04-03,24.65,Grocery
CUST04397,2025-07-09,96.1,Grocery
CUST04397,2024-06-02,36.56,Clothing
CUST04397,2024-12-03,78.64,Grocery
CUST04397,2024-12-23,15.95,Electronics
CUST04398,2025-07-15,18.53,Travel
CUST04398,2025-01-15,96.39,Dining
CUST04398,2025-06-01,58.78,Travel
CUST04398,2025-06-24,8.1,Dining
CUST04398,2025-05-31,31.46,Dining
CUST04398,2025-07-18,66.78,Dining
CUST04398,2025-07-04,53.55,Dining
CUST04398,2025-02-08,43.08,Clothing
CUST04398,2024-12-08,116.93,Electronics
CUST04398,2025-07-09,45.07,Electronics
CUST04398,2025-02-12,27.47,Electronics
CUST04398,2025-04-10,171.11,Travel
CUST04398,2025-03-22,36.53,Grocery
CUST04398,2024-12-30,32.96,Electronics
CUST04398,2025-04-29,6.17,Travel
CUST04398,2025-04-14,162.2,Dining
CUST04398,2025-05-10,45.03,Electronics
CUST04398,2024-12-10,41.56,Clothing
CUST04398,2025-05-20,121.66,Grocery
CUST04398,2024-12-31,34.37,Clothing
CUST04398,2025-07-05,105.68,Electronics
CUST04398,2025-03-24,16.18,Travel
CUST04398,2025-03-03,91.6,Grocery
CUST04398,2025-07-07,61.14,Travel
CUST04398,2025-05-19,56.62,Electronics
CUST04398,2025-06-17,62.27,Clothing
CUST04398,2025-05-01,265.81,Clothing
CUST04398,2025-06-26,45.1,Travel
CUST04398,2025-03-18,161.55,Grocery
CUST04398,2025-04-27,687.45,Dining
CUST04398,2025-06-05,51.85,Dining
CUST04398,2024-12-24,10.39,Dining
CUST04398,2025-04-20,91.12,Dining
CUST04398,2025-03-03,41.17,Dining
CUST04398,2025-04-13,74.66,Electronics
CUST04398,2025-01-20,119.09,Clothing
CUST04398,2025-05-10,136.06,Dining
CUST04398,2025-04-24,121.5,Clothing
CUST04398,2025-06-13,117.64,Electronics
CUST04398,2025-04-08,117.26,Dining
CUST04398,2025-06-28,62.51,Grocery
CUST04398,2024-12-13,46.02,Electronics
CUST04398,2025-01-05,67.72,Dining
CUST04398,2024-12-22,135.61,Travel
CUST04398,2025-02-19,56.29,Clothing
CUST04398,2025-07-08,71.91,Electronics
CUST04398,2025-06-19,264.96,Electronics
CUST04398,2025-03-24,54.89,Grocery
CUST04398,2025-03-30,74.82,Dining
CUST04398,2025-07-29,11.6,Electronics
CUST04398,2025-07-27,111.58,Electronics
CUST04398,2025-01-20,70.77,Travel
CUST04398,2025-02-12,16.81,Clothing
CUST04398,2025-03-10,126.89,Electronics
CUST04398,2025-06-05,67.34,Grocery
CUST04398,2025-01-26,108.35,Grocery
CUST04398,2025-04-27,20.78,Clothing
CUST04398,2025-02-04,114.04,Dining
CUST04398,2025-02-02,80.79,Dining
CUST04398,2025-05-13,49.14,Grocery
CUST04398,2025-06-30,21.46,Travel
CUST04398,2025-04-15,26.08,Electronics
CUST04398,2025-04-13,210.84,Clothing
CUST04398,2025-02-18,400.16,Grocery
CUST04398,2025-07-14,15.36,Electronics
CUST04398,2025-03-17,24.87,Travel
CUST04398,2025-06-04,46.66,Grocery
CUST04398,2025-07-26,15.95,Electronics
CUST04398,2025-01-24,13.51,Travel
CUST04398,2025-04-25,87.97,Clothing
CUST04398,2025-07-18,15.52,Travel
CUST04398,2025-01-13,91.14,Clothing
CUST04398,2025-07-14,20.37,Travel
CUST04398,2025-03-17,76.41,Travel
CUST04398,2025-05-04,223.53,Clothing
CUST04398,2025-02-19,20.38,Dining
CUST04398,2024-12-06,46.6,Clothing
CUST04398,2025-03-12,236.51,Grocery
CUST04398,2025-05-14,165.95,Dining
CUST04398,2025-04-05,138.14,Dining
CUST04398,2025-05-14,13.22,Electronics
CUST04398,2025-04-01,103.82,Electronics
CUST04398,2025-06-03,71.68,Electronics
CUST04398,2024-12-16,15.83,Electronics
CUST04398,2025-05-08,54.86,Clothing
CUST04398,2025-05-10,27.4,Dining
CUST04398,2025-01-28,87.94,Dining
CUST04398,2025-06-03,268.42,Dining
CUST04398,2025-01-09,113.71,Clothing
CUST04398,2024-12-19,89.65,Dining
CUST04399,2022-12-16,102.51,Electronics
CUST04399,2025-05-30,55.9,Clothing
CUST04399,2024-04-22,64.64,Dining
CUST04399,2025-06-03,108.1,Clothing
CUST04399,2024-05-07,22.83,Electronics
CUST04399,2022-08-05,108.01,Travel
CUST04399,2023-05-13,175.49,Electronics
CUST04399,2024-04-02,60.95,Dining
CUST04399,2024-11-06,95.21,Electronics
CUST04399,2024-11-17,22.34,Travel
CUST04399,2024-08-07,49.97,Dining
CUST04399,2025-06-29,18.67,Dining
CUST04399,2023-04-16,50.75,Electronics
CUST04399,2024-07-27,16.08,Clothing
CUST04399,2024-01-21,80.06,Clothing
CUST04399,2025-04-10,67.37,Grocery
CUST04399,2023-04-04,50.22,Electronics
CUST04399,2024-11-27,10.29,Grocery
CUST04399,2025-02-07,20.68,Travel
CUST04399,2024-06-23,25.75,Clothing
CUST04399,2025-01-25,232.46,Travel
CUST04399,2023-01-27,29.15,Travel
CUST04399,2023-12-13,11.38,Grocery
CUST04399,2023-05-04,47.31,Dining
CUST04399,2023-06-24,48.67,Dining
CUST04399,2024-09-01,127.46,Electronics
CUST04399,2023-09-13,233.9,Electronics
CUST04399,2025-06-17,8.82,Electronics
CUST04399,2024-03-24,13.99,Dining
CUST04399,2024-07-28,199.98,Clothing
CUST04399,2025-04-15,107.63,Electronics
CUST04399,2025-04-03,103.17,Dining
CUST04399,2022-10-10,18.81,Electronics
CUST04399,2023-12-23,39.26,Grocery
CUST04399,2023-08-09,39.57,Clothing
CUST04399,2025-01-18,95.66,Dining
CUST04399,2023-01-11,11.64,Dining
CUST04399,2023-05-27,270.4,Electronics
CUST04399,2024-05-23,48.22,Electronics
CUST04399,2023-08-02,101.67,Travel
CUST04399,2023-10-21,57.95,Grocery
CUST04399,2024-06-17,45.49,Electronics
CUST04399,2024-01-30,11.97,Electronics
CUST04399,2025-05-31,17.02,Electronics
CUST04399,2025-06-16,224.85,Dining
CUST04399,2023-04-18,21.51,Electronics
CUST04399,2022-09-20,63.75,Clothing
CUST04399,2024-09-24,27.68,Clothing
CUST04399,2023-04-06,114.4,Dining
CUST04399,2025-07-23,100.53,Electronics
CUST04399,2025-07-24,215.22,Dining
CUST04399,2025-07-14,53.93,Clothing
CUST04399,2025-03-21,151.99,Clothing
CUST04399,2024-01-15,60.14,Travel
CUST04399,2025-04-16,48.28,Dining
CUST04399,2023-05-04,119.63,Electronics
CUST04399,2023-04-20,33.72,Travel
CUST04399,2024-02-01,28.57,Clothing
CUST04399,2023-11-19,17.43,Electronics
CUST04399,2024-01-26,106.19,Travel
CUST04399,2024-12-12,38.48,Grocery
CUST04399,2022-11-17,75.8,Travel
CUST04399,2025-01-14,16.41,Clothing
CUST04399,2025-01-08,22.18,Grocery
CUST04399,2023-09-15,15.57,Travel
CUST04399,2023-07-20,121.75,Dining
CUST04399,2023-05-08,50.35,Dining
CUST04399,2024-04-01,150.37,Travel
CUST04399,2023-01-06,431.09,Clothing
CUST04399,2022-12-30,104.09,Electronics
CUST04399,2024-10-04,121.46,Clothing
CUST04399,2024-02-29,196.13,Clothing
CUST04399,2023-03-16,132.14,Dining
CUST04399,2024-08-01,6.58,Clothing
CUST04399,2022-10-16,86.62,Dining
CUST04399,2022-12-05,51.86,Grocery
CUST04399,2024-07-25,336.05,Travel
CUST04399,2024-02-04,162.65,Travel
CUST04399,2025-05-02,40.19,Travel
CUST04399,2023-02-03,156.62,Travel
CUST04399,2024-06-16,16.25,Travel
CUST04399,2024-03-08,427.32,Dining
CUST04399,2023-10-27,32.79,Clothing
CUST04399,2022-10-25,30.17,Clothing
CUST04399,2023-05-27,139.77,Travel
CUST04399,2022-11-21,48.61,Clothing
CUST04399,2025-02-02,164.02,Electronics
CUST04399,2023-11-27,355.06,Grocery
CUST04399,2022-10-23,242.54,Electronics
CUST04399,2025-05-17,44.9,Electronics
CUST04399,2025-02-03,42.97,Dining
CUST04399,2023-06-01,86.09,Clothing
CUST04399,2023-02-25,6.92,Travel
CUST04400,2025-04-27,17.74,Dining
CUST04400,2025-05-16,157.41,Grocery
CUST04400,2025-05-16,16.15,Travel
CUST04400,2025-05-22,26.34,Dining
CUST04400,2025-03-27,67.87,Travel
CUST04400,2025-04-24,49.46,Clothing
CUST04400,2025-07-22,64.24,Travel
CUST04400,2025-03-08,173.4,Electronics
CUST04400,2025-07-11,153.38,Electronics
CUST04400,2025-03-11,100.28,Grocery
CUST04400,2025-02-27,154.54,Clothing
CUST04400,2025-03-22,158.57,Travel
CUST04400,2025-03-22,71.91,Dining
CUST04400,2025-03-28,91.24,Travel
CUST04400,2025-06-15,22.3,Electronics
CUST04400,2025-06-11,49.58,Dining
CUST04400,2025-04-20,137.83,Grocery
CUST04400,2025-03-02,70.99,Electronics
CUST04400,2025-07-06,178.29,Electronics
CUST04400,2025-04-09,18.58,Dining
CUST04400,2025-04-19,84.96,Travel
CUST04400,2025-06-02,10.29,Travel
CUST04400,2025-07-19,23.82,Dining
CUST04400,2025-03-07,5.56,Clothing
CUST04400,2025-07-27,105.38,Clothing
CUST04400,2025-04-23,10.28,Electronics
CUST04400,2025-05-20,195.65,Travel
CUST04400,2025-07-20,122.57,Clothing
CUST04400,2025-06-08,125.24,Dining
CUST04400,2025-02-22,95.84,Electronics
CUST04400,2025-07-03,36.35,Travel
CUST04400,2025-03-19,58.85,Grocery
CUST04400,2025-07-20,41.26,Grocery
CUST04400,2025-04-01,55.24,Clothing
CUST04400,2025-02-22,48.95,Travel
CUST04400,2025-05-30,26.58,Travel
CUST04400,2025-07-20,62.59,Travel
CUST04400,2025-07-17,18.27,Clothing
CUST04400,2025-03-21,101.45,Dining
CUST04400,2025-07-29,110.25,Travel
CUST04400,2025-05-15,36.83,Clothing
CUST04400,2025-04-06,63.15,Electronics
CUST04400,2025-06-25,89.75,Travel
CUST04400,2025-07-26,296.29,Travel
CUST04400,2025-06-12,9.79,Grocery
CUST04400,2025-07-29,35.23,Clothing
CUST04400,2025-03-02,8.83,Travel
CUST04400,2025-04-30,132.67,Clothing
CUST04400,2025-07-04,284.28,Electronics
CUST04400,2025-06-30,12.33,Grocery
CUST04400,2025-07-17,17.01,Travel
CUST04400,2025-03-12,164.05,Clothing
CUST04400,2025-04-30,54.49,Electronics
CUST04400,2025-04-14,93.03,Dining
CUST04400,2025-07-31,11.03,Clothing
CUST04400,2025-05-14,5.12,Clothing
CUST04400,2025-04-05,245.37,Dining
CUST04400,2025-06-27,7.44,Grocery
CUST04400,2025-04-14,49.99,Grocery
CUST04400,2025-04-20,18.21,Grocery
CUST04400,2025-03-07,94.29,Travel
CUST04400,2025-04-10,28.79,Electronics
CUST04400,2025-05-26,79.46,Travel
CUST04400,2025-04-09,90.7,Electronics
CUST04400,2025-05-23,167.13,Grocery
CUST04400,2025-04-04,28.49,Grocery
CUST04400,2025-07-08,76.39,Grocery
CUST04400,2025-05-07,15.75,Electronics
CUST04400,2025-06-24,59.93,Dining
CUST04400,2025-05-13,24.22,Clothing
CUST04400,2025-04-23,10.35,Dining
CUST04400,2025-07-15,80.52,Travel
CUST04400,2025-07-11,78.63,Clothing
CUST04400,2025-02-24,64.89,Dining
CUST04400,2025-06-12,210.97,Clothing
CUST04400,2025-05-30,112.77,Travel
CUST04400,2025-06-08,76.18,Electronics
CUST04400,2025-06-02,15.21,Dining
CUST04400,2025-03-15,84.5,Grocery
CUST04400,2025-07-19,199.75,Dining
CUST04400,2025-05-20,76.56,Dining
CUST04400,2025-03-15,116.23,Grocery
CUST04400,2025-05-12,258.12,Electronics
CUST04400,2025-03-20,56.57,Travel
CUST04400,2025-03-24,155.83,Grocery
CUST04400,2025-04-04,45.39,Clothing
CUST04400,2025-03-06,107.66,Travel
CUST04400,2025-05-10,201.72,Clothing
CUST04400,2025-07-09,34.63,Travel
CUST04400,2025-03-28,17.64,Grocery
CUST04400,2025-03-05,171.0,Grocery
CUST04400,2025-04-09,21.66,Grocery
CUST04400,2025-05-17,85.36,Dining
CUST04400,2025-07-27,80.18,Travel
CUST04400,2025-05-09,49.2,Electronics
CUST04400,2025-03-09,109.74,Electronics
CUST04400,2025-07-19,34.25,Travel
CUST04400,2025-03-12,132.89,Grocery
CUST04400,2025-07-18,36.51,Dining
CUST04400,2025-06-11,35.27,Grocery
CUST04400,2025-03-23,163.74,Dining
CUST04400,2025-03-12,14.78,Clothing
CUST04401,2024-08-13,26.76,Travel
CUST04401,2025-06-25,22.0,Dining
CUST04401,2025-07-07,87.09,Travel
CUST04401,2025-03-26,248.4,Travel
CUST04401,2024-10-26,8.05,Dining
CUST04401,2024-06-15,35.31,Electronics
CUST04401,2025-04-27,165.41,Electronics
CUST04401,2025-03-21,7.84,Dining
CUST04401,2024-09-29,114.18,Grocery
CUST04401,2025-03-21,239.06,Clothing
CUST04401,2025-04-24,168.85,Electronics
CUST04401,2025-04-09,125.16,Dining
CUST04401,2024-08-29,123.67,Dining
CUST04401,2025-04-11,12.05,Electronics
CUST04401,2025-05-03,42.95,Clothing
CUST04401,2024-12-16,30.1,Grocery
CUST04401,2025-03-31,17.63,Dining
CUST04401,2024-12-03,5.2,Dining
CUST04401,2025-07-06,153.54,Dining
CUST04401,2024-11-25,43.14,Clothing
CUST04401,2025-02-05,70.77,Electronics
CUST04401,2025-05-28,19.75,Electronics
CUST04401,2024-06-13,7.52,Travel
CUST04401,2025-03-03,340.67,Dining
CUST04401,2025-03-21,39.35,Grocery
CUST04401,2025-01-01,9.35,Grocery
CUST04401,2024-09-23,112.35,Grocery
CUST04401,2024-08-21,190.33,Travel
CUST04401,2025-03-01,146.56,Clothing
CUST04401,2025-05-21,170.32,Electronics
CUST04401,2024-11-29,73.24,Electronics
CUST04401,2024-10-06,130.34,Travel
CUST04401,2024-11-29,208.69,Electronics
CUST04401,2024-07-28,78.89,Travel
CUST04401,2024-10-07,15.4,Grocery
CUST04401,2025-07-11,201.65,Travel
CUST04401,2024-12-13,36.92,Grocery
CUST04401,2025-01-31,72.93,Travel
CUST04401,2025-05-07,12.13,Travel
CUST04401,2024-10-17,133.41,Travel
CUST04401,2024-07-14,20.56,Travel
CUST04401,2024-10-07,15.3,Dining
CUST04401,2025-07-19,44.58,Clothing
CUST04401,2025-05-07,38.52,Travel
CUST04401,2025-04-14,124.29,Clothing
CUST04401,2025-02-22,42.71,Grocery
CUST04401,2024-09-11,227.92,Dining
CUST04401,2024-12-14,7.34,Electronics
CUST04401,2024-07-02,108.56,Travel
CUST04401,2025-01-04,70.34,Dining
CUST04401,2025-02-21,7.46,Grocery
CUST04401,2025-01-25,67.64,Travel
CUST04401,2024-08-24,80.97,Clothing
CUST04401,2025-01-02,40.58,Travel
CUST04401,2025-05-22,7.15,Clothing
CUST04401,2024-11-27,126.34,Dining
CUST04401,2024-09-23,71.79,Dining
CUST04401,2025-03-03,112.62,Electronics
CUST04401,2025-03-13,96.72,Clothing
CUST04401,2025-03-13,127.3,Travel
CUST04401,2024-06-16,81.03,Grocery
CUST04401,2025-04-25,17.88,Dining
CUST04401,2025-01-31,59.23,Grocery
CUST04401,2025-02-18,6.15,Clothing
CUST04401,2025-01-29,45.6,Dining
CUST04401,2025-05-27,77.22,Dining
CUST04401,2025-06-07,30.93,Dining
CUST04401,2025-03-17,171.14,Grocery
CUST04401,2024-08-10,95.35,Clothing
CUST04401,2024-09-29,53.66,Dining
CUST04401,2024-07-08,110.17,Grocery
CUST04401,2025-03-25,43.75,Clothing
CUST04401,2025-02-23,28.41,Dining
CUST04401,2024-10-28,87.68,Travel
CUST04401,2025-05-01,53.12,Travel
CUST04401,2024-10-02,239.16,Electronics
CUST04401,2024-08-31,32.86,Clothing
CUST04401,2024-06-10,56.39,Clothing
CUST04401,2024-12-22,230.58,Dining
CUST04401,2024-05-27,81.95,Clothing
CUST04401,2025-07-23,213.32,Clothing
CUST04401,2025-05-30,415.15,Electronics
CUST04401,2025-07-06,46.59,Clothing
CUST04401,2024-05-29,92.94,Travel
CUST04401,2025-02-02,9.95,Clothing
CUST04401,2024-12-24,209.96,Dining
CUST04401,2025-01-12,141.06,Travel
CUST04401,2024-06-20,44.52,Clothing
CUST04401,2024-06-16,106.2,Travel
CUST04401,2025-03-03,64.32,Grocery
CUST04401,2024-07-22,79.84,Clothing
CUST04401,2024-10-25,11.93,Travel
CUST04401,2024-10-18,16.29,Dining
CUST04401,2025-05-10,40.79,Electronics
CUST04401,2025-04-25,81.6,Grocery
CUST04401,2025-07-11,58.3,Dining
CUST04401,2025-05-16,172.55,Grocery
CUST04401,2025-02-21,346.75,Dining
CUST04401,2024-09-29,176.67,Dining
CUST04401,2024-06-26,23.68,Travel
CUST04401,2024-05-31,60.34,Dining
CUST04401,2025-02-21,178.9,Clothing
CUST04401,2025-05-07,31.28,Travel
CUST04401,2024-08-12,23.99,Clothing
CUST04402,2025-07-23,210.55,Travel
CUST04402,2024-08-13,135.87,Electronics
CUST04402,2024-06-28,98.7,Grocery
CUST04402,2025-06-10,21.68,Clothing
CUST04402,2023-10-18,21.47,Travel
CUST04402,2024-12-08,41.61,Clothing
CUST04402,2024-04-30,21.76,Dining
CUST04402,2024-08-29,140.19,Clothing
CUST04402,2023-10-24,163.41,Travel
CUST04402,2024-09-26,8.96,Clothing
CUST04402,2024-07-20,399.38,Dining
CUST04402,2023-08-04,5.15,Clothing
CUST04402,2024-05-20,219.99,Electronics
CUST04402,2024-12-01,46.74,Clothing
CUST04402,2024-10-18,17.75,Grocery
CUST04402,2025-05-27,42.14,Grocery
CUST04402,2024-03-15,13.04,Clothing
CUST04402,2025-05-24,61.54,Travel
CUST04402,2024-05-11,146.68,Electronics
CUST04402,2024-05-05,78.25,Grocery
CUST04402,2024-04-12,16.62,Electronics
CUST04402,2025-07-07,32.66,Grocery
CUST04402,2025-02-12,20.93,Grocery
CUST04402,2025-05-28,54.18,Travel
CUST04402,2025-01-01,98.88,Clothing
CUST04402,2024-04-11,54.96,Dining
CUST04402,2025-06-23,111.84,Grocery
CUST04402,2024-03-16,30.33,Electronics
CUST04402,2024-11-05,130.57,Clothing
CUST04402,2024-11-15,118.31,Travel
CUST04402,2024-09-21,56.58,Dining
CUST04402,2024-10-30,217.66,Travel
CUST04402,2024-04-04,58.84,Travel
CUST04402,2025-07-03,301.99,Travel
CUST04402,2025-04-12,85.77,Dining
CUST04402,2024-12-10,33.04,Travel
CUST04402,2023-09-01,41.4,Electronics
CUST04402,2024-01-09,108.53,Grocery
CUST04402,2024-09-21,67.37,Clothing
CUST04402,2024-10-17,64.59,Grocery
CUST04402,2024-08-11,151.72,Dining
CUST04402,2024-02-13,294.22,Grocery
CUST04402,2025-05-31,46.39,Grocery
CUST04402,2023-12-05,96.97,Clothing
CUST04402,2025-02-14,85.49,Clothing
CUST04402,2024-09-11,90.87,Travel
CUST04402,2024-11-23,25.69,Clothing
CUST04402,2025-01-15,52.79,Dining
CUST04402,2025-01-13,15.7,Dining
CUST04402,2025-04-18,21.98,Dining
CUST04402,2024-11-03,306.4,Electronics
CUST04402,2024-10-11,26.27,Clothing
CUST04402,2024-05-12,39.3,Grocery
CUST04402,2024-05-18,15.35,Travel
CUST04402,2024-09-14,9.66,Dining
CUST04402,2024-05-10,47.88,Clothing
CUST04402,2023-07-23,80.44,Grocery
CUST04402,2023-08-26,56.36,Travel
CUST04402,2025-01-07,9.9,Dining
CUST04402,2024-05-12,37.06,Dining
CUST04402,2024-02-08,253.39,Travel
CUST04402,2025-01-31,166.89,Clothing
CUST04402,2024-02-01,91.53,Electronics
CUST04402,2024-01-22,94.78,Dining
CUST04402,2025-03-22,64.66,Dining
CUST04402,2025-03-19,144.39,Grocery
CUST04402,2024-03-30,38.98,Travel
CUST04402,2025-07-18,29.19,Clothing
CUST04402,2024-12-24,70.75,Dining
CUST04402,2024-07-02,123.41,Grocery
CUST04402,2023-11-19,43.05,Travel
CUST04402,2024-10-07,36.05,Grocery
CUST04402,2023-11-26,70.79,Dining
CUST04402,2024-11-18,14.24,Travel
CUST04402,2024-06-12,126.19,Electronics
CUST04402,2023-10-28,12.39,Grocery
CUST04402,2024-11-19,32.29,Clothing
CUST04402,2023-07-27,36.02,Travel
CUST04402,2023-09-13,56.55,Dining
CUST04402,2024-06-27,89.23,Electronics
CUST04402,2023-08-14,48.6,Clothing
CUST04402,2024-02-13,73.74,Clothing
CUST04402,2025-06-08,17.49,Grocery
CUST04402,2025-07-23,54.24,Travel
CUST04402,2024-10-12,31.16,Clothing
CUST04402,2023-10-25,16.43,Clothing
CUST04402,2024-04-16,123.29,Grocery
CUST04402,2023-11-17,105.27,Clothing
CUST04402,2024-11-07,112.86,Grocery
CUST04402,2024-04-19,436.16,Grocery
CUST04402,2023-08-26,31.81,Grocery
CUST04402,2024-09-28,107.9,Electronics
CUST04402,2023-11-23,20.78,Clothing
CUST04402,2023-10-24,11.23,Clothing
CUST04402,2025-03-18,18.26,Grocery
CUST04402,2025-05-25,35.24,Grocery
CUST04402,2023-08-23,20.37,Travel
CUST04402,2024-05-12,129.3,Dining
CUST04402,2025-03-25,236.63,Travel
CUST04402,2024-11-21,42.35,Grocery
CUST04402,2025-07-18,183.5,Clothing
CUST04402,2024-04-09,111.94,Clothing
CUST04403,2025-07-03,106.87,Clothing
CUST04403,2025-06-19,19.05,Electronics
CUST04403,2025-07-02,119.96,Travel
CUST04403,2025-07-29,8.3,Clothing
CUST04403,2025-07-15,337.25,Electronics
CUST04403,2025-06-26,39.14,Dining
CUST04403,2025-06-29,96.02,Clothing
CUST04403,2025-08-01,74.08,Electronics
CUST04403,2025-06-28,35.32,Dining
CUST04403,2025-07-15,7.85,Dining
CUST04403,2025-07-30,11.0,Dining
CUST04403,2025-07-05,34.7,Electronics
CUST04403,2025-06-24,9.04,Electronics
CUST04403,2025-07-02,118.91,Clothing
CUST04403,2025-07-06,115.2,Electronics
CUST04403,2025-07-22,154.9,Travel
CUST04403,2025-07-28,6.05,Grocery
CUST04403,2025-07-31,45.1,Electronics
CUST04403,2025-07-05,12.23,Electronics
CUST04403,2025-07-09,51.35,Travel
CUST04403,2025-06-17,262.74,Clothing
CUST04403,2025-07-24,16.37,Electronics
CUST04403,2025-07-23,253.77,Travel
CUST04403,2025-07-29,235.58,Travel
CUST04403,2025-07-26,17.03,Dining
CUST04403,2025-06-19,130.05,Clothing
CUST04403,2025-07-12,18.19,Dining
CUST04403,2025-06-26,33.69,Travel
CUST04403,2025-07-09,47.04,Grocery
CUST04403,2025-07-13,29.69,Clothing
CUST04403,2025-07-10,86.03,Clothing
CUST04403,2025-06-19,19.3,Dining
CUST04403,2025-07-12,37.77,Grocery
CUST04403,2025-07-22,68.44,Dining
CUST04403,2025-07-26,51.82,Travel
CUST04403,2025-07-24,28.19,Electronics
CUST04403,2025-06-23,24.39,Clothing
CUST04403,2025-06-25,131.27,Dining
CUST04403,2025-07-09,16.39,Dining
CUST04403,2025-07-17,74.77,Travel
CUST04403,2025-07-21,54.41,Electronics
CUST04403,2025-07-12,59.99,Dining
CUST04403,2025-07-23,28.75,Travel
CUST04403,2025-07-19,77.96,Travel
CUST04403,2025-07-06,6.59,Clothing
CUST04403,2025-07-01,65.1,Travel
CUST04403,2025-06-29,359.2,Electronics
CUST04403,2025-07-13,8.06,Grocery
CUST04403,2025-07-08,284.54,Travel
CUST04403,2025-07-19,85.28,Grocery
CUST04403,2025-07-22,48.29,Dining
CUST04403,2025-07-07,51.08,Travel
CUST04403,2025-06-29,34.67,Travel
CUST04403,2025-06-29,89.79,Electronics
CUST04403,2025-07-03,151.87,Grocery
CUST04403,2025-07-27,38.86,Dining
CUST04403,2025-06-29,37.32,Grocery
CUST04403,2025-06-22,71.66,Grocery
CUST04403,2025-07-28,52.1,Travel
CUST04403,2025-06-30,97.68,Travel
CUST04403,2025-06-28,25.72,Dining
CUST04403,2025-08-01,172.56,Grocery
CUST04403,2025-07-06,112.24,Dining
CUST04403,2025-06-17,55.81,Clothing
CUST04403,2025-06-22,21.9,Clothing
CUST04403,2025-07-31,30.41,Clothing
CUST04403,2025-07-15,155.95,Grocery
CUST04403,2025-07-01,6.03,Grocery
CUST04403,2025-07-01,55.25,Clothing
CUST04403,2025-07-09,91.25,Travel
CUST04403,2025-07-17,15.54,Dining
CUST04403,2025-06-23,32.43,Clothing
CUST04403,2025-06-23,178.35,Electronics
CUST04403,2025-07-25,163.2,Clothing
CUST04403,2025-07-27,174.63,Clothing
CUST04403,2025-07-14,31.79,Travel
CUST04403,2025-07-08,90.35,Dining
CUST04403,2025-07-18,28.5,Clothing
CUST04403,2025-07-01,29.93,Dining
CUST04403,2025-06-19,73.45,Grocery
CUST04403,2025-07-15,97.06,Electronics
CUST04403,2025-07-28,21.6,Dining
CUST04403,2025-06-25,90.69,Clothing
CUST04403,2025-07-26,144.56,Grocery
CUST04403,2025-07-27,63.56,Electronics
CUST04403,2025-07-12,16.92,Grocery
CUST04403,2025-07-03,82.68,Travel
CUST04403,2025-07-13,207.16,Grocery
CUST04403,2025-07-28,98.97,Dining
CUST04403,2025-06-29,10.85,Electronics
CUST04403,2025-06-18,26.59,Electronics
CUST04403,2025-06-30,40.66,Travel
CUST04403,2025-07-25,48.08,Clothing
CUST04403,2025-06-23,8.65,Grocery
CUST04403,2025-06-26,145.88,Dining
CUST04403,2025-07-24,38.27,Grocery
CUST04403,2025-07-11,209.51,Clothing
CUST04403,2025-07-12,65.38,Grocery
CUST04403,2025-07-15,80.94,Dining
CUST04403,2025-07-19,11.75,Travel
CUST04403,2025-07-14,6.91,Travel
CUST04403,2025-07-01,12.07,Dining
CUST04403,2025-06-27,106.59,Electronics
CUST04403,2025-06-26,193.14,Travel
CUST04403,2025-08-01,382.38,Dining
CUST04403,2025-07-06,153.4,Electronics
CUST04403,2025-07-17,115.14,Electronics
CUST04403,2025-07-29,21.86,Grocery
CUST04403,2025-06-17,23.23,Clothing
CUST04403,2025-06-22,26.74,Dining
CUST04403,2025-06-23,187.06,Dining
CUST04403,2025-06-18,82.36,Grocery
CUST04403,2025-07-30,184.14,Clothing
CUST04403,2025-06-29,17.46,Electronics
CUST04403,2025-06-23,270.96,Grocery
CUST04403,2025-07-11,56.32,Travel
CUST04403,2025-06-29,97.94,Grocery
CUST04404,2025-05-15,61.21,Travel
CUST04404,2023-09-15,21.97,Clothing
CUST04404,2022-10-29,72.25,Travel
CUST04404,2024-07-13,28.22,Electronics
CUST04404,2023-04-16,177.23,Dining
CUST04404,2024-08-20,196.8,Grocery
CUST04404,2021-09-25,28.83,Electronics
CUST04404,2023-02-21,102.61,Electronics
CUST04404,2023-07-11,23.24,Grocery
CUST04404,2023-04-30,116.55,Dining
CUST04404,2024-11-05,49.51,Grocery
CUST04404,2021-09-11,49.91,Clothing
CUST04404,2022-11-10,178.5,Grocery
CUST04404,2025-07-11,29.92,Travel
CUST04404,2023-05-04,105.99,Clothing
CUST04404,2023-02-14,101.67,Electronics
CUST04404,2022-12-23,90.7,Dining
CUST04404,2022-03-20,23.02,Clothing
CUST04404,2022-06-30,30.99,Clothing
CUST04404,2023-05-27,57.36,Clothing
CUST04404,2021-11-21,35.95,Dining
CUST04404,2021-03-04,33.26,Dining
CUST04404,2022-11-19,154.85,Grocery
CUST04404,2021-02-03,25.35,Clothing
CUST04404,2020-11-30,68.26,Clothing
CUST04404,2021-12-12,30.84,Clothing
CUST04404,2025-02-04,25.74,Grocery
CUST04404,2020-08-29,8.25,Travel
CUST04404,2020-09-06,7.51,Dining
CUST04404,2023-04-10,47.72,Electronics
CUST04404,2024-11-05,104.68,Dining
CUST04404,2025-04-14,80.47,Electronics
CUST04404,2024-04-26,17.4,Electronics
CUST04404,2020-12-12,49.03,Travel
CUST04404,2024-12-26,61.36,Electronics
CUST04404,2022-03-02,11.08,Electronics
CUST04404,2021-05-03,96.08,Electronics
CUST04404,2021-11-16,22.07,Electronics
CUST04404,2022-06-05,72.72,Clothing
CUST04404,2023-02-24,37.0,Dining
CUST04404,2020-10-05,34.67,Clothing
CUST04404,2021-04-25,139.02,Electronics
CUST04404,2024-07-02,21.36,Clothing
CUST04404,2022-01-06,101.54,Electronics
CUST04404,2023-08-10,47.99,Clothing
CUST04404,2021-04-24,46.82,Grocery
CUST04404,2023-04-23,16.16,Electronics
CUST04404,2022-01-26,48.59,Clothing
CUST04404,2021-02-28,26.56,Travel
CUST04404,2024-03-26,20.76,Dining
CUST04404,2024-11-11,34.83,Clothing
CUST04404,2022-01-05,6.17,Electronics
CUST04404,2024-10-24,61.36,Grocery
CUST04404,2022-01-23,81.68,Travel
CUST04404,2022-08-13,120.39,Electronics
CUST04404,2025-05-28,23.77,Grocery
CUST04404,2024-07-13,166.77,Dining
CUST04404,2024-11-20,18.49,Travel
CUST04404,2025-02-03,131.99,Travel
CUST04404,2022-05-23,11.88,Grocery
CUST04404,2024-07-01,117.61,Electronics
CUST04404,2022-07-20,329.95,Grocery
CUST04404,2021-09-26,14.01,Clothing
CUST04404,2024-06-20,62.97,Grocery
CUST04404,2020-12-18,83.82,Clothing
CUST04404,2021-09-07,38.19,Travel
CUST04404,2023-06-07,149.82,Clothing
CUST04404,2025-02-24,20.66,Clothing
CUST04404,2025-02-02,11.0,Electronics
CUST04404,2023-07-25,7.32,Dining
CUST04404,2021-09-10,52.59,Electronics
CUST04404,2022-02-04,112.59,Dining
CUST04404,2025-05-22,40.92,Electronics
CUST04404,2023-03-18,48.53,Dining
CUST04404,2024-04-07,53.65,Clothing
CUST04404,2023-10-08,63.67,Travel
CUST04404,2022-09-25,35.32,Clothing
CUST04404,2024-12-05,15.13,Grocery
CUST04404,2021-08-08,58.04,Grocery
CUST04404,2021-02-12,166.16,Clothing
CUST04404,2022-04-19,94.28,Travel
CUST04404,2021-05-12,170.15,Travel
CUST04404,2022-09-30,344.28,Dining
CUST04404,2025-07-03,39.57,Electronics
CUST04404,2023-02-19,5.57,Electronics
CUST04404,2023-10-12,27.43,Dining
CUST04404,2022-07-31,129.4,Clothing
CUST04404,2024-04-13,74.19,Grocery
CUST04404,2024-11-05,306.99,Clothing
CUST04404,2022-07-11,31.63,Grocery
CUST04404,2025-07-02,106.03,Electronics
CUST04404,2023-02-10,134.68,Electronics
CUST04404,2023-04-12,66.31,Clothing
CUST04405,2024-12-30,109.65,Travel
CUST04405,2025-06-07,177.13,Grocery
CUST04405,2024-04-25,7.19,Travel
CUST04405,2024-11-13,144.75,Travel
CUST04405,2024-07-30,101.66,Dining
CUST04405,2024-02-03,40.0,Clothing
CUST04405,2024-12-31,21.69,Grocery
CUST04405,2024-03-10,124.3,Electronics
CUST04405,2024-06-18,66.97,Travel
CUST04405,2025-03-02,7.0,Clothing
CUST04405,2024-03-30,473.84,Clothing
CUST04405,2024-04-23,12.66,Clothing
CUST04405,2024-11-23,12.8,Dining
CUST04405,2024-07-03,44.72,Travel
CUST04405,2024-12-27,71.17,Electronics
CUST04405,2025-05-05,107.51,Dining
CUST04405,2024-04-10,33.49,Electronics
CUST04405,2025-01-18,115.94,Electronics
CUST04405,2024-10-29,70.4,Travel
CUST04405,2024-10-01,5.03,Clothing
CUST04405,2024-03-02,76.37,Grocery
CUST04405,2024-10-29,60.79,Clothing
CUST04405,2025-03-20,98.73,Clothing
CUST04405,2024-04-07,64.67,Clothing
CUST04405,2024-05-25,166.06,Travel
CUST04405,2024-02-05,10.83,Dining
CUST04405,2024-02-29,72.14,Grocery
CUST04405,2024-02-15,31.14,Travel
CUST04405,2024-05-16,5.06,Electronics
CUST04405,2025-04-23,126.05,Dining
CUST04405,2025-02-19,21.84,Dining
CUST04405,2024-05-14,39.69,Grocery
CUST04405,2025-07-05,331.74,Electronics
CUST04405,2024-10-13,105.34,Electronics
CUST04405,2025-02-26,25.68,Grocery
CUST04405,2024-05-19,172.34,Clothing
CUST04405,2024-12-24,104.13,Electronics
CUST04405,2024-09-22,339.73,Grocery
CUST04405,2025-02-09,56.62,Grocery
CUST04405,2025-06-17,69.82,Electronics
CUST04405,2025-08-01,430.69,Dining
CUST04405,2025-04-16,23.37,Electronics
CUST04405,2024-09-07,39.33,Travel
CUST04405,2024-11-21,37.02,Travel
CUST04405,2024-06-17,173.82,Grocery
CUST04405,2024-11-24,27.64,Travel
CUST04405,2024-12-12,7.65,Travel
CUST04405,2025-06-13,7.01,Dining
CUST04405,2024-11-03,227.41,Grocery
CUST04405,2024-07-18,287.23,Travel
CUST04405,2025-04-07,65.07,Electronics
CUST04405,2024-03-05,71.04,Clothing
CUST04405,2024-08-25,8.98,Electronics
CUST04405,2024-08-21,191.68,Travel
CUST04405,2024-05-01,69.06,Clothing
CUST04405,2024-01-22,34.82,Dining
CUST04405,2025-02-18,129.29,Travel
CUST04405,2025-02-16,100.51,Electronics
CUST04405,2024-11-01,211.56,Travel
CUST04405,2025-02-21,11.59,Dining
CUST04405,2024-03-09,43.02,Dining
CUST04405,2025-05-01,16.16,Electronics
CUST04405,2025-06-01,179.9,Clothing
CUST04405,2024-11-13,307.07,Grocery
CUST04405,2024-05-19,10.29,Electronics
CUST04405,2024-05-29,279.87,Grocery
CUST04405,2024-08-13,37.95,Clothing
CUST04405,2024-06-06,168.61,Electronics
CUST04405,2024-02-24,8.64,Travel
CUST04405,2024-01-18,14.28,Travel
CUST04405,2024-08-31,65.1,Dining
CUST04405,2024-03-31,19.94,Clothing
CUST04405,2024-12-11,251.69,Electronics
CUST04405,2024-02-01,67.78,Clothing
CUST04405,2024-08-01,48.92,Clothing
CUST04405,2024-05-14,16.79,Electronics
CUST04405,2024-10-07,61.06,Travel
CUST04405,2025-04-17,326.65,Grocery
CUST04405,2025-04-24,140.24,Travel
CUST04405,2025-04-19,70.12,Electronics
CUST04405,2025-07-03,20.93,Grocery
CUST04405,2024-09-19,65.77,Clothing
CUST04405,2024-09-08,72.58,Grocery
CUST04405,2025-05-25,24.17,Electronics
CUST04405,2025-04-13,289.51,Grocery
CUST04405,2025-04-11,18.79,Clothing
CUST04405,2024-10-25,45.02,Dining
CUST04405,2025-03-26,14.36,Clothing
CUST04405,2024-11-10,214.36,Electronics
CUST04405,2025-01-05,123.44,Dining
CUST04405,2024-07-25,95.26,Electronics
CUST04405,2024-09-16,71.85,Travel
CUST04405,2025-04-05,68.13,Dining
CUST04405,2025-06-04,182.6,Travel
CUST04405,2024-05-15,28.68,Grocery
CUST04405,2025-02-02,36.43,Travel
CUST04405,2024-07-15,128.27,Travel
CUST04405,2024-01-21,20.61,Grocery
CUST04406,2025-05-10,43.76,Electronics
CUST04406,2025-02-21,149.27,Electronics
CUST04406,2024-07-27,200.41,Clothing
CUST04406,2023-03-10,7.3,Clothing
CUST04406,2025-02-15,200.64,Electronics
CUST04406,2024-02-04,41.16,Clothing
CUST04406,2023-11-24,64.71,Grocery
CUST04406,2023-04-08,92.05,Dining
CUST04406,2022-10-07,48.62,Electronics
CUST04406,2024-09-25,115.67,Dining
CUST04406,2024-07-08,70.4,Grocery
CUST04406,2023-07-15,136.99,Grocery
CUST04406,2024-11-26,176.19,Electronics
CUST04406,2023-05-27,36.4,Clothing
CUST04406,2025-05-13,5.03,Clothing
CUST04406,2024-07-04,64.09,Dining
CUST04406,2025-02-01,164.23,Travel
CUST04406,2024-02-21,131.51,Travel
CUST04406,2024-12-18,226.48,Travel
CUST04406,2023-11-23,41.04,Grocery
CUST04406,2025-03-13,22.46,Electronics
CUST04406,2023-07-06,48.54,Dining
CUST04406,2023-09-20,67.5,Clothing
CUST04406,2025-02-12,12.47,Dining
CUST04406,2024-09-29,107.05,Electronics
CUST04406,2025-07-12,51.04,Dining
CUST04406,2023-01-03,73.05,Grocery
CUST04406,2023-06-07,109.75,Electronics
CUST04406,2022-08-18,158.43,Electronics
CUST04406,2023-06-04,61.86,Clothing
CUST04406,2025-06-29,19.49,Travel
CUST04406,2024-05-18,59.06,Dining
CUST04406,2025-03-28,157.24,Travel
CUST04406,2023-04-30,224.31,Clothing
CUST04406,2025-04-06,96.48,Clothing
CUST04406,2024-06-27,68.88,Travel
CUST04406,2023-02-09,6.03,Grocery
CUST04406,2024-05-10,69.12,Travel
CUST04406,2024-12-14,58.97,Dining
CUST04406,2024-09-29,20.73,Travel
CUST04406,2023-11-13,89.02,Electronics
CUST04406,2024-05-11,49.4,Clothing
CUST04406,2023-11-25,163.15,Electronics
CUST04406,2025-04-15,240.72,Clothing
CUST04406,2024-04-30,40.63,Travel
CUST04406,2024-08-05,78.18,Dining
CUST04406,2023-09-23,77.96,Clothing
CUST04406,2023-10-15,20.18,Clothing
CUST04406,2023-02-20,48.78,Electronics
CUST04406,2024-08-05,16.19,Dining
CUST04406,2024-05-10,17.75,Travel
CUST04406,2025-03-01,6.33,Dining
CUST04406,2025-04-11,24.96,Dining
CUST04406,2023-04-24,5.23,Grocery
CUST04406,2022-09-21,140.79,Grocery
CUST04406,2023-04-20,94.78,Electronics
CUST04406,2024-04-21,190.3,Dining
CUST04406,2023-01-29,154.7,Dining
CUST04406,2022-10-29,58.77,Clothing
CUST04406,2025-02-06,138.94,Travel
CUST04406,2025-05-28,29.93,Electronics
CUST04406,2024-11-09,51.05,Travel
CUST04406,2022-09-17,6.24,Clothing
CUST04406,2024-07-24,209.45,Electronics
CUST04406,2024-09-22,71.41,Travel
CUST04406,2025-03-18,464.56,Clothing
CUST04406,2024-10-06,80.43,Electronics
CUST04406,2022-11-09,52.25,Grocery
CUST04406,2025-07-08,107.73,Dining
CUST04406,2023-01-30,104.85,Travel
CUST04406,2023-04-21,11.18,Dining
CUST04406,2024-09-22,51.76,Grocery
CUST04406,2024-03-16,239.56,Travel
CUST04406,2022-10-04,125.22,Travel
CUST04406,2023-07-25,162.83,Clothing
CUST04406,2025-02-10,124.18,Dining
CUST04406,2024-07-25,108.56,Clothing
CUST04406,2023-02-16,112.33,Dining
CUST04406,2024-11-11,56.93,Grocery
CUST04406,2023-09-16,14.18,Dining
CUST04406,2025-07-24,30.41,Electronics
CUST04406,2025-02-19,113.78,Electronics
CUST04406,2024-08-01,241.8,Grocery
CUST04406,2025-06-19,77.41,Dining
CUST04406,2023-05-30,36.44,Dining
CUST04406,2024-11-30,282.83,Grocery
CUST04406,2025-04-07,6.13,Electronics
CUST04406,2023-01-20,8.28,Travel
CUST04406,2023-02-03,152.65,Dining
CUST04406,2024-12-16,51.75,Clothing
CUST04406,2024-10-14,16.82,Electronics
CUST04406,2024-08-31,24.23,Travel
CUST04406,2024-09-14,205.98,Electronics
CUST04406,2022-09-26,96.79,Electronics
CUST04407,2025-05-03,31.64,Dining
CUST04407,2025-07-21,89.15,Clothing
CUST04407,2024-12-17,26.87,Electronics
CUST04407,2024-05-31,624.35,Grocery
CUST04407,2025-07-17,134.81,Dining
CUST04407,2025-01-15,9.27,Dining
CUST04407,2024-06-07,244.08,Grocery
CUST04407,2025-01-30,80.26,Grocery
CUST04407,2025-07-12,51.45,Travel
CUST04407,2025-04-21,28.84,Dining
CUST04407,2025-06-23,33.6,Travel
CUST04407,2024-11-11,47.77,Grocery
CUST04407,2025-01-16,44.78,Grocery
CUST04407,2025-04-15,37.78,Electronics
CUST04407,2025-04-17,107.79,Electronics
CUST04407,2025-04-21,35.05,Clothing
CUST04407,2024-10-22,122.04,Electronics
CUST04407,2025-04-10,5.59,Clothing
CUST04407,2024-08-16,69.67,Clothing
CUST04407,2024-08-11,104.53,Electronics
CUST04407,2025-04-30,6.2,Grocery
CUST04407,2025-02-28,211.79,Dining
CUST04407,2024-05-08,18.94,Clothing
CUST04407,2024-10-10,52.26,Dining
CUST04407,2024-05-02,9.45,Grocery
CUST04407,2024-06-15,87.95,Grocery
CUST04407,2025-03-11,34.73,Dining
CUST04407,2024-05-31,31.72,Travel
CUST04407,2024-10-19,21.72,Grocery
CUST04407,2024-10-01,45.23,Grocery
CUST04407,2024-12-02,97.96,Grocery
CUST04407,2025-01-20,86.04,Clothing
CUST04407,2024-04-19,82.09,Clothing
CUST04407,2025-01-21,30.74,Clothing
CUST04407,2025-01-21,61.72,Dining
CUST04407,2025-05-26,28.51,Dining
CUST04407,2024-07-30,13.32,Travel
CUST04407,2024-09-23,80.68,Dining
CUST04407,2024-04-16,26.19,Clothing
CUST04407,2024-10-20,44.02,Grocery
CUST04407,2024-07-24,65.44,Grocery
CUST04407,2025-02-26,254.95,Grocery
CUST04407,2024-11-03,12.06,Grocery
CUST04407,2024-12-27,26.85,Grocery
CUST04407,2024-10-15,17.39,Grocery
CUST04407,2025-01-06,44.5,Grocery
CUST04407,2025-07-23,115.39,Dining
CUST04407,2024-05-31,69.29,Electronics
CUST04407,2024-11-19,98.81,Dining
CUST04407,2024-11-30,112.71,Grocery
CUST04407,2024-08-05,13.62,Dining
CUST04407,2024-08-04,99.98,Dining
CUST04407,2025-01-30,121.08,Electronics
CUST04407,2025-06-14,12.29,Clothing
CUST04407,2025-03-31,168.13,Travel
CUST04407,2024-11-05,238.33,Dining
CUST04407,2025-07-01,28.15,Clothing
CUST04407,2024-08-16,158.57,Dining
CUST04407,2025-01-24,74.07,Clothing
CUST04407,2024-11-18,23.16,Dining
CUST04407,2025-07-10,112.22,Grocery
CUST04407,2024-06-30,197.36,Travel
CUST04407,2024-09-01,65.81,Electronics
CUST04407,2024-10-31,19.44,Electronics
CUST04407,2025-05-29,60.32,Electronics
CUST04407,2025-06-21,42.57,Dining
CUST04407,2025-04-14,63.24,Travel
CUST04407,2024-06-25,110.97,Electronics
CUST04407,2024-09-26,226.28,Travel
CUST04407,2024-09-01,54.49,Clothing
CUST04407,2024-11-19,195.02,Clothing
CUST04407,2024-06-01,48.76,Dining
CUST04407,2024-12-30,101.92,Electronics
CUST04407,2024-05-23,39.09,Clothing
CUST04407,2024-10-04,107.24,Clothing
CUST04407,2024-05-04,187.72,Dining
CUST04407,2024-10-07,148.81,Grocery
CUST04407,2024-04-11,15.5,Travel
CUST04407,2025-02-14,400.73,Travel
CUST04407,2024-09-18,110.2,Electronics
CUST04407,2024-08-19,50.55,Clothing
CUST04407,2024-08-11,96.26,Dining
CUST04407,2024-11-20,84.13,Grocery
CUST04407,2024-05-15,188.12,Travel
CUST04407,2025-01-23,77.45,Dining
CUST04407,2024-11-24,75.24,Travel
CUST04407,2024-08-20,35.44,Dining
CUST04407,2024-12-03,15.93,Grocery
CUST04407,2024-09-09,137.23,Electronics
CUST04407,2025-07-18,21.24,Clothing
CUST04407,2024-07-29,72.41,Dining
CUST04407,2025-06-07,22.62,Electronics
CUST04407,2024-09-26,29.16,Electronics
CUST04407,2024-09-24,109.42,Clothing
CUST04407,2024-05-03,41.98,Dining
CUST04407,2025-04-23,284.85,Dining
CUST04407,2024-12-31,5.68,Clothing
CUST04407,2025-02-09,61.99,Dining
CUST04408,2024-06-09,203.97,Grocery
CUST04408,2024-02-10,218.56,Travel
CUST04408,2025-02-08,12.25,Grocery
CUST04408,2024-07-08,202.41,Travel
CUST04408,2023-10-14,14.98,Travel
CUST04408,2023-09-04,22.36,Clothing
CUST04408,2023-09-28,73.47,Grocery
CUST04408,2024-04-11,198.72,Grocery
CUST04408,2024-05-10,104.97,Clothing
CUST04408,2024-09-16,204.11,Electronics
CUST04408,2025-05-23,48.57,Dining
CUST04408,2024-04-21,71.92,Travel
CUST04408,2024-07-05,10.82,Electronics
CUST04408,2024-08-18,281.21,Dining
CUST04408,2025-03-06,39.87,Electronics
CUST04408,2024-08-27,75.9,Electronics
CUST04408,2024-02-17,106.49,Clothing
CUST04408,2023-08-31,34.19,Grocery
CUST04408,2025-06-20,14.98,Grocery
CUST04408,2023-10-07,70.61,Grocery
CUST04408,2024-01-15,108.29,Dining
CUST04408,2025-05-17,359.51,Clothing
CUST04408,2025-05-01,78.49,Clothing
CUST04408,2023-09-27,38.64,Electronics
CUST04408,2025-03-09,28.62,Grocery
CUST04408,2025-01-18,55.59,Grocery
CUST04408,2023-08-26,205.02,Dining
CUST04408,2025-03-04,80.37,Clothing
CUST04408,2025-07-14,37.54,Travel
CUST04408,2024-03-28,145.14,Electronics
CUST04408,2023-09-16,23.26,Grocery
CUST04408,2023-07-02,35.95,Dining
CUST04408,2023-09-08,31.45,Clothing
CUST04408,2024-09-19,89.64,Grocery
CUST04408,2023-09-22,149.11,Electronics
CUST04408,2023-08-03,14.59,Dining
CUST04408,2025-05-19,68.15,Travel
CUST04408,2023-06-19,60.1,Grocery
CUST04408,2024-01-19,29.69,Travel
CUST04408,2024-12-22,19.83,Dining
CUST04408,2024-07-14,101.69,Clothing
CUST04408,2025-01-04,97.89,Dining
CUST04408,2025-06-07,28.57,Clothing
CUST04408,2024-10-30,16.12,Grocery
CUST04408,2025-01-02,125.7,Dining
CUST04408,2023-12-31,41.51,Travel
CUST04408,2025-04-14,261.89,Dining
CUST04408,2024-06-22,110.99,Grocery
CUST04408,2024-05-16,72.73,Dining
CUST04408,2025-03-25,29.79,Electronics
CUST04408,2024-05-18,120.72,Grocery
CUST04408,2024-12-31,41.92,Travel
CUST04408,2024-01-17,134.21,Travel
CUST04408,2024-01-27,136.47,Travel
CUST04408,2025-05-02,79.41,Electronics
CUST04408,2025-02-14,17.62,Travel
CUST04408,2024-05-01,310.4,Dining
CUST04408,2025-07-27,81.16,Clothing
CUST04408,2024-05-16,318.43,Grocery
CUST04408,2025-06-02,122.91,Clothing
CUST04408,2024-07-23,5.16,Dining
CUST04408,2024-11-15,149.8,Dining
CUST04408,2025-01-23,86.27,Electronics
CUST04408,2024-10-04,48.2,Electronics
CUST04408,2023-12-23,114.75,Travel
CUST04408,2024-01-26,15.0,Travel
CUST04408,2024-03-13,101.5,Grocery
CUST04408,2024-02-25,11.43,Electronics
CUST04408,2024-04-27,40.35,Travel
CUST04408,2023-07-09,119.73,Clothing
CUST04408,2024-05-07,161.87,Clothing
CUST04408,2024-02-27,236.32,Electronics
CUST04408,2025-05-25,28.73,Grocery
CUST04408,2024-07-23,23.19,Travel
CUST04408,2023-07-24,763.28,Clothing
CUST04408,2024-09-24,46.18,Dining
CUST04408,2024-09-20,7.07,Electronics
CUST04408,2025-01-09,6.73,Grocery
CUST04408,2025-04-02,16.41,Grocery
CUST04408,2023-10-25,197.04,Dining
CUST04408,2024-01-11,105.33,Clothing
CUST04408,2023-07-23,17.22,Dining
CUST04408,2024-08-08,45.79,Grocery
CUST04408,2024-02-14,173.98,Grocery
CUST04408,2025-07-23,100.2,Travel
CUST04408,2024-08-07,5.08,Travel
CUST04408,2023-06-14,11.56,Electronics
CUST04408,2025-02-28,217.15,Dining
CUST04408,2025-06-28,105.72,Clothing
CUST04408,2024-01-18,54.67,Travel
CUST04408,2025-03-24,105.39,Electronics
CUST04408,2023-12-24,10.65,Clothing
CUST04408,2024-04-08,6.92,Travel
CUST04408,2023-09-18,251.62,Travel
CUST04408,2025-07-19,7.19,Electronics
CUST04408,2024-11-07,61.24,Electronics
CUST04408,2024-01-24,87.54,Electronics
CUST04408,2024-07-25,17.92,Clothing
CUST04408,2024-01-24,24.12,Travel
CUST04408,2024-06-27,21.23,Grocery
CUST04408,2025-01-11,49.38,Dining
CUST04408,2024-12-10,93.52,Dining
CUST04408,2024-09-11,40.71,Clothing
CUST04408,2024-01-13,184.37,Dining
CUST04408,2024-11-21,16.16,Dining
CUST04408,2025-03-09,26.94,Electronics
CUST04408,2023-07-05,262.88,Dining
CUST04408,2024-05-28,165.25,Grocery
CUST04409,2024-11-12,57.36,Electronics
CUST04409,2025-03-06,172.25,Travel
CUST04409,2023-06-08,108.12,Dining
CUST04409,2024-04-04,72.2,Grocery
CUST04409,2023-10-26,31.27,Grocery
CUST04409,2025-02-19,21.9,Electronics
CUST04409,2024-03-03,18.03,Dining
CUST04409,2025-07-02,59.05,Electronics
CUST04409,2024-03-27,19.95,Grocery
CUST04409,2025-07-02,144.65,Dining
CUST04409,2024-02-02,164.96,Dining
CUST04409,2025-01-07,171.57,Clothing
CUST04409,2024-01-27,181.35,Electronics
CUST04409,2023-12-09,34.94,Dining
CUST04409,2023-06-06,86.71,Grocery
CUST04409,2024-11-17,193.32,Travel
CUST04409,2024-06-26,32.87,Dining
CUST04409,2025-01-19,5.89,Travel
CUST04409,2025-01-12,97.16,Travel
CUST04409,2024-05-30,25.6,Travel
CUST04409,2025-07-19,7.46,Dining
CUST04409,2024-11-14,169.54,Clothing
CUST04409,2023-10-15,103.8,Electronics
CUST04409,2023-11-09,121.24,Clothing
CUST04409,2024-12-29,124.55,Electronics
CUST04409,2025-03-13,5.67,Dining
CUST04409,2024-12-05,48.42,Travel
CUST04409,2024-02-24,39.35,Electronics
CUST04409,2024-07-22,64.3,Dining
CUST04409,2023-07-12,176.12,Electronics
CUST04409,2025-01-29,8.22,Electronics
CUST04409,2023-09-17,7.27,Clothing
CUST04409,2023-06-02,24.56,Dining
CUST04409,2023-09-02,100.52,Clothing
CUST04409,2023-07-17,69.31,Dining
CUST04409,2024-11-22,102.31,Electronics
CUST04409,2023-07-26,205.05,Grocery
CUST04409,2024-07-07,56.68,Electronics
CUST04409,2025-07-31,47.31,Travel
CUST04409,2024-12-29,275.98,Travel
CUST04409,2023-07-23,119.79,Clothing
CUST04409,2024-05-23,35.2,Dining
CUST04409,2023-06-05,73.34,Travel
CUST04409,2024-06-08,303.59,Grocery
CUST04409,2024-09-28,15.19,Electronics
CUST04409,2023-10-19,77.01,Dining
CUST04409,2025-03-25,120.94,Dining
CUST04409,2024-04-23,74.63,Travel
CUST04409,2024-08-05,22.96,Clothing
CUST04409,2024-03-15,27.47,Clothing
CUST04409,2025-03-21,31.69,Grocery
CUST04409,2023-08-19,7.31,Travel
CUST04409,2024-01-03,17.2,Dining
CUST04409,2024-03-01,75.1,Dining
CUST04409,2024-03-01,288.48,Dining
CUST04409,2024-03-15,50.09,Clothing
CUST04409,2024-10-09,5.76,Dining
CUST04409,2025-02-08,82.72,Dining
CUST04409,2023-12-07,163.1,Travel
CUST04409,2025-05-07,34.12,Electronics
CUST04409,2024-04-08,9.54,Grocery
CUST04409,2025-06-01,10.16,Dining
CUST04409,2025-03-01,50.87,Clothing
CUST04409,2025-05-04,15.79,Dining
CUST04409,2025-07-17,31.56,Electronics
CUST04409,2024-08-07,192.23,Dining
CUST04409,2024-06-12,96.97,Clothing
CUST04409,2024-11-11,51.38,Dining
CUST04409,2024-03-06,10.77,Grocery
CUST04409,2024-12-04,52.58,Travel
CUST04409,2024-11-04,52.07,Clothing
CUST04409,2024-09-01,49.92,Grocery
CUST04409,2023-12-03,423.07,Travel
CUST04409,2025-07-06,158.27,Grocery
CUST04409,2024-07-21,69.71,Grocery
CUST04409,2023-12-31,239.43,Grocery
CUST04409,2025-05-13,8.44,Electronics
CUST04409,2023-07-08,20.22,Clothing
CUST04409,2024-04-26,201.86,Dining
CUST04409,2024-05-23,60.71,Dining
CUST04409,2024-07-04,7.31,Clothing
CUST04409,2024-10-01,52.16,Electronics
CUST04409,2025-07-28,16.33,Travel
CUST04409,2024-01-10,22.16,Clothing
CUST04409,2023-07-21,42.99,Electronics
CUST04409,2025-05-20,36.27,Dining
CUST04409,2025-04-21,218.97,Travel
CUST04409,2024-10-20,42.34,Clothing
CUST04409,2025-01-20,158.22,Clothing
CUST04409,2023-12-03,96.24,Electronics
CUST04409,2025-03-09,56.23,Dining
CUST04409,2025-04-05,35.78,Grocery
CUST04409,2025-03-08,33.86,Dining
CUST04409,2023-07-22,113.78,Clothing
CUST04409,2025-07-20,31.26,Electronics
CUST04409,2023-08-25,5.73,Electronics
CUST04409,2025-06-05,44.99,Grocery
CUST04409,2024-07-24,11.33,Electronics
CUST04409,2023-11-21,37.31,Dining
CUST04409,2023-12-09,102.97,Clothing
CUST04409,2024-09-29,14.09,Grocery
CUST04409,2023-10-12,201.27,Dining
CUST04409,2025-07-18,106.8,Dining
CUST04409,2024-01-12,15.43,Clothing
CUST04409,2025-07-09,125.07,Electronics
CUST04409,2023-11-21,90.32,Travel
CUST04409,2024-02-26,108.14,Electronics
CUST04410,2025-03-12,47.27,Grocery
CUST04410,2023-12-22,15.58,Dining
CUST04410,2023-12-20,21.37,Electronics
CUST04410,2024-05-14,24.18,Grocery
CUST04410,2025-04-09,6.95,Electronics
CUST04410,2025-05-05,23.78,Travel
CUST04410,2025-02-09,15.46,Travel
CUST04410,2025-05-13,5.29,Clothing
CUST04410,2024-08-10,93.81,Grocery
CUST04410,2024-07-23,118.12,Grocery
CUST04410,2024-07-05,194.65,Dining
CUST04410,2025-01-20,16.03,Electronics
CUST04410,2024-09-23,509.02,Dining
CUST04410,2024-06-07,79.14,Grocery
CUST04410,2025-05-27,5.98,Travel
CUST04410,2025-06-03,127.99,Electronics
CUST04410,2024-02-20,72.95,Grocery
CUST04410,2024-09-13,60.65,Electronics
CUST04410,2025-01-14,32.85,Electronics
CUST04410,2024-04-30,27.67,Grocery
CUST04410,2024-04-09,41.69,Travel
CUST04410,2024-08-06,89.56,Travel
CUST04410,2025-05-18,128.9,Electronics
CUST04410,2024-08-01,9.88,Clothing
CUST04410,2024-01-06,213.69,Grocery
CUST04410,2025-07-16,101.3,Grocery
CUST04410,2025-05-17,135.67,Travel
CUST04410,2024-01-09,39.14,Dining
CUST04410,2024-04-18,203.91,Electronics
CUST04410,2024-02-23,16.99,Travel
CUST04410,2024-08-27,51.04,Clothing
CUST04410,2024-02-11,60.13,Electronics
CUST04410,2024-12-30,79.49,Electronics
CUST04410,2024-07-29,15.54,Electronics
CUST04410,2024-03-02,117.55,Clothing
CUST04410,2025-07-07,294.36,Dining
CUST04410,2024-01-30,88.38,Electronics
CUST04410,2024-10-03,32.36,Electronics
CUST04410,2024-08-28,38.81,Travel
CUST04410,2024-01-15,34.91,Travel
CUST04410,2024-08-18,48.53,Electronics
CUST04410,2024-08-15,120.14,Electronics
CUST04410,2024-08-01,151.35,Clothing
CUST04410,2024-06-10,52.9,Dining
CUST04410,2025-01-03,85.34,Clothing
CUST04410,2024-05-21,91.47,Dining
CUST04410,2024-09-23,54.59,Clothing
CUST04410,2024-11-02,239.88,Clothing
CUST04410,2024-11-09,5.0,Electronics
CUST04410,2025-07-26,313.89,Dining
CUST04410,2025-01-22,69.48,Clothing
CUST04410,2024-10-04,153.07,Grocery
CUST04410,2024-02-14,18.2,Electronics
CUST04410,2024-04-08,85.43,Travel
CUST04410,2024-02-19,10.51,Clothing
CUST04410,2025-04-27,32.78,Clothing
CUST04410,2025-07-23,72.23,Electronics
CUST04410,2025-03-22,7.68,Grocery
CUST04410,2025-04-27,29.28,Dining
CUST04410,2023-12-24,30.87,Clothing
CUST04410,2025-04-11,10.27,Travel
CUST04410,2024-02-05,21.0,Electronics
CUST04410,2024-09-03,42.37,Clothing
CUST04410,2025-01-17,94.25,Electronics
CUST04410,2024-07-24,64.52,Electronics
CUST04410,2024-12-28,321.07,Grocery
CUST04410,2025-06-07,96.82,Electronics
CUST04410,2024-01-19,140.2,Electronics
CUST04410,2025-05-13,67.01,Clothing
CUST04410,2025-05-31,7.71,Clothing
CUST04410,2024-03-11,37.67,Travel
CUST04410,2025-03-03,9.25,Dining
CUST04410,2024-12-03,44.19,Travel
CUST04410,2024-07-22,114.94,Travel
CUST04410,2024-10-21,10.7,Clothing
CUST04410,2024-07-28,46.99,Grocery
CUST04410,2024-03-28,97.43,Dining
CUST04410,2024-10-14,292.23,Grocery
CUST04410,2024-11-27,6.93,Electronics
CUST04410,2025-02-18,29.25,Dining
CUST04410,2024-08-14,7.89,Electronics
CUST04410,2025-02-19,26.78,Clothing
CUST04410,2024-10-18,53.26,Grocery
CUST04410,2024-12-01,101.98,Dining
CUST04410,2025-04-11,97.16,Electronics
CUST04410,2024-11-14,12.62,Electronics
CUST04410,2025-01-29,11.12,Grocery
CUST04410,2024-11-27,70.99,Grocery
CUST04410,2025-06-12,86.81,Dining
CUST04410,2024-08-22,77.76,Clothing
CUST04410,2024-06-11,13.98,Travel
CUST04410,2024-08-21,136.09,Grocery
CUST04410,2025-06-26,181.42,Clothing
CUST04410,2024-04-27,49.61,Electronics
CUST04410,2025-04-28,5.3,Travel
CUST04410,2024-01-26,197.79,Travel
CUST04410,2023-12-31,154.45,Dining
CUST04410,2024-10-29,76.41,Electronics
CUST04411,2025-04-21,81.97,Electronics
CUST04411,2024-11-29,209.72,Electronics
CUST04411,2024-06-03,21.87,Travel
CUST04411,2024-11-11,206.34,Travel
CUST04411,2025-05-19,372.97,Travel
CUST04411,2025-06-23,48.76,Clothing
CUST04411,2024-05-27,27.04,Grocery
CUST04411,2025-02-22,84.27,Dining
CUST04411,2024-12-19,90.93,Dining
CUST04411,2024-10-16,34.69,Grocery
CUST04411,2024-06-05,59.44,Grocery
CUST04411,2025-01-30,89.22,Grocery
CUST04411,2025-07-09,63.16,Electronics
CUST04411,2024-11-04,16.19,Travel
CUST04411,2025-06-13,126.2,Travel
CUST04411,2025-04-01,69.93,Electronics
CUST04411,2025-03-06,9.06,Dining
CUST04411,2024-05-23,148.22,Dining
CUST04411,2024-12-19,36.23,Dining
CUST04411,2025-01-17,68.69,Clothing
CUST04411,2024-10-26,82.76,Travel
CUST04411,2024-11-07,168.64,Electronics
CUST04411,2025-07-06,90.35,Electronics
CUST04411,2025-01-25,25.39,Travel
CUST04411,2024-10-09,193.03,Travel
CUST04411,2025-03-28,28.54,Clothing
CUST04411,2024-10-23,126.18,Dining
CUST04411,2025-01-20,216.64,Clothing
CUST04411,2024-12-25,133.27,Dining
CUST04411,2024-09-11,101.84,Dining
CUST04411,2024-06-06,102.57,Grocery
CUST04411,2025-07-23,65.93,Travel
CUST04411,2024-09-09,30.11,Electronics
CUST04411,2025-05-04,21.21,Grocery
CUST04411,2025-05-21,42.03,Dining
CUST04411,2024-09-27,193.06,Electronics
CUST04411,2025-05-09,217.53,Electronics
CUST04411,2025-04-16,170.25,Dining
CUST04411,2024-09-16,261.51,Dining
CUST04411,2024-07-10,129.62,Electronics
CUST04411,2024-07-01,25.34,Grocery
CUST04411,2025-04-29,44.88,Travel
CUST04411,2024-08-29,92.79,Travel
CUST04411,2025-05-04,158.17,Travel
CUST04411,2025-02-01,9.65,Travel
CUST04411,2024-07-13,43.08,Clothing
CUST04411,2024-11-02,52.54,Grocery
CUST04411,2025-04-23,102.94,Clothing
CUST04411,2024-12-13,156.67,Grocery
CUST04411,2025-01-30,136.26,Dining
CUST04411,2025-05-16,40.02,Dining
CUST04411,2025-05-17,54.74,Clothing
CUST04411,2024-07-25,157.8,Clothing
CUST04411,2024-11-29,56.96,Clothing
CUST04411,2025-04-26,92.39,Dining
CUST04411,2024-11-20,89.71,Clothing
CUST04411,2024-05-18,79.95,Clothing
CUST04411,2025-01-30,5.18,Clothing
CUST04411,2024-05-17,65.61,Electronics
CUST04411,2024-06-08,62.26,Grocery
CUST04411,2024-08-03,71.02,Travel
CUST04411,2025-03-15,36.77,Travel
CUST04411,2025-01-01,50.94,Travel
CUST04411,2024-05-15,140.83,Clothing
CUST04411,2025-05-13,191.46,Clothing
CUST04411,2025-04-12,82.04,Grocery
CUST04411,2025-03-02,39.34,Electronics
CUST04411,2025-02-25,79.42,Clothing
CUST04411,2025-03-05,42.28,Dining
CUST04411,2024-10-14,36.26,Travel
CUST04411,2025-02-01,222.65,Travel
CUST04411,2025-05-03,6.9,Clothing
CUST04411,2024-07-13,162.94,Dining
CUST04411,2025-03-11,30.25,Travel
CUST04411,2025-06-19,306.39,Electronics
CUST04411,2024-08-28,149.84,Dining
CUST04411,2024-07-28,100.24,Travel
CUST04411,2024-09-29,8.56,Travel
CUST04411,2024-10-28,193.12,Dining
CUST04411,2025-02-18,13.75,Grocery
CUST04411,2024-11-17,59.62,Grocery
CUST04411,2024-07-11,18.56,Electronics
CUST04411,2025-07-25,29.78,Electronics
CUST04411,2024-11-02,59.17,Dining
CUST04411,2025-04-26,24.65,Travel
CUST04411,2024-07-13,37.59,Grocery
CUST04411,2025-07-05,104.07,Dining
CUST04411,2025-04-27,135.87,Grocery
CUST04411,2024-12-31,83.83,Electronics
CUST04411,2024-11-05,34.8,Clothing
CUST04411,2024-08-18,35.18,Clothing
CUST04411,2024-12-03,5.84,Clothing
CUST04411,2025-01-10,8.82,Dining
CUST04411,2024-09-12,30.9,Grocery
CUST04411,2024-05-31,296.76,Clothing
CUST04411,2024-08-16,30.53,Travel
CUST04411,2025-01-10,106.34,Electronics
CUST04411,2024-08-23,5.51,Electronics
CUST04411,2024-06-10,66.98,Clothing
CUST04411,2025-07-13,26.75,Clothing
CUST04411,2025-07-17,56.03,Clothing
CUST04411,2025-03-11,28.36,Dining
CUST04411,2024-06-29,10.88,Clothing
CUST04412,2024-11-22,57.15,Electronics
CUST04412,2025-02-05,51.09,Dining
CUST04412,2025-03-12,12.61,Dining
CUST04412,2024-09-06,7.27,Grocery
CUST04412,2024-11-15,37.71,Dining
CUST04412,2025-05-21,171.68,Dining
CUST04412,2024-12-21,14.81,Dining
CUST04412,2024-06-13,21.52,Electronics
CUST04412,2024-09-07,15.41,Travel
CUST04412,2024-07-30,64.4,Grocery
CUST04412,2025-06-03,8.79,Dining
CUST04412,2024-08-13,87.85,Travel
CUST04412,2025-06-17,123.76,Electronics
CUST04412,2025-02-22,213.13,Electronics
CUST04412,2024-07-04,17.27,Dining
CUST04412,2025-04-20,34.42,Grocery
CUST04412,2025-06-25,197.55,Electronics
CUST04412,2025-04-11,72.59,Electronics
CUST04412,2025-03-13,224.56,Grocery
CUST04412,2024-06-15,90.57,Travel
CUST04412,2024-10-08,69.29,Clothing
CUST04412,2025-01-05,122.84,Dining
CUST04412,2025-05-07,16.47,Electronics
CUST04412,2024-12-31,27.81,Grocery
CUST04412,2025-04-24,78.13,Electronics
CUST04412,2024-11-16,145.77,Travel
CUST04412,2024-10-29,22.96,Clothing
CUST04412,2025-02-04,132.9,Grocery
CUST04412,2025-01-26,40.96,Dining
CUST04412,2024-07-22,157.82,Electronics
CUST04412,2024-05-29,42.35,Travel
CUST04412,2025-03-18,67.35,Grocery
CUST04412,2024-10-06,5.82,Dining
CUST04412,2024-10-19,18.74,Dining
CUST04412,2024-08-22,59.33,Grocery
CUST04412,2025-03-02,63.39,Dining
CUST04412,2024-12-09,208.58,Grocery
CUST04412,2024-09-16,93.0,Travel
CUST04412,2024-10-15,18.44,Grocery
CUST04412,2025-04-05,90.04,Grocery
CUST04412,2025-04-02,109.69,Electronics
CUST04412,2025-04-06,174.93,Electronics
CUST04412,2025-05-08,28.16,Dining
CUST04412,2025-03-04,83.93,Clothing
CUST04412,2024-07-07,8.38,Travel
CUST04412,2024-11-13,118.83,Travel
CUST04412,2024-07-01,22.44,Grocery
CUST04412,2025-04-25,66.15,Dining
CUST04412,2025-03-22,50.54,Clothing
CUST04412,2025-02-22,179.68,Grocery
CUST04412,2025-02-23,15.27,Grocery
CUST04412,2025-03-30,8.36,Travel
CUST04412,2024-06-06,61.05,Clothing
CUST04412,2024-07-09,20.35,Electronics
CUST04412,2024-09-03,9.09,Grocery
CUST04412,2025-06-13,304.9,Travel
CUST04412,2025-04-10,9.15,Grocery
CUST04412,2025-04-18,51.75,Dining
CUST04412,2025-05-10,201.48,Dining
CUST04412,2024-06-27,312.63,Travel
CUST04412,2025-02-14,66.21,Grocery
CUST04412,2024-09-25,50.65,Grocery
CUST04412,2025-06-08,21.14,Dining
CUST04412,2025-07-11,27.39,Dining
CUST04412,2025-01-06,96.81,Dining
CUST04412,2025-04-01,39.07,Grocery
CUST04412,2025-01-24,44.79,Clothing
CUST04412,2024-08-20,128.18,Grocery
CUST04412,2025-06-04,302.4,Dining
CUST04412,2025-03-14,20.03,Travel
CUST04412,2024-10-19,109.45,Clothing
CUST04412,2024-09-06,24.39,Travel
CUST04412,2024-11-01,19.35,Dining
CUST04412,2025-01-06,55.63,Clothing
CUST04412,2024-08-12,82.29,Dining
CUST04412,2025-07-12,36.58,Dining
CUST04412,2024-07-08,62.26,Clothing
CUST04412,2025-02-26,61.54,Clothing
CUST04412,2025-01-02,330.77,Travel
CUST04412,2024-08-03,5.02,Electronics
CUST04412,2024-10-27,48.93,Electronics
CUST04412,2025-06-23,99.21,Travel
CUST04412,2024-09-01,52.49,Grocery
CUST04412,2024-11-13,5.49,Clothing
CUST04412,2025-02-17,25.54,Dining
CUST04412,2025-07-20,16.31,Clothing
CUST04412,2025-05-08,79.46,Dining
CUST04412,2024-07-29,17.98,Clothing
CUST04412,2024-10-08,160.41,Dining
CUST04412,2024-06-10,6.73,Grocery
CUST04412,2024-07-19,22.97,Electronics
CUST04412,2025-03-29,16.64,Electronics
CUST04412,2025-05-02,188.07,Dining
CUST04412,2025-04-17,42.23,Clothing
CUST04413,2023-09-13,191.23,Dining
CUST04413,2023-11-06,186.38,Grocery
CUST04413,2025-02-21,167.3,Grocery
CUST04413,2023-10-30,217.68,Electronics
CUST04413,2023-12-08,25.18,Clothing
CUST04413,2024-05-04,151.93,Electronics
CUST04413,2023-10-04,227.83,Clothing
CUST04413,2024-02-25,6.87,Clothing
CUST04413,2025-04-11,105.11,Electronics
CUST04413,2025-04-11,191.77,Dining
CUST04413,2023-11-09,68.24,Grocery
CUST04413,2024-05-31,76.46,Dining
CUST04413,2024-11-18,108.34,Clothing
CUST04413,2024-06-15,103.58,Travel
CUST04413,2024-05-02,47.36,Travel
CUST04413,2024-02-25,41.16,Clothing
CUST04413,2023-09-23,99.16,Travel
CUST04413,2025-05-13,121.94,Grocery
CUST04413,2024-12-26,34.14,Grocery
CUST04413,2023-09-12,33.77,Clothing
CUST04413,2024-02-20,77.59,Grocery
CUST04413,2025-06-14,24.76,Electronics
CUST04413,2025-06-07,223.39,Grocery
CUST04413,2024-11-19,82.31,Dining
CUST04413,2023-11-26,92.23,Grocery
CUST04413,2024-10-30,111.02,Clothing
CUST04413,2024-05-04,76.49,Travel
CUST04413,2023-11-20,81.56,Grocery
CUST04413,2023-09-27,95.02,Dining
CUST04413,2024-02-28,170.32,Electronics
CUST04413,2023-10-06,122.92,Clothing
CUST04413,2023-09-06,85.86,Grocery
CUST04413,2024-05-03,23.26,Travel
CUST04413,2023-11-29,218.93,Clothing
CUST04413,2025-06-29,92.48,Electronics
CUST04413,2025-07-10,32.66,Dining
CUST04413,2025-04-10,192.05,Grocery
CUST04413,2025-02-07,5.2,Dining
CUST04413,2024-11-17,41.21,Travel
CUST04413,2025-04-11,5.81,Electronics
CUST04413,2023-10-08,316.97,Grocery
CUST04413,2024-08-03,77.62,Dining
CUST04413,2025-02-04,58.15,Dining
CUST04413,2025-06-22,131.83,Clothing
CUST04413,2023-10-16,16.12,Electronics
CUST04413,2025-06-18,31.9,Dining
CUST04413,2024-11-21,59.16,Clothing
CUST04413,2023-10-20,340.3,Dining
CUST04413,2023-10-28,114.79,Electronics
CUST04413,2025-06-24,196.84,Travel
CUST04413,2025-07-20,5.27,Travel
CUST04413,2025-02-10,13.95,Electronics
CUST04413,2024-05-11,8.76,Electronics
CUST04413,2025-02-16,67.43,Clothing
CUST04413,2025-05-29,52.1,Electronics
CUST04413,2024-11-24,195.08,Travel
CUST04413,2024-02-05,288.42,Travel
CUST04413,2024-03-16,8.66,Grocery
CUST04413,2024-04-09,265.59,Travel
CUST04413,2023-11-26,42.35,Dining
CUST04413,2025-01-06,19.78,Electronics
CUST04413,2024-11-14,34.36,Clothing
CUST04413,2024-06-07,39.36,Dining
CUST04413,2024-12-27,266.06,Travel
CUST04413,2024-09-02,73.93,Electronics
CUST04413,2025-03-21,88.46,Electronics
CUST04413,2024-06-27,201.23,Clothing
CUST04413,2025-01-09,23.82,Dining
CUST04413,2025-06-05,30.02,Grocery
CUST04413,2025-01-12,141.59,Travel
CUST04413,2023-11-24,21.15,Dining
CUST04413,2023-12-27,34.62,Electronics
CUST04413,2024-09-19,206.65,Travel
CUST04413,2025-07-29,45.57,Dining
CUST04413,2023-11-18,24.74,Clothing
CUST04413,2025-07-14,47.97,Grocery
CUST04413,2024-06-06,70.97,Grocery
CUST04413,2025-01-15,123.61,Electronics
CUST04413,2024-06-25,31.03,Electronics
CUST04413,2023-09-14,133.82,Grocery
CUST04413,2025-02-01,49.29,Travel
CUST04413,2025-01-20,69.92,Travel
CUST04413,2024-06-14,83.34,Grocery
CUST04413,2024-12-26,38.13,Travel
CUST04413,2024-01-06,9.48,Clothing
CUST04413,2025-06-30,97.87,Clothing
CUST04413,2024-04-01,24.99,Electronics
CUST04413,2024-02-11,8.35,Grocery
CUST04413,2024-01-02,65.42,Dining
CUST04413,2024-08-30,258.3,Clothing
CUST04413,2024-10-05,151.09,Electronics
CUST04413,2025-01-22,161.33,Travel
CUST04413,2025-07-15,90.53,Grocery
CUST04413,2023-09-16,52.22,Dining
CUST04413,2024-07-22,39.61,Clothing
CUST04413,2024-03-30,30.42,Dining
CUST04414,2024-11-02,103.97,Grocery
CUST04414,2025-03-22,403.96,Clothing
CUST04414,2025-07-01,262.04,Clothing
CUST04414,2024-12-17,114.03,Travel
CUST04414,2024-08-24,36.43,Travel
CUST04414,2025-06-08,17.42,Dining
CUST04414,2025-03-19,34.91,Dining
CUST04414,2025-07-31,183.49,Clothing
CUST04414,2024-08-25,12.59,Dining
CUST04414,2024-12-13,411.1,Electronics
CUST04414,2025-06-03,136.45,Grocery
CUST04414,2024-08-08,49.38,Grocery
CUST04414,2025-05-03,96.81,Travel
CUST04414,2025-06-01,21.96,Clothing
CUST04414,2024-08-31,40.52,Clothing
CUST04414,2025-01-13,38.14,Travel
CUST04414,2024-08-15,113.54,Clothing
CUST04414,2024-12-11,147.65,Dining
CUST04414,2025-02-22,36.74,Travel
CUST04414,2025-07-16,111.11,Clothing
CUST04414,2024-10-30,15.21,Clothing
CUST04414,2025-03-31,19.04,Grocery
CUST04414,2025-03-12,73.8,Grocery
CUST04414,2025-04-27,95.8,Dining
CUST04414,2025-03-15,545.23,Electronics
CUST04414,2024-10-16,81.93,Travel
CUST04414,2025-07-07,104.35,Electronics
CUST04414,2025-01-15,189.93,Grocery
CUST04414,2024-10-08,160.24,Grocery
CUST04414,2025-06-14,219.98,Dining
CUST04414,2024-09-12,62.44,Clothing
CUST04414,2025-03-10,5.28,Dining
CUST04414,2024-07-30,53.13,Clothing
CUST04414,2024-12-04,17.23,Electronics
CUST04414,2024-08-09,78.37,Electronics
CUST04414,2024-10-18,11.76,Clothing
CUST04414,2024-11-12,35.94,Dining
CUST04414,2025-04-05,11.47,Dining
CUST04414,2025-01-27,111.2,Travel
CUST04414,2024-08-27,13.58,Electronics
CUST04414,2025-07-20,27.15,Electronics
CUST04414,2025-01-18,19.36,Travel
CUST04414,2025-07-04,284.79,Grocery
CUST04414,2024-10-30,41.35,Clothing
CUST04414,2025-01-21,80.48,Electronics
CUST04414,2024-10-04,137.71,Clothing
CUST04414,2024-12-27,67.59,Dining
CUST04414,2024-12-06,102.43,Travel
CUST04414,2025-02-16,6.43,Electronics
CUST04414,2024-08-11,255.47,Grocery
CUST04414,2024-11-12,128.07,Clothing
CUST04414,2025-02-10,69.98,Dining
CUST04414,2025-01-03,313.68,Dining
CUST04414,2024-09-27,42.61,Electronics
CUST04414,2025-01-31,144.45,Dining
CUST04414,2024-08-07,247.91,Electronics
CUST04414,2024-10-09,225.0,Travel
CUST04414,2025-03-05,179.85,Electronics
CUST04414,2024-11-17,68.52,Travel
CUST04414,2025-01-11,90.29,Travel
CUST04414,2025-01-29,15.51,Grocery
CUST04414,2024-12-03,61.75,Electronics
CUST04414,2024-09-14,40.41,Dining
CUST04414,2024-08-07,141.66,Electronics
CUST04414,2025-04-30,20.16,Travel
CUST04414,2025-04-04,21.32,Dining
CUST04414,2024-10-23,53.96,Electronics
CUST04414,2025-04-24,205.6,Electronics
CUST04414,2024-09-14,5.69,Dining
CUST04414,2025-04-16,145.04,Dining
CUST04414,2024-10-13,75.04,Electronics
CUST04414,2024-08-08,8.21,Grocery
CUST04414,2025-06-28,109.22,Grocery
CUST04414,2024-11-14,91.43,Clothing
CUST04414,2025-07-15,22.8,Travel
CUST04414,2024-08-19,7.86,Grocery
CUST04414,2025-07-24,63.4,Clothing
CUST04414,2025-04-05,25.18,Clothing
CUST04414,2024-09-10,12.24,Grocery
CUST04414,2025-07-23,65.02,Electronics
CUST04414,2024-11-17,6.0,Electronics
CUST04414,2025-07-15,18.29,Grocery
CUST04414,2025-03-23,15.63,Grocery
CUST04414,2025-01-14,8.22,Clothing
CUST04414,2024-09-04,99.37,Grocery
CUST04414,2025-03-04,91.83,Travel
CUST04414,2024-11-19,33.52,Dining
CUST04414,2024-12-22,17.77,Grocery
CUST04415,2023-05-24,249.33,Travel
CUST04415,2022-02-28,55.97,Electronics
CUST04415,2022-10-06,84.86,Clothing
CUST04415,2022-10-27,110.36,Electronics
CUST04415,2022-08-05,329.84,Clothing
CUST04415,2022-04-04,149.29,Travel
CUST04415,2024-04-24,120.57,Dining
CUST04415,2024-05-25,61.57,Travel
CUST04415,2022-07-18,66.41,Grocery
CUST04415,2024-09-22,319.84,Travel
CUST04415,2025-06-18,243.53,Clothing
CUST04415,2023-12-22,27.98,Travel
CUST04415,2022-04-04,40.98,Clothing
CUST04415,2022-10-11,68.4,Electronics
CUST04415,2023-11-17,64.81,Dining
CUST04415,2022-10-05,47.56,Dining
CUST04415,2024-02-08,120.9,Grocery
CUST04415,2025-07-20,107.13,Grocery
CUST04415,2022-02-26,66.65,Dining
CUST04415,2024-05-15,42.32,Travel
CUST04415,2022-12-10,49.98,Electronics
CUST04415,2022-11-12,31.27,Clothing
CUST04415,2023-08-14,8.24,Grocery
CUST04415,2022-06-30,25.96,Clothing
CUST04415,2023-07-30,34.33,Clothing
CUST04415,2025-07-11,30.9,Dining
CUST04415,2023-07-20,61.86,Travel
CUST04415,2023-06-09,88.0,Clothing
CUST04415,2025-02-15,77.72,Dining
CUST04415,2025-05-14,147.37,Electronics
CUST04415,2023-04-08,78.78,Electronics
CUST04415,2023-01-11,22.53,Travel
CUST04415,2024-05-21,119.45,Dining
CUST04415,2024-12-21,12.27,Grocery
CUST04415,2022-05-20,220.7,Travel
CUST04415,2025-06-02,54.06,Travel
CUST04415,2022-06-17,17.94,Dining
CUST04415,2024-02-12,55.15,Dining
CUST04415,2024-08-20,165.46,Clothing
CUST04415,2022-06-03,27.1,Dining
CUST04415,2025-03-17,175.43,Dining
CUST04415,2022-12-07,74.6,Electronics
CUST04415,2023-08-27,82.93,Clothing
CUST04415,2023-01-03,31.2,Grocery
CUST04415,2024-10-25,93.15,Clothing
CUST04415,2022-10-10,316.94,Travel
CUST04415,2024-10-08,82.14,Dining
CUST04415,2022-03-03,9.2,Electronics
CUST04415,2025-06-04,102.35,Clothing
CUST04415,2024-11-05,25.03,Grocery
CUST04415,2024-02-16,62.74,Dining
CUST04415,2023-04-27,27.25,Dining
CUST04415,2022-03-31,57.57,Electronics
CUST04415,2023-10-25,123.85,Dining
CUST04415,2025-06-08,376.85,Travel
CUST04415,2023-05-10,14.49,Electronics
CUST04415,2024-10-08,14.7,Dining
CUST04415,2024-08-06,104.19,Clothing
CUST04415,2025-05-15,81.18,Grocery
CUST04415,2024-10-25,23.63,Clothing
CUST04415,2023-08-16,89.46,Travel
CUST04415,2024-05-31,80.44,Clothing
CUST04415,2023-07-24,46.48,Electronics
CUST04415,2023-05-07,58.98,Dining
CUST04415,2024-05-31,112.73,Travel
CUST04415,2023-07-24,43.41,Travel
CUST04415,2023-02-10,129.26,Grocery
CUST04415,2022-07-28,11.2,Grocery
CUST04415,2025-03-16,26.78,Travel
CUST04415,2022-04-28,66.47,Travel
CUST04415,2024-12-02,167.2,Dining
CUST04415,2024-10-11,35.36,Grocery
CUST04415,2024-12-26,144.87,Travel
CUST04415,2024-11-16,6.82,Electronics
CUST04415,2023-07-21,31.0,Travel
CUST04415,2025-05-11,27.08,Dining
CUST04415,2025-03-03,41.71,Electronics
CUST04415,2022-11-25,13.65,Travel
CUST04415,2022-10-01,106.88,Clothing
CUST04415,2023-07-23,57.92,Clothing
CUST04415,2025-04-04,35.7,Dining
CUST04415,2023-03-17,55.27,Grocery
CUST04415,2023-11-01,127.24,Grocery
CUST04415,2023-02-05,62.51,Dining
CUST04415,2025-03-08,123.95,Clothing
CUST04415,2022-02-14,275.62,Grocery
CUST04415,2022-11-17,29.64,Grocery
CUST04415,2024-12-31,36.32,Grocery
CUST04415,2022-05-13,27.96,Travel
CUST04415,2024-05-11,43.42,Travel
CUST04415,2025-04-09,107.6,Clothing
CUST04415,2025-05-14,132.13,Travel
CUST04415,2024-01-10,147.49,Electronics
CUST04415,2022-12-02,118.01,Dining
CUST04415,2022-10-11,121.52,Clothing
CUST04415,2023-10-23,47.49,Grocery
CUST04415,2023-06-30,28.04,Dining
CUST04415,2025-07-05,67.33,Grocery
CUST04415,2023-06-17,84.42,Dining
CUST04416,2025-03-22,27.1,Dining
CUST04416,2025-05-01,8.53,Travel
CUST04416,2025-02-27,33.78,Grocery
CUST04416,2025-02-24,171.39,Travel
CUST04416,2024-12-28,43.56,Electronics
CUST04416,2025-05-03,195.34,Dining
CUST04416,2025-07-04,19.41,Dining
CUST04416,2025-06-19,155.34,Travel
CUST04416,2025-04-17,128.14,Electronics
CUST04416,2025-06-27,112.1,Travel
CUST04416,2025-05-28,142.67,Clothing
CUST04416,2025-05-04,188.63,Grocery
CUST04416,2025-01-26,86.49,Grocery
CUST04416,2025-02-08,50.22,Dining
CUST04416,2025-06-18,138.62,Grocery
CUST04416,2025-03-24,32.51,Clothing
CUST04416,2025-05-08,71.52,Clothing
CUST04416,2025-02-01,69.43,Travel
CUST04416,2025-04-18,112.06,Dining
CUST04416,2025-02-27,18.61,Clothing
CUST04416,2025-01-08,83.17,Electronics
CUST04416,2025-01-10,288.89,Electronics
CUST04416,2025-07-11,31.04,Grocery
CUST04416,2025-01-27,104.23,Dining
CUST04416,2025-07-25,50.86,Travel
CUST04416,2025-03-29,63.71,Electronics
CUST04416,2025-06-26,38.63,Dining
CUST04416,2025-07-24,65.55,Grocery
CUST04416,2025-05-08,102.64,Electronics
CUST04416,2025-05-05,40.85,Electronics
CUST04416,2025-06-29,93.91,Travel
CUST04416,2025-04-18,42.42,Grocery
CUST04416,2025-02-02,156.71,Travel
CUST04416,2025-07-31,9.66,Dining
CUST04416,2024-12-28,61.13,Electronics
CUST04416,2025-03-31,14.17,Grocery
CUST04416,2025-07-03,5.71,Clothing
CUST04416,2025-03-31,11.58,Clothing
CUST04416,2025-03-30,48.88,Dining
CUST04416,2025-07-20,276.79,Travel
CUST04416,2025-01-06,60.05,Travel
CUST04416,2025-07-01,55.94,Travel
CUST04416,2025-02-10,27.04,Dining
CUST04416,2025-04-06,155.44,Grocery
CUST04416,2025-06-22,162.5,Dining
CUST04416,2025-03-08,79.21,Grocery
CUST04416,2025-04-08,26.11,Clothing
CUST04416,2025-07-25,16.1,Dining
CUST04416,2025-07-21,43.62,Clothing
CUST04416,2025-06-14,175.89,Clothing
CUST04416,2025-01-12,79.94,Clothing
CUST04416,2025-01-19,38.1,Electronics
CUST04416,2025-02-16,65.82,Grocery
CUST04416,2025-07-15,150.13,Clothing
CUST04416,2025-02-20,124.26,Travel
CUST04416,2025-03-07,10.39,Electronics
CUST04416,2025-07-05,87.33,Clothing
CUST04416,2025-07-26,8.67,Grocery
CUST04416,2025-04-25,309.43,Travel
CUST04416,2025-01-25,165.88,Clothing
CUST04416,2025-04-18,26.38,Dining
CUST04416,2025-02-12,152.43,Clothing
CUST04416,2025-01-25,224.15,Electronics
CUST04416,2025-07-03,33.29,Clothing
CUST04416,2025-01-15,65.29,Electronics
CUST04416,2025-03-27,16.59,Grocery
CUST04416,2025-07-08,284.14,Electronics
CUST04416,2025-06-12,122.09,Travel
CUST04416,2025-06-19,8.57,Dining
CUST04416,2025-06-07,43.7,Travel
CUST04416,2025-05-14,181.58,Grocery
CUST04416,2025-01-24,98.2,Clothing
CUST04416,2025-07-07,10.06,Grocery
CUST04416,2025-04-24,279.83,Electronics
CUST04416,2025-05-22,31.4,Electronics
CUST04416,2025-06-06,112.61,Travel
CUST04416,2025-07-10,120.28,Electronics
CUST04416,2025-06-14,12.59,Dining
CUST04416,2025-02-09,27.84,Clothing
CUST04416,2025-06-13,51.54,Dining
CUST04416,2025-05-30,98.05,Grocery
CUST04416,2025-01-25,122.06,Dining
CUST04416,2025-03-03,105.49,Electronics
CUST04416,2025-05-05,115.28,Travel
CUST04416,2025-06-09,47.37,Electronics
CUST04416,2025-05-05,24.32,Clothing
CUST04416,2025-02-14,79.99,Electronics
CUST04416,2025-04-28,128.73,Grocery
CUST04416,2025-05-05,65.17,Electronics
CUST04416,2025-07-21,113.87,Clothing
CUST04416,2025-03-07,119.13,Clothing
CUST04416,2025-01-15,53.46,Grocery
CUST04416,2025-05-05,165.54,Electronics
CUST04416,2025-05-28,40.24,Electronics
CUST04416,2025-02-13,105.65,Electronics
CUST04416,2025-01-26,63.35,Grocery
CUST04416,2025-01-26,109.69,Clothing
CUST04416,2025-02-22,53.87,Clothing
CUST04416,2025-01-07,89.87,Clothing
CUST04416,2025-05-23,178.71,Electronics
CUST04416,2025-03-04,133.18,Travel
CUST04416,2025-07-15,63.27,Grocery
CUST04416,2025-04-21,22.98,Dining
CUST04416,2025-03-01,45.26,Travel
CUST04416,2025-06-19,27.8,Dining
CUST04417,2025-08-01,47.41,Electronics
CUST04417,2025-07-27,291.36,Electronics
CUST04417,2025-07-26,56.63,Dining
CUST04417,2025-07-31,31.42,Grocery
CUST04417,2025-07-29,15.82,Clothing
CUST04417,2025-07-27,21.08,Dining
CUST04417,2025-07-31,18.26,Clothing
CUST04417,2025-07-26,134.0,Dining
CUST04417,2025-07-29,136.54,Dining
CUST04417,2025-08-01,20.89,Travel
CUST04417,2025-07-27,35.92,Travel
CUST04417,2025-08-01,51.72,Electronics
CUST04417,2025-08-01,43.51,Travel
CUST04417,2025-07-28,21.47,Electronics
CUST04417,2025-07-31,5.65,Travel
CUST04417,2025-07-30,89.25,Grocery
CUST04417,2025-07-27,68.5,Clothing
CUST04417,2025-08-01,248.27,Clothing
CUST04417,2025-07-24,156.83,Travel
CUST04417,2025-08-01,81.93,Travel
CUST04417,2025-07-30,74.59,Dining
CUST04417,2025-07-25,34.02,Dining
CUST04417,2025-07-26,159.44,Electronics
CUST04417,2025-07-28,195.56,Clothing
CUST04417,2025-07-29,13.32,Grocery
CUST04417,2025-07-31,279.34,Clothing
CUST04417,2025-07-24,500.02,Clothing
CUST04417,2025-07-25,85.35,Grocery
CUST04417,2025-07-31,31.79,Travel
CUST04417,2025-08-01,65.1,Electronics
CUST04417,2025-08-01,117.15,Dining
CUST04417,2025-07-25,276.85,Grocery
CUST04417,2025-07-28,25.81,Electronics
CUST04417,2025-08-01,155.81,Grocery
CUST04417,2025-07-26,77.12,Electronics
CUST04417,2025-07-25,27.23,Dining
CUST04417,2025-07-25,123.03,Grocery
CUST04417,2025-07-31,287.14,Grocery
CUST04417,2025-07-31,364.86,Travel
CUST04417,2025-08-01,142.45,Electronics
CUST04417,2025-07-27,102.9,Dining
CUST04417,2025-07-28,70.66,Travel
CUST04417,2025-07-29,73.22,Electronics
CUST04417,2025-07-27,68.79,Grocery
CUST04417,2025-07-27,74.93,Electronics
CUST04417,2025-07-27,58.15,Grocery
CUST04417,2025-07-30,348.01,Electronics
CUST04417,2025-07-30,276.77,Electronics
CUST04417,2025-08-01,38.91,Clothing
CUST04417,2025-07-31,162.26,Electronics
CUST04417,2025-07-24,160.69,Clothing
CUST04417,2025-07-30,9.82,Travel
CUST04417,2025-07-26,198.16,Dining
CUST04417,2025-07-29,71.52,Clothing
CUST04417,2025-07-31,21.98,Dining
CUST04417,2025-07-30,94.29,Dining
CUST04417,2025-07-25,69.15,Clothing
CUST04417,2025-07-24,69.46,Electronics
CUST04417,2025-07-25,141.85,Grocery
CUST04417,2025-07-25,121.21,Clothing
CUST04417,2025-07-24,133.05,Electronics
CUST04417,2025-07-31,63.42,Travel
CUST04417,2025-07-27,51.18,Electronics
CUST04417,2025-07-24,100.5,Electronics
CUST04417,2025-07-24,60.8,Travel
CUST04417,2025-07-28,136.25,Clothing
CUST04417,2025-07-30,34.1,Dining
CUST04417,2025-07-26,475.8,Electronics
CUST04417,2025-08-01,61.37,Grocery
CUST04417,2025-07-28,166.5,Travel
CUST04417,2025-07-26,144.48,Travel
CUST04417,2025-07-24,116.7,Electronics
CUST04417,2025-07-26,57.54,Dining
CUST04417,2025-07-29,104.81,Grocery
CUST04417,2025-07-25,207.99,Electronics
CUST04417,2025-07-27,37.53,Grocery
CUST04417,2025-07-29,48.98,Travel
CUST04417,2025-08-01,35.32,Dining
CUST04417,2025-07-30,183.26,Electronics
CUST04417,2025-07-28,25.91,Grocery
CUST04417,2025-07-29,50.84,Travel
CUST04417,2025-07-24,123.88,Clothing
CUST04417,2025-08-01,22.27,Clothing
CUST04417,2025-07-31,201.65,Electronics
CUST04417,2025-07-30,68.86,Dining
CUST04417,2025-07-25,36.76,Dining
CUST04417,2025-07-28,54.23,Clothing
CUST04417,2025-07-29,20.5,Clothing
CUST04417,2025-07-26,132.72,Grocery
CUST04417,2025-07-29,10.41,Electronics
CUST04417,2025-07-29,14.2,Dining
CUST04417,2025-07-26,118.1,Clothing
CUST04417,2025-07-26,56.56,Grocery
CUST04417,2025-07-31,14.47,Grocery
CUST04417,2025-07-24,210.62,Clothing
CUST04417,2025-07-27,31.88,Grocery
CUST04417,2025-07-24,184.21,Electronics
CUST04417,2025-07-24,125.35,Clothing
CUST04417,2025-07-28,75.75,Travel
CUST04417,2025-08-01,78.55,Travel
CUST04417,2025-07-30,51.08,Electronics
CUST04417,2025-07-27,48.34,Travel
CUST04417,2025-07-25,29.09,Grocery
CUST04417,2025-07-27,66.3,Grocery
CUST04417,2025-07-27,69.41,Electronics
CUST04417,2025-07-30,16.57,Clothing
CUST04417,2025-07-27,43.12,Electronics
CUST04417,2025-07-26,103.97,Travel
CUST04417,2025-07-26,74.73,Dining
CUST04417,2025-07-29,10.09,Grocery
CUST04417,2025-07-26,128.22,Grocery
CUST04417,2025-07-26,134.17,Travel
CUST04417,2025-08-01,90.9,Travel
CUST04418,2025-04-12,11.26,Dining
CUST04418,2025-02-17,266.38,Travel
CUST04418,2025-02-23,144.44,Dining
CUST04418,2025-04-12,46.2,Grocery
CUST04418,2025-04-27,30.52,Grocery
CUST04418,2025-05-22,65.26,Grocery
CUST04418,2025-02-09,238.97,Travel
CUST04418,2024-08-04,30.0,Travel
CUST04418,2024-05-02,331.14,Grocery
CUST04418,2024-03-25,25.08,Grocery
CUST04418,2024-09-25,27.44,Dining
CUST04418,2024-07-25,62.51,Grocery
CUST04418,2024-11-07,45.95,Electronics
CUST04418,2025-07-26,94.06,Dining
CUST04418,2025-01-31,21.75,Dining
CUST04418,2024-08-07,44.92,Electronics
CUST04418,2025-06-27,163.25,Dining
CUST04418,2024-08-13,92.03,Electronics
CUST04418,2025-05-05,318.54,Electronics
CUST04418,2024-12-21,154.29,Travel
CUST04418,2024-07-01,114.34,Travel
CUST04418,2025-04-29,28.67,Travel
CUST04418,2024-11-05,24.21,Travel
CUST04418,2025-07-13,27.11,Grocery
CUST04418,2024-09-22,138.05,Dining
CUST04418,2024-11-14,20.81,Grocery
CUST04418,2025-05-03,49.49,Grocery
CUST04418,2025-02-25,241.48,Clothing
CUST04418,2025-07-20,35.85,Electronics
CUST04418,2024-09-19,64.31,Clothing
CUST04418,2025-05-09,168.18,Clothing
CUST04418,2024-05-15,183.07,Travel
CUST04418,2024-03-12,187.76,Clothing
CUST04418,2025-05-18,23.45,Travel
CUST04418,2024-04-08,5.53,Dining
CUST04418,2024-09-21,31.37,Electronics
CUST04418,2024-03-09,124.73,Electronics
CUST04418,2024-08-17,103.54,Dining
CUST04418,2024-08-14,201.43,Electronics
CUST04418,2025-02-13,30.46,Grocery
CUST04418,2024-05-02,47.31,Dining
CUST04418,2024-06-19,20.99,Travel
CUST04418,2024-08-23,15.88,Travel
CUST04418,2025-07-20,50.42,Clothing
CUST04418,2024-10-22,7.63,Grocery
CUST04418,2024-04-16,28.09,Grocery
CUST04418,2024-03-23,34.89,Dining
CUST04418,2024-04-03,68.75,Clothing
CUST04418,2025-04-19,112.99,Grocery
CUST04418,2024-10-28,91.83,Travel
CUST04418,2024-12-04,53.72,Grocery
CUST04418,2024-02-26,200.96,Grocery
CUST04418,2025-07-06,243.2,Clothing
CUST04418,2025-06-25,31.85,Dining
CUST04418,2024-05-05,71.56,Dining
CUST04418,2024-06-14,5.31,Grocery
CUST04418,2024-07-17,187.3,Electronics
CUST04418,2024-02-13,134.89,Clothing
CUST04418,2024-11-01,5.25,Grocery
CUST04418,2024-06-25,117.22,Electronics
CUST04418,2024-12-01,56.23,Grocery
CUST04418,2024-09-11,35.25,Grocery
CUST04418,2024-12-22,168.87,Grocery
CUST04418,2024-05-27,104.21,Travel
CUST04418,2025-07-23,95.53,Grocery
CUST04418,2025-06-12,32.82,Grocery
CUST04418,2024-12-02,8.66,Clothing
CUST04418,2025-01-27,110.19,Electronics
CUST04418,2025-05-12,166.87,Grocery
CUST04418,2024-03-26,64.5,Grocery
CUST04418,2025-02-15,151.99,Electronics
CUST04418,2024-10-16,71.35,Dining
CUST04418,2025-05-29,141.39,Travel
CUST04418,2024-08-30,76.0,Clothing
CUST04418,2024-10-21,153.43,Clothing
CUST04418,2024-07-14,83.93,Grocery
CUST04418,2024-10-06,65.5,Clothing
CUST04418,2024-05-01,221.2,Electronics
CUST04418,2025-07-24,90.06,Electronics
CUST04418,2025-05-09,6.74,Travel
CUST04418,2024-04-17,103.06,Dining
CUST04418,2025-05-03,188.81,Clothing
CUST04418,2024-04-20,31.74,Electronics
CUST04418,2024-08-13,106.69,Electronics
CUST04418,2025-03-20,72.3,Clothing
CUST04418,2025-03-22,108.68,Electronics
CUST04418,2024-10-29,9.28,Grocery
CUST04418,2024-05-10,30.7,Grocery
CUST04418,2024-02-07,185.09,Clothing
CUST04418,2024-10-11,20.55,Clothing
CUST04418,2025-08-01,399.06,Clothing
CUST04418,2024-02-06,150.43,Dining
CUST04418,2024-11-16,88.23,Clothing
CUST04418,2025-07-30,159.62,Travel
CUST04418,2024-05-11,48.2,Grocery
CUST04418,2024-02-28,274.01,Travel
CUST04418,2025-01-21,76.6,Electronics
CUST04418,2024-07-17,38.03,Electronics
CUST04418,2024-08-10,78.0,Electronics
CUST04419,2023-05-01,253.6,Dining
CUST04419,2022-08-11,23.76,Electronics
CUST04419,2025-07-15,128.48,Electronics
CUST04419,2022-05-26,86.12,Dining
CUST04419,2024-02-22,30.86,Grocery
CUST04419,2024-07-06,187.59,Clothing
CUST04419,2024-08-27,10.95,Electronics
CUST04419,2023-03-05,31.41,Travel
CUST04419,2021-05-07,37.3,Electronics
CUST04419,2024-12-07,162.45,Electronics
CUST04419,2021-02-01,20.21,Electronics
CUST04419,2025-06-08,14.27,Electronics
CUST04419,2021-12-22,21.22,Dining
CUST04419,2024-12-28,31.8,Electronics
CUST04419,2025-07-12,255.46,Travel
CUST04419,2023-03-04,81.95,Clothing
CUST04419,2023-07-05,173.9,Travel
CUST04419,2023-04-25,189.72,Dining
CUST04419,2023-07-12,142.09,Travel
CUST04419,2024-04-25,6.53,Clothing
CUST04419,2021-04-12,274.78,Clothing
CUST04419,2021-01-04,141.18,Travel
CUST04419,2025-05-01,10.06,Dining
CUST04419,2024-06-01,101.46,Electronics
CUST04419,2024-03-15,28.47,Electronics
CUST04419,2022-11-15,18.52,Dining
CUST04419,2021-10-29,11.33,Clothing
CUST04419,2024-06-15,64.71,Clothing
CUST04419,2024-07-06,111.39,Electronics
CUST04419,2021-06-27,47.6,Electronics
CUST04419,2024-05-20,37.09,Electronics
CUST04419,2022-09-19,280.87,Travel
CUST04419,2025-06-24,51.67,Electronics
CUST04419,2020-12-31,64.76,Grocery
CUST04419,2024-07-06,49.85,Dining
CUST04419,2022-08-22,19.12,Clothing
CUST04419,2023-09-07,21.99,Grocery
CUST04419,2024-07-03,53.77,Dining
CUST04419,2024-04-05,33.6,Clothing
CUST04419,2023-03-12,33.41,Grocery
CUST04419,2021-02-16,40.39,Dining
CUST04419,2023-07-21,33.68,Travel
CUST04419,2024-03-11,122.23,Clothing
CUST04419,2024-05-31,323.04,Clothing
CUST04419,2024-05-31,117.51,Electronics
CUST04419,2025-05-28,169.35,Dining
CUST04419,2025-03-23,344.8,Grocery
CUST04419,2025-03-01,27.96,Electronics
CUST04419,2022-01-07,62.36,Grocery
CUST04419,2023-12-16,39.8,Grocery
CUST04419,2023-10-11,179.97,Grocery
CUST04419,2021-09-10,46.42,Clothing
CUST04419,2025-02-14,53.94,Travel
CUST04419,2023-02-22,36.21,Grocery
CUST04419,2021-05-06,12.44,Electronics
CUST04419,2024-01-03,6.05,Clothing
CUST04419,2023-10-30,47.59,Electronics
CUST04419,2024-09-03,134.01,Clothing
CUST04419,2021-08-31,204.23,Grocery
CUST04419,2023-07-17,14.57,Grocery
CUST04419,2023-07-16,132.61,Travel
CUST04419,2022-06-25,40.43,Travel
CUST04419,2021-03-27,24.67,Clothing
CUST04419,2024-12-07,11.28,Electronics
CUST04419,2023-01-10,142.35,Dining
CUST04419,2023-01-06,29.4,Travel
CUST04419,2022-04-28,129.65,Dining
CUST04419,2024-05-30,56.35,Travel
CUST04419,2023-10-24,41.25,Dining
CUST04419,2022-11-30,37.94,Clothing
CUST04419,2023-08-02,60.7,Dining
CUST04419,2023-04-20,129.01,Clothing
CUST04419,2024-07-11,52.42,Electronics
CUST04419,2023-05-28,125.66,Travel
CUST04419,2023-08-23,235.78,Clothing
CUST04419,2024-02-09,12.77,Electronics
CUST04419,2025-02-11,53.43,Grocery
CUST04419,2022-07-04,96.08,Electronics
CUST04419,2024-01-14,48.81,Grocery
CUST04419,2022-06-09,416.83,Grocery
CUST04419,2020-12-31,33.3,Grocery
CUST04419,2023-12-27,26.64,Grocery
CUST04419,2022-12-28,94.54,Travel
CUST04419,2024-09-04,13.47,Electronics
CUST04419,2021-06-18,210.01,Clothing
CUST04419,2021-04-01,105.05,Travel
CUST04419,2021-09-29,15.43,Dining
CUST04419,2022-07-24,209.22,Clothing
CUST04419,2022-07-02,298.3,Grocery
CUST04419,2025-02-12,21.98,Grocery
CUST04419,2025-06-09,148.72,Travel
CUST04419,2023-10-27,39.86,Clothing
CUST04419,2022-03-22,51.81,Travel
CUST04419,2025-05-22,52.41,Electronics
CUST04419,2024-09-05,69.59,Grocery
CUST04420,2024-11-07,302.97,Grocery
CUST04420,2024-08-01,13.08,Grocery
CUST04420,2024-09-13,5.15,Dining
CUST04420,2024-10-04,33.08,Electronics
CUST04420,2025-05-27,95.74,Electronics
CUST04420,2025-03-30,146.22,Electronics
CUST04420,2024-08-30,180.8,Electronics
CUST04420,2024-12-01,202.53,Dining
CUST04420,2024-12-04,192.18,Grocery
CUST04420,2025-06-13,15.14,Electronics
CUST04420,2025-05-01,54.92,Clothing
CUST04420,2025-03-28,42.35,Electronics
CUST04420,2024-12-30,34.2,Clothing
CUST04420,2025-03-14,36.18,Electronics
CUST04420,2025-06-01,77.21,Grocery
CUST04420,2025-04-18,131.88,Dining
CUST04420,2024-09-20,109.2,Electronics
CUST04420,2024-08-07,81.87,Travel
CUST04420,2025-05-15,90.72,Electronics
CUST04420,2025-07-02,8.61,Electronics
CUST04420,2024-10-04,23.52,Grocery
CUST04420,2024-10-28,95.66,Dining
CUST04420,2025-07-04,8.23,Travel
CUST04420,2025-02-17,24.85,Dining
CUST04420,2025-02-27,112.52,Electronics
CUST04420,2025-02-05,78.85,Dining
CUST04420,2025-04-06,31.72,Travel
CUST04420,2024-12-29,97.84,Clothing
CUST04420,2025-06-04,167.98,Electronics
CUST04420,2024-09-22,169.43,Grocery
CUST04420,2024-09-03,131.19,Clothing
CUST04420,2025-05-02,10.79,Grocery
CUST04420,2024-10-05,48.49,Dining
CUST04420,2025-01-02,77.45,Electronics
CUST04420,2024-11-23,164.57,Electronics
CUST04420,2024-08-08,232.06,Grocery
CUST04420,2025-03-27,20.81,Dining
CUST04420,2024-08-23,55.64,Electronics
CUST04420,2025-06-04,10.65,Clothing
CUST04420,2025-07-26,247.34,Electronics
CUST04420,2025-06-06,210.07,Dining
CUST04420,2024-08-05,35.14,Grocery
CUST04420,2025-06-11,6.94,Grocery
CUST04420,2025-06-28,109.1,Clothing
CUST04420,2025-04-12,24.88,Dining
CUST04420,2024-10-17,201.9,Clothing
CUST04420,2024-11-06,12.89,Travel
CUST04420,2025-02-15,57.72,Travel
CUST04420,2025-03-18,35.42,Dining
CUST04420,2024-09-03,98.72,Travel
CUST04420,2025-01-13,21.31,Electronics
CUST04420,2024-11-03,200.29,Grocery
CUST04420,2024-10-17,11.82,Grocery
CUST04420,2025-07-31,127.02,Grocery
CUST04420,2025-02-14,5.8,Grocery
CUST04420,2025-04-28,84.33,Dining
CUST04420,2025-05-11,7.14,Grocery
CUST04420,2024-10-23,94.07,Clothing
CUST04420,2025-02-11,24.89,Grocery
CUST04420,2025-05-04,14.01,Clothing
CUST04420,2025-06-02,226.93,Dining
CUST04420,2025-06-03,25.76,Clothing
CUST04420,2024-11-23,51.84,Dining
CUST04420,2025-03-25,33.23,Clothing
CUST04420,2025-01-21,207.97,Clothing
CUST04420,2024-09-04,21.52,Electronics
CUST04420,2024-08-03,16.8,Dining
CUST04420,2025-05-25,79.31,Dining
CUST04420,2024-12-12,18.1,Travel
CUST04420,2024-08-30,42.93,Grocery
CUST04420,2024-12-19,37.56,Dining
CUST04420,2024-07-21,264.72,Electronics
CUST04420,2025-06-04,16.16,Travel
CUST04420,2024-07-21,38.62,Clothing
CUST04420,2025-01-19,20.93,Electronics
CUST04420,2025-01-02,106.75,Electronics
CUST04420,2025-05-28,191.98,Travel
CUST04420,2024-07-25,80.21,Grocery
CUST04420,2024-10-01,53.94,Dining
CUST04420,2024-09-22,117.24,Electronics
CUST04420,2024-10-24,5.84,Clothing
CUST04420,2024-12-30,34.71,Grocery
CUST04420,2024-08-10,7.6,Clothing
CUST04420,2024-07-24,82.85,Clothing
CUST04420,2025-06-30,13.94,Grocery
CUST04420,2025-02-28,46.35,Electronics
CUST04420,2025-04-21,546.11,Travel
CUST04420,2024-12-09,40.15,Grocery
CUST04420,2025-05-15,176.46,Grocery
CUST04420,2025-03-18,53.51,Electronics
CUST04420,2025-06-14,76.49,Grocery
CUST04420,2025-06-08,180.21,Dining
CUST04420,2025-07-29,14.36,Electronics
CUST04420,2024-08-20,29.11,Grocery
CUST04420,2025-02-07,50.77,Clothing
CUST04420,2025-05-10,30.64,Clothing
CUST04420,2025-03-09,83.93,Travel
CUST04420,2025-02-09,88.46,Electronics
CUST04420,2025-06-28,39.44,Electronics
CUST04420,2025-07-02,37.43,Clothing
CUST04420,2025-01-14,186.3,Dining
CUST04420,2024-08-15,98.84,Dining
CUST04420,2024-12-19,26.09,Electronics
CUST04420,2025-02-09,34.42,Dining
CUST04420,2025-06-25,73.37,Dining
CUST04420,2024-09-10,57.94,Dining
CUST04420,2024-12-06,32.42,Travel
CUST04421,2024-08-02,393.3,Grocery
CUST04421,2024-10-03,109.64,Grocery
CUST04421,2023-08-20,256.53,Electronics
CUST04421,2023-09-26,46.06,Grocery
CUST04421,2025-06-08,112.52,Travel
CUST04421,2025-02-13,80.41,Dining
CUST04421,2024-09-01,40.76,Clothing
CUST04421,2024-12-25,50.11,Clothing
CUST04421,2025-06-24,47.79,Electronics
CUST04421,2023-12-03,58.94,Clothing
CUST04421,2024-01-18,20.33,Electronics
CUST04421,2025-04-19,117.26,Dining
CUST04421,2023-12-18,26.14,Electronics
CUST04421,2025-05-15,241.16,Grocery
CUST04421,2024-01-29,267.61,Grocery
CUST04421,2024-03-04,110.91,Grocery
CUST04421,2025-01-29,79.65,Clothing
CUST04421,2024-02-03,155.44,Grocery
CUST04421,2024-01-27,25.65,Travel
CUST04421,2023-07-31,24.1,Clothing
CUST04421,2023-06-27,104.63,Grocery
CUST04421,2024-06-30,249.35,Electronics
CUST04421,2024-09-11,94.12,Electronics
CUST04421,2025-02-18,163.62,Electronics
CUST04421,2024-06-30,157.88,Travel
CUST04421,2024-09-23,69.07,Dining
CUST04421,2024-06-02,267.63,Travel
CUST04421,2025-07-16,255.73,Grocery
CUST04421,2023-05-04,15.35,Grocery
CUST04421,2024-07-28,133.02,Dining
CUST04421,2024-08-21,14.74,Electronics
CUST04421,2025-02-24,57.16,Electronics
CUST04421,2023-11-23,404.42,Electronics
CUST04421,2024-06-12,86.83,Dining
CUST04421,2023-03-12,7.85,Grocery
CUST04421,2023-09-29,77.1,Clothing
CUST04421,2025-03-24,124.12,Travel
CUST04421,2025-03-02,155.17,Dining
CUST04421,2024-07-17,44.36,Clothing
CUST04421,2025-04-18,151.21,Electronics
CUST04421,2023-10-08,213.86,Dining
CUST04421,2024-12-15,12.5,Dining
CUST04421,2025-05-14,28.3,Clothing
CUST04421,2024-08-16,71.24,Grocery
CUST04421,2025-03-28,136.36,Dining
CUST04421,2024-10-14,48.37,Electronics
CUST04421,2023-07-17,150.64,Clothing
CUST04421,2024-02-17,164.15,Grocery
CUST04421,2025-03-02,14.73,Electronics
CUST04421,2023-05-02,28.36,Grocery
CUST04421,2024-10-11,28.01,Grocery
CUST04421,2024-08-16,120.31,Grocery
CUST04421,2023-06-06,84.71,Grocery
CUST04421,2024-01-16,187.17,Grocery
CUST04421,2023-11-23,376.21,Grocery
CUST04421,2023-08-23,138.05,Dining
CUST04421,2023-09-10,39.77,Travel
CUST04421,2025-04-22,5.09,Grocery
CUST04421,2025-02-07,322.79,Electronics
CUST04421,2024-02-19,54.35,Clothing
CUST04421,2023-08-18,307.09,Electronics
CUST04421,2023-06-14,21.55,Grocery
CUST04421,2024-05-01,42.56,Clothing
CUST04421,2024-01-12,31.21,Travel
CUST04421,2025-01-01,90.22,Dining
CUST04421,2023-10-26,112.57,Dining
CUST04421,2024-01-05,20.64,Dining
CUST04421,2024-11-05,60.78,Electronics
CUST04421,2024-11-09,191.95,Travel
CUST04421,2024-03-12,82.55,Clothing
CUST04421,2024-01-07,26.33,Clothing
CUST04421,2024-02-06,32.21,Dining
CUST04421,2024-08-03,110.87,Dining
CUST04421,2025-06-27,37.53,Grocery
CUST04421,2024-05-27,179.75,Electronics
CUST04421,2023-04-24,110.6,Travel
CUST04421,2025-05-27,20.54,Electronics
CUST04421,2023-05-12,10.62,Clothing
CUST04421,2024-09-22,196.01,Electronics
CUST04421,2024-12-21,142.11,Dining
CUST04421,2025-04-12,83.73,Travel
CUST04421,2023-10-30,126.67,Grocery
CUST04421,2024-08-27,12.08,Travel
CUST04421,2023-09-06,52.25,Dining
CUST04421,2024-06-20,26.84,Travel
CUST04421,2024-01-15,67.61,Grocery
CUST04421,2023-12-13,277.64,Dining
CUST04421,2024-02-19,166.59,Grocery
CUST04421,2023-05-08,152.05,Grocery
CUST04421,2024-09-14,62.27,Grocery
CUST04421,2025-05-13,102.9,Grocery
CUST04421,2023-08-19,111.53,Clothing
CUST04421,2024-01-28,85.57,Clothing
CUST04421,2025-06-27,80.5,Grocery
CUST04421,2023-10-26,81.0,Clothing
CUST04421,2023-08-11,215.54,Travel
CUST04421,2024-02-20,72.06,Grocery
CUST04421,2025-06-25,10.52,Grocery
CUST04421,2023-12-16,38.66,Grocery
CUST04421,2023-08-05,150.62,Electronics
CUST04422,2022-05-19,241.09,Clothing
CUST04422,2025-02-21,14.51,Dining
CUST04422,2021-05-17,258.64,Clothing
CUST04422,2023-10-22,87.31,Clothing
CUST04422,2023-03-26,93.11,Grocery
CUST04422,2023-12-12,72.56,Dining
CUST04422,2023-12-21,218.37,Grocery
CUST04422,2024-11-04,42.9,Grocery
CUST04422,2024-04-01,126.61,Grocery
CUST04422,2022-03-17,40.23,Travel
CUST04422,2022-12-10,137.09,Electronics
CUST04422,2023-01-06,125.73,Grocery
CUST04422,2022-04-17,16.23,Clothing
CUST04422,2022-07-27,35.79,Dining
CUST04422,2024-12-10,13.37,Dining
CUST04422,2021-02-25,168.31,Grocery
CUST04422,2025-02-05,114.36,Travel
CUST04422,2024-06-24,16.15,Travel
CUST04422,2023-07-29,21.1,Grocery
CUST04422,2024-10-19,116.66,Dining
CUST04422,2022-06-29,133.67,Clothing
CUST04422,2020-10-20,195.56,Grocery
CUST04422,2022-12-14,260.29,Grocery
CUST04422,2023-10-23,138.14,Clothing
CUST04422,2024-06-19,233.05,Clothing
CUST04422,2023-11-16,150.56,Clothing
CUST04422,2025-07-29,258.27,Grocery
CUST04422,2021-07-31,44.5,Travel
CUST04422,2024-02-09,142.41,Dining
CUST04422,2025-03-11,83.56,Electronics
CUST04422,2022-03-24,26.65,Electronics
CUST04422,2021-02-08,16.95,Dining
CUST04422,2025-04-13,189.68,Dining
CUST04422,2023-08-18,10.92,Dining
CUST04422,2021-07-06,58.84,Electronics
CUST04422,2021-01-30,37.42,Clothing
CUST04422,2024-06-02,108.51,Grocery
CUST04422,2024-10-03,105.07,Dining
CUST04422,2024-09-18,106.48,Travel
CUST04422,2021-05-14,31.88,Clothing
CUST04422,2021-05-25,27.66,Electronics
CUST04422,2024-08-03,32.1,Electronics
CUST04422,2021-11-22,71.94,Clothing
CUST04422,2020-12-11,47.3,Electronics
CUST04422,2021-03-26,48.71,Electronics
CUST04422,2022-11-08,246.85,Grocery
CUST04422,2024-06-22,186.67,Electronics
CUST04422,2023-09-29,76.81,Electronics
CUST04422,2022-10-15,10.2,Electronics
CUST04422,2021-02-08,70.64,Clothing
CUST04422,2020-10-19,139.85,Clothing
CUST04422,2025-04-27,15.0,Clothing
CUST04422,2023-06-01,127.88,Clothing
CUST04422,2022-01-07,154.0,Grocery
CUST04422,2023-04-16,34.04,Grocery
CUST04422,2025-04-12,25.2,Dining
CUST04422,2021-05-12,48.27,Travel
CUST04422,2022-02-17,56.8,Electronics
CUST04422,2023-12-29,45.12,Dining
CUST04422,2020-12-09,57.86,Grocery
CUST04422,2024-09-11,221.38,Electronics
CUST04422,2024-10-17,222.79,Grocery
CUST04422,2021-02-11,14.49,Travel
CUST04422,2023-11-19,57.74,Travel
CUST04422,2024-12-24,20.64,Clothing
CUST04422,2024-04-07,25.89,Electronics
CUST04422,2022-09-21,126.62,Clothing
CUST04422,2021-04-13,28.19,Travel
CUST04422,2024-09-12,565.08,Clothing
CUST04422,2022-02-11,16.19,Dining
CUST04422,2023-02-15,143.32,Clothing
CUST04422,2025-01-05,30.29,Grocery
CUST04422,2024-03-10,115.27,Clothing
CUST04422,2022-01-12,104.28,Clothing
CUST04422,2024-10-20,33.68,Electronics
CUST04422,2022-12-26,75.01,Grocery
CUST04422,2025-02-10,62.32,Clothing
CUST04422,2024-07-10,199.02,Grocery
CUST04422,2021-11-27,5.81,Travel
CUST04422,2025-05-12,100.26,Dining
CUST04422,2021-08-08,9.99,Grocery
CUST04422,2023-09-09,204.96,Electronics
CUST04422,2024-08-10,35.98,Grocery
CUST04422,2022-09-12,55.96,Grocery
CUST04422,2023-02-25,39.2,Clothing
CUST04422,2022-04-16,19.97,Grocery
CUST04422,2021-09-19,30.99,Travel
CUST04422,2023-05-26,7.04,Clothing
CUST04422,2021-07-14,31.52,Grocery
CUST04422,2024-09-09,73.75,Dining
CUST04422,2021-10-20,69.45,Clothing
CUST04422,2020-10-18,27.25,Electronics
CUST04422,2024-02-23,48.79,Grocery
CUST04422,2020-10-16,96.27,Travel
CUST04422,2024-02-12,95.14,Grocery
CUST04422,2022-10-29,78.59,Electronics
CUST04423,2023-04-23,41.2,Travel
CUST04423,2024-11-04,137.56,Grocery
CUST04423,2025-06-02,73.14,Clothing
CUST04423,2025-07-28,56.26,Electronics
CUST04423,2025-07-07,10.72,Travel
CUST04423,2025-04-20,121.1,Electronics
CUST04423,2025-05-19,76.92,Travel
CUST04423,2025-02-10,132.0,Clothing
CUST04423,2023-02-08,18.89,Travel
CUST04423,2022-10-05,125.51,Electronics
CUST04423,2023-04-25,5.03,Clothing
CUST04423,2025-06-21,48.52,Travel
CUST04423,2024-03-14,38.44,Electronics
CUST04423,2025-02-18,31.16,Grocery
CUST04423,2024-05-16,157.01,Clothing
CUST04423,2023-10-10,17.91,Grocery
CUST04423,2024-04-30,128.21,Travel
CUST04423,2023-03-29,178.76,Grocery
CUST04423,2024-04-18,182.88,Clothing
CUST04423,2023-07-24,104.18,Clothing
CUST04423,2024-06-05,26.0,Dining
CUST04423,2024-09-16,190.83,Travel
CUST04423,2023-11-11,102.06,Grocery
CUST04423,2024-02-08,135.55,Grocery
CUST04423,2024-10-07,161.09,Travel
CUST04423,2025-04-14,80.39,Clothing
CUST04423,2022-10-03,147.25,Electronics
CUST04423,2024-08-21,58.54,Travel
CUST04423,2024-09-02,51.93,Clothing
CUST04423,2022-10-10,15.64,Grocery
CUST04423,2025-02-26,17.65,Dining
CUST04423,2023-04-20,19.41,Clothing
CUST04423,2023-08-23,361.41,Travel
CUST04423,2023-09-06,10.99,Dining
CUST04423,2025-03-09,5.35,Grocery
CUST04423,2023-02-23,14.22,Dining
CUST04423,2024-11-02,305.84,Grocery
CUST04423,2023-01-30,29.53,Clothing
CUST04423,2025-04-03,41.29,Dining
CUST04423,2025-05-14,16.86,Grocery
CUST04423,2024-05-26,16.51,Dining
CUST04423,2023-02-07,215.18,Clothing
CUST04423,2024-05-21,133.42,Grocery
CUST04423,2024-09-17,8.7,Grocery
CUST04423,2023-03-31,127.57,Clothing
CUST04423,2024-03-16,60.49,Clothing
CUST04423,2023-03-08,98.39,Dining
CUST04423,2022-11-03,76.45,Electronics
CUST04423,2023-08-07,45.15,Travel
CUST04423,2024-03-13,104.94,Travel
CUST04423,2022-10-25,366.92,Travel
CUST04423,2024-01-13,32.42,Electronics
CUST04423,2025-05-05,40.68,Grocery
CUST04423,2024-08-13,97.45,Travel
CUST04423,2024-03-11,7.02,Dining
CUST04423,2024-11-24,107.93,Grocery
CUST04423,2023-01-27,40.97,Grocery
CUST04423,2023-04-19,77.39,Dining
CUST04423,2023-12-15,116.7,Clothing
CUST04423,2024-11-29,363.43,Dining
CUST04423,2024-10-03,22.52,Grocery
CUST04423,2024-04-02,266.34,Electronics
CUST04423,2025-06-19,27.59,Dining
CUST04423,2022-10-02,39.43,Grocery
CUST04423,2022-10-23,126.91,Electronics
CUST04423,2025-06-30,73.2,Travel
CUST04423,2024-10-07,40.31,Clothing
CUST04423,2023-02-09,290.37,Grocery
CUST04423,2025-01-10,183.44,Dining
CUST04423,2024-10-07,62.85,Grocery
CUST04423,2023-02-15,171.87,Dining
CUST04423,2024-02-20,95.82,Dining
CUST04423,2023-10-27,171.55,Dining
CUST04423,2022-10-02,50.09,Travel
CUST04423,2024-12-19,17.37,Dining
CUST04423,2024-11-26,253.84,Grocery
CUST04423,2024-03-22,150.9,Travel
CUST04423,2022-12-07,7.26,Electronics
CUST04423,2023-04-24,77.64,Grocery
CUST04423,2025-06-18,45.69,Dining
CUST04423,2025-05-25,257.3,Electronics
CUST04423,2023-04-28,86.14,Grocery
CUST04423,2025-03-14,128.76,Dining
CUST04423,2024-12-03,63.2,Travel
CUST04423,2024-02-03,13.74,Dining
CUST04423,2025-04-21,51.03,Clothing
CUST04423,2024-03-06,44.72,Grocery
CUST04423,2024-06-27,20.11,Grocery
CUST04423,2023-07-01,42.7,Clothing
CUST04423,2024-11-28,29.52,Electronics
CUST04423,2023-07-10,57.57,Electronics
CUST04423,2024-06-13,82.25,Grocery
CUST04423,2024-07-29,46.16,Clothing
CUST04423,2023-12-09,21.42,Dining
CUST04423,2023-08-14,98.4,Grocery
CUST04423,2024-12-02,136.65,Dining
CUST04423,2023-05-30,172.94,Clothing
CUST04423,2023-03-19,64.08,Grocery
CUST04423,2024-01-11,107.63,Grocery
CUST04423,2023-01-23,39.11,Dining
CUST04423,2025-05-29,77.38,Dining
CUST04424,2025-06-03,54.16,Clothing
CUST04424,2025-05-22,112.23,Clothing
CUST04424,2023-08-17,34.7,Electronics
CUST04424,2024-04-08,117.9,Electronics
CUST04424,2022-10-18,13.14,Travel
CUST04424,2023-09-24,28.33,Electronics
CUST04424,2025-07-12,36.55,Grocery
CUST04424,2022-08-01,17.8,Dining
CUST04424,2021-08-02,197.05,Travel
CUST04424,2022-06-07,138.2,Clothing
CUST04424,2022-12-23,13.39,Grocery
CUST04424,2024-06-03,127.07,Clothing
CUST04424,2024-02-28,100.6,Electronics
CUST04424,2022-11-03,11.59,Dining
CUST04424,2022-08-05,15.54,Clothing
CUST04424,2024-09-14,82.62,Electronics
CUST04424,2024-05-16,70.47,Grocery
CUST04424,2023-05-23,32.94,Clothing
CUST04424,2023-02-07,132.98,Grocery
CUST04424,2022-10-16,56.52,Travel
CUST04424,2023-12-18,38.24,Grocery
CUST04424,2025-01-29,66.55,Travel
CUST04424,2022-03-15,81.65,Electronics
CUST04424,2022-05-21,54.95,Grocery
CUST04424,2022-10-18,106.76,Electronics
CUST04424,2023-02-06,136.91,Electronics
CUST04424,2023-04-09,22.76,Travel
CUST04424,2021-09-02,113.65,Clothing
CUST04424,2024-01-20,111.22,Dining
CUST04424,2023-09-01,130.72,Travel
CUST04424,2024-10-02,57.08,Electronics
CUST04424,2022-06-16,108.07,Clothing
CUST04424,2024-04-06,402.15,Grocery
CUST04424,2025-06-30,120.52,Grocery
CUST04424,2025-04-05,27.53,Travel
CUST04424,2022-04-08,53.31,Electronics
CUST04424,2022-01-07,87.09,Electronics
CUST04424,2022-07-09,55.1,Dining
CUST04424,2022-06-28,229.63,Clothing
CUST04424,2024-07-01,16.92,Grocery
CUST04424,2024-07-12,7.07,Clothing
CUST04424,2024-02-01,28.05,Electronics
CUST04424,2024-07-29,79.8,Dining
CUST04424,2023-06-01,270.09,Electronics
CUST04424,2021-12-07,7.85,Dining
CUST04424,2024-04-08,51.75,Clothing
CUST04424,2022-06-23,55.94,Dining
CUST04424,2023-04-20,79.28,Electronics
CUST04424,2025-03-14,92.5,Dining
CUST04424,2022-03-26,91.92,Dining
CUST04424,2023-03-04,36.43,Travel
CUST04424,2022-11-09,214.97,Clothing
CUST04424,2022-10-11,83.21,Travel
CUST04424,2021-08-27,16.16,Electronics
CUST04424,2022-10-04,39.02,Dining
CUST04424,2023-03-18,6.53,Travel
CUST04424,2023-01-16,14.44,Electronics
CUST04424,2023-03-15,113.64,Electronics
CUST04424,2024-12-15,38.43,Clothing
CUST04424,2022-12-07,503.28,Electronics
CUST04424,2024-09-05,48.83,Electronics
CUST04424,2023-02-16,7.38,Clothing
CUST04424,2023-09-11,70.63,Dining
CUST04424,2022-11-06,15.57,Grocery
CUST04424,2023-02-21,11.51,Clothing
CUST04424,2021-10-04,49.69,Travel
CUST04424,2022-07-16,39.32,Clothing
CUST04424,2023-12-14,30.73,Travel
CUST04424,2023-01-20,11.26,Dining
CUST04424,2025-04-07,15.71,Travel
CUST04424,2022-11-26,13.16,Electronics
CUST04424,2021-08-03,217.4,Travel
CUST04424,2022-06-23,123.38,Grocery
CUST04424,2022-01-28,23.53,Clothing
CUST04424,2022-05-24,161.82,Travel
CUST04424,2023-03-18,21.63,Clothing
CUST04424,2022-12-15,58.04,Travel
CUST04424,2024-10-16,23.62,Clothing
CUST04424,2022-02-01,90.47,Clothing
CUST04424,2021-12-15,11.83,Electronics
CUST04424,2022-03-13,228.68,Clothing
CUST04424,2025-03-11,94.61,Travel
CUST04424,2025-07-08,106.24,Dining
CUST04424,2024-12-26,168.51,Clothing
CUST04424,2023-04-08,7.56,Clothing
CUST04425,2025-07-27,16.41,Clothing
CUST04425,2025-07-07,105.96,Travel
CUST04425,2025-06-08,342.94,Dining
CUST04425,2025-07-18,13.62,Electronics
CUST04425,2025-07-28,376.48,Grocery
CUST04425,2025-06-26,10.25,Dining
CUST04425,2025-06-16,115.51,Clothing
CUST04425,2025-07-13,57.17,Grocery
CUST04425,2025-07-02,19.45,Travel
CUST04425,2025-06-14,56.58,Clothing
CUST04425,2025-07-15,59.94,Dining
CUST04425,2025-06-23,73.4,Electronics
CUST04425,2025-07-03,236.29,Electronics
CUST04425,2025-07-07,102.03,Electronics
CUST04425,2025-06-26,17.03,Grocery
CUST04425,2025-07-06,11.26,Grocery
CUST04425,2025-06-14,246.9,Dining
CUST04425,2025-07-12,141.03,Dining
CUST04425,2025-07-22,147.76,Travel
CUST04425,2025-07-09,51.48,Clothing
CUST04425,2025-06-29,144.41,Travel
CUST04425,2025-06-29,51.48,Grocery
CUST04425,2025-06-20,215.68,Electronics
CUST04425,2025-07-31,47.22,Travel
CUST04425,2025-06-15,24.88,Clothing
CUST04425,2025-07-26,106.77,Grocery
CUST04425,2025-06-11,10.57,Electronics
CUST04425,2025-07-31,101.08,Travel
CUST04425,2025-06-14,98.22,Travel
CUST04425,2025-07-29,176.99,Grocery
CUST04425,2025-07-02,125.51,Grocery
CUST04425,2025-06-14,172.94,Travel
CUST04425,2025-07-17,155.27,Clothing
CUST04425,2025-07-08,5.21,Travel
CUST04425,2025-07-23,173.57,Dining
CUST04425,2025-06-28,75.73,Electronics
CUST04425,2025-06-25,64.32,Electronics
CUST04425,2025-06-22,161.41,Dining
CUST04425,2025-07-21,325.26,Grocery
CUST04425,2025-06-16,12.41,Dining
CUST04425,2025-07-17,67.97,Travel
CUST04425,2025-07-11,18.62,Electronics
CUST04425,2025-07-12,33.69,Dining
CUST04425,2025-07-17,34.52,Dining
CUST04425,2025-07-05,62.06,Travel
CUST04425,2025-08-01,86.25,Clothing
CUST04425,2025-07-24,182.24,Dining
CUST04425,2025-06-24,25.3,Electronics
CUST04425,2025-06-10,32.05,Grocery
CUST04425,2025-06-09,13.25,Travel
CUST04425,2025-07-26,89.24,Grocery
CUST04425,2025-07-17,108.89,Clothing
CUST04425,2025-07-13,256.37,Grocery
CUST04425,2025-07-22,34.55,Dining
CUST04425,2025-06-25,164.41,Clothing
CUST04425,2025-07-25,184.47,Electronics
CUST04425,2025-07-07,20.59,Grocery
CUST04425,2025-07-26,59.94,Dining
CUST04425,2025-07-11,13.93,Grocery
CUST04425,2025-07-08,7.31,Electronics
CUST04425,2025-07-10,118.83,Travel
CUST04425,2025-07-05,140.06,Electronics
CUST04425,2025-06-09,111.87,Grocery
CUST04425,2025-07-29,122.85,Clothing
CUST04425,2025-06-29,48.03,Dining
CUST04425,2025-06-16,13.89,Grocery
CUST04425,2025-06-26,73.99,Grocery
CUST04425,2025-07-27,175.09,Electronics
CUST04425,2025-07-11,27.12,Clothing
CUST04425,2025-07-24,103.58,Dining
CUST04425,2025-06-11,31.91,Clothing
CUST04425,2025-06-26,151.58,Travel
CUST04425,2025-07-28,7.74,Grocery
CUST04425,2025-07-18,130.75,Electronics
CUST04425,2025-07-20,27.92,Clothing
CUST04425,2025-06-28,207.36,Grocery
CUST04425,2025-07-24,136.59,Travel
CUST04425,2025-07-08,458.9,Dining
CUST04425,2025-06-22,55.66,Grocery
CUST04425,2025-07-03,91.3,Clothing
CUST04425,2025-06-22,26.27,Electronics
CUST04425,2025-06-09,102.51,Clothing
CUST04425,2025-07-08,156.54,Travel
CUST04425,2025-07-13,108.2,Dining
CUST04425,2025-07-30,53.51,Dining
CUST04425,2025-06-09,132.49,Electronics
CUST04425,2025-06-08,15.91,Travel
CUST04425,2025-07-18,29.76,Electronics
CUST04425,2025-07-07,31.11,Grocery
CUST04425,2025-06-14,19.72,Dining
CUST04425,2025-06-16,39.63,Grocery
CUST04425,2025-07-03,14.33,Grocery
CUST04425,2025-07-25,53.1,Travel
CUST04425,2025-07-05,228.99,Grocery
CUST04425,2025-06-09,130.79,Electronics
CUST04425,2025-06-08,9.65,Grocery
CUST04425,2025-07-25,5.98,Grocery
CUST04425,2025-06-14,7.59,Grocery
CUST04425,2025-07-06,139.72,Electronics
CUST04425,2025-07-13,57.37,Travel
CUST04425,2025-07-09,45.47,Grocery
CUST04425,2025-06-30,178.73,Electronics
CUST04425,2025-07-13,17.56,Grocery
CUST04425,2025-07-03,19.7,Grocery
CUST04425,2025-06-09,48.09,Grocery
CUST04425,2025-07-24,180.33,Dining
CUST04425,2025-07-08,7.42,Grocery
CUST04425,2025-07-10,164.05,Dining
CUST04425,2025-06-20,51.44,Dining
CUST04425,2025-07-12,117.37,Dining
CUST04425,2025-07-02,118.63,Travel
CUST04425,2025-07-26,50.15,Dining
CUST04425,2025-06-29,102.72,Electronics
CUST04426,2025-05-05,96.68,Clothing
CUST04426,2025-04-02,79.51,Clothing
CUST04426,2025-04-19,6.27,Dining
CUST04426,2025-04-26,7.96,Dining
CUST04426,2025-04-10,239.77,Electronics
CUST04426,2025-06-12,32.94,Clothing
CUST04426,2025-07-11,85.98,Grocery
CUST04426,2025-04-18,187.96,Grocery
CUST04426,2025-05-28,71.58,Dining
CUST04426,2025-07-21,378.09,Clothing
CUST04426,2025-07-27,40.69,Dining
CUST04426,2025-07-27,51.12,Clothing
CUST04426,2025-07-18,29.35,Electronics
CUST04426,2025-06-03,157.6,Grocery
CUST04426,2025-06-05,28.27,Grocery
CUST04426,2025-06-03,100.52,Travel
CUST04426,2025-07-10,122.8,Clothing
CUST04426,2025-04-15,168.14,Travel
CUST04426,2025-06-19,12.4,Clothing
CUST04426,2025-07-11,62.16,Travel
CUST04426,2025-07-28,214.34,Travel
CUST04426,2025-06-03,39.83,Electronics
CUST04426,2025-06-08,22.97,Electronics
CUST04426,2025-07-21,287.85,Clothing
CUST04426,2025-04-12,100.64,Travel
CUST04426,2025-04-03,91.86,Clothing
CUST04426,2025-05-23,70.67,Clothing
CUST04426,2025-04-26,83.17,Grocery
CUST04426,2025-07-13,160.74,Dining
CUST04426,2025-06-15,53.24,Dining
CUST04426,2025-05-26,45.66,Grocery
CUST04426,2025-04-22,61.42,Travel
CUST04426,2025-04-14,18.35,Travel
CUST04426,2025-05-03,252.82,Travel
CUST04426,2025-06-24,202.6,Dining
CUST04426,2025-04-26,50.21,Electronics
CUST04426,2025-07-05,108.88,Grocery
CUST04426,2025-06-17,83.85,Clothing
CUST04426,2025-06-26,175.13,Electronics
CUST04426,2025-04-04,139.0,Clothing
CUST04426,2025-06-18,52.08,Dining
CUST04426,2025-06-08,11.37,Electronics
CUST04426,2025-04-12,124.44,Grocery
CUST04426,2025-04-11,112.32,Grocery
CUST04426,2025-06-12,14.15,Grocery
CUST04426,2025-04-09,126.53,Grocery
CUST04426,2025-05-25,132.42,Grocery
CUST04426,2025-07-07,61.87,Grocery
CUST04426,2025-05-04,36.42,Grocery
CUST04426,2025-04-30,183.27,Grocery
CUST04426,2025-06-11,126.11,Electronics
CUST04426,2025-04-13,70.86,Dining
CUST04426,2025-06-11,27.0,Dining
CUST04426,2025-07-02,111.89,Travel
CUST04426,2025-06-09,7.15,Dining
CUST04426,2025-05-18,74.43,Clothing
CUST04426,2025-05-22,48.07,Travel
CUST04426,2025-06-19,30.23,Grocery
CUST04426,2025-05-31,198.6,Travel
CUST04426,2025-07-10,56.36,Dining
CUST04426,2025-04-24,58.68,Dining
CUST04426,2025-07-24,56.35,Clothing
CUST04426,2025-04-15,93.55,Dining
CUST04426,2025-05-18,49.5,Clothing
CUST04426,2025-05-19,103.41,Grocery
CUST04426,2025-04-30,69.09,Travel
CUST04426,2025-04-26,28.37,Travel
CUST04426,2025-04-15,17.9,Clothing
CUST04426,2025-05-22,34.73,Grocery
CUST04426,2025-07-14,99.38,Travel
CUST04426,2025-05-30,116.97,Electronics
CUST04426,2025-05-05,72.03,Travel
CUST04426,2025-07-08,61.58,Dining
CUST04426,2025-07-26,52.95,Clothing
CUST04426,2025-05-05,179.37,Travel
CUST04426,2025-07-28,93.98,Clothing
CUST04426,2025-07-30,35.42,Clothing
CUST04426,2025-06-13,82.56,Travel
CUST04426,2025-05-01,237.97,Dining
CUST04426,2025-04-22,49.16,Electronics
CUST04426,2025-05-06,16.62,Dining
CUST04426,2025-05-05,16.52,Grocery
CUST04426,2025-07-25,40.3,Grocery
CUST04426,2025-04-24,74.8,Travel
CUST04426,2025-08-01,44.2,Clothing
CUST04426,2025-04-15,29.41,Travel
CUST04426,2025-07-29,22.72,Grocery
CUST04426,2025-06-09,27.41,Travel
CUST04426,2025-07-20,112.96,Travel
CUST04426,2025-06-29,169.73,Dining
CUST04426,2025-04-03,17.78,Grocery
CUST04426,2025-06-22,69.35,Grocery
CUST04426,2025-04-27,99.86,Dining
CUST04426,2025-05-27,98.65,Grocery
CUST04426,2025-04-18,14.13,Travel
CUST04426,2025-06-19,7.95,Clothing
CUST04426,2025-05-12,92.0,Travel
CUST04426,2025-04-20,428.37,Dining
CUST04426,2025-05-08,51.01,Dining
CUST04426,2025-06-15,23.25,Dining
CUST04426,2025-05-14,66.51,Travel
CUST04426,2025-05-25,87.39,Travel
CUST04426,2025-04-04,22.77,Grocery
CUST04426,2025-04-11,262.25,Dining
CUST04427,2024-04-22,60.61,Travel
CUST04427,2024-02-29,7.17,Clothing
CUST04427,2023-12-27,58.95,Grocery
CUST04427,2024-06-15,57.7,Travel
CUST04427,2024-08-26,60.79,Dining
CUST04427,2025-07-05,18.42,Grocery
CUST04427,2024-06-12,24.25,Electronics
CUST04427,2024-10-05,300.05,Clothing
CUST04427,2023-11-09,8.67,Clothing
CUST04427,2024-06-04,50.56,Clothing
CUST04427,2024-12-23,138.91,Clothing
CUST04427,2024-06-16,74.02,Electronics
CUST04427,2025-07-15,271.31,Electronics
CUST04427,2023-10-30,34.3,Dining
CUST04427,2025-07-06,99.25,Dining
CUST04427,2024-04-11,57.24,Travel
CUST04427,2025-01-07,8.96,Grocery
CUST04427,2024-08-23,21.26,Electronics
CUST04427,2024-01-04,15.45,Travel
CUST04427,2024-05-09,50.76,Electronics
CUST04427,2024-04-20,97.1,Travel
CUST04427,2024-01-28,10.75,Travel
CUST04427,2024-12-20,60.21,Clothing
CUST04427,2024-05-31,45.21,Electronics
CUST04427,2024-05-23,18.11,Dining
CUST04427,2024-10-26,77.32,Clothing
CUST04427,2024-05-28,48.41,Travel
CUST04427,2023-10-07,104.57,Travel
CUST04427,2024-07-31,83.35,Dining
CUST04427,2024-09-23,50.83,Electronics
CUST04427,2025-04-04,184.67,Electronics
CUST04427,2024-08-07,22.77,Travel
CUST04427,2023-12-03,123.11,Grocery
CUST04427,2024-07-14,70.61,Grocery
CUST04427,2025-07-03,125.03,Grocery
CUST04427,2025-06-21,9.32,Grocery
CUST04427,2024-11-14,102.48,Electronics
CUST04427,2023-10-29,41.49,Grocery
CUST04427,2025-01-23,94.54,Grocery
CUST04427,2025-01-26,146.16,Clothing
CUST04427,2025-01-22,41.01,Electronics
CUST04427,2024-11-18,241.56,Grocery
CUST04427,2024-04-15,199.22,Travel
CUST04427,2024-10-16,72.27,Electronics
CUST04427,2024-02-05,23.96,Travel
CUST04427,2025-02-05,7.83,Travel
CUST04427,2024-05-10,149.43,Clothing
CUST04427,2024-01-17,200.54,Travel
CUST04427,2024-06-28,75.93,Grocery
CUST04427,2024-07-25,26.58,Dining
CUST04427,2024-02-02,101.64,Electronics
CUST04427,2024-10-08,15.87,Electronics
CUST04427,2024-10-19,116.5,Grocery
CUST04427,2023-11-10,12.24,Travel
CUST04427,2024-12-20,27.31,Dining
CUST04427,2024-06-04,31.51,Travel
CUST04427,2024-08-16,108.88,Clothing
CUST04427,2024-01-11,84.36,Travel
CUST04427,2023-10-26,37.78,Grocery
CUST04427,2024-08-10,60.44,Clothing
CUST04427,2025-07-05,18.26,Travel
CUST04427,2025-05-25,135.06,Clothing
CUST04427,2024-09-27,73.85,Travel
CUST04427,2024-09-23,74.5,Travel
CUST04427,2024-03-30,39.7,Dining
CUST04427,2024-07-06,14.08,Electronics
CUST04427,2023-11-30,80.72,Travel
CUST04427,2023-10-31,91.56,Clothing
CUST04427,2025-01-02,20.69,Clothing
CUST04427,2025-02-15,37.87,Travel
CUST04427,2024-11-13,95.75,Electronics
CUST04427,2025-01-05,37.86,Dining
CUST04427,2024-12-26,97.31,Dining
CUST04427,2024-09-13,324.78,Clothing
CUST04427,2024-02-09,172.95,Electronics
CUST04427,2024-08-08,16.61,Travel
CUST04427,2025-07-29,44.09,Travel
CUST04427,2025-03-29,99.07,Clothing
CUST04427,2024-08-13,69.98,Clothing
CUST04427,2023-10-06,279.67,Clothing
CUST04427,2023-12-29,8.91,Dining
CUST04427,2025-06-05,154.42,Clothing
CUST04427,2024-05-31,129.49,Travel
CUST04427,2025-01-24,36.54,Travel
CUST04427,2025-07-24,137.31,Dining
CUST04427,2024-08-05,113.97,Clothing
CUST04427,2025-05-18,24.35,Clothing
CUST04427,2023-12-13,25.64,Travel
CUST04427,2024-01-11,45.74,Electronics
CUST04427,2024-03-24,152.91,Clothing
CUST04427,2025-02-26,34.54,Electronics
CUST04427,2024-07-10,32.93,Grocery
CUST04427,2024-02-16,177.49,Dining
CUST04427,2025-06-07,140.72,Clothing
CUST04427,2025-06-14,29.83,Dining
CUST04427,2024-04-11,38.97,Clothing
CUST04427,2024-05-23,199.81,Travel
CUST04427,2025-07-03,44.5,Electronics
CUST04427,2024-03-12,103.21,Electronics
CUST04427,2023-10-18,23.05,Clothing
CUST04427,2023-11-16,79.24,Travel
CUST04428,2021-06-12,32.14,Electronics
CUST04428,2023-11-13,74.92,Electronics
CUST04428,2021-11-01,298.92,Dining
CUST04428,2022-12-29,15.5,Clothing
CUST04428,2021-06-16,376.69,Dining
CUST04428,2021-11-28,257.59,Clothing
CUST04428,2021-04-24,43.48,Grocery
CUST04428,2023-07-04,86.73,Clothing
CUST04428,2022-01-12,12.0,Grocery
CUST04428,2024-12-10,16.28,Travel
CUST04428,2023-12-09,11.73,Dining
CUST04428,2024-08-19,56.88,Clothing
CUST04428,2022-12-07,29.33,Clothing
CUST04428,2022-04-12,28.74,Clothing
CUST04428,2024-11-12,75.11,Clothing
CUST04428,2022-05-10,7.88,Dining
CUST04428,2021-07-13,259.42,Clothing
CUST04428,2021-09-24,100.55,Clothing
CUST04428,2023-03-05,60.13,Dining
CUST04428,2023-12-19,207.84,Dining
CUST04428,2022-06-19,66.59,Electronics
CUST04428,2024-06-14,297.68,Clothing
CUST04428,2022-06-24,32.61,Travel
CUST04428,2023-07-20,33.12,Electronics
CUST04428,2023-06-22,29.92,Electronics
CUST04428,2025-04-25,82.87,Electronics
CUST04428,2025-02-22,69.78,Dining
CUST04428,2023-01-10,89.11,Dining
CUST04428,2021-11-10,100.67,Dining
CUST04428,2023-06-24,64.36,Electronics
CUST04428,2024-01-04,39.46,Dining
CUST04428,2025-05-01,52.5,Dining
CUST04428,2023-01-05,356.27,Dining
CUST04428,2023-07-13,29.88,Travel
CUST04428,2021-11-15,8.4,Clothing
CUST04428,2022-03-06,8.08,Travel
CUST04428,2023-09-25,141.06,Clothing
CUST04428,2023-01-16,93.76,Travel
CUST04428,2023-09-20,228.59,Travel
CUST04428,2023-12-22,38.57,Clothing
CUST04428,2023-05-27,344.37,Dining
CUST04428,2021-07-19,38.34,Grocery
CUST04428,2022-07-11,64.29,Clothing
CUST04428,2025-01-02,30.21,Electronics
CUST04428,2024-09-15,92.63,Clothing
CUST04428,2023-11-09,83.09,Clothing
CUST04428,2021-10-25,130.07,Travel
CUST04428,2022-09-15,109.16,Travel
CUST04428,2021-10-30,13.07,Clothing
CUST04428,2022-03-24,81.89,Dining
CUST04428,2025-03-29,25.96,Grocery
CUST04428,2023-11-13,229.13,Clothing
CUST04428,2023-09-11,89.21,Dining
CUST04428,2024-09-18,224.05,Dining
CUST04428,2022-02-18,62.17,Electronics
CUST04428,2024-09-02,42.47,Grocery
CUST04428,2024-04-18,30.78,Electronics
CUST04428,2022-04-03,51.53,Travel
CUST04428,2022-08-03,5.21,Dining
CUST04428,2024-06-11,224.94,Clothing
CUST04428,2025-06-06,15.33,Electronics
CUST04428,2021-10-20,124.73,Grocery
CUST04428,2023-10-12,21.72,Electronics
CUST04428,2024-10-13,115.03,Travel
CUST04428,2021-10-31,334.63,Grocery
CUST04428,2025-05-27,46.21,Dining
CUST04428,2025-04-10,12.75,Grocery
CUST04428,2023-12-08,231.85,Electronics
CUST04428,2025-06-27,51.68,Dining
CUST04428,2024-07-30,9.16,Grocery
CUST04428,2025-02-26,96.98,Clothing
CUST04428,2024-02-07,25.5,Grocery
CUST04428,2025-04-06,122.41,Travel
CUST04428,2024-11-17,67.85,Clothing
CUST04428,2021-06-10,24.86,Electronics
CUST04428,2022-07-18,125.26,Clothing
CUST04428,2022-05-16,7.72,Dining
CUST04428,2025-04-23,65.06,Grocery
CUST04428,2024-06-28,22.52,Electronics
CUST04428,2025-03-21,54.18,Dining
CUST04428,2022-08-25,103.17,Travel
CUST04428,2022-05-18,142.29,Travel
CUST04428,2024-05-13,96.28,Dining
CUST04428,2021-06-19,28.52,Clothing
CUST04428,2022-07-03,30.67,Dining
CUST04428,2021-05-23,309.53,Clothing
CUST04428,2025-05-04,55.44,Grocery
CUST04428,2025-07-19,21.82,Electronics
CUST04428,2023-09-25,108.66,Clothing
CUST04428,2022-03-29,30.76,Clothing
CUST04428,2025-06-23,117.01,Dining
CUST04428,2022-07-08,52.9,Grocery
CUST04429,2023-04-29,286.34,Dining
CUST04429,2024-06-13,256.3,Travel
CUST04429,2023-01-25,42.82,Electronics
CUST04429,2024-03-03,154.84,Clothing
CUST04429,2024-01-16,75.84,Clothing
CUST04429,2023-04-24,126.78,Electronics
CUST04429,2024-09-02,15.77,Grocery
CUST04429,2023-04-20,9.61,Travel
CUST04429,2024-12-13,16.67,Clothing
CUST04429,2023-06-27,19.08,Clothing
CUST04429,2023-07-20,29.85,Clothing
CUST04429,2022-11-03,37.4,Clothing
CUST04429,2023-06-06,69.87,Dining
CUST04429,2025-06-26,35.8,Grocery
CUST04429,2023-01-28,197.98,Clothing
CUST04429,2023-06-15,36.63,Dining
CUST04429,2022-10-15,78.48,Grocery
CUST04429,2023-07-22,202.39,Dining
CUST04429,2025-01-07,140.14,Clothing
CUST04429,2023-12-02,196.9,Dining
CUST04429,2022-12-15,13.3,Electronics
CUST04429,2025-07-23,54.09,Travel
CUST04429,2024-09-19,147.74,Electronics
CUST04429,2022-09-20,172.05,Electronics
CUST04429,2023-05-23,190.71,Grocery
CUST04429,2024-06-14,111.07,Clothing
CUST04429,2024-05-10,97.79,Clothing
CUST04429,2023-07-25,218.6,Dining
CUST04429,2024-06-11,153.72,Electronics
CUST04429,2025-03-28,58.49,Dining
CUST04429,2023-08-03,13.43,Travel
CUST04429,2025-06-26,152.21,Clothing
CUST04429,2023-12-16,38.66,Clothing
CUST04429,2024-05-16,9.49,Travel
CUST04429,2023-03-13,91.0,Dining
CUST04429,2025-05-06,283.49,Travel
CUST04429,2025-05-26,104.58,Clothing
CUST04429,2024-11-28,109.58,Grocery
CUST04429,2024-09-15,46.53,Electronics
CUST04429,2025-02-24,81.29,Clothing
CUST04429,2023-02-04,39.69,Clothing
CUST04429,2023-02-23,33.01,Grocery
CUST04429,2024-12-14,200.98,Grocery
CUST04429,2023-06-20,135.76,Travel
CUST04429,2023-10-20,186.12,Grocery
CUST04429,2024-08-07,53.37,Dining
CUST04429,2023-04-17,50.4,Clothing
CUST04429,2022-11-12,5.65,Travel
CUST04429,2024-12-10,13.95,Clothing
CUST04429,2023-10-11,324.26,Dining
CUST04429,2023-11-21,17.28,Electronics
CUST04429,2025-07-08,155.02,Grocery
CUST04429,2024-06-26,71.38,Electronics
CUST04429,2024-08-31,43.67,Grocery
CUST04429,2025-03-03,75.08,Dining
CUST04429,2024-03-08,32.89,Travel
CUST04429,2022-09-24,54.24,Electronics
CUST04429,2022-10-04,386.57,Clothing
CUST04429,2024-04-19,7.96,Grocery
CUST04429,2025-04-28,10.85,Dining
CUST04429,2024-08-07,40.14,Dining
CUST04429,2024-08-16,59.01,Clothing
CUST04429,2023-06-14,90.4,Grocery
CUST04429,2024-08-20,60.05,Travel
CUST04429,2024-07-04,112.63,Electronics
CUST04429,2025-07-10,40.4,Clothing
CUST04429,2024-08-09,27.8,Electronics
CUST04429,2023-05-05,15.45,Clothing
CUST04429,2022-10-13,193.38,Electronics
CUST04429,2024-10-12,12.4,Dining
CUST04429,2024-08-19,32.52,Travel
CUST04429,2024-08-01,30.51,Clothing
CUST04429,2024-12-27,132.14,Travel
CUST04429,2023-10-30,35.63,Travel
CUST04429,2023-07-14,60.87,Clothing
CUST04429,2023-12-07,71.46,Grocery
CUST04429,2023-07-08,31.97,Clothing
CUST04429,2024-06-08,126.47,Travel
CUST04429,2024-07-05,56.24,Grocery
CUST04429,2025-02-18,88.46,Travel
CUST04429,2024-03-11,115.23,Clothing
CUST04429,2025-04-21,31.99,Grocery
CUST04429,2023-07-10,78.6,Grocery
CUST04429,2024-03-13,82.63,Dining
CUST04429,2023-11-06,21.3,Travel
CUST04429,2025-07-31,65.7,Clothing
CUST04429,2023-06-17,266.53,Dining
CUST04429,2022-10-22,153.09,Grocery
CUST04429,2025-04-17,46.37,Clothing
CUST04429,2023-05-22,9.68,Grocery
CUST04429,2024-01-20,395.89,Dining
CUST04429,2023-01-22,63.37,Clothing
CUST04429,2025-03-16,28.47,Grocery
CUST04429,2024-03-14,12.59,Dining
CUST04429,2023-01-10,51.1,Clothing
CUST04429,2025-05-09,25.99,Electronics
CUST04429,2025-03-12,163.95,Electronics
CUST04429,2023-11-25,115.91,Dining
CUST04429,2023-08-19,32.26,Dining
CUST04429,2023-09-10,41.44,Travel
CUST04429,2024-09-14,103.91,Travel
CUST04429,2023-04-18,51.96,Grocery
CUST04429,2025-06-23,79.9,Clothing
CUST04429,2025-07-11,27.42,Clothing
CUST04429,2025-06-16,48.71,Electronics
CUST04429,2023-05-19,89.95,Grocery
CUST04429,2024-03-13,5.16,Clothing
CUST04429,2024-03-23,6.8,Electronics
CUST04430,2025-05-08,88.59,Clothing
CUST04430,2024-09-18,195.39,Dining
CUST04430,2025-03-12,5.7,Grocery
CUST04430,2025-04-30,164.15,Travel
CUST04430,2024-09-05,273.35,Dining
CUST04430,2025-06-27,134.31,Electronics
CUST04430,2025-07-17,174.51,Electronics
CUST04430,2025-04-13,32.91,Electronics
CUST04430,2024-06-06,171.53,Clothing
CUST04430,2025-02-24,17.94,Dining
CUST04430,2025-05-26,110.96,Travel
CUST04430,2024-07-17,42.92,Dining
CUST04430,2025-01-28,149.24,Electronics
CUST04430,2024-11-10,33.83,Electronics
CUST04430,2024-09-29,33.08,Electronics
CUST04430,2025-02-12,19.57,Clothing
CUST04430,2024-06-10,21.64,Dining
CUST04430,2024-09-04,36.64,Dining
CUST04430,2024-09-17,20.35,Electronics
CUST04430,2025-04-19,40.61,Dining
CUST04430,2024-10-21,85.15,Dining
CUST04430,2025-02-24,15.43,Electronics
CUST04430,2024-11-10,146.5,Electronics
CUST04430,2025-03-16,72.64,Travel
CUST04430,2024-12-14,43.22,Travel
CUST04430,2025-03-23,31.68,Travel
CUST04430,2024-08-15,86.81,Clothing
CUST04430,2025-07-18,53.94,Travel
CUST04430,2024-11-29,74.88,Dining
CUST04430,2025-07-11,5.95,Clothing
CUST04430,2024-04-07,5.35,Dining
CUST04430,2025-06-12,37.53,Travel
CUST04430,2024-10-09,34.04,Electronics
CUST04430,2025-07-29,29.23,Dining
CUST04430,2025-04-05,40.05,Travel
CUST04430,2024-06-14,7.15,Clothing
CUST04430,2025-07-14,10.93,Dining
CUST04430,2025-01-15,48.17,Travel
CUST04430,2025-06-06,17.76,Clothing
CUST04430,2024-06-01,153.34,Grocery
CUST04430,2024-04-25,52.04,Dining
CUST04430,2025-03-17,229.84,Grocery
CUST04430,2025-05-25,75.62,Electronics
CUST04430,2024-05-13,216.16,Electronics
CUST04430,2024-10-06,117.55,Clothing
CUST04430,2024-06-27,42.31,Dining
CUST04430,2024-04-25,44.95,Electronics
CUST04430,2025-07-14,73.28,Travel
CUST04430,2025-04-16,84.9,Grocery
CUST04430,2025-02-05,363.52,Dining
CUST04430,2024-03-21,290.7,Electronics
CUST04430,2025-01-12,130.97,Electronics
CUST04430,2024-12-23,38.91,Clothing
CUST04430,2024-04-02,39.22,Clothing
CUST04430,2024-04-20,147.94,Electronics
CUST04430,2025-07-18,170.51,Electronics
CUST04430,2024-09-14,153.31,Grocery
CUST04430,2024-07-21,57.72,Travel
CUST04430,2025-02-12,46.36,Clothing
CUST04430,2025-04-08,62.86,Dining
CUST04430,2024-10-10,35.91,Clothing
CUST04430,2025-06-08,28.49,Travel
CUST04430,2025-03-01,100.33,Clothing
CUST04430,2024-10-09,204.75,Travel
CUST04430,2025-06-26,134.6,Electronics
CUST04430,2024-04-24,163.06,Grocery
CUST04430,2025-05-18,229.01,Electronics
CUST04430,2024-04-20,71.73,Grocery
CUST04430,2025-05-04,122.46,Clothing
CUST04430,2025-05-19,75.13,Travel
CUST04430,2025-04-12,53.88,Electronics
CUST04430,2024-05-09,27.63,Clothing
CUST04430,2025-04-21,82.81,Grocery
CUST04430,2025-03-03,139.08,Electronics
CUST04430,2024-05-17,24.79,Electronics
CUST04430,2025-02-18,99.98,Clothing
CUST04430,2024-05-07,241.8,Dining
CUST04430,2024-07-14,16.87,Clothing
CUST04430,2024-05-07,117.12,Electronics
CUST04430,2024-03-27,109.83,Clothing
CUST04430,2025-04-30,39.16,Clothing
CUST04430,2025-05-10,35.56,Dining
CUST04430,2025-04-06,24.97,Travel
CUST04430,2024-07-21,56.34,Grocery
CUST04430,2025-05-05,43.98,Travel
CUST04430,2024-06-30,60.67,Travel
CUST04430,2024-10-12,35.0,Grocery
CUST04430,2024-05-19,31.48,Travel
CUST04430,2024-11-03,71.25,Dining
CUST04430,2025-05-26,105.09,Clothing
CUST04430,2025-07-28,85.49,Travel
CUST04430,2024-07-23,33.86,Dining
CUST04430,2025-07-05,30.05,Clothing
CUST04430,2024-07-18,109.14,Travel
CUST04430,2024-04-10,6.65,Dining
CUST04430,2024-09-01,83.07,Grocery
CUST04430,2024-08-09,15.06,Travel
CUST04430,2024-09-11,20.49,Grocery
CUST04431,2025-01-07,33.26,Dining
CUST04431,2023-06-27,15.38,Travel
CUST04431,2024-10-08,40.7,Grocery
CUST04431,2025-03-21,50.52,Travel
CUST04431,2024-03-26,72.65,Electronics
CUST04431,2024-04-29,29.2,Dining
CUST04431,2024-06-16,35.45,Travel
CUST04431,2023-06-26,89.99,Dining
CUST04431,2023-06-02,35.52,Travel
CUST04431,2025-07-05,39.05,Dining
CUST04431,2024-02-04,63.85,Grocery
CUST04431,2023-06-13,38.8,Clothing
CUST04431,2024-04-27,76.12,Dining
CUST04431,2024-05-07,27.36,Dining
CUST04431,2025-03-07,36.94,Electronics
CUST04431,2024-05-25,56.06,Grocery
CUST04431,2023-12-29,46.42,Grocery
CUST04431,2024-02-18,13.18,Travel
CUST04431,2023-11-20,12.04,Dining
CUST04431,2025-02-13,64.17,Clothing
CUST04431,2024-08-12,287.73,Clothing
CUST04431,2025-02-07,156.62,Travel
CUST04431,2024-02-23,175.42,Travel
CUST04431,2024-02-03,8.62,Travel
CUST04431,2024-08-08,187.21,Electronics
CUST04431,2025-03-15,33.01,Dining
CUST04431,2025-04-24,34.18,Electronics
CUST04431,2024-07-23,28.12,Clothing
CUST04431,2024-10-20,57.45,Electronics
CUST04431,2023-08-10,134.06,Electronics
CUST04431,2024-07-03,12.88,Clothing
CUST04431,2025-02-21,133.6,Clothing
CUST04431,2023-06-27,9.64,Clothing
CUST04431,2023-06-16,20.46,Grocery
CUST04431,2024-07-19,6.64,Electronics
CUST04431,2024-01-06,136.87,Clothing
CUST04431,2025-04-03,50.8,Dining
CUST04431,2024-11-15,10.63,Grocery
CUST04431,2023-07-04,33.2,Travel
CUST04431,2024-10-07,110.28,Electronics
CUST04431,2025-07-03,6.6,Grocery
CUST04431,2023-08-16,185.1,Travel
CUST04431,2023-07-20,85.91,Grocery
CUST04431,2025-03-22,56.47,Clothing
CUST04431,2024-04-17,79.5,Electronics
CUST04431,2025-07-13,210.02,Clothing
CUST04431,2023-05-21,14.85,Dining
CUST04431,2023-08-18,212.08,Grocery
CUST04431,2025-05-09,13.8,Travel
CUST04431,2024-06-25,33.82,Clothing
CUST04431,2023-07-10,64.55,Grocery
CUST04431,2024-10-12,271.8,Clothing
CUST04431,2025-04-02,113.3,Travel
CUST04431,2024-09-01,31.39,Electronics
CUST04431,2023-10-21,51.92,Travel
CUST04431,2024-02-28,29.35,Clothing
CUST04431,2023-07-16,39.86,Dining
CUST04431,2025-06-04,164.37,Clothing
CUST04431,2024-10-20,70.29,Dining
CUST04431,2024-05-31,14.52,Electronics
CUST04431,2023-08-01,130.51,Travel
CUST04431,2023-12-04,199.64,Grocery
CUST04431,2025-03-31,8.09,Grocery
CUST04431,2024-11-16,47.6,Grocery
CUST04431,2023-12-01,45.8,Clothing
CUST04431,2023-04-20,329.43,Electronics
CUST04431,2024-07-18,19.01,Clothing
CUST04431,2025-05-20,109.44,Clothing
CUST04431,2025-03-30,107.28,Clothing
CUST04431,2025-04-11,17.15,Dining
CUST04431,2025-02-07,34.25,Travel
CUST04431,2023-08-12,10.99,Dining
CUST04431,2024-05-08,5.21,Grocery
CUST04431,2024-03-23,229.7,Grocery
CUST04431,2024-03-01,8.03,Dining
CUST04431,2023-10-22,207.95,Clothing
CUST04431,2024-04-15,26.06,Electronics
CUST04431,2024-06-26,45.99,Travel
CUST04431,2024-08-31,213.07,Grocery
CUST04431,2023-07-22,84.97,Dining
CUST04431,2025-02-11,112.48,Grocery
CUST04431,2024-02-04,58.3,Clothing
CUST04431,2023-06-08,16.4,Dining
CUST04431,2024-02-14,7.66,Electronics
CUST04431,2025-02-07,59.92,Dining
CUST04431,2023-11-14,23.94,Travel
CUST04431,2024-12-02,8.97,Clothing
CUST04431,2023-05-24,99.03,Clothing
CUST04431,2024-07-17,64.48,Travel
CUST04431,2023-05-14,30.48,Electronics
CUST04431,2023-12-09,77.72,Dining
CUST04431,2023-10-26,67.98,Clothing
CUST04431,2025-04-23,73.16,Dining
CUST04431,2025-03-10,184.35,Clothing
CUST04431,2023-08-21,8.4,Travel
CUST04431,2023-09-30,488.38,Dining
CUST04431,2025-03-11,14.76,Grocery
CUST04431,2023-05-03,42.26,Travel
CUST04431,2025-04-24,169.06,Travel
CUST04431,2023-10-07,91.96,Travel
CUST04431,2024-11-28,31.38,Clothing
CUST04431,2024-03-18,18.47,Clothing
CUST04431,2025-07-23,8.83,Dining
CUST04431,2023-05-10,5.51,Travel
CUST04431,2024-06-27,184.58,Dining
CUST04431,2024-07-24,11.43,Travel
CUST04431,2023-06-30,134.17,Clothing
CUST04431,2023-11-11,12.89,Grocery
CUST04432,2023-11-12,40.32,Clothing
CUST04432,2024-06-16,90.05,Dining
CUST04432,2024-06-08,228.2,Grocery
CUST04432,2024-08-17,212.94,Travel
CUST04432,2025-02-10,90.31,Grocery
CUST04432,2023-08-30,191.0,Clothing
CUST04432,2023-05-20,95.07,Dining
CUST04432,2023-07-15,208.14,Travel
CUST04432,2023-10-27,120.07,Grocery
CUST04432,2024-11-13,217.12,Grocery
CUST04432,2023-04-02,186.83,Dining
CUST04432,2023-05-26,106.63,Electronics
CUST04432,2024-02-08,62.82,Dining
CUST04432,2023-02-10,37.23,Electronics
CUST04432,2024-03-16,89.73,Dining
CUST04432,2024-11-17,15.03,Travel
CUST04432,2023-09-13,16.55,Electronics
CUST04432,2023-07-28,90.88,Dining
CUST04432,2024-11-26,23.89,Grocery
CUST04432,2023-04-26,28.78,Grocery
CUST04432,2023-01-11,15.54,Dining
CUST04432,2023-12-02,5.06,Grocery
CUST04432,2024-08-30,48.3,Dining
CUST04432,2025-03-01,194.9,Grocery
CUST04432,2024-07-17,53.05,Travel
CUST04432,2023-03-31,121.47,Grocery
CUST04432,2025-01-11,98.76,Electronics
CUST04432,2023-04-30,22.08,Dining
CUST04432,2024-08-22,16.57,Clothing
CUST04432,2023-12-24,74.48,Electronics
CUST04432,2024-10-27,26.59,Clothing
CUST04432,2023-06-24,29.51,Dining
CUST04432,2023-10-27,162.44,Grocery
CUST04432,2025-05-07,132.4,Travel
CUST04432,2024-01-01,39.91,Travel
CUST04432,2022-10-28,38.93,Dining
CUST04432,2025-02-06,178.3,Clothing
CUST04432,2024-03-30,72.25,Grocery
CUST04432,2023-01-14,242.25,Electronics
CUST04432,2024-02-15,67.78,Grocery
CUST04432,2025-06-04,18.93,Electronics
CUST04432,2025-06-27,79.53,Travel
CUST04432,2025-03-22,6.37,Clothing
CUST04432,2024-03-04,39.03,Electronics
CUST04432,2025-06-20,228.76,Dining
CUST04432,2025-03-31,28.01,Grocery
CUST04432,2023-07-08,36.61,Travel
CUST04432,2025-06-24,162.18,Travel
CUST04432,2023-07-20,151.43,Dining
CUST04432,2023-02-07,108.86,Clothing
CUST04432,2025-05-22,105.88,Grocery
CUST04432,2023-07-03,133.63,Dining
CUST04432,2022-10-26,52.11,Clothing
CUST04432,2023-04-24,150.33,Grocery
CUST04432,2023-05-31,237.38,Electronics
CUST04432,2023-11-15,95.01,Travel
CUST04432,2023-11-24,17.93,Dining
CUST04432,2024-06-27,14.24,Grocery
CUST04432,2023-09-06,20.25,Clothing
CUST04432,2024-10-01,28.55,Clothing
CUST04432,2023-10-08,263.42,Travel
CUST04432,2024-05-18,42.78,Clothing
CUST04432,2025-05-17,417.34,Clothing
CUST04432,2025-01-21,39.88,Clothing
CUST04432,2023-10-15,112.65,Electronics
CUST04432,2023-10-27,328.06,Clothing
CUST04432,2025-06-02,112.15,Dining
CUST04432,2025-07-06,197.05,Electronics
CUST04432,2024-11-19,152.64,Dining
CUST04432,2024-12-16,98.11,Electronics
CUST04432,2023-06-25,317.82,Clothing
CUST04432,2025-05-11,62.38,Travel
CUST04432,2023-03-14,24.95,Dining
CUST04432,2024-03-03,94.43,Grocery
CUST04432,2023-03-25,301.07,Grocery
CUST04432,2024-07-15,123.84,Electronics
CUST04432,2023-03-21,13.49,Travel
CUST04432,2023-04-08,6.95,Grocery
CUST04432,2023-05-05,47.89,Dining
CUST04432,2025-03-02,110.3,Travel
CUST04432,2022-12-04,199.92,Dining
CUST04432,2023-09-19,64.63,Clothing
CUST04432,2024-07-30,126.83,Electronics
CUST04432,2023-01-11,26.89,Travel
CUST04432,2024-01-27,43.43,Grocery
CUST04432,2024-06-02,40.86,Grocery
CUST04432,2023-09-13,139.35,Clothing
CUST04432,2023-03-20,12.16,Dining
CUST04432,2024-01-24,127.15,Electronics
CUST04432,2025-01-28,187.43,Electronics
CUST04432,2023-09-16,52.94,Dining
CUST04432,2025-02-18,15.55,Electronics
CUST04432,2023-03-20,155.27,Dining
CUST04432,2024-11-10,150.07,Travel
CUST04432,2024-11-19,60.39,Electronics
CUST04432,2024-06-21,51.69,Dining
CUST04432,2023-09-27,132.89,Dining
CUST04432,2022-12-07,333.0,Travel
CUST04432,2022-11-23,196.34,Travel
CUST04432,2025-06-10,50.03,Dining
CUST04432,2023-05-13,18.13,Grocery
CUST04432,2025-01-21,64.35,Travel
CUST04432,2024-07-09,81.64,Grocery
CUST04432,2023-07-05,106.87,Grocery
CUST04432,2025-01-11,71.12,Dining
CUST04432,2023-09-17,129.47,Travel
CUST04432,2025-01-02,86.94,Dining
CUST04432,2024-03-18,29.03,Grocery
CUST04432,2025-03-12,73.73,Clothing
CUST04432,2023-10-24,74.63,Dining
CUST04433,2023-07-13,82.73,Electronics
CUST04433,2023-08-28,364.99,Dining
CUST04433,2021-09-23,60.93,Grocery
CUST04433,2022-05-23,139.28,Dining
CUST04433,2021-12-26,47.45,Electronics
CUST04433,2022-11-11,65.03,Clothing
CUST04433,2022-08-30,90.13,Travel
CUST04433,2025-03-27,137.39,Grocery
CUST04433,2025-01-01,5.15,Dining
CUST04433,2022-08-14,91.52,Travel
CUST04433,2022-11-15,50.89,Grocery
CUST04433,2024-02-27,36.44,Electronics
CUST04433,2021-07-23,15.61,Grocery
CUST04433,2021-09-22,90.07,Clothing
CUST04433,2023-02-22,90.67,Travel
CUST04433,2023-01-05,16.77,Grocery
CUST04433,2022-05-21,94.98,Clothing
CUST04433,2021-09-18,171.58,Electronics
CUST04433,2022-08-18,32.65,Electronics
CUST04433,2024-09-03,352.06,Dining
CUST04433,2021-09-03,20.49,Grocery
CUST04433,2022-07-30,38.57,Travel
CUST04433,2025-03-30,112.24,Electronics
CUST04433,2024-06-07,104.42,Travel
CUST04433,2024-11-09,176.36,Clothing
CUST04433,2023-02-25,46.1,Clothing
CUST04433,2021-06-02,29.89,Dining
CUST04433,2025-07-22,72.6,Travel
CUST04433,2023-05-30,132.28,Electronics
CUST04433,2022-03-08,9.08,Travel
CUST04433,2024-05-18,67.66,Travel
CUST04433,2022-07-05,49.48,Clothing
CUST04433,2025-05-30,111.99,Electronics
CUST04433,2023-06-16,113.95,Electronics
CUST04433,2022-05-26,159.95,Electronics
CUST04433,2023-01-03,38.7,Electronics
CUST04433,2024-10-01,31.34,Electronics
CUST04433,2024-06-22,40.49,Dining
CUST04433,2023-07-06,82.64,Travel
CUST04433,2023-11-29,25.42,Grocery
CUST04433,2023-11-24,8.92,Electronics
CUST04433,2023-02-10,71.3,Dining
CUST04433,2022-11-20,70.41,Grocery
CUST04433,2023-05-01,19.27,Electronics
CUST04433,2021-08-15,48.6,Dining
CUST04433,2024-03-21,37.61,Travel
CUST04433,2023-09-18,53.55,Clothing
CUST04433,2024-01-24,51.96,Electronics
CUST04433,2025-06-12,10.4,Dining
CUST04433,2021-10-30,17.65,Travel
CUST04433,2023-04-30,19.03,Clothing
CUST04433,2022-10-08,132.0,Dining
CUST04433,2024-07-17,23.77,Dining
CUST04433,2023-07-01,104.28,Grocery
CUST04433,2023-01-19,55.18,Travel
CUST04433,2023-09-26,8.82,Electronics
CUST04433,2021-11-27,25.18,Grocery
CUST04433,2022-11-19,14.26,Grocery
CUST04433,2022-08-23,128.36,Grocery
CUST04433,2022-07-18,165.26,Electronics
CUST04433,2022-02-20,174.7,Electronics
CUST04433,2023-04-03,15.22,Grocery
CUST04433,2024-05-07,59.45,Clothing
CUST04433,2024-02-28,92.65,Travel
CUST04433,2023-09-08,338.43,Clothing
CUST04433,2025-07-02,163.19,Travel
CUST04433,2021-09-03,26.32,Travel
CUST04433,2021-08-16,25.85,Electronics
CUST04433,2021-06-07,87.66,Electronics
CUST04433,2024-02-17,74.17,Travel
CUST04433,2024-04-17,42.37,Clothing
CUST04433,2024-02-04,173.48,Electronics
CUST04433,2023-11-22,175.57,Dining
CUST04433,2023-03-25,36.1,Travel
CUST04433,2022-08-02,202.65,Grocery
CUST04433,2023-05-14,43.7,Grocery
CUST04433,2022-04-27,16.18,Travel
CUST04433,2021-07-23,46.87,Travel
CUST04433,2024-08-27,88.58,Dining
CUST04433,2022-08-16,6.55,Travel
CUST04433,2022-05-23,37.02,Travel
CUST04433,2025-06-18,20.62,Grocery
CUST04433,2021-10-09,75.97,Travel
CUST04433,2021-10-10,28.38,Electronics
CUST04433,2021-07-09,34.44,Travel
CUST04433,2024-11-27,84.69,Clothing
CUST04433,2023-02-22,49.25,Dining
CUST04433,2023-04-23,111.55,Travel
CUST04433,2022-05-10,243.91,Dining
CUST04433,2024-10-03,122.51,Grocery
CUST04433,2021-11-20,23.53,Dining
CUST04433,2023-09-10,22.45,Clothing
CUST04433,2022-04-26,128.13,Dining
CUST04433,2021-10-14,80.22,Dining
CUST04433,2022-06-22,34.67,Dining
CUST04433,2024-04-01,35.77,Dining
CUST04433,2024-03-03,33.77,Travel
CUST04434,2025-06-07,155.37,Clothing
CUST04434,2024-06-21,48.86,Electronics
CUST04434,2024-11-30,50.7,Electronics
CUST04434,2024-07-25,76.92,Clothing
CUST04434,2024-10-04,146.4,Clothing
CUST04434,2025-08-01,5.27,Travel
CUST04434,2024-10-12,126.38,Dining
CUST04434,2025-06-28,38.58,Travel
CUST04434,2025-01-15,96.38,Dining
CUST04434,2025-03-18,47.28,Grocery
CUST04434,2024-10-12,217.49,Grocery
CUST04434,2024-08-26,22.8,Grocery
CUST04434,2025-06-08,47.18,Travel
CUST04434,2025-01-21,17.88,Dining
CUST04434,2025-07-05,84.09,Clothing
CUST04434,2024-03-28,12.71,Grocery
CUST04434,2025-01-14,152.42,Clothing
CUST04434,2025-06-14,80.54,Electronics
CUST04434,2025-07-16,52.47,Electronics
CUST04434,2024-12-07,213.63,Dining
CUST04434,2024-06-20,42.44,Grocery
CUST04434,2024-11-29,20.8,Travel
CUST04434,2024-04-06,69.52,Dining
CUST04434,2024-07-15,37.82,Clothing
CUST04434,2024-12-10,129.04,Travel
CUST04434,2025-03-09,30.04,Clothing
CUST04434,2024-07-31,52.33,Clothing
CUST04434,2024-07-21,101.73,Grocery
CUST04434,2025-05-30,299.64,Dining
CUST04434,2024-05-19,119.32,Dining
CUST04434,2024-12-08,229.4,Dining
CUST04434,2025-06-19,59.53,Travel
CUST04434,2025-05-11,161.79,Travel
CUST04434,2025-04-15,11.48,Clothing
CUST04434,2024-11-08,81.89,Dining
CUST04434,2025-07-15,19.32,Grocery
CUST04434,2025-06-22,13.23,Travel
CUST04434,2024-05-31,22.48,Dining
CUST04434,2025-04-03,302.63,Grocery
CUST04434,2025-01-31,28.15,Dining
CUST04434,2025-01-10,62.39,Clothing
CUST04434,2025-01-29,141.69,Travel
CUST04434,2024-08-16,142.83,Travel
CUST04434,2025-04-06,9.01,Grocery
CUST04434,2024-06-04,67.4,Travel
CUST04434,2024-07-18,74.44,Travel
CUST04434,2024-09-16,58.64,Clothing
CUST04434,2024-12-16,65.42,Dining
CUST04434,2024-11-07,6.33,Travel
CUST04434,2025-04-16,21.66,Grocery
CUST04434,2024-06-19,397.92,Grocery
CUST04434,2024-11-04,26.53,Grocery
CUST04434,2024-07-29,125.5,Grocery
CUST04434,2024-10-09,67.97,Clothing
CUST04434,2024-10-18,78.98,Travel
CUST04434,2025-05-31,70.96,Travel
CUST04434,2024-05-19,288.06,Electronics
CUST04434,2025-06-15,24.88,Travel
CUST04434,2025-05-17,44.46,Clothing
CUST04434,2024-04-03,70.22,Clothing
CUST04434,2024-08-04,44.08,Electronics
CUST04434,2025-03-19,125.82,Travel
CUST04434,2025-03-04,353.28,Electronics
CUST04434,2025-03-20,86.54,Grocery
CUST04434,2024-08-17,208.14,Dining
CUST04434,2025-07-28,82.96,Travel
CUST04434,2024-03-29,8.73,Electronics
CUST04434,2024-05-17,144.23,Clothing
CUST04434,2025-07-17,42.55,Grocery
CUST04434,2024-11-05,80.69,Dining
CUST04434,2024-11-23,20.69,Dining
CUST04434,2025-05-04,59.41,Travel
CUST04434,2024-05-25,20.41,Travel
CUST04434,2025-01-01,29.24,Dining
CUST04434,2025-01-28,106.18,Grocery
CUST04434,2025-03-26,27.47,Grocery
CUST04434,2024-06-04,18.83,Clothing
CUST04434,2024-06-03,16.94,Grocery
CUST04434,2025-05-23,37.65,Dining
CUST04434,2025-06-21,161.54,Grocery
CUST04434,2024-11-04,11.53,Clothing
CUST04434,2024-04-20,447.04,Grocery
CUST04434,2024-04-26,27.06,Dining
CUST04434,2024-07-03,165.76,Clothing
CUST04434,2024-06-15,80.6,Electronics
CUST04434,2024-10-27,60.93,Travel
CUST04434,2024-08-27,128.91,Grocery
CUST04434,2024-04-17,9.86,Dining
CUST04434,2024-10-17,20.71,Electronics
CUST04434,2025-03-06,7.77,Grocery
CUST04434,2024-11-25,15.26,Dining
CUST04435,2022-10-08,212.58,Clothing
CUST04435,2021-11-07,70.43,Travel
CUST04435,2025-01-19,21.18,Dining
CUST04435,2024-01-19,11.71,Travel
CUST04435,2024-12-17,30.12,Clothing
CUST04435,2021-10-01,71.76,Travel
CUST04435,2024-12-15,42.19,Travel
CUST04435,2025-01-10,122.37,Travel
CUST04435,2022-05-20,78.03,Clothing
CUST04435,2023-05-15,72.34,Clothing
CUST04435,2023-02-19,12.41,Dining
CUST04435,2023-11-11,56.21,Clothing
CUST04435,2021-07-26,52.52,Grocery
CUST04435,2024-01-20,19.22,Clothing
CUST04435,2025-05-09,327.91,Electronics
CUST04435,2023-09-14,60.66,Grocery
CUST04435,2022-01-23,24.8,Electronics
CUST04435,2023-01-19,203.3,Grocery
CUST04435,2023-12-20,102.0,Grocery
CUST04435,2022-09-02,29.28,Grocery
CUST04435,2023-03-06,42.9,Clothing
CUST04435,2022-04-26,99.57,Clothing
CUST04435,2025-07-28,112.66,Grocery
CUST04435,2021-09-13,13.81,Dining
CUST04435,2021-12-16,35.84,Grocery
CUST04435,2025-02-19,28.18,Grocery
CUST04435,2023-07-21,106.04,Clothing
CUST04435,2023-05-29,80.86,Grocery
CUST04435,2024-08-14,82.35,Electronics
CUST04435,2025-03-07,35.86,Travel
CUST04435,2023-09-15,84.6,Clothing
CUST04435,2024-12-19,24.52,Travel
CUST04435,2022-12-22,18.06,Travel
CUST04435,2021-06-27,84.26,Travel
CUST04435,2024-06-21,114.78,Clothing
CUST04435,2023-06-29,280.85,Dining
CUST04435,2024-01-30,89.62,Clothing
CUST04435,2023-12-05,356.94,Travel
CUST04435,2024-11-26,27.74,Dining
CUST04435,2022-12-25,30.27,Travel
CUST04435,2022-05-07,5.06,Electronics
CUST04435,2023-02-25,47.28,Electronics
CUST04435,2023-11-26,85.0,Clothing
CUST04435,2024-01-10,106.8,Grocery
CUST04435,2023-10-12,114.98,Electronics
CUST04435,2024-10-11,129.24,Grocery
CUST04435,2024-07-15,15.05,Dining
CUST04435,2024-06-25,96.27,Travel
CUST04435,2023-05-19,31.91,Electronics
CUST04435,2023-11-21,44.78,Grocery
CUST04435,2024-04-29,29.34,Electronics
CUST04435,2023-07-10,95.36,Clothing
CUST04435,2023-09-22,49.74,Electronics
CUST04435,2021-08-14,78.72,Dining
CUST04435,2021-07-01,13.39,Clothing
CUST04435,2022-06-30,116.24,Electronics
CUST04435,2023-07-28,50.95,Dining
CUST04435,2023-10-16,223.49,Clothing
CUST04435,2024-03-11,10.85,Electronics
CUST04435,2022-08-18,40.26,Electronics
CUST04435,2024-08-25,16.26,Travel
CUST04435,2025-02-17,28.61,Clothing
CUST04435,2021-09-20,56.26,Grocery
CUST04435,2021-08-23,51.33,Grocery
CUST04435,2024-04-10,30.16,Electronics
CUST04435,2025-06-26,55.79,Clothing
CUST04435,2023-02-22,10.72,Electronics
CUST04435,2024-09-25,113.68,Electronics
CUST04435,2025-02-23,179.66,Electronics
CUST04435,2023-08-29,9.9,Travel
CUST04435,2023-05-02,380.79,Grocery
CUST04435,2023-12-13,40.26,Grocery
CUST04435,2023-11-19,64.83,Grocery
CUST04435,2024-06-28,107.67,Travel
CUST04435,2025-06-08,159.96,Travel
CUST04435,2024-07-13,24.34,Travel
CUST04435,2022-09-26,211.1,Travel
CUST04435,2022-07-13,31.45,Travel
CUST04435,2022-06-25,32.09,Grocery
CUST04435,2022-03-10,23.9,Clothing
CUST04435,2023-03-16,26.58,Travel
CUST04435,2023-09-19,14.24,Clothing
CUST04435,2024-01-23,14.93,Clothing
CUST04435,2024-04-13,122.5,Clothing
CUST04435,2024-07-03,158.46,Travel
CUST04435,2024-08-15,228.53,Dining
CUST04435,2024-01-02,78.19,Clothing
CUST04435,2022-08-07,138.21,Grocery
CUST04435,2024-04-06,164.51,Dining
CUST04435,2024-01-04,77.93,Electronics
CUST04435,2025-03-24,21.47,Clothing
CUST04435,2023-04-17,78.41,Electronics
CUST04435,2022-08-14,202.63,Grocery
CUST04436,2023-10-24,116.11,Clothing
CUST04436,2023-09-15,30.03,Travel
CUST04436,2023-08-30,85.01,Electronics
CUST04436,2025-02-14,13.59,Electronics
CUST04436,2024-02-26,76.42,Clothing
CUST04436,2022-10-06,50.9,Clothing
CUST04436,2024-03-12,41.95,Dining
CUST04436,2022-12-30,84.77,Clothing
CUST04436,2023-10-15,6.13,Electronics
CUST04436,2024-12-04,60.13,Grocery
CUST04436,2022-09-09,25.43,Travel
CUST04436,2023-03-28,26.78,Electronics
CUST04436,2023-09-09,201.0,Dining
CUST04436,2022-05-02,178.17,Travel
CUST04436,2025-04-06,47.4,Clothing
CUST04436,2025-02-11,103.47,Travel
CUST04436,2022-08-30,98.01,Electronics
CUST04436,2025-08-01,174.7,Dining
CUST04436,2022-02-26,32.82,Dining
CUST04436,2025-05-07,35.45,Electronics
CUST04436,2025-06-24,120.96,Dining
CUST04436,2022-04-29,50.54,Travel
CUST04436,2023-04-09,19.84,Electronics
CUST04436,2023-12-19,52.29,Travel
CUST04436,2022-12-03,25.11,Grocery
CUST04436,2023-02-22,95.8,Clothing
CUST04436,2023-08-03,65.39,Clothing
CUST04436,2024-05-24,276.51,Electronics
CUST04436,2025-03-18,5.31,Electronics
CUST04436,2025-07-08,39.59,Travel
CUST04436,2024-04-12,40.77,Clothing
CUST04436,2022-11-09,75.33,Dining
CUST04436,2023-11-30,25.36,Electronics
CUST04436,2025-06-20,309.56,Grocery
CUST04436,2022-02-24,11.53,Travel
CUST04436,2022-06-13,30.94,Grocery
CUST04436,2022-07-06,6.51,Grocery
CUST04436,2022-11-13,9.23,Clothing
CUST04436,2023-05-02,36.46,Grocery
CUST04436,2022-08-08,24.85,Electronics
CUST04436,2022-12-30,71.24,Dining
CUST04436,2022-09-27,182.24,Clothing
CUST04436,2022-12-16,163.25,Travel
CUST04436,2024-11-25,268.55,Electronics
CUST04436,2023-04-12,68.28,Electronics
CUST04436,2024-04-22,111.27,Travel
CUST04436,2023-05-19,91.43,Dining
CUST04436,2023-06-06,20.89,Electronics
CUST04436,2024-04-24,62.39,Travel
CUST04436,2023-10-29,97.83,Dining
CUST04436,2022-11-30,125.68,Dining
CUST04436,2023-10-29,33.31,Grocery
CUST04436,2024-06-16,11.24,Clothing
CUST04436,2024-03-23,168.29,Travel
CUST04436,2024-04-08,6.07,Dining
CUST04436,2023-12-27,14.36,Dining
CUST04436,2024-11-04,63.46,Clothing
CUST04436,2025-05-27,37.44,Electronics
CUST04436,2025-05-07,61.16,Electronics
CUST04436,2023-06-28,57.4,Clothing
CUST04436,2022-02-22,46.11,Grocery
CUST04436,2023-01-19,51.08,Electronics
CUST04436,2022-12-13,153.79,Dining
CUST04436,2023-04-04,6.06,Electronics
CUST04436,2025-05-04,5.75,Travel
CUST04436,2025-05-11,8.74,Electronics
CUST04436,2025-05-23,6.28,Electronics
CUST04436,2022-06-17,30.13,Clothing
CUST04436,2022-07-29,58.99,Grocery
CUST04436,2023-12-07,32.16,Dining
CUST04436,2024-11-19,42.1,Travel
CUST04436,2022-09-27,29.89,Travel
CUST04436,2023-05-14,355.2,Clothing
CUST04436,2022-06-21,193.21,Electronics
CUST04436,2022-03-21,213.41,Grocery
CUST04436,2025-07-04,244.72,Clothing
CUST04436,2024-11-10,92.52,Clothing
CUST04436,2024-08-02,33.66,Grocery
CUST04436,2023-04-24,36.0,Clothing
CUST04436,2024-01-25,52.99,Grocery
CUST04436,2023-05-04,25.48,Travel
CUST04436,2023-05-20,234.04,Clothing
CUST04436,2023-09-22,23.85,Electronics
CUST04436,2024-02-13,7.22,Travel
CUST04436,2023-12-28,157.92,Dining
CUST04436,2023-01-08,243.44,Electronics
CUST04436,2022-09-28,190.9,Dining
CUST04436,2023-06-04,153.3,Electronics
CUST04436,2023-07-27,406.34,Travel
CUST04436,2022-12-12,51.46,Electronics
CUST04436,2024-01-08,169.29,Clothing
CUST04436,2022-07-18,134.9,Grocery
CUST04436,2024-03-31,32.55,Electronics
CUST04436,2022-11-11,89.05,Clothing
CUST04436,2024-07-26,69.06,Electronics
CUST04436,2022-05-21,36.6,Clothing
CUST04436,2022-02-17,50.12,Electronics
CUST04436,2023-10-24,105.37,Electronics
CUST04436,2025-02-28,49.51,Travel
CUST04436,2025-02-05,22.21,Clothing
CUST04436,2022-05-02,16.57,Travel
CUST04436,2024-04-07,8.99,Electronics
CUST04436,2022-05-31,105.94,Clothing
CUST04436,2022-07-06,42.4,Dining
CUST04436,2022-05-15,77.37,Clothing
CUST04436,2025-08-01,114.3,Grocery
CUST04436,2024-06-19,104.19,Grocery
CUST04436,2024-05-26,15.7,Dining
CUST04436,2024-07-21,52.95,Grocery
CUST04436,2023-05-19,57.0,Grocery
CUST04436,2024-10-28,239.77,Clothing
CUST04436,2024-09-19,53.65,Dining
CUST04436,2024-08-10,56.93,Dining
CUST04436,2024-05-29,177.97,Electronics
CUST04436,2025-07-04,58.41,Clothing
CUST04436,2023-01-08,204.46,Grocery
CUST04436,2022-07-22,169.14,Electronics
CUST04436,2024-02-17,55.31,Travel
CUST04436,2024-08-18,329.46,Travel
CUST04436,2024-07-15,194.76,Clothing
CUST04436,2024-01-17,158.57,Dining
CUST04437,2025-05-27,6.43,Grocery
CUST04437,2025-03-17,115.76,Grocery
CUST04437,2024-12-04,128.39,Grocery
CUST04437,2025-01-28,44.69,Travel
CUST04437,2024-11-22,38.31,Grocery
CUST04437,2025-01-11,117.39,Electronics
CUST04437,2024-11-11,73.06,Electronics
CUST04437,2025-03-08,40.15,Travel
CUST04437,2025-05-24,7.58,Travel
CUST04437,2024-12-28,42.04,Electronics
CUST04437,2025-06-11,181.53,Clothing
CUST04437,2025-03-07,35.1,Grocery
CUST04437,2025-04-25,7.74,Travel
CUST04437,2025-05-21,220.85,Dining
CUST04437,2025-06-04,49.04,Grocery
CUST04437,2025-04-10,48.64,Clothing
CUST04437,2025-06-01,87.5,Electronics
CUST04437,2025-05-31,120.76,Grocery
CUST04437,2025-05-07,68.42,Dining
CUST04437,2025-05-02,243.38,Dining
CUST04437,2024-11-30,348.04,Clothing
CUST04437,2025-04-25,10.11,Clothing
CUST04437,2025-05-09,19.28,Clothing
CUST04437,2025-03-22,41.27,Dining
CUST04437,2025-01-08,48.67,Clothing
CUST04437,2025-04-19,71.82,Grocery
CUST04437,2025-02-06,90.57,Clothing
CUST04437,2025-03-02,90.36,Travel
CUST04437,2025-02-09,11.71,Travel
CUST04437,2025-04-06,56.86,Clothing
CUST04437,2025-06-03,94.98,Clothing
CUST04437,2025-04-13,7.36,Grocery
CUST04437,2024-12-28,11.44,Electronics
CUST04437,2025-02-09,115.83,Electronics
CUST04437,2025-01-03,41.7,Clothing
CUST04437,2025-04-06,31.83,Travel
CUST04437,2025-02-17,188.04,Dining
CUST04437,2025-07-26,121.45,Electronics
CUST04437,2024-11-16,61.92,Grocery
CUST04437,2025-07-14,91.64,Grocery
CUST04437,2025-03-04,39.37,Dining
CUST04437,2024-11-21,55.89,Grocery
CUST04437,2025-01-24,95.18,Grocery
CUST04437,2025-04-08,110.27,Dining
CUST04437,2025-07-21,116.34,Electronics
CUST04437,2025-07-24,105.95,Dining
CUST04437,2025-02-05,92.76,Travel
CUST04437,2025-07-27,456.57,Grocery
CUST04437,2025-03-21,8.0,Electronics
CUST04437,2025-07-29,207.22,Clothing
CUST04437,2025-06-18,29.08,Grocery
CUST04437,2025-04-13,25.69,Dining
CUST04437,2025-01-28,27.82,Electronics
CUST04437,2025-04-04,62.51,Electronics
CUST04437,2025-03-20,71.26,Travel
CUST04437,2025-05-14,182.7,Clothing
CUST04437,2025-06-16,7.13,Clothing
CUST04437,2025-07-25,74.69,Dining
CUST04437,2024-11-23,51.94,Clothing
CUST04437,2025-07-02,79.03,Electronics
CUST04437,2025-05-12,125.73,Clothing
CUST04437,2024-12-01,40.78,Travel
CUST04437,2025-03-27,130.3,Clothing
CUST04437,2025-07-14,20.41,Dining
CUST04437,2025-02-18,30.29,Dining
CUST04437,2025-04-18,336.28,Dining
CUST04437,2025-06-17,133.1,Electronics
CUST04437,2025-05-08,236.57,Travel
CUST04437,2025-04-04,12.2,Dining
CUST04437,2024-12-26,25.02,Grocery
CUST04437,2025-06-16,34.09,Grocery
CUST04437,2025-03-27,6.63,Dining
CUST04437,2025-05-31,94.65,Grocery
CUST04437,2025-03-19,73.72,Electronics
CUST04437,2025-07-17,69.15,Grocery
CUST04437,2025-05-30,63.6,Travel
CUST04437,2024-12-31,41.42,Electronics
CUST04437,2025-06-25,55.38,Clothing
CUST04437,2024-12-15,100.97,Electronics
CUST04437,2024-11-25,245.7,Travel
CUST04437,2025-03-03,91.97,Grocery
CUST04437,2025-05-31,55.45,Dining
CUST04437,2024-12-19,32.4,Electronics
CUST04437,2025-03-28,8.82,Dining
CUST04437,2025-07-11,569.27,Travel
CUST04437,2025-07-11,21.94,Dining
CUST04437,2025-02-18,247.03,Dining
CUST04437,2025-04-24,48.17,Dining
CUST04437,2025-03-20,168.8,Dining
CUST04437,2025-02-02,103.85,Electronics
CUST04437,2025-01-03,13.3,Travel
CUST04437,2025-07-11,33.3,Electronics
CUST04437,2024-11-17,142.17,Dining
CUST04437,2024-12-31,186.06,Clothing
CUST04438,2021-09-17,52.08,Electronics
CUST04438,2024-08-05,128.6,Electronics
CUST04438,2024-06-04,207.59,Travel
CUST04438,2021-10-12,68.6,Dining
CUST04438,2022-08-28,54.98,Grocery
CUST04438,2024-05-25,303.12,Dining
CUST04438,2021-12-17,13.45,Dining
CUST04438,2023-05-27,77.03,Grocery
CUST04438,2024-08-01,17.83,Dining
CUST04438,2025-01-02,91.43,Clothing
CUST04438,2022-08-29,133.1,Grocery
CUST04438,2022-08-04,20.8,Clothing
CUST04438,2022-04-26,42.07,Dining
CUST04438,2025-01-20,62.82,Clothing
CUST04438,2024-05-18,179.9,Clothing
CUST04438,2024-01-03,12.3,Grocery
CUST04438,2025-03-29,67.74,Grocery
CUST04438,2022-12-08,51.53,Clothing
CUST04438,2024-12-27,88.12,Dining
CUST04438,2023-10-06,155.15,Clothing
CUST04438,2023-04-29,44.5,Electronics
CUST04438,2025-03-23,48.1,Clothing
CUST04438,2022-04-13,34.58,Travel
CUST04438,2021-09-25,137.59,Electronics
CUST04438,2021-05-23,15.97,Grocery
CUST04438,2021-12-25,179.34,Grocery
CUST04438,2023-07-18,68.4,Dining
CUST04438,2023-07-02,107.84,Grocery
CUST04438,2024-10-12,554.27,Grocery
CUST04438,2022-03-05,38.81,Clothing
CUST04438,2024-02-04,370.84,Dining
CUST04438,2024-08-28,95.37,Grocery
CUST04438,2024-03-20,36.0,Travel
CUST04438,2024-06-06,125.17,Travel
CUST04438,2022-11-24,55.9,Travel
CUST04438,2024-07-01,81.06,Clothing
CUST04438,2024-03-05,125.15,Grocery
CUST04438,2024-10-12,198.75,Dining
CUST04438,2023-07-24,11.96,Travel
CUST04438,2023-06-03,29.96,Electronics
CUST04438,2021-05-26,7.63,Dining
CUST04438,2023-09-11,55.71,Electronics
CUST04438,2025-06-21,265.52,Travel
CUST04438,2023-04-10,67.28,Travel
CUST04438,2022-03-01,13.54,Travel
CUST04438,2021-11-04,16.05,Clothing
CUST04438,2023-06-19,75.92,Dining
CUST04438,2021-09-22,47.63,Grocery
CUST04438,2024-07-31,16.28,Electronics
CUST04438,2023-01-26,133.09,Electronics
CUST04438,2022-12-08,164.41,Grocery
CUST04438,2023-08-29,53.04,Grocery
CUST04438,2021-07-19,53.34,Grocery
CUST04438,2024-02-17,26.93,Clothing
CUST04438,2021-08-05,37.97,Electronics
CUST04438,2021-07-17,63.63,Grocery
CUST04438,2024-12-31,206.06,Travel
CUST04438,2024-09-14,29.36,Grocery
CUST04438,2024-11-13,7.27,Dining
CUST04438,2023-03-26,23.92,Clothing
CUST04438,2024-05-07,16.62,Travel
CUST04438,2022-05-13,61.61,Electronics
CUST04438,2021-11-29,13.09,Dining
CUST04438,2024-01-16,164.06,Dining
CUST04438,2022-01-26,6.6,Grocery
CUST04438,2022-02-04,63.25,Travel
CUST04438,2024-08-01,36.43,Clothing
CUST04438,2022-07-30,169.92,Travel
CUST04438,2025-03-29,63.53,Dining
CUST04438,2023-03-29,110.26,Electronics
CUST04438,2022-10-05,11.5,Dining
CUST04438,2025-02-05,34.28,Electronics
CUST04438,2025-06-29,514.04,Dining
CUST04438,2022-12-05,28.87,Electronics
CUST04438,2022-12-07,68.84,Travel
CUST04438,2024-10-15,50.11,Grocery
CUST04438,2024-12-07,98.77,Clothing
CUST04438,2023-07-31,143.83,Dining
CUST04438,2023-04-18,142.77,Clothing
CUST04438,2021-06-01,48.71,Travel
CUST04438,2024-06-03,56.79,Clothing
CUST04438,2021-08-08,138.43,Travel
CUST04438,2021-11-22,36.24,Travel
CUST04438,2024-12-24,88.94,Dining
CUST04438,2022-04-04,90.38,Dining
CUST04438,2023-06-14,33.98,Electronics
CUST04438,2022-03-18,28.55,Clothing
CUST04438,2023-11-19,8.49,Grocery
CUST04438,2024-04-25,24.02,Clothing
CUST04438,2025-01-31,113.61,Electronics
CUST04438,2021-04-24,18.62,Dining
CUST04438,2023-02-14,376.64,Dining
CUST04438,2022-10-02,225.21,Travel
CUST04438,2022-02-27,74.81,Clothing
CUST04438,2022-03-03,85.68,Grocery
CUST04438,2021-08-21,44.34,Clothing
CUST04438,2024-06-02,144.04,Dining
CUST04438,2023-06-27,49.47,Clothing
CUST04439,2025-05-29,151.48,Electronics
CUST04439,2024-10-01,18.05,Grocery
CUST04439,2024-06-23,104.54,Electronics
CUST04439,2025-05-21,43.06,Clothing
CUST04439,2024-08-29,233.97,Travel
CUST04439,2024-07-14,55.13,Travel
CUST04439,2024-05-25,351.52,Travel
CUST04439,2024-12-29,118.82,Dining
CUST04439,2024-11-08,19.0,Travel
CUST04439,2025-06-14,77.42,Electronics
CUST04439,2025-06-02,143.7,Clothing
CUST04439,2025-05-25,166.76,Electronics
CUST04439,2024-01-24,17.31,Travel
CUST04439,2024-06-20,111.57,Electronics
CUST04439,2024-10-20,108.32,Travel
CUST04439,2025-03-01,200.68,Grocery
CUST04439,2024-10-05,62.2,Travel
CUST04439,2024-07-11,45.53,Travel
CUST04439,2024-04-16,71.9,Dining
CUST04439,2025-05-18,12.91,Clothing
CUST04439,2024-06-01,111.04,Electronics
CUST04439,2025-03-14,54.94,Travel
CUST04439,2024-01-27,11.74,Clothing
CUST04439,2024-09-22,33.53,Electronics
CUST04439,2025-05-29,154.36,Clothing
CUST04439,2025-02-04,66.64,Electronics
CUST04439,2024-10-25,11.69,Travel
CUST04439,2024-11-22,55.25,Grocery
CUST04439,2024-10-10,27.06,Grocery
CUST04439,2025-05-25,9.4,Travel
CUST04439,2024-08-04,9.78,Grocery
CUST04439,2024-08-07,7.31,Electronics
CUST04439,2025-07-30,12.39,Electronics
CUST04439,2024-05-08,6.93,Travel
CUST04439,2025-05-06,33.36,Electronics
CUST04439,2024-03-19,9.8,Travel
CUST04439,2025-05-17,157.55,Clothing
CUST04439,2025-01-19,73.28,Electronics
CUST04439,2025-03-30,58.89,Electronics
CUST04439,2025-04-01,67.83,Electronics
CUST04439,2025-03-17,45.98,Dining
CUST04439,2025-06-19,77.95,Clothing
CUST04439,2025-04-03,49.5,Clothing
CUST04439,2025-03-02,122.87,Dining
CUST04439,2025-07-16,122.89,Dining
CUST04439,2025-04-09,43.84,Travel
CUST04439,2024-03-23,52.37,Electronics
CUST04439,2024-03-02,67.85,Grocery
CUST04439,2024-06-20,10.19,Travel
CUST04439,2024-11-26,108.13,Dining
CUST04439,2024-09-22,19.21,Clothing
CUST04439,2024-04-10,71.59,Clothing
CUST04439,2024-09-22,41.73,Clothing
CUST04439,2024-04-12,69.15,Electronics
CUST04439,2024-08-10,17.09,Dining
CUST04439,2024-01-29,428.53,Clothing
CUST04439,2024-01-07,68.52,Dining
CUST04439,2024-06-04,39.09,Grocery
CUST04439,2025-03-04,82.85,Travel
CUST04439,2025-04-04,63.11,Grocery
CUST04439,2025-06-25,144.33,Travel
CUST04439,2024-01-12,7.42,Clothing
CUST04439,2025-06-29,16.32,Electronics
CUST04439,2025-02-27,32.17,Grocery
CUST04439,2025-05-16,58.93,Travel
CUST04439,2024-06-25,109.55,Travel
CUST04439,2024-10-10,126.89,Travel
CUST04439,2025-03-29,325.59,Grocery
CUST04439,2024-05-10,91.74,Electronics
CUST04439,2024-05-20,48.36,Clothing
CUST04439,2024-01-10,70.81,Travel
CUST04439,2025-05-17,61.25,Electronics
CUST04439,2024-07-03,85.79,Grocery
CUST04439,2024-07-03,138.72,Travel
CUST04439,2024-07-26,87.94,Electronics
CUST04439,2024-09-27,19.43,Grocery
CUST04439,2024-04-07,19.02,Electronics
CUST04439,2024-11-20,39.32,Travel
CUST04439,2025-06-11,60.69,Electronics
CUST04439,2025-04-23,73.67,Dining
CUST04439,2025-05-08,76.03,Electronics
CUST04439,2025-01-17,139.19,Clothing
CUST04439,2025-05-01,123.38,Electronics
CUST04439,2024-08-29,70.45,Travel
CUST04439,2024-09-08,111.64,Travel
CUST04439,2024-09-29,143.24,Grocery
CUST04439,2024-05-13,5.54,Dining
CUST04439,2025-04-27,35.18,Dining
CUST04439,2025-07-01,20.75,Electronics
CUST04439,2024-12-26,121.09,Electronics
CUST04439,2024-01-24,63.16,Clothing
CUST04439,2025-06-25,125.63,Travel
CUST04439,2024-03-09,99.15,Electronics
CUST04439,2024-09-26,400.38,Dining
CUST04439,2024-12-22,12.1,Grocery
CUST04439,2024-02-04,104.85,Clothing
CUST04439,2024-04-08,21.04,Grocery
CUST04439,2025-01-10,120.36,Travel
CUST04439,2024-12-25,83.96,Travel
CUST04439,2025-07-21,102.52,Clothing
CUST04439,2025-02-21,121.18,Travel
CUST04440,2024-10-20,120.15,Travel
CUST04440,2024-12-31,61.03,Travel
CUST04440,2024-11-07,19.69,Clothing
CUST04440,2024-01-28,125.78,Grocery
CUST04440,2023-09-26,29.37,Travel
CUST04440,2025-06-15,6.61,Electronics
CUST04440,2024-03-17,71.6,Dining
CUST04440,2024-10-30,10.9,Dining
CUST04440,2024-03-23,67.81,Grocery
CUST04440,2023-11-11,10.87,Travel
CUST04440,2024-10-20,9.4,Grocery
CUST04440,2023-10-04,61.85,Clothing
CUST04440,2024-03-11,98.11,Clothing
CUST04440,2024-09-21,55.65,Travel
CUST04440,2024-12-31,96.41,Grocery
CUST04440,2025-06-02,347.17,Clothing
CUST04440,2024-05-27,6.3,Clothing
CUST04440,2024-11-19,203.08,Electronics
CUST04440,2023-10-12,271.05,Clothing
CUST04440,2024-11-11,174.33,Electronics
CUST04440,2025-05-22,187.86,Clothing
CUST04440,2024-10-17,99.97,Dining
CUST04440,2024-10-04,82.31,Dining
CUST04440,2025-07-14,18.45,Clothing
CUST04440,2025-06-11,93.69,Dining
CUST04440,2024-11-07,92.16,Dining
CUST04440,2023-11-15,237.9,Grocery
CUST04440,2025-03-15,13.48,Travel
CUST04440,2024-04-25,73.05,Grocery
CUST04440,2023-09-04,27.51,Travel
CUST04440,2025-03-15,6.62,Electronics
CUST04440,2024-03-14,79.39,Travel
CUST04440,2023-09-05,8.84,Travel
CUST04440,2023-10-24,97.59,Travel
CUST04440,2024-08-11,109.98,Travel
CUST04440,2024-08-10,126.18,Clothing
CUST04440,2023-11-10,32.91,Travel
CUST04440,2024-01-18,36.1,Grocery
CUST04440,2024-06-25,58.12,Travel
CUST04440,2024-12-22,63.7,Clothing
CUST04440,2023-10-01,40.23,Dining
CUST04440,2023-10-18,31.17,Travel
CUST04440,2024-02-03,156.04,Grocery
CUST04440,2025-03-18,246.23,Clothing
CUST04440,2023-09-30,6.6,Travel
CUST04440,2025-05-11,51.4,Clothing
CUST04440,2024-11-21,216.27,Grocery
CUST04440,2024-08-17,109.53,Grocery
CUST04440,2023-09-05,37.6,Clothing
CUST04440,2024-10-12,95.51,Travel
CUST04440,2025-07-18,14.05,Grocery
CUST04440,2024-07-29,181.65,Travel
CUST04440,2024-04-21,34.44,Travel
CUST04440,2024-10-04,49.96,Grocery
CUST04440,2025-01-11,236.23,Electronics
CUST04440,2024-05-27,26.7,Clothing
CUST04440,2024-03-09,127.39,Electronics
CUST04440,2024-01-12,13.04,Grocery
CUST04440,2025-02-16,177.81,Dining
CUST04440,2024-08-06,217.25,Clothing
CUST04440,2024-11-01,175.98,Electronics
CUST04440,2023-11-13,66.58,Grocery
CUST04440,2024-03-06,122.26,Travel
CUST04440,2024-06-24,44.76,Clothing
CUST04440,2024-07-15,143.09,Electronics
CUST04440,2025-05-30,45.36,Clothing
CUST04440,2023-10-24,118.63,Grocery
CUST04440,2023-09-09,105.13,Dining
CUST04440,2024-08-04,14.72,Travel
CUST04440,2023-09-30,5.9,Electronics
CUST04440,2024-08-28,25.44,Clothing
CUST04440,2024-04-04,81.83,Dining
CUST04440,2024-06-19,130.2,Grocery
CUST04440,2023-09-17,141.8,Travel
CUST04440,2024-07-30,53.63,Dining
CUST04440,2023-09-27,22.85,Clothing
CUST04440,2024-06-14,62.6,Clothing
CUST04440,2023-11-11,105.09,Clothing
CUST04440,2025-02-15,280.05,Electronics
CUST04440,2024-01-01,124.97,Travel
CUST04440,2024-07-24,28.46,Clothing
CUST04440,2023-11-01,43.34,Dining
CUST04440,2024-08-30,173.06,Dining
CUST04440,2024-04-20,36.22,Electronics
CUST04440,2024-08-20,273.22,Grocery
CUST04440,2024-10-20,34.91,Grocery
CUST04440,2024-12-19,10.43,Dining
CUST04440,2024-09-12,137.38,Electronics
CUST04440,2025-02-14,29.7,Grocery
CUST04440,2025-06-25,10.15,Dining
CUST04440,2024-08-22,17.12,Grocery
CUST04440,2023-12-03,214.72,Travel
CUST04440,2024-05-28,146.78,Travel
CUST04440,2025-04-03,62.96,Dining
CUST04440,2025-06-03,30.9,Electronics
CUST04440,2024-08-05,54.94,Clothing
CUST04440,2025-02-02,42.35,Grocery
CUST04440,2025-04-03,91.6,Travel
CUST04441,2024-05-05,46.56,Dining
CUST04441,2023-08-04,87.15,Electronics
CUST04441,2021-11-20,138.71,Clothing
CUST04441,2022-11-06,21.69,Travel
CUST04441,2025-01-29,106.33,Travel
CUST04441,2024-08-20,126.85,Travel
CUST04441,2023-12-19,327.07,Clothing
CUST04441,2025-05-06,65.96,Clothing
CUST04441,2024-04-10,9.27,Dining
CUST04441,2022-06-04,53.83,Grocery
CUST04441,2022-02-03,103.06,Grocery
CUST04441,2024-02-26,93.19,Dining
CUST04441,2024-06-02,38.65,Clothing
CUST04441,2025-02-18,219.41,Dining
CUST04441,2024-10-24,27.17,Electronics
CUST04441,2022-03-08,36.13,Electronics
CUST04441,2022-05-13,101.33,Dining
CUST04441,2025-05-26,170.56,Clothing
CUST04441,2023-05-18,7.75,Electronics
CUST04441,2022-05-25,112.48,Dining
CUST04441,2022-05-22,77.09,Electronics
CUST04441,2021-11-22,34.02,Clothing
CUST04441,2021-12-08,127.14,Travel
CUST04441,2023-09-10,112.48,Clothing
CUST04441,2022-12-02,57.01,Electronics
CUST04441,2023-12-15,79.46,Clothing
CUST04441,2023-11-28,79.18,Dining
CUST04441,2021-11-01,91.55,Travel
CUST04441,2023-08-15,179.53,Electronics
CUST04441,2024-07-03,39.89,Grocery
CUST04441,2021-11-07,9.13,Grocery
CUST04441,2023-03-18,16.73,Clothing
CUST04441,2024-05-11,118.1,Travel
CUST04441,2025-05-18,121.44,Electronics
CUST04441,2021-11-15,13.97,Electronics
CUST04441,2022-10-11,40.32,Clothing
CUST04441,2022-01-24,126.54,Grocery
CUST04441,2024-01-16,13.57,Electronics
CUST04441,2024-09-14,276.35,Electronics
CUST04441,2023-05-11,52.68,Grocery
CUST04441,2025-05-22,64.68,Dining
CUST04441,2022-01-12,84.3,Clothing
CUST04441,2023-03-26,15.29,Grocery
CUST04441,2022-06-26,73.2,Electronics
CUST04441,2023-07-28,224.2,Electronics
CUST04441,2022-12-01,120.09,Grocery
CUST04441,2023-02-24,155.51,Travel
CUST04441,2024-08-20,36.02,Clothing
CUST04441,2023-08-23,47.24,Electronics
CUST04441,2024-03-08,7.75,Clothing
CUST04441,2025-07-07,105.64,Clothing
CUST04441,2023-08-28,89.26,Grocery
CUST04441,2025-05-21,115.98,Travel
CUST04441,2021-12-26,106.52,Travel
CUST04441,2024-04-01,22.69,Grocery
CUST04441,2024-08-06,235.13,Grocery
CUST04441,2025-04-21,20.31,Travel
CUST04441,2023-12-23,27.05,Electronics
CUST04441,2024-12-21,201.56,Dining
CUST04441,2022-11-14,22.32,Travel
CUST04441,2022-04-18,50.1,Electronics
CUST04441,2024-03-15,39.88,Electronics
CUST04441,2021-10-15,224.07,Clothing
CUST04441,2023-06-15,60.94,Travel
CUST04441,2025-02-24,49.63,Dining
CUST04441,2023-03-19,7.18,Grocery
CUST04441,2025-04-17,192.21,Grocery
CUST04441,2022-11-10,134.5,Travel
CUST04441,2023-11-17,72.95,Grocery
CUST04441,2023-07-07,50.85,Dining
CUST04441,2024-09-03,48.04,Clothing
CUST04441,2022-05-10,31.01,Travel
CUST04441,2022-07-29,6.02,Electronics
CUST04441,2022-02-27,208.61,Electronics
CUST04441,2023-02-05,141.56,Travel
CUST04441,2024-09-27,29.33,Clothing
CUST04441,2024-09-12,75.6,Grocery
CUST04441,2024-10-04,231.48,Dining
CUST04441,2022-09-30,77.69,Travel
CUST04441,2022-11-14,10.24,Travel
CUST04441,2022-02-11,141.36,Electronics
CUST04441,2023-09-27,209.72,Travel
CUST04441,2022-07-21,9.01,Travel
CUST04441,2023-05-11,109.47,Electronics
CUST04441,2023-06-28,13.04,Travel
CUST04441,2022-11-15,52.81,Electronics
CUST04441,2024-03-12,202.21,Clothing
CUST04441,2023-06-17,286.0,Grocery
CUST04441,2022-02-01,76.72,Clothing
CUST04441,2023-02-16,179.44,Travel
CUST04441,2024-06-11,25.68,Dining
CUST04441,2022-08-19,33.64,Grocery
CUST04441,2024-09-16,8.16,Clothing
CUST04441,2022-06-11,122.38,Travel
CUST04441,2023-03-16,5.83,Clothing
CUST04441,2025-04-12,108.92,Clothing
CUST04441,2024-04-24,19.08,Grocery
CUST04442,2025-06-10,41.75,Clothing
CUST04442,2025-07-03,24.63,Grocery
CUST04442,2025-04-02,127.9,Dining
CUST04442,2025-01-27,87.88,Travel
CUST04442,2025-02-06,58.42,Dining
CUST04442,2025-01-25,39.33,Dining
CUST04442,2025-07-21,35.39,Grocery
CUST04442,2025-07-16,56.87,Electronics
CUST04442,2025-02-05,24.09,Clothing
CUST04442,2025-06-07,112.64,Grocery
CUST04442,2025-03-18,17.96,Clothing
CUST04442,2025-06-09,41.4,Electronics
CUST04442,2025-04-10,137.83,Dining
CUST04442,2025-06-30,39.66,Electronics
CUST04442,2025-06-27,28.93,Travel
CUST04442,2025-01-05,120.08,Electronics
CUST04442,2025-04-22,76.97,Travel
CUST04442,2025-01-14,202.14,Dining
CUST04442,2025-02-11,5.4,Clothing
CUST04442,2025-04-30,31.4,Grocery
CUST04442,2025-01-29,9.38,Dining
CUST04442,2025-01-16,33.07,Travel
CUST04442,2025-03-11,342.03,Clothing
CUST04442,2025-05-14,64.43,Clothing
CUST04442,2025-07-09,17.58,Clothing
CUST04442,2025-05-22,33.24,Electronics
CUST04442,2025-03-17,6.58,Electronics
CUST04442,2025-02-02,143.1,Travel
CUST04442,2025-02-06,37.07,Clothing
CUST04442,2025-07-25,8.84,Grocery
CUST04442,2025-02-21,17.66,Electronics
CUST04442,2025-07-21,54.82,Dining
CUST04442,2025-04-08,126.83,Travel
CUST04442,2025-01-08,30.13,Grocery
CUST04442,2025-06-27,98.53,Dining
CUST04442,2025-04-09,110.47,Grocery
CUST04442,2025-07-27,181.58,Dining
CUST04442,2025-05-07,134.78,Travel
CUST04442,2025-04-07,49.48,Travel
CUST04442,2025-01-04,37.45,Dining
CUST04442,2025-05-28,118.02,Travel
CUST04442,2025-06-18,26.26,Clothing
CUST04442,2025-07-27,90.66,Clothing
CUST04442,2025-04-16,56.63,Electronics
CUST04442,2025-05-30,43.28,Grocery
CUST04442,2025-07-07,61.72,Clothing
CUST04442,2025-01-31,296.28,Clothing
CUST04442,2025-07-03,11.38,Clothing
CUST04442,2025-05-09,77.03,Clothing
CUST04442,2025-03-27,48.59,Electronics
CUST04442,2025-02-02,15.37,Clothing
CUST04442,2025-02-06,200.18,Electronics
CUST04442,2025-02-25,59.98,Electronics
CUST04442,2025-03-03,42.2,Grocery
CUST04442,2025-07-25,17.63,Dining
CUST04442,2025-02-04,83.34,Grocery
CUST04442,2025-01-23,34.29,Electronics
CUST04442,2025-03-08,222.22,Grocery
CUST04442,2025-05-16,82.2,Dining
CUST04442,2025-06-14,47.98,Grocery
CUST04442,2025-04-14,368.57,Electronics
CUST04442,2025-06-04,6.71,Electronics
CUST04442,2025-05-14,5.86,Dining
CUST04442,2025-05-08,11.75,Electronics
CUST04442,2025-07-17,80.11,Electronics
CUST04442,2025-01-20,130.23,Clothing
CUST04442,2025-07-08,49.08,Electronics
CUST04442,2025-02-24,85.2,Electronics
CUST04442,2025-01-29,94.37,Grocery
CUST04442,2025-04-17,260.4,Dining
CUST04442,2025-04-23,160.26,Dining
CUST04442,2025-02-15,10.28,Electronics
CUST04442,2025-06-07,17.19,Clothing
CUST04442,2025-07-16,474.75,Travel
CUST04442,2025-06-23,43.56,Clothing
CUST04442,2025-04-25,212.86,Grocery
CUST04442,2025-07-05,189.08,Electronics
CUST04442,2025-06-27,31.1,Electronics
CUST04442,2025-07-14,51.38,Travel
CUST04442,2025-03-19,9.88,Clothing
CUST04442,2025-07-12,48.27,Grocery
CUST04442,2025-07-02,42.26,Grocery
CUST04442,2025-02-26,105.07,Electronics
CUST04442,2025-01-14,84.45,Dining
CUST04442,2025-03-05,242.6,Electronics
CUST04442,2025-01-06,12.61,Travel
CUST04442,2025-05-15,153.09,Grocery
CUST04442,2025-04-20,117.08,Grocery
CUST04442,2025-03-21,288.88,Clothing
CUST04442,2025-04-17,63.68,Grocery
CUST04442,2025-05-24,150.54,Electronics
CUST04442,2025-05-11,55.23,Electronics
CUST04442,2025-08-01,199.41,Grocery
CUST04442,2025-04-22,26.35,Dining
CUST04442,2025-01-09,71.83,Travel
CUST04442,2025-02-01,135.9,Grocery
CUST04442,2025-07-28,192.58,Clothing
CUST04443,2024-09-30,13.27,Clothing
CUST04443,2024-07-01,126.24,Dining
CUST04443,2024-10-14,94.41,Travel
CUST04443,2025-03-24,64.56,Electronics
CUST04443,2024-11-07,41.59,Clothing
CUST04443,2024-06-15,258.52,Clothing
CUST04443,2025-06-26,107.73,Clothing
CUST04443,2025-05-13,17.91,Electronics
CUST04443,2024-07-20,41.47,Electronics
CUST04443,2025-06-03,137.12,Dining
CUST04443,2024-07-04,122.27,Clothing
CUST04443,2025-05-03,92.52,Grocery
CUST04443,2024-12-11,97.76,Grocery
CUST04443,2024-10-28,22.58,Clothing
CUST04443,2024-08-17,317.93,Electronics
CUST04443,2025-04-03,225.66,Travel
CUST04443,2024-12-12,52.01,Dining
CUST04443,2025-05-27,171.26,Electronics
CUST04443,2024-10-16,82.0,Travel
CUST04443,2025-06-01,33.42,Dining
CUST04443,2024-06-22,8.58,Travel
CUST04443,2025-04-28,7.06,Dining
CUST04443,2024-10-09,38.21,Dining
CUST04443,2025-04-27,54.77,Clothing
CUST04443,2024-07-26,211.55,Travel
CUST04443,2024-06-07,313.21,Grocery
CUST04443,2025-02-15,133.17,Clothing
CUST04443,2025-02-21,140.1,Dining
CUST04443,2024-11-06,34.71,Travel
CUST04443,2025-05-07,288.19,Grocery
CUST04443,2025-05-03,18.79,Travel
CUST04443,2024-07-12,156.66,Electronics
CUST04443,2025-05-10,71.27,Electronics
CUST04443,2024-12-25,13.8,Dining
CUST04443,2024-12-11,63.24,Grocery
CUST04443,2024-12-28,90.79,Travel
CUST04443,2024-11-03,126.8,Grocery
CUST04443,2024-08-27,54.86,Grocery
CUST04443,2025-02-27,45.45,Travel
CUST04443,2025-01-07,27.64,Grocery
CUST04443,2025-06-12,55.32,Clothing
CUST04443,2024-09-25,146.99,Clothing
CUST04443,2025-01-27,37.33,Clothing
CUST04443,2025-02-08,166.44,Dining
CUST04443,2024-12-11,44.32,Electronics
CUST04443,2024-09-08,18.43,Grocery
CUST04443,2024-11-12,30.67,Electronics
CUST04443,2024-07-02,145.63,Clothing
CUST04443,2025-07-26,18.5,Clothing
CUST04443,2025-01-30,48.68,Dining
CUST04443,2025-01-06,29.43,Dining
CUST04443,2025-04-23,42.04,Grocery
CUST04443,2024-06-08,63.23,Travel
CUST04443,2025-07-09,6.3,Clothing
CUST04443,2025-04-24,11.25,Grocery
CUST04443,2024-12-18,95.78,Travel
CUST04443,2025-01-26,170.35,Clothing
CUST04443,2024-11-21,562.48,Clothing
CUST04443,2025-01-08,193.81,Electronics
CUST04443,2025-04-21,13.62,Grocery
CUST04443,2025-03-21,59.08,Dining
CUST04443,2025-07-29,16.08,Travel
CUST04443,2025-04-17,9.01,Travel
CUST04443,2024-11-21,135.74,Clothing
CUST04443,2024-07-05,86.75,Grocery
CUST04443,2024-11-13,11.26,Clothing
CUST04443,2025-06-25,54.96,Electronics
CUST04443,2025-01-26,21.5,Electronics
CUST04443,2025-06-18,151.5,Grocery
CUST04443,2024-12-20,82.77,Electronics
CUST04443,2024-06-12,39.87,Grocery
CUST04443,2025-01-05,101.31,Clothing
CUST04443,2025-03-05,60.91,Dining
CUST04443,2025-07-25,74.27,Electronics
CUST04443,2024-07-08,56.03,Clothing
CUST04443,2025-06-11,28.57,Grocery
CUST04443,2025-05-12,94.01,Electronics
CUST04443,2025-06-03,129.67,Dining
CUST04443,2024-09-08,55.71,Grocery
CUST04443,2025-04-23,22.93,Grocery
CUST04443,2025-02-02,72.19,Grocery
CUST04443,2025-03-28,140.52,Dining
CUST04443,2025-02-15,98.13,Clothing
CUST04443,2025-04-22,176.64,Dining
CUST04443,2025-01-14,127.75,Travel
CUST04443,2025-06-16,162.67,Dining
CUST04443,2025-07-03,52.99,Dining
CUST04443,2025-01-13,61.59,Travel
CUST04443,2025-06-03,118.62,Electronics
CUST04443,2025-06-19,39.06,Dining
CUST04443,2025-01-29,134.15,Electronics
CUST04443,2025-01-06,28.47,Dining
CUST04443,2025-01-05,72.95,Dining
CUST04443,2025-03-22,214.4,Grocery
CUST04443,2025-03-07,13.82,Electronics
CUST04443,2024-06-16,46.93,Dining
CUST04443,2025-06-19,61.45,Travel
CUST04443,2024-07-08,84.15,Electronics
CUST04443,2025-02-28,123.93,Grocery
CUST04443,2025-01-04,76.38,Dining
CUST04443,2024-06-27,10.52,Grocery
CUST04443,2025-04-20,18.57,Clothing
CUST04443,2025-06-19,77.24,Dining
CUST04444,2023-04-06,7.99,Clothing
CUST04444,2021-07-25,15.64,Travel
CUST04444,2021-09-26,23.5,Dining
CUST04444,2021-10-10,55.12,Travel
CUST04444,2024-06-11,295.99,Grocery
CUST04444,2023-11-15,100.27,Dining
CUST04444,2024-08-24,69.02,Travel
CUST04444,2024-09-25,107.07,Electronics
CUST04444,2022-09-12,73.06,Clothing
CUST04444,2021-09-10,87.16,Dining
CUST04444,2021-07-30,37.87,Electronics
CUST04444,2023-07-02,8.1,Electronics
CUST04444,2021-05-16,169.6,Dining
CUST04444,2022-10-17,9.64,Clothing
CUST04444,2025-07-29,27.9,Travel
CUST04444,2023-06-03,18.82,Dining
CUST04444,2025-07-12,64.39,Clothing
CUST04444,2023-11-23,35.62,Travel
CUST04444,2021-12-06,25.16,Clothing
CUST04444,2023-06-12,67.82,Travel
CUST04444,2024-04-23,13.16,Dining
CUST04444,2023-10-27,172.6,Dining
CUST04444,2024-01-16,90.36,Electronics
CUST04444,2021-09-01,39.77,Travel
CUST04444,2023-01-10,57.55,Clothing
CUST04444,2023-06-11,28.28,Clothing
CUST04444,2023-08-14,18.86,Grocery
CUST04444,2022-04-21,9.43,Electronics
CUST04444,2024-07-31,78.15,Travel
CUST04444,2025-07-12,14.86,Dining
CUST04444,2021-11-25,174.47,Dining
CUST04444,2023-04-19,224.36,Travel
CUST04444,2023-07-14,118.13,Electronics
CUST04444,2023-02-26,17.36,Clothing
CUST04444,2025-04-02,50.96,Dining
CUST04444,2024-10-01,89.02,Electronics
CUST04444,2021-07-14,77.33,Grocery
CUST04444,2024-05-01,379.52,Travel
CUST04444,2023-03-29,7.32,Dining
CUST04444,2023-09-19,11.35,Clothing
CUST04444,2025-01-31,163.21,Dining
CUST04444,2024-12-16,7.26,Electronics
CUST04444,2022-01-16,35.69,Dining
CUST04444,2025-07-14,26.76,Electronics
CUST04444,2025-02-05,304.77,Electronics
CUST04444,2025-04-12,70.35,Electronics
CUST04444,2022-03-15,64.1,Travel
CUST04444,2025-04-08,316.54,Clothing
CUST04444,2025-03-31,208.68,Grocery
CUST04444,2023-08-20,10.46,Grocery
CUST04444,2024-01-05,57.37,Electronics
CUST04444,2022-12-26,117.96,Dining
CUST04444,2022-08-24,90.87,Dining
CUST04444,2023-03-06,10.7,Dining
CUST04444,2025-05-28,66.14,Grocery
CUST04444,2022-12-31,7.19,Travel
CUST04444,2023-01-06,67.28,Clothing
CUST04444,2022-10-27,25.07,Electronics
CUST04444,2023-07-27,25.42,Dining
CUST04444,2025-01-29,40.71,Clothing
CUST04444,2022-03-16,111.46,Grocery
CUST04444,2024-12-23,158.6,Electronics
CUST04444,2021-07-27,65.34,Grocery
CUST04444,2022-08-19,83.51,Dining
CUST04444,2022-10-04,133.86,Grocery
CUST04444,2023-05-06,134.25,Electronics
CUST04444,2023-06-06,14.07,Clothing
CUST04444,2025-01-03,360.31,Grocery
CUST04444,2021-09-14,355.43,Travel
CUST04444,2024-02-25,9.35,Grocery
CUST04444,2024-04-24,127.33,Travel
CUST04444,2023-05-02,210.52,Dining
CUST04444,2025-03-10,160.19,Electronics
CUST04444,2022-04-14,34.11,Clothing
CUST04444,2025-01-30,6.08,Dining
CUST04444,2022-10-18,109.76,Dining
CUST04444,2021-09-21,20.33,Travel
CUST04444,2023-11-14,21.97,Electronics
CUST04444,2022-02-23,44.92,Grocery
CUST04444,2025-06-16,35.89,Travel
CUST04444,2024-04-11,20.1,Electronics
CUST04444,2023-04-01,257.78,Dining
CUST04444,2022-03-12,73.7,Dining
CUST04444,2021-11-06,15.6,Travel
CUST04444,2023-04-12,209.62,Travel
CUST04444,2023-12-02,64.13,Electronics
CUST04444,2022-11-20,66.12,Dining
CUST04444,2022-03-28,126.45,Dining
CUST04445,2024-02-21,37.77,Travel
CUST04445,2023-06-21,29.88,Electronics
CUST04445,2023-10-08,237.51,Electronics
CUST04445,2024-09-30,473.67,Clothing
CUST04445,2024-10-17,106.56,Travel
CUST04445,2022-12-02,97.74,Electronics
CUST04445,2023-11-30,230.16,Grocery
CUST04445,2025-05-12,180.03,Electronics
CUST04445,2023-07-01,7.44,Grocery
CUST04445,2024-03-14,75.02,Dining
CUST04445,2024-03-22,41.59,Grocery
CUST04445,2024-07-21,89.22,Travel
CUST04445,2024-12-26,35.01,Clothing
CUST04445,2024-10-31,106.53,Travel
CUST04445,2025-07-01,38.7,Electronics
CUST04445,2025-04-11,53.18,Dining
CUST04445,2025-06-06,72.02,Grocery
CUST04445,2024-11-13,24.15,Grocery
CUST04445,2024-04-22,206.91,Travel
CUST04445,2024-09-16,21.94,Electronics
CUST04445,2023-12-14,64.41,Grocery
CUST04445,2023-04-20,55.23,Travel
CUST04445,2023-11-23,332.48,Dining
CUST04445,2023-08-06,302.33,Grocery
CUST04445,2025-04-04,61.42,Electronics
CUST04445,2024-06-09,10.04,Clothing
CUST04445,2023-04-10,38.17,Grocery
CUST04445,2024-07-14,29.58,Grocery
CUST04445,2024-04-08,19.35,Clothing
CUST04445,2022-12-19,56.75,Clothing
CUST04445,2024-09-01,129.47,Travel
CUST04445,2023-04-27,22.31,Grocery
CUST04445,2023-04-12,61.52,Dining
CUST04445,2023-03-25,122.29,Travel
CUST04445,2024-11-15,148.24,Travel
CUST04445,2024-06-28,52.55,Grocery
CUST04445,2022-12-28,133.29,Clothing
CUST04445,2025-02-22,8.12,Grocery
CUST04445,2023-03-15,90.5,Clothing
CUST04445,2025-06-16,29.29,Dining
CUST04445,2025-03-19,19.45,Clothing
CUST04445,2023-03-06,144.85,Clothing
CUST04445,2023-07-11,43.44,Dining
CUST04445,2023-01-28,50.77,Dining
CUST04445,2025-05-25,17.0,Clothing
CUST04445,2024-05-15,28.82,Dining
CUST04445,2025-01-14,31.68,Travel
CUST04445,2024-07-24,88.13,Dining
CUST04445,2024-03-27,138.11,Travel
CUST04445,2022-11-19,76.72,Grocery
CUST04445,2023-09-02,21.6,Grocery
CUST04445,2025-06-14,123.92,Grocery
CUST04445,2022-12-23,92.34,Clothing
CUST04445,2023-04-15,78.8,Clothing
CUST04445,2024-02-08,97.38,Travel
CUST04445,2023-09-12,55.94,Grocery
CUST04445,2024-10-10,124.84,Clothing
CUST04445,2024-02-17,65.74,Clothing
CUST04445,2023-11-02,327.42,Electronics
CUST04445,2024-05-05,65.13,Clothing
CUST04445,2024-07-12,5.15,Clothing
CUST04445,2023-06-10,354.52,Electronics
CUST04445,2023-10-25,19.51,Electronics
CUST04445,2025-05-01,21.34,Grocery
CUST04445,2022-12-07,90.5,Clothing
CUST04445,2023-07-26,233.95,Clothing
CUST04445,2025-03-25,123.66,Dining
CUST04445,2023-05-10,93.53,Travel
CUST04445,2023-04-06,60.5,Travel
CUST04445,2024-04-04,81.1,Clothing
CUST04445,2025-07-23,13.23,Electronics
CUST04445,2023-10-20,47.86,Travel
CUST04445,2024-06-03,89.33,Grocery
CUST04445,2023-05-23,42.18,Grocery
CUST04445,2023-08-11,316.19,Dining
CUST04445,2025-04-29,43.12,Travel
CUST04445,2023-05-10,13.5,Dining
CUST04445,2024-03-14,43.57,Grocery
CUST04445,2024-02-25,87.31,Grocery
CUST04445,2024-06-02,25.44,Clothing
CUST04445,2024-07-13,31.65,Grocery
CUST04445,2023-07-08,37.37,Travel
CUST04445,2024-12-03,120.19,Clothing
CUST04445,2023-04-17,39.7,Clothing
CUST04445,2024-03-15,19.89,Travel
CUST04445,2024-08-26,8.73,Grocery
CUST04445,2023-03-01,55.31,Electronics
CUST04445,2025-07-15,156.69,Clothing
CUST04445,2025-04-25,91.45,Clothing
CUST04445,2025-05-15,128.65,Clothing
CUST04445,2023-09-05,7.58,Travel
CUST04445,2025-05-27,69.02,Electronics
CUST04445,2024-04-28,5.13,Electronics
CUST04445,2023-02-14,126.98,Grocery
CUST04445,2023-04-02,65.21,Travel
CUST04445,2023-09-21,23.86,Electronics
CUST04445,2023-12-07,69.06,Grocery
CUST04445,2023-12-31,115.04,Dining
CUST04445,2023-09-01,20.13,Dining
CUST04446,2025-04-03,65.92,Travel
CUST04446,2024-07-29,124.88,Electronics
CUST04446,2024-05-19,51.49,Clothing
CUST04446,2024-09-21,201.86,Dining
CUST04446,2024-07-19,9.11,Grocery
CUST04446,2024-08-10,17.26,Dining
CUST04446,2025-04-30,52.63,Travel
CUST04446,2025-07-06,96.47,Travel
CUST04446,2025-04-12,73.23,Dining
CUST04446,2025-01-16,18.75,Grocery
CUST04446,2024-08-06,81.73,Grocery
CUST04446,2024-07-01,113.05,Travel
CUST04446,2024-05-10,11.32,Grocery
CUST04446,2024-07-29,25.35,Travel
CUST04446,2024-05-20,169.08,Electronics
CUST04446,2025-06-26,79.56,Travel
CUST04446,2025-04-17,17.22,Dining
CUST04446,2025-05-12,28.22,Grocery
CUST04446,2024-10-18,94.6,Travel
CUST04446,2025-05-08,85.3,Dining
CUST04446,2024-05-08,237.12,Grocery
CUST04446,2025-03-26,82.86,Travel
CUST04446,2025-06-30,10.04,Travel
CUST04446,2024-07-12,93.63,Travel
CUST04446,2024-06-07,59.17,Grocery
CUST04446,2024-09-01,25.29,Travel
CUST04446,2024-05-17,141.4,Dining
CUST04446,2025-03-27,70.82,Dining
CUST04446,2025-07-13,8.94,Dining
CUST04446,2024-11-03,58.73,Electronics
CUST04446,2024-10-18,103.08,Travel
CUST04446,2025-05-25,89.0,Clothing
CUST04446,2025-01-15,70.12,Clothing
CUST04446,2025-06-26,44.09,Dining
CUST04446,2024-11-29,33.9,Dining
CUST04446,2024-07-19,100.86,Electronics
CUST04446,2024-09-02,347.04,Dining
CUST04446,2024-10-21,233.0,Electronics
CUST04446,2025-02-07,204.61,Grocery
CUST04446,2024-06-04,44.16,Travel
CUST04446,2025-07-23,54.44,Electronics
CUST04446,2025-07-01,121.58,Electronics
CUST04446,2025-01-30,101.22,Dining
CUST04446,2024-05-07,43.97,Dining
CUST04446,2024-10-04,37.72,Travel
CUST04446,2025-07-24,132.69,Travel
CUST04446,2024-07-27,11.93,Clothing
CUST04446,2025-03-12,16.94,Electronics
CUST04446,2024-09-13,17.76,Grocery
CUST04446,2024-05-09,42.47,Clothing
CUST04446,2024-06-07,123.35,Grocery
CUST04446,2024-10-14,153.25,Dining
CUST04446,2025-06-26,45.54,Grocery
CUST04446,2024-11-18,13.9,Grocery
CUST04446,2024-11-01,9.6,Dining
CUST04446,2025-06-05,246.57,Travel
CUST04446,2024-11-14,62.28,Grocery
CUST04446,2024-06-29,95.89,Clothing
CUST04446,2024-07-06,73.82,Grocery
CUST04446,2024-06-08,40.03,Travel
CUST04446,2024-05-08,68.95,Electronics
CUST04446,2025-06-24,37.21,Clothing
CUST04446,2025-07-15,63.38,Grocery
CUST04446,2025-02-02,92.44,Electronics
CUST04446,2024-09-05,163.27,Dining
CUST04446,2024-10-28,11.51,Clothing
CUST04446,2024-08-12,128.07,Electronics
CUST04446,2024-08-23,39.89,Grocery
CUST04446,2025-05-09,25.07,Electronics
CUST04446,2024-05-24,15.04,Electronics
CUST04446,2024-07-16,68.52,Travel
CUST04446,2025-06-26,109.06,Grocery
CUST04446,2024-07-22,39.87,Travel
CUST04446,2025-06-21,71.22,Travel
CUST04446,2025-03-23,113.36,Clothing
CUST04446,2024-11-18,80.71,Electronics
CUST04446,2024-10-09,26.84,Dining
CUST04446,2025-03-31,59.71,Travel
CUST04446,2024-06-23,121.58,Electronics
CUST04446,2025-04-28,13.29,Dining
CUST04446,2025-01-11,104.51,Electronics
CUST04446,2024-07-09,39.18,Dining
CUST04446,2024-07-25,21.82,Electronics
CUST04446,2025-03-22,195.24,Travel
CUST04446,2024-09-01,99.34,Travel
CUST04446,2025-07-24,21.21,Electronics
CUST04446,2024-09-03,22.0,Dining
CUST04446,2025-07-09,39.84,Grocery
CUST04446,2025-03-01,428.77,Dining
CUST04446,2025-01-20,169.46,Electronics
CUST04446,2024-10-14,51.59,Clothing
CUST04446,2024-09-13,80.86,Grocery
CUST04446,2024-10-23,49.37,Dining
CUST04446,2024-06-07,73.25,Clothing
CUST04446,2025-06-30,153.92,Dining
CUST04446,2025-02-27,41.02,Grocery
CUST04446,2024-11-16,141.67,Dining
CUST04446,2025-07-04,17.56,Electronics
CUST04446,2025-04-01,72.13,Travel
CUST04447,2023-10-12,40.39,Travel
CUST04447,2025-04-26,42.35,Grocery
CUST04447,2025-01-20,194.78,Electronics
CUST04447,2022-06-07,40.57,Grocery
CUST04447,2022-06-20,23.79,Dining
CUST04447,2024-04-29,170.78,Grocery
CUST04447,2023-10-13,9.87,Electronics
CUST04447,2022-08-12,16.42,Dining
CUST04447,2024-12-05,103.59,Grocery
CUST04447,2024-08-17,295.68,Travel
CUST04447,2022-06-14,53.97,Clothing
CUST04447,2022-08-26,574.75,Grocery
CUST04447,2023-05-15,140.01,Dining
CUST04447,2022-11-21,9.16,Electronics
CUST04447,2022-11-26,132.49,Travel
CUST04447,2022-06-16,53.88,Grocery
CUST04447,2025-05-10,163.45,Clothing
CUST04447,2023-03-15,69.88,Clothing
CUST04447,2023-04-06,73.9,Dining
CUST04447,2022-08-11,194.08,Travel
CUST04447,2024-12-25,57.43,Dining
CUST04447,2023-12-22,64.05,Dining
CUST04447,2023-03-25,11.43,Grocery
CUST04447,2023-09-07,138.37,Travel
CUST04447,2023-07-17,22.22,Grocery
CUST04447,2023-05-03,128.03,Dining
CUST04447,2022-07-20,72.71,Dining
CUST04447,2023-08-27,120.72,Travel
CUST04447,2024-06-23,117.05,Grocery
CUST04447,2025-01-14,35.43,Travel
CUST04447,2024-02-22,10.17,Clothing
CUST04447,2023-02-17,404.49,Dining
CUST04447,2023-07-14,11.66,Electronics
CUST04447,2023-08-18,37.92,Dining
CUST04447,2023-09-03,73.42,Grocery
CUST04447,2022-04-23,85.24,Electronics
CUST04447,2022-11-04,30.33,Grocery
CUST04447,2024-05-12,99.56,Travel
CUST04447,2025-06-15,146.97,Electronics
CUST04447,2024-02-29,13.67,Travel
CUST04447,2024-09-02,83.75,Clothing
CUST04447,2024-04-23,19.22,Dining
CUST04447,2024-07-20,49.27,Grocery
CUST04447,2024-03-06,20.56,Grocery
CUST04447,2023-05-28,25.94,Travel
CUST04447,2023-05-23,10.46,Electronics
CUST04447,2023-08-02,30.46,Grocery
CUST04447,2024-05-29,105.23,Dining
CUST04447,2023-03-30,91.89,Dining
CUST04447,2024-08-12,69.83,Grocery
CUST04447,2025-05-12,24.05,Travel
CUST04447,2024-07-23,19.96,Grocery
CUST04447,2025-05-05,54.54,Dining
CUST04447,2023-10-06,54.88,Electronics
CUST04447,2023-10-15,144.32,Electronics
CUST04447,2024-09-02,244.18,Travel
CUST04447,2024-06-13,101.17,Clothing
CUST04447,2025-03-08,188.03,Clothing
CUST04447,2023-11-14,6.89,Grocery
CUST04447,2023-03-03,91.95,Electronics
CUST04447,2024-09-06,56.16,Grocery
CUST04447,2022-05-09,102.61,Travel
CUST04447,2022-06-02,226.13,Electronics
CUST04447,2025-06-19,30.41,Clothing
CUST04447,2024-08-12,21.2,Travel
CUST04447,2024-09-22,137.46,Grocery
CUST04447,2023-04-17,215.21,Clothing
CUST04447,2024-10-12,64.39,Grocery
CUST04447,2022-11-08,124.47,Travel
CUST04447,2022-05-24,100.71,Clothing
CUST04447,2025-02-01,30.22,Electronics
CUST04447,2023-05-27,51.71,Grocery
CUST04447,2022-08-07,287.58,Dining
CUST04447,2022-10-18,187.6,Travel
CUST04447,2023-01-08,174.42,Grocery
CUST04447,2023-09-20,67.91,Dining
CUST04447,2022-10-27,67.83,Dining
CUST04447,2023-10-18,66.95,Dining
CUST04447,2023-04-28,86.01,Clothing
CUST04447,2023-02-10,13.31,Electronics
CUST04447,2022-04-24,12.32,Electronics
CUST04447,2023-05-13,24.41,Dining
CUST04447,2024-11-02,56.48,Grocery
CUST04447,2023-08-22,80.64,Clothing
CUST04447,2023-06-05,57.83,Clothing
CUST04447,2024-12-19,17.0,Travel
CUST04447,2023-03-05,37.45,Dining
CUST04447,2023-08-01,228.41,Dining
CUST04447,2023-02-05,80.65,Grocery
CUST04447,2023-12-04,15.71,Travel
CUST04447,2025-02-20,18.39,Electronics
CUST04447,2024-06-28,21.61,Clothing
CUST04447,2023-11-10,7.28,Grocery
CUST04447,2022-08-16,91.14,Dining
CUST04447,2022-12-15,207.56,Clothing
CUST04447,2023-07-20,34.26,Dining
CUST04447,2024-07-12,14.09,Clothing
CUST04447,2024-08-20,110.78,Electronics
CUST04447,2023-09-27,190.69,Grocery
CUST04447,2023-11-22,17.56,Travel
CUST04447,2023-01-26,110.7,Clothing
CUST04447,2022-12-15,83.03,Clothing
CUST04447,2023-04-16,29.9,Clothing
CUST04447,2024-06-13,56.26,Electronics
CUST04447,2022-04-18,101.84,Travel
CUST04447,2022-11-10,8.72,Dining
CUST04447,2022-07-16,175.02,Travel
CUST04447,2025-06-26,147.82,Travel
CUST04447,2023-06-02,15.42,Travel
CUST04447,2022-11-15,38.9,Travel
CUST04447,2022-05-17,369.65,Clothing
CUST04447,2025-07-25,89.63,Travel
CUST04447,2022-12-18,14.52,Dining
CUST04448,2025-05-05,92.07,Electronics
CUST04448,2025-03-08,13.9,Dining
CUST04448,2024-06-21,14.01,Clothing
CUST04448,2025-02-21,79.16,Electronics
CUST04448,2024-10-27,34.05,Travel
CUST04448,2024-08-16,397.57,Grocery
CUST04448,2025-07-04,25.6,Clothing
CUST04448,2024-09-04,72.77,Clothing
CUST04448,2025-07-22,49.28,Grocery
CUST04448,2024-05-16,61.3,Electronics
CUST04448,2024-07-24,236.52,Travel
CUST04448,2024-12-10,82.73,Electronics
CUST04448,2024-09-09,462.51,Dining
CUST04448,2025-07-21,186.86,Travel
CUST04448,2024-11-01,168.75,Clothing
CUST04448,2024-12-26,121.75,Travel
CUST04448,2024-10-12,27.44,Electronics
CUST04448,2025-05-04,149.86,Electronics
CUST04448,2024-07-15,8.95,Electronics
CUST04448,2025-04-05,142.2,Dining
CUST04448,2025-03-03,40.98,Dining
CUST04448,2025-03-04,175.43,Dining
CUST04448,2025-07-08,36.28,Clothing
CUST04448,2024-12-02,160.99,Clothing
CUST04448,2024-07-24,28.33,Grocery
CUST04448,2025-05-01,32.82,Dining
CUST04448,2024-08-18,71.39,Travel
CUST04448,2025-03-30,26.26,Travel
CUST04448,2025-03-06,8.69,Clothing
CUST04448,2024-08-23,37.5,Clothing
CUST04448,2024-09-30,38.94,Dining
CUST04448,2025-06-27,152.83,Grocery
CUST04448,2025-06-06,240.51,Electronics
CUST04448,2025-05-30,222.72,Clothing
CUST04448,2024-12-08,73.25,Travel
CUST04448,2024-08-18,115.7,Travel
CUST04448,2024-11-03,101.72,Clothing
CUST04448,2024-12-29,9.22,Clothing
CUST04448,2024-11-06,71.55,Travel
CUST04448,2024-11-27,111.52,Clothing
CUST04448,2025-07-08,85.25,Travel
CUST04448,2025-03-02,24.07,Travel
CUST04448,2025-04-10,80.5,Clothing
CUST04448,2025-06-20,148.99,Electronics
CUST04448,2025-07-25,493.9,Dining
CUST04448,2025-04-04,127.75,Electronics
CUST04448,2025-06-19,47.48,Dining
CUST04448,2024-09-01,15.26,Clothing
CUST04448,2024-11-12,45.46,Clothing
CUST04448,2025-04-03,245.98,Dining
CUST04448,2025-01-02,20.7,Travel
CUST04448,2025-04-13,5.55,Travel
CUST04448,2025-06-16,14.71,Electronics
CUST04448,2024-06-06,72.41,Electronics
CUST04448,2024-09-24,50.38,Electronics
CUST04448,2024-12-30,158.4,Clothing
CUST04448,2024-12-05,70.31,Travel
CUST04448,2025-07-18,18.36,Clothing
CUST04448,2024-12-27,124.39,Electronics
CUST04448,2024-09-13,35.99,Electronics
CUST04448,2025-02-15,6.94,Electronics
CUST04448,2025-06-12,8.5,Dining
CUST04448,2024-08-27,17.32,Travel
CUST04448,2024-07-16,54.65,Clothing
CUST04448,2025-07-27,66.03,Clothing
CUST04448,2025-07-16,15.53,Clothing
CUST04448,2024-06-11,545.85,Travel
CUST04448,2024-09-30,87.54,Grocery
CUST04448,2024-07-30,77.27,Grocery
CUST04448,2025-01-19,33.54,Electronics
CUST04448,2024-09-12,76.03,Clothing
CUST04448,2024-08-26,181.69,Grocery
CUST04448,2024-08-27,36.96,Dining
CUST04448,2024-11-05,125.0,Electronics
CUST04448,2025-07-07,50.32,Dining
CUST04448,2024-07-26,77.04,Electronics
CUST04448,2024-09-03,8.05,Clothing
CUST04448,2025-06-29,129.51,Electronics
CUST04448,2024-05-27,7.38,Travel
CUST04448,2024-09-08,126.23,Clothing
CUST04448,2024-11-03,92.71,Clothing
CUST04448,2025-05-03,98.75,Grocery
CUST04448,2024-05-15,54.12,Electronics
CUST04448,2024-06-21,65.81,Clothing
CUST04448,2025-07-28,15.48,Electronics
CUST04448,2025-05-19,242.3,Clothing
CUST04448,2025-06-27,55.18,Grocery
CUST04448,2025-05-28,229.85,Grocery
CUST04448,2025-06-24,48.39,Clothing
CUST04448,2024-10-08,167.65,Dining
CUST04448,2025-04-07,22.74,Travel
CUST04448,2024-07-27,11.39,Travel
CUST04448,2024-06-25,170.25,Electronics
CUST04448,2024-11-03,9.08,Travel
CUST04448,2025-02-26,51.03,Clothing
CUST04448,2025-04-08,67.54,Grocery
CUST04448,2025-03-02,29.23,Dining
CUST04448,2025-03-11,64.36,Grocery
CUST04448,2024-12-04,59.61,Electronics
CUST04448,2025-05-11,29.6,Dining
CUST04448,2025-03-27,25.08,Travel
CUST04448,2024-07-07,63.26,Travel
CUST04448,2025-02-08,96.14,Electronics
CUST04448,2024-06-08,36.75,Clothing
CUST04448,2024-10-24,114.89,Electronics
CUST04448,2024-11-20,128.21,Dining
CUST04448,2025-01-10,39.92,Clothing
CUST04448,2025-06-11,34.68,Grocery
CUST04448,2025-04-02,71.62,Electronics
CUST04448,2024-12-28,73.32,Electronics
CUST04448,2024-09-09,134.52,Clothing
CUST04448,2025-03-13,385.72,Travel
CUST04448,2025-03-10,42.88,Electronics
CUST04448,2024-10-02,14.72,Clothing
CUST04448,2025-06-14,219.06,Clothing
CUST04448,2025-06-16,143.57,Grocery
CUST04448,2024-08-06,53.77,Clothing
CUST04448,2024-09-05,48.64,Dining
CUST04448,2024-07-27,51.39,Dining
CUST04448,2024-08-26,91.56,Dining
CUST04448,2025-05-20,145.63,Grocery
CUST04448,2024-07-15,87.77,Clothing
CUST04448,2025-03-11,52.2,Dining
CUST04449,2024-09-08,39.57,Clothing
CUST04449,2025-02-24,95.29,Travel
CUST04449,2024-05-07,32.15,Electronics
CUST04449,2024-07-18,16.7,Travel
CUST04449,2024-06-14,89.15,Grocery
CUST04449,2025-03-22,50.41,Electronics
CUST04449,2025-03-06,24.43,Dining
CUST04449,2024-06-23,36.6,Grocery
CUST04449,2025-01-26,73.23,Electronics
CUST04449,2024-04-10,29.7,Electronics
CUST04449,2024-12-01,54.21,Clothing
CUST04449,2025-01-31,314.93,Dining
CUST04449,2024-11-21,107.79,Clothing
CUST04449,2025-02-02,40.42,Clothing
CUST04449,2025-02-08,22.5,Dining
CUST04449,2025-04-22,103.29,Dining
CUST04449,2024-09-24,31.48,Dining
CUST04449,2024-05-05,77.38,Travel
CUST04449,2024-10-21,6.41,Travel
CUST04449,2024-08-05,19.35,Grocery
CUST04449,2024-09-21,73.39,Dining
CUST04449,2025-06-24,72.46,Electronics
CUST04449,2024-08-11,343.39,Clothing
CUST04449,2025-04-20,132.37,Electronics
CUST04449,2025-04-29,31.09,Travel
CUST04449,2024-04-06,11.26,Clothing
CUST04449,2024-10-18,51.13,Dining
CUST04449,2024-08-04,76.21,Grocery
CUST04449,2024-05-07,65.75,Travel
CUST04449,2025-01-13,136.11,Clothing
CUST04449,2024-04-04,76.44,Grocery
CUST04449,2025-06-04,12.74,Grocery
CUST04449,2024-08-26,151.83,Grocery
CUST04449,2024-05-08,218.96,Clothing
CUST04449,2024-08-04,32.33,Grocery
CUST04449,2025-07-24,38.33,Clothing
CUST04449,2025-07-19,63.58,Grocery
CUST04449,2025-03-12,30.83,Clothing
CUST04449,2024-08-14,55.75,Clothing
CUST04449,2024-04-22,33.71,Grocery
CUST04449,2024-04-06,65.29,Electronics
CUST04449,2025-03-16,331.59,Grocery
CUST04449,2025-03-26,14.57,Grocery
CUST04449,2024-04-09,51.41,Dining
CUST04449,2025-07-05,37.92,Travel
CUST04449,2024-05-15,29.98,Clothing
CUST04449,2025-04-19,85.92,Travel
CUST04449,2025-03-25,187.91,Dining
CUST04449,2025-03-15,201.93,Electronics
CUST04449,2025-06-01,8.64,Electronics
CUST04449,2025-03-31,110.39,Dining
CUST04449,2025-01-07,10.98,Clothing
CUST04449,2024-07-28,9.62,Electronics
CUST04449,2025-04-16,114.27,Dining
CUST04449,2025-02-22,15.33,Travel
CUST04449,2024-04-04,18.56,Grocery
CUST04449,2025-04-04,83.11,Dining
CUST04449,2024-06-13,66.76,Electronics
CUST04449,2024-03-28,19.89,Grocery
CUST04449,2024-12-02,27.92,Dining
CUST04449,2024-10-11,45.51,Dining
CUST04449,2025-05-25,102.75,Clothing
CUST04449,2025-07-28,35.21,Electronics
CUST04449,2024-08-28,27.18,Dining
CUST04449,2025-04-05,29.97,Clothing
CUST04449,2025-03-28,102.09,Electronics
CUST04449,2025-04-05,32.5,Grocery
CUST04449,2024-09-26,108.73,Travel
CUST04449,2025-07-03,115.19,Dining
CUST04449,2025-05-04,59.66,Clothing
CUST04449,2025-07-31,62.58,Clothing
CUST04449,2024-04-27,105.33,Grocery
CUST04449,2025-05-20,11.72,Travel
CUST04449,2024-09-30,51.37,Dining
CUST04449,2025-07-05,70.15,Clothing
CUST04449,2025-05-07,150.63,Dining
CUST04449,2024-04-11,140.61,Travel
CUST04449,2024-12-10,403.72,Dining
CUST04449,2024-09-30,52.0,Grocery
CUST04449,2025-03-11,48.03,Electronics
CUST04449,2025-07-19,17.66,Clothing
CUST04449,2024-06-30,10.38,Dining
CUST04449,2024-05-27,14.77,Electronics
CUST04449,2025-05-09,50.8,Electronics
CUST04449,2024-06-28,54.01,Clothing
CUST04449,2025-03-12,31.25,Electronics
CUST04449,2024-05-30,20.8,Travel
CUST04449,2024-06-23,79.57,Dining
CUST04449,2025-07-01,17.1,Dining
CUST04449,2025-07-19,49.96,Clothing
CUST04449,2025-04-08,220.12,Travel
CUST04449,2024-06-06,90.49,Clothing
CUST04449,2024-05-05,84.52,Clothing
CUST04449,2025-04-06,92.82,Clothing
CUST04449,2024-10-07,65.15,Electronics
CUST04450,2022-08-05,44.95,Electronics
CUST04450,2022-05-02,141.06,Clothing
CUST04450,2022-12-03,84.88,Grocery
CUST04450,2023-05-14,23.46,Clothing
CUST04450,2023-09-25,130.89,Travel
CUST04450,2023-06-09,35.88,Electronics
CUST04450,2023-08-31,61.29,Clothing
CUST04450,2023-11-07,266.13,Grocery
CUST04450,2022-03-25,10.14,Dining
CUST04450,2024-01-24,13.32,Electronics
CUST04450,2023-07-25,177.05,Dining
CUST04450,2025-06-16,78.24,Clothing
CUST04450,2025-03-03,6.01,Grocery
CUST04450,2022-07-15,33.88,Electronics
CUST04450,2023-01-05,84.1,Travel
CUST04450,2025-04-05,27.48,Dining
CUST04450,2024-03-18,260.06,Clothing
CUST04450,2022-09-25,29.63,Clothing
CUST04450,2024-03-10,18.61,Travel
CUST04450,2022-12-14,189.36,Travel
CUST04450,2023-04-08,42.42,Dining
CUST04450,2021-12-26,46.66,Dining
CUST04450,2023-09-27,184.05,Travel
CUST04450,2024-10-07,9.4,Clothing
CUST04450,2022-08-21,54.77,Travel
CUST04450,2023-11-25,94.57,Electronics
CUST04450,2022-02-28,41.87,Electronics
CUST04450,2023-06-25,11.13,Travel
CUST04450,2023-03-01,303.54,Electronics
CUST04450,2023-06-18,6.74,Grocery
CUST04450,2025-01-06,11.7,Clothing
CUST04450,2023-04-10,29.49,Grocery
CUST04450,2022-03-11,186.23,Electronics
CUST04450,2024-04-21,63.18,Electronics
CUST04450,2022-06-06,42.59,Clothing
CUST04450,2025-04-25,36.41,Electronics
CUST04450,2022-10-23,183.75,Grocery
CUST04450,2024-09-18,91.23,Grocery
CUST04450,2023-12-06,8.57,Grocery
CUST04450,2025-05-08,234.02,Clothing
CUST04450,2025-03-29,100.22,Grocery
CUST04450,2023-06-24,99.36,Grocery
CUST04450,2024-04-05,47.63,Grocery
CUST04450,2022-03-27,78.8,Clothing
CUST04450,2025-06-23,37.52,Travel
CUST04450,2025-07-29,7.33,Grocery
CUST04450,2024-12-18,107.29,Electronics
CUST04450,2024-07-30,34.24,Electronics
CUST04450,2022-01-13,188.55,Clothing
CUST04450,2022-10-04,279.94,Electronics
CUST04450,2024-12-14,26.15,Grocery
CUST04450,2022-11-18,107.64,Grocery
CUST04450,2024-04-04,74.93,Travel
CUST04450,2022-01-17,10.35,Grocery
CUST04450,2024-04-06,16.23,Travel
CUST04450,2022-07-10,11.38,Dining
CUST04450,2024-02-25,238.59,Clothing
CUST04450,2023-05-30,129.66,Clothing
CUST04450,2022-07-01,104.14,Clothing
CUST04450,2023-10-15,55.53,Electronics
CUST04450,2022-11-20,89.64,Travel
CUST04450,2023-09-17,93.08,Electronics
CUST04450,2022-11-08,10.04,Travel
CUST04450,2025-03-25,82.55,Clothing
CUST04450,2024-08-17,14.72,Dining
CUST04450,2023-03-30,34.4,Electronics
CUST04450,2022-06-11,64.81,Travel
CUST04450,2024-02-18,6.0,Electronics
CUST04450,2024-01-04,46.78,Dining
CUST04450,2024-10-04,178.37,Grocery
CUST04450,2025-01-25,11.18,Clothing
CUST04450,2023-09-23,217.2,Dining
CUST04450,2024-04-30,29.54,Grocery
CUST04450,2024-10-23,99.61,Travel
CUST04450,2024-02-10,6.19,Grocery
CUST04450,2022-06-01,113.53,Grocery
CUST04450,2023-09-05,17.51,Dining
CUST04450,2023-06-24,119.98,Electronics
CUST04450,2024-01-18,19.38,Clothing
CUST04450,2023-09-23,54.65,Electronics
CUST04450,2021-12-20,16.54,Electronics
CUST04450,2022-05-15,18.91,Travel
CUST04450,2024-06-29,59.99,Grocery
CUST04450,2023-10-07,43.55,Clothing
CUST04450,2024-09-09,87.33,Dining
CUST04450,2023-01-15,60.87,Clothing
CUST04450,2023-03-15,43.61,Grocery
CUST04450,2022-08-17,34.31,Travel
CUST04450,2024-01-23,38.0,Travel
CUST04450,2025-02-19,106.13,Dining
CUST04450,2022-09-27,5.62,Grocery
CUST04450,2023-09-23,24.85,Clothing
CUST04450,2023-11-13,15.49,Electronics
CUST04450,2024-05-07,18.62,Dining
CUST04450,2025-02-01,133.61,Dining
CUST04450,2025-02-15,43.37,Electronics
CUST04450,2024-09-07,59.14,Travel
CUST04450,2023-04-04,46.16,Travel
CUST04450,2023-09-24,103.94,Grocery
CUST04450,2023-03-18,66.2,Dining
CUST04450,2022-03-11,75.71,Travel
CUST04451,2025-05-12,12.87,Grocery
CUST04451,2025-03-03,284.83,Dining
CUST04451,2025-03-01,73.41,Clothing
CUST04451,2025-06-11,11.19,Travel
CUST04451,2025-02-23,12.84,Grocery
CUST04451,2025-06-02,41.95,Clothing
CUST04451,2025-05-19,82.09,Dining
CUST04451,2025-06-27,46.24,Grocery
CUST04451,2025-03-13,33.33,Grocery
CUST04451,2025-03-19,132.0,Dining
CUST04451,2025-06-25,138.56,Clothing
CUST04451,2025-04-04,59.73,Grocery
CUST04451,2025-03-14,8.88,Travel
CUST04451,2025-04-22,5.08,Electronics
CUST04451,2025-03-19,38.07,Grocery
CUST04451,2025-05-17,42.72,Dining
CUST04451,2025-03-20,69.62,Dining
CUST04451,2025-04-14,29.12,Travel
CUST04451,2025-05-30,70.69,Dining
CUST04451,2025-05-19,12.57,Dining
CUST04451,2025-04-18,31.75,Grocery
CUST04451,2025-05-24,159.07,Electronics
CUST04451,2025-04-05,7.94,Travel
CUST04451,2025-06-07,62.73,Travel
CUST04451,2025-06-09,132.33,Dining
CUST04451,2025-07-27,343.82,Grocery
CUST04451,2025-04-21,94.67,Grocery
CUST04451,2025-07-25,24.71,Clothing
CUST04451,2025-04-13,70.58,Grocery
CUST04451,2025-06-26,11.65,Travel
CUST04451,2025-06-20,248.33,Grocery
CUST04451,2025-05-30,16.72,Grocery
CUST04451,2025-03-02,32.39,Grocery
CUST04451,2025-04-13,99.96,Clothing
CUST04451,2025-02-18,149.49,Travel
CUST04451,2025-03-13,77.11,Travel
CUST04451,2025-04-05,58.88,Grocery
CUST04451,2025-06-16,32.53,Grocery
CUST04451,2025-06-26,113.08,Electronics
CUST04451,2025-05-13,21.51,Travel
CUST04451,2025-07-21,19.74,Grocery
CUST04451,2025-06-01,150.04,Dining
CUST04451,2025-07-17,73.91,Grocery
CUST04451,2025-05-20,147.65,Travel
CUST04451,2025-02-25,84.53,Dining
CUST04451,2025-07-03,36.45,Electronics
CUST04451,2025-07-16,73.5,Electronics
CUST04451,2025-04-19,37.57,Clothing
CUST04451,2025-03-12,50.31,Travel
CUST04451,2025-07-06,75.94,Grocery
CUST04451,2025-07-31,19.26,Travel
CUST04451,2025-04-15,84.96,Grocery
CUST04451,2025-04-03,37.83,Electronics
CUST04451,2025-07-26,163.87,Travel
CUST04451,2025-03-02,47.15,Clothing
CUST04451,2025-05-25,50.06,Electronics
CUST04451,2025-07-29,68.43,Grocery
CUST04451,2025-07-02,35.73,Clothing
CUST04451,2025-05-16,222.21,Clothing
CUST04451,2025-03-04,18.88,Electronics
CUST04451,2025-05-12,74.81,Travel
CUST04451,2025-05-20,52.24,Clothing
CUST04451,2025-07-04,33.07,Grocery
CUST04451,2025-06-01,39.24,Travel
CUST04451,2025-07-16,15.66,Clothing
CUST04451,2025-06-06,33.83,Electronics
CUST04451,2025-05-24,50.87,Clothing
CUST04451,2025-04-21,162.05,Grocery
CUST04451,2025-05-10,39.53,Electronics
CUST04451,2025-05-14,188.38,Dining
CUST04451,2025-07-25,63.94,Dining
CUST04451,2025-03-14,105.99,Grocery
CUST04451,2025-07-27,9.38,Grocery
CUST04451,2025-04-05,302.19,Electronics
CUST04451,2025-07-19,26.95,Electronics
CUST04451,2025-05-23,17.19,Dining
CUST04451,2025-06-07,109.22,Dining
CUST04451,2025-03-31,29.41,Travel
CUST04451,2025-05-09,73.37,Dining
CUST04451,2025-07-13,48.74,Travel
CUST04451,2025-04-01,30.74,Dining
CUST04451,2025-04-25,45.64,Grocery
CUST04451,2025-04-17,132.24,Travel
CUST04451,2025-03-28,57.15,Clothing
CUST04451,2025-06-16,27.76,Electronics
CUST04451,2025-02-17,41.78,Travel
CUST04451,2025-06-28,117.47,Grocery
CUST04451,2025-04-21,10.77,Travel
CUST04451,2025-06-14,77.58,Dining
CUST04451,2025-07-12,158.66,Travel
CUST04451,2025-07-13,68.08,Grocery
CUST04451,2025-07-11,465.61,Clothing
CUST04451,2025-05-08,118.38,Grocery
CUST04451,2025-07-08,62.28,Clothing
CUST04451,2025-03-06,81.34,Clothing
CUST04451,2025-03-20,5.74,Clothing
CUST04451,2025-06-04,5.62,Grocery
CUST04452,2024-03-23,21.48,Grocery
CUST04452,2024-11-07,24.6,Electronics
CUST04452,2022-10-10,75.1,Clothing
CUST04452,2023-06-22,26.8,Electronics
CUST04452,2022-11-26,380.56,Clothing
CUST04452,2025-03-25,98.72,Travel
CUST04452,2025-07-07,17.68,Electronics
CUST04452,2023-07-06,32.27,Electronics
CUST04452,2024-02-05,10.55,Travel
CUST04452,2025-04-06,57.12,Dining
CUST04452,2024-01-16,89.35,Travel
CUST04452,2022-12-12,96.54,Clothing
CUST04452,2024-08-13,108.92,Travel
CUST04452,2024-03-16,29.2,Electronics
CUST04452,2025-06-26,62.0,Clothing
CUST04452,2022-12-21,44.12,Clothing
CUST04452,2025-07-04,566.24,Grocery
CUST04452,2025-07-01,223.89,Clothing
CUST04452,2023-10-01,73.85,Electronics
CUST04452,2024-05-16,20.64,Electronics
CUST04452,2022-07-08,8.38,Grocery
CUST04452,2024-02-04,119.1,Grocery
CUST04452,2023-01-06,215.35,Electronics
CUST04452,2024-04-06,189.99,Dining
CUST04452,2023-11-23,313.28,Travel
CUST04452,2025-06-06,73.52,Electronics
CUST04452,2023-09-21,8.82,Travel
CUST04452,2022-11-13,94.33,Dining
CUST04452,2023-12-21,36.89,Dining
CUST04452,2025-06-27,8.9,Grocery
CUST04452,2025-01-19,105.27,Clothing
CUST04452,2024-01-20,149.1,Dining
CUST04452,2022-08-21,155.65,Grocery
CUST04452,2024-04-24,64.35,Clothing
CUST04452,2024-07-25,11.31,Dining
CUST04452,2022-10-05,17.04,Clothing
CUST04452,2023-02-13,185.88,Clothing
CUST04452,2024-04-06,56.03,Electronics
CUST04452,2023-07-18,106.45,Dining
CUST04452,2023-12-07,11.5,Grocery
CUST04452,2024-02-06,9.11,Electronics
CUST04452,2023-01-04,37.68,Clothing
CUST04452,2022-08-18,39.75,Travel
CUST04452,2023-06-05,102.39,Travel
CUST04452,2023-10-21,15.89,Dining
CUST04452,2024-05-02,118.21,Clothing
CUST04452,2024-08-22,35.44,Electronics
CUST04452,2023-09-11,30.67,Travel
CUST04452,2024-09-02,23.25,Dining
CUST04452,2023-01-25,76.95,Dining
CUST04452,2024-11-13,82.63,Electronics
CUST04452,2023-05-03,5.51,Travel
CUST04452,2022-10-28,11.01,Dining
CUST04452,2024-05-07,44.32,Clothing
CUST04452,2025-02-07,147.13,Travel
CUST04452,2022-07-19,136.55,Clothing
CUST04452,2022-10-29,11.46,Travel
CUST04452,2022-12-02,58.98,Electronics
CUST04452,2025-06-19,170.56,Travel
CUST04452,2025-01-18,13.99,Dining
CUST04452,2023-08-18,15.54,Clothing
CUST04452,2022-08-24,5.61,Travel
CUST04452,2025-07-10,86.43,Clothing
CUST04452,2025-01-19,76.54,Grocery
CUST04452,2024-06-07,88.39,Electronics
CUST04452,2025-02-26,43.09,Travel
CUST04452,2023-12-25,55.28,Clothing
CUST04452,2024-12-02,164.97,Travel
CUST04452,2024-02-18,203.15,Electronics
CUST04452,2023-05-07,20.25,Dining
CUST04452,2025-02-22,30.53,Dining
CUST04452,2025-02-28,36.8,Electronics
CUST04452,2024-11-10,49.64,Clothing
CUST04452,2024-12-18,101.9,Dining
CUST04452,2022-12-06,140.33,Electronics
CUST04452,2024-10-07,5.25,Clothing
CUST04452,2024-05-13,41.37,Travel
CUST04452,2025-04-09,28.07,Travel
CUST04452,2024-05-20,210.73,Clothing
CUST04452,2023-05-21,136.53,Travel
CUST04452,2023-04-12,100.7,Travel
CUST04452,2024-04-29,235.6,Grocery
CUST04452,2022-08-07,70.61,Dining
CUST04452,2023-05-06,43.54,Electronics
CUST04452,2023-03-06,20.51,Electronics
CUST04452,2024-08-11,10.52,Electronics
CUST04452,2024-05-09,5.44,Grocery
CUST04452,2025-07-18,29.49,Electronics
CUST04452,2024-02-08,16.53,Grocery
CUST04452,2023-01-08,114.45,Dining
CUST04452,2022-08-13,98.44,Dining
CUST04453,2025-01-12,192.01,Grocery
CUST04453,2024-10-11,51.01,Travel
CUST04453,2025-02-15,107.0,Clothing
CUST04453,2024-11-20,127.68,Travel
CUST04453,2025-02-05,70.07,Travel
CUST04453,2024-12-24,12.41,Travel
CUST04453,2024-12-26,45.73,Clothing
CUST04453,2025-04-18,395.91,Clothing
CUST04453,2024-10-22,35.8,Electronics
CUST04453,2025-06-25,415.5,Travel
CUST04453,2024-12-29,168.34,Travel
CUST04453,2024-12-26,33.47,Electronics
CUST04453,2024-11-05,14.18,Grocery
CUST04453,2025-01-31,15.97,Travel
CUST04453,2025-02-11,37.94,Travel
CUST04453,2025-05-20,281.6,Travel
CUST04453,2025-05-13,55.27,Clothing
CUST04453,2025-04-23,122.87,Clothing
CUST04453,2024-11-14,276.67,Travel
CUST04453,2025-02-09,240.22,Dining
CUST04453,2025-05-24,37.67,Electronics
CUST04453,2024-12-03,9.23,Grocery
CUST04453,2025-01-22,122.55,Grocery
CUST04453,2024-10-10,42.93,Dining
CUST04453,2025-02-14,100.97,Electronics
CUST04453,2025-01-13,91.67,Dining
CUST04453,2024-11-29,23.12,Dining
CUST04453,2025-03-03,13.99,Travel
CUST04453,2025-06-12,38.89,Clothing
CUST04453,2024-10-15,183.34,Electronics
CUST04453,2025-03-22,54.18,Grocery
CUST04453,2025-02-24,75.16,Clothing
CUST04453,2025-06-20,20.34,Electronics
CUST04453,2024-12-25,20.95,Clothing
CUST04453,2024-12-19,32.28,Dining
CUST04453,2024-11-25,113.33,Electronics
CUST04453,2025-04-26,31.25,Electronics
CUST04453,2025-01-31,9.21,Grocery
CUST04453,2024-11-28,31.53,Clothing
CUST04453,2025-03-13,5.48,Grocery
CUST04453,2025-07-12,157.62,Grocery
CUST04453,2024-10-31,200.07,Grocery
CUST04453,2024-12-04,17.6,Clothing
CUST04453,2025-03-16,54.8,Electronics
CUST04453,2025-01-26,38.6,Dining
CUST04453,2025-05-27,89.39,Travel
CUST04453,2025-01-24,43.8,Travel
CUST04453,2025-04-27,144.89,Grocery
CUST04453,2025-07-02,23.15,Travel
CUST04453,2025-06-12,191.54,Electronics
CUST04453,2025-03-26,22.18,Grocery
CUST04453,2025-06-20,32.54,Clothing
CUST04453,2024-12-18,53.15,Dining
CUST04453,2025-06-30,34.97,Clothing
CUST04453,2025-01-15,146.49,Dining
CUST04453,2025-06-26,48.79,Grocery
CUST04453,2025-06-10,152.5,Grocery
CUST04453,2025-01-08,28.18,Electronics
CUST04453,2025-02-11,62.86,Clothing
CUST04453,2025-01-22,13.5,Dining
CUST04453,2024-11-11,49.63,Clothing
CUST04453,2024-10-24,21.99,Electronics
CUST04453,2025-06-11,294.97,Clothing
CUST04453,2025-07-06,204.03,Clothing
CUST04453,2024-11-27,151.01,Clothing
CUST04453,2025-04-05,19.67,Dining
CUST04453,2025-03-09,21.85,Travel
CUST04453,2025-06-15,13.76,Grocery
CUST04453,2024-11-20,9.01,Travel
CUST04453,2024-11-19,136.93,Grocery
CUST04453,2024-11-29,66.29,Electronics
CUST04453,2025-02-04,8.26,Electronics
CUST04453,2025-05-26,126.3,Clothing
CUST04453,2024-10-23,59.8,Clothing
CUST04453,2025-03-28,34.42,Clothing
CUST04453,2025-05-02,259.06,Dining
CUST04453,2025-03-18,62.72,Grocery
CUST04453,2025-01-15,12.28,Dining
CUST04453,2024-12-25,37.44,Grocery
CUST04453,2024-10-24,74.08,Travel
CUST04453,2024-12-22,163.51,Dining
CUST04453,2025-07-12,140.02,Electronics
CUST04453,2025-04-25,13.66,Grocery
CUST04453,2025-06-20,16.2,Clothing
CUST04453,2024-11-30,16.11,Grocery
CUST04453,2025-01-30,10.92,Grocery
CUST04453,2025-01-11,74.18,Travel
CUST04454,2023-12-07,231.7,Travel
CUST04454,2024-06-24,198.45,Electronics
CUST04454,2024-03-05,42.7,Grocery
CUST04454,2023-12-21,32.76,Clothing
CUST04454,2024-03-12,32.92,Grocery
CUST04454,2024-09-20,47.78,Travel
CUST04454,2023-12-19,132.51,Clothing
CUST04454,2023-12-25,86.28,Dining
CUST04454,2025-06-08,9.05,Dining
CUST04454,2025-05-26,36.62,Dining
CUST04454,2024-10-13,70.75,Clothing
CUST04454,2024-12-17,13.35,Clothing
CUST04454,2025-01-11,232.9,Grocery
CUST04454,2025-06-17,126.84,Electronics
CUST04454,2024-07-25,136.03,Electronics
CUST04454,2025-01-29,21.6,Electronics
CUST04454,2023-12-25,213.15,Clothing
CUST04454,2024-09-11,43.82,Dining
CUST04454,2024-09-18,41.13,Dining
CUST04454,2024-03-29,146.97,Travel
CUST04454,2024-11-08,70.08,Travel
CUST04454,2024-03-02,156.42,Travel
CUST04454,2024-08-24,63.33,Electronics
CUST04454,2024-09-24,27.24,Travel
CUST04454,2024-11-03,144.16,Grocery
CUST04454,2025-06-02,51.76,Grocery
CUST04454,2025-06-21,74.28,Electronics
CUST04454,2024-08-22,18.04,Electronics
CUST04454,2023-12-16,130.38,Dining
CUST04454,2025-06-16,26.15,Grocery
CUST04454,2024-09-20,5.52,Dining
CUST04454,2024-08-16,19.43,Dining
CUST04454,2025-02-15,65.57,Electronics
CUST04454,2024-09-02,123.99,Clothing
CUST04454,2024-03-01,16.48,Travel
CUST04454,2025-06-25,45.75,Grocery
CUST04454,2023-12-02,12.51,Grocery
CUST04454,2025-01-04,17.1,Electronics
CUST04454,2024-03-18,165.17,Electronics
CUST04454,2024-03-23,107.99,Clothing
CUST04454,2025-07-16,94.08,Travel
CUST04454,2023-11-29,14.4,Travel
CUST04454,2024-06-13,171.55,Electronics
CUST04454,2025-04-09,64.0,Dining
CUST04454,2024-12-16,28.47,Clothing
CUST04454,2024-11-13,120.56,Electronics
CUST04454,2024-08-05,8.53,Clothing
CUST04454,2024-01-06,28.46,Grocery
CUST04454,2024-12-29,197.84,Travel
CUST04454,2024-05-11,125.26,Dining
CUST04454,2025-03-16,67.78,Dining
CUST04454,2023-12-25,57.7,Travel
CUST04454,2025-04-28,55.86,Electronics
CUST04454,2025-01-01,186.86,Grocery
CUST04454,2023-12-25,27.55,Electronics
CUST04454,2025-04-27,91.74,Travel
CUST04454,2025-07-19,29.14,Grocery
CUST04454,2025-07-31,37.4,Grocery
CUST04454,2024-03-01,61.63,Electronics
CUST04454,2024-04-19,19.78,Electronics
CUST04454,2024-10-12,260.51,Dining
CUST04454,2025-02-04,32.17,Grocery
CUST04454,2024-12-20,20.96,Dining
CUST04454,2025-07-01,43.98,Electronics
CUST04454,2024-02-06,51.17,Clothing
CUST04454,2024-02-09,376.04,Dining
CUST04454,2025-06-05,166.86,Electronics
CUST04454,2025-07-07,31.97,Dining
CUST04454,2025-03-22,92.01,Electronics
CUST04454,2024-07-22,122.27,Dining
CUST04454,2024-09-15,226.76,Electronics
CUST04454,2024-01-11,79.33,Electronics
CUST04454,2024-05-31,18.72,Clothing
CUST04454,2025-02-11,33.72,Grocery
CUST04454,2024-03-23,15.05,Grocery
CUST04454,2024-10-06,206.6,Clothing
CUST04454,2025-02-20,12.24,Travel
CUST04454,2024-12-19,80.56,Clothing
CUST04454,2025-03-06,9.85,Dining
CUST04454,2024-07-01,58.71,Grocery
CUST04454,2024-11-02,130.73,Electronics
CUST04454,2025-06-04,53.29,Travel
CUST04454,2024-11-21,156.15,Travel
CUST04454,2025-06-14,17.33,Dining
CUST04454,2024-11-05,81.18,Dining
CUST04454,2024-04-10,103.18,Dining
CUST04454,2025-07-29,105.52,Dining
CUST04454,2024-06-18,50.37,Clothing
CUST04454,2025-02-01,35.3,Grocery
CUST04454,2024-05-30,97.68,Clothing
CUST04454,2025-05-15,203.03,Travel
CUST04454,2025-01-13,91.76,Travel
CUST04454,2025-05-15,34.68,Grocery
CUST04454,2025-04-17,194.32,Electronics
CUST04454,2024-02-28,53.71,Clothing
CUST04454,2025-04-13,149.15,Travel
CUST04454,2024-11-30,16.19,Travel
CUST04454,2024-11-01,6.43,Dining
CUST04454,2024-10-03,9.05,Travel
CUST04454,2025-01-07,6.01,Dining
CUST04454,2024-08-04,73.0,Clothing
CUST04454,2024-07-22,57.24,Travel
CUST04454,2024-04-28,18.58,Clothing
CUST04454,2024-05-15,40.25,Dining
CUST04454,2025-02-05,41.02,Grocery
CUST04454,2024-05-28,6.69,Travel
CUST04454,2025-02-18,5.45,Travel
CUST04454,2025-07-29,57.4,Dining
CUST04454,2024-12-27,138.73,Travel
CUST04455,2022-10-27,25.15,Clothing
CUST04455,2025-05-21,90.01,Grocery
CUST04455,2022-11-02,97.75,Grocery
CUST04455,2023-03-09,124.39,Electronics
CUST04455,2021-12-04,12.43,Grocery
CUST04455,2021-12-07,270.25,Clothing
CUST04455,2024-05-03,52.38,Electronics
CUST04455,2025-03-24,80.44,Travel
CUST04455,2025-02-10,151.85,Grocery
CUST04455,2024-09-19,67.37,Grocery
CUST04455,2024-01-26,175.22,Electronics
CUST04455,2023-04-14,64.45,Travel
CUST04455,2024-06-05,273.02,Clothing
CUST04455,2023-10-07,89.48,Electronics
CUST04455,2023-05-28,42.82,Electronics
CUST04455,2022-11-26,10.27,Dining
CUST04455,2022-04-08,32.77,Grocery
CUST04455,2022-03-17,13.78,Grocery
CUST04455,2021-07-17,41.17,Electronics
CUST04455,2024-06-15,49.26,Electronics
CUST04455,2022-10-08,5.58,Travel
CUST04455,2021-11-27,17.75,Dining
CUST04455,2024-08-16,49.29,Electronics
CUST04455,2022-11-14,169.15,Travel
CUST04455,2022-06-06,68.6,Dining
CUST04455,2022-09-29,160.27,Travel
CUST04455,2021-06-06,48.99,Electronics
CUST04455,2025-04-19,20.05,Electronics
CUST04455,2024-10-14,110.83,Travel
CUST04455,2021-08-22,71.98,Clothing
CUST04455,2024-02-04,38.55,Clothing
CUST04455,2024-06-11,7.36,Clothing
CUST04455,2024-10-06,49.86,Electronics
CUST04455,2021-08-06,101.45,Travel
CUST04455,2021-12-28,238.02,Clothing
CUST04455,2024-07-27,226.05,Grocery
CUST04455,2023-02-03,132.98,Dining
CUST04455,2022-05-10,94.95,Dining
CUST04455,2023-03-01,49.03,Travel
CUST04455,2022-08-11,114.04,Grocery
CUST04455,2025-04-22,176.67,Electronics
CUST04455,2025-01-02,191.15,Clothing
CUST04455,2023-11-09,153.25,Clothing
CUST04455,2025-06-10,22.69,Dining
CUST04455,2023-05-13,17.09,Grocery
CUST04455,2024-02-22,211.88,Travel
CUST04455,2022-02-18,26.46,Dining
CUST04455,2022-02-12,84.4,Grocery
CUST04455,2022-09-16,13.13,Clothing
CUST04455,2024-04-28,45.59,Grocery
CUST04455,2024-08-28,59.4,Electronics
CUST04455,2021-03-29,238.77,Electronics
CUST04455,2023-04-02,57.16,Grocery
CUST04455,2023-03-22,51.88,Grocery
CUST04455,2022-07-15,64.54,Electronics
CUST04455,2025-01-26,17.63,Clothing
CUST04455,2022-09-16,40.2,Clothing
CUST04455,2022-10-17,96.9,Dining
CUST04455,2021-10-14,33.84,Clothing
CUST04455,2024-06-18,10.17,Grocery
CUST04455,2023-09-13,10.06,Electronics
CUST04455,2024-07-17,271.26,Electronics
CUST04455,2024-05-23,38.02,Electronics
CUST04455,2023-08-31,7.65,Dining
CUST04455,2023-06-06,23.3,Grocery
CUST04455,2024-10-03,178.28,Clothing
CUST04455,2025-04-12,19.25,Grocery
CUST04455,2021-05-02,23.68,Electronics
CUST04455,2024-11-07,27.83,Dining
CUST04455,2021-03-12,108.58,Travel
CUST04455,2024-04-10,15.27,Dining
CUST04455,2023-06-04,26.79,Electronics
CUST04455,2023-04-17,12.58,Clothing
CUST04455,2021-08-09,101.85,Dining
CUST04455,2023-08-31,166.66,Clothing
CUST04455,2023-03-14,33.86,Grocery
CUST04455,2024-03-02,40.53,Travel
CUST04455,2024-06-07,453.33,Travel
CUST04455,2025-06-05,93.95,Electronics
CUST04455,2021-05-04,168.74,Grocery
CUST04455,2022-11-14,77.84,Electronics
CUST04455,2022-06-17,21.5,Travel
CUST04455,2022-02-05,55.09,Dining
CUST04455,2023-05-27,311.78,Electronics
CUST04455,2022-08-02,85.54,Grocery
CUST04455,2021-02-12,295.04,Travel
CUST04455,2025-07-01,5.19,Travel
CUST04455,2022-01-10,110.42,Dining
CUST04455,2023-05-07,134.16,Electronics
CUST04455,2024-02-06,59.49,Electronics
CUST04455,2023-03-04,98.02,Electronics
CUST04455,2023-12-12,179.29,Grocery
CUST04455,2024-09-19,26.19,Clothing
CUST04456,2024-10-08,150.17,Grocery
CUST04456,2025-07-29,125.44,Grocery
CUST04456,2025-05-08,35.19,Electronics
CUST04456,2025-04-08,7.89,Grocery
CUST04456,2025-07-28,189.12,Dining
CUST04456,2025-02-23,75.62,Electronics
CUST04456,2024-10-10,102.58,Travel
CUST04456,2025-02-25,173.2,Grocery
CUST04456,2024-10-11,152.24,Travel
CUST04456,2025-07-28,16.64,Dining
CUST04456,2025-01-05,165.48,Electronics
CUST04456,2025-03-13,55.17,Travel
CUST04456,2025-06-24,104.33,Grocery
CUST04456,2025-01-15,5.43,Grocery
CUST04456,2025-03-14,27.58,Travel
CUST04456,2025-02-07,178.51,Dining
CUST04456,2024-09-25,109.66,Clothing
CUST04456,2025-01-06,353.04,Electronics
CUST04456,2025-06-01,166.85,Clothing
CUST04456,2025-05-24,196.27,Clothing
CUST04456,2025-02-28,10.82,Dining
CUST04456,2024-09-29,88.95,Dining
CUST04456,2024-09-27,108.97,Grocery
CUST04456,2025-07-06,14.62,Electronics
CUST04456,2025-05-23,27.66,Travel
CUST04456,2025-03-22,17.71,Grocery
CUST04456,2025-06-02,16.62,Grocery
CUST04456,2025-05-23,18.17,Dining
CUST04456,2025-04-20,82.6,Grocery
CUST04456,2025-03-15,139.42,Electronics
CUST04456,2024-11-02,59.53,Travel
CUST04456,2024-10-05,381.45,Clothing
CUST04456,2025-04-01,84.72,Dining
CUST04456,2024-12-13,66.19,Dining
CUST04456,2025-07-03,122.08,Grocery
CUST04456,2025-01-18,13.39,Grocery
CUST04456,2025-05-23,31.09,Dining
CUST04456,2025-03-12,222.51,Travel
CUST04456,2024-12-02,14.87,Dining
CUST04456,2025-02-24,60.28,Travel
CUST04456,2024-12-29,144.33,Electronics
CUST04456,2025-01-31,46.7,Dining
CUST04456,2025-04-02,67.41,Clothing
CUST04456,2025-06-08,15.12,Travel
CUST04456,2025-03-30,79.89,Travel
CUST04456,2025-02-07,21.71,Dining
CUST04456,2025-03-15,5.71,Electronics
CUST04456,2025-07-19,111.27,Grocery
CUST04456,2024-11-11,37.89,Travel
CUST04456,2024-10-14,13.43,Clothing
CUST04456,2025-06-24,171.18,Clothing
CUST04456,2025-04-21,173.08,Grocery
CUST04456,2025-07-21,37.9,Grocery
CUST04456,2024-12-15,27.19,Dining
CUST04456,2025-01-03,27.24,Clothing
CUST04456,2024-09-14,98.61,Travel
CUST04456,2025-03-14,61.37,Travel
CUST04456,2025-04-06,13.22,Electronics
CUST04456,2025-07-06,19.19,Electronics
CUST04456,2024-12-13,83.78,Clothing
CUST04456,2024-12-05,38.43,Dining
CUST04456,2025-07-14,113.03,Grocery
CUST04456,2025-04-24,106.36,Clothing
CUST04456,2025-01-29,43.4,Travel
CUST04456,2024-11-13,36.61,Electronics
CUST04456,2024-11-20,159.72,Electronics
CUST04456,2025-04-27,32.97,Clothing
CUST04456,2024-09-27,46.11,Electronics
CUST04456,2025-02-09,119.45,Travel
CUST04456,2024-12-10,11.32,Clothing
CUST04456,2025-03-19,127.92,Travel
CUST04456,2025-01-08,14.33,Clothing
CUST04456,2025-06-06,13.73,Electronics
CUST04456,2025-06-27,57.68,Travel
CUST04456,2025-03-16,282.69,Travel
CUST04456,2024-09-24,99.86,Grocery
CUST04456,2025-03-16,182.31,Dining
CUST04456,2024-12-26,12.59,Travel
CUST04456,2025-04-08,159.68,Clothing
CUST04456,2024-11-19,62.65,Dining
CUST04456,2024-12-10,12.42,Electronics
CUST04456,2025-01-20,128.68,Clothing
CUST04456,2025-02-20,88.35,Travel
CUST04456,2025-03-23,79.28,Grocery
CUST04456,2025-05-31,32.88,Travel
CUST04456,2025-01-23,27.42,Travel
CUST04456,2025-05-23,139.47,Travel
CUST04456,2025-03-10,30.44,Electronics
CUST04456,2025-06-26,58.6,Grocery
CUST04456,2024-11-26,47.24,Travel
CUST04456,2024-10-20,46.94,Clothing
CUST04456,2025-04-20,250.35,Dining
CUST04456,2025-01-29,28.04,Clothing
CUST04456,2025-06-15,72.61,Travel
CUST04456,2024-12-06,193.25,Dining
CUST04456,2024-11-10,69.2,Dining
CUST04456,2024-10-24,5.87,Clothing
CUST04456,2024-10-28,228.82,Dining
CUST04456,2025-07-10,257.12,Clothing
CUST04456,2024-09-15,75.72,Travel
CUST04456,2025-05-28,18.76,Grocery
CUST04456,2024-12-18,7.38,Dining
CUST04456,2025-02-07,53.81,Grocery
CUST04456,2025-05-01,242.6,Electronics
CUST04456,2025-04-01,340.21,Travel
CUST04456,2024-12-27,54.56,Grocery
CUST04456,2025-01-12,78.89,Clothing
CUST04456,2024-09-24,487.48,Travel
CUST04457,2025-02-13,55.1,Electronics
CUST04457,2024-12-06,19.1,Grocery
CUST04457,2020-11-24,259.18,Dining
CUST04457,2024-08-22,138.39,Dining
CUST04457,2023-09-14,39.83,Electronics
CUST04457,2022-05-18,6.49,Travel
CUST04457,2021-04-23,31.41,Grocery
CUST04457,2021-09-19,151.71,Grocery
CUST04457,2021-04-27,8.24,Dining
CUST04457,2023-09-27,9.93,Electronics
CUST04457,2024-04-29,32.71,Clothing
CUST04457,2025-02-18,121.25,Travel
CUST04457,2021-08-13,10.12,Clothing
CUST04457,2021-07-01,86.77,Electronics
CUST04457,2023-11-01,91.57,Dining
CUST04457,2025-03-24,185.68,Travel
CUST04457,2021-06-20,392.27,Dining
CUST04457,2025-05-20,165.91,Grocery
CUST04457,2023-06-20,120.58,Electronics
CUST04457,2021-01-04,73.21,Clothing
CUST04457,2024-07-23,26.94,Dining
CUST04457,2023-03-06,80.15,Travel
CUST04457,2024-05-18,265.53,Grocery
CUST04457,2021-07-09,150.64,Electronics
CUST04457,2022-10-31,85.54,Grocery
CUST04457,2023-11-20,49.19,Electronics
CUST04457,2023-10-14,146.29,Electronics
CUST04457,2023-08-07,46.05,Grocery
CUST04457,2023-12-25,100.93,Grocery
CUST04457,2020-12-14,12.33,Clothing
CUST04457,2024-04-20,169.01,Dining
CUST04457,2024-06-06,66.44,Clothing
CUST04457,2021-10-11,13.54,Clothing
CUST04457,2021-10-05,7.44,Grocery
CUST04457,2021-11-20,89.76,Electronics
CUST04457,2021-08-07,27.5,Clothing
CUST04457,2023-11-28,200.58,Travel
CUST04457,2025-07-06,16.07,Clothing
CUST04457,2021-06-15,76.24,Clothing
CUST04457,2021-12-31,5.24,Grocery
CUST04457,2021-12-11,30.94,Travel
CUST04457,2025-04-01,80.33,Electronics
CUST04457,2023-06-29,52.65,Travel
CUST04457,2023-07-17,25.44,Dining
CUST04457,2022-01-19,56.45,Grocery
CUST04457,2023-02-20,143.35,Grocery
CUST04457,2024-10-25,5.08,Clothing
CUST04457,2022-10-30,41.05,Dining
CUST04457,2024-03-21,25.24,Grocery
CUST04457,2021-09-27,9.71,Electronics
CUST04457,2022-10-16,9.6,Travel
CUST04457,2023-01-03,15.53,Dining
CUST04457,2025-02-16,20.46,Grocery
CUST04457,2020-12-15,447.53,Dining
CUST04457,2023-10-20,25.0,Electronics
CUST04457,2021-05-17,367.02,Clothing
CUST04457,2024-08-28,16.83,Grocery
CUST04457,2023-02-03,40.26,Clothing
CUST04457,2024-02-01,26.56,Dining
CUST04457,2021-05-31,457.42,Electronics
CUST04457,2022-09-16,258.15,Clothing
CUST04457,2024-12-06,20.13,Grocery
CUST04457,2024-09-21,28.0,Dining
CUST04457,2022-04-16,29.84,Clothing
CUST04457,2022-12-12,203.03,Clothing
CUST04457,2022-04-13,17.29,Dining
CUST04457,2022-03-02,221.98,Electronics
CUST04457,2021-01-18,145.87,Dining
CUST04457,2022-10-11,58.97,Travel
CUST04457,2021-07-28,73.32,Travel
CUST04457,2022-01-13,118.92,Dining
CUST04457,2024-04-15,16.72,Clothing
CUST04457,2021-03-13,61.25,Clothing
CUST04457,2021-08-14,98.2,Travel
CUST04457,2022-10-05,28.03,Dining
CUST04457,2025-05-05,23.27,Clothing
CUST04457,2022-08-16,67.11,Dining
CUST04457,2023-09-30,23.12,Dining
CUST04457,2024-05-05,130.46,Grocery
CUST04457,2025-05-10,102.52,Electronics
CUST04457,2023-04-08,41.19,Grocery
CUST04457,2024-02-12,86.98,Electronics
CUST04457,2023-05-28,65.96,Electronics
CUST04458,2023-04-07,45.93,Electronics
CUST04458,2023-02-28,15.68,Electronics
CUST04458,2023-10-07,158.1,Electronics
CUST04458,2021-07-15,5.62,Dining
CUST04458,2022-07-14,120.18,Travel
CUST04458,2022-09-02,62.64,Grocery
CUST04458,2023-09-01,24.84,Electronics
CUST04458,2025-04-19,69.87,Electronics
CUST04458,2024-08-31,9.31,Travel
CUST04458,2021-03-31,197.59,Dining
CUST04458,2021-02-27,306.96,Electronics
CUST04458,2022-05-05,48.45,Grocery
CUST04458,2024-02-29,21.82,Grocery
CUST04458,2021-12-31,47.59,Travel
CUST04458,2022-09-02,49.85,Travel
CUST04458,2021-09-03,160.73,Travel
CUST04458,2023-08-25,23.39,Clothing
CUST04458,2021-05-14,72.09,Dining
CUST04458,2024-04-16,247.7,Grocery
CUST04458,2021-04-26,20.67,Grocery
CUST04458,2021-02-09,79.86,Dining
CUST04458,2023-06-06,26.69,Travel
CUST04458,2022-02-08,39.81,Grocery
CUST04458,2021-08-19,64.2,Travel
CUST04458,2024-10-10,164.22,Grocery
CUST04458,2025-07-25,68.76,Grocery
CUST04458,2021-05-08,41.14,Travel
CUST04458,2022-11-06,49.55,Travel
CUST04458,2023-09-25,5.41,Dining
CUST04458,2021-06-06,9.45,Grocery
CUST04458,2023-10-08,49.58,Travel
CUST04458,2021-12-25,127.93,Travel
CUST04458,2024-12-23,128.14,Clothing
CUST04458,2024-01-06,51.81,Electronics
CUST04458,2023-07-26,19.88,Grocery
CUST04458,2022-03-06,231.76,Grocery
CUST04458,2023-01-24,38.69,Clothing
CUST04458,2022-09-13,74.48,Travel
CUST04458,2022-02-22,9.84,Electronics
CUST04458,2023-09-03,40.57,Travel
CUST04458,2024-06-28,244.64,Clothing
CUST04458,2024-10-20,16.06,Dining
CUST04458,2025-06-07,40.93,Dining
CUST04458,2024-08-11,64.97,Electronics
CUST04458,2023-03-22,9.56,Travel
CUST04458,2024-08-11,228.38,Grocery
CUST04458,2025-07-06,120.65,Clothing
CUST04458,2021-11-13,77.84,Clothing
CUST04458,2024-11-04,91.35,Clothing
CUST04458,2024-01-16,12.98,Electronics
CUST04458,2021-12-09,316.12,Grocery
CUST04458,2023-09-27,46.03,Electronics
CUST04458,2025-07-02,52.67,Electronics
CUST04458,2025-01-31,33.52,Travel
CUST04458,2022-01-13,26.9,Travel
CUST04458,2024-02-11,59.75,Dining
CUST04458,2021-11-18,101.98,Electronics
CUST04458,2023-11-29,11.85,Grocery
CUST04458,2021-04-18,38.73,Grocery
CUST04458,2021-07-30,6.74,Grocery
CUST04458,2023-10-01,6.29,Clothing
CUST04458,2023-06-23,123.99,Travel
CUST04458,2021-02-04,212.49,Clothing
CUST04458,2025-01-10,64.54,Electronics
CUST04458,2023-08-22,32.88,Grocery
CUST04458,2021-06-06,5.87,Electronics
CUST04458,2023-01-20,261.82,Grocery
CUST04458,2023-01-19,22.37,Clothing
CUST04458,2023-01-27,28.8,Travel
CUST04458,2021-05-20,160.25,Electronics
CUST04458,2025-05-03,6.49,Dining
CUST04458,2023-02-05,184.37,Grocery
CUST04458,2022-12-28,163.48,Dining
CUST04458,2020-12-19,133.34,Travel
CUST04458,2023-01-28,36.93,Clothing
CUST04458,2021-09-14,49.67,Grocery
CUST04458,2024-06-02,133.55,Electronics
CUST04458,2024-12-21,52.63,Grocery
CUST04458,2021-12-19,14.04,Electronics
CUST04458,2022-07-18,37.49,Grocery
CUST04458,2022-11-18,26.87,Grocery
CUST04458,2025-01-24,82.99,Grocery
CUST04458,2022-11-13,308.33,Clothing
CUST04458,2024-04-22,54.86,Grocery
CUST04458,2022-03-27,51.2,Clothing
CUST04458,2024-10-11,40.98,Grocery
CUST04458,2024-03-18,126.5,Grocery
CUST04458,2023-07-07,91.44,Dining
CUST04458,2024-06-16,63.27,Grocery
CUST04458,2021-02-27,155.51,Grocery
CUST04458,2024-12-13,161.98,Dining
CUST04458,2022-02-25,181.27,Electronics
CUST04458,2021-10-16,53.57,Electronics
CUST04458,2021-02-06,148.26,Clothing
CUST04458,2021-05-12,8.85,Clothing
CUST04458,2024-11-15,160.05,Electronics
CUST04458,2023-06-02,45.33,Travel
CUST04458,2021-07-30,54.77,Travel
CUST04458,2025-06-03,163.54,Dining
CUST04458,2023-07-05,156.11,Grocery
CUST04458,2025-07-19,7.44,Grocery
CUST04458,2021-06-14,34.23,Dining
CUST04458,2022-09-06,139.57,Electronics
CUST04458,2021-09-04,85.0,Dining
CUST04458,2021-09-22,211.62,Clothing
CUST04458,2021-11-17,173.01,Electronics
CUST04458,2023-02-17,79.65,Electronics
CUST04459,2025-07-10,89.28,Travel
CUST04459,2025-05-06,44.87,Electronics
CUST04459,2025-05-12,84.32,Travel
CUST04459,2025-07-19,165.22,Travel
CUST04459,2025-05-04,117.53,Electronics
CUST04459,2025-07-07,9.18,Travel
CUST04459,2025-04-15,103.8,Travel
CUST04459,2025-05-07,117.37,Dining
CUST04459,2025-05-17,109.2,Clothing
CUST04459,2025-06-10,15.78,Grocery
CUST04459,2025-06-03,41.96,Travel
CUST04459,2025-06-08,23.32,Electronics
CUST04459,2025-05-01,137.18,Travel
CUST04459,2025-04-18,91.53,Grocery
CUST04459,2025-04-15,129.2,Electronics
CUST04459,2025-04-29,82.29,Clothing
CUST04459,2025-07-02,43.72,Dining
CUST04459,2025-07-29,275.4,Clothing
CUST04459,2025-05-11,51.38,Clothing
CUST04459,2025-05-26,90.36,Electronics
CUST04459,2025-05-12,65.48,Travel
CUST04459,2025-07-07,176.11,Grocery
CUST04459,2025-04-28,21.73,Travel
CUST04459,2025-05-03,102.79,Dining
CUST04459,2025-05-23,63.21,Grocery
CUST04459,2025-05-30,18.34,Electronics
CUST04459,2025-06-26,28.55,Clothing
CUST04459,2025-07-19,61.71,Electronics
CUST04459,2025-04-28,8.73,Clothing
CUST04459,2025-07-20,56.05,Clothing
CUST04459,2025-05-23,31.98,Clothing
CUST04459,2025-05-18,35.84,Electronics
CUST04459,2025-07-03,23.68,Electronics
CUST04459,2025-06-14,150.71,Dining
CUST04459,2025-06-18,52.73,Grocery
CUST04459,2025-05-15,11.97,Electronics
CUST04459,2025-07-05,72.08,Dining
CUST04459,2025-06-06,119.37,Dining
CUST04459,2025-06-22,155.26,Travel
CUST04459,2025-04-06,47.34,Travel
CUST04459,2025-06-03,44.53,Grocery
CUST04459,2025-06-02,13.97,Clothing
CUST04459,2025-06-05,54.91,Clothing
CUST04459,2025-07-09,55.51,Clothing
CUST04459,2025-04-24,5.85,Clothing
CUST04459,2025-07-13,75.13,Grocery
CUST04459,2025-04-28,89.61,Travel
CUST04459,2025-04-13,260.08,Dining
CUST04459,2025-07-02,100.64,Dining
CUST04459,2025-06-01,366.99,Travel
CUST04459,2025-04-20,203.88,Travel
CUST04459,2025-06-27,109.14,Grocery
CUST04459,2025-05-01,44.14,Clothing
CUST04459,2025-06-27,62.49,Grocery
CUST04459,2025-07-23,64.86,Electronics
CUST04459,2025-05-05,14.62,Electronics
CUST04459,2025-06-07,95.23,Travel
CUST04459,2025-07-18,12.32,Electronics
CUST04459,2025-04-27,103.76,Grocery
CUST04459,2025-05-19,106.89,Grocery
CUST04459,2025-04-29,28.74,Grocery
CUST04459,2025-05-12,27.85,Dining
CUST04459,2025-06-29,50.25,Electronics
CUST04459,2025-06-06,11.08,Dining
CUST04459,2025-07-30,35.05,Travel
CUST04459,2025-05-25,26.34,Clothing
CUST04459,2025-05-17,216.84,Electronics
CUST04459,2025-06-26,8.33,Clothing
CUST04459,2025-07-12,115.85,Dining
CUST04459,2025-07-03,77.1,Clothing
CUST04459,2025-05-12,40.04,Clothing
CUST04459,2025-04-22,585.9,Clothing
CUST04459,2025-05-22,69.99,Travel
CUST04459,2025-07-03,18.44,Grocery
CUST04459,2025-06-20,57.0,Clothing
CUST04459,2025-05-30,252.05,Clothing
CUST04459,2025-06-22,13.97,Grocery
CUST04459,2025-06-12,44.44,Clothing
CUST04459,2025-04-28,110.02,Dining
CUST04459,2025-04-12,30.49,Travel
CUST04459,2025-05-03,50.22,Dining
CUST04459,2025-07-03,32.25,Grocery
CUST04459,2025-05-06,21.47,Electronics
CUST04459,2025-07-26,92.27,Electronics
CUST04459,2025-04-13,42.84,Clothing
CUST04459,2025-07-30,39.96,Grocery
CUST04459,2025-04-29,105.38,Dining
CUST04459,2025-05-16,35.97,Travel
CUST04459,2025-05-01,60.54,Grocery
CUST04459,2025-06-26,224.37,Dining
CUST04459,2025-08-01,64.06,Clothing
CUST04459,2025-04-19,22.67,Electronics
CUST04459,2025-05-13,116.67,Electronics
CUST04459,2025-07-27,41.74,Electronics
CUST04459,2025-04-20,25.69,Electronics
CUST04459,2025-07-05,172.93,Electronics
CUST04459,2025-07-30,39.48,Electronics
CUST04459,2025-07-21,12.31,Dining
CUST04459,2025-05-17,58.57,Travel
CUST04459,2025-05-20,196.7,Grocery
CUST04459,2025-05-13,79.01,Electronics
CUST04459,2025-05-16,18.17,Electronics
CUST04459,2025-04-08,15.5,Dining
CUST04459,2025-05-01,55.64,Clothing
CUST04460,2024-03-05,110.1,Clothing
CUST04460,2024-07-27,39.2,Grocery
CUST04460,2024-01-10,23.7,Travel
CUST04460,2025-02-26,213.55,Grocery
CUST04460,2024-06-23,89.66,Dining
CUST04460,2024-01-19,13.81,Electronics
CUST04460,2025-01-25,49.54,Clothing
CUST04460,2025-06-21,26.12,Electronics
CUST04460,2023-12-26,236.11,Grocery
CUST04460,2023-12-20,75.32,Travel
CUST04460,2024-09-23,26.72,Dining
CUST04460,2024-12-07,14.53,Electronics
CUST04460,2023-06-27,13.99,Dining
CUST04460,2023-07-21,241.82,Clothing
CUST04460,2023-06-10,140.12,Clothing
CUST04460,2023-11-12,77.01,Clothing
CUST04460,2024-11-28,23.01,Dining
CUST04460,2024-12-22,374.26,Travel
CUST04460,2023-09-17,10.87,Grocery
CUST04460,2025-02-11,173.05,Clothing
CUST04460,2024-10-24,25.08,Dining
CUST04460,2024-10-30,77.95,Travel
CUST04460,2023-05-27,120.4,Travel
CUST04460,2024-03-05,154.0,Electronics
CUST04460,2024-01-25,25.78,Electronics
CUST04460,2024-01-18,40.24,Electronics
CUST04460,2024-06-04,190.05,Dining
CUST04460,2023-10-17,25.4,Travel
CUST04460,2024-03-04,52.26,Dining
CUST04460,2024-05-07,82.05,Electronics
CUST04460,2023-08-18,63.56,Grocery
CUST04460,2024-10-25,61.84,Electronics
CUST04460,2025-01-29,5.36,Dining
CUST04460,2024-08-29,153.28,Travel
CUST04460,2024-08-27,75.22,Grocery
CUST04460,2024-11-06,326.36,Electronics
CUST04460,2024-10-03,13.94,Travel
CUST04460,2025-03-04,10.12,Dining
CUST04460,2024-09-02,18.87,Electronics
CUST04460,2023-07-08,178.01,Clothing
CUST04460,2025-06-08,41.8,Clothing
CUST04460,2025-03-24,143.28,Travel
CUST04460,2024-06-09,58.8,Dining
CUST04460,2024-06-21,168.15,Clothing
CUST04460,2024-03-20,231.68,Grocery
CUST04460,2023-06-19,24.05,Electronics
CUST04460,2025-07-14,22.06,Travel
CUST04460,2025-01-01,73.09,Dining
CUST04460,2025-04-09,146.78,Electronics
CUST04460,2024-04-02,170.87,Travel
CUST04460,2024-06-03,132.16,Grocery
CUST04460,2024-05-02,35.81,Clothing
CUST04460,2023-10-18,25.01,Dining
CUST04460,2024-03-25,177.25,Grocery
CUST04460,2023-06-22,327.63,Clothing
CUST04460,2024-01-20,6.87,Electronics
CUST04460,2023-12-10,44.04,Dining
CUST04460,2024-10-29,155.29,Grocery
CUST04460,2024-03-11,223.98,Electronics
CUST04460,2025-04-14,380.79,Electronics
CUST04460,2025-02-25,61.37,Electronics
CUST04460,2024-01-14,75.05,Grocery
CUST04460,2024-06-15,74.48,Travel
CUST04460,2025-06-26,47.7,Grocery
CUST04460,2025-01-29,14.56,Clothing
CUST04460,2025-07-27,173.01,Clothing
CUST04460,2025-06-27,76.52,Electronics
CUST04460,2024-09-27,7.22,Clothing
CUST04460,2023-08-20,22.23,Dining
CUST04460,2024-03-17,82.02,Travel
CUST04460,2023-08-27,124.05,Dining
CUST04460,2025-03-11,82.83,Grocery
CUST04460,2023-11-16,364.29,Grocery
CUST04460,2023-09-16,15.28,Travel
CUST04460,2024-01-23,8.27,Grocery
CUST04460,2025-03-11,69.02,Clothing
CUST04460,2024-07-25,226.24,Dining
CUST04460,2023-05-30,109.36,Electronics
CUST04460,2025-02-10,36.05,Dining
CUST04460,2025-05-12,15.97,Dining
CUST04460,2024-10-26,43.91,Electronics
CUST04460,2024-02-03,5.96,Dining
CUST04460,2025-01-09,15.91,Dining
CUST04460,2024-07-19,474.85,Dining
CUST04460,2024-04-06,104.79,Travel
CUST04460,2025-07-28,42.69,Grocery
CUST04460,2025-04-22,81.62,Electronics
CUST04460,2024-06-12,8.19,Clothing
CUST04460,2024-05-20,25.98,Dining
CUST04460,2024-11-10,41.88,Dining
CUST04460,2024-04-15,135.57,Electronics
CUST04460,2024-12-27,23.77,Clothing
CUST04460,2023-09-14,171.98,Dining
CUST04460,2025-06-12,17.76,Clothing
CUST04460,2023-07-20,10.22,Grocery
CUST04460,2023-12-26,137.56,Electronics
CUST04460,2023-12-14,20.61,Dining
CUST04460,2024-12-04,46.23,Clothing
CUST04460,2023-12-20,57.37,Grocery
CUST04460,2024-09-11,19.64,Travel
CUST04460,2024-01-15,145.53,Dining
CUST04460,2025-07-11,100.35,Electronics
CUST04461,2025-01-23,112.07,Dining
CUST04461,2023-08-13,147.51,Electronics
CUST04461,2024-09-29,212.49,Travel
CUST04461,2024-04-05,51.63,Dining
CUST04461,2025-06-06,113.78,Dining
CUST04461,2023-06-19,186.16,Electronics
CUST04461,2024-11-08,63.76,Clothing
CUST04461,2024-06-30,20.54,Electronics
CUST04461,2025-06-26,83.43,Travel
CUST04461,2024-02-29,48.33,Dining
CUST04461,2025-04-29,7.35,Travel
CUST04461,2024-08-06,92.4,Travel
CUST04461,2023-08-28,14.69,Travel
CUST04461,2025-07-10,47.72,Electronics
CUST04461,2023-08-03,54.8,Dining
CUST04461,2024-11-25,199.52,Clothing
CUST04461,2025-06-29,25.26,Travel
CUST04461,2024-08-10,30.88,Dining
CUST04461,2024-09-18,21.9,Dining
CUST04461,2024-04-06,261.55,Clothing
CUST04461,2023-06-02,172.22,Electronics
CUST04461,2023-10-19,20.4,Travel
CUST04461,2024-11-01,92.21,Electronics
CUST04461,2024-05-03,301.26,Electronics
CUST04461,2025-02-24,50.06,Clothing
CUST04461,2023-02-09,56.97,Dining
CUST04461,2025-01-14,25.28,Grocery
CUST04461,2024-07-10,18.02,Clothing
CUST04461,2025-06-10,141.22,Grocery
CUST04461,2024-11-25,33.05,Grocery
CUST04461,2025-02-24,20.68,Dining
CUST04461,2023-12-12,13.32,Grocery
CUST04461,2025-01-23,133.64,Clothing
CUST04461,2025-01-08,20.67,Electronics
CUST04461,2023-04-18,58.23,Grocery
CUST04461,2024-06-05,164.01,Travel
CUST04461,2024-08-31,37.24,Dining
CUST04461,2023-03-29,7.5,Grocery
CUST04461,2025-06-20,35.67,Dining
CUST04461,2024-12-27,236.5,Grocery
CUST04461,2024-01-05,71.1,Travel
CUST04461,2023-06-28,103.25,Grocery
CUST04461,2023-04-07,16.45,Travel
CUST04461,2025-05-13,205.29,Dining
CUST04461,2023-12-01,77.55,Dining
CUST04461,2024-01-26,141.44,Grocery
CUST04461,2025-07-10,14.73,Travel
CUST04461,2023-07-10,24.26,Clothing
CUST04461,2025-01-22,20.79,Grocery
CUST04461,2024-01-15,65.37,Dining
CUST04461,2024-10-30,79.55,Electronics
CUST04461,2023-06-10,17.06,Electronics
CUST04461,2023-03-24,115.7,Electronics
CUST04461,2025-04-22,45.15,Clothing
CUST04461,2023-03-23,149.78,Clothing
CUST04461,2024-03-02,118.34,Travel
CUST04461,2023-07-05,82.23,Electronics
CUST04461,2023-08-01,205.43,Clothing
CUST04461,2023-02-12,12.18,Grocery
CUST04461,2023-11-14,277.87,Grocery
CUST04461,2023-08-04,78.0,Travel
CUST04461,2023-02-18,64.13,Grocery
CUST04461,2024-05-03,49.13,Grocery
CUST04461,2023-11-16,242.12,Dining
CUST04461,2024-01-18,156.01,Grocery
CUST04461,2025-03-01,105.11,Electronics
CUST04461,2024-05-24,120.32,Dining
CUST04461,2025-02-04,201.84,Clothing
CUST04461,2024-04-14,35.01,Grocery
CUST04461,2024-12-05,285.45,Grocery
CUST04461,2023-06-16,231.19,Electronics
CUST04461,2024-03-29,22.01,Dining
CUST04461,2023-10-04,56.06,Dining
CUST04461,2024-02-18,84.41,Dining
CUST04461,2023-10-27,109.95,Travel
CUST04461,2025-01-18,127.18,Grocery
CUST04461,2023-03-20,68.24,Travel
CUST04461,2023-05-23,79.95,Grocery
CUST04461,2023-05-19,18.66,Grocery
CUST04461,2024-04-29,53.28,Dining
CUST04461,2025-06-02,106.79,Grocery
CUST04461,2023-02-06,171.88,Clothing
CUST04461,2024-09-19,35.33,Travel
CUST04461,2025-06-02,40.36,Travel
CUST04461,2024-03-19,36.56,Electronics
CUST04461,2025-07-12,6.99,Dining
CUST04461,2025-02-13,73.3,Clothing
CUST04461,2024-11-21,42.89,Dining
CUST04461,2024-08-10,254.16,Dining
CUST04461,2025-06-16,112.05,Grocery
CUST04461,2024-04-29,31.29,Clothing
CUST04461,2023-07-23,132.51,Clothing
CUST04461,2024-06-27,8.9,Electronics
CUST04461,2025-01-03,254.59,Travel
CUST04461,2024-08-15,156.65,Grocery
CUST04461,2023-05-04,33.43,Grocery
CUST04461,2024-03-18,233.45,Travel
CUST04461,2024-05-31,161.88,Dining
CUST04461,2023-11-24,49.95,Dining
CUST04461,2025-07-04,34.77,Electronics
CUST04461,2024-02-17,27.84,Travel
CUST04461,2024-07-29,136.52,Grocery
CUST04461,2024-01-01,155.14,Electronics
CUST04461,2024-08-11,11.82,Dining
CUST04461,2023-05-09,115.91,Clothing
CUST04462,2022-11-27,28.55,Dining
CUST04462,2024-03-08,38.5,Dining
CUST04462,2020-11-14,121.8,Dining
CUST04462,2022-10-30,66.01,Travel
CUST04462,2024-01-07,38.97,Grocery
CUST04462,2023-04-22,14.18,Travel
CUST04462,2020-12-29,38.26,Grocery
CUST04462,2020-11-30,6.51,Clothing
CUST04462,2025-01-30,111.13,Dining
CUST04462,2021-12-17,155.92,Clothing
CUST04462,2021-05-21,49.72,Dining
CUST04462,2023-09-15,43.47,Clothing
CUST04462,2022-11-18,52.83,Electronics
CUST04462,2025-08-01,93.33,Clothing
CUST04462,2024-10-21,206.74,Dining
CUST04462,2024-05-27,32.1,Grocery
CUST04462,2021-12-05,37.09,Clothing
CUST04462,2021-01-09,7.29,Electronics
CUST04462,2020-11-26,54.27,Dining
CUST04462,2024-07-23,39.7,Grocery
CUST04462,2022-05-11,45.32,Grocery
CUST04462,2021-02-02,180.54,Electronics
CUST04462,2022-06-18,33.95,Electronics
CUST04462,2021-04-08,130.24,Dining
CUST04462,2022-05-27,217.18,Travel
CUST04462,2022-11-30,35.59,Grocery
CUST04462,2021-02-09,116.63,Grocery
CUST04462,2023-01-16,16.5,Dining
CUST04462,2021-01-17,31.14,Dining
CUST04462,2020-11-26,207.14,Grocery
CUST04462,2023-12-23,128.95,Dining
CUST04462,2024-08-17,7.55,Electronics
CUST04462,2023-03-17,8.33,Grocery
CUST04462,2023-12-24,195.07,Travel
CUST04462,2021-08-18,93.86,Electronics
CUST04462,2022-07-25,48.25,Grocery
CUST04462,2024-07-30,121.98,Electronics
CUST04462,2023-02-23,35.11,Dining
CUST04462,2024-07-24,199.43,Grocery
CUST04462,2022-12-23,43.42,Travel
CUST04462,2024-10-09,39.97,Travel
CUST04462,2024-08-24,260.25,Clothing
CUST04462,2022-11-05,55.55,Clothing
CUST04462,2024-09-02,223.31,Electronics
CUST04462,2024-05-19,27.89,Grocery
CUST04462,2022-12-06,172.8,Dining
CUST04462,2023-04-23,13.78,Dining
CUST04462,2021-11-08,53.98,Clothing
CUST04462,2024-10-07,147.16,Dining
CUST04462,2021-03-19,51.35,Grocery
CUST04462,2021-07-26,26.97,Clothing
CUST04462,2022-10-04,101.7,Grocery
CUST04462,2024-01-13,58.01,Electronics
CUST04462,2021-12-17,66.16,Travel
CUST04462,2022-10-06,84.8,Clothing
CUST04462,2022-08-10,274.24,Travel
CUST04462,2024-05-24,21.21,Dining
CUST04462,2024-08-25,245.07,Dining
CUST04462,2023-01-21,29.04,Grocery
CUST04462,2021-01-06,59.18,Dining
CUST04462,2023-03-29,158.36,Grocery
CUST04462,2023-01-22,25.59,Clothing
CUST04462,2021-04-27,35.49,Electronics
CUST04462,2024-12-16,10.92,Grocery
CUST04462,2023-01-06,16.18,Grocery
CUST04462,2024-11-20,45.03,Travel
CUST04462,2025-04-13,50.98,Travel
CUST04462,2021-10-08,29.28,Travel
CUST04462,2023-05-06,71.76,Clothing
CUST04462,2021-03-03,26.47,Dining
CUST04462,2021-04-06,54.77,Dining
CUST04462,2025-07-09,21.62,Dining
CUST04462,2024-09-12,154.52,Dining
CUST04462,2024-02-28,37.35,Travel
CUST04462,2025-06-08,111.75,Dining
CUST04462,2023-07-18,78.73,Dining
CUST04462,2022-01-28,96.8,Dining
CUST04462,2021-02-25,57.33,Travel
CUST04462,2022-12-16,19.17,Dining
CUST04462,2024-12-28,82.42,Electronics
CUST04462,2025-07-14,128.75,Electronics
CUST04462,2022-07-24,78.35,Dining
CUST04462,2023-10-23,124.75,Clothing
CUST04462,2024-07-16,67.33,Grocery
CUST04462,2022-11-23,109.11,Grocery
CUST04462,2025-05-18,16.08,Dining
CUST04463,2021-10-15,10.16,Travel
CUST04463,2021-06-24,103.42,Travel
CUST04463,2022-06-05,73.4,Travel
CUST04463,2023-12-06,175.74,Travel
CUST04463,2023-01-23,305.49,Travel
CUST04463,2023-03-16,13.8,Clothing
CUST04463,2022-10-02,18.2,Clothing
CUST04463,2022-06-20,90.65,Travel
CUST04463,2024-04-28,17.91,Travel
CUST04463,2021-07-05,97.22,Electronics
CUST04463,2021-04-23,67.26,Grocery
CUST04463,2021-02-22,92.39,Travel
CUST04463,2022-05-11,36.63,Dining
CUST04463,2025-07-06,58.77,Dining
CUST04463,2021-03-20,80.38,Electronics
CUST04463,2025-02-24,17.67,Grocery
CUST04463,2024-07-13,101.81,Clothing
CUST04463,2023-11-07,140.59,Clothing
CUST04463,2021-08-06,47.41,Grocery
CUST04463,2023-08-26,95.82,Clothing
CUST04463,2024-07-07,48.68,Grocery
CUST04463,2021-10-05,237.46,Electronics
CUST04463,2024-05-02,63.16,Clothing
CUST04463,2023-11-06,64.27,Electronics
CUST04463,2024-05-18,81.19,Travel
CUST04463,2021-07-18,32.44,Grocery
CUST04463,2024-12-11,33.22,Electronics
CUST04463,2025-04-13,10.12,Travel
CUST04463,2023-10-19,38.91,Clothing
CUST04463,2022-05-18,7.1,Travel
CUST04463,2024-06-16,100.21,Electronics
CUST04463,2023-06-28,283.47,Travel
CUST04463,2024-04-07,160.84,Grocery
CUST04463,2023-11-02,59.08,Dining
CUST04463,2024-12-28,9.64,Clothing
CUST04463,2024-02-26,48.14,Electronics
CUST04463,2024-03-06,22.95,Grocery
CUST04463,2024-09-09,86.28,Dining
CUST04463,2023-11-23,56.95,Travel
CUST04463,2024-03-20,29.19,Clothing
CUST04463,2021-11-27,182.01,Electronics
CUST04463,2022-03-23,55.46,Travel
CUST04463,2024-03-13,204.78,Dining
CUST04463,2023-07-22,20.86,Dining
CUST04463,2021-07-19,31.98,Dining
CUST04463,2023-01-31,31.02,Travel
CUST04463,2022-10-08,141.05,Travel
CUST04463,2025-08-01,265.13,Travel
CUST04463,2024-01-10,29.65,Dining
CUST04463,2023-04-18,152.84,Dining
CUST04463,2024-06-06,36.58,Dining
CUST04463,2025-01-24,55.77,Clothing
CUST04463,2023-02-20,24.89,Clothing
CUST04463,2023-08-10,41.93,Clothing
CUST04463,2024-12-24,123.23,Clothing
CUST04463,2025-04-18,72.73,Dining
CUST04463,2023-10-01,54.79,Dining
CUST04463,2023-02-17,46.37,Grocery
CUST04463,2023-04-27,191.97,Travel
CUST04463,2024-10-28,55.31,Grocery
CUST04463,2023-11-26,101.76,Dining
CUST04463,2023-11-25,8.16,Clothing
CUST04463,2021-07-23,91.73,Clothing
CUST04463,2022-01-12,273.03,Grocery
CUST04463,2023-07-06,70.39,Dining
CUST04463,2023-09-25,114.17,Electronics
CUST04463,2023-11-15,63.71,Grocery
CUST04463,2022-02-10,60.64,Clothing
CUST04463,2024-01-24,58.5,Clothing
CUST04463,2021-08-17,38.15,Dining
CUST04463,2023-08-28,203.62,Travel
CUST04463,2023-06-30,71.05,Clothing
CUST04463,2024-10-04,16.43,Clothing
CUST04463,2022-11-13,82.73,Travel
CUST04463,2024-09-06,108.15,Electronics
CUST04463,2024-07-18,112.91,Dining
CUST04463,2022-08-01,124.31,Dining
CUST04463,2022-03-18,29.95,Dining
CUST04463,2023-10-13,261.13,Travel
CUST04463,2024-02-21,140.7,Grocery
CUST04463,2024-04-22,9.08,Clothing
CUST04463,2024-01-14,105.23,Grocery
CUST04463,2024-05-04,11.04,Travel
CUST04463,2024-07-23,286.53,Grocery
CUST04463,2024-10-27,12.73,Electronics
CUST04463,2024-12-09,70.72,Grocery
CUST04463,2024-06-14,123.06,Grocery
CUST04463,2023-02-01,10.2,Dining
CUST04463,2024-12-05,31.51,Grocery
CUST04463,2022-08-23,83.09,Grocery
CUST04463,2022-10-31,65.03,Electronics
CUST04463,2021-06-16,86.5,Electronics
CUST04463,2024-08-05,144.18,Travel
CUST04463,2023-03-12,115.31,Travel
CUST04463,2023-05-06,159.97,Dining
CUST04463,2025-02-06,52.77,Grocery
CUST04463,2021-09-24,94.46,Travel
CUST04463,2023-02-04,37.42,Clothing
CUST04463,2022-10-16,325.0,Dining
CUST04463,2024-10-30,8.95,Dining
CUST04463,2022-04-17,15.21,Clothing
CUST04463,2022-07-12,70.41,Travel
CUST04463,2022-01-26,64.53,Clothing
CUST04463,2022-07-23,41.19,Grocery
CUST04464,2024-04-24,27.29,Dining
CUST04464,2024-05-15,91.04,Dining
CUST04464,2023-09-05,189.17,Clothing
CUST04464,2023-10-27,52.49,Grocery
CUST04464,2023-09-13,76.99,Clothing
CUST04464,2023-10-23,204.59,Grocery
CUST04464,2025-03-23,80.01,Dining
CUST04464,2024-01-16,78.97,Travel
CUST04464,2025-07-19,161.93,Clothing
CUST04464,2024-02-03,126.8,Electronics
CUST04464,2024-09-05,9.93,Clothing
CUST04464,2025-04-10,13.02,Electronics
CUST04464,2024-09-14,20.19,Travel
CUST04464,2024-07-06,90.12,Clothing
CUST04464,2024-11-18,14.48,Grocery
CUST04464,2024-01-13,13.0,Grocery
CUST04464,2025-03-25,6.7,Electronics
CUST04464,2024-08-14,52.9,Grocery
CUST04464,2024-10-07,163.23,Dining
CUST04464,2024-07-04,59.86,Electronics
CUST04464,2024-08-12,21.44,Electronics
CUST04464,2025-04-01,7.36,Clothing
CUST04464,2025-06-16,33.97,Dining
CUST04464,2024-08-09,25.14,Dining
CUST04464,2024-10-05,11.2,Electronics
CUST04464,2024-11-24,11.76,Grocery
CUST04464,2025-04-15,9.46,Electronics
CUST04464,2024-05-29,17.35,Electronics
CUST04464,2024-02-08,129.4,Travel
CUST04464,2024-09-06,78.37,Travel
CUST04464,2025-06-27,5.36,Travel
CUST04464,2025-05-20,44.49,Dining
CUST04464,2025-04-27,49.62,Grocery
CUST04464,2024-03-01,11.85,Dining
CUST04464,2024-03-03,12.78,Travel
CUST04464,2024-03-25,37.78,Grocery
CUST04464,2025-04-24,57.43,Travel
CUST04464,2023-09-11,10.76,Clothing
CUST04464,2024-08-05,122.13,Clothing
CUST04464,2024-10-25,13.8,Electronics
CUST04464,2024-04-16,11.14,Clothing
CUST04464,2025-01-22,88.41,Travel
CUST04464,2023-10-16,207.23,Travel
CUST04464,2023-09-23,35.78,Grocery
CUST04464,2024-11-18,14.16,Clothing
CUST04464,2024-08-30,128.3,Travel
CUST04464,2024-04-13,15.93,Dining
CUST04464,2023-09-24,9.52,Clothing
CUST04464,2025-03-26,120.85,Electronics
CUST04464,2023-11-06,348.35,Grocery
CUST04464,2025-03-03,104.13,Grocery
CUST04464,2024-10-13,161.48,Grocery
CUST04464,2025-01-29,48.85,Grocery
CUST04464,2023-09-05,5.72,Grocery
CUST04464,2025-04-20,65.38,Electronics
CUST04464,2024-04-19,280.43,Grocery
CUST04464,2025-02-16,103.31,Dining
CUST04464,2024-02-25,188.32,Grocery
CUST04464,2024-03-16,87.72,Travel
CUST04464,2024-12-27,135.67,Travel
CUST04464,2023-08-31,34.25,Clothing
CUST04464,2024-12-29,90.75,Dining
CUST04464,2023-09-29,12.67,Electronics
CUST04464,2025-03-15,95.96,Electronics
CUST04464,2024-09-20,18.06,Electronics
CUST04464,2025-06-28,34.6,Electronics
CUST04464,2024-08-18,101.75,Dining
CUST04464,2025-03-26,142.5,Clothing
CUST04464,2024-02-13,106.15,Grocery
CUST04464,2023-10-04,78.35,Grocery
CUST04464,2024-08-17,99.41,Travel
CUST04464,2024-03-28,100.15,Travel
CUST04464,2025-05-02,5.84,Electronics
CUST04464,2025-03-16,54.25,Electronics
CUST04464,2025-06-14,45.78,Clothing
CUST04464,2024-02-22,82.59,Clothing
CUST04464,2024-08-07,247.73,Dining
CUST04464,2023-09-12,11.68,Dining
CUST04464,2023-12-11,12.01,Clothing
CUST04464,2025-03-27,30.48,Dining
CUST04464,2024-02-08,96.26,Clothing
CUST04464,2024-06-04,23.65,Travel
CUST04464,2024-07-26,55.79,Travel
CUST04464,2023-10-13,19.69,Electronics
CUST04464,2024-07-31,12.24,Clothing
CUST04464,2023-11-12,9.02,Travel
CUST04464,2025-02-14,17.4,Electronics
CUST04464,2025-04-02,76.66,Clothing
CUST04464,2024-04-17,189.97,Dining
CUST04464,2024-12-08,87.71,Clothing
CUST04464,2025-01-03,33.93,Dining
CUST04465,2025-03-27,7.99,Clothing
CUST04465,2025-07-28,85.07,Dining
CUST04465,2025-04-15,182.16,Dining
CUST04465,2025-05-24,128.78,Clothing
CUST04465,2025-04-12,26.99,Travel
CUST04465,2025-07-22,120.5,Dining
CUST04465,2025-05-02,35.03,Dining
CUST04465,2025-03-13,56.23,Electronics
CUST04465,2025-05-15,67.78,Travel
CUST04465,2025-05-03,130.66,Travel
CUST04465,2025-07-18,242.87,Grocery
CUST04465,2025-06-11,15.82,Grocery
CUST04465,2025-04-23,82.46,Grocery
CUST04465,2025-05-11,37.07,Dining
CUST04465,2025-07-19,59.7,Grocery
CUST04465,2025-04-29,20.81,Clothing
CUST04465,2025-05-25,16.29,Dining
CUST04465,2025-05-08,35.14,Electronics
CUST04465,2025-03-06,66.72,Dining
CUST04465,2025-04-08,43.2,Travel
CUST04465,2025-06-13,10.44,Clothing
CUST04465,2025-03-20,116.94,Clothing
CUST04465,2025-05-04,51.62,Electronics
CUST04465,2025-04-22,23.41,Dining
CUST04465,2025-06-26,83.52,Dining
CUST04465,2025-03-29,54.21,Dining
CUST04465,2025-06-17,127.17,Grocery
CUST04465,2025-05-02,6.0,Electronics
CUST04465,2025-06-04,31.09,Travel
CUST04465,2025-05-17,42.23,Travel
CUST04465,2025-07-08,78.9,Clothing
CUST04465,2025-04-21,207.78,Grocery
CUST04465,2025-04-04,7.17,Grocery
CUST04465,2025-06-16,72.48,Clothing
CUST04465,2025-05-11,77.07,Dining
CUST04465,2025-03-19,46.78,Travel
CUST04465,2025-03-16,9.55,Travel
CUST04465,2025-04-23,53.03,Travel
CUST04465,2025-05-20,35.06,Grocery
CUST04465,2025-03-03,54.19,Travel
CUST04465,2025-07-20,111.83,Travel
CUST04465,2025-06-27,23.22,Dining
CUST04465,2025-05-17,25.97,Clothing
CUST04465,2025-07-02,368.54,Travel
CUST04465,2025-07-20,79.79,Travel
CUST04465,2025-05-05,91.8,Clothing
CUST04465,2025-04-20,339.36,Dining
CUST04465,2025-07-09,33.64,Electronics
CUST04465,2025-07-25,52.62,Electronics
CUST04465,2025-07-18,69.46,Dining
CUST04465,2025-03-04,11.58,Electronics
CUST04465,2025-06-20,139.47,Grocery
CUST04465,2025-06-23,123.15,Grocery
CUST04465,2025-04-04,161.3,Travel
CUST04465,2025-06-20,27.25,Clothing
CUST04465,2025-03-23,200.73,Dining
CUST04465,2025-06-27,26.09,Dining
CUST04465,2025-07-08,193.76,Clothing
CUST04465,2025-04-16,83.09,Dining
CUST04465,2025-03-29,99.97,Grocery
CUST04465,2025-04-01,154.07,Clothing
CUST04465,2025-03-07,95.83,Clothing
CUST04465,2025-04-20,58.48,Grocery
CUST04465,2025-05-25,127.62,Grocery
CUST04465,2025-07-21,138.3,Grocery
CUST04465,2025-03-21,34.23,Grocery
CUST04465,2025-03-10,9.03,Electronics
CUST04465,2025-07-11,54.59,Travel
CUST04465,2025-04-21,89.47,Electronics
CUST04465,2025-06-06,53.24,Grocery
CUST04465,2025-05-14,98.76,Clothing
CUST04465,2025-06-22,12.5,Clothing
CUST04465,2025-03-22,64.44,Grocery
CUST04465,2025-04-23,42.28,Grocery
CUST04465,2025-03-10,7.86,Grocery
CUST04465,2025-06-21,41.56,Dining
CUST04465,2025-04-15,48.09,Electronics
CUST04465,2025-03-20,85.85,Electronics
CUST04465,2025-03-04,12.33,Clothing
CUST04465,2025-06-13,135.49,Grocery
CUST04465,2025-04-16,61.57,Travel
CUST04465,2025-05-14,108.92,Grocery
CUST04465,2025-07-01,249.46,Travel
CUST04465,2025-06-18,48.26,Electronics
CUST04465,2025-07-27,105.57,Travel
CUST04465,2025-05-30,42.54,Clothing
CUST04465,2025-04-14,19.44,Clothing
CUST04465,2025-06-06,103.92,Grocery
CUST04465,2025-05-04,45.23,Electronics
CUST04465,2025-07-29,22.68,Grocery
CUST04465,2025-06-05,24.19,Travel
CUST04465,2025-05-27,75.54,Clothing
CUST04465,2025-05-20,15.81,Dining
CUST04465,2025-03-06,67.33,Grocery
CUST04465,2025-06-14,68.56,Grocery
CUST04465,2025-06-17,38.43,Electronics
CUST04465,2025-06-13,57.97,Clothing
CUST04466,2025-06-29,122.28,Grocery
CUST04466,2025-07-19,104.45,Dining
CUST04466,2025-07-07,26.3,Dining
CUST04466,2025-07-26,18.93,Clothing
CUST04466,2025-06-25,203.31,Grocery
CUST04466,2025-06-13,80.22,Electronics
CUST04466,2025-06-23,6.16,Travel
CUST04466,2025-07-19,99.24,Grocery
CUST04466,2025-07-15,224.08,Travel
CUST04466,2025-06-23,61.65,Clothing
CUST04466,2025-06-12,289.01,Travel
CUST04466,2025-07-16,50.95,Electronics
CUST04466,2025-07-11,83.04,Grocery
CUST04466,2025-06-23,81.53,Grocery
CUST04466,2025-07-14,71.92,Grocery
CUST04466,2025-06-17,44.91,Clothing
CUST04466,2025-07-11,64.35,Dining
CUST04466,2025-06-04,15.37,Dining
CUST04466,2025-06-19,82.4,Travel
CUST04466,2025-07-13,243.13,Travel
CUST04466,2025-07-28,34.17,Clothing
CUST04466,2025-07-12,138.07,Travel
CUST04466,2025-07-31,45.71,Grocery
CUST04466,2025-07-18,77.51,Electronics
CUST04466,2025-06-25,86.51,Dining
CUST04466,2025-07-22,83.47,Travel
CUST04466,2025-06-08,18.36,Grocery
CUST04466,2025-06-11,98.56,Dining
CUST04466,2025-06-07,197.63,Electronics
CUST04466,2025-06-15,118.29,Electronics
CUST04466,2025-07-17,160.59,Clothing
CUST04466,2025-07-20,40.2,Dining
CUST04466,2025-06-06,94.42,Electronics
CUST04466,2025-07-30,32.5,Electronics
CUST04466,2025-06-12,172.08,Clothing
CUST04466,2025-06-02,26.01,Dining
CUST04466,2025-06-07,73.01,Electronics
CUST04466,2025-07-15,17.07,Electronics
CUST04466,2025-07-10,26.56,Travel
CUST04466,2025-07-13,79.03,Dining
CUST04466,2025-07-04,58.68,Dining
CUST04466,2025-06-14,98.06,Electronics
CUST04466,2025-07-31,144.41,Electronics
CUST04466,2025-06-25,28.12,Dining
CUST04466,2025-06-16,25.9,Travel
CUST04466,2025-06-03,43.98,Travel
CUST04466,2025-07-14,199.68,Travel
CUST04466,2025-07-11,8.86,Grocery
CUST04466,2025-07-27,78.31,Travel
CUST04466,2025-06-19,69.63,Dining
CUST04466,2025-06-11,242.37,Clothing
CUST04466,2025-07-30,51.59,Grocery
CUST04466,2025-07-18,87.49,Grocery
CUST04466,2025-06-06,55.74,Grocery
CUST04466,2025-07-02,137.43,Electronics
CUST04466,2025-06-19,115.87,Travel
CUST04466,2025-07-01,8.35,Grocery
CUST04466,2025-07-09,42.81,Dining
CUST04466,2025-06-22,130.07,Clothing
CUST04466,2025-06-08,61.16,Electronics
CUST04466,2025-07-28,73.04,Dining
CUST04466,2025-07-11,30.67,Travel
CUST04466,2025-07-12,125.73,Clothing
CUST04466,2025-06-06,26.04,Electronics
CUST04466,2025-06-29,102.69,Electronics
CUST04466,2025-06-28,32.7,Grocery
CUST04466,2025-07-13,225.87,Clothing
CUST04466,2025-06-02,91.28,Grocery
CUST04466,2025-06-27,65.18,Grocery
CUST04466,2025-07-01,59.55,Clothing
CUST04466,2025-07-31,20.6,Clothing
CUST04466,2025-07-30,31.02,Dining
CUST04466,2025-06-12,24.07,Dining
CUST04466,2025-06-09,44.97,Electronics
CUST04466,2025-07-24,171.22,Clothing
CUST04466,2025-06-07,76.39,Grocery
CUST04466,2025-06-15,16.12,Travel
CUST04466,2025-06-10,64.72,Clothing
CUST04466,2025-07-23,26.42,Electronics
CUST04466,2025-05-31,104.94,Electronics
CUST04466,2025-06-16,28.56,Clothing
CUST04466,2025-06-05,6.28,Electronics
CUST04466,2025-06-19,54.71,Travel
CUST04466,2025-06-16,59.74,Grocery
CUST04466,2025-06-26,88.5,Travel
CUST04466,2025-07-30,73.43,Electronics
CUST04466,2025-07-17,47.15,Electronics
CUST04466,2025-06-12,85.17,Dining
CUST04466,2025-06-01,174.0,Clothing
CUST04466,2025-07-13,259.14,Electronics
CUST04466,2025-06-20,152.34,Grocery
CUST04466,2025-07-31,89.02,Grocery
CUST04466,2025-07-31,101.07,Travel
CUST04466,2025-08-01,66.99,Grocery
CUST04466,2025-06-15,71.53,Clothing
CUST04466,2025-05-31,27.91,Travel
CUST04466,2025-07-02,18.21,Dining
CUST04466,2025-06-06,196.25,Dining
CUST04466,2025-07-26,26.78,Electronics
CUST04466,2025-06-28,34.48,Grocery
CUST04466,2025-07-01,16.13,Travel
CUST04466,2025-06-11,93.01,Travel
CUST04466,2025-07-04,134.78,Clothing
CUST04466,2025-07-30,103.13,Clothing
CUST04466,2025-07-13,69.41,Electronics
CUST04466,2025-06-15,111.35,Travel
CUST04466,2025-07-20,65.75,Dining
CUST04466,2025-06-29,127.26,Electronics
CUST04466,2025-06-01,57.03,Electronics
CUST04466,2025-07-21,219.08,Grocery
CUST04466,2025-06-14,25.73,Travel
CUST04466,2025-07-28,172.67,Travel
CUST04466,2025-06-13,50.7,Dining
CUST04466,2025-06-25,79.22,Clothing
CUST04466,2025-07-03,97.13,Travel
CUST04466,2025-07-03,131.02,Grocery
CUST04466,2025-06-24,183.36,Electronics
CUST04466,2025-07-25,67.94,Dining
CUST04466,2025-05-31,73.53,Grocery
CUST04466,2025-07-18,113.59,Travel
CUST04466,2025-06-06,10.37,Travel
CUST04466,2025-06-08,117.01,Grocery
CUST04466,2025-07-09,43.27,Grocery
CUST04466,2025-07-14,5.07,Electronics
CUST04466,2025-06-15,40.8,Clothing
CUST04466,2025-06-11,13.78,Dining
CUST04466,2025-07-03,16.94,Dining
CUST04466,2025-07-03,277.08,Clothing
CUST04467,2025-06-03,49.71,Travel
CUST04467,2025-04-07,105.5,Grocery
CUST04467,2023-12-07,122.37,Electronics
CUST04467,2024-08-20,58.45,Electronics
CUST04467,2023-10-31,15.62,Grocery
CUST04467,2023-12-05,12.7,Grocery
CUST04467,2025-07-11,22.43,Electronics
CUST04467,2024-11-26,291.87,Dining
CUST04467,2022-11-12,236.28,Travel
CUST04467,2024-08-26,124.29,Grocery
CUST04467,2025-01-25,72.1,Dining
CUST04467,2023-02-15,119.78,Electronics
CUST04467,2024-01-06,10.58,Grocery
CUST04467,2023-09-23,12.65,Dining
CUST04467,2025-06-06,30.3,Electronics
CUST04467,2024-09-16,86.88,Dining
CUST04467,2023-05-20,35.51,Clothing
CUST04467,2023-11-19,27.72,Travel
CUST04467,2025-04-14,33.4,Clothing
CUST04467,2022-12-19,161.32,Clothing
CUST04467,2024-06-09,29.41,Electronics
CUST04467,2024-11-28,298.99,Travel
CUST04467,2023-07-28,80.89,Electronics
CUST04467,2024-09-02,80.44,Clothing
CUST04467,2023-12-07,56.81,Clothing
CUST04467,2024-06-09,6.83,Electronics
CUST04467,2025-04-12,67.68,Grocery
CUST04467,2025-05-09,218.43,Grocery
CUST04467,2025-06-18,272.54,Electronics
CUST04467,2023-07-16,309.48,Grocery
CUST04467,2023-01-23,40.99,Electronics
CUST04467,2025-06-17,16.73,Dining
CUST04467,2025-05-10,155.6,Grocery
CUST04467,2024-11-02,98.11,Clothing
CUST04467,2025-05-18,25.44,Dining
CUST04467,2022-11-12,35.73,Dining
CUST04467,2024-10-26,79.54,Grocery
CUST04467,2024-07-22,194.65,Clothing
CUST04467,2024-03-27,153.55,Travel
CUST04467,2023-06-13,70.66,Grocery
CUST04467,2023-03-12,62.6,Travel
CUST04467,2023-01-03,5.69,Dining
CUST04467,2023-06-24,16.51,Clothing
CUST04467,2025-03-08,42.6,Travel
CUST04467,2023-07-30,144.31,Grocery
CUST04467,2025-03-22,29.81,Clothing
CUST04467,2023-10-09,103.73,Clothing
CUST04467,2025-07-01,16.24,Grocery
CUST04467,2023-01-26,84.62,Dining
CUST04467,2025-05-23,154.26,Clothing
CUST04467,2024-01-05,88.34,Electronics
CUST04467,2024-07-06,57.51,Travel
CUST04467,2025-02-15,92.74,Grocery
CUST04467,2024-12-02,53.94,Electronics
CUST04467,2024-11-24,58.87,Clothing
CUST04467,2025-02-17,130.25,Dining
CUST04467,2023-10-22,109.35,Travel
CUST04467,2023-08-05,123.22,Grocery
CUST04467,2022-10-08,56.92,Clothing
CUST04467,2024-11-13,34.88,Dining
CUST04467,2025-04-10,13.05,Travel
CUST04467,2024-08-26,80.73,Dining
CUST04467,2025-03-10,202.45,Dining
CUST04467,2024-09-01,69.62,Grocery
CUST04467,2024-07-26,26.95,Travel
CUST04467,2023-06-23,54.45,Travel
CUST04467,2024-07-26,125.63,Grocery
CUST04467,2023-08-09,60.88,Clothing
CUST04467,2025-06-27,53.03,Travel
CUST04467,2023-03-20,71.3,Electronics
CUST04467,2025-01-07,59.96,Grocery
CUST04467,2023-05-04,229.23,Dining
CUST04467,2025-06-25,38.38,Clothing
CUST04467,2022-11-06,159.09,Travel
CUST04467,2024-08-20,59.51,Travel
CUST04467,2023-01-24,120.97,Travel
CUST04467,2023-12-01,82.16,Clothing
CUST04467,2024-08-26,80.35,Clothing
CUST04467,2024-03-27,162.98,Electronics
CUST04467,2022-10-02,79.14,Clothing
CUST04467,2024-08-04,72.13,Dining
CUST04467,2024-03-05,15.89,Dining
CUST04467,2023-06-11,20.56,Electronics
CUST04467,2025-02-26,295.09,Dining
CUST04467,2023-01-13,50.71,Clothing
CUST04467,2024-12-31,113.34,Clothing
CUST04467,2024-12-28,265.03,Travel
CUST04467,2025-07-26,19.72,Grocery
CUST04467,2024-02-24,5.56,Dining
CUST04467,2024-06-29,119.98,Electronics
CUST04467,2023-05-31,48.73,Grocery
CUST04467,2023-06-04,225.12,Clothing
CUST04467,2025-04-25,58.14,Clothing
CUST04468,2022-12-22,92.61,Grocery
CUST04468,2024-09-30,13.27,Clothing
CUST04468,2023-10-09,39.19,Electronics
CUST04468,2023-06-26,41.31,Electronics
CUST04468,2022-08-10,281.82,Dining
CUST04468,2023-05-12,161.98,Grocery
CUST04468,2022-11-11,49.16,Clothing
CUST04468,2023-09-21,10.7,Electronics
CUST04468,2024-08-16,6.27,Clothing
CUST04468,2024-02-05,57.19,Travel
CUST04468,2024-11-19,531.96,Dining
CUST04468,2025-05-17,56.23,Electronics
CUST04468,2022-09-18,80.48,Electronics
CUST04468,2022-11-25,20.66,Electronics
CUST04468,2023-03-20,183.67,Travel
CUST04468,2024-05-06,24.89,Grocery
CUST04468,2023-12-07,14.83,Grocery
CUST04468,2024-07-19,99.21,Travel
CUST04468,2024-12-12,23.35,Travel
CUST04468,2023-09-20,102.74,Grocery
CUST04468,2023-11-11,30.65,Dining
CUST04468,2023-01-20,34.23,Grocery
CUST04468,2023-09-18,6.64,Clothing
CUST04468,2023-01-28,67.54,Dining
CUST04468,2023-11-14,180.88,Electronics
CUST04468,2024-12-15,187.46,Electronics
CUST04468,2023-01-19,47.67,Grocery
CUST04468,2023-08-27,55.82,Travel
CUST04468,2024-11-02,19.43,Dining
CUST04468,2024-10-23,46.85,Travel
CUST04468,2023-12-01,294.81,Travel
CUST04468,2024-11-02,72.72,Travel
CUST04468,2025-05-10,94.46,Electronics
CUST04468,2023-07-25,334.48,Electronics
CUST04468,2023-02-23,82.08,Electronics
CUST04468,2025-04-17,12.65,Clothing
CUST04468,2023-10-28,60.71,Grocery
CUST04468,2023-04-28,549.41,Grocery
CUST04468,2024-10-03,28.14,Travel
CUST04468,2022-11-21,37.45,Travel
CUST04468,2025-01-24,182.67,Dining
CUST04468,2024-12-20,29.51,Grocery
CUST04468,2022-12-04,18.12,Grocery
CUST04468,2023-03-25,52.04,Clothing
CUST04468,2022-12-19,19.19,Dining
CUST04468,2024-04-24,124.63,Travel
CUST04468,2024-06-23,100.15,Clothing
CUST04468,2025-02-08,136.73,Travel
CUST04468,2024-09-02,57.64,Travel
CUST04468,2024-12-02,29.62,Travel
CUST04468,2022-08-13,501.79,Dining
CUST04468,2024-05-10,73.22,Clothing
CUST04468,2024-09-22,13.48,Electronics
CUST04468,2023-01-03,124.43,Clothing
CUST04468,2023-10-05,12.73,Clothing
CUST04468,2024-12-04,34.46,Electronics
CUST04468,2024-04-24,58.73,Electronics
CUST04468,2023-05-02,12.93,Travel
CUST04468,2023-06-12,216.93,Grocery
CUST04468,2024-11-14,85.38,Grocery
CUST04468,2022-10-18,197.02,Travel
CUST04468,2022-11-03,139.83,Grocery
CUST04468,2023-04-02,6.66,Travel
CUST04468,2025-01-12,320.01,Dining
CUST04468,2024-08-24,31.37,Travel
CUST04468,2023-10-30,14.04,Clothing
CUST04468,2025-03-23,289.56,Travel
CUST04468,2024-09-13,46.2,Clothing
CUST04468,2024-10-20,9.71,Travel
CUST04468,2024-08-15,86.14,Dining
CUST04468,2025-02-09,495.85,Electronics
CUST04468,2023-07-18,26.77,Travel
CUST04468,2023-10-31,347.22,Electronics
CUST04468,2022-10-03,99.17,Electronics
CUST04468,2025-01-11,11.81,Dining
CUST04468,2024-05-03,42.59,Dining
CUST04468,2024-09-19,29.17,Travel
CUST04468,2022-09-10,24.19,Grocery
CUST04468,2022-09-15,46.12,Dining
CUST04468,2024-12-25,405.28,Travel
CUST04468,2023-08-02,49.25,Grocery
CUST04468,2023-10-19,11.64,Dining
CUST04468,2025-01-15,24.57,Clothing
CUST04468,2024-10-07,26.92,Grocery
CUST04468,2023-02-28,103.16,Dining
CUST04468,2024-01-08,98.08,Dining
CUST04468,2025-06-11,8.22,Electronics
CUST04468,2025-03-12,59.75,Clothing
CUST04468,2025-05-10,76.41,Travel
CUST04468,2024-12-29,108.54,Grocery
CUST04468,2025-02-13,16.37,Electronics
CUST04468,2023-07-02,165.83,Clothing
CUST04468,2024-11-26,12.7,Dining
CUST04468,2022-12-24,78.22,Clothing
CUST04468,2025-02-22,14.76,Travel
CUST04468,2024-09-16,16.48,Travel
CUST04468,2022-08-11,69.66,Grocery
CUST04468,2022-10-28,100.38,Clothing
CUST04468,2023-11-09,16.18,Grocery
CUST04469,2023-12-24,8.36,Travel
CUST04469,2024-11-25,236.58,Travel
CUST04469,2025-05-20,17.22,Grocery
CUST04469,2023-10-07,6.57,Travel
CUST04469,2024-11-22,64.9,Grocery
CUST04469,2024-12-20,99.11,Dining
CUST04469,2024-03-28,205.4,Dining
CUST04469,2024-03-29,125.97,Travel
CUST04469,2023-11-05,46.52,Clothing
CUST04469,2023-12-02,77.97,Dining
CUST04469,2025-02-24,10.07,Clothing
CUST04469,2024-05-24,71.86,Dining
CUST04469,2024-01-13,293.08,Travel
CUST04469,2024-11-22,11.37,Dining
CUST04469,2024-07-24,77.77,Electronics
CUST04469,2024-09-26,37.51,Electronics
CUST04469,2024-05-25,20.8,Grocery
CUST04469,2024-01-07,103.21,Grocery
CUST04469,2024-02-24,49.5,Grocery
CUST04469,2025-02-19,9.97,Travel
CUST04469,2024-05-12,121.83,Dining
CUST04469,2025-04-30,61.88,Electronics
CUST04469,2024-10-16,135.77,Grocery
CUST04469,2025-07-22,131.45,Travel
CUST04469,2025-03-02,19.1,Clothing
CUST04469,2023-12-19,10.85,Travel
CUST04469,2024-02-13,6.45,Clothing
CUST04469,2023-10-15,15.99,Travel
CUST04469,2024-02-16,240.47,Electronics
CUST04469,2024-09-29,10.37,Dining
CUST04469,2025-04-28,18.45,Grocery
CUST04469,2025-03-07,32.01,Dining
CUST04469,2024-05-11,71.56,Travel
CUST04469,2024-07-08,30.23,Electronics
CUST04469,2025-01-06,87.01,Grocery
CUST04469,2024-09-17,71.62,Grocery
CUST04469,2025-03-20,109.0,Clothing
CUST04469,2023-10-04,29.31,Travel
CUST04469,2024-10-21,50.14,Clothing
CUST04469,2024-04-29,13.16,Grocery
CUST04469,2025-02-22,177.43,Travel
CUST04469,2024-07-03,62.7,Electronics
CUST04469,2024-02-20,116.67,Electronics
CUST04469,2024-03-03,21.14,Dining
CUST04469,2024-04-01,93.96,Grocery
CUST04469,2025-05-18,50.0,Grocery
CUST04469,2023-10-14,66.19,Dining
CUST04469,2023-12-01,66.89,Clothing
CUST04469,2025-02-13,70.18,Dining
CUST04469,2025-03-17,95.37,Grocery
CUST04469,2024-03-28,139.79,Dining
CUST04469,2023-09-18,43.97,Grocery
CUST04469,2025-05-15,248.15,Dining
CUST04469,2024-07-28,35.29,Dining
CUST04469,2024-07-01,62.65,Dining
CUST04469,2025-04-22,30.17,Grocery
CUST04469,2025-01-04,144.92,Travel
CUST04469,2024-11-23,157.57,Electronics
CUST04469,2023-11-13,75.45,Electronics
CUST04469,2024-11-10,112.0,Clothing
CUST04469,2024-11-28,162.23,Electronics
CUST04469,2024-10-22,35.89,Travel
CUST04469,2024-09-06,232.49,Clothing
CUST04469,2024-04-28,101.53,Dining
CUST04469,2024-06-02,32.96,Dining
CUST04469,2025-05-13,22.67,Clothing
CUST04469,2024-06-16,50.09,Travel
CUST04469,2024-09-11,41.68,Dining
CUST04469,2024-09-12,205.51,Electronics
CUST04469,2024-02-09,96.7,Clothing
CUST04469,2023-12-19,16.48,Dining
CUST04469,2024-10-24,55.67,Travel
CUST04469,2024-02-05,280.36,Electronics
CUST04469,2024-06-16,38.89,Travel
CUST04469,2023-09-19,55.44,Grocery
CUST04469,2025-05-02,124.47,Clothing
CUST04469,2024-12-13,22.63,Clothing
CUST04469,2024-03-21,37.89,Electronics
CUST04469,2024-02-17,152.83,Travel
CUST04469,2024-11-08,72.1,Dining
CUST04469,2024-02-23,158.77,Dining
CUST04469,2024-11-27,78.27,Dining
CUST04469,2024-09-19,24.0,Grocery
CUST04469,2024-05-21,14.34,Clothing
CUST04469,2024-02-24,191.18,Clothing
CUST04469,2025-07-12,8.76,Clothing
CUST04469,2024-11-10,43.68,Travel
CUST04469,2023-12-08,12.33,Travel
CUST04469,2024-09-22,29.07,Electronics
CUST04469,2024-08-03,34.37,Electronics
CUST04469,2023-12-21,14.35,Dining
CUST04469,2024-09-22,26.69,Grocery
CUST04469,2023-09-16,116.44,Clothing
CUST04469,2023-09-05,56.93,Grocery
CUST04469,2024-03-19,219.11,Dining
CUST04469,2025-02-05,180.06,Dining
CUST04470,2024-03-08,5.36,Grocery
CUST04470,2025-07-04,7.32,Travel
CUST04470,2023-04-03,51.44,Clothing
CUST04470,2024-11-23,150.35,Dining
CUST04470,2023-03-04,30.23,Dining
CUST04470,2023-09-12,83.04,Grocery
CUST04470,2025-04-27,115.37,Dining
CUST04470,2023-11-19,7.92,Electronics
CUST04470,2024-10-22,12.7,Electronics
CUST04470,2024-08-13,134.37,Grocery
CUST04470,2025-05-22,20.16,Grocery
CUST04470,2025-01-22,20.76,Dining
CUST04470,2022-12-30,34.8,Grocery
CUST04470,2025-01-28,60.8,Grocery
CUST04470,2024-11-15,22.63,Travel
CUST04470,2025-06-14,28.03,Travel
CUST04470,2024-11-13,67.66,Travel
CUST04470,2024-12-10,162.86,Dining
CUST04470,2024-08-04,12.19,Dining
CUST04470,2025-02-11,14.88,Travel
CUST04470,2023-07-25,41.91,Electronics
CUST04470,2023-04-15,16.93,Travel
CUST04470,2025-04-04,10.53,Clothing
CUST04470,2023-08-13,167.04,Electronics
CUST04470,2024-12-22,333.03,Travel
CUST04470,2022-10-26,18.08,Grocery
CUST04470,2024-11-29,22.95,Dining
CUST04470,2024-08-09,27.36,Clothing
CUST04470,2025-02-08,12.34,Clothing
CUST04470,2024-02-08,125.94,Grocery
CUST04470,2023-03-15,21.79,Clothing
CUST04470,2022-12-15,146.04,Travel
CUST04470,2023-07-07,127.05,Grocery
CUST04470,2023-06-25,31.06,Electronics
CUST04470,2022-12-02,11.75,Dining
CUST04470,2024-02-24,6.11,Clothing
CUST04470,2023-11-16,32.99,Grocery
CUST04470,2023-08-19,41.19,Dining
CUST04470,2025-02-21,27.22,Electronics
CUST04470,2023-07-31,46.13,Grocery
CUST04470,2025-06-01,19.86,Clothing
CUST04470,2025-04-10,26.08,Dining
CUST04470,2024-04-10,216.21,Grocery
CUST04470,2024-09-15,149.34,Travel
CUST04470,2025-04-20,27.02,Travel
CUST04470,2023-11-13,55.23,Dining
CUST04470,2022-10-05,52.04,Dining
CUST04470,2024-03-24,44.02,Clothing
CUST04470,2023-06-25,97.51,Clothing
CUST04470,2024-05-16,58.7,Dining
CUST04470,2025-02-22,10.18,Grocery
CUST04470,2024-10-30,139.91,Clothing
CUST04470,2025-06-26,12.74,Electronics
CUST04470,2023-08-25,100.53,Grocery
CUST04470,2025-06-13,122.58,Grocery
CUST04470,2024-11-11,47.67,Grocery
CUST04470,2025-03-30,72.53,Travel
CUST04470,2024-12-10,305.76,Travel
CUST04470,2025-07-26,5.22,Clothing
CUST04470,2023-02-08,30.33,Electronics
CUST04470,2025-03-28,43.65,Dining
CUST04470,2025-07-23,95.02,Grocery
CUST04470,2025-05-29,227.57,Grocery
CUST04470,2025-05-10,15.36,Travel
CUST04470,2022-11-10,91.15,Grocery
CUST04470,2025-05-31,29.66,Grocery
CUST04470,2023-11-06,28.44,Dining
CUST04470,2023-10-24,18.79,Travel
CUST04470,2025-03-06,255.13,Clothing
CUST04470,2023-02-16,53.13,Dining
CUST04470,2022-12-20,39.0,Grocery
CUST04470,2022-12-20,58.72,Electronics
CUST04470,2023-12-15,139.67,Clothing
CUST04470,2022-11-20,11.35,Clothing
CUST04470,2024-07-08,250.86,Clothing
CUST04470,2024-07-03,81.04,Grocery
CUST04470,2022-10-23,10.45,Grocery
CUST04470,2022-12-01,33.66,Travel
CUST04470,2023-01-12,131.83,Clothing
CUST04470,2023-09-03,57.46,Travel
CUST04470,2025-06-12,79.9,Dining
CUST04470,2025-07-03,68.88,Travel
CUST04470,2023-08-20,9.6,Electronics
CUST04470,2023-04-06,226.18,Electronics
CUST04470,2023-03-08,90.29,Grocery
CUST04470,2023-10-27,41.55,Clothing
CUST04470,2025-06-28,70.48,Grocery
CUST04470,2025-07-07,23.56,Clothing
CUST04470,2023-07-14,29.62,Clothing
CUST04470,2025-07-15,140.91,Clothing
CUST04470,2025-02-22,24.42,Travel
CUST04470,2023-12-05,12.02,Electronics
CUST04470,2025-04-17,17.35,Travel
CUST04470,2024-10-24,19.47,Grocery
CUST04470,2024-06-15,56.65,Grocery
CUST04470,2023-03-22,188.85,Grocery
CUST04470,2022-10-19,224.72,Dining
CUST04470,2023-04-24,279.87,Travel
CUST04470,2024-11-17,116.24,Dining
CUST04470,2025-01-13,25.39,Clothing
CUST04470,2024-01-08,41.53,Grocery
CUST04470,2023-06-26,58.27,Clothing
CUST04470,2023-09-22,66.42,Dining
CUST04471,2024-05-27,76.67,Electronics
CUST04471,2023-10-04,14.2,Dining
CUST04471,2024-03-09,156.86,Electronics
CUST04471,2024-06-12,19.24,Travel
CUST04471,2025-02-26,33.06,Clothing
CUST04471,2023-12-15,58.11,Travel
CUST04471,2023-07-25,161.03,Clothing
CUST04471,2024-04-26,8.7,Travel
CUST04471,2025-01-06,35.31,Electronics
CUST04471,2025-06-15,102.28,Clothing
CUST04471,2024-03-30,14.73,Grocery
CUST04471,2025-07-22,5.54,Electronics
CUST04471,2023-07-11,38.36,Electronics
CUST04471,2025-06-21,139.65,Electronics
CUST04471,2023-07-28,16.28,Clothing
CUST04471,2025-02-17,235.68,Dining
CUST04471,2024-08-22,31.67,Dining
CUST04471,2024-09-02,100.72,Travel
CUST04471,2024-03-18,66.1,Electronics
CUST04471,2024-09-26,102.72,Clothing
CUST04471,2025-03-29,124.39,Electronics
CUST04471,2024-09-15,16.63,Dining
CUST04471,2025-07-08,36.76,Electronics
CUST04471,2025-06-11,154.82,Clothing
CUST04471,2023-11-05,100.27,Electronics
CUST04471,2025-02-16,113.52,Clothing
CUST04471,2025-05-16,31.57,Electronics
CUST04471,2024-09-21,152.07,Clothing
CUST04471,2025-06-13,183.0,Electronics
CUST04471,2024-11-02,114.23,Electronics
CUST04471,2023-06-26,13.02,Dining
CUST04471,2024-04-06,37.34,Clothing
CUST04471,2024-06-26,81.2,Travel
CUST04471,2025-01-22,22.05,Clothing
CUST04471,2025-07-26,94.07,Clothing
CUST04471,2024-10-21,9.43,Clothing
CUST04471,2024-10-16,19.58,Travel
CUST04471,2024-02-23,39.44,Dining
CUST04471,2025-01-16,187.56,Clothing
CUST04471,2023-08-19,113.36,Grocery
CUST04471,2024-06-19,10.65,Electronics
CUST04471,2024-08-24,212.67,Electronics
CUST04471,2025-03-14,174.71,Dining
CUST04471,2025-06-09,59.99,Dining
CUST04471,2023-07-12,15.87,Electronics
CUST04471,2025-02-21,48.65,Grocery
CUST04471,2025-02-21,21.58,Clothing
CUST04471,2023-10-29,67.33,Electronics
CUST04471,2024-05-01,137.57,Clothing
CUST04471,2024-02-25,220.16,Dining
CUST04471,2024-11-10,76.62,Electronics
CUST04471,2024-07-16,80.6,Dining
CUST04471,2025-06-29,38.61,Grocery
CUST04471,2024-06-06,33.51,Electronics
CUST04471,2024-03-08,12.97,Grocery
CUST04471,2025-03-16,22.99,Dining
CUST04471,2024-09-10,29.16,Travel
CUST04471,2025-05-17,35.26,Clothing
CUST04471,2025-06-18,75.72,Grocery
CUST04471,2024-03-08,9.72,Clothing
CUST04471,2024-08-08,15.9,Grocery
CUST04471,2025-07-12,104.3,Clothing
CUST04471,2023-07-05,139.72,Dining
CUST04471,2025-05-09,74.43,Travel
CUST04471,2025-01-16,23.53,Travel
CUST04471,2025-07-27,27.05,Electronics
CUST04471,2023-11-08,260.74,Travel
CUST04471,2024-09-25,32.32,Grocery
CUST04471,2024-04-24,33.85,Grocery
CUST04471,2023-07-12,22.43,Grocery
CUST04471,2023-07-03,16.2,Dining
CUST04471,2025-03-02,132.0,Travel
CUST04471,2024-02-04,9.33,Clothing
CUST04471,2024-09-21,71.68,Grocery
CUST04471,2024-12-19,133.84,Electronics
CUST04471,2024-11-21,101.73,Travel
CUST04471,2025-03-05,49.75,Electronics
CUST04471,2024-06-12,20.4,Grocery
CUST04471,2024-07-23,130.09,Electronics
CUST04471,2023-11-21,49.74,Electronics
CUST04471,2023-11-22,11.71,Clothing
CUST04471,2024-10-06,90.18,Electronics
CUST04471,2025-05-04,210.54,Grocery
CUST04471,2025-05-17,82.13,Clothing
CUST04471,2023-08-31,8.95,Dining
CUST04471,2025-07-08,33.22,Electronics
CUST04471,2024-06-04,213.08,Dining
CUST04471,2025-07-16,243.12,Clothing
CUST04471,2024-06-28,13.34,Travel
CUST04471,2024-10-09,71.48,Travel
CUST04471,2024-02-16,60.36,Clothing
CUST04471,2024-01-21,91.09,Grocery
CUST04471,2024-09-01,11.6,Clothing
CUST04471,2025-04-04,69.92,Clothing
CUST04472,2023-08-30,163.91,Travel
CUST04472,2024-03-18,109.89,Travel
CUST04472,2025-06-18,88.08,Clothing
CUST04472,2024-02-26,13.94,Electronics
CUST04472,2024-01-10,42.65,Clothing
CUST04472,2024-11-06,116.04,Grocery
CUST04472,2024-11-28,47.01,Travel
CUST04472,2024-03-25,20.51,Dining
CUST04472,2025-02-21,99.14,Grocery
CUST04472,2024-07-04,9.71,Electronics
CUST04472,2024-02-12,132.4,Dining
CUST04472,2024-08-07,9.53,Dining
CUST04472,2025-03-05,20.66,Electronics
CUST04472,2024-12-19,64.43,Travel
CUST04472,2024-03-05,30.14,Clothing
CUST04472,2025-02-14,103.28,Grocery
CUST04472,2024-07-31,105.9,Travel
CUST04472,2024-01-24,137.95,Dining
CUST04472,2023-09-25,36.5,Electronics
CUST04472,2025-03-03,101.55,Dining
CUST04472,2024-10-19,63.06,Dining
CUST04472,2025-04-19,141.64,Grocery
CUST04472,2024-01-26,134.5,Electronics
CUST04472,2024-06-05,289.34,Clothing
CUST04472,2025-03-07,49.73,Dining
CUST04472,2024-10-18,430.43,Dining
CUST04472,2023-08-07,28.38,Electronics
CUST04472,2023-09-04,85.42,Grocery
CUST04472,2023-12-02,78.53,Clothing
CUST04472,2024-08-06,55.34,Electronics
CUST04472,2024-12-28,5.73,Clothing
CUST04472,2024-07-20,45.25,Dining
CUST04472,2025-02-03,177.56,Grocery
CUST04472,2024-06-04,137.97,Grocery
CUST04472,2024-04-07,9.6,Grocery
CUST04472,2025-02-16,61.93,Grocery
CUST04472,2025-06-15,18.24,Clothing
CUST04472,2025-02-22,50.97,Grocery
CUST04472,2024-03-02,36.36,Clothing
CUST04472,2024-05-09,23.33,Clothing
CUST04472,2024-11-03,34.91,Dining
CUST04472,2025-01-09,69.13,Electronics
CUST04472,2023-09-01,52.8,Dining
CUST04472,2024-01-31,180.19,Electronics
CUST04472,2024-05-06,13.96,Electronics
CUST04472,2025-04-30,66.45,Electronics
CUST04472,2024-11-24,62.43,Clothing
CUST04472,2024-04-28,43.5,Electronics
CUST04472,2025-05-28,40.37,Grocery
CUST04472,2024-12-17,84.29,Grocery
CUST04472,2023-08-01,153.13,Dining
CUST04472,2023-08-01,6.31,Clothing
CUST04472,2025-02-23,49.03,Grocery
CUST04472,2025-07-24,7.21,Grocery
CUST04472,2024-05-03,23.1,Electronics
CUST04472,2025-05-02,160.57,Clothing
CUST04472,2024-12-12,17.39,Grocery
CUST04472,2025-05-08,22.32,Dining
CUST04472,2024-05-07,13.0,Electronics
CUST04472,2025-03-22,25.3,Dining
CUST04472,2024-03-20,302.85,Electronics
CUST04472,2024-09-12,66.14,Clothing
CUST04472,2023-12-19,7.61,Grocery
CUST04472,2024-04-17,117.78,Clothing
CUST04472,2024-04-17,21.9,Clothing
CUST04472,2024-12-27,64.77,Travel
CUST04472,2023-12-24,143.87,Clothing
CUST04472,2024-12-21,75.72,Dining
CUST04472,2024-06-13,330.61,Electronics
CUST04472,2025-01-06,10.08,Grocery
CUST04472,2024-09-27,13.7,Clothing
CUST04472,2024-10-13,16.54,Travel
CUST04472,2023-09-07,120.2,Dining
CUST04472,2023-09-21,34.47,Grocery
CUST04472,2025-06-22,99.72,Travel
CUST04472,2024-11-09,29.59,Dining
CUST04472,2024-10-04,145.64,Dining
CUST04472,2025-04-03,193.14,Clothing
CUST04472,2023-11-03,24.05,Electronics
CUST04472,2025-04-13,7.27,Clothing
CUST04472,2024-02-18,38.5,Travel
CUST04472,2024-01-13,5.42,Electronics
CUST04472,2023-08-26,25.96,Clothing
CUST04472,2025-04-10,194.7,Travel
CUST04472,2025-05-08,24.52,Electronics
CUST04472,2023-11-07,80.76,Travel
CUST04472,2024-05-03,185.3,Clothing
CUST04472,2023-10-21,197.23,Dining
CUST04472,2023-12-18,75.68,Travel
CUST04472,2025-06-27,63.14,Electronics
CUST04472,2024-08-26,5.73,Travel
CUST04472,2024-05-07,69.09,Clothing
CUST04472,2023-11-09,105.89,Travel
CUST04472,2025-03-14,49.46,Travel
CUST04472,2023-10-02,70.95,Travel
CUST04472,2024-08-01,176.14,Clothing
CUST04472,2025-02-02,73.07,Travel
CUST04472,2024-02-19,19.16,Clothing
CUST04472,2024-11-02,30.88,Grocery
CUST04472,2024-03-12,111.49,Electronics
CUST04473,2025-05-03,30.93,Travel
CUST04473,2024-12-13,338.73,Dining
CUST04473,2024-08-21,29.04,Electronics
CUST04473,2025-03-30,42.59,Grocery
CUST04473,2024-05-13,46.2,Travel
CUST04473,2025-05-16,33.72,Travel
CUST04473,2024-05-23,30.45,Grocery
CUST04473,2025-06-25,117.38,Grocery
CUST04473,2024-07-20,177.41,Travel
CUST04473,2024-11-05,256.19,Travel
CUST04473,2024-06-15,29.1,Travel
CUST04473,2024-09-12,95.64,Dining
CUST04473,2025-01-02,43.55,Grocery
CUST04473,2025-04-22,16.52,Grocery
CUST04473,2024-10-20,40.36,Grocery
CUST04473,2024-07-10,103.77,Electronics
CUST04473,2024-11-08,6.48,Clothing
CUST04473,2024-10-27,137.66,Electronics
CUST04473,2025-07-03,95.83,Travel
CUST04473,2025-06-14,22.71,Electronics
CUST04473,2024-10-06,11.83,Clothing
CUST04473,2024-07-23,104.21,Dining
CUST04473,2025-01-13,103.09,Clothing
CUST04473,2025-06-01,86.21,Electronics
CUST04473,2025-05-08,50.0,Grocery
CUST04473,2024-05-23,27.67,Grocery
CUST04473,2024-07-10,121.77,Clothing
CUST04473,2025-01-25,35.07,Travel
CUST04473,2025-02-01,123.8,Grocery
CUST04473,2024-10-06,394.81,Grocery
CUST04473,2025-04-26,105.69,Electronics
CUST04473,2024-07-29,42.05,Electronics
CUST04473,2024-09-02,160.45,Dining
CUST04473,2024-10-29,16.96,Clothing
CUST04473,2024-12-11,69.31,Travel
CUST04473,2024-10-08,29.35,Dining
CUST04473,2025-04-13,57.93,Electronics
CUST04473,2025-01-03,32.95,Grocery
CUST04473,2024-06-01,88.53,Clothing
CUST04473,2024-10-11,25.2,Travel
CUST04473,2025-04-17,108.35,Grocery
CUST04473,2024-10-27,18.53,Dining
CUST04473,2025-07-19,8.28,Clothing
CUST04473,2024-06-13,86.89,Grocery
CUST04473,2024-11-27,160.25,Grocery
CUST04473,2024-09-15,211.55,Grocery
CUST04473,2025-03-31,165.08,Clothing
CUST04473,2024-09-29,82.75,Clothing
CUST04473,2025-06-16,16.82,Travel
CUST04473,2025-06-17,59.92,Grocery
CUST04473,2025-04-16,196.75,Clothing
CUST04473,2025-03-04,205.92,Grocery
CUST04473,2025-07-18,21.84,Dining
CUST04473,2024-06-04,33.12,Clothing
CUST04473,2025-05-19,39.98,Electronics
CUST04473,2025-07-24,32.16,Grocery
CUST04473,2025-06-09,12.64,Travel
CUST04473,2024-10-06,94.3,Dining
CUST04473,2024-11-19,215.22,Clothing
CUST04473,2024-09-01,35.59,Travel
CUST04473,2024-11-15,26.88,Dining
CUST04473,2025-03-26,13.54,Grocery
CUST04473,2024-08-23,199.03,Travel
CUST04473,2025-05-09,29.95,Clothing
CUST04473,2024-12-26,227.68,Electronics
CUST04473,2024-09-04,103.89,Dining
CUST04473,2025-02-27,19.69,Grocery
CUST04473,2024-11-28,16.18,Electronics
CUST04473,2025-02-14,92.45,Clothing
CUST04473,2024-08-16,74.33,Grocery
CUST04473,2025-05-05,31.19,Electronics
CUST04473,2025-05-21,57.59,Dining
CUST04473,2025-03-30,84.48,Electronics
CUST04473,2024-12-22,37.83,Dining
CUST04473,2025-01-03,66.04,Electronics
CUST04473,2024-10-09,25.15,Travel
CUST04473,2024-06-02,13.49,Clothing
CUST04473,2025-05-29,138.0,Electronics
CUST04473,2024-12-12,72.87,Dining
CUST04473,2025-07-13,28.09,Electronics
CUST04473,2025-02-28,7.09,Grocery
CUST04473,2024-11-12,51.03,Electronics
CUST04473,2024-12-30,161.66,Travel
CUST04473,2024-12-06,227.56,Grocery
CUST04473,2025-03-27,77.83,Grocery
CUST04473,2025-06-04,63.14,Grocery
CUST04473,2024-07-14,43.62,Electronics
CUST04473,2024-08-07,193.87,Travel
CUST04473,2025-03-18,176.13,Grocery
CUST04473,2025-02-24,46.88,Travel
CUST04473,2025-06-16,36.08,Travel
CUST04473,2025-02-21,34.41,Electronics
CUST04473,2024-12-07,19.19,Clothing
CUST04473,2024-07-14,44.89,Travel
CUST04473,2024-09-18,172.06,Electronics
CUST04473,2024-08-14,31.53,Dining
CUST04473,2025-03-12,59.94,Electronics
CUST04473,2025-06-03,38.98,Travel
CUST04473,2025-07-09,256.65,Clothing
CUST04473,2024-09-02,43.92,Dining
CUST04473,2024-06-27,56.48,Grocery
CUST04473,2025-07-06,59.9,Electronics
CUST04473,2025-05-25,7.46,Dining
CUST04473,2025-03-12,45.04,Clothing
CUST04473,2024-06-26,154.15,Dining
CUST04473,2024-06-24,35.42,Electronics
CUST04473,2024-06-04,73.44,Clothing
CUST04473,2024-06-24,47.87,Electronics
CUST04473,2024-08-28,32.12,Grocery
CUST04473,2025-03-09,6.26,Travel
CUST04473,2025-07-16,84.38,Grocery
CUST04473,2024-05-29,78.11,Clothing
CUST04473,2024-12-06,97.44,Electronics
CUST04474,2024-12-08,71.01,Dining
CUST04474,2025-06-01,56.95,Dining
CUST04474,2025-05-04,224.49,Clothing
CUST04474,2024-03-02,13.91,Grocery
CUST04474,2024-03-15,119.12,Dining
CUST04474,2024-09-22,64.28,Travel
CUST04474,2023-09-10,21.2,Dining
CUST04474,2024-04-24,88.6,Electronics
CUST04474,2025-01-31,51.91,Travel
CUST04474,2023-11-10,45.58,Travel
CUST04474,2023-11-15,154.83,Clothing
CUST04474,2024-03-08,6.25,Travel
CUST04474,2024-10-19,102.75,Clothing
CUST04474,2025-06-15,180.24,Grocery
CUST04474,2023-12-30,43.89,Dining
CUST04474,2024-12-18,75.18,Grocery
CUST04474,2024-09-19,83.23,Dining
CUST04474,2024-01-16,107.47,Travel
CUST04474,2024-02-08,89.87,Clothing
CUST04474,2024-07-12,105.6,Travel
CUST04474,2023-12-30,33.97,Electronics
CUST04474,2023-11-27,236.54,Travel
CUST04474,2023-12-06,322.95,Dining
CUST04474,2024-09-09,31.02,Grocery
CUST04474,2024-03-31,17.71,Travel
CUST04474,2024-11-23,136.73,Travel
CUST04474,2024-01-20,175.43,Clothing
CUST04474,2023-09-03,6.48,Travel
CUST04474,2025-01-29,57.87,Grocery
CUST04474,2025-07-11,169.33,Dining
CUST04474,2023-10-19,110.03,Grocery
CUST04474,2024-09-18,47.14,Travel
CUST04474,2024-02-28,23.55,Clothing
CUST04474,2023-09-10,29.87,Electronics
CUST04474,2024-08-02,78.88,Electronics
CUST04474,2023-07-31,331.33,Grocery
CUST04474,2025-04-09,60.38,Dining
CUST04474,2024-08-02,53.02,Electronics
CUST04474,2024-03-21,32.25,Travel
CUST04474,2023-09-07,134.16,Electronics
CUST04474,2023-09-03,77.59,Electronics
CUST04474,2025-07-28,6.8,Grocery
CUST04474,2024-08-15,48.37,Dining
CUST04474,2024-06-07,8.8,Electronics
CUST04474,2024-02-25,99.81,Electronics
CUST04474,2023-09-08,46.91,Electronics
CUST04474,2024-10-25,59.86,Clothing
CUST04474,2025-04-09,171.34,Travel
CUST04474,2025-06-09,167.68,Electronics
CUST04474,2025-05-09,98.84,Grocery
CUST04474,2024-07-02,116.29,Grocery
CUST04474,2024-07-11,149.69,Electronics
CUST04474,2023-10-31,66.09,Travel
CUST04474,2023-08-26,77.31,Grocery
CUST04474,2023-09-03,17.09,Travel
CUST04474,2024-10-06,29.45,Electronics
CUST04474,2025-03-11,57.61,Electronics
CUST04474,2025-07-01,12.15,Clothing
CUST04474,2025-04-16,117.39,Electronics
CUST04474,2024-05-28,54.11,Grocery
CUST04474,2024-05-19,232.51,Electronics
CUST04474,2024-02-11,12.04,Grocery
CUST04474,2025-02-15,34.42,Travel
CUST04474,2024-07-05,32.35,Dining
CUST04474,2024-12-06,102.64,Grocery
CUST04474,2024-08-10,59.73,Electronics
CUST04474,2024-09-19,36.52,Clothing
CUST04474,2024-09-18,88.84,Clothing
CUST04474,2024-05-30,68.26,Dining
CUST04474,2024-05-30,13.56,Clothing
CUST04474,2025-03-16,88.75,Grocery
CUST04474,2024-04-18,188.39,Dining
CUST04474,2024-10-22,75.14,Dining
CUST04474,2023-09-10,168.48,Travel
CUST04474,2025-02-08,148.14,Grocery
CUST04474,2024-02-15,81.62,Travel
CUST04474,2024-10-08,109.46,Dining
CUST04474,2023-12-27,65.21,Electronics
CUST04474,2023-08-01,197.91,Electronics
CUST04474,2024-02-15,106.76,Grocery
CUST04474,2024-06-11,43.79,Clothing
CUST04474,2025-03-03,15.76,Grocery
CUST04474,2024-02-08,77.37,Clothing
CUST04474,2024-05-23,346.31,Electronics
CUST04474,2024-08-28,369.56,Grocery
CUST04474,2024-04-05,135.14,Dining
CUST04474,2025-07-31,29.8,Electronics
CUST04474,2023-09-19,48.84,Travel
CUST04474,2023-08-03,16.67,Clothing
CUST04474,2025-07-20,43.94,Travel
CUST04474,2024-11-18,38.57,Electronics
CUST04474,2024-08-15,262.38,Electronics
CUST04474,2024-03-26,26.79,Electronics
CUST04474,2025-05-26,71.87,Electronics
CUST04474,2024-06-09,169.91,Clothing
CUST04474,2024-08-18,134.91,Dining
CUST04474,2025-02-15,51.08,Dining
CUST04474,2024-10-07,94.42,Clothing
CUST04474,2024-03-02,75.28,Clothing
CUST04474,2024-01-30,37.66,Travel
CUST04474,2023-08-06,229.3,Grocery
CUST04474,2025-06-10,186.95,Grocery
CUST04474,2024-04-24,44.42,Grocery
CUST04474,2025-02-09,120.79,Clothing
CUST04474,2023-12-15,33.59,Dining
CUST04474,2024-11-08,269.38,Clothing
CUST04474,2024-07-15,24.2,Clothing
CUST04474,2024-12-21,59.64,Dining
CUST04474,2023-08-02,223.05,Travel
CUST04474,2023-10-21,11.36,Clothing
CUST04474,2024-04-14,79.94,Dining
CUST04474,2024-09-28,57.15,Electronics
CUST04474,2025-06-04,15.49,Electronics
CUST04474,2024-07-29,49.68,Travel
CUST04475,2024-02-24,331.24,Dining
CUST04475,2022-04-25,7.22,Dining
CUST04475,2021-11-07,118.8,Dining
CUST04475,2025-04-10,68.73,Clothing
CUST04475,2023-09-11,6.13,Grocery
CUST04475,2022-06-26,30.91,Grocery
CUST04475,2023-03-21,193.1,Electronics
CUST04475,2023-03-18,61.65,Travel
CUST04475,2022-11-21,8.55,Electronics
CUST04475,2024-09-19,15.04,Dining
CUST04475,2023-03-11,68.2,Clothing
CUST04475,2022-09-15,14.87,Electronics
CUST04475,2024-08-19,61.86,Clothing
CUST04475,2022-06-13,20.25,Grocery
CUST04475,2022-06-19,24.59,Electronics
CUST04475,2024-09-30,293.17,Travel
CUST04475,2024-08-19,83.74,Electronics
CUST04475,2024-04-01,114.47,Dining
CUST04475,2023-02-02,40.34,Travel
CUST04475,2023-07-24,36.29,Dining
CUST04475,2022-10-24,26.11,Grocery
CUST04475,2024-03-01,6.06,Electronics
CUST04475,2023-05-13,184.09,Electronics
CUST04475,2022-05-31,123.82,Electronics
CUST04475,2024-05-24,213.54,Clothing
CUST04475,2023-07-03,111.55,Travel
CUST04475,2022-07-26,27.73,Grocery
CUST04475,2024-08-29,41.78,Grocery
CUST04475,2022-12-24,84.59,Dining
CUST04475,2022-04-05,22.6,Travel
CUST04475,2025-05-08,14.78,Travel
CUST04475,2023-09-20,8.7,Clothing
CUST04475,2024-12-21,130.08,Clothing
CUST04475,2022-07-10,6.48,Electronics
CUST04475,2024-03-28,37.98,Grocery
CUST04475,2023-06-26,200.45,Travel
CUST04475,2023-11-23,130.64,Dining
CUST04475,2023-04-23,32.13,Electronics
CUST04475,2023-12-08,29.66,Clothing
CUST04475,2025-07-03,139.16,Travel
CUST04475,2021-11-30,55.31,Grocery
CUST04475,2024-05-04,142.97,Clothing
CUST04475,2022-10-31,72.44,Travel
CUST04475,2022-02-09,61.32,Electronics
CUST04475,2024-08-22,65.25,Grocery
CUST04475,2022-04-09,36.77,Electronics
CUST04475,2024-07-13,235.7,Dining
CUST04475,2022-04-08,77.47,Dining
CUST04475,2021-10-08,9.91,Electronics
CUST04475,2024-07-04,135.88,Grocery
CUST04475,2021-12-02,66.13,Electronics
CUST04475,2024-04-30,7.71,Electronics
CUST04475,2025-06-28,43.51,Clothing
CUST04475,2022-02-22,57.65,Clothing
CUST04475,2022-04-19,105.25,Clothing
CUST04475,2024-09-10,262.11,Clothing
CUST04475,2025-01-02,9.24,Grocery
CUST04475,2024-12-30,61.28,Travel
CUST04475,2022-08-27,57.87,Travel
CUST04475,2022-12-27,142.69,Grocery
CUST04475,2024-03-06,197.71,Dining
CUST04475,2023-12-04,31.11,Dining
CUST04475,2023-05-19,132.43,Clothing
CUST04475,2025-04-23,52.03,Dining
CUST04475,2022-02-06,71.11,Travel
CUST04475,2022-12-07,181.35,Travel
CUST04475,2022-11-18,38.81,Grocery
CUST04475,2022-04-04,38.43,Travel
CUST04475,2025-01-23,29.84,Dining
CUST04475,2023-11-23,84.84,Clothing
CUST04475,2022-05-22,73.8,Dining
CUST04475,2025-07-09,87.56,Electronics
CUST04475,2023-01-02,324.04,Dining
CUST04475,2024-08-30,41.92,Electronics
CUST04475,2025-05-08,314.14,Electronics
CUST04475,2021-12-17,28.05,Grocery
CUST04475,2022-10-26,143.28,Electronics
CUST04475,2024-09-21,147.18,Grocery
CUST04475,2021-09-10,164.97,Dining
CUST04475,2024-04-22,110.4,Grocery
CUST04475,2021-09-29,24.34,Travel
CUST04475,2025-01-24,8.55,Grocery
CUST04475,2025-06-10,37.13,Travel
CUST04475,2022-06-16,6.52,Dining
CUST04475,2021-10-12,61.81,Clothing
CUST04475,2022-04-27,16.36,Clothing
CUST04475,2024-01-28,30.42,Clothing
CUST04475,2023-08-07,43.34,Grocery
CUST04475,2024-07-19,184.35,Clothing
CUST04475,2022-01-05,24.6,Grocery
CUST04475,2024-04-14,123.73,Clothing
CUST04475,2023-04-18,41.28,Electronics
CUST04475,2023-08-24,126.23,Electronics
CUST04475,2024-12-04,17.48,Grocery
CUST04475,2022-07-09,63.68,Clothing
CUST04475,2022-02-12,130.79,Dining
CUST04475,2021-09-11,112.55,Electronics
CUST04475,2024-07-03,19.69,Travel
CUST04475,2024-08-15,118.25,Electronics
CUST04475,2022-05-01,76.54,Dining
CUST04475,2023-09-09,6.46,Clothing
CUST04475,2022-03-02,45.69,Dining
CUST04475,2023-08-09,171.69,Electronics
CUST04475,2023-02-24,289.37,Clothing
CUST04476,2025-06-20,75.09,Clothing
CUST04476,2025-05-12,47.58,Grocery
CUST04476,2025-04-21,76.17,Grocery
CUST04476,2025-05-16,11.44,Clothing
CUST04476,2025-07-08,149.41,Travel
CUST04476,2025-06-06,94.99,Travel
CUST04476,2025-07-30,84.19,Electronics
CUST04476,2025-06-15,69.36,Grocery
CUST04476,2025-06-11,54.82,Clothing
CUST04476,2025-06-06,49.8,Grocery
CUST04476,2025-04-28,103.33,Grocery
CUST04476,2025-06-18,336.75,Electronics
CUST04476,2025-06-20,29.03,Grocery
CUST04476,2025-07-04,90.72,Electronics
CUST04476,2025-05-01,131.98,Grocery
CUST04476,2025-06-10,38.0,Travel
CUST04476,2025-06-03,68.31,Clothing
CUST04476,2025-05-09,27.2,Grocery
CUST04476,2025-07-19,97.45,Travel
CUST04476,2025-04-28,59.88,Dining
CUST04476,2025-06-27,65.69,Travel
CUST04476,2025-07-09,234.6,Grocery
CUST04476,2025-05-30,76.14,Travel
CUST04476,2025-05-07,55.88,Travel
CUST04476,2025-04-30,54.43,Grocery
CUST04476,2025-07-11,15.56,Dining
CUST04476,2025-07-08,11.75,Travel
CUST04476,2025-06-19,64.69,Electronics
CUST04476,2025-07-12,123.04,Travel
CUST04476,2025-07-31,25.45,Grocery
CUST04476,2025-05-25,124.82,Travel
CUST04476,2025-07-18,66.46,Travel
CUST04476,2025-04-27,38.02,Travel
CUST04476,2025-05-04,274.63,Grocery
CUST04476,2025-05-23,5.37,Clothing
CUST04476,2025-05-11,167.49,Clothing
CUST04476,2025-06-02,76.66,Electronics
CUST04476,2025-07-19,86.45,Travel
CUST04476,2025-04-15,16.85,Dining
CUST04476,2025-05-09,205.04,Clothing
CUST04476,2025-04-22,23.07,Clothing
CUST04476,2025-07-19,6.51,Clothing
CUST04476,2025-05-13,82.5,Clothing
CUST04476,2025-04-18,122.59,Travel
CUST04476,2025-06-21,106.29,Dining
CUST04476,2025-07-03,20.37,Grocery
CUST04476,2025-07-10,32.64,Electronics
CUST04476,2025-04-23,30.74,Travel
CUST04476,2025-06-10,12.77,Clothing
CUST04476,2025-04-30,44.65,Clothing
CUST04476,2025-04-19,72.13,Electronics
CUST04476,2025-06-18,80.92,Electronics
CUST04476,2025-07-29,79.99,Clothing
CUST04476,2025-07-01,318.77,Clothing
CUST04476,2025-06-09,144.1,Grocery
CUST04476,2025-06-02,47.21,Grocery
CUST04476,2025-07-17,72.59,Dining
CUST04476,2025-05-27,9.82,Dining
CUST04476,2025-07-12,9.81,Electronics
CUST04476,2025-05-19,241.15,Clothing
CUST04476,2025-04-21,13.17,Dining
CUST04476,2025-07-07,44.45,Electronics
CUST04476,2025-05-30,72.35,Grocery
CUST04476,2025-07-18,47.48,Dining
CUST04476,2025-04-24,118.38,Dining
CUST04476,2025-05-17,61.79,Grocery
CUST04476,2025-06-29,59.2,Dining
CUST04476,2025-07-06,97.54,Electronics
CUST04476,2025-07-24,183.86,Dining
CUST04476,2025-05-26,69.09,Grocery
CUST04476,2025-06-18,23.5,Clothing
CUST04476,2025-07-15,126.24,Electronics
CUST04476,2025-06-07,19.57,Grocery
CUST04476,2025-06-17,21.76,Travel
CUST04476,2025-05-19,37.79,Electronics
CUST04476,2025-05-19,29.39,Electronics
CUST04476,2025-07-16,65.92,Dining
CUST04476,2025-05-01,176.44,Clothing
CUST04476,2025-04-14,56.62,Travel
CUST04476,2025-08-01,207.75,Grocery
CUST04476,2025-05-25,96.74,Electronics
CUST04476,2025-04-19,135.19,Grocery
CUST04476,2025-06-04,122.1,Dining
CUST04476,2025-05-29,118.6,Dining
CUST04476,2025-04-22,265.73,Travel
CUST04476,2025-05-08,41.4,Dining
CUST04476,2025-05-19,50.02,Grocery
CUST04476,2025-07-21,50.7,Dining
CUST04476,2025-07-15,43.75,Travel
CUST04476,2025-06-20,32.27,Travel
CUST04477,2024-12-27,84.94,Travel
CUST04477,2025-06-18,23.45,Electronics
CUST04477,2025-05-07,39.1,Clothing
CUST04477,2025-04-11,164.93,Dining
CUST04477,2025-02-16,22.86,Clothing
CUST04477,2025-05-29,156.84,Clothing
CUST04477,2025-06-03,28.16,Clothing
CUST04477,2025-03-30,15.89,Travel
CUST04477,2025-04-02,31.13,Electronics
CUST04477,2025-06-26,26.32,Grocery
CUST04477,2025-05-25,70.21,Dining
CUST04477,2025-07-07,20.57,Dining
CUST04477,2025-03-21,106.07,Electronics
CUST04477,2025-07-17,18.58,Dining
CUST04477,2025-06-13,13.85,Dining
CUST04477,2025-07-20,58.94,Electronics
CUST04477,2025-03-17,39.36,Dining
CUST04477,2025-07-26,89.71,Travel
CUST04477,2025-05-15,53.77,Travel
CUST04477,2025-06-27,81.83,Dining
CUST04477,2025-03-27,13.69,Travel
CUST04477,2025-05-15,20.13,Grocery
CUST04477,2024-12-18,10.47,Grocery
CUST04477,2025-07-27,20.14,Clothing
CUST04477,2025-01-28,13.63,Dining
CUST04477,2025-01-27,12.24,Clothing
CUST04477,2025-02-24,122.77,Clothing
CUST04477,2025-02-22,27.41,Electronics
CUST04477,2025-06-08,116.65,Grocery
CUST04477,2025-01-16,105.95,Dining
CUST04477,2025-04-02,120.13,Electronics
CUST04477,2025-05-12,111.59,Travel
CUST04477,2025-06-12,41.97,Clothing
CUST04477,2025-01-13,28.44,Clothing
CUST04477,2025-04-06,7.16,Electronics
CUST04477,2024-12-25,208.0,Clothing
CUST04477,2025-03-15,56.98,Grocery
CUST04477,2025-04-26,39.32,Travel
CUST04477,2025-06-25,135.69,Dining
CUST04477,2025-06-14,69.47,Electronics
CUST04477,2025-05-05,271.89,Clothing
CUST04477,2024-12-31,32.43,Grocery
CUST04477,2025-01-24,121.41,Dining
CUST04477,2025-06-05,100.33,Grocery
CUST04477,2025-07-29,68.13,Grocery
CUST04477,2025-02-06,64.96,Electronics
CUST04477,2025-04-05,99.79,Travel
CUST04477,2025-02-28,80.65,Dining
CUST04477,2025-01-07,253.65,Grocery
CUST04477,2024-12-17,85.65,Travel
CUST04477,2025-05-23,42.63,Travel
CUST04477,2025-02-21,28.03,Travel
CUST04477,2025-03-05,178.82,Dining
CUST04477,2025-04-15,163.38,Dining
CUST04477,2024-12-09,42.46,Dining
CUST04477,2025-06-27,30.73,Grocery
CUST04477,2025-02-15,143.57,Travel
CUST04477,2025-06-21,142.21,Travel
CUST04477,2025-04-10,41.88,Clothing
CUST04477,2025-06-23,13.92,Travel
CUST04477,2025-07-07,218.95,Grocery
CUST04477,2025-02-17,79.86,Clothing
CUST04477,2025-02-15,20.02,Dining
CUST04477,2025-07-09,107.45,Grocery
CUST04477,2025-05-04,110.29,Travel
CUST04477,2025-06-13,89.66,Clothing
CUST04477,2025-03-25,71.98,Dining
CUST04477,2025-07-13,24.05,Dining
CUST04477,2025-04-04,95.02,Dining
CUST04477,2025-03-12,112.67,Electronics
CUST04477,2025-06-22,12.26,Dining
CUST04477,2025-06-30,31.46,Electronics
CUST04477,2025-01-07,9.93,Travel
CUST04477,2025-06-03,127.46,Clothing
CUST04477,2025-01-11,90.96,Dining
CUST04477,2025-01-01,79.59,Travel
CUST04477,2025-03-12,18.49,Clothing
CUST04477,2025-04-30,64.82,Electronics
CUST04477,2025-04-17,98.21,Travel
CUST04477,2025-07-14,9.78,Grocery
CUST04477,2025-03-07,85.85,Travel
CUST04477,2025-03-08,25.92,Dining
CUST04477,2025-01-23,88.86,Clothing
CUST04477,2025-08-01,317.24,Electronics
CUST04477,2025-05-28,8.76,Clothing
CUST04477,2025-06-21,97.74,Clothing
CUST04477,2025-01-20,6.2,Grocery
CUST04477,2025-04-16,141.52,Dining
CUST04477,2025-02-05,71.79,Clothing
CUST04477,2025-06-29,70.66,Dining
CUST04477,2025-06-27,59.54,Electronics
CUST04477,2025-06-19,158.82,Dining
CUST04477,2025-02-26,156.98,Dining
CUST04477,2025-02-23,119.4,Clothing
CUST04477,2025-04-11,106.39,Dining
CUST04477,2025-03-24,17.2,Grocery
CUST04477,2025-06-11,17.06,Dining
CUST04477,2025-03-14,95.18,Travel
CUST04477,2025-02-17,117.47,Grocery
CUST04477,2025-01-06,56.93,Travel
CUST04477,2025-06-01,5.51,Clothing
CUST04477,2025-07-15,37.29,Travel
CUST04477,2025-06-02,51.04,Clothing
CUST04477,2025-07-21,113.16,Travel
CUST04477,2025-05-15,127.51,Dining
CUST04477,2025-02-20,74.44,Travel
CUST04477,2024-12-09,20.98,Dining
CUST04477,2025-07-14,45.29,Clothing
CUST04477,2025-01-24,126.41,Clothing
CUST04477,2025-04-05,11.47,Electronics
CUST04477,2024-12-12,20.45,Electronics
CUST04477,2025-02-14,99.72,Clothing
CUST04478,2025-06-26,349.74,Grocery
CUST04478,2025-04-21,62.25,Grocery
CUST04478,2025-07-23,30.18,Electronics
CUST04478,2025-02-19,91.99,Grocery
CUST04478,2025-07-12,70.77,Electronics
CUST04478,2025-04-13,143.14,Clothing
CUST04478,2025-04-20,329.1,Dining
CUST04478,2025-07-20,101.52,Travel
CUST04478,2025-07-10,60.07,Dining
CUST04478,2025-05-06,78.69,Travel
CUST04478,2025-05-28,52.12,Travel
CUST04478,2025-02-14,270.03,Travel
CUST04478,2025-05-13,25.69,Grocery
CUST04478,2025-03-13,116.74,Electronics
CUST04478,2025-03-15,180.52,Dining
CUST04478,2025-06-12,141.33,Dining
CUST04478,2025-07-24,6.33,Travel
CUST04478,2025-03-03,87.46,Clothing
CUST04478,2025-02-17,39.45,Clothing
CUST04478,2025-02-05,205.36,Travel
CUST04478,2025-02-27,90.19,Electronics
CUST04478,2025-03-29,39.73,Clothing
CUST04478,2025-06-28,6.49,Clothing
CUST04478,2025-07-16,59.97,Grocery
CUST04478,2025-04-02,38.21,Electronics
CUST04478,2025-03-06,29.85,Dining
CUST04478,2025-02-01,87.97,Electronics
CUST04478,2025-04-11,32.71,Travel
CUST04478,2025-05-23,189.43,Grocery
CUST04478,2025-03-21,6.37,Clothing
CUST04478,2025-05-27,46.48,Dining
CUST04478,2025-03-27,113.02,Clothing
CUST04478,2025-03-31,12.12,Grocery
CUST04478,2025-07-29,156.29,Grocery
CUST04478,2025-02-15,30.13,Electronics
CUST04478,2025-05-20,315.54,Electronics
CUST04478,2025-06-27,326.47,Travel
CUST04478,2025-06-18,6.87,Dining
CUST04478,2025-06-07,85.18,Grocery
CUST04478,2025-07-15,23.15,Electronics
CUST04478,2025-07-01,5.09,Grocery
CUST04478,2025-05-26,87.7,Dining
CUST04478,2025-06-21,8.96,Dining
CUST04478,2025-04-24,34.44,Clothing
CUST04478,2025-02-08,181.98,Dining
CUST04478,2025-07-24,699.11,Electronics
CUST04478,2025-05-27,74.32,Dining
CUST04478,2025-04-27,51.85,Dining
CUST04478,2025-03-13,6.44,Dining
CUST04478,2025-07-26,15.77,Grocery
CUST04478,2025-04-18,74.24,Dining
CUST04478,2025-04-28,57.77,Clothing
CUST04478,2025-03-13,24.6,Travel
CUST04478,2025-01-30,71.46,Dining
CUST04478,2025-07-13,43.79,Clothing
CUST04478,2025-07-04,73.13,Dining
CUST04478,2025-06-11,40.56,Clothing
CUST04478,2025-06-25,32.36,Travel
CUST04478,2025-06-24,66.83,Grocery
CUST04478,2025-06-27,21.76,Dining
CUST04478,2025-02-28,114.13,Travel
CUST04478,2025-02-09,71.0,Dining
CUST04478,2025-05-28,33.95,Dining
CUST04478,2025-06-06,57.53,Dining
CUST04478,2025-04-02,163.5,Dining
CUST04478,2025-03-14,81.48,Grocery
CUST04478,2025-03-02,50.57,Clothing
CUST04478,2025-07-22,55.83,Grocery
CUST04478,2025-07-13,113.97,Clothing
CUST04478,2025-02-21,37.01,Dining
CUST04478,2025-02-14,98.88,Clothing
CUST04478,2025-05-17,163.09,Clothing
CUST04478,2025-07-16,61.8,Clothing
CUST04478,2025-04-12,145.62,Travel
CUST04478,2025-03-16,40.62,Clothing
CUST04478,2025-05-08,55.15,Travel
CUST04478,2025-04-13,101.32,Electronics
CUST04478,2025-05-30,28.1,Electronics
CUST04478,2025-07-01,50.27,Electronics
CUST04479,2025-07-20,30.11,Dining
CUST04479,2023-03-16,97.3,Electronics
CUST04479,2025-01-10,123.72,Electronics
CUST04479,2023-02-10,278.37,Electronics
CUST04479,2022-08-02,225.22,Electronics
CUST04479,2023-06-15,281.84,Electronics
CUST04479,2023-03-08,51.76,Grocery
CUST04479,2025-07-31,76.65,Travel
CUST04479,2023-02-18,23.66,Clothing
CUST04479,2022-09-21,47.84,Dining
CUST04479,2024-06-05,61.8,Electronics
CUST04479,2024-10-28,27.98,Dining
CUST04479,2023-06-12,10.61,Dining
CUST04479,2023-11-11,71.11,Grocery
CUST04479,2025-07-05,94.98,Clothing
CUST04479,2022-05-31,67.95,Travel
CUST04479,2024-03-19,215.87,Travel
CUST04479,2023-11-09,99.31,Electronics
CUST04479,2023-11-18,41.35,Travel
CUST04479,2023-10-17,64.83,Grocery
CUST04479,2023-05-02,67.78,Dining
CUST04479,2024-09-29,21.32,Travel
CUST04479,2023-07-31,148.5,Dining
CUST04479,2023-10-15,120.01,Travel
CUST04479,2025-05-18,39.84,Travel
CUST04479,2022-05-23,30.27,Dining
CUST04479,2023-08-18,65.05,Travel
CUST04479,2022-07-31,100.7,Travel
CUST04479,2024-08-12,14.06,Grocery
CUST04479,2023-08-03,42.65,Clothing
CUST04479,2024-03-18,63.43,Clothing
CUST04479,2022-12-30,133.96,Electronics
CUST04479,2023-09-07,244.06,Dining
CUST04479,2025-07-28,67.42,Clothing
CUST04479,2024-07-18,17.07,Clothing
CUST04479,2025-07-06,48.91,Grocery
CUST04479,2024-09-21,100.35,Dining
CUST04479,2025-05-10,10.57,Dining
CUST04479,2022-06-14,17.81,Electronics
CUST04479,2022-06-30,14.86,Travel
CUST04479,2023-12-04,98.5,Travel
CUST04479,2024-08-30,33.04,Grocery
CUST04479,2022-11-16,80.95,Dining
CUST04479,2023-06-22,126.32,Travel
CUST04479,2022-08-17,36.05,Dining
CUST04479,2022-07-12,72.57,Dining
CUST04479,2022-10-09,36.84,Electronics
CUST04479,2022-12-15,83.66,Clothing
CUST04479,2024-08-13,29.14,Grocery
CUST04479,2023-08-07,96.61,Grocery
CUST04479,2023-05-24,36.09,Dining
CUST04479,2022-07-20,262.53,Travel
CUST04479,2022-10-17,30.79,Grocery
CUST04479,2024-07-22,213.42,Grocery
CUST04479,2023-02-04,27.37,Clothing
CUST04479,2024-09-20,180.06,Clothing
CUST04479,2025-01-21,74.22,Travel
CUST04479,2023-12-29,22.72,Dining
CUST04479,2023-09-26,234.97,Dining
CUST04479,2024-01-18,8.82,Travel
CUST04479,2022-10-03,98.71,Travel
CUST04479,2023-10-10,38.54,Electronics
CUST04479,2023-07-30,51.36,Electronics
CUST04479,2024-12-22,34.12,Electronics
CUST04479,2024-11-26,114.01,Electronics
CUST04479,2024-12-09,179.96,Clothing
CUST04479,2022-09-13,48.59,Grocery
CUST04479,2022-11-25,22.18,Grocery
CUST04479,2025-02-25,29.75,Grocery
CUST04479,2024-02-26,251.94,Electronics
CUST04479,2025-05-28,35.63,Travel
CUST04479,2024-07-11,148.11,Grocery
CUST04479,2024-04-11,18.08,Grocery
CUST04479,2022-06-11,125.65,Grocery
CUST04479,2022-11-16,16.57,Electronics
CUST04479,2025-01-08,176.86,Grocery
CUST04479,2022-05-29,24.61,Travel
CUST04479,2024-10-22,14.12,Electronics
CUST04479,2025-06-11,110.86,Grocery
CUST04479,2024-12-24,125.92,Travel
CUST04479,2022-10-25,91.09,Electronics
CUST04479,2023-05-18,168.83,Electronics
CUST04479,2024-11-04,39.68,Travel
CUST04479,2023-03-28,14.04,Electronics
CUST04479,2025-07-13,56.21,Grocery
CUST04479,2025-04-30,18.01,Travel
CUST04479,2024-08-21,78.89,Travel
CUST04479,2025-03-12,72.23,Clothing
CUST04479,2025-01-25,7.61,Electronics
CUST04479,2023-07-08,77.84,Grocery
CUST04479,2023-07-22,33.99,Electronics
CUST04479,2024-08-26,86.98,Grocery
CUST04479,2022-07-22,101.8,Clothing
CUST04479,2024-01-26,49.07,Dining
CUST04479,2022-08-16,36.98,Travel
CUST04479,2022-05-23,140.0,Grocery
CUST04479,2023-01-20,8.55,Travel
CUST04479,2024-10-20,224.37,Clothing
CUST04479,2024-10-10,7.99,Grocery
CUST04479,2023-10-19,10.96,Dining
CUST04479,2023-11-16,67.91,Clothing
CUST04479,2024-10-15,156.94,Travel
CUST04479,2025-01-12,18.9,Electronics
CUST04480,2024-01-12,180.21,Grocery
CUST04480,2023-12-15,126.57,Grocery
CUST04480,2024-07-28,271.06,Grocery
CUST04480,2023-05-22,83.74,Travel
CUST04480,2024-01-16,37.75,Electronics
CUST04480,2023-09-11,90.21,Dining
CUST04480,2023-09-09,155.55,Travel
CUST04480,2023-08-31,19.03,Travel
CUST04480,2025-07-05,36.46,Dining
CUST04480,2024-05-30,78.52,Electronics
CUST04480,2025-05-07,96.8,Dining
CUST04480,2025-05-29,52.99,Electronics
CUST04480,2023-08-11,79.14,Clothing
CUST04480,2023-08-29,53.2,Clothing
CUST04480,2024-09-05,89.37,Travel
CUST04480,2024-09-15,72.18,Electronics
CUST04480,2023-05-04,211.07,Electronics
CUST04480,2024-10-23,27.62,Clothing
CUST04480,2024-08-20,328.09,Electronics
CUST04480,2023-12-27,127.3,Electronics
CUST04480,2024-04-28,23.39,Travel
CUST04480,2023-09-20,103.78,Travel
CUST04480,2024-05-12,46.73,Travel
CUST04480,2024-01-14,63.36,Dining
CUST04480,2025-07-25,7.89,Clothing
CUST04480,2023-11-11,29.44,Grocery
CUST04480,2024-02-07,144.19,Clothing
CUST04480,2023-07-05,17.25,Clothing
CUST04480,2024-07-29,179.17,Travel
CUST04480,2024-06-08,8.97,Grocery
CUST04480,2024-11-14,26.21,Dining
CUST04480,2024-05-18,105.05,Dining
CUST04480,2024-05-22,107.21,Travel
CUST04480,2025-05-15,37.93,Dining
CUST04480,2024-12-01,22.16,Clothing
CUST04480,2024-11-23,94.26,Electronics
CUST04480,2023-09-16,49.35,Electronics
CUST04480,2023-12-19,20.21,Travel
CUST04480,2025-02-18,17.36,Electronics
CUST04480,2024-02-14,103.37,Travel
CUST04480,2023-06-23,34.76,Grocery
CUST04480,2025-03-12,48.84,Dining
CUST04480,2025-07-28,59.3,Clothing
CUST04480,2023-07-26,5.45,Clothing
CUST04480,2023-10-09,293.56,Dining
CUST04480,2023-06-27,175.93,Grocery
CUST04480,2023-10-16,11.16,Electronics
CUST04480,2025-06-05,227.9,Electronics
CUST04480,2023-06-15,195.35,Grocery
CUST04480,2025-06-15,47.12,Clothing
CUST04480,2024-02-04,176.95,Electronics
CUST04480,2023-07-21,207.76,Clothing
CUST04480,2024-11-05,6.34,Electronics
CUST04480,2024-02-10,223.08,Grocery
CUST04480,2023-08-25,42.3,Electronics
CUST04480,2024-03-18,11.38,Grocery
CUST04480,2024-11-07,11.36,Clothing
CUST04480,2024-12-26,258.71,Electronics
CUST04480,2024-07-10,76.33,Clothing
CUST04480,2023-07-03,8.32,Grocery
CUST04480,2023-07-23,94.32,Travel
CUST04480,2024-03-29,127.65,Dining
CUST04480,2023-10-31,171.89,Dining
CUST04480,2024-05-04,161.51,Travel
CUST04480,2024-08-28,46.16,Electronics
CUST04480,2023-11-30,43.41,Clothing
CUST04480,2023-07-09,57.33,Dining
CUST04480,2023-11-25,20.04,Grocery
CUST04480,2024-08-20,9.91,Travel
CUST04480,2024-05-24,58.78,Dining
CUST04480,2024-08-19,60.71,Dining
CUST04480,2024-08-13,30.74,Clothing
CUST04480,2025-07-21,38.97,Travel
CUST04480,2024-08-21,41.31,Dining
CUST04480,2024-11-22,104.0,Travel
CUST04480,2024-02-11,12.1,Dining
CUST04480,2025-01-12,19.6,Grocery
CUST04480,2024-01-22,24.43,Grocery
CUST04480,2025-04-18,242.91,Clothing
CUST04480,2025-05-02,84.98,Clothing
CUST04480,2024-09-22,24.02,Clothing
CUST04480,2024-12-13,365.74,Grocery
CUST04480,2025-04-26,100.24,Clothing
CUST04480,2024-07-08,19.48,Dining
CUST04480,2023-12-19,41.65,Travel
CUST04480,2025-03-29,160.71,Dining
CUST04480,2025-02-12,114.28,Grocery
CUST04480,2024-01-20,38.09,Electronics
CUST04480,2024-05-01,433.14,Grocery
CUST04480,2023-04-14,21.4,Travel
CUST04480,2024-10-03,127.6,Dining
CUST04480,2023-08-15,23.51,Clothing
CUST04480,2025-01-25,49.86,Dining
CUST04480,2024-05-18,23.51,Grocery
CUST04480,2023-12-03,173.83,Dining
CUST04480,2023-12-03,221.56,Electronics
CUST04480,2025-03-20,65.31,Travel
CUST04480,2024-05-20,80.56,Travel
CUST04480,2023-06-18,72.11,Electronics
CUST04480,2024-05-15,64.19,Travel
CUST04480,2023-09-06,41.94,Electronics
CUST04480,2024-10-11,22.29,Electronics
CUST04480,2024-08-23,45.21,Travel
CUST04480,2024-11-27,90.49,Electronics
CUST04480,2024-09-17,58.41,Clothing
CUST04481,2025-05-07,21.73,Dining
CUST04481,2024-11-27,34.83,Grocery
CUST04481,2024-10-30,43.39,Dining
CUST04481,2025-02-26,9.23,Grocery
CUST04481,2025-02-28,44.52,Travel
CUST04481,2025-03-16,112.55,Dining
CUST04481,2024-10-03,38.31,Electronics
CUST04481,2024-09-21,19.94,Electronics
CUST04481,2025-03-23,404.59,Grocery
CUST04481,2025-04-07,370.22,Clothing
CUST04481,2024-12-25,75.92,Travel
CUST04481,2025-03-23,38.13,Dining
CUST04481,2024-10-23,41.83,Travel
CUST04481,2025-01-29,50.29,Dining
CUST04481,2024-10-21,168.84,Dining
CUST04481,2025-04-09,7.39,Grocery
CUST04481,2024-12-16,131.23,Grocery
CUST04481,2024-12-07,19.25,Dining
CUST04481,2024-11-04,55.26,Electronics
CUST04481,2025-05-27,82.29,Grocery
CUST04481,2024-12-01,36.96,Clothing
CUST04481,2025-01-04,7.1,Grocery
CUST04481,2024-09-10,56.52,Grocery
CUST04481,2025-03-23,37.68,Dining
CUST04481,2024-08-31,16.01,Clothing
CUST04481,2025-02-05,113.35,Clothing
CUST04481,2025-04-03,15.97,Grocery
CUST04481,2024-12-10,29.53,Travel
CUST04481,2024-09-22,34.53,Grocery
CUST04481,2025-07-24,17.61,Travel
CUST04481,2024-12-10,98.24,Dining
CUST04481,2024-10-20,21.76,Electronics
CUST04481,2024-09-24,25.91,Dining
CUST04481,2025-05-14,13.3,Electronics
CUST04481,2024-09-07,137.54,Grocery
CUST04481,2024-09-17,33.9,Clothing
CUST04481,2024-12-30,143.44,Dining
CUST04481,2025-07-05,14.62,Grocery
CUST04481,2025-05-24,205.5,Travel
CUST04481,2025-04-20,48.73,Electronics
CUST04481,2025-05-12,41.07,Clothing
CUST04481,2024-11-04,181.08,Grocery
CUST04481,2024-11-03,71.05,Grocery
CUST04481,2025-01-14,98.48,Electronics
CUST04481,2025-07-03,104.03,Clothing
CUST04481,2024-09-19,155.4,Grocery
CUST04481,2025-05-15,19.51,Grocery
CUST04481,2024-11-25,26.96,Electronics
CUST04481,2025-03-19,96.89,Grocery
CUST04481,2025-06-20,161.52,Travel
CUST04481,2025-03-19,228.07,Electronics
CUST04481,2025-06-18,59.78,Clothing
CUST04481,2025-04-09,34.74,Grocery
CUST04481,2025-04-09,48.09,Electronics
CUST04481,2024-11-28,285.09,Clothing
CUST04481,2025-07-08,92.95,Electronics
CUST04481,2025-03-06,133.43,Travel
CUST04481,2025-06-03,52.17,Clothing
CUST04481,2024-11-13,81.79,Electronics
CUST04481,2025-03-30,44.97,Travel
CUST04481,2025-04-13,39.81,Clothing
CUST04481,2025-05-29,69.28,Electronics
CUST04481,2025-01-29,108.16,Clothing
CUST04481,2025-06-02,142.92,Clothing
CUST04481,2025-03-09,52.37,Clothing
CUST04481,2025-06-21,94.5,Clothing
CUST04481,2024-12-27,69.29,Electronics
CUST04481,2024-12-14,97.81,Travel
CUST04481,2025-06-26,6.35,Travel
CUST04481,2025-02-16,9.04,Travel
CUST04481,2025-05-03,11.47,Grocery
CUST04481,2024-12-13,90.45,Dining
CUST04481,2024-12-16,137.56,Dining
CUST04481,2024-11-21,191.46,Electronics
CUST04481,2024-09-19,57.63,Travel
CUST04481,2025-06-27,24.54,Clothing
CUST04481,2025-02-12,154.5,Dining
CUST04481,2024-12-28,114.93,Grocery
CUST04481,2024-12-31,123.22,Dining
CUST04481,2025-04-23,150.3,Dining
CUST04481,2025-01-11,72.14,Clothing
CUST04481,2025-01-20,46.55,Dining
CUST04481,2024-09-09,190.71,Dining
CUST04481,2025-04-12,53.43,Electronics
CUST04481,2024-10-26,62.28,Electronics
CUST04481,2025-03-20,64.37,Clothing
CUST04481,2025-05-09,63.26,Electronics
CUST04481,2024-12-09,213.19,Clothing
CUST04481,2025-04-01,65.04,Travel
CUST04481,2024-09-13,129.67,Grocery
CUST04481,2025-05-15,108.72,Dining
CUST04481,2025-02-23,41.31,Electronics
CUST04481,2025-04-04,16.22,Clothing
CUST04481,2024-09-13,25.11,Electronics
CUST04481,2024-11-17,89.65,Clothing
CUST04481,2025-05-06,100.89,Dining
CUST04481,2025-01-19,138.44,Electronics
CUST04481,2025-04-25,10.32,Travel
CUST04481,2024-12-28,48.08,Grocery
CUST04481,2025-03-31,20.54,Dining
CUST04481,2025-01-07,15.64,Clothing
CUST04481,2025-05-19,582.54,Electronics
CUST04481,2025-06-25,22.11,Electronics
CUST04482,2024-04-12,29.75,Travel
CUST04482,2024-10-25,76.93,Travel
CUST04482,2025-03-10,33.54,Electronics
CUST04482,2024-05-12,98.24,Grocery
CUST04482,2024-12-14,31.33,Electronics
CUST04482,2024-08-27,16.15,Travel
CUST04482,2024-06-16,123.99,Travel
CUST04482,2024-07-18,165.3,Clothing
CUST04482,2024-06-09,173.38,Dining
CUST04482,2025-03-01,33.4,Dining
CUST04482,2024-12-13,123.46,Travel
CUST04482,2024-10-11,44.16,Grocery
CUST04482,2024-05-26,75.62,Electronics
CUST04482,2024-11-20,8.11,Travel
CUST04482,2024-12-03,35.73,Travel
CUST04482,2024-05-27,51.19,Grocery
CUST04482,2025-02-19,9.65,Electronics
CUST04482,2024-06-04,65.09,Travel
CUST04482,2025-02-11,132.99,Grocery
CUST04482,2024-09-04,46.56,Travel
CUST04482,2024-07-20,39.68,Clothing
CUST04482,2024-11-10,46.01,Clothing
CUST04482,2024-09-13,111.97,Grocery
CUST04482,2025-04-21,120.58,Dining
CUST04482,2024-04-17,204.47,Dining
CUST04482,2024-11-19,44.86,Travel
CUST04482,2025-02-19,9.18,Travel
CUST04482,2025-05-26,77.65,Clothing
CUST04482,2025-04-20,74.32,Electronics
CUST04482,2024-07-28,27.8,Electronics
CUST04482,2025-01-01,176.8,Grocery
CUST04482,2025-04-14,33.62,Grocery
CUST04482,2025-03-25,9.18,Grocery
CUST04482,2024-06-25,154.7,Travel
CUST04482,2025-07-30,78.06,Dining
CUST04482,2024-09-28,50.84,Electronics
CUST04482,2025-06-13,5.53,Electronics
CUST04482,2025-01-27,118.34,Dining
CUST04482,2025-06-14,96.02,Dining
CUST04482,2025-04-10,88.58,Clothing
CUST04482,2025-07-25,26.86,Grocery
CUST04482,2025-06-06,67.61,Clothing
CUST04482,2025-01-30,15.63,Grocery
CUST04482,2025-02-26,69.79,Electronics
CUST04482,2024-05-08,96.64,Grocery
CUST04482,2024-04-15,181.37,Clothing
CUST04482,2025-01-16,120.27,Dining
CUST04482,2024-12-10,60.72,Grocery
CUST04482,2024-09-21,375.16,Clothing
CUST04482,2025-06-02,75.82,Electronics
CUST04482,2024-07-22,5.41,Dining
CUST04482,2024-09-18,70.05,Grocery
CUST04482,2025-07-19,103.39,Grocery
CUST04482,2025-07-21,120.78,Grocery
CUST04482,2025-02-02,17.72,Electronics
CUST04482,2024-06-21,148.88,Dining
CUST04482,2025-02-08,7.45,Travel
CUST04482,2024-05-31,49.48,Travel
CUST04482,2024-11-07,11.83,Electronics
CUST04482,2024-09-19,59.2,Electronics
CUST04482,2024-07-13,20.3,Grocery
CUST04482,2024-11-20,70.6,Electronics
CUST04482,2024-04-02,67.12,Dining
CUST04482,2024-05-13,26.84,Clothing
CUST04482,2025-06-17,54.77,Travel
CUST04482,2025-04-28,38.58,Travel
CUST04482,2025-01-19,15.41,Grocery
CUST04482,2025-06-15,98.24,Grocery
CUST04482,2025-03-16,31.01,Dining
CUST04482,2025-04-22,58.59,Grocery
CUST04482,2025-05-06,103.31,Travel
CUST04482,2025-07-14,16.36,Grocery
CUST04482,2025-07-09,42.25,Grocery
CUST04482,2024-12-12,38.27,Electronics
CUST04482,2024-09-07,37.32,Dining
CUST04482,2025-02-02,33.65,Clothing
CUST04482,2025-06-19,215.74,Dining
CUST04482,2024-04-02,208.37,Dining
CUST04482,2025-03-10,123.06,Electronics
CUST04482,2025-06-09,167.75,Travel
CUST04482,2025-01-18,98.01,Grocery
CUST04482,2025-01-20,71.84,Grocery
CUST04482,2025-01-09,11.09,Electronics
CUST04482,2024-09-12,10.36,Electronics
CUST04482,2024-10-04,43.47,Travel
CUST04482,2024-07-24,26.42,Grocery
CUST04482,2025-04-14,56.53,Grocery
CUST04482,2024-12-30,55.39,Travel
CUST04482,2025-06-11,177.13,Grocery
CUST04482,2024-06-15,110.44,Electronics
CUST04482,2024-04-02,402.64,Electronics
CUST04482,2024-11-21,20.35,Travel
CUST04482,2024-12-11,154.17,Clothing
CUST04482,2024-10-30,305.89,Dining
CUST04482,2025-05-20,54.71,Clothing
CUST04482,2024-12-21,50.06,Grocery
CUST04482,2025-07-19,90.98,Clothing
CUST04482,2024-07-05,138.34,Electronics
CUST04482,2024-10-30,149.71,Grocery
CUST04482,2025-06-25,53.09,Grocery
CUST04482,2024-10-29,73.86,Dining
CUST04482,2025-02-16,26.0,Grocery
CUST04482,2024-07-20,157.15,Dining
CUST04482,2025-07-04,79.57,Dining
CUST04482,2025-06-23,18.0,Grocery
CUST04482,2024-10-10,10.12,Travel
CUST04482,2024-06-07,105.63,Grocery
CUST04482,2024-05-05,8.41,Travel
CUST04482,2025-05-25,94.71,Grocery
CUST04482,2024-07-16,32.12,Dining
CUST04482,2024-06-08,7.0,Electronics
CUST04482,2025-06-14,149.76,Clothing
CUST04482,2025-04-03,11.27,Electronics
CUST04482,2024-08-20,41.71,Electronics
CUST04482,2025-05-12,79.44,Grocery
CUST04482,2025-02-13,30.6,Electronics
CUST04483,2022-05-13,141.63,Grocery
CUST04483,2025-04-29,16.5,Grocery
CUST04483,2025-07-22,128.19,Grocery
CUST04483,2023-09-18,16.07,Grocery
CUST04483,2023-12-31,12.18,Dining
CUST04483,2023-11-17,312.26,Travel
CUST04483,2023-01-07,7.37,Clothing
CUST04483,2023-12-01,32.5,Grocery
CUST04483,2022-11-27,170.94,Electronics
CUST04483,2023-10-17,200.35,Grocery
CUST04483,2022-12-08,32.91,Dining
CUST04483,2025-05-10,17.45,Grocery
CUST04483,2024-12-18,87.69,Travel
CUST04483,2023-02-09,42.43,Clothing
CUST04483,2024-12-24,128.28,Travel
CUST04483,2023-07-03,18.18,Travel
CUST04483,2025-05-20,63.09,Clothing
CUST04483,2023-04-21,14.65,Dining
CUST04483,2024-06-07,48.27,Travel
CUST04483,2022-08-31,40.3,Clothing
CUST04483,2024-05-29,58.65,Electronics
CUST04483,2023-03-13,80.69,Electronics
CUST04483,2022-07-28,202.33,Electronics
CUST04483,2023-07-26,104.19,Clothing
CUST04483,2022-06-26,19.86,Clothing
CUST04483,2023-10-20,98.46,Electronics
CUST04483,2023-09-27,83.04,Electronics
CUST04483,2023-02-15,18.12,Clothing
CUST04483,2022-06-01,14.34,Electronics
CUST04483,2025-06-26,29.99,Travel
CUST04483,2024-04-12,151.37,Grocery
CUST04483,2023-03-16,30.94,Clothing
CUST04483,2023-08-25,119.4,Electronics
CUST04483,2022-04-26,174.43,Travel
CUST04483,2024-04-13,91.26,Dining
CUST04483,2024-08-22,234.54,Clothing
CUST04483,2024-09-07,130.57,Dining
CUST04483,2024-02-07,42.26,Grocery
CUST04483,2025-05-21,8.95,Grocery
CUST04483,2024-09-30,7.19,Grocery
CUST04483,2024-05-26,177.92,Grocery
CUST04483,2024-06-13,121.57,Dining
CUST04483,2023-11-28,16.48,Electronics
CUST04483,2024-01-15,82.5,Grocery
CUST04483,2025-06-04,61.38,Clothing
CUST04483,2023-02-06,36.77,Travel
CUST04483,2023-05-20,54.15,Clothing
CUST04483,2024-07-05,102.72,Electronics
CUST04483,2023-03-05,32.63,Clothing
CUST04483,2024-05-02,14.02,Dining
CUST04483,2025-03-05,22.8,Grocery
CUST04483,2022-05-30,6.54,Travel
CUST04483,2024-01-20,228.15,Grocery
CUST04483,2023-08-02,159.64,Dining
CUST04483,2024-07-28,39.5,Travel
CUST04483,2024-07-03,107.91,Dining
CUST04483,2022-06-30,96.53,Dining
CUST04483,2023-07-13,16.42,Travel
CUST04483,2024-06-19,95.15,Electronics
CUST04483,2023-04-13,29.6,Dining
CUST04483,2023-04-27,47.27,Grocery
CUST04483,2025-01-21,156.25,Travel
CUST04483,2025-01-27,24.63,Travel
CUST04483,2023-10-12,154.37,Dining
CUST04483,2022-09-22,122.16,Grocery
CUST04483,2022-08-31,21.34,Clothing
CUST04483,2023-01-01,65.32,Electronics
CUST04483,2025-02-13,5.47,Electronics
CUST04483,2025-04-11,17.53,Clothing
CUST04483,2024-01-17,58.2,Dining
CUST04483,2023-12-18,123.59,Travel
CUST04483,2023-05-18,14.2,Travel
CUST04483,2023-02-09,52.75,Dining
CUST04483,2023-08-25,89.24,Travel
CUST04483,2022-10-13,22.95,Clothing
CUST04483,2023-01-27,93.37,Grocery
CUST04483,2024-04-28,33.92,Dining
CUST04483,2023-06-02,36.54,Clothing
CUST04483,2022-10-03,32.1,Grocery
CUST04483,2024-02-25,86.94,Clothing
CUST04483,2024-06-22,57.49,Travel
CUST04483,2023-11-13,50.66,Dining
CUST04483,2022-12-31,60.09,Grocery
CUST04483,2023-12-08,39.13,Electronics
CUST04483,2025-03-01,9.63,Dining
CUST04483,2023-06-06,215.54,Dining
CUST04483,2024-04-04,73.61,Dining
CUST04483,2024-11-29,88.48,Grocery
CUST04483,2025-06-02,26.67,Electronics
CUST04483,2024-11-19,88.46,Clothing
CUST04483,2022-10-28,48.94,Electronics
CUST04483,2023-07-29,33.14,Electronics
CUST04483,2024-08-04,17.51,Travel
CUST04483,2024-03-05,5.83,Dining
CUST04483,2023-10-01,44.06,Dining
CUST04483,2023-07-11,6.15,Grocery
CUST04483,2024-09-27,22.11,Dining
CUST04483,2024-09-29,157.24,Electronics
CUST04483,2024-09-21,59.67,Grocery
CUST04483,2023-10-13,148.31,Clothing
CUST04483,2023-07-25,55.59,Clothing
CUST04483,2024-02-07,9.98,Grocery
CUST04483,2024-04-14,176.31,Clothing
CUST04483,2024-06-24,69.76,Dining
CUST04483,2025-05-15,34.75,Electronics
CUST04483,2023-12-25,293.14,Clothing
CUST04483,2024-12-26,52.84,Clothing
CUST04484,2023-04-22,72.3,Grocery
CUST04484,2021-12-21,76.43,Travel
CUST04484,2023-02-12,17.04,Clothing
CUST04484,2023-12-28,435.83,Dining
CUST04484,2024-02-16,55.72,Dining
CUST04484,2024-03-07,141.1,Electronics
CUST04484,2022-03-09,169.3,Travel
CUST04484,2022-11-12,125.45,Travel
CUST04484,2023-03-06,461.19,Travel
CUST04484,2022-08-30,9.8,Dining
CUST04484,2022-02-10,48.68,Travel
CUST04484,2022-01-22,17.05,Dining
CUST04484,2022-06-07,18.81,Dining
CUST04484,2023-05-30,7.44,Grocery
CUST04484,2023-03-09,30.37,Electronics
CUST04484,2022-03-13,98.65,Travel
CUST04484,2024-06-13,11.22,Electronics
CUST04484,2023-11-08,149.06,Travel
CUST04484,2022-08-17,52.6,Dining
CUST04484,2022-07-17,178.5,Grocery
CUST04484,2023-06-14,20.64,Travel
CUST04484,2025-03-05,18.51,Clothing
CUST04484,2022-01-21,85.45,Electronics
CUST04484,2022-07-29,8.58,Travel
CUST04484,2022-04-13,66.11,Dining
CUST04484,2023-12-24,94.97,Electronics
CUST04484,2025-02-05,123.87,Electronics
CUST04484,2023-01-02,34.93,Dining
CUST04484,2023-07-24,27.57,Travel
CUST04484,2022-10-08,212.6,Grocery
CUST04484,2023-07-04,106.29,Travel
CUST04484,2022-06-18,61.91,Clothing
CUST04484,2022-07-28,256.86,Dining
CUST04484,2023-01-13,240.16,Electronics
CUST04484,2025-07-13,40.37,Travel
CUST04484,2023-07-29,45.33,Clothing
CUST04484,2025-06-21,20.56,Clothing
CUST04484,2024-04-10,13.93,Clothing
CUST04484,2024-01-23,37.97,Grocery
CUST04484,2022-01-04,152.42,Electronics
CUST04484,2023-05-18,101.8,Travel
CUST04484,2024-07-26,47.11,Dining
CUST04484,2022-09-05,64.64,Dining
CUST04484,2022-01-13,23.74,Grocery
CUST04484,2025-04-21,225.84,Grocery
CUST04484,2022-08-10,203.07,Electronics
CUST04484,2025-05-07,382.25,Electronics
CUST04484,2022-03-19,39.67,Electronics
CUST04484,2024-10-24,39.17,Travel
CUST04484,2022-08-23,26.05,Electronics
CUST04484,2023-07-12,178.71,Electronics
CUST04484,2025-05-22,156.74,Travel
CUST04484,2023-04-24,67.18,Grocery
CUST04484,2024-06-19,211.02,Dining
CUST04484,2023-02-17,98.51,Electronics
CUST04484,2024-11-08,62.68,Grocery
CUST04484,2024-01-15,14.83,Clothing
CUST04484,2023-08-12,151.06,Grocery
CUST04484,2023-03-15,210.94,Electronics
CUST04484,2024-07-20,49.42,Electronics
CUST04484,2022-07-02,42.99,Grocery
CUST04484,2021-11-08,11.35,Electronics
CUST04484,2024-06-26,202.33,Dining
CUST04484,2024-11-20,22.92,Dining
CUST04484,2022-12-25,7.4,Grocery
CUST04484,2025-04-25,95.79,Clothing
CUST04484,2024-10-14,21.06,Clothing
CUST04484,2023-12-09,147.79,Electronics
CUST04484,2025-07-31,93.68,Travel
CUST04484,2023-09-14,33.75,Travel
CUST04484,2022-05-11,18.33,Grocery
CUST04484,2022-11-17,104.48,Clothing
CUST04484,2023-06-28,48.51,Electronics
CUST04484,2023-11-07,340.66,Clothing
CUST04484,2024-04-18,62.74,Grocery
CUST04484,2025-05-15,51.6,Dining
CUST04484,2023-02-14,179.49,Clothing
CUST04484,2025-06-24,138.15,Travel
CUST04484,2023-02-21,33.78,Travel
CUST04484,2024-05-27,118.28,Travel
CUST04484,2024-12-03,121.17,Dining
CUST04484,2022-10-31,78.55,Electronics
CUST04484,2024-07-11,214.26,Clothing
CUST04484,2023-01-04,34.88,Dining
CUST04484,2023-02-02,90.33,Travel
CUST04484,2023-12-03,73.42,Electronics
CUST04484,2022-11-18,352.59,Grocery
CUST04484,2025-06-07,30.09,Travel
CUST04484,2024-12-01,11.88,Grocery
CUST04484,2022-03-07,307.97,Travel
CUST04484,2023-02-07,7.95,Travel
CUST04484,2023-02-12,46.42,Travel
CUST04484,2022-11-03,33.97,Electronics
CUST04484,2022-07-16,114.29,Electronics
CUST04484,2024-05-11,22.9,Travel
CUST04484,2023-01-29,140.57,Travel
CUST04484,2023-10-29,18.19,Grocery
CUST04484,2023-05-05,30.12,Electronics
CUST04484,2023-01-05,7.18,Travel
CUST04484,2023-02-19,111.62,Clothing
CUST04484,2025-03-27,24.05,Travel
CUST04484,2023-05-20,20.82,Electronics
CUST04484,2024-08-22,73.96,Clothing
CUST04484,2023-02-22,17.13,Clothing
CUST04484,2024-12-25,44.4,Electronics
CUST04484,2024-01-02,36.15,Electronics
CUST04484,2022-02-20,71.41,Travel
CUST04484,2024-03-30,16.78,Dining
CUST04484,2023-11-16,73.29,Clothing
CUST04484,2022-01-11,6.28,Clothing
CUST04484,2023-03-15,97.74,Electronics
CUST04484,2024-10-29,18.73,Travel
CUST04484,2024-01-10,46.56,Dining
CUST04484,2024-03-25,29.57,Grocery
CUST04484,2025-07-08,58.39,Dining
CUST04484,2024-07-19,345.82,Travel
CUST04484,2023-01-27,234.26,Travel
CUST04484,2022-10-22,68.47,Clothing
CUST04484,2025-07-22,50.5,Electronics
CUST04484,2025-07-31,72.55,Travel
CUST04485,2022-12-18,16.58,Dining
CUST04485,2024-06-09,19.57,Grocery
CUST04485,2022-07-08,192.15,Grocery
CUST04485,2024-07-05,73.18,Travel
CUST04485,2025-04-02,8.54,Travel
CUST04485,2023-10-16,113.17,Electronics
CUST04485,2023-09-06,22.98,Travel
CUST04485,2024-10-01,74.83,Dining
CUST04485,2024-10-25,139.32,Clothing
CUST04485,2022-08-08,26.93,Electronics
CUST04485,2024-06-09,207.62,Travel
CUST04485,2024-01-24,132.31,Dining
CUST04485,2024-06-02,183.65,Dining
CUST04485,2025-03-06,176.09,Clothing
CUST04485,2025-07-08,197.66,Travel
CUST04485,2025-06-19,17.98,Dining
CUST04485,2023-11-12,27.05,Grocery
CUST04485,2023-05-11,149.4,Clothing
CUST04485,2024-10-16,79.93,Dining
CUST04485,2022-07-15,254.34,Electronics
CUST04485,2024-07-29,138.71,Grocery
CUST04485,2024-09-04,6.81,Electronics
CUST04485,2022-08-31,244.59,Clothing
CUST04485,2025-05-16,165.68,Clothing
CUST04485,2023-12-11,146.95,Dining
CUST04485,2023-02-12,18.31,Travel
CUST04485,2024-02-23,247.01,Travel
CUST04485,2025-02-22,96.63,Travel
CUST04485,2024-02-09,45.95,Grocery
CUST04485,2024-03-25,57.82,Clothing
CUST04485,2023-10-10,147.56,Electronics
CUST04485,2024-03-02,174.96,Grocery
CUST04485,2023-09-03,106.23,Travel
CUST04485,2023-06-05,95.51,Travel
CUST04485,2024-02-15,72.81,Clothing
CUST04485,2022-12-13,59.06,Travel
CUST04485,2025-07-01,124.6,Grocery
CUST04485,2023-08-12,9.87,Travel
CUST04485,2025-04-11,39.13,Electronics
CUST04485,2024-01-22,5.18,Travel
CUST04485,2025-04-11,133.03,Clothing
CUST04485,2025-03-16,43.63,Clothing
CUST04485,2022-10-27,39.52,Clothing
CUST04485,2024-04-24,98.79,Travel
CUST04485,2023-06-24,69.83,Electronics
CUST04485,2023-03-31,29.78,Grocery
CUST04485,2024-02-02,5.55,Dining
CUST04485,2022-11-20,39.07,Travel
CUST04485,2022-11-17,104.25,Travel
CUST04485,2023-01-16,7.24,Dining
CUST04485,2022-09-23,28.2,Dining
CUST04485,2022-10-20,20.53,Clothing
CUST04485,2024-03-16,63.66,Electronics
CUST04485,2023-07-29,57.5,Electronics
CUST04485,2022-12-21,70.55,Dining
CUST04485,2025-02-18,32.31,Electronics
CUST04485,2025-04-11,134.78,Travel
CUST04485,2024-07-25,37.89,Grocery
CUST04485,2023-04-26,38.38,Grocery
CUST04485,2023-04-26,43.24,Electronics
CUST04485,2023-12-24,48.51,Grocery
CUST04485,2024-12-11,91.87,Dining
CUST04485,2024-06-16,38.55,Travel
CUST04485,2023-10-06,37.84,Clothing
CUST04485,2025-07-08,89.75,Electronics
CUST04485,2024-11-05,20.21,Dining
CUST04485,2022-07-16,12.59,Electronics
CUST04485,2024-07-27,184.89,Travel
CUST04485,2024-01-12,17.15,Travel
CUST04485,2024-04-09,294.87,Clothing
CUST04485,2025-06-17,87.9,Travel
CUST04485,2024-07-03,115.96,Grocery
CUST04485,2024-01-27,18.97,Dining
CUST04485,2024-03-01,47.65,Electronics
CUST04485,2024-06-09,9.17,Electronics
CUST04485,2023-02-05,96.77,Electronics
CUST04485,2024-09-16,73.92,Dining
CUST04485,2022-12-06,45.2,Dining
CUST04485,2024-11-10,45.71,Grocery
CUST04485,2023-12-03,301.94,Travel
CUST04485,2025-02-07,12.64,Clothing
CUST04485,2024-11-17,77.86,Electronics
CUST04485,2025-02-12,59.84,Electronics
CUST04485,2023-05-08,53.74,Dining
CUST04485,2024-09-19,70.74,Clothing
CUST04485,2025-03-10,15.81,Dining
CUST04485,2022-06-23,31.33,Travel
CUST04485,2023-10-08,31.76,Dining
CUST04485,2025-01-14,330.43,Grocery
CUST04485,2023-03-08,21.84,Clothing
CUST04485,2022-12-13,17.3,Clothing
CUST04485,2025-07-03,82.89,Clothing
CUST04485,2025-04-23,48.61,Dining
CUST04485,2025-02-20,44.24,Grocery
CUST04485,2022-11-24,24.82,Grocery
CUST04485,2025-04-15,120.97,Electronics
CUST04485,2023-01-19,117.27,Dining
CUST04485,2024-04-19,55.61,Clothing
CUST04485,2023-01-19,34.96,Grocery
CUST04486,2024-04-15,142.89,Dining
CUST04486,2024-07-07,40.84,Electronics
CUST04486,2025-04-01,9.75,Electronics
CUST04486,2023-04-03,31.1,Grocery
CUST04486,2023-07-17,14.34,Clothing
CUST04486,2022-12-06,11.05,Grocery
CUST04486,2023-01-03,274.69,Clothing
CUST04486,2025-02-20,213.66,Clothing
CUST04486,2025-04-29,145.28,Grocery
CUST04486,2023-02-13,11.79,Clothing
CUST04486,2025-01-04,6.8,Grocery
CUST04486,2025-04-29,25.31,Grocery
CUST04486,2023-02-06,45.09,Electronics
CUST04486,2023-07-21,97.81,Dining
CUST04486,2024-03-21,47.85,Dining
CUST04486,2025-05-04,60.15,Grocery
CUST04486,2024-11-29,9.08,Clothing
CUST04486,2024-02-19,14.77,Grocery
CUST04486,2025-03-04,12.46,Grocery
CUST04486,2023-12-15,104.32,Travel
CUST04486,2023-06-06,5.99,Electronics
CUST04486,2023-08-01,218.15,Dining
CUST04486,2024-06-12,19.21,Electronics
CUST04486,2024-03-18,50.16,Travel
CUST04486,2025-02-03,239.67,Travel
CUST04486,2024-08-22,100.86,Electronics
CUST04486,2023-07-07,89.64,Dining
CUST04486,2023-05-01,21.45,Travel
CUST04486,2023-11-22,21.65,Grocery
CUST04486,2024-09-19,112.09,Dining
CUST04486,2024-01-14,107.57,Grocery
CUST04486,2023-11-26,39.16,Clothing
CUST04486,2024-01-02,16.99,Travel
CUST04486,2025-05-01,29.82,Grocery
CUST04486,2024-02-24,77.46,Travel
CUST04486,2024-03-24,300.3,Dining
CUST04486,2025-01-14,21.79,Electronics
CUST04486,2025-04-27,157.38,Clothing
CUST04486,2024-08-08,51.22,Travel
CUST04486,2024-08-13,93.29,Travel
CUST04486,2025-05-26,92.82,Travel
CUST04486,2024-10-10,62.29,Clothing
CUST04486,2025-04-21,69.61,Grocery
CUST04486,2023-03-12,80.66,Electronics
CUST04486,2025-01-11,11.18,Travel
CUST04486,2024-02-15,64.97,Grocery
CUST04486,2024-09-19,174.95,Travel
CUST04486,2025-01-18,14.62,Electronics
CUST04486,2024-11-16,29.48,Travel
CUST04486,2025-04-25,53.25,Dining
CUST04486,2023-09-02,8.64,Electronics
CUST04486,2025-06-07,41.39,Travel
CUST04486,2025-01-06,10.05,Clothing
CUST04486,2025-05-26,107.05,Grocery
CUST04486,2025-04-06,109.07,Travel
CUST04486,2024-03-15,51.42,Grocery
CUST04486,2024-04-17,6.68,Electronics
CUST04486,2024-08-15,114.79,Clothing
CUST04486,2025-05-06,93.12,Travel
CUST04486,2024-09-22,191.38,Clothing
CUST04486,2022-11-24,176.7,Dining
CUST04486,2023-02-24,6.66,Dining
CUST04486,2023-01-03,177.52,Electronics
CUST04486,2024-01-21,244.85,Dining
CUST04486,2023-07-08,41.81,Dining
CUST04486,2024-06-05,235.98,Travel
CUST04486,2023-01-12,63.57,Dining
CUST04486,2022-12-03,9.73,Grocery
CUST04486,2025-07-16,35.52,Electronics
CUST04486,2025-07-29,135.85,Travel
CUST04486,2023-12-28,7.58,Travel
CUST04486,2022-10-15,37.91,Grocery
CUST04486,2023-06-13,58.41,Grocery
CUST04486,2022-12-13,186.63,Travel
CUST04486,2023-01-29,54.48,Dining
CUST04486,2023-09-07,37.5,Electronics
CUST04486,2025-01-05,45.07,Clothing
CUST04486,2023-12-02,27.38,Dining
CUST04486,2024-05-17,7.41,Clothing
CUST04486,2025-06-09,49.3,Grocery
CUST04486,2023-08-11,65.98,Electronics
CUST04486,2023-04-17,149.24,Electronics
CUST04486,2024-02-21,79.17,Grocery
CUST04486,2024-07-04,10.47,Grocery
CUST04486,2024-04-02,76.15,Grocery
CUST04486,2023-12-29,23.0,Grocery
CUST04486,2024-10-10,155.86,Clothing
CUST04486,2023-08-28,17.93,Travel
CUST04486,2025-03-26,26.02,Clothing
CUST04486,2023-11-21,96.73,Travel
CUST04486,2024-04-19,59.61,Dining
CUST04486,2025-04-18,9.74,Clothing
CUST04486,2023-12-13,5.01,Travel
CUST04487,2025-03-07,20.72,Travel
CUST04487,2024-08-06,97.8,Grocery
CUST04487,2024-03-16,125.21,Dining
CUST04487,2024-02-22,6.51,Grocery
CUST04487,2025-03-01,32.23,Grocery
CUST04487,2025-01-26,54.02,Grocery
CUST04487,2024-08-04,83.32,Dining
CUST04487,2024-09-03,87.76,Dining
CUST04487,2024-10-05,10.48,Grocery
CUST04487,2025-01-24,134.69,Dining
CUST04487,2024-02-20,136.32,Travel
CUST04487,2025-01-14,115.33,Electronics
CUST04487,2025-03-13,45.01,Clothing
CUST04487,2024-06-07,189.74,Dining
CUST04487,2024-10-21,24.87,Dining
CUST04487,2024-05-09,36.1,Clothing
CUST04487,2024-01-24,58.28,Electronics
CUST04487,2023-11-14,13.56,Clothing
CUST04487,2024-07-04,90.39,Dining
CUST04487,2024-04-28,348.05,Electronics
CUST04487,2023-12-07,123.9,Clothing
CUST04487,2023-12-16,45.98,Dining
CUST04487,2023-08-13,78.83,Clothing
CUST04487,2023-10-14,68.62,Electronics
CUST04487,2023-12-14,14.84,Grocery
CUST04487,2024-11-21,11.75,Dining
CUST04487,2024-03-28,80.43,Travel
CUST04487,2023-10-16,147.23,Clothing
CUST04487,2025-01-13,46.97,Clothing
CUST04487,2023-08-02,67.57,Dining
CUST04487,2023-09-16,109.82,Electronics
CUST04487,2023-08-04,106.86,Clothing
CUST04487,2025-03-23,19.17,Electronics
CUST04487,2024-07-19,51.09,Electronics
CUST04487,2025-02-15,72.35,Clothing
CUST04487,2024-07-14,49.49,Dining
CUST04487,2024-04-04,78.45,Dining
CUST04487,2025-06-12,121.96,Dining
CUST04487,2023-06-29,40.66,Dining
CUST04487,2024-12-02,76.57,Grocery
CUST04487,2024-06-03,21.73,Travel
CUST04487,2024-09-16,83.17,Dining
CUST04487,2023-06-22,116.55,Travel
CUST04487,2023-12-11,211.59,Travel
CUST04487,2023-11-18,42.25,Clothing
CUST04487,2023-10-11,62.54,Dining
CUST04487,2024-10-13,211.42,Dining
CUST04487,2023-10-22,170.09,Travel
CUST04487,2024-08-07,43.26,Electronics
CUST04487,2024-12-28,103.16,Travel
CUST04487,2023-06-18,29.15,Dining
CUST04487,2024-04-14,30.88,Grocery
CUST04487,2024-03-16,51.83,Dining
CUST04487,2025-01-27,25.51,Clothing
CUST04487,2025-03-24,316.1,Clothing
CUST04487,2024-08-09,140.14,Grocery
CUST04487,2024-04-28,158.76,Clothing
CUST04487,2023-07-21,156.54,Dining
CUST04487,2024-12-26,191.18,Travel
CUST04487,2024-08-16,39.63,Electronics
CUST04487,2025-05-17,257.86,Clothing
CUST04487,2023-12-19,48.37,Dining
CUST04487,2025-06-21,141.4,Electronics
CUST04487,2024-09-13,37.57,Travel
CUST04487,2023-12-21,21.24,Grocery
CUST04487,2024-04-13,55.78,Dining
CUST04487,2024-09-11,56.4,Travel
CUST04487,2024-09-13,14.57,Clothing
CUST04487,2024-10-20,41.64,Dining
CUST04487,2024-11-29,49.68,Travel
CUST04487,2025-02-17,30.05,Dining
CUST04487,2024-09-20,390.44,Electronics
CUST04487,2025-01-09,100.6,Clothing
CUST04487,2024-08-11,66.95,Clothing
CUST04487,2024-07-28,36.42,Dining
CUST04487,2024-03-12,127.93,Electronics
CUST04487,2024-12-22,68.79,Electronics
CUST04488,2022-10-13,176.87,Dining
CUST04488,2024-11-06,96.0,Clothing
CUST04488,2023-12-05,9.29,Travel
CUST04488,2021-03-28,20.58,Electronics
CUST04488,2021-02-14,267.77,Dining
CUST04488,2022-01-21,124.04,Electronics
CUST04488,2022-09-17,63.83,Electronics
CUST04488,2024-01-07,195.19,Clothing
CUST04488,2023-08-28,54.88,Grocery
CUST04488,2022-04-17,135.12,Electronics
CUST04488,2023-08-28,125.08,Electronics
CUST04488,2024-09-16,483.96,Dining
CUST04488,2022-06-06,78.51,Travel
CUST04488,2022-02-22,30.12,Grocery
CUST04488,2021-09-13,69.01,Clothing
CUST04488,2022-06-18,177.38,Travel
CUST04488,2025-04-15,275.04,Travel
CUST04488,2023-04-18,41.06,Electronics
CUST04488,2022-11-04,96.0,Electronics
CUST04488,2022-09-09,94.76,Travel
CUST04488,2025-01-25,59.35,Clothing
CUST04488,2023-12-08,31.76,Clothing
CUST04488,2023-12-28,28.8,Dining
CUST04488,2023-02-23,159.31,Clothing
CUST04488,2022-06-10,164.3,Dining
CUST04488,2024-03-28,21.6,Travel
CUST04488,2021-09-14,17.85,Travel
CUST04488,2024-06-22,136.1,Travel
CUST04488,2021-01-15,407.64,Dining
CUST04488,2021-09-30,153.51,Travel
CUST04488,2022-07-31,15.75,Dining
CUST04488,2022-10-07,271.04,Travel
CUST04488,2021-11-10,120.72,Travel
CUST04488,2023-11-13,9.61,Dining
CUST04488,2024-01-04,30.81,Dining
CUST04488,2025-02-03,27.97,Clothing
CUST04488,2022-05-17,46.56,Travel
CUST04488,2022-11-09,68.6,Electronics
CUST04488,2021-05-03,92.87,Electronics
CUST04488,2023-11-29,57.58,Travel
CUST04488,2021-06-29,43.39,Clothing
CUST04488,2022-02-23,106.42,Clothing
CUST04488,2021-11-09,34.55,Dining
CUST04488,2025-01-02,27.92,Electronics
CUST04488,2021-02-20,111.49,Clothing
CUST04488,2024-04-27,26.57,Travel
CUST04488,2022-12-04,109.06,Dining
CUST04488,2021-12-23,24.84,Electronics
CUST04488,2021-02-27,26.43,Electronics
CUST04488,2022-01-26,101.21,Travel
CUST04488,2024-06-05,219.85,Travel
CUST04488,2021-01-06,11.6,Electronics
CUST04488,2022-05-01,37.23,Dining
CUST04488,2022-07-13,89.01,Grocery
CUST04488,2022-01-12,119.81,Dining
CUST04488,2021-10-15,45.23,Travel
CUST04488,2021-02-02,72.64,Grocery
CUST04488,2025-02-12,6.65,Electronics
CUST04488,2025-06-24,35.27,Clothing
CUST04488,2021-11-28,5.37,Clothing
CUST04488,2023-06-01,93.07,Electronics
CUST04488,2023-08-31,117.1,Clothing
CUST04488,2021-01-26,153.25,Grocery
CUST04488,2021-06-04,10.47,Clothing
CUST04488,2025-06-07,33.44,Electronics
CUST04488,2020-12-26,25.13,Clothing
CUST04488,2022-03-20,17.54,Grocery
CUST04488,2022-10-29,153.02,Dining
CUST04488,2021-08-29,55.64,Grocery
CUST04488,2021-03-18,256.34,Travel
CUST04488,2021-03-22,59.44,Clothing
CUST04488,2024-02-28,114.94,Dining
CUST04488,2024-06-08,31.53,Travel
CUST04488,2022-07-22,125.37,Dining
CUST04488,2021-01-06,157.42,Clothing
CUST04488,2022-11-27,72.79,Grocery
CUST04488,2021-09-18,59.16,Clothing
CUST04488,2025-03-09,129.46,Dining
CUST04488,2024-09-18,166.7,Grocery
CUST04488,2023-02-23,82.9,Dining
CUST04488,2021-03-30,16.05,Clothing
CUST04488,2024-10-15,55.98,Clothing
CUST04488,2022-09-14,104.09,Grocery
CUST04488,2023-09-02,12.27,Dining
CUST04488,2021-02-20,17.97,Dining
CUST04488,2023-11-21,165.05,Grocery
CUST04488,2022-09-13,26.19,Travel
CUST04488,2023-02-17,191.64,Clothing
CUST04488,2021-06-04,107.5,Dining
CUST04488,2023-12-07,21.8,Electronics
CUST04488,2023-04-11,5.98,Electronics
CUST04488,2025-07-27,172.29,Electronics
CUST04488,2024-07-17,24.05,Clothing
CUST04488,2023-08-05,65.98,Dining
CUST04488,2021-01-22,72.57,Travel
CUST04488,2023-05-13,100.67,Travel
CUST04488,2022-07-23,144.68,Clothing
CUST04488,2024-04-18,15.97,Travel
CUST04488,2022-02-19,11.72,Clothing
CUST04488,2021-08-13,123.97,Electronics
CUST04488,2022-05-23,30.38,Grocery
CUST04488,2021-07-03,28.65,Electronics
CUST04488,2023-03-02,49.05,Electronics
CUST04488,2024-12-22,99.71,Electronics
CUST04488,2023-02-19,180.57,Electronics
CUST04488,2023-08-17,36.9,Dining
CUST04488,2021-03-07,242.75,Travel
CUST04489,2025-08-01,99.18,Travel
CUST04489,2025-07-17,116.04,Grocery
CUST04489,2025-07-16,147.76,Clothing
CUST04489,2025-08-01,56.66,Electronics
CUST04489,2025-07-24,55.55,Grocery
CUST04489,2025-07-26,407.65,Travel
CUST04489,2025-07-31,49.34,Grocery
CUST04489,2025-07-16,18.59,Dining
CUST04489,2025-07-14,109.7,Electronics
CUST04489,2025-07-25,12.7,Electronics
CUST04489,2025-07-24,47.36,Grocery
CUST04489,2025-07-26,39.53,Travel
CUST04489,2025-07-25,46.95,Clothing
CUST04489,2025-08-01,82.83,Dining
CUST04489,2025-07-25,184.11,Dining
CUST04489,2025-08-01,48.2,Electronics
CUST04489,2025-07-31,124.18,Dining
CUST04489,2025-07-21,135.38,Travel
CUST04489,2025-07-30,32.77,Clothing
CUST04489,2025-07-30,58.58,Electronics
CUST04489,2025-07-17,23.68,Grocery
CUST04489,2025-07-14,52.03,Clothing
CUST04489,2025-07-28,138.35,Travel
CUST04489,2025-07-25,127.52,Grocery
CUST04489,2025-07-23,40.49,Dining
CUST04489,2025-07-22,19.58,Dining
CUST04489,2025-07-30,140.48,Dining
CUST04489,2025-07-24,82.94,Dining
CUST04489,2025-07-23,73.2,Travel
CUST04489,2025-07-30,132.14,Dining
CUST04489,2025-07-27,99.79,Electronics
CUST04489,2025-07-28,138.15,Electronics
CUST04489,2025-07-21,11.28,Dining
CUST04489,2025-07-30,71.32,Clothing
CUST04489,2025-07-21,71.53,Dining
CUST04489,2025-07-30,107.41,Dining
CUST04489,2025-07-19,101.87,Dining
CUST04489,2025-07-21,32.24,Travel
CUST04489,2025-07-31,73.46,Clothing
CUST04489,2025-07-25,14.37,Travel
CUST04489,2025-07-25,78.56,Dining
CUST04489,2025-07-16,54.55,Grocery
CUST04489,2025-07-30,34.74,Dining
CUST04489,2025-07-21,65.87,Electronics
CUST04489,2025-07-16,46.43,Electronics
CUST04489,2025-07-18,35.02,Dining
CUST04489,2025-08-01,51.22,Clothing
CUST04489,2025-07-29,75.74,Electronics
CUST04489,2025-07-21,117.95,Electronics
CUST04489,2025-07-20,91.49,Grocery
CUST04489,2025-08-01,26.24,Clothing
CUST04489,2025-07-24,18.84,Electronics
CUST04489,2025-07-30,54.34,Travel
CUST04489,2025-07-22,16.92,Grocery
CUST04489,2025-07-15,9.42,Travel
CUST04489,2025-07-20,81.68,Travel
CUST04489,2025-07-25,48.33,Clothing
CUST04489,2025-07-22,130.87,Grocery
CUST04489,2025-07-25,49.74,Grocery
CUST04489,2025-07-27,148.26,Travel
CUST04489,2025-07-27,219.84,Clothing
CUST04489,2025-07-31,13.71,Grocery
CUST04489,2025-07-19,35.05,Dining
CUST04489,2025-07-27,75.63,Clothing
CUST04489,2025-07-24,8.88,Clothing
CUST04489,2025-07-24,108.98,Electronics
CUST04489,2025-07-20,114.18,Clothing
CUST04489,2025-08-01,271.47,Clothing
CUST04489,2025-07-22,236.0,Travel
CUST04489,2025-07-20,7.77,Clothing
CUST04489,2025-07-31,17.76,Clothing
CUST04489,2025-07-20,12.0,Clothing
CUST04489,2025-07-14,24.7,Dining
CUST04489,2025-08-01,21.58,Electronics
CUST04489,2025-08-01,38.17,Travel
CUST04489,2025-07-29,110.31,Clothing
CUST04489,2025-07-26,262.18,Electronics
CUST04489,2025-07-30,28.63,Clothing
CUST04489,2025-07-23,21.89,Travel
CUST04489,2025-07-15,50.09,Travel
CUST04489,2025-07-28,67.87,Electronics
CUST04489,2025-07-25,194.96,Grocery
CUST04489,2025-07-29,46.75,Travel
CUST04489,2025-07-20,76.09,Dining
CUST04489,2025-07-29,25.27,Electronics
CUST04489,2025-07-26,24.85,Dining
CUST04489,2025-07-29,32.18,Electronics
CUST04489,2025-07-14,117.95,Travel
CUST04489,2025-07-17,103.37,Travel
CUST04489,2025-07-15,95.85,Dining
CUST04489,2025-07-16,75.95,Electronics
CUST04489,2025-07-17,71.6,Grocery
CUST04489,2025-07-31,138.11,Travel
CUST04489,2025-07-25,28.1,Electronics
CUST04489,2025-07-17,75.81,Grocery
CUST04489,2025-07-14,81.03,Travel
CUST04489,2025-07-19,178.33,Clothing
CUST04489,2025-07-18,13.14,Clothing
CUST04489,2025-07-30,13.58,Grocery
CUST04489,2025-07-27,101.46,Dining
CUST04489,2025-07-20,57.61,Clothing
CUST04489,2025-07-27,56.57,Grocery
CUST04489,2025-07-31,16.36,Dining
CUST04489,2025-07-25,40.49,Dining
CUST04490,2025-01-24,11.29,Grocery
CUST04490,2025-05-01,50.61,Grocery
CUST04490,2025-07-14,24.72,Travel
CUST04490,2025-03-03,27.13,Grocery
CUST04490,2024-09-20,321.21,Electronics
CUST04490,2024-02-20,287.5,Dining
CUST04490,2024-05-29,104.56,Grocery
CUST04490,2024-11-25,56.89,Dining
CUST04490,2025-04-01,124.52,Travel
CUST04490,2025-01-31,31.92,Dining
CUST04490,2024-08-20,16.01,Dining
CUST04490,2025-05-04,267.24,Electronics
CUST04490,2025-05-22,8.23,Grocery
CUST04490,2024-07-02,54.8,Electronics
CUST04490,2025-05-29,139.73,Electronics
CUST04490,2024-12-18,88.45,Electronics
CUST04490,2024-06-20,66.84,Travel
CUST04490,2025-07-30,118.23,Electronics
CUST04490,2024-07-10,29.57,Electronics
CUST04490,2025-06-08,11.89,Electronics
CUST04490,2025-03-01,55.3,Dining
CUST04490,2024-12-22,9.68,Electronics
CUST04490,2025-02-17,36.42,Clothing
CUST04490,2024-08-13,253.69,Travel
CUST04490,2024-08-16,86.99,Electronics
CUST04490,2024-08-21,216.02,Clothing
CUST04490,2024-06-30,41.94,Electronics
CUST04490,2024-08-09,39.37,Clothing
CUST04490,2025-05-12,38.79,Clothing
CUST04490,2025-06-13,181.42,Clothing
CUST04490,2024-06-16,19.69,Grocery
CUST04490,2024-11-01,160.5,Dining
CUST04490,2025-06-20,67.88,Electronics
CUST04490,2025-05-27,18.38,Electronics
CUST04490,2025-07-18,28.22,Electronics
CUST04490,2025-03-08,142.84,Grocery
CUST04490,2024-10-28,70.95,Grocery
CUST04490,2025-06-05,64.61,Grocery
CUST04490,2024-05-09,130.74,Clothing
CUST04490,2024-12-05,248.16,Travel
CUST04490,2024-05-11,68.39,Electronics
CUST04490,2024-02-29,39.96,Grocery
CUST04490,2024-12-21,91.8,Travel
CUST04490,2025-05-30,618.45,Dining
CUST04490,2024-12-19,33.37,Clothing
CUST04490,2024-03-03,5.3,Travel
CUST04490,2025-05-28,16.68,Grocery
CUST04490,2024-06-02,9.23,Dining
CUST04490,2025-06-09,11.33,Dining
CUST04490,2024-10-11,20.32,Grocery
CUST04490,2024-10-14,42.66,Clothing
CUST04490,2025-05-29,106.88,Electronics
CUST04490,2024-11-25,57.34,Electronics
CUST04490,2025-05-05,99.08,Grocery
CUST04490,2024-05-28,13.42,Dining
CUST04490,2024-12-01,72.78,Electronics
CUST04490,2024-04-07,106.14,Clothing
CUST04490,2025-06-02,188.05,Grocery
CUST04490,2024-07-05,126.98,Grocery
CUST04490,2024-03-09,32.09,Travel
CUST04490,2025-04-21,79.13,Clothing
CUST04490,2025-01-01,186.12,Grocery
CUST04490,2024-07-20,14.77,Grocery
CUST04490,2025-01-09,27.51,Grocery
CUST04490,2024-06-08,19.96,Dining
CUST04490,2024-10-02,68.39,Travel
CUST04490,2024-05-12,34.53,Clothing
CUST04490,2024-05-18,35.54,Travel
CUST04490,2024-08-30,92.61,Clothing
CUST04490,2025-07-05,76.21,Travel
CUST04490,2025-01-18,172.98,Grocery
CUST04490,2025-02-28,22.73,Grocery
CUST04490,2024-05-14,58.58,Clothing
CUST04490,2024-02-27,172.44,Grocery
CUST04490,2024-09-25,48.53,Electronics
CUST04490,2024-12-24,98.96,Electronics
CUST04490,2025-01-17,22.92,Dining
CUST04490,2024-03-12,47.52,Travel
CUST04490,2025-01-17,47.31,Travel
CUST04490,2025-01-14,79.86,Clothing
CUST04490,2025-06-14,16.32,Clothing
CUST04490,2025-03-06,38.64,Electronics
CUST04490,2024-11-26,113.42,Grocery
CUST04490,2025-02-15,40.19,Electronics
CUST04490,2024-11-24,33.14,Travel
CUST04490,2025-02-21,12.38,Electronics
CUST04490,2025-05-05,72.97,Travel
CUST04490,2025-05-22,41.06,Electronics
CUST04490,2024-11-02,54.53,Dining
CUST04490,2024-06-13,7.51,Clothing
CUST04490,2024-05-08,9.8,Electronics
CUST04490,2025-06-29,229.09,Clothing
CUST04491,2022-06-13,149.32,Clothing
CUST04491,2025-02-12,57.34,Clothing
CUST04491,2022-01-14,43.28,Travel
CUST04491,2023-06-28,252.69,Electronics
CUST04491,2025-05-27,208.79,Electronics
CUST04491,2023-09-07,116.77,Grocery
CUST04491,2025-02-07,30.57,Dining
CUST04491,2024-09-11,90.22,Dining
CUST04491,2024-02-17,68.38,Electronics
CUST04491,2023-07-09,40.97,Dining
CUST04491,2022-08-04,125.12,Dining
CUST04491,2023-01-12,79.34,Travel
CUST04491,2022-07-08,48.76,Grocery
CUST04491,2024-10-04,81.28,Travel
CUST04491,2023-05-23,122.79,Travel
CUST04491,2024-02-09,56.06,Grocery
CUST04491,2021-10-28,42.13,Clothing
CUST04491,2023-02-05,120.65,Clothing
CUST04491,2023-05-28,90.18,Dining
CUST04491,2023-07-19,149.77,Travel
CUST04491,2021-03-19,67.71,Dining
CUST04491,2022-04-03,49.03,Electronics
CUST04491,2022-02-11,45.59,Clothing
CUST04491,2023-02-21,16.08,Electronics
CUST04491,2023-03-07,66.45,Clothing
CUST04491,2022-09-23,39.19,Grocery
CUST04491,2025-03-15,383.92,Electronics
CUST04491,2021-04-08,67.92,Grocery
CUST04491,2024-02-26,255.4,Electronics
CUST04491,2025-04-21,149.67,Grocery
CUST04491,2021-08-21,80.57,Dining
CUST04491,2023-11-13,60.79,Grocery
CUST04491,2023-04-21,156.75,Dining
CUST04491,2023-04-01,64.28,Travel
CUST04491,2021-10-24,113.0,Travel
CUST04491,2021-12-03,23.38,Grocery
CUST04491,2023-09-22,173.26,Dining
CUST04491,2024-02-17,58.53,Electronics
CUST04491,2025-07-09,131.52,Electronics
CUST04491,2024-05-28,22.26,Travel
CUST04491,2021-05-05,246.4,Travel
CUST04491,2024-12-02,75.73,Grocery
CUST04491,2024-11-29,95.73,Electronics
CUST04491,2022-08-05,83.61,Travel
CUST04491,2024-12-15,75.86,Grocery
CUST04491,2021-07-20,91.02,Electronics
CUST04491,2025-06-24,19.39,Grocery
CUST04491,2024-09-24,10.81,Dining
CUST04491,2023-05-04,44.8,Grocery
CUST04491,2023-06-07,49.54,Dining
CUST04491,2022-12-19,197.22,Electronics
CUST04491,2022-09-24,30.17,Travel
CUST04491,2024-07-03,181.31,Electronics
CUST04491,2024-03-06,8.65,Travel
CUST04491,2024-01-13,113.57,Electronics
CUST04491,2022-03-10,175.0,Electronics
CUST04491,2022-04-05,40.22,Travel
CUST04491,2025-06-18,42.78,Grocery
CUST04491,2022-08-26,88.46,Dining
CUST04491,2024-02-21,34.65,Travel
CUST04491,2025-05-25,62.57,Travel
CUST04491,2022-05-24,60.98,Electronics
CUST04491,2023-01-07,60.34,Dining
CUST04491,2024-11-10,38.36,Clothing
CUST04491,2022-08-29,34.95,Dining
CUST04491,2022-03-29,21.95,Travel
CUST04491,2024-12-29,59.63,Electronics
CUST04491,2021-06-26,6.65,Grocery
CUST04491,2021-10-11,31.13,Clothing
CUST04491,2021-06-03,13.8,Clothing
CUST04491,2021-10-18,218.65,Electronics
CUST04491,2023-12-24,149.42,Electronics
CUST04491,2025-05-06,139.31,Electronics
CUST04491,2024-08-03,94.64,Grocery
CUST04491,2021-12-07,63.93,Electronics
CUST04491,2024-12-10,225.26,Travel
CUST04491,2025-05-18,32.21,Grocery
CUST04491,2025-06-05,28.91,Electronics
CUST04491,2021-11-16,32.98,Electronics
CUST04491,2022-04-14,45.48,Travel
CUST04491,2022-01-15,91.6,Electronics
CUST04491,2022-06-01,100.44,Clothing
CUST04491,2024-05-15,13.04,Travel
CUST04491,2021-11-13,134.97,Travel
CUST04491,2023-03-15,42.01,Grocery
CUST04491,2024-12-28,93.72,Dining
CUST04491,2024-07-17,24.11,Travel
CUST04491,2025-06-16,149.9,Clothing
CUST04491,2025-03-11,341.49,Travel
CUST04491,2021-10-21,149.49,Electronics
CUST04491,2024-08-05,76.82,Electronics
CUST04491,2021-08-09,218.97,Clothing
CUST04491,2021-05-31,41.1,Clothing
CUST04491,2023-12-26,7.33,Dining
CUST04491,2023-12-12,79.49,Grocery
CUST04491,2023-06-20,57.4,Clothing
CUST04491,2024-10-18,20.9,Clothing
CUST04491,2025-03-25,31.01,Dining
CUST04491,2023-07-28,36.22,Clothing
CUST04491,2023-08-31,169.72,Clothing
CUST04491,2022-05-27,30.71,Clothing
CUST04491,2025-07-17,22.99,Clothing
CUST04491,2022-10-04,17.09,Dining
CUST04491,2021-05-21,13.96,Dining
CUST04491,2022-06-24,73.51,Grocery
CUST04491,2023-05-23,42.38,Electronics
CUST04491,2023-08-29,17.49,Dining
CUST04491,2024-09-26,76.13,Travel
CUST04491,2024-01-25,112.19,Clothing
CUST04491,2021-07-27,90.61,Travel
CUST04491,2021-10-06,78.67,Clothing
CUST04491,2023-10-14,31.22,Grocery
CUST04492,2025-01-10,204.59,Clothing
CUST04492,2024-12-12,129.82,Travel
CUST04492,2025-05-17,84.44,Dining
CUST04492,2025-07-02,38.86,Clothing
CUST04492,2024-10-21,58.53,Grocery
CUST04492,2024-08-20,55.89,Clothing
CUST04492,2024-09-28,65.79,Travel
CUST04492,2025-05-04,96.41,Electronics
CUST04492,2025-07-04,58.16,Clothing
CUST04492,2025-06-25,50.81,Clothing
CUST04492,2025-03-26,12.41,Dining
CUST04492,2025-05-01,153.36,Travel
CUST04492,2025-04-29,38.9,Dining
CUST04492,2024-04-22,70.23,Electronics
CUST04492,2025-04-05,13.97,Grocery
CUST04492,2024-08-10,294.49,Grocery
CUST04492,2024-10-12,73.69,Electronics
CUST04492,2024-10-13,6.55,Grocery
CUST04492,2024-11-28,191.13,Clothing
CUST04492,2025-07-08,47.98,Grocery
CUST04492,2024-12-05,185.7,Electronics
CUST04492,2025-06-09,175.83,Grocery
CUST04492,2024-05-18,123.95,Grocery
CUST04492,2024-09-21,288.53,Dining
CUST04492,2025-01-21,126.05,Dining
CUST04492,2024-06-08,115.18,Electronics
CUST04492,2024-05-18,116.27,Travel
CUST04492,2025-04-20,25.08,Dining
CUST04492,2024-09-10,185.4,Grocery
CUST04492,2024-10-02,14.16,Electronics
CUST04492,2024-04-10,15.18,Electronics
CUST04492,2025-07-04,32.99,Grocery
CUST04492,2024-05-22,81.08,Electronics
CUST04492,2025-02-28,25.59,Travel
CUST04492,2024-11-27,17.96,Grocery
CUST04492,2024-04-01,82.46,Travel
CUST04492,2024-07-24,71.41,Dining
CUST04492,2025-03-07,32.77,Electronics
CUST04492,2024-08-22,214.34,Electronics
CUST04492,2025-06-01,24.74,Dining
CUST04492,2024-04-30,75.96,Electronics
CUST04492,2024-06-02,139.32,Travel
CUST04492,2024-11-14,21.8,Travel
CUST04492,2024-11-11,27.08,Electronics
CUST04492,2024-08-31,59.53,Electronics
CUST04492,2024-08-25,69.72,Clothing
CUST04492,2024-10-10,54.22,Grocery
CUST04492,2024-06-23,15.45,Electronics
CUST04492,2024-10-02,33.61,Dining
CUST04492,2024-11-16,60.99,Dining
CUST04492,2025-04-06,18.12,Clothing
CUST04492,2025-04-15,19.27,Grocery
CUST04492,2024-06-23,89.15,Dining
CUST04492,2025-04-16,57.26,Clothing
CUST04492,2024-05-26,139.09,Clothing
CUST04492,2024-09-10,206.63,Grocery
CUST04492,2025-06-03,30.39,Grocery
CUST04492,2025-07-18,30.91,Clothing
CUST04492,2024-03-31,58.3,Grocery
CUST04492,2025-02-24,28.28,Electronics
CUST04492,2025-06-04,7.41,Travel
CUST04492,2024-06-18,11.03,Electronics
CUST04492,2024-03-02,10.05,Travel
CUST04492,2025-03-21,16.24,Dining
CUST04492,2024-07-28,38.0,Clothing
CUST04492,2024-03-28,29.33,Grocery
CUST04492,2024-06-19,31.52,Dining
CUST04492,2024-11-09,133.16,Clothing
CUST04492,2025-01-03,137.04,Travel
CUST04492,2024-08-02,173.49,Grocery
CUST04492,2025-01-28,209.19,Electronics
CUST04492,2025-03-13,50.0,Electronics
CUST04492,2024-03-07,127.09,Electronics
CUST04492,2024-05-09,78.27,Dining
CUST04492,2024-10-17,275.81,Grocery
CUST04492,2024-11-12,41.29,Clothing
CUST04492,2024-08-30,15.72,Grocery
CUST04492,2025-01-08,5.59,Electronics
CUST04492,2024-06-25,48.72,Electronics
CUST04492,2024-04-27,83.27,Grocery
CUST04492,2025-06-11,14.81,Clothing
CUST04492,2025-02-24,177.69,Grocery
CUST04492,2025-05-05,46.17,Clothing
CUST04492,2025-03-12,163.94,Dining
CUST04492,2024-09-06,25.84,Clothing
CUST04492,2024-12-24,102.95,Grocery
CUST04492,2024-10-13,146.34,Clothing
CUST04492,2024-11-22,131.35,Travel
CUST04492,2024-08-05,43.41,Electronics
CUST04493,2025-06-03,38.36,Clothing
CUST04493,2025-07-17,129.01,Grocery
CUST04493,2025-06-07,56.23,Electronics
CUST04493,2025-06-06,23.7,Grocery
CUST04493,2025-06-25,76.68,Electronics
CUST04493,2025-06-07,18.03,Electronics
CUST04493,2025-07-17,327.74,Clothing
CUST04493,2025-07-21,144.0,Dining
CUST04493,2025-05-30,37.57,Travel
CUST04493,2025-06-02,11.48,Clothing
CUST04493,2025-06-17,28.81,Grocery
CUST04493,2025-07-30,26.6,Electronics
CUST04493,2025-06-15,154.16,Dining
CUST04493,2025-06-30,64.4,Electronics
CUST04493,2025-08-01,11.4,Clothing
CUST04493,2025-07-19,9.58,Grocery
CUST04493,2025-07-31,5.33,Travel
CUST04493,2025-06-12,264.46,Clothing
CUST04493,2025-07-07,267.93,Electronics
CUST04493,2025-06-03,33.23,Electronics
CUST04493,2025-07-15,46.95,Electronics
CUST04493,2025-07-19,9.25,Grocery
CUST04493,2025-07-16,206.07,Grocery
CUST04493,2025-06-27,135.3,Dining
CUST04493,2025-06-30,61.79,Electronics
CUST04493,2025-07-06,9.78,Grocery
CUST04493,2025-06-28,80.8,Dining
CUST04493,2025-07-26,37.42,Grocery
CUST04493,2025-06-07,51.7,Travel
CUST04493,2025-06-13,69.47,Travel
CUST04493,2025-06-22,366.35,Travel
CUST04493,2025-06-08,61.58,Grocery
CUST04493,2025-06-24,109.27,Grocery
CUST04493,2025-06-29,264.92,Electronics
CUST04493,2025-07-23,42.74,Dining
CUST04493,2025-07-27,243.38,Dining
CUST04493,2025-07-25,50.18,Electronics
CUST04493,2025-07-15,138.23,Grocery
CUST04493,2025-07-04,19.58,Travel
CUST04493,2025-07-29,230.18,Electronics
CUST04493,2025-07-27,19.01,Travel
CUST04493,2025-07-04,90.03,Dining
CUST04493,2025-05-30,56.22,Grocery
CUST04493,2025-06-15,48.09,Electronics
CUST04493,2025-07-24,217.12,Electronics
CUST04493,2025-07-08,19.52,Clothing
CUST04493,2025-06-19,28.47,Electronics
CUST04493,2025-07-04,105.59,Grocery
CUST04493,2025-07-01,42.85,Grocery
CUST04493,2025-07-12,15.72,Travel
CUST04493,2025-06-18,139.8,Electronics
CUST04493,2025-06-30,28.98,Travel
CUST04493,2025-07-03,50.96,Electronics
CUST04493,2025-06-21,46.2,Travel
CUST04493,2025-07-30,136.53,Grocery
CUST04493,2025-06-28,53.57,Clothing
CUST04493,2025-07-29,18.6,Dining
CUST04493,2025-07-02,17.0,Electronics
CUST04493,2025-06-18,145.01,Travel
CUST04493,2025-05-31,34.33,Grocery
CUST04493,2025-06-15,35.76,Grocery
CUST04493,2025-07-19,148.04,Dining
CUST04493,2025-07-09,133.06,Clothing
CUST04493,2025-05-30,113.69,Electronics
CUST04493,2025-08-01,137.15,Travel
CUST04493,2025-07-02,8.93,Clothing
CUST04493,2025-06-17,145.93,Electronics
CUST04493,2025-07-19,182.32,Electronics
CUST04493,2025-07-01,32.87,Clothing
CUST04493,2025-07-30,14.75,Clothing
CUST04493,2025-06-05,118.37,Travel
CUST04493,2025-07-09,10.39,Grocery
CUST04493,2025-07-02,197.09,Grocery
CUST04493,2025-07-29,36.97,Clothing
CUST04493,2025-07-31,128.98,Clothing
CUST04493,2025-07-03,106.15,Clothing
CUST04493,2025-06-06,6.39,Travel
CUST04493,2025-06-08,144.88,Grocery
CUST04493,2025-05-31,17.9,Clothing
CUST04493,2025-07-01,14.17,Electronics
CUST04493,2025-07-12,52.1,Clothing
CUST04493,2025-06-05,54.57,Clothing
CUST04493,2025-06-30,94.18,Dining
CUST04493,2025-06-05,61.55,Grocery
CUST04494,2025-02-25,127.21,Electronics
CUST04494,2024-10-23,24.77,Travel
CUST04494,2025-02-06,38.19,Electronics
CUST04494,2025-04-07,90.73,Grocery
CUST04494,2024-11-15,41.72,Dining
CUST04494,2024-12-16,43.2,Grocery
CUST04494,2024-10-14,185.62,Travel
CUST04494,2025-01-17,171.69,Grocery
CUST04494,2024-10-22,14.19,Clothing
CUST04494,2025-01-08,36.91,Grocery
CUST04494,2025-02-13,162.5,Electronics
CUST04494,2025-03-12,140.29,Grocery
CUST04494,2025-01-18,126.82,Clothing
CUST04494,2024-09-23,19.08,Grocery
CUST04494,2025-04-30,129.45,Dining
CUST04494,2024-10-01,104.37,Dining
CUST04494,2024-10-29,24.76,Grocery
CUST04494,2025-05-30,6.25,Dining
CUST04494,2024-11-28,102.82,Electronics
CUST04494,2025-01-23,167.93,Dining
CUST04494,2024-11-23,100.53,Dining
CUST04494,2024-08-16,176.44,Clothing
CUST04494,2024-06-10,7.9,Electronics
CUST04494,2024-06-15,133.9,Clothing
CUST04494,2025-04-04,48.46,Clothing
CUST04494,2025-03-08,47.35,Clothing
CUST04494,2024-08-04,177.53,Electronics
CUST04494,2024-07-23,45.65,Grocery
CUST04494,2025-01-09,35.4,Grocery
CUST04494,2025-05-27,12.95,Travel
CUST04494,2024-12-26,98.37,Electronics
CUST04494,2025-02-06,109.35,Grocery
CUST04494,2025-02-21,6.33,Dining
CUST04494,2024-12-20,88.64,Electronics
CUST04494,2025-02-06,366.38,Electronics
CUST04494,2025-02-02,61.13,Dining
CUST04494,2025-03-18,15.43,Travel
CUST04494,2024-12-20,42.15,Clothing
CUST04494,2024-11-28,109.81,Travel
CUST04494,2025-01-18,92.32,Clothing
CUST04494,2024-12-13,245.54,Grocery
CUST04494,2025-03-24,38.44,Dining
CUST04494,2024-10-04,51.6,Electronics
CUST04494,2025-07-21,171.6,Grocery
CUST04494,2025-01-02,74.48,Grocery
CUST04494,2025-04-12,11.36,Dining
CUST04494,2025-06-14,93.44,Travel
CUST04494,2025-03-10,11.59,Dining
CUST04494,2025-03-03,91.55,Grocery
CUST04494,2025-07-11,31.22,Clothing
CUST04494,2024-07-06,18.67,Electronics
CUST04494,2025-01-10,147.89,Dining
CUST04494,2025-06-11,94.11,Electronics
CUST04494,2025-05-11,41.65,Travel
CUST04494,2024-11-04,185.93,Clothing
CUST04494,2024-10-31,90.57,Travel
CUST04494,2024-08-05,11.15,Travel
CUST04494,2024-09-04,16.0,Dining
CUST04494,2024-10-23,81.37,Electronics
CUST04494,2025-07-14,23.3,Clothing
CUST04494,2024-10-08,171.97,Grocery
CUST04494,2025-02-19,12.48,Grocery
CUST04494,2025-07-24,5.04,Travel
CUST04494,2024-09-13,111.28,Electronics
CUST04494,2024-09-21,233.82,Travel
CUST04494,2025-01-01,11.72,Travel
CUST04494,2025-07-31,88.56,Clothing
CUST04494,2024-07-28,126.0,Dining
CUST04494,2024-12-08,41.23,Clothing
CUST04494,2025-01-22,117.33,Clothing
CUST04494,2025-05-21,40.58,Clothing
CUST04494,2025-05-20,130.0,Electronics
CUST04494,2025-07-01,16.44,Travel
CUST04494,2025-01-21,169.13,Grocery
CUST04494,2025-06-25,80.44,Clothing
CUST04494,2024-07-27,54.38,Travel
CUST04494,2025-01-03,234.63,Electronics
CUST04494,2025-04-24,127.66,Electronics
CUST04494,2024-10-21,49.75,Clothing
CUST04494,2025-04-28,53.85,Electronics
CUST04494,2024-07-22,247.78,Dining
CUST04494,2024-09-09,248.71,Dining
CUST04494,2024-07-29,97.31,Dining
CUST04494,2024-12-09,100.36,Travel
CUST04494,2024-11-05,9.72,Clothing
CUST04494,2024-11-02,206.95,Travel
CUST04494,2025-04-20,156.16,Travel
CUST04494,2024-07-01,18.79,Travel
CUST04494,2024-08-20,13.41,Grocery
CUST04494,2025-02-25,65.34,Electronics
CUST04494,2024-10-28,42.0,Travel
CUST04494,2024-07-19,47.2,Grocery
CUST04494,2025-04-08,39.16,Grocery
CUST04494,2025-03-25,37.21,Dining
CUST04494,2024-06-27,37.83,Dining
CUST04494,2025-02-03,38.87,Travel
CUST04494,2024-07-02,125.62,Dining
CUST04494,2024-07-01,22.43,Grocery
CUST04494,2025-05-09,181.19,Electronics
CUST04494,2024-09-06,7.5,Electronics
CUST04494,2025-01-06,194.7,Grocery
CUST04494,2024-08-06,20.75,Electronics
CUST04494,2024-10-11,17.45,Clothing
CUST04494,2024-07-27,25.48,Dining
CUST04494,2025-07-25,18.98,Grocery
CUST04494,2025-06-01,82.11,Electronics
CUST04495,2022-02-27,145.71,Electronics
CUST04495,2023-05-27,13.63,Clothing
CUST04495,2022-11-04,11.9,Travel
CUST04495,2024-07-23,108.92,Dining
CUST04495,2023-04-18,175.53,Clothing
CUST04495,2022-10-11,37.08,Electronics
CUST04495,2022-12-06,48.07,Grocery
CUST04495,2023-09-12,50.99,Grocery
CUST04495,2023-09-24,11.18,Electronics
CUST04495,2024-12-13,42.81,Clothing
CUST04495,2023-01-20,27.19,Travel
CUST04495,2023-11-28,24.53,Travel
CUST04495,2023-08-19,19.79,Grocery
CUST04495,2024-02-28,151.45,Clothing
CUST04495,2021-07-11,24.12,Clothing
CUST04495,2024-03-01,54.8,Dining
CUST04495,2022-09-03,19.21,Travel
CUST04495,2021-10-15,188.39,Dining
CUST04495,2024-05-07,118.44,Electronics
CUST04495,2023-06-21,8.9,Grocery
CUST04495,2024-10-25,69.47,Dining
CUST04495,2023-09-03,181.82,Electronics
CUST04495,2022-05-31,37.49,Electronics
CUST04495,2022-06-30,5.21,Grocery
CUST04495,2024-02-02,105.31,Travel
CUST04495,2023-07-01,47.92,Dining
CUST04495,2023-04-12,141.78,Grocery
CUST04495,2024-08-08,141.01,Dining
CUST04495,2023-10-14,27.43,Grocery
CUST04495,2023-07-24,98.41,Travel
CUST04495,2021-09-15,173.29,Clothing
CUST04495,2021-09-11,75.72,Electronics
CUST04495,2021-06-25,38.93,Travel
CUST04495,2023-04-25,35.24,Dining
CUST04495,2024-12-28,7.12,Grocery
CUST04495,2025-07-19,60.43,Electronics
CUST04495,2022-03-21,54.57,Travel
CUST04495,2022-01-28,10.74,Clothing
CUST04495,2025-04-14,88.09,Travel
CUST04495,2024-12-01,42.62,Dining
CUST04495,2023-05-31,250.87,Grocery
CUST04495,2024-05-03,404.17,Dining
CUST04495,2024-05-22,288.65,Dining
CUST04495,2022-04-29,258.72,Dining
CUST04495,2023-05-04,124.37,Grocery
CUST04495,2024-09-09,21.58,Travel
CUST04495,2023-01-28,69.45,Dining
CUST04495,2022-06-25,50.92,Electronics
CUST04495,2024-07-20,132.83,Travel
CUST04495,2024-10-02,55.91,Travel
CUST04495,2024-04-13,12.03,Clothing
CUST04495,2023-11-08,66.18,Electronics
CUST04495,2021-07-28,60.31,Electronics
CUST04495,2024-05-24,121.02,Travel
CUST04495,2023-07-28,84.86,Clothing
CUST04495,2024-01-24,69.57,Electronics
CUST04495,2024-05-16,35.82,Grocery
CUST04495,2022-03-07,47.35,Travel
CUST04495,2022-05-04,55.92,Grocery
CUST04495,2024-03-24,78.98,Dining
CUST04495,2023-01-05,34.75,Travel
CUST04495,2021-12-29,91.52,Travel
CUST04495,2021-06-17,36.62,Dining
CUST04495,2022-11-15,52.6,Electronics
CUST04495,2024-07-05,35.75,Grocery
CUST04495,2025-07-24,54.98,Dining
CUST04495,2023-04-02,76.53,Electronics
CUST04495,2022-07-24,80.0,Clothing
CUST04495,2024-10-02,229.22,Clothing
CUST04495,2023-05-18,74.79,Travel
CUST04495,2021-03-24,34.2,Electronics
CUST04495,2021-04-13,366.49,Grocery
CUST04495,2022-03-17,101.64,Clothing
CUST04495,2024-04-17,81.0,Clothing
CUST04495,2021-07-11,34.78,Clothing
CUST04495,2023-05-01,51.39,Grocery
CUST04495,2024-10-05,154.05,Clothing
CUST04495,2022-10-03,19.27,Dining
CUST04495,2024-02-18,67.87,Grocery
CUST04495,2023-10-04,35.7,Electronics
CUST04495,2024-02-27,100.92,Grocery
CUST04495,2022-10-13,19.48,Travel
CUST04495,2023-03-28,20.42,Grocery
CUST04495,2025-06-30,16.45,Clothing
CUST04495,2021-04-28,81.79,Clothing
CUST04495,2025-05-29,42.12,Travel
CUST04495,2024-06-08,9.45,Electronics
CUST04495,2021-04-01,25.71,Dining
CUST04495,2022-04-15,37.32,Electronics
CUST04495,2021-08-12,37.96,Electronics
CUST04495,2022-04-04,52.29,Electronics
CUST04495,2024-12-03,263.38,Dining
CUST04495,2023-09-06,77.07,Travel
CUST04496,2025-05-30,37.38,Grocery
CUST04496,2024-10-02,35.38,Grocery
CUST04496,2025-02-16,90.84,Dining
CUST04496,2024-12-14,65.72,Grocery
CUST04496,2025-04-23,138.3,Clothing
CUST04496,2025-01-28,127.99,Electronics
CUST04496,2025-01-13,70.1,Clothing
CUST04496,2024-11-06,233.48,Dining
CUST04496,2025-06-19,36.47,Clothing
CUST04496,2025-03-10,12.98,Dining
CUST04496,2025-04-06,88.08,Grocery
CUST04496,2025-01-04,15.17,Clothing
CUST04496,2025-04-11,11.09,Travel
CUST04496,2024-11-25,22.2,Clothing
CUST04496,2025-06-05,86.79,Travel
CUST04496,2025-01-01,184.31,Electronics
CUST04496,2025-02-13,47.5,Dining
CUST04496,2025-06-04,89.75,Clothing
CUST04496,2025-07-17,244.24,Clothing
CUST04496,2025-04-21,97.68,Clothing
CUST04496,2025-06-15,210.83,Dining
CUST04496,2025-04-02,50.7,Dining
CUST04496,2025-03-16,134.29,Dining
CUST04496,2024-10-02,65.32,Travel
CUST04496,2025-06-27,351.6,Grocery
CUST04496,2025-02-01,19.38,Electronics
CUST04496,2025-06-18,74.4,Clothing
CUST04496,2025-02-26,100.31,Electronics
CUST04496,2024-11-25,21.12,Electronics
CUST04496,2025-07-19,170.55,Dining
CUST04496,2025-04-15,21.16,Electronics
CUST04496,2025-01-20,23.42,Clothing
CUST04496,2025-06-20,171.05,Grocery
CUST04496,2024-12-06,17.85,Travel
CUST04496,2024-10-07,262.07,Dining
CUST04496,2025-06-05,114.34,Electronics
CUST04496,2025-07-20,85.3,Dining
CUST04496,2025-03-11,52.42,Grocery
CUST04496,2025-02-15,16.9,Travel
CUST04496,2025-02-27,79.7,Electronics
CUST04496,2024-11-25,14.17,Electronics
CUST04496,2024-11-21,45.14,Dining
CUST04496,2025-07-13,95.57,Dining
CUST04496,2025-04-15,74.93,Travel
CUST04496,2025-06-06,78.19,Dining
CUST04496,2025-04-07,17.76,Clothing
CUST04496,2025-03-24,97.07,Dining
CUST04496,2024-10-16,11.3,Electronics
CUST04496,2025-01-03,98.7,Clothing
CUST04496,2025-06-10,41.9,Dining
CUST04496,2024-11-07,27.16,Electronics
CUST04496,2025-03-06,87.73,Grocery
CUST04496,2024-11-11,112.93,Dining
CUST04496,2025-07-10,111.83,Clothing
CUST04496,2024-10-27,501.3,Clothing
CUST04496,2025-01-09,11.14,Electronics
CUST04496,2025-07-22,91.1,Clothing
CUST04496,2025-01-05,20.4,Clothing
CUST04496,2024-10-22,39.57,Clothing
CUST04496,2025-02-13,114.63,Dining
CUST04496,2025-03-30,63.23,Grocery
CUST04496,2025-03-12,31.34,Travel
CUST04496,2025-01-15,15.0,Grocery
CUST04496,2024-12-14,28.56,Grocery
CUST04496,2024-11-18,19.46,Electronics
CUST04496,2025-06-04,302.11,Clothing
CUST04496,2025-05-10,61.7,Dining
CUST04496,2024-12-16,46.47,Grocery
CUST04496,2025-02-03,30.77,Travel
CUST04496,2024-10-25,90.87,Dining
CUST04496,2024-11-29,38.66,Travel
CUST04496,2025-06-10,134.9,Grocery
CUST04496,2024-10-21,31.3,Grocery
CUST04496,2024-10-21,34.71,Dining
CUST04496,2025-03-06,83.53,Travel
CUST04496,2024-11-07,20.76,Clothing
CUST04496,2025-04-25,95.94,Clothing
CUST04496,2025-05-05,166.77,Grocery
CUST04496,2024-12-19,14.35,Grocery
CUST04496,2025-06-30,17.71,Dining
CUST04496,2025-03-16,158.73,Electronics
CUST04496,2024-10-13,35.5,Grocery
CUST04496,2024-12-14,47.68,Electronics
CUST04496,2025-04-25,16.14,Dining
CUST04496,2024-11-27,15.02,Dining
CUST04496,2024-10-27,66.57,Electronics
CUST04496,2025-05-08,110.64,Electronics
CUST04496,2024-12-17,6.41,Dining
CUST04496,2024-12-11,269.51,Grocery
CUST04496,2025-05-31,19.4,Grocery
CUST04496,2024-12-30,28.24,Electronics
CUST04496,2025-07-06,32.02,Grocery
CUST04497,2025-06-10,9.79,Clothing
CUST04497,2025-03-08,51.88,Travel
CUST04497,2025-01-03,8.91,Electronics
CUST04497,2025-07-20,19.1,Electronics
CUST04497,2024-09-09,10.33,Clothing
CUST04497,2025-04-01,281.72,Clothing
CUST04497,2025-05-29,5.75,Clothing
CUST04497,2024-05-05,49.19,Dining
CUST04497,2025-03-15,5.35,Travel
CUST04497,2024-03-31,246.51,Clothing
CUST04497,2024-10-14,124.89,Clothing
CUST04497,2024-03-20,47.77,Travel
CUST04497,2024-03-15,139.95,Travel
CUST04497,2024-08-28,34.25,Clothing
CUST04497,2025-07-14,343.35,Travel
CUST04497,2025-02-22,63.33,Clothing
CUST04497,2024-06-11,282.11,Grocery
CUST04497,2024-04-04,239.48,Grocery
CUST04497,2024-11-22,13.98,Travel
CUST04497,2024-04-13,47.4,Clothing
CUST04497,2025-05-21,52.07,Grocery
CUST04497,2025-05-31,32.39,Dining
CUST04497,2024-08-06,23.57,Clothing
CUST04497,2024-07-24,26.97,Electronics
CUST04497,2025-01-20,88.42,Travel
CUST04497,2024-04-01,19.44,Electronics
CUST04497,2025-01-20,82.66,Grocery
CUST04497,2025-01-03,44.98,Grocery
CUST04497,2025-07-12,272.05,Grocery
CUST04497,2024-06-12,104.47,Dining
CUST04497,2025-05-04,187.67,Dining
CUST04497,2024-10-08,113.37,Travel
CUST04497,2025-05-15,265.79,Travel
CUST04497,2024-11-02,115.85,Grocery
CUST04497,2024-06-02,23.1,Travel
CUST04497,2025-01-20,187.8,Grocery
CUST04497,2025-05-25,41.7,Clothing
CUST04497,2025-07-07,142.96,Electronics
CUST04497,2025-05-14,7.94,Dining
CUST04497,2025-06-09,94.07,Electronics
CUST04497,2024-06-21,122.8,Electronics
CUST04497,2024-10-21,152.3,Grocery
CUST04497,2025-06-11,24.18,Travel
CUST04497,2025-04-30,96.39,Grocery
CUST04497,2025-06-21,9.27,Dining
CUST04497,2024-09-01,147.21,Electronics
CUST04497,2025-01-29,36.13,Electronics
CUST04497,2024-10-01,132.53,Grocery
CUST04497,2024-12-21,51.4,Dining
CUST04497,2025-04-29,257.61,Clothing
CUST04497,2024-11-26,287.23,Dining
CUST04497,2025-05-21,20.72,Grocery
CUST04497,2024-04-23,44.27,Clothing
CUST04497,2024-06-13,25.46,Dining
CUST04497,2025-03-02,243.06,Clothing
CUST04497,2024-10-18,187.41,Grocery
CUST04497,2024-07-29,92.94,Clothing
CUST04497,2025-02-14,107.63,Clothing
CUST04497,2025-03-26,74.71,Electronics
CUST04497,2025-06-20,80.27,Dining
CUST04497,2024-09-21,72.49,Electronics
CUST04497,2025-03-08,11.22,Grocery
CUST04497,2024-03-22,96.0,Grocery
CUST04497,2024-03-20,47.14,Electronics
CUST04497,2024-07-11,230.57,Travel
CUST04497,2025-07-24,46.9,Travel
CUST04497,2024-06-13,78.78,Travel
CUST04497,2024-12-26,40.34,Dining
CUST04497,2024-06-12,37.75,Grocery
CUST04497,2024-09-16,37.39,Dining
CUST04497,2024-11-28,28.62,Travel
CUST04497,2024-08-17,115.9,Electronics
CUST04497,2025-02-08,45.94,Dining
CUST04497,2025-06-23,6.25,Travel
CUST04497,2024-07-26,143.59,Travel
CUST04497,2025-05-19,115.15,Clothing
CUST04497,2024-07-30,37.54,Grocery
CUST04497,2024-10-09,225.12,Grocery
CUST04497,2024-06-28,69.56,Grocery
CUST04497,2024-03-31,17.31,Grocery
CUST04497,2025-07-22,21.3,Dining
CUST04497,2025-06-04,499.95,Electronics
CUST04497,2025-07-23,70.33,Dining
CUST04497,2024-11-17,188.48,Grocery
CUST04497,2024-03-18,54.02,Electronics
CUST04497,2025-04-09,33.61,Clothing
CUST04497,2024-12-07,248.0,Dining
CUST04497,2024-03-16,189.56,Clothing
CUST04497,2024-11-29,125.9,Dining
CUST04497,2025-05-23,49.19,Electronics
CUST04497,2024-09-22,292.72,Clothing
CUST04497,2024-06-07,6.29,Electronics
CUST04497,2024-06-25,68.12,Grocery
CUST04497,2025-05-19,25.51,Travel
CUST04497,2025-02-13,103.78,Travel
CUST04497,2025-05-28,104.13,Clothing
CUST04497,2024-04-30,19.42,Dining
CUST04497,2024-08-01,66.07,Grocery
CUST04497,2025-02-05,111.11,Grocery
CUST04497,2025-07-06,74.9,Electronics
CUST04497,2024-06-18,55.01,Dining
CUST04497,2024-07-15,94.96,Clothing
CUST04497,2025-04-12,131.44,Electronics
CUST04497,2024-04-16,163.9,Electronics
CUST04497,2024-03-29,36.32,Electronics
CUST04497,2024-07-04,71.27,Travel
CUST04497,2025-06-08,109.17,Dining
CUST04498,2020-11-25,136.3,Travel
CUST04498,2022-01-29,6.74,Electronics
CUST04498,2021-09-03,41.22,Electronics
CUST04498,2024-03-05,40.5,Grocery
CUST04498,2024-03-13,42.21,Electronics
CUST04498,2023-05-20,26.21,Travel
CUST04498,2025-03-22,181.43,Grocery
CUST04498,2021-01-15,212.33,Grocery
CUST04498,2021-02-09,98.32,Electronics
CUST04498,2022-09-01,28.44,Travel
CUST04498,2023-04-07,67.33,Clothing
CUST04498,2020-09-04,228.93,Electronics
CUST04498,2021-03-06,419.98,Travel
CUST04498,2022-01-27,82.78,Travel
CUST04498,2023-04-06,89.75,Grocery
CUST04498,2021-04-07,65.64,Travel
CUST04498,2020-11-20,64.82,Grocery
CUST04498,2021-12-12,69.02,Electronics
CUST04498,2021-04-07,58.38,Clothing
CUST04498,2023-03-28,15.23,Dining
CUST04498,2023-08-09,44.6,Electronics
CUST04498,2021-07-16,79.02,Travel
CUST04498,2023-01-19,27.58,Travel
CUST04498,2023-10-05,30.35,Dining
CUST04498,2023-12-19,67.39,Clothing
CUST04498,2022-05-07,309.24,Clothing
CUST04498,2022-03-30,44.39,Travel
CUST04498,2023-11-07,10.63,Grocery
CUST04498,2021-01-16,57.42,Electronics
CUST04498,2020-11-12,27.78,Grocery
CUST04498,2021-01-05,27.91,Clothing
CUST04498,2023-08-15,19.89,Clothing
CUST04498,2024-09-26,36.95,Dining
CUST04498,2022-05-06,85.89,Clothing
CUST04498,2023-07-22,37.63,Grocery
CUST04498,2022-04-24,26.57,Clothing
CUST04498,2021-03-25,31.32,Clothing
CUST04498,2022-10-16,421.48,Electronics
CUST04498,2021-10-02,175.58,Dining
CUST04498,2025-06-25,67.98,Grocery
CUST04498,2022-02-11,56.8,Electronics
CUST04498,2024-04-08,74.51,Electronics
CUST04498,2021-01-12,38.44,Clothing
CUST04498,2021-05-25,33.42,Dining
CUST04498,2022-11-01,96.66,Travel
CUST04498,2024-11-08,48.61,Grocery
CUST04498,2021-04-19,58.5,Travel
CUST04498,2023-11-01,92.19,Dining
CUST04498,2021-07-28,166.92,Electronics
CUST04498,2024-06-10,23.08,Travel
CUST04498,2024-07-23,159.64,Travel
CUST04498,2021-03-06,125.81,Electronics
CUST04498,2023-10-10,234.06,Grocery
CUST04498,2022-05-05,25.91,Grocery
CUST04498,2021-02-21,79.24,Electronics
CUST04498,2022-04-01,51.52,Travel
CUST04498,2023-04-15,65.89,Electronics
CUST04498,2021-01-19,153.31,Travel
CUST04498,2024-09-27,16.79,Clothing
CUST04498,2022-11-27,215.38,Clothing
CUST04498,2021-07-29,57.38,Clothing
CUST04498,2024-08-09,12.4,Electronics
CUST04498,2021-05-22,49.52,Grocery
CUST04498,2025-05-29,75.6,Clothing
CUST04498,2021-10-04,434.61,Clothing
CUST04498,2025-02-16,377.28,Dining
CUST04498,2023-12-17,125.01,Grocery
CUST04498,2025-02-26,28.18,Travel
CUST04498,2023-04-10,89.34,Electronics
CUST04498,2023-01-02,32.41,Clothing
CUST04498,2021-08-20,179.53,Dining
CUST04498,2023-11-10,160.07,Dining
CUST04498,2023-10-23,10.52,Electronics
CUST04498,2024-12-01,6.82,Grocery
CUST04498,2025-02-01,15.88,Grocery
CUST04498,2022-01-13,146.99,Electronics
CUST04498,2023-10-28,22.78,Travel
CUST04498,2023-07-11,116.0,Travel
CUST04498,2024-10-04,63.51,Clothing
CUST04498,2024-11-24,171.84,Travel
CUST04498,2021-08-06,62.96,Grocery
CUST04498,2023-02-01,293.92,Clothing
CUST04498,2024-05-09,85.25,Dining
CUST04498,2025-01-09,12.48,Travel
CUST04498,2023-04-07,17.22,Clothing
CUST04498,2022-08-07,174.7,Electronics
CUST04498,2024-10-04,53.13,Electronics
CUST04498,2021-12-24,29.26,Clothing
CUST04498,2024-10-24,180.98,Dining
CUST04498,2024-02-07,21.98,Grocery
CUST04498,2021-02-18,8.69,Grocery
CUST04498,2025-05-09,329.64,Electronics
CUST04498,2021-09-30,139.16,Electronics
CUST04498,2025-01-08,31.26,Electronics
CUST04498,2025-07-06,33.74,Grocery
CUST04498,2024-10-19,244.31,Clothing
CUST04498,2025-06-09,77.84,Grocery
CUST04498,2022-07-27,72.65,Grocery
CUST04498,2021-06-17,140.99,Clothing
CUST04498,2022-07-19,95.29,Electronics
CUST04498,2023-08-17,12.2,Grocery
CUST04498,2022-02-07,55.95,Travel
CUST04498,2024-05-16,66.22,Electronics
CUST04498,2024-09-10,97.9,Electronics
CUST04498,2020-10-11,91.2,Grocery
CUST04498,2021-02-24,52.88,Electronics
CUST04498,2022-06-30,9.26,Travel
CUST04498,2022-04-14,10.98,Travel
CUST04499,2023-08-03,80.39,Travel
CUST04499,2025-06-14,47.48,Clothing
CUST04499,2025-07-22,95.15,Electronics
CUST04499,2024-11-20,36.68,Grocery
CUST04499,2025-05-25,93.77,Travel
CUST04499,2023-12-06,113.04,Grocery
CUST04499,2023-11-07,237.92,Travel
CUST04499,2025-07-22,17.58,Travel
CUST04499,2024-06-15,81.51,Grocery
CUST04499,2025-02-05,132.52,Clothing
CUST04499,2025-06-10,37.21,Electronics
CUST04499,2023-11-07,131.53,Dining
CUST04499,2023-01-28,145.5,Clothing
CUST04499,2023-07-17,87.66,Clothing
CUST04499,2023-10-15,92.18,Grocery
CUST04499,2025-07-03,83.18,Dining
CUST04499,2025-04-13,30.99,Electronics
CUST04499,2024-03-17,22.24,Clothing
CUST04499,2023-09-24,93.31,Electronics
CUST04499,2023-06-16,281.86,Dining
CUST04499,2025-03-26,16.21,Electronics
CUST04499,2023-02-19,826.5,Travel
CUST04499,2024-03-08,63.07,Dining
CUST04499,2025-03-26,85.64,Grocery
CUST04499,2024-07-31,26.08,Grocery
CUST04499,2024-12-03,138.08,Travel
CUST04499,2024-01-25,68.45,Grocery
CUST04499,2023-12-17,62.89,Travel
CUST04499,2023-08-07,53.74,Grocery
CUST04499,2025-05-30,24.47,Grocery
CUST04499,2023-09-03,152.14,Dining
CUST04499,2023-03-01,54.15,Electronics
CUST04499,2024-01-23,17.47,Travel
CUST04499,2024-09-01,38.72,Clothing
CUST04499,2025-05-05,168.69,Dining
CUST04499,2025-04-06,146.07,Travel
CUST04499,2024-03-07,248.23,Clothing
CUST04499,2024-06-08,266.69,Clothing
CUST04499,2024-07-14,155.67,Grocery
CUST04499,2023-12-06,171.9,Electronics
CUST04499,2024-01-04,115.08,Grocery
CUST04499,2025-07-09,32.91,Travel
CUST04499,2024-11-03,49.26,Electronics
CUST04499,2025-05-22,32.77,Electronics
CUST04499,2025-05-31,37.75,Dining
CUST04499,2023-10-08,104.91,Clothing
CUST04499,2024-07-14,49.38,Dining
CUST04499,2023-12-18,60.03,Grocery
CUST04499,2023-10-12,53.57,Grocery
CUST04499,2023-09-14,74.14,Electronics
CUST04499,2024-08-06,39.5,Grocery
CUST04499,2023-05-09,22.07,Grocery
CUST04499,2025-05-28,251.72,Clothing
CUST04499,2025-02-16,45.5,Travel
CUST04499,2024-08-28,19.64,Dining
CUST04499,2023-12-12,213.96,Dining
CUST04499,2024-01-26,6.4,Dining
CUST04499,2024-07-06,124.6,Grocery
CUST04499,2023-04-27,21.82,Electronics
CUST04499,2024-12-24,8.45,Dining
CUST04499,2024-10-20,175.51,Clothing
CUST04499,2025-06-21,61.04,Clothing
CUST04499,2025-07-19,47.8,Dining
CUST04499,2025-02-25,44.15,Dining
CUST04499,2024-12-03,134.52,Clothing
CUST04499,2023-04-08,318.13,Travel
CUST04499,2024-10-25,10.76,Travel
CUST04499,2024-06-17,15.32,Clothing
CUST04499,2023-02-08,260.13,Electronics
CUST04499,2025-04-07,192.83,Clothing
CUST04499,2023-04-09,178.65,Electronics
CUST04499,2023-11-09,177.97,Travel
CUST04499,2024-03-31,105.66,Clothing
CUST04499,2025-01-05,28.26,Grocery
CUST04499,2024-08-22,99.84,Grocery
CUST04499,2025-03-15,28.69,Electronics
CUST04499,2024-11-24,108.8,Clothing
CUST04499,2024-01-21,203.05,Grocery
CUST04499,2023-08-05,75.03,Clothing
CUST04499,2024-07-17,87.02,Travel
CUST04499,2024-06-18,101.4,Clothing
CUST04499,2023-01-24,28.16,Electronics
CUST04499,2024-09-13,142.49,Electronics
CUST04499,2024-03-18,126.43,Clothing
CUST04499,2023-08-10,28.49,Grocery
CUST04499,2024-02-12,173.4,Clothing
CUST04499,2025-01-31,124.33,Dining
CUST04499,2024-04-21,7.96,Dining
CUST04499,2025-02-08,361.87,Travel
CUST04499,2024-01-06,71.4,Electronics
CUST04499,2025-06-28,65.48,Electronics
CUST04499,2024-12-20,18.6,Electronics
CUST04499,2023-06-28,33.76,Travel
CUST04499,2023-11-21,36.17,Dining
CUST04499,2025-04-21,34.7,Travel
CUST04499,2024-12-06,121.14,Grocery
CUST04499,2024-09-14,40.47,Dining
CUST04499,2024-05-06,167.57,Clothing
CUST04499,2023-07-20,291.77,Electronics
CUST04499,2025-02-22,263.16,Grocery
CUST04499,2023-07-07,114.43,Electronics
CUST04499,2023-10-13,82.31,Travel
CUST04499,2024-01-20,47.71,Grocery
CUST04499,2023-10-16,273.24,Grocery
CUST04499,2023-05-24,217.31,Clothing
CUST04499,2025-01-11,115.91,Dining
CUST04499,2025-05-24,421.93,Electronics
CUST04499,2023-04-10,54.64,Grocery
CUST04499,2024-11-10,135.59,Clothing
CUST04499,2023-10-13,5.78,Electronics
CUST04499,2024-12-03,31.44,Electronics
CUST04499,2024-04-12,19.82,Electronics
CUST04499,2023-08-16,19.15,Travel
CUST04499,2024-08-27,195.77,Travel
CUST04499,2023-08-03,62.0,Electronics
CUST04500,2024-12-12,166.91,Travel
CUST04500,2025-05-06,39.74,Electronics
CUST04500,2025-05-14,258.04,Electronics
CUST04500,2024-04-28,76.6,Travel
CUST04500,2024-10-22,60.66,Grocery
CUST04500,2025-07-02,22.7,Electronics
CUST04500,2024-05-22,29.75,Clothing
CUST04500,2025-06-09,89.08,Grocery
CUST04500,2024-12-18,5.75,Electronics
CUST04500,2024-08-04,85.45,Grocery
CUST04500,2024-12-16,78.01,Electronics
CUST04500,2025-03-21,204.5,Grocery
CUST04500,2025-02-05,10.19,Grocery
CUST04500,2024-11-16,294.42,Electronics
CUST04500,2024-04-14,274.49,Dining
CUST04500,2025-05-28,53.06,Grocery
CUST04500,2025-05-06,23.77,Electronics
CUST04500,2025-02-02,25.72,Clothing
CUST04500,2025-07-14,159.23,Travel
CUST04500,2024-10-17,30.55,Grocery
CUST04500,2024-12-02,37.22,Travel
CUST04500,2024-08-16,71.69,Dining
CUST04500,2024-05-11,430.93,Electronics
CUST04500,2025-05-09,48.31,Dining
CUST04500,2025-04-13,84.31,Dining
CUST04500,2025-01-21,32.17,Grocery
CUST04500,2024-10-05,410.69,Clothing
CUST04500,2024-11-20,115.45,Grocery
CUST04500,2024-07-14,64.48,Grocery
CUST04500,2024-05-01,80.35,Electronics
CUST04500,2024-08-03,112.05,Dining
CUST04500,2025-07-09,72.69,Dining
CUST04500,2024-09-01,217.93,Travel
CUST04500,2024-10-11,54.13,Dining
CUST04500,2024-11-23,53.6,Clothing
CUST04500,2025-07-25,94.17,Grocery
CUST04500,2024-06-11,22.76,Dining
CUST04500,2025-05-14,54.63,Clothing
CUST04500,2024-09-17,118.56,Clothing
CUST04500,2025-03-20,125.88,Dining
CUST04500,2024-12-04,44.53,Travel
CUST04500,2024-04-16,14.17,Clothing
CUST04500,2024-08-17,179.82,Grocery
CUST04500,2024-06-26,165.99,Electronics
CUST04500,2025-07-15,10.56,Electronics
CUST04500,2024-06-07,115.31,Travel
CUST04500,2025-07-24,127.21,Travel
CUST04500,2024-12-17,29.53,Grocery
CUST04500,2025-06-24,34.49,Electronics
CUST04500,2025-04-19,31.54,Travel
CUST04500,2024-11-21,116.18,Travel
CUST04500,2024-07-22,373.78,Grocery
CUST04500,2024-07-13,30.99,Electronics
CUST04500,2024-10-16,5.12,Clothing
CUST04500,2024-09-25,11.44,Clothing
CUST04500,2025-07-27,27.28,Electronics
CUST04500,2024-09-21,34.23,Electronics
CUST04500,2024-09-01,6.18,Travel
CUST04500,2024-06-14,238.59,Travel
CUST04500,2024-05-04,48.61,Grocery
CUST04500,2025-05-18,148.6,Grocery
CUST04500,2024-07-26,9.29,Grocery
CUST04500,2025-06-24,51.24,Dining
CUST04500,2025-07-04,99.16,Grocery
CUST04500,2025-08-01,104.58,Clothing
CUST04500,2025-07-19,21.96,Clothing
CUST04500,2024-05-12,61.08,Dining
CUST04500,2024-04-26,106.97,Grocery
CUST04500,2025-06-05,180.0,Grocery
CUST04500,2025-03-18,61.15,Dining
CUST04500,2025-03-20,17.27,Travel
CUST04500,2025-02-12,17.6,Electronics
CUST04500,2024-11-01,52.96,Travel
CUST04500,2025-07-14,130.5,Electronics
CUST04500,2025-07-02,13.78,Dining
CUST04500,2024-05-02,42.89,Electronics
CUST04500,2025-05-05,42.27,Travel
CUST04500,2024-12-10,164.13,Travel
CUST04500,2025-01-31,120.69,Dining
CUST04500,2024-06-14,66.85,Grocery
CUST04500,2024-09-18,34.16,Dining
CUST04500,2025-08-01,42.07,Travel
CUST04500,2025-05-09,194.64,Grocery
CUST04500,2025-04-01,77.01,Electronics
CUST04500,2024-06-10,340.55,Grocery
CUST04500,2024-05-02,5.36,Clothing
CUST04500,2025-04-11,106.1,Travel
CUST04500,2024-09-12,191.56,Travel
CUST04500,2024-10-14,222.11,Clothing
CUST04500,2025-02-05,73.36,Clothing
CUST04500,2025-07-04,27.49,Electronics
CUST04500,2024-10-31,300.5,Clothing
CUST04500,2024-11-18,8.19,Travel
CUST04500,2025-07-15,13.12,Electronics
CUST04501,2022-03-23,38.96,Electronics
CUST04501,2024-10-30,36.77,Clothing
CUST04501,2022-07-07,20.53,Travel
CUST04501,2022-06-06,99.63,Electronics
CUST04501,2023-07-20,20.86,Travel
CUST04501,2024-07-31,37.57,Electronics
CUST04501,2024-08-05,79.08,Electronics
CUST04501,2023-11-19,217.38,Dining
CUST04501,2023-03-10,69.97,Dining
CUST04501,2023-08-05,58.35,Dining
CUST04501,2024-12-21,39.59,Dining
CUST04501,2025-02-06,26.4,Electronics
CUST04501,2024-01-20,29.84,Electronics
CUST04501,2022-05-10,44.04,Dining
CUST04501,2024-01-30,29.79,Grocery
CUST04501,2024-03-21,24.5,Travel
CUST04501,2022-03-17,65.47,Dining
CUST04501,2022-07-16,42.81,Dining
CUST04501,2023-06-26,177.34,Clothing
CUST04501,2023-01-23,21.81,Electronics
CUST04501,2024-10-18,8.48,Clothing
CUST04501,2023-09-30,13.54,Travel
CUST04501,2024-06-21,81.06,Dining
CUST04501,2022-05-08,27.02,Dining
CUST04501,2024-04-06,276.27,Clothing
CUST04501,2023-03-05,34.43,Clothing
CUST04501,2024-12-18,33.35,Grocery
CUST04501,2025-04-10,62.17,Grocery
CUST04501,2022-03-03,84.68,Dining
CUST04501,2023-02-01,78.04,Dining
CUST04501,2023-06-02,247.6,Clothing
CUST04501,2022-06-29,57.83,Dining
CUST04501,2024-08-06,92.67,Travel
CUST04501,2025-01-07,131.57,Grocery
CUST04501,2023-06-08,68.57,Dining
CUST04501,2022-10-06,179.79,Grocery
CUST04501,2024-06-10,64.14,Clothing
CUST04501,2023-04-28,22.48,Grocery
CUST04501,2023-05-10,22.27,Clothing
CUST04501,2022-07-01,76.84,Grocery
CUST04501,2023-05-13,54.77,Grocery
CUST04501,2025-04-07,233.2,Electronics
CUST04501,2022-07-04,154.09,Clothing
CUST04501,2024-06-13,31.91,Grocery
CUST04501,2022-02-10,8.65,Clothing
CUST04501,2023-04-20,21.37,Grocery
CUST04501,2023-03-24,9.61,Travel
CUST04501,2022-04-02,12.44,Grocery
CUST04501,2023-11-03,69.34,Dining
CUST04501,2024-06-20,22.65,Electronics
CUST04501,2023-08-15,180.68,Dining
CUST04501,2023-01-05,77.18,Travel
CUST04501,2025-07-21,30.5,Grocery
CUST04501,2022-06-28,26.27,Electronics
CUST04501,2023-03-11,6.44,Dining
CUST04501,2024-04-28,95.63,Dining
CUST04501,2024-05-29,73.78,Travel
CUST04501,2024-01-19,101.55,Clothing
CUST04501,2025-07-06,146.6,Dining
CUST04501,2022-07-15,48.34,Grocery
CUST04501,2025-03-30,292.56,Clothing
CUST04501,2024-10-26,140.25,Grocery
CUST04501,2023-07-27,27.91,Dining
CUST04501,2025-02-08,104.6,Travel
CUST04501,2022-07-24,84.81,Clothing
CUST04501,2023-11-10,186.83,Clothing
CUST04501,2024-12-08,28.05,Clothing
CUST04501,2022-11-01,28.52,Electronics
CUST04501,2025-07-17,84.41,Grocery
CUST04501,2022-11-18,5.69,Clothing
CUST04501,2023-11-06,20.45,Electronics
CUST04501,2023-12-14,127.07,Travel
CUST04501,2024-05-03,32.29,Electronics
CUST04501,2022-12-14,47.47,Electronics
CUST04501,2024-12-01,44.05,Clothing
CUST04501,2022-07-14,61.28,Clothing
CUST04501,2023-06-21,57.8,Travel
CUST04501,2024-01-04,53.91,Travel
CUST04501,2023-11-09,131.18,Clothing
CUST04501,2024-06-26,265.57,Electronics
CUST04501,2023-02-19,44.74,Travel
CUST04501,2025-06-05,41.62,Clothing
CUST04501,2024-05-22,52.0,Travel
CUST04501,2025-03-19,172.27,Travel
CUST04501,2023-02-07,18.3,Travel
CUST04501,2024-05-14,261.44,Clothing
CUST04501,2022-06-28,77.44,Dining
CUST04501,2023-06-01,30.85,Electronics
CUST04501,2024-02-25,83.17,Dining
CUST04501,2025-01-25,66.51,Travel
CUST04501,2024-08-03,80.0,Clothing
CUST04501,2024-10-23,6.85,Travel
CUST04501,2024-02-25,28.55,Clothing
CUST04501,2023-08-29,21.49,Travel
CUST04501,2024-08-11,14.3,Travel
CUST04501,2023-10-31,73.99,Grocery
CUST04501,2024-12-13,36.02,Grocery
CUST04501,2025-06-08,66.78,Grocery
CUST04501,2024-08-15,366.33,Clothing
CUST04501,2023-03-09,16.6,Grocery
CUST04501,2022-05-06,5.66,Dining
CUST04501,2022-06-04,59.23,Clothing
CUST04501,2024-07-09,265.72,Electronics
CUST04501,2024-02-01,27.85,Grocery
CUST04501,2024-10-23,32.66,Travel
CUST04502,2023-01-12,47.95,Grocery
CUST04502,2024-12-22,53.67,Grocery
CUST04502,2023-02-09,34.62,Dining
CUST04502,2023-02-17,69.88,Dining
CUST04502,2021-12-29,12.36,Dining
CUST04502,2024-03-10,218.14,Clothing
CUST04502,2023-01-30,67.83,Travel
CUST04502,2021-12-11,17.84,Travel
CUST04502,2023-02-02,30.29,Clothing
CUST04502,2023-12-30,39.7,Travel
CUST04502,2023-11-24,56.74,Grocery
CUST04502,2022-06-12,22.25,Electronics
CUST04502,2022-02-24,103.25,Travel
CUST04502,2025-07-30,181.87,Electronics
CUST04502,2025-04-02,474.69,Dining
CUST04502,2023-08-25,31.72,Clothing
CUST04502,2024-04-11,18.66,Grocery
CUST04502,2023-01-11,41.18,Dining
CUST04502,2022-04-12,108.21,Dining
CUST04502,2024-09-16,9.4,Travel
CUST04502,2024-05-13,93.08,Travel
CUST04502,2023-03-19,61.03,Grocery
CUST04502,2024-05-25,14.68,Dining
CUST04502,2022-07-12,35.0,Travel
CUST04502,2024-09-08,32.36,Grocery
CUST04502,2024-11-05,19.86,Travel
CUST04502,2023-03-06,14.08,Dining
CUST04502,2023-04-09,71.06,Electronics
CUST04502,2024-07-10,73.03,Dining
CUST04502,2023-01-14,146.86,Dining
CUST04502,2023-04-06,99.65,Electronics
CUST04502,2022-03-19,19.95,Clothing
CUST04502,2025-03-30,131.49,Dining
CUST04502,2022-01-01,6.09,Electronics
CUST04502,2023-05-15,78.41,Grocery
CUST04502,2024-05-19,109.77,Clothing
CUST04502,2023-08-29,288.21,Grocery
CUST04502,2022-06-20,27.28,Dining
CUST04502,2025-02-24,176.94,Grocery
CUST04502,2022-06-24,15.59,Dining
CUST04502,2025-05-01,104.11,Travel
CUST04502,2022-04-13,165.03,Travel
CUST04502,2025-07-20,9.41,Travel
CUST04502,2025-05-07,7.04,Dining
CUST04502,2025-03-10,21.53,Grocery
CUST04502,2022-06-26,74.34,Travel
CUST04502,2024-07-04,100.69,Travel
CUST04502,2022-07-06,122.37,Clothing
CUST04502,2022-07-14,38.54,Dining
CUST04502,2023-10-12,39.55,Dining
CUST04502,2023-04-15,38.09,Clothing
CUST04502,2022-04-29,12.89,Travel
CUST04502,2024-10-24,15.08,Electronics
CUST04502,2024-04-14,96.79,Travel
CUST04502,2022-08-10,8.43,Clothing
CUST04502,2024-09-03,149.01,Grocery
CUST04502,2022-05-13,22.69,Clothing
CUST04502,2025-03-17,624.91,Electronics
