customer_id,txn_date,amount,category
CUST00000,2024-02-15,16.88,Travel
CUST00000,2022-09-26,65.51,Electronics
CUST00000,2024-06-12,23.34,Travel
CUST00000,2023-01-20,203.69,Dining
CUST00000,2022-12-01,16.27,Grocery
CUST00000,2023-11-02,128.84,Dining
CUST00000,2024-11-19,14.07,Grocery
CUST00000,2024-07-03,83.17,Travel
CUST00000,2024-03-06,121.54,Dining
CUST00000,2022-12-15,63.47,Grocery
CUST00000,2025-03-17,15.08,Dining
CUST00000,2025-03-02,5.93,Dining
CUST00000,2023-02-17,10.3,Electronics
CUST00000,2024-05-08,86.9,Electronics
CUST00000,2025-06-22,34.24,Electronics
CUST00000,2025-03-07,75.16,Clothing
CUST00000,2023-01-06,127.78,Grocery
CUST00000,2023-09-02,48.41,Dining
CUST00000,2024-04-28,26.34,Grocery
CUST00000,2025-06-11,291.63,Clothing
CUST00000,2022-11-16,274.61,Electronics
CUST00000,2025-01-14,59.76,Grocery
CUST00000,2024-06-02,207.88,Clothing
CUST00000,2025-04-10,149.42,Travel
CUST00000,2024-10-22,102.84,Electronics
CUST00000,2025-01-30,264.83,Travel
CUST00000,2023-02-22,44.63,Electronics
CUST00000,2024-12-09,110.73,Clothing
CUST00000,2024-02-07,47.13,Dining
CUST00000,2024-07-03,22.79,Travel
CUST00000,2024-03-01,23.45,Clothing
CUST00000,2023-12-25,179.53,Grocery
CUST00000,2025-02-21,44.13,Dining
CUST00000,2025-06-19,117.73,Dining
CUST00000,2025-07-01,106.54,Clothing
CUST00000,2023-03-27,68.44,Electronics
CUST00000,2024-11-11,22.34,Electronics
CUST00000,2024-11-19,47.7,Electronics
CUST00000,2023-10-25,62.19,Dining
CUST00000,2024-07-11,5.63,Grocery
CUST00000,2025-07-01,84.21,Travel
CUST00000,2022-12-15,181.99,Travel
CUST00000,2022-12-31,14.23,Travel
CUST00000,2024-01-29,26.36,Travel
CUST00000,2023-03-25,22.48,Travel
CUST00000,2025-01-31,365.38,Travel
CUST00000,2023-07-25,72.09,Travel
CUST00000,2024-01-03,262.12,Grocery
CUST00000,2023-06-02,36.2,Dining
CUST00000,2025-01-14,154.16,Electronics
CUST00000,2023-09-30,118.74,Clothing
CUST00000,2024-05-15,9.08,Grocery
CUST00000,2023-04-08,206.08,Clothing
CUST00000,2024-03-20,7.81,Travel
CUST00000,2022-10-18,56.49,Travel
CUST00000,2023-01-27,136.35,Grocery
CUST00000,2024-09-11,52.23,Travel
CUST00000,2022-11-23,167.39,Grocery
CUST00000,2022-12-27,127.83,Clothing
CUST00000,2025-02-02,61.61,Clothing
CUST00000,2025-04-19,56.58,Electronics
CUST00000,2024-01-17,39.91,Clothing
CUST00000,2023-12-04,145.03,Grocery
CUST00000,2024-08-18,87.62,Clothing
CUST00000,2024-12-31,35.16,Dining
CUST00000,2023-07-15,18.86,Clothing
CUST00000,2022-09-05,17.84,Dining
CUST00000,2025-07-10,52.8,Grocery
CUST00000,2023-11-07,184.88,Travel
CUST00000,2023-04-01,60.22,Dining
CUST00000,2023-11-11,219.92,Travel
CUST00000,2023-08-28,97.39,Grocery
CUST00000,2025-05-15,36.51,Clothing
CUST00000,2024-03-18,46.01,Electronics
CUST00000,2025-04-22,38.23,Grocery
CUST00000,2024-04-02,356.57,Grocery
CUST00000,2023-06-26,14.58,Clothing
CUST00000,2024-05-13,79.54,Clothing
CUST00000,2023-01-16,18.65,Grocery
CUST00000,2024-07-05,130.0,Electronics
CUST00000,2025-04-10,5.42,Clothing
CUST00000,2022-10-12,9.3,Electronics
CUST00000,2025-03-06,171.77,Clothing
CUST00000,2023-10-03,155.42,Clothing
CUST00000,2024-12-27,51.61,Grocery
CUST00000,2025-03-16,124.69,Grocery
CUST00000,2024-05-08,43.5,Dining
CUST00000,2022-11-24,9.59,Grocery
CUST00000,2023-11-08,116.55,Travel
CUST00000,2025-06-15,129.46,Electronics
CUST00000,2022-11-21,77.65,Clothing
CUST00000,2024-12-12,158.96,Electronics
CUST00000,2024-10-24,365.4,Electronics
CUST00000,2023-12-28,42.46,Clothing
CUST00000,2022-09-06,46.92,Travel
CUST00000,2023-05-19,453.2,Dining
CUST00000,2025-03-23,134.67,Travel
CUST00000,2024-05-26,77.33,Grocery
CUST00000,2022-09-26,13.04,Grocery
CUST00000,2024-09-11,84.97,Grocery
CUST00000,2022-09-29,28.03,Dining
CUST00000,2024-10-27,99.42,Dining
CUST00000,2023-03-24,62.9,Electronics
CUST00000,2023-07-14,41.6,Grocery
CUST00000,2025-07-15,26.0,Travel
CUST00000,2024-04-08,146.95,Travel
CUST00000,2023-06-29,130.0,Clothing
CUST00000,2024-08-09,58.49,Grocery
CUST00000,2024-10-12,40.79,Electronics
CUST00000,2023-12-18,171.99,Travel
CUST00000,2022-12-13,50.65,Dining
CUST00000,2023-10-10,16.77,Grocery
CUST00000,2023-08-16,252.52,Dining
CUST00000,2025-03-11,43.49,Dining
CUST00001,2023-09-04,34.32,Electronics
CUST00001,2025-06-20,109.22,Grocery
CUST00001,2023-07-19,41.29,Clothing
CUST00001,2024-06-26,161.86,Electronics
CUST00001,2023-10-30,34.39,Electronics
CUST00001,2024-04-05,12.82,Travel
CUST00001,2025-03-24,11.18,Travel
CUST00001,2025-03-30,63.56,Electronics
CUST00001,2024-12-22,69.09,Dining
CUST00001,2023-06-03,52.17,Clothing
CUST00001,2025-02-21,24.01,Electronics
CUST00001,2024-09-17,101.88,Grocery
CUST00001,2025-07-05,160.06,Travel
CUST00001,2024-02-25,12.66,Electronics
CUST00001,2024-01-18,71.66,Clothing
CUST00001,2024-07-13,10.58,Dining
CUST00001,2023-09-10,25.45,Clothing
CUST00001,2023-12-02,19.66,Clothing
CUST00001,2023-06-18,23.73,Dining
CUST00001,2025-03-20,33.31,Dining
CUST00001,2024-06-01,213.48,Dining
CUST00001,2023-08-08,167.72,Electronics
CUST00001,2024-07-26,105.86,Travel
CUST00001,2023-05-15,90.51,Clothing
CUST00001,2024-09-12,9.94,Clothing
CUST00001,2023-06-22,16.01,Electronics
CUST00001,2025-07-17,83.61,Clothing
CUST00001,2023-10-27,37.05,Dining
CUST00001,2023-09-30,44.84,Electronics
CUST00001,2025-04-12,60.65,Clothing
CUST00001,2025-04-09,47.28,Electronics
CUST00001,2023-04-03,90.79,Clothing
CUST00001,2025-03-24,68.15,Dining
CUST00001,2023-05-08,59.45,Electronics
CUST00001,2025-02-25,53.71,Travel
CUST00001,2024-12-15,77.69,Travel
CUST00001,2023-03-19,20.15,Clothing
CUST00001,2025-06-15,7.84,Electronics
CUST00001,2025-01-11,7.9,Clothing
CUST00001,2025-07-10,79.04,Grocery
CUST00001,2023-05-26,34.38,Dining
CUST00001,2023-10-26,131.59,Dining
CUST00001,2023-09-29,35.11,Travel
CUST00001,2024-02-28,317.68,Travel
CUST00001,2024-10-16,104.52,Grocery
CUST00001,2023-03-27,190.63,Grocery
CUST00001,2024-07-04,114.12,Grocery
CUST00001,2025-01-23,348.0,Travel
CUST00001,2024-09-13,77.33,Electronics
CUST00001,2024-10-13,23.84,Clothing
CUST00001,2023-06-07,112.09,Electronics
CUST00001,2024-07-30,48.03,Electronics
CUST00001,2024-03-03,73.57,Travel
CUST00001,2023-03-19,63.48,Clothing
CUST00001,2024-07-22,23.02,Clothing
CUST00001,2025-01-22,82.38,Grocery
CUST00001,2025-01-30,14.65,Electronics
CUST00001,2025-01-16,48.76,Electronics
CUST00001,2023-04-10,173.26,Grocery
CUST00001,2024-12-20,54.47,Electronics
CUST00001,2024-09-06,50.79,Travel
CUST00001,2024-10-21,23.75,Grocery
CUST00001,2023-11-16,40.79,Electronics
CUST00001,2023-10-27,68.4,Electronics
CUST00001,2023-12-13,15.95,Dining
CUST00001,2025-02-26,34.1,Dining
CUST00001,2025-04-29,23.79,Electronics
CUST00001,2025-02-02,47.97,Dining
CUST00001,2024-06-22,144.07,Grocery
CUST00001,2023-03-03,65.5,Clothing
CUST00001,2024-03-12,66.82,Dining
CUST00001,2023-05-17,85.22,Clothing
CUST00001,2025-06-28,96.0,Clothing
CUST00001,2024-06-29,21.96,Dining
CUST00001,2025-07-12,67.01,Travel
CUST00001,2025-01-04,46.77,Clothing
CUST00001,2024-04-12,33.28,Travel
CUST00001,2024-12-16,33.13,Grocery
CUST00001,2024-09-25,49.9,Grocery
CUST00001,2023-06-17,353.07,Electronics
CUST00001,2025-07-24,64.95,Clothing
CUST00001,2024-08-26,60.09,Grocery
CUST00001,2023-06-28,64.37,Travel
CUST00001,2023-07-04,165.71,Dining
CUST00001,2024-02-27,12.82,Electronics
CUST00001,2024-12-06,61.75,Travel
CUST00001,2024-07-19,35.82,Electronics
CUST00001,2023-02-13,25.07,Travel
CUST00001,2025-03-13,9.42,Grocery
CUST00001,2024-09-12,5.93,Grocery
CUST00001,2025-01-10,517.73,Grocery
CUST00001,2025-03-28,49.47,Clothing
CUST00001,2024-08-21,40.46,Grocery
CUST00001,2024-04-29,42.49,Electronics
CUST00001,2023-09-07,52.27,Dining
CUST00001,2024-04-16,193.1,Travel
CUST00001,2024-08-18,73.92,Travel
CUST00001,2023-04-24,176.95,Travel
CUST00001,2023-05-21,39.72,Clothing
CUST00001,2023-04-10,18.03,Electronics
CUST00001,2023-05-03,8.92,Dining
CUST00001,2025-07-10,24.46,Dining
CUST00002,2024-08-26,28.43,Grocery
CUST00002,2024-10-31,129.35,Dining
CUST00002,2025-07-01,77.23,Grocery
CUST00002,2025-01-01,118.16,Electronics
CUST00002,2024-10-29,70.57,Electronics
CUST00002,2024-07-07,35.88,Travel
CUST00002,2025-03-27,122.91,Travel
CUST00002,2025-02-20,115.35,Electronics
CUST00002,2024-07-14,81.69,Grocery
CUST00002,2024-10-25,59.52,Grocery
CUST00002,2024-11-13,12.14,Travel
CUST00002,2024-09-12,28.99,Travel
CUST00002,2025-01-24,102.35,Dining
CUST00002,2024-10-29,20.23,Electronics
CUST00002,2024-08-05,68.2,Dining
CUST00002,2024-12-05,21.03,Clothing
CUST00002,2024-06-07,59.05,Dining
CUST00002,2024-10-09,125.08,Clothing
CUST00002,2025-02-04,85.99,Grocery
CUST00002,2025-05-08,204.82,Grocery
CUST00002,2024-09-12,14.44,Dining
CUST00002,2024-10-27,82.4,Electronics
CUST00002,2025-01-18,155.62,Dining
CUST00002,2024-06-15,97.54,Travel
CUST00002,2024-10-08,151.87,Grocery
CUST00002,2024-10-22,85.66,Travel
CUST00002,2024-09-16,45.46,Dining
CUST00002,2024-06-08,95.7,Clothing
CUST00002,2025-03-15,168.99,Dining
CUST00002,2025-06-21,10.51,Electronics
CUST00002,2025-06-22,144.8,Grocery
CUST00002,2024-04-16,31.85,Dining
CUST00002,2025-07-17,54.86,Electronics
CUST00002,2024-04-27,46.21,Electronics
CUST00002,2024-12-05,45.35,Clothing
CUST00002,2024-09-18,132.8,Electronics
CUST00002,2025-06-01,20.32,Dining
CUST00002,2025-04-01,57.32,Travel
CUST00002,2024-08-01,105.72,Travel
CUST00002,2024-05-18,97.05,Dining
CUST00002,2024-05-07,50.23,Clothing
CUST00002,2024-11-22,15.33,Clothing
CUST00002,2025-07-20,184.08,Grocery
CUST00002,2024-04-14,19.66,Travel
CUST00002,2025-04-20,108.04,Clothing
CUST00002,2024-11-14,190.61,Travel
CUST00002,2024-11-22,32.35,Grocery
CUST00002,2025-05-21,203.65,Dining
CUST00002,2024-09-15,253.86,Grocery
CUST00002,2024-08-29,129.43,Clothing
CUST00002,2025-05-05,127.4,Clothing
CUST00002,2025-04-13,75.28,Dining
CUST00002,2024-07-14,91.73,Electronics
CUST00002,2025-04-28,234.26,Dining
CUST00002,2025-05-07,13.93,Grocery
CUST00002,2024-06-29,183.17,Electronics
CUST00002,2025-03-31,261.53,Dining
CUST00002,2025-05-06,42.98,Dining
CUST00002,2025-05-01,8.07,Clothing
CUST00002,2025-01-29,41.56,Travel
CUST00002,2024-09-15,23.52,Electronics
CUST00002,2024-09-12,75.3,Dining
CUST00002,2024-12-03,189.08,Electronics
CUST00002,2024-07-24,21.08,Clothing
CUST00002,2024-10-13,35.28,Travel
CUST00002,2024-09-03,217.36,Electronics
CUST00002,2024-12-16,96.07,Clothing
CUST00002,2024-07-18,21.29,Travel
CUST00002,2025-07-11,99.51,Travel
CUST00002,2025-07-01,40.82,Electronics
CUST00002,2024-06-20,98.95,Electronics
CUST00002,2025-05-14,13.76,Electronics
CUST00002,2025-04-10,26.5,Electronics
CUST00002,2024-07-16,86.65,Clothing
CUST00002,2025-07-16,18.62,Clothing
CUST00002,2024-11-04,76.81,Grocery
CUST00002,2025-05-08,45.91,Clothing
CUST00002,2024-09-20,45.37,Grocery
CUST00002,2024-10-25,179.38,Dining
CUST00002,2024-07-08,26.72,Travel
CUST00002,2024-12-02,31.65,Clothing
CUST00002,2025-03-02,65.16,Electronics
CUST00002,2024-12-02,76.9,Clothing
CUST00002,2024-05-08,68.36,Dining
CUST00002,2024-06-03,129.2,Grocery
CUST00002,2025-02-26,31.49,Grocery
CUST00002,2024-07-01,66.97,Grocery
CUST00002,2024-10-20,50.25,Clothing
CUST00002,2025-04-27,141.93,Travel
CUST00002,2025-05-21,92.89,Travel
CUST00002,2024-05-10,21.87,Clothing
CUST00002,2024-12-23,55.17,Travel
CUST00002,2024-05-13,298.18,Clothing
CUST00002,2024-10-03,135.22,Clothing
CUST00002,2024-11-05,6.08,Dining
CUST00002,2025-06-26,21.29,Electronics
CUST00002,2025-07-16,28.07,Electronics
CUST00002,2025-07-02,172.4,Travel
CUST00002,2025-01-25,34.05,Dining
CUST00002,2025-03-22,110.42,Electronics
CUST00002,2025-03-05,51.28,Dining
CUST00002,2025-07-06,102.51,Grocery
CUST00002,2024-11-17,81.05,Clothing
CUST00002,2025-01-29,129.47,Electronics
CUST00002,2024-09-13,37.88,Dining
CUST00002,2025-05-19,23.05,Dining
CUST00002,2024-12-19,39.64,Grocery
CUST00002,2024-12-27,47.48,Electronics
CUST00002,2025-04-22,80.48,Travel
CUST00002,2024-10-20,336.0,Travel
CUST00002,2025-06-17,192.03,Travel
CUST00002,2025-02-07,39.52,Electronics
CUST00002,2025-03-13,135.8,Grocery
CUST00002,2024-10-07,329.96,Clothing
CUST00002,2024-07-26,15.86,Grocery
CUST00002,2025-01-30,113.7,Clothing
CUST00002,2024-10-30,164.14,Travel
CUST00002,2025-06-22,24.97,Clothing
CUST00003,2024-07-13,89.74,Clothing
CUST00003,2024-05-07,47.64,Electronics
CUST00003,2023-11-16,167.19,Dining
CUST00003,2024-08-06,128.95,Clothing
CUST00003,2024-11-16,114.88,Clothing
CUST00003,2024-09-15,25.95,Clothing
CUST00003,2024-12-23,163.9,Grocery
CUST00003,2024-09-09,21.91,Clothing
CUST00003,2025-05-15,178.97,Grocery
CUST00003,2025-06-09,33.66,Grocery
CUST00003,2024-05-31,16.4,Clothing
CUST00003,2024-05-20,176.67,Travel
CUST00003,2024-06-13,78.15,Travel
CUST00003,2024-08-26,139.09,Grocery
CUST00003,2023-11-08,43.73,Electronics
CUST00003,2025-07-31,85.52,Grocery
CUST00003,2024-09-26,20.35,Grocery
CUST00003,2024-10-03,7.2,Travel
CUST00003,2025-04-30,24.13,Travel
CUST00003,2024-12-20,28.13,Dining
CUST00003,2025-04-07,118.48,Electronics
CUST00003,2024-02-02,35.54,Travel
CUST00003,2024-03-22,256.27,Clothing
CUST00003,2024-03-10,20.84,Dining
CUST00003,2024-07-27,18.95,Clothing
CUST00003,2024-02-28,84.29,Clothing
CUST00003,2023-11-24,180.38,Grocery
CUST00003,2025-01-22,170.76,Electronics
CUST00003,2024-12-02,79.66,Clothing
CUST00003,2024-09-25,258.49,Electronics
CUST00003,2024-02-16,169.23,Travel
CUST00003,2025-04-14,101.18,Clothing
CUST00003,2024-05-02,78.49,Grocery
CUST00003,2025-04-28,8.45,Travel
CUST00003,2024-12-23,5.13,Grocery
CUST00003,2024-05-19,53.83,Dining
CUST00003,2024-09-29,20.11,Dining
CUST00003,2024-02-09,88.9,Dining
CUST00003,2025-07-04,24.16,Travel
CUST00003,2024-01-07,257.35,Grocery
CUST00003,2024-02-21,59.42,Travel
CUST00003,2023-11-29,53.86,Electronics
CUST00003,2025-04-04,69.61,Dining
CUST00003,2025-01-05,16.63,Clothing
CUST00003,2024-03-22,85.93,Clothing
CUST00003,2025-02-20,248.41,Electronics
CUST00003,2024-02-29,131.35,Grocery
CUST00003,2023-10-23,38.18,Dining
CUST00003,2025-02-13,30.29,Electronics
CUST00003,2025-06-02,51.09,Travel
CUST00003,2023-11-30,87.77,Dining
CUST00003,2024-12-08,48.83,Electronics
CUST00003,2024-04-06,146.79,Dining
CUST00003,2024-10-03,116.7,Electronics
CUST00003,2023-12-20,144.16,Travel
CUST00003,2025-04-21,17.77,Travel
CUST00003,2025-06-11,312.29,Clothing
CUST00003,2024-06-05,9.0,Travel
CUST00003,2025-06-16,13.41,Grocery
CUST00003,2025-03-01,148.09,Dining
CUST00003,2025-03-12,308.4,Grocery
CUST00003,2024-05-10,140.09,Clothing
CUST00003,2024-06-04,61.11,Travel
CUST00003,2025-03-12,143.38,Grocery
CUST00003,2024-02-01,163.14,Travel
CUST00003,2023-12-05,102.73,Electronics
CUST00003,2024-08-22,73.19,Grocery
CUST00003,2025-01-09,12.69,Clothing
CUST00003,2023-10-11,66.96,Travel
CUST00003,2024-12-23,82.39,Travel
CUST00003,2023-10-20,239.62,Dining
CUST00003,2023-12-04,5.07,Travel
CUST00003,2024-11-15,109.01,Clothing
CUST00003,2024-09-29,60.81,Dining
CUST00003,2024-07-15,58.02,Dining
CUST00003,2025-01-02,80.61,Grocery
CUST00003,2025-06-11,16.6,Travel
CUST00003,2024-10-11,46.73,Travel
CUST00003,2024-10-10,43.75,Grocery
CUST00003,2024-12-28,42.05,Grocery
CUST00003,2023-12-31,23.64,Electronics
CUST00003,2024-11-23,29.49,Electronics
CUST00003,2024-11-19,93.13,Dining
CUST00003,2025-06-12,48.19,Clothing
CUST00003,2023-10-21,23.66,Electronics
CUST00003,2024-01-20,119.78,Grocery
CUST00003,2025-04-26,75.18,Grocery
CUST00003,2024-10-14,40.96,Travel
CUST00003,2024-06-26,33.37,Clothing
CUST00003,2025-04-17,12.68,Dining
CUST00003,2025-06-16,8.52,Travel
CUST00003,2024-05-17,47.44,Clothing
CUST00003,2024-03-20,172.78,Dining
CUST00003,2023-11-09,10.72,Grocery
CUST00003,2023-10-17,48.28,Clothing
CUST00003,2023-11-12,40.22,Travel
CUST00003,2023-10-26,53.74,Travel
CUST00003,2025-01-21,14.2,Clothing
CUST00003,2024-09-12,99.18,Grocery
CUST00003,2024-03-17,81.29,Travel
CUST00003,2024-07-25,371.01,Grocery
CUST00003,2023-12-19,59.85,Electronics
CUST00003,2023-11-17,249.69,Clothing
CUST00003,2024-09-19,26.85,Electronics
CUST00003,2024-03-13,41.65,Dining
CUST00003,2025-04-19,37.47,Dining
CUST00003,2024-03-18,65.38,Clothing
CUST00003,2023-11-13,8.3,Travel
CUST00003,2025-02-21,11.29,Clothing
CUST00003,2023-10-10,39.06,Clothing
CUST00003,2024-10-03,61.73,Grocery
CUST00003,2025-03-08,34.92,Dining
CUST00003,2025-06-29,5.47,Dining
CUST00003,2023-11-16,83.64,Dining
CUST00003,2025-02-03,6.41,Grocery
CUST00003,2023-10-10,238.24,Dining
CUST00003,2024-06-27,20.65,Grocery
CUST00003,2025-04-11,15.13,Grocery
CUST00003,2025-04-23,62.49,Clothing
CUST00003,2023-12-04,114.6,Electronics
CUST00003,2023-10-18,299.44,Travel
CUST00004,2025-07-30,66.57,Clothing
CUST00004,2025-06-19,50.17,Travel
CUST00004,2025-07-04,70.06,Clothing
CUST00004,2025-06-22,323.21,Clothing
CUST00004,2025-07-12,17.64,Clothing
CUST00004,2025-08-01,129.85,Travel
CUST00004,2025-06-29,64.12,Clothing
CUST00004,2025-07-14,425.08,Dining
CUST00004,2025-07-14,79.58,Clothing
CUST00004,2025-06-30,15.9,Dining
CUST00004,2025-07-20,11.25,Dining
CUST00004,2025-06-21,61.57,Clothing
CUST00004,2025-07-05,242.27,Electronics
CUST00004,2025-07-09,151.81,Electronics
CUST00004,2025-06-18,6.23,Electronics
CUST00004,2025-07-24,13.83,Travel
CUST00004,2025-07-01,277.05,Dining
CUST00004,2025-06-26,67.69,Clothing
CUST00004,2025-06-30,173.29,Travel
CUST00004,2025-06-27,180.49,Electronics
CUST00004,2025-07-06,44.22,Electronics
CUST00004,2025-06-23,14.52,Travel
CUST00004,2025-07-19,117.24,Grocery
CUST00004,2025-07-14,6.38,Electronics
CUST00004,2025-07-05,136.48,Clothing
CUST00004,2025-07-17,470.32,Clothing
CUST00004,2025-07-12,293.27,Grocery
CUST00004,2025-07-26,76.08,Travel
CUST00004,2025-07-28,191.42,Dining
CUST00004,2025-07-23,27.53,Grocery
CUST00004,2025-07-01,101.37,Grocery
CUST00004,2025-07-25,68.5,Clothing
CUST00004,2025-07-31,126.43,Clothing
CUST00004,2025-07-10,6.35,Electronics
CUST00004,2025-08-01,43.17,Electronics
CUST00004,2025-07-01,128.96,Grocery
CUST00004,2025-07-02,10.14,Clothing
CUST00004,2025-06-19,49.97,Electronics
CUST00004,2025-08-01,43.57,Dining
CUST00004,2025-07-17,77.92,Grocery
CUST00004,2025-07-17,36.64,Grocery
CUST00004,2025-07-21,127.01,Grocery
CUST00004,2025-06-21,165.86,Clothing
CUST00004,2025-07-16,67.04,Travel
CUST00004,2025-07-24,226.92,Travel
CUST00004,2025-06-21,20.46,Grocery
CUST00004,2025-06-24,439.01,Electronics
CUST00004,2025-07-30,92.48,Clothing
CUST00004,2025-07-07,134.58,Travel
CUST00004,2025-06-28,117.91,Grocery
CUST00004,2025-07-27,141.45,Grocery
CUST00004,2025-06-24,23.96,Clothing
CUST00004,2025-07-25,170.86,Travel
CUST00004,2025-07-29,38.45,Clothing
CUST00004,2025-08-01,61.52,Dining
CUST00004,2025-07-06,26.47,Electronics
CUST00004,2025-06-18,53.5,Travel
CUST00004,2025-07-20,88.96,Grocery
CUST00004,2025-07-02,39.77,Travel
CUST00004,2025-07-05,17.95,Grocery
CUST00004,2025-07-20,6.87,Travel
CUST00004,2025-06-23,62.27,Travel
CUST00004,2025-07-31,84.39,Electronics
CUST00004,2025-07-15,85.33,Travel
CUST00004,2025-07-25,29.59,Clothing
CUST00004,2025-06-19,274.3,Grocery
CUST00004,2025-06-19,113.53,Grocery
CUST00004,2025-07-27,68.45,Dining
CUST00004,2025-07-19,43.47,Clothing
CUST00004,2025-06-25,10.71,Travel
CUST00004,2025-06-28,35.89,Electronics
CUST00004,2025-06-18,36.78,Electronics
CUST00004,2025-06-18,154.79,Grocery
CUST00004,2025-06-29,51.62,Travel
CUST00004,2025-06-18,109.8,Travel
CUST00004,2025-06-19,105.08,Travel
CUST00004,2025-07-29,123.97,Electronics
CUST00004,2025-07-13,57.88,Dining
CUST00004,2025-07-25,130.23,Travel
CUST00004,2025-07-11,90.54,Clothing
CUST00004,2025-06-21,150.69,Electronics
CUST00004,2025-07-23,162.16,Grocery
CUST00004,2025-06-28,42.79,Travel
CUST00004,2025-07-07,147.51,Dining
CUST00004,2025-07-14,59.29,Travel
CUST00004,2025-07-02,43.77,Electronics
CUST00004,2025-07-23,43.26,Clothing
CUST00004,2025-07-11,35.3,Electronics
CUST00004,2025-07-23,25.63,Clothing
CUST00004,2025-06-26,32.4,Electronics
CUST00004,2025-07-20,61.17,Dining
CUST00004,2025-06-29,17.37,Grocery
CUST00004,2025-07-15,7.51,Travel
CUST00005,2025-06-02,162.57,Grocery
CUST00005,2025-05-31,200.62,Electronics
CUST00005,2025-03-29,66.93,Dining
CUST00005,2025-06-24,23.52,Dining
CUST00005,2025-05-14,206.43,Dining
CUST00005,2025-02-13,248.22,Dining
CUST00005,2025-06-03,53.05,Clothing
CUST00005,2025-06-14,7.91,Travel
CUST00005,2025-01-30,23.39,Dining
CUST00005,2025-02-25,111.99,Electronics
CUST00005,2025-08-01,207.62,Travel
CUST00005,2025-02-22,197.79,Travel
CUST00005,2025-07-29,39.53,Dining
CUST00005,2025-05-11,177.77,Electronics
CUST00005,2025-03-12,173.8,Clothing
CUST00005,2025-07-28,19.13,Clothing
CUST00005,2025-03-28,38.99,Travel
CUST00005,2025-06-26,219.5,Clothing
CUST00005,2025-05-02,94.27,Electronics
CUST00005,2025-02-25,177.61,Clothing
CUST00005,2025-06-29,51.59,Electronics
CUST00005,2025-01-25,417.37,Grocery
CUST00005,2025-07-24,120.54,Electronics
CUST00005,2025-04-12,17.22,Dining
CUST00005,2025-02-23,148.87,Grocery
CUST00005,2025-07-08,25.39,Clothing
CUST00005,2025-05-07,148.85,Electronics
CUST00005,2025-06-03,121.92,Clothing
CUST00005,2025-06-04,49.05,Dining
CUST00005,2025-05-05,118.41,Electronics
CUST00005,2025-03-06,59.62,Electronics
CUST00005,2025-05-19,13.01,Travel
CUST00005,2025-04-28,6.36,Electronics
CUST00005,2025-04-25,7.03,Clothing
CUST00005,2025-06-12,43.27,Grocery
CUST00005,2025-06-16,12.77,Dining
CUST00005,2025-01-21,108.41,Clothing
CUST00005,2025-06-14,56.43,Dining
CUST00005,2025-03-09,46.65,Clothing
CUST00005,2025-04-29,32.98,Grocery
CUST00005,2025-03-19,28.86,Travel
CUST00005,2025-02-17,26.44,Clothing
CUST00005,2025-04-21,35.1,Clothing
CUST00005,2025-02-12,74.84,Dining
CUST00005,2025-03-26,12.3,Grocery
CUST00005,2025-06-10,22.93,Grocery
CUST00005,2025-05-15,48.49,Electronics
CUST00005,2025-03-18,98.77,Electronics
CUST00005,2025-06-06,18.32,Travel
CUST00005,2025-01-25,47.19,Travel
CUST00005,2025-02-23,161.39,Clothing
CUST00005,2025-04-18,44.81,Grocery
CUST00005,2025-04-17,346.82,Dining
CUST00005,2025-04-22,71.37,Clothing
CUST00005,2025-07-09,23.7,Electronics
CUST00005,2025-07-25,25.91,Clothing
CUST00005,2025-06-02,21.11,Grocery
CUST00005,2025-05-16,472.41,Travel
CUST00005,2025-02-03,55.24,Clothing
CUST00005,2025-07-28,96.61,Grocery
CUST00005,2025-05-24,264.34,Grocery
CUST00005,2025-07-07,26.53,Dining
CUST00005,2025-03-06,150.51,Dining
CUST00005,2025-06-01,263.99,Clothing
CUST00005,2025-02-22,101.82,Grocery
CUST00005,2025-03-27,37.78,Electronics
CUST00005,2025-04-22,230.37,Travel
CUST00005,2025-04-28,31.93,Grocery
CUST00005,2025-07-15,33.26,Travel
CUST00005,2025-05-15,96.9,Travel
CUST00005,2025-02-03,322.28,Travel
CUST00005,2025-07-04,23.28,Dining
CUST00005,2025-05-25,33.7,Dining
CUST00005,2025-07-01,107.1,Dining
CUST00005,2025-03-07,370.82,Electronics
CUST00005,2025-04-02,77.46,Clothing
CUST00005,2025-02-24,14.5,Travel
CUST00005,2025-02-19,23.47,Grocery
CUST00005,2025-05-10,33.0,Grocery
CUST00005,2025-06-03,70.26,Electronics
CUST00005,2025-04-07,104.17,Electronics
CUST00005,2025-03-13,40.22,Travel
CUST00005,2025-05-15,124.74,Grocery
CUST00005,2025-05-31,69.53,Travel
CUST00005,2025-02-27,141.71,Electronics
CUST00005,2025-07-03,72.51,Grocery
CUST00005,2025-02-21,5.44,Electronics
CUST00005,2025-04-25,37.07,Electronics
CUST00005,2025-05-12,94.49,Travel
CUST00005,2025-05-02,189.12,Clothing
CUST00005,2025-06-20,16.28,Travel
CUST00005,2025-03-27,8.05,Dining
CUST00005,2025-05-07,63.15,Grocery
CUST00005,2025-07-18,96.52,Grocery
CUST00005,2025-06-02,6.36,Grocery
CUST00005,2025-05-05,15.86,Dining
CUST00005,2025-07-24,80.65,Travel
CUST00005,2025-04-09,35.84,Electronics
CUST00005,2025-04-04,85.1,Grocery
CUST00005,2025-06-21,18.64,Clothing
CUST00005,2025-06-02,463.4,Travel
CUST00005,2025-07-28,8.96,Dining
CUST00005,2025-05-21,332.36,Electronics
CUST00005,2025-03-27,20.0,Grocery
CUST00005,2025-05-24,20.31,Clothing
CUST00005,2025-05-05,40.37,Clothing
CUST00006,2025-05-25,77.3,Travel
CUST00006,2025-02-28,182.9,Clothing
CUST00006,2025-05-21,18.31,Travel
CUST00006,2024-12-10,128.53,Clothing
CUST00006,2025-06-11,96.43,Travel
CUST00006,2025-04-06,5.26,Grocery
CUST00006,2025-01-05,72.27,Dining
CUST00006,2025-04-27,101.23,Electronics
CUST00006,2024-12-12,30.43,Electronics
CUST00006,2025-07-01,8.26,Grocery
CUST00006,2025-03-07,100.67,Electronics
CUST00006,2025-06-15,47.47,Grocery
CUST00006,2025-04-27,30.33,Dining
CUST00006,2025-01-10,105.34,Travel
CUST00006,2025-07-19,66.22,Dining
CUST00006,2025-05-27,51.6,Travel
CUST00006,2025-06-15,25.5,Clothing
CUST00006,2025-02-27,43.61,Travel
CUST00006,2025-02-14,102.38,Grocery
CUST00006,2025-07-07,12.39,Dining
CUST00006,2025-06-13,70.31,Travel
CUST00006,2025-07-06,11.58,Grocery
CUST00006,2025-07-09,184.9,Dining
CUST00006,2025-04-01,31.4,Dining
CUST00006,2025-02-17,145.05,Travel
CUST00006,2024-12-26,18.53,Grocery
CUST00006,2025-05-24,96.93,Electronics
CUST00006,2025-05-22,89.37,Grocery
CUST00006,2025-07-02,24.99,Dining
CUST00006,2025-03-12,19.38,Dining
CUST00006,2025-07-15,150.03,Dining
CUST00006,2025-02-05,24.95,Electronics
CUST00006,2025-06-16,53.89,Grocery
CUST00006,2025-06-09,55.28,Dining
CUST00006,2025-05-12,167.04,Dining
CUST00006,2025-06-04,5.9,Grocery
CUST00006,2024-12-23,91.36,Travel
CUST00006,2025-07-20,11.43,Electronics
CUST00006,2025-06-11,118.4,Travel
CUST00006,2025-02-02,77.81,Clothing
CUST00006,2024-12-16,72.64,Clothing
CUST00006,2025-04-17,64.51,Clothing
CUST00006,2025-05-09,29.72,Clothing
CUST00006,2025-05-28,14.43,Grocery
CUST00006,2024-12-18,264.63,Dining
CUST00006,2025-05-25,126.32,Dining
CUST00006,2025-02-22,7.21,Grocery
CUST00006,2025-07-14,183.24,Clothing
CUST00006,2025-02-22,6.4,Travel
CUST00006,2025-05-15,171.88,Clothing
CUST00006,2025-05-03,68.66,Clothing
CUST00006,2025-06-11,79.77,Clothing
CUST00006,2025-01-26,187.74,Grocery
CUST00006,2025-07-17,20.42,Dining
CUST00006,2025-02-04,53.92,Clothing
CUST00006,2025-03-06,109.85,Clothing
CUST00006,2025-01-11,37.69,Dining
CUST00006,2025-08-01,239.32,Electronics
CUST00006,2025-05-02,38.15,Travel
CUST00006,2025-02-19,22.34,Electronics
CUST00006,2025-04-07,44.72,Electronics
CUST00006,2024-12-09,91.8,Dining
CUST00006,2025-01-20,62.39,Electronics
CUST00006,2025-05-30,98.9,Travel
CUST00006,2024-12-29,38.78,Clothing
CUST00006,2025-04-21,64.48,Dining
CUST00006,2025-06-19,45.97,Grocery
CUST00006,2024-12-24,14.78,Dining
CUST00006,2025-01-06,112.86,Grocery
CUST00006,2025-02-04,106.67,Dining
CUST00006,2025-07-01,29.28,Grocery
CUST00006,2025-01-10,23.11,Clothing
CUST00006,2025-02-14,119.36,Electronics
CUST00006,2025-03-02,14.82,Dining
CUST00006,2025-01-16,99.71,Dining
CUST00006,2024-12-05,58.84,Dining
CUST00006,2025-03-10,11.1,Clothing
CUST00006,2025-05-24,15.31,Grocery
CUST00006,2025-03-07,64.52,Clothing
CUST00006,2024-12-26,73.02,Dining
CUST00006,2025-01-07,96.64,Clothing
CUST00006,2025-02-27,221.77,Clothing
CUST00006,2025-06-23,85.61,Travel
CUST00006,2025-04-03,13.24,Clothing
CUST00006,2025-03-12,118.62,Travel
CUST00006,2025-01-14,29.62,Clothing
CUST00006,2025-03-15,142.77,Grocery
CUST00006,2025-07-04,9.7,Grocery
CUST00006,2025-05-03,16.74,Electronics
CUST00006,2025-07-17,47.62,Grocery
CUST00006,2025-01-07,76.47,Travel
CUST00006,2025-05-26,105.66,Dining
CUST00006,2025-01-06,124.87,Electronics
CUST00006,2025-07-11,122.31,Electronics
CUST00006,2025-04-07,107.09,Dining
CUST00006,2025-02-16,11.28,Clothing
CUST00006,2025-03-24,54.64,Grocery
CUST00006,2025-07-21,47.48,Grocery
CUST00006,2025-02-23,64.94,Grocery
CUST00006,2025-07-18,56.17,Clothing
CUST00006,2025-03-12,40.71,Grocery
CUST00006,2025-03-17,16.01,Travel
CUST00007,2023-11-11,78.65,Grocery
CUST00007,2024-08-06,21.94,Travel
CUST00007,2023-10-18,43.43,Dining
CUST00007,2022-09-25,96.47,Clothing
CUST00007,2024-02-10,159.5,Travel
CUST00007,2023-05-23,224.84,Dining
CUST00007,2022-08-04,17.99,Grocery
CUST00007,2024-02-02,8.61,Travel
CUST00007,2025-07-21,15.71,Clothing
CUST00007,2024-06-18,106.96,Travel
CUST00007,2024-06-10,55.25,Clothing
CUST00007,2024-02-05,10.59,Clothing
CUST00007,2023-04-29,20.84,Electronics
CUST00007,2022-07-11,14.12,Travel
CUST00007,2024-10-28,23.69,Electronics
CUST00007,2022-09-20,74.28,Clothing
CUST00007,2024-03-07,148.15,Grocery
CUST00007,2023-02-09,56.48,Electronics
CUST00007,2023-11-04,28.91,Travel
CUST00007,2022-10-19,74.1,Electronics
CUST00007,2025-07-30,141.44,Electronics
CUST00007,2023-04-16,79.86,Travel
CUST00007,2025-04-18,75.88,Clothing
CUST00007,2024-06-30,25.11,Grocery
CUST00007,2024-07-18,62.18,Clothing
CUST00007,2024-03-07,26.41,Travel
CUST00007,2024-03-10,43.25,Electronics
CUST00007,2022-07-12,15.36,Grocery
CUST00007,2023-03-04,58.96,Travel
CUST00007,2023-06-21,100.34,Dining
CUST00007,2025-05-21,124.93,Grocery
CUST00007,2023-05-03,10.7,Dining
CUST00007,2023-03-25,26.98,Travel
CUST00007,2023-09-12,6.56,Travel
CUST00007,2024-07-21,43.69,Dining
CUST00007,2022-11-02,13.12,Electronics
CUST00007,2022-10-16,108.63,Grocery
CUST00007,2022-09-05,15.44,Electronics
CUST00007,2024-11-23,121.12,Electronics
CUST00007,2024-03-20,197.79,Electronics
CUST00007,2022-07-27,15.04,Electronics
CUST00007,2022-09-02,28.27,Travel
CUST00007,2022-07-15,131.45,Dining
CUST00007,2023-09-06,155.15,Electronics
CUST00007,2025-03-06,136.31,Electronics
CUST00007,2024-10-08,25.85,Dining
CUST00007,2025-03-12,37.43,Travel
CUST00007,2022-11-23,44.75,Grocery
CUST00007,2024-12-28,60.99,Grocery
CUST00007,2025-06-14,5.36,Dining
CUST00007,2024-09-10,92.91,Travel
CUST00007,2022-08-07,93.76,Dining
CUST00007,2024-04-05,84.96,Clothing
CUST00007,2022-12-22,214.48,Clothing
CUST00007,2023-01-28,46.29,Clothing
CUST00007,2023-11-19,51.0,Grocery
CUST00007,2023-03-02,49.38,Grocery
CUST00007,2023-02-20,60.53,Electronics
CUST00007,2022-12-10,316.03,Electronics
CUST00007,2024-10-06,16.55,Grocery
CUST00007,2024-02-05,79.65,Travel
CUST00007,2024-01-20,46.34,Dining
CUST00007,2023-02-23,11.5,Clothing
CUST00007,2023-09-05,53.84,Electronics
CUST00007,2023-11-12,54.44,Clothing
CUST00007,2024-04-18,85.19,Electronics
CUST00007,2024-06-16,56.19,Dining
CUST00007,2025-06-18,11.28,Electronics
CUST00007,2023-09-20,18.62,Travel
CUST00007,2024-01-25,54.51,Electronics
CUST00007,2024-06-06,150.44,Electronics
CUST00007,2023-01-09,24.3,Electronics
CUST00007,2025-05-18,192.2,Dining
CUST00007,2025-02-02,27.98,Clothing
CUST00007,2025-02-22,148.91,Grocery
CUST00007,2023-07-14,135.08,Electronics
CUST00007,2022-11-16,202.85,Electronics
CUST00007,2022-10-23,194.79,Electronics
CUST00007,2023-06-22,139.54,Dining
CUST00007,2022-10-19,26.49,Clothing
CUST00007,2023-03-04,7.37,Grocery
CUST00007,2022-12-04,103.51,Dining
CUST00007,2022-09-19,22.11,Clothing
CUST00007,2025-06-09,94.17,Travel
CUST00007,2023-01-05,168.73,Dining
CUST00007,2025-07-10,12.33,Dining
CUST00007,2023-08-12,79.06,Clothing
CUST00007,2024-10-20,116.7,Clothing
CUST00007,2025-01-29,49.6,Dining
CUST00008,2022-01-27,25.52,Electronics
CUST00008,2021-08-21,173.43,Travel
CUST00008,2025-03-02,42.97,Travel
CUST00008,2024-04-02,11.2,Electronics
CUST00008,2024-08-13,8.42,Travel
CUST00008,2024-10-21,59.69,Grocery
CUST00008,2020-12-09,14.19,Clothing
CUST00008,2024-11-14,33.79,Electronics
CUST00008,2024-05-26,62.18,Grocery
CUST00008,2022-08-02,42.27,Dining
CUST00008,2023-11-17,62.55,Clothing
CUST00008,2023-03-21,14.73,Electronics
CUST00008,2022-05-26,72.34,Clothing
CUST00008,2020-11-26,9.73,Clothing
CUST00008,2021-02-09,42.61,Electronics
CUST00008,2024-06-01,128.7,Grocery
CUST00008,2021-08-03,43.26,Electronics
CUST00008,2021-11-30,222.24,Grocery
CUST00008,2022-10-10,14.4,Clothing
CUST00008,2021-03-30,145.42,Electronics
CUST00008,2022-12-30,110.65,Dining
CUST00008,2024-02-18,102.0,Grocery
CUST00008,2022-05-13,89.81,Clothing
CUST00008,2020-12-13,38.0,Grocery
CUST00008,2020-11-16,17.04,Electronics
CUST00008,2022-12-01,181.29,Grocery
CUST00008,2023-04-24,60.07,Dining
CUST00008,2023-09-08,30.6,Electronics
CUST00008,2022-04-19,17.64,Grocery
CUST00008,2024-09-16,23.88,Clothing
CUST00008,2023-04-07,11.88,Dining
CUST00008,2023-03-24,126.17,Clothing
CUST00008,2025-05-28,169.26,Dining
CUST00008,2021-04-06,61.64,Travel
CUST00008,2020-09-13,261.89,Travel
CUST00008,2024-11-05,25.97,Electronics
CUST00008,2021-02-19,218.83,Clothing
CUST00008,2024-08-03,51.52,Clothing
CUST00008,2025-01-11,32.27,Clothing
CUST00008,2021-09-17,60.02,Grocery
CUST00008,2021-04-20,12.13,Clothing
CUST00008,2024-09-29,28.18,Travel
CUST00008,2020-11-09,82.09,Dining
CUST00008,2025-05-04,21.05,Grocery
CUST00008,2025-02-10,21.92,Dining
CUST00008,2024-02-03,8.85,Electronics
CUST00008,2021-05-01,154.93,Clothing
CUST00008,2024-11-21,56.81,Travel
CUST00008,2024-04-22,26.43,Electronics
CUST00008,2025-05-16,134.37,Grocery
CUST00008,2024-11-23,39.27,Grocery
CUST00008,2023-09-01,245.2,Dining
CUST00008,2023-03-18,125.98,Dining
CUST00008,2021-04-17,16.55,Grocery
CUST00008,2020-09-25,7.67,Grocery
CUST00008,2024-11-27,141.95,Travel
CUST00008,2022-09-24,56.22,Dining
CUST00008,2023-12-05,102.33,Grocery
CUST00008,2022-02-16,47.64,Clothing
CUST00008,2022-10-04,19.38,Travel
CUST00008,2023-03-19,86.35,Travel
CUST00008,2023-11-04,150.96,Dining
CUST00008,2024-11-11,251.33,Travel
CUST00008,2020-11-05,69.68,Travel
CUST00008,2020-11-02,19.3,Grocery
CUST00008,2023-06-13,86.75,Clothing
CUST00008,2023-02-26,83.6,Clothing
CUST00008,2021-11-19,6.98,Electronics
CUST00008,2024-12-11,114.77,Electronics
CUST00008,2024-07-10,226.31,Clothing
CUST00008,2024-08-28,53.09,Electronics
CUST00008,2023-08-04,100.16,Grocery
CUST00008,2021-07-22,59.94,Grocery
CUST00008,2024-10-26,95.65,Dining
CUST00008,2022-12-08,32.72,Travel
CUST00008,2021-03-28,128.51,Travel
CUST00008,2023-05-05,72.67,Dining
CUST00008,2021-11-07,294.93,Clothing
CUST00008,2023-01-17,14.19,Grocery
CUST00008,2024-11-22,13.66,Clothing
CUST00008,2021-07-17,63.54,Grocery
CUST00008,2024-01-01,35.42,Grocery
CUST00008,2022-12-10,28.89,Travel
CUST00008,2020-11-20,20.12,Travel
CUST00008,2023-10-10,22.5,Travel
CUST00008,2025-02-25,29.94,Clothing
CUST00009,2024-05-25,163.27,Dining
CUST00009,2024-03-30,139.57,Dining
CUST00009,2025-04-11,12.51,Clothing
CUST00009,2024-03-06,61.04,Travel
CUST00009,2024-03-30,24.09,Grocery
CUST00009,2024-03-11,54.13,Electronics
CUST00009,2025-03-13,73.36,Electronics
CUST00009,2025-02-20,27.46,Dining
CUST00009,2024-02-04,20.58,Grocery
CUST00009,2024-04-10,112.2,Dining
CUST00009,2024-11-13,35.83,Clothing
CUST00009,2024-05-03,166.75,Dining
CUST00009,2024-06-13,135.6,Dining
CUST00009,2025-01-20,136.18,Grocery
CUST00009,2025-06-21,37.74,Travel
CUST00009,2024-01-16,36.65,Clothing
CUST00009,2025-05-11,40.44,Travel
CUST00009,2024-01-22,168.99,Travel
CUST00009,2024-04-04,126.31,Travel
CUST00009,2025-04-19,8.24,Travel
CUST00009,2024-11-10,524.88,Grocery
CUST00009,2024-07-30,22.46,Clothing
CUST00009,2024-09-26,719.65,Electronics
CUST00009,2025-05-26,92.8,Grocery
CUST00009,2025-06-23,30.3,Electronics
CUST00009,2024-01-31,94.44,Grocery
CUST00009,2024-03-22,93.98,Grocery
CUST00009,2025-05-04,39.07,Dining
CUST00009,2024-10-15,26.59,Dining
CUST00009,2024-12-06,35.55,Grocery
CUST00009,2025-04-04,18.68,Travel
CUST00009,2024-11-18,27.33,Clothing
CUST00009,2025-04-28,51.49,Dining
CUST00009,2024-07-14,12.58,Clothing
CUST00009,2024-02-02,26.7,Travel
CUST00009,2024-04-25,99.38,Dining
CUST00009,2025-06-25,52.42,Grocery
CUST00009,2024-04-16,141.26,Travel
CUST00009,2024-10-02,23.69,Grocery
CUST00009,2024-11-21,18.01,Dining
CUST00009,2025-02-18,82.54,Grocery
CUST00009,2024-06-12,37.66,Grocery
CUST00009,2024-11-04,73.92,Electronics
CUST00009,2024-06-29,50.39,Grocery
CUST00009,2025-03-27,39.96,Grocery
CUST00009,2024-04-30,13.58,Dining
CUST00009,2025-04-04,85.78,Dining
CUST00009,2024-09-10,8.08,Clothing
CUST00009,2024-12-09,29.54,Dining
CUST00009,2024-03-30,29.57,Clothing
CUST00009,2024-02-29,136.72,Clothing
CUST00009,2025-04-24,109.25,Travel
CUST00009,2025-07-07,103.47,Electronics
CUST00009,2024-02-29,52.8,Clothing
CUST00009,2025-03-25,52.49,Travel
CUST00009,2025-07-15,10.55,Electronics
CUST00009,2024-08-25,293.24,Electronics
CUST00009,2024-11-09,115.9,Dining
CUST00009,2025-05-28,13.98,Dining
CUST00009,2024-10-10,228.6,Clothing
CUST00009,2024-09-09,13.51,Travel
CUST00009,2024-07-31,24.42,Grocery
CUST00009,2025-04-27,190.8,Dining
CUST00009,2024-07-24,42.94,Travel
CUST00009,2024-12-10,17.87,Clothing
CUST00009,2025-02-05,7.55,Electronics
CUST00009,2024-06-29,76.47,Grocery
CUST00009,2024-09-10,18.61,Clothing
CUST00009,2025-04-01,64.38,Dining
CUST00009,2025-05-20,39.07,Electronics
CUST00009,2024-11-18,31.02,Electronics
CUST00009,2024-06-09,78.69,Clothing
CUST00009,2025-02-18,368.88,Electronics
CUST00009,2025-05-14,86.02,Electronics
CUST00009,2025-03-27,206.55,Clothing
CUST00009,2024-10-31,48.66,Dining
CUST00009,2024-03-08,169.9,Travel
CUST00009,2024-05-31,67.52,Grocery
CUST00009,2024-04-08,71.69,Dining
CUST00009,2024-03-11,17.19,Grocery
CUST00009,2024-06-08,127.21,Dining
CUST00009,2024-12-23,28.87,Dining
CUST00009,2024-11-16,140.38,Grocery
CUST00009,2024-02-11,93.7,Clothing
CUST00009,2024-12-30,119.26,Dining
CUST00009,2024-04-05,31.29,Grocery
CUST00009,2025-01-06,27.95,Travel
CUST00009,2025-01-31,112.57,Clothing
CUST00009,2025-03-14,9.19,Clothing
CUST00009,2024-03-01,21.78,Clothing
CUST00009,2025-07-29,15.19,Clothing
CUST00009,2024-01-28,30.54,Electronics
CUST00009,2024-09-30,24.01,Electronics
CUST00009,2024-07-15,51.51,Electronics
CUST00009,2024-07-13,18.48,Grocery
CUST00009,2024-03-11,100.98,Clothing
CUST00009,2024-09-03,8.49,Electronics
CUST00009,2025-04-25,54.66,Clothing
CUST00009,2024-10-04,153.35,Grocery
CUST00009,2025-05-01,75.15,Travel
CUST00009,2024-05-20,14.28,Electronics
CUST00009,2025-06-15,45.76,Travel
CUST00009,2025-03-08,216.14,Electronics
CUST00009,2025-04-01,160.55,Clothing
CUST00009,2024-03-18,55.35,Grocery
CUST00009,2024-11-02,44.76,Electronics
CUST00009,2024-08-16,117.81,Electronics
CUST00009,2025-03-09,109.41,Clothing
CUST00009,2024-10-08,6.14,Dining
CUST00009,2024-12-26,10.27,Dining
CUST00009,2024-05-20,17.41,Electronics
CUST00010,2024-08-14,21.53,Electronics
CUST00010,2023-11-05,34.33,Grocery
CUST00010,2024-08-14,67.93,Travel
CUST00010,2024-06-04,30.51,Electronics
CUST00010,2023-11-04,53.34,Dining
CUST00010,2024-10-19,63.38,Clothing
CUST00010,2024-02-12,127.84,Dining
CUST00010,2024-11-01,129.33,Grocery
CUST00010,2025-02-23,26.0,Dining
CUST00010,2023-11-12,13.89,Electronics
CUST00010,2023-12-25,39.26,Electronics
CUST00010,2025-05-10,183.52,Travel
CUST00010,2023-10-25,48.24,Electronics
CUST00010,2024-05-18,15.51,Dining
CUST00010,2025-07-02,73.29,Clothing
CUST00010,2024-10-25,60.46,Electronics
CUST00010,2024-03-16,43.49,Clothing
CUST00010,2025-03-27,25.16,Travel
CUST00010,2025-04-16,43.95,Dining
CUST00010,2025-03-14,156.73,Dining
CUST00010,2025-04-25,223.62,Travel
CUST00010,2023-10-21,20.24,Travel
CUST00010,2025-01-20,32.44,Dining
CUST00010,2023-10-16,317.5,Electronics
CUST00010,2024-04-07,132.55,Dining
CUST00010,2025-04-20,193.39,Grocery
CUST00010,2024-09-11,60.18,Travel
CUST00010,2023-09-27,81.17,Travel
CUST00010,2024-06-21,15.49,Travel
CUST00010,2023-12-15,21.63,Grocery
CUST00010,2024-10-01,14.78,Grocery
CUST00010,2023-09-15,7.19,Dining
CUST00010,2023-12-27,90.28,Electronics
CUST00010,2023-12-12,16.54,Electronics
CUST00010,2024-06-04,57.31,Electronics
CUST00010,2025-06-06,22.96,Grocery
CUST00010,2024-11-18,91.39,Dining
CUST00010,2024-12-07,89.09,Clothing
CUST00010,2024-12-27,42.45,Clothing
CUST00010,2025-07-21,61.65,Travel
CUST00010,2024-05-16,39.5,Grocery
CUST00010,2025-02-09,11.22,Clothing
CUST00010,2025-04-05,6.42,Clothing
CUST00010,2025-01-08,85.33,Clothing
CUST00010,2023-10-25,5.25,Electronics
CUST00010,2025-01-30,99.16,Electronics
CUST00010,2024-07-10,21.74,Grocery
CUST00010,2025-04-17,129.48,Clothing
CUST00010,2023-11-07,150.93,Dining
CUST00010,2025-07-09,26.47,Electronics
CUST00010,2023-12-13,135.81,Dining
CUST00010,2024-06-10,7.38,Travel
CUST00010,2024-01-22,28.27,Electronics
CUST00010,2025-03-21,224.18,Clothing
CUST00010,2024-07-20,102.09,Clothing
CUST00010,2024-01-23,9.17,Travel
CUST00010,2024-06-05,5.49,Clothing
CUST00010,2024-02-24,112.03,Travel
CUST00010,2025-04-04,58.98,Electronics
CUST00010,2024-09-09,42.01,Grocery
CUST00010,2024-01-25,36.94,Travel
CUST00010,2025-07-29,33.44,Travel
CUST00010,2025-07-18,5.71,Clothing
CUST00010,2025-06-02,20.23,Grocery
CUST00010,2024-10-21,48.59,Electronics
CUST00010,2025-04-23,68.97,Clothing
CUST00010,2023-11-04,24.46,Travel
CUST00010,2025-01-06,9.06,Electronics
CUST00010,2024-09-02,28.53,Travel
CUST00010,2024-07-22,23.35,Travel
CUST00010,2025-06-09,80.61,Clothing
CUST00010,2025-04-03,34.25,Electronics
CUST00010,2023-12-14,81.32,Dining
CUST00010,2024-08-24,117.45,Grocery
CUST00010,2024-02-08,52.43,Grocery
CUST00010,2024-11-21,269.87,Clothing
CUST00010,2024-07-21,102.44,Grocery
CUST00010,2025-02-21,74.67,Grocery
CUST00010,2025-04-02,101.51,Clothing
CUST00010,2025-02-12,37.61,Grocery
CUST00010,2025-07-28,169.5,Electronics
CUST00010,2025-07-10,53.05,Travel
CUST00010,2024-08-06,16.11,Travel
CUST00010,2024-03-09,126.3,Electronics
CUST00010,2024-03-12,6.88,Dining
CUST00010,2025-01-03,55.7,Electronics
CUST00010,2025-04-07,13.32,Clothing
CUST00010,2023-11-10,114.29,Grocery
CUST00010,2025-07-03,118.37,Travel
CUST00010,2024-10-21,48.53,Dining
CUST00010,2024-03-02,70.21,Clothing
CUST00010,2025-06-21,162.26,Electronics
CUST00010,2024-12-06,50.18,Travel
CUST00010,2024-02-13,67.75,Electronics
CUST00010,2023-11-28,5.54,Clothing
CUST00010,2024-09-12,21.38,Electronics
CUST00010,2025-02-04,159.6,Travel
CUST00010,2024-10-11,272.47,Clothing
CUST00010,2024-12-12,19.77,Grocery
CUST00010,2023-11-16,38.43,Clothing
CUST00010,2025-02-21,11.43,Electronics
CUST00010,2024-05-18,197.6,Grocery
CUST00010,2023-10-09,64.02,Electronics
CUST00010,2024-11-09,34.78,Clothing
CUST00010,2024-06-03,47.39,Electronics
CUST00010,2024-02-29,53.07,Dining
CUST00010,2024-01-09,24.38,Travel
CUST00010,2024-12-13,82.43,Dining
CUST00010,2024-02-24,207.79,Clothing
CUST00011,2024-03-03,28.03,Dining
CUST00011,2023-03-11,40.88,Clothing
CUST00011,2023-10-06,40.28,Clothing
CUST00011,2025-05-27,111.12,Dining
CUST00011,2024-01-20,28.01,Electronics
CUST00011,2022-11-28,51.16,Clothing
CUST00011,2024-05-18,64.98,Clothing
CUST00011,2023-02-16,59.41,Travel
CUST00011,2024-03-13,53.02,Electronics
CUST00011,2023-02-04,9.95,Dining
CUST00011,2024-03-11,123.0,Electronics
CUST00011,2023-05-28,27.32,Electronics
CUST00011,2025-07-24,36.32,Dining
CUST00011,2024-02-25,207.52,Dining
CUST00011,2024-01-15,63.0,Electronics
CUST00011,2023-06-07,156.37,Clothing
CUST00011,2025-07-03,29.71,Grocery
CUST00011,2023-11-06,36.8,Electronics
CUST00011,2025-06-26,50.56,Clothing
CUST00011,2022-11-15,135.74,Dining
CUST00011,2023-01-03,321.38,Electronics
CUST00011,2022-11-04,302.9,Dining
CUST00011,2025-06-19,25.05,Dining
CUST00011,2022-12-19,190.37,Travel
CUST00011,2024-08-29,9.2,Dining
CUST00011,2024-12-20,133.1,Dining
CUST00011,2023-01-09,129.29,Grocery
CUST00011,2023-12-14,230.54,Grocery
CUST00011,2025-01-22,106.63,Grocery
CUST00011,2024-10-21,115.01,Clothing
CUST00011,2023-12-19,168.77,Clothing
CUST00011,2023-01-30,9.61,Electronics
CUST00011,2024-02-02,14.55,Travel
CUST00011,2024-08-08,48.08,Travel
CUST00011,2023-02-18,74.65,Clothing
CUST00011,2024-12-02,163.09,Clothing
CUST00011,2025-07-21,158.37,Electronics
CUST00011,2023-04-19,28.99,Travel
CUST00011,2023-12-23,15.58,Travel
CUST00011,2024-06-04,154.75,Grocery
CUST00011,2024-01-09,16.3,Travel
CUST00011,2024-01-28,46.83,Grocery
CUST00011,2023-07-24,68.77,Electronics
CUST00011,2025-01-22,69.49,Grocery
CUST00011,2025-05-28,94.05,Electronics
CUST00011,2024-04-25,46.77,Dining
CUST00011,2025-01-07,12.43,Clothing
CUST00011,2023-04-02,16.53,Travel
CUST00011,2024-05-21,78.88,Clothing
CUST00011,2023-12-15,134.3,Clothing
CUST00011,2024-08-13,179.44,Dining
CUST00011,2025-07-16,55.85,Travel
CUST00011,2024-11-27,191.34,Grocery
CUST00011,2023-04-18,102.26,Grocery
CUST00011,2024-08-12,139.06,Grocery
CUST00011,2024-12-12,31.18,Grocery
CUST00011,2023-04-01,28.13,Electronics
CUST00011,2025-01-12,163.26,Dining
CUST00011,2023-03-18,23.11,Grocery
CUST00011,2024-05-17,86.07,Clothing
CUST00011,2023-11-05,130.95,Dining
CUST00011,2024-11-17,84.09,Electronics
CUST00011,2023-10-13,226.9,Dining
CUST00011,2023-01-16,9.76,Travel
CUST00011,2024-05-31,20.08,Clothing
CUST00011,2023-03-23,29.14,Grocery
CUST00011,2024-03-31,13.02,Electronics
CUST00011,2023-05-04,64.21,Electronics
CUST00011,2022-12-07,135.11,Grocery
CUST00011,2024-10-17,95.39,Electronics
CUST00011,2023-08-28,174.49,Grocery
CUST00011,2023-03-05,15.91,Travel
CUST00011,2025-06-14,184.76,Clothing
CUST00011,2024-08-18,44.52,Dining
CUST00011,2025-06-02,33.75,Dining
CUST00011,2023-04-01,103.79,Electronics
CUST00011,2023-09-27,145.46,Electronics
CUST00011,2023-05-14,63.62,Clothing
CUST00011,2025-05-30,56.87,Electronics
CUST00011,2023-02-14,26.01,Dining
CUST00011,2024-10-19,40.26,Grocery
CUST00011,2023-07-22,220.37,Grocery
CUST00011,2022-12-15,197.12,Dining
CUST00011,2025-02-07,233.08,Electronics
CUST00011,2025-06-13,185.62,Clothing
CUST00011,2022-11-05,52.64,Dining
CUST00011,2023-02-06,77.96,Travel
CUST00011,2023-04-20,28.4,Clothing
CUST00011,2025-06-22,69.58,Grocery
CUST00011,2024-04-08,249.1,Dining
CUST00011,2025-05-04,130.72,Clothing
CUST00011,2023-12-19,147.21,Dining
CUST00011,2023-08-17,142.45,Travel
CUST00011,2024-08-29,38.37,Clothing
CUST00011,2023-03-14,493.2,Grocery
CUST00011,2023-12-08,211.25,Grocery
CUST00011,2025-03-18,30.34,Dining
CUST00011,2025-06-12,100.81,Travel
CUST00011,2023-07-02,19.97,Clothing
CUST00011,2023-05-08,15.78,Travel
CUST00011,2023-04-21,7.23,Travel
CUST00011,2024-06-28,22.48,Grocery
CUST00011,2024-01-06,26.83,Dining
CUST00011,2024-08-21,32.25,Dining
CUST00011,2024-06-03,120.05,Clothing
CUST00011,2024-03-24,233.41,Travel
CUST00011,2024-08-05,288.92,Electronics
CUST00011,2022-11-30,12.34,Dining
CUST00011,2024-09-14,48.23,Travel
CUST00011,2024-02-25,24.67,Grocery
CUST00012,2022-01-12,48.33,Electronics
CUST00012,2023-08-24,22.4,Clothing
CUST00012,2022-05-17,99.78,Electronics
CUST00012,2025-05-15,102.72,Clothing
CUST00012,2022-11-21,63.51,Clothing
CUST00012,2022-09-12,40.8,Travel
CUST00012,2022-11-11,108.14,Travel
CUST00012,2023-02-13,58.83,Dining
CUST00012,2024-10-22,205.12,Grocery
CUST00012,2021-08-22,73.98,Grocery
CUST00012,2021-11-20,110.85,Grocery
CUST00012,2021-07-24,89.48,Grocery
CUST00012,2024-04-05,31.24,Electronics
CUST00012,2023-01-01,9.02,Travel
CUST00012,2022-01-20,51.38,Electronics
CUST00012,2021-10-23,57.96,Dining
CUST00012,2022-12-07,447.27,Electronics
CUST00012,2022-04-07,15.97,Grocery
CUST00012,2021-09-16,180.62,Travel
CUST00012,2024-07-16,20.91,Grocery
CUST00012,2025-06-23,21.21,Grocery
CUST00012,2024-01-20,95.74,Travel
CUST00012,2021-10-07,116.61,Dining
CUST00012,2024-11-12,5.87,Grocery
CUST00012,2021-10-23,102.37,Clothing
CUST00012,2021-06-17,109.46,Dining
CUST00012,2025-06-23,26.08,Electronics
CUST00012,2022-10-05,11.07,Grocery
CUST00012,2022-11-15,17.0,Clothing
CUST00012,2022-07-03,193.53,Clothing
CUST00012,2021-09-14,19.0,Grocery
CUST00012,2024-07-21,63.24,Electronics
CUST00012,2021-07-22,99.75,Grocery
CUST00012,2023-04-11,20.1,Electronics
CUST00012,2022-09-24,45.2,Travel
CUST00012,2021-11-12,94.67,Travel
CUST00012,2023-03-17,110.84,Electronics
CUST00012,2024-08-09,56.46,Travel
CUST00012,2023-01-12,424.45,Travel
CUST00012,2025-03-06,27.09,Electronics
CUST00012,2022-10-01,184.0,Travel
CUST00012,2022-02-16,54.39,Clothing
CUST00012,2024-03-15,34.88,Electronics
CUST00012,2024-03-30,9.59,Dining
CUST00012,2024-09-17,28.2,Grocery
CUST00012,2023-04-26,92.08,Dining
CUST00012,2023-09-12,125.02,Grocery
CUST00012,2021-11-13,277.66,Dining
CUST00012,2025-04-28,407.24,Electronics
CUST00012,2024-11-21,43.22,Electronics
CUST00012,2022-05-22,38.25,Clothing
CUST00012,2024-12-19,55.03,Electronics
CUST00012,2024-07-07,53.2,Dining
CUST00012,2022-11-22,12.32,Dining
CUST00012,2023-09-04,364.4,Dining
CUST00012,2023-09-03,21.84,Grocery
CUST00012,2023-09-24,29.25,Electronics
CUST00012,2023-04-12,32.41,Clothing
CUST00012,2025-01-17,164.83,Travel
CUST00012,2021-11-24,26.37,Electronics
CUST00012,2025-05-18,45.39,Travel
CUST00012,2023-09-05,126.58,Grocery
CUST00012,2025-07-16,54.46,Electronics
CUST00012,2023-06-10,45.52,Electronics
CUST00012,2022-08-18,34.99,Grocery
CUST00012,2024-02-17,23.86,Clothing
CUST00012,2024-01-05,139.24,Travel
CUST00012,2023-09-15,30.74,Travel
CUST00012,2025-04-07,29.76,Electronics
CUST00012,2022-11-23,54.75,Electronics
CUST00012,2023-12-26,5.72,Dining
CUST00012,2021-07-07,50.97,Electronics
CUST00012,2023-10-28,69.23,Travel
CUST00012,2025-03-24,79.79,Dining
CUST00012,2021-06-29,102.56,Clothing
CUST00012,2025-04-16,104.53,Dining
CUST00012,2024-11-05,39.71,Clothing
CUST00012,2022-01-08,119.9,Travel
CUST00012,2025-02-18,6.8,Clothing
CUST00012,2023-07-24,49.86,Grocery
CUST00012,2025-03-25,49.14,Dining
CUST00012,2024-12-14,9.4,Clothing
CUST00012,2024-12-01,39.71,Grocery
CUST00012,2023-10-05,74.63,Clothing
CUST00012,2022-11-25,71.68,Grocery
CUST00012,2021-09-07,42.31,Travel
CUST00012,2025-01-11,29.17,Grocery
CUST00012,2024-12-13,67.75,Electronics
CUST00012,2021-07-06,33.04,Grocery
CUST00012,2024-10-17,166.96,Electronics
CUST00012,2023-06-24,213.07,Dining
CUST00012,2024-01-30,69.01,Grocery
CUST00012,2022-01-26,35.02,Travel
CUST00012,2025-06-24,15.97,Travel
CUST00012,2023-10-05,77.38,Clothing
CUST00012,2021-10-26,54.54,Dining
CUST00012,2023-03-30,165.48,Travel
CUST00012,2025-01-16,33.86,Grocery
CUST00012,2023-10-07,175.81,Travel
CUST00012,2023-06-30,31.49,Clothing
CUST00012,2025-01-19,27.3,Travel
CUST00012,2023-08-29,79.43,Electronics
CUST00012,2023-08-01,115.61,Clothing
CUST00012,2022-06-24,85.19,Travel
CUST00012,2024-12-19,453.05,Dining
CUST00012,2024-11-23,22.82,Dining
CUST00012,2021-12-24,52.68,Travel
CUST00012,2023-01-24,64.48,Grocery
CUST00012,2025-01-26,181.18,Electronics
CUST00013,2022-05-22,298.03,Clothing
CUST00013,2022-09-12,24.47,Electronics
CUST00013,2023-11-12,8.1,Clothing
CUST00013,2022-12-02,18.13,Dining
CUST00013,2022-09-15,18.34,Clothing
CUST00013,2022-06-04,100.21,Dining
CUST00013,2025-06-11,18.9,Dining
CUST00013,2024-12-16,102.0,Grocery
CUST00013,2024-01-19,106.43,Grocery
CUST00013,2025-04-29,93.34,Travel
CUST00013,2024-11-03,73.06,Dining
CUST00013,2023-10-10,60.09,Travel
CUST00013,2025-06-21,60.67,Travel
CUST00013,2023-11-30,36.72,Electronics
CUST00013,2024-09-21,43.99,Dining
CUST00013,2023-08-28,194.97,Clothing
CUST00013,2022-11-15,161.21,Dining
CUST00013,2022-07-02,65.09,Travel
CUST00013,2022-02-25,8.79,Grocery
CUST00013,2021-11-24,395.32,Travel
CUST00013,2023-04-02,11.48,Dining
CUST00013,2023-10-29,126.8,Clothing
CUST00013,2025-04-12,226.43,Clothing
CUST00013,2024-04-28,19.82,Travel
CUST00013,2023-12-24,175.17,Clothing
CUST00013,2022-11-18,14.08,Clothing
CUST00013,2023-10-21,42.09,Dining
CUST00013,2024-06-14,10.15,Grocery
CUST00013,2023-03-21,118.87,Dining
CUST00013,2022-07-11,81.61,Grocery
CUST00013,2024-12-08,42.68,Travel
CUST00013,2022-01-16,133.44,Electronics
CUST00013,2024-04-06,16.19,Clothing
CUST00013,2024-06-17,83.47,Clothing
CUST00013,2025-04-13,149.29,Travel
CUST00013,2025-01-10,76.33,Dining
CUST00013,2025-03-24,121.27,Clothing
CUST00013,2023-08-17,278.9,Travel
CUST00013,2024-01-21,54.28,Electronics
CUST00013,2024-06-15,316.22,Dining
CUST00013,2024-04-19,10.02,Electronics
CUST00013,2023-06-28,49.56,Electronics
CUST00013,2022-09-15,162.99,Travel
CUST00013,2024-09-25,13.76,Travel
CUST00013,2022-10-04,142.89,Grocery
CUST00013,2022-07-26,88.97,Dining
CUST00013,2022-06-08,6.96,Travel
CUST00013,2023-10-30,22.21,Electronics
CUST00013,2023-08-16,25.58,Dining
CUST00013,2024-10-03,215.33,Dining
CUST00013,2023-12-23,38.71,Travel
CUST00013,2024-04-05,97.2,Electronics
CUST00013,2021-12-17,26.8,Dining
CUST00013,2022-10-08,224.29,Travel
CUST00013,2023-02-09,26.04,Dining
CUST00013,2023-07-13,6.93,Travel
CUST00013,2023-04-27,140.1,Clothing
CUST00013,2023-04-23,68.66,Dining
CUST00013,2022-06-25,7.69,Clothing
CUST00013,2023-03-18,14.49,Electronics
CUST00013,2022-03-18,304.51,Clothing
CUST00013,2022-12-20,13.07,Clothing
CUST00013,2024-06-16,25.17,Electronics
CUST00013,2024-02-08,74.83,Grocery
CUST00013,2023-02-21,55.6,Clothing
CUST00013,2023-06-17,18.74,Clothing
CUST00013,2025-04-09,29.92,Dining
CUST00013,2023-06-26,77.55,Travel
CUST00013,2022-07-21,7.46,Dining
CUST00013,2025-01-20,124.74,Clothing
CUST00013,2024-02-27,63.91,Dining
CUST00013,2025-03-07,188.54,Dining
CUST00013,2022-06-27,48.31,Dining
CUST00013,2024-09-10,52.6,Clothing
CUST00013,2021-11-07,55.96,Travel
CUST00013,2024-04-17,93.58,Travel
CUST00013,2025-01-18,97.12,Clothing
CUST00013,2025-08-01,97.87,Travel
CUST00013,2023-02-02,134.15,Electronics
CUST00013,2023-05-09,393.11,Grocery
CUST00013,2025-02-03,100.39,Clothing
CUST00013,2024-10-03,84.85,Dining
CUST00013,2022-05-10,161.03,Travel
CUST00013,2023-04-17,53.27,Electronics
CUST00013,2024-06-12,142.53,Travel
CUST00013,2022-08-15,41.26,Grocery
CUST00013,2023-06-02,64.43,Dining
CUST00013,2021-12-15,88.65,Travel
CUST00013,2024-09-22,12.61,Dining
CUST00013,2025-01-26,144.8,Dining
CUST00013,2022-04-17,54.41,Electronics
CUST00013,2023-10-09,19.42,Travel
CUST00013,2024-02-10,115.99,Travel
CUST00013,2025-01-25,52.6,Electronics
CUST00013,2025-02-24,31.66,Dining
CUST00013,2022-09-24,15.21,Travel
CUST00013,2021-12-26,37.08,Grocery
CUST00013,2022-10-30,43.8,Electronics
CUST00013,2023-04-15,72.35,Travel
CUST00013,2023-07-20,18.21,Dining
CUST00013,2023-12-01,52.76,Grocery
CUST00013,2022-07-22,32.32,Electronics
CUST00013,2021-12-12,16.01,Clothing
CUST00013,2023-05-31,22.58,Grocery
CUST00013,2023-01-24,16.64,Electronics
CUST00013,2024-12-04,25.99,Travel
CUST00013,2022-12-13,10.01,Dining
CUST00013,2025-04-16,11.09,Electronics
CUST00013,2023-12-23,68.43,Travel
CUST00013,2025-07-12,115.06,Clothing
CUST00013,2023-03-29,82.65,Travel
CUST00013,2021-12-30,87.62,Electronics
CUST00013,2022-04-22,110.9,Grocery
CUST00013,2022-03-06,21.49,Travel
CUST00014,2024-01-23,63.22,Grocery
CUST00014,2024-01-30,172.24,Electronics
CUST00014,2024-10-20,109.63,Travel
CUST00014,2024-01-05,9.56,Travel
CUST00014,2024-09-02,178.88,Dining
CUST00014,2024-11-23,287.82,Travel
CUST00014,2024-07-01,141.47,Dining
CUST00014,2024-03-06,9.11,Grocery
CUST00014,2023-10-19,187.26,Electronics
CUST00014,2024-12-22,77.42,Grocery
CUST00014,2024-01-29,148.9,Clothing
CUST00014,2025-04-24,9.96,Clothing
CUST00014,2023-12-18,24.99,Travel
CUST00014,2024-11-21,17.76,Grocery
CUST00014,2024-04-21,27.12,Clothing
CUST00014,2024-01-11,22.5,Clothing
CUST00014,2023-09-01,75.86,Grocery
CUST00014,2024-09-22,24.11,Electronics
CUST00014,2023-10-26,68.08,Grocery
CUST00014,2025-07-12,61.49,Clothing
CUST00014,2023-06-19,81.58,Clothing
CUST00014,2024-04-25,11.26,Dining
CUST00014,2025-03-13,10.48,Grocery
CUST00014,2025-01-15,122.14,Electronics
CUST00014,2024-03-07,38.88,Clothing
CUST00014,2024-05-05,5.27,Electronics
CUST00014,2024-04-15,124.63,Electronics
CUST00014,2024-03-23,319.67,Travel
CUST00014,2025-06-19,248.53,Dining
CUST00014,2023-10-12,13.85,Dining
CUST00014,2024-08-10,54.74,Travel
CUST00014,2024-05-07,97.23,Clothing
CUST00014,2024-04-19,114.87,Grocery
CUST00014,2025-07-03,78.93,Travel
CUST00014,2024-06-18,9.76,Electronics
CUST00014,2024-02-07,5.5,Dining
CUST00014,2025-03-20,49.04,Travel
CUST00014,2024-07-15,24.15,Dining
CUST00014,2024-05-16,28.84,Travel
CUST00014,2024-05-11,83.16,Travel
CUST00014,2025-02-24,106.32,Grocery
CUST00014,2024-10-13,44.41,Electronics
CUST00014,2023-07-13,48.38,Clothing
CUST00014,2025-04-14,23.85,Clothing
CUST00014,2023-09-08,79.17,Clothing
CUST00014,2025-06-07,116.65,Grocery
CUST00014,2024-12-10,64.71,Grocery
CUST00014,2024-01-24,32.24,Dining
CUST00014,2024-09-03,31.54,Travel
CUST00014,2024-02-02,6.04,Grocery
CUST00014,2025-02-07,60.43,Electronics
CUST00014,2025-04-22,42.94,Clothing
CUST00014,2024-01-08,160.25,Electronics
CUST00014,2024-11-18,53.48,Grocery
CUST00014,2024-10-24,212.95,Travel
CUST00014,2024-11-07,127.53,Dining
CUST00014,2024-03-31,200.34,Dining
CUST00014,2024-05-17,37.59,Dining
CUST00014,2025-03-31,12.05,Grocery
CUST00014,2025-01-16,60.23,Dining
CUST00014,2023-08-07,195.26,Dining
CUST00014,2023-09-10,70.05,Travel
CUST00014,2023-07-20,120.28,Dining
CUST00014,2025-05-14,14.97,Clothing
CUST00014,2024-08-09,74.35,Electronics
CUST00014,2024-05-27,164.75,Clothing
CUST00014,2025-03-02,90.23,Dining
CUST00014,2023-11-10,6.58,Electronics
CUST00014,2024-08-14,104.03,Dining
CUST00014,2024-07-10,76.44,Dining
CUST00014,2024-11-22,88.48,Grocery
CUST00014,2024-09-04,32.8,Clothing
CUST00014,2023-07-21,49.95,Grocery
CUST00014,2024-04-05,46.34,Clothing
CUST00014,2024-10-26,9.98,Electronics
CUST00014,2023-06-03,113.73,Clothing
CUST00014,2024-08-17,70.24,Grocery
CUST00014,2024-09-20,19.75,Grocery
CUST00014,2025-05-23,45.3,Clothing
CUST00014,2024-11-03,57.17,Travel
CUST00014,2023-12-29,397.23,Dining
CUST00014,2024-11-23,126.29,Clothing
CUST00014,2025-01-24,119.13,Clothing
CUST00014,2024-09-14,153.92,Grocery
CUST00014,2023-08-05,54.89,Electronics
CUST00014,2023-11-09,175.56,Electronics
CUST00014,2024-07-17,6.39,Grocery
CUST00014,2024-06-18,160.52,Electronics
CUST00014,2024-01-01,105.61,Travel
CUST00014,2025-02-06,63.82,Electronics
CUST00014,2024-12-27,100.86,Grocery
CUST00014,2024-06-16,26.22,Grocery
CUST00014,2024-09-03,19.34,Electronics
CUST00014,2025-04-08,127.34,Dining
CUST00014,2025-06-12,22.28,Travel
CUST00014,2024-06-13,42.27,Grocery
CUST00014,2023-10-01,16.12,Travel
CUST00014,2023-08-14,106.77,Clothing
CUST00014,2023-10-14,107.82,Clothing
CUST00014,2024-03-14,41.94,Clothing
CUST00015,2023-07-03,165.32,Travel
CUST00015,2024-12-05,76.81,Dining
CUST00015,2024-06-14,11.3,Clothing
CUST00015,2023-07-29,32.54,Clothing
CUST00015,2022-07-15,123.41,Grocery
CUST00015,2024-10-06,154.11,Clothing
CUST00015,2021-02-14,15.98,Clothing
CUST00015,2024-05-11,148.13,Clothing
CUST00015,2023-06-18,276.01,Travel
CUST00015,2022-05-11,90.68,Clothing
CUST00015,2021-12-04,148.75,Clothing
CUST00015,2025-05-18,33.71,Electronics
CUST00015,2023-09-11,77.87,Grocery
CUST00015,2023-04-12,14.93,Grocery
CUST00015,2021-04-01,33.53,Dining
CUST00015,2023-10-26,306.41,Clothing
CUST00015,2021-02-07,8.26,Electronics
CUST00015,2021-11-19,12.06,Travel
CUST00015,2022-09-17,54.77,Grocery
CUST00015,2021-11-04,75.01,Electronics
CUST00015,2021-08-15,158.69,Grocery
CUST00015,2023-03-17,84.71,Travel
CUST00015,2023-02-02,137.81,Electronics
CUST00015,2023-01-16,459.5,Dining
CUST00015,2021-02-10,49.95,Electronics
CUST00015,2023-03-07,21.14,Electronics
CUST00015,2023-08-15,89.99,Grocery
CUST00015,2025-05-25,254.5,Clothing
CUST00015,2023-12-19,119.84,Clothing
CUST00015,2021-07-10,18.22,Grocery
CUST00015,2022-08-14,63.87,Clothing
CUST00015,2023-01-29,20.92,Electronics
CUST00015,2021-03-03,484.5,Dining
CUST00015,2024-09-21,11.63,Electronics
CUST00015,2024-05-10,102.64,Electronics
CUST00015,2022-12-22,51.82,Grocery
CUST00015,2025-04-24,59.78,Electronics
CUST00015,2025-01-26,35.01,Dining
CUST00015,2025-05-28,11.27,Travel
CUST00015,2024-09-27,12.43,Electronics
CUST00015,2021-10-20,27.36,Electronics
CUST00015,2021-03-31,28.84,Electronics
CUST00015,2025-04-25,68.45,Travel
CUST00015,2024-01-29,58.36,Dining
CUST00015,2022-02-13,23.71,Dining
CUST00015,2021-07-16,101.03,Clothing
CUST00015,2021-07-10,463.21,Grocery
CUST00015,2021-10-02,13.46,Grocery
CUST00015,2021-03-14,64.07,Travel
CUST00015,2024-01-13,122.49,Electronics
CUST00015,2023-01-28,22.53,Travel
CUST00015,2023-06-24,55.5,Electronics
CUST00015,2022-07-24,66.96,Travel
CUST00015,2022-05-30,215.7,Travel
CUST00015,2024-11-25,93.12,Dining
CUST00015,2023-02-16,310.24,Grocery
CUST00015,2022-08-27,20.88,Grocery
CUST00015,2022-02-02,248.06,Clothing
CUST00015,2021-10-21,68.52,Grocery
CUST00015,2025-07-11,23.73,Dining
CUST00015,2024-05-17,131.51,Travel
CUST00015,2024-01-11,31.01,Travel
CUST00015,2024-05-25,12.51,Electronics
CUST00015,2021-11-28,137.6,Dining
CUST00015,2021-06-25,36.3,Clothing
CUST00015,2023-09-23,183.23,Travel
CUST00015,2021-04-05,39.47,Travel
CUST00015,2024-08-16,13.74,Grocery
CUST00015,2021-03-27,102.3,Electronics
CUST00015,2024-10-22,79.25,Travel
CUST00015,2024-02-03,27.68,Grocery
CUST00015,2022-11-12,11.06,Dining
CUST00015,2022-07-20,98.95,Grocery
CUST00015,2021-03-01,59.99,Clothing
CUST00015,2023-03-11,36.91,Dining
CUST00015,2025-01-26,31.33,Electronics
CUST00015,2022-05-14,351.11,Travel
CUST00015,2024-09-30,47.11,Dining
CUST00015,2021-04-25,61.57,Travel
CUST00015,2021-09-22,44.11,Dining
CUST00015,2022-07-02,43.23,Clothing
CUST00015,2023-01-20,121.94,Electronics
CUST00015,2023-04-19,106.5,Electronics
CUST00015,2022-03-26,31.5,Clothing
CUST00015,2024-11-02,160.24,Travel
CUST00015,2023-07-08,316.81,Dining
CUST00015,2023-10-26,41.26,Dining
CUST00015,2023-07-26,84.49,Travel
CUST00015,2022-03-20,106.75,Grocery
CUST00015,2023-12-06,256.84,Dining
CUST00015,2022-02-16,86.62,Clothing
CUST00015,2022-04-24,22.5,Clothing
CUST00015,2025-06-06,41.87,Clothing
CUST00015,2023-12-24,198.81,Travel
CUST00015,2023-10-09,150.13,Clothing
CUST00015,2021-12-20,112.4,Electronics
CUST00015,2021-11-18,48.8,Dining
CUST00015,2023-12-27,22.21,Grocery
CUST00015,2023-01-11,304.86,Travel
CUST00015,2024-07-21,164.76,Electronics
CUST00015,2021-03-08,23.76,Travel
CUST00015,2023-05-23,86.42,Dining
CUST00015,2022-08-22,11.45,Grocery
CUST00015,2024-08-17,24.05,Travel
CUST00015,2025-03-17,15.77,Grocery
CUST00015,2022-02-14,597.22,Travel
CUST00015,2022-05-28,236.07,Grocery
CUST00015,2021-08-05,57.82,Grocery
CUST00016,2025-07-29,140.57,Dining
CUST00016,2025-06-11,70.25,Travel
CUST00016,2025-01-02,49.21,Travel
CUST00016,2024-11-24,76.31,Electronics
CUST00016,2024-10-18,68.4,Electronics
CUST00016,2024-05-19,25.94,Clothing
CUST00016,2024-07-13,119.48,Grocery
CUST00016,2024-07-14,63.97,Electronics
CUST00016,2024-12-12,14.63,Grocery
CUST00016,2024-07-29,121.03,Clothing
CUST00016,2025-03-29,6.98,Grocery
CUST00016,2024-12-15,59.42,Electronics
CUST00016,2024-11-21,54.43,Electronics
CUST00016,2025-03-15,9.61,Electronics
CUST00016,2025-03-02,105.51,Travel
CUST00016,2024-10-17,89.27,Travel
CUST00016,2024-09-10,26.67,Grocery
CUST00016,2025-05-27,162.23,Electronics
CUST00016,2024-12-20,20.28,Travel
CUST00016,2024-05-16,10.74,Dining
CUST00016,2025-03-25,14.09,Grocery
CUST00016,2024-09-04,21.79,Grocery
CUST00016,2024-06-18,351.98,Travel
CUST00016,2025-07-18,36.62,Travel
CUST00016,2025-06-28,219.86,Electronics
CUST00016,2024-09-09,50.17,Electronics
CUST00016,2025-06-11,182.44,Clothing
CUST00016,2025-01-24,88.43,Electronics
CUST00016,2024-05-14,47.94,Clothing
CUST00016,2024-12-24,160.51,Dining
CUST00016,2025-03-25,16.65,Clothing
CUST00016,2025-05-08,11.67,Dining
CUST00016,2025-02-07,128.1,Clothing
CUST00016,2024-05-13,226.51,Travel
CUST00016,2024-08-18,74.42,Grocery
CUST00016,2025-01-26,13.5,Grocery
CUST00016,2025-02-25,136.73,Travel
CUST00016,2025-05-08,41.62,Travel
CUST00016,2025-07-19,7.65,Clothing
CUST00016,2024-10-03,70.13,Dining
CUST00016,2024-12-01,34.37,Clothing
CUST00016,2024-09-28,55.84,Dining
CUST00016,2025-01-17,273.5,Travel
CUST00016,2025-01-20,23.98,Travel
CUST00016,2025-07-04,13.82,Grocery
CUST00016,2025-01-20,166.58,Dining
CUST00016,2025-01-21,256.52,Travel
CUST00016,2024-04-30,127.19,Electronics
CUST00016,2025-02-14,30.82,Grocery
CUST00016,2025-06-14,118.63,Electronics
CUST00016,2024-07-25,51.22,Travel
CUST00016,2025-07-23,35.68,Travel
CUST00016,2024-05-02,23.89,Dining
CUST00016,2025-02-08,146.58,Clothing
CUST00016,2024-07-12,68.89,Travel
CUST00016,2024-06-04,107.03,Grocery
CUST00016,2025-06-30,108.39,Travel
CUST00016,2024-06-21,123.11,Clothing
CUST00016,2024-11-01,131.89,Travel
CUST00016,2024-06-06,33.1,Dining
CUST00016,2024-12-03,32.54,Clothing
CUST00016,2025-05-29,28.03,Electronics
CUST00016,2025-06-16,6.07,Dining
CUST00016,2025-07-18,125.07,Clothing
CUST00016,2025-06-18,9.56,Grocery
CUST00016,2024-12-27,64.15,Grocery
CUST00016,2024-05-13,25.93,Electronics
CUST00016,2025-04-04,21.84,Clothing
CUST00016,2025-07-30,58.5,Travel
CUST00016,2025-06-30,36.37,Grocery
CUST00016,2024-07-28,38.05,Dining
CUST00016,2024-05-23,71.59,Electronics
CUST00016,2025-06-11,51.29,Grocery
CUST00016,2025-04-25,60.25,Electronics
CUST00016,2024-09-17,8.62,Dining
CUST00016,2024-10-01,261.21,Grocery
CUST00016,2024-07-09,59.7,Electronics
CUST00016,2024-08-22,38.25,Travel
CUST00016,2024-12-07,18.43,Grocery
CUST00016,2025-03-29,85.74,Grocery
CUST00016,2024-05-29,97.32,Dining
CUST00016,2024-10-17,10.37,Clothing
CUST00016,2025-07-04,41.46,Dining
CUST00016,2024-05-27,119.02,Clothing
CUST00016,2025-02-12,46.45,Dining
CUST00016,2025-01-06,15.85,Travel
CUST00016,2025-08-01,80.55,Travel
CUST00016,2025-04-20,24.27,Electronics
CUST00016,2024-12-15,307.67,Travel
CUST00016,2024-12-30,73.4,Grocery
CUST00016,2024-05-27,294.8,Grocery
CUST00016,2024-11-28,84.96,Dining
CUST00016,2024-12-30,53.69,Travel
CUST00016,2025-04-28,54.45,Dining
CUST00016,2025-07-02,19.74,Dining
CUST00016,2025-07-15,135.47,Clothing
CUST00016,2024-05-13,51.32,Clothing
CUST00016,2025-06-09,260.59,Travel
CUST00016,2024-10-02,96.34,Travel
CUST00016,2025-02-16,39.72,Travel
CUST00016,2024-05-18,21.76,Travel
CUST00017,2024-10-12,72.23,Grocery
CUST00017,2024-05-27,46.95,Clothing
CUST00017,2021-07-06,86.72,Travel
CUST00017,2021-03-08,196.68,Electronics
CUST00017,2023-03-13,40.18,Travel
CUST00017,2021-04-28,73.43,Electronics
CUST00017,2020-12-31,17.16,Grocery
CUST00017,2023-09-21,27.57,Grocery
CUST00017,2020-11-07,47.19,Electronics
CUST00017,2023-11-24,185.41,Travel
CUST00017,2024-10-30,6.58,Clothing
CUST00017,2022-08-27,78.05,Clothing
CUST00017,2020-11-20,17.0,Travel
CUST00017,2021-07-14,30.45,Clothing
CUST00017,2025-05-30,458.89,Electronics
CUST00017,2024-04-18,60.33,Dining
CUST00017,2021-04-12,11.31,Clothing
CUST00017,2021-12-07,287.3,Clothing
CUST00017,2022-07-20,53.44,Electronics
CUST00017,2022-03-05,8.5,Clothing
CUST00017,2022-02-07,5.35,Dining
CUST00017,2022-11-23,57.3,Clothing
CUST00017,2024-11-14,40.38,Travel
CUST00017,2023-09-20,46.4,Travel
CUST00017,2022-04-10,110.24,Electronics
CUST00017,2024-10-16,20.5,Electronics
CUST00017,2021-04-26,7.37,Grocery
CUST00017,2023-11-25,178.19,Grocery
CUST00017,2023-10-08,23.69,Clothing
CUST00017,2023-12-09,35.37,Electronics
CUST00017,2021-05-08,22.75,Dining
CUST00017,2020-10-17,211.85,Grocery
CUST00017,2021-12-17,56.93,Grocery
CUST00017,2023-11-08,59.31,Clothing
CUST00017,2021-06-01,11.72,Electronics
CUST00017,2023-07-11,67.08,Dining
CUST00017,2022-02-10,33.75,Electronics
CUST00017,2024-03-14,73.32,Clothing
CUST00017,2024-02-04,69.89,Grocery
CUST00017,2023-12-10,67.36,Electronics
CUST00017,2024-11-11,5.46,Grocery
CUST00017,2023-10-06,109.49,Grocery
CUST00017,2020-09-13,66.8,Clothing
CUST00017,2024-07-04,10.17,Dining
CUST00017,2023-10-08,127.82,Travel
CUST00017,2023-04-14,9.44,Electronics
CUST00017,2024-09-15,135.88,Clothing
CUST00017,2024-04-13,65.85,Clothing
CUST00017,2021-12-30,72.23,Clothing
CUST00017,2023-11-08,29.18,Clothing
CUST00017,2024-12-19,40.64,Grocery
CUST00017,2024-06-18,17.56,Clothing
CUST00017,2023-07-18,53.68,Dining
CUST00017,2020-11-22,202.46,Electronics
CUST00017,2021-11-04,42.65,Grocery
CUST00017,2024-01-17,17.15,Dining
CUST00017,2022-11-16,204.56,Clothing
CUST00017,2024-03-15,65.2,Dining
CUST00017,2022-10-24,61.37,Clothing
CUST00017,2024-01-06,65.61,Clothing
CUST00017,2023-09-06,90.22,Travel
CUST00017,2022-04-06,36.66,Grocery
CUST00017,2020-12-05,12.24,Dining
CUST00017,2022-04-19,354.57,Electronics
CUST00017,2021-02-08,45.8,Travel
CUST00017,2021-05-07,72.42,Dining
CUST00017,2022-08-25,264.82,Dining
CUST00017,2023-11-13,14.44,Grocery
CUST00017,2021-02-07,5.17,Electronics
CUST00017,2020-12-25,17.59,Grocery
CUST00017,2021-12-01,274.48,Electronics
CUST00017,2024-04-30,182.69,Grocery
CUST00017,2021-06-29,23.44,Electronics
CUST00017,2022-06-26,45.91,Dining
CUST00017,2022-08-02,6.07,Clothing
CUST00017,2021-09-12,170.36,Dining
CUST00017,2021-10-09,43.14,Clothing
CUST00017,2024-04-15,133.02,Electronics
CUST00017,2021-06-10,156.68,Electronics
CUST00017,2020-09-26,190.54,Dining
CUST00017,2025-05-14,15.41,Clothing
CUST00017,2021-11-15,91.8,Travel
CUST00017,2021-01-15,130.93,Dining
CUST00017,2021-11-12,10.04,Electronics
CUST00017,2021-03-27,322.42,Dining
CUST00017,2022-03-21,170.39,Dining
CUST00017,2022-02-06,89.94,Travel
CUST00017,2022-11-16,27.29,Dining
CUST00017,2023-12-22,8.67,Grocery
CUST00017,2021-04-11,50.45,Electronics
CUST00017,2024-07-27,219.39,Clothing
CUST00017,2021-10-03,39.35,Clothing
CUST00017,2025-07-27,240.28,Grocery
CUST00017,2023-12-05,26.83,Grocery
CUST00017,2023-12-01,178.97,Travel
CUST00017,2024-04-18,95.72,Electronics
CUST00017,2023-03-19,36.1,Clothing
CUST00017,2022-07-23,97.57,Dining
CUST00017,2023-01-04,88.01,Dining
CUST00017,2022-12-16,61.11,Grocery
CUST00017,2024-09-21,33.62,Grocery
CUST00017,2020-10-30,16.45,Electronics
CUST00017,2025-02-17,238.57,Dining
CUST00018,2023-12-12,66.37,Dining
CUST00018,2023-12-13,459.3,Electronics
CUST00018,2024-10-08,170.58,Travel
CUST00018,2024-09-10,133.74,Grocery
CUST00018,2024-11-26,77.11,Dining
CUST00018,2025-07-17,54.35,Dining
CUST00018,2025-03-15,30.17,Clothing
CUST00018,2023-07-23,84.15,Travel
CUST00018,2024-08-20,70.82,Dining
CUST00018,2023-09-16,74.86,Travel
CUST00018,2024-07-27,10.73,Clothing
CUST00018,2023-12-30,81.61,Electronics
CUST00018,2024-03-08,111.38,Travel
CUST00018,2024-06-29,33.18,Dining
CUST00018,2024-09-26,26.42,Electronics
CUST00018,2024-12-10,7.8,Dining
CUST00018,2025-07-03,14.07,Travel
CUST00018,2025-03-12,38.0,Electronics
CUST00018,2024-05-13,100.49,Dining
CUST00018,2024-10-29,140.92,Electronics
CUST00018,2025-02-17,12.77,Electronics
CUST00018,2024-09-15,11.81,Travel
CUST00018,2024-07-04,48.28,Dining
CUST00018,2024-03-15,362.11,Grocery
CUST00018,2025-04-25,106.07,Dining
CUST00018,2024-01-03,87.88,Electronics
CUST00018,2023-11-22,87.78,Electronics
CUST00018,2024-02-08,157.54,Grocery
CUST00018,2025-06-03,213.99,Dining
CUST00018,2024-09-30,71.52,Dining
CUST00018,2024-12-17,35.86,Electronics
CUST00018,2024-02-23,10.8,Travel
CUST00018,2025-06-25,19.59,Dining
CUST00018,2023-09-30,137.04,Dining
CUST00018,2023-08-06,75.11,Electronics
CUST00018,2025-03-29,24.42,Travel
CUST00018,2025-05-15,99.81,Clothing
CUST00018,2024-07-17,12.38,Clothing
CUST00018,2025-05-29,179.46,Travel
CUST00018,2024-10-22,9.7,Dining
CUST00018,2024-10-18,233.97,Grocery
CUST00018,2025-01-22,85.18,Clothing
CUST00018,2024-02-29,10.04,Clothing
CUST00018,2024-02-06,15.82,Grocery
CUST00018,2025-06-21,14.46,Dining
CUST00018,2025-02-09,51.81,Electronics
CUST00018,2023-08-27,50.3,Clothing
CUST00018,2024-07-02,28.77,Dining
CUST00018,2024-03-20,274.26,Dining
CUST00018,2024-06-19,45.2,Dining
CUST00018,2024-05-09,64.1,Travel
CUST00018,2024-10-31,65.84,Electronics
CUST00018,2024-11-12,184.02,Electronics
CUST00018,2023-10-23,247.77,Electronics
CUST00018,2024-01-08,52.04,Travel
CUST00018,2023-12-22,255.24,Grocery
CUST00018,2025-03-06,67.19,Clothing
CUST00018,2024-10-13,12.43,Travel
CUST00018,2024-11-13,5.12,Travel
CUST00018,2025-07-05,253.2,Electronics
CUST00018,2024-11-17,54.78,Dining
CUST00018,2024-01-22,117.63,Travel
CUST00018,2025-07-06,88.53,Clothing
CUST00018,2024-04-08,108.94,Clothing
CUST00018,2023-08-08,62.97,Clothing
CUST00018,2025-04-28,319.04,Travel
CUST00018,2023-12-13,31.3,Dining
CUST00018,2025-02-18,135.56,Travel
CUST00018,2024-01-03,63.71,Dining
CUST00018,2024-01-25,50.16,Dining
CUST00018,2023-12-23,92.1,Clothing
CUST00018,2024-04-13,151.87,Electronics
CUST00018,2024-11-20,213.77,Clothing
CUST00018,2023-10-01,6.34,Travel
CUST00018,2025-05-08,48.0,Clothing
CUST00018,2025-07-19,209.74,Dining
CUST00018,2025-01-16,104.42,Travel
CUST00018,2023-08-18,119.59,Grocery
CUST00018,2025-07-18,37.72,Travel
CUST00018,2024-01-16,117.48,Grocery
CUST00018,2025-07-08,64.94,Electronics
CUST00018,2023-11-09,17.01,Dining
CUST00018,2024-06-09,65.69,Clothing
CUST00018,2023-09-15,294.32,Dining
CUST00018,2023-07-27,79.71,Dining
CUST00018,2025-07-07,8.7,Travel
CUST00018,2024-05-04,84.59,Electronics
CUST00018,2024-10-20,12.68,Travel
CUST00018,2025-03-01,12.12,Grocery
CUST00018,2023-12-28,32.12,Travel
CUST00018,2024-01-01,140.51,Clothing
CUST00018,2025-04-13,101.93,Grocery
CUST00018,2025-05-01,137.82,Travel
CUST00018,2025-05-25,67.48,Travel
CUST00018,2025-02-12,113.78,Travel
CUST00019,2024-07-03,7.09,Clothing
CUST00019,2024-12-22,29.92,Electronics
CUST00019,2024-12-15,36.49,Electronics
CUST00019,2023-08-30,32.78,Grocery
CUST00019,2023-09-18,57.16,Grocery
CUST00019,2023-06-17,61.93,Grocery
CUST00019,2023-06-12,236.2,Clothing
CUST00019,2025-07-31,119.41,Electronics
CUST00019,2024-11-01,51.17,Travel
CUST00019,2025-07-26,23.1,Dining
CUST00019,2025-05-18,72.25,Dining
CUST00019,2024-11-20,121.58,Dining
CUST00019,2025-01-24,34.61,Dining
CUST00019,2025-06-05,37.76,Grocery
CUST00019,2023-10-17,47.11,Dining
CUST00019,2023-09-09,236.58,Dining
CUST00019,2023-08-04,219.54,Dining
CUST00019,2024-02-19,41.49,Electronics
CUST00019,2025-03-01,89.21,Clothing
CUST00019,2025-01-16,33.12,Clothing
CUST00019,2023-05-14,115.54,Travel
CUST00019,2024-11-08,18.3,Travel
CUST00019,2023-06-12,103.98,Electronics
CUST00019,2025-01-06,56.85,Grocery
CUST00019,2023-08-14,146.48,Clothing
CUST00019,2024-07-09,35.86,Grocery
CUST00019,2025-02-25,77.46,Clothing
CUST00019,2023-12-21,70.99,Clothing
CUST00019,2024-07-19,19.4,Dining
CUST00019,2024-03-24,136.79,Travel
CUST00019,2022-10-26,42.45,Dining
CUST00019,2022-10-17,39.54,Travel
CUST00019,2024-06-24,41.7,Dining
CUST00019,2025-03-30,35.39,Electronics
CUST00019,2025-02-26,40.36,Grocery
CUST00019,2024-05-13,181.68,Grocery
CUST00019,2022-12-13,157.4,Dining
CUST00019,2023-01-29,16.1,Clothing
CUST00019,2022-12-20,22.23,Travel
CUST00019,2023-08-17,10.68,Grocery
CUST00019,2024-09-06,55.18,Electronics
CUST00019,2025-07-28,78.35,Clothing
CUST00019,2024-06-21,64.9,Electronics
CUST00019,2025-03-27,10.55,Electronics
CUST00019,2025-05-01,141.03,Dining
CUST00019,2024-09-17,39.96,Clothing
CUST00019,2023-03-30,6.05,Travel
CUST00019,2025-06-25,111.91,Grocery
CUST00019,2025-07-20,136.52,Travel
CUST00019,2023-09-30,8.31,Dining
CUST00019,2025-05-26,133.49,Dining
CUST00019,2023-06-28,115.51,Grocery
CUST00019,2023-12-29,28.82,Clothing
CUST00019,2023-12-31,57.16,Grocery
CUST00019,2025-02-15,44.39,Travel
CUST00019,2023-07-27,33.62,Clothing
CUST00019,2025-07-21,19.4,Grocery
CUST00019,2024-10-04,35.19,Clothing
CUST00019,2022-12-07,241.79,Dining
CUST00019,2022-10-12,39.48,Travel
CUST00019,2025-07-04,13.55,Grocery
CUST00019,2023-10-28,107.5,Grocery
CUST00019,2023-03-12,59.03,Dining
CUST00019,2024-05-24,15.81,Electronics
CUST00019,2023-10-06,57.41,Travel
CUST00019,2023-12-24,294.72,Grocery
CUST00019,2023-07-11,12.07,Grocery
CUST00019,2024-09-02,49.67,Grocery
CUST00019,2024-02-18,25.63,Electronics
CUST00019,2023-06-10,27.56,Clothing
CUST00019,2023-05-17,76.67,Clothing
CUST00019,2024-10-02,229.78,Electronics
CUST00019,2024-08-17,9.71,Clothing
CUST00019,2025-02-28,83.33,Travel
CUST00019,2025-01-26,40.81,Dining
CUST00019,2025-06-24,76.84,Electronics
CUST00019,2025-01-27,43.56,Clothing
CUST00019,2023-01-29,45.61,Clothing
CUST00019,2024-09-25,16.79,Travel
CUST00019,2023-11-19,22.5,Electronics
CUST00019,2025-05-17,8.45,Electronics
CUST00019,2024-08-26,52.17,Electronics
CUST00019,2025-05-05,77.83,Clothing
CUST00019,2025-02-13,110.27,Electronics
CUST00019,2024-01-19,171.3,Travel
CUST00019,2024-06-04,18.06,Clothing
CUST00019,2023-01-05,89.75,Travel
CUST00019,2024-01-17,117.56,Electronics
CUST00019,2025-06-01,143.88,Grocery
CUST00019,2023-07-27,101.1,Grocery
CUST00019,2025-07-02,28.08,Clothing
CUST00019,2023-12-24,195.72,Grocery
CUST00019,2024-04-06,71.24,Electronics
CUST00019,2025-07-21,21.88,Grocery
CUST00019,2025-06-19,16.67,Clothing
CUST00019,2022-12-06,34.24,Clothing
CUST00019,2024-10-30,53.72,Clothing
CUST00019,2023-03-20,144.31,Electronics
CUST00019,2024-03-07,133.1,Travel
CUST00019,2024-03-11,96.68,Dining
CUST00019,2023-05-31,70.72,Electronics
CUST00019,2025-02-24,30.91,Clothing
CUST00019,2024-06-02,42.72,Grocery
CUST00019,2024-11-29,187.05,Grocery
CUST00019,2023-02-04,99.9,Electronics
CUST00020,2023-12-03,252.21,Electronics
CUST00020,2023-02-19,106.8,Electronics
CUST00020,2022-07-05,25.66,Dining
CUST00020,2022-07-10,18.15,Grocery
CUST00020,2024-11-15,245.9,Dining
CUST00020,2024-11-14,49.48,Clothing
CUST00020,2022-07-08,195.96,Dining
CUST00020,2022-06-18,49.2,Travel
CUST00020,2022-12-27,44.03,Grocery
CUST00020,2024-11-09,17.7,Grocery
CUST00020,2022-04-19,59.5,Dining
CUST00020,2022-10-20,96.88,Electronics
CUST00020,2022-10-31,29.93,Electronics
CUST00020,2024-06-02,36.13,Dining
CUST00020,2022-08-12,170.19,Clothing
CUST00020,2023-03-23,33.08,Dining
CUST00020,2022-09-01,146.09,Clothing
CUST00020,2024-01-06,26.74,Travel
CUST00020,2024-10-06,43.69,Electronics
CUST00020,2022-10-22,117.5,Electronics
CUST00020,2022-07-22,17.8,Dining
CUST00020,2025-08-01,50.64,Dining
CUST00020,2025-07-31,46.12,Clothing
CUST00020,2025-02-23,140.76,Grocery
CUST00020,2025-04-12,103.93,Clothing
CUST00020,2022-05-23,85.12,Electronics
CUST00020,2022-05-30,14.18,Electronics
CUST00020,2023-03-27,9.16,Dining
CUST00020,2025-07-16,65.06,Dining
CUST00020,2024-08-13,147.34,Clothing
CUST00020,2024-03-08,281.58,Grocery
CUST00020,2024-10-06,159.47,Travel
CUST00020,2025-03-28,26.58,Electronics
CUST00020,2023-10-26,334.13,Grocery
CUST00020,2024-11-06,12.33,Dining
CUST00020,2025-06-04,200.43,Electronics
CUST00020,2025-06-14,142.72,Electronics
CUST00020,2024-07-26,44.65,Clothing
CUST00020,2025-02-01,271.66,Dining
CUST00020,2024-09-01,119.61,Electronics
CUST00020,2024-07-07,27.78,Travel
CUST00020,2022-08-17,282.18,Grocery
CUST00020,2024-02-19,61.46,Grocery
CUST00020,2022-09-25,98.77,Travel
CUST00020,2024-01-15,15.46,Electronics
CUST00020,2025-03-16,121.55,Dining
CUST00020,2023-11-01,17.13,Grocery
CUST00020,2023-11-02,5.21,Clothing
CUST00020,2022-07-06,296.95,Clothing
CUST00020,2022-12-27,25.35,Travel
CUST00020,2024-02-05,47.06,Electronics
CUST00020,2022-07-07,98.55,Travel
CUST00020,2024-04-18,53.23,Dining
CUST00020,2022-10-26,22.17,Travel
CUST00020,2024-06-19,49.01,Grocery
CUST00020,2025-07-28,34.22,Travel
CUST00020,2024-11-05,95.26,Clothing
CUST00020,2024-04-30,30.84,Grocery
CUST00020,2024-10-15,92.38,Dining
CUST00020,2022-05-03,94.12,Travel
CUST00020,2025-03-13,34.42,Grocery
CUST00020,2023-08-09,78.55,Dining
CUST00020,2025-01-07,14.07,Electronics
CUST00020,2022-12-21,11.25,Grocery
CUST00020,2024-02-15,166.98,Grocery
CUST00020,2024-07-22,92.78,Clothing
CUST00020,2023-11-09,68.92,Electronics
CUST00020,2025-02-22,370.34,Dining
CUST00020,2025-01-08,176.67,Electronics
CUST00020,2024-09-25,41.09,Dining
CUST00020,2024-03-24,56.27,Clothing
CUST00020,2023-04-05,57.75,Clothing
CUST00020,2024-07-08,265.35,Electronics
CUST00020,2023-07-02,212.43,Electronics
CUST00020,2024-02-19,122.85,Dining
CUST00020,2024-01-31,24.12,Grocery
CUST00020,2022-11-11,35.15,Clothing
CUST00020,2023-02-19,9.95,Electronics
CUST00020,2023-12-06,271.85,Grocery
CUST00020,2025-06-04,20.27,Grocery
CUST00020,2023-07-29,29.53,Electronics
CUST00020,2023-03-20,101.29,Dining
CUST00020,2022-10-30,22.96,Dining
CUST00020,2022-04-19,66.94,Grocery
CUST00020,2023-12-18,23.84,Electronics
CUST00020,2022-07-11,143.25,Clothing
CUST00020,2025-04-28,19.62,Grocery
CUST00020,2022-04-25,74.98,Grocery
CUST00020,2025-02-10,162.61,Grocery
CUST00020,2022-07-05,95.7,Electronics
CUST00020,2025-07-22,131.44,Grocery
CUST00020,2023-06-29,303.06,Electronics
CUST00020,2023-12-25,24.58,Clothing
CUST00020,2022-08-24,5.19,Travel
CUST00020,2023-02-12,20.34,Travel
CUST00020,2022-11-25,16.8,Grocery
CUST00020,2023-08-31,51.4,Grocery
CUST00020,2024-12-03,13.73,Grocery
CUST00020,2023-01-31,47.97,Electronics
CUST00020,2024-03-20,15.46,Travel
CUST00020,2025-04-29,87.73,Electronics
CUST00020,2025-03-23,19.62,Travel
CUST00020,2024-07-21,17.14,Clothing
CUST00020,2024-03-18,170.58,Grocery
CUST00020,2023-10-25,92.65,Dining
CUST00020,2022-07-22,156.66,Grocery
CUST00020,2022-10-06,115.0,Dining
CUST00020,2022-05-25,204.21,Grocery
CUST00020,2022-05-04,58.4,Grocery
CUST00020,2022-05-25,109.57,Dining
CUST00020,2023-02-14,17.39,Electronics
CUST00021,2022-06-23,123.58,Grocery
CUST00021,2025-07-02,332.89,Travel
CUST00021,2024-08-31,49.14,Travel
CUST00021,2022-12-04,70.41,Grocery
CUST00021,2024-08-14,30.89,Travel
CUST00021,2024-07-29,40.25,Grocery
CUST00021,2024-05-15,9.45,Clothing
CUST00021,2022-11-10,33.31,Dining
CUST00021,2022-07-08,19.75,Clothing
CUST00021,2022-12-01,306.24,Travel
CUST00021,2025-05-08,48.07,Clothing
CUST00021,2023-05-11,45.75,Grocery
CUST00021,2023-08-31,171.95,Dining
CUST00021,2022-07-13,44.27,Electronics
CUST00021,2023-11-06,19.9,Travel
CUST00021,2025-02-14,13.89,Travel
CUST00021,2023-03-24,35.87,Grocery
CUST00021,2023-02-01,29.3,Clothing
CUST00021,2023-05-24,225.89,Clothing
CUST00021,2023-05-04,332.32,Travel
CUST00021,2025-01-30,155.36,Travel
CUST00021,2023-12-22,17.47,Electronics
CUST00021,2025-02-09,39.73,Clothing
CUST00021,2023-07-03,101.51,Travel
CUST00021,2022-08-07,86.9,Grocery
CUST00021,2022-07-17,10.09,Clothing
CUST00021,2023-01-20,61.05,Travel
CUST00021,2023-03-03,187.96,Electronics
CUST00021,2024-05-02,37.37,Dining
CUST00021,2024-07-21,27.41,Dining
CUST00021,2023-07-30,5.13,Dining
CUST00021,2025-07-24,365.41,Clothing
CUST00021,2023-01-03,47.41,Grocery
CUST00021,2025-05-05,140.88,Travel
CUST00021,2025-03-18,35.95,Dining
CUST00021,2024-12-31,49.87,Grocery
CUST00021,2025-07-25,6.98,Travel
CUST00021,2025-06-21,77.34,Clothing
CUST00021,2023-03-20,47.57,Grocery
CUST00021,2022-10-28,35.35,Dining
CUST00021,2025-02-05,97.34,Electronics
CUST00021,2022-10-10,86.7,Travel
CUST00021,2022-08-30,83.28,Clothing
CUST00021,2022-10-21,48.64,Electronics
CUST00021,2023-09-12,59.93,Clothing
CUST00021,2024-11-19,108.31,Clothing
CUST00021,2022-06-26,19.73,Clothing
CUST00021,2024-02-07,56.1,Dining
CUST00021,2024-05-29,6.01,Dining
CUST00021,2024-05-29,9.9,Travel
CUST00021,2024-10-17,86.14,Travel
CUST00021,2025-06-27,48.47,Electronics
CUST00021,2023-01-19,120.65,Travel
CUST00021,2024-08-03,48.03,Clothing
CUST00021,2024-05-14,276.18,Clothing
CUST00021,2025-05-01,76.92,Clothing
CUST00021,2024-06-07,22.09,Grocery
CUST00021,2024-11-23,87.59,Clothing
CUST00021,2024-11-30,41.82,Clothing
CUST00021,2023-12-28,6.81,Grocery
CUST00021,2024-11-10,100.91,Electronics
CUST00021,2023-08-04,380.61,Clothing
CUST00021,2022-04-17,246.16,Electronics
CUST00021,2024-08-21,121.37,Grocery
CUST00021,2024-04-19,353.51,Clothing
CUST00021,2024-04-27,36.84,Clothing
CUST00021,2023-03-30,126.73,Clothing
CUST00021,2024-11-16,96.64,Clothing
CUST00021,2022-10-02,12.52,Travel
CUST00021,2022-06-26,6.44,Clothing
CUST00021,2022-10-04,9.94,Grocery
CUST00021,2025-01-07,9.96,Grocery
CUST00021,2023-10-02,77.19,Grocery
CUST00021,2023-02-05,9.12,Dining
CUST00021,2023-03-13,385.44,Travel
CUST00021,2022-10-16,38.53,Dining
CUST00021,2025-06-01,33.0,Clothing
CUST00021,2024-11-16,86.39,Clothing
CUST00021,2023-09-26,6.42,Clothing
CUST00021,2024-10-17,8.03,Grocery
CUST00021,2024-06-19,59.06,Dining
CUST00021,2024-02-19,70.0,Dining
CUST00021,2022-12-18,15.77,Clothing
CUST00021,2025-07-25,86.03,Grocery
CUST00021,2022-09-27,25.27,Grocery
CUST00021,2022-10-21,8.66,Travel
CUST00021,2024-10-23,14.92,Grocery
CUST00021,2022-11-24,193.24,Grocery
CUST00021,2023-06-09,10.71,Clothing
CUST00021,2025-08-01,72.88,Travel
CUST00021,2022-05-18,27.05,Clothing
CUST00021,2022-07-16,25.07,Dining
CUST00021,2023-09-25,5.07,Dining
CUST00021,2023-11-22,309.75,Travel
CUST00021,2023-08-13,43.46,Travel
CUST00021,2022-10-05,122.01,Clothing
CUST00021,2024-07-23,5.83,Travel
CUST00021,2022-07-04,90.06,Dining
CUST00021,2025-01-23,179.4,Grocery
CUST00021,2024-08-18,8.89,Grocery
CUST00021,2023-07-16,245.22,Electronics
CUST00021,2025-01-07,104.34,Clothing
CUST00021,2023-04-25,40.58,Clothing
CUST00021,2024-07-31,25.03,Dining
CUST00021,2023-01-22,121.6,Dining
CUST00021,2024-04-14,41.75,Travel
CUST00021,2024-09-02,5.68,Electronics
CUST00021,2023-08-22,30.86,Travel
CUST00021,2023-03-14,160.17,Electronics
CUST00021,2023-03-26,26.43,Clothing
CUST00021,2023-09-26,15.11,Travel
CUST00021,2024-11-11,110.84,Dining
CUST00021,2024-09-12,10.23,Grocery
CUST00021,2023-12-26,85.42,Grocery
CUST00021,2023-12-04,73.71,Grocery
CUST00021,2025-07-17,69.54,Travel
CUST00021,2023-01-27,68.04,Dining
CUST00021,2024-10-09,24.28,Grocery
CUST00021,2022-10-29,171.2,Electronics
CUST00021,2023-02-28,28.55,Travel
CUST00021,2023-01-29,9.58,Clothing
CUST00021,2023-10-17,28.29,Grocery
CUST00021,2025-02-23,220.06,Grocery
CUST00021,2024-04-28,151.63,Dining
CUST00022,2025-04-17,9.38,Travel
CUST00022,2025-05-19,171.7,Dining
CUST00022,2025-06-10,190.73,Grocery
CUST00022,2025-04-23,13.81,Clothing
CUST00022,2025-03-09,37.39,Travel
CUST00022,2025-05-30,8.95,Electronics
CUST00022,2025-05-08,63.5,Clothing
CUST00022,2025-02-09,134.85,Grocery
CUST00022,2025-02-23,92.39,Travel
CUST00022,2025-06-12,30.59,Dining
CUST00022,2025-06-23,10.01,Travel
CUST00022,2025-07-24,175.42,Dining
CUST00022,2025-07-09,129.9,Grocery
CUST00022,2025-04-11,51.69,Grocery
CUST00022,2025-03-09,35.37,Dining
CUST00022,2025-06-16,86.95,Electronics
CUST00022,2025-06-18,74.64,Travel
CUST00022,2025-01-11,66.77,Dining
CUST00022,2025-06-16,30.28,Clothing
CUST00022,2025-06-15,58.58,Grocery
CUST00022,2025-02-15,44.09,Clothing
CUST00022,2025-07-18,151.02,Dining
CUST00022,2025-03-19,13.41,Clothing
CUST00022,2025-02-28,144.55,Dining
CUST00022,2025-01-21,35.4,Electronics
CUST00022,2025-05-14,60.27,Travel
CUST00022,2025-02-21,75.41,Dining
CUST00022,2025-07-05,113.04,Dining
CUST00022,2025-06-11,17.21,Travel
CUST00022,2025-03-21,30.47,Travel
CUST00022,2025-03-16,38.4,Grocery
CUST00022,2025-05-19,134.88,Dining
CUST00022,2025-03-27,177.83,Grocery
CUST00022,2025-03-17,28.54,Grocery
CUST00022,2025-06-15,198.48,Clothing
CUST00022,2025-02-15,201.3,Travel
CUST00022,2025-06-13,22.09,Electronics
CUST00022,2025-04-25,23.88,Electronics
CUST00022,2025-07-13,112.2,Electronics
CUST00022,2025-02-08,59.72,Grocery
CUST00022,2025-05-05,18.28,Grocery
CUST00022,2025-02-19,128.49,Dining
CUST00022,2025-06-22,100.41,Grocery
CUST00022,2025-05-09,99.03,Travel
CUST00022,2025-07-28,177.79,Travel
CUST00022,2025-06-11,23.85,Grocery
CUST00022,2025-04-04,71.2,Grocery
CUST00022,2025-02-19,106.35,Travel
CUST00022,2025-01-29,25.92,Dining
CUST00022,2025-02-17,82.65,Grocery
CUST00022,2025-05-04,8.29,Electronics
CUST00022,2025-01-25,114.16,Travel
CUST00022,2025-03-20,123.39,Travel
CUST00022,2025-01-07,51.07,Dining
CUST00022,2025-02-22,111.42,Clothing
CUST00022,2025-03-01,59.37,Travel
CUST00022,2025-05-03,30.01,Travel
CUST00022,2025-05-22,23.72,Dining
CUST00022,2025-06-22,79.84,Grocery
CUST00022,2025-03-02,72.33,Travel
CUST00022,2025-07-02,61.08,Clothing
CUST00022,2025-02-25,118.04,Grocery
CUST00022,2025-05-26,8.17,Grocery
CUST00022,2025-05-05,31.45,Grocery
CUST00022,2025-06-30,39.34,Travel
CUST00022,2025-05-17,130.34,Electronics
CUST00022,2025-05-16,117.18,Travel
CUST00022,2025-06-17,137.98,Electronics
CUST00022,2025-07-09,113.0,Dining
CUST00022,2025-04-05,21.59,Dining
CUST00022,2025-02-25,177.72,Grocery
CUST00022,2025-04-14,59.84,Clothing
CUST00022,2025-07-06,34.42,Dining
CUST00022,2025-02-28,23.63,Grocery
CUST00022,2025-03-21,62.89,Dining
CUST00022,2025-07-25,11.52,Travel
CUST00022,2025-05-16,205.36,Electronics
CUST00022,2025-03-28,19.48,Dining
CUST00022,2025-03-12,179.0,Clothing
CUST00022,2025-07-23,48.36,Dining
CUST00022,2025-05-11,56.48,Dining
CUST00022,2025-05-14,27.45,Clothing
CUST00022,2025-06-17,153.67,Electronics
CUST00022,2025-02-07,35.62,Clothing
CUST00022,2025-03-11,27.97,Clothing
CUST00022,2025-01-29,115.73,Clothing
CUST00022,2025-04-20,142.29,Grocery
CUST00022,2025-07-29,89.41,Travel
CUST00022,2025-07-15,29.81,Electronics
CUST00022,2025-05-25,109.07,Electronics
CUST00022,2025-02-26,284.69,Dining
CUST00022,2025-01-21,44.91,Clothing
CUST00022,2025-06-23,116.15,Electronics
CUST00022,2025-01-14,53.79,Clothing
CUST00022,2025-07-26,53.77,Electronics
CUST00022,2025-02-21,174.01,Travel
CUST00022,2025-07-18,86.47,Grocery
CUST00022,2025-06-19,65.91,Clothing
CUST00022,2025-02-20,64.86,Clothing
CUST00022,2025-02-06,23.35,Electronics
CUST00022,2025-06-30,53.86,Electronics
CUST00022,2025-02-22,53.78,Grocery
CUST00022,2025-01-28,238.4,Clothing
CUST00022,2025-04-12,35.93,Electronics
CUST00022,2025-07-09,18.48,Travel
CUST00022,2025-04-07,16.58,Grocery
CUST00022,2025-01-21,10.46,Clothing
CUST00022,2025-02-08,30.62,Dining
CUST00022,2025-04-15,79.65,Electronics
CUST00022,2025-04-23,53.38,Electronics
CUST00022,2025-04-27,22.27,Clothing
CUST00022,2025-07-02,79.04,Travel
CUST00022,2025-06-24,323.37,Travel
CUST00022,2025-04-23,96.44,Electronics
CUST00022,2025-04-28,16.19,Grocery
CUST00022,2025-01-10,108.61,Grocery
CUST00023,2024-02-04,200.67,Electronics
CUST00023,2025-06-08,9.58,Electronics
CUST00023,2022-05-02,32.85,Dining
CUST00023,2021-05-28,125.55,Clothing
CUST00023,2024-02-06,188.43,Dining
CUST00023,2021-07-23,137.53,Dining
CUST00023,2021-04-16,135.5,Travel
CUST00023,2024-02-14,21.59,Clothing
CUST00023,2023-11-07,52.37,Electronics
CUST00023,2023-04-16,10.39,Grocery
CUST00023,2023-12-28,97.68,Travel
CUST00023,2023-10-12,37.15,Grocery
CUST00023,2022-02-12,299.81,Travel
CUST00023,2025-05-23,167.83,Travel
CUST00023,2024-02-28,240.43,Dining
CUST00023,2022-03-07,33.92,Dining
CUST00023,2022-07-06,154.9,Dining
CUST00023,2022-07-04,96.24,Travel
CUST00023,2024-03-08,60.18,Travel
CUST00023,2022-08-27,49.23,Travel
CUST00023,2021-02-01,70.68,Grocery
CUST00023,2024-05-25,50.33,Travel
CUST00023,2024-09-14,48.29,Electronics
CUST00023,2022-12-07,150.32,Travel
CUST00023,2024-03-06,85.03,Travel
CUST00023,2024-09-11,57.29,Clothing
CUST00023,2024-10-12,134.35,Electronics
CUST00023,2024-03-05,49.3,Grocery
CUST00023,2022-02-12,85.31,Electronics
CUST00023,2023-07-26,84.51,Grocery
CUST00023,2022-03-13,46.16,Travel
CUST00023,2022-02-28,32.21,Travel
CUST00023,2023-09-15,12.54,Travel
CUST00023,2024-03-16,110.13,Electronics
CUST00023,2021-02-09,52.34,Clothing
CUST00023,2024-01-28,6.2,Dining
CUST00023,2024-05-04,47.79,Travel
CUST00023,2025-03-13,91.64,Grocery
CUST00023,2021-06-16,174.38,Electronics
CUST00023,2024-11-28,45.99,Dining
CUST00023,2021-02-18,58.97,Dining
CUST00023,2022-07-29,32.02,Travel
CUST00023,2021-05-16,44.94,Clothing
CUST00023,2022-07-21,160.63,Dining
CUST00023,2024-09-28,167.26,Grocery
CUST00023,2023-10-12,38.19,Grocery
CUST00023,2023-09-26,126.64,Travel
CUST00023,2022-09-18,13.41,Travel
CUST00023,2022-08-12,6.89,Travel
CUST00023,2021-02-20,9.13,Clothing
CUST00023,2021-07-17,130.49,Clothing
CUST00023,2025-06-05,34.23,Dining
CUST00023,2023-10-03,25.93,Grocery
CUST00023,2021-02-09,9.51,Grocery
CUST00023,2022-09-23,122.38,Grocery
CUST00023,2023-08-10,24.12,Grocery
CUST00023,2023-09-30,126.7,Travel
CUST00023,2024-09-20,19.97,Clothing
CUST00023,2023-09-25,128.17,Electronics
CUST00023,2023-08-15,216.85,Dining
CUST00023,2022-09-12,43.45,Electronics
CUST00023,2024-06-25,134.93,Grocery
CUST00023,2023-08-07,119.17,Clothing
CUST00023,2024-02-18,166.32,Grocery
CUST00023,2023-06-23,127.12,Grocery
CUST00023,2021-02-28,147.18,Clothing
CUST00023,2024-03-09,139.59,Electronics
CUST00023,2021-08-08,70.24,Travel
CUST00023,2021-11-05,11.73,Travel
CUST00023,2021-06-07,5.58,Clothing
CUST00023,2025-06-01,36.15,Electronics
CUST00023,2024-06-07,10.36,Dining
CUST00023,2022-04-12,51.17,Clothing
CUST00023,2025-03-21,104.31,Grocery
CUST00023,2025-06-12,293.09,Clothing
CUST00023,2023-10-09,27.15,Electronics
CUST00023,2022-10-24,222.13,Travel
CUST00023,2023-06-30,190.45,Travel
CUST00023,2025-05-13,348.71,Electronics
CUST00023,2021-09-15,12.25,Travel
CUST00023,2023-02-27,381.3,Electronics
CUST00023,2024-08-17,47.13,Dining
CUST00023,2025-07-23,71.28,Grocery
CUST00023,2021-03-26,103.28,Travel
CUST00023,2021-06-08,31.4,Grocery
CUST00023,2022-08-31,113.58,Travel
CUST00023,2022-02-09,35.45,Electronics
CUST00023,2022-05-07,24.06,Electronics
CUST00023,2021-10-16,258.5,Travel
CUST00023,2024-06-05,97.4,Grocery
CUST00023,2024-03-06,5.51,Electronics
CUST00023,2023-05-13,15.88,Grocery
CUST00023,2024-12-08,103.11,Grocery
CUST00023,2021-05-26,125.11,Travel
CUST00023,2023-06-09,258.87,Clothing
CUST00023,2023-01-13,31.91,Clothing
CUST00023,2022-01-02,16.29,Clothing
CUST00023,2022-12-01,92.16,Dining
CUST00024,2025-03-25,24.39,Dining
CUST00024,2024-04-29,84.85,Grocery
CUST00024,2024-10-31,21.43,Travel
CUST00024,2025-04-06,35.95,Clothing
CUST00024,2024-09-11,8.75,Travel
CUST00024,2024-12-26,12.3,Clothing
CUST00024,2024-01-15,23.33,Clothing
CUST00024,2025-03-17,156.12,Grocery
CUST00024,2025-05-28,346.14,Clothing
CUST00024,2025-02-08,89.0,Travel
CUST00024,2025-03-16,124.2,Grocery
CUST00024,2024-07-29,97.13,Clothing
CUST00024,2025-06-03,16.04,Electronics
CUST00024,2024-05-11,83.99,Clothing
CUST00024,2025-03-31,57.15,Grocery
CUST00024,2025-04-13,105.34,Electronics
CUST00024,2024-09-25,85.06,Grocery
CUST00024,2024-03-25,12.33,Dining
CUST00024,2024-12-17,28.8,Travel
CUST00024,2024-08-16,154.26,Travel
CUST00024,2024-02-23,41.96,Electronics
CUST00024,2025-04-17,47.17,Electronics
CUST00024,2025-04-21,141.38,Electronics
CUST00024,2024-08-03,19.74,Grocery
CUST00024,2025-07-03,225.46,Clothing
CUST00024,2024-11-20,145.14,Travel
CUST00024,2024-04-30,60.89,Dining
CUST00024,2024-04-08,77.24,Dining
CUST00024,2025-04-23,58.32,Travel
CUST00024,2024-08-20,61.83,Travel
CUST00024,2024-01-27,188.83,Grocery
CUST00024,2024-08-12,25.17,Electronics
CUST00024,2025-04-18,195.46,Grocery
CUST00024,2025-02-22,25.66,Grocery
CUST00024,2025-02-12,169.47,Clothing
CUST00024,2025-07-02,31.44,Grocery
CUST00024,2024-03-30,19.79,Grocery
CUST00024,2025-07-18,55.24,Grocery
CUST00024,2025-05-04,41.25,Dining
CUST00024,2024-06-03,7.6,Dining
CUST00024,2025-02-21,143.43,Dining
CUST00024,2024-09-29,23.88,Electronics
CUST00024,2025-03-12,68.84,Clothing
CUST00024,2024-03-22,75.97,Grocery
CUST00024,2024-09-06,106.8,Clothing
CUST00024,2025-05-23,9.77,Electronics
CUST00024,2024-01-25,276.67,Dining
CUST00024,2025-01-08,5.69,Travel
CUST00024,2024-02-26,155.96,Travel
CUST00024,2024-10-11,85.3,Clothing
CUST00024,2025-02-03,98.05,Electronics
CUST00024,2024-08-03,31.53,Travel
CUST00024,2024-07-08,88.24,Clothing
CUST00024,2024-08-05,22.04,Clothing
CUST00024,2025-07-10,34.7,Dining
CUST00024,2025-04-22,67.12,Grocery
CUST00024,2025-02-08,27.42,Clothing
CUST00024,2024-08-17,48.58,Grocery
CUST00024,2024-09-21,11.71,Clothing
CUST00024,2024-12-17,43.5,Clothing
CUST00024,2024-10-10,7.01,Clothing
CUST00024,2024-10-20,42.65,Clothing
CUST00024,2024-04-26,20.41,Dining
CUST00024,2024-08-18,10.65,Dining
CUST00024,2025-01-10,303.96,Clothing
CUST00024,2025-07-17,180.45,Travel
CUST00024,2024-07-12,15.55,Clothing
CUST00024,2024-03-20,31.05,Grocery
CUST00024,2024-04-30,46.85,Dining
CUST00024,2024-11-18,7.22,Dining
CUST00024,2024-09-15,38.9,Electronics
CUST00024,2024-11-14,71.72,Clothing
CUST00024,2024-11-14,29.98,Dining
CUST00024,2025-07-10,43.36,Grocery
CUST00024,2024-02-03,95.89,Dining
CUST00024,2024-12-09,304.28,Travel
CUST00024,2025-05-03,8.28,Clothing
CUST00024,2024-02-23,38.78,Travel
CUST00024,2024-08-24,246.53,Travel
CUST00024,2025-03-17,11.27,Travel
CUST00024,2025-07-13,304.29,Dining
CUST00024,2024-08-20,58.48,Clothing
CUST00024,2025-05-26,27.19,Grocery
CUST00024,2024-08-23,85.01,Electronics
CUST00024,2025-01-07,150.35,Electronics
CUST00024,2025-06-11,124.37,Grocery
CUST00024,2024-08-07,282.1,Dining
CUST00024,2025-04-05,84.68,Dining
CUST00024,2024-11-07,7.53,Clothing
CUST00024,2025-05-09,154.21,Clothing
CUST00024,2024-10-17,15.58,Clothing
CUST00024,2024-09-11,107.81,Clothing
CUST00024,2024-05-27,85.82,Electronics
CUST00024,2025-01-05,170.04,Clothing
CUST00024,2025-04-24,106.02,Grocery
CUST00024,2024-04-12,73.8,Clothing
CUST00024,2024-01-17,38.03,Electronics
CUST00024,2025-01-03,425.19,Clothing
CUST00024,2024-08-10,42.18,Grocery
CUST00024,2025-02-04,36.24,Grocery
CUST00024,2024-10-02,81.88,Electronics
CUST00024,2025-04-24,23.3,Grocery
CUST00024,2024-02-22,17.62,Grocery
CUST00024,2025-06-06,79.46,Grocery
CUST00024,2024-03-08,94.72,Clothing
CUST00025,2025-07-27,10.9,Travel
CUST00025,2025-07-28,156.51,Travel
CUST00025,2025-07-30,241.64,Clothing
CUST00025,2025-07-26,129.72,Clothing
CUST00025,2025-07-31,30.24,Clothing
CUST00025,2025-07-30,246.07,Grocery
CUST00025,2025-07-31,62.95,Clothing
CUST00025,2025-07-29,10.54,Electronics
CUST00025,2025-07-28,41.08,Travel
CUST00025,2025-07-27,211.59,Travel
CUST00025,2025-08-01,31.26,Clothing
CUST00025,2025-07-27,46.58,Grocery
CUST00025,2025-07-29,6.84,Travel
CUST00025,2025-07-28,40.47,Travel
CUST00025,2025-08-01,121.46,Travel
CUST00025,2025-07-28,404.29,Travel
CUST00025,2025-07-30,8.85,Dining
CUST00025,2025-07-26,51.63,Grocery
CUST00025,2025-07-27,344.74,Electronics
CUST00025,2025-07-26,221.16,Electronics
CUST00025,2025-08-01,80.58,Clothing
CUST00025,2025-07-29,170.94,Electronics
CUST00025,2025-07-31,7.22,Electronics
CUST00025,2025-08-01,40.26,Clothing
CUST00025,2025-08-01,40.86,Dining
CUST00025,2025-07-29,35.94,Travel
CUST00025,2025-07-28,8.7,Electronics
CUST00025,2025-07-29,19.11,Clothing
CUST00025,2025-07-28,132.65,Clothing
CUST00025,2025-07-31,101.28,Electronics
CUST00025,2025-07-26,20.92,Dining
CUST00025,2025-07-29,139.43,Travel
CUST00025,2025-08-01,205.6,Grocery
CUST00025,2025-07-31,61.13,Electronics
CUST00025,2025-07-31,153.78,Clothing
CUST00025,2025-07-28,65.27,Travel
CUST00025,2025-07-30,54.18,Electronics
CUST00025,2025-07-31,75.48,Clothing
CUST00025,2025-07-29,174.53,Electronics
CUST00025,2025-07-28,20.02,Dining
CUST00025,2025-07-31,29.8,Clothing
CUST00025,2025-07-29,118.82,Electronics
CUST00025,2025-07-29,19.95,Dining
CUST00025,2025-08-01,8.43,Grocery
CUST00025,2025-07-27,86.47,Electronics
CUST00025,2025-07-29,82.88,Clothing
CUST00025,2025-07-28,88.61,Dining
CUST00025,2025-07-26,25.29,Electronics
CUST00025,2025-07-27,110.84,Travel
CUST00025,2025-08-01,99.96,Dining
CUST00025,2025-07-31,89.52,Grocery
CUST00025,2025-07-29,69.58,Electronics
CUST00025,2025-07-27,29.43,Dining
CUST00025,2025-08-01,114.25,Travel
CUST00025,2025-08-01,21.79,Grocery
CUST00025,2025-07-29,213.7,Grocery
CUST00025,2025-08-01,99.03,Travel
CUST00025,2025-07-30,70.74,Dining
CUST00025,2025-07-27,28.24,Travel
CUST00025,2025-07-26,72.17,Dining
CUST00025,2025-07-31,76.8,Electronics
CUST00025,2025-07-26,80.76,Clothing
CUST00025,2025-07-27,11.71,Travel
CUST00025,2025-07-28,72.21,Electronics
CUST00025,2025-07-26,60.59,Dining
CUST00025,2025-07-27,26.84,Travel
CUST00025,2025-07-27,8.43,Dining
CUST00025,2025-07-28,56.08,Clothing
CUST00025,2025-07-29,193.62,Clothing
CUST00025,2025-07-27,103.99,Travel
CUST00025,2025-07-31,23.47,Dining
CUST00025,2025-07-27,123.11,Travel
CUST00025,2025-08-01,252.44,Grocery
CUST00025,2025-07-30,63.58,Clothing
CUST00025,2025-07-30,115.93,Electronics
CUST00025,2025-08-01,33.1,Travel
CUST00025,2025-07-27,137.41,Clothing
CUST00025,2025-07-27,17.68,Grocery
CUST00025,2025-07-28,22.22,Electronics
CUST00025,2025-07-30,80.24,Clothing
CUST00025,2025-07-29,49.69,Travel
CUST00025,2025-07-28,182.14,Travel
CUST00025,2025-07-29,68.2,Dining
CUST00025,2025-07-26,68.41,Electronics
CUST00025,2025-07-27,19.66,Dining
CUST00025,2025-07-27,138.87,Travel
CUST00025,2025-07-30,29.33,Electronics
CUST00025,2025-07-31,36.37,Clothing
CUST00025,2025-08-01,80.7,Travel
CUST00025,2025-07-29,92.11,Dining
CUST00025,2025-07-27,379.01,Clothing
CUST00025,2025-07-29,50.33,Clothing
CUST00025,2025-07-30,117.6,Grocery
CUST00025,2025-08-01,158.13,Travel
CUST00025,2025-08-01,61.54,Electronics
CUST00025,2025-07-31,7.75,Travel
CUST00025,2025-07-30,9.94,Dining
CUST00025,2025-07-27,213.03,Travel
CUST00025,2025-07-27,42.99,Electronics
CUST00025,2025-07-26,139.03,Grocery
CUST00025,2025-07-29,110.92,Grocery
CUST00026,2022-07-19,8.26,Electronics
CUST00026,2024-11-22,290.75,Travel
CUST00026,2023-05-05,42.39,Clothing
CUST00026,2023-04-02,31.24,Clothing
CUST00026,2024-02-17,76.41,Travel
CUST00026,2023-12-02,36.26,Clothing
CUST00026,2023-02-18,214.64,Electronics
CUST00026,2023-03-09,39.58,Travel
CUST00026,2024-06-21,17.52,Dining
CUST00026,2022-12-28,73.28,Electronics
CUST00026,2023-06-21,44.82,Travel
CUST00026,2024-06-15,32.37,Travel
CUST00026,2022-06-02,223.99,Grocery
CUST00026,2024-02-09,7.97,Clothing
CUST00026,2024-10-03,23.24,Grocery
CUST00026,2025-06-26,49.39,Clothing
CUST00026,2023-05-08,118.58,Travel
CUST00026,2023-03-11,341.11,Grocery
CUST00026,2025-01-04,77.62,Grocery
CUST00026,2022-07-15,6.88,Dining
CUST00026,2022-07-09,32.08,Travel
CUST00026,2022-04-13,186.63,Grocery
CUST00026,2025-02-24,30.25,Electronics
CUST00026,2023-12-26,11.0,Electronics
CUST00026,2023-01-15,12.39,Grocery
CUST00026,2023-05-26,162.33,Dining
CUST00026,2023-12-10,15.76,Clothing
CUST00026,2023-02-11,898.53,Clothing
CUST00026,2023-11-03,54.78,Clothing
CUST00026,2025-07-18,84.27,Clothing
CUST00026,2023-08-01,189.69,Grocery
CUST00026,2025-02-09,74.55,Dining
CUST00026,2022-06-02,13.89,Dining
CUST00026,2023-07-30,37.24,Clothing
CUST00026,2024-05-04,197.47,Dining
CUST00026,2025-02-09,23.5,Electronics
CUST00026,2022-06-02,28.42,Clothing
CUST00026,2025-02-04,16.64,Grocery
CUST00026,2025-03-19,91.42,Dining
CUST00026,2024-03-13,47.1,Grocery
CUST00026,2024-05-28,144.92,Clothing
CUST00026,2025-02-02,282.8,Electronics
CUST00026,2024-07-16,29.85,Grocery
CUST00026,2023-12-17,69.84,Clothing
CUST00026,2023-05-31,7.84,Travel
CUST00026,2023-06-01,140.14,Travel
CUST00026,2025-06-15,65.26,Grocery
CUST00026,2022-11-19,80.55,Electronics
CUST00026,2022-03-26,183.93,Clothing
CUST00026,2024-03-19,416.88,Clothing
CUST00026,2024-12-08,53.33,Grocery
CUST00026,2023-11-06,64.98,Electronics
CUST00026,2024-03-16,262.05,Dining
CUST00026,2022-08-16,44.53,Clothing
CUST00026,2023-11-03,122.22,Dining
CUST00026,2023-07-03,50.36,Clothing
CUST00026,2024-09-04,97.35,Grocery
CUST00026,2022-12-31,25.93,Clothing
CUST00026,2023-12-05,6.62,Travel
CUST00026,2022-10-09,161.94,Grocery
CUST00026,2023-12-07,24.81,Clothing
CUST00026,2022-07-09,167.73,Dining
CUST00026,2024-12-26,61.07,Dining
CUST00026,2022-10-11,140.84,Grocery
CUST00026,2022-05-21,45.99,Dining
CUST00026,2022-10-11,21.45,Grocery
CUST00026,2024-05-15,85.72,Electronics
CUST00026,2024-12-23,8.46,Travel
CUST00026,2023-05-13,156.41,Clothing
CUST00026,2022-10-02,361.26,Clothing
CUST00026,2022-07-14,70.57,Clothing
CUST00026,2023-02-14,55.77,Grocery
CUST00026,2022-10-19,198.61,Travel
CUST00026,2024-01-24,25.72,Grocery
CUST00026,2022-03-23,49.35,Grocery
CUST00026,2023-07-07,195.04,Grocery
CUST00026,2023-10-04,80.57,Grocery
CUST00026,2023-12-16,95.38,Electronics
CUST00026,2022-05-15,120.58,Travel
CUST00026,2023-07-06,42.5,Electronics
CUST00026,2022-06-01,77.42,Grocery
CUST00026,2023-03-06,58.41,Travel
CUST00026,2023-03-23,29.03,Dining
CUST00026,2024-02-26,37.11,Travel
CUST00026,2022-07-25,20.93,Dining
CUST00026,2025-05-03,71.62,Electronics
CUST00026,2025-07-31,12.86,Dining
CUST00026,2024-01-18,25.47,Clothing
CUST00026,2025-07-02,131.02,Grocery
CUST00026,2022-10-06,20.02,Electronics
CUST00026,2023-01-31,21.27,Dining
CUST00026,2022-06-09,60.06,Grocery
CUST00026,2023-12-13,119.66,Grocery
CUST00026,2024-09-18,41.64,Travel
CUST00026,2023-02-12,33.08,Dining
CUST00026,2024-10-20,11.38,Clothing
CUST00026,2022-03-25,163.56,Travel
CUST00026,2023-06-03,30.56,Grocery
CUST00026,2023-09-30,16.44,Electronics
CUST00026,2022-08-05,235.28,Travel
CUST00026,2023-09-28,156.42,Electronics
CUST00026,2023-02-28,34.59,Clothing
CUST00026,2024-04-19,36.3,Grocery
CUST00026,2024-02-25,203.28,Dining
CUST00026,2023-09-27,63.64,Grocery
CUST00026,2023-04-20,106.89,Travel
CUST00026,2023-03-10,220.89,Electronics
CUST00026,2022-10-24,5.39,Travel
CUST00026,2025-03-30,9.52,Travel
CUST00026,2025-05-07,68.02,Electronics
CUST00027,2022-09-11,46.88,Dining
CUST00027,2022-09-06,11.37,Electronics
CUST00027,2022-10-12,357.5,Grocery
CUST00027,2024-03-02,51.62,Clothing
CUST00027,2023-03-26,36.81,Electronics
CUST00027,2022-12-11,35.89,Dining
CUST00027,2024-09-18,18.27,Travel
CUST00027,2022-09-19,206.73,Clothing
CUST00027,2022-09-09,17.63,Travel
CUST00027,2025-06-16,88.1,Grocery
CUST00027,2023-06-02,7.78,Dining
CUST00027,2023-07-30,22.76,Grocery
CUST00027,2025-07-30,92.64,Clothing
CUST00027,2024-04-10,245.85,Grocery
CUST00027,2024-09-12,141.91,Grocery
CUST00027,2024-04-16,21.61,Grocery
CUST00027,2023-07-28,71.14,Dining
CUST00027,2024-07-12,12.05,Travel
CUST00027,2024-11-13,175.09,Travel
CUST00027,2024-11-05,41.74,Dining
CUST00027,2023-03-14,79.49,Clothing
CUST00027,2022-09-15,12.99,Electronics
CUST00027,2023-11-22,12.71,Electronics
CUST00027,2024-09-21,173.71,Clothing
CUST00027,2024-08-01,94.75,Electronics
CUST00027,2022-10-13,157.08,Travel
CUST00027,2024-05-04,46.17,Electronics
CUST00027,2025-05-01,65.72,Grocery
CUST00027,2025-06-28,76.4,Travel
CUST00027,2023-06-20,224.83,Grocery
CUST00027,2023-05-06,128.17,Travel
CUST00027,2023-08-16,17.5,Travel
CUST00027,2023-09-30,133.75,Grocery
CUST00027,2024-11-10,138.25,Electronics
CUST00027,2024-02-28,14.17,Electronics
CUST00027,2023-08-29,126.57,Travel
CUST00027,2023-12-20,93.08,Electronics
CUST00027,2025-07-12,19.79,Travel
CUST00027,2023-11-26,79.29,Grocery
CUST00027,2024-04-28,54.71,Travel
CUST00027,2023-11-03,132.69,Grocery
CUST00027,2024-09-02,10.57,Clothing
CUST00027,2022-12-27,272.8,Dining
CUST00027,2025-04-09,114.59,Travel
CUST00027,2024-07-25,93.51,Electronics
CUST00027,2023-03-21,13.2,Electronics
CUST00027,2023-03-30,23.66,Travel
CUST00027,2024-12-20,77.21,Electronics
CUST00027,2024-10-07,193.61,Dining
CUST00027,2025-01-23,209.59,Clothing
CUST00027,2024-04-27,13.92,Travel
CUST00027,2025-01-03,84.28,Clothing
CUST00027,2023-04-22,46.62,Clothing
CUST00027,2023-09-11,22.25,Travel
CUST00027,2025-04-25,77.51,Grocery
CUST00027,2025-04-29,298.2,Dining
CUST00027,2023-09-27,12.72,Electronics
CUST00027,2024-03-29,29.25,Electronics
CUST00027,2024-02-03,67.49,Electronics
CUST00027,2024-09-22,240.47,Dining
CUST00027,2022-12-09,162.79,Dining
CUST00027,2025-04-08,241.9,Clothing
CUST00027,2022-11-14,191.42,Dining
CUST00027,2023-09-23,29.63,Clothing
CUST00027,2024-12-31,229.25,Dining
CUST00027,2023-10-21,25.67,Clothing
CUST00027,2025-07-16,64.26,Dining
CUST00027,2025-05-31,202.25,Clothing
CUST00027,2024-11-10,109.47,Travel
CUST00027,2025-03-05,11.33,Clothing
CUST00027,2025-05-22,24.38,Travel
CUST00027,2025-07-05,12.93,Grocery
CUST00027,2025-06-01,164.89,Electronics
CUST00027,2023-12-19,67.63,Dining
CUST00027,2024-09-25,19.63,Travel
CUST00027,2023-12-02,30.57,Clothing
CUST00027,2023-04-05,6.45,Clothing
CUST00027,2024-04-09,241.96,Dining
CUST00027,2024-04-28,499.82,Dining
CUST00027,2022-10-11,12.62,Grocery
CUST00027,2024-02-09,27.69,Grocery
CUST00027,2024-10-25,40.32,Dining
CUST00028,2022-11-03,15.78,Dining
CUST00028,2022-02-28,7.52,Electronics
CUST00028,2022-02-19,8.11,Grocery
CUST00028,2025-04-26,99.74,Travel
CUST00028,2025-03-27,16.6,Dining
CUST00028,2024-01-19,75.42,Dining
CUST00028,2023-01-25,8.01,Travel
CUST00028,2025-01-14,183.35,Travel
CUST00028,2024-06-19,76.02,Electronics
CUST00028,2022-08-29,169.28,Dining
CUST00028,2024-01-18,14.88,Dining
CUST00028,2023-03-26,100.31,Clothing
CUST00028,2022-01-13,127.67,Dining
CUST00028,2021-10-30,44.14,Dining
CUST00028,2024-04-04,117.93,Grocery
CUST00028,2023-02-12,32.53,Travel
CUST00028,2024-07-02,42.44,Grocery
CUST00028,2022-02-28,257.76,Electronics
CUST00028,2022-08-04,253.37,Clothing
CUST00028,2022-05-18,165.13,Electronics
CUST00028,2022-09-27,106.6,Grocery
CUST00028,2024-10-08,38.81,Grocery
CUST00028,2022-12-19,209.02,Dining
CUST00028,2025-03-01,8.85,Dining
CUST00028,2024-03-03,103.26,Dining
CUST00028,2024-06-05,22.19,Grocery
CUST00028,2024-08-02,10.95,Travel
CUST00028,2021-12-18,48.64,Grocery
CUST00028,2022-08-06,40.13,Travel
CUST00028,2022-09-20,5.64,Clothing
CUST00028,2023-01-29,146.97,Grocery
CUST00028,2023-03-20,69.42,Electronics
CUST00028,2022-07-06,166.51,Electronics
CUST00028,2024-03-09,28.19,Clothing
CUST00028,2022-02-16,21.5,Dining
CUST00028,2024-10-20,99.84,Grocery
CUST00028,2025-03-04,39.61,Electronics
CUST00028,2023-09-30,30.41,Dining
CUST00028,2022-07-09,68.15,Dining
CUST00028,2023-07-22,87.24,Grocery
CUST00028,2024-12-02,62.44,Electronics
CUST00028,2023-11-29,51.81,Electronics
CUST00028,2024-08-06,53.57,Dining
CUST00028,2023-12-12,71.77,Grocery
CUST00028,2024-10-01,42.12,Clothing
CUST00028,2023-03-24,226.82,Clothing
CUST00028,2022-05-31,96.25,Travel
CUST00028,2022-01-20,39.39,Travel
CUST00028,2022-05-18,173.68,Electronics
CUST00028,2024-07-19,138.92,Clothing
CUST00028,2024-12-15,242.42,Grocery
CUST00028,2022-11-16,266.79,Electronics
CUST00028,2023-07-14,8.73,Travel
CUST00028,2022-01-01,90.98,Travel
CUST00028,2024-04-04,76.08,Travel
CUST00028,2024-04-02,144.49,Travel
CUST00028,2024-08-02,41.46,Clothing
CUST00028,2024-07-19,73.17,Dining
CUST00028,2022-09-24,66.17,Dining
CUST00028,2022-08-10,127.14,Dining
CUST00028,2023-07-29,34.2,Dining
CUST00028,2022-09-26,58.72,Travel
CUST00028,2024-06-08,264.49,Grocery
CUST00028,2022-03-01,12.68,Clothing
CUST00028,2022-06-04,58.45,Grocery
CUST00028,2023-04-12,73.36,Travel
CUST00028,2024-10-20,6.43,Grocery
CUST00028,2021-10-19,210.61,Grocery
CUST00028,2025-03-02,190.83,Electronics
CUST00028,2024-05-11,27.77,Clothing
CUST00028,2022-01-23,106.63,Clothing
CUST00028,2021-12-10,19.25,Travel
CUST00028,2022-02-05,15.63,Electronics
CUST00028,2024-11-23,42.82,Electronics
CUST00028,2022-04-04,57.69,Travel
CUST00028,2025-04-06,14.48,Dining
CUST00028,2025-01-20,293.56,Travel
CUST00028,2025-07-28,103.69,Travel
CUST00028,2022-10-02,77.71,Dining
CUST00028,2024-05-12,18.76,Dining
CUST00028,2025-02-03,63.72,Electronics
CUST00028,2022-02-18,126.88,Grocery
CUST00028,2025-02-11,96.7,Travel
CUST00028,2024-05-25,41.91,Grocery
CUST00028,2023-05-22,38.33,Travel
CUST00028,2022-10-26,5.31,Electronics
CUST00028,2025-06-22,10.52,Clothing
CUST00028,2025-03-18,185.52,Travel
CUST00028,2025-05-08,121.67,Clothing
CUST00028,2023-04-24,54.17,Electronics
CUST00028,2025-04-06,26.55,Electronics
CUST00028,2023-03-15,41.82,Clothing
CUST00028,2024-10-09,217.36,Grocery
CUST00028,2024-12-11,49.2,Travel
CUST00028,2025-07-22,31.66,Electronics
CUST00028,2024-05-31,150.18,Electronics
CUST00028,2023-01-30,19.43,Grocery
CUST00028,2023-02-17,97.78,Clothing
CUST00028,2022-02-23,49.68,Travel
CUST00028,2024-12-31,91.12,Clothing
CUST00028,2022-08-25,58.27,Grocery
CUST00028,2024-04-17,104.31,Electronics
CUST00028,2023-08-09,58.1,Clothing
CUST00028,2024-02-18,88.71,Grocery
CUST00028,2025-03-12,71.6,Travel
CUST00028,2023-04-11,22.9,Travel
CUST00028,2023-04-07,97.33,Electronics
CUST00028,2022-12-08,75.28,Dining
CUST00028,2023-10-26,236.04,Clothing
CUST00029,2025-05-27,130.73,Grocery
CUST00029,2025-04-24,45.86,Dining
CUST00029,2025-03-17,106.99,Travel
CUST00029,2024-09-15,38.97,Dining
CUST00029,2025-07-25,391.08,Travel
CUST00029,2024-07-29,286.01,Electronics
CUST00029,2024-07-30,43.49,Travel
CUST00029,2025-05-03,80.1,Electronics
CUST00029,2025-06-08,24.58,Grocery
CUST00029,2024-07-20,16.61,Travel
CUST00029,2025-06-20,64.94,Dining
CUST00029,2025-01-17,75.9,Travel
CUST00029,2025-07-03,58.7,Travel
CUST00029,2025-02-14,23.27,Travel
CUST00029,2024-07-07,133.64,Dining
CUST00029,2025-01-04,21.84,Grocery
CUST00029,2024-08-28,22.27,Grocery
CUST00029,2024-07-01,215.1,Dining
CUST00029,2024-12-31,144.17,Clothing
CUST00029,2025-07-28,107.33,Dining
CUST00029,2024-12-15,201.2,Clothing
CUST00029,2025-07-06,99.41,Electronics
CUST00029,2025-01-23,11.01,Dining
CUST00029,2024-11-19,281.43,Travel
CUST00029,2024-07-10,239.14,Dining
CUST00029,2025-04-30,31.15,Dining
CUST00029,2024-11-21,116.5,Travel
CUST00029,2024-10-03,265.25,Dining
CUST00029,2025-07-20,109.53,Dining
CUST00029,2024-06-27,101.73,Clothing
CUST00029,2024-12-29,229.43,Electronics
CUST00029,2024-10-05,56.5,Grocery
CUST00029,2024-11-06,100.39,Grocery
CUST00029,2024-10-30,135.84,Electronics
CUST00029,2025-03-05,136.48,Dining
CUST00029,2024-06-26,16.82,Clothing
CUST00029,2025-05-15,172.16,Dining
CUST00029,2024-10-07,107.45,Dining
CUST00029,2024-12-21,52.62,Dining
CUST00029,2025-01-29,11.85,Dining
CUST00029,2024-11-10,94.66,Clothing
CUST00029,2025-03-01,67.39,Clothing
CUST00029,2025-04-01,105.13,Clothing
CUST00029,2025-03-23,114.9,Electronics
CUST00029,2024-11-09,15.4,Clothing
CUST00029,2024-11-17,49.27,Electronics
CUST00029,2025-02-16,54.65,Electronics
CUST00029,2025-02-20,86.48,Clothing
CUST00029,2024-09-29,240.1,Clothing
CUST00029,2024-12-23,219.18,Grocery
CUST00029,2025-02-01,11.57,Dining
CUST00029,2024-12-14,26.23,Clothing
CUST00029,2024-10-12,8.83,Electronics
CUST00029,2025-03-30,213.74,Electronics
CUST00029,2025-01-16,64.69,Grocery
CUST00029,2025-04-10,11.57,Electronics
CUST00029,2024-11-22,84.58,Electronics
CUST00029,2025-01-09,124.68,Electronics
CUST00029,2025-05-16,40.08,Grocery
CUST00029,2024-09-15,81.68,Dining
CUST00029,2024-09-20,21.57,Clothing
CUST00029,2024-07-23,143.79,Electronics
CUST00029,2024-12-02,101.84,Electronics
CUST00029,2024-09-17,235.32,Grocery
CUST00029,2024-07-24,41.18,Clothing
CUST00029,2024-09-01,41.93,Clothing
CUST00029,2025-01-25,187.97,Electronics
CUST00029,2024-08-28,7.2,Grocery
CUST00029,2025-05-26,85.77,Grocery
CUST00029,2024-12-14,117.85,Clothing
CUST00029,2024-06-25,18.21,Grocery
CUST00029,2025-03-10,40.17,Grocery
CUST00029,2024-07-29,107.49,Clothing
CUST00029,2024-08-20,10.27,Dining
CUST00029,2024-09-27,81.95,Dining
CUST00029,2024-06-17,25.85,Grocery
CUST00029,2024-10-13,231.79,Electronics
CUST00029,2025-07-21,56.59,Clothing
CUST00029,2024-06-07,8.84,Dining
CUST00029,2025-05-30,126.29,Dining
CUST00029,2024-10-08,61.57,Electronics
CUST00029,2025-06-25,194.89,Dining
CUST00029,2024-07-30,139.41,Clothing
CUST00029,2025-07-09,16.3,Clothing
CUST00029,2024-12-26,35.78,Electronics
CUST00029,2024-08-17,41.71,Clothing
CUST00029,2025-04-25,30.67,Grocery
CUST00029,2024-10-14,6.23,Grocery
CUST00029,2025-04-15,74.03,Grocery
CUST00029,2025-01-07,22.03,Electronics
CUST00029,2024-11-27,72.71,Travel
CUST00029,2024-09-17,121.27,Dining
CUST00029,2025-07-05,70.31,Electronics
CUST00029,2024-11-04,175.11,Grocery
CUST00029,2024-10-02,81.63,Grocery
CUST00029,2025-06-04,232.67,Dining
CUST00029,2024-06-17,9.42,Grocery
CUST00030,2023-09-28,57.47,Electronics
CUST00030,2025-02-19,118.07,Dining
CUST00030,2021-07-01,32.71,Grocery
CUST00030,2023-02-11,56.65,Clothing
CUST00030,2024-09-12,15.36,Travel
CUST00030,2025-03-13,72.66,Travel
CUST00030,2024-09-06,183.96,Grocery
CUST00030,2022-03-19,93.49,Dining
CUST00030,2024-06-02,88.2,Travel
CUST00030,2024-05-05,325.2,Dining
CUST00030,2022-01-06,32.42,Electronics
CUST00030,2024-11-08,24.23,Grocery
CUST00030,2021-08-15,12.92,Electronics
CUST00030,2025-01-15,130.31,Grocery
CUST00030,2021-04-19,19.43,Travel
CUST00030,2022-01-12,54.86,Grocery
CUST00030,2024-04-13,185.4,Travel
CUST00030,2023-08-30,24.04,Travel
CUST00030,2022-10-09,29.86,Clothing
CUST00030,2025-05-09,117.86,Dining
CUST00030,2021-10-14,19.03,Travel
CUST00030,2022-02-17,90.69,Travel
CUST00030,2021-01-25,79.92,Dining
CUST00030,2023-09-04,17.28,Travel
CUST00030,2024-09-04,190.65,Clothing
CUST00030,2023-02-19,147.35,Dining
CUST00030,2023-09-10,94.97,Dining
CUST00030,2021-03-12,46.65,Grocery
CUST00030,2023-01-18,20.56,Travel
CUST00030,2024-05-06,94.9,Travel
CUST00030,2023-05-21,8.61,Electronics
CUST00030,2024-10-28,12.51,Electronics
CUST00030,2021-06-26,11.03,Grocery
CUST00030,2023-03-27,62.37,Electronics
CUST00030,2021-01-31,22.06,Dining
CUST00030,2022-10-21,12.16,Dining
CUST00030,2023-05-09,79.67,Grocery
CUST00030,2024-11-03,13.27,Grocery
CUST00030,2022-08-26,24.62,Dining
CUST00030,2023-12-28,107.5,Clothing
CUST00030,2022-10-21,245.04,Dining
CUST00030,2024-04-08,96.13,Grocery
CUST00030,2021-03-21,88.71,Dining
CUST00030,2022-09-12,209.23,Grocery
CUST00030,2021-07-02,75.79,Grocery
CUST00030,2024-09-05,99.12,Dining
CUST00030,2021-09-01,27.6,Clothing
CUST00030,2024-01-06,117.78,Travel
CUST00030,2025-06-18,90.15,Travel
CUST00030,2023-10-23,324.65,Dining
CUST00030,2021-05-22,32.6,Travel
CUST00030,2021-11-12,82.09,Travel
CUST00030,2023-06-14,60.86,Grocery
CUST00030,2022-02-05,223.39,Electronics
CUST00030,2023-01-19,138.13,Clothing
CUST00030,2021-11-18,64.1,Travel
CUST00030,2023-10-29,102.59,Electronics
CUST00030,2021-02-06,38.22,Electronics
CUST00030,2025-05-12,77.46,Grocery
CUST00030,2023-03-25,59.56,Clothing
CUST00030,2021-03-24,11.52,Dining
CUST00030,2022-07-04,91.74,Grocery
CUST00030,2022-02-16,32.09,Clothing
CUST00030,2022-05-07,91.27,Electronics
CUST00030,2023-06-16,191.83,Grocery
CUST00030,2024-03-07,140.0,Dining
CUST00030,2022-03-29,126.38,Clothing
CUST00030,2024-04-20,174.96,Electronics
CUST00030,2023-07-05,113.2,Electronics
CUST00030,2023-09-13,17.78,Grocery
CUST00030,2021-12-30,360.46,Travel
CUST00030,2023-11-25,38.16,Electronics
CUST00030,2021-08-21,132.64,Electronics
CUST00030,2024-09-13,48.12,Clothing
CUST00030,2025-04-06,33.82,Dining
CUST00030,2021-05-08,56.0,Clothing
CUST00030,2022-01-12,78.49,Grocery
CUST00030,2024-06-21,22.31,Dining
CUST00030,2023-09-17,82.08,Grocery
CUST00030,2021-06-26,71.82,Electronics
CUST00030,2025-05-13,100.24,Travel
CUST00030,2023-09-12,115.1,Grocery
CUST00030,2023-05-06,136.91,Travel
CUST00030,2021-07-25,53.15,Travel
CUST00030,2020-12-03,11.79,Dining
CUST00030,2024-03-14,11.22,Clothing
CUST00030,2023-09-01,27.62,Electronics
CUST00030,2022-10-03,5.21,Grocery
CUST00030,2021-08-02,66.08,Grocery
CUST00030,2022-06-19,23.0,Travel
CUST00031,2023-09-06,10.84,Dining
CUST00031,2023-02-25,41.84,Clothing
CUST00031,2024-02-21,102.08,Grocery
CUST00031,2023-08-08,167.0,Travel
CUST00031,2025-06-27,32.34,Clothing
CUST00031,2024-04-24,338.68,Dining
CUST00031,2023-02-18,28.0,Grocery
CUST00031,2024-11-11,65.08,Travel
CUST00031,2025-05-14,38.06,Electronics
CUST00031,2025-02-12,128.34,Grocery
CUST00031,2025-06-05,18.29,Grocery
CUST00031,2023-03-20,38.68,Grocery
CUST00031,2023-07-09,7.29,Clothing
CUST00031,2024-07-26,104.87,Clothing
CUST00031,2023-12-30,235.23,Dining
CUST00031,2025-04-12,80.77,Grocery
CUST00031,2025-03-01,142.51,Travel
CUST00031,2023-12-01,16.01,Travel
CUST00031,2024-07-09,26.78,Clothing
CUST00031,2023-04-07,30.28,Dining
CUST00031,2023-09-18,8.86,Travel
CUST00031,2024-03-29,160.13,Clothing
CUST00031,2024-10-01,99.67,Travel
CUST00031,2024-12-09,208.34,Dining
CUST00031,2025-01-02,5.91,Grocery
CUST00031,2023-06-25,358.16,Travel
CUST00031,2023-09-08,235.37,Electronics
CUST00031,2024-02-04,149.59,Travel
CUST00031,2023-07-13,8.24,Electronics
CUST00031,2022-10-31,235.36,Clothing
CUST00031,2023-03-15,90.67,Electronics
CUST00031,2023-08-07,53.4,Travel
CUST00031,2024-07-05,6.03,Dining
CUST00031,2023-11-12,129.61,Grocery
CUST00031,2025-05-27,9.21,Dining
CUST00031,2024-10-24,93.18,Dining
CUST00031,2025-07-26,131.09,Electronics
CUST00031,2024-10-12,29.71,Grocery
CUST00031,2025-02-08,44.45,Clothing
CUST00031,2025-04-22,16.37,Travel
CUST00031,2025-01-04,15.44,Electronics
CUST00031,2023-09-24,67.95,Electronics
CUST00031,2023-06-05,30.18,Clothing
CUST00031,2024-09-11,68.83,Travel
CUST00031,2023-08-05,7.6,Travel
CUST00031,2024-10-02,38.51,Grocery
CUST00031,2025-03-14,61.68,Travel
CUST00031,2024-09-04,13.08,Electronics
CUST00031,2025-02-22,6.92,Dining
CUST00031,2025-04-17,45.25,Travel
CUST00031,2024-11-16,23.57,Grocery
CUST00031,2025-06-13,109.62,Clothing
CUST00031,2023-01-31,58.37,Dining
CUST00031,2024-02-22,107.48,Clothing
CUST00031,2023-05-06,163.07,Grocery
CUST00031,2022-11-27,40.48,Travel
CUST00031,2024-03-27,148.48,Clothing
CUST00031,2022-12-23,40.33,Dining
CUST00031,2025-05-04,88.06,Travel
CUST00031,2024-06-15,44.22,Grocery
CUST00031,2024-11-01,16.18,Travel
CUST00031,2022-11-18,46.43,Grocery
CUST00031,2025-04-24,141.0,Grocery
CUST00031,2025-04-17,55.91,Dining
CUST00031,2024-08-19,84.71,Grocery
CUST00031,2025-04-01,61.47,Electronics
CUST00031,2023-12-09,64.19,Electronics
CUST00031,2022-11-29,44.08,Dining
CUST00031,2024-06-29,11.32,Travel
CUST00031,2025-07-15,135.74,Grocery
CUST00031,2023-01-16,109.17,Dining
CUST00031,2023-11-27,45.31,Dining
CUST00031,2024-04-11,18.03,Grocery
CUST00031,2024-06-11,133.09,Clothing
CUST00031,2024-03-25,147.37,Grocery
CUST00031,2023-05-19,121.07,Electronics
CUST00031,2024-03-08,118.91,Grocery
CUST00031,2024-09-18,175.8,Electronics
CUST00031,2024-01-21,128.12,Clothing
CUST00031,2025-01-29,672.84,Dining
CUST00031,2025-01-31,110.13,Clothing
CUST00031,2025-03-19,20.79,Dining
CUST00031,2023-03-20,94.73,Grocery
CUST00031,2023-07-01,64.3,Electronics
CUST00031,2023-09-13,100.72,Electronics
CUST00031,2025-07-08,85.06,Clothing
CUST00031,2023-11-22,166.26,Dining
CUST00031,2024-11-29,59.08,Electronics
CUST00031,2025-05-20,22.78,Travel
CUST00031,2023-11-28,147.9,Dining
CUST00031,2023-07-24,96.08,Dining
CUST00031,2025-03-20,28.38,Clothing
CUST00031,2025-03-08,54.13,Clothing
CUST00031,2024-07-11,26.22,Clothing
CUST00031,2022-11-28,31.66,Travel
CUST00031,2025-02-09,100.35,Electronics
CUST00031,2023-10-20,133.99,Grocery
CUST00031,2024-02-28,47.31,Electronics
CUST00031,2024-08-22,191.35,Dining
CUST00031,2025-04-13,12.48,Grocery
CUST00031,2023-10-17,103.95,Grocery
CUST00031,2023-03-09,28.85,Grocery
CUST00031,2023-02-27,35.92,Dining
CUST00031,2023-10-04,16.71,Electronics
CUST00031,2025-03-14,145.67,Dining
CUST00031,2025-02-05,113.49,Electronics
CUST00031,2023-05-09,52.48,Clothing
CUST00031,2022-12-29,56.36,Electronics
CUST00031,2024-07-01,124.12,Grocery
CUST00031,2024-08-14,63.82,Grocery
CUST00031,2023-01-15,54.83,Travel
CUST00031,2022-12-21,358.86,Clothing
CUST00031,2024-12-24,10.39,Travel
CUST00031,2025-03-05,296.51,Travel
CUST00031,2025-03-04,96.37,Grocery
CUST00031,2022-10-30,105.7,Dining
CUST00031,2025-01-13,14.34,Grocery
CUST00031,2025-05-03,10.1,Electronics
CUST00032,2025-05-24,87.36,Clothing
CUST00032,2025-06-14,14.1,Dining
CUST00032,2025-06-21,69.92,Dining
CUST00032,2025-07-07,31.54,Travel
CUST00032,2025-08-01,103.83,Grocery
CUST00032,2025-07-13,15.06,Travel
CUST00032,2025-07-16,30.74,Dining
CUST00032,2025-07-07,63.05,Travel
CUST00032,2025-05-29,246.22,Electronics
CUST00032,2025-06-21,10.43,Dining
CUST00032,2025-06-10,66.49,Electronics
CUST00032,2025-07-03,89.19,Grocery
CUST00032,2025-07-13,13.4,Grocery
CUST00032,2025-06-13,24.11,Dining
CUST00032,2025-06-15,8.69,Clothing
CUST00032,2025-07-19,18.28,Travel
CUST00032,2025-07-21,25.68,Travel
CUST00032,2025-06-03,132.42,Grocery
CUST00032,2025-07-04,242.65,Travel
CUST00032,2025-07-20,45.61,Grocery
CUST00032,2025-05-19,110.25,Grocery
CUST00032,2025-07-25,41.68,Dining
CUST00032,2025-06-28,78.76,Clothing
CUST00032,2025-07-10,50.47,Dining
CUST00032,2025-06-11,76.33,Travel
CUST00032,2025-06-30,38.98,Dining
CUST00032,2025-07-08,91.02,Clothing
CUST00032,2025-06-20,53.68,Travel
CUST00032,2025-07-09,111.83,Grocery
CUST00032,2025-05-21,188.95,Electronics
CUST00032,2025-07-12,17.62,Dining
CUST00032,2025-05-21,103.44,Dining
CUST00032,2025-07-31,81.23,Clothing
CUST00032,2025-07-02,29.37,Electronics
CUST00032,2025-06-02,197.91,Dining
CUST00032,2025-06-16,44.86,Grocery
CUST00032,2025-07-10,26.85,Grocery
CUST00032,2025-05-14,113.53,Dining
CUST00032,2025-05-18,86.1,Grocery
CUST00032,2025-06-01,5.51,Grocery
CUST00032,2025-06-29,146.02,Dining
CUST00032,2025-07-30,128.65,Electronics
CUST00032,2025-07-03,187.62,Dining
CUST00032,2025-05-28,50.48,Electronics
CUST00032,2025-06-07,141.56,Dining
CUST00032,2025-06-22,50.59,Dining
CUST00032,2025-06-30,56.99,Grocery
CUST00032,2025-06-23,64.18,Grocery
CUST00032,2025-07-21,41.69,Travel
CUST00032,2025-07-22,15.09,Clothing
CUST00032,2025-06-08,76.2,Grocery
CUST00032,2025-06-06,56.46,Travel
CUST00032,2025-06-23,61.42,Dining
CUST00032,2025-06-27,138.87,Travel
CUST00032,2025-06-07,94.81,Dining
CUST00032,2025-06-07,54.58,Dining
CUST00032,2025-07-24,45.77,Electronics
CUST00032,2025-05-23,82.94,Clothing
CUST00032,2025-07-17,52.25,Dining
CUST00032,2025-05-23,77.27,Dining
CUST00032,2025-07-11,126.06,Clothing
CUST00032,2025-06-20,52.79,Clothing
CUST00032,2025-06-07,48.89,Dining
CUST00032,2025-06-30,62.7,Clothing
CUST00032,2025-07-28,65.44,Electronics
CUST00032,2025-06-19,116.77,Clothing
CUST00032,2025-07-14,228.04,Grocery
CUST00032,2025-06-04,113.72,Travel
CUST00032,2025-05-15,27.74,Grocery
CUST00032,2025-07-26,64.08,Electronics
CUST00032,2025-07-31,5.8,Grocery
CUST00032,2025-06-15,20.57,Grocery
CUST00032,2025-05-23,34.65,Dining
CUST00032,2025-07-31,43.44,Electronics
CUST00032,2025-07-09,76.23,Dining
CUST00032,2025-07-01,86.01,Clothing
CUST00032,2025-05-19,295.31,Grocery
CUST00032,2025-05-24,11.46,Electronics
CUST00032,2025-05-24,17.12,Grocery
CUST00032,2025-07-07,285.05,Electronics
CUST00032,2025-07-07,214.91,Travel
CUST00032,2025-06-29,25.32,Travel
CUST00032,2025-05-31,47.31,Travel
CUST00032,2025-07-20,30.75,Grocery
CUST00032,2025-07-18,7.4,Travel
CUST00032,2025-06-08,184.61,Grocery
CUST00032,2025-06-22,133.29,Grocery
CUST00032,2025-05-19,9.75,Clothing
CUST00032,2025-07-09,43.32,Clothing
CUST00032,2025-05-15,11.13,Clothing
CUST00032,2025-05-12,18.17,Grocery
CUST00032,2025-05-16,184.87,Dining
CUST00032,2025-06-17,5.46,Dining
CUST00032,2025-06-29,170.03,Clothing
CUST00032,2025-06-18,122.24,Electronics
CUST00033,2024-12-26,10.67,Electronics
CUST00033,2025-06-27,13.33,Electronics
CUST00033,2025-07-06,151.01,Travel
CUST00033,2024-11-08,335.42,Dining
CUST00033,2025-07-28,97.39,Grocery
CUST00033,2025-05-13,268.97,Grocery
CUST00033,2024-11-19,25.37,Electronics
CUST00033,2025-04-27,121.71,Clothing
CUST00033,2025-06-10,17.33,Clothing
CUST00033,2025-07-04,58.75,Grocery
CUST00033,2025-06-09,136.98,Travel
CUST00033,2025-06-06,41.52,Electronics
CUST00033,2024-12-31,218.43,Electronics
CUST00033,2025-07-10,9.8,Grocery
CUST00033,2025-05-17,41.45,Grocery
CUST00033,2024-11-30,83.46,Travel
CUST00033,2025-05-16,95.65,Grocery
CUST00033,2024-11-30,93.76,Electronics
CUST00033,2024-12-31,141.67,Electronics
CUST00033,2025-03-31,33.37,Clothing
CUST00033,2025-07-09,20.24,Electronics
CUST00033,2025-06-01,7.47,Grocery
CUST00033,2025-03-15,62.24,Travel
CUST00033,2025-02-27,60.09,Grocery
CUST00033,2025-01-13,34.19,Travel
CUST00033,2025-06-12,92.35,Dining
CUST00033,2025-05-07,83.43,Travel
CUST00033,2024-12-16,122.17,Travel
CUST00033,2024-10-15,73.48,Travel
CUST00033,2025-04-12,18.57,Dining
CUST00033,2024-11-16,11.52,Dining
CUST00033,2024-12-17,30.03,Dining
CUST00033,2025-02-03,124.85,Clothing
CUST00033,2025-07-25,56.26,Travel
CUST00033,2024-12-04,15.78,Travel
CUST00033,2025-04-28,38.02,Grocery
CUST00033,2025-02-10,7.53,Clothing
CUST00033,2025-04-03,31.34,Electronics
CUST00033,2024-12-24,19.05,Dining
CUST00033,2025-07-06,86.72,Dining
CUST00033,2025-03-16,66.39,Travel
CUST00033,2025-03-01,8.77,Travel
CUST00033,2025-04-10,182.63,Dining
CUST00033,2025-03-30,216.14,Electronics
CUST00033,2025-07-21,81.78,Clothing
CUST00033,2025-02-22,6.87,Grocery
CUST00033,2025-06-30,65.14,Electronics
CUST00033,2025-03-02,75.29,Grocery
CUST00033,2024-10-31,136.0,Travel
CUST00033,2025-06-25,99.82,Travel
CUST00033,2025-04-24,173.67,Clothing
CUST00033,2025-02-23,34.08,Dining
CUST00033,2024-10-21,86.69,Travel
CUST00033,2025-07-14,90.86,Grocery
CUST00033,2025-04-24,17.4,Clothing
CUST00033,2025-06-18,211.68,Clothing
CUST00033,2025-01-20,168.4,Grocery
CUST00033,2024-10-17,8.3,Dining
CUST00033,2025-05-17,54.97,Clothing
CUST00033,2025-01-16,28.85,Electronics
CUST00033,2024-11-12,71.37,Electronics
CUST00033,2024-11-27,237.83,Electronics
CUST00033,2025-05-20,70.3,Grocery
CUST00033,2025-02-06,124.65,Dining
CUST00033,2025-06-18,161.72,Travel
CUST00033,2025-01-14,77.19,Travel
CUST00033,2024-10-30,58.19,Travel
CUST00033,2024-12-24,308.72,Grocery
CUST00033,2025-01-19,46.38,Grocery
CUST00033,2024-10-20,44.86,Travel
CUST00033,2025-05-24,18.68,Travel
CUST00033,2024-10-06,28.14,Travel
CUST00033,2025-03-02,70.18,Grocery
CUST00033,2024-11-20,145.12,Clothing
CUST00033,2025-06-09,222.8,Travel
CUST00033,2024-10-28,188.61,Clothing
CUST00033,2025-06-07,55.79,Dining
CUST00033,2025-03-27,16.98,Clothing
CUST00033,2025-07-16,33.9,Clothing
CUST00033,2025-06-16,52.0,Dining
CUST00033,2025-02-15,31.08,Clothing
CUST00033,2025-03-04,72.38,Dining
CUST00033,2025-06-30,13.74,Clothing
CUST00033,2025-07-03,135.96,Dining
CUST00033,2025-07-20,14.91,Clothing
CUST00033,2024-11-22,17.47,Grocery
CUST00033,2025-07-12,197.95,Clothing
CUST00033,2025-06-26,23.38,Grocery
CUST00033,2025-04-15,48.19,Travel
CUST00033,2025-03-19,61.58,Grocery
CUST00033,2025-02-14,6.53,Dining
CUST00033,2024-11-29,5.62,Grocery
CUST00033,2025-03-30,115.3,Travel
CUST00033,2024-12-30,174.76,Travel
CUST00033,2025-06-03,13.88,Electronics
CUST00033,2024-12-13,121.22,Dining
CUST00033,2025-05-30,29.43,Dining
CUST00033,2025-05-16,94.91,Electronics
CUST00033,2025-06-10,133.38,Dining
CUST00033,2024-10-29,92.37,Clothing
CUST00033,2025-04-02,42.63,Grocery
CUST00034,2025-05-11,91.84,Clothing
CUST00034,2024-05-22,10.33,Grocery
CUST00034,2022-01-29,10.06,Electronics
CUST00034,2023-07-08,23.1,Dining
CUST00034,2025-03-26,68.14,Electronics
CUST00034,2023-11-09,47.62,Grocery
CUST00034,2024-06-24,7.05,Grocery
CUST00034,2024-02-27,44.31,Clothing
CUST00034,2023-05-18,80.65,Grocery
CUST00034,2023-06-09,518.87,Electronics
CUST00034,2023-06-04,33.03,Travel
CUST00034,2025-07-07,12.0,Grocery
CUST00034,2023-11-14,52.62,Travel
CUST00034,2022-09-30,72.99,Grocery
CUST00034,2023-05-14,42.28,Grocery
CUST00034,2024-09-22,172.28,Clothing
CUST00034,2023-10-13,119.84,Clothing
CUST00034,2024-05-15,83.03,Travel
CUST00034,2024-03-02,6.87,Electronics
CUST00034,2023-12-01,133.5,Travel
CUST00034,2023-12-18,34.0,Clothing
CUST00034,2022-08-18,309.64,Travel
CUST00034,2023-09-14,211.51,Dining
CUST00034,2022-08-11,38.86,Travel
CUST00034,2023-10-27,43.8,Grocery
CUST00034,2024-03-26,126.83,Grocery
CUST00034,2025-07-23,111.6,Travel
CUST00034,2023-11-09,92.7,Clothing
CUST00034,2025-05-09,35.19,Dining
CUST00034,2023-06-17,61.68,Clothing
CUST00034,2025-07-08,73.0,Clothing
CUST00034,2022-04-09,132.12,Grocery
CUST00034,2022-11-07,8.28,Grocery
CUST00034,2022-08-27,8.47,Travel
CUST00034,2025-01-09,34.98,Travel
CUST00034,2025-01-25,40.32,Grocery
CUST00034,2023-06-03,84.77,Grocery
CUST00034,2023-04-02,23.92,Grocery
CUST00034,2024-09-14,60.94,Grocery
CUST00034,2025-01-25,32.17,Dining
CUST00034,2024-07-05,54.79,Travel
CUST00034,2022-11-02,138.33,Travel
CUST00034,2023-12-24,103.38,Clothing
CUST00034,2025-06-20,84.43,Electronics
CUST00034,2022-06-19,87.6,Dining
CUST00034,2021-12-22,12.87,Electronics
CUST00034,2022-11-21,238.76,Clothing
CUST00034,2022-04-24,39.66,Travel
CUST00034,2023-04-02,21.43,Dining
CUST00034,2023-03-20,21.62,Clothing
CUST00034,2024-10-23,142.76,Dining
CUST00034,2024-09-06,239.37,Dining
CUST00034,2023-05-24,30.38,Electronics
CUST00034,2023-12-13,7.03,Electronics
CUST00034,2024-05-01,255.94,Electronics
CUST00034,2022-08-09,108.71,Clothing
CUST00034,2023-07-22,206.21,Travel
CUST00034,2022-03-31,58.14,Clothing
CUST00034,2023-05-13,300.62,Grocery
CUST00034,2024-09-19,77.26,Clothing
CUST00034,2022-04-08,112.15,Dining
CUST00034,2024-09-08,18.12,Travel
CUST00034,2022-01-28,79.83,Travel
CUST00034,2023-08-03,48.69,Clothing
CUST00034,2024-11-05,53.0,Dining
CUST00034,2023-10-11,23.58,Grocery
CUST00034,2023-04-19,97.3,Grocery
CUST00034,2024-11-20,28.91,Dining
CUST00034,2023-04-23,47.78,Grocery
CUST00034,2022-08-03,177.24,Electronics
CUST00034,2024-11-28,92.61,Electronics
CUST00034,2021-10-29,102.73,Travel
CUST00034,2022-10-23,27.28,Electronics
CUST00034,2023-12-27,136.72,Grocery
CUST00034,2024-09-28,23.33,Travel
CUST00034,2023-04-23,46.65,Clothing
CUST00034,2024-05-26,13.15,Clothing
CUST00034,2024-06-01,215.58,Electronics
CUST00034,2022-12-04,113.53,Travel
CUST00034,2024-04-29,93.76,Dining
CUST00034,2021-11-13,108.62,Grocery
CUST00034,2025-07-01,33.95,Grocery
CUST00034,2022-04-22,31.86,Travel
CUST00034,2025-07-10,7.47,Grocery
CUST00034,2024-09-21,71.33,Grocery
CUST00034,2025-07-22,43.04,Grocery
CUST00034,2024-05-21,229.55,Grocery
CUST00034,2022-03-21,375.33,Travel
CUST00034,2024-07-10,92.15,Electronics
CUST00034,2023-12-01,7.2,Travel
CUST00034,2024-05-30,115.63,Grocery
CUST00034,2022-04-26,112.95,Travel
CUST00034,2025-03-21,230.95,Clothing
CUST00034,2024-04-27,169.44,Travel
CUST00034,2024-03-06,54.6,Travel
CUST00034,2024-11-23,9.82,Dining
CUST00034,2025-03-22,128.42,Grocery
CUST00034,2024-08-15,126.43,Dining
CUST00034,2022-02-24,22.32,Grocery
CUST00034,2022-11-06,22.19,Dining
CUST00034,2022-07-16,43.39,Electronics
CUST00034,2025-03-13,55.14,Dining
CUST00034,2023-04-15,13.96,Clothing
CUST00034,2025-07-15,160.25,Clothing
CUST00034,2023-11-15,110.64,Electronics
CUST00035,2025-02-13,85.5,Clothing
CUST00035,2024-06-08,96.29,Clothing
CUST00035,2024-11-04,38.39,Dining
CUST00035,2024-09-27,10.15,Electronics
CUST00035,2024-03-28,46.95,Clothing
CUST00035,2024-08-02,32.83,Electronics
CUST00035,2025-02-22,318.63,Grocery
CUST00035,2024-03-26,42.78,Clothing
CUST00035,2024-12-04,17.65,Grocery
CUST00035,2024-09-11,12.15,Grocery
CUST00035,2024-08-20,6.43,Grocery
CUST00035,2024-06-07,22.71,Clothing
CUST00035,2025-07-01,156.41,Travel
CUST00035,2025-04-22,29.46,Clothing
CUST00035,2025-02-28,83.67,Clothing
CUST00035,2025-01-29,27.62,Clothing
CUST00035,2024-06-07,93.39,Electronics
CUST00035,2024-11-10,79.34,Clothing
CUST00035,2025-03-18,270.79,Electronics
CUST00035,2025-07-08,65.9,Dining
CUST00035,2025-03-11,45.13,Travel
CUST00035,2025-01-08,80.02,Electronics
CUST00035,2024-10-02,53.27,Travel
CUST00035,2025-06-26,70.6,Electronics
CUST00035,2024-12-19,49.58,Dining
CUST00035,2025-05-14,50.86,Clothing
CUST00035,2024-04-18,14.04,Dining
CUST00035,2024-03-21,359.92,Travel
CUST00035,2025-06-15,39.49,Clothing
CUST00035,2025-06-18,6.27,Travel
CUST00035,2024-04-30,37.57,Grocery
CUST00035,2024-06-25,100.06,Dining
CUST00035,2024-03-28,66.94,Clothing
CUST00035,2025-01-30,7.53,Dining
CUST00035,2025-07-22,49.28,Grocery
CUST00035,2024-03-19,61.33,Grocery
CUST00035,2024-12-31,226.22,Grocery
CUST00035,2025-02-19,7.99,Dining
CUST00035,2024-07-06,29.92,Travel
CUST00035,2024-09-01,110.9,Dining
CUST00035,2025-03-08,29.31,Clothing
CUST00035,2024-05-13,36.54,Grocery
CUST00035,2024-08-19,430.48,Grocery
CUST00035,2025-01-21,89.08,Travel
CUST00035,2024-06-25,5.98,Electronics
CUST00035,2025-03-23,116.21,Dining
CUST00035,2024-10-30,81.57,Electronics
CUST00035,2024-05-02,21.41,Grocery
CUST00035,2024-10-20,11.4,Dining
CUST00035,2025-02-08,5.89,Dining
CUST00035,2024-12-25,23.73,Electronics
CUST00035,2024-09-03,72.29,Clothing
CUST00035,2024-08-27,108.41,Electronics
CUST00035,2024-10-13,112.74,Electronics
CUST00035,2024-10-13,7.33,Travel
CUST00035,2024-04-22,73.24,Dining
CUST00035,2024-10-14,83.66,Travel
CUST00035,2024-04-28,122.06,Dining
CUST00035,2024-10-11,56.04,Travel
CUST00035,2024-09-10,62.44,Electronics
CUST00035,2024-10-21,182.58,Travel
CUST00035,2025-05-07,70.94,Travel
CUST00035,2024-09-28,119.83,Electronics
CUST00035,2025-01-19,10.19,Electronics
CUST00035,2025-01-07,58.18,Travel
CUST00035,2024-03-21,59.66,Electronics
CUST00035,2024-11-09,5.65,Travel
CUST00035,2025-01-07,15.16,Grocery
CUST00035,2025-04-22,211.41,Electronics
CUST00035,2024-06-22,26.85,Electronics
CUST00035,2024-08-11,32.28,Travel
CUST00035,2024-12-24,142.85,Clothing
CUST00035,2024-08-05,104.17,Grocery
CUST00035,2024-05-26,18.45,Electronics
CUST00035,2025-06-14,104.06,Dining
CUST00035,2025-04-09,147.66,Clothing
CUST00035,2025-01-20,21.17,Dining
CUST00035,2025-04-21,210.79,Clothing
CUST00035,2024-06-07,40.18,Dining
CUST00035,2024-06-06,170.64,Travel
CUST00035,2025-02-10,110.15,Clothing
CUST00035,2024-05-05,40.08,Dining
CUST00035,2024-06-11,51.4,Grocery
CUST00035,2025-05-20,231.87,Electronics
CUST00035,2025-04-19,414.41,Grocery
CUST00035,2025-01-17,21.05,Dining
CUST00035,2025-07-22,10.85,Electronics
CUST00035,2024-12-25,29.91,Grocery
CUST00035,2024-10-28,54.87,Clothing
CUST00035,2025-02-17,32.9,Travel
CUST00035,2024-12-18,39.42,Travel
CUST00036,2023-04-13,271.65,Travel
CUST00036,2023-02-13,113.19,Travel
CUST00036,2024-08-20,18.93,Grocery
CUST00036,2024-04-28,145.18,Travel
CUST00036,2024-04-04,211.5,Dining
CUST00036,2024-12-22,108.5,Dining
CUST00036,2022-11-24,8.41,Clothing
CUST00036,2024-09-28,39.56,Electronics
CUST00036,2023-06-20,7.24,Grocery
CUST00036,2023-04-15,65.14,Grocery
CUST00036,2023-11-30,240.68,Clothing
CUST00036,2023-03-05,63.11,Grocery
CUST00036,2023-04-12,353.9,Grocery
CUST00036,2023-12-17,13.95,Clothing
CUST00036,2025-06-21,245.13,Travel
CUST00036,2025-01-17,7.17,Dining
CUST00036,2025-01-19,82.2,Electronics
CUST00036,2024-01-15,98.7,Clothing
CUST00036,2023-11-08,35.68,Grocery
CUST00036,2024-12-05,109.53,Dining
CUST00036,2023-03-02,68.22,Grocery
CUST00036,2023-05-26,53.09,Grocery
CUST00036,2024-02-21,22.98,Travel
CUST00036,2023-05-16,55.17,Travel
CUST00036,2024-04-23,93.97,Clothing
CUST00036,2024-05-15,27.54,Dining
CUST00036,2023-05-30,178.41,Grocery
CUST00036,2024-10-06,121.9,Travel
CUST00036,2023-02-17,285.65,Dining
CUST00036,2022-12-06,52.84,Grocery
CUST00036,2024-12-16,238.98,Grocery
CUST00036,2023-01-16,34.33,Clothing
CUST00036,2023-05-26,37.2,Travel
CUST00036,2025-04-09,46.83,Dining
CUST00036,2024-03-02,18.02,Grocery
CUST00036,2023-03-15,203.89,Electronics
CUST00036,2025-02-20,171.47,Dining
CUST00036,2023-06-10,46.2,Travel
CUST00036,2024-04-28,48.21,Dining
CUST00036,2023-10-17,79.74,Electronics
CUST00036,2023-01-18,63.73,Travel
CUST00036,2024-05-21,24.14,Grocery
CUST00036,2025-07-16,255.89,Clothing
CUST00036,2025-01-25,45.68,Grocery
CUST00036,2024-07-23,72.75,Grocery
CUST00036,2024-12-19,155.19,Clothing
CUST00036,2025-05-07,146.16,Grocery
CUST00036,2024-11-04,28.62,Travel
CUST00036,2023-11-08,7.21,Travel
CUST00036,2024-10-21,54.64,Electronics
CUST00036,2024-01-23,82.88,Dining
CUST00036,2025-03-20,111.39,Grocery
CUST00036,2025-03-03,83.83,Travel
CUST00036,2024-11-11,19.49,Grocery
CUST00036,2024-04-26,80.49,Electronics
CUST00036,2024-10-08,48.97,Dining
CUST00036,2024-03-11,137.23,Dining
CUST00036,2024-08-31,78.89,Dining
CUST00036,2023-06-01,10.78,Clothing
CUST00036,2023-10-17,52.53,Dining
CUST00036,2024-09-12,93.14,Clothing
CUST00036,2022-12-02,300.97,Travel
CUST00036,2024-03-04,39.18,Dining
CUST00036,2023-01-09,77.12,Clothing
CUST00036,2025-03-06,19.0,Dining
CUST00036,2024-05-01,254.44,Clothing
CUST00036,2024-04-19,17.49,Travel
CUST00036,2025-05-04,153.15,Grocery
CUST00036,2023-04-21,138.72,Grocery
CUST00036,2023-10-21,80.65,Travel
CUST00036,2025-05-06,51.97,Clothing
CUST00036,2024-04-24,285.05,Clothing
CUST00036,2022-12-29,99.26,Grocery
CUST00036,2025-06-07,38.99,Grocery
CUST00036,2023-08-12,85.74,Electronics
CUST00036,2024-09-28,21.33,Electronics
CUST00036,2024-09-17,40.87,Grocery
CUST00036,2025-01-19,13.43,Grocery
CUST00036,2023-05-23,16.87,Travel
CUST00036,2023-11-16,82.12,Electronics
CUST00036,2023-01-25,46.57,Clothing
CUST00036,2023-01-24,38.77,Dining
CUST00036,2025-03-16,11.67,Dining
CUST00036,2023-12-27,73.14,Dining
CUST00036,2023-03-20,120.59,Travel
CUST00036,2025-06-06,56.58,Travel
CUST00036,2023-11-18,54.81,Dining
CUST00036,2024-02-01,33.71,Grocery
CUST00036,2023-07-30,9.96,Grocery
CUST00036,2025-02-28,25.3,Travel
CUST00037,2024-05-01,292.66,Electronics
CUST00037,2021-06-22,83.32,Travel
CUST00037,2024-10-07,177.82,Clothing
CUST00037,2021-08-05,23.02,Clothing
CUST00037,2025-04-10,20.28,Electronics
CUST00037,2021-07-08,31.7,Clothing
CUST00037,2024-06-18,48.81,Grocery
CUST00037,2022-01-15,157.26,Travel
CUST00037,2024-12-19,13.78,Dining
CUST00037,2022-11-27,57.23,Clothing
CUST00037,2023-06-24,171.76,Electronics
CUST00037,2023-02-15,76.71,Grocery
CUST00037,2021-07-04,82.54,Electronics
CUST00037,2024-04-14,32.41,Travel
CUST00037,2022-08-15,157.29,Clothing
CUST00037,2025-04-19,96.89,Dining
CUST00037,2021-02-09,81.27,Dining
CUST00037,2022-11-08,38.86,Grocery
CUST00037,2025-03-11,23.98,Electronics
CUST00037,2021-05-18,301.65,Clothing
CUST00037,2021-12-16,23.3,Grocery
CUST00037,2024-06-18,65.26,Dining
CUST00037,2024-05-20,8.68,Dining
CUST00037,2024-04-12,54.36,Electronics
CUST00037,2022-04-16,11.3,Dining
CUST00037,2024-07-24,137.85,Grocery
CUST00037,2024-01-30,174.95,Travel
CUST00037,2024-04-11,236.4,Electronics
CUST00037,2021-06-28,23.81,Dining
CUST00037,2022-10-04,128.56,Grocery
CUST00037,2024-04-10,188.66,Dining
CUST00037,2021-05-04,14.48,Travel
CUST00037,2024-10-23,24.11,Clothing
CUST00037,2022-12-23,284.48,Grocery
CUST00037,2021-12-01,280.36,Dining
CUST00037,2023-01-23,151.54,Travel
CUST00037,2024-03-07,67.3,Electronics
CUST00037,2022-10-19,184.03,Travel
CUST00037,2022-06-10,335.34,Dining
CUST00037,2023-04-21,210.51,Clothing
CUST00037,2024-08-18,12.34,Grocery
CUST00037,2024-12-25,5.34,Travel
CUST00037,2023-06-23,140.74,Grocery
CUST00037,2021-10-01,31.18,Dining
CUST00037,2023-01-02,11.17,Grocery
CUST00037,2023-06-25,52.77,Clothing
CUST00037,2024-11-05,103.61,Electronics
CUST00037,2022-03-31,103.71,Travel
CUST00037,2024-01-19,27.79,Travel
CUST00037,2023-02-11,226.33,Grocery
CUST00037,2021-04-02,69.86,Travel
CUST00037,2024-01-04,20.84,Travel
CUST00037,2021-01-22,121.34,Grocery
CUST00037,2023-05-11,50.84,Grocery
CUST00037,2024-02-11,55.39,Travel
CUST00037,2024-07-27,123.9,Grocery
CUST00037,2023-03-22,24.75,Grocery
CUST00037,2022-04-25,249.46,Travel
CUST00037,2023-09-09,11.19,Travel
CUST00037,2023-01-04,163.39,Travel
CUST00037,2025-04-10,118.79,Electronics
CUST00037,2024-10-01,50.43,Dining
CUST00037,2023-05-19,206.6,Grocery
CUST00037,2021-08-09,55.24,Dining
CUST00037,2025-03-15,24.92,Clothing
CUST00037,2021-04-12,91.07,Travel
CUST00037,2022-03-23,62.77,Dining
CUST00037,2021-06-05,13.46,Electronics
CUST00037,2022-03-15,86.5,Clothing
CUST00037,2025-05-29,122.45,Clothing
CUST00037,2023-01-01,43.01,Grocery
CUST00037,2022-08-17,72.8,Clothing
CUST00037,2021-04-16,100.46,Grocery
CUST00037,2024-05-30,227.27,Electronics
CUST00037,2021-07-13,145.44,Electronics
CUST00037,2023-01-04,121.37,Travel
CUST00037,2024-06-13,19.8,Dining
CUST00037,2023-04-28,14.15,Grocery
CUST00037,2022-01-21,48.08,Travel
CUST00037,2025-02-06,92.71,Travel
CUST00037,2021-11-08,92.94,Electronics
CUST00037,2021-10-19,279.55,Dining
CUST00037,2022-02-07,13.93,Clothing
CUST00037,2023-12-19,60.32,Travel
CUST00037,2021-03-09,303.45,Travel
CUST00037,2023-08-14,14.94,Travel
CUST00037,2023-04-21,27.97,Electronics
CUST00037,2025-05-19,234.66,Dining
CUST00037,2021-02-24,148.81,Grocery
CUST00037,2025-05-18,158.95,Dining
CUST00037,2021-10-15,74.57,Clothing
CUST00037,2024-01-20,86.37,Dining
CUST00037,2023-08-13,71.92,Grocery
CUST00037,2021-09-29,299.56,Grocery
CUST00037,2023-12-18,18.65,Electronics
CUST00037,2024-03-14,408.0,Travel
CUST00037,2022-06-24,17.28,Dining
CUST00037,2021-06-29,105.72,Clothing
CUST00037,2022-12-26,98.01,Clothing
CUST00037,2024-04-22,45.18,Dining
CUST00037,2021-01-29,45.72,Dining
CUST00037,2023-08-04,69.22,Travel
CUST00037,2021-12-05,52.23,Grocery
CUST00037,2022-09-24,73.55,Electronics
CUST00037,2023-04-25,64.27,Dining
CUST00037,2022-11-17,370.53,Travel
CUST00037,2022-01-02,56.91,Dining
CUST00038,2024-12-01,145.01,Electronics
CUST00038,2023-05-22,95.42,Electronics
CUST00038,2024-02-03,243.72,Travel
CUST00038,2023-07-28,126.72,Travel
CUST00038,2025-05-05,123.49,Travel
CUST00038,2023-07-28,47.14,Clothing
CUST00038,2024-12-28,184.02,Electronics
CUST00038,2025-05-17,290.57,Electronics
CUST00038,2025-03-25,86.25,Electronics
CUST00038,2023-07-24,98.91,Electronics
CUST00038,2025-02-18,5.51,Electronics
CUST00038,2023-09-13,40.84,Grocery
CUST00038,2023-07-19,58.58,Travel
CUST00038,2024-04-23,310.92,Clothing
CUST00038,2023-06-02,66.3,Electronics
CUST00038,2025-05-12,13.8,Clothing
CUST00038,2024-06-19,367.25,Electronics
CUST00038,2023-05-22,38.98,Clothing
CUST00038,2023-08-31,352.11,Electronics
CUST00038,2025-04-13,12.85,Travel
CUST00038,2023-07-21,35.52,Clothing
CUST00038,2023-08-16,34.37,Travel
CUST00038,2024-10-08,41.33,Grocery
CUST00038,2025-06-04,117.15,Grocery
CUST00038,2024-05-07,138.45,Grocery
CUST00038,2024-04-30,254.63,Electronics
CUST00038,2024-02-24,96.25,Grocery
CUST00038,2024-05-16,30.87,Travel
CUST00038,2023-06-22,143.96,Dining
CUST00038,2024-01-16,11.17,Grocery
CUST00038,2024-10-19,306.48,Dining
CUST00038,2023-12-10,162.47,Travel
CUST00038,2025-03-03,175.03,Clothing
CUST00038,2023-07-06,20.31,Travel
CUST00038,2024-03-22,74.41,Dining
CUST00038,2024-04-01,61.69,Electronics
CUST00038,2024-08-14,5.43,Dining
CUST00038,2023-09-08,181.89,Dining
CUST00038,2024-09-25,111.41,Dining
CUST00038,2023-07-11,27.7,Grocery
CUST00038,2023-10-05,13.69,Travel
CUST00038,2024-06-15,59.26,Travel
CUST00038,2025-05-04,30.88,Travel
CUST00038,2023-10-05,11.35,Grocery
CUST00038,2024-11-13,54.18,Clothing
CUST00038,2024-11-23,94.37,Electronics
CUST00038,2025-01-01,28.97,Grocery
CUST00038,2023-06-15,188.63,Travel
CUST00038,2024-12-29,134.04,Grocery
CUST00038,2025-06-27,92.9,Clothing
CUST00038,2023-12-14,19.18,Electronics
CUST00038,2024-07-15,85.16,Electronics
CUST00038,2023-10-11,529.35,Dining
CUST00038,2023-12-12,18.92,Grocery
CUST00038,2023-11-20,54.4,Electronics
CUST00038,2023-11-02,176.54,Travel
CUST00038,2023-10-31,6.73,Travel
CUST00038,2024-10-01,19.4,Clothing
CUST00038,2024-03-18,25.23,Grocery
CUST00038,2024-01-24,345.47,Dining
CUST00038,2024-06-18,7.33,Grocery
CUST00038,2023-09-18,25.99,Clothing
CUST00038,2023-12-26,290.7,Clothing
CUST00038,2024-06-08,156.82,Clothing
CUST00038,2023-10-15,180.69,Travel
CUST00038,2024-12-30,203.76,Electronics
CUST00038,2025-06-05,36.05,Clothing
CUST00038,2024-04-24,123.52,Clothing
CUST00038,2025-02-05,74.28,Clothing
CUST00038,2025-05-14,270.38,Electronics
CUST00038,2024-10-27,60.78,Electronics
CUST00038,2024-12-07,15.14,Electronics
CUST00038,2024-11-22,11.95,Travel
CUST00038,2025-07-16,195.31,Travel
CUST00038,2025-05-17,107.24,Clothing
CUST00038,2024-07-06,7.13,Dining
CUST00038,2025-01-17,62.82,Dining
CUST00038,2023-11-23,110.93,Clothing
CUST00038,2024-08-05,80.59,Electronics
CUST00038,2024-09-09,51.58,Electronics
CUST00038,2025-07-04,83.24,Clothing
CUST00038,2023-06-06,101.73,Grocery
CUST00038,2023-07-31,355.18,Dining
CUST00038,2024-01-14,39.53,Dining
CUST00038,2024-05-24,647.8,Clothing
CUST00038,2023-07-04,8.86,Dining
CUST00038,2025-02-11,68.66,Dining
CUST00038,2024-11-11,48.48,Travel
CUST00039,2024-12-25,243.07,Grocery
CUST00039,2025-02-28,137.7,Clothing
CUST00039,2025-04-04,12.13,Grocery
CUST00039,2025-04-21,43.12,Dining
CUST00039,2025-07-22,60.08,Grocery
CUST00039,2025-06-05,161.64,Electronics
CUST00039,2025-07-09,18.58,Electronics
CUST00039,2025-06-17,57.49,Grocery
CUST00039,2025-06-23,13.82,Grocery
CUST00039,2025-01-11,39.64,Grocery
CUST00039,2025-01-23,81.25,Electronics
CUST00039,2025-03-26,9.61,Grocery
CUST00039,2025-03-30,44.24,Electronics
CUST00039,2024-12-29,80.58,Travel
CUST00039,2025-03-11,189.83,Travel
CUST00039,2025-02-18,74.3,Clothing
CUST00039,2025-06-19,135.06,Dining
CUST00039,2025-03-09,29.43,Electronics
CUST00039,2025-05-25,117.74,Travel
CUST00039,2025-03-26,53.95,Electronics
CUST00039,2025-01-18,15.0,Grocery
CUST00039,2024-12-19,75.27,Clothing
CUST00039,2024-12-06,11.36,Travel
CUST00039,2025-03-16,22.36,Dining
CUST00039,2025-04-27,54.57,Travel
CUST00039,2025-07-10,34.91,Electronics
CUST00039,2025-01-05,53.17,Grocery
CUST00039,2025-04-19,242.78,Electronics
CUST00039,2025-06-14,150.84,Dining
CUST00039,2025-01-02,8.98,Grocery
CUST00039,2025-07-12,41.06,Grocery
CUST00039,2025-07-29,12.62,Dining
CUST00039,2025-05-11,76.05,Dining
CUST00039,2025-03-20,83.61,Dining
CUST00039,2025-03-16,17.57,Dining
CUST00039,2025-05-16,54.43,Travel
CUST00039,2025-04-07,90.6,Travel
CUST00039,2025-06-09,192.81,Dining
CUST00039,2024-12-06,85.1,Dining
CUST00039,2024-12-22,14.63,Dining
CUST00039,2025-03-17,27.56,Grocery
CUST00039,2025-01-22,136.15,Grocery
CUST00039,2025-06-17,48.94,Travel
CUST00039,2025-04-24,69.75,Clothing
CUST00039,2025-02-25,6.29,Dining
CUST00039,2025-01-26,10.0,Grocery
CUST00039,2025-04-17,37.03,Travel
CUST00039,2024-12-30,6.28,Clothing
CUST00039,2025-07-27,193.03,Electronics
CUST00039,2025-06-19,139.49,Dining
CUST00039,2025-03-05,30.12,Clothing
CUST00039,2025-06-14,16.86,Clothing
CUST00039,2025-05-22,250.04,Dining
CUST00039,2025-04-03,107.17,Electronics
CUST00039,2025-06-26,80.46,Grocery
CUST00039,2025-05-12,32.75,Clothing
CUST00039,2025-06-15,28.26,Electronics
CUST00039,2025-07-12,19.57,Electronics
CUST00039,2025-06-09,169.49,Electronics
CUST00039,2025-02-05,12.08,Travel
CUST00039,2024-12-05,75.05,Grocery
CUST00039,2025-04-30,22.86,Clothing
CUST00039,2025-03-02,130.35,Clothing
CUST00039,2025-04-29,160.93,Dining
CUST00039,2025-04-06,56.57,Grocery
CUST00039,2025-01-14,199.87,Grocery
CUST00039,2025-01-31,40.44,Electronics
CUST00039,2025-01-26,31.77,Dining
CUST00039,2025-06-17,191.37,Travel
CUST00039,2024-12-30,33.98,Electronics
CUST00039,2024-12-28,45.83,Travel
CUST00039,2025-07-11,55.01,Electronics
CUST00039,2025-07-05,135.2,Travel
CUST00039,2025-07-13,43.07,Clothing
CUST00039,2025-05-18,61.77,Grocery
CUST00039,2025-06-06,157.24,Clothing
CUST00039,2025-05-09,34.58,Dining
CUST00039,2024-12-31,92.8,Electronics
CUST00039,2025-04-16,28.51,Clothing
CUST00039,2025-06-10,115.18,Electronics
CUST00039,2025-07-29,128.43,Grocery
CUST00039,2025-05-16,75.49,Clothing
CUST00039,2025-04-29,163.99,Dining
CUST00039,2025-03-11,42.44,Dining
CUST00039,2025-04-24,95.64,Grocery
CUST00039,2025-06-04,154.75,Travel
CUST00039,2025-04-18,68.39,Travel
CUST00039,2025-02-19,42.42,Dining
CUST00039,2025-04-08,39.47,Dining
CUST00039,2025-01-05,10.99,Electronics
CUST00039,2025-03-05,50.24,Electronics
CUST00039,2025-03-10,19.07,Electronics
CUST00039,2025-01-20,146.73,Grocery
CUST00039,2025-06-23,52.95,Grocery
CUST00039,2025-05-22,70.6,Dining
CUST00039,2025-03-17,194.69,Travel
CUST00039,2025-03-31,68.91,Clothing
CUST00039,2025-06-05,49.34,Travel
CUST00039,2024-12-22,100.78,Dining
CUST00039,2025-02-16,42.06,Clothing
CUST00039,2024-12-21,18.24,Clothing
CUST00039,2025-07-29,69.6,Clothing
CUST00039,2024-12-21,19.43,Dining
CUST00039,2025-05-20,54.87,Travel
CUST00039,2025-03-01,85.1,Clothing
CUST00039,2025-03-17,39.66,Grocery
CUST00039,2025-01-11,70.59,Travel
CUST00040,2024-01-26,15.78,Dining
CUST00040,2025-04-07,35.78,Clothing
CUST00040,2023-12-19,110.45,Grocery
CUST00040,2024-06-12,162.92,Electronics
CUST00040,2025-03-27,43.89,Electronics
CUST00040,2023-12-07,56.07,Travel
CUST00040,2025-05-16,53.8,Dining
CUST00040,2023-11-08,103.43,Travel
CUST00040,2025-04-10,15.38,Grocery
CUST00040,2024-08-29,356.64,Grocery
CUST00040,2025-01-19,136.86,Grocery
CUST00040,2024-06-22,114.99,Clothing
CUST00040,2024-05-07,18.16,Grocery
CUST00040,2024-06-06,126.35,Grocery
CUST00040,2024-05-05,143.58,Electronics
CUST00040,2024-08-26,150.98,Electronics
CUST00040,2025-04-07,136.46,Grocery
CUST00040,2024-09-04,40.94,Grocery
CUST00040,2023-11-28,16.4,Clothing
CUST00040,2024-12-30,21.03,Grocery
CUST00040,2023-12-16,9.71,Grocery
CUST00040,2024-08-20,124.77,Grocery
CUST00040,2025-06-08,132.36,Dining
CUST00040,2025-06-12,31.51,Electronics
CUST00040,2024-07-21,9.79,Grocery
CUST00040,2025-03-20,37.58,Grocery
CUST00040,2024-06-20,135.89,Clothing
CUST00040,2025-03-19,99.29,Dining
CUST00040,2025-03-23,24.94,Electronics
CUST00040,2025-03-04,71.8,Electronics
CUST00040,2024-03-06,59.42,Travel
CUST00040,2024-05-30,85.68,Electronics
CUST00040,2024-03-13,71.04,Clothing
CUST00040,2025-07-10,6.01,Grocery
CUST00040,2024-09-04,6.75,Clothing
CUST00040,2025-07-12,53.6,Grocery
CUST00040,2024-01-29,98.79,Dining
CUST00040,2025-07-05,75.91,Travel
CUST00040,2025-05-29,255.36,Travel
CUST00040,2025-04-17,121.03,Grocery
CUST00040,2023-12-18,34.79,Travel
CUST00040,2024-02-17,88.73,Clothing
CUST00040,2025-06-05,42.5,Grocery
CUST00040,2025-02-26,29.68,Dining
CUST00040,2023-12-15,140.62,Clothing
CUST00040,2024-08-31,13.17,Clothing
CUST00040,2025-07-02,223.76,Dining
CUST00040,2024-01-26,63.39,Travel
CUST00040,2023-10-16,37.82,Travel
CUST00040,2024-08-31,5.26,Travel
CUST00040,2025-03-16,59.14,Grocery
CUST00040,2024-04-24,22.8,Travel
CUST00040,2025-04-22,70.16,Electronics
CUST00040,2024-03-27,194.63,Dining
CUST00040,2024-05-28,37.06,Dining
CUST00040,2024-07-13,194.23,Dining
CUST00040,2023-10-26,109.07,Grocery
CUST00040,2025-05-30,102.73,Grocery
CUST00040,2024-03-12,24.88,Clothing
CUST00040,2025-07-05,74.98,Travel
CUST00040,2025-05-04,121.25,Clothing
CUST00040,2025-04-27,32.49,Travel
CUST00040,2024-04-06,32.88,Electronics
CUST00040,2024-07-21,133.91,Dining
CUST00040,2024-10-23,61.5,Travel
CUST00040,2024-01-31,15.07,Clothing
CUST00040,2025-01-07,12.89,Grocery
CUST00040,2024-08-13,55.07,Travel
CUST00040,2025-04-23,189.44,Dining
CUST00040,2024-07-06,8.31,Clothing
CUST00040,2025-01-08,127.72,Electronics
CUST00040,2025-07-14,54.98,Electronics
CUST00040,2024-09-13,10.75,Dining
CUST00040,2025-06-07,87.02,Travel
CUST00040,2025-01-31,217.32,Grocery
CUST00040,2023-11-17,128.96,Electronics
CUST00040,2024-01-22,14.63,Dining
CUST00040,2025-04-14,430.11,Travel
CUST00040,2024-03-18,129.12,Travel
CUST00040,2025-02-04,80.2,Grocery
CUST00040,2024-08-20,172.72,Grocery
CUST00040,2024-10-21,108.95,Grocery
CUST00040,2025-06-14,7.38,Dining
CUST00040,2024-04-12,49.48,Grocery
CUST00040,2025-02-22,51.76,Travel
CUST00040,2025-02-13,70.39,Electronics
CUST00040,2025-03-25,148.02,Electronics
CUST00040,2025-05-16,62.72,Clothing
CUST00040,2025-06-12,340.75,Dining
CUST00040,2024-11-19,5.75,Clothing
CUST00040,2024-03-03,172.18,Clothing
CUST00040,2024-07-31,5.61,Electronics
CUST00040,2023-11-24,133.4,Dining
CUST00040,2025-01-31,119.68,Electronics
CUST00040,2025-07-14,63.94,Travel
CUST00040,2024-12-11,36.35,Dining
CUST00040,2025-01-25,6.6,Electronics
CUST00040,2024-01-27,85.21,Travel
CUST00040,2024-03-20,146.38,Grocery
CUST00040,2024-01-05,28.89,Travel
CUST00040,2024-08-18,39.81,Dining
CUST00040,2024-07-05,78.35,Clothing
CUST00040,2024-11-04,53.03,Electronics
CUST00040,2023-12-14,5.15,Clothing
CUST00041,2024-04-26,169.56,Electronics
CUST00041,2024-04-18,69.71,Dining
CUST00041,2023-03-21,92.1,Electronics
CUST00041,2023-01-22,21.42,Electronics
CUST00041,2024-04-02,123.58,Grocery
CUST00041,2024-07-30,51.41,Clothing
CUST00041,2025-03-09,104.33,Dining
CUST00041,2023-08-15,107.12,Dining
CUST00041,2023-02-28,132.73,Electronics
CUST00041,2023-06-16,22.52,Clothing
CUST00041,2024-01-05,161.45,Electronics
CUST00041,2024-06-26,39.56,Travel
CUST00041,2025-01-19,33.03,Clothing
CUST00041,2023-01-02,18.17,Travel
CUST00041,2023-09-08,43.88,Travel
CUST00041,2025-07-31,46.66,Dining
CUST00041,2023-01-19,331.3,Dining
CUST00041,2023-05-20,31.73,Travel
CUST00041,2023-06-27,63.61,Dining
CUST00041,2025-04-27,53.74,Dining
CUST00041,2025-03-01,20.12,Travel
CUST00041,2023-01-03,86.14,Grocery
CUST00041,2024-11-01,113.02,Grocery
CUST00041,2023-05-24,55.25,Clothing
CUST00041,2025-07-10,107.96,Dining
CUST00041,2023-04-05,322.42,Grocery
CUST00041,2023-09-15,16.63,Travel
CUST00041,2022-12-21,6.78,Grocery
CUST00041,2024-09-05,20.33,Travel
CUST00041,2023-09-13,59.72,Travel
CUST00041,2023-07-29,12.83,Grocery
CUST00041,2024-07-07,41.85,Electronics
CUST00041,2023-05-02,33.06,Electronics
CUST00041,2024-02-25,56.06,Clothing
CUST00041,2023-03-15,41.36,Electronics
CUST00041,2024-02-01,74.5,Grocery
CUST00041,2023-01-18,96.04,Electronics
CUST00041,2024-01-07,67.4,Dining
CUST00041,2023-11-04,54.01,Dining
CUST00041,2024-03-04,6.91,Grocery
CUST00041,2024-09-02,88.08,Travel
CUST00041,2023-03-15,136.61,Grocery
CUST00041,2023-03-01,35.59,Electronics
CUST00041,2025-04-11,174.99,Clothing
CUST00041,2023-09-08,64.78,Clothing
CUST00041,2024-04-08,7.52,Electronics
CUST00041,2024-07-19,54.71,Clothing
CUST00041,2024-06-27,184.2,Clothing
CUST00041,2023-08-23,29.8,Electronics
CUST00041,2023-12-11,20.59,Electronics
CUST00041,2023-03-10,43.78,Electronics
CUST00041,2025-02-06,86.09,Dining
CUST00041,2024-12-30,84.52,Clothing
CUST00041,2024-05-17,160.42,Clothing
CUST00041,2025-04-11,55.93,Electronics
CUST00041,2023-05-12,46.06,Electronics
CUST00041,2023-09-23,51.49,Clothing
CUST00041,2024-09-09,123.43,Travel
CUST00041,2024-08-23,289.19,Travel
CUST00041,2023-05-01,42.18,Clothing
CUST00041,2023-12-20,41.84,Grocery
CUST00041,2025-07-16,162.9,Travel
CUST00041,2023-05-11,209.35,Clothing
CUST00041,2023-03-16,32.59,Clothing
CUST00041,2023-03-26,5.25,Travel
CUST00041,2023-12-12,39.48,Travel
CUST00041,2023-08-01,79.81,Travel
CUST00041,2024-02-11,99.27,Clothing
CUST00041,2023-08-16,16.66,Travel
CUST00041,2025-01-23,109.04,Dining
CUST00041,2023-08-10,95.28,Electronics
CUST00041,2024-02-25,38.22,Dining
CUST00041,2024-07-08,118.9,Grocery
CUST00041,2023-09-29,32.11,Grocery
CUST00041,2024-08-01,31.8,Electronics
CUST00041,2024-02-03,20.92,Dining
CUST00041,2024-02-18,27.39,Clothing
CUST00041,2023-08-20,123.47,Electronics
CUST00041,2024-09-26,164.16,Grocery
CUST00041,2024-07-08,61.08,Grocery
CUST00041,2025-07-27,48.99,Travel
CUST00041,2025-01-19,135.77,Grocery
CUST00041,2025-02-15,37.96,Dining
CUST00041,2025-01-08,73.84,Dining
CUST00041,2023-07-31,27.43,Dining
CUST00041,2023-11-28,18.25,Electronics
CUST00041,2023-08-10,25.83,Electronics
CUST00041,2024-01-09,310.03,Clothing
CUST00041,2024-05-29,29.06,Travel
CUST00042,2024-02-05,45.86,Electronics
CUST00042,2024-12-18,29.74,Grocery
CUST00042,2023-02-16,9.42,Dining
CUST00042,2024-10-24,112.43,Clothing
CUST00042,2025-02-20,12.43,Travel
CUST00042,2024-05-23,51.79,Grocery
CUST00042,2024-01-04,90.82,Dining
CUST00042,2023-01-31,109.77,Electronics
CUST00042,2023-08-13,73.34,Travel
CUST00042,2023-02-19,7.1,Clothing
CUST00042,2022-10-02,44.23,Grocery
CUST00042,2024-11-03,84.41,Electronics
CUST00042,2024-08-05,105.05,Electronics
CUST00042,2023-01-23,69.48,Dining
CUST00042,2021-01-25,332.27,Clothing
CUST00042,2024-09-08,139.69,Electronics
CUST00042,2022-01-24,99.86,Grocery
CUST00042,2024-09-22,137.89,Clothing
CUST00042,2023-08-27,227.53,Clothing
CUST00042,2021-08-16,155.18,Dining
CUST00042,2022-09-19,125.67,Travel
CUST00042,2021-03-22,72.9,Travel
CUST00042,2024-11-03,72.41,Clothing
CUST00042,2021-10-14,10.09,Travel
CUST00042,2024-02-26,8.31,Dining
CUST00042,2022-04-28,85.12,Clothing
CUST00042,2024-09-11,72.68,Travel
CUST00042,2025-05-09,180.53,Clothing
CUST00042,2020-12-06,71.3,Clothing
CUST00042,2025-03-15,64.14,Clothing
CUST00042,2021-01-10,29.58,Travel
CUST00042,2025-07-16,49.96,Grocery
CUST00042,2023-07-06,23.47,Clothing
CUST00042,2025-01-14,26.46,Clothing
CUST00042,2021-09-03,126.49,Travel
CUST00042,2021-03-03,40.32,Clothing
CUST00042,2025-06-21,18.21,Dining
CUST00042,2024-05-12,70.52,Electronics
CUST00042,2021-09-13,466.71,Clothing
CUST00042,2022-05-10,169.59,Electronics
CUST00042,2024-03-30,199.45,Electronics
CUST00042,2025-03-02,135.36,Travel
CUST00042,2021-04-27,87.44,Dining
CUST00042,2025-06-19,16.53,Electronics
CUST00042,2023-05-27,54.31,Grocery
CUST00042,2022-03-20,97.32,Travel
CUST00042,2020-11-27,31.98,Grocery
CUST00042,2025-03-07,39.87,Dining
CUST00042,2024-12-05,15.02,Electronics
CUST00042,2024-05-09,60.07,Clothing
CUST00042,2025-08-01,44.95,Grocery
CUST00042,2021-08-15,149.79,Dining
CUST00042,2023-12-15,38.41,Grocery
CUST00042,2023-09-06,25.31,Electronics
CUST00042,2024-09-21,159.77,Grocery
CUST00042,2024-06-02,26.56,Dining
CUST00042,2023-01-29,9.44,Clothing
CUST00042,2023-11-17,52.06,Clothing
CUST00042,2024-04-09,78.75,Dining
CUST00042,2023-12-30,61.88,Dining
CUST00042,2022-04-25,366.26,Clothing
CUST00042,2024-11-03,104.44,Grocery
CUST00042,2023-02-03,51.64,Electronics
CUST00042,2024-02-18,15.25,Dining
CUST00042,2025-07-31,47.63,Travel
CUST00042,2024-04-17,529.79,Grocery
CUST00042,2022-07-26,20.27,Grocery
CUST00042,2024-11-29,17.24,Clothing
CUST00042,2022-04-29,10.12,Grocery
CUST00042,2024-08-13,99.39,Dining
CUST00042,2022-05-16,29.92,Dining
CUST00042,2023-10-17,166.51,Travel
CUST00042,2024-10-09,17.13,Clothing
CUST00042,2023-10-06,88.04,Dining
CUST00042,2023-04-17,48.04,Clothing
CUST00042,2025-02-25,130.03,Electronics
CUST00042,2023-09-01,52.47,Grocery
CUST00042,2025-03-19,146.48,Electronics
CUST00042,2020-11-15,161.93,Travel
CUST00042,2021-07-04,28.45,Clothing
CUST00042,2022-06-14,125.15,Electronics
CUST00042,2021-02-25,234.81,Electronics
CUST00042,2022-07-15,84.2,Grocery
CUST00042,2023-12-19,51.11,Travel
CUST00042,2022-07-09,122.25,Clothing
CUST00042,2024-10-10,162.75,Electronics
CUST00042,2023-05-10,101.94,Clothing
CUST00042,2022-04-27,16.14,Clothing
CUST00042,2021-01-23,84.42,Travel
CUST00042,2021-06-25,64.34,Grocery
CUST00042,2021-06-26,15.0,Grocery
CUST00042,2023-10-13,290.38,Electronics
CUST00042,2020-11-19,112.58,Grocery
CUST00042,2021-01-20,36.53,Grocery
CUST00042,2021-09-08,91.29,Dining
CUST00042,2021-11-19,72.44,Travel
CUST00042,2025-05-12,230.23,Dining
CUST00043,2023-08-25,57.77,Dining
CUST00043,2024-11-13,81.16,Electronics
CUST00043,2024-05-15,192.11,Dining
CUST00043,2024-02-21,17.5,Electronics
CUST00043,2024-03-29,83.03,Travel
CUST00043,2024-01-30,233.02,Grocery
CUST00043,2024-01-25,179.54,Electronics
CUST00043,2024-10-13,107.99,Clothing
CUST00043,2024-02-04,6.45,Clothing
CUST00043,2025-07-03,28.79,Grocery
CUST00043,2025-03-23,69.25,Clothing
CUST00043,2024-03-01,121.25,Travel
CUST00043,2024-11-08,160.95,Clothing
CUST00043,2025-05-18,89.0,Clothing
CUST00043,2024-03-19,21.02,Clothing
CUST00043,2024-10-30,29.17,Clothing
CUST00043,2025-06-12,55.33,Grocery
CUST00043,2025-01-16,66.82,Grocery
CUST00043,2024-11-07,62.03,Dining
CUST00043,2024-06-27,83.82,Grocery
CUST00043,2023-10-10,120.23,Electronics
CUST00043,2025-02-08,6.8,Clothing
CUST00043,2025-03-03,39.12,Travel
CUST00043,2024-05-26,30.57,Grocery
CUST00043,2024-12-11,217.18,Dining
CUST00043,2024-06-12,16.51,Dining
CUST00043,2025-06-02,100.09,Clothing
CUST00043,2024-05-23,167.5,Travel
CUST00043,2025-06-25,53.14,Travel
CUST00043,2024-04-11,64.9,Travel
CUST00043,2024-10-07,37.29,Dining
CUST00043,2023-12-06,53.83,Clothing
CUST00043,2024-12-03,43.27,Travel
CUST00043,2025-01-22,50.54,Travel
CUST00043,2024-07-20,209.11,Travel
CUST00043,2025-03-04,151.08,Dining
CUST00043,2023-12-30,107.89,Electronics
CUST00043,2025-04-26,30.21,Dining
CUST00043,2023-12-29,14.82,Electronics
CUST00043,2024-11-29,47.04,Dining
CUST00043,2023-08-16,80.49,Electronics
CUST00043,2025-06-30,40.9,Travel
CUST00043,2024-02-21,149.58,Grocery
CUST00043,2024-05-11,80.02,Electronics
CUST00043,2023-08-26,88.26,Dining
CUST00043,2024-05-23,27.85,Electronics
CUST00043,2024-07-12,281.32,Dining
CUST00043,2025-03-28,238.45,Grocery
CUST00043,2024-01-29,61.18,Dining
CUST00043,2025-04-24,21.03,Electronics
CUST00043,2023-11-07,10.43,Electronics
CUST00043,2023-11-29,79.37,Dining
CUST00043,2024-06-09,41.6,Dining
CUST00043,2024-05-02,96.14,Dining
CUST00043,2024-06-09,53.27,Grocery
CUST00043,2025-05-15,25.43,Travel
CUST00043,2023-09-18,99.29,Travel
CUST00043,2024-12-07,15.31,Dining
CUST00043,2024-10-24,136.25,Dining
CUST00043,2023-10-13,10.85,Dining
CUST00043,2025-01-02,9.02,Travel
CUST00043,2024-08-26,223.21,Dining
CUST00043,2024-07-20,6.19,Dining
CUST00043,2024-08-13,113.98,Grocery
CUST00043,2025-03-08,84.66,Dining
CUST00043,2023-11-06,30.66,Clothing
CUST00043,2024-01-12,115.75,Clothing
CUST00043,2024-12-09,111.88,Dining
CUST00043,2025-05-17,34.37,Dining
CUST00043,2024-08-21,103.11,Clothing
CUST00043,2024-07-05,67.1,Electronics
CUST00043,2024-08-16,149.54,Dining
CUST00043,2024-01-17,145.39,Clothing
CUST00043,2024-03-22,175.8,Clothing
CUST00043,2023-10-24,86.49,Dining
CUST00043,2023-11-08,62.26,Dining
CUST00043,2024-12-29,144.0,Dining
CUST00043,2024-06-12,195.92,Clothing
CUST00043,2024-08-15,166.47,Clothing
CUST00043,2024-11-21,79.83,Dining
CUST00043,2025-06-28,31.82,Clothing
CUST00043,2023-12-17,8.83,Clothing
CUST00043,2024-01-24,89.05,Dining
CUST00043,2025-01-30,434.41,Grocery
CUST00043,2023-11-02,36.16,Dining
CUST00043,2024-09-04,46.4,Grocery
CUST00043,2024-01-01,61.26,Electronics
CUST00043,2023-12-25,134.51,Electronics
CUST00043,2024-07-09,76.66,Clothing
CUST00043,2024-01-31,21.03,Grocery
CUST00043,2024-10-20,179.14,Electronics
CUST00043,2024-02-02,22.08,Clothing
CUST00043,2024-07-07,22.16,Electronics
CUST00043,2024-07-06,66.03,Electronics
CUST00043,2025-06-04,53.01,Travel
CUST00043,2025-06-25,33.85,Clothing
CUST00043,2023-09-18,243.89,Clothing
CUST00043,2025-01-21,97.61,Travel
CUST00043,2024-11-19,55.19,Clothing
CUST00043,2023-11-29,11.56,Clothing
CUST00043,2024-02-15,66.94,Electronics
CUST00043,2024-11-02,38.49,Travel
CUST00043,2023-09-03,199.39,Grocery
CUST00043,2024-07-14,144.09,Electronics
CUST00043,2025-03-16,33.43,Electronics
CUST00043,2024-04-16,78.79,Electronics
CUST00043,2025-01-02,235.84,Dining
CUST00043,2023-08-29,10.38,Travel
CUST00044,2024-05-08,11.99,Travel
CUST00044,2024-12-23,15.23,Electronics
CUST00044,2024-07-15,356.8,Grocery
CUST00044,2023-12-03,35.92,Clothing
CUST00044,2025-06-24,24.97,Grocery
CUST00044,2024-03-13,58.5,Clothing
CUST00044,2024-11-13,72.86,Travel
CUST00044,2023-10-08,138.31,Clothing
CUST00044,2025-03-13,63.41,Dining
CUST00044,2025-05-11,26.44,Electronics
CUST00044,2024-07-22,143.32,Electronics
CUST00044,2023-05-03,7.78,Dining
CUST00044,2023-07-13,26.01,Dining
CUST00044,2024-03-08,104.04,Clothing
CUST00044,2024-04-22,102.15,Electronics
CUST00044,2023-08-15,160.44,Electronics
CUST00044,2025-03-13,19.97,Dining
CUST00044,2025-04-29,230.35,Clothing
CUST00044,2024-10-04,66.47,Clothing
CUST00044,2025-03-05,25.12,Travel
CUST00044,2024-07-20,48.38,Grocery
CUST00044,2024-11-28,51.82,Electronics
CUST00044,2025-01-27,5.06,Travel
CUST00044,2024-08-28,49.9,Travel
CUST00044,2024-11-01,14.44,Grocery
CUST00044,2025-05-14,34.41,Clothing
CUST00044,2024-11-25,62.44,Dining
CUST00044,2024-06-11,70.52,Dining
CUST00044,2023-12-27,200.95,Clothing
CUST00044,2024-09-01,85.75,Grocery
CUST00044,2024-09-03,58.75,Clothing
CUST00044,2024-03-24,16.29,Electronics
CUST00044,2023-03-29,102.73,Grocery
CUST00044,2023-11-07,99.48,Clothing
CUST00044,2025-01-24,70.45,Electronics
CUST00044,2023-05-18,13.64,Clothing
CUST00044,2024-03-14,26.5,Electronics
CUST00044,2024-12-25,106.48,Grocery
CUST00044,2024-06-02,15.32,Dining
CUST00044,2024-08-01,20.28,Dining
CUST00044,2024-12-22,100.18,Dining
CUST00044,2023-08-21,8.09,Dining
CUST00044,2024-11-05,26.48,Dining
CUST00044,2025-02-19,57.79,Travel
CUST00044,2023-08-30,87.84,Grocery
CUST00044,2024-02-10,6.32,Electronics
CUST00044,2023-04-05,107.32,Travel
CUST00044,2023-07-10,134.79,Grocery
CUST00044,2025-05-26,16.39,Electronics
CUST00044,2024-11-24,42.23,Travel
CUST00044,2023-11-26,72.6,Dining
CUST00044,2024-07-27,17.33,Grocery
CUST00044,2023-05-04,52.49,Clothing
CUST00044,2024-07-04,209.78,Grocery
CUST00044,2023-08-26,22.35,Grocery
CUST00044,2023-11-09,116.79,Grocery
CUST00044,2024-12-11,38.74,Clothing
CUST00044,2025-04-21,161.06,Travel
CUST00044,2024-04-12,49.52,Travel
CUST00044,2023-12-03,91.23,Clothing
CUST00044,2023-04-19,27.03,Grocery
CUST00044,2024-09-23,57.96,Travel
CUST00044,2023-04-25,30.72,Grocery
CUST00044,2025-01-04,7.36,Electronics
CUST00044,2025-07-01,5.6,Electronics
CUST00044,2024-04-11,124.35,Clothing
CUST00044,2023-11-06,281.05,Clothing
CUST00044,2024-04-19,23.21,Grocery
CUST00044,2025-05-11,18.87,Grocery
CUST00044,2024-08-14,140.6,Travel
CUST00044,2024-11-24,35.57,Electronics
CUST00044,2024-03-04,15.51,Clothing
CUST00044,2023-07-21,17.2,Dining
CUST00044,2023-06-21,47.59,Clothing
CUST00044,2025-07-09,17.07,Travel
CUST00044,2025-03-05,36.19,Grocery
CUST00044,2025-02-05,40.67,Clothing
CUST00044,2024-01-26,42.19,Clothing
CUST00044,2025-01-10,92.66,Grocery
CUST00044,2023-06-30,92.95,Dining
CUST00044,2024-01-04,174.16,Clothing
CUST00044,2024-09-17,60.67,Clothing
CUST00044,2023-05-20,101.09,Dining
CUST00044,2023-10-23,63.36,Clothing
CUST00044,2025-02-20,7.84,Dining
CUST00044,2025-07-05,43.25,Grocery
CUST00044,2023-06-15,98.01,Dining
CUST00044,2025-03-24,17.08,Clothing
CUST00044,2024-06-15,23.77,Electronics
CUST00044,2025-01-15,182.07,Clothing
CUST00044,2025-07-13,91.78,Travel
CUST00044,2023-07-03,164.08,Electronics
CUST00044,2023-07-13,40.91,Clothing
CUST00045,2024-11-04,116.48,Travel
CUST00045,2025-05-16,41.6,Dining
CUST00045,2024-10-05,207.88,Electronics
CUST00045,2024-08-05,34.59,Grocery
CUST00045,2025-07-20,15.44,Electronics
CUST00045,2025-07-17,76.88,Electronics
CUST00045,2025-05-01,13.76,Grocery
CUST00045,2024-06-19,26.39,Dining
CUST00045,2025-07-22,203.71,Grocery
CUST00045,2025-07-24,202.1,Dining
CUST00045,2024-08-12,67.96,Travel
CUST00045,2025-03-03,103.66,Electronics
CUST00045,2024-06-25,42.45,Clothing
CUST00045,2025-06-24,8.06,Travel
CUST00045,2024-09-16,54.51,Electronics
CUST00045,2024-11-25,96.98,Dining
CUST00045,2024-12-21,99.3,Dining
CUST00045,2024-11-09,215.21,Travel
CUST00045,2025-01-02,28.99,Clothing
CUST00045,2025-06-12,48.99,Travel
CUST00045,2025-07-21,10.27,Dining
CUST00045,2024-06-30,103.49,Electronics
CUST00045,2024-05-26,101.01,Dining
CUST00045,2025-04-15,178.9,Travel
CUST00045,2025-04-01,11.36,Grocery
CUST00045,2024-09-10,153.81,Travel
CUST00045,2024-10-27,380.8,Dining
CUST00045,2024-12-27,78.88,Grocery
CUST00045,2025-01-26,27.47,Electronics
CUST00045,2025-06-26,83.43,Grocery
CUST00045,2025-02-08,77.29,Grocery
CUST00045,2024-11-10,18.06,Electronics
CUST00045,2024-09-06,7.33,Electronics
CUST00045,2025-02-26,66.49,Grocery
CUST00045,2024-12-24,173.97,Travel
CUST00045,2025-02-22,9.86,Electronics
CUST00045,2025-06-01,29.73,Electronics
CUST00045,2025-02-03,140.32,Grocery
CUST00045,2024-12-04,38.39,Travel
CUST00045,2025-05-06,164.21,Dining
CUST00045,2024-08-31,272.56,Travel
CUST00045,2025-07-07,141.79,Travel
CUST00045,2025-02-04,23.47,Travel
CUST00045,2024-12-23,149.32,Clothing
CUST00045,2025-08-01,55.62,Clothing
CUST00045,2025-03-30,21.88,Grocery
CUST00045,2025-06-07,35.11,Travel
CUST00045,2024-10-15,267.34,Clothing
CUST00045,2024-11-17,23.54,Clothing
CUST00045,2024-06-06,51.11,Grocery
CUST00045,2024-08-21,17.98,Clothing
CUST00045,2025-04-24,101.72,Travel
CUST00045,2025-03-29,36.54,Dining
CUST00045,2024-12-21,90.41,Dining
CUST00045,2024-11-27,10.64,Dining
CUST00045,2024-06-21,301.74,Clothing
CUST00045,2024-10-29,37.14,Grocery
CUST00045,2024-12-20,172.63,Clothing
CUST00045,2025-03-05,209.18,Clothing
CUST00045,2024-07-26,206.58,Grocery
CUST00045,2025-06-02,37.1,Dining
CUST00045,2025-05-31,107.83,Grocery
CUST00045,2025-06-16,294.49,Dining
CUST00045,2024-05-29,147.07,Travel
CUST00045,2024-06-22,206.98,Grocery
CUST00045,2024-07-02,183.6,Clothing
CUST00045,2025-07-10,375.09,Electronics
CUST00045,2024-09-05,134.05,Dining
CUST00045,2024-11-28,89.01,Clothing
CUST00045,2025-03-06,6.87,Electronics
CUST00045,2025-01-23,233.63,Grocery
CUST00045,2024-08-07,125.5,Dining
CUST00045,2024-10-21,151.28,Grocery
CUST00045,2024-05-12,157.41,Electronics
CUST00045,2025-01-26,254.02,Travel
CUST00045,2024-12-09,23.34,Clothing
CUST00045,2024-05-27,41.46,Clothing
CUST00045,2025-05-26,42.7,Dining
CUST00045,2024-08-21,17.63,Grocery
CUST00045,2025-05-11,7.71,Grocery
CUST00045,2025-04-25,82.82,Clothing
CUST00045,2024-05-23,73.91,Dining
CUST00045,2025-06-23,63.16,Clothing
CUST00045,2025-07-03,106.82,Travel
CUST00045,2025-07-25,221.42,Grocery
CUST00045,2025-01-05,247.35,Clothing
CUST00045,2024-11-12,182.02,Clothing
CUST00045,2024-11-29,230.19,Grocery
CUST00045,2025-07-16,17.59,Electronics
CUST00045,2025-03-19,26.32,Dining
CUST00045,2025-04-23,34.08,Clothing
CUST00045,2025-01-07,104.16,Travel
CUST00045,2024-10-26,331.45,Clothing
CUST00045,2024-07-27,65.99,Electronics
CUST00045,2025-04-18,468.42,Electronics
CUST00045,2024-11-23,23.49,Grocery
CUST00045,2025-05-20,28.89,Travel
CUST00045,2025-05-10,232.13,Dining
CUST00045,2024-10-14,61.94,Travel
CUST00045,2024-11-08,25.09,Clothing
CUST00045,2024-09-12,36.56,Grocery
CUST00045,2025-05-20,156.06,Dining
CUST00045,2024-08-14,12.2,Grocery
CUST00045,2024-06-15,111.18,Travel
CUST00045,2025-01-09,42.67,Electronics
CUST00045,2025-01-18,27.79,Travel
CUST00045,2024-12-27,11.81,Travel
CUST00045,2025-03-05,23.83,Electronics
CUST00046,2024-07-30,114.3,Travel
CUST00046,2024-11-15,20.78,Travel
CUST00046,2021-04-05,88.45,Grocery
CUST00046,2023-08-13,57.05,Dining
CUST00046,2021-05-14,19.34,Clothing
CUST00046,2024-09-26,208.47,Electronics
CUST00046,2024-05-21,63.64,Dining
CUST00046,2024-04-19,40.97,Electronics
CUST00046,2024-08-08,68.61,Clothing
CUST00046,2021-12-25,159.18,Travel
CUST00046,2021-05-14,36.06,Electronics
CUST00046,2021-09-13,74.11,Electronics
CUST00046,2022-09-10,55.18,Travel
CUST00046,2024-01-21,49.67,Travel
CUST00046,2024-02-08,7.94,Grocery
CUST00046,2023-01-24,140.29,Travel
CUST00046,2022-01-30,58.4,Electronics
CUST00046,2023-05-19,63.46,Dining
CUST00046,2020-10-10,42.91,Dining
CUST00046,2024-10-03,228.26,Dining
CUST00046,2024-02-21,65.71,Travel
CUST00046,2020-12-14,10.45,Grocery
CUST00046,2023-09-12,146.25,Clothing
CUST00046,2020-11-15,84.02,Grocery
CUST00046,2022-01-20,125.37,Dining
CUST00046,2021-11-25,66.15,Clothing
CUST00046,2025-03-19,114.4,Electronics
CUST00046,2022-05-07,11.75,Clothing
CUST00046,2024-02-23,13.86,Grocery
CUST00046,2022-09-26,164.09,Grocery
CUST00046,2024-12-14,100.78,Travel
CUST00046,2023-07-04,89.95,Clothing
CUST00046,2024-07-16,23.83,Electronics
CUST00046,2023-08-17,113.75,Dining
CUST00046,2021-01-17,6.67,Electronics
CUST00046,2021-04-09,77.94,Dining
CUST00046,2022-07-20,77.47,Grocery
CUST00046,2021-11-17,26.58,Travel
CUST00046,2025-06-23,26.58,Grocery
CUST00046,2025-03-19,31.28,Clothing
CUST00046,2023-07-26,57.13,Travel
CUST00046,2021-03-10,23.58,Travel
CUST00046,2023-04-05,82.06,Grocery
CUST00046,2020-10-26,124.79,Electronics
CUST00046,2021-08-27,144.11,Grocery
CUST00046,2023-10-24,36.92,Grocery
CUST00046,2022-03-25,62.88,Electronics
CUST00046,2024-03-08,29.44,Grocery
CUST00046,2021-01-07,143.2,Travel
CUST00046,2022-12-05,131.31,Dining
CUST00046,2024-02-06,41.25,Travel
CUST00046,2023-11-15,151.17,Travel
CUST00046,2023-05-21,43.54,Grocery
CUST00046,2023-03-13,105.7,Dining
CUST00046,2021-04-17,44.47,Electronics
CUST00046,2025-01-07,16.24,Electronics
CUST00046,2024-06-01,78.27,Travel
CUST00046,2023-06-20,170.21,Grocery
CUST00046,2022-02-17,91.63,Electronics
CUST00046,2021-03-09,188.06,Clothing
CUST00046,2025-01-28,56.59,Travel
CUST00046,2024-04-11,74.53,Travel
CUST00046,2025-07-27,37.65,Travel
CUST00046,2023-03-11,110.26,Grocery
CUST00046,2020-11-10,21.35,Grocery
CUST00046,2025-05-06,118.04,Electronics
CUST00046,2021-11-30,120.02,Clothing
CUST00046,2023-03-11,67.69,Grocery
CUST00046,2023-04-28,48.39,Grocery
CUST00046,2025-04-01,14.5,Dining
CUST00046,2025-02-08,16.71,Electronics
CUST00046,2024-02-16,429.28,Clothing
CUST00046,2024-06-29,202.35,Dining
CUST00046,2023-08-02,126.26,Electronics
CUST00046,2024-10-25,36.15,Grocery
CUST00046,2022-10-08,180.66,Dining
CUST00046,2023-04-18,126.98,Electronics
CUST00046,2024-06-12,152.3,Clothing
CUST00046,2023-09-28,61.35,Grocery
CUST00046,2024-09-09,53.43,Grocery
CUST00046,2023-01-16,118.9,Travel
CUST00046,2021-04-30,26.09,Travel
CUST00046,2022-04-26,26.87,Electronics
CUST00046,2023-01-18,8.32,Grocery
CUST00046,2025-07-31,76.77,Grocery
CUST00046,2023-08-03,37.03,Dining
CUST00046,2023-07-05,76.91,Grocery
CUST00046,2023-02-05,148.12,Grocery
CUST00046,2021-11-13,93.2,Travel
CUST00046,2022-06-24,156.44,Electronics
CUST00046,2023-03-10,207.8,Electronics
CUST00046,2022-04-21,20.06,Electronics
CUST00046,2022-10-30,126.01,Electronics
CUST00046,2023-11-24,80.41,Clothing
CUST00047,2025-04-23,220.42,Clothing
CUST00047,2023-05-03,191.68,Clothing
CUST00047,2024-07-17,10.73,Electronics
CUST00047,2025-02-22,40.4,Grocery
CUST00047,2024-05-03,71.46,Grocery
CUST00047,2023-10-09,15.06,Grocery
CUST00047,2023-03-23,62.95,Grocery
CUST00047,2024-03-09,29.48,Grocery
CUST00047,2022-10-28,20.83,Grocery
CUST00047,2025-07-14,42.91,Grocery
CUST00047,2024-09-21,96.01,Grocery
CUST00047,2025-06-07,88.1,Electronics
CUST00047,2025-02-24,13.06,Electronics
CUST00047,2025-02-06,113.64,Dining
CUST00047,2024-05-24,93.19,Grocery
CUST00047,2024-10-11,244.5,Dining
CUST00047,2023-05-20,44.99,Grocery
CUST00047,2023-11-23,10.0,Travel
CUST00047,2024-11-24,7.09,Grocery
CUST00047,2023-11-21,23.99,Grocery
CUST00047,2022-09-08,43.94,Clothing
CUST00047,2024-08-24,62.5,Electronics
CUST00047,2025-04-09,58.1,Travel
CUST00047,2023-06-27,18.82,Grocery
CUST00047,2025-02-12,105.33,Electronics
CUST00047,2022-12-22,21.11,Clothing
CUST00047,2024-09-12,18.86,Clothing
CUST00047,2023-03-08,5.99,Electronics
CUST00047,2024-03-16,127.22,Grocery
CUST00047,2024-04-12,24.76,Dining
CUST00047,2023-03-04,5.65,Dining
CUST00047,2023-10-23,50.22,Electronics
CUST00047,2023-01-15,37.65,Travel
CUST00047,2023-07-12,33.05,Clothing
CUST00047,2024-01-27,63.31,Grocery
CUST00047,2022-12-10,96.89,Grocery
CUST00047,2024-04-13,46.69,Dining
CUST00047,2023-07-12,16.13,Clothing
CUST00047,2025-03-26,6.35,Clothing
CUST00047,2024-09-14,12.05,Travel
CUST00047,2023-07-25,5.73,Travel
CUST00047,2023-12-17,195.14,Dining
CUST00047,2025-06-30,21.51,Electronics
CUST00047,2024-01-29,21.03,Dining
CUST00047,2023-05-01,35.59,Electronics
CUST00047,2024-09-04,136.55,Travel
CUST00047,2024-06-08,37.61,Grocery
CUST00047,2024-02-13,211.32,Electronics
CUST00047,2023-07-19,54.98,Dining
CUST00047,2025-07-17,15.9,Clothing
CUST00047,2025-07-16,24.34,Electronics
CUST00047,2024-07-07,152.6,Dining
CUST00047,2025-01-31,24.64,Clothing
CUST00047,2024-03-17,98.26,Grocery
CUST00047,2024-11-30,79.58,Travel
CUST00047,2025-05-23,143.41,Grocery
CUST00047,2024-12-11,89.56,Electronics
CUST00047,2022-11-19,20.02,Travel
CUST00047,2023-08-05,152.94,Travel
CUST00047,2023-02-08,17.7,Electronics
CUST00047,2024-01-07,102.75,Grocery
CUST00047,2022-12-20,6.42,Dining
CUST00047,2023-01-08,21.65,Electronics
CUST00047,2022-11-14,16.82,Travel
CUST00047,2023-01-12,8.47,Grocery
CUST00047,2022-08-10,24.27,Clothing
CUST00047,2024-07-02,10.95,Travel
CUST00047,2023-07-30,270.0,Travel
CUST00047,2024-12-28,36.89,Dining
CUST00047,2023-02-22,273.85,Dining
CUST00047,2023-12-05,171.85,Travel
CUST00047,2023-12-14,120.66,Clothing
CUST00047,2025-03-02,213.71,Clothing
CUST00047,2023-09-04,126.45,Travel
CUST00047,2024-08-21,262.54,Travel
CUST00047,2023-03-05,20.82,Travel
CUST00047,2025-05-02,16.2,Grocery
CUST00047,2024-10-19,32.68,Clothing
CUST00047,2025-04-13,92.46,Clothing
CUST00047,2024-01-15,232.65,Grocery
CUST00047,2022-12-02,8.62,Dining
CUST00047,2025-03-12,97.97,Clothing
CUST00047,2023-08-27,90.5,Electronics
CUST00047,2022-12-05,18.44,Electronics
CUST00047,2024-01-14,103.17,Clothing
CUST00047,2024-07-19,99.82,Electronics
CUST00047,2024-11-23,67.83,Clothing
CUST00047,2023-04-25,81.64,Dining
CUST00048,2024-03-09,125.71,Travel
CUST00048,2021-07-30,85.07,Dining
CUST00048,2024-02-18,17.87,Clothing
CUST00048,2020-10-20,27.64,Electronics
CUST00048,2022-10-06,35.56,Grocery
CUST00048,2025-03-22,65.74,Grocery
CUST00048,2024-11-12,43.6,Electronics
CUST00048,2024-06-18,85.94,Dining
CUST00048,2024-09-23,93.4,Electronics
CUST00048,2022-02-22,48.4,Electronics
CUST00048,2025-02-03,101.68,Dining
CUST00048,2024-08-29,160.49,Clothing
CUST00048,2020-09-08,50.05,Travel
CUST00048,2020-10-11,236.05,Grocery
CUST00048,2021-12-19,94.58,Dining
CUST00048,2024-11-11,48.52,Dining
CUST00048,2022-06-14,52.28,Clothing
CUST00048,2021-12-05,8.88,Electronics
CUST00048,2023-07-14,82.93,Clothing
CUST00048,2022-05-25,510.18,Dining
CUST00048,2023-08-15,89.73,Travel
CUST00048,2025-04-30,40.43,Clothing
CUST00048,2023-04-07,52.55,Clothing
CUST00048,2025-07-25,74.82,Travel
CUST00048,2023-05-26,247.74,Electronics
CUST00048,2022-12-19,90.61,Grocery
CUST00048,2022-03-17,18.94,Clothing
CUST00048,2024-07-03,45.81,Clothing
CUST00048,2024-09-16,265.96,Clothing
CUST00048,2024-10-20,37.36,Clothing
CUST00048,2024-07-07,33.58,Electronics
CUST00048,2020-11-06,8.83,Electronics
CUST00048,2020-10-22,48.13,Dining
CUST00048,2025-03-10,38.34,Dining
CUST00048,2022-03-08,87.62,Electronics
CUST00048,2022-05-31,125.06,Electronics
CUST00048,2020-12-28,16.51,Clothing
CUST00048,2022-09-25,38.11,Travel
CUST00048,2023-06-15,100.54,Grocery
CUST00048,2024-10-01,101.42,Dining
CUST00048,2021-04-22,73.87,Travel
CUST00048,2023-01-20,13.28,Clothing
CUST00048,2025-01-13,54.58,Clothing
CUST00048,2021-12-12,17.47,Electronics
CUST00048,2022-11-06,18.54,Electronics
CUST00048,2021-08-24,44.88,Travel
CUST00048,2022-04-26,88.38,Electronics
CUST00048,2022-07-14,166.45,Dining
CUST00048,2024-11-27,135.79,Grocery
CUST00048,2024-05-23,217.13,Grocery
CUST00048,2021-12-18,119.5,Clothing
CUST00048,2023-05-22,39.22,Travel
CUST00048,2021-06-11,66.2,Dining
CUST00048,2023-03-29,124.23,Electronics
CUST00048,2022-09-20,17.73,Clothing
CUST00048,2024-10-17,141.05,Clothing
CUST00048,2024-12-26,101.53,Grocery
CUST00048,2025-03-28,97.09,Electronics
CUST00048,2025-03-30,46.86,Dining
CUST00048,2024-10-26,8.19,Travel
CUST00048,2023-03-27,97.21,Electronics
CUST00048,2020-12-07,44.62,Travel
CUST00048,2023-06-08,134.8,Dining
CUST00048,2021-05-24,9.26,Electronics
CUST00048,2024-01-21,110.69,Electronics
CUST00048,2025-06-12,19.81,Electronics
CUST00048,2021-08-17,90.69,Electronics
CUST00048,2024-11-22,113.77,Electronics
CUST00048,2024-04-29,44.51,Grocery
CUST00048,2024-06-17,31.47,Clothing
CUST00048,2024-11-13,82.95,Grocery
CUST00048,2023-03-28,5.99,Electronics
CUST00048,2023-05-30,151.63,Grocery
CUST00048,2023-07-03,95.31,Clothing
CUST00048,2022-09-20,164.05,Travel
CUST00048,2024-12-25,84.29,Clothing
CUST00048,2025-01-13,21.93,Grocery
CUST00048,2022-07-13,124.2,Grocery
CUST00048,2023-04-20,76.97,Electronics
CUST00048,2022-01-16,23.16,Grocery
CUST00048,2022-12-08,122.29,Dining
CUST00048,2024-06-07,50.08,Dining
CUST00048,2021-09-13,153.79,Clothing
CUST00048,2023-12-24,47.25,Grocery
CUST00048,2020-10-10,62.36,Clothing
CUST00048,2024-04-17,106.51,Clothing
CUST00048,2020-09-08,39.47,Grocery
CUST00048,2024-07-17,34.28,Travel
CUST00048,2024-04-24,7.4,Clothing
CUST00048,2021-01-06,208.03,Electronics
CUST00048,2024-12-27,81.28,Grocery
CUST00048,2023-12-11,150.4,Dining
CUST00048,2025-04-20,67.23,Travel
CUST00048,2023-08-07,55.0,Grocery
CUST00048,2020-11-13,7.22,Grocery
CUST00048,2024-04-14,8.6,Grocery
CUST00048,2020-12-31,81.32,Grocery
CUST00048,2023-11-25,24.45,Electronics
CUST00048,2024-04-09,26.83,Clothing
CUST00048,2021-02-21,26.66,Electronics
CUST00048,2024-04-27,209.07,Clothing
CUST00048,2024-02-24,49.02,Dining
CUST00048,2025-02-14,24.64,Travel
CUST00049,2025-02-10,156.09,Electronics
CUST00049,2024-08-02,30.11,Dining
CUST00049,2023-12-08,66.7,Travel
CUST00049,2024-05-25,37.62,Grocery
CUST00049,2025-04-09,28.34,Grocery
CUST00049,2023-05-29,10.77,Electronics
CUST00049,2024-11-06,9.23,Travel
CUST00049,2025-06-15,215.08,Electronics
CUST00049,2024-08-25,120.27,Clothing
CUST00049,2025-02-20,117.28,Travel
CUST00049,2025-01-27,97.99,Dining
CUST00049,2023-11-27,9.15,Dining
CUST00049,2023-04-08,21.97,Dining
CUST00049,2023-04-28,6.38,Clothing
CUST00049,2023-09-06,18.99,Electronics
CUST00049,2023-12-10,127.75,Dining
CUST00049,2024-08-15,50.04,Electronics
CUST00049,2024-12-27,190.8,Travel
CUST00049,2023-09-29,108.94,Electronics
CUST00049,2022-10-10,41.98,Electronics
CUST00049,2023-08-20,62.58,Travel
CUST00049,2025-01-10,135.14,Grocery
CUST00049,2022-10-15,9.9,Clothing
CUST00049,2024-07-16,19.43,Electronics
CUST00049,2023-06-01,67.45,Electronics
CUST00049,2023-06-23,25.4,Grocery
CUST00049,2023-03-01,97.56,Dining
CUST00049,2024-10-18,55.67,Dining
CUST00049,2023-06-26,37.66,Grocery
CUST00049,2024-10-05,197.07,Dining
CUST00049,2024-12-10,91.59,Electronics
CUST00049,2022-10-26,115.32,Travel
CUST00049,2023-10-27,60.28,Grocery
CUST00049,2025-01-31,303.0,Clothing
CUST00049,2024-01-25,106.02,Clothing
CUST00049,2025-01-29,87.41,Travel
CUST00049,2024-07-27,281.88,Dining
CUST00049,2025-02-20,250.7,Travel
CUST00049,2024-06-28,81.76,Travel
CUST00049,2022-11-16,84.12,Grocery
CUST00049,2024-04-22,96.68,Electronics
CUST00049,2023-03-15,122.34,Clothing
CUST00049,2025-06-02,16.23,Dining
CUST00049,2023-03-01,48.83,Clothing
CUST00049,2024-12-15,256.25,Grocery
CUST00049,2024-04-03,73.07,Clothing
CUST00049,2023-04-05,33.22,Clothing
CUST00049,2023-08-09,133.38,Dining
CUST00049,2023-06-20,6.88,Grocery
CUST00049,2023-12-08,11.1,Clothing
CUST00049,2025-01-10,27.76,Clothing
CUST00049,2025-05-10,138.4,Clothing
CUST00049,2024-02-03,328.46,Clothing
CUST00049,2023-01-10,16.94,Grocery
CUST00049,2024-02-09,22.26,Clothing
CUST00049,2023-10-13,14.64,Electronics
CUST00049,2022-12-22,172.29,Travel
CUST00049,2024-04-14,39.44,Electronics
CUST00049,2023-07-19,60.79,Clothing
CUST00049,2024-06-17,12.79,Clothing
CUST00049,2024-11-07,30.07,Electronics
CUST00049,2025-04-18,72.99,Clothing
CUST00049,2023-10-01,27.07,Travel
CUST00049,2023-10-23,107.08,Grocery
CUST00049,2025-06-10,118.35,Electronics
CUST00049,2023-05-22,19.25,Travel
CUST00049,2025-04-03,30.78,Electronics
CUST00049,2023-12-09,210.85,Grocery
CUST00049,2023-05-09,122.98,Grocery
CUST00049,2022-07-24,68.34,Travel
CUST00049,2022-10-12,6.54,Electronics
CUST00049,2025-03-13,38.56,Travel
CUST00049,2024-05-14,216.26,Travel
CUST00049,2024-04-08,84.62,Clothing
CUST00049,2024-01-29,29.49,Clothing
CUST00049,2024-04-27,34.16,Clothing
CUST00049,2022-10-26,50.95,Dining
CUST00049,2022-10-23,158.97,Clothing
CUST00049,2025-07-25,141.42,Grocery
CUST00049,2023-05-29,50.83,Travel
CUST00049,2024-12-19,56.69,Clothing
CUST00049,2024-07-03,8.63,Travel
CUST00049,2024-08-19,19.67,Dining
CUST00049,2023-06-03,210.34,Dining
CUST00049,2022-10-24,51.44,Grocery
CUST00049,2023-12-19,343.99,Dining
CUST00049,2025-06-14,50.48,Dining
CUST00049,2024-07-29,10.33,Electronics
CUST00049,2022-11-19,17.11,Travel
CUST00049,2024-07-09,43.98,Clothing
CUST00049,2022-11-04,105.16,Travel
CUST00049,2024-02-14,17.65,Clothing
CUST00049,2022-12-20,86.62,Electronics
CUST00049,2023-12-03,208.09,Grocery
CUST00049,2024-02-07,38.64,Clothing
CUST00049,2023-09-14,163.99,Grocery
CUST00049,2022-12-30,7.64,Grocery
CUST00049,2024-09-30,18.07,Grocery
CUST00049,2025-07-15,46.89,Dining
CUST00049,2025-05-02,19.33,Travel
CUST00049,2023-03-08,40.21,Electronics
CUST00049,2025-05-19,133.66,Dining
CUST00049,2022-10-08,77.78,Electronics
CUST00049,2024-01-07,330.52,Grocery
CUST00049,2023-05-11,101.59,Electronics
CUST00049,2024-05-28,28.57,Travel
CUST00049,2025-01-28,79.41,Clothing
CUST00049,2024-03-03,9.5,Grocery
CUST00049,2024-06-20,37.53,Grocery
CUST00049,2025-04-03,25.34,Travel
CUST00049,2023-09-08,58.0,Clothing
CUST00049,2024-03-13,33.44,Grocery
CUST00049,2024-06-01,178.97,Clothing
CUST00050,2025-06-12,52.19,Grocery
CUST00050,2025-05-17,133.06,Grocery
CUST00050,2025-04-13,5.2,Grocery
CUST00050,2025-07-21,8.68,Electronics
CUST00050,2025-04-11,78.29,Grocery
CUST00050,2025-04-30,5.18,Dining
CUST00050,2025-07-03,66.62,Grocery
CUST00050,2025-04-15,43.57,Electronics
CUST00050,2025-05-25,142.98,Electronics
CUST00050,2025-03-07,24.79,Clothing
CUST00050,2025-02-09,30.96,Grocery
CUST00050,2025-01-12,81.22,Grocery
CUST00050,2025-04-16,6.7,Dining
CUST00050,2025-04-08,7.78,Electronics
CUST00050,2025-02-11,123.04,Grocery
CUST00050,2025-01-23,6.45,Travel
CUST00050,2025-06-20,29.07,Electronics
CUST00050,2025-05-22,8.03,Dining
CUST00050,2025-07-08,65.18,Travel
CUST00050,2025-07-30,123.11,Electronics
CUST00050,2025-03-14,29.14,Grocery
CUST00050,2025-03-15,13.1,Grocery
CUST00050,2025-01-10,33.79,Dining
CUST00050,2025-05-08,495.89,Grocery
CUST00050,2025-01-30,462.29,Grocery
CUST00050,2025-05-28,104.39,Electronics
CUST00050,2025-03-10,64.83,Dining
CUST00050,2025-04-12,10.44,Travel
CUST00050,2025-01-27,103.83,Travel
CUST00050,2025-05-06,44.68,Travel
CUST00050,2025-05-08,17.18,Electronics
CUST00050,2025-06-02,37.49,Electronics
CUST00050,2025-03-29,80.41,Travel
CUST00050,2025-01-24,64.42,Clothing
CUST00050,2025-06-12,14.26,Travel
CUST00050,2025-05-16,15.31,Travel
CUST00050,2025-05-23,48.04,Travel
CUST00050,2025-05-20,82.27,Travel
CUST00050,2025-02-28,58.4,Grocery
CUST00050,2025-05-21,342.11,Dining
CUST00050,2025-06-22,99.59,Electronics
CUST00050,2025-07-25,93.14,Electronics
CUST00050,2025-07-20,13.44,Dining
CUST00050,2025-07-05,7.66,Dining
CUST00050,2025-06-22,71.19,Dining
CUST00050,2025-04-28,73.04,Dining
CUST00050,2025-05-28,111.32,Travel
CUST00050,2025-02-11,17.3,Clothing
CUST00050,2025-02-14,108.98,Clothing
CUST00050,2025-06-01,138.31,Grocery
CUST00050,2025-02-04,176.33,Dining
CUST00050,2025-05-11,68.2,Dining
CUST00050,2025-07-28,19.01,Travel
CUST00050,2025-06-28,214.56,Travel
CUST00050,2025-02-22,52.86,Electronics
CUST00050,2025-06-05,56.05,Clothing
CUST00050,2025-05-08,164.67,Electronics
CUST00050,2025-06-12,80.7,Dining
CUST00050,2025-02-11,70.14,Travel
CUST00050,2025-03-07,81.95,Dining
CUST00050,2025-04-25,11.78,Travel
CUST00050,2025-04-28,87.81,Grocery
CUST00050,2025-04-13,9.51,Travel
CUST00050,2025-03-20,65.0,Dining
CUST00050,2025-06-08,81.01,Dining
CUST00050,2025-05-23,94.7,Electronics
CUST00050,2025-04-12,66.54,Electronics
CUST00050,2025-01-22,158.67,Clothing
CUST00050,2025-01-11,98.01,Dining
CUST00050,2025-02-19,55.24,Electronics
CUST00050,2025-07-29,22.87,Travel
CUST00050,2025-01-14,69.65,Grocery
CUST00050,2025-07-25,39.64,Travel
CUST00050,2025-04-23,49.59,Travel
CUST00050,2025-03-05,170.22,Grocery
CUST00050,2025-06-09,80.8,Dining
CUST00050,2025-02-14,33.88,Travel
CUST00050,2025-01-23,109.54,Electronics
CUST00050,2025-02-05,81.09,Clothing
CUST00050,2025-04-26,217.52,Dining
CUST00050,2025-03-25,7.4,Dining
CUST00050,2025-02-06,140.4,Grocery
CUST00050,2025-04-24,66.51,Travel
CUST00050,2025-04-20,231.46,Clothing
CUST00050,2025-07-05,28.0,Electronics
CUST00050,2025-03-26,139.63,Dining
CUST00050,2025-02-09,63.18,Travel
CUST00050,2025-06-11,82.42,Travel
CUST00050,2025-07-02,25.84,Electronics
CUST00050,2025-03-19,30.09,Clothing
CUST00050,2025-02-02,65.78,Electronics
CUST00050,2025-02-21,57.6,Grocery
CUST00050,2025-02-24,64.38,Electronics
CUST00050,2025-03-19,41.78,Travel
CUST00050,2025-05-08,250.58,Clothing
CUST00050,2025-02-13,44.98,Clothing
CUST00050,2025-02-20,196.0,Travel
CUST00050,2025-07-22,76.23,Electronics
CUST00050,2025-03-07,93.07,Dining
CUST00050,2025-03-29,7.31,Travel
CUST00050,2025-05-01,53.27,Dining
CUST00050,2025-07-22,154.8,Grocery
CUST00050,2025-04-29,14.44,Electronics
CUST00050,2025-06-16,23.5,Grocery
CUST00050,2025-02-27,29.48,Travel
CUST00050,2025-04-02,26.0,Dining
CUST00051,2024-07-10,46.73,Electronics
CUST00051,2024-03-28,79.24,Dining
CUST00051,2024-08-16,29.28,Clothing
CUST00051,2025-01-24,80.24,Clothing
CUST00051,2024-03-12,62.88,Clothing
CUST00051,2025-04-05,149.53,Dining
CUST00051,2025-01-30,79.24,Electronics
CUST00051,2024-12-21,349.26,Travel
CUST00051,2024-02-28,63.22,Clothing
CUST00051,2024-10-15,151.21,Travel
CUST00051,2025-07-24,414.55,Clothing
CUST00051,2025-04-06,22.48,Electronics
CUST00051,2024-03-02,7.33,Grocery
CUST00051,2024-01-15,51.53,Grocery
CUST00051,2024-09-18,270.69,Electronics
CUST00051,2025-04-26,17.53,Electronics
CUST00051,2024-11-16,48.6,Electronics
CUST00051,2025-06-19,93.69,Clothing
CUST00051,2024-04-27,249.61,Clothing
CUST00051,2024-11-06,8.9,Grocery
CUST00051,2024-07-10,30.62,Electronics
CUST00051,2024-04-02,171.81,Electronics
CUST00051,2024-05-22,27.76,Dining
CUST00051,2025-06-12,53.89,Dining
CUST00051,2024-07-09,14.44,Grocery
CUST00051,2025-03-06,29.66,Clothing
CUST00051,2024-01-20,268.44,Clothing
CUST00051,2024-04-18,106.71,Dining
CUST00051,2024-05-06,115.83,Travel
CUST00051,2025-06-15,49.01,Electronics
CUST00051,2024-03-06,245.53,Electronics
CUST00051,2025-07-21,45.79,Electronics
CUST00051,2025-06-01,265.79,Dining
CUST00051,2025-02-06,13.74,Dining
CUST00051,2024-10-23,19.04,Dining
CUST00051,2024-06-26,70.98,Travel
CUST00051,2024-11-27,82.43,Dining
CUST00051,2025-04-24,239.57,Grocery
CUST00051,2025-06-24,22.26,Dining
CUST00051,2025-02-22,107.53,Electronics
CUST00051,2024-08-27,191.35,Clothing
CUST00051,2024-09-25,190.81,Clothing
CUST00051,2024-05-30,11.83,Electronics
CUST00051,2024-08-31,47.88,Electronics
CUST00051,2024-04-19,103.07,Clothing
CUST00051,2025-02-13,102.47,Electronics
CUST00051,2024-06-19,22.45,Dining
CUST00051,2024-08-26,9.78,Electronics
CUST00051,2025-02-13,162.96,Electronics
CUST00051,2025-01-24,35.47,Electronics
CUST00051,2024-10-11,33.84,Clothing
CUST00051,2024-04-16,61.15,Clothing
CUST00051,2024-05-28,74.29,Dining
CUST00051,2024-12-07,80.81,Electronics
CUST00051,2025-01-08,20.51,Grocery
CUST00051,2024-05-05,56.75,Clothing
CUST00051,2025-03-22,156.69,Travel
CUST00051,2025-03-20,9.5,Grocery
CUST00051,2025-05-07,179.88,Travel
CUST00051,2024-12-15,126.98,Grocery
CUST00051,2024-08-10,44.08,Grocery
CUST00051,2024-07-24,39.21,Clothing
CUST00051,2024-11-10,51.9,Electronics
CUST00051,2024-04-05,16.48,Electronics
CUST00051,2025-07-22,125.72,Dining
CUST00051,2024-06-29,54.34,Travel
CUST00051,2024-07-31,184.22,Travel
CUST00051,2025-07-04,67.81,Clothing
CUST00051,2025-07-01,6.6,Clothing
CUST00051,2025-02-20,152.91,Clothing
CUST00051,2024-12-12,168.92,Travel
CUST00051,2024-11-24,121.86,Electronics
CUST00051,2025-03-23,80.47,Grocery
CUST00051,2024-04-27,35.18,Grocery
CUST00051,2025-04-29,109.32,Grocery
CUST00051,2024-03-27,23.86,Clothing
CUST00051,2024-11-26,24.25,Electronics
CUST00051,2025-06-28,7.95,Clothing
CUST00051,2025-01-30,302.51,Grocery
CUST00051,2024-10-20,154.75,Dining
CUST00051,2024-12-17,50.28,Clothing
CUST00051,2025-05-09,381.08,Electronics
CUST00051,2025-06-23,285.5,Travel
CUST00051,2024-04-01,58.83,Electronics
CUST00051,2024-04-16,126.06,Travel
CUST00051,2024-08-09,135.67,Travel
CUST00051,2024-07-24,14.3,Electronics
CUST00051,2025-03-06,18.76,Clothing
CUST00051,2024-12-30,66.79,Dining
CUST00052,2022-11-14,87.68,Travel
CUST00052,2025-01-30,77.94,Travel
CUST00052,2024-06-03,89.38,Travel
CUST00052,2025-01-25,133.51,Clothing
CUST00052,2023-07-09,5.97,Dining
CUST00052,2022-11-06,17.95,Dining
CUST00052,2024-08-25,29.74,Electronics
CUST00052,2023-10-11,83.28,Dining
CUST00052,2022-11-25,93.4,Electronics
CUST00052,2025-06-29,176.99,Travel
CUST00052,2024-06-03,41.08,Grocery
CUST00052,2024-02-10,86.22,Travel
CUST00052,2023-11-24,36.93,Grocery
CUST00052,2023-09-01,41.82,Electronics
CUST00052,2022-02-10,8.59,Travel
CUST00052,2024-08-01,26.37,Clothing
CUST00052,2023-02-21,40.39,Travel
CUST00052,2024-09-26,18.22,Dining
CUST00052,2023-05-07,243.16,Electronics
CUST00052,2023-10-12,240.75,Grocery
CUST00052,2023-04-18,9.36,Clothing
CUST00052,2025-07-17,181.35,Travel
CUST00052,2023-04-05,66.69,Grocery
CUST00052,2024-11-22,49.71,Grocery
CUST00052,2023-09-08,358.08,Grocery
CUST00052,2022-03-24,40.45,Travel
CUST00052,2022-06-14,146.07,Grocery
CUST00052,2025-03-01,195.74,Travel
CUST00052,2023-01-04,297.1,Clothing
CUST00052,2022-04-18,233.94,Grocery
CUST00052,2024-10-27,6.43,Travel
CUST00052,2022-03-28,291.03,Travel
CUST00052,2022-10-27,104.39,Grocery
CUST00052,2023-10-31,133.4,Electronics
CUST00052,2024-06-04,88.85,Travel
CUST00052,2023-07-28,118.33,Electronics
CUST00052,2022-11-22,24.74,Travel
CUST00052,2022-11-26,160.21,Electronics
CUST00052,2023-04-22,496.21,Clothing
CUST00052,2022-07-11,30.97,Grocery
CUST00052,2024-04-26,74.4,Clothing
CUST00052,2023-06-13,60.95,Travel
CUST00052,2022-03-10,92.58,Electronics
CUST00052,2024-09-16,13.83,Grocery
CUST00052,2025-07-29,53.18,Dining
CUST00052,2025-07-03,368.05,Clothing
CUST00052,2022-06-25,139.73,Electronics
CUST00052,2024-06-06,82.53,Clothing
CUST00052,2024-01-06,13.68,Travel
CUST00052,2022-10-25,6.05,Travel
CUST00052,2023-09-03,126.16,Travel
CUST00052,2025-02-16,87.88,Travel
CUST00052,2025-01-25,9.96,Travel
CUST00052,2023-03-12,29.97,Grocery
CUST00052,2023-06-19,48.44,Clothing
CUST00052,2024-07-04,78.74,Travel
CUST00052,2024-11-12,96.17,Grocery
CUST00052,2023-01-01,16.45,Travel
CUST00052,2024-12-20,118.2,Dining
CUST00052,2023-02-19,27.4,Travel
CUST00052,2022-03-27,97.03,Grocery
CUST00052,2024-06-03,86.6,Electronics
CUST00052,2023-11-26,184.02,Travel
CUST00052,2022-12-12,49.97,Dining
CUST00052,2023-02-06,33.54,Dining
CUST00052,2024-01-05,33.65,Grocery
CUST00052,2025-05-08,104.6,Travel
CUST00052,2023-03-08,102.3,Travel
CUST00052,2024-08-17,289.39,Grocery
CUST00052,2022-05-09,182.59,Clothing
CUST00052,2023-02-25,142.11,Clothing
CUST00052,2025-01-06,177.6,Electronics
CUST00052,2025-04-05,22.4,Grocery
CUST00052,2024-07-15,39.04,Grocery
CUST00052,2023-01-29,115.9,Grocery
CUST00052,2023-12-09,18.97,Clothing
CUST00052,2023-03-29,61.68,Electronics
CUST00052,2022-09-11,84.69,Grocery
CUST00052,2025-02-23,37.47,Electronics
CUST00052,2025-02-09,186.85,Electronics
CUST00052,2023-01-05,14.2,Grocery
CUST00052,2022-11-10,16.85,Travel
CUST00052,2023-03-02,5.76,Clothing
CUST00052,2022-11-26,8.51,Travel
CUST00052,2024-10-16,191.8,Clothing
CUST00052,2024-07-09,88.26,Grocery
CUST00052,2024-11-06,10.27,Clothing
CUST00052,2025-06-26,46.53,Travel
CUST00052,2025-01-20,61.66,Travel
CUST00052,2024-08-18,70.95,Electronics
CUST00052,2024-07-05,7.05,Travel
CUST00052,2022-05-22,27.31,Clothing
CUST00052,2023-09-01,38.51,Dining
CUST00052,2022-11-17,138.02,Dining
CUST00052,2024-09-21,22.16,Electronics
CUST00052,2023-05-23,34.86,Clothing
CUST00052,2023-09-28,45.96,Clothing
CUST00052,2022-08-30,21.71,Grocery
CUST00052,2024-06-11,33.28,Travel
CUST00052,2022-05-04,16.88,Grocery
CUST00052,2025-07-27,76.53,Dining
CUST00052,2023-01-31,6.13,Clothing
CUST00052,2024-09-12,31.14,Electronics
CUST00052,2025-03-30,149.39,Grocery
CUST00052,2022-07-17,82.53,Clothing
CUST00052,2025-07-26,40.64,Electronics
CUST00052,2024-09-11,10.77,Grocery
CUST00052,2022-12-20,105.96,Travel
CUST00053,2025-03-27,45.15,Electronics
CUST00053,2024-10-25,114.38,Dining
CUST00053,2025-01-16,10.35,Dining
CUST00053,2024-03-13,21.99,Grocery
CUST00053,2025-04-29,5.21,Dining
CUST00053,2024-10-27,40.72,Dining
CUST00053,2024-05-06,89.58,Clothing
CUST00053,2024-09-27,172.97,Clothing
CUST00053,2024-04-25,19.09,Clothing
CUST00053,2025-06-06,28.07,Grocery
CUST00053,2024-07-29,98.23,Dining
CUST00053,2024-10-01,42.35,Dining
CUST00053,2024-09-20,281.34,Clothing
CUST00053,2025-06-19,7.86,Grocery
CUST00053,2024-07-26,115.99,Electronics
CUST00053,2024-07-31,78.27,Grocery
CUST00053,2024-10-06,107.84,Dining
CUST00053,2025-01-28,160.1,Dining
CUST00053,2025-05-19,22.17,Electronics
CUST00053,2025-04-23,172.95,Travel
CUST00053,2025-05-28,24.37,Electronics
CUST00053,2025-06-07,53.59,Electronics
CUST00053,2024-08-29,114.46,Dining
CUST00053,2025-07-23,183.28,Electronics
CUST00053,2024-05-01,5.63,Dining
CUST00053,2024-08-10,277.75,Dining
CUST00053,2025-02-03,43.49,Clothing
CUST00053,2024-05-21,106.02,Travel
CUST00053,2024-10-19,126.36,Grocery
CUST00053,2024-09-27,34.14,Travel
CUST00053,2024-08-31,113.99,Grocery
CUST00053,2024-05-22,20.16,Travel
CUST00053,2025-07-05,35.51,Clothing
CUST00053,2025-07-12,57.89,Electronics
CUST00053,2025-07-19,17.27,Clothing
CUST00053,2024-06-07,259.25,Electronics
CUST00053,2025-07-11,25.94,Clothing
CUST00053,2024-07-15,10.27,Travel
CUST00053,2024-09-06,81.53,Dining
CUST00053,2024-06-03,25.2,Travel
CUST00053,2024-05-27,37.47,Clothing
CUST00053,2025-03-29,129.95,Electronics
CUST00053,2024-04-10,28.59,Dining
CUST00053,2024-12-24,62.62,Electronics
CUST00053,2024-12-04,32.9,Grocery
CUST00053,2024-09-17,81.99,Travel
CUST00053,2024-09-07,65.96,Dining
CUST00053,2024-08-10,110.09,Clothing
CUST00053,2024-03-24,118.64,Clothing
CUST00053,2024-11-11,196.4,Electronics
CUST00053,2025-05-02,34.47,Clothing
CUST00053,2024-05-03,220.6,Dining
CUST00053,2024-06-15,9.64,Dining
CUST00053,2025-07-23,65.44,Electronics
CUST00053,2025-01-04,49.25,Electronics
CUST00053,2024-08-13,131.95,Grocery
CUST00053,2025-06-09,13.1,Clothing
CUST00053,2024-10-04,155.06,Travel
CUST00053,2024-09-13,33.48,Travel
CUST00053,2025-06-10,69.11,Electronics
CUST00053,2024-09-14,63.92,Travel
CUST00053,2024-12-12,225.45,Clothing
CUST00053,2024-11-17,13.61,Travel
CUST00053,2024-11-25,39.41,Travel
CUST00053,2024-03-16,23.09,Grocery
CUST00053,2025-06-14,155.28,Travel
CUST00053,2024-03-18,28.45,Dining
CUST00053,2024-03-18,34.54,Dining
CUST00053,2024-11-30,112.84,Dining
CUST00053,2024-11-30,7.71,Travel
CUST00053,2024-04-15,73.62,Travel
CUST00053,2025-07-10,63.86,Dining
CUST00053,2025-03-06,53.47,Travel
CUST00053,2024-06-29,94.36,Clothing
CUST00053,2024-04-04,193.15,Travel
CUST00053,2025-03-10,46.47,Clothing
CUST00053,2024-12-06,8.95,Grocery
CUST00053,2025-05-05,74.09,Electronics
CUST00053,2024-11-29,28.12,Dining
CUST00053,2024-12-31,188.88,Dining
CUST00053,2025-05-20,43.11,Grocery
CUST00053,2024-08-31,24.22,Grocery
CUST00053,2024-10-03,144.04,Electronics
CUST00053,2025-01-29,118.95,Grocery
CUST00053,2025-05-22,218.91,Electronics
CUST00053,2025-04-04,14.37,Travel
CUST00053,2025-04-01,48.9,Clothing
CUST00053,2024-12-22,25.24,Dining
CUST00054,2022-11-01,17.86,Clothing
CUST00054,2025-05-09,31.06,Dining
CUST00054,2024-04-01,33.53,Electronics
CUST00054,2022-09-18,63.67,Travel
CUST00054,2023-12-17,46.96,Grocery
CUST00054,2024-04-27,150.32,Clothing
CUST00054,2024-02-29,72.43,Clothing
CUST00054,2022-10-16,205.14,Grocery
CUST00054,2022-08-31,76.39,Travel
CUST00054,2024-08-22,361.51,Clothing
CUST00054,2025-04-09,25.34,Clothing
CUST00054,2024-06-29,108.54,Grocery
CUST00054,2023-03-16,36.09,Dining
CUST00054,2023-05-08,103.18,Grocery
CUST00054,2023-02-13,113.78,Dining
CUST00054,2023-06-23,53.37,Dining
CUST00054,2025-06-02,21.66,Clothing
CUST00054,2024-05-31,42.0,Clothing
CUST00054,2024-09-28,111.02,Travel
CUST00054,2025-01-16,11.8,Dining
CUST00054,2023-02-04,129.23,Clothing
CUST00054,2022-12-03,67.38,Grocery
CUST00054,2024-11-27,130.86,Dining
CUST00054,2024-03-28,191.99,Dining
CUST00054,2022-10-03,91.4,Electronics
CUST00054,2024-02-02,49.0,Electronics
CUST00054,2023-10-25,117.08,Electronics
CUST00054,2025-02-23,26.65,Grocery
CUST00054,2024-01-26,9.83,Dining
CUST00054,2024-09-23,96.95,Dining
CUST00054,2023-03-11,82.26,Grocery
CUST00054,2023-06-13,11.35,Electronics
CUST00054,2024-08-23,34.94,Travel
CUST00054,2022-08-28,22.34,Clothing
CUST00054,2024-12-14,66.68,Grocery
CUST00054,2024-08-24,10.71,Travel
CUST00054,2022-09-17,296.11,Dining
CUST00054,2023-05-18,6.92,Electronics
CUST00054,2022-09-23,259.85,Dining
CUST00054,2023-07-27,5.64,Electronics
CUST00054,2024-09-07,19.49,Clothing
CUST00054,2023-10-03,40.88,Travel
CUST00054,2024-03-15,95.95,Dining
CUST00054,2024-12-03,167.64,Electronics
CUST00054,2025-06-04,41.03,Electronics
CUST00054,2023-11-04,132.89,Dining
CUST00054,2024-11-29,7.51,Dining
CUST00054,2024-02-13,6.98,Clothing
CUST00054,2024-08-07,104.43,Electronics
CUST00054,2023-01-07,124.43,Clothing
CUST00054,2023-03-09,77.68,Grocery
CUST00054,2024-09-24,19.73,Electronics
CUST00054,2025-05-13,81.55,Electronics
CUST00054,2024-04-07,57.14,Electronics
CUST00054,2023-07-22,201.43,Travel
CUST00054,2022-11-01,46.74,Travel
CUST00054,2022-09-27,77.38,Electronics
CUST00054,2024-01-23,68.28,Clothing
CUST00054,2025-06-26,7.79,Clothing
CUST00054,2023-10-11,57.47,Clothing
CUST00054,2025-03-05,8.53,Grocery
CUST00054,2024-01-28,36.75,Electronics
CUST00054,2023-04-02,24.18,Dining
CUST00054,2023-06-03,201.68,Electronics
CUST00054,2024-04-15,105.04,Travel
CUST00054,2024-04-15,15.14,Grocery
CUST00054,2023-06-03,60.11,Electronics
CUST00054,2024-09-01,9.81,Dining
CUST00054,2023-05-14,24.41,Clothing
CUST00054,2023-11-30,21.94,Clothing
CUST00054,2023-04-19,194.73,Grocery
CUST00054,2025-06-05,32.61,Electronics
CUST00054,2024-08-16,17.83,Dining
CUST00054,2022-11-11,44.8,Dining
CUST00054,2023-10-06,10.93,Electronics
CUST00054,2023-06-29,210.45,Electronics
CUST00054,2023-05-24,82.19,Travel
CUST00054,2025-01-22,91.46,Travel
CUST00054,2023-11-06,50.48,Electronics
CUST00054,2023-12-19,21.26,Clothing
CUST00054,2024-05-06,7.66,Dining
CUST00054,2025-02-25,30.55,Dining
CUST00054,2023-04-01,58.87,Grocery
CUST00054,2024-07-01,266.21,Clothing
CUST00054,2024-05-22,199.58,Clothing
CUST00054,2022-11-22,49.4,Travel
CUST00054,2024-08-29,20.5,Travel
CUST00054,2024-10-17,22.64,Dining
CUST00054,2024-11-02,25.49,Grocery
CUST00054,2022-11-21,162.8,Dining
CUST00054,2024-07-04,65.3,Grocery
CUST00054,2024-01-11,29.5,Clothing
CUST00054,2023-01-12,122.09,Grocery
CUST00054,2024-04-30,53.39,Electronics
CUST00054,2025-05-19,90.09,Clothing
CUST00054,2024-05-16,50.33,Electronics
CUST00055,2023-12-29,15.87,Grocery
CUST00055,2024-05-24,32.69,Clothing
CUST00055,2024-09-01,143.31,Travel
CUST00055,2023-12-22,117.3,Grocery
CUST00055,2024-02-17,89.03,Travel
CUST00055,2023-07-07,47.53,Clothing
CUST00055,2024-04-27,47.51,Electronics
CUST00055,2025-01-10,151.84,Grocery
CUST00055,2024-06-25,398.3,Travel
CUST00055,2023-03-12,184.4,Electronics
CUST00055,2023-01-28,14.45,Clothing
CUST00055,2023-06-16,235.78,Dining
CUST00055,2023-11-17,93.17,Electronics
CUST00055,2024-09-03,37.16,Electronics
CUST00055,2022-08-21,135.09,Electronics
CUST00055,2025-03-13,7.77,Grocery
CUST00055,2024-10-09,166.87,Grocery
CUST00055,2025-03-24,15.9,Travel
CUST00055,2023-10-24,23.18,Clothing
CUST00055,2025-07-04,41.56,Electronics
CUST00055,2023-03-27,27.57,Grocery
CUST00055,2022-12-12,21.06,Travel
CUST00055,2023-01-28,86.82,Grocery
CUST00055,2022-12-31,23.55,Clothing
CUST00055,2024-05-19,74.9,Electronics
CUST00055,2023-07-09,84.3,Grocery
CUST00055,2023-08-03,70.35,Dining
CUST00055,2023-09-25,11.41,Electronics
CUST00055,2025-04-06,47.5,Travel
CUST00055,2024-02-27,53.02,Clothing
CUST00055,2023-04-08,148.87,Grocery
CUST00055,2023-09-15,72.26,Dining
CUST00055,2023-01-21,334.36,Dining
CUST00055,2025-04-29,42.64,Electronics
CUST00055,2024-12-24,58.37,Dining
CUST00055,2025-03-06,41.49,Grocery
CUST00055,2022-09-19,136.74,Grocery
CUST00055,2025-07-05,18.08,Grocery
CUST00055,2022-11-07,5.6,Electronics
CUST00055,2023-10-25,41.11,Travel
CUST00055,2022-12-17,76.73,Travel
CUST00055,2022-08-14,7.96,Clothing
CUST00055,2023-02-13,200.01,Clothing
CUST00055,2024-01-21,133.87,Electronics
CUST00055,2025-06-05,57.04,Travel
CUST00055,2024-03-01,27.2,Travel
CUST00055,2022-11-01,212.68,Travel
CUST00055,2024-02-04,213.19,Clothing
CUST00055,2024-07-13,77.13,Dining
CUST00055,2023-11-03,233.92,Dining
CUST00055,2023-01-07,156.57,Travel
CUST00055,2024-02-12,243.23,Grocery
CUST00055,2025-04-10,123.08,Dining
CUST00055,2023-01-30,178.78,Electronics
CUST00055,2025-01-14,14.22,Clothing
CUST00055,2023-08-18,66.71,Clothing
CUST00055,2024-09-17,57.24,Travel
CUST00055,2024-10-02,32.65,Grocery
CUST00055,2024-03-27,106.9,Electronics
CUST00055,2023-07-13,20.42,Grocery
CUST00055,2024-07-09,233.11,Electronics
CUST00055,2024-05-07,6.52,Grocery
CUST00055,2023-11-15,39.51,Electronics
CUST00055,2025-01-30,15.57,Electronics
CUST00055,2024-09-04,142.93,Electronics
CUST00055,2023-03-01,86.67,Travel
CUST00055,2024-11-04,29.55,Dining
CUST00055,2025-01-29,106.83,Travel
CUST00055,2024-06-28,6.63,Grocery
CUST00055,2024-11-23,212.97,Grocery
CUST00055,2025-04-21,10.45,Travel
CUST00055,2025-01-22,31.37,Grocery
CUST00055,2023-09-30,12.67,Dining
CUST00055,2023-06-20,97.46,Clothing
CUST00055,2024-09-10,41.81,Grocery
CUST00055,2024-06-08,6.0,Dining
CUST00055,2023-01-09,18.41,Clothing
CUST00055,2024-01-03,94.21,Travel
CUST00055,2025-03-13,16.81,Clothing
CUST00055,2024-10-28,34.64,Electronics
CUST00055,2024-01-14,261.33,Electronics
CUST00055,2023-06-25,92.2,Dining
CUST00055,2023-11-19,147.91,Electronics
CUST00055,2024-10-19,35.06,Grocery
CUST00055,2022-11-08,191.3,Grocery
CUST00055,2024-09-05,47.61,Clothing
CUST00055,2024-07-10,8.75,Electronics
CUST00055,2024-10-10,71.52,Travel
CUST00055,2023-09-30,169.26,Electronics
CUST00055,2024-11-03,106.78,Electronics
CUST00055,2024-04-28,23.35,Electronics
CUST00055,2025-05-22,159.98,Grocery
CUST00055,2022-09-06,37.62,Travel
CUST00055,2024-03-27,9.99,Electronics
CUST00055,2022-09-08,23.35,Travel
CUST00055,2023-12-17,164.29,Grocery
CUST00055,2024-01-25,26.77,Clothing
CUST00055,2022-09-28,17.18,Electronics
CUST00055,2022-08-30,33.71,Electronics
CUST00055,2024-04-20,75.08,Grocery
CUST00055,2023-04-20,39.22,Dining
CUST00056,2024-08-18,109.61,Dining
CUST00056,2022-09-04,38.75,Dining
CUST00056,2023-11-24,29.61,Electronics
CUST00056,2022-11-12,96.8,Dining
CUST00056,2024-03-29,74.19,Clothing
CUST00056,2024-07-01,37.18,Electronics
CUST00056,2022-12-08,30.58,Clothing
CUST00056,2023-12-29,9.25,Dining
CUST00056,2023-09-10,17.26,Clothing
CUST00056,2023-04-08,216.39,Grocery
CUST00056,2024-09-22,11.27,Electronics
CUST00056,2022-09-17,24.34,Electronics
CUST00056,2024-11-13,18.81,Electronics
CUST00056,2023-06-20,94.96,Travel
CUST00056,2023-09-28,77.72,Dining
CUST00056,2023-07-04,8.46,Dining
CUST00056,2024-11-18,69.41,Travel
CUST00056,2024-12-20,23.66,Clothing
CUST00056,2025-05-17,30.66,Travel
CUST00056,2024-09-05,66.2,Dining
CUST00056,2023-01-15,112.82,Clothing
CUST00056,2024-07-13,36.77,Electronics
CUST00056,2022-10-06,332.74,Clothing
CUST00056,2025-02-10,14.92,Dining
CUST00056,2024-11-02,69.93,Grocery
CUST00056,2024-03-30,133.36,Travel
CUST00056,2024-03-17,291.78,Travel
CUST00056,2024-10-28,62.1,Clothing
CUST00056,2024-06-09,16.61,Clothing
CUST00056,2025-04-24,35.43,Grocery
CUST00056,2022-10-12,67.09,Dining
CUST00056,2025-04-16,41.04,Electronics
CUST00056,2024-03-01,129.53,Dining
CUST00056,2023-05-24,17.74,Travel
CUST00056,2023-03-07,176.59,Dining
CUST00056,2022-09-07,109.63,Travel
CUST00056,2024-04-28,91.91,Clothing
CUST00056,2025-02-15,10.75,Grocery
CUST00056,2025-07-06,40.98,Travel
CUST00056,2023-01-18,217.15,Grocery
CUST00056,2025-02-09,11.05,Clothing
CUST00056,2023-03-30,10.45,Dining
CUST00056,2023-09-08,65.98,Clothing
CUST00056,2023-04-19,393.42,Clothing
CUST00056,2025-02-11,15.23,Clothing
CUST00056,2023-04-07,120.96,Electronics
CUST00056,2022-11-17,83.61,Clothing
CUST00056,2024-02-09,50.54,Dining
CUST00056,2025-06-19,78.83,Clothing
CUST00056,2022-09-23,30.89,Dining
CUST00056,2024-06-19,60.79,Travel
CUST00056,2025-07-31,280.0,Clothing
CUST00056,2022-12-08,57.91,Dining
CUST00056,2024-05-18,135.16,Grocery
CUST00056,2022-12-24,5.52,Clothing
CUST00056,2022-12-23,20.87,Grocery
CUST00056,2024-12-17,49.79,Electronics
CUST00056,2022-10-03,33.0,Grocery
CUST00056,2024-08-05,316.24,Travel
CUST00056,2022-12-27,6.16,Dining
CUST00056,2024-10-30,126.59,Clothing
CUST00056,2024-12-01,230.98,Travel
CUST00056,2024-11-26,14.46,Dining
CUST00056,2024-12-12,248.01,Electronics
CUST00056,2023-03-10,37.31,Grocery
CUST00056,2022-09-15,12.28,Travel
CUST00056,2023-12-26,63.58,Grocery
CUST00056,2023-01-19,39.29,Grocery
CUST00056,2023-03-02,16.44,Electronics
CUST00056,2023-03-12,29.15,Travel
CUST00056,2024-09-09,102.92,Electronics
CUST00056,2023-05-23,24.23,Clothing
CUST00056,2025-04-22,46.33,Clothing
CUST00056,2023-07-24,187.29,Clothing
CUST00056,2023-01-22,76.0,Grocery
CUST00056,2023-03-06,57.81,Grocery
CUST00056,2024-01-03,23.63,Dining
CUST00056,2025-01-01,148.05,Electronics
CUST00056,2023-03-01,55.23,Travel
CUST00056,2024-12-30,82.27,Dining
CUST00056,2023-06-04,108.02,Clothing
CUST00056,2024-11-16,75.8,Grocery
CUST00056,2024-11-10,73.74,Electronics
CUST00056,2023-08-18,73.8,Clothing
CUST00056,2023-11-30,101.68,Grocery
CUST00056,2023-02-10,167.62,Clothing
CUST00056,2023-05-02,70.19,Travel
CUST00056,2025-05-07,212.87,Travel
CUST00056,2025-02-14,51.91,Clothing
CUST00056,2024-10-23,23.81,Electronics
CUST00056,2024-10-23,40.8,Dining
CUST00056,2023-06-08,61.01,Clothing
CUST00056,2023-03-24,15.76,Grocery
CUST00056,2023-08-05,416.47,Travel
CUST00056,2023-04-22,258.15,Clothing
CUST00057,2023-03-06,132.94,Travel
CUST00057,2024-07-26,28.15,Grocery
CUST00057,2023-02-23,439.13,Clothing
CUST00057,2023-12-29,23.94,Dining
CUST00057,2024-10-08,155.84,Electronics
CUST00057,2024-08-06,282.0,Dining
CUST00057,2025-04-27,87.24,Electronics
CUST00057,2023-09-25,69.49,Electronics
CUST00057,2024-10-13,126.81,Electronics
CUST00057,2023-04-12,153.06,Dining
CUST00057,2023-04-28,223.48,Grocery
CUST00057,2024-02-13,114.01,Dining
CUST00057,2024-07-08,24.06,Dining
CUST00057,2023-11-18,71.55,Dining
CUST00057,2024-06-13,10.32,Electronics
CUST00057,2024-11-07,54.97,Travel
CUST00057,2024-03-12,20.23,Electronics
CUST00057,2025-07-19,33.98,Electronics
CUST00057,2023-06-05,73.96,Electronics
CUST00057,2023-10-11,28.38,Dining
CUST00057,2024-01-01,176.77,Clothing
CUST00057,2023-05-27,148.89,Clothing
CUST00057,2024-10-06,53.23,Travel
CUST00057,2024-07-18,23.38,Clothing
CUST00057,2024-12-21,76.03,Dining
CUST00057,2024-10-14,14.78,Dining
CUST00057,2024-02-05,288.53,Clothing
CUST00057,2023-12-16,9.64,Grocery
CUST00057,2024-09-21,71.64,Electronics
CUST00057,2023-06-20,147.93,Grocery
CUST00057,2025-02-01,19.64,Grocery
CUST00057,2024-12-12,14.18,Clothing
CUST00057,2024-03-31,19.94,Travel
CUST00057,2023-03-31,91.61,Clothing
CUST00057,2024-09-09,94.34,Grocery
CUST00057,2023-11-08,203.3,Dining
CUST00057,2025-06-25,15.54,Travel
CUST00057,2025-01-16,29.6,Grocery
CUST00057,2025-02-25,86.83,Grocery
CUST00057,2023-07-02,78.61,Travel
CUST00057,2024-01-24,147.77,Travel
CUST00057,2024-08-23,38.25,Dining
CUST00057,2025-05-15,42.37,Clothing
CUST00057,2025-01-15,35.78,Grocery
CUST00057,2025-03-12,7.96,Travel
CUST00057,2024-01-17,44.36,Grocery
CUST00057,2023-12-08,173.58,Electronics
CUST00057,2024-03-02,110.34,Grocery
CUST00057,2023-12-30,21.93,Grocery
CUST00057,2024-07-19,5.4,Clothing
CUST00057,2025-04-18,8.29,Grocery
CUST00057,2025-02-01,6.89,Dining
CUST00057,2024-09-03,38.07,Travel
CUST00057,2023-02-18,187.84,Clothing
CUST00057,2024-08-04,27.44,Travel
CUST00057,2024-08-30,53.64,Dining
CUST00057,2025-07-30,102.05,Dining
CUST00057,2025-05-08,26.11,Clothing
CUST00057,2023-11-11,265.66,Electronics
CUST00057,2025-03-17,205.83,Clothing
CUST00057,2024-07-25,214.15,Clothing
CUST00057,2025-01-30,87.76,Travel
CUST00057,2025-04-15,18.06,Grocery
CUST00057,2024-11-30,85.7,Clothing
CUST00057,2024-12-26,46.35,Electronics
CUST00057,2025-05-09,46.46,Electronics
CUST00057,2023-09-23,25.49,Grocery
CUST00057,2025-04-23,57.2,Electronics
CUST00057,2025-04-22,91.29,Grocery
CUST00057,2025-07-18,68.06,Dining
CUST00057,2023-04-17,154.42,Travel
CUST00057,2023-10-31,67.33,Clothing
CUST00057,2024-06-19,11.13,Grocery
CUST00057,2024-03-30,219.51,Travel
CUST00057,2024-03-02,20.41,Dining
CUST00057,2025-04-21,87.97,Clothing
CUST00057,2025-07-15,121.19,Clothing
CUST00057,2023-07-04,58.97,Electronics
CUST00057,2023-09-16,93.13,Travel
CUST00057,2023-11-10,22.96,Grocery
CUST00057,2025-03-23,69.19,Travel
CUST00057,2025-04-20,39.97,Dining
CUST00057,2024-12-30,5.72,Grocery
CUST00057,2025-05-28,237.38,Travel
CUST00057,2024-03-25,42.55,Grocery
CUST00057,2024-11-07,105.82,Travel
CUST00057,2025-02-02,82.07,Clothing
CUST00057,2025-02-07,41.46,Dining
CUST00057,2025-01-18,111.96,Travel
CUST00057,2023-02-28,33.26,Travel
CUST00057,2024-01-09,130.59,Clothing
CUST00057,2024-12-17,133.16,Clothing
CUST00057,2024-06-15,9.11,Clothing
CUST00057,2025-06-17,65.01,Grocery
CUST00057,2023-12-03,42.79,Travel
CUST00057,2023-05-10,37.63,Electronics
CUST00057,2023-06-15,63.87,Dining
CUST00057,2023-03-18,14.78,Travel
CUST00057,2024-08-14,14.26,Dining
CUST00057,2024-06-07,273.32,Electronics
CUST00057,2024-12-28,78.03,Travel
CUST00057,2024-09-28,41.81,Clothing
CUST00057,2024-11-26,188.49,Grocery
CUST00057,2025-07-23,194.94,Grocery
CUST00057,2024-02-09,19.83,Electronics
CUST00058,2025-06-30,44.0,Clothing
CUST00058,2025-06-26,85.42,Electronics
CUST00058,2025-05-19,100.41,Dining
CUST00058,2025-07-01,74.82,Dining
CUST00058,2025-05-23,105.79,Electronics
CUST00058,2025-07-05,195.73,Travel
CUST00058,2025-06-10,46.97,Clothing
CUST00058,2025-02-26,88.54,Electronics
CUST00058,2025-03-17,163.71,Electronics
CUST00058,2025-05-24,178.02,Electronics
CUST00058,2025-01-26,142.52,Dining
CUST00058,2024-10-13,171.21,Electronics
CUST00058,2025-07-11,9.79,Clothing
CUST00058,2024-10-23,181.06,Dining
CUST00058,2025-06-16,193.96,Travel
CUST00058,2024-09-28,42.5,Dining
CUST00058,2024-12-28,6.45,Electronics
CUST00058,2025-01-04,86.22,Travel
CUST00058,2024-09-19,82.58,Grocery
CUST00058,2025-02-09,46.42,Electronics
CUST00058,2025-02-11,86.66,Travel
CUST00058,2025-07-30,125.67,Clothing
CUST00058,2024-11-19,21.27,Travel
CUST00058,2024-10-12,29.83,Grocery
CUST00058,2024-11-20,29.48,Clothing
CUST00058,2024-10-25,109.04,Grocery
CUST00058,2025-01-27,41.12,Electronics
CUST00058,2025-01-20,81.76,Grocery
CUST00058,2025-07-23,202.48,Dining
CUST00058,2024-09-21,35.13,Travel
CUST00058,2025-01-10,69.87,Grocery
CUST00058,2025-07-09,171.49,Clothing
CUST00058,2024-09-28,120.16,Dining
CUST00058,2025-01-03,31.74,Dining
CUST00058,2025-05-01,9.72,Electronics
CUST00058,2025-05-11,46.36,Clothing
CUST00058,2025-06-15,88.67,Grocery
CUST00058,2025-01-29,350.84,Electronics
CUST00058,2025-05-17,8.77,Grocery
CUST00058,2025-02-03,172.27,Travel
CUST00058,2024-12-26,77.69,Electronics
CUST00058,2025-02-07,23.18,Travel
CUST00058,2025-05-11,45.47,Clothing
CUST00058,2024-11-26,25.56,Travel
CUST00058,2024-09-17,76.72,Travel
CUST00058,2024-12-17,155.73,Electronics
CUST00058,2025-04-08,21.11,Grocery
CUST00058,2024-11-24,42.24,Grocery
CUST00058,2025-05-25,174.16,Grocery
CUST00058,2025-06-14,5.1,Electronics
CUST00058,2025-05-01,114.07,Clothing
CUST00058,2025-03-02,50.55,Travel
CUST00058,2025-04-18,271.25,Dining
CUST00058,2025-05-05,40.36,Dining
CUST00058,2025-03-16,70.57,Travel
CUST00058,2025-04-30,64.25,Travel
CUST00058,2025-03-02,40.13,Grocery
CUST00058,2024-12-21,102.77,Dining
CUST00058,2025-05-04,75.41,Dining
CUST00058,2024-09-15,115.16,Electronics
CUST00058,2024-11-26,77.56,Clothing
CUST00058,2024-09-26,109.34,Dining
CUST00058,2024-12-30,65.9,Dining
CUST00058,2025-03-05,102.8,Dining
CUST00058,2025-02-14,24.66,Travel
CUST00058,2025-01-21,28.91,Grocery
CUST00058,2025-03-16,32.96,Dining
CUST00058,2025-07-06,15.79,Dining
CUST00058,2024-12-11,67.14,Travel
CUST00058,2024-11-04,9.46,Electronics
CUST00058,2025-06-28,56.61,Travel
CUST00058,2024-10-17,11.86,Electronics
CUST00058,2025-07-27,72.27,Clothing
CUST00058,2025-05-12,50.99,Travel
CUST00058,2024-10-21,67.65,Clothing
CUST00058,2024-11-06,74.42,Grocery
CUST00058,2025-07-31,51.61,Travel
CUST00058,2025-01-04,62.62,Dining
CUST00058,2024-11-21,26.08,Electronics
CUST00058,2024-12-14,16.72,Travel
CUST00058,2024-12-28,121.59,Electronics
CUST00058,2025-07-06,7.42,Travel
CUST00058,2025-08-01,28.57,Dining
CUST00058,2025-02-20,195.45,Clothing
CUST00058,2024-09-30,17.3,Clothing
CUST00058,2024-12-13,31.68,Grocery
CUST00058,2025-02-03,308.04,Clothing
CUST00058,2024-10-12,75.47,Clothing
CUST00058,2025-03-29,35.59,Grocery
CUST00058,2025-07-19,70.93,Electronics
CUST00058,2024-11-19,37.13,Clothing
CUST00058,2025-05-27,35.79,Dining
CUST00058,2025-02-21,61.8,Dining
CUST00058,2025-03-30,180.92,Grocery
CUST00058,2024-08-30,129.19,Travel
CUST00058,2025-04-30,52.46,Dining
CUST00058,2025-07-21,54.79,Dining
CUST00058,2025-06-13,43.38,Travel
CUST00058,2025-03-14,7.74,Travel
CUST00058,2024-11-14,102.15,Grocery
CUST00058,2025-07-12,498.37,Travel
CUST00058,2025-06-17,18.09,Dining
CUST00058,2024-12-12,187.24,Dining
CUST00058,2025-01-26,92.31,Travel
CUST00058,2025-02-14,47.8,Travel
CUST00058,2025-06-09,15.84,Electronics
CUST00058,2025-04-12,185.13,Clothing
CUST00058,2025-04-10,83.63,Travel
CUST00058,2024-11-17,67.26,Clothing
CUST00058,2025-06-01,32.3,Travel
CUST00059,2023-04-21,64.97,Clothing
CUST00059,2022-05-12,23.78,Electronics
CUST00059,2022-10-06,45.25,Clothing
CUST00059,2022-04-01,10.32,Grocery
CUST00059,2022-11-17,172.4,Grocery
CUST00059,2025-01-17,198.88,Travel
CUST00059,2023-12-12,34.55,Dining
CUST00059,2024-10-29,37.97,Clothing
CUST00059,2025-03-30,109.66,Electronics
CUST00059,2025-03-01,127.35,Dining
CUST00059,2025-05-24,57.84,Electronics
CUST00059,2025-03-18,27.68,Grocery
CUST00059,2022-03-27,58.94,Dining
CUST00059,2021-12-22,114.87,Electronics
CUST00059,2024-04-12,5.75,Grocery
CUST00059,2024-07-25,146.23,Dining
CUST00059,2021-12-08,62.14,Dining
CUST00059,2023-05-23,14.55,Clothing
CUST00059,2022-12-27,29.47,Travel
CUST00059,2021-12-02,15.78,Grocery
CUST00059,2023-06-13,81.34,Travel
CUST00059,2024-02-12,10.01,Travel
CUST00059,2025-02-21,366.15,Grocery
CUST00059,2025-02-15,25.22,Travel
CUST00059,2023-12-25,117.0,Travel
CUST00059,2024-06-30,232.82,Dining
CUST00059,2022-08-21,8.64,Dining
CUST00059,2023-05-07,121.65,Electronics
CUST00059,2025-02-21,21.48,Travel
CUST00059,2023-11-04,74.15,Grocery
CUST00059,2021-12-27,26.33,Grocery
CUST00059,2022-05-16,124.71,Travel
CUST00059,2024-06-03,125.49,Dining
CUST00059,2022-05-27,82.73,Dining
CUST00059,2022-02-23,152.39,Grocery
CUST00059,2022-09-07,52.4,Electronics
CUST00059,2021-11-15,94.11,Grocery
CUST00059,2023-06-17,48.39,Electronics
CUST00059,2022-03-10,6.86,Grocery
CUST00059,2024-03-25,37.83,Dining
CUST00059,2024-05-17,8.62,Electronics
CUST00059,2024-12-24,50.56,Dining
CUST00059,2022-02-18,17.88,Electronics
CUST00059,2025-04-21,29.93,Electronics
CUST00059,2022-11-19,66.91,Dining
CUST00059,2024-05-23,68.11,Grocery
CUST00059,2023-04-10,205.6,Grocery
CUST00059,2022-06-12,25.23,Dining
CUST00059,2023-04-22,19.1,Electronics
CUST00059,2022-05-23,7.07,Grocery
CUST00059,2023-01-06,43.99,Travel
CUST00059,2021-12-14,9.48,Electronics
CUST00059,2023-07-30,48.35,Dining
CUST00059,2022-10-07,9.48,Travel
CUST00059,2021-12-11,122.58,Dining
CUST00059,2024-11-13,40.04,Dining
CUST00059,2022-08-31,61.0,Dining
CUST00059,2022-11-08,97.81,Grocery
CUST00059,2025-05-08,181.5,Grocery
CUST00059,2021-10-28,87.79,Grocery
CUST00059,2021-12-21,19.33,Travel
CUST00059,2023-03-18,136.25,Electronics
CUST00059,2022-10-27,87.24,Electronics
CUST00059,2023-01-29,195.03,Dining
CUST00059,2023-10-26,98.13,Dining
CUST00059,2021-11-30,30.31,Travel
CUST00059,2023-05-22,69.16,Electronics
CUST00059,2022-09-15,51.39,Dining
CUST00059,2024-03-29,61.69,Electronics
CUST00059,2023-10-14,19.98,Electronics
CUST00059,2025-04-21,11.89,Grocery
CUST00059,2024-11-12,52.54,Dining
CUST00059,2022-02-10,51.08,Grocery
CUST00059,2025-02-19,171.23,Electronics
CUST00059,2025-07-30,6.82,Electronics
CUST00059,2023-05-25,167.09,Travel
CUST00059,2023-12-26,31.4,Clothing
CUST00059,2023-04-04,74.67,Dining
CUST00059,2022-09-08,48.19,Electronics
CUST00059,2024-05-18,67.85,Clothing
CUST00059,2024-09-15,44.43,Dining
CUST00059,2025-03-27,6.57,Travel
CUST00059,2025-05-03,169.46,Clothing
CUST00059,2024-07-24,235.04,Travel
CUST00059,2023-08-30,155.43,Dining
CUST00059,2023-12-10,50.93,Grocery
CUST00059,2023-10-30,190.97,Dining
CUST00059,2025-03-21,178.82,Electronics
CUST00059,2024-11-11,167.71,Electronics
CUST00059,2023-09-20,93.08,Grocery
CUST00059,2025-04-19,115.19,Clothing
CUST00059,2023-04-08,25.85,Electronics
CUST00059,2022-01-28,32.05,Grocery
CUST00059,2024-05-01,131.57,Electronics
CUST00059,2023-11-29,47.1,Grocery
CUST00059,2023-10-22,49.71,Clothing
CUST00059,2023-09-26,13.95,Grocery
CUST00059,2023-02-13,138.27,Clothing
CUST00059,2023-10-24,33.67,Travel
CUST00059,2024-09-18,199.8,Dining
CUST00059,2023-10-06,14.12,Travel
CUST00059,2022-06-29,23.51,Travel
CUST00059,2024-08-18,9.87,Dining
CUST00059,2025-03-03,41.72,Dining
CUST00059,2024-12-27,22.97,Dining
CUST00059,2023-11-12,186.27,Electronics
CUST00059,2022-02-22,26.95,Dining
CUST00060,2025-07-17,8.11,Travel
CUST00060,2025-07-06,110.93,Grocery
CUST00060,2025-05-03,50.73,Grocery
CUST00060,2025-02-16,266.25,Clothing
CUST00060,2025-05-15,16.45,Dining
CUST00060,2025-02-26,89.26,Grocery
CUST00060,2025-05-11,75.75,Clothing
CUST00060,2025-07-02,6.99,Clothing
CUST00060,2025-03-30,89.07,Dining
CUST00060,2025-03-27,97.76,Dining
CUST00060,2025-05-21,222.49,Electronics
CUST00060,2025-06-24,38.52,Dining
CUST00060,2025-07-16,45.2,Dining
CUST00060,2025-02-24,71.2,Clothing
CUST00060,2025-07-03,575.11,Electronics
CUST00060,2025-02-07,162.52,Grocery
CUST00060,2025-01-31,189.48,Grocery
CUST00060,2025-02-13,217.1,Electronics
CUST00060,2025-03-16,60.32,Clothing
CUST00060,2025-04-07,68.22,Clothing
CUST00060,2025-04-29,183.99,Clothing
CUST00060,2025-01-31,33.03,Clothing
CUST00060,2025-07-25,136.75,Travel
CUST00060,2025-04-01,18.41,Grocery
CUST00060,2025-07-05,12.13,Grocery
CUST00060,2025-03-07,155.93,Grocery
CUST00060,2025-04-24,193.65,Clothing
CUST00060,2025-04-07,271.24,Grocery
CUST00060,2025-03-31,19.65,Dining
CUST00060,2025-02-09,34.29,Electronics
CUST00060,2025-04-07,65.06,Dining
CUST00060,2025-05-06,32.93,Clothing
CUST00060,2025-05-03,11.46,Travel
CUST00060,2025-05-24,117.79,Dining
CUST00060,2025-03-24,67.1,Grocery
CUST00060,2025-04-26,194.97,Electronics
CUST00060,2025-05-25,141.34,Grocery
CUST00060,2025-06-11,26.27,Electronics
CUST00060,2025-04-26,220.44,Dining
CUST00060,2025-04-21,12.55,Dining
CUST00060,2025-07-25,175.39,Electronics
CUST00060,2025-02-13,346.51,Grocery
CUST00060,2025-02-26,34.34,Dining
CUST00060,2025-03-22,321.06,Dining
CUST00060,2025-04-28,8.63,Travel
CUST00060,2025-05-10,145.16,Grocery
CUST00060,2025-05-30,6.35,Electronics
CUST00060,2025-08-01,96.81,Travel
CUST00060,2025-05-09,53.06,Travel
CUST00060,2025-04-23,377.98,Electronics
CUST00060,2025-07-19,26.01,Clothing
CUST00060,2025-05-06,9.32,Dining
CUST00060,2025-02-19,115.18,Clothing
CUST00060,2025-05-18,159.63,Clothing
CUST00060,2025-04-10,125.73,Grocery
CUST00060,2025-06-11,213.77,Travel
CUST00060,2025-05-12,77.65,Clothing
CUST00060,2025-06-09,34.4,Travel
CUST00060,2025-06-08,7.07,Electronics
CUST00060,2025-06-24,7.18,Travel
CUST00060,2025-04-28,7.29,Electronics
CUST00060,2025-07-15,187.11,Travel
CUST00060,2025-07-05,31.31,Clothing
CUST00060,2025-06-13,38.1,Electronics
CUST00060,2025-07-23,25.0,Clothing
CUST00060,2025-03-28,6.69,Electronics
CUST00060,2025-02-27,61.62,Dining
CUST00060,2025-02-03,86.08,Travel
CUST00060,2025-04-20,136.19,Dining
CUST00060,2025-07-10,25.72,Clothing
CUST00060,2025-07-25,38.21,Clothing
CUST00060,2025-04-19,48.85,Grocery
CUST00060,2025-07-19,19.16,Grocery
CUST00060,2025-04-01,10.84,Dining
CUST00060,2025-02-20,30.38,Electronics
CUST00060,2025-02-12,39.41,Dining
CUST00060,2025-05-17,75.02,Dining
CUST00060,2025-02-16,5.01,Electronics
CUST00060,2025-07-05,101.69,Travel
CUST00060,2025-03-20,22.98,Travel
CUST00060,2025-06-24,50.68,Electronics
CUST00060,2025-05-16,208.67,Grocery
CUST00060,2025-06-25,8.32,Clothing
CUST00060,2025-05-27,113.69,Travel
CUST00060,2025-07-07,178.07,Grocery
CUST00060,2025-06-15,71.34,Dining
CUST00060,2025-02-03,99.71,Electronics
CUST00060,2025-02-18,14.07,Travel
CUST00061,2022-11-12,84.36,Grocery
CUST00061,2024-12-15,229.47,Dining
CUST00061,2023-08-31,37.12,Electronics
CUST00061,2021-12-03,55.33,Electronics
CUST00061,2021-10-04,120.01,Clothing
CUST00061,2023-04-03,302.06,Dining
CUST00061,2025-07-11,9.3,Electronics
CUST00061,2024-11-09,19.25,Grocery
CUST00061,2023-09-18,37.53,Dining
CUST00061,2024-08-01,30.99,Clothing
CUST00061,2024-10-11,28.64,Electronics
CUST00061,2024-01-23,32.4,Travel
CUST00061,2023-12-02,8.59,Electronics
CUST00061,2024-05-06,57.27,Clothing
CUST00061,2022-08-18,141.0,Clothing
CUST00061,2024-03-26,32.36,Electronics
CUST00061,2021-11-06,121.69,Electronics
CUST00061,2023-06-27,82.39,Travel
CUST00061,2022-04-10,370.37,Grocery
CUST00061,2021-10-17,67.31,Travel
CUST00061,2023-06-24,36.62,Grocery
CUST00061,2024-10-22,76.86,Dining
CUST00061,2022-10-27,116.18,Electronics
CUST00061,2022-06-16,66.99,Clothing
CUST00061,2021-12-29,87.16,Clothing
CUST00061,2024-03-27,68.37,Clothing
CUST00061,2024-09-03,56.64,Clothing
CUST00061,2022-11-18,262.64,Dining
CUST00061,2022-11-18,165.04,Grocery
CUST00061,2023-09-13,273.68,Travel
CUST00061,2022-01-31,58.5,Grocery
CUST00061,2024-11-23,15.59,Electronics
CUST00061,2023-03-02,39.08,Travel
CUST00061,2024-11-22,105.23,Clothing
CUST00061,2022-07-15,20.94,Travel
CUST00061,2023-02-10,45.36,Dining
CUST00061,2022-07-24,77.93,Electronics
CUST00061,2024-12-25,189.66,Dining
CUST00061,2025-03-27,38.57,Travel
CUST00061,2021-10-06,40.04,Clothing
CUST00061,2021-11-18,99.83,Travel
CUST00061,2024-11-01,70.78,Dining
CUST00061,2023-08-31,160.41,Clothing
CUST00061,2022-06-05,15.06,Clothing
CUST00061,2024-12-03,118.98,Clothing
CUST00061,2023-03-27,144.6,Travel
CUST00061,2025-06-18,208.38,Electronics
CUST00061,2025-03-12,24.29,Clothing
CUST00061,2022-04-26,39.07,Clothing
CUST00061,2022-02-07,53.68,Dining
CUST00061,2023-07-08,241.28,Travel
CUST00061,2024-03-30,57.61,Clothing
CUST00061,2023-10-27,49.61,Grocery
CUST00061,2024-09-15,121.58,Clothing
CUST00061,2024-11-21,185.72,Grocery
CUST00061,2025-02-15,20.29,Grocery
CUST00061,2022-12-13,232.89,Travel
CUST00061,2022-03-05,13.19,Travel
CUST00061,2024-01-21,40.65,Grocery
CUST00061,2022-02-04,8.28,Travel
CUST00061,2024-04-18,137.95,Clothing
CUST00061,2022-04-09,29.52,Grocery
CUST00061,2024-03-21,34.26,Electronics
CUST00061,2025-06-06,14.29,Dining
CUST00061,2025-07-04,29.76,Travel
CUST00061,2023-11-16,100.23,Dining
CUST00061,2024-08-14,13.71,Grocery
CUST00061,2021-09-16,11.65,Clothing
CUST00061,2022-09-29,52.95,Electronics
CUST00061,2025-07-03,63.4,Clothing
CUST00061,2022-11-05,106.48,Electronics
CUST00061,2024-03-30,21.18,Electronics
CUST00061,2024-05-08,14.48,Dining
CUST00061,2025-06-29,25.08,Dining
CUST00061,2025-05-29,108.64,Grocery
CUST00061,2023-03-27,152.1,Electronics
CUST00061,2025-03-09,38.93,Travel
CUST00061,2025-02-19,71.95,Grocery
CUST00061,2024-02-19,66.27,Clothing
CUST00061,2022-04-11,5.26,Clothing
CUST00061,2021-11-18,109.6,Electronics
CUST00061,2025-05-26,159.11,Dining
CUST00061,2025-04-24,181.61,Electronics
CUST00061,2023-01-27,89.41,Electronics
CUST00061,2022-02-23,50.4,Travel
CUST00061,2024-06-25,8.31,Grocery
CUST00061,2024-05-29,100.9,Clothing
CUST00061,2022-10-28,127.35,Clothing
CUST00061,2024-09-06,122.06,Grocery
CUST00061,2025-06-01,302.76,Travel
CUST00061,2022-04-03,136.98,Dining
CUST00061,2025-02-08,117.01,Dining
CUST00062,2025-02-02,16.33,Grocery
CUST00062,2022-12-09,12.58,Electronics
CUST00062,2023-05-22,51.64,Dining
CUST00062,2024-08-04,234.39,Travel
CUST00062,2023-08-24,51.65,Clothing
CUST00062,2023-09-14,42.24,Electronics
CUST00062,2023-03-16,107.02,Electronics
CUST00062,2022-12-07,5.23,Travel
CUST00062,2024-06-05,31.69,Grocery
CUST00062,2023-03-06,252.25,Clothing
CUST00062,2024-12-08,31.41,Travel
CUST00062,2023-12-21,118.28,Grocery
CUST00062,2024-09-26,17.53,Clothing
CUST00062,2024-11-19,86.75,Clothing
CUST00062,2023-03-10,67.78,Electronics
CUST00062,2025-03-07,24.82,Grocery
CUST00062,2022-11-11,28.33,Clothing
CUST00062,2024-12-16,63.57,Clothing
CUST00062,2022-12-17,32.68,Dining
CUST00062,2025-04-21,181.64,Electronics
CUST00062,2024-10-12,7.98,Electronics
CUST00062,2022-12-27,191.04,Grocery
CUST00062,2025-03-15,130.12,Travel
CUST00062,2024-10-13,46.7,Dining
CUST00062,2023-01-14,372.87,Electronics
CUST00062,2023-11-15,89.32,Clothing
CUST00062,2024-06-01,6.77,Electronics
CUST00062,2022-09-15,123.47,Travel
CUST00062,2023-11-11,197.87,Electronics
CUST00062,2024-04-24,23.1,Clothing
CUST00062,2024-03-11,48.54,Grocery
CUST00062,2024-02-22,50.65,Electronics
CUST00062,2025-03-30,5.74,Travel
CUST00062,2024-05-17,37.47,Grocery
CUST00062,2023-03-09,51.29,Clothing
CUST00062,2024-09-20,76.46,Grocery
CUST00062,2023-05-08,20.32,Grocery
CUST00062,2024-02-02,68.73,Travel
CUST00062,2023-06-04,531.08,Grocery
CUST00062,2025-02-28,11.77,Clothing
CUST00062,2023-05-06,73.46,Clothing
CUST00062,2022-12-31,16.78,Travel
CUST00062,2023-01-30,359.99,Grocery
CUST00062,2022-10-15,125.68,Clothing
CUST00062,2023-05-18,16.34,Clothing
CUST00062,2023-04-22,13.08,Clothing
CUST00062,2025-01-08,8.22,Dining
CUST00062,2022-11-10,19.27,Travel
CUST00062,2024-11-07,15.08,Dining
CUST00062,2024-07-11,9.69,Travel
CUST00062,2023-08-13,27.36,Grocery
CUST00062,2024-01-15,11.12,Travel
CUST00062,2025-07-25,19.97,Grocery
CUST00062,2024-05-31,199.9,Dining
CUST00062,2024-01-29,41.34,Electronics
CUST00062,2025-03-17,53.49,Clothing
CUST00062,2023-11-10,25.08,Travel
CUST00062,2022-10-12,132.79,Clothing
CUST00062,2024-03-04,103.03,Electronics
CUST00062,2025-04-26,27.49,Electronics
CUST00062,2023-12-29,171.37,Grocery
CUST00062,2023-03-29,67.82,Electronics
CUST00062,2025-05-28,113.92,Dining
CUST00062,2023-06-10,48.81,Grocery
CUST00062,2023-01-04,234.15,Clothing
CUST00062,2024-08-16,17.78,Electronics
CUST00062,2025-01-30,328.65,Travel
CUST00062,2024-12-16,79.66,Electronics
CUST00062,2022-12-24,20.77,Dining
CUST00062,2022-12-30,80.15,Electronics
CUST00062,2025-05-19,27.99,Dining
CUST00062,2023-01-02,24.56,Electronics
CUST00062,2023-10-27,52.17,Clothing
CUST00062,2024-11-30,149.68,Dining
CUST00062,2024-05-30,65.33,Electronics
CUST00062,2025-07-17,97.34,Dining
CUST00062,2025-07-26,216.53,Clothing
CUST00062,2022-11-06,10.4,Travel
CUST00062,2025-06-04,16.81,Grocery
CUST00062,2024-02-07,44.32,Grocery
CUST00062,2023-08-28,94.98,Dining
CUST00062,2023-08-19,54.14,Clothing
CUST00062,2023-03-05,99.35,Electronics
CUST00062,2023-09-21,32.4,Clothing
CUST00062,2025-01-22,12.56,Grocery
CUST00062,2025-05-02,23.07,Travel
CUST00062,2024-08-30,82.96,Grocery
CUST00062,2023-04-28,7.61,Dining
CUST00062,2023-01-16,91.31,Grocery
CUST00062,2023-02-12,73.13,Dining
CUST00062,2025-02-05,141.24,Grocery
CUST00062,2024-05-01,35.22,Grocery
CUST00062,2024-11-22,91.64,Clothing
CUST00062,2025-02-20,75.12,Dining
CUST00062,2023-12-18,50.17,Dining
CUST00062,2023-03-05,80.94,Clothing
CUST00062,2024-10-25,90.72,Travel
CUST00062,2023-12-07,39.39,Dining
CUST00062,2025-05-31,235.74,Electronics
CUST00062,2023-07-04,119.11,Dining
CUST00062,2023-10-02,119.61,Electronics
CUST00062,2023-10-30,18.04,Grocery
CUST00062,2022-11-28,25.14,Dining
CUST00062,2024-10-12,276.7,Travel
CUST00062,2023-10-11,104.12,Clothing
CUST00062,2023-07-15,136.24,Electronics
CUST00062,2023-04-09,335.26,Electronics
CUST00062,2022-11-01,315.41,Grocery
CUST00062,2024-11-06,71.48,Travel
CUST00062,2024-07-08,102.01,Travel
CUST00062,2023-10-31,9.0,Dining
CUST00062,2023-12-03,275.47,Electronics
CUST00063,2025-01-16,20.25,Travel
CUST00063,2025-04-23,30.46,Electronics
CUST00063,2025-04-01,24.91,Clothing
CUST00063,2025-03-23,41.94,Dining
CUST00063,2025-01-16,69.86,Clothing
CUST00063,2025-08-01,108.68,Clothing
CUST00063,2024-09-01,60.73,Travel
CUST00063,2024-08-05,42.16,Dining
CUST00063,2024-08-20,29.48,Dining
CUST00063,2024-11-12,74.81,Travel
CUST00063,2024-12-15,40.59,Travel
CUST00063,2024-08-24,105.24,Clothing
CUST00063,2025-07-31,40.46,Grocery
CUST00063,2024-10-11,34.22,Clothing
CUST00063,2025-02-16,8.99,Electronics
CUST00063,2024-12-16,50.03,Grocery
CUST00063,2024-10-12,160.65,Clothing
CUST00063,2024-12-09,7.06,Travel
CUST00063,2025-04-12,126.57,Clothing
CUST00063,2024-09-03,84.99,Travel
CUST00063,2025-04-03,111.35,Travel
CUST00063,2024-11-13,82.32,Travel
CUST00063,2024-10-21,15.33,Electronics
CUST00063,2024-06-17,63.18,Clothing
CUST00063,2025-04-14,76.89,Travel
CUST00063,2025-03-30,41.81,Dining
CUST00063,2024-08-27,30.18,Grocery
CUST00063,2025-03-21,78.96,Travel
CUST00063,2025-01-02,352.98,Electronics
CUST00063,2025-03-03,12.33,Grocery
CUST00063,2025-04-21,33.48,Travel
CUST00063,2024-09-05,59.47,Travel
CUST00063,2024-12-26,191.09,Electronics
CUST00063,2024-06-18,28.01,Grocery
CUST00063,2025-03-28,40.73,Clothing
CUST00063,2024-07-12,71.56,Grocery
CUST00063,2024-07-23,88.72,Grocery
CUST00063,2025-02-15,12.72,Dining
CUST00063,2025-07-21,23.28,Dining
CUST00063,2025-07-26,26.51,Clothing
CUST00063,2025-04-26,32.23,Electronics
CUST00063,2024-12-16,59.67,Clothing
CUST00063,2024-10-23,78.82,Dining
CUST00063,2024-08-14,16.86,Travel
CUST00063,2025-06-20,101.18,Grocery
CUST00063,2025-04-26,105.23,Dining
CUST00063,2025-06-26,56.9,Clothing
CUST00063,2025-06-28,225.25,Dining
CUST00063,2025-07-06,5.1,Electronics
CUST00063,2024-08-10,214.73,Clothing
CUST00063,2024-08-10,86.61,Electronics
CUST00063,2025-06-18,51.61,Clothing
CUST00063,2025-03-28,30.36,Travel
CUST00063,2024-10-13,85.18,Dining
CUST00063,2024-09-17,108.11,Electronics
CUST00063,2024-09-05,171.6,Electronics
CUST00063,2025-02-19,21.35,Travel
CUST00063,2024-10-25,46.64,Travel
CUST00063,2025-05-17,6.84,Travel
CUST00063,2024-08-11,123.94,Grocery
CUST00063,2024-11-22,59.11,Grocery
CUST00063,2024-08-05,446.57,Clothing
CUST00063,2025-02-17,54.57,Grocery
CUST00063,2024-06-24,65.97,Travel
CUST00063,2025-02-26,218.35,Dining
CUST00063,2025-05-15,17.8,Travel
CUST00063,2025-07-13,298.48,Electronics
CUST00063,2025-01-17,161.07,Grocery
CUST00063,2025-07-25,33.23,Electronics
CUST00063,2025-02-08,59.87,Travel
CUST00063,2024-07-31,49.11,Electronics
CUST00063,2025-01-03,111.62,Electronics
CUST00063,2025-03-26,8.5,Dining
CUST00063,2025-06-24,53.47,Dining
CUST00063,2025-04-25,127.32,Clothing
CUST00063,2024-10-25,26.5,Travel
CUST00063,2024-08-26,41.56,Travel
CUST00063,2025-07-19,152.42,Clothing
CUST00063,2025-05-22,44.13,Clothing
CUST00063,2024-12-17,14.01,Clothing
CUST00063,2025-06-24,40.23,Electronics
CUST00063,2025-04-15,167.49,Electronics
CUST00063,2025-01-19,17.46,Grocery
CUST00063,2024-10-09,66.04,Clothing
CUST00063,2024-12-16,43.98,Dining
CUST00063,2025-03-04,92.99,Clothing
CUST00063,2025-07-14,80.42,Grocery
CUST00063,2024-11-10,19.73,Clothing
CUST00063,2025-06-03,43.64,Electronics
CUST00063,2025-04-01,56.71,Dining
CUST00063,2025-01-13,50.77,Grocery
CUST00063,2025-07-25,338.77,Dining
CUST00063,2025-05-04,6.9,Electronics
CUST00063,2024-10-19,75.24,Electronics
CUST00063,2024-07-04,213.46,Grocery
CUST00063,2025-05-26,162.1,Grocery
CUST00063,2024-11-07,45.96,Travel
CUST00063,2024-10-27,32.95,Electronics
CUST00063,2025-02-17,383.47,Grocery
CUST00063,2024-11-25,74.72,Dining
CUST00063,2025-05-08,24.32,Clothing
CUST00063,2024-11-02,19.61,Dining
CUST00063,2025-02-02,46.24,Travel
CUST00063,2025-07-10,38.46,Electronics
CUST00063,2024-12-24,26.27,Electronics
CUST00064,2025-05-28,24.78,Travel
CUST00064,2025-06-10,68.46,Grocery
CUST00064,2025-05-20,327.45,Grocery
CUST00064,2025-07-09,293.87,Dining
CUST00064,2025-05-17,152.04,Travel
CUST00064,2025-07-30,21.96,Clothing
CUST00064,2025-07-21,19.75,Dining
CUST00064,2025-07-04,52.07,Clothing
CUST00064,2025-06-11,207.08,Dining
CUST00064,2025-05-16,342.99,Grocery
CUST00064,2025-06-17,99.89,Electronics
CUST00064,2025-06-17,39.66,Dining
CUST00064,2025-06-19,107.6,Travel
CUST00064,2025-06-07,169.03,Grocery
CUST00064,2025-07-31,203.09,Clothing
CUST00064,2025-05-11,343.89,Dining
CUST00064,2025-04-25,109.91,Electronics
CUST00064,2025-05-14,36.69,Grocery
CUST00064,2025-07-16,18.09,Grocery
CUST00064,2025-07-13,19.68,Grocery
CUST00064,2025-06-01,22.06,Clothing
CUST00064,2025-06-05,75.92,Grocery
CUST00064,2025-05-26,37.84,Grocery
CUST00064,2025-04-29,16.74,Dining
CUST00064,2025-06-07,17.54,Travel
CUST00064,2025-07-30,96.84,Electronics
CUST00064,2025-05-17,54.16,Clothing
CUST00064,2025-05-21,259.72,Electronics
CUST00064,2025-05-12,84.22,Clothing
CUST00064,2025-05-11,173.83,Clothing
CUST00064,2025-06-28,66.43,Electronics
CUST00064,2025-06-25,37.16,Dining
CUST00064,2025-07-20,45.55,Dining
CUST00064,2025-06-11,22.62,Grocery
CUST00064,2025-05-28,146.73,Dining
CUST00064,2025-07-03,10.95,Clothing
CUST00064,2025-07-26,48.81,Clothing
CUST00064,2025-07-29,27.89,Clothing
CUST00064,2025-06-17,81.16,Travel
CUST00064,2025-05-27,31.69,Grocery
CUST00064,2025-05-01,13.04,Grocery
CUST00064,2025-04-29,158.8,Electronics
CUST00064,2025-07-26,197.21,Electronics
CUST00064,2025-07-22,66.38,Clothing
CUST00064,2025-07-13,191.95,Travel
CUST00064,2025-05-31,37.37,Electronics
CUST00064,2025-04-27,30.89,Grocery
CUST00064,2025-04-27,105.16,Grocery
CUST00064,2025-05-01,14.49,Electronics
CUST00064,2025-07-17,15.6,Travel
CUST00064,2025-07-23,92.09,Dining
CUST00064,2025-06-30,27.04,Clothing
CUST00064,2025-07-20,31.29,Travel
CUST00064,2025-07-13,40.37,Clothing
CUST00064,2025-06-18,118.17,Dining
CUST00064,2025-05-08,37.72,Travel
CUST00064,2025-06-23,21.86,Dining
CUST00064,2025-05-22,34.37,Electronics
CUST00064,2025-07-12,59.44,Dining
CUST00064,2025-04-27,54.1,Electronics
CUST00064,2025-07-03,15.23,Electronics
CUST00064,2025-07-02,85.79,Dining
CUST00064,2025-07-16,27.31,Clothing
CUST00064,2025-04-30,33.97,Travel
CUST00064,2025-06-17,59.32,Electronics
CUST00064,2025-06-29,35.58,Clothing
CUST00064,2025-05-25,134.66,Grocery
CUST00064,2025-07-30,18.7,Clothing
CUST00064,2025-04-27,18.35,Dining
CUST00064,2025-05-11,44.59,Dining
CUST00064,2025-05-14,21.16,Clothing
CUST00064,2025-07-17,12.59,Grocery
CUST00064,2025-07-28,121.32,Electronics
CUST00064,2025-05-14,169.38,Electronics
CUST00064,2025-07-31,6.94,Clothing
CUST00064,2025-05-10,67.2,Electronics
CUST00064,2025-06-02,31.12,Clothing
CUST00064,2025-05-11,30.48,Travel
CUST00064,2025-05-04,116.82,Grocery
CUST00064,2025-07-21,199.95,Electronics
CUST00064,2025-05-09,59.12,Travel
CUST00064,2025-05-07,76.59,Clothing
CUST00064,2025-07-06,28.86,Grocery
CUST00064,2025-06-01,13.8,Electronics
CUST00064,2025-06-14,38.7,Grocery
CUST00064,2025-04-23,220.52,Electronics
CUST00064,2025-07-29,47.62,Clothing
CUST00064,2025-07-28,74.11,Grocery
CUST00064,2025-05-30,79.83,Dining
CUST00064,2025-07-16,47.15,Travel
CUST00064,2025-06-02,157.2,Grocery
CUST00064,2025-06-19,81.45,Electronics
CUST00064,2025-07-31,125.96,Clothing
CUST00064,2025-06-08,180.56,Electronics
CUST00064,2025-07-18,180.8,Clothing
CUST00064,2025-07-08,6.26,Dining
CUST00064,2025-05-27,231.69,Travel
CUST00064,2025-06-24,18.25,Clothing
CUST00064,2025-06-15,285.69,Electronics
CUST00064,2025-06-23,15.52,Clothing
CUST00064,2025-06-27,42.51,Clothing
CUST00064,2025-05-23,73.56,Electronics
CUST00064,2025-05-08,124.4,Electronics
CUST00064,2025-07-22,65.4,Clothing
CUST00064,2025-07-31,80.98,Travel
CUST00065,2024-12-30,37.7,Dining
CUST00065,2025-07-31,88.65,Grocery
CUST00065,2024-09-08,102.95,Electronics
CUST00065,2023-08-28,7.03,Electronics
CUST00065,2025-05-16,87.14,Travel
CUST00065,2024-10-23,293.07,Travel
CUST00065,2025-01-20,5.33,Electronics
CUST00065,2025-06-20,9.96,Electronics
CUST00065,2024-12-17,155.13,Travel
CUST00065,2024-05-14,85.21,Electronics
CUST00065,2023-11-09,77.08,Grocery
CUST00065,2023-08-09,29.25,Travel
CUST00065,2025-07-10,311.19,Grocery
CUST00065,2024-01-23,226.92,Grocery
CUST00065,2024-07-27,245.57,Clothing
CUST00065,2025-04-03,99.21,Travel
CUST00065,2024-09-23,50.54,Electronics
CUST00065,2023-09-28,109.05,Clothing
CUST00065,2024-08-07,42.16,Dining
CUST00065,2023-11-09,79.04,Clothing
CUST00065,2024-12-11,5.99,Travel
CUST00065,2024-07-26,36.07,Grocery
CUST00065,2024-05-23,65.4,Dining
CUST00065,2025-05-24,31.53,Travel
CUST00065,2025-03-12,109.96,Electronics
CUST00065,2023-11-28,7.76,Travel
CUST00065,2025-07-18,34.78,Grocery
CUST00065,2023-09-11,59.72,Electronics
CUST00065,2024-12-08,5.1,Clothing
CUST00065,2023-06-11,95.61,Electronics
CUST00065,2023-10-22,35.38,Dining
CUST00065,2024-04-28,37.25,Electronics
CUST00065,2023-07-08,33.63,Clothing
CUST00065,2023-08-26,48.53,Grocery
CUST00065,2023-12-10,109.56,Grocery
CUST00065,2024-03-26,76.16,Travel
CUST00065,2023-09-04,24.09,Dining
CUST00065,2025-05-01,11.8,Dining
CUST00065,2024-02-08,119.33,Dining
CUST00065,2024-02-18,173.19,Grocery
CUST00065,2024-02-21,39.04,Dining
CUST00065,2023-10-15,63.28,Clothing
CUST00065,2023-07-15,53.13,Dining
CUST00065,2023-08-31,95.13,Grocery
CUST00065,2024-10-09,103.11,Grocery
CUST00065,2024-01-29,8.06,Travel
CUST00065,2023-07-01,172.33,Electronics
CUST00065,2024-02-12,84.24,Clothing
CUST00065,2024-10-13,71.57,Dining
CUST00065,2023-08-13,55.19,Grocery
CUST00065,2023-08-02,9.55,Dining
CUST00065,2025-07-28,40.92,Dining
CUST00065,2023-07-06,183.04,Travel
CUST00065,2025-05-09,251.15,Grocery
CUST00065,2024-06-15,39.19,Grocery
CUST00065,2025-04-15,124.12,Travel
CUST00065,2024-02-02,21.55,Grocery
CUST00065,2025-01-29,45.68,Electronics
CUST00065,2023-08-21,210.58,Dining
CUST00065,2025-01-19,228.42,Dining
CUST00065,2024-09-30,156.99,Clothing
CUST00065,2025-04-20,19.71,Dining
CUST00065,2024-11-22,174.63,Dining
CUST00065,2025-04-28,14.0,Grocery
CUST00065,2023-08-30,53.96,Travel
CUST00065,2025-07-18,40.15,Travel
CUST00065,2025-04-10,38.18,Electronics
CUST00065,2025-02-09,23.08,Electronics
CUST00065,2025-01-08,52.71,Travel
CUST00065,2024-07-25,46.94,Electronics
CUST00065,2024-02-04,58.54,Travel
CUST00065,2024-12-03,169.67,Electronics
CUST00065,2024-07-11,147.8,Grocery
CUST00065,2023-06-01,39.01,Electronics
CUST00065,2024-05-01,48.76,Grocery
CUST00065,2025-03-13,54.64,Dining
CUST00065,2025-02-08,29.88,Travel
CUST00065,2025-07-06,64.66,Dining
CUST00065,2023-11-22,52.42,Electronics
CUST00065,2024-12-31,71.85,Clothing
CUST00065,2024-08-14,288.83,Electronics
CUST00065,2023-11-13,64.1,Clothing
CUST00065,2024-08-12,25.45,Grocery
CUST00065,2024-05-28,15.62,Grocery
CUST00065,2023-12-21,16.31,Electronics
CUST00065,2024-12-15,6.54,Clothing
CUST00065,2024-10-17,63.14,Grocery
CUST00065,2024-07-22,317.39,Dining
CUST00065,2025-03-10,106.17,Travel
CUST00065,2023-11-08,70.95,Electronics
CUST00065,2023-05-12,82.69,Clothing
CUST00065,2024-10-14,74.51,Clothing
CUST00065,2023-05-24,236.87,Electronics
CUST00065,2025-03-08,51.17,Clothing
CUST00065,2023-09-11,42.47,Dining
CUST00065,2024-01-05,39.35,Travel
CUST00065,2023-08-07,97.92,Electronics
CUST00065,2023-06-29,53.47,Grocery
CUST00065,2025-06-21,116.03,Travel
CUST00065,2024-02-07,728.25,Travel
CUST00065,2023-10-21,33.58,Dining
CUST00065,2023-10-15,57.42,Dining
CUST00065,2024-12-29,22.94,Dining
CUST00065,2025-01-24,100.84,Dining
CUST00065,2023-05-20,28.14,Grocery
CUST00065,2024-09-09,15.73,Dining
CUST00065,2024-12-13,52.15,Travel
CUST00065,2023-10-01,68.03,Clothing
CUST00065,2023-06-17,19.39,Grocery
CUST00065,2023-10-17,35.78,Grocery
CUST00065,2025-05-21,205.28,Electronics
CUST00065,2023-09-24,97.13,Grocery
CUST00065,2024-08-28,113.33,Clothing
CUST00066,2024-06-23,50.44,Dining
CUST00066,2024-01-16,50.86,Travel
CUST00066,2024-07-17,111.7,Grocery
CUST00066,2024-04-17,8.07,Dining
CUST00066,2024-05-17,98.48,Travel
CUST00066,2025-06-04,14.73,Grocery
CUST00066,2025-06-24,174.83,Grocery
CUST00066,2024-06-03,58.59,Electronics
CUST00066,2024-03-23,10.41,Electronics
CUST00066,2024-07-21,39.33,Grocery
CUST00066,2025-01-30,66.67,Grocery
CUST00066,2025-01-04,113.39,Travel
CUST00066,2025-01-18,117.7,Dining
CUST00066,2024-06-04,35.58,Electronics
CUST00066,2024-04-02,8.39,Dining
CUST00066,2024-10-19,84.57,Grocery
CUST00066,2024-11-15,27.69,Dining
CUST00066,2025-04-21,23.87,Electronics
CUST00066,2023-11-14,104.46,Travel
CUST00066,2024-05-30,39.05,Grocery
CUST00066,2024-09-06,285.42,Electronics
CUST00066,2025-05-22,156.65,Grocery
CUST00066,2024-07-26,248.35,Grocery
CUST00066,2023-11-13,8.08,Electronics
CUST00066,2024-11-24,40.38,Electronics
CUST00066,2024-05-14,257.26,Dining
CUST00066,2024-01-10,179.14,Grocery
CUST00066,2024-12-06,155.38,Travel
CUST00066,2024-10-10,75.23,Dining
CUST00066,2024-01-15,30.81,Grocery
CUST00066,2023-11-01,41.21,Clothing
CUST00066,2023-12-04,46.31,Grocery
CUST00066,2025-03-25,76.2,Electronics
CUST00066,2024-05-22,63.2,Travel
CUST00066,2024-07-29,24.08,Clothing
CUST00066,2025-02-17,44.99,Clothing
CUST00066,2025-07-18,163.76,Electronics
CUST00066,2023-11-30,51.32,Grocery
CUST00066,2025-01-17,106.51,Travel
CUST00066,2024-01-23,109.22,Travel
CUST00066,2024-06-17,17.42,Clothing
CUST00066,2025-01-07,48.78,Travel
CUST00066,2024-09-20,61.65,Dining
CUST00066,2024-04-25,52.47,Electronics
CUST00066,2024-09-05,290.42,Travel
CUST00066,2025-01-25,30.83,Grocery
CUST00066,2025-01-25,80.59,Travel
CUST00066,2023-11-16,62.28,Grocery
CUST00066,2025-01-21,71.06,Dining
CUST00066,2024-09-15,14.79,Travel
CUST00066,2024-06-11,79.4,Dining
CUST00066,2024-01-28,142.22,Clothing
CUST00066,2025-07-20,123.04,Electronics
CUST00066,2024-06-17,135.73,Clothing
CUST00066,2023-10-31,8.42,Dining
CUST00066,2025-07-17,143.27,Clothing
CUST00066,2023-11-04,39.88,Electronics
CUST00066,2023-11-07,52.85,Clothing
CUST00066,2024-01-23,140.69,Travel
CUST00066,2024-11-10,83.24,Grocery
CUST00066,2024-01-14,199.29,Travel
CUST00066,2024-04-09,48.68,Electronics
CUST00066,2024-08-27,5.44,Electronics
CUST00066,2025-01-26,5.44,Grocery
CUST00066,2024-11-26,135.18,Clothing
CUST00066,2025-07-28,53.01,Grocery
CUST00066,2024-11-19,167.14,Travel
CUST00066,2024-05-13,33.47,Clothing
CUST00066,2025-07-15,16.48,Clothing
CUST00066,2023-10-26,158.07,Dining
CUST00066,2024-04-24,104.58,Electronics
CUST00066,2025-03-25,12.3,Dining
CUST00066,2023-12-31,80.02,Dining
CUST00066,2024-03-05,181.35,Travel
CUST00066,2025-06-24,33.11,Dining
CUST00066,2025-03-16,27.29,Dining
CUST00066,2024-09-28,19.96,Travel
CUST00066,2024-01-11,154.31,Travel
CUST00066,2024-08-01,70.78,Travel
CUST00066,2024-09-19,278.95,Dining
CUST00066,2023-12-30,101.91,Grocery
CUST00066,2024-04-17,37.98,Travel
CUST00066,2024-04-24,48.67,Dining
CUST00066,2024-02-24,80.77,Grocery
CUST00066,2025-04-27,81.23,Travel
CUST00066,2023-11-29,79.61,Electronics
CUST00066,2025-02-09,48.93,Electronics
CUST00066,2025-06-21,63.19,Travel
CUST00066,2025-06-27,135.53,Dining
CUST00066,2024-04-10,91.96,Travel
CUST00066,2024-01-09,15.4,Travel
CUST00066,2025-01-01,21.41,Clothing
CUST00066,2025-01-17,35.71,Grocery
CUST00066,2024-10-22,205.28,Travel
CUST00066,2024-08-10,82.58,Dining
CUST00066,2024-07-30,6.96,Dining
CUST00066,2024-08-07,56.83,Grocery
CUST00066,2024-09-05,27.12,Dining
CUST00066,2025-06-04,45.35,Dining
CUST00066,2024-06-10,55.44,Clothing
CUST00066,2025-04-02,40.43,Travel
CUST00066,2024-01-12,17.73,Grocery
CUST00066,2024-11-05,204.42,Travel
CUST00066,2023-12-26,123.93,Electronics
CUST00066,2025-03-02,54.68,Travel
CUST00066,2024-04-27,285.21,Electronics
CUST00066,2024-07-07,96.7,Travel
CUST00066,2024-02-27,166.49,Clothing
CUST00066,2024-06-03,102.19,Electronics
CUST00066,2024-12-18,6.51,Electronics
CUST00066,2025-01-29,50.92,Grocery
CUST00067,2025-06-06,18.05,Electronics
CUST00067,2024-03-22,63.99,Electronics
CUST00067,2023-11-10,39.42,Grocery
CUST00067,2023-09-28,25.85,Travel
CUST00067,2024-07-10,105.19,Electronics
CUST00067,2025-05-19,5.03,Electronics
CUST00067,2025-01-06,23.29,Grocery
CUST00067,2025-01-13,20.99,Dining
CUST00067,2025-07-06,228.73,Clothing
CUST00067,2025-06-21,15.51,Electronics
CUST00067,2023-12-17,64.07,Electronics
CUST00067,2025-05-06,30.17,Clothing
CUST00067,2023-10-01,24.86,Grocery
CUST00067,2025-06-29,201.46,Dining
CUST00067,2023-12-27,15.78,Electronics
CUST00067,2024-09-22,54.81,Dining
CUST00067,2024-04-11,172.25,Travel
CUST00067,2024-03-06,252.31,Electronics
CUST00067,2024-09-03,16.4,Clothing
CUST00067,2025-05-10,52.87,Grocery
CUST00067,2025-01-05,275.69,Grocery
CUST00067,2023-09-28,47.86,Grocery
CUST00067,2024-01-25,34.37,Travel
CUST00067,2025-04-19,67.84,Grocery
CUST00067,2024-04-14,43.54,Clothing
CUST00067,2024-04-10,30.92,Travel
CUST00067,2024-03-02,26.02,Travel
CUST00067,2024-07-29,17.05,Electronics
CUST00067,2024-05-08,366.63,Travel
CUST00067,2024-12-30,18.29,Travel
CUST00067,2024-05-17,75.59,Dining
CUST00067,2024-03-08,163.78,Clothing
CUST00067,2025-07-03,216.28,Electronics
CUST00067,2024-06-05,270.47,Grocery
CUST00067,2023-11-12,75.53,Travel
CUST00067,2024-08-24,5.14,Grocery
CUST00067,2023-11-05,35.12,Grocery
CUST00067,2024-01-06,35.02,Travel
CUST00067,2024-12-05,117.29,Grocery
CUST00067,2024-09-14,12.81,Clothing
CUST00067,2025-07-11,205.64,Clothing
CUST00067,2025-05-16,103.5,Travel
CUST00067,2023-11-16,19.9,Electronics
CUST00067,2023-11-03,230.09,Dining
CUST00067,2024-10-31,112.52,Dining
CUST00067,2024-05-17,19.72,Travel
CUST00067,2024-07-18,205.62,Electronics
CUST00067,2024-12-13,138.21,Grocery
CUST00067,2024-07-17,233.86,Dining
CUST00067,2024-04-24,54.84,Dining
CUST00067,2025-02-09,98.37,Dining
CUST00067,2025-04-17,63.59,Grocery
CUST00067,2024-02-23,194.48,Clothing
CUST00067,2024-03-25,294.9,Clothing
CUST00067,2025-01-14,36.6,Dining
CUST00067,2024-04-24,211.01,Electronics
CUST00067,2025-01-01,161.46,Grocery
CUST00067,2024-12-17,94.58,Electronics
CUST00067,2024-12-07,199.39,Travel
CUST00067,2024-03-31,140.42,Grocery
CUST00067,2024-01-11,23.34,Travel
CUST00067,2025-07-20,13.92,Grocery
CUST00067,2023-12-07,14.59,Electronics
CUST00067,2024-11-24,43.72,Grocery
CUST00067,2024-10-20,24.12,Electronics
CUST00067,2024-05-04,67.56,Clothing
CUST00067,2025-05-24,32.36,Electronics
CUST00067,2023-12-10,45.89,Dining
CUST00067,2025-02-25,88.42,Electronics
CUST00067,2024-06-28,146.66,Electronics
CUST00067,2023-12-07,178.85,Travel
CUST00067,2024-10-10,118.07,Grocery
CUST00067,2025-04-05,46.2,Grocery
CUST00067,2025-03-03,135.45,Travel
CUST00067,2023-10-23,134.69,Dining
CUST00067,2024-01-12,8.25,Electronics
CUST00067,2023-11-02,10.03,Clothing
CUST00067,2024-02-28,76.36,Electronics
CUST00067,2025-07-22,77.06,Dining
CUST00067,2023-12-12,197.31,Clothing
CUST00067,2024-02-22,6.03,Clothing
CUST00067,2023-12-25,22.73,Travel
CUST00067,2024-11-18,22.89,Dining
CUST00067,2024-10-31,63.01,Electronics
CUST00067,2024-09-04,23.7,Electronics
CUST00067,2023-11-07,34.96,Dining
CUST00067,2025-06-18,131.92,Electronics
CUST00067,2023-12-17,141.86,Travel
CUST00067,2025-05-23,88.28,Electronics
CUST00067,2024-10-14,407.36,Travel
CUST00067,2023-12-09,165.04,Dining
CUST00067,2025-07-21,50.56,Travel
CUST00067,2024-02-21,55.99,Travel
CUST00067,2024-12-27,16.0,Grocery
CUST00067,2023-11-14,140.97,Electronics
CUST00067,2025-07-06,29.27,Dining
CUST00067,2025-07-10,190.46,Electronics
CUST00067,2024-08-21,8.25,Electronics
CUST00068,2024-05-09,12.71,Clothing
CUST00068,2021-07-04,16.26,Travel
CUST00068,2024-02-06,33.45,Dining
CUST00068,2024-11-09,124.12,Electronics
CUST00068,2024-02-17,54.7,Dining
CUST00068,2021-06-04,76.78,Dining
CUST00068,2021-01-31,102.14,Travel
CUST00068,2025-04-16,21.86,Clothing
CUST00068,2021-09-17,18.88,Dining
CUST00068,2025-07-18,49.03,Clothing
CUST00068,2025-07-19,41.79,Travel
CUST00068,2022-12-13,63.42,Electronics
CUST00068,2021-10-20,188.87,Clothing
CUST00068,2023-08-23,23.54,Clothing
CUST00068,2022-03-29,29.95,Electronics
CUST00068,2020-11-02,40.07,Electronics
CUST00068,2022-01-09,53.48,Grocery
CUST00068,2025-02-24,320.68,Travel
CUST00068,2020-10-19,337.39,Dining
CUST00068,2022-12-05,63.9,Grocery
CUST00068,2022-03-28,44.34,Grocery
CUST00068,2022-11-21,22.25,Dining
CUST00068,2025-02-07,107.94,Dining
CUST00068,2022-07-11,44.81,Grocery
CUST00068,2021-07-10,22.43,Grocery
CUST00068,2023-03-03,379.26,Electronics
CUST00068,2021-11-08,55.1,Electronics
CUST00068,2024-04-26,5.24,Grocery
CUST00068,2023-01-05,49.5,Dining
CUST00068,2023-03-11,457.37,Grocery
CUST00068,2022-03-31,18.13,Dining
CUST00068,2023-09-06,9.24,Clothing
CUST00068,2022-09-08,17.63,Electronics
CUST00068,2024-12-25,118.42,Clothing
CUST00068,2021-02-06,10.06,Electronics
CUST00068,2023-06-19,103.85,Grocery
CUST00068,2022-09-28,183.17,Grocery
CUST00068,2021-06-20,123.51,Clothing
CUST00068,2023-02-10,18.6,Travel
CUST00068,2021-02-19,47.08,Dining
CUST00068,2023-09-14,6.94,Dining
CUST00068,2022-03-12,127.35,Electronics
CUST00068,2023-11-22,26.56,Travel
CUST00068,2023-02-25,33.36,Clothing
CUST00068,2023-07-17,90.57,Grocery
CUST00068,2024-07-31,7.31,Electronics
CUST00068,2024-07-06,91.64,Dining
CUST00068,2024-09-19,53.14,Grocery
CUST00068,2025-02-01,100.21,Grocery
CUST00068,2025-05-19,319.89,Grocery
CUST00068,2022-09-23,79.69,Grocery
CUST00068,2025-01-14,64.65,Dining
CUST00068,2022-05-31,239.17,Travel
CUST00068,2020-11-26,23.63,Travel
CUST00068,2024-08-16,7.25,Grocery
CUST00068,2025-03-07,126.9,Clothing
CUST00068,2023-08-28,149.4,Electronics
CUST00068,2022-12-16,9.43,Grocery
CUST00068,2025-04-29,22.3,Grocery
CUST00068,2023-09-04,113.6,Travel
CUST00068,2021-07-15,487.62,Travel
CUST00068,2023-09-27,94.99,Clothing
CUST00068,2021-03-17,177.95,Clothing
CUST00068,2020-12-28,224.96,Dining
CUST00068,2021-02-09,5.46,Travel
CUST00068,2024-04-08,81.19,Dining
CUST00068,2025-01-17,50.8,Dining
CUST00068,2021-07-05,20.44,Travel
CUST00068,2020-10-11,44.95,Clothing
CUST00068,2025-06-27,471.28,Grocery
CUST00068,2023-04-20,222.48,Clothing
CUST00068,2023-06-29,103.89,Grocery
CUST00068,2025-07-14,122.14,Clothing
CUST00068,2024-07-13,40.15,Travel
CUST00068,2021-01-06,6.35,Travel
CUST00068,2022-08-27,36.21,Travel
CUST00068,2024-05-10,92.22,Electronics
CUST00068,2023-02-14,12.84,Electronics
CUST00068,2022-09-22,66.21,Electronics
CUST00068,2022-12-25,54.05,Clothing
CUST00068,2022-01-30,6.66,Grocery
CUST00068,2021-08-17,277.06,Travel
CUST00069,2024-12-10,71.03,Travel
CUST00069,2023-07-12,11.89,Travel
CUST00069,2023-04-28,35.81,Clothing
CUST00069,2023-08-26,70.51,Electronics
CUST00069,2023-03-25,18.26,Grocery
CUST00069,2022-10-08,35.4,Electronics
CUST00069,2025-05-05,9.7,Electronics
CUST00069,2024-07-08,40.33,Electronics
CUST00069,2024-01-05,236.63,Dining
CUST00069,2024-11-21,14.16,Travel
CUST00069,2023-06-29,36.71,Grocery
CUST00069,2025-07-25,38.53,Dining
CUST00069,2025-02-19,76.54,Dining
CUST00069,2024-04-05,84.24,Electronics
CUST00069,2023-09-13,158.85,Dining
CUST00069,2022-10-11,132.15,Clothing
CUST00069,2024-12-14,120.32,Dining
CUST00069,2022-08-21,61.17,Grocery
CUST00069,2023-04-06,64.06,Electronics
CUST00069,2023-11-07,18.27,Travel
CUST00069,2024-12-26,70.41,Clothing
CUST00069,2022-08-07,237.89,Dining
CUST00069,2022-03-29,72.91,Dining
CUST00069,2023-01-02,66.5,Electronics
CUST00069,2022-05-08,143.22,Clothing
CUST00069,2023-05-29,159.59,Travel
CUST00069,2023-06-24,63.55,Clothing
CUST00069,2025-02-01,154.41,Clothing
CUST00069,2025-04-11,5.73,Dining
CUST00069,2023-01-07,15.51,Dining
CUST00069,2024-06-29,130.37,Grocery
CUST00069,2022-10-13,38.65,Clothing
CUST00069,2022-09-12,12.0,Electronics
CUST00069,2025-07-15,30.25,Travel
CUST00069,2024-02-12,97.53,Clothing
CUST00069,2024-04-18,6.69,Clothing
CUST00069,2023-07-20,19.99,Dining
CUST00069,2022-09-22,38.99,Grocery
CUST00069,2024-10-27,19.11,Grocery
CUST00069,2024-06-08,160.55,Grocery
CUST00069,2025-03-24,55.73,Dining
CUST00069,2023-05-29,52.06,Clothing
CUST00069,2022-04-28,83.45,Dining
CUST00069,2025-07-04,224.08,Travel
CUST00069,2022-06-30,90.25,Dining
CUST00069,2022-07-23,29.56,Electronics
CUST00069,2024-04-02,20.0,Travel
CUST00069,2024-08-16,173.82,Travel
CUST00069,2022-04-04,34.08,Electronics
CUST00069,2024-06-08,188.95,Clothing
CUST00069,2024-10-23,11.85,Electronics
CUST00069,2023-05-18,6.37,Electronics
CUST00069,2023-11-18,94.43,Grocery
CUST00069,2022-05-29,121.55,Grocery
CUST00069,2023-05-06,133.07,Dining
CUST00069,2023-01-23,153.35,Electronics
CUST00069,2022-05-24,6.66,Electronics
CUST00069,2022-05-08,39.58,Dining
CUST00069,2024-12-17,178.49,Travel
CUST00069,2022-09-18,198.36,Clothing
CUST00069,2024-03-23,229.99,Electronics
CUST00069,2023-11-11,22.06,Grocery
CUST00069,2023-09-15,50.17,Dining
CUST00069,2022-09-18,105.51,Grocery
CUST00069,2025-01-09,22.7,Electronics
CUST00069,2025-01-08,86.24,Electronics
CUST00069,2023-06-19,10.81,Travel
CUST00069,2024-10-09,146.94,Dining
CUST00069,2023-09-19,8.56,Clothing
CUST00069,2022-07-17,19.44,Grocery
CUST00069,2024-04-04,20.91,Clothing
CUST00069,2023-12-13,26.05,Travel
CUST00069,2023-08-15,71.04,Grocery
CUST00069,2023-09-10,218.66,Grocery
CUST00069,2022-07-16,61.57,Clothing
CUST00069,2024-03-23,7.54,Electronics
CUST00069,2025-05-30,80.78,Dining
CUST00069,2022-08-22,123.71,Travel
CUST00069,2025-05-16,28.0,Electronics
CUST00069,2023-06-27,9.53,Clothing
CUST00069,2023-12-13,30.21,Clothing
CUST00069,2022-04-06,91.17,Travel
CUST00069,2024-08-24,219.44,Clothing
CUST00069,2022-11-14,5.76,Travel
CUST00069,2023-06-10,76.08,Electronics
CUST00069,2022-04-03,85.2,Electronics
CUST00069,2023-09-09,89.18,Electronics
CUST00069,2023-04-03,164.33,Clothing
CUST00070,2025-05-07,23.2,Electronics
CUST00070,2024-04-26,66.86,Clothing
CUST00070,2025-06-14,29.35,Grocery
CUST00070,2022-03-06,124.72,Electronics
CUST00070,2025-05-09,44.96,Travel
CUST00070,2025-01-19,82.44,Dining
CUST00070,2021-09-18,53.23,Dining
CUST00070,2022-10-20,71.75,Grocery
CUST00070,2023-10-31,273.59,Electronics
CUST00070,2021-09-11,146.46,Clothing
CUST00070,2025-05-10,318.74,Electronics
CUST00070,2022-09-24,56.26,Electronics
CUST00070,2021-04-20,114.77,Electronics
CUST00070,2021-01-30,83.52,Clothing
CUST00070,2022-02-15,9.31,Electronics
CUST00070,2022-09-12,21.34,Dining
CUST00070,2025-06-25,129.75,Clothing
CUST00070,2024-02-27,14.08,Electronics
CUST00070,2024-04-25,83.78,Clothing
CUST00070,2023-05-04,17.46,Clothing
CUST00070,2021-04-15,31.76,Electronics
CUST00070,2023-01-24,5.29,Grocery
CUST00070,2022-06-07,78.77,Electronics
CUST00070,2021-06-30,83.26,Clothing
CUST00070,2022-08-09,35.91,Electronics
CUST00070,2022-11-15,91.71,Grocery
CUST00070,2022-12-06,51.7,Electronics
CUST00070,2023-10-19,40.97,Electronics
CUST00070,2023-06-17,164.52,Travel
CUST00070,2022-08-01,13.42,Grocery
CUST00070,2024-11-08,54.62,Grocery
CUST00070,2021-07-14,9.0,Dining
CUST00070,2023-12-29,31.84,Dining
CUST00070,2022-09-10,179.56,Travel
CUST00070,2025-06-27,155.15,Electronics
CUST00070,2022-08-26,79.43,Travel
CUST00070,2023-04-30,43.66,Clothing
CUST00070,2022-05-24,128.69,Clothing
CUST00070,2025-06-18,110.36,Dining
CUST00070,2024-12-28,41.15,Travel
CUST00070,2024-04-25,402.03,Travel
CUST00070,2021-03-26,150.51,Grocery
CUST00070,2025-05-19,62.43,Grocery
CUST00070,2025-06-09,7.24,Clothing
CUST00070,2022-04-02,57.47,Electronics
CUST00070,2024-11-08,142.76,Dining
CUST00070,2021-03-01,130.97,Dining
CUST00070,2024-06-01,69.46,Electronics
CUST00070,2023-01-20,106.57,Grocery
CUST00070,2020-12-21,16.35,Travel
CUST00070,2023-06-01,39.87,Travel
CUST00070,2023-01-11,57.06,Travel
CUST00070,2024-11-03,101.61,Electronics
CUST00070,2025-05-06,52.84,Electronics
CUST00070,2023-03-27,14.97,Dining
CUST00070,2023-10-28,13.02,Grocery
CUST00070,2023-12-14,64.87,Clothing
CUST00070,2023-08-19,123.83,Clothing
CUST00070,2024-03-19,33.19,Travel
CUST00070,2023-06-05,103.74,Dining
CUST00070,2025-03-14,18.55,Grocery
CUST00070,2024-11-01,169.33,Grocery
CUST00070,2024-01-04,118.78,Electronics
CUST00070,2022-05-28,234.22,Electronics
CUST00070,2024-06-15,53.09,Grocery
CUST00070,2025-06-10,16.87,Electronics
CUST00070,2021-10-10,75.55,Clothing
CUST00070,2024-07-10,239.42,Clothing
CUST00070,2024-09-19,91.43,Grocery
CUST00070,2021-01-25,51.48,Grocery
CUST00070,2021-05-03,5.14,Clothing
CUST00070,2023-12-26,141.58,Grocery
CUST00070,2021-11-29,13.5,Clothing
CUST00070,2022-08-16,6.73,Grocery
CUST00070,2024-02-19,17.23,Dining
CUST00070,2025-01-19,41.64,Dining
CUST00070,2020-12-27,33.78,Electronics
CUST00070,2023-11-12,54.79,Dining
CUST00070,2025-06-22,29.35,Dining
CUST00070,2024-07-27,206.53,Clothing
CUST00070,2022-02-15,243.58,Travel
CUST00070,2022-02-28,190.8,Dining
CUST00070,2021-01-28,46.87,Electronics
CUST00070,2023-02-22,103.4,Grocery
CUST00070,2023-03-10,15.15,Dining
CUST00070,2025-06-25,178.76,Dining
CUST00070,2025-01-06,48.41,Electronics
CUST00070,2022-05-26,29.11,Clothing
CUST00070,2022-03-02,98.24,Dining
CUST00070,2021-05-24,32.46,Travel
CUST00070,2022-09-05,38.24,Dining
CUST00070,2025-01-17,128.78,Clothing
CUST00070,2024-10-14,122.89,Travel
CUST00070,2020-12-14,30.84,Clothing
CUST00071,2022-08-19,41.23,Electronics
CUST00071,2023-08-23,17.81,Clothing
CUST00071,2023-01-05,9.31,Dining
CUST00071,2025-01-10,124.14,Clothing
CUST00071,2024-05-23,136.56,Dining
CUST00071,2025-01-11,138.68,Clothing
CUST00071,2025-07-08,102.07,Clothing
CUST00071,2024-05-29,84.02,Dining
CUST00071,2022-01-24,9.05,Electronics
CUST00071,2025-02-01,15.11,Travel
CUST00071,2023-10-02,9.49,Grocery
CUST00071,2022-07-17,64.98,Clothing
CUST00071,2024-08-18,210.67,Grocery
CUST00071,2021-05-06,18.89,Grocery
CUST00071,2025-05-06,328.58,Travel
CUST00071,2023-12-09,31.8,Dining
CUST00071,2021-07-27,245.87,Clothing
CUST00071,2022-10-15,49.13,Electronics
CUST00071,2025-04-20,132.28,Travel
CUST00071,2024-01-12,69.81,Dining
CUST00071,2022-03-05,21.93,Dining
CUST00071,2023-08-17,22.09,Clothing
CUST00071,2024-04-22,368.12,Clothing
CUST00071,2022-07-16,35.66,Grocery
CUST00071,2021-06-09,135.03,Clothing
CUST00071,2023-08-24,42.44,Dining
CUST00071,2022-11-19,58.96,Travel
CUST00071,2022-05-08,16.39,Travel
CUST00071,2023-02-20,35.46,Travel
CUST00071,2024-08-11,238.32,Clothing
CUST00071,2022-01-20,105.48,Travel
CUST00071,2023-02-22,85.96,Dining
CUST00071,2022-01-03,33.64,Clothing
CUST00071,2021-08-13,14.82,Electronics
CUST00071,2025-05-26,322.55,Dining
CUST00071,2022-03-08,46.41,Electronics
CUST00071,2021-07-18,68.41,Electronics
CUST00071,2024-04-30,37.9,Grocery
CUST00071,2025-07-10,35.7,Electronics
CUST00071,2022-08-06,19.73,Clothing
CUST00071,2022-06-26,85.29,Grocery
CUST00071,2024-04-02,309.98,Travel
CUST00071,2021-03-20,200.0,Grocery
CUST00071,2023-07-29,151.07,Travel
CUST00071,2022-10-21,11.3,Grocery
CUST00071,2023-02-13,248.2,Electronics
CUST00071,2024-02-12,24.0,Grocery
CUST00071,2022-01-29,171.35,Electronics
CUST00071,2024-04-24,336.02,Dining
CUST00071,2024-01-27,127.22,Grocery
CUST00071,2024-03-25,99.68,Clothing
CUST00071,2024-02-01,55.51,Clothing
CUST00071,2022-01-04,77.73,Electronics
CUST00071,2023-12-13,93.88,Grocery
CUST00071,2021-02-18,445.31,Dining
CUST00071,2024-09-01,103.25,Electronics
CUST00071,2022-03-03,66.14,Clothing
CUST00071,2024-12-21,101.63,Grocery
CUST00071,2025-03-29,29.53,Clothing
CUST00071,2021-07-01,20.71,Dining
CUST00071,2024-11-21,668.31,Clothing
CUST00071,2024-12-22,46.32,Travel
CUST00071,2022-09-20,26.88,Dining
CUST00071,2023-06-21,86.07,Travel
CUST00071,2023-01-15,213.23,Electronics
CUST00071,2021-03-05,11.49,Grocery
CUST00071,2021-06-02,111.96,Clothing
CUST00071,2025-02-28,92.17,Dining
CUST00071,2021-07-06,156.58,Dining
CUST00071,2023-12-04,46.46,Travel
CUST00071,2021-11-17,120.87,Clothing
CUST00071,2021-11-06,135.8,Electronics
CUST00071,2021-06-22,125.67,Travel
CUST00071,2024-12-23,11.0,Clothing
CUST00071,2024-03-06,51.43,Grocery
CUST00071,2021-09-09,13.67,Electronics
CUST00071,2024-04-03,314.88,Grocery
CUST00071,2021-12-24,76.01,Clothing
CUST00071,2023-12-07,104.65,Clothing
CUST00071,2021-02-22,59.26,Dining
CUST00071,2023-11-07,37.37,Grocery
CUST00071,2023-04-22,37.1,Travel
CUST00071,2023-11-13,237.71,Electronics
CUST00071,2022-04-18,64.96,Travel
CUST00071,2022-09-21,60.62,Dining
CUST00071,2021-09-02,73.07,Dining
CUST00071,2022-10-26,7.93,Grocery
CUST00071,2025-06-03,74.98,Grocery
CUST00071,2024-12-05,65.85,Dining
CUST00071,2025-01-15,27.93,Electronics
CUST00071,2024-06-28,60.68,Electronics
CUST00071,2025-02-08,56.5,Electronics
CUST00071,2025-04-09,40.78,Clothing
CUST00071,2022-04-16,176.26,Grocery
CUST00071,2024-01-06,16.6,Travel
CUST00071,2021-10-10,42.79,Clothing
CUST00071,2024-04-04,83.55,Clothing
CUST00071,2023-04-25,195.85,Clothing
CUST00071,2023-12-19,38.26,Travel
CUST00071,2024-02-04,121.36,Clothing
CUST00071,2024-04-19,66.82,Grocery
CUST00071,2023-08-15,254.68,Grocery
CUST00071,2024-10-29,78.62,Grocery
CUST00071,2024-10-15,92.31,Grocery
CUST00071,2024-02-04,34.31,Electronics
CUST00071,2021-06-20,78.02,Dining
CUST00071,2022-03-19,31.65,Grocery
CUST00071,2024-04-03,85.65,Travel
CUST00071,2021-10-10,11.8,Clothing
CUST00071,2025-05-05,7.98,Travel
CUST00071,2022-11-07,135.54,Grocery
CUST00071,2023-06-11,38.2,Travel
CUST00071,2022-05-30,82.95,Clothing
CUST00071,2024-11-11,84.17,Travel
CUST00071,2024-09-28,96.84,Dining
CUST00071,2024-07-13,23.78,Travel
CUST00071,2024-07-13,32.26,Electronics
CUST00071,2025-05-21,171.65,Electronics
CUST00071,2021-12-24,143.97,Dining
CUST00071,2021-11-23,51.12,Dining
CUST00071,2024-06-18,63.59,Clothing
CUST00071,2023-02-07,147.16,Electronics
CUST00071,2024-08-31,146.29,Travel
CUST00071,2023-06-13,84.82,Dining
CUST00071,2025-01-19,243.94,Grocery
CUST00072,2024-05-12,58.47,Travel
CUST00072,2025-03-02,30.59,Electronics
CUST00072,2023-02-12,104.83,Electronics
CUST00072,2023-09-19,173.92,Grocery
CUST00072,2025-05-09,112.27,Electronics
CUST00072,2023-10-01,65.3,Clothing
CUST00072,2022-08-31,13.04,Clothing
CUST00072,2023-09-03,81.64,Dining
CUST00072,2023-06-18,26.46,Electronics
CUST00072,2023-12-23,16.9,Travel
CUST00072,2025-02-09,106.79,Clothing
CUST00072,2025-07-04,113.45,Travel
CUST00072,2024-09-21,317.45,Electronics
CUST00072,2022-08-18,35.3,Clothing
CUST00072,2023-07-15,16.18,Electronics
CUST00072,2023-10-30,125.93,Dining
CUST00072,2024-08-31,55.22,Grocery
CUST00072,2024-07-23,78.08,Grocery
CUST00072,2023-10-15,131.84,Grocery
CUST00072,2024-04-23,97.75,Electronics
CUST00072,2025-02-15,43.31,Clothing
CUST00072,2023-04-07,293.14,Clothing
CUST00072,2024-08-17,20.23,Dining
CUST00072,2025-06-03,214.95,Grocery
CUST00072,2023-02-03,248.17,Dining
CUST00072,2023-12-15,60.82,Dining
CUST00072,2024-03-11,81.96,Dining
CUST00072,2023-02-20,63.82,Grocery
CUST00072,2024-02-10,95.94,Travel
CUST00072,2023-03-20,14.43,Electronics
CUST00072,2022-10-15,34.12,Electronics
CUST00072,2023-08-26,108.63,Travel
CUST00072,2023-01-05,116.48,Clothing
CUST00072,2024-01-13,15.57,Dining
CUST00072,2023-03-27,90.81,Dining
CUST00072,2025-04-23,72.4,Grocery
CUST00072,2023-10-09,190.5,Clothing
CUST00072,2023-10-01,22.44,Clothing
CUST00072,2022-08-12,19.9,Electronics
CUST00072,2023-10-27,55.36,Clothing
CUST00072,2025-03-18,212.78,Electronics
CUST00072,2023-10-01,191.02,Grocery
CUST00072,2024-12-06,33.14,Electronics
CUST00072,2025-07-27,48.48,Travel
CUST00072,2025-06-02,79.76,Travel
CUST00072,2022-12-07,10.34,Travel
CUST00072,2023-09-29,26.05,Clothing
CUST00072,2024-04-08,53.48,Grocery
CUST00072,2022-10-03,65.68,Clothing
CUST00072,2022-10-19,19.79,Electronics
CUST00072,2025-07-31,59.61,Travel
CUST00072,2024-09-07,48.12,Grocery
CUST00072,2025-05-03,15.54,Dining
CUST00072,2023-12-06,91.76,Dining
CUST00072,2024-02-09,46.51,Electronics
CUST00072,2024-05-17,85.86,Dining
CUST00072,2022-09-23,28.56,Clothing
CUST00072,2024-03-17,94.07,Grocery
CUST00072,2025-03-27,41.35,Grocery
CUST00072,2024-06-08,70.36,Dining
CUST00072,2024-01-31,36.07,Dining
CUST00072,2022-11-02,38.1,Electronics
CUST00072,2022-10-14,123.07,Electronics
CUST00072,2023-12-25,39.93,Grocery
CUST00072,2023-05-14,323.92,Dining
CUST00072,2025-02-09,129.72,Electronics
CUST00072,2023-01-13,51.68,Travel
CUST00072,2023-08-29,6.13,Dining
CUST00072,2025-07-26,101.74,Clothing
CUST00072,2023-07-11,51.4,Clothing
CUST00072,2024-05-14,56.17,Electronics
CUST00072,2025-04-11,29.75,Dining
CUST00072,2022-06-13,66.2,Grocery
CUST00072,2024-07-04,88.76,Dining
CUST00072,2024-08-30,117.99,Grocery
CUST00072,2024-09-14,137.49,Dining
CUST00072,2023-05-22,8.09,Electronics
CUST00072,2025-07-01,8.18,Grocery
CUST00072,2023-12-20,142.66,Dining
CUST00072,2024-01-25,158.04,Dining
CUST00072,2024-07-04,22.88,Dining
CUST00072,2024-03-22,36.98,Electronics
CUST00072,2024-06-14,98.44,Dining
CUST00072,2024-07-31,5.69,Travel
CUST00072,2025-01-16,8.1,Grocery
CUST00072,2025-05-10,39.23,Dining
CUST00072,2025-07-26,168.45,Clothing
CUST00072,2024-01-26,36.84,Dining
CUST00072,2023-03-23,745.02,Dining
CUST00072,2023-08-24,78.8,Electronics
CUST00072,2024-09-21,67.17,Electronics
CUST00072,2024-11-19,11.83,Dining
CUST00072,2022-11-02,102.6,Travel
CUST00072,2022-10-03,339.31,Grocery
CUST00072,2023-09-15,70.32,Dining
CUST00072,2023-10-18,44.31,Clothing
CUST00072,2024-03-26,187.47,Travel
CUST00072,2022-12-04,10.43,Grocery
CUST00072,2022-12-18,11.56,Clothing
CUST00072,2024-08-23,197.51,Electronics
CUST00072,2023-01-07,54.86,Grocery
CUST00073,2023-09-12,26.47,Electronics
CUST00073,2024-03-13,226.13,Grocery
CUST00073,2024-07-09,123.12,Grocery
CUST00073,2024-11-09,12.49,Clothing
CUST00073,2024-08-27,177.74,Electronics
CUST00073,2025-01-13,45.85,Dining
CUST00073,2025-06-16,65.06,Electronics
CUST00073,2024-04-15,59.93,Grocery
CUST00073,2025-04-04,368.52,Electronics
CUST00073,2023-11-09,62.54,Electronics
CUST00073,2025-01-13,17.32,Grocery
CUST00073,2025-01-10,118.51,Clothing
CUST00073,2024-09-20,40.3,Electronics
CUST00073,2024-02-17,7.18,Travel
CUST00073,2023-05-13,73.94,Dining
CUST00073,2025-06-04,68.27,Grocery
CUST00073,2023-09-17,126.17,Travel
CUST00073,2024-11-11,133.97,Travel
CUST00073,2023-09-02,39.09,Travel
CUST00073,2024-08-03,73.63,Electronics
CUST00073,2023-04-03,50.79,Clothing
CUST00073,2023-01-02,108.53,Dining
CUST00073,2024-07-13,87.62,Grocery
CUST00073,2025-05-01,78.52,Electronics
CUST00073,2024-06-08,23.35,Electronics
CUST00073,2023-04-12,74.99,Travel
CUST00073,2023-05-22,28.53,Travel
CUST00073,2022-11-05,49.93,Dining
CUST00073,2022-12-02,24.39,Travel
CUST00073,2024-05-30,87.38,Clothing
CUST00073,2024-04-05,20.53,Travel
CUST00073,2022-12-30,166.24,Travel
CUST00073,2024-01-28,100.99,Clothing
CUST00073,2024-10-07,144.8,Dining
CUST00073,2023-11-19,86.04,Dining
CUST00073,2024-01-25,304.15,Dining
CUST00073,2025-07-27,27.13,Clothing
CUST00073,2024-05-24,49.81,Dining
CUST00073,2025-03-24,91.55,Clothing
CUST00073,2023-09-27,99.49,Grocery
CUST00073,2025-05-26,91.98,Electronics
CUST00073,2024-08-27,41.95,Travel
CUST00073,2023-07-29,109.29,Travel
CUST00073,2024-10-30,70.41,Dining
CUST00073,2024-06-20,74.18,Clothing
CUST00073,2023-10-27,396.05,Travel
CUST00073,2023-04-10,43.2,Travel
CUST00073,2025-06-27,50.09,Travel
CUST00073,2022-11-30,18.64,Electronics
CUST00073,2024-03-03,110.2,Clothing
CUST00073,2024-12-26,53.02,Electronics
CUST00073,2025-05-27,44.72,Electronics
CUST00073,2023-09-09,35.94,Dining
CUST00073,2023-02-22,7.33,Grocery
CUST00073,2023-06-23,50.65,Dining
CUST00073,2024-10-13,94.18,Clothing
CUST00073,2023-12-12,57.5,Travel
CUST00073,2024-02-24,68.55,Travel
CUST00073,2025-02-02,34.44,Travel
CUST00073,2022-12-22,130.69,Electronics
CUST00073,2023-09-19,206.43,Grocery
CUST00073,2025-04-06,65.69,Grocery
CUST00073,2023-11-02,53.61,Electronics
CUST00073,2025-03-26,96.99,Travel
CUST00073,2023-04-09,185.05,Electronics
CUST00073,2024-11-05,230.5,Dining
CUST00073,2024-10-23,11.22,Travel
CUST00073,2023-09-20,35.77,Clothing
CUST00073,2023-05-06,32.32,Dining
CUST00073,2023-12-19,200.05,Travel
CUST00073,2023-07-21,12.23,Clothing
CUST00073,2023-12-11,34.54,Grocery
CUST00073,2024-06-06,178.03,Dining
CUST00073,2023-12-21,73.0,Travel
CUST00073,2023-01-01,227.46,Grocery
CUST00073,2023-10-23,40.51,Clothing
CUST00073,2023-01-15,41.54,Dining
CUST00073,2024-05-24,180.29,Electronics
CUST00073,2023-06-09,293.2,Grocery
CUST00073,2022-10-27,73.63,Travel
CUST00073,2023-07-09,12.02,Clothing
CUST00073,2023-02-20,11.66,Dining
CUST00073,2024-09-04,26.06,Clothing
CUST00073,2023-07-31,38.39,Dining
CUST00073,2024-06-07,122.7,Grocery
CUST00073,2023-09-12,64.24,Grocery
CUST00073,2023-04-23,18.65,Grocery
CUST00073,2024-06-23,74.35,Clothing
CUST00073,2024-07-23,110.69,Grocery
CUST00073,2023-01-11,13.27,Travel
CUST00073,2024-07-18,19.33,Electronics
CUST00073,2023-06-19,25.35,Travel
CUST00073,2024-02-23,66.57,Clothing
CUST00073,2023-10-12,101.47,Grocery
CUST00073,2023-05-05,29.3,Clothing
CUST00073,2024-05-05,88.31,Grocery
CUST00073,2023-12-19,77.69,Electronics
CUST00073,2024-10-14,14.67,Travel
CUST00073,2023-08-02,80.09,Electronics
CUST00073,2025-04-05,160.15,Grocery
CUST00073,2025-03-09,17.18,Grocery
CUST00073,2023-03-23,161.3,Grocery
CUST00073,2024-01-07,35.01,Dining
CUST00073,2023-07-29,7.55,Grocery
CUST00073,2023-11-23,87.52,Grocery
CUST00073,2022-11-07,101.03,Dining
CUST00073,2024-06-05,473.88,Dining
CUST00074,2025-06-09,69.56,Grocery
CUST00074,2025-07-26,6.62,Grocery
CUST00074,2025-07-08,42.67,Electronics
CUST00074,2025-04-16,24.09,Travel
CUST00074,2025-05-17,18.92,Travel
CUST00074,2025-04-28,21.93,Electronics
CUST00074,2025-06-01,46.98,Clothing
CUST00074,2025-06-20,30.68,Electronics
CUST00074,2025-04-20,131.31,Grocery
CUST00074,2025-04-28,46.95,Dining
CUST00074,2025-05-15,69.5,Grocery
CUST00074,2025-04-10,79.67,Clothing
CUST00074,2025-06-23,92.41,Clothing
CUST00074,2025-06-29,6.5,Clothing
CUST00074,2025-05-19,17.63,Clothing
CUST00074,2025-07-06,180.43,Travel
CUST00074,2025-05-31,5.24,Grocery
CUST00074,2025-05-19,111.09,Travel
CUST00074,2025-04-06,171.37,Electronics
CUST00074,2025-05-18,226.03,Grocery
CUST00074,2025-05-18,39.11,Clothing
CUST00074,2025-07-06,119.16,Electronics
CUST00074,2025-07-29,59.7,Electronics
CUST00074,2025-04-12,6.72,Dining
CUST00074,2025-05-25,122.72,Travel
CUST00074,2025-06-07,78.0,Dining
CUST00074,2025-05-29,29.14,Travel
CUST00074,2025-06-30,38.21,Travel
CUST00074,2025-06-15,10.63,Travel
CUST00074,2025-04-01,45.64,Dining
CUST00074,2025-04-12,60.45,Electronics
CUST00074,2025-06-13,22.06,Travel
CUST00074,2025-05-31,67.55,Clothing
CUST00074,2025-05-14,88.29,Travel
CUST00074,2025-06-16,20.57,Travel
CUST00074,2025-06-15,6.06,Grocery
CUST00074,2025-07-24,95.65,Clothing
CUST00074,2025-05-12,14.09,Electronics
CUST00074,2025-04-22,161.6,Grocery
CUST00074,2025-06-02,108.05,Travel
CUST00074,2025-04-24,70.2,Electronics
CUST00074,2025-06-19,131.9,Dining
CUST00074,2025-06-16,63.56,Dining
CUST00074,2025-06-06,164.95,Grocery
CUST00074,2025-04-26,32.59,Travel
CUST00074,2025-05-24,30.74,Grocery
CUST00074,2025-07-17,25.43,Electronics
CUST00074,2025-04-06,8.8,Travel
CUST00074,2025-05-22,28.99,Grocery
CUST00074,2025-05-13,41.19,Electronics
CUST00074,2025-05-21,36.61,Dining
CUST00074,2025-05-22,50.15,Electronics
CUST00074,2025-05-13,124.42,Travel
CUST00074,2025-07-18,180.17,Electronics
CUST00074,2025-05-15,184.13,Clothing
CUST00074,2025-04-25,113.7,Electronics
CUST00074,2025-08-01,158.95,Electronics
CUST00074,2025-04-21,34.72,Electronics
CUST00074,2025-07-10,104.31,Dining
CUST00074,2025-05-25,156.14,Travel
CUST00074,2025-05-26,125.43,Clothing
CUST00074,2025-04-19,159.55,Dining
CUST00074,2025-05-28,121.3,Electronics
CUST00074,2025-06-22,163.05,Electronics
CUST00074,2025-06-07,221.02,Travel
CUST00074,2025-04-17,8.62,Electronics
CUST00074,2025-07-04,44.16,Travel
CUST00074,2025-04-29,75.25,Clothing
CUST00074,2025-05-23,146.19,Clothing
CUST00074,2025-04-17,51.84,Dining
CUST00074,2025-05-10,203.97,Travel
CUST00074,2025-04-06,43.86,Electronics
CUST00074,2025-05-01,64.63,Travel
CUST00074,2025-06-29,97.74,Electronics
CUST00074,2025-03-30,28.36,Clothing
CUST00074,2025-07-30,152.65,Grocery
CUST00074,2025-07-14,101.96,Dining
CUST00074,2025-07-26,186.51,Electronics
CUST00074,2025-05-16,78.77,Dining
CUST00074,2025-06-05,126.19,Grocery
CUST00074,2025-05-31,11.02,Clothing
CUST00074,2025-03-29,61.85,Clothing
CUST00074,2025-06-19,12.59,Clothing
CUST00074,2025-07-13,242.86,Travel
CUST00074,2025-05-28,16.35,Dining
CUST00074,2025-07-02,34.17,Electronics
CUST00074,2025-04-15,285.34,Dining
CUST00074,2025-04-18,197.93,Electronics
CUST00074,2025-04-26,184.21,Clothing
CUST00074,2025-07-25,84.86,Clothing
CUST00074,2025-04-08,67.36,Grocery
CUST00074,2025-04-09,187.0,Travel
CUST00074,2025-07-04,42.7,Grocery
CUST00074,2025-06-14,11.7,Dining
CUST00074,2025-07-31,9.81,Travel
CUST00074,2025-05-16,120.78,Electronics
CUST00074,2025-07-15,104.86,Travel
CUST00074,2025-06-03,96.93,Clothing
CUST00074,2025-04-23,35.55,Clothing
CUST00074,2025-06-16,155.37,Electronics
CUST00074,2025-07-22,22.3,Electronics
CUST00074,2025-07-03,31.0,Electronics
CUST00074,2025-07-15,287.33,Travel
CUST00074,2025-05-14,85.11,Dining
CUST00074,2025-06-22,18.26,Grocery
CUST00074,2025-04-17,247.52,Grocery
CUST00074,2025-06-04,42.61,Dining
CUST00074,2025-03-31,16.03,Grocery
CUST00074,2025-04-19,324.74,Electronics
CUST00074,2025-07-15,22.08,Electronics
CUST00074,2025-04-22,15.69,Grocery
CUST00075,2023-04-09,51.28,Travel
CUST00075,2023-08-19,27.72,Travel
CUST00075,2022-12-09,60.98,Clothing
CUST00075,2023-03-04,58.37,Electronics
CUST00075,2024-12-21,22.74,Electronics
CUST00075,2023-02-28,169.47,Electronics
CUST00075,2023-12-25,48.49,Dining
CUST00075,2023-12-21,216.8,Clothing
CUST00075,2025-07-19,7.98,Travel
CUST00075,2023-10-07,14.38,Travel
CUST00075,2023-12-03,77.99,Dining
CUST00075,2024-09-01,139.68,Clothing
CUST00075,2024-11-23,88.67,Travel
CUST00075,2023-12-15,7.31,Electronics
CUST00075,2023-04-07,23.46,Electronics
CUST00075,2023-08-06,32.45,Dining
CUST00075,2023-07-27,124.83,Dining
CUST00075,2022-09-12,60.37,Dining
CUST00075,2023-02-09,207.79,Grocery
CUST00075,2022-12-14,58.58,Grocery
CUST00075,2025-01-24,155.28,Clothing
CUST00075,2025-07-17,147.44,Grocery
CUST00075,2024-05-23,38.07,Clothing
CUST00075,2023-03-28,99.13,Travel
CUST00075,2022-10-30,310.05,Electronics
CUST00075,2024-11-26,83.43,Travel
CUST00075,2024-12-18,9.9,Grocery
CUST00075,2024-02-02,87.32,Dining
CUST00075,2025-05-18,134.18,Electronics
CUST00075,2023-02-10,138.03,Grocery
CUST00075,2023-04-14,10.92,Electronics
CUST00075,2022-11-02,175.08,Electronics
CUST00075,2023-12-28,18.54,Travel
CUST00075,2024-02-21,93.42,Grocery
CUST00075,2022-11-23,26.45,Grocery
CUST00075,2024-08-27,30.91,Electronics
CUST00075,2024-06-12,46.95,Clothing
CUST00075,2023-08-13,205.57,Grocery
CUST00075,2024-03-25,41.93,Dining
CUST00075,2023-10-28,141.17,Electronics
CUST00075,2023-04-28,42.35,Electronics
CUST00075,2022-12-20,44.17,Electronics
CUST00075,2024-07-13,95.48,Travel
CUST00075,2022-09-14,98.13,Grocery
CUST00075,2024-11-10,16.61,Clothing
CUST00075,2024-11-24,43.16,Travel
CUST00075,2025-05-13,68.07,Grocery
CUST00075,2025-05-26,89.53,Dining
CUST00075,2024-04-28,49.44,Electronics
CUST00075,2022-11-22,134.04,Clothing
CUST00075,2024-04-25,33.53,Electronics
CUST00075,2024-09-16,146.6,Travel
CUST00075,2024-08-14,34.89,Travel
CUST00075,2022-09-22,59.62,Grocery
CUST00075,2022-10-21,62.19,Dining
CUST00075,2024-09-26,9.51,Travel
CUST00075,2023-01-21,97.97,Travel
CUST00075,2023-01-10,158.87,Dining
CUST00075,2025-06-12,33.94,Electronics
CUST00075,2024-11-27,226.1,Grocery
CUST00075,2024-10-07,12.57,Electronics
CUST00075,2025-05-06,20.97,Electronics
CUST00075,2023-11-28,112.81,Dining
CUST00075,2023-03-04,11.26,Clothing
CUST00075,2024-09-30,107.9,Travel
CUST00075,2025-05-22,71.51,Clothing
CUST00075,2024-10-06,98.62,Dining
CUST00075,2023-04-28,25.23,Electronics
CUST00075,2023-07-27,45.16,Travel
CUST00075,2025-03-30,27.31,Travel
CUST00075,2022-09-28,117.05,Clothing
CUST00075,2023-10-30,26.46,Travel
CUST00075,2025-06-18,176.62,Clothing
CUST00075,2024-03-21,39.08,Dining
CUST00075,2025-06-27,25.31,Electronics
CUST00075,2023-07-07,41.39,Clothing
CUST00075,2024-05-11,459.51,Electronics
CUST00075,2023-02-13,33.58,Dining
CUST00075,2024-11-16,224.01,Grocery
CUST00075,2025-07-09,166.91,Electronics
CUST00075,2025-03-12,44.21,Grocery
CUST00075,2024-05-25,101.36,Dining
CUST00075,2023-08-16,9.54,Grocery
CUST00075,2025-01-15,13.54,Electronics
CUST00075,2023-08-07,77.5,Grocery
CUST00075,2023-11-10,5.95,Dining
CUST00075,2025-04-29,38.43,Electronics
CUST00075,2023-08-09,202.55,Dining
CUST00075,2025-07-04,151.13,Grocery
CUST00075,2022-12-06,41.08,Dining
CUST00075,2024-08-14,11.14,Travel
CUST00075,2023-11-12,25.6,Dining
CUST00075,2023-07-28,197.07,Electronics
CUST00075,2023-04-23,58.37,Electronics
CUST00075,2024-05-04,216.59,Grocery
CUST00075,2024-08-28,69.7,Electronics
CUST00075,2023-04-20,87.04,Grocery
CUST00075,2025-04-09,38.63,Clothing
CUST00075,2022-08-29,44.74,Grocery
CUST00075,2024-02-07,9.61,Dining
CUST00075,2024-06-12,92.41,Grocery
CUST00075,2024-04-10,91.61,Electronics
CUST00075,2024-08-11,14.67,Dining
CUST00076,2025-07-22,42.62,Grocery
CUST00076,2025-07-24,13.05,Travel
CUST00076,2025-07-21,16.32,Dining
CUST00076,2025-07-17,83.43,Travel
CUST00076,2025-07-25,29.45,Dining
CUST00076,2025-07-30,88.57,Electronics
CUST00076,2025-08-01,33.12,Travel
CUST00076,2025-07-30,210.05,Travel
CUST00076,2025-07-18,297.7,Travel
CUST00076,2025-07-20,35.88,Dining
CUST00076,2025-07-20,111.56,Dining
CUST00076,2025-07-21,26.44,Grocery
CUST00076,2025-07-31,59.99,Grocery
CUST00076,2025-07-22,33.94,Electronics
CUST00076,2025-07-18,28.48,Electronics
CUST00076,2025-07-18,91.19,Electronics
CUST00076,2025-07-20,93.09,Electronics
CUST00076,2025-07-22,143.84,Electronics
CUST00076,2025-07-23,165.46,Clothing
CUST00076,2025-07-21,16.68,Clothing
CUST00076,2025-07-20,69.65,Dining
CUST00076,2025-07-31,11.84,Dining
CUST00076,2025-07-17,12.7,Travel
CUST00076,2025-07-30,58.03,Travel
CUST00076,2025-07-27,75.36,Electronics
CUST00076,2025-08-01,10.1,Travel
CUST00076,2025-07-29,102.64,Dining
CUST00076,2025-07-23,95.0,Clothing
CUST00076,2025-07-23,219.17,Clothing
CUST00076,2025-07-29,25.46,Electronics
CUST00076,2025-07-25,109.65,Grocery
CUST00076,2025-07-31,79.33,Travel
CUST00076,2025-07-20,58.98,Clothing
CUST00076,2025-07-30,28.6,Grocery
CUST00076,2025-07-29,106.05,Dining
CUST00076,2025-07-26,37.94,Clothing
CUST00076,2025-07-20,107.57,Clothing
CUST00076,2025-07-19,173.88,Electronics
CUST00076,2025-07-30,197.31,Grocery
CUST00076,2025-07-26,33.9,Dining
CUST00076,2025-07-19,49.04,Dining
CUST00076,2025-07-28,27.22,Electronics
CUST00076,2025-07-18,9.81,Grocery
CUST00076,2025-07-23,42.33,Electronics
CUST00076,2025-07-26,272.63,Travel
CUST00076,2025-07-26,57.26,Electronics
CUST00076,2025-07-20,61.84,Electronics
CUST00076,2025-07-25,5.81,Travel
CUST00076,2025-07-25,29.61,Clothing
CUST00076,2025-07-28,90.28,Dining
CUST00076,2025-07-29,97.5,Clothing
CUST00076,2025-07-22,73.07,Grocery
CUST00076,2025-07-25,121.21,Electronics
CUST00076,2025-08-01,15.45,Dining
CUST00076,2025-07-22,76.4,Clothing
CUST00076,2025-07-26,143.25,Electronics
CUST00076,2025-07-17,34.93,Travel
CUST00076,2025-07-17,149.03,Electronics
CUST00076,2025-07-23,91.52,Electronics
CUST00076,2025-07-27,21.46,Travel
CUST00076,2025-07-26,244.11,Dining
CUST00076,2025-07-20,42.27,Dining
CUST00076,2025-08-01,9.12,Dining
CUST00076,2025-07-18,47.46,Electronics
CUST00076,2025-07-30,13.55,Clothing
CUST00076,2025-07-23,58.71,Electronics
CUST00076,2025-07-25,37.08,Dining
CUST00076,2025-07-19,188.23,Travel
CUST00076,2025-07-26,34.93,Clothing
CUST00076,2025-07-17,15.51,Dining
CUST00076,2025-07-31,25.07,Electronics
CUST00076,2025-07-25,126.34,Clothing
CUST00076,2025-07-31,19.72,Grocery
CUST00076,2025-07-31,93.16,Grocery
CUST00076,2025-07-28,431.95,Clothing
CUST00076,2025-07-29,39.76,Grocery
CUST00076,2025-07-31,35.16,Travel
CUST00076,2025-07-20,19.44,Grocery
CUST00076,2025-07-26,85.41,Grocery
CUST00076,2025-07-29,29.81,Dining
CUST00076,2025-07-27,97.9,Dining
CUST00076,2025-07-26,14.18,Electronics
CUST00076,2025-07-23,36.22,Electronics
CUST00076,2025-07-26,26.43,Electronics
CUST00076,2025-07-23,53.85,Electronics
CUST00076,2025-07-18,47.74,Electronics
CUST00076,2025-07-25,71.63,Clothing
CUST00076,2025-07-19,81.83,Travel
CUST00076,2025-08-01,23.98,Grocery
CUST00076,2025-07-25,16.41,Travel
CUST00076,2025-07-30,96.5,Grocery
CUST00076,2025-07-25,24.43,Dining
CUST00076,2025-07-24,8.38,Dining
CUST00076,2025-08-01,72.91,Grocery
CUST00076,2025-07-28,95.9,Travel
CUST00076,2025-07-21,249.41,Grocery
CUST00076,2025-07-23,76.74,Clothing
CUST00076,2025-07-27,97.05,Dining
CUST00076,2025-07-28,118.57,Dining
CUST00076,2025-07-28,47.59,Travel
CUST00076,2025-07-22,29.5,Travel
CUST00076,2025-07-27,54.6,Dining
CUST00076,2025-07-30,23.1,Electronics
CUST00076,2025-07-17,116.34,Dining
CUST00076,2025-07-27,50.86,Travel
CUST00076,2025-07-19,87.41,Clothing
CUST00076,2025-07-22,44.4,Clothing
CUST00076,2025-07-18,91.41,Grocery
CUST00076,2025-08-01,39.95,Grocery
CUST00076,2025-07-22,229.41,Dining
CUST00077,2024-04-26,177.31,Grocery
CUST00077,2024-05-17,41.7,Clothing
CUST00077,2025-01-02,204.83,Clothing
CUST00077,2024-09-14,188.79,Clothing
CUST00077,2024-07-11,12.67,Electronics
CUST00077,2024-06-21,184.59,Grocery
CUST00077,2025-07-20,91.23,Clothing
CUST00077,2024-04-07,101.54,Dining
CUST00077,2024-11-29,211.6,Clothing
CUST00077,2025-06-12,25.71,Electronics
CUST00077,2024-10-02,30.62,Clothing
CUST00077,2025-02-08,60.65,Travel
CUST00077,2024-12-21,152.61,Clothing
CUST00077,2025-06-22,7.95,Grocery
CUST00077,2025-05-25,27.71,Electronics
CUST00077,2025-05-22,179.08,Clothing
CUST00077,2025-01-12,61.14,Grocery
CUST00077,2025-01-25,56.23,Clothing
CUST00077,2025-06-26,59.77,Grocery
CUST00077,2024-07-10,111.34,Dining
CUST00077,2024-11-24,12.39,Travel
CUST00077,2025-01-02,96.46,Clothing
CUST00077,2024-06-25,64.74,Electronics
CUST00077,2025-01-25,417.41,Clothing
CUST00077,2024-06-15,13.65,Clothing
CUST00077,2024-03-28,136.97,Travel
CUST00077,2024-06-22,13.83,Grocery
CUST00077,2024-12-01,83.55,Electronics
CUST00077,2025-02-16,76.55,Travel
CUST00077,2024-08-12,99.11,Dining
CUST00077,2025-03-06,12.52,Electronics
CUST00077,2024-09-03,115.55,Travel
CUST00077,2025-06-23,83.38,Grocery
CUST00077,2024-12-16,8.0,Grocery
CUST00077,2024-07-27,246.49,Travel
CUST00077,2025-07-02,120.93,Electronics
CUST00077,2025-05-14,50.83,Electronics
CUST00077,2025-05-13,29.74,Electronics
CUST00077,2025-04-16,14.53,Electronics
CUST00077,2025-03-01,248.38,Clothing
CUST00077,2024-11-22,108.58,Dining
CUST00077,2024-07-24,131.94,Electronics
CUST00077,2024-08-01,49.49,Grocery
CUST00077,2025-06-18,159.49,Dining
CUST00077,2024-04-16,63.45,Electronics
CUST00077,2024-11-21,16.86,Grocery
CUST00077,2024-04-18,8.51,Electronics
CUST00077,2024-04-03,18.97,Travel
CUST00077,2024-09-04,5.57,Travel
CUST00077,2025-04-06,193.27,Grocery
CUST00077,2025-02-26,166.25,Electronics
CUST00077,2024-04-01,16.98,Electronics
CUST00077,2025-01-03,114.56,Dining
CUST00077,2024-09-02,46.24,Grocery
CUST00077,2024-05-30,112.78,Grocery
CUST00077,2024-04-23,59.49,Electronics
CUST00077,2024-03-13,241.51,Dining
CUST00077,2024-12-16,87.68,Dining
CUST00077,2025-02-09,104.05,Dining
CUST00077,2025-07-21,18.54,Travel
CUST00077,2024-12-16,17.24,Dining
CUST00077,2025-07-18,66.23,Dining
CUST00077,2024-10-13,147.51,Clothing
CUST00077,2024-12-30,20.61,Electronics
CUST00077,2024-11-11,48.23,Electronics
CUST00077,2024-10-28,165.06,Dining
CUST00077,2025-05-01,12.47,Travel
CUST00077,2024-04-05,46.15,Clothing
CUST00077,2025-04-12,193.49,Grocery
CUST00077,2025-01-10,43.78,Electronics
CUST00077,2024-05-25,17.72,Electronics
CUST00077,2024-04-13,11.6,Dining
CUST00077,2024-06-18,57.46,Travel
CUST00077,2025-04-05,38.5,Travel
CUST00077,2024-04-30,77.5,Dining
CUST00077,2024-05-23,31.65,Travel
CUST00077,2024-10-29,74.61,Dining
CUST00077,2024-09-08,19.1,Clothing
CUST00077,2024-08-20,44.05,Electronics
CUST00077,2024-07-21,22.07,Dining
CUST00077,2025-02-09,50.17,Dining
CUST00077,2024-04-04,15.89,Dining
CUST00077,2024-09-13,15.55,Travel
CUST00077,2024-04-24,15.49,Dining
CUST00077,2024-08-25,30.89,Electronics
CUST00077,2025-03-25,37.78,Dining
CUST00077,2025-02-01,204.42,Dining
CUST00077,2025-07-14,56.9,Dining
CUST00077,2025-06-19,52.49,Dining
CUST00077,2024-09-17,57.8,Dining
CUST00077,2024-05-12,44.96,Dining
CUST00077,2025-01-07,102.28,Electronics
CUST00077,2025-06-09,24.04,Electronics
CUST00077,2024-05-07,56.59,Grocery
CUST00077,2024-05-17,30.97,Dining
CUST00077,2024-07-20,28.72,Dining
CUST00077,2024-06-12,23.0,Dining
CUST00077,2025-06-18,22.75,Grocery
CUST00077,2024-03-19,59.21,Clothing
CUST00077,2025-03-13,136.46,Dining
CUST00077,2024-07-07,6.86,Travel
CUST00077,2025-03-31,32.56,Electronics
CUST00077,2025-06-27,140.25,Grocery
CUST00077,2024-09-03,44.99,Dining
CUST00078,2022-07-06,26.89,Grocery
CUST00078,2024-04-01,18.11,Travel
CUST00078,2025-03-02,9.41,Grocery
CUST00078,2023-07-21,188.89,Dining
CUST00078,2023-06-20,16.27,Clothing
CUST00078,2024-11-06,162.02,Clothing
CUST00078,2025-04-21,50.55,Clothing
CUST00078,2024-01-17,113.09,Clothing
CUST00078,2025-01-30,56.9,Clothing
CUST00078,2022-06-25,263.14,Grocery
CUST00078,2022-06-16,55.75,Clothing
CUST00078,2024-03-04,32.39,Clothing
CUST00078,2022-08-17,31.13,Dining
CUST00078,2024-02-15,5.74,Travel
CUST00078,2023-12-06,96.85,Grocery
CUST00078,2022-09-11,197.51,Clothing
CUST00078,2022-10-28,119.56,Grocery
CUST00078,2022-07-10,16.29,Clothing
CUST00078,2022-08-27,126.35,Electronics
CUST00078,2024-05-20,253.61,Clothing
CUST00078,2024-03-16,45.82,Grocery
CUST00078,2022-08-01,116.78,Grocery
CUST00078,2024-08-28,136.69,Grocery
CUST00078,2023-11-07,11.39,Travel
CUST00078,2022-03-16,92.29,Clothing
CUST00078,2022-08-01,114.18,Travel
CUST00078,2024-06-11,27.88,Travel
CUST00078,2024-06-01,44.97,Clothing
CUST00078,2024-01-09,89.14,Clothing
CUST00078,2022-09-14,43.21,Travel
CUST00078,2024-02-19,30.79,Grocery
CUST00078,2024-12-04,29.72,Dining
CUST00078,2022-12-26,68.48,Electronics
CUST00078,2023-07-21,65.92,Travel
CUST00078,2022-02-19,92.82,Clothing
CUST00078,2022-04-04,8.61,Dining
CUST00078,2023-07-03,98.67,Grocery
CUST00078,2025-01-10,59.76,Dining
CUST00078,2023-03-04,262.75,Clothing
CUST00078,2023-06-02,5.94,Travel
CUST00078,2025-06-27,21.9,Travel
CUST00078,2023-05-04,33.03,Travel
CUST00078,2022-01-11,64.98,Travel
CUST00078,2021-11-11,104.05,Travel
CUST00078,2022-06-13,12.48,Travel
CUST00078,2023-02-08,60.51,Travel
CUST00078,2022-06-08,58.92,Grocery
CUST00078,2024-10-14,37.7,Dining
CUST00078,2022-08-14,191.4,Electronics
CUST00078,2023-02-22,20.76,Dining
CUST00078,2025-02-02,20.77,Electronics
CUST00078,2023-10-01,173.81,Grocery
CUST00078,2024-10-16,88.55,Clothing
CUST00078,2022-12-25,28.17,Clothing
CUST00078,2021-10-18,38.88,Travel
CUST00078,2022-07-16,188.46,Clothing
CUST00078,2022-01-21,285.78,Grocery
CUST00078,2024-10-18,52.98,Grocery
CUST00078,2022-10-16,105.51,Dining
CUST00078,2024-09-15,18.06,Travel
CUST00078,2022-04-08,326.72,Grocery
CUST00078,2021-11-26,12.43,Electronics
CUST00078,2023-11-19,53.61,Travel
CUST00078,2024-04-26,35.19,Grocery
CUST00078,2022-05-23,78.12,Clothing
CUST00078,2025-07-18,42.46,Electronics
CUST00078,2021-11-28,106.69,Electronics
CUST00078,2021-12-15,118.53,Dining
CUST00078,2022-03-08,53.83,Electronics
CUST00078,2023-06-17,120.49,Travel
CUST00078,2023-07-13,49.03,Travel
CUST00078,2024-02-22,39.85,Electronics
CUST00078,2021-10-18,48.1,Dining
CUST00078,2023-05-22,173.17,Grocery
CUST00078,2024-09-26,60.94,Clothing
CUST00078,2022-04-17,17.75,Dining
CUST00078,2022-08-06,23.36,Electronics
CUST00078,2023-05-31,14.82,Dining
CUST00078,2022-01-17,47.96,Grocery
CUST00078,2024-10-25,64.16,Grocery
CUST00078,2024-04-29,11.34,Clothing
CUST00078,2024-06-29,88.01,Travel
CUST00078,2023-12-10,43.6,Dining
CUST00078,2024-11-03,142.18,Grocery
CUST00078,2023-05-02,276.57,Travel
CUST00078,2022-10-02,176.91,Electronics
CUST00078,2024-05-21,49.22,Clothing
CUST00078,2024-03-09,30.73,Dining
CUST00079,2025-07-18,105.65,Grocery
CUST00079,2025-06-14,24.54,Clothing
CUST00079,2025-07-29,72.56,Travel
CUST00079,2025-07-12,85.74,Clothing
CUST00079,2025-06-11,172.49,Travel
CUST00079,2025-05-25,37.6,Grocery
CUST00079,2025-06-03,195.88,Clothing
CUST00079,2025-06-29,128.38,Dining
CUST00079,2025-05-20,119.62,Travel
CUST00079,2025-06-06,5.99,Clothing
CUST00079,2025-06-08,135.01,Clothing
CUST00079,2025-06-17,99.72,Grocery
CUST00079,2025-05-21,108.55,Grocery
CUST00079,2025-05-27,362.72,Clothing
CUST00079,2025-07-17,72.34,Clothing
CUST00079,2025-05-09,30.43,Clothing
CUST00079,2025-07-13,120.94,Grocery
CUST00079,2025-06-04,93.14,Clothing
CUST00079,2025-05-18,29.6,Clothing
CUST00079,2025-07-14,72.39,Grocery
CUST00079,2025-07-02,5.12,Dining
CUST00079,2025-06-01,11.91,Travel
CUST00079,2025-05-15,36.58,Electronics
CUST00079,2025-05-07,127.76,Travel
CUST00079,2025-06-30,106.29,Clothing
CUST00079,2025-07-19,50.89,Travel
CUST00079,2025-07-17,104.13,Clothing
CUST00079,2025-07-02,64.75,Clothing
CUST00079,2025-07-10,21.28,Clothing
CUST00079,2025-05-26,60.45,Clothing
CUST00079,2025-05-18,116.7,Dining
CUST00079,2025-05-12,30.64,Clothing
CUST00079,2025-06-28,107.12,Grocery
CUST00079,2025-07-06,167.1,Clothing
CUST00079,2025-05-27,55.23,Dining
CUST00079,2025-05-18,554.38,Travel
CUST00079,2025-07-09,59.59,Clothing
CUST00079,2025-07-11,20.22,Grocery
CUST00079,2025-05-28,167.23,Electronics
CUST00079,2025-05-30,46.14,Grocery
CUST00079,2025-05-26,201.7,Dining
CUST00079,2025-07-04,49.73,Grocery
CUST00079,2025-05-29,136.12,Dining
CUST00079,2025-05-14,8.62,Dining
CUST00079,2025-06-15,11.69,Clothing
CUST00079,2025-05-23,38.5,Dining
CUST00079,2025-07-24,55.66,Clothing
CUST00079,2025-06-24,190.77,Grocery
CUST00079,2025-06-01,183.0,Travel
CUST00079,2025-05-17,111.47,Clothing
CUST00079,2025-05-28,179.82,Travel
CUST00079,2025-05-23,31.58,Electronics
CUST00079,2025-07-11,57.35,Dining
CUST00079,2025-06-21,294.21,Electronics
CUST00079,2025-06-27,129.58,Clothing
CUST00079,2025-06-25,30.66,Grocery
CUST00079,2025-05-30,50.2,Dining
CUST00079,2025-05-19,11.63,Travel
CUST00079,2025-05-11,20.25,Clothing
CUST00079,2025-05-05,169.43,Clothing
CUST00079,2025-05-08,133.79,Travel
CUST00079,2025-05-19,49.88,Electronics
CUST00079,2025-05-06,23.27,Travel
CUST00079,2025-05-06,362.08,Travel
CUST00079,2025-05-10,37.47,Dining
CUST00079,2025-07-09,20.46,Electronics
CUST00079,2025-06-30,11.2,Electronics
CUST00079,2025-06-20,37.86,Travel
CUST00079,2025-07-23,105.51,Clothing
CUST00079,2025-06-10,146.37,Clothing
CUST00079,2025-07-22,85.29,Grocery
CUST00079,2025-07-22,65.33,Travel
CUST00079,2025-07-05,701.18,Electronics
CUST00079,2025-05-17,45.06,Grocery
CUST00079,2025-06-04,5.36,Electronics
CUST00079,2025-06-19,16.13,Grocery
CUST00079,2025-06-07,8.76,Electronics
CUST00079,2025-06-07,128.75,Electronics
CUST00079,2025-07-28,6.75,Dining
CUST00079,2025-07-24,51.09,Grocery
CUST00079,2025-06-24,21.43,Grocery
CUST00079,2025-06-19,49.05,Clothing
CUST00079,2025-06-01,17.94,Electronics
CUST00079,2025-05-29,54.98,Clothing
CUST00079,2025-07-20,26.86,Grocery
CUST00079,2025-05-23,77.19,Travel
CUST00079,2025-05-16,228.79,Grocery
CUST00079,2025-07-31,165.39,Dining
CUST00079,2025-05-12,47.18,Grocery
CUST00079,2025-07-05,41.13,Electronics
CUST00080,2022-11-28,23.52,Clothing
CUST00080,2024-09-14,52.71,Travel
CUST00080,2025-01-16,71.66,Dining
CUST00080,2022-04-02,8.5,Electronics
CUST00080,2024-03-03,123.38,Electronics
CUST00080,2023-07-24,62.43,Electronics
CUST00080,2022-08-04,38.71,Electronics
CUST00080,2022-05-15,12.78,Grocery
CUST00080,2022-11-14,80.34,Grocery
CUST00080,2024-05-18,30.28,Travel
CUST00080,2022-01-14,129.3,Grocery
CUST00080,2023-08-25,22.82,Clothing
CUST00080,2024-07-10,27.91,Grocery
CUST00080,2023-10-28,194.8,Grocery
CUST00080,2024-04-12,77.66,Clothing
CUST00080,2024-05-29,51.26,Clothing
CUST00080,2025-01-13,156.96,Clothing
CUST00080,2025-03-18,35.76,Travel
CUST00080,2023-06-28,16.38,Travel
CUST00080,2025-04-06,128.2,Grocery
CUST00080,2022-05-17,62.36,Electronics
CUST00080,2025-03-15,224.4,Travel
CUST00080,2025-05-05,124.96,Clothing
CUST00080,2022-12-10,17.01,Clothing
CUST00080,2022-01-30,51.67,Grocery
CUST00080,2024-12-12,145.87,Travel
CUST00080,2023-10-03,52.35,Electronics
CUST00080,2023-08-08,202.93,Clothing
CUST00080,2024-08-09,80.56,Travel
CUST00080,2024-03-29,21.5,Travel
CUST00080,2023-01-02,56.53,Electronics
CUST00080,2025-04-11,15.59,Grocery
CUST00080,2023-03-07,221.25,Grocery
CUST00080,2022-04-28,12.32,Dining
CUST00080,2022-08-28,45.46,Grocery
CUST00080,2021-12-09,58.22,Grocery
CUST00080,2023-12-22,68.22,Electronics
CUST00080,2024-02-26,27.12,Electronics
CUST00080,2024-08-09,126.12,Clothing
CUST00080,2022-04-09,41.2,Dining
CUST00080,2023-01-17,81.13,Clothing
CUST00080,2024-10-17,83.62,Grocery
CUST00080,2022-05-23,109.6,Electronics
CUST00080,2023-03-08,34.96,Electronics
CUST00080,2024-11-24,168.34,Clothing
CUST00080,2024-07-17,26.78,Grocery
CUST00080,2023-05-20,33.27,Grocery
CUST00080,2024-05-07,57.67,Grocery
CUST00080,2024-05-29,189.77,Travel
CUST00080,2024-10-05,313.76,Electronics
CUST00080,2024-10-05,73.01,Travel
CUST00080,2022-11-10,187.8,Dining
CUST00080,2024-03-30,13.42,Clothing
CUST00080,2025-03-24,24.46,Dining
CUST00080,2024-01-01,15.41,Travel
CUST00080,2021-11-26,218.75,Travel
CUST00080,2025-07-13,6.33,Grocery
CUST00080,2024-04-22,9.11,Travel
CUST00080,2025-01-10,10.99,Dining
CUST00080,2024-07-27,60.6,Electronics
CUST00080,2023-11-09,14.99,Grocery
CUST00080,2023-11-25,257.73,Dining
CUST00080,2025-01-11,87.5,Clothing
CUST00080,2022-07-12,267.83,Grocery
CUST00080,2024-04-05,137.98,Grocery
CUST00080,2022-06-29,85.55,Travel
CUST00080,2021-11-25,135.66,Travel
CUST00080,2025-02-20,35.86,Grocery
CUST00080,2024-08-21,257.24,Clothing
CUST00080,2025-07-20,17.95,Grocery
CUST00080,2023-01-26,62.69,Dining
CUST00080,2025-03-24,53.43,Dining
CUST00080,2022-08-28,129.32,Electronics
CUST00080,2024-07-01,70.68,Grocery
CUST00080,2022-09-24,51.5,Travel
CUST00080,2023-03-05,72.31,Travel
CUST00080,2024-12-08,20.62,Electronics
CUST00080,2022-11-29,65.17,Clothing
CUST00080,2023-06-15,236.81,Electronics
CUST00081,2024-07-04,166.13,Travel
CUST00081,2024-11-22,227.92,Travel
CUST00081,2024-05-23,126.35,Dining
CUST00081,2024-02-03,19.74,Electronics
CUST00081,2024-05-12,8.94,Grocery
CUST00081,2024-07-20,13.44,Grocery
CUST00081,2024-08-05,13.06,Clothing
CUST00081,2024-06-03,105.76,Clothing
CUST00081,2025-03-21,25.22,Grocery
CUST00081,2024-04-29,48.19,Travel
CUST00081,2024-01-23,14.7,Grocery
CUST00081,2024-09-21,53.03,Grocery
CUST00081,2024-09-04,33.61,Grocery
CUST00081,2025-06-16,228.88,Clothing
CUST00081,2024-03-25,165.84,Grocery
CUST00081,2024-10-14,80.85,Dining
CUST00081,2024-06-04,238.83,Grocery
CUST00081,2024-11-09,33.49,Travel
CUST00081,2025-06-04,15.38,Travel
CUST00081,2024-02-04,12.83,Travel
CUST00081,2025-02-25,9.99,Electronics
CUST00081,2025-03-23,71.18,Travel
CUST00081,2024-05-16,76.55,Grocery
CUST00081,2025-01-02,29.89,Travel
CUST00081,2024-09-13,88.82,Electronics
CUST00081,2024-07-05,5.59,Dining
CUST00081,2025-02-23,128.33,Electronics
CUST00081,2025-07-02,95.04,Grocery
CUST00081,2024-09-04,51.88,Travel
CUST00081,2024-05-14,327.45,Travel
CUST00081,2025-02-22,8.16,Electronics
CUST00081,2024-10-31,84.28,Clothing
CUST00081,2025-01-29,132.29,Electronics
CUST00081,2024-07-20,154.98,Grocery
CUST00081,2024-11-12,85.48,Dining
CUST00081,2025-04-15,55.29,Grocery
CUST00081,2024-05-22,156.21,Travel
CUST00081,2024-12-25,43.61,Clothing
CUST00081,2025-06-15,19.89,Grocery
CUST00081,2025-03-02,68.81,Dining
CUST00081,2025-04-07,16.71,Clothing
CUST00081,2024-10-05,214.61,Grocery
CUST00081,2024-05-26,100.35,Electronics
CUST00081,2024-06-11,66.38,Clothing
CUST00081,2024-12-14,145.84,Electronics
CUST00081,2024-07-20,51.61,Clothing
CUST00081,2024-02-03,75.68,Grocery
CUST00081,2024-01-10,295.45,Grocery
CUST00081,2025-01-10,15.93,Grocery
CUST00081,2024-10-05,132.78,Travel
CUST00081,2024-02-11,206.48,Dining
CUST00081,2024-08-17,37.87,Electronics
CUST00081,2024-08-02,79.81,Electronics
CUST00081,2025-07-04,69.42,Dining
CUST00081,2025-03-03,33.51,Grocery
CUST00081,2025-07-18,79.4,Grocery
CUST00081,2024-04-15,9.97,Dining
CUST00081,2024-06-20,75.11,Clothing
CUST00081,2025-03-18,6.88,Dining
CUST00081,2025-06-01,113.77,Travel
CUST00081,2025-04-08,150.4,Travel
CUST00081,2025-06-06,126.79,Clothing
CUST00081,2024-03-31,261.36,Clothing
CUST00081,2024-05-03,225.6,Electronics
CUST00081,2025-06-27,23.93,Electronics
CUST00081,2024-09-24,15.92,Electronics
CUST00081,2025-06-25,18.49,Clothing
CUST00081,2024-10-31,70.53,Travel
CUST00081,2025-06-25,121.71,Dining
CUST00081,2025-03-29,17.38,Clothing
CUST00081,2024-03-27,84.97,Electronics
CUST00081,2025-03-10,37.71,Travel
CUST00081,2025-01-01,89.07,Grocery
CUST00081,2025-05-13,52.33,Clothing
CUST00081,2025-04-21,47.76,Grocery
CUST00081,2024-11-17,152.24,Grocery
CUST00081,2025-03-09,22.53,Grocery
CUST00081,2024-01-22,331.69,Clothing
CUST00081,2024-01-17,39.69,Electronics
CUST00081,2024-07-01,21.36,Travel
CUST00081,2025-06-27,26.92,Dining
CUST00081,2024-12-26,58.1,Electronics
CUST00081,2024-06-27,93.4,Clothing
CUST00081,2024-06-08,92.53,Grocery
CUST00081,2025-07-28,37.97,Electronics
CUST00081,2025-05-18,114.72,Clothing
CUST00081,2024-08-23,52.29,Clothing
CUST00081,2024-01-09,169.9,Travel
CUST00081,2024-04-17,5.16,Clothing
CUST00081,2025-05-15,7.87,Electronics
CUST00081,2025-01-17,156.22,Travel
CUST00081,2024-01-27,13.1,Travel
CUST00081,2024-02-26,168.56,Dining
CUST00082,2023-12-16,43.18,Clothing
CUST00082,2024-08-20,111.06,Dining
CUST00082,2024-03-05,151.13,Clothing
CUST00082,2024-08-11,69.22,Clothing
CUST00082,2024-11-21,100.36,Clothing
CUST00082,2025-05-16,49.54,Clothing
CUST00082,2024-10-07,6.16,Dining
CUST00082,2024-01-19,99.74,Grocery
CUST00082,2024-06-13,289.16,Electronics
CUST00082,2024-12-30,124.11,Dining
CUST00082,2024-05-10,16.62,Dining
CUST00082,2024-11-13,21.81,Dining
CUST00082,2023-12-09,46.83,Electronics
CUST00082,2024-05-02,33.71,Dining
CUST00082,2024-12-15,70.84,Grocery
CUST00082,2023-08-10,72.35,Electronics
CUST00082,2024-03-12,106.03,Clothing
CUST00082,2025-03-31,29.27,Travel
CUST00082,2024-12-16,31.61,Clothing
CUST00082,2024-12-06,11.54,Grocery
CUST00082,2025-07-07,42.09,Grocery
CUST00082,2024-02-02,63.66,Clothing
CUST00082,2023-11-17,83.88,Clothing
CUST00082,2023-12-16,20.16,Travel
CUST00082,2025-03-22,219.54,Grocery
CUST00082,2024-10-07,41.71,Dining
CUST00082,2024-06-22,14.45,Clothing
CUST00082,2024-07-18,162.69,Grocery
CUST00082,2024-10-22,63.04,Electronics
CUST00082,2025-04-27,40.63,Dining
CUST00082,2024-09-21,10.09,Dining
CUST00082,2023-10-17,138.27,Electronics
CUST00082,2023-12-23,30.46,Travel
CUST00082,2025-01-27,76.38,Electronics
CUST00082,2024-06-17,67.66,Dining
CUST00082,2024-08-05,95.07,Grocery
CUST00082,2023-11-02,39.08,Dining
CUST00082,2025-04-17,32.25,Electronics
CUST00082,2024-04-20,204.63,Dining
CUST00082,2024-02-21,52.63,Grocery
CUST00082,2024-12-09,59.18,Dining
CUST00082,2024-08-05,188.67,Dining
CUST00082,2024-12-09,305.07,Clothing
CUST00082,2023-08-08,125.48,Grocery
CUST00082,2023-08-07,93.78,Electronics
CUST00082,2025-01-01,528.17,Travel
CUST00082,2023-12-16,67.46,Grocery
CUST00082,2024-10-18,55.34,Clothing
CUST00082,2023-11-19,81.13,Electronics
CUST00082,2024-06-22,83.15,Electronics
CUST00082,2023-08-31,69.57,Clothing
CUST00082,2024-02-04,16.47,Dining
CUST00082,2024-11-25,22.94,Electronics
CUST00082,2025-05-25,57.36,Electronics
CUST00082,2024-02-05,15.17,Grocery
CUST00082,2024-01-12,257.39,Clothing
CUST00082,2024-05-13,9.95,Dining
CUST00082,2024-10-14,108.21,Dining
CUST00082,2024-12-08,37.19,Travel
CUST00082,2023-10-03,135.63,Clothing
CUST00082,2024-05-01,80.81,Dining
CUST00082,2025-01-02,5.25,Electronics
CUST00082,2024-10-06,38.33,Travel
CUST00082,2024-04-26,59.55,Grocery
CUST00082,2024-01-05,102.18,Travel
CUST00082,2024-12-07,10.95,Clothing
CUST00082,2024-02-29,113.42,Dining
CUST00082,2024-05-03,77.34,Clothing
CUST00082,2025-06-19,42.81,Electronics
CUST00082,2023-11-09,9.26,Electronics
CUST00082,2023-11-15,60.62,Clothing
CUST00082,2025-03-10,23.2,Travel
CUST00082,2024-09-23,24.69,Clothing
CUST00082,2023-09-19,51.37,Dining
CUST00082,2023-11-06,122.2,Electronics
CUST00082,2025-02-17,67.56,Dining
CUST00082,2024-07-01,145.28,Grocery
CUST00082,2024-10-24,23.22,Dining
CUST00082,2025-05-28,21.3,Grocery
CUST00082,2025-07-06,17.42,Travel
CUST00082,2025-07-14,34.81,Grocery
CUST00082,2023-11-18,33.26,Clothing
CUST00082,2023-07-21,13.53,Travel
CUST00082,2023-09-08,53.86,Travel
CUST00083,2024-11-01,9.86,Clothing
CUST00083,2024-09-10,153.06,Electronics
CUST00083,2024-05-21,151.89,Clothing
CUST00083,2024-06-24,65.85,Electronics
CUST00083,2024-08-21,25.89,Electronics
CUST00083,2024-07-28,92.18,Electronics
CUST00083,2025-07-27,92.23,Clothing
CUST00083,2024-09-27,171.75,Grocery
CUST00083,2024-05-21,6.23,Electronics
CUST00083,2025-05-24,44.18,Clothing
CUST00083,2024-03-03,21.11,Clothing
CUST00083,2025-01-04,67.27,Electronics
CUST00083,2024-06-26,102.47,Dining
CUST00083,2024-02-19,26.16,Grocery
CUST00083,2025-05-02,245.59,Electronics
CUST00083,2025-01-01,57.84,Electronics
CUST00083,2024-11-17,27.37,Electronics
CUST00083,2025-01-11,83.53,Electronics
CUST00083,2025-06-25,26.02,Clothing
CUST00083,2025-04-21,154.26,Travel
CUST00083,2025-02-14,27.84,Travel
CUST00083,2024-08-31,36.44,Dining
CUST00083,2024-01-31,111.02,Clothing
CUST00083,2024-10-13,283.88,Grocery
CUST00083,2024-04-11,54.14,Travel
CUST00083,2024-03-01,44.95,Grocery
CUST00083,2025-01-13,50.84,Dining
CUST00083,2024-09-22,8.68,Travel
CUST00083,2025-04-21,21.32,Clothing
CUST00083,2025-04-13,37.92,Clothing
CUST00083,2024-12-15,235.2,Travel
CUST00083,2025-07-28,56.61,Dining
CUST00083,2024-10-02,175.53,Dining
CUST00083,2025-03-11,10.37,Electronics
CUST00083,2024-02-14,5.78,Clothing
CUST00083,2024-11-24,91.51,Grocery
CUST00083,2024-12-02,134.27,Grocery
CUST00083,2025-01-24,130.48,Dining
CUST00083,2024-05-10,274.15,Electronics
CUST00083,2024-11-09,45.33,Electronics
CUST00083,2024-11-15,28.72,Travel
CUST00083,2024-11-08,267.6,Grocery
CUST00083,2024-04-04,31.65,Travel
CUST00083,2024-10-18,5.67,Travel
CUST00083,2025-03-17,89.53,Dining
CUST00083,2025-07-06,8.16,Dining
CUST00083,2025-02-24,117.4,Grocery
CUST00083,2025-04-19,110.03,Clothing
CUST00083,2025-07-26,348.92,Travel
CUST00083,2025-02-13,9.3,Clothing
CUST00083,2024-02-28,20.98,Travel
CUST00083,2024-06-18,21.69,Clothing
CUST00083,2025-03-25,250.95,Grocery
CUST00083,2024-05-21,169.72,Clothing
CUST00083,2024-07-15,37.33,Electronics
CUST00083,2024-04-26,61.55,Dining
CUST00083,2025-05-06,23.89,Dining
CUST00083,2024-05-21,18.19,Grocery
CUST00083,2025-07-14,28.52,Grocery
CUST00083,2025-06-06,75.99,Travel
CUST00083,2024-12-13,60.71,Clothing
CUST00083,2025-06-01,174.7,Travel
CUST00083,2025-06-09,98.52,Clothing
CUST00083,2024-04-14,178.55,Electronics
CUST00083,2025-01-26,21.03,Dining
CUST00083,2025-02-11,21.34,Clothing
CUST00083,2025-04-13,83.19,Travel
CUST00083,2024-10-28,33.85,Grocery
CUST00083,2024-04-24,17.77,Electronics
CUST00083,2024-02-11,115.53,Dining
CUST00083,2024-04-16,35.63,Grocery
CUST00083,2025-04-30,64.02,Travel
CUST00083,2025-01-31,265.88,Dining
CUST00083,2024-07-17,50.93,Clothing
CUST00083,2024-02-10,164.51,Grocery
CUST00083,2024-06-12,30.83,Dining
CUST00083,2025-05-25,52.72,Grocery
CUST00083,2024-04-30,29.58,Travel
CUST00083,2024-07-09,18.93,Grocery
CUST00083,2024-02-16,7.12,Clothing
CUST00083,2024-05-24,112.35,Travel
CUST00083,2025-01-13,53.91,Grocery
CUST00084,2024-10-14,284.36,Clothing
CUST00084,2023-08-29,192.12,Electronics
CUST00084,2024-11-28,126.73,Clothing
CUST00084,2025-04-15,56.41,Electronics
CUST00084,2025-01-08,49.19,Travel
CUST00084,2025-01-26,182.49,Grocery
CUST00084,2023-11-20,67.81,Travel
CUST00084,2024-12-06,171.48,Electronics
CUST00084,2025-05-03,9.48,Clothing
CUST00084,2025-02-09,164.91,Grocery
CUST00084,2024-08-26,116.18,Clothing
CUST00084,2024-12-24,42.12,Clothing
CUST00084,2025-06-03,170.75,Travel
CUST00084,2024-06-06,38.83,Clothing
CUST00084,2023-10-19,94.33,Grocery
CUST00084,2024-10-06,19.19,Clothing
CUST00084,2023-07-11,59.09,Dining
CUST00084,2024-10-01,59.96,Travel
CUST00084,2024-10-03,22.75,Grocery
CUST00084,2025-04-21,136.08,Electronics
CUST00084,2024-04-24,76.24,Travel
CUST00084,2024-10-05,46.11,Grocery
CUST00084,2023-12-26,56.53,Clothing
CUST00084,2024-03-27,8.09,Dining
CUST00084,2024-09-07,32.62,Travel
CUST00084,2025-06-15,131.6,Grocery
CUST00084,2024-02-10,80.7,Travel
CUST00084,2025-02-06,105.27,Grocery
CUST00084,2024-12-19,122.67,Travel
CUST00084,2025-07-21,122.79,Dining
CUST00084,2025-04-29,52.91,Clothing
CUST00084,2025-08-01,75.4,Travel
CUST00084,2023-10-22,55.4,Travel
CUST00084,2023-08-13,385.75,Clothing
CUST00084,2024-12-12,20.75,Travel
CUST00084,2025-04-03,172.18,Grocery
CUST00084,2024-10-25,186.39,Dining
CUST00084,2023-07-24,248.78,Clothing
CUST00084,2024-11-26,152.98,Dining
CUST00084,2025-04-07,156.8,Grocery
CUST00084,2025-05-25,56.05,Electronics
CUST00084,2024-08-12,5.39,Electronics
CUST00084,2024-10-20,22.91,Dining
CUST00084,2024-07-30,76.58,Clothing
CUST00084,2024-10-16,16.88,Grocery
CUST00084,2024-07-05,33.17,Dining
CUST00084,2025-06-13,138.73,Travel
CUST00084,2024-05-12,29.16,Clothing
CUST00084,2024-09-14,106.84,Grocery
CUST00084,2025-03-07,72.51,Dining
CUST00084,2023-12-23,206.16,Grocery
CUST00084,2023-07-26,50.99,Clothing
CUST00084,2024-01-23,19.12,Grocery
CUST00084,2023-12-28,17.95,Grocery
CUST00084,2023-06-18,49.41,Grocery
CUST00084,2024-04-08,132.21,Travel
CUST00084,2024-03-16,29.0,Grocery
CUST00084,2025-04-16,107.3,Dining
CUST00084,2024-01-04,20.94,Travel
CUST00084,2024-01-07,306.22,Grocery
CUST00084,2024-11-16,36.57,Electronics
CUST00084,2023-07-20,146.93,Electronics
CUST00084,2023-09-09,153.25,Clothing
CUST00084,2025-03-08,9.66,Dining
CUST00084,2024-03-03,60.46,Clothing
CUST00084,2023-08-20,143.11,Dining
CUST00084,2024-11-27,11.43,Travel
CUST00084,2025-05-15,55.67,Electronics
CUST00084,2024-12-16,123.4,Clothing
CUST00084,2024-02-21,6.52,Electronics
CUST00084,2025-07-26,165.41,Grocery
CUST00084,2024-08-16,75.33,Travel
CUST00084,2024-09-21,277.89,Electronics
CUST00084,2023-09-29,135.73,Clothing
CUST00084,2024-10-16,60.96,Electronics
CUST00084,2024-03-22,94.06,Travel
CUST00084,2025-05-27,160.61,Travel
CUST00084,2025-01-13,13.92,Grocery
CUST00084,2025-01-14,121.73,Travel
CUST00084,2025-05-03,113.22,Grocery
CUST00084,2023-11-19,62.22,Clothing
CUST00084,2024-11-12,61.56,Travel
CUST00084,2025-06-25,50.55,Clothing
CUST00084,2025-04-02,14.04,Clothing
CUST00084,2024-11-01,62.96,Clothing
CUST00084,2025-07-22,38.93,Travel
CUST00084,2024-05-23,29.24,Grocery
CUST00084,2024-07-04,58.98,Electronics
CUST00084,2024-11-06,22.43,Clothing
CUST00084,2024-11-04,11.77,Travel
CUST00084,2024-10-19,113.94,Grocery
CUST00084,2024-01-30,6.37,Electronics
CUST00084,2023-11-07,43.51,Grocery
CUST00084,2025-07-07,50.41,Grocery
CUST00084,2023-11-18,73.47,Electronics
CUST00084,2024-04-15,97.61,Clothing
CUST00084,2023-07-11,210.73,Grocery
CUST00084,2025-02-22,132.03,Clothing
CUST00084,2023-07-16,15.12,Dining
CUST00084,2025-07-03,382.01,Grocery
CUST00084,2025-01-30,18.38,Clothing
CUST00084,2025-02-12,102.62,Dining
CUST00084,2025-03-23,8.83,Electronics
CUST00084,2025-01-16,15.84,Dining
CUST00085,2023-03-12,24.09,Grocery
CUST00085,2022-06-11,44.24,Dining
CUST00085,2021-12-11,291.55,Electronics
CUST00085,2024-09-10,54.12,Dining
CUST00085,2024-09-08,415.81,Grocery
CUST00085,2022-12-24,104.03,Clothing
CUST00085,2024-07-08,28.8,Grocery
CUST00085,2023-03-07,30.67,Grocery
CUST00085,2024-02-23,88.42,Dining
CUST00085,2025-03-29,56.66,Clothing
CUST00085,2023-05-04,372.59,Electronics
CUST00085,2023-10-22,233.84,Travel
CUST00085,2024-01-09,5.08,Electronics
CUST00085,2024-01-29,15.91,Electronics
CUST00085,2025-03-03,95.76,Dining
CUST00085,2023-06-12,52.5,Clothing
CUST00085,2021-12-18,87.55,Dining
CUST00085,2025-07-05,21.53,Clothing
CUST00085,2024-07-01,44.78,Travel
CUST00085,2023-04-07,9.82,Travel
CUST00085,2022-08-10,25.27,Travel
CUST00085,2024-11-05,43.27,Travel
CUST00085,2023-12-24,103.53,Dining
CUST00085,2023-05-19,52.65,Grocery
CUST00085,2024-11-26,116.11,Travel
CUST00085,2025-01-17,19.1,Grocery
CUST00085,2024-07-14,59.5,Electronics
CUST00085,2024-01-19,54.74,Travel
CUST00085,2023-03-13,63.61,Grocery
CUST00085,2022-07-19,11.02,Travel
CUST00085,2022-02-18,104.42,Electronics
CUST00085,2025-07-30,54.53,Grocery
CUST00085,2022-10-02,28.23,Electronics
CUST00085,2023-01-28,7.4,Clothing
CUST00085,2022-10-08,41.85,Electronics
CUST00085,2023-03-06,40.92,Clothing
CUST00085,2025-04-01,36.67,Electronics
CUST00085,2022-06-14,9.64,Clothing
CUST00085,2022-12-30,5.13,Grocery
CUST00085,2023-06-14,20.67,Travel
CUST00085,2024-04-13,143.47,Dining
CUST00085,2023-02-25,59.91,Grocery
CUST00085,2023-12-30,19.66,Dining
CUST00085,2024-11-18,301.64,Dining
CUST00085,2023-07-02,86.72,Travel
CUST00085,2025-04-05,21.24,Electronics
CUST00085,2023-01-19,72.12,Dining
CUST00085,2024-05-06,56.57,Dining
CUST00085,2022-03-27,15.17,Electronics
CUST00085,2022-04-04,5.33,Grocery
CUST00085,2023-05-29,171.69,Travel
CUST00085,2024-10-07,17.8,Electronics
CUST00085,2023-05-03,64.29,Clothing
CUST00085,2024-02-14,285.4,Electronics
CUST00085,2022-11-20,13.64,Clothing
CUST00085,2022-09-23,181.97,Grocery
CUST00085,2024-02-07,38.71,Electronics
CUST00085,2022-11-28,279.04,Travel
CUST00085,2023-06-05,6.87,Electronics
CUST00085,2024-12-16,64.54,Electronics
CUST00085,2024-02-04,61.49,Grocery
CUST00085,2024-10-17,45.29,Electronics
CUST00085,2024-06-17,18.78,Clothing
CUST00085,2023-06-25,39.13,Dining
CUST00085,2024-10-17,72.42,Grocery
CUST00085,2024-12-29,20.6,Electronics
CUST00085,2024-02-21,123.05,Dining
CUST00085,2023-07-13,249.84,Grocery
CUST00085,2023-01-20,70.63,Dining
CUST00085,2021-12-02,111.0,Dining
CUST00085,2023-01-08,91.35,Electronics
CUST00085,2023-04-20,33.21,Dining
CUST00085,2024-07-21,87.56,Clothing
CUST00085,2024-11-08,60.11,Grocery
CUST00085,2025-04-30,125.01,Dining
CUST00085,2024-04-12,123.95,Electronics
CUST00085,2022-08-20,8.24,Electronics
CUST00085,2024-10-25,37.11,Electronics
CUST00085,2025-01-04,177.11,Travel
CUST00085,2025-07-16,21.88,Dining
CUST00085,2024-07-29,437.18,Dining
CUST00085,2022-11-11,165.22,Clothing
CUST00085,2022-05-30,60.22,Travel
CUST00085,2024-09-18,38.55,Clothing
CUST00085,2022-01-21,33.2,Travel
CUST00085,2022-10-16,8.06,Grocery
CUST00085,2023-03-02,51.12,Clothing
CUST00085,2022-04-01,79.12,Travel
CUST00085,2024-03-04,11.24,Grocery
CUST00085,2022-04-29,5.53,Dining
CUST00085,2025-05-12,28.0,Travel
CUST00085,2024-06-24,178.88,Dining
CUST00085,2024-06-28,85.88,Travel
CUST00085,2025-07-22,90.44,Clothing
CUST00085,2022-11-20,57.83,Electronics
CUST00085,2023-11-30,15.54,Electronics
CUST00085,2023-04-06,71.66,Travel
CUST00085,2023-11-16,145.02,Electronics
CUST00085,2025-05-05,9.75,Grocery
CUST00085,2024-03-03,103.15,Dining
CUST00085,2022-04-02,90.0,Grocery
CUST00085,2023-12-07,7.58,Electronics
CUST00085,2025-02-03,130.94,Electronics
CUST00085,2025-03-22,150.15,Dining
CUST00085,2024-04-19,17.08,Grocery
CUST00085,2022-04-18,193.8,Grocery
CUST00085,2022-09-29,12.4,Clothing
CUST00085,2022-12-06,87.25,Dining
CUST00085,2025-01-09,50.08,Dining
CUST00085,2023-02-25,24.74,Electronics
CUST00085,2024-11-20,35.72,Travel
CUST00085,2022-02-01,56.7,Travel
CUST00085,2024-03-02,15.47,Grocery
CUST00085,2024-12-06,191.26,Electronics
CUST00085,2022-04-09,14.43,Clothing
CUST00085,2022-03-07,19.84,Clothing
CUST00085,2024-09-29,56.44,Travel
CUST00085,2023-11-19,179.34,Travel
CUST00085,2022-01-05,26.05,Electronics
CUST00085,2024-04-08,31.1,Dining
CUST00085,2025-05-24,143.67,Dining
CUST00085,2022-07-28,24.04,Travel
CUST00085,2024-10-05,145.82,Clothing
CUST00085,2024-04-21,43.15,Dining
CUST00085,2022-04-21,28.16,Electronics
CUST00085,2022-07-14,124.36,Travel
CUST00085,2024-05-03,26.35,Dining
CUST00085,2025-04-24,111.12,Clothing
CUST00085,2023-10-09,173.78,Dining
CUST00085,2021-12-29,215.28,Grocery
CUST00085,2024-02-17,21.59,Travel
CUST00085,2022-10-23,103.28,Grocery
CUST00085,2022-01-18,43.03,Travel
CUST00085,2024-12-19,10.24,Electronics
CUST00085,2022-01-11,36.45,Dining
CUST00085,2024-12-11,10.15,Grocery
CUST00085,2022-06-13,232.47,Electronics
CUST00086,2025-02-01,42.29,Clothing
CUST00086,2024-08-13,14.42,Dining
CUST00086,2023-10-10,62.21,Travel
CUST00086,2025-07-10,36.34,Clothing
CUST00086,2023-11-30,296.73,Dining
CUST00086,2023-09-14,38.64,Dining
CUST00086,2024-12-13,82.38,Grocery
CUST00086,2025-06-06,8.46,Grocery
CUST00086,2023-03-31,68.13,Travel
CUST00086,2025-05-23,10.13,Dining
CUST00086,2024-03-14,22.26,Electronics
CUST00086,2025-01-18,85.98,Electronics
CUST00086,2024-03-11,62.03,Electronics
CUST00086,2023-07-08,77.37,Grocery
CUST00086,2024-03-06,110.45,Clothing
CUST00086,2024-06-28,40.04,Clothing
CUST00086,2024-10-21,134.44,Clothing
CUST00086,2023-12-11,93.3,Travel
CUST00086,2025-03-08,44.34,Grocery
CUST00086,2025-07-11,162.8,Dining
CUST00086,2025-04-30,90.89,Dining
CUST00086,2024-04-19,444.98,Clothing
CUST00086,2024-04-18,8.11,Clothing
CUST00086,2024-04-09,375.89,Clothing
CUST00086,2024-12-05,49.03,Dining
CUST00086,2023-11-04,9.27,Clothing
CUST00086,2024-07-03,75.51,Grocery
CUST00086,2025-03-26,446.41,Electronics
CUST00086,2024-08-18,58.64,Electronics
CUST00086,2025-03-02,19.42,Dining
CUST00086,2024-01-24,83.56,Travel
CUST00086,2023-12-27,69.72,Electronics
CUST00086,2024-03-07,48.95,Dining
CUST00086,2024-07-13,25.97,Clothing
CUST00086,2024-09-16,121.08,Travel
CUST00086,2023-07-01,13.61,Travel
CUST00086,2025-06-04,26.31,Dining
CUST00086,2023-12-04,48.18,Grocery
CUST00086,2023-12-22,43.1,Clothing
CUST00086,2024-08-12,27.47,Dining
CUST00086,2024-05-27,108.72,Grocery
CUST00086,2023-08-27,71.44,Grocery
CUST00086,2024-06-14,22.26,Travel
CUST00086,2024-06-24,93.0,Travel
CUST00086,2025-07-24,62.43,Travel
CUST00086,2023-10-06,141.95,Grocery
CUST00086,2024-06-29,130.84,Grocery
CUST00086,2024-10-20,82.66,Dining
CUST00086,2025-07-08,23.77,Dining
CUST00086,2024-09-22,140.43,Travel
CUST00086,2024-03-07,230.11,Dining
CUST00086,2024-03-26,243.5,Grocery
CUST00086,2024-02-19,10.04,Travel
CUST00086,2025-06-24,29.54,Electronics
CUST00086,2024-01-12,19.08,Travel
CUST00086,2023-08-15,123.61,Electronics
CUST00086,2023-11-09,58.4,Grocery
CUST00086,2025-05-11,28.54,Grocery
CUST00086,2023-05-10,83.32,Dining
CUST00086,2025-03-28,25.12,Clothing
CUST00086,2023-01-17,69.51,Dining
CUST00086,2025-03-20,106.81,Electronics
CUST00086,2023-04-14,220.26,Clothing
CUST00086,2023-11-04,16.83,Electronics
CUST00086,2023-05-26,14.94,Dining
CUST00086,2024-04-16,68.95,Travel
CUST00086,2024-07-30,97.71,Dining
CUST00086,2024-10-30,24.41,Dining
CUST00087,2023-12-01,91.69,Clothing
CUST00087,2025-03-25,37.04,Electronics
CUST00087,2021-11-18,47.81,Grocery
CUST00087,2024-01-07,186.9,Electronics
CUST00087,2021-05-10,234.05,Dining
CUST00087,2024-10-04,104.87,Grocery
CUST00087,2023-06-01,7.39,Travel
CUST00087,2021-12-21,128.52,Electronics
CUST00087,2022-02-07,235.46,Clothing
CUST00087,2023-04-17,119.91,Grocery
CUST00087,2024-07-30,160.45,Dining
CUST00087,2023-04-25,216.32,Grocery
CUST00087,2025-03-17,59.4,Dining
CUST00087,2024-03-31,18.16,Grocery
CUST00087,2023-06-03,140.64,Travel
CUST00087,2022-06-26,192.09,Electronics
CUST00087,2023-12-23,95.18,Dining
CUST00087,2023-10-14,12.42,Electronics
CUST00087,2024-01-16,102.14,Travel
CUST00087,2024-12-02,38.25,Dining
CUST00087,2024-01-27,73.66,Dining
CUST00087,2023-02-13,32.67,Clothing
CUST00087,2022-04-20,26.13,Travel
CUST00087,2023-01-21,46.85,Grocery
CUST00087,2022-05-06,51.91,Travel
CUST00087,2023-12-21,14.62,Electronics
CUST00087,2022-08-10,44.85,Grocery
CUST00087,2021-08-14,9.12,Dining
CUST00087,2021-11-25,99.21,Clothing
CUST00087,2024-06-28,37.0,Travel
CUST00087,2021-09-23,7.81,Travel
CUST00087,2025-04-21,34.17,Travel
CUST00087,2023-08-18,210.85,Clothing
CUST00087,2025-02-05,66.59,Electronics
CUST00087,2022-05-19,45.34,Dining
CUST00087,2025-07-03,101.88,Clothing
CUST00087,2025-07-16,49.87,Travel
CUST00087,2024-01-15,29.37,Clothing
CUST00087,2023-05-04,18.04,Grocery
CUST00087,2022-02-03,153.9,Travel
CUST00087,2024-01-07,7.35,Electronics
CUST00087,2021-05-31,16.19,Grocery
CUST00087,2025-06-08,13.51,Travel
CUST00087,2023-06-25,24.24,Electronics
CUST00087,2022-03-25,61.02,Clothing
CUST00087,2023-08-11,44.41,Travel
CUST00087,2024-09-21,16.28,Travel
CUST00087,2025-04-06,112.44,Grocery
CUST00087,2024-11-01,13.54,Grocery
CUST00087,2022-07-31,129.69,Dining
CUST00087,2022-03-22,146.4,Dining
CUST00087,2022-11-19,158.09,Clothing
CUST00087,2023-01-26,263.46,Grocery
CUST00087,2021-08-12,24.6,Travel
CUST00087,2021-07-22,71.35,Dining
CUST00087,2021-08-13,91.37,Dining
CUST00087,2022-03-11,59.91,Grocery
CUST00087,2025-03-06,27.54,Travel
CUST00087,2023-02-15,163.15,Travel
CUST00087,2025-05-28,9.42,Clothing
CUST00087,2023-01-17,24.67,Dining
CUST00087,2022-03-03,198.09,Grocery
CUST00087,2022-06-10,94.92,Clothing
CUST00087,2024-09-05,71.08,Dining
CUST00087,2023-06-11,161.12,Grocery
CUST00087,2021-07-15,27.89,Electronics
CUST00087,2024-02-23,236.74,Clothing
CUST00087,2023-08-16,21.45,Clothing
CUST00087,2023-10-04,30.41,Travel
CUST00087,2023-04-16,35.95,Dining
CUST00087,2022-04-27,65.62,Grocery
CUST00087,2023-02-05,87.25,Grocery
CUST00087,2025-02-16,411.01,Clothing
CUST00087,2024-09-23,106.83,Travel
CUST00087,2024-10-29,15.14,Travel
CUST00087,2023-02-11,98.24,Grocery
CUST00087,2021-09-03,210.24,Clothing
CUST00087,2024-01-06,185.65,Grocery
CUST00087,2022-03-31,84.41,Clothing
CUST00087,2024-09-04,57.13,Travel
CUST00087,2024-02-10,12.39,Travel
CUST00087,2024-06-11,6.5,Dining
CUST00087,2022-05-31,6.66,Electronics
CUST00087,2024-03-22,77.12,Travel
CUST00087,2025-04-27,28.08,Grocery
CUST00087,2022-12-30,125.42,Grocery
CUST00087,2021-11-21,11.77,Electronics
CUST00087,2024-12-21,103.89,Electronics
CUST00087,2024-12-11,118.45,Clothing
CUST00087,2025-07-06,383.47,Grocery
CUST00087,2024-04-15,136.38,Clothing
CUST00087,2021-07-31,241.32,Grocery
CUST00087,2024-08-12,49.25,Dining
CUST00088,2025-05-17,109.58,Travel
CUST00088,2025-07-13,73.71,Clothing
CUST00088,2025-06-23,76.13,Dining
CUST00088,2025-07-04,45.97,Travel
CUST00088,2025-03-31,51.26,Travel
CUST00088,2025-05-03,56.19,Electronics
CUST00088,2025-07-18,186.99,Grocery
CUST00088,2025-04-04,173.49,Travel
CUST00088,2025-06-25,63.15,Travel
CUST00088,2025-04-29,43.35,Dining
CUST00088,2025-06-30,329.9,Grocery
CUST00088,2025-08-01,11.5,Travel
CUST00088,2025-06-13,73.08,Travel
CUST00088,2025-03-31,94.49,Dining
CUST00088,2025-05-04,82.87,Dining
CUST00088,2025-04-01,73.24,Electronics
CUST00088,2025-04-04,15.6,Dining
CUST00088,2025-06-22,145.63,Travel
CUST00088,2025-04-29,16.53,Electronics
CUST00088,2025-06-01,41.29,Electronics
CUST00088,2025-06-03,81.26,Electronics
CUST00088,2025-07-21,177.03,Grocery
CUST00088,2025-05-16,128.53,Grocery
CUST00088,2025-04-10,205.97,Grocery
CUST00088,2025-07-04,262.19,Grocery
CUST00088,2025-04-17,35.13,Dining
CUST00088,2025-05-14,11.53,Dining
CUST00088,2025-06-01,130.39,Grocery
CUST00088,2025-06-29,29.47,Electronics
CUST00088,2025-05-01,62.18,Travel
CUST00088,2025-05-16,47.73,Dining
CUST00088,2025-04-20,76.98,Dining
CUST00088,2025-08-01,291.12,Grocery
CUST00088,2025-05-04,145.11,Grocery
CUST00088,2025-04-22,41.35,Electronics
CUST00088,2025-07-12,138.79,Electronics
CUST00088,2025-06-07,185.32,Dining
CUST00088,2025-05-17,49.83,Travel
CUST00088,2025-04-11,24.05,Electronics
CUST00088,2025-05-26,100.0,Electronics
CUST00088,2025-03-21,124.77,Electronics
CUST00088,2025-06-30,109.28,Electronics
CUST00088,2025-05-16,199.17,Clothing
CUST00088,2025-04-25,52.46,Clothing
CUST00088,2025-06-16,107.65,Travel
CUST00088,2025-03-25,110.63,Clothing
CUST00088,2025-07-05,70.09,Clothing
CUST00088,2025-05-01,8.39,Grocery
CUST00088,2025-03-26,8.35,Grocery
CUST00088,2025-07-02,30.13,Dining
CUST00088,2025-04-28,51.65,Electronics
CUST00088,2025-07-25,329.91,Dining
CUST00088,2025-04-13,134.68,Grocery
CUST00088,2025-04-06,189.52,Clothing
CUST00088,2025-06-28,46.27,Dining
CUST00088,2025-06-15,114.42,Dining
CUST00088,2025-04-03,13.81,Dining
CUST00088,2025-07-18,30.13,Electronics
CUST00088,2025-05-13,66.53,Electronics
CUST00088,2025-07-06,100.06,Dining
CUST00088,2025-04-24,15.85,Grocery
CUST00088,2025-04-17,62.63,Clothing
CUST00088,2025-04-10,101.1,Travel
CUST00088,2025-04-06,6.15,Electronics
CUST00088,2025-06-12,19.5,Dining
CUST00088,2025-03-21,8.42,Travel
CUST00088,2025-08-01,37.97,Clothing
CUST00088,2025-06-30,13.11,Clothing
CUST00088,2025-04-03,42.03,Clothing
CUST00088,2025-07-21,33.1,Dining
CUST00088,2025-05-19,9.62,Grocery
CUST00088,2025-07-27,49.04,Grocery
CUST00088,2025-07-28,261.53,Grocery
CUST00088,2025-04-01,106.3,Clothing
CUST00088,2025-06-30,45.7,Travel
CUST00088,2025-06-26,753.05,Dining
CUST00088,2025-07-21,43.33,Grocery
CUST00088,2025-06-30,22.94,Clothing
CUST00088,2025-07-21,31.36,Clothing
CUST00088,2025-05-13,76.7,Electronics
CUST00088,2025-07-19,6.09,Electronics
CUST00088,2025-07-28,60.28,Electronics
CUST00088,2025-06-25,109.45,Electronics
CUST00088,2025-04-15,21.07,Grocery
CUST00088,2025-06-11,165.33,Clothing
CUST00088,2025-06-30,128.09,Travel
CUST00088,2025-04-25,102.51,Clothing
CUST00088,2025-07-06,501.6,Clothing
CUST00088,2025-04-06,154.44,Electronics
CUST00088,2025-04-28,90.83,Grocery
CUST00088,2025-05-29,17.71,Grocery
CUST00088,2025-05-26,48.26,Clothing
CUST00088,2025-04-10,32.21,Grocery
CUST00088,2025-07-10,46.67,Grocery
CUST00088,2025-04-15,32.91,Travel
CUST00088,2025-04-24,184.48,Clothing
CUST00088,2025-05-04,60.57,Clothing
CUST00088,2025-06-01,197.93,Clothing
CUST00089,2025-07-27,44.72,Clothing
CUST00089,2025-07-31,9.43,Travel
CUST00089,2025-08-01,377.78,Clothing
CUST00089,2025-08-01,16.52,Clothing
CUST00089,2025-07-31,26.75,Electronics
CUST00089,2025-07-27,37.78,Travel
CUST00089,2025-07-27,14.06,Dining
CUST00089,2025-07-27,74.9,Travel
CUST00089,2025-07-26,28.59,Grocery
CUST00089,2025-07-28,46.8,Electronics
CUST00089,2025-07-26,180.63,Electronics
CUST00089,2025-07-29,94.38,Electronics
CUST00089,2025-07-29,13.15,Grocery
CUST00089,2025-07-29,41.35,Dining
CUST00089,2025-07-27,10.2,Electronics
CUST00089,2025-07-31,94.58,Electronics
CUST00089,2025-07-30,61.82,Clothing
CUST00089,2025-08-01,72.15,Electronics
CUST00089,2025-07-31,33.84,Electronics
CUST00089,2025-07-29,155.01,Clothing
CUST00089,2025-07-27,101.22,Clothing
CUST00089,2025-07-31,110.64,Travel
CUST00089,2025-07-31,32.26,Travel
CUST00089,2025-07-28,31.13,Electronics
CUST00089,2025-07-31,67.19,Travel
CUST00089,2025-07-31,11.07,Grocery
CUST00089,2025-07-29,72.81,Grocery
CUST00089,2025-07-26,40.9,Grocery
CUST00089,2025-07-31,56.68,Electronics
CUST00089,2025-07-27,73.03,Clothing
CUST00089,2025-07-27,345.89,Dining
CUST00089,2025-07-31,23.54,Clothing
CUST00089,2025-07-30,15.31,Dining
CUST00089,2025-07-31,57.0,Dining
CUST00089,2025-07-30,37.92,Travel
CUST00089,2025-07-27,579.95,Clothing
CUST00089,2025-07-28,49.11,Electronics
CUST00089,2025-07-30,21.71,Travel
CUST00089,2025-07-31,42.86,Electronics
CUST00089,2025-07-30,15.74,Grocery
CUST00089,2025-07-27,74.85,Travel
CUST00089,2025-07-30,10.49,Clothing
CUST00089,2025-07-26,196.14,Grocery
CUST00089,2025-07-30,43.64,Dining
CUST00089,2025-07-30,56.91,Grocery
CUST00089,2025-07-31,249.32,Travel
CUST00089,2025-07-26,75.1,Travel
CUST00089,2025-08-01,13.35,Clothing
CUST00089,2025-07-29,177.08,Dining
CUST00089,2025-07-30,115.42,Travel
CUST00089,2025-07-27,296.45,Grocery
CUST00089,2025-07-27,47.01,Travel
CUST00089,2025-07-30,119.11,Clothing
CUST00089,2025-07-28,131.67,Travel
CUST00089,2025-07-30,15.9,Clothing
CUST00089,2025-07-28,71.84,Grocery
CUST00089,2025-07-30,23.39,Clothing
CUST00089,2025-07-30,190.19,Travel
CUST00089,2025-08-01,9.26,Clothing
CUST00089,2025-07-29,72.61,Grocery
CUST00089,2025-07-26,370.49,Dining
CUST00089,2025-07-26,34.49,Dining
CUST00089,2025-08-01,16.93,Travel
CUST00089,2025-07-29,52.84,Dining
CUST00089,2025-07-26,28.55,Clothing
CUST00089,2025-07-31,16.86,Electronics
CUST00089,2025-07-28,15.63,Clothing
CUST00089,2025-07-30,41.86,Travel
CUST00089,2025-07-28,116.13,Electronics
CUST00089,2025-07-29,6.98,Dining
CUST00089,2025-08-01,337.78,Clothing
CUST00089,2025-07-31,34.94,Grocery
CUST00089,2025-07-31,146.19,Travel
CUST00089,2025-07-27,36.46,Travel
CUST00089,2025-07-30,64.14,Grocery
CUST00089,2025-07-30,47.07,Electronics
CUST00089,2025-07-31,77.01,Clothing
CUST00089,2025-07-27,23.42,Travel
CUST00089,2025-07-27,116.92,Travel
CUST00089,2025-07-30,101.7,Electronics
CUST00089,2025-07-26,15.9,Travel
CUST00089,2025-08-01,21.2,Clothing
CUST00089,2025-08-01,33.13,Electronics
CUST00089,2025-07-31,26.6,Travel
CUST00089,2025-07-29,17.1,Grocery
CUST00089,2025-08-01,161.43,Clothing
CUST00089,2025-07-31,178.14,Grocery
CUST00089,2025-07-28,43.16,Grocery
CUST00089,2025-08-01,137.39,Electronics
CUST00089,2025-07-30,7.96,Grocery
CUST00089,2025-07-31,55.82,Travel
CUST00089,2025-07-28,11.85,Electronics
CUST00089,2025-07-29,26.37,Grocery
CUST00089,2025-07-29,285.72,Electronics
CUST00089,2025-07-27,92.26,Electronics
CUST00089,2025-07-26,13.77,Electronics
CUST00089,2025-07-31,95.82,Grocery
CUST00089,2025-07-27,32.75,Electronics
CUST00089,2025-07-28,7.27,Grocery
CUST00089,2025-08-01,179.92,Electronics
CUST00089,2025-07-30,120.97,Clothing
CUST00089,2025-07-31,67.69,Electronics
CUST00089,2025-07-31,88.78,Electronics
CUST00089,2025-08-01,103.17,Clothing
CUST00089,2025-07-30,26.77,Clothing
CUST00089,2025-07-26,133.56,Electronics
CUST00089,2025-07-31,42.1,Travel
CUST00089,2025-07-31,10.5,Clothing
CUST00089,2025-07-26,155.59,Travel
CUST00089,2025-08-01,59.33,Electronics
CUST00089,2025-08-01,11.13,Dining
CUST00089,2025-07-31,23.08,Travel
CUST00090,2025-06-10,59.56,Electronics
CUST00090,2024-05-09,110.33,Clothing
CUST00090,2024-05-31,115.91,Clothing
CUST00090,2025-05-29,21.22,Grocery
CUST00090,2025-08-01,97.01,Electronics
CUST00090,2024-04-12,71.31,Dining
CUST00090,2024-11-23,186.17,Electronics
CUST00090,2025-01-10,99.69,Electronics
CUST00090,2025-04-23,145.0,Clothing
CUST00090,2024-05-14,127.72,Electronics
CUST00090,2024-07-06,254.21,Travel
CUST00090,2025-04-29,27.36,Travel
CUST00090,2024-02-10,245.46,Dining
CUST00090,2024-04-02,50.34,Dining
CUST00090,2024-04-11,14.57,Dining
CUST00090,2025-07-11,52.73,Grocery
CUST00090,2024-05-31,17.62,Grocery
CUST00090,2024-07-26,21.0,Grocery
CUST00090,2024-06-01,66.67,Dining
CUST00090,2024-07-03,34.7,Travel
CUST00090,2025-04-17,12.73,Travel
CUST00090,2025-07-12,88.82,Clothing
CUST00090,2024-10-22,56.47,Travel
CUST00090,2024-11-04,16.35,Grocery
CUST00090,2025-03-12,62.34,Electronics
CUST00090,2024-06-11,99.14,Electronics
CUST00090,2024-05-08,127.08,Electronics
CUST00090,2024-10-04,5.64,Electronics
CUST00090,2025-05-13,128.82,Travel
CUST00090,2024-03-02,92.86,Grocery
CUST00090,2024-06-10,140.39,Dining
CUST00090,2025-05-16,44.76,Grocery
CUST00090,2025-04-14,325.3,Grocery
CUST00090,2024-07-21,21.41,Electronics
CUST00090,2024-03-19,25.12,Clothing
CUST00090,2024-07-03,131.98,Electronics
CUST00090,2025-03-21,130.77,Travel
CUST00090,2024-12-20,48.28,Electronics
CUST00090,2024-08-03,23.62,Clothing
CUST00090,2025-07-08,252.12,Travel
CUST00090,2025-01-26,30.74,Clothing
CUST00090,2025-03-09,5.13,Travel
CUST00090,2025-02-25,113.51,Electronics
CUST00090,2024-09-29,146.76,Grocery
CUST00090,2024-12-21,19.12,Electronics
CUST00090,2024-07-01,81.07,Grocery
CUST00090,2024-06-16,102.12,Clothing
CUST00090,2025-03-02,49.35,Clothing
CUST00090,2025-01-01,9.26,Travel
CUST00090,2024-04-08,50.01,Travel
CUST00090,2024-03-09,84.54,Travel
CUST00090,2024-11-28,85.49,Travel
CUST00090,2025-07-07,28.62,Travel
CUST00090,2024-07-20,46.74,Dining
CUST00090,2024-05-17,27.15,Electronics
CUST00090,2024-11-15,39.21,Clothing
CUST00090,2024-10-30,27.63,Clothing
CUST00090,2025-01-05,155.68,Clothing
CUST00090,2025-05-10,9.9,Electronics
CUST00090,2025-05-13,19.46,Electronics
CUST00090,2024-10-11,75.61,Grocery
CUST00090,2024-12-31,52.83,Travel
CUST00090,2025-06-11,327.52,Travel
CUST00090,2024-11-30,50.3,Travel
CUST00090,2024-11-20,44.31,Travel
CUST00090,2025-02-11,46.8,Clothing
CUST00090,2024-07-16,20.0,Electronics
CUST00090,2024-03-20,161.21,Dining
CUST00090,2024-03-31,14.69,Clothing
CUST00090,2024-07-09,99.94,Travel
CUST00090,2025-05-18,5.46,Grocery
CUST00090,2025-06-05,110.62,Grocery
CUST00090,2025-07-21,223.71,Travel
CUST00090,2025-07-22,26.59,Travel
CUST00090,2025-03-27,7.56,Electronics
CUST00090,2024-10-21,114.44,Clothing
CUST00090,2024-03-08,257.84,Dining
CUST00090,2025-01-08,73.59,Clothing
CUST00090,2024-04-03,152.34,Clothing
CUST00090,2024-06-12,161.8,Grocery
CUST00090,2025-06-27,42.18,Clothing
CUST00090,2024-10-28,52.36,Dining
CUST00090,2024-07-25,37.02,Dining
CUST00090,2024-08-19,48.09,Clothing
CUST00090,2024-07-21,115.17,Clothing
CUST00090,2024-02-12,100.97,Electronics
CUST00090,2024-10-25,92.08,Travel
CUST00090,2024-10-21,29.72,Dining
CUST00090,2024-07-21,14.68,Electronics
CUST00090,2024-05-27,45.13,Grocery
CUST00090,2025-02-09,17.46,Electronics
CUST00090,2025-02-23,8.23,Grocery
CUST00090,2025-03-03,44.55,Dining
CUST00090,2024-12-21,64.37,Electronics
CUST00090,2025-07-30,127.12,Clothing
CUST00090,2025-06-20,17.94,Dining
CUST00090,2025-02-22,155.73,Grocery
CUST00090,2025-02-10,28.25,Clothing
CUST00090,2024-10-05,48.09,Travel
CUST00090,2024-05-20,21.1,Grocery
CUST00090,2024-04-19,47.51,Grocery
CUST00090,2024-04-15,372.73,Travel
CUST00090,2024-03-22,9.38,Travel
CUST00091,2022-10-14,24.68,Travel
CUST00091,2024-04-13,272.37,Electronics
CUST00091,2024-03-12,128.84,Grocery
CUST00091,2024-12-27,9.98,Grocery
CUST00091,2024-12-08,114.04,Clothing
CUST00091,2025-01-16,28.36,Grocery
CUST00091,2023-05-02,110.66,Clothing
CUST00091,2025-02-08,5.04,Electronics
CUST00091,2025-04-19,62.21,Grocery
CUST00091,2025-06-09,24.35,Dining
CUST00091,2022-05-25,20.86,Clothing
CUST00091,2022-12-04,6.34,Electronics
CUST00091,2023-02-18,152.63,Dining
CUST00091,2025-07-21,39.98,Grocery
CUST00091,2024-05-08,16.93,Travel
CUST00091,2024-09-14,35.49,Grocery
CUST00091,2025-06-28,145.28,Dining
CUST00091,2023-11-05,65.49,Clothing
CUST00091,2024-02-12,12.72,Electronics
CUST00091,2023-09-13,51.19,Dining
CUST00091,2025-02-28,190.93,Electronics
CUST00091,2024-11-08,16.16,Grocery
CUST00091,2024-03-30,116.05,Grocery
CUST00091,2025-06-23,15.77,Grocery
CUST00091,2022-11-10,5.74,Clothing
CUST00091,2024-06-05,109.85,Grocery
CUST00091,2023-01-04,8.14,Grocery
CUST00091,2022-04-17,105.65,Travel
CUST00091,2025-01-11,32.98,Clothing
CUST00091,2025-05-01,318.99,Dining
CUST00091,2023-06-09,61.97,Grocery
CUST00091,2025-05-06,152.21,Grocery
CUST00091,2024-11-17,74.63,Dining
CUST00091,2025-03-25,42.4,Dining
CUST00091,2025-07-28,19.03,Travel
CUST00091,2025-01-03,87.18,Clothing
CUST00091,2022-09-15,18.77,Travel
CUST00091,2024-06-13,6.52,Travel
CUST00091,2025-07-22,70.64,Travel
CUST00091,2024-04-24,59.89,Travel
CUST00091,2022-12-21,108.92,Dining
CUST00091,2025-06-02,207.18,Dining
CUST00091,2024-03-15,14.48,Grocery
CUST00091,2023-09-23,35.15,Grocery
CUST00091,2023-12-16,42.84,Electronics
CUST00091,2022-04-22,5.13,Travel
CUST00091,2023-12-16,95.32,Travel
CUST00091,2024-08-05,241.83,Electronics
CUST00091,2025-05-22,33.27,Grocery
CUST00091,2024-08-24,245.91,Electronics
CUST00091,2022-09-05,102.54,Electronics
CUST00091,2024-06-24,16.79,Dining
CUST00091,2024-10-02,160.7,Dining
CUST00091,2024-04-11,12.44,Travel
CUST00091,2024-07-04,58.88,Electronics
CUST00091,2023-04-20,170.94,Grocery
CUST00091,2023-08-18,60.76,Grocery
CUST00091,2024-09-10,21.2,Travel
CUST00091,2024-10-06,50.52,Electronics
CUST00091,2023-07-20,53.44,Clothing
CUST00091,2022-10-21,56.47,Travel
CUST00091,2025-05-30,95.54,Clothing
CUST00091,2023-03-17,31.66,Electronics
CUST00091,2024-12-03,7.2,Grocery
CUST00091,2022-05-12,181.44,Electronics
CUST00091,2023-12-14,10.05,Dining
CUST00091,2023-11-22,72.82,Travel
CUST00091,2024-04-06,103.47,Grocery
CUST00091,2023-08-04,11.82,Travel
CUST00091,2023-10-13,242.82,Clothing
CUST00091,2023-12-27,115.95,Clothing
CUST00091,2023-05-03,58.28,Dining
CUST00091,2025-07-16,5.13,Electronics
CUST00091,2022-11-22,40.88,Dining
CUST00091,2024-05-24,151.53,Travel
CUST00091,2023-09-11,38.96,Clothing
CUST00091,2022-04-26,11.04,Electronics
CUST00091,2022-06-06,13.03,Grocery
CUST00091,2025-02-15,69.98,Electronics
CUST00091,2024-08-28,15.34,Clothing
CUST00091,2025-04-10,64.17,Electronics
CUST00091,2022-07-16,38.56,Dining
CUST00091,2024-05-15,141.49,Electronics
CUST00091,2022-12-08,46.32,Travel
CUST00091,2023-02-19,38.47,Grocery
CUST00091,2025-01-19,85.22,Grocery
CUST00091,2024-07-02,111.17,Clothing
CUST00091,2022-07-28,127.64,Travel
CUST00091,2023-12-20,81.35,Grocery
CUST00091,2022-08-28,53.23,Grocery
CUST00091,2023-02-08,106.83,Dining
CUST00091,2024-08-09,14.29,Electronics
CUST00091,2024-09-17,137.56,Clothing
CUST00091,2024-09-13,332.84,Dining
CUST00091,2023-10-25,428.03,Electronics
CUST00091,2025-02-26,67.59,Clothing
CUST00091,2024-06-08,23.4,Dining
CUST00091,2025-07-21,20.96,Clothing
CUST00091,2022-05-27,79.5,Electronics
CUST00091,2024-04-12,10.51,Grocery
CUST00091,2022-07-02,233.69,Electronics
CUST00091,2024-09-05,8.48,Travel
CUST00091,2024-07-09,9.69,Dining
CUST00091,2024-07-28,36.87,Grocery
CUST00091,2023-08-02,17.66,Clothing
CUST00091,2025-06-30,32.21,Travel
CUST00091,2023-04-13,23.88,Dining
CUST00092,2021-10-18,42.85,Travel
CUST00092,2022-02-14,13.32,Travel
CUST00092,2025-07-06,44.21,Electronics
CUST00092,2025-05-30,78.11,Dining
CUST00092,2022-08-01,128.38,Dining
CUST00092,2023-07-23,355.57,Clothing
CUST00092,2023-06-18,38.83,Travel
CUST00092,2024-01-17,136.5,Grocery
CUST00092,2023-12-29,56.0,Travel
CUST00092,2024-04-19,9.41,Electronics
CUST00092,2023-11-08,108.57,Electronics
CUST00092,2025-04-17,64.48,Grocery
CUST00092,2025-02-06,27.98,Grocery
CUST00092,2022-08-22,203.91,Travel
CUST00092,2022-07-03,87.72,Clothing
CUST00092,2025-02-26,9.24,Electronics
CUST00092,2024-07-28,156.21,Grocery
CUST00092,2021-09-12,75.56,Dining
CUST00092,2025-02-18,162.92,Dining
CUST00092,2022-08-07,203.75,Travel
CUST00092,2025-08-01,90.61,Travel
CUST00092,2023-10-25,29.78,Dining
CUST00092,2024-03-21,77.03,Travel
CUST00092,2024-01-17,116.55,Clothing
CUST00092,2023-03-02,20.49,Electronics
CUST00092,2023-05-07,166.64,Grocery
CUST00092,2022-05-01,45.29,Grocery
CUST00092,2025-07-02,5.42,Clothing
CUST00092,2023-07-01,8.45,Travel
CUST00092,2024-01-24,89.76,Electronics
CUST00092,2024-11-16,62.87,Grocery
CUST00092,2025-03-07,9.69,Dining
CUST00092,2023-02-12,29.58,Grocery
CUST00092,2024-01-29,99.88,Grocery
CUST00092,2022-11-01,38.18,Dining
CUST00092,2022-06-08,76.53,Grocery
CUST00092,2023-11-09,13.45,Grocery
CUST00092,2023-12-10,17.01,Clothing
CUST00092,2021-12-08,40.49,Electronics
CUST00092,2021-08-22,15.52,Dining
CUST00092,2022-10-18,94.83,Dining
CUST00092,2024-08-26,20.33,Electronics
CUST00092,2024-04-12,204.82,Grocery
CUST00092,2021-12-04,80.42,Dining
CUST00092,2025-05-18,42.55,Travel
CUST00092,2022-03-07,74.81,Travel
CUST00092,2024-02-27,154.8,Travel
CUST00092,2024-02-01,282.9,Clothing
CUST00092,2023-12-31,28.55,Grocery
CUST00092,2021-12-13,30.93,Travel
CUST00092,2022-11-11,252.04,Clothing
CUST00092,2022-07-17,158.39,Electronics
CUST00092,2022-03-10,160.77,Dining
CUST00092,2024-07-20,182.19,Dining
CUST00092,2023-03-08,176.17,Dining
CUST00092,2022-08-29,17.62,Clothing
CUST00092,2022-09-06,122.26,Electronics
CUST00092,2025-04-25,12.19,Dining
CUST00092,2022-10-02,7.02,Grocery
CUST00092,2024-12-09,75.57,Dining
CUST00092,2021-07-11,84.19,Clothing
CUST00092,2025-01-08,94.42,Electronics
CUST00092,2022-07-07,38.43,Grocery
CUST00092,2021-11-13,156.95,Travel
CUST00092,2023-08-26,197.83,Clothing
CUST00092,2025-03-14,15.93,Electronics
CUST00092,2022-10-18,127.87,Electronics
CUST00092,2022-02-12,50.92,Electronics
CUST00092,2022-02-26,149.65,Electronics
CUST00092,2023-02-13,5.75,Electronics
CUST00092,2024-05-08,203.18,Grocery
CUST00092,2024-11-30,88.11,Clothing
CUST00092,2024-08-25,42.57,Clothing
CUST00092,2023-03-29,24.09,Clothing
CUST00092,2022-08-09,82.64,Electronics
CUST00092,2023-11-01,33.75,Clothing
CUST00092,2024-07-21,78.99,Dining
CUST00092,2023-08-09,19.93,Travel
CUST00092,2023-09-23,205.27,Electronics
CUST00092,2022-03-16,32.99,Travel
CUST00092,2023-03-06,107.73,Travel
CUST00092,2025-07-07,25.3,Grocery
CUST00092,2024-01-14,151.89,Clothing
CUST00092,2023-10-18,35.62,Electronics
CUST00092,2025-06-11,209.81,Travel
CUST00092,2023-02-18,92.52,Travel
CUST00092,2025-01-14,39.83,Clothing
CUST00092,2023-10-11,183.57,Electronics
CUST00092,2023-02-18,69.68,Clothing
CUST00092,2023-01-06,8.58,Travel
CUST00092,2025-06-21,43.92,Travel
CUST00092,2022-10-18,104.19,Grocery
CUST00092,2023-08-02,265.94,Clothing
CUST00092,2022-01-11,156.1,Grocery
CUST00092,2021-10-20,82.51,Clothing
CUST00092,2024-08-01,86.83,Dining
CUST00092,2025-07-11,36.15,Clothing
CUST00092,2023-04-25,63.0,Travel
CUST00092,2022-09-07,60.79,Electronics
CUST00092,2024-05-24,15.09,Grocery
CUST00092,2022-05-21,7.15,Clothing
CUST00092,2021-11-16,34.57,Travel
CUST00092,2022-01-13,13.09,Grocery
CUST00092,2022-04-01,5.97,Clothing
CUST00093,2024-06-04,76.17,Electronics
CUST00093,2024-01-29,46.03,Dining
CUST00093,2025-03-04,40.26,Travel
CUST00093,2025-04-11,24.56,Grocery
CUST00093,2024-08-30,23.61,Grocery
CUST00093,2024-02-12,55.02,Electronics
CUST00093,2023-12-27,80.34,Dining
CUST00093,2025-03-06,51.95,Clothing
CUST00093,2023-10-26,115.05,Electronics
CUST00093,2023-11-16,62.17,Electronics
CUST00093,2024-05-17,9.02,Dining
CUST00093,2024-08-06,48.04,Travel
CUST00093,2023-11-18,250.14,Clothing
CUST00093,2024-12-25,100.29,Clothing
CUST00093,2024-03-08,25.1,Travel
CUST00093,2024-06-11,138.42,Clothing
CUST00093,2025-03-28,62.64,Grocery
CUST00093,2025-04-13,12.33,Clothing
CUST00093,2024-02-17,160.16,Dining
CUST00093,2025-05-13,8.03,Electronics
CUST00093,2024-10-08,179.68,Travel
CUST00093,2023-07-22,167.16,Travel
CUST00093,2024-12-23,36.14,Travel
CUST00093,2024-06-15,10.85,Dining
CUST00093,2024-04-13,13.03,Dining
CUST00093,2024-04-21,22.16,Electronics
CUST00093,2024-05-01,12.37,Clothing
CUST00093,2024-06-29,14.26,Clothing
CUST00093,2024-04-17,39.08,Clothing
CUST00093,2025-06-30,20.11,Grocery
CUST00093,2024-10-26,162.4,Travel
CUST00093,2023-08-14,61.32,Dining
CUST00093,2025-05-06,25.37,Clothing
CUST00093,2023-08-01,52.44,Grocery
CUST00093,2024-08-10,6.23,Grocery
CUST00093,2024-09-09,89.89,Electronics
CUST00093,2023-07-30,92.92,Clothing
CUST00093,2025-05-22,43.13,Clothing
CUST00093,2023-09-15,87.11,Travel
CUST00093,2024-01-03,43.74,Clothing
CUST00093,2024-06-05,176.52,Electronics
CUST00093,2024-02-20,89.06,Clothing
CUST00093,2025-01-19,29.99,Electronics
CUST00093,2025-02-13,158.33,Travel
CUST00093,2024-08-09,50.35,Dining
CUST00093,2024-11-24,14.39,Dining
CUST00093,2024-08-26,32.34,Dining
CUST00093,2025-01-02,67.07,Travel
CUST00093,2025-03-02,35.66,Electronics
CUST00093,2024-09-09,33.28,Dining
CUST00093,2024-02-13,97.27,Grocery
CUST00093,2024-09-10,102.12,Clothing
CUST00093,2023-07-30,11.38,Travel
CUST00093,2023-10-16,44.14,Clothing
CUST00093,2024-05-10,9.57,Grocery
CUST00093,2023-09-15,15.61,Travel
CUST00093,2025-04-14,68.42,Grocery
CUST00093,2024-01-05,133.61,Clothing
CUST00093,2024-03-10,67.41,Travel
CUST00093,2025-03-10,159.3,Travel
CUST00093,2025-01-12,35.73,Dining
CUST00093,2024-03-13,106.12,Electronics
CUST00093,2023-08-21,25.4,Travel
CUST00093,2023-08-12,28.9,Clothing
CUST00093,2025-07-23,32.16,Electronics
CUST00093,2023-10-27,54.97,Dining
CUST00093,2024-06-23,171.17,Clothing
CUST00093,2025-02-04,55.76,Clothing
CUST00093,2024-04-17,68.74,Travel
CUST00093,2024-12-27,26.7,Electronics
CUST00093,2023-12-10,48.14,Travel
CUST00093,2023-12-19,72.44,Clothing
CUST00093,2024-09-21,37.65,Travel
CUST00093,2024-09-08,67.67,Electronics
CUST00093,2024-08-10,50.87,Electronics
CUST00093,2024-09-02,17.96,Grocery
CUST00093,2024-01-31,23.73,Travel
CUST00093,2024-12-16,23.46,Electronics
CUST00093,2024-04-05,5.25,Clothing
CUST00093,2024-10-06,49.48,Grocery
CUST00093,2024-03-26,60.19,Electronics
CUST00093,2024-01-19,80.54,Electronics
CUST00093,2023-12-29,28.23,Electronics
CUST00093,2024-02-25,24.95,Grocery
CUST00093,2023-09-10,131.62,Dining
CUST00093,2024-08-09,170.14,Electronics
CUST00093,2025-03-14,134.33,Grocery
CUST00093,2024-04-19,196.47,Travel
CUST00093,2025-01-14,5.14,Clothing
CUST00093,2024-09-26,50.81,Dining
CUST00093,2024-07-31,61.7,Grocery
CUST00093,2025-06-23,133.45,Travel
CUST00093,2023-11-10,14.21,Clothing
CUST00093,2023-10-02,347.14,Clothing
CUST00093,2024-11-20,57.55,Dining
CUST00093,2024-02-14,44.17,Electronics
CUST00093,2023-12-02,18.17,Travel
CUST00093,2024-08-07,14.19,Grocery
CUST00093,2023-11-13,73.91,Travel
CUST00093,2024-08-30,103.46,Grocery
CUST00094,2024-10-08,27.44,Grocery
CUST00094,2022-01-31,12.91,Dining
CUST00094,2022-12-23,72.17,Dining
CUST00094,2023-11-24,64.35,Electronics
CUST00094,2025-01-26,28.24,Grocery
CUST00094,2025-07-22,56.33,Dining
CUST00094,2022-01-24,42.97,Electronics
CUST00094,2024-01-27,15.67,Electronics
CUST00094,2024-09-19,60.72,Travel
CUST00094,2023-11-21,135.51,Grocery
CUST00094,2025-04-03,160.89,Travel
CUST00094,2022-06-24,19.29,Electronics
CUST00094,2022-01-20,6.0,Dining
CUST00094,2023-05-29,211.06,Electronics
CUST00094,2025-04-12,22.47,Travel
CUST00094,2023-10-14,115.89,Travel
CUST00094,2022-06-02,9.18,Travel
CUST00094,2022-11-27,36.79,Travel
CUST00094,2024-09-29,12.13,Grocery
CUST00094,2023-01-02,32.51,Clothing
CUST00094,2025-01-10,82.09,Dining
CUST00094,2024-08-02,130.49,Grocery
CUST00094,2024-02-21,166.02,Dining
CUST00094,2025-06-25,9.28,Electronics
CUST00094,2023-05-24,131.21,Dining
CUST00094,2021-12-16,127.12,Clothing
CUST00094,2023-05-30,151.46,Grocery
CUST00094,2024-01-30,5.12,Dining
CUST00094,2024-03-22,98.03,Travel
CUST00094,2022-01-06,73.74,Travel
CUST00094,2023-05-21,26.57,Grocery
CUST00094,2023-07-06,109.84,Dining
CUST00094,2024-04-24,15.02,Electronics
CUST00094,2023-11-12,244.89,Travel
CUST00094,2024-06-09,134.45,Travel
CUST00094,2022-06-08,10.43,Clothing
CUST00094,2023-02-17,147.96,Electronics
CUST00094,2024-01-07,17.64,Grocery
CUST00094,2023-11-26,44.82,Clothing
CUST00094,2022-03-19,16.46,Grocery
CUST00094,2023-11-20,79.71,Clothing
CUST00094,2024-04-08,93.3,Dining
CUST00094,2023-10-20,103.61,Clothing
CUST00094,2023-11-09,15.04,Clothing
CUST00094,2022-04-25,171.91,Travel
CUST00094,2024-02-01,47.52,Dining
CUST00094,2024-05-15,21.04,Travel
CUST00094,2024-07-10,11.82,Clothing
CUST00094,2021-12-27,97.55,Travel
CUST00094,2022-04-10,5.5,Clothing
CUST00094,2023-07-07,122.45,Dining
CUST00094,2024-06-12,134.97,Clothing
CUST00094,2024-04-02,30.9,Dining
CUST00094,2022-12-11,13.26,Electronics
CUST00094,2022-11-24,66.12,Grocery
CUST00094,2024-11-27,23.66,Clothing
CUST00094,2022-10-13,36.67,Travel
CUST00094,2021-12-21,15.69,Clothing
CUST00094,2025-02-23,18.29,Grocery
CUST00094,2024-01-21,9.04,Electronics
CUST00094,2023-07-08,265.69,Dining
CUST00094,2022-05-26,59.55,Travel
CUST00094,2024-12-05,110.23,Travel
CUST00094,2023-10-13,108.34,Clothing
CUST00094,2022-08-15,108.58,Travel
CUST00094,2022-09-29,389.83,Travel
CUST00094,2023-07-01,123.25,Grocery
CUST00094,2023-07-12,92.68,Dining
CUST00094,2025-03-22,36.64,Clothing
CUST00094,2023-08-05,13.59,Travel
CUST00094,2024-11-22,25.16,Travel
CUST00094,2023-08-15,52.86,Dining
CUST00094,2025-04-04,6.74,Dining
CUST00094,2022-05-07,198.84,Grocery
CUST00094,2025-01-12,123.78,Grocery
CUST00094,2023-05-02,24.74,Grocery
CUST00094,2025-04-23,74.99,Clothing
CUST00094,2025-07-14,88.32,Grocery
CUST00094,2024-05-14,102.0,Travel
CUST00094,2022-01-08,52.71,Clothing
CUST00094,2022-03-24,62.69,Electronics
CUST00094,2024-07-31,103.23,Electronics
CUST00094,2025-01-12,92.45,Travel
CUST00094,2022-11-09,15.47,Travel
CUST00094,2025-06-14,9.46,Electronics
CUST00094,2022-11-06,79.87,Grocery
CUST00094,2023-05-20,42.57,Dining
CUST00094,2025-07-05,72.59,Travel
CUST00094,2023-05-24,29.51,Dining
CUST00094,2023-06-13,233.53,Dining
CUST00094,2024-02-08,93.34,Electronics
CUST00094,2021-12-31,213.38,Travel
CUST00094,2025-07-10,146.51,Dining
CUST00094,2023-08-23,160.47,Grocery
CUST00094,2022-07-19,41.5,Dining
CUST00094,2024-11-18,86.96,Dining
CUST00094,2024-06-01,32.37,Travel
CUST00094,2024-03-14,28.83,Clothing
CUST00094,2022-05-04,8.23,Dining
CUST00094,2024-12-12,152.18,Dining
CUST00094,2024-09-28,16.89,Dining
CUST00094,2022-09-08,114.72,Grocery
CUST00094,2023-05-30,25.35,Travel
CUST00094,2025-02-13,67.74,Clothing
CUST00095,2024-06-13,26.56,Grocery
CUST00095,2024-12-19,19.6,Dining
CUST00095,2025-06-19,57.7,Clothing
CUST00095,2024-07-06,162.31,Grocery
CUST00095,2024-12-21,11.21,Grocery
CUST00095,2024-09-01,6.06,Electronics
CUST00095,2025-01-20,73.13,Grocery
CUST00095,2024-10-01,33.7,Dining
CUST00095,2025-01-01,147.58,Grocery
CUST00095,2024-07-11,87.78,Travel
CUST00095,2024-11-25,298.35,Electronics
CUST00095,2024-01-27,221.36,Clothing
CUST00095,2025-04-18,104.93,Grocery
CUST00095,2025-04-17,58.66,Travel
CUST00095,2024-12-24,61.75,Dining
CUST00095,2025-07-23,9.94,Electronics
CUST00095,2025-03-31,177.57,Electronics
CUST00095,2024-07-20,22.01,Electronics
CUST00095,2025-06-19,90.22,Electronics
CUST00095,2024-12-10,42.93,Grocery
CUST00095,2024-11-23,88.02,Dining
CUST00095,2024-04-28,174.36,Electronics
CUST00095,2024-04-09,17.63,Dining
CUST00095,2024-12-07,205.35,Dining
CUST00095,2024-05-09,397.9,Clothing
CUST00095,2023-11-24,63.0,Electronics
CUST00095,2023-12-29,51.93,Electronics
CUST00095,2024-07-18,100.91,Electronics
CUST00095,2024-02-11,96.4,Travel
CUST00095,2025-02-05,64.49,Dining
CUST00095,2024-06-23,52.69,Dining
CUST00095,2023-11-14,124.64,Dining
CUST00095,2025-06-17,392.34,Electronics
CUST00095,2024-05-28,49.46,Clothing
CUST00095,2025-01-27,12.07,Grocery
CUST00095,2025-01-12,729.71,Clothing
CUST00095,2024-04-19,139.96,Electronics
CUST00095,2023-12-03,32.81,Travel
CUST00095,2025-05-22,100.73,Grocery
CUST00095,2025-03-07,22.41,Dining
CUST00095,2024-07-10,14.61,Dining
CUST00095,2024-08-30,66.72,Grocery
CUST00095,2024-09-10,11.21,Clothing
CUST00095,2024-01-03,66.47,Electronics
CUST00095,2025-06-12,10.83,Travel
CUST00095,2025-06-08,18.3,Grocery
CUST00095,2024-11-07,16.19,Electronics
CUST00095,2024-06-03,63.5,Travel
CUST00095,2025-01-27,47.51,Travel
CUST00095,2025-07-26,5.85,Clothing
CUST00095,2025-05-08,213.28,Dining
CUST00095,2025-06-02,111.45,Electronics
CUST00095,2025-03-18,17.08,Dining
CUST00095,2025-07-30,99.63,Electronics
CUST00095,2023-11-21,103.61,Clothing
CUST00095,2025-05-04,364.75,Dining
CUST00095,2025-05-22,143.98,Electronics
CUST00095,2024-01-07,13.99,Dining
CUST00095,2025-03-24,25.19,Clothing
CUST00095,2024-10-14,42.25,Dining
CUST00095,2024-02-06,48.58,Grocery
CUST00095,2024-10-04,222.99,Travel
CUST00095,2023-12-12,24.48,Travel
CUST00095,2024-10-19,62.4,Clothing
CUST00095,2024-07-22,109.14,Dining
CUST00095,2024-12-03,10.25,Dining
CUST00095,2024-10-21,71.74,Dining
CUST00095,2024-04-04,144.23,Travel
CUST00095,2024-05-07,24.32,Clothing
CUST00095,2025-04-19,63.46,Travel
CUST00095,2024-07-17,36.34,Clothing
CUST00095,2025-03-17,35.63,Grocery
CUST00095,2025-01-02,148.39,Electronics
CUST00095,2025-04-04,43.87,Travel
CUST00095,2024-01-15,32.16,Electronics
CUST00095,2024-07-26,21.72,Grocery
CUST00095,2025-06-03,140.08,Grocery
CUST00095,2024-02-19,26.29,Clothing
CUST00095,2025-02-08,49.08,Electronics
CUST00095,2024-02-01,93.69,Dining
CUST00095,2023-12-17,182.34,Clothing
CUST00095,2025-05-18,17.17,Dining
CUST00095,2024-07-28,150.72,Grocery
CUST00095,2024-05-26,74.34,Dining
CUST00095,2025-04-07,18.5,Electronics
CUST00095,2024-04-17,75.55,Electronics
CUST00095,2024-01-18,136.25,Electronics
CUST00095,2024-09-20,256.58,Dining
CUST00095,2025-01-26,124.19,Electronics
CUST00095,2024-04-30,26.39,Dining
CUST00095,2024-05-25,191.24,Travel
CUST00095,2023-11-28,66.35,Electronics
CUST00095,2024-10-17,47.1,Dining
CUST00095,2024-12-24,197.77,Dining
CUST00095,2025-01-23,33.59,Grocery
CUST00095,2025-04-11,40.0,Clothing
CUST00095,2024-08-31,23.17,Grocery
CUST00095,2025-04-25,63.15,Grocery
CUST00095,2024-07-25,50.4,Travel
CUST00095,2025-05-04,16.49,Grocery
CUST00095,2024-11-08,172.56,Grocery
CUST00095,2025-07-26,159.9,Clothing
CUST00095,2024-01-17,117.21,Clothing
CUST00095,2024-07-28,8.02,Clothing
CUST00095,2024-06-04,163.4,Travel
CUST00095,2024-11-10,69.72,Grocery
CUST00095,2025-04-05,58.94,Clothing
CUST00095,2024-07-23,373.59,Clothing
CUST00095,2025-04-15,35.96,Travel
CUST00095,2024-08-30,47.87,Grocery
CUST00095,2025-07-04,117.32,Dining
CUST00095,2024-09-24,22.52,Travel
CUST00096,2025-04-20,66.44,Dining
CUST00096,2024-11-14,35.19,Clothing
CUST00096,2024-06-18,155.47,Grocery
CUST00096,2024-12-04,39.15,Electronics
CUST00096,2025-07-26,54.39,Grocery
CUST00096,2024-07-27,7.45,Grocery
CUST00096,2024-11-04,8.95,Travel
CUST00096,2024-08-14,34.42,Travel
CUST00096,2024-12-11,123.0,Travel
CUST00096,2025-04-30,15.43,Clothing
CUST00096,2025-02-26,20.22,Clothing
CUST00096,2024-12-23,36.34,Travel
CUST00096,2025-07-15,44.73,Clothing
CUST00096,2025-01-20,99.53,Electronics
CUST00096,2024-05-13,117.3,Clothing
CUST00096,2025-03-20,27.94,Dining
CUST00096,2024-09-09,34.81,Travel
CUST00096,2024-04-23,76.87,Electronics
CUST00096,2024-12-31,85.28,Grocery
CUST00096,2025-03-31,161.62,Electronics
CUST00096,2025-06-29,8.03,Clothing
CUST00096,2023-11-14,160.13,Clothing
CUST00096,2023-11-09,62.66,Dining
CUST00096,2024-10-13,26.54,Travel
CUST00096,2024-12-10,247.47,Dining
CUST00096,2024-11-24,29.76,Clothing
CUST00096,2024-03-23,363.23,Clothing
CUST00096,2024-11-09,36.61,Dining
CUST00096,2025-04-13,29.26,Dining
CUST00096,2025-01-20,121.56,Clothing
CUST00096,2024-09-13,258.51,Grocery
CUST00096,2023-12-27,11.28,Travel
CUST00096,2025-02-12,46.75,Electronics
CUST00096,2025-02-11,84.38,Travel
CUST00096,2024-02-16,43.41,Dining
CUST00096,2024-05-26,12.99,Electronics
CUST00096,2024-02-16,133.16,Travel
CUST00096,2024-02-09,87.16,Grocery
CUST00096,2025-04-07,32.47,Dining
CUST00096,2025-01-01,13.4,Grocery
CUST00096,2024-07-30,19.03,Grocery
CUST00096,2024-12-16,122.26,Electronics
CUST00096,2023-11-08,6.92,Travel
CUST00096,2023-11-08,320.06,Travel
CUST00096,2024-03-25,62.12,Electronics
CUST00096,2024-02-04,75.57,Grocery
CUST00096,2024-08-24,38.16,Clothing
CUST00096,2023-11-07,23.43,Grocery
CUST00096,2025-07-25,117.47,Clothing
CUST00096,2025-03-21,49.28,Electronics
CUST00096,2025-03-14,48.37,Electronics
CUST00096,2024-09-14,99.84,Dining
CUST00096,2023-11-07,258.98,Electronics
CUST00096,2025-07-03,52.59,Travel
CUST00096,2024-12-19,244.67,Dining
CUST00096,2024-10-26,99.96,Electronics
CUST00096,2025-05-27,82.85,Electronics
CUST00096,2024-09-27,12.15,Electronics
CUST00096,2023-10-23,15.4,Grocery
CUST00096,2024-10-07,29.8,Dining
CUST00096,2025-06-21,54.97,Travel
CUST00096,2024-08-31,5.31,Clothing
CUST00096,2025-05-28,19.37,Clothing
CUST00096,2025-05-17,73.35,Electronics
CUST00096,2025-01-13,37.67,Electronics
CUST00096,2024-01-31,76.52,Clothing
CUST00096,2024-02-29,157.21,Grocery
CUST00096,2025-06-10,7.94,Clothing
CUST00096,2024-01-27,91.17,Dining
CUST00096,2025-04-20,69.53,Dining
CUST00096,2024-02-19,105.96,Dining
CUST00096,2025-07-05,153.35,Travel
CUST00096,2023-12-31,95.01,Grocery
CUST00096,2024-10-09,263.77,Electronics
CUST00096,2024-06-17,22.68,Travel
CUST00096,2024-06-06,230.62,Clothing
CUST00096,2024-05-23,13.64,Dining
CUST00096,2023-10-21,450.7,Travel
CUST00096,2024-07-08,310.36,Dining
CUST00096,2024-10-31,25.94,Travel
CUST00096,2024-02-03,53.13,Electronics
CUST00096,2024-03-09,60.64,Electronics
CUST00096,2024-05-31,43.98,Dining
CUST00096,2023-10-14,46.84,Clothing
CUST00096,2025-02-14,42.0,Clothing
CUST00096,2024-07-09,22.61,Grocery
CUST00096,2025-02-22,39.15,Travel
CUST00096,2024-06-27,25.17,Clothing
CUST00096,2023-12-21,23.1,Grocery
CUST00096,2024-07-27,44.34,Clothing
CUST00096,2025-05-19,83.66,Clothing
CUST00096,2024-11-08,27.5,Travel
CUST00096,2024-02-24,110.32,Dining
CUST00096,2023-09-27,87.08,Grocery
CUST00096,2024-05-03,14.07,Clothing
CUST00096,2025-03-31,44.11,Travel
CUST00096,2025-01-18,50.97,Grocery
CUST00096,2025-06-03,12.21,Grocery
CUST00096,2025-02-23,15.64,Dining
CUST00096,2024-09-01,6.57,Grocery
CUST00096,2025-04-11,186.13,Clothing
CUST00096,2024-05-31,30.45,Electronics
CUST00096,2025-04-25,70.06,Dining
CUST00096,2024-01-09,199.27,Electronics
CUST00096,2024-10-01,27.91,Travel
CUST00096,2025-07-30,126.68,Electronics
CUST00096,2024-11-20,10.04,Travel
CUST00096,2025-07-11,84.34,Electronics
CUST00096,2025-03-04,33.4,Clothing
CUST00096,2023-11-09,37.52,Electronics
CUST00096,2024-03-10,28.77,Grocery
CUST00096,2023-12-07,90.6,Travel
CUST00096,2025-07-11,23.33,Travel
CUST00096,2023-11-23,118.25,Grocery
CUST00096,2025-05-12,155.11,Electronics
CUST00096,2023-12-12,84.62,Clothing
CUST00096,2024-03-14,90.42,Travel
CUST00096,2024-10-20,37.46,Electronics
CUST00096,2024-06-03,123.53,Grocery
CUST00096,2025-02-10,13.5,Clothing
CUST00096,2024-08-07,135.64,Travel
CUST00096,2025-05-17,26.76,Grocery
CUST00096,2024-12-08,183.5,Electronics
CUST00097,2025-04-09,91.68,Grocery
CUST00097,2024-02-22,156.79,Dining
CUST00097,2025-04-30,29.51,Dining
CUST00097,2024-01-27,12.05,Travel
CUST00097,2024-08-12,26.97,Dining
CUST00097,2025-02-22,154.3,Electronics
CUST00097,2024-02-01,57.25,Dining
CUST00097,2025-06-23,76.45,Dining
CUST00097,2024-07-03,92.93,Clothing
CUST00097,2024-08-27,79.58,Dining
CUST00097,2024-11-23,137.99,Dining
CUST00097,2024-01-10,49.38,Dining
CUST00097,2024-05-13,10.87,Dining
CUST00097,2024-05-19,60.66,Grocery
CUST00097,2025-03-10,55.92,Grocery
CUST00097,2023-12-06,70.22,Grocery
CUST00097,2024-09-06,34.87,Electronics
CUST00097,2025-05-18,205.85,Electronics
CUST00097,2024-04-19,109.82,Electronics
CUST00097,2024-03-26,241.0,Travel
CUST00097,2023-07-01,7.72,Electronics
CUST00097,2024-12-25,32.46,Clothing
CUST00097,2024-01-28,41.46,Electronics
CUST00097,2025-07-15,95.68,Electronics
CUST00097,2024-11-08,306.09,Clothing
CUST00097,2025-03-27,65.37,Clothing
CUST00097,2024-06-04,49.6,Dining
CUST00097,2025-02-08,206.46,Electronics
CUST00097,2024-10-28,18.77,Clothing
CUST00097,2023-12-01,86.04,Electronics
CUST00097,2023-10-11,153.03,Clothing
CUST00097,2025-07-26,16.67,Electronics
CUST00097,2025-03-25,19.03,Travel
CUST00097,2025-07-16,23.92,Electronics
CUST00097,2023-09-09,91.99,Travel
CUST00097,2023-11-13,57.22,Clothing
CUST00097,2024-09-14,78.48,Dining
CUST00097,2023-12-27,172.3,Electronics
CUST00097,2024-06-22,38.79,Grocery
CUST00097,2025-04-06,90.46,Travel
CUST00097,2024-04-07,38.58,Dining
CUST00097,2023-10-26,120.5,Travel
CUST00097,2024-10-28,56.75,Clothing
CUST00097,2023-07-03,6.21,Dining
CUST00097,2024-07-06,124.65,Travel
CUST00097,2024-11-08,23.6,Dining
CUST00097,2023-08-06,101.08,Travel
CUST00097,2023-09-04,6.7,Grocery
CUST00097,2025-07-25,96.32,Grocery
CUST00097,2024-10-02,6.57,Electronics
CUST00097,2025-07-15,30.69,Clothing
CUST00097,2023-08-16,426.05,Electronics
CUST00097,2023-07-06,15.94,Electronics
CUST00097,2023-08-24,178.03,Dining
CUST00097,2025-04-22,59.84,Electronics
CUST00097,2023-07-21,131.28,Electronics
CUST00097,2024-05-05,69.97,Dining
CUST00097,2025-04-26,52.15,Grocery
CUST00097,2023-07-15,230.48,Electronics
CUST00097,2025-01-04,48.04,Travel
CUST00097,2025-04-01,18.48,Dining
CUST00097,2024-11-18,5.22,Electronics
CUST00097,2024-10-27,78.04,Dining
CUST00097,2023-12-28,64.3,Electronics
CUST00097,2023-09-01,226.62,Travel
CUST00097,2023-11-05,130.73,Electronics
CUST00097,2024-08-06,39.55,Electronics
CUST00097,2025-07-01,148.3,Electronics
CUST00097,2024-04-19,9.37,Grocery
CUST00097,2024-08-25,49.41,Electronics
CUST00097,2024-11-20,424.52,Travel
CUST00097,2025-06-08,72.57,Electronics
CUST00097,2025-02-11,50.68,Clothing
CUST00097,2024-02-04,266.42,Travel
CUST00097,2025-02-19,6.11,Clothing
CUST00097,2025-03-16,12.69,Clothing
CUST00097,2025-06-02,10.36,Clothing
CUST00097,2024-03-24,163.84,Clothing
CUST00097,2025-05-05,163.38,Dining
CUST00097,2024-10-22,113.55,Clothing
CUST00097,2023-11-17,199.84,Clothing
CUST00097,2024-09-14,149.39,Grocery
CUST00097,2024-08-24,74.9,Grocery
CUST00097,2024-10-21,23.94,Dining
CUST00097,2024-02-20,34.86,Grocery
CUST00097,2024-11-01,20.0,Dining
CUST00097,2023-09-13,40.61,Grocery
CUST00097,2024-08-30,424.34,Clothing
CUST00097,2024-09-15,40.46,Clothing
CUST00097,2024-07-31,33.41,Electronics
CUST00097,2023-07-16,17.49,Grocery
CUST00097,2023-12-10,167.12,Electronics
CUST00097,2024-09-04,86.7,Clothing
CUST00097,2024-09-09,40.13,Clothing
CUST00097,2024-08-02,29.12,Travel
CUST00097,2023-12-19,126.99,Grocery
CUST00098,2025-04-30,38.54,Electronics
CUST00098,2023-10-25,27.38,Clothing
CUST00098,2023-10-15,41.05,Grocery
CUST00098,2024-02-25,46.68,Grocery
CUST00098,2024-07-04,137.25,Clothing
CUST00098,2024-07-11,56.14,Travel
CUST00098,2025-06-04,38.23,Electronics
CUST00098,2024-03-28,13.77,Grocery
CUST00098,2025-03-18,132.1,Travel
CUST00098,2023-12-09,117.21,Clothing
CUST00098,2025-07-28,75.41,Dining
CUST00098,2023-10-05,253.47,Electronics
CUST00098,2024-09-26,219.32,Travel
CUST00098,2024-06-07,138.89,Clothing
CUST00098,2024-04-20,42.38,Dining
CUST00098,2024-01-14,172.83,Grocery
CUST00098,2023-11-09,77.61,Travel
CUST00098,2025-01-15,117.07,Grocery
CUST00098,2025-01-27,72.97,Grocery
CUST00098,2024-08-13,24.4,Grocery
CUST00098,2024-01-25,14.47,Clothing
CUST00098,2024-06-06,8.97,Clothing
CUST00098,2024-07-07,305.61,Clothing
CUST00098,2025-04-15,39.56,Electronics
CUST00098,2024-02-19,46.53,Electronics
CUST00098,2024-02-20,256.24,Grocery
CUST00098,2024-08-02,89.59,Electronics
CUST00098,2024-03-25,110.04,Dining
CUST00098,2025-05-31,95.51,Travel
CUST00098,2024-04-20,31.45,Dining
CUST00098,2024-07-12,70.88,Travel
CUST00098,2025-05-23,114.48,Electronics
CUST00098,2025-02-09,43.5,Clothing
CUST00098,2024-08-21,108.53,Clothing
CUST00098,2023-12-02,67.17,Clothing
CUST00098,2024-06-06,74.52,Travel
CUST00098,2024-06-24,26.83,Grocery
CUST00098,2025-02-13,19.8,Clothing
CUST00098,2024-11-01,80.41,Grocery
CUST00098,2025-01-19,239.98,Electronics
CUST00098,2024-08-17,117.44,Electronics
CUST00098,2025-04-02,95.03,Electronics
CUST00098,2025-05-17,29.12,Electronics
CUST00098,2024-04-05,28.6,Travel
CUST00098,2024-11-15,57.22,Electronics
CUST00098,2025-04-03,79.07,Grocery
CUST00098,2024-01-08,213.59,Electronics
CUST00098,2023-10-13,49.16,Grocery
CUST00098,2024-08-08,28.96,Dining
CUST00098,2025-07-21,346.11,Clothing
CUST00098,2024-09-21,55.24,Travel
CUST00098,2024-04-30,77.56,Clothing
CUST00098,2025-06-14,110.03,Travel
CUST00098,2023-09-20,247.48,Grocery
CUST00098,2024-11-13,28.02,Dining
CUST00098,2025-01-17,43.74,Electronics
CUST00098,2024-10-19,86.51,Electronics
CUST00098,2024-08-30,114.21,Electronics
CUST00098,2024-04-14,246.47,Dining
CUST00098,2024-03-24,64.78,Electronics
CUST00098,2023-12-01,23.0,Travel
CUST00098,2025-03-25,92.44,Dining
CUST00098,2025-07-22,123.37,Clothing
CUST00098,2024-04-02,21.33,Dining
CUST00098,2024-05-13,426.9,Travel
CUST00098,2025-04-22,248.99,Grocery
CUST00098,2024-04-09,61.5,Electronics
CUST00098,2025-05-27,183.34,Electronics
CUST00098,2025-07-31,13.28,Electronics
CUST00098,2025-07-28,56.48,Dining
CUST00098,2024-09-09,86.53,Electronics
CUST00098,2024-11-04,141.86,Electronics
CUST00098,2024-11-01,20.27,Travel
CUST00098,2024-02-15,19.06,Clothing
CUST00098,2025-02-28,245.97,Dining
CUST00098,2025-05-17,226.47,Clothing
CUST00098,2025-06-01,13.5,Dining
CUST00098,2024-01-21,20.66,Grocery
CUST00098,2024-04-01,51.39,Grocery
CUST00098,2025-05-17,67.5,Grocery
CUST00098,2024-12-29,34.28,Dining
CUST00098,2023-10-30,20.4,Clothing
CUST00098,2024-11-16,50.46,Grocery
CUST00098,2024-07-27,71.96,Clothing
CUST00098,2025-01-12,130.18,Electronics
CUST00098,2024-08-18,199.32,Travel
CUST00098,2024-09-12,149.98,Dining
CUST00098,2024-04-27,332.31,Clothing
CUST00098,2025-05-16,102.96,Electronics
CUST00098,2025-02-15,253.31,Travel
CUST00098,2024-04-23,30.97,Clothing
CUST00098,2023-12-13,29.36,Clothing
CUST00098,2024-11-30,43.77,Grocery
CUST00098,2023-10-13,60.39,Grocery
CUST00098,2024-04-14,47.58,Grocery
CUST00098,2024-12-04,262.66,Grocery
CUST00098,2025-01-23,187.81,Grocery
CUST00098,2024-06-13,24.38,Grocery
CUST00098,2024-04-08,5.54,Clothing
CUST00098,2024-02-17,48.49,Grocery
CUST00098,2025-01-13,40.74,Electronics
CUST00098,2023-10-05,161.72,Grocery
CUST00098,2023-11-10,155.91,Grocery
CUST00098,2024-10-16,41.52,Travel
CUST00098,2024-12-21,186.64,Clothing
CUST00098,2024-04-05,214.4,Travel
CUST00098,2024-11-26,133.9,Travel
CUST00099,2023-07-28,26.0,Electronics
CUST00099,2023-06-18,7.28,Clothing
CUST00099,2025-03-26,66.98,Travel
CUST00099,2024-05-27,15.01,Dining
CUST00099,2023-07-20,11.25,Dining
CUST00099,2023-01-06,153.24,Electronics
CUST00099,2025-07-12,370.83,Dining
CUST00099,2024-09-04,14.65,Grocery
CUST00099,2024-02-23,199.59,Clothing
CUST00099,2025-03-08,53.34,Electronics
CUST00099,2023-01-07,80.39,Dining
CUST00099,2023-06-14,52.95,Dining
CUST00099,2023-05-18,251.2,Clothing
CUST00099,2025-06-04,40.8,Clothing
CUST00099,2025-03-13,158.22,Travel
CUST00099,2023-08-24,7.74,Grocery
CUST00099,2025-01-28,10.5,Grocery
CUST00099,2024-07-30,60.19,Electronics
CUST00099,2025-07-26,152.1,Travel
CUST00099,2023-01-23,234.09,Electronics
CUST00099,2022-09-19,37.87,Electronics
CUST00099,2023-01-24,226.32,Electronics
CUST00099,2025-05-18,20.17,Electronics
CUST00099,2024-03-08,83.29,Dining
CUST00099,2025-03-04,10.34,Dining
CUST00099,2022-12-14,50.05,Travel
CUST00099,2023-04-04,50.23,Electronics
CUST00099,2025-06-17,150.75,Grocery
CUST00099,2025-01-31,103.45,Electronics
CUST00099,2022-09-23,72.1,Grocery
CUST00099,2022-09-25,59.09,Dining
CUST00099,2023-06-29,19.84,Clothing
CUST00099,2024-07-18,70.69,Electronics
CUST00099,2024-02-14,15.37,Electronics
CUST00099,2023-12-17,21.05,Clothing
CUST00099,2023-12-08,24.21,Clothing
CUST00099,2024-05-08,70.22,Electronics
CUST00099,2023-01-03,11.22,Dining
CUST00099,2023-06-21,13.82,Grocery
CUST00099,2023-08-15,109.58,Clothing
CUST00099,2023-12-06,67.08,Dining
CUST00099,2022-09-19,43.63,Grocery
CUST00099,2024-10-29,71.46,Clothing
CUST00099,2023-03-03,119.91,Grocery
CUST00099,2023-12-16,60.79,Grocery
CUST00099,2023-11-01,204.44,Clothing
CUST00099,2022-12-20,81.53,Grocery
CUST00099,2025-05-31,81.57,Electronics
CUST00099,2024-02-15,130.83,Electronics
CUST00099,2024-01-26,38.87,Dining
CUST00099,2023-10-09,122.66,Clothing
CUST00099,2025-02-12,53.45,Grocery
CUST00099,2022-12-11,100.9,Electronics
CUST00099,2023-03-12,8.77,Electronics
CUST00099,2025-07-08,33.65,Clothing
CUST00099,2024-12-25,29.33,Dining
CUST00099,2022-11-27,69.64,Electronics
CUST00099,2024-08-15,26.1,Clothing
CUST00099,2022-10-14,75.51,Clothing
CUST00099,2023-03-31,58.13,Clothing
CUST00099,2023-10-23,61.9,Electronics
CUST00099,2022-11-18,143.56,Electronics
CUST00099,2023-06-22,362.51,Clothing
CUST00099,2025-05-07,94.04,Electronics
CUST00099,2023-12-02,76.09,Grocery
CUST00099,2023-05-11,79.26,Grocery
CUST00099,2024-10-18,58.14,Electronics
CUST00099,2023-09-13,197.23,Grocery
CUST00099,2025-01-30,32.13,Electronics
CUST00099,2024-09-29,57.77,Grocery
CUST00099,2023-08-07,79.07,Clothing
CUST00099,2024-05-28,47.12,Electronics
CUST00099,2024-11-01,27.26,Grocery
CUST00099,2025-05-11,55.28,Dining
CUST00099,2023-07-23,10.56,Electronics
CUST00099,2024-04-01,59.45,Travel
CUST00099,2023-05-31,235.79,Clothing
CUST00099,2023-06-27,85.69,Travel
CUST00099,2023-07-16,158.07,Dining
CUST00099,2024-12-20,130.93,Clothing
CUST00099,2024-11-25,65.36,Clothing
CUST00099,2024-02-18,7.72,Travel
CUST00099,2023-04-07,83.84,Grocery
CUST00099,2024-07-21,102.95,Travel
CUST00099,2022-09-25,71.74,Electronics
CUST00099,2023-07-23,105.87,Electronics
CUST00099,2023-01-31,47.99,Dining
CUST00099,2023-02-01,55.64,Electronics
CUST00099,2025-04-27,118.37,Travel
CUST00099,2023-04-04,45.87,Dining
CUST00099,2023-09-22,65.07,Grocery
CUST00099,2023-02-28,231.92,Electronics
CUST00100,2023-03-09,172.12,Clothing
CUST00100,2024-06-07,10.72,Grocery
CUST00100,2023-12-23,320.31,Travel
CUST00100,2022-01-15,8.2,Clothing
CUST00100,2022-03-22,119.86,Travel
CUST00100,2023-01-08,28.13,Travel
CUST00100,2024-06-01,7.38,Clothing
CUST00100,2023-11-24,5.63,Clothing
CUST00100,2022-07-28,152.76,Clothing
CUST00100,2024-03-16,147.06,Travel
CUST00100,2024-03-21,37.48,Grocery
CUST00100,2023-05-23,35.67,Grocery
CUST00100,2023-09-12,20.46,Grocery
CUST00100,2023-11-12,272.88,Grocery
CUST00100,2022-05-12,176.27,Grocery
CUST00100,2022-08-08,355.3,Clothing
CUST00100,2022-03-04,33.28,Electronics
CUST00100,2023-03-03,134.81,Dining
CUST00100,2025-02-25,99.87,Grocery
CUST00100,2022-09-17,40.47,Electronics
CUST00100,2023-04-21,18.89,Travel
CUST00100,2024-08-23,10.84,Clothing
CUST00100,2025-06-19,58.76,Clothing
CUST00100,2023-01-22,89.94,Electronics
CUST00100,2023-03-19,54.14,Dining
CUST00100,2024-09-11,18.77,Grocery
CUST00100,2025-04-22,57.45,Electronics
CUST00100,2025-01-11,177.12,Grocery
CUST00100,2023-06-16,90.38,Clothing
CUST00100,2024-08-16,131.91,Dining
CUST00100,2023-02-07,19.94,Clothing
CUST00100,2022-11-13,282.54,Electronics
CUST00100,2025-04-01,27.16,Electronics
CUST00100,2025-06-19,622.83,Travel
CUST00100,2022-08-24,348.59,Electronics
CUST00100,2023-05-16,29.09,Dining
CUST00100,2025-02-15,34.67,Electronics
CUST00100,2024-04-19,159.77,Clothing
CUST00100,2023-07-21,197.34,Clothing
CUST00100,2022-03-09,355.03,Clothing
CUST00100,2024-02-19,86.77,Travel
CUST00100,2023-06-22,48.61,Electronics
CUST00100,2022-03-28,98.99,Travel
CUST00100,2023-12-19,41.2,Dining
CUST00100,2022-05-10,311.82,Clothing
CUST00100,2025-01-17,11.57,Travel
CUST00100,2023-01-25,10.1,Electronics
CUST00100,2024-06-23,57.1,Electronics
CUST00100,2022-01-24,44.81,Travel
CUST00100,2025-06-05,32.95,Grocery
CUST00100,2022-01-30,122.51,Grocery
CUST00100,2022-02-14,89.74,Electronics
CUST00100,2025-06-25,50.5,Grocery
CUST00100,2022-10-18,62.02,Clothing
CUST00100,2024-04-04,54.74,Travel
CUST00100,2024-09-24,115.77,Dining
CUST00100,2023-11-30,25.33,Clothing
CUST00100,2022-07-24,23.31,Electronics
CUST00100,2023-04-21,49.37,Electronics
CUST00100,2023-10-28,121.03,Grocery
CUST00100,2023-03-22,131.39,Grocery
CUST00100,2025-04-18,561.29,Clothing
CUST00100,2024-01-01,37.62,Grocery
CUST00100,2023-07-25,25.12,Electronics
CUST00100,2025-08-01,123.56,Travel
CUST00100,2024-08-17,25.58,Travel
CUST00100,2023-06-17,41.78,Clothing
CUST00100,2024-09-28,123.57,Grocery
CUST00100,2024-09-29,133.19,Dining
CUST00100,2025-06-03,54.55,Dining
CUST00100,2024-02-22,120.96,Grocery
CUST00100,2022-12-08,11.15,Electronics
CUST00100,2024-01-11,244.12,Grocery
CUST00100,2022-06-24,35.26,Clothing
CUST00100,2022-04-30,5.04,Electronics
CUST00100,2025-05-10,71.37,Grocery
CUST00100,2023-10-01,94.34,Electronics
CUST00100,2023-10-03,18.18,Electronics
CUST00100,2022-02-26,60.81,Electronics
CUST00100,2025-07-16,96.95,Grocery
CUST00100,2024-06-09,47.15,Travel
CUST00100,2025-03-16,87.27,Dining
CUST00100,2024-04-15,53.67,Grocery
CUST00100,2023-08-30,184.22,Travel
CUST00100,2022-06-15,81.47,Electronics
CUST00100,2024-04-29,70.75,Clothing
CUST00100,2023-07-01,72.22,Grocery
CUST00100,2022-03-16,14.96,Travel
CUST00100,2023-06-08,138.17,Travel
CUST00100,2025-05-23,92.94,Grocery
CUST00100,2023-07-05,41.54,Dining
CUST00100,2024-04-07,50.7,Grocery
CUST00100,2025-04-05,17.32,Clothing
CUST00100,2022-05-21,271.44,Electronics
CUST00100,2022-02-06,358.57,Travel
CUST00100,2023-12-31,45.67,Grocery
CUST00100,2025-02-19,20.47,Travel
CUST00100,2022-08-25,28.0,Dining
CUST00100,2025-02-19,73.65,Grocery
CUST00100,2022-07-31,83.64,Dining
CUST00100,2023-02-23,140.95,Dining
CUST00101,2025-06-18,6.77,Dining
CUST00101,2025-07-10,7.35,Dining
CUST00101,2025-04-24,77.48,Clothing
CUST00101,2025-03-25,15.96,Grocery
CUST00101,2025-04-20,15.32,Clothing
CUST00101,2025-05-11,171.26,Electronics
CUST00101,2025-03-16,81.81,Grocery
CUST00101,2025-03-22,204.63,Electronics
CUST00101,2025-04-02,43.37,Dining
CUST00101,2025-04-18,15.41,Travel
CUST00101,2025-05-11,148.97,Grocery
CUST00101,2025-05-09,57.18,Electronics
CUST00101,2025-04-07,70.33,Dining
CUST00101,2025-06-06,17.43,Grocery
CUST00101,2025-04-12,6.82,Electronics
CUST00101,2025-04-09,98.34,Travel
CUST00101,2025-04-03,112.15,Travel
CUST00101,2025-06-13,36.94,Grocery
CUST00101,2025-04-22,289.98,Travel
CUST00101,2025-04-12,130.07,Travel
CUST00101,2025-04-09,85.89,Clothing
CUST00101,2025-06-26,169.09,Grocery
CUST00101,2025-06-12,15.7,Grocery
CUST00101,2025-06-29,32.88,Travel
CUST00101,2025-04-25,38.6,Grocery
CUST00101,2025-05-29,79.37,Dining
CUST00101,2025-05-25,15.1,Grocery
CUST00101,2025-03-23,35.68,Grocery
CUST00101,2025-06-26,14.74,Electronics
CUST00101,2025-07-14,53.77,Travel
CUST00101,2025-03-23,49.17,Travel
CUST00101,2025-04-07,165.26,Grocery
CUST00101,2025-07-02,209.97,Travel
CUST00101,2025-03-15,49.89,Travel
CUST00101,2025-07-07,97.77,Grocery
CUST00101,2025-04-16,60.13,Grocery
CUST00101,2025-07-21,104.9,Dining
CUST00101,2025-04-27,24.96,Clothing
CUST00101,2025-06-12,52.23,Electronics
CUST00101,2025-05-13,111.91,Dining
CUST00101,2025-04-13,10.79,Dining
CUST00101,2025-04-07,171.06,Grocery
CUST00101,2025-05-21,56.69,Electronics
CUST00101,2025-07-18,134.74,Dining
CUST00101,2025-06-11,87.6,Grocery
CUST00101,2025-03-25,29.87,Dining
CUST00101,2025-04-29,46.33,Dining
CUST00101,2025-05-16,120.38,Clothing
CUST00101,2025-04-08,85.05,Electronics
CUST00101,2025-06-28,118.23,Travel
CUST00101,2025-05-04,103.18,Dining
CUST00101,2025-06-01,25.49,Clothing
CUST00101,2025-05-28,39.07,Dining
CUST00101,2025-03-20,52.82,Clothing
CUST00101,2025-05-30,181.18,Grocery
CUST00101,2025-05-22,53.81,Clothing
CUST00101,2025-04-06,16.02,Travel
CUST00101,2025-03-29,179.44,Clothing
CUST00101,2025-04-19,37.12,Dining
CUST00101,2025-03-27,87.85,Electronics
CUST00101,2025-05-19,151.19,Electronics
CUST00101,2025-04-20,97.91,Electronics
CUST00101,2025-05-26,21.77,Travel
CUST00101,2025-06-27,18.3,Clothing
CUST00101,2025-06-09,69.84,Clothing
CUST00101,2025-03-16,5.93,Dining
CUST00101,2025-05-11,66.73,Clothing
CUST00101,2025-07-17,55.68,Electronics
CUST00101,2025-05-27,69.22,Grocery
CUST00101,2025-06-22,78.67,Grocery
CUST00101,2025-04-15,40.65,Dining
CUST00101,2025-07-20,85.82,Travel
CUST00101,2025-03-23,136.15,Clothing
CUST00101,2025-03-22,55.22,Dining
CUST00101,2025-04-10,58.15,Grocery
CUST00101,2025-06-01,59.71,Grocery
CUST00101,2025-06-29,130.92,Grocery
CUST00101,2025-06-09,65.17,Grocery
CUST00101,2025-05-22,112.66,Dining
CUST00101,2025-04-27,59.11,Dining
CUST00101,2025-06-05,17.41,Clothing
CUST00101,2025-07-19,79.41,Grocery
CUST00101,2025-03-23,225.32,Travel
CUST00101,2025-05-26,16.86,Dining
CUST00101,2025-07-23,114.71,Dining
CUST00101,2025-08-01,32.97,Grocery
CUST00101,2025-04-15,27.69,Dining
CUST00101,2025-06-28,24.8,Grocery
CUST00101,2025-04-24,73.68,Dining
CUST00101,2025-05-14,14.06,Clothing
CUST00101,2025-07-10,40.49,Clothing
CUST00101,2025-06-01,12.23,Clothing
CUST00102,2023-06-18,55.7,Travel
CUST00102,2024-02-02,81.78,Travel
CUST00102,2024-05-28,175.26,Dining
CUST00102,2025-07-21,149.28,Dining
CUST00102,2023-07-17,39.5,Clothing
CUST00102,2023-08-28,59.23,Clothing
CUST00102,2024-12-24,24.19,Travel
CUST00102,2024-08-26,40.15,Dining
CUST00102,2024-11-01,26.88,Grocery
CUST00102,2024-10-31,102.03,Electronics
CUST00102,2024-07-29,201.96,Dining
CUST00102,2024-11-06,24.81,Travel
CUST00102,2023-10-26,147.11,Electronics
CUST00102,2023-09-12,12.46,Dining
CUST00102,2024-05-05,118.25,Travel
CUST00102,2025-06-22,57.01,Clothing
CUST00102,2023-05-19,59.57,Travel
CUST00102,2025-07-23,386.71,Grocery
CUST00102,2024-08-10,9.89,Clothing
CUST00102,2024-05-29,43.67,Grocery
CUST00102,2024-11-21,5.07,Clothing
CUST00102,2024-11-02,16.64,Travel
CUST00102,2023-11-04,17.0,Travel
CUST00102,2025-02-14,11.07,Grocery
CUST00102,2024-10-03,57.01,Electronics
CUST00102,2023-06-01,71.27,Dining
CUST00102,2024-12-24,73.17,Electronics
CUST00102,2024-08-23,62.94,Dining
CUST00102,2024-03-05,25.25,Grocery
CUST00102,2025-03-22,140.35,Dining
CUST00102,2023-10-25,567.23,Electronics
CUST00102,2024-07-20,37.89,Travel
CUST00102,2025-05-16,319.96,Travel
CUST00102,2025-06-30,11.33,Grocery
CUST00102,2024-07-17,200.7,Dining
CUST00102,2025-06-12,253.72,Dining
CUST00102,2023-07-03,57.65,Grocery
CUST00102,2023-06-27,126.04,Electronics
CUST00102,2023-07-08,20.44,Electronics
CUST00102,2025-04-04,15.54,Clothing
CUST00102,2024-12-09,159.03,Clothing
CUST00102,2024-11-19,15.9,Dining
CUST00102,2024-03-10,99.13,Travel
CUST00102,2025-03-10,52.06,Grocery
CUST00102,2025-02-24,125.48,Electronics
CUST00102,2025-05-09,173.52,Clothing
CUST00102,2024-07-05,49.51,Travel
CUST00102,2025-04-21,95.66,Grocery
CUST00102,2024-08-02,66.84,Travel
CUST00102,2024-08-07,6.82,Electronics
CUST00102,2023-11-10,32.35,Dining
CUST00102,2023-10-22,108.02,Grocery
CUST00102,2024-07-10,10.02,Electronics
CUST00102,2024-04-06,60.79,Dining
CUST00102,2023-12-16,269.39,Dining
CUST00102,2024-12-12,124.85,Clothing
CUST00102,2024-09-21,90.35,Travel
CUST00102,2024-12-04,15.17,Grocery
CUST00102,2025-01-07,31.5,Travel
CUST00102,2025-07-17,117.98,Dining
CUST00102,2023-10-13,50.41,Travel
CUST00102,2025-02-26,17.45,Dining
CUST00102,2024-12-07,92.96,Dining
CUST00102,2023-09-17,104.33,Grocery
CUST00102,2025-06-03,5.19,Clothing
CUST00102,2025-06-01,122.85,Electronics
CUST00102,2024-11-22,45.34,Clothing
CUST00102,2023-11-09,22.6,Grocery
CUST00102,2024-03-06,18.91,Grocery
CUST00102,2023-06-29,96.29,Electronics
CUST00102,2025-03-03,15.59,Clothing
CUST00102,2023-07-23,58.64,Grocery
CUST00102,2023-08-22,108.81,Electronics
CUST00102,2024-12-28,67.04,Clothing
CUST00102,2023-09-13,318.51,Grocery
CUST00102,2023-09-30,102.13,Grocery
CUST00102,2023-11-30,19.87,Electronics
CUST00102,2024-12-22,153.5,Clothing
CUST00102,2024-04-26,6.46,Dining
CUST00102,2023-05-31,16.77,Grocery
CUST00102,2025-05-07,74.47,Clothing
CUST00102,2025-01-10,24.03,Dining
CUST00102,2025-07-12,245.34,Dining
CUST00102,2025-04-19,68.88,Dining
CUST00102,2025-06-01,54.31,Dining
CUST00102,2025-02-02,8.09,Clothing
CUST00102,2024-02-27,29.93,Travel
CUST00102,2023-09-12,59.61,Dining
CUST00102,2023-07-26,183.18,Electronics
CUST00102,2024-10-25,67.76,Clothing
CUST00102,2023-06-25,49.51,Clothing
CUST00102,2024-12-15,46.48,Dining
CUST00102,2024-05-18,6.44,Clothing
CUST00102,2023-08-28,23.24,Electronics
CUST00102,2025-04-19,63.76,Travel
CUST00102,2024-12-30,23.05,Travel
CUST00102,2024-01-18,162.06,Dining
CUST00102,2024-12-18,236.53,Electronics
CUST00102,2023-12-03,60.4,Dining
CUST00102,2025-02-26,83.4,Dining
CUST00102,2025-06-26,48.58,Travel
CUST00102,2025-02-05,22.01,Electronics
CUST00102,2024-04-17,47.65,Electronics
CUST00102,2025-03-04,61.89,Travel
CUST00102,2024-05-07,77.66,Dining
CUST00102,2025-02-04,72.18,Dining
CUST00102,2023-12-08,20.06,Clothing
CUST00102,2025-07-18,57.04,Clothing
CUST00102,2023-08-11,37.21,Dining
CUST00102,2023-06-09,73.69,Electronics
CUST00102,2024-09-28,285.46,Clothing
CUST00102,2024-07-21,9.21,Grocery
CUST00102,2023-08-02,114.47,Clothing
CUST00102,2024-05-11,16.91,Electronics
CUST00102,2023-10-14,31.76,Travel
CUST00103,2023-12-26,67.19,Electronics
CUST00103,2023-05-26,87.47,Grocery
CUST00103,2022-12-01,216.56,Electronics
CUST00103,2022-12-22,93.03,Grocery
CUST00103,2025-07-29,167.82,Electronics
CUST00103,2022-08-03,50.0,Electronics
CUST00103,2023-10-27,56.53,Travel
CUST00103,2023-09-12,112.13,Dining
CUST00103,2023-11-27,17.45,Dining
CUST00103,2022-09-21,295.57,Travel
CUST00103,2022-12-08,305.99,Grocery
CUST00103,2025-05-24,21.71,Clothing
CUST00103,2022-07-26,78.06,Travel
CUST00103,2025-07-15,85.32,Dining
CUST00103,2024-05-04,13.19,Travel
CUST00103,2024-05-19,70.38,Electronics
CUST00103,2024-12-30,62.17,Clothing
CUST00103,2024-06-12,17.84,Grocery
CUST00103,2023-06-18,37.51,Travel
CUST00103,2024-01-26,40.66,Electronics
CUST00103,2022-06-05,13.28,Dining
CUST00103,2024-08-23,264.29,Grocery
CUST00103,2024-10-25,128.6,Dining
CUST00103,2022-09-26,144.27,Grocery
CUST00103,2023-09-11,7.0,Travel
CUST00103,2025-04-20,56.16,Electronics
CUST00103,2022-07-05,31.09,Grocery
CUST00103,2024-07-11,126.79,Dining
CUST00103,2023-08-26,26.69,Grocery
CUST00103,2025-02-17,170.66,Grocery
CUST00103,2023-04-22,23.28,Travel
CUST00103,2024-06-24,68.35,Clothing
CUST00103,2025-02-05,65.18,Travel
CUST00103,2023-06-02,23.27,Clothing
CUST00103,2024-11-03,47.09,Dining
CUST00103,2024-10-18,7.38,Grocery
CUST00103,2023-12-21,58.99,Clothing
CUST00103,2023-03-11,13.46,Dining
CUST00103,2023-08-21,27.6,Travel
CUST00103,2023-12-29,69.19,Clothing
CUST00103,2025-03-29,38.03,Grocery
CUST00103,2024-03-09,142.71,Dining
CUST00103,2024-06-20,95.93,Travel
CUST00103,2024-05-29,45.22,Electronics
CUST00103,2023-10-24,30.97,Electronics
CUST00103,2024-02-05,95.22,Travel
CUST00103,2025-03-13,290.54,Clothing
CUST00103,2025-02-25,18.54,Travel
CUST00103,2025-03-23,68.19,Travel
CUST00103,2024-08-21,93.01,Electronics
CUST00103,2023-10-02,167.56,Grocery
CUST00103,2023-05-12,233.46,Grocery
CUST00103,2025-06-20,173.07,Grocery
CUST00103,2023-01-22,60.55,Grocery
CUST00103,2024-06-20,5.13,Electronics
CUST00103,2023-08-23,8.65,Clothing
CUST00103,2025-03-01,76.9,Travel
CUST00103,2025-04-11,63.51,Electronics
CUST00103,2025-06-22,9.02,Dining
CUST00103,2023-10-25,68.38,Dining
CUST00103,2023-11-21,224.55,Clothing
CUST00103,2024-07-21,117.3,Electronics
CUST00103,2025-05-17,52.21,Dining
CUST00103,2023-12-21,55.97,Grocery
CUST00103,2025-07-23,26.14,Grocery
CUST00103,2023-02-26,157.3,Clothing
CUST00103,2025-06-07,16.77,Grocery
CUST00103,2023-10-05,11.51,Travel
CUST00103,2025-01-11,43.61,Dining
CUST00103,2022-12-03,142.18,Electronics
CUST00103,2023-06-01,56.84,Electronics
CUST00103,2024-02-11,247.82,Travel
CUST00103,2024-01-13,24.08,Dining
CUST00103,2022-09-19,18.78,Grocery
CUST00103,2025-01-28,32.09,Grocery
CUST00103,2024-04-26,166.83,Clothing
CUST00103,2022-09-19,26.49,Travel
CUST00103,2024-06-23,29.01,Clothing
CUST00103,2024-12-04,51.16,Dining
CUST00103,2025-01-03,80.86,Electronics
CUST00103,2025-01-14,51.44,Grocery
CUST00103,2023-11-02,33.71,Dining
CUST00103,2024-06-10,103.89,Travel
CUST00103,2023-03-02,122.6,Travel
CUST00103,2025-04-29,158.19,Travel
CUST00104,2023-11-11,37.38,Grocery
CUST00104,2025-02-10,69.55,Travel
CUST00104,2025-04-24,57.2,Grocery
CUST00104,2025-01-06,280.31,Clothing
CUST00104,2023-02-26,113.44,Electronics
CUST00104,2021-12-24,8.59,Grocery
CUST00104,2023-01-15,38.06,Dining
CUST00104,2024-04-20,26.93,Dining
CUST00104,2025-06-03,25.25,Electronics
CUST00104,2025-05-01,79.23,Electronics
CUST00104,2025-04-06,80.63,Grocery
CUST00104,2025-02-11,137.46,Electronics
CUST00104,2024-09-18,81.03,Clothing
CUST00104,2023-05-12,184.61,Dining
CUST00104,2022-09-27,50.67,Grocery
CUST00104,2022-07-08,78.76,Electronics
CUST00104,2023-11-13,17.85,Clothing
CUST00104,2024-01-30,150.82,Travel
CUST00104,2023-10-17,222.74,Travel
CUST00104,2025-02-01,71.57,Electronics
CUST00104,2023-10-02,5.56,Travel
CUST00104,2024-04-01,171.16,Travel
CUST00104,2023-01-04,366.46,Electronics
CUST00104,2023-12-03,68.1,Electronics
CUST00104,2022-12-19,23.6,Travel
CUST00104,2024-09-03,95.12,Electronics
CUST00104,2023-12-09,168.13,Clothing
CUST00104,2025-06-25,91.0,Travel
CUST00104,2023-09-14,87.88,Travel
CUST00104,2022-08-30,34.31,Travel
CUST00104,2023-09-30,53.02,Dining
CUST00104,2021-11-18,6.06,Travel
CUST00104,2023-08-25,56.46,Electronics
CUST00104,2025-03-04,35.87,Electronics
CUST00104,2024-09-19,14.96,Clothing
CUST00104,2023-01-16,58.34,Grocery
CUST00104,2022-12-05,18.88,Travel
CUST00104,2025-07-09,77.98,Electronics
CUST00104,2021-09-27,45.22,Electronics
CUST00104,2023-02-06,30.45,Dining
CUST00104,2024-09-30,17.52,Grocery
CUST00104,2022-11-16,20.33,Clothing
CUST00104,2025-04-03,76.86,Dining
CUST00104,2023-07-20,26.51,Electronics
CUST00104,2022-07-13,68.45,Grocery
CUST00104,2023-06-22,86.83,Grocery
CUST00104,2022-01-04,48.26,Travel
CUST00104,2024-03-24,89.54,Electronics
CUST00104,2023-10-23,29.65,Clothing
CUST00104,2023-12-22,82.32,Dining
CUST00104,2025-05-08,129.19,Grocery
CUST00104,2022-05-06,26.6,Dining
CUST00104,2022-07-03,113.76,Travel
CUST00104,2022-03-08,111.01,Clothing
CUST00104,2023-04-12,54.28,Electronics
CUST00104,2022-03-23,13.78,Dining
CUST00104,2023-07-10,49.79,Grocery
CUST00104,2022-05-24,199.32,Clothing
CUST00104,2024-10-31,17.16,Travel
CUST00104,2024-11-27,49.2,Dining
CUST00104,2022-10-16,5.93,Travel
CUST00104,2023-04-22,7.28,Clothing
CUST00104,2023-08-07,30.86,Dining
CUST00104,2024-02-04,17.45,Clothing
CUST00104,2022-02-03,86.69,Electronics
CUST00104,2025-03-06,79.73,Clothing
CUST00104,2024-09-26,140.96,Clothing
CUST00104,2022-10-14,15.48,Travel
CUST00104,2024-01-15,33.01,Dining
CUST00104,2024-12-02,159.99,Clothing
CUST00104,2024-02-08,95.3,Travel
CUST00104,2025-04-16,79.48,Dining
CUST00104,2024-11-24,54.04,Dining
CUST00104,2025-02-23,60.76,Travel
CUST00104,2022-05-29,14.28,Clothing
CUST00104,2023-11-26,29.32,Travel
CUST00104,2024-07-03,19.05,Dining
CUST00104,2024-12-19,65.48,Travel
CUST00104,2021-10-28,26.08,Travel
CUST00104,2024-10-06,8.57,Clothing
CUST00104,2024-12-22,379.96,Clothing
CUST00104,2023-02-05,44.65,Electronics
CUST00104,2023-01-08,63.16,Dining
CUST00104,2024-01-24,37.59,Grocery
CUST00104,2024-08-20,65.64,Dining
CUST00104,2023-07-02,137.81,Clothing
CUST00104,2022-12-16,70.22,Electronics
CUST00104,2025-05-13,139.38,Electronics
CUST00104,2024-11-16,42.88,Dining
CUST00104,2022-03-23,36.69,Clothing
CUST00104,2021-12-01,181.97,Grocery
CUST00104,2023-04-24,5.51,Dining
CUST00104,2025-07-05,33.83,Dining
CUST00104,2023-07-26,48.35,Clothing
CUST00104,2024-11-21,141.05,Travel
CUST00104,2024-07-07,21.16,Clothing
CUST00104,2024-06-23,81.39,Electronics
CUST00104,2024-02-03,92.59,Travel
CUST00104,2021-10-06,30.75,Travel
CUST00104,2021-11-18,20.07,Grocery
CUST00104,2024-01-30,237.01,Grocery
CUST00104,2022-05-03,11.06,Grocery
CUST00104,2024-11-30,27.48,Dining
CUST00104,2024-06-10,81.46,Dining
CUST00104,2025-05-24,59.21,Dining
CUST00104,2025-07-05,78.4,Grocery
CUST00104,2024-05-08,31.75,Dining
CUST00104,2023-10-17,31.22,Dining
CUST00104,2023-04-23,28.55,Clothing
CUST00104,2022-03-30,128.27,Travel
CUST00104,2025-06-16,147.97,Dining
CUST00104,2023-01-07,82.76,Clothing
CUST00104,2025-02-08,43.97,Clothing
CUST00105,2024-10-23,96.51,Travel
CUST00105,2025-02-08,23.76,Clothing
CUST00105,2025-03-19,236.49,Travel
CUST00105,2024-08-24,30.91,Travel
CUST00105,2025-01-21,98.96,Electronics
CUST00105,2024-09-26,20.4,Dining
CUST00105,2024-09-12,21.03,Travel
CUST00105,2024-08-12,221.33,Grocery
CUST00105,2025-07-08,17.5,Electronics
CUST00105,2024-12-30,138.56,Dining
CUST00105,2025-04-29,53.68,Electronics
CUST00105,2025-03-13,19.27,Clothing
CUST00105,2025-02-18,8.98,Dining
CUST00105,2025-05-13,80.27,Grocery
CUST00105,2025-06-07,13.79,Travel
CUST00105,2025-02-22,28.46,Grocery
CUST00105,2024-10-14,30.08,Dining
CUST00105,2024-10-07,49.38,Travel
CUST00105,2025-01-06,365.5,Grocery
CUST00105,2024-11-13,74.72,Travel
CUST00105,2025-07-12,60.86,Clothing
CUST00105,2024-08-30,94.28,Clothing
CUST00105,2025-06-13,44.87,Clothing
CUST00105,2025-02-06,28.42,Grocery
CUST00105,2024-10-29,16.14,Electronics
CUST00105,2025-01-19,302.09,Clothing
CUST00105,2024-12-09,94.12,Clothing
CUST00105,2024-10-26,77.91,Electronics
CUST00105,2025-04-11,22.12,Dining
CUST00105,2025-07-26,37.67,Electronics
CUST00105,2024-09-14,19.89,Dining
CUST00105,2025-02-12,70.33,Grocery
CUST00105,2025-01-13,66.96,Travel
CUST00105,2024-11-08,12.4,Grocery
CUST00105,2025-07-21,96.64,Travel
CUST00105,2024-08-24,75.77,Electronics
CUST00105,2025-05-13,94.33,Electronics
CUST00105,2025-06-19,71.53,Dining
CUST00105,2025-01-14,48.01,Clothing
CUST00105,2025-03-13,75.23,Clothing
CUST00105,2024-08-27,147.05,Travel
CUST00105,2025-01-09,8.55,Dining
CUST00105,2025-06-22,21.09,Travel
CUST00105,2025-02-09,96.61,Clothing
CUST00105,2024-08-24,39.23,Dining
CUST00105,2024-11-23,43.23,Clothing
CUST00105,2024-12-20,173.32,Travel
CUST00105,2025-01-31,114.75,Clothing
CUST00105,2024-10-26,61.15,Grocery
CUST00105,2024-12-25,96.01,Clothing
CUST00105,2025-01-09,38.31,Dining
CUST00105,2024-12-19,73.6,Grocery
CUST00105,2025-01-15,54.7,Electronics
CUST00105,2024-08-23,17.97,Travel
CUST00105,2025-01-04,60.87,Clothing
CUST00105,2025-04-22,292.33,Grocery
CUST00105,2025-02-07,88.46,Electronics
CUST00105,2024-08-27,412.57,Grocery
CUST00105,2024-11-17,121.22,Grocery
CUST00105,2025-06-28,13.32,Clothing
CUST00105,2025-03-11,13.74,Grocery
CUST00105,2024-12-02,82.59,Dining
CUST00105,2024-11-08,105.73,Clothing
CUST00105,2025-06-26,69.85,Electronics
CUST00105,2024-12-11,178.78,Travel
CUST00105,2025-01-03,460.25,Clothing
CUST00105,2025-07-04,113.22,Grocery
CUST00105,2025-01-16,266.38,Electronics
CUST00105,2025-01-20,67.51,Clothing
CUST00105,2024-09-25,38.11,Electronics
CUST00105,2025-06-05,75.71,Travel
CUST00105,2024-11-04,42.88,Dining
CUST00105,2025-03-18,73.54,Electronics
CUST00105,2025-02-10,360.62,Grocery
CUST00105,2025-01-27,97.32,Electronics
CUST00105,2025-02-12,15.93,Electronics
CUST00105,2024-08-21,6.29,Electronics
CUST00105,2024-10-15,79.56,Clothing
CUST00105,2025-02-19,81.59,Electronics
CUST00105,2024-11-23,20.75,Electronics
CUST00105,2024-11-07,25.96,Grocery
CUST00105,2024-10-08,66.12,Electronics
CUST00105,2025-06-14,13.84,Electronics
CUST00105,2025-07-26,31.2,Clothing
CUST00105,2024-12-24,29.03,Travel
CUST00105,2025-02-15,95.29,Clothing
CUST00105,2025-03-30,196.38,Clothing
CUST00105,2025-03-18,58.6,Grocery
CUST00105,2024-10-26,56.99,Grocery
CUST00105,2024-10-08,79.03,Clothing
CUST00105,2025-03-23,94.07,Clothing
CUST00105,2024-08-30,187.5,Travel
CUST00105,2024-09-09,96.12,Grocery
CUST00105,2025-05-13,155.2,Electronics
CUST00105,2024-09-15,39.13,Grocery
CUST00105,2024-09-12,45.43,Clothing
CUST00105,2024-11-24,84.65,Travel
CUST00105,2024-09-30,278.67,Travel
CUST00105,2025-05-03,35.15,Electronics
CUST00105,2025-07-25,201.69,Clothing
CUST00105,2024-09-15,9.49,Travel
CUST00106,2024-09-27,101.76,Dining
CUST00106,2024-09-09,74.18,Grocery
CUST00106,2025-07-08,70.4,Clothing
CUST00106,2024-05-21,5.6,Grocery
CUST00106,2024-06-30,88.01,Grocery
CUST00106,2025-04-19,68.58,Grocery
CUST00106,2024-06-27,110.7,Travel
CUST00106,2024-05-19,179.53,Grocery
CUST00106,2025-02-10,22.69,Clothing
CUST00106,2024-09-02,43.39,Electronics
CUST00106,2025-06-03,52.62,Clothing
CUST00106,2024-12-16,44.01,Dining
CUST00106,2024-09-18,21.21,Grocery
CUST00106,2025-01-28,51.15,Travel
CUST00106,2024-12-18,14.87,Electronics
CUST00106,2025-03-30,55.34,Dining
CUST00106,2025-03-21,30.41,Grocery
CUST00106,2025-05-05,59.29,Travel
CUST00106,2025-05-09,88.04,Electronics
CUST00106,2024-11-04,7.95,Clothing
CUST00106,2024-05-27,151.53,Dining
CUST00106,2024-11-22,117.54,Clothing
CUST00106,2024-12-10,21.17,Dining
CUST00106,2024-12-27,40.26,Clothing
CUST00106,2025-06-24,96.15,Grocery
CUST00106,2025-03-10,48.87,Travel
CUST00106,2024-11-13,106.53,Electronics
CUST00106,2024-12-11,109.81,Grocery
CUST00106,2024-10-05,235.01,Travel
CUST00106,2024-10-26,230.82,Travel
CUST00106,2025-05-25,105.44,Dining
CUST00106,2024-11-16,71.36,Travel
CUST00106,2025-07-28,35.21,Clothing
CUST00106,2025-01-05,6.22,Clothing
CUST00106,2024-07-27,50.64,Dining
CUST00106,2024-11-06,6.94,Dining
CUST00106,2025-04-27,38.49,Dining
CUST00106,2024-11-15,33.76,Travel
CUST00106,2025-02-23,29.61,Clothing
CUST00106,2025-03-29,11.54,Travel
CUST00106,2024-05-11,14.11,Electronics
CUST00106,2024-08-05,48.23,Dining
CUST00106,2025-02-07,13.62,Dining
CUST00106,2025-07-09,39.18,Clothing
CUST00106,2025-07-02,168.52,Travel
CUST00106,2024-08-27,32.04,Electronics
CUST00106,2025-03-16,212.6,Dining
CUST00106,2025-07-23,110.05,Travel
CUST00106,2024-09-19,71.26,Dining
CUST00106,2024-10-02,267.72,Travel
CUST00106,2024-09-12,294.04,Dining
CUST00106,2024-11-21,240.78,Travel
CUST00106,2025-01-26,10.84,Electronics
CUST00106,2024-09-22,56.26,Dining
CUST00106,2025-03-28,54.29,Clothing
CUST00106,2025-03-02,85.16,Travel
CUST00106,2024-07-31,25.17,Dining
CUST00106,2024-10-09,33.99,Grocery
CUST00106,2025-01-25,318.42,Grocery
CUST00106,2024-06-11,68.55,Dining
CUST00106,2025-06-15,67.76,Clothing
CUST00106,2024-12-16,28.29,Electronics
CUST00106,2025-01-16,26.59,Travel
CUST00106,2025-02-20,280.62,Clothing
CUST00106,2024-05-07,174.33,Clothing
CUST00106,2024-07-17,5.91,Electronics
CUST00106,2024-05-05,173.91,Electronics
CUST00106,2024-06-20,34.62,Grocery
CUST00106,2024-08-26,29.91,Electronics
CUST00106,2025-02-13,14.55,Clothing
CUST00106,2024-10-18,56.18,Clothing
CUST00106,2024-06-20,116.27,Grocery
CUST00106,2024-09-26,15.65,Travel
CUST00106,2024-09-18,24.43,Grocery
CUST00106,2025-04-30,71.23,Dining
CUST00106,2025-07-31,108.95,Dining
CUST00106,2025-03-13,40.01,Electronics
CUST00106,2025-02-03,45.72,Grocery
CUST00106,2025-06-27,164.88,Travel
CUST00106,2024-06-14,115.49,Electronics
CUST00106,2025-04-07,53.68,Travel
CUST00106,2024-08-17,147.48,Dining
CUST00106,2025-02-10,112.84,Dining
CUST00106,2024-06-08,208.25,Dining
CUST00106,2025-03-01,25.53,Dining
CUST00106,2024-08-01,39.92,Grocery
CUST00106,2025-06-28,111.34,Electronics
CUST00106,2025-06-22,15.85,Clothing
CUST00106,2024-11-07,35.95,Clothing
CUST00106,2025-07-26,14.09,Grocery
CUST00106,2024-12-26,49.87,Clothing
CUST00106,2025-06-15,187.53,Travel
CUST00106,2024-12-05,287.34,Electronics
CUST00106,2025-05-17,39.02,Clothing
CUST00106,2025-02-24,235.61,Clothing
CUST00107,2024-06-11,279.55,Dining
CUST00107,2025-03-02,33.79,Clothing
CUST00107,2024-08-25,61.8,Clothing
CUST00107,2024-07-23,85.34,Clothing
CUST00107,2023-02-23,63.72,Dining
CUST00107,2023-10-04,70.76,Travel
CUST00107,2024-06-18,151.83,Clothing
CUST00107,2023-09-07,5.94,Travel
CUST00107,2024-07-26,65.82,Electronics
CUST00107,2023-06-30,27.48,Grocery
CUST00107,2023-01-28,28.26,Clothing
CUST00107,2022-10-02,43.81,Travel
CUST00107,2023-04-04,7.29,Grocery
CUST00107,2022-08-31,104.89,Travel
CUST00107,2024-09-14,86.17,Travel
CUST00107,2023-11-28,166.55,Grocery
CUST00107,2024-01-28,41.37,Travel
CUST00107,2025-03-02,189.0,Clothing
CUST00107,2025-04-08,30.09,Dining
CUST00107,2024-02-12,28.12,Clothing
CUST00107,2025-01-04,26.06,Travel
CUST00107,2024-08-10,26.2,Grocery
CUST00107,2023-01-04,55.75,Dining
CUST00107,2023-06-21,133.9,Dining
CUST00107,2025-03-20,103.21,Electronics
CUST00107,2022-09-02,5.3,Travel
CUST00107,2024-04-17,212.1,Dining
CUST00107,2025-05-06,58.48,Dining
CUST00107,2022-09-06,98.5,Clothing
CUST00107,2023-05-10,40.09,Travel
CUST00107,2025-02-03,145.54,Electronics
CUST00107,2022-11-09,45.89,Electronics
CUST00107,2023-01-01,7.92,Grocery
CUST00107,2023-05-14,24.83,Electronics
CUST00107,2023-07-19,104.26,Grocery
CUST00107,2022-11-03,23.24,Grocery
CUST00107,2022-11-10,6.58,Travel
CUST00107,2025-06-20,237.79,Travel
CUST00107,2023-09-26,12.32,Electronics
CUST00107,2024-01-24,402.9,Travel
CUST00107,2025-01-28,120.89,Grocery
CUST00107,2025-06-26,54.01,Dining
CUST00107,2024-06-10,9.23,Travel
CUST00107,2024-05-21,18.89,Electronics
CUST00107,2023-03-11,67.29,Grocery
CUST00107,2023-12-08,18.96,Travel
CUST00107,2023-08-06,72.28,Clothing
CUST00107,2024-07-18,126.06,Electronics
CUST00107,2025-04-24,103.88,Travel
CUST00107,2024-07-24,88.63,Dining
CUST00107,2023-09-27,51.57,Dining
CUST00107,2023-10-18,38.17,Travel
CUST00107,2025-03-14,51.52,Dining
CUST00107,2023-02-23,104.69,Clothing
CUST00107,2024-11-01,129.09,Dining
CUST00107,2025-02-12,9.79,Dining
CUST00107,2023-05-15,12.71,Grocery
CUST00107,2023-10-15,122.96,Travel
CUST00107,2024-06-20,20.4,Travel
CUST00107,2025-01-12,29.88,Grocery
CUST00107,2024-12-26,13.26,Grocery
CUST00107,2023-12-24,37.97,Electronics
CUST00107,2024-06-24,5.06,Electronics
CUST00107,2024-04-12,14.69,Clothing
CUST00107,2024-01-20,88.89,Clothing
CUST00107,2022-11-22,14.79,Electronics
CUST00107,2024-10-21,97.48,Dining
CUST00107,2022-11-09,211.22,Electronics
CUST00107,2023-05-28,27.44,Grocery
CUST00107,2023-01-08,91.36,Clothing
CUST00107,2023-10-28,106.62,Electronics
CUST00107,2023-10-26,11.79,Clothing
CUST00107,2024-11-13,54.41,Travel
CUST00107,2022-10-21,61.76,Electronics
CUST00107,2022-09-22,124.76,Travel
CUST00107,2024-07-07,158.42,Electronics
CUST00107,2024-02-23,84.0,Electronics
CUST00107,2023-04-25,44.24,Grocery
CUST00107,2023-05-26,173.55,Dining
CUST00107,2024-09-08,90.54,Grocery
CUST00107,2023-01-26,83.29,Dining
CUST00107,2023-09-18,223.28,Travel
CUST00107,2023-11-05,20.82,Clothing
CUST00107,2024-11-01,18.0,Travel
CUST00107,2023-03-19,85.89,Grocery
CUST00107,2022-10-18,295.17,Clothing
CUST00107,2024-06-26,185.13,Travel
CUST00107,2025-01-22,11.96,Travel
CUST00107,2023-12-02,90.23,Grocery
CUST00107,2024-10-26,187.89,Travel
CUST00107,2023-06-17,53.32,Electronics
CUST00107,2024-10-27,107.1,Electronics
CUST00107,2024-05-20,118.03,Travel
CUST00107,2023-05-02,225.44,Electronics
CUST00108,2023-11-26,70.53,Dining
CUST00108,2025-05-21,57.53,Grocery
CUST00108,2023-07-08,44.03,Dining
CUST00108,2025-07-18,158.57,Grocery
CUST00108,2023-12-08,95.52,Dining
CUST00108,2024-03-28,107.48,Dining
CUST00108,2023-09-29,64.2,Dining
CUST00108,2024-01-08,123.58,Dining
CUST00108,2024-05-06,83.98,Clothing
CUST00108,2025-01-17,228.62,Clothing
CUST00108,2023-05-03,62.47,Dining
CUST00108,2024-08-02,30.51,Travel
CUST00108,2023-01-22,120.36,Clothing
CUST00108,2023-06-27,179.97,Clothing
CUST00108,2024-03-02,60.12,Grocery
CUST00108,2024-03-22,30.11,Clothing
CUST00108,2024-01-27,186.26,Electronics
CUST00108,2023-03-31,9.79,Dining
CUST00108,2024-11-25,160.21,Clothing
CUST00108,2024-02-07,122.17,Dining
CUST00108,2024-02-22,38.35,Electronics
CUST00108,2024-12-12,43.99,Grocery
CUST00108,2023-02-24,153.97,Electronics
CUST00108,2024-09-20,8.38,Travel
CUST00108,2024-06-06,151.65,Grocery
CUST00108,2023-08-27,78.88,Dining
CUST00108,2023-02-28,376.43,Dining
CUST00108,2025-03-17,243.09,Dining
CUST00108,2024-04-25,28.49,Dining
CUST00108,2024-10-17,99.31,Electronics
CUST00108,2025-03-23,32.86,Grocery
CUST00108,2023-01-20,139.27,Dining
CUST00108,2024-02-25,184.74,Electronics
CUST00108,2023-03-04,101.77,Grocery
CUST00108,2023-06-25,31.41,Dining
CUST00108,2024-03-04,6.19,Electronics
CUST00108,2023-03-15,150.04,Dining
CUST00108,2024-10-30,110.32,Dining
CUST00108,2025-07-04,19.8,Dining
CUST00108,2024-09-25,38.0,Travel
CUST00108,2024-10-21,18.27,Clothing
CUST00108,2023-04-11,68.62,Travel
CUST00108,2024-04-19,28.04,Grocery
CUST00108,2023-08-03,86.32,Clothing
CUST00108,2025-04-17,19.19,Grocery
CUST00108,2024-08-02,26.49,Electronics
CUST00108,2023-10-14,6.35,Grocery
CUST00108,2024-01-22,40.91,Electronics
CUST00108,2025-02-24,20.51,Dining
CUST00108,2025-03-10,43.87,Dining
CUST00108,2023-08-28,145.73,Travel
CUST00108,2024-03-02,29.95,Dining
CUST00108,2023-01-29,136.85,Electronics
CUST00108,2024-05-03,39.96,Travel
CUST00108,2023-09-18,207.32,Dining
CUST00108,2024-06-29,236.04,Travel
CUST00108,2024-09-07,113.48,Travel
CUST00108,2023-03-23,8.16,Dining
CUST00108,2024-06-03,15.79,Clothing
CUST00108,2023-06-19,98.42,Travel
CUST00108,2025-05-09,45.7,Electronics
CUST00108,2025-07-25,17.03,Grocery
CUST00108,2024-05-08,293.02,Dining
CUST00108,2024-09-10,104.33,Travel
CUST00108,2024-09-19,458.61,Clothing
CUST00108,2024-10-13,102.86,Travel
CUST00108,2023-05-19,79.17,Travel
CUST00108,2024-11-07,188.83,Electronics
CUST00108,2023-03-03,7.34,Grocery
CUST00108,2025-02-05,56.98,Grocery
CUST00108,2023-11-22,10.31,Travel
CUST00108,2024-05-03,55.16,Travel
CUST00108,2025-02-14,169.27,Clothing
CUST00108,2023-02-04,21.68,Clothing
CUST00108,2024-09-07,46.56,Clothing
CUST00108,2025-03-27,55.97,Clothing
CUST00108,2023-05-23,35.77,Travel
CUST00108,2025-06-18,10.44,Grocery
CUST00108,2024-11-16,41.02,Dining
CUST00108,2024-08-19,19.8,Electronics
CUST00108,2024-01-29,58.76,Electronics
CUST00108,2024-01-17,17.33,Grocery
CUST00108,2024-01-17,174.79,Grocery
CUST00108,2023-01-28,93.96,Electronics
CUST00108,2024-04-04,211.22,Travel
CUST00108,2024-07-23,92.97,Electronics
CUST00108,2024-08-25,80.16,Grocery
CUST00108,2023-05-10,107.77,Grocery
CUST00108,2024-04-10,17.56,Electronics
CUST00108,2025-04-08,32.37,Travel
CUST00108,2024-11-23,107.42,Grocery
CUST00108,2024-12-09,37.01,Dining
CUST00109,2023-07-14,26.99,Dining
CUST00109,2022-09-24,71.52,Travel
CUST00109,2025-04-22,16.09,Electronics
CUST00109,2022-06-12,39.91,Dining
CUST00109,2023-01-07,101.52,Grocery
CUST00109,2024-07-20,216.18,Electronics
CUST00109,2021-04-03,156.24,Dining
CUST00109,2023-05-28,48.43,Grocery
CUST00109,2024-10-04,134.21,Electronics
CUST00109,2021-11-09,53.72,Electronics
CUST00109,2023-07-26,14.82,Dining
CUST00109,2022-02-17,44.54,Travel
CUST00109,2024-05-13,22.16,Travel
CUST00109,2025-03-18,78.49,Travel
CUST00109,2023-01-04,162.16,Grocery
CUST00109,2025-06-13,21.02,Dining
CUST00109,2022-08-02,110.61,Clothing
CUST00109,2024-06-10,77.45,Electronics
CUST00109,2021-12-05,178.77,Clothing
CUST00109,2021-04-07,47.05,Clothing
CUST00109,2022-05-06,29.25,Grocery
CUST00109,2021-04-21,15.6,Clothing
CUST00109,2021-10-29,118.46,Electronics
CUST00109,2025-05-01,305.11,Grocery
CUST00109,2021-04-13,35.64,Electronics
CUST00109,2022-06-15,17.39,Clothing
CUST00109,2024-05-07,114.02,Electronics
CUST00109,2023-02-18,126.09,Electronics
CUST00109,2024-11-09,71.35,Electronics
CUST00109,2023-01-21,46.57,Travel
CUST00109,2023-08-27,157.71,Electronics
CUST00109,2022-05-05,79.71,Dining
CUST00109,2024-02-11,8.83,Travel
CUST00109,2023-06-19,7.6,Clothing
CUST00109,2021-04-28,6.97,Travel
CUST00109,2024-06-28,106.71,Grocery
CUST00109,2024-09-01,8.81,Electronics
CUST00109,2025-06-16,58.68,Grocery
CUST00109,2023-03-26,130.31,Travel
CUST00109,2022-08-09,121.15,Dining
CUST00109,2022-05-13,122.63,Travel
CUST00109,2022-04-28,168.48,Electronics
CUST00109,2024-04-06,266.18,Grocery
CUST00109,2022-06-12,30.65,Travel
CUST00109,2023-05-22,84.5,Electronics
CUST00109,2024-07-24,168.85,Travel
CUST00109,2021-04-23,10.5,Electronics
CUST00109,2021-05-20,374.54,Dining
CUST00109,2024-03-12,9.36,Grocery
CUST00109,2023-07-25,9.05,Dining
CUST00109,2023-07-22,175.52,Electronics
CUST00109,2024-06-06,6.08,Grocery
CUST00109,2021-04-26,87.93,Travel
CUST00109,2023-10-26,32.62,Clothing
CUST00109,2023-09-12,35.52,Electronics
CUST00109,2022-12-29,71.85,Electronics
CUST00109,2021-05-06,70.47,Clothing
CUST00109,2021-06-17,149.11,Clothing
CUST00109,2023-09-01,101.8,Clothing
CUST00109,2021-06-01,5.77,Grocery
CUST00109,2023-05-05,35.87,Grocery
CUST00109,2025-03-09,108.22,Grocery
CUST00109,2021-05-05,17.12,Travel
CUST00109,2024-09-07,47.57,Travel
CUST00109,2023-04-02,166.8,Clothing
CUST00109,2024-07-19,73.15,Grocery
CUST00109,2022-11-21,15.72,Travel
CUST00109,2021-09-29,17.98,Electronics
CUST00109,2021-09-11,102.2,Clothing
CUST00109,2022-02-04,140.64,Grocery
CUST00109,2024-03-26,60.2,Electronics
CUST00109,2023-06-25,110.64,Grocery
CUST00109,2021-12-29,34.71,Travel
CUST00109,2021-09-26,45.81,Travel
CUST00109,2021-12-01,210.57,Clothing
CUST00109,2022-01-21,26.58,Travel
CUST00109,2025-06-17,65.04,Dining
CUST00109,2022-01-22,101.49,Dining
CUST00109,2022-01-04,125.69,Electronics
CUST00109,2024-07-14,55.97,Clothing
CUST00109,2023-10-12,5.43,Travel
CUST00109,2021-12-02,69.45,Electronics
CUST00109,2021-10-05,20.48,Travel
CUST00109,2023-11-29,74.87,Clothing
CUST00109,2021-12-14,124.87,Electronics
CUST00109,2022-04-20,16.17,Electronics
CUST00109,2024-11-06,260.03,Grocery
CUST00109,2021-08-21,127.34,Electronics
CUST00109,2025-01-08,22.91,Dining
CUST00109,2025-07-13,8.71,Travel
CUST00109,2025-05-14,113.61,Grocery
CUST00109,2022-03-06,29.08,Clothing
CUST00109,2022-11-08,73.23,Dining
CUST00109,2021-06-04,35.0,Dining
CUST00109,2025-03-26,43.92,Travel
CUST00109,2024-09-02,63.69,Grocery
CUST00109,2025-05-11,148.43,Electronics
CUST00109,2023-01-03,68.85,Grocery
CUST00109,2025-04-03,34.69,Travel
CUST00109,2022-11-25,16.48,Travel
CUST00109,2021-07-17,61.88,Travel
CUST00109,2024-02-15,9.39,Travel
CUST00109,2024-04-02,7.03,Dining
CUST00109,2022-10-21,38.7,Grocery
CUST00109,2021-09-03,27.66,Clothing
CUST00109,2022-11-19,103.23,Dining
CUST00109,2023-05-31,73.71,Electronics
CUST00109,2023-05-18,47.14,Grocery
CUST00109,2024-01-13,62.64,Travel
CUST00110,2024-08-01,5.0,Grocery
CUST00110,2025-07-20,66.04,Dining
CUST00110,2025-06-02,38.68,Travel
CUST00110,2025-01-20,353.84,Grocery
CUST00110,2024-09-24,23.83,Electronics
CUST00110,2024-08-30,24.63,Dining
CUST00110,2025-04-18,6.87,Electronics
CUST00110,2025-02-21,6.19,Clothing
CUST00110,2025-05-21,8.76,Electronics
CUST00110,2024-12-03,5.95,Grocery
CUST00110,2024-10-26,71.17,Dining
CUST00110,2024-10-25,112.81,Grocery
CUST00110,2024-11-11,190.85,Travel
CUST00110,2025-02-16,104.24,Grocery
CUST00110,2025-06-23,31.65,Electronics
CUST00110,2024-10-24,59.06,Dining
CUST00110,2025-05-13,122.16,Travel
CUST00110,2025-01-24,64.56,Dining
CUST00110,2024-08-24,42.32,Clothing
CUST00110,2025-04-19,37.4,Clothing
CUST00110,2025-04-17,352.73,Grocery
CUST00110,2024-06-11,87.99,Travel
CUST00110,2024-09-28,49.88,Electronics
CUST00110,2025-04-21,50.44,Grocery
CUST00110,2024-05-31,101.14,Dining
CUST00110,2025-06-15,148.96,Travel
CUST00110,2024-06-13,8.49,Grocery
CUST00110,2025-03-15,72.76,Electronics
CUST00110,2024-10-12,78.46,Clothing
CUST00110,2024-05-05,49.16,Dining
CUST00110,2024-06-13,46.35,Clothing
CUST00110,2025-03-08,42.12,Clothing
CUST00110,2025-06-10,9.08,Electronics
CUST00110,2024-10-04,37.7,Electronics
CUST00110,2025-06-19,40.9,Travel
CUST00110,2025-06-30,86.03,Electronics
CUST00110,2024-11-17,29.1,Travel
CUST00110,2024-08-24,10.83,Dining
CUST00110,2025-01-26,19.69,Electronics
CUST00110,2024-08-11,45.63,Travel
CUST00110,2024-08-16,10.05,Dining
CUST00110,2024-07-12,112.34,Electronics
CUST00110,2024-09-15,28.72,Grocery
CUST00110,2024-11-30,102.26,Travel
CUST00110,2024-05-24,121.76,Dining
CUST00110,2025-06-18,177.57,Electronics
CUST00110,2025-01-03,106.83,Travel
CUST00110,2024-06-25,26.58,Clothing
CUST00110,2025-06-15,118.89,Grocery
CUST00110,2024-10-13,65.26,Dining
CUST00110,2025-07-23,33.54,Clothing
CUST00110,2025-06-22,49.44,Electronics
CUST00110,2025-03-27,11.83,Grocery
CUST00110,2024-07-18,224.57,Dining
CUST00110,2024-06-15,66.06,Clothing
CUST00110,2024-07-17,28.32,Dining
CUST00110,2024-07-20,62.88,Grocery
CUST00110,2024-12-24,97.71,Travel
CUST00110,2024-09-10,6.71,Dining
CUST00110,2025-04-14,12.96,Clothing
CUST00110,2024-11-02,121.52,Grocery
CUST00110,2024-07-14,89.17,Clothing
CUST00110,2025-04-25,37.63,Clothing
CUST00110,2024-09-10,39.6,Travel
CUST00110,2025-07-02,21.42,Travel
CUST00110,2024-05-20,51.43,Electronics
CUST00110,2025-06-12,113.85,Clothing
CUST00110,2024-10-06,56.29,Dining
CUST00110,2025-06-08,65.05,Clothing
CUST00110,2024-10-02,30.22,Dining
CUST00110,2024-06-18,137.34,Electronics
CUST00110,2025-01-30,14.55,Dining
CUST00110,2024-08-20,24.33,Grocery
CUST00110,2024-08-24,258.48,Clothing
CUST00110,2025-02-12,78.92,Electronics
CUST00110,2024-12-09,83.35,Grocery
CUST00110,2024-12-09,36.87,Dining
CUST00110,2024-05-24,62.17,Dining
CUST00110,2024-08-21,34.49,Clothing
CUST00110,2024-07-07,300.75,Travel
CUST00110,2024-11-22,125.56,Travel
CUST00110,2024-06-27,164.66,Travel
CUST00110,2025-02-17,24.21,Travel
CUST00110,2024-06-03,69.51,Electronics
CUST00110,2025-01-25,100.01,Clothing
CUST00110,2024-11-28,42.39,Dining
CUST00110,2025-03-28,81.04,Electronics
CUST00110,2025-01-13,59.53,Dining
CUST00110,2025-01-05,42.18,Dining
CUST00110,2025-05-27,8.63,Electronics
CUST00110,2024-10-11,10.31,Electronics
CUST00110,2024-11-07,19.22,Travel
CUST00110,2024-09-23,175.72,Travel
CUST00110,2024-11-05,50.76,Clothing
CUST00110,2025-05-24,23.4,Travel
CUST00110,2025-06-09,22.33,Travel
CUST00110,2024-12-02,157.94,Electronics
CUST00110,2024-12-17,34.91,Clothing
CUST00110,2024-10-11,21.35,Travel
CUST00110,2025-02-10,44.29,Clothing
CUST00110,2024-12-18,28.03,Electronics
CUST00110,2025-03-18,74.25,Clothing
CUST00110,2024-09-21,164.32,Clothing
CUST00110,2024-10-11,41.73,Electronics
CUST00110,2024-09-22,470.98,Electronics
CUST00110,2025-03-23,126.22,Travel
CUST00110,2024-05-16,8.42,Electronics
CUST00110,2025-02-28,35.74,Grocery
CUST00110,2025-05-21,68.53,Travel
CUST00110,2024-08-08,72.12,Travel
CUST00110,2024-12-05,54.71,Electronics
CUST00110,2025-05-21,18.17,Electronics
CUST00110,2025-05-22,183.61,Travel
CUST00111,2025-05-03,54.88,Grocery
CUST00111,2025-06-06,52.23,Grocery
CUST00111,2025-05-03,42.85,Travel
CUST00111,2025-05-19,72.19,Travel
CUST00111,2025-07-13,50.36,Dining
CUST00111,2025-06-12,112.2,Travel
CUST00111,2025-05-23,28.61,Clothing
CUST00111,2025-06-29,19.61,Electronics
CUST00111,2025-06-02,142.1,Travel
CUST00111,2025-05-24,115.81,Dining
CUST00111,2025-05-19,6.03,Dining
CUST00111,2025-05-01,29.27,Grocery
CUST00111,2025-04-23,242.03,Travel
CUST00111,2025-06-28,24.19,Dining
CUST00111,2025-04-30,27.27,Clothing
CUST00111,2025-05-05,235.16,Electronics
CUST00111,2025-06-18,64.02,Travel
CUST00111,2025-05-17,24.33,Dining
CUST00111,2025-06-19,32.86,Grocery
CUST00111,2025-07-04,48.93,Clothing
CUST00111,2025-06-19,59.41,Electronics
CUST00111,2025-05-27,25.15,Grocery
CUST00111,2025-07-30,64.67,Dining
CUST00111,2025-06-11,546.99,Clothing
CUST00111,2025-05-27,26.85,Electronics
CUST00111,2025-05-24,97.57,Travel
CUST00111,2025-04-29,9.05,Clothing
CUST00111,2025-04-30,54.46,Dining
CUST00111,2025-05-28,147.23,Electronics
CUST00111,2025-04-28,209.95,Grocery
CUST00111,2025-06-08,5.46,Grocery
CUST00111,2025-06-15,158.32,Grocery
CUST00111,2025-06-05,39.96,Electronics
CUST00111,2025-05-27,32.85,Dining
CUST00111,2025-07-14,132.97,Dining
CUST00111,2025-07-20,14.14,Clothing
CUST00111,2025-07-31,96.41,Grocery
CUST00111,2025-06-10,10.07,Electronics
CUST00111,2025-06-11,134.05,Clothing
CUST00111,2025-04-30,200.97,Clothing
CUST00111,2025-07-21,48.32,Travel
CUST00111,2025-04-23,54.34,Grocery
CUST00111,2025-07-02,82.02,Clothing
CUST00111,2025-06-25,26.71,Dining
CUST00111,2025-06-16,13.46,Travel
CUST00111,2025-06-07,43.8,Travel
CUST00111,2025-05-07,76.71,Clothing
CUST00111,2025-07-13,29.58,Electronics
CUST00111,2025-07-26,107.58,Travel
CUST00111,2025-06-15,21.18,Clothing
CUST00111,2025-04-27,82.47,Travel
CUST00111,2025-06-05,29.43,Grocery
CUST00111,2025-07-04,106.3,Grocery
CUST00111,2025-06-10,53.26,Electronics
CUST00111,2025-07-19,56.49,Travel
CUST00111,2025-04-18,70.74,Dining
CUST00111,2025-07-17,151.7,Electronics
CUST00111,2025-04-26,288.08,Dining
CUST00111,2025-07-12,144.31,Grocery
CUST00111,2025-05-20,155.04,Grocery
CUST00111,2025-06-02,17.6,Dining
CUST00111,2025-04-23,42.56,Travel
CUST00111,2025-07-16,21.87,Clothing
CUST00111,2025-07-31,26.48,Clothing
CUST00111,2025-05-31,66.61,Dining
CUST00111,2025-07-25,214.52,Electronics
CUST00111,2025-07-31,39.03,Travel
CUST00111,2025-07-18,173.92,Clothing
CUST00111,2025-07-01,93.44,Electronics
CUST00111,2025-05-15,6.46,Electronics
CUST00111,2025-04-24,47.15,Clothing
CUST00111,2025-06-04,121.31,Travel
CUST00111,2025-05-12,209.32,Grocery
CUST00111,2025-04-27,33.17,Travel
CUST00111,2025-05-01,28.39,Dining
CUST00111,2025-07-27,304.84,Travel
CUST00111,2025-06-19,83.86,Electronics
CUST00111,2025-05-26,125.37,Electronics
CUST00111,2025-05-13,16.59,Travel
CUST00111,2025-07-19,62.24,Travel
CUST00111,2025-07-01,31.13,Travel
CUST00111,2025-08-01,33.35,Dining
CUST00111,2025-06-17,163.01,Dining
CUST00111,2025-07-25,13.1,Travel
CUST00111,2025-06-10,40.31,Grocery
CUST00111,2025-05-11,17.35,Clothing
CUST00111,2025-04-18,35.48,Grocery
CUST00111,2025-06-03,149.02,Dining
CUST00111,2025-05-14,26.58,Grocery
CUST00111,2025-04-29,107.38,Electronics
CUST00111,2025-05-13,121.67,Electronics
CUST00111,2025-05-05,58.54,Travel
CUST00111,2025-05-06,83.23,Electronics
CUST00111,2025-05-30,153.92,Electronics
CUST00111,2025-07-20,77.61,Clothing
CUST00111,2025-07-28,9.55,Dining
CUST00111,2025-07-23,159.71,Dining
CUST00111,2025-07-02,69.16,Travel
CUST00111,2025-06-13,19.9,Grocery
CUST00111,2025-05-03,44.3,Travel
CUST00111,2025-07-17,271.18,Clothing
CUST00111,2025-04-30,33.25,Grocery
CUST00111,2025-06-12,62.13,Dining
CUST00112,2023-09-30,17.2,Travel
CUST00112,2024-07-06,47.45,Clothing
CUST00112,2023-12-22,273.57,Dining
CUST00112,2024-03-06,15.86,Dining
CUST00112,2024-08-19,322.07,Clothing
CUST00112,2024-01-24,22.72,Clothing
CUST00112,2024-10-27,33.48,Travel
CUST00112,2023-06-07,13.85,Travel
CUST00112,2023-06-30,136.06,Electronics
CUST00112,2023-06-19,112.16,Clothing
CUST00112,2023-05-26,47.73,Travel
CUST00112,2024-08-17,130.49,Electronics
CUST00112,2024-03-14,5.55,Dining
CUST00112,2025-03-26,244.23,Grocery
CUST00112,2024-01-09,9.15,Clothing
CUST00112,2024-07-13,65.72,Dining
CUST00112,2024-07-19,41.99,Grocery
CUST00112,2023-11-08,141.01,Grocery
CUST00112,2023-01-19,15.0,Travel
CUST00112,2025-04-19,72.2,Electronics
CUST00112,2025-05-27,97.65,Electronics
CUST00112,2023-03-04,122.38,Grocery
CUST00112,2024-04-24,54.61,Clothing
CUST00112,2023-06-12,36.19,Travel
CUST00112,2024-02-11,50.84,Dining
CUST00112,2024-12-21,152.67,Electronics
CUST00112,2023-09-18,87.07,Grocery
CUST00112,2023-08-13,12.19,Clothing
CUST00112,2023-08-26,90.74,Grocery
CUST00112,2024-04-16,10.87,Dining
CUST00112,2024-01-01,219.33,Grocery
CUST00112,2024-09-01,31.95,Travel
CUST00112,2023-02-03,213.82,Travel
CUST00112,2025-03-10,54.83,Travel
CUST00112,2023-09-02,38.99,Travel
CUST00112,2024-02-12,27.13,Clothing
CUST00112,2023-04-11,104.27,Grocery
CUST00112,2025-02-01,101.66,Electronics
CUST00112,2024-06-21,25.92,Clothing
CUST00112,2024-04-25,50.08,Clothing
CUST00112,2025-02-02,38.43,Dining
CUST00112,2024-02-02,57.36,Travel
CUST00112,2025-01-25,29.91,Grocery
CUST00112,2023-05-19,82.62,Dining
CUST00112,2024-11-21,115.34,Grocery
CUST00112,2023-05-09,99.99,Clothing
CUST00112,2023-04-22,135.63,Grocery
CUST00112,2025-01-20,90.88,Clothing
CUST00112,2025-02-13,54.4,Clothing
CUST00112,2024-04-25,48.29,Dining
CUST00112,2024-04-17,45.69,Dining
CUST00112,2024-09-28,43.2,Travel
CUST00112,2024-01-14,91.96,Grocery
CUST00112,2024-09-17,19.7,Electronics
CUST00112,2023-11-18,138.88,Grocery
CUST00112,2023-02-05,35.16,Electronics
CUST00112,2024-03-29,14.04,Grocery
CUST00112,2024-08-20,30.51,Travel
CUST00112,2023-06-10,35.6,Dining
CUST00112,2025-05-21,67.45,Grocery
CUST00112,2024-08-26,126.71,Clothing
CUST00112,2025-06-19,127.26,Dining
CUST00112,2023-10-27,162.0,Electronics
CUST00112,2024-01-05,57.73,Clothing
CUST00112,2023-05-29,139.59,Electronics
CUST00112,2024-07-12,152.05,Dining
CUST00112,2025-04-22,63.98,Clothing
CUST00112,2023-05-29,89.87,Dining
CUST00112,2024-03-26,14.93,Dining
CUST00112,2024-11-18,65.54,Dining
CUST00112,2024-10-04,16.65,Grocery
CUST00112,2025-08-01,11.13,Dining
CUST00112,2024-04-09,413.55,Electronics
CUST00112,2024-01-03,101.63,Grocery
CUST00112,2023-09-23,168.69,Dining
CUST00112,2025-07-09,27.96,Travel
CUST00112,2024-07-18,98.18,Clothing
CUST00112,2024-12-31,8.35,Travel
CUST00112,2024-12-26,42.32,Dining
CUST00112,2025-07-01,159.38,Dining
CUST00112,2024-07-28,169.66,Clothing
CUST00112,2024-04-13,153.45,Clothing
CUST00112,2023-01-18,10.35,Grocery
CUST00112,2023-02-21,42.5,Electronics
CUST00112,2023-06-27,30.18,Travel
CUST00112,2025-06-17,88.09,Travel
CUST00112,2025-01-03,16.3,Grocery
CUST00112,2024-03-20,45.23,Travel
CUST00112,2023-05-27,41.11,Travel
CUST00112,2025-05-01,240.33,Dining
CUST00112,2024-09-09,23.04,Clothing
CUST00112,2023-09-06,53.48,Clothing
CUST00112,2025-07-09,51.96,Clothing
CUST00112,2024-11-22,12.14,Grocery
CUST00112,2024-06-13,257.19,Clothing
CUST00112,2024-05-15,51.64,Clothing
CUST00112,2025-01-20,188.55,Electronics
CUST00112,2024-03-05,40.97,Dining
CUST00112,2024-07-28,77.26,Electronics
CUST00112,2023-09-28,230.66,Electronics
CUST00112,2023-12-10,194.66,Electronics
CUST00112,2023-11-25,251.43,Clothing
CUST00112,2023-10-13,87.68,Grocery
CUST00113,2024-11-10,15.0,Dining
CUST00113,2025-05-17,7.69,Clothing
CUST00113,2023-11-29,25.16,Electronics
CUST00113,2024-07-02,81.83,Grocery
CUST00113,2024-02-12,7.04,Clothing
CUST00113,2023-12-13,333.1,Travel
CUST00113,2023-12-22,56.13,Electronics
CUST00113,2024-11-18,57.39,Electronics
CUST00113,2024-07-08,26.21,Travel
CUST00113,2023-06-03,89.87,Travel
CUST00113,2025-06-02,73.18,Clothing
CUST00113,2025-04-28,37.66,Electronics
CUST00113,2023-12-14,75.89,Electronics
CUST00113,2024-12-28,38.98,Electronics
CUST00113,2024-04-08,66.73,Dining
CUST00113,2023-11-30,332.05,Clothing
CUST00113,2023-08-01,133.97,Clothing
CUST00113,2023-01-31,62.6,Travel
CUST00113,2023-08-05,38.68,Dining
CUST00113,2023-02-19,40.93,Clothing
CUST00113,2024-12-08,175.01,Clothing
CUST00113,2024-01-09,11.37,Dining
CUST00113,2024-04-27,137.24,Dining
CUST00113,2023-07-18,151.43,Electronics
CUST00113,2024-02-23,96.07,Clothing
CUST00113,2024-01-04,16.11,Dining
CUST00113,2023-10-09,28.0,Clothing
CUST00113,2024-06-21,95.47,Dining
CUST00113,2023-10-24,9.91,Dining
CUST00113,2024-09-03,59.19,Electronics
CUST00113,2023-12-04,121.0,Grocery
CUST00113,2025-01-25,192.68,Travel
CUST00113,2023-10-09,10.69,Electronics
CUST00113,2025-07-01,55.16,Travel
CUST00113,2024-06-05,15.96,Electronics
CUST00113,2023-11-01,13.05,Grocery
CUST00113,2024-01-25,123.53,Clothing
CUST00113,2025-01-11,21.76,Grocery
CUST00113,2024-05-05,252.53,Dining
CUST00113,2023-12-04,10.09,Electronics
CUST00113,2023-02-22,52.94,Electronics
CUST00113,2025-01-08,48.19,Dining
CUST00113,2023-05-02,10.13,Clothing
CUST00113,2024-01-30,7.47,Grocery
CUST00113,2025-03-13,28.91,Travel
CUST00113,2025-03-05,59.19,Clothing
CUST00113,2025-01-25,25.92,Travel
CUST00113,2024-01-10,45.77,Grocery
CUST00113,2023-08-31,184.69,Grocery
CUST00113,2024-03-08,109.49,Grocery
CUST00113,2025-02-05,84.58,Travel
CUST00113,2023-08-17,20.92,Travel
CUST00113,2023-12-26,23.74,Electronics
CUST00113,2023-03-17,45.99,Dining
CUST00113,2024-07-14,98.45,Dining
CUST00113,2023-05-28,11.85,Dining
CUST00113,2023-12-30,32.46,Grocery
CUST00113,2023-03-06,14.22,Grocery
CUST00113,2023-11-16,43.71,Electronics
CUST00113,2023-12-30,164.19,Clothing
CUST00113,2024-03-07,56.57,Grocery
CUST00113,2025-06-22,191.84,Clothing
CUST00113,2023-05-31,334.55,Dining
CUST00113,2024-03-09,9.59,Dining
CUST00113,2023-10-20,37.05,Dining
CUST00113,2024-03-06,176.14,Dining
CUST00113,2023-05-29,38.64,Electronics
CUST00113,2023-09-21,38.05,Clothing
CUST00113,2023-08-31,102.07,Grocery
CUST00113,2024-11-30,26.33,Electronics
CUST00113,2024-06-18,502.94,Clothing
CUST00113,2025-05-17,48.9,Clothing
CUST00113,2023-07-01,35.44,Clothing
CUST00113,2024-03-25,82.58,Grocery
CUST00113,2023-09-28,59.86,Travel
CUST00113,2024-01-19,14.54,Grocery
CUST00113,2024-10-29,15.59,Electronics
CUST00113,2025-01-10,41.66,Electronics
CUST00113,2023-02-01,23.38,Travel
CUST00113,2023-12-11,48.88,Electronics
CUST00113,2025-06-08,179.83,Dining
CUST00113,2023-06-25,76.44,Grocery
CUST00113,2024-12-08,6.7,Dining
CUST00113,2024-06-12,66.95,Electronics
CUST00113,2024-05-27,159.34,Clothing
CUST00113,2024-12-09,45.62,Electronics
CUST00113,2025-07-04,22.92,Grocery
CUST00113,2023-12-03,25.94,Clothing
CUST00113,2024-05-18,78.04,Electronics
CUST00113,2023-04-01,178.93,Electronics
CUST00113,2025-02-19,11.7,Electronics
CUST00113,2025-05-24,20.24,Electronics
CUST00113,2024-08-04,42.74,Grocery
CUST00113,2025-03-19,81.24,Clothing
CUST00113,2025-07-22,41.25,Clothing
CUST00113,2023-04-04,6.63,Grocery
CUST00113,2025-05-07,43.91,Grocery
CUST00113,2024-10-01,63.54,Clothing
CUST00113,2024-11-17,86.81,Grocery
CUST00113,2023-04-10,164.95,Grocery
CUST00113,2025-03-15,52.41,Travel
CUST00114,2024-06-19,35.96,Dining
CUST00114,2023-01-24,41.42,Travel
CUST00114,2022-12-31,84.48,Dining
CUST00114,2023-06-09,57.37,Electronics
CUST00114,2023-11-14,88.43,Grocery
CUST00114,2024-06-04,100.63,Electronics
CUST00114,2025-01-22,155.99,Dining
CUST00114,2023-03-04,193.19,Grocery
CUST00114,2025-01-30,77.33,Travel
CUST00114,2023-03-26,156.44,Electronics
CUST00114,2023-05-13,45.34,Clothing
CUST00114,2022-12-08,445.64,Dining
CUST00114,2023-03-13,23.47,Travel
CUST00114,2025-07-17,40.0,Grocery
CUST00114,2024-08-18,80.27,Dining
CUST00114,2023-08-10,36.31,Dining
CUST00114,2022-10-26,184.3,Travel
CUST00114,2023-06-08,15.26,Electronics
CUST00114,2023-06-01,26.17,Grocery
CUST00114,2023-08-10,275.8,Electronics
CUST00114,2024-02-26,154.28,Dining
CUST00114,2024-09-11,58.11,Grocery
CUST00114,2023-08-18,13.63,Dining
CUST00114,2023-11-11,31.88,Electronics
CUST00114,2023-02-03,171.46,Travel
CUST00114,2025-04-02,10.14,Travel
CUST00114,2025-06-15,94.82,Clothing
CUST00114,2023-04-17,81.93,Clothing
CUST00114,2023-07-18,62.06,Travel
CUST00114,2025-06-11,47.44,Grocery
CUST00114,2024-07-24,27.68,Grocery
CUST00114,2023-09-01,44.28,Travel
CUST00114,2023-12-10,71.8,Travel
CUST00114,2024-03-17,99.23,Grocery
CUST00114,2023-03-14,103.68,Grocery
CUST00114,2024-10-26,72.68,Grocery
CUST00114,2024-05-09,83.29,Grocery
CUST00114,2025-05-08,47.78,Grocery
CUST00114,2023-10-29,136.33,Grocery
CUST00114,2024-09-25,16.42,Grocery
CUST00114,2024-03-24,271.13,Dining
CUST00114,2023-03-14,230.14,Clothing
CUST00114,2024-12-11,183.51,Electronics
CUST00114,2024-01-18,27.5,Travel
CUST00114,2025-01-29,51.76,Electronics
CUST00114,2023-06-13,73.18,Clothing
CUST00114,2024-07-24,41.61,Electronics
CUST00114,2024-06-08,31.35,Grocery
CUST00114,2023-09-27,17.63,Travel
CUST00114,2025-05-15,196.33,Travel
CUST00114,2024-05-06,134.75,Clothing
CUST00114,2023-05-14,9.58,Clothing
CUST00114,2024-12-24,225.85,Electronics
CUST00114,2023-10-24,6.86,Clothing
CUST00114,2025-06-07,40.46,Grocery
CUST00114,2024-02-19,16.17,Travel
CUST00114,2023-03-10,40.58,Electronics
CUST00114,2022-11-09,96.25,Electronics
CUST00114,2023-01-28,111.43,Clothing
CUST00114,2024-01-27,19.04,Travel
CUST00114,2023-10-21,136.18,Grocery
CUST00114,2023-06-23,24.05,Travel
CUST00114,2024-08-03,130.97,Clothing
CUST00114,2023-11-26,90.74,Grocery
CUST00114,2024-09-02,33.88,Grocery
CUST00114,2024-06-22,58.07,Clothing
CUST00114,2024-02-13,39.81,Clothing
CUST00114,2022-10-30,45.7,Grocery
CUST00114,2024-08-10,304.29,Travel
CUST00114,2023-03-24,128.96,Clothing
CUST00114,2025-07-14,202.96,Grocery
CUST00114,2025-02-24,38.29,Travel
CUST00114,2024-08-30,84.24,Travel
CUST00114,2022-11-26,73.74,Grocery
CUST00114,2023-05-10,52.26,Clothing
CUST00114,2024-09-01,21.83,Electronics
CUST00114,2023-07-30,54.52,Dining
CUST00114,2024-06-27,18.43,Electronics
CUST00114,2023-08-10,79.66,Travel
CUST00114,2025-05-26,94.22,Dining
CUST00114,2024-09-07,22.7,Electronics
CUST00114,2025-04-05,84.69,Grocery
CUST00114,2022-12-11,77.19,Clothing
CUST00114,2024-01-13,10.38,Clothing
CUST00114,2024-11-12,11.65,Grocery
CUST00114,2024-11-08,43.89,Dining
CUST00114,2022-10-28,42.57,Grocery
CUST00114,2023-06-27,100.17,Grocery
CUST00114,2022-12-08,44.02,Travel
CUST00114,2023-11-17,22.99,Travel
CUST00114,2023-06-12,75.86,Grocery
CUST00114,2025-08-01,22.14,Travel
CUST00114,2024-10-14,158.86,Clothing
CUST00114,2025-02-18,53.51,Grocery
CUST00114,2024-07-25,11.64,Clothing
CUST00114,2024-11-02,37.31,Clothing
CUST00114,2024-09-19,31.18,Grocery
CUST00114,2022-12-23,26.97,Dining
CUST00114,2023-10-19,67.45,Electronics
CUST00114,2025-03-27,299.41,Dining
CUST00114,2025-04-24,24.75,Grocery
CUST00114,2024-05-18,20.44,Clothing
CUST00114,2025-06-18,144.1,Clothing
CUST00114,2023-05-20,131.66,Clothing
CUST00114,2023-06-29,100.68,Clothing
CUST00114,2023-01-13,91.03,Clothing
CUST00114,2023-02-10,48.1,Travel
CUST00114,2024-06-21,21.93,Travel
CUST00114,2025-06-17,140.65,Travel
CUST00114,2025-07-03,120.15,Travel
CUST00114,2023-07-15,121.39,Clothing
CUST00114,2024-03-23,165.82,Dining
CUST00114,2024-03-25,13.32,Electronics
CUST00114,2022-10-30,16.46,Dining
CUST00114,2024-06-10,51.9,Electronics
CUST00115,2023-10-26,48.53,Dining
CUST00115,2021-08-05,106.59,Grocery
CUST00115,2021-04-16,11.17,Clothing
CUST00115,2023-01-21,63.69,Grocery
CUST00115,2024-03-21,95.95,Grocery
CUST00115,2021-10-23,75.16,Travel
CUST00115,2023-11-03,39.89,Clothing
CUST00115,2022-09-09,188.84,Clothing
CUST00115,2023-02-20,46.38,Dining
CUST00115,2024-10-01,66.69,Grocery
CUST00115,2024-08-18,62.67,Electronics
CUST00115,2024-03-06,214.45,Clothing
CUST00115,2022-10-11,147.01,Dining
CUST00115,2024-10-12,30.51,Clothing
CUST00115,2024-02-06,104.71,Travel
CUST00115,2023-04-05,21.2,Travel
CUST00115,2025-05-26,156.37,Travel
CUST00115,2023-10-18,5.3,Electronics
CUST00115,2022-09-29,83.73,Travel
CUST00115,2022-05-10,33.69,Travel
CUST00115,2024-10-02,90.84,Travel
CUST00115,2022-07-19,35.24,Dining
CUST00115,2024-11-30,290.81,Clothing
CUST00115,2023-09-07,9.74,Grocery
CUST00115,2021-10-28,34.61,Grocery
CUST00115,2024-01-31,98.39,Grocery
CUST00115,2024-05-22,70.58,Electronics
CUST00115,2021-10-02,31.68,Dining
CUST00115,2024-12-18,63.61,Travel
CUST00115,2024-09-21,25.71,Electronics
CUST00115,2023-01-09,148.33,Dining
CUST00115,2022-04-29,56.19,Travel
CUST00115,2023-02-27,9.39,Dining
CUST00115,2021-09-11,9.66,Travel
CUST00115,2021-11-06,93.53,Dining
CUST00115,2024-12-29,34.11,Grocery
CUST00115,2025-01-10,42.91,Clothing
CUST00115,2024-09-27,24.42,Grocery
CUST00115,2025-05-25,34.05,Travel
CUST00115,2023-04-22,18.92,Dining
CUST00115,2022-10-30,166.65,Grocery
CUST00115,2024-10-21,6.16,Electronics
CUST00115,2021-04-19,22.42,Clothing
CUST00115,2024-12-20,83.21,Travel
CUST00115,2024-03-16,96.7,Dining
CUST00115,2022-04-25,35.64,Grocery
CUST00115,2022-07-31,22.1,Electronics
CUST00115,2024-12-24,12.83,Clothing
CUST00115,2022-09-11,15.49,Travel
CUST00115,2021-12-15,26.07,Travel
CUST00115,2022-08-06,25.11,Grocery
CUST00115,2024-11-08,47.33,Dining
CUST00115,2024-09-01,250.19,Travel
CUST00115,2021-08-27,76.95,Clothing
CUST00115,2022-02-26,121.45,Dining
CUST00115,2021-11-25,87.12,Clothing
CUST00115,2024-09-12,35.89,Clothing
CUST00115,2024-08-13,26.86,Dining
CUST00115,2024-10-17,7.51,Dining
CUST00115,2022-09-29,212.64,Electronics
CUST00115,2021-08-25,35.03,Dining
CUST00115,2025-04-22,13.52,Clothing
CUST00115,2021-10-23,37.34,Dining
CUST00115,2025-04-02,22.44,Clothing
CUST00115,2021-08-11,77.69,Electronics
CUST00115,2024-10-15,10.6,Electronics
CUST00115,2024-04-19,50.69,Clothing
CUST00115,2024-01-25,35.83,Dining
CUST00115,2023-04-15,67.71,Dining
CUST00115,2022-01-30,86.67,Grocery
CUST00115,2023-07-26,289.17,Travel
CUST00115,2023-12-01,110.14,Grocery
CUST00115,2024-01-26,57.14,Clothing
CUST00115,2024-04-30,28.74,Electronics
CUST00115,2023-10-31,77.14,Electronics
CUST00115,2021-03-18,273.17,Grocery
CUST00115,2021-07-31,67.53,Electronics
CUST00115,2022-10-09,13.62,Grocery
CUST00115,2022-06-03,158.53,Dining
CUST00115,2021-07-12,140.33,Dining
CUST00115,2023-11-07,160.77,Electronics
CUST00115,2023-08-12,97.06,Clothing
CUST00115,2023-04-10,69.83,Travel
CUST00115,2021-12-04,110.58,Electronics
CUST00115,2023-10-06,124.37,Electronics
CUST00115,2024-11-04,212.63,Travel
CUST00116,2025-04-28,28.82,Grocery
CUST00116,2025-01-15,10.16,Clothing
CUST00116,2024-09-21,235.68,Electronics
CUST00116,2025-02-02,58.7,Electronics
CUST00116,2024-05-04,25.0,Electronics
CUST00116,2024-01-21,47.56,Grocery
CUST00116,2025-02-10,74.22,Dining
CUST00116,2024-08-28,29.65,Clothing
CUST00116,2024-09-26,70.22,Dining
CUST00116,2024-08-16,88.42,Dining
CUST00116,2024-04-17,78.2,Electronics
CUST00116,2024-11-01,19.79,Travel
CUST00116,2024-08-26,203.81,Dining
CUST00116,2025-07-03,15.25,Clothing
CUST00116,2025-01-13,81.73,Dining
CUST00116,2025-04-03,77.34,Travel
CUST00116,2024-04-23,42.77,Dining
CUST00116,2024-03-15,47.46,Travel
CUST00116,2025-02-06,11.68,Dining
CUST00116,2024-03-02,12.06,Electronics
CUST00116,2024-05-04,18.76,Dining
CUST00116,2024-01-27,34.51,Dining
CUST00116,2025-06-19,51.45,Electronics
CUST00116,2024-01-12,8.08,Clothing
CUST00116,2025-03-26,89.63,Electronics
CUST00116,2025-03-22,445.89,Grocery
CUST00116,2024-09-06,184.64,Travel
CUST00116,2024-12-13,95.62,Grocery
CUST00116,2025-06-22,169.23,Clothing
CUST00116,2024-07-24,93.24,Clothing
CUST00116,2024-07-06,24.71,Travel
CUST00116,2024-04-09,55.19,Electronics
CUST00116,2025-06-10,40.1,Dining
CUST00116,2025-05-24,36.81,Clothing
CUST00116,2024-08-13,52.36,Grocery
CUST00116,2025-03-20,10.36,Electronics
CUST00116,2025-01-02,281.12,Dining
CUST00116,2025-05-08,7.19,Grocery
CUST00116,2024-12-20,49.79,Electronics
CUST00116,2025-05-26,20.72,Dining
CUST00116,2024-04-08,156.78,Travel
CUST00116,2024-10-25,70.61,Electronics
CUST00116,2024-03-25,52.34,Electronics
CUST00116,2024-09-26,32.08,Dining
CUST00116,2025-04-22,16.0,Electronics
CUST00116,2025-06-06,11.54,Electronics
CUST00116,2025-07-09,52.99,Dining
CUST00116,2025-06-14,58.67,Dining
CUST00116,2025-03-28,100.56,Electronics
CUST00116,2024-07-31,95.78,Electronics
CUST00116,2024-10-12,128.62,Travel
CUST00116,2024-12-28,39.95,Travel
CUST00116,2024-12-16,33.07,Clothing
CUST00116,2024-05-17,60.05,Clothing
CUST00116,2024-11-23,100.96,Travel
CUST00116,2024-07-30,50.77,Electronics
CUST00116,2025-07-06,20.67,Electronics
CUST00116,2024-10-10,146.53,Dining
CUST00116,2025-07-07,15.97,Grocery
CUST00116,2024-05-03,118.07,Electronics
CUST00116,2025-01-28,90.29,Travel
CUST00116,2025-02-06,9.29,Clothing
CUST00116,2024-12-31,169.85,Dining
CUST00116,2025-04-06,6.73,Grocery
CUST00116,2025-01-07,8.81,Travel
CUST00116,2024-03-16,5.07,Clothing
CUST00116,2024-04-01,217.79,Travel
CUST00116,2025-07-20,33.24,Travel
CUST00116,2024-12-18,190.39,Clothing
CUST00116,2025-05-07,27.72,Grocery
CUST00116,2024-04-17,21.22,Grocery
CUST00116,2024-06-30,176.2,Travel
CUST00116,2025-04-14,14.51,Grocery
CUST00116,2025-04-10,43.88,Clothing
CUST00116,2025-07-20,58.95,Grocery
CUST00116,2024-06-21,122.21,Clothing
CUST00116,2025-06-27,21.7,Electronics
CUST00116,2025-01-01,21.08,Dining
CUST00116,2024-11-05,242.99,Electronics
CUST00116,2024-02-01,22.56,Dining
CUST00116,2025-05-08,256.71,Clothing
CUST00116,2025-07-03,67.29,Clothing
CUST00116,2024-07-31,40.64,Dining
CUST00116,2024-03-09,68.06,Dining
CUST00116,2024-10-24,33.03,Grocery
CUST00116,2025-07-04,12.85,Electronics
CUST00116,2025-06-07,183.36,Travel
CUST00116,2025-02-18,28.24,Travel
CUST00116,2025-04-11,8.21,Electronics
CUST00116,2025-03-11,47.01,Clothing
CUST00116,2025-04-27,330.68,Grocery
CUST00116,2024-04-17,42.1,Clothing
CUST00116,2024-05-28,51.1,Grocery
CUST00116,2024-02-13,73.52,Dining
CUST00116,2025-04-05,8.24,Clothing
CUST00116,2025-04-25,86.45,Clothing
CUST00116,2025-06-21,185.87,Clothing
CUST00116,2025-05-09,21.07,Travel
CUST00116,2024-04-12,85.88,Travel
CUST00116,2024-07-07,93.23,Grocery
CUST00116,2025-03-07,84.6,Electronics
CUST00116,2024-01-12,40.65,Travel
CUST00116,2025-07-28,69.86,Clothing
CUST00116,2024-06-12,18.26,Clothing
CUST00116,2024-06-30,126.91,Clothing
CUST00116,2024-06-23,25.04,Clothing
CUST00116,2024-03-24,12.29,Electronics
CUST00116,2024-07-12,64.13,Electronics
CUST00116,2025-07-20,25.19,Grocery
CUST00116,2025-04-19,9.74,Electronics
CUST00117,2025-07-24,428.17,Dining
CUST00117,2025-02-11,9.08,Dining
CUST00117,2024-08-04,90.58,Clothing
CUST00117,2024-11-20,154.33,Dining
CUST00117,2025-02-16,48.28,Grocery
CUST00117,2024-12-22,24.49,Clothing
CUST00117,2025-02-26,50.59,Electronics
CUST00117,2024-09-27,76.21,Electronics
CUST00117,2024-10-16,19.2,Grocery
CUST00117,2025-06-14,25.24,Grocery
CUST00117,2025-06-17,19.05,Clothing
CUST00117,2025-06-09,87.37,Electronics
CUST00117,2025-05-22,163.63,Grocery
CUST00117,2025-04-09,39.25,Travel
CUST00117,2025-04-15,35.01,Grocery
CUST00117,2025-05-02,201.85,Clothing
CUST00117,2024-10-09,20.5,Dining
CUST00117,2024-07-20,155.26,Clothing
CUST00117,2025-03-26,12.69,Travel
CUST00117,2025-02-08,89.78,Dining
CUST00117,2024-12-22,70.64,Electronics
CUST00117,2025-07-04,92.27,Dining
CUST00117,2025-01-27,32.3,Travel
CUST00117,2024-11-25,31.69,Electronics
CUST00117,2024-09-05,38.58,Electronics
CUST00117,2024-12-16,11.06,Grocery
CUST00117,2025-02-02,24.46,Grocery
CUST00117,2025-01-29,9.68,Electronics
CUST00117,2025-05-21,36.07,Clothing
CUST00117,2025-03-15,86.61,Travel
CUST00117,2024-09-29,80.38,Clothing
CUST00117,2024-08-15,289.73,Travel
CUST00117,2024-09-19,18.37,Travel
CUST00117,2024-12-15,93.78,Electronics
CUST00117,2024-08-01,123.6,Travel
CUST00117,2025-06-03,61.37,Electronics
CUST00117,2025-04-25,5.54,Grocery
CUST00117,2025-06-07,25.02,Electronics
CUST00117,2024-10-19,45.9,Electronics
CUST00117,2025-07-08,47.33,Travel
CUST00117,2024-09-27,17.39,Clothing
CUST00117,2025-02-04,251.92,Clothing
CUST00117,2024-08-07,21.94,Dining
CUST00117,2025-08-01,32.75,Electronics
CUST00117,2025-06-22,134.27,Travel
CUST00117,2025-02-27,55.35,Travel
CUST00117,2024-10-09,37.79,Grocery
CUST00117,2024-10-07,240.92,Electronics
CUST00117,2024-09-11,58.56,Dining
CUST00117,2024-08-24,43.29,Grocery
CUST00117,2024-08-12,19.39,Grocery
CUST00117,2024-10-26,13.63,Clothing
CUST00117,2025-04-27,25.03,Travel
CUST00117,2024-09-26,6.28,Travel
CUST00117,2025-02-13,13.62,Dining
CUST00117,2024-10-15,261.51,Travel
CUST00117,2024-12-25,172.75,Clothing
CUST00117,2025-03-07,220.78,Travel
CUST00117,2024-12-17,91.15,Electronics
CUST00117,2025-05-01,64.06,Electronics
CUST00117,2025-01-18,81.7,Clothing
CUST00117,2024-12-03,28.33,Clothing
CUST00117,2024-12-16,69.97,Grocery
CUST00117,2025-05-16,17.98,Grocery
CUST00117,2024-08-20,92.8,Electronics
CUST00117,2025-03-11,169.22,Travel
CUST00117,2025-06-23,127.16,Clothing
CUST00117,2025-03-09,63.45,Dining
CUST00117,2024-10-27,28.78,Clothing
CUST00117,2025-05-23,59.73,Travel
CUST00117,2025-03-01,84.31,Electronics
CUST00117,2025-06-25,51.77,Clothing
CUST00117,2024-12-16,57.39,Grocery
CUST00117,2025-01-15,14.46,Dining
CUST00117,2025-06-07,95.15,Grocery
CUST00117,2024-09-28,225.41,Clothing
CUST00117,2024-11-12,103.72,Dining
CUST00117,2024-09-18,92.83,Clothing
CUST00117,2025-05-01,64.6,Dining
CUST00117,2025-04-05,129.1,Electronics
CUST00117,2024-09-02,13.31,Clothing
CUST00117,2024-09-27,5.55,Electronics
CUST00117,2025-05-15,170.87,Dining
CUST00117,2025-05-05,34.86,Clothing
CUST00117,2024-11-17,29.53,Dining
CUST00117,2025-02-23,99.52,Grocery
CUST00117,2024-11-01,44.25,Dining
CUST00117,2025-04-21,76.79,Dining
CUST00117,2024-08-30,105.6,Electronics
CUST00117,2024-08-07,274.27,Grocery
CUST00118,2023-11-12,127.12,Grocery
CUST00118,2025-07-04,198.87,Clothing
CUST00118,2024-04-10,171.94,Electronics
CUST00118,2024-06-24,25.91,Electronics
CUST00118,2022-09-15,110.09,Clothing
CUST00118,2024-03-29,152.41,Travel
CUST00118,2022-03-18,90.38,Electronics
CUST00118,2022-12-05,27.31,Grocery
CUST00118,2025-03-15,26.59,Dining
CUST00118,2024-12-11,177.59,Grocery
CUST00118,2022-12-14,9.25,Clothing
CUST00118,2024-06-11,47.48,Dining
CUST00118,2023-07-08,141.62,Grocery
CUST00118,2023-04-15,112.57,Clothing
CUST00118,2023-11-11,23.0,Electronics
CUST00118,2023-10-15,81.96,Travel
CUST00118,2024-10-26,61.54,Grocery
CUST00118,2023-08-23,262.19,Electronics
CUST00118,2024-05-07,11.53,Grocery
CUST00118,2022-04-15,23.96,Electronics
CUST00118,2025-06-27,338.57,Grocery
CUST00118,2024-10-24,194.49,Dining
CUST00118,2024-08-25,15.08,Dining
CUST00118,2023-04-02,18.77,Clothing
CUST00118,2024-12-03,39.78,Travel
CUST00118,2024-01-03,8.0,Dining
CUST00118,2024-10-16,52.63,Travel
CUST00118,2022-05-15,47.48,Grocery
CUST00118,2022-12-29,28.06,Grocery
CUST00118,2025-05-25,100.7,Clothing
CUST00118,2024-09-08,106.33,Travel
CUST00118,2024-07-10,35.71,Dining
CUST00118,2022-07-25,27.81,Travel
CUST00118,2024-08-02,247.18,Grocery
CUST00118,2022-09-21,169.68,Clothing
CUST00118,2025-05-09,160.65,Dining
CUST00118,2024-08-23,94.0,Electronics
CUST00118,2022-08-28,102.44,Grocery
CUST00118,2025-01-12,44.43,Travel
CUST00118,2024-11-24,60.23,Travel
CUST00118,2023-07-25,20.49,Clothing
CUST00118,2024-08-29,76.13,Travel
CUST00118,2023-05-11,87.2,Clothing
CUST00118,2022-06-04,96.5,Dining
CUST00118,2023-09-14,5.81,Clothing
CUST00118,2024-05-04,150.97,Electronics
CUST00118,2025-04-23,346.91,Dining
CUST00118,2022-08-30,203.27,Travel
CUST00118,2024-03-29,35.07,Electronics
CUST00118,2025-04-25,28.27,Clothing
CUST00118,2025-02-28,72.05,Dining
CUST00118,2023-09-07,264.6,Clothing
CUST00118,2025-02-25,37.86,Dining
CUST00118,2023-03-05,17.17,Electronics
CUST00118,2024-05-19,142.75,Electronics
CUST00118,2024-02-09,60.38,Electronics
CUST00118,2024-06-09,33.1,Travel
CUST00118,2023-08-28,35.96,Dining
CUST00118,2025-06-18,31.16,Clothing
CUST00118,2024-10-11,8.56,Grocery
CUST00118,2023-09-14,13.29,Clothing
CUST00118,2023-10-08,41.02,Grocery
CUST00118,2022-05-15,113.93,Travel
CUST00118,2022-11-13,292.02,Travel
CUST00118,2022-11-14,112.13,Grocery
CUST00118,2023-11-09,244.39,Grocery
CUST00118,2023-08-19,24.11,Clothing
CUST00118,2025-06-10,169.66,Grocery
CUST00118,2022-08-03,219.86,Dining
CUST00118,2023-07-30,26.95,Clothing
CUST00118,2023-12-24,90.56,Electronics
CUST00118,2024-04-16,25.2,Clothing
CUST00118,2022-10-06,101.1,Grocery
CUST00118,2022-03-04,5.21,Dining
CUST00118,2025-01-28,97.23,Electronics
CUST00118,2024-09-14,82.16,Dining
CUST00118,2024-10-09,280.23,Electronics
CUST00118,2023-10-07,30.92,Grocery
CUST00118,2024-10-19,19.84,Dining
CUST00118,2025-01-08,143.22,Grocery
CUST00118,2025-03-24,5.92,Clothing
CUST00118,2024-12-03,146.15,Dining
CUST00118,2025-04-14,37.94,Clothing
CUST00118,2024-02-23,19.55,Dining
CUST00118,2025-07-18,46.94,Travel
CUST00118,2023-08-29,109.89,Grocery
CUST00118,2025-07-27,35.02,Electronics
CUST00118,2022-12-26,153.22,Dining
CUST00118,2025-01-10,37.47,Dining
CUST00119,2025-08-01,62.74,Dining
CUST00119,2025-07-26,65.82,Electronics
CUST00119,2025-07-29,51.83,Electronics
CUST00119,2025-07-29,48.25,Grocery
CUST00119,2025-07-24,23.11,Travel
CUST00119,2025-07-24,220.29,Electronics
CUST00119,2025-07-30,14.52,Dining
CUST00119,2025-08-01,255.64,Clothing
CUST00119,2025-07-30,52.15,Clothing
CUST00119,2025-07-24,39.91,Electronics
CUST00119,2025-07-28,52.08,Electronics
CUST00119,2025-07-29,186.73,Electronics
CUST00119,2025-07-25,16.85,Electronics
CUST00119,2025-07-27,33.32,Electronics
CUST00119,2025-07-28,97.64,Electronics
CUST00119,2025-07-31,138.58,Travel
CUST00119,2025-07-31,425.1,Electronics
CUST00119,2025-07-30,14.12,Travel
CUST00119,2025-07-28,32.09,Travel
CUST00119,2025-07-27,14.93,Travel
CUST00119,2025-07-31,29.32,Dining
CUST00119,2025-07-26,158.59,Travel
CUST00119,2025-07-30,142.01,Grocery
CUST00119,2025-07-29,32.51,Travel
CUST00119,2025-07-28,188.94,Travel
CUST00119,2025-07-26,16.8,Grocery
CUST00119,2025-07-31,39.85,Dining
CUST00119,2025-07-26,100.67,Grocery
CUST00119,2025-07-25,47.62,Clothing
CUST00119,2025-07-30,9.91,Travel
CUST00119,2025-07-31,20.52,Electronics
CUST00119,2025-07-27,78.06,Dining
CUST00119,2025-07-28,67.51,Electronics
CUST00119,2025-08-01,43.06,Dining
CUST00119,2025-07-27,84.46,Clothing
CUST00119,2025-07-31,17.2,Grocery
CUST00119,2025-07-28,36.01,Dining
CUST00119,2025-07-31,178.67,Electronics
CUST00119,2025-07-31,40.36,Clothing
CUST00119,2025-07-24,47.4,Dining
CUST00119,2025-07-31,68.48,Clothing
CUST00119,2025-07-31,123.16,Dining
CUST00119,2025-07-31,16.01,Clothing
CUST00119,2025-07-27,404.21,Clothing
CUST00119,2025-07-26,169.1,Travel
CUST00119,2025-07-28,114.39,Dining
CUST00119,2025-07-30,133.63,Dining
CUST00119,2025-08-01,46.18,Electronics
CUST00119,2025-07-24,130.36,Grocery
CUST00119,2025-07-29,68.58,Dining
CUST00119,2025-07-28,124.3,Grocery
CUST00119,2025-07-30,9.64,Travel
CUST00119,2025-08-01,51.27,Travel
CUST00119,2025-07-25,190.2,Travel
CUST00119,2025-07-28,12.77,Clothing
CUST00119,2025-07-29,68.21,Dining
CUST00119,2025-07-31,77.33,Travel
CUST00119,2025-07-29,236.37,Travel
CUST00119,2025-07-26,23.79,Dining
CUST00119,2025-08-01,11.27,Travel
CUST00119,2025-07-25,18.15,Dining
CUST00119,2025-07-26,38.14,Dining
CUST00119,2025-07-26,19.64,Electronics
CUST00119,2025-07-30,44.86,Clothing
CUST00119,2025-07-31,77.94,Clothing
CUST00119,2025-07-30,265.65,Dining
CUST00119,2025-07-25,17.85,Dining
CUST00119,2025-07-31,99.44,Travel
CUST00119,2025-07-25,10.0,Grocery
CUST00119,2025-07-27,90.63,Electronics
CUST00119,2025-08-01,36.05,Dining
CUST00119,2025-07-30,99.58,Clothing
CUST00119,2025-07-25,82.78,Grocery
CUST00119,2025-07-31,58.64,Dining
CUST00119,2025-07-25,154.91,Electronics
CUST00119,2025-07-26,30.4,Dining
CUST00119,2025-07-25,17.59,Travel
CUST00119,2025-07-27,137.66,Grocery
CUST00119,2025-07-26,77.16,Travel
CUST00119,2025-07-31,7.97,Dining
CUST00119,2025-07-29,71.63,Grocery
CUST00119,2025-07-30,160.26,Dining
CUST00119,2025-07-30,10.56,Clothing
CUST00119,2025-07-27,76.28,Dining
CUST00119,2025-07-28,31.26,Dining
CUST00119,2025-07-28,159.22,Electronics
CUST00119,2025-07-30,150.06,Travel
CUST00119,2025-07-31,72.15,Electronics
CUST00119,2025-08-01,53.04,Clothing
CUST00119,2025-07-29,8.99,Clothing
CUST00119,2025-07-27,29.41,Clothing
CUST00119,2025-07-24,86.4,Electronics
CUST00119,2025-07-25,33.87,Grocery
CUST00119,2025-07-25,130.24,Dining
CUST00119,2025-07-28,178.34,Grocery
CUST00119,2025-07-30,83.32,Grocery
CUST00119,2025-08-01,69.05,Grocery
CUST00119,2025-07-26,13.56,Grocery
CUST00119,2025-07-31,157.21,Grocery
CUST00119,2025-07-31,289.73,Travel
CUST00119,2025-07-31,21.03,Travel
CUST00119,2025-08-01,116.32,Clothing
CUST00119,2025-07-30,54.81,Grocery
CUST00120,2025-06-03,258.45,Dining
CUST00120,2025-07-02,25.18,Electronics
CUST00120,2025-07-01,71.09,Electronics
CUST00120,2025-07-04,39.53,Clothing
CUST00120,2025-06-28,31.83,Dining
CUST00120,2025-04-28,141.46,Travel
CUST00120,2025-04-21,136.24,Electronics
CUST00120,2025-06-22,92.54,Travel
CUST00120,2025-06-23,84.84,Clothing
CUST00120,2025-05-29,5.05,Dining
CUST00120,2025-06-06,156.74,Dining
CUST00120,2025-07-24,106.78,Grocery
CUST00120,2025-05-24,16.06,Dining
CUST00120,2025-06-26,95.65,Electronics
CUST00120,2025-04-29,25.6,Electronics
CUST00120,2025-06-08,21.16,Grocery
CUST00120,2025-07-07,70.56,Grocery
CUST00120,2025-06-30,97.63,Clothing
CUST00120,2025-07-25,37.76,Clothing
CUST00120,2025-07-02,33.89,Grocery
CUST00120,2025-06-22,39.09,Travel
CUST00120,2025-06-08,34.65,Grocery
CUST00120,2025-04-23,184.5,Electronics
CUST00120,2025-05-26,34.89,Travel
CUST00120,2025-05-01,13.27,Clothing
CUST00120,2025-06-07,40.69,Clothing
CUST00120,2025-06-29,95.89,Electronics
CUST00120,2025-06-01,93.23,Travel
CUST00120,2025-06-10,80.5,Dining
CUST00120,2025-06-18,67.92,Clothing
CUST00120,2025-07-28,255.55,Dining
CUST00120,2025-06-03,124.45,Travel
CUST00120,2025-07-05,300.95,Grocery
CUST00120,2025-07-12,81.58,Travel
CUST00120,2025-06-07,12.95,Grocery
CUST00120,2025-04-27,306.8,Electronics
CUST00120,2025-07-10,10.53,Grocery
CUST00120,2025-06-05,14.87,Travel
CUST00120,2025-05-05,89.82,Clothing
CUST00120,2025-06-09,28.48,Travel
CUST00120,2025-07-17,30.7,Travel
CUST00120,2025-07-30,100.77,Dining
CUST00120,2025-05-10,31.19,Electronics
CUST00120,2025-05-21,63.45,Dining
CUST00120,2025-05-03,6.85,Electronics
CUST00120,2025-07-20,163.9,Grocery
CUST00120,2025-07-10,91.73,Grocery
CUST00120,2025-07-12,7.64,Travel
CUST00120,2025-05-31,162.12,Clothing
CUST00120,2025-06-11,70.25,Grocery
CUST00120,2025-05-09,22.64,Travel
CUST00120,2025-07-27,123.4,Travel
CUST00120,2025-05-11,81.94,Clothing
CUST00120,2025-05-05,57.63,Electronics
CUST00120,2025-07-12,48.34,Dining
CUST00120,2025-07-25,113.38,Travel
CUST00120,2025-07-26,45.36,Dining
CUST00120,2025-06-12,37.13,Dining
CUST00120,2025-05-18,33.18,Dining
CUST00120,2025-06-16,18.03,Electronics
CUST00120,2025-04-30,7.65,Dining
CUST00120,2025-07-29,166.76,Clothing
CUST00120,2025-05-14,99.08,Electronics
CUST00120,2025-04-25,246.64,Grocery
CUST00120,2025-07-23,346.52,Grocery
CUST00120,2025-06-05,397.54,Dining
CUST00120,2025-05-18,153.39,Travel
CUST00120,2025-07-10,165.61,Grocery
CUST00120,2025-04-22,36.71,Dining
CUST00120,2025-05-18,38.78,Electronics
CUST00120,2025-05-10,36.56,Clothing
CUST00120,2025-07-04,55.99,Clothing
CUST00120,2025-07-12,100.99,Travel
CUST00120,2025-06-21,96.21,Clothing
CUST00120,2025-06-13,29.06,Grocery
CUST00120,2025-04-30,31.4,Dining
CUST00120,2025-07-18,37.83,Travel
CUST00120,2025-06-07,289.05,Dining
CUST00120,2025-07-03,68.8,Travel
CUST00120,2025-05-12,140.61,Dining
CUST00120,2025-06-10,40.33,Clothing
CUST00120,2025-05-31,9.98,Travel
CUST00120,2025-05-05,26.47,Dining
CUST00120,2025-05-24,19.83,Grocery
CUST00120,2025-07-06,213.28,Dining
CUST00120,2025-06-15,15.31,Clothing
CUST00120,2025-07-21,48.48,Grocery
CUST00120,2025-05-26,44.57,Clothing
CUST00120,2025-06-26,103.86,Dining
CUST00120,2025-06-06,106.59,Dining
CUST00120,2025-06-26,19.25,Travel
CUST00120,2025-07-13,37.79,Grocery
CUST00120,2025-07-20,9.65,Dining
CUST00120,2025-05-03,74.33,Dining
CUST00120,2025-06-13,171.26,Grocery
CUST00120,2025-07-23,75.9,Dining
CUST00120,2025-06-14,106.06,Clothing
CUST00121,2023-12-23,18.61,Grocery
CUST00121,2025-07-24,68.44,Travel
CUST00121,2025-03-06,36.61,Electronics
CUST00121,2024-07-31,5.39,Clothing
CUST00121,2024-10-18,265.02,Travel
CUST00121,2023-11-26,77.22,Electronics
CUST00121,2025-06-10,36.0,Clothing
CUST00121,2025-05-27,93.17,Travel
CUST00121,2025-05-14,47.88,Electronics
CUST00121,2024-01-05,93.77,Clothing
CUST00121,2025-02-25,38.94,Electronics
CUST00121,2024-12-27,53.5,Travel
CUST00121,2024-12-23,13.49,Grocery
CUST00121,2024-07-03,109.48,Dining
CUST00121,2024-03-23,449.93,Clothing
CUST00121,2024-01-03,9.01,Clothing
CUST00121,2025-04-19,49.29,Dining
CUST00121,2025-02-22,79.4,Travel
CUST00121,2023-09-10,32.21,Dining
CUST00121,2024-01-21,41.38,Dining
CUST00121,2024-05-28,158.64,Travel
CUST00121,2024-11-26,64.39,Grocery
CUST00121,2024-06-21,61.42,Clothing
CUST00121,2024-01-21,98.71,Dining
CUST00121,2025-03-31,67.54,Clothing
CUST00121,2024-01-30,71.46,Electronics
CUST00121,2024-09-24,48.59,Clothing
CUST00121,2025-05-05,28.08,Travel
CUST00121,2024-12-05,116.07,Clothing
CUST00121,2023-08-15,63.84,Dining
CUST00121,2023-08-14,176.14,Electronics
CUST00121,2024-11-08,268.97,Dining
CUST00121,2024-09-30,82.75,Clothing
CUST00121,2024-09-16,64.79,Clothing
CUST00121,2023-12-22,9.21,Travel
CUST00121,2025-03-16,102.58,Travel
CUST00121,2025-02-27,13.1,Dining
CUST00121,2024-03-31,44.31,Grocery
CUST00121,2025-06-07,66.97,Clothing
CUST00121,2024-02-21,34.27,Dining
CUST00121,2025-05-05,121.25,Dining
CUST00121,2025-06-18,46.1,Dining
CUST00121,2024-11-20,10.19,Travel
CUST00121,2025-02-11,21.52,Grocery
CUST00121,2023-12-11,11.54,Clothing
CUST00121,2024-01-16,94.52,Dining
CUST00121,2024-09-03,75.96,Travel
CUST00121,2023-10-09,215.55,Grocery
CUST00121,2024-12-01,61.59,Grocery
CUST00121,2024-11-08,11.35,Clothing
CUST00121,2024-02-16,266.72,Electronics
CUST00121,2023-11-26,307.54,Clothing
CUST00121,2025-03-12,216.15,Electronics
CUST00121,2023-12-27,39.83,Travel
CUST00121,2025-07-06,32.39,Electronics
CUST00121,2024-02-22,52.36,Grocery
CUST00121,2024-03-21,47.36,Electronics
CUST00121,2023-12-21,86.99,Electronics
CUST00121,2025-04-06,13.52,Grocery
CUST00121,2025-07-27,20.76,Grocery
CUST00121,2025-06-29,46.51,Clothing
CUST00121,2023-09-04,109.44,Clothing
CUST00121,2023-10-24,31.43,Electronics
CUST00121,2023-08-13,24.92,Grocery
CUST00121,2024-06-10,120.65,Electronics
CUST00121,2024-09-25,78.06,Clothing
CUST00121,2023-09-27,23.41,Clothing
CUST00121,2024-05-03,184.06,Grocery
CUST00121,2024-01-01,21.97,Dining
CUST00121,2023-10-24,102.79,Electronics
CUST00121,2025-01-22,40.1,Grocery
CUST00121,2024-06-15,86.0,Clothing
CUST00121,2023-10-20,172.86,Clothing
CUST00121,2024-10-27,197.3,Electronics
CUST00121,2023-09-29,64.14,Electronics
CUST00121,2025-05-19,88.8,Clothing
CUST00121,2025-05-08,6.39,Electronics
CUST00121,2024-04-29,77.92,Dining
CUST00121,2023-12-05,93.99,Clothing
CUST00121,2024-09-23,50.6,Grocery
CUST00121,2023-11-30,33.08,Grocery
CUST00121,2024-03-31,25.01,Dining
CUST00121,2025-02-02,36.29,Electronics
CUST00121,2025-06-12,127.76,Clothing
CUST00121,2023-07-27,7.54,Clothing
CUST00121,2023-12-07,52.86,Dining
CUST00121,2023-12-06,31.99,Clothing
CUST00121,2025-02-10,176.32,Electronics
CUST00121,2024-09-27,54.75,Electronics
CUST00121,2023-11-26,56.04,Grocery
CUST00121,2025-03-28,19.07,Grocery
CUST00121,2025-01-05,25.59,Electronics
CUST00121,2024-11-04,143.02,Electronics
CUST00121,2023-10-15,86.48,Electronics
CUST00121,2024-10-14,14.46,Grocery
CUST00121,2025-02-04,70.46,Clothing
CUST00121,2025-05-09,185.84,Electronics
CUST00121,2024-11-23,7.11,Clothing
CUST00121,2024-06-15,236.24,Dining
CUST00121,2024-07-21,156.39,Dining
CUST00121,2024-09-24,144.81,Electronics
CUST00121,2024-02-17,189.32,Travel
CUST00121,2024-11-27,42.54,Electronics
CUST00121,2024-03-02,38.14,Grocery
CUST00121,2023-10-20,57.52,Grocery
CUST00121,2024-04-05,23.42,Grocery
CUST00121,2025-03-21,65.31,Electronics
CUST00121,2024-07-19,95.33,Clothing
CUST00121,2023-11-02,37.85,Dining
CUST00121,2024-02-03,208.17,Clothing
CUST00121,2023-12-12,203.23,Travel
CUST00122,2025-03-10,126.98,Grocery
CUST00122,2023-12-08,43.54,Grocery
CUST00122,2024-06-04,94.36,Grocery
CUST00122,2024-05-31,13.81,Travel
CUST00122,2023-10-17,16.53,Clothing
CUST00122,2022-01-18,20.64,Electronics
CUST00122,2022-05-04,25.95,Electronics
CUST00122,2025-03-09,78.27,Dining
CUST00122,2025-07-22,46.59,Clothing
CUST00122,2025-05-10,35.52,Travel
CUST00122,2022-04-06,39.73,Grocery
CUST00122,2023-08-19,50.33,Electronics
CUST00122,2022-09-26,47.36,Travel
CUST00122,2024-06-23,94.28,Grocery
CUST00122,2024-08-23,13.17,Clothing
CUST00122,2023-11-05,41.78,Grocery
CUST00122,2022-02-25,33.56,Electronics
CUST00122,2023-11-16,47.42,Dining
CUST00122,2024-06-15,20.54,Clothing
CUST00122,2023-09-27,55.87,Grocery
CUST00122,2022-03-07,181.78,Electronics
CUST00122,2025-03-13,101.23,Dining
CUST00122,2025-05-16,5.5,Travel
CUST00122,2025-02-07,10.75,Clothing
CUST00122,2021-11-11,41.7,Electronics
CUST00122,2023-08-29,13.73,Grocery
CUST00122,2022-10-31,50.89,Dining
CUST00122,2023-11-09,73.24,Clothing
CUST00122,2024-04-05,299.45,Travel
CUST00122,2023-04-02,49.73,Electronics
CUST00122,2021-12-28,41.7,Travel
CUST00122,2025-06-19,137.91,Travel
CUST00122,2023-02-13,92.45,Clothing
CUST00122,2024-10-10,129.62,Clothing
CUST00122,2025-02-14,61.66,Grocery
CUST00122,2022-03-12,353.31,Grocery
CUST00122,2023-07-03,127.14,Travel
CUST00122,2022-12-19,37.5,Travel
CUST00122,2024-01-21,13.37,Clothing
CUST00122,2022-04-22,39.6,Dining
CUST00122,2023-01-14,31.72,Electronics
CUST00122,2022-04-26,281.25,Electronics
CUST00122,2024-12-03,224.03,Travel
CUST00122,2022-09-06,9.04,Grocery
CUST00122,2024-11-12,84.15,Dining
CUST00122,2022-10-29,63.3,Clothing
CUST00122,2022-07-21,7.68,Dining
CUST00122,2023-06-11,69.17,Electronics
CUST00122,2022-03-14,15.88,Grocery
CUST00122,2024-12-05,32.2,Electronics
CUST00122,2024-07-11,28.44,Electronics
CUST00122,2022-06-21,44.21,Grocery
CUST00122,2022-06-20,35.51,Dining
CUST00122,2025-03-17,52.38,Dining
CUST00122,2025-05-16,86.69,Grocery
CUST00122,2024-12-09,220.09,Grocery
CUST00122,2025-02-22,95.61,Electronics
CUST00122,2023-10-18,142.4,Dining
CUST00122,2023-01-01,14.7,Dining
CUST00122,2024-02-24,28.26,Travel
CUST00122,2023-01-12,93.9,Grocery
CUST00122,2022-11-03,149.21,Electronics
CUST00122,2022-12-20,6.7,Clothing
CUST00122,2024-08-13,10.27,Dining
CUST00122,2022-10-27,182.5,Dining
CUST00122,2022-12-20,84.03,Travel
CUST00122,2024-04-16,158.64,Dining
CUST00122,2021-11-29,7.59,Grocery
CUST00122,2025-02-21,60.24,Clothing
CUST00122,2024-11-10,46.76,Clothing
CUST00122,2023-08-16,39.32,Dining
CUST00122,2022-02-06,24.95,Clothing
CUST00122,2023-09-05,112.7,Grocery
CUST00122,2024-04-24,53.88,Clothing
CUST00122,2025-02-10,82.59,Grocery
CUST00122,2025-04-24,66.67,Dining
CUST00122,2025-04-09,54.66,Clothing
CUST00122,2022-03-02,102.18,Clothing
CUST00122,2022-09-11,46.67,Clothing
CUST00122,2024-05-05,38.61,Travel
CUST00122,2021-12-03,67.6,Dining
CUST00122,2023-10-14,75.91,Electronics
CUST00122,2024-05-21,263.65,Clothing
CUST00122,2022-03-23,84.78,Grocery
CUST00122,2024-10-30,163.38,Travel
CUST00122,2025-06-09,65.08,Clothing
CUST00122,2023-08-09,20.27,Travel
CUST00122,2025-03-15,104.41,Grocery
CUST00122,2023-07-26,35.18,Travel
CUST00122,2023-05-14,64.1,Dining
CUST00122,2022-03-04,158.81,Electronics
CUST00122,2024-02-13,69.02,Dining
CUST00122,2022-09-29,23.02,Dining
CUST00122,2024-03-28,8.56,Clothing
CUST00123,2023-08-19,89.65,Dining
CUST00123,2024-07-16,113.48,Dining
CUST00123,2025-02-04,40.85,Grocery
CUST00123,2023-09-30,11.44,Electronics
CUST00123,2023-03-13,29.08,Dining
CUST00123,2024-12-03,302.66,Grocery
CUST00123,2022-11-26,51.77,Dining
CUST00123,2022-09-04,20.7,Grocery
CUST00123,2025-04-17,9.58,Dining
CUST00123,2024-04-23,65.16,Clothing
CUST00123,2024-11-15,133.25,Grocery
CUST00123,2022-12-19,9.91,Electronics
CUST00123,2023-06-04,137.21,Dining
CUST00123,2024-05-06,63.09,Electronics
CUST00123,2024-04-07,6.8,Dining
CUST00123,2024-06-11,26.4,Electronics
CUST00123,2024-03-13,110.0,Dining
CUST00123,2024-05-01,99.14,Clothing
CUST00123,2024-04-04,106.76,Clothing
CUST00123,2024-01-27,39.57,Grocery
CUST00123,2023-10-06,32.73,Travel
CUST00123,2023-11-30,106.71,Travel
CUST00123,2025-07-10,5.73,Dining
CUST00123,2023-07-03,33.95,Electronics
CUST00123,2023-12-18,282.54,Electronics
CUST00123,2023-04-04,37.36,Travel
CUST00123,2024-11-14,254.44,Grocery
CUST00123,2023-10-10,12.37,Clothing
CUST00123,2024-04-07,37.72,Travel
CUST00123,2024-12-27,25.69,Grocery
CUST00123,2024-08-06,32.36,Travel
CUST00123,2023-05-12,133.44,Dining
CUST00123,2023-04-02,29.51,Dining
CUST00123,2024-05-10,89.23,Dining
CUST00123,2025-03-24,228.98,Clothing
CUST00123,2022-12-18,179.9,Electronics
CUST00123,2023-03-04,17.8,Travel
CUST00123,2025-04-26,24.57,Grocery
CUST00123,2024-06-17,42.85,Travel
CUST00123,2023-05-21,244.43,Dining
CUST00123,2023-10-02,349.11,Travel
CUST00123,2024-12-12,33.95,Clothing
CUST00123,2024-09-28,24.86,Electronics
CUST00123,2025-01-03,135.6,Clothing
CUST00123,2023-07-13,319.56,Electronics
CUST00123,2024-04-04,23.76,Travel
CUST00123,2023-10-16,35.28,Dining
CUST00123,2023-12-14,121.95,Electronics
CUST00123,2023-08-16,94.11,Electronics
CUST00123,2024-02-21,127.45,Clothing
CUST00123,2025-06-19,31.53,Dining
CUST00123,2022-11-17,45.46,Travel
CUST00123,2023-11-16,159.74,Grocery
CUST00123,2024-08-15,48.22,Grocery
CUST00123,2023-01-24,27.45,Clothing
CUST00123,2023-02-18,194.36,Electronics
CUST00123,2024-11-14,81.66,Travel
CUST00123,2022-10-20,133.62,Travel
CUST00123,2025-01-25,215.51,Travel
CUST00123,2024-02-26,130.56,Dining
CUST00123,2024-12-20,19.21,Grocery
CUST00123,2023-10-06,266.0,Grocery
CUST00123,2023-06-29,66.09,Grocery
CUST00123,2023-07-15,31.27,Electronics
CUST00123,2024-05-29,101.87,Clothing
CUST00123,2025-06-19,85.45,Dining
CUST00123,2024-12-04,200.72,Clothing
CUST00123,2024-03-05,269.08,Travel
CUST00123,2022-11-20,54.65,Grocery
CUST00123,2023-04-12,18.85,Travel
CUST00123,2023-10-30,16.47,Dining
CUST00123,2025-05-03,29.35,Grocery
CUST00123,2025-01-10,25.48,Travel
CUST00123,2024-06-30,117.1,Electronics
CUST00123,2023-01-15,8.19,Grocery
CUST00123,2024-01-18,35.96,Travel
CUST00123,2022-11-17,16.81,Clothing
CUST00123,2024-12-02,114.6,Travel
CUST00123,2023-09-06,43.41,Grocery
CUST00123,2023-10-17,103.8,Clothing
CUST00123,2024-06-16,180.27,Grocery
CUST00123,2024-07-14,150.85,Electronics
CUST00123,2022-11-18,9.36,Clothing
CUST00123,2023-10-13,20.65,Travel
CUST00123,2024-06-30,151.13,Travel
CUST00123,2023-11-25,27.12,Electronics
CUST00123,2025-07-10,62.27,Electronics
CUST00123,2023-08-20,43.58,Dining
CUST00123,2023-12-18,38.98,Clothing
CUST00123,2023-10-04,28.08,Dining
CUST00123,2023-06-19,70.7,Dining
CUST00123,2025-06-15,294.91,Travel
CUST00123,2023-02-13,169.93,Grocery
CUST00123,2022-09-18,159.79,Dining
CUST00123,2023-08-13,22.45,Grocery
CUST00123,2024-05-27,54.45,Grocery
CUST00123,2024-12-28,24.41,Electronics
CUST00123,2022-08-13,31.74,Travel
CUST00123,2023-06-12,83.51,Grocery
CUST00124,2025-06-27,21.66,Dining
CUST00124,2025-07-13,409.9,Clothing
CUST00124,2025-07-01,8.12,Travel
CUST00124,2025-07-19,41.26,Clothing
CUST00124,2025-06-30,15.62,Clothing
CUST00124,2025-06-26,22.01,Grocery
CUST00124,2025-07-16,84.39,Electronics
CUST00124,2025-06-23,9.22,Grocery
CUST00124,2025-06-22,40.33,Grocery
CUST00124,2025-07-03,30.04,Clothing
CUST00124,2025-06-25,9.76,Dining
CUST00124,2025-07-21,33.94,Electronics
CUST00124,2025-07-19,45.84,Electronics
CUST00124,2025-07-15,95.12,Grocery
CUST00124,2025-07-18,103.27,Dining
CUST00124,2025-06-20,9.39,Clothing
CUST00124,2025-07-21,71.94,Dining
CUST00124,2025-06-23,14.29,Grocery
CUST00124,2025-07-06,53.82,Dining
CUST00124,2025-07-09,260.69,Travel
CUST00124,2025-07-11,67.23,Clothing
CUST00124,2025-07-31,49.16,Clothing
CUST00124,2025-07-24,28.65,Dining
CUST00124,2025-07-04,308.67,Travel
CUST00124,2025-07-09,8.12,Grocery
CUST00124,2025-06-29,68.21,Travel
CUST00124,2025-07-03,189.82,Grocery
CUST00124,2025-07-12,18.84,Travel
CUST00124,2025-07-26,159.2,Clothing
CUST00124,2025-06-22,43.5,Electronics
CUST00124,2025-07-21,67.32,Grocery
CUST00124,2025-07-09,38.17,Dining
CUST00124,2025-07-27,149.12,Grocery
CUST00124,2025-07-08,185.11,Travel
CUST00124,2025-07-24,82.97,Dining
CUST00124,2025-07-10,9.28,Travel
CUST00124,2025-07-26,291.89,Travel
CUST00124,2025-08-01,57.73,Grocery
CUST00124,2025-07-17,86.15,Grocery
CUST00124,2025-07-29,186.2,Clothing
CUST00124,2025-07-30,38.95,Travel
CUST00124,2025-06-18,67.12,Clothing
CUST00124,2025-07-08,87.74,Dining
CUST00124,2025-06-26,40.24,Dining
CUST00124,2025-07-18,74.55,Dining
CUST00124,2025-06-22,108.93,Grocery
CUST00124,2025-07-21,29.85,Electronics
CUST00124,2025-07-22,88.18,Electronics
CUST00124,2025-07-01,108.14,Travel
CUST00124,2025-06-26,179.8,Grocery
CUST00124,2025-07-13,24.63,Clothing
CUST00124,2025-07-29,111.26,Grocery
CUST00124,2025-07-26,50.66,Electronics
CUST00124,2025-07-15,61.8,Clothing
CUST00124,2025-07-18,61.25,Clothing
CUST00124,2025-06-29,173.67,Grocery
CUST00124,2025-06-18,52.1,Dining
CUST00124,2025-07-21,226.21,Grocery
CUST00124,2025-07-20,32.34,Dining
CUST00124,2025-07-22,7.81,Clothing
CUST00124,2025-07-02,34.2,Clothing
CUST00124,2025-07-22,30.43,Grocery
CUST00124,2025-07-14,57.71,Electronics
CUST00124,2025-07-18,15.87,Travel
CUST00124,2025-06-25,44.4,Electronics
CUST00124,2025-07-11,28.26,Electronics
CUST00124,2025-07-10,61.87,Travel
CUST00124,2025-07-02,263.66,Grocery
CUST00124,2025-08-01,120.39,Clothing
CUST00124,2025-06-22,322.6,Travel
CUST00124,2025-07-09,112.2,Travel
CUST00124,2025-06-30,47.62,Clothing
CUST00124,2025-06-28,79.9,Dining
CUST00124,2025-07-29,246.98,Electronics
CUST00124,2025-07-24,9.69,Dining
CUST00124,2025-07-21,86.3,Grocery
CUST00124,2025-07-08,44.05,Clothing
CUST00124,2025-07-08,19.97,Dining
CUST00124,2025-07-08,102.52,Electronics
CUST00124,2025-06-23,71.16,Travel
CUST00124,2025-07-11,71.01,Dining
CUST00124,2025-06-29,80.01,Grocery
CUST00124,2025-07-11,16.01,Dining
CUST00124,2025-07-28,96.54,Dining
CUST00124,2025-07-16,146.53,Dining
CUST00124,2025-07-10,102.25,Dining
CUST00124,2025-07-21,65.56,Travel
CUST00124,2025-07-20,43.0,Grocery
CUST00124,2025-07-15,239.76,Travel
CUST00124,2025-06-26,47.24,Electronics
CUST00124,2025-06-28,381.82,Travel
CUST00124,2025-08-01,89.71,Travel
CUST00124,2025-07-16,5.99,Clothing
CUST00124,2025-06-26,407.04,Dining
CUST00124,2025-07-12,9.99,Travel
CUST00124,2025-06-21,97.48,Grocery
CUST00124,2025-06-21,211.98,Electronics
CUST00124,2025-06-29,40.71,Clothing
CUST00124,2025-07-24,110.31,Travel
CUST00124,2025-07-10,20.16,Electronics
CUST00124,2025-07-10,188.69,Travel
CUST00124,2025-07-10,208.22,Clothing
CUST00124,2025-07-14,28.16,Travel
CUST00125,2024-12-12,10.93,Grocery
CUST00125,2024-11-14,19.48,Clothing
CUST00125,2024-09-20,41.98,Electronics
CUST00125,2025-05-01,302.44,Clothing
CUST00125,2025-04-14,27.07,Travel
CUST00125,2022-04-23,101.92,Electronics
CUST00125,2023-03-29,20.34,Grocery
CUST00125,2025-02-18,202.65,Travel
CUST00125,2024-12-02,176.87,Travel
CUST00125,2022-06-07,28.28,Dining
CUST00125,2022-11-08,158.69,Electronics
CUST00125,2023-12-15,68.06,Clothing
CUST00125,2022-08-16,70.51,Clothing
CUST00125,2023-09-10,245.4,Grocery
CUST00125,2023-04-13,52.49,Electronics
CUST00125,2024-02-21,20.09,Electronics
CUST00125,2023-06-04,31.36,Electronics
CUST00125,2024-06-04,10.8,Clothing
CUST00125,2023-07-13,9.56,Travel
CUST00125,2022-08-11,98.1,Clothing
CUST00125,2022-10-27,40.5,Electronics
CUST00125,2023-04-18,72.16,Travel
CUST00125,2023-09-25,29.64,Grocery
CUST00125,2025-01-20,18.97,Electronics
CUST00125,2025-03-25,107.14,Dining
CUST00125,2022-09-16,32.07,Grocery
CUST00125,2023-12-12,145.79,Electronics
CUST00125,2023-09-29,35.45,Grocery
CUST00125,2024-10-20,17.31,Clothing
CUST00125,2022-09-26,27.5,Electronics
CUST00125,2023-10-11,58.44,Electronics
CUST00125,2022-11-05,140.4,Travel
CUST00125,2024-09-15,119.4,Dining
CUST00125,2023-05-30,254.39,Travel
CUST00125,2023-12-10,86.64,Clothing
CUST00125,2024-11-23,51.77,Grocery
CUST00125,2023-04-29,57.64,Travel
CUST00125,2023-05-13,549.73,Electronics
CUST00125,2022-12-14,61.02,Clothing
CUST00125,2024-02-12,213.45,Electronics
CUST00125,2024-09-14,110.39,Travel
CUST00125,2022-07-02,62.22,Dining
CUST00125,2024-01-09,39.68,Clothing
CUST00125,2022-12-16,32.08,Dining
CUST00125,2024-05-21,8.62,Clothing
CUST00125,2023-04-26,77.56,Clothing
CUST00125,2023-09-27,106.56,Travel
CUST00125,2024-09-04,68.07,Electronics
CUST00125,2024-07-19,8.3,Grocery
CUST00125,2025-06-02,127.3,Dining
CUST00125,2025-05-14,179.04,Dining
CUST00125,2025-07-06,44.4,Grocery
CUST00125,2024-05-12,398.11,Dining
CUST00125,2023-04-29,28.7,Travel
CUST00125,2023-02-02,413.84,Electronics
CUST00125,2024-04-09,234.73,Clothing
CUST00125,2023-11-30,29.91,Travel
CUST00125,2023-02-03,33.87,Clothing
CUST00125,2024-12-16,211.23,Electronics
CUST00125,2022-08-01,158.82,Grocery
CUST00125,2022-04-17,30.14,Grocery
CUST00125,2025-02-05,11.56,Dining
CUST00125,2025-06-11,60.18,Electronics
CUST00125,2023-08-07,39.61,Electronics
CUST00125,2024-01-14,25.01,Clothing
CUST00125,2024-07-13,122.02,Grocery
CUST00125,2024-05-13,275.86,Grocery
CUST00125,2022-05-16,25.78,Travel
CUST00125,2025-05-27,44.44,Grocery
CUST00125,2022-10-14,50.15,Travel
CUST00125,2024-05-14,64.78,Travel
CUST00125,2024-05-29,128.5,Clothing
CUST00125,2024-08-16,84.52,Electronics
CUST00125,2023-08-30,43.63,Grocery
CUST00125,2024-10-07,62.59,Electronics
CUST00125,2025-04-10,103.6,Grocery
CUST00125,2023-02-16,5.8,Electronics
CUST00125,2022-12-03,88.95,Electronics
CUST00125,2023-07-13,41.41,Grocery
CUST00125,2025-05-17,62.2,Dining
CUST00125,2025-01-17,242.38,Clothing
CUST00125,2025-06-05,64.09,Grocery
CUST00125,2022-08-12,71.13,Grocery
CUST00125,2022-09-01,16.11,Grocery
CUST00125,2024-10-20,5.38,Clothing
CUST00125,2024-04-08,37.21,Clothing
CUST00125,2025-06-03,164.14,Grocery
CUST00125,2023-11-01,139.16,Dining
CUST00125,2024-04-08,215.62,Clothing
CUST00125,2025-03-16,92.39,Electronics
CUST00125,2023-06-25,57.49,Grocery
CUST00125,2025-05-29,113.16,Clothing
CUST00125,2022-11-01,317.73,Dining
CUST00125,2025-02-12,48.24,Dining
CUST00125,2023-07-15,76.55,Electronics
CUST00125,2025-06-24,88.2,Grocery
CUST00125,2024-07-25,584.89,Grocery
CUST00125,2025-01-04,12.66,Electronics
CUST00125,2024-09-20,41.75,Clothing
CUST00125,2025-02-25,128.24,Grocery
CUST00125,2023-01-24,16.09,Travel
CUST00125,2024-02-12,67.36,Clothing
CUST00125,2024-12-12,6.92,Electronics
CUST00125,2025-03-04,78.17,Clothing
CUST00125,2023-04-10,67.58,Electronics
CUST00125,2022-12-12,187.37,Travel
CUST00125,2022-12-06,173.88,Electronics
CUST00126,2025-05-05,40.92,Clothing
CUST00126,2025-07-10,17.47,Clothing
CUST00126,2025-07-03,143.3,Electronics
CUST00126,2025-04-28,47.11,Dining
CUST00126,2025-04-06,166.69,Travel
CUST00126,2025-07-12,33.42,Dining
CUST00126,2025-07-30,128.72,Electronics
CUST00126,2025-04-02,104.8,Electronics
CUST00126,2025-05-30,61.75,Electronics
CUST00126,2025-04-21,53.02,Grocery
CUST00126,2025-07-20,102.12,Grocery
CUST00126,2025-04-19,34.08,Dining
CUST00126,2025-07-10,35.23,Electronics
CUST00126,2025-06-28,106.28,Travel
CUST00126,2025-05-05,185.96,Electronics
CUST00126,2025-04-29,19.59,Grocery
CUST00126,2025-05-22,8.22,Dining
CUST00126,2025-04-02,65.71,Clothing
CUST00126,2025-04-23,81.75,Electronics
CUST00126,2025-07-08,103.72,Travel
CUST00126,2025-06-26,288.71,Grocery
CUST00126,2025-04-22,57.74,Dining
CUST00126,2025-05-16,283.55,Electronics
CUST00126,2025-07-26,49.24,Grocery
CUST00126,2025-06-28,106.84,Grocery
CUST00126,2025-04-08,106.44,Clothing
CUST00126,2025-04-16,397.12,Dining
CUST00126,2025-04-29,105.6,Clothing
CUST00126,2025-07-05,179.04,Clothing
CUST00126,2025-04-27,7.12,Travel
CUST00126,2025-06-15,91.86,Dining
CUST00126,2025-05-31,63.55,Travel
CUST00126,2025-04-16,62.61,Clothing
CUST00126,2025-07-27,60.96,Clothing
CUST00126,2025-06-07,68.31,Travel
CUST00126,2025-05-28,105.96,Grocery
CUST00126,2025-06-15,14.96,Travel
CUST00126,2025-05-22,284.81,Electronics
CUST00126,2025-03-31,7.11,Dining
CUST00126,2025-06-29,144.72,Electronics
CUST00126,2025-04-10,75.87,Travel
CUST00126,2025-06-26,71.04,Clothing
CUST00126,2025-05-10,100.3,Dining
CUST00126,2025-05-26,96.85,Grocery
CUST00126,2025-04-28,151.94,Electronics
CUST00126,2025-05-15,13.87,Dining
CUST00126,2025-05-01,141.08,Clothing
CUST00126,2025-06-01,25.35,Grocery
CUST00126,2025-05-04,26.1,Clothing
CUST00126,2025-07-08,35.95,Travel
CUST00126,2025-04-04,40.71,Grocery
CUST00126,2025-05-20,87.62,Travel
CUST00126,2025-04-27,21.67,Electronics
CUST00126,2025-04-19,105.18,Grocery
CUST00126,2025-05-20,217.6,Grocery
CUST00126,2025-07-29,252.69,Grocery
CUST00126,2025-06-23,17.53,Clothing
CUST00126,2025-05-05,44.4,Travel
CUST00126,2025-03-30,42.52,Travel
CUST00126,2025-04-24,35.67,Dining
CUST00126,2025-06-18,129.46,Grocery
CUST00126,2025-07-28,79.77,Electronics
CUST00126,2025-07-03,67.69,Grocery
CUST00126,2025-07-30,11.07,Travel
CUST00126,2025-04-10,59.65,Clothing
CUST00126,2025-04-28,6.44,Travel
CUST00126,2025-07-05,141.72,Travel
CUST00126,2025-08-01,20.7,Grocery
CUST00126,2025-06-29,55.17,Dining
CUST00126,2025-06-11,17.04,Grocery
CUST00126,2025-05-31,56.3,Clothing
CUST00126,2025-05-03,15.04,Dining
CUST00126,2025-06-27,59.43,Dining
CUST00126,2025-04-29,28.22,Grocery
CUST00126,2025-05-20,244.69,Dining
CUST00126,2025-05-05,30.54,Dining
CUST00126,2025-05-03,171.67,Grocery
CUST00126,2025-07-17,13.11,Travel
CUST00126,2025-07-30,10.33,Dining
CUST00126,2025-05-08,20.82,Clothing
CUST00126,2025-07-30,108.58,Electronics
CUST00126,2025-05-20,65.67,Dining
CUST00126,2025-04-17,17.2,Grocery
CUST00126,2025-04-11,74.08,Dining
CUST00126,2025-06-24,44.36,Travel
CUST00126,2025-07-08,45.77,Dining
CUST00126,2025-07-16,25.82,Dining
CUST00126,2025-05-31,51.52,Electronics
CUST00126,2025-04-04,8.46,Electronics
CUST00126,2025-07-08,39.76,Electronics
CUST00127,2024-09-28,40.01,Electronics
CUST00127,2021-09-04,7.71,Electronics
CUST00127,2023-09-21,5.51,Electronics
CUST00127,2024-12-08,17.12,Travel
CUST00127,2023-06-03,16.78,Travel
CUST00127,2023-07-04,6.13,Grocery
CUST00127,2023-07-22,115.6,Grocery
CUST00127,2023-10-06,17.78,Grocery
CUST00127,2023-03-09,100.63,Electronics
CUST00127,2023-02-10,131.54,Clothing
CUST00127,2021-10-18,7.19,Grocery
CUST00127,2024-02-05,47.88,Electronics
CUST00127,2025-06-23,43.85,Dining
CUST00127,2024-01-14,126.56,Electronics
CUST00127,2024-08-31,56.56,Dining
CUST00127,2022-01-10,29.95,Electronics
CUST00127,2022-06-21,49.42,Clothing
CUST00127,2025-02-11,55.23,Grocery
CUST00127,2023-03-12,282.37,Travel
CUST00127,2023-10-31,42.07,Electronics
CUST00127,2022-06-02,145.2,Electronics
CUST00127,2021-09-04,23.2,Electronics
CUST00127,2024-05-28,11.18,Travel
CUST00127,2023-12-31,26.85,Grocery
CUST00127,2025-05-25,33.74,Dining
CUST00127,2025-03-22,52.89,Grocery
CUST00127,2024-10-19,89.1,Electronics
CUST00127,2022-05-16,21.03,Clothing
CUST00127,2023-05-07,316.64,Dining
CUST00127,2025-03-18,26.15,Dining
CUST00127,2025-04-01,38.82,Travel
CUST00127,2025-01-21,24.45,Electronics
CUST00127,2025-05-03,61.25,Travel
CUST00127,2022-04-16,33.59,Grocery
CUST00127,2022-06-23,33.15,Grocery
CUST00127,2022-09-23,191.71,Electronics
CUST00127,2022-05-22,73.85,Dining
CUST00127,2025-07-02,111.87,Dining
CUST00127,2024-08-02,19.86,Travel
CUST00127,2023-08-18,82.01,Electronics
CUST00127,2025-07-14,110.7,Electronics
CUST00127,2023-01-31,122.57,Dining
CUST00127,2024-05-06,108.87,Grocery
CUST00127,2022-04-03,8.53,Grocery
CUST00127,2023-03-03,11.38,Clothing
CUST00127,2023-11-04,7.42,Clothing
CUST00127,2024-03-28,47.16,Grocery
CUST00127,2023-08-20,38.23,Clothing
CUST00127,2023-11-22,192.33,Grocery
CUST00127,2022-12-17,5.51,Grocery
CUST00127,2022-11-14,47.55,Grocery
CUST00127,2022-08-29,28.4,Clothing
CUST00127,2021-10-12,29.28,Grocery
CUST00127,2022-06-16,68.16,Electronics
CUST00127,2024-06-27,55.84,Clothing
CUST00127,2021-12-11,9.96,Dining
CUST00127,2023-01-03,328.44,Dining
CUST00127,2024-04-24,82.26,Grocery
CUST00127,2024-10-14,156.87,Clothing
CUST00127,2023-01-30,137.66,Grocery
CUST00127,2025-05-06,19.27,Travel
CUST00127,2025-04-01,75.68,Clothing
CUST00127,2024-01-03,100.61,Clothing
CUST00127,2025-05-19,25.93,Clothing
CUST00127,2022-07-19,99.41,Clothing
CUST00127,2023-06-19,55.08,Electronics
CUST00127,2025-06-28,46.87,Travel
CUST00127,2024-01-28,29.45,Travel
CUST00127,2025-06-15,13.07,Clothing
CUST00127,2021-09-26,107.34,Clothing
CUST00127,2022-10-27,46.73,Dining
CUST00127,2025-03-03,56.52,Grocery
CUST00127,2022-01-24,89.91,Clothing
CUST00127,2024-09-22,47.9,Clothing
CUST00127,2022-02-25,174.52,Clothing
CUST00127,2024-05-17,44.61,Electronics
CUST00127,2023-08-28,53.02,Electronics
CUST00127,2025-05-08,90.32,Electronics
CUST00127,2024-07-13,74.2,Clothing
CUST00127,2024-02-29,30.55,Dining
CUST00127,2021-08-22,173.63,Grocery
CUST00127,2024-06-11,271.62,Dining
CUST00127,2023-08-06,93.48,Electronics
CUST00127,2023-06-18,27.46,Electronics
CUST00127,2021-10-27,24.46,Dining
CUST00127,2022-05-27,197.55,Grocery
CUST00127,2023-09-10,72.87,Dining
CUST00127,2023-04-29,270.94,Grocery
CUST00127,2024-07-17,81.73,Clothing
CUST00127,2023-05-02,73.87,Grocery
CUST00127,2023-03-07,36.34,Clothing
CUST00127,2025-06-10,105.44,Dining
CUST00127,2021-08-07,138.99,Grocery
CUST00127,2022-10-20,90.1,Travel
CUST00127,2024-09-22,31.44,Grocery
CUST00127,2023-03-21,174.44,Clothing
CUST00127,2022-12-30,52.94,Dining
CUST00127,2023-04-20,90.53,Clothing
CUST00127,2025-05-07,29.21,Grocery
CUST00127,2021-07-31,7.75,Electronics
CUST00127,2023-12-02,118.36,Dining
CUST00127,2023-09-26,126.83,Clothing
CUST00128,2024-09-29,74.17,Travel
CUST00128,2024-08-07,82.16,Travel
CUST00128,2025-03-05,146.52,Clothing
CUST00128,2023-10-01,286.77,Grocery
CUST00128,2023-07-20,63.02,Electronics
CUST00128,2024-02-27,86.45,Electronics
CUST00128,2024-06-22,37.5,Clothing
CUST00128,2025-03-01,110.56,Dining
CUST00128,2023-11-06,14.85,Clothing
CUST00128,2024-05-22,52.09,Dining
CUST00128,2025-03-10,27.29,Dining
CUST00128,2023-07-03,57.55,Electronics
CUST00128,2024-04-22,62.71,Travel
CUST00128,2024-07-10,135.99,Clothing
CUST00128,2024-03-26,84.5,Clothing
CUST00128,2023-11-22,91.62,Travel
CUST00128,2024-03-09,80.53,Dining
CUST00128,2023-10-21,221.57,Dining
CUST00128,2023-08-31,141.43,Travel
CUST00128,2025-02-19,45.33,Clothing
CUST00128,2023-06-23,112.77,Dining
CUST00128,2024-05-14,114.56,Dining
CUST00128,2023-11-15,58.71,Electronics
CUST00128,2024-07-19,114.93,Travel
CUST00128,2024-07-11,6.85,Dining
CUST00128,2024-10-19,81.33,Travel
CUST00128,2025-05-10,319.34,Electronics
CUST00128,2024-01-15,97.7,Travel
CUST00128,2023-07-18,124.41,Grocery
CUST00128,2025-01-05,18.84,Grocery
CUST00128,2024-04-03,64.44,Electronics
CUST00128,2024-12-24,85.87,Dining
CUST00128,2024-05-20,21.44,Travel
CUST00128,2023-09-11,117.24,Electronics
CUST00128,2025-04-15,26.42,Grocery
CUST00128,2023-05-31,15.27,Electronics
CUST00128,2025-06-26,5.94,Travel
CUST00128,2023-12-14,124.88,Electronics
CUST00128,2023-10-11,118.51,Grocery
CUST00128,2024-11-05,128.75,Dining
CUST00128,2023-07-19,9.34,Grocery
CUST00128,2024-05-29,67.37,Dining
CUST00128,2025-01-26,153.98,Clothing
CUST00128,2025-07-11,24.31,Electronics
CUST00128,2024-07-10,83.03,Electronics
CUST00128,2025-06-20,64.6,Electronics
CUST00128,2024-06-08,37.32,Clothing
CUST00128,2025-03-25,193.79,Travel
CUST00128,2024-06-17,8.27,Clothing
CUST00128,2024-09-05,310.52,Electronics
CUST00128,2023-10-06,22.08,Dining
CUST00128,2023-08-02,12.03,Travel
CUST00128,2024-09-18,136.74,Clothing
CUST00128,2024-10-19,5.04,Dining
CUST00128,2024-08-30,36.43,Grocery
CUST00128,2024-12-09,153.97,Travel
CUST00128,2023-07-09,8.52,Clothing
CUST00128,2024-10-08,86.04,Clothing
CUST00128,2023-08-22,7.93,Clothing
CUST00128,2025-07-09,29.26,Clothing
CUST00128,2023-06-21,161.7,Travel
CUST00128,2025-02-06,102.12,Clothing
CUST00128,2023-09-11,270.12,Travel
CUST00128,2024-10-04,128.13,Clothing
CUST00128,2025-06-03,108.61,Dining
CUST00128,2023-07-24,25.59,Grocery
CUST00128,2023-12-07,9.02,Grocery
CUST00128,2024-06-08,135.16,Clothing
CUST00128,2025-03-22,70.53,Clothing
CUST00128,2024-03-16,18.9,Dining
CUST00128,2025-02-01,17.23,Travel
CUST00128,2024-10-14,42.11,Travel
CUST00128,2024-09-11,189.11,Dining
CUST00128,2023-07-02,37.94,Dining
CUST00128,2024-07-16,59.02,Clothing
CUST00128,2024-02-29,121.72,Grocery
CUST00128,2023-10-17,73.9,Electronics
CUST00128,2023-08-18,75.33,Grocery
CUST00128,2023-06-19,86.47,Clothing
CUST00128,2025-02-19,103.54,Travel
CUST00128,2023-06-10,11.69,Electronics
CUST00128,2025-06-11,105.25,Grocery
CUST00128,2023-10-30,47.66,Travel
CUST00128,2023-10-24,95.95,Travel
CUST00128,2025-06-11,47.9,Clothing
CUST00128,2024-05-29,387.69,Grocery
CUST00128,2024-11-10,41.12,Electronics
CUST00128,2024-11-10,115.77,Travel
CUST00128,2024-05-23,14.13,Dining
CUST00128,2024-06-03,26.09,Grocery
CUST00128,2025-04-01,83.47,Dining
CUST00128,2025-05-31,69.43,Travel
CUST00128,2024-10-27,142.89,Grocery
CUST00128,2023-12-19,28.08,Electronics
CUST00128,2025-04-19,38.75,Clothing
CUST00128,2024-11-29,64.64,Travel
CUST00128,2023-09-18,114.53,Electronics
CUST00128,2025-05-14,36.12,Clothing
CUST00128,2024-02-07,58.91,Clothing
CUST00128,2024-08-01,48.72,Clothing
CUST00128,2023-12-10,25.74,Travel
CUST00128,2024-11-23,108.34,Grocery
CUST00128,2024-02-14,36.18,Dining
CUST00128,2024-03-29,571.18,Electronics
CUST00128,2023-07-17,61.7,Travel
CUST00128,2023-07-02,523.2,Electronics
CUST00128,2024-03-18,92.69,Grocery
CUST00129,2023-02-09,6.63,Dining
CUST00129,2024-04-30,60.85,Electronics
CUST00129,2024-09-23,84.41,Travel
CUST00129,2023-05-29,208.84,Dining
CUST00129,2023-12-05,106.02,Dining
CUST00129,2023-10-06,83.39,Grocery
CUST00129,2023-10-16,89.76,Grocery
CUST00129,2023-12-28,110.56,Travel
CUST00129,2025-05-23,37.21,Electronics
CUST00129,2024-03-15,27.75,Electronics
CUST00129,2023-02-23,13.4,Electronics
CUST00129,2025-01-17,60.61,Clothing
CUST00129,2022-12-06,35.17,Clothing
CUST00129,2025-06-09,25.94,Travel
CUST00129,2022-11-30,185.28,Dining
CUST00129,2023-12-03,37.15,Electronics
CUST00129,2024-07-04,63.58,Grocery
CUST00129,2023-12-14,31.24,Clothing
CUST00129,2023-08-28,8.4,Grocery
CUST00129,2024-02-27,141.25,Dining
CUST00129,2025-05-12,129.68,Electronics
CUST00129,2024-11-10,56.46,Travel
CUST00129,2024-07-18,116.18,Clothing
CUST00129,2024-11-12,151.79,Travel
CUST00129,2025-07-03,119.46,Dining
CUST00129,2023-01-09,31.52,Grocery
CUST00129,2023-05-23,56.29,Travel
CUST00129,2024-03-22,187.09,Electronics
CUST00129,2023-02-17,17.21,Clothing
CUST00129,2023-06-05,41.33,Grocery
CUST00129,2023-01-09,139.09,Grocery
CUST00129,2023-05-16,78.68,Dining
CUST00129,2023-08-12,32.82,Grocery
CUST00129,2024-11-16,107.19,Grocery
CUST00129,2025-02-25,172.88,Grocery
CUST00129,2023-10-18,196.76,Travel
CUST00129,2024-12-18,173.01,Grocery
CUST00129,2024-06-22,140.36,Electronics
CUST00129,2023-03-24,140.51,Grocery
CUST00129,2022-11-29,26.39,Electronics
CUST00129,2025-05-14,47.43,Grocery
CUST00129,2023-08-21,15.99,Electronics
CUST00129,2024-08-09,23.91,Dining
CUST00129,2024-01-19,50.33,Electronics
CUST00129,2024-07-23,75.91,Electronics
CUST00129,2023-04-14,108.89,Clothing
CUST00129,2024-03-27,27.31,Dining
CUST00129,2023-06-15,53.66,Clothing
CUST00129,2025-02-04,124.98,Clothing
CUST00129,2024-06-22,20.74,Grocery
CUST00129,2024-06-22,26.18,Grocery
CUST00129,2025-04-15,176.81,Dining
CUST00129,2024-06-19,82.41,Grocery
CUST00129,2024-12-21,189.67,Travel
CUST00129,2025-04-03,5.19,Dining
CUST00129,2023-09-02,211.55,Clothing
CUST00129,2025-04-01,18.96,Dining
CUST00129,2024-03-17,36.03,Electronics
CUST00129,2024-08-08,54.73,Dining
CUST00129,2023-02-20,54.6,Clothing
CUST00129,2025-01-06,48.33,Dining
CUST00129,2023-11-22,169.89,Dining
CUST00129,2023-06-13,73.56,Clothing
CUST00129,2024-11-09,69.6,Dining
CUST00129,2024-10-01,8.95,Dining
CUST00129,2025-06-09,126.88,Grocery
CUST00129,2024-08-07,34.59,Clothing
CUST00129,2024-12-12,258.9,Dining
CUST00129,2025-06-05,92.22,Grocery
CUST00129,2024-03-17,31.34,Travel
CUST00129,2025-03-03,18.41,Clothing
CUST00129,2024-05-16,111.52,Electronics
CUST00129,2024-04-01,94.35,Grocery
CUST00129,2024-03-17,40.57,Electronics
CUST00129,2024-03-27,82.58,Travel
CUST00129,2023-05-25,12.61,Dining
CUST00129,2025-03-11,68.71,Dining
CUST00129,2023-06-16,20.96,Electronics
CUST00129,2023-02-01,30.7,Dining
CUST00129,2023-04-27,20.54,Electronics
CUST00129,2023-09-01,9.84,Grocery
CUST00129,2024-02-13,49.46,Clothing
CUST00129,2023-01-22,131.75,Dining
CUST00129,2024-10-29,147.97,Grocery
CUST00129,2024-08-31,135.8,Electronics
CUST00129,2024-01-11,392.73,Dining
CUST00129,2024-10-25,265.32,Electronics
CUST00129,2025-03-24,82.66,Dining
CUST00129,2023-01-22,70.51,Electronics
CUST00129,2024-06-25,42.38,Travel
CUST00129,2023-11-14,301.26,Travel
CUST00129,2024-11-20,17.1,Clothing
CUST00130,2021-12-04,92.2,Clothing
CUST00130,2023-05-18,35.13,Dining
CUST00130,2023-05-23,22.95,Clothing
CUST00130,2023-03-19,7.7,Clothing
CUST00130,2023-01-08,222.42,Electronics
CUST00130,2023-01-15,33.16,Electronics
CUST00130,2021-09-22,67.05,Electronics
CUST00130,2022-11-28,19.66,Electronics
CUST00130,2022-04-05,59.02,Clothing
CUST00130,2021-06-29,154.03,Electronics
CUST00130,2021-07-13,71.47,Grocery
CUST00130,2025-03-28,135.52,Clothing
CUST00130,2024-02-12,51.75,Electronics
CUST00130,2023-12-16,35.74,Grocery
CUST00130,2023-09-02,92.67,Travel
CUST00130,2024-07-09,236.86,Electronics
CUST00130,2025-05-08,30.66,Dining
CUST00130,2021-04-28,12.36,Clothing
CUST00130,2022-03-06,137.77,Clothing
CUST00130,2021-06-30,33.54,Travel
CUST00130,2021-07-19,91.06,Electronics
CUST00130,2025-02-12,97.41,Grocery
CUST00130,2020-10-30,61.44,Dining
CUST00130,2022-01-01,17.75,Clothing
CUST00130,2023-10-01,7.34,Travel
CUST00130,2023-08-15,18.97,Electronics
CUST00130,2022-07-19,104.45,Dining
CUST00130,2022-09-09,177.2,Dining
CUST00130,2021-12-23,271.05,Electronics
CUST00130,2024-01-15,171.25,Electronics
CUST00130,2021-11-16,7.77,Dining
CUST00130,2025-07-30,34.12,Travel
CUST00130,2024-07-01,39.65,Clothing
CUST00130,2022-12-24,46.06,Electronics
CUST00130,2022-02-28,180.05,Clothing
CUST00130,2021-11-28,314.52,Travel
CUST00130,2023-11-19,48.76,Electronics
CUST00130,2024-07-27,101.36,Dining
CUST00130,2025-03-22,138.41,Grocery
CUST00130,2020-12-28,79.83,Grocery
CUST00130,2020-10-30,51.33,Electronics
CUST00130,2022-09-21,226.24,Grocery
CUST00130,2025-06-02,43.6,Grocery
CUST00130,2024-04-02,49.91,Clothing
CUST00130,2021-10-02,305.37,Travel
CUST00130,2022-05-09,67.71,Clothing
CUST00130,2022-04-11,67.91,Clothing
CUST00130,2021-09-23,107.08,Travel
CUST00130,2021-12-23,239.91,Dining
CUST00130,2024-11-13,89.89,Grocery
CUST00130,2021-12-12,44.0,Electronics
CUST00130,2022-07-21,54.27,Travel
CUST00130,2021-09-23,6.44,Grocery
CUST00130,2022-05-04,51.23,Clothing
CUST00130,2025-06-23,134.73,Dining
CUST00130,2021-09-01,257.59,Travel
CUST00130,2021-05-14,189.15,Clothing
CUST00130,2024-09-30,57.63,Electronics
CUST00130,2023-08-29,7.61,Electronics
CUST00130,2022-10-11,67.53,Travel
CUST00130,2025-05-14,136.34,Grocery
CUST00130,2022-02-15,13.37,Electronics
CUST00130,2024-09-17,138.85,Electronics
CUST00130,2021-01-03,84.96,Grocery
CUST00130,2022-09-23,279.91,Grocery
CUST00130,2025-03-13,11.0,Dining
CUST00130,2021-06-13,124.62,Grocery
CUST00130,2023-01-04,259.2,Travel
CUST00130,2023-03-13,104.14,Travel
CUST00130,2024-08-14,18.98,Clothing
CUST00130,2025-05-11,23.65,Travel
CUST00130,2022-02-17,285.61,Travel
CUST00130,2024-05-12,157.42,Grocery
CUST00130,2023-04-24,34.38,Clothing
CUST00130,2024-07-27,66.29,Grocery
CUST00130,2022-12-18,54.99,Clothing
CUST00130,2021-08-22,24.31,Travel
CUST00130,2021-06-29,93.3,Electronics
CUST00130,2021-04-25,29.9,Grocery
CUST00130,2022-06-16,103.45,Travel
CUST00130,2024-03-12,94.69,Grocery
CUST00130,2024-12-26,71.12,Clothing
CUST00130,2021-08-17,368.47,Dining
CUST00130,2024-06-09,46.92,Dining
CUST00130,2024-01-25,107.02,Electronics
CUST00130,2022-10-10,15.54,Dining
CUST00130,2024-03-18,50.32,Electronics
CUST00130,2024-07-02,69.59,Grocery
CUST00130,2025-01-28,75.21,Clothing
CUST00130,2021-08-20,20.56,Electronics
CUST00130,2022-08-13,134.67,Dining
CUST00131,2022-06-24,16.54,Electronics
CUST00131,2022-01-12,99.08,Grocery
CUST00131,2023-05-26,96.62,Travel
CUST00131,2022-05-13,16.62,Dining
CUST00131,2023-04-26,92.34,Electronics
CUST00131,2021-10-27,23.12,Clothing
CUST00131,2025-06-04,137.08,Grocery
CUST00131,2024-10-11,36.33,Travel
CUST00131,2024-11-17,27.01,Electronics
CUST00131,2023-08-23,99.23,Electronics
CUST00131,2023-05-08,205.51,Clothing
CUST00131,2022-03-31,221.92,Electronics
CUST00131,2022-10-11,36.38,Dining
CUST00131,2025-06-08,126.52,Electronics
CUST00131,2023-01-30,17.39,Electronics
CUST00131,2025-06-24,8.04,Clothing
CUST00131,2024-04-14,20.28,Travel
CUST00131,2025-05-23,101.66,Electronics
CUST00131,2025-07-21,93.28,Dining
CUST00131,2024-07-13,19.53,Travel
CUST00131,2022-05-18,58.62,Travel
CUST00131,2023-11-09,118.24,Grocery
CUST00131,2023-08-22,25.46,Clothing
CUST00131,2024-09-03,110.12,Travel
CUST00131,2023-01-14,252.82,Clothing
CUST00131,2025-04-29,66.65,Electronics
CUST00131,2021-12-27,55.49,Clothing
CUST00131,2022-05-26,235.09,Clothing
CUST00131,2025-04-23,132.8,Electronics
CUST00131,2022-09-02,88.37,Dining
CUST00131,2024-11-15,293.79,Grocery
CUST00131,2024-05-18,61.24,Clothing
CUST00131,2024-03-16,7.84,Dining
CUST00131,2023-06-24,6.89,Travel
CUST00131,2023-07-26,12.16,Electronics
CUST00131,2024-11-04,86.54,Grocery
CUST00131,2021-11-19,326.94,Grocery
CUST00131,2025-03-01,285.44,Grocery
CUST00131,2021-11-17,94.94,Dining
CUST00131,2023-02-02,322.88,Electronics
CUST00131,2023-09-27,5.95,Travel
CUST00131,2023-09-19,77.47,Clothing
CUST00131,2023-02-19,15.5,Clothing
CUST00131,2024-01-17,150.55,Grocery
CUST00131,2024-07-24,7.39,Clothing
CUST00131,2022-06-14,119.11,Dining
CUST00131,2022-05-26,455.54,Electronics
CUST00131,2023-11-25,29.97,Clothing
CUST00131,2022-01-23,11.13,Grocery
CUST00131,2025-07-20,53.03,Electronics
CUST00131,2024-06-12,105.85,Grocery
CUST00131,2024-08-25,165.19,Grocery
CUST00131,2023-02-02,265.71,Clothing
CUST00131,2023-08-15,61.91,Dining
CUST00131,2024-11-07,52.28,Electronics
CUST00131,2022-02-03,67.19,Electronics
CUST00131,2024-06-13,155.51,Electronics
CUST00131,2022-05-10,14.78,Dining
CUST00131,2024-07-17,101.69,Dining
CUST00131,2023-09-18,35.04,Travel
CUST00131,2024-09-01,61.43,Clothing
CUST00131,2025-07-02,25.22,Travel
CUST00131,2024-11-15,14.5,Dining
CUST00131,2023-08-02,24.48,Travel
CUST00131,2024-05-20,420.61,Grocery
CUST00131,2024-07-04,186.67,Clothing
CUST00131,2025-05-17,240.64,Clothing
CUST00131,2024-05-05,10.53,Electronics
CUST00131,2024-07-11,242.59,Grocery
CUST00131,2025-03-17,16.45,Grocery
CUST00131,2023-06-26,13.22,Dining
CUST00131,2022-11-29,39.7,Dining
CUST00131,2023-12-15,193.34,Clothing
CUST00131,2023-02-02,96.37,Clothing
CUST00131,2021-12-03,23.44,Grocery
CUST00131,2025-06-07,70.03,Dining
CUST00131,2023-11-23,42.88,Grocery
CUST00131,2023-08-30,46.98,Clothing
CUST00131,2022-12-06,21.0,Travel
CUST00131,2023-04-12,135.33,Travel
CUST00131,2022-01-23,154.96,Travel
CUST00131,2024-07-27,167.85,Grocery
CUST00131,2025-02-24,11.07,Dining
CUST00131,2023-10-30,34.79,Grocery
CUST00131,2025-05-30,70.47,Dining
CUST00131,2022-07-02,84.3,Travel
CUST00131,2022-06-28,71.2,Electronics
CUST00131,2025-03-15,268.9,Dining
CUST00131,2024-02-28,47.61,Dining
CUST00131,2023-11-13,40.05,Dining
CUST00132,2024-09-27,40.69,Dining
CUST00132,2024-09-27,128.77,Dining
CUST00132,2024-01-28,85.61,Electronics
CUST00132,2024-01-07,93.79,Grocery
CUST00132,2023-12-21,33.41,Electronics
CUST00132,2024-05-08,153.26,Clothing
CUST00132,2025-03-01,112.58,Clothing
CUST00132,2023-07-14,56.13,Grocery
CUST00132,2023-11-07,50.3,Dining
CUST00132,2023-04-23,73.74,Electronics
CUST00132,2023-12-06,165.36,Clothing
CUST00132,2024-10-21,64.4,Grocery
CUST00132,2023-12-16,82.54,Grocery
CUST00132,2024-01-07,138.54,Travel
CUST00132,2025-02-16,48.09,Clothing
CUST00132,2024-06-29,16.95,Travel
CUST00132,2024-11-01,14.24,Grocery
CUST00132,2023-12-04,214.9,Travel
CUST00132,2023-11-06,54.43,Clothing
CUST00132,2024-04-26,55.81,Travel
CUST00132,2024-06-27,128.53,Travel
CUST00132,2025-06-25,209.51,Clothing
CUST00132,2025-04-17,124.9,Electronics
CUST00132,2025-01-27,43.89,Clothing
CUST00132,2023-12-29,54.9,Travel
CUST00132,2023-05-16,114.03,Clothing
CUST00132,2024-12-10,47.12,Travel
CUST00132,2024-08-29,56.32,Clothing
CUST00132,2025-05-21,40.13,Grocery
CUST00132,2024-09-24,31.49,Grocery
CUST00132,2023-07-29,15.71,Dining
CUST00132,2023-03-25,13.69,Clothing
CUST00132,2023-04-02,31.79,Dining
CUST00132,2023-08-04,184.62,Electronics
CUST00132,2025-04-09,48.79,Grocery
CUST00132,2024-12-26,648.89,Electronics
CUST00132,2025-06-02,409.8,Electronics
CUST00132,2024-07-01,73.73,Dining
CUST00132,2023-06-23,51.85,Travel
CUST00132,2025-06-04,119.74,Clothing
CUST00132,2023-09-09,22.36,Clothing
CUST00132,2024-01-16,117.56,Grocery
CUST00132,2025-06-02,72.82,Grocery
CUST00132,2023-10-31,123.91,Electronics
CUST00132,2023-04-22,69.23,Clothing
CUST00132,2023-07-24,414.66,Travel
CUST00132,2024-03-20,69.99,Clothing
CUST00132,2024-05-05,220.04,Electronics
CUST00132,2023-08-29,40.55,Dining
CUST00132,2023-03-29,17.9,Clothing
CUST00132,2025-06-26,63.94,Travel
CUST00132,2024-04-18,34.49,Clothing
CUST00132,2024-11-12,11.07,Dining
CUST00132,2025-07-29,23.07,Clothing
CUST00132,2024-09-06,42.84,Clothing
CUST00132,2024-04-10,62.2,Travel
CUST00132,2025-07-07,102.5,Clothing
CUST00132,2023-08-13,5.57,Dining
CUST00132,2024-07-13,128.02,Travel
CUST00132,2023-05-18,138.99,Travel
CUST00132,2024-12-21,142.68,Grocery
CUST00132,2025-04-09,55.43,Clothing
CUST00132,2023-03-24,12.59,Electronics
CUST00132,2023-10-25,70.41,Travel
CUST00132,2024-04-04,110.53,Electronics
CUST00132,2023-12-25,76.02,Clothing
CUST00132,2024-12-15,38.27,Dining
CUST00132,2024-08-16,56.43,Electronics
CUST00132,2023-08-19,43.06,Clothing
CUST00132,2025-06-09,98.57,Electronics
CUST00132,2024-02-09,20.16,Clothing
CUST00132,2023-11-28,8.19,Dining
CUST00132,2023-04-11,39.96,Clothing
CUST00132,2023-08-24,55.66,Travel
CUST00132,2024-06-25,44.27,Travel
CUST00132,2023-06-25,41.9,Grocery
CUST00132,2023-06-19,94.95,Electronics
CUST00132,2023-07-09,94.54,Clothing
CUST00132,2024-01-11,19.75,Clothing
CUST00132,2024-10-25,20.29,Grocery
CUST00132,2023-12-13,190.34,Travel
CUST00132,2025-02-19,52.39,Grocery
CUST00132,2023-09-13,214.39,Electronics
CUST00132,2024-09-05,61.2,Clothing
CUST00132,2023-09-24,168.83,Electronics
CUST00132,2024-04-18,54.64,Clothing
CUST00132,2024-12-22,232.99,Travel
CUST00132,2024-08-31,49.75,Travel
CUST00132,2024-08-17,174.88,Grocery
CUST00132,2024-10-21,199.52,Electronics
CUST00132,2023-10-16,60.6,Clothing
CUST00132,2023-10-28,158.67,Clothing
CUST00132,2024-08-12,39.47,Dining
CUST00132,2025-02-22,11.94,Electronics
CUST00132,2025-04-07,316.0,Clothing
CUST00132,2023-07-13,28.73,Grocery
CUST00132,2024-04-11,30.25,Grocery
CUST00132,2024-04-11,96.26,Grocery
CUST00132,2025-02-28,23.9,Dining
CUST00132,2024-09-24,103.17,Grocery
CUST00132,2024-05-13,150.92,Electronics
CUST00132,2024-09-06,211.18,Dining
CUST00132,2024-11-28,34.03,Grocery
CUST00133,2025-06-04,165.56,Travel
CUST00133,2024-11-01,95.91,Dining
CUST00133,2024-05-17,68.4,Clothing
CUST00133,2024-03-20,138.65,Dining
CUST00133,2024-10-08,261.84,Dining
CUST00133,2023-11-22,70.96,Electronics
CUST00133,2024-05-09,55.97,Electronics
CUST00133,2024-09-10,84.52,Travel
CUST00133,2023-11-13,72.71,Grocery
CUST00133,2023-08-29,11.41,Travel
CUST00133,2023-09-23,43.94,Dining
CUST00133,2024-06-10,46.48,Clothing
CUST00133,2023-06-14,39.3,Clothing
CUST00133,2023-12-04,58.53,Travel
CUST00133,2024-08-29,90.7,Travel
CUST00133,2023-09-22,24.04,Grocery
CUST00133,2024-01-24,66.04,Grocery
CUST00133,2025-07-16,172.51,Clothing
CUST00133,2025-05-22,45.2,Travel
CUST00133,2025-03-07,49.65,Grocery
CUST00133,2024-06-25,76.91,Clothing
CUST00133,2024-01-09,39.36,Dining
CUST00133,2023-08-24,21.59,Electronics
CUST00133,2025-06-17,228.35,Travel
CUST00133,2025-04-05,195.36,Grocery
CUST00133,2024-12-01,57.25,Grocery
CUST00133,2023-07-25,24.32,Grocery
CUST00133,2023-10-14,36.34,Travel
CUST00133,2024-10-21,34.72,Clothing
CUST00133,2025-01-01,171.0,Electronics
CUST00133,2025-05-01,51.92,Electronics
CUST00133,2023-12-16,150.51,Travel
CUST00133,2025-02-03,123.41,Grocery
CUST00133,2023-12-08,70.88,Clothing
CUST00133,2024-10-28,50.17,Electronics
CUST00133,2025-04-16,6.11,Travel
CUST00133,2025-07-24,63.8,Electronics
CUST00133,2024-12-02,168.07,Electronics
CUST00133,2025-07-04,55.3,Clothing
CUST00133,2024-03-02,169.26,Travel
CUST00133,2024-06-04,103.16,Grocery
CUST00133,2025-03-16,119.59,Travel
CUST00133,2024-08-19,72.21,Travel
CUST00133,2023-11-21,93.04,Dining
CUST00133,2024-05-22,75.75,Clothing
CUST00133,2023-12-15,51.49,Clothing
CUST00133,2023-06-06,225.6,Clothing
CUST00133,2025-07-15,20.06,Grocery
CUST00133,2023-10-06,103.2,Electronics
CUST00133,2025-04-07,41.64,Travel
CUST00133,2023-06-03,117.9,Travel
CUST00133,2025-05-11,35.05,Dining
CUST00133,2025-01-06,126.78,Clothing
CUST00133,2025-07-19,36.53,Grocery
CUST00133,2024-04-07,229.11,Grocery
CUST00133,2024-12-12,10.45,Travel
CUST00133,2024-06-15,552.87,Travel
CUST00133,2023-11-21,9.59,Grocery
CUST00133,2025-05-28,193.82,Clothing
CUST00133,2025-02-16,9.52,Travel
CUST00133,2024-09-23,7.64,Grocery
CUST00133,2025-03-04,154.68,Grocery
CUST00133,2024-06-16,155.44,Electronics
CUST00133,2025-07-29,70.82,Clothing
CUST00133,2025-06-14,16.56,Dining
CUST00133,2025-03-04,43.03,Clothing
CUST00133,2024-12-26,158.5,Grocery
CUST00133,2023-09-26,24.76,Clothing
CUST00133,2024-08-23,6.89,Grocery
CUST00133,2025-06-05,156.49,Grocery
CUST00133,2023-06-28,188.69,Grocery
CUST00133,2023-11-04,23.8,Electronics
CUST00133,2024-08-24,5.26,Travel
CUST00133,2025-02-09,193.33,Grocery
CUST00133,2024-09-15,15.96,Clothing
CUST00133,2025-01-20,76.12,Clothing
CUST00133,2023-06-10,364.8,Electronics
CUST00133,2024-06-18,6.08,Clothing
CUST00133,2023-12-18,12.68,Dining
CUST00133,2025-06-21,5.4,Clothing
CUST00133,2025-04-28,188.28,Clothing
CUST00133,2025-07-07,170.29,Travel
CUST00133,2023-05-28,254.39,Electronics
CUST00133,2025-05-19,129.38,Travel
CUST00133,2024-07-31,53.39,Dining
CUST00133,2024-09-20,57.62,Grocery
CUST00133,2025-01-30,9.67,Electronics
CUST00133,2024-02-14,19.04,Clothing
CUST00133,2025-04-06,22.1,Dining
CUST00133,2023-08-13,147.85,Travel
CUST00133,2024-11-22,133.47,Grocery
CUST00133,2024-01-07,17.38,Dining
CUST00133,2025-01-19,8.33,Clothing
CUST00133,2025-03-04,145.31,Clothing
CUST00133,2024-06-29,6.36,Travel
CUST00133,2024-10-03,7.39,Dining
CUST00133,2025-02-14,90.92,Travel
CUST00133,2024-05-22,146.55,Clothing
CUST00133,2024-12-06,47.98,Electronics
CUST00133,2025-02-27,100.85,Dining
CUST00133,2023-09-22,13.28,Travel
CUST00133,2025-06-04,93.78,Dining
CUST00133,2024-04-13,140.0,Clothing
CUST00133,2025-01-12,57.7,Grocery
CUST00133,2024-09-07,85.21,Travel
CUST00133,2024-11-27,29.14,Grocery
CUST00133,2023-06-28,148.57,Travel
CUST00133,2023-11-09,153.49,Electronics
CUST00134,2021-06-05,82.49,Dining
CUST00134,2024-08-06,132.97,Grocery
CUST00134,2021-04-22,100.54,Electronics
CUST00134,2024-01-27,84.44,Dining
CUST00134,2022-12-17,95.35,Dining
CUST00134,2023-03-30,100.79,Clothing
CUST00134,2022-09-03,144.6,Grocery
CUST00134,2023-01-23,32.93,Dining
CUST00134,2022-02-05,25.99,Grocery
CUST00134,2024-10-29,208.82,Electronics
CUST00134,2024-11-16,7.12,Electronics
CUST00134,2025-06-07,34.48,Electronics
CUST00134,2023-03-28,32.73,Grocery
CUST00134,2021-10-18,111.17,Dining
CUST00134,2021-11-25,108.52,Electronics
CUST00134,2025-03-21,325.87,Electronics
CUST00134,2023-10-20,131.7,Electronics
CUST00134,2025-04-30,52.16,Grocery
CUST00134,2025-05-02,158.71,Travel
CUST00134,2024-12-01,106.25,Travel
CUST00134,2022-04-22,265.45,Clothing
CUST00134,2024-12-15,103.53,Travel
CUST00134,2024-09-29,16.21,Electronics
CUST00134,2023-03-08,130.53,Grocery
CUST00134,2022-03-16,216.89,Clothing
CUST00134,2022-11-07,21.22,Electronics
CUST00134,2024-05-06,91.09,Travel
CUST00134,2022-12-06,49.57,Clothing
CUST00134,2023-10-04,57.1,Dining
CUST00134,2023-05-10,9.13,Dining
CUST00134,2021-09-07,42.7,Travel
CUST00134,2021-06-20,24.08,Grocery
CUST00134,2023-05-08,111.33,Clothing
CUST00134,2022-01-21,195.39,Grocery
CUST00134,2024-07-08,5.76,Electronics
CUST00134,2021-09-19,227.49,Clothing
CUST00134,2023-01-25,23.07,Dining
CUST00134,2023-10-29,22.99,Clothing
CUST00134,2025-03-31,33.28,Travel
CUST00134,2023-01-21,146.45,Dining
CUST00134,2025-02-12,163.23,Dining
CUST00134,2023-09-24,157.28,Dining
CUST00134,2024-03-12,72.91,Travel
CUST00134,2025-04-25,20.3,Dining
CUST00134,2024-04-20,10.41,Clothing
CUST00134,2023-02-25,71.06,Clothing
CUST00134,2021-11-08,16.59,Electronics
CUST00134,2022-01-23,62.26,Dining
CUST00134,2023-12-23,579.62,Travel
CUST00134,2024-10-15,154.32,Electronics
CUST00134,2024-03-24,125.16,Clothing
CUST00134,2022-01-29,27.14,Dining
CUST00134,2021-11-04,47.54,Dining
CUST00134,2021-02-26,22.12,Dining
CUST00134,2022-08-17,37.36,Dining
CUST00134,2025-06-10,13.88,Clothing
CUST00134,2021-05-17,149.47,Dining
CUST00134,2021-09-20,56.39,Clothing
CUST00134,2024-05-18,172.59,Electronics
CUST00134,2022-09-12,127.84,Electronics
CUST00134,2021-09-16,173.48,Dining
CUST00134,2024-01-14,5.17,Dining
CUST00134,2023-09-24,99.84,Grocery
CUST00134,2024-08-31,14.55,Dining
CUST00134,2023-09-03,41.29,Clothing
CUST00134,2024-05-04,156.77,Electronics
CUST00134,2023-11-17,80.68,Travel
CUST00134,2023-08-14,12.26,Electronics
CUST00134,2023-08-28,97.38,Clothing
CUST00134,2021-11-22,102.61,Electronics
CUST00134,2022-01-13,29.81,Grocery
CUST00134,2021-11-22,31.6,Electronics
CUST00134,2024-03-03,54.7,Grocery
CUST00134,2023-08-28,78.77,Travel
CUST00134,2022-03-29,14.93,Dining
CUST00134,2023-11-02,9.84,Travel
CUST00134,2021-10-03,20.34,Travel
CUST00134,2023-02-13,73.93,Electronics
CUST00134,2023-12-05,84.19,Electronics
CUST00134,2023-06-25,30.28,Travel
CUST00134,2023-11-21,62.23,Electronics
CUST00134,2023-07-14,57.19,Clothing
CUST00134,2023-03-28,124.84,Grocery
CUST00134,2023-03-22,94.52,Dining
CUST00134,2022-08-02,115.86,Electronics
CUST00134,2022-06-28,101.0,Electronics
CUST00134,2022-06-25,11.06,Grocery
CUST00134,2023-05-09,17.37,Clothing
CUST00134,2022-10-22,53.98,Grocery
CUST00134,2021-06-26,67.92,Grocery
CUST00134,2025-03-18,112.39,Grocery
CUST00134,2024-11-01,49.38,Travel
CUST00134,2025-05-20,161.1,Electronics
CUST00134,2023-07-17,58.77,Dining
CUST00134,2022-10-28,155.44,Electronics
CUST00134,2023-05-30,107.97,Travel
CUST00134,2022-07-12,231.45,Grocery
CUST00134,2025-06-28,62.29,Grocery
CUST00134,2024-09-04,245.6,Travel
CUST00134,2021-04-30,161.76,Electronics
CUST00134,2023-09-06,125.94,Clothing
CUST00134,2025-02-10,192.93,Clothing
CUST00135,2023-07-10,12.05,Clothing
CUST00135,2024-01-22,65.34,Dining
CUST00135,2025-05-09,221.8,Grocery
CUST00135,2023-10-05,27.99,Travel
CUST00135,2025-07-18,9.85,Clothing
CUST00135,2025-04-02,87.79,Dining
CUST00135,2023-11-18,34.66,Grocery
CUST00135,2023-03-12,391.83,Clothing
CUST00135,2025-02-03,61.74,Travel
CUST00135,2023-06-17,131.18,Dining
CUST00135,2024-07-18,80.85,Dining
CUST00135,2024-10-23,519.77,Clothing
CUST00135,2022-11-03,248.95,Clothing
CUST00135,2022-06-03,53.9,Clothing
CUST00135,2025-01-21,33.09,Grocery
CUST00135,2023-03-05,251.62,Travel
CUST00135,2024-08-18,71.35,Travel
CUST00135,2024-12-28,152.96,Travel
CUST00135,2023-09-28,33.79,Electronics
CUST00135,2022-06-11,46.97,Electronics
CUST00135,2025-06-03,24.76,Travel
CUST00135,2022-09-07,40.45,Electronics
CUST00135,2023-10-26,27.14,Clothing
CUST00135,2025-07-31,128.09,Travel
CUST00135,2022-10-08,88.65,Travel
CUST00135,2024-10-30,114.57,Travel
CUST00135,2022-12-07,82.43,Electronics
CUST00135,2022-05-28,7.04,Dining
CUST00135,2022-08-10,74.8,Electronics
CUST00135,2024-12-30,326.61,Electronics
CUST00135,2023-09-14,13.73,Travel
CUST00135,2024-01-18,63.62,Grocery
CUST00135,2023-11-28,7.65,Grocery
CUST00135,2025-02-06,75.2,Travel
CUST00135,2024-06-14,18.72,Electronics
CUST00135,2022-11-13,367.77,Travel
CUST00135,2023-01-26,36.43,Grocery
CUST00135,2025-05-02,98.37,Grocery
CUST00135,2025-02-17,138.85,Travel
CUST00135,2025-03-03,53.08,Clothing
CUST00135,2024-08-27,52.15,Dining
CUST00135,2022-11-15,136.65,Grocery
CUST00135,2022-09-29,19.18,Dining
CUST00135,2022-12-18,318.86,Travel
CUST00135,2024-12-13,91.74,Clothing
CUST00135,2024-04-12,38.72,Clothing
CUST00135,2022-10-22,18.16,Dining
CUST00135,2024-03-08,54.03,Electronics
CUST00135,2024-11-27,15.08,Dining
CUST00135,2025-04-24,19.26,Electronics
CUST00135,2022-05-14,27.66,Grocery
CUST00135,2025-02-27,265.94,Electronics
CUST00135,2022-09-15,67.39,Electronics
CUST00135,2024-01-16,14.19,Dining
CUST00135,2023-01-11,16.45,Dining
CUST00135,2023-01-14,46.1,Dining
CUST00135,2022-07-30,312.6,Clothing
CUST00135,2022-03-15,24.53,Grocery
CUST00135,2023-08-22,46.07,Clothing
CUST00135,2023-06-19,29.0,Clothing
CUST00135,2022-10-03,261.36,Electronics
CUST00135,2022-05-29,169.44,Dining
CUST00135,2023-02-24,48.53,Grocery
CUST00135,2022-06-18,151.35,Clothing
CUST00135,2022-04-02,263.16,Electronics
CUST00135,2024-08-01,59.19,Dining
CUST00135,2022-10-19,386.82,Travel
CUST00135,2023-03-23,18.83,Clothing
CUST00135,2025-01-31,16.53,Dining
CUST00135,2022-03-27,41.36,Clothing
CUST00135,2024-03-24,92.39,Electronics
CUST00135,2024-09-29,185.88,Grocery
CUST00135,2025-04-25,62.13,Electronics
CUST00135,2022-11-10,204.73,Clothing
CUST00135,2022-11-03,29.33,Travel
CUST00135,2022-12-24,124.79,Electronics
CUST00135,2022-03-10,187.42,Travel
CUST00135,2025-01-12,67.55,Electronics
CUST00135,2023-07-02,31.49,Clothing
CUST00135,2023-07-12,108.48,Electronics
CUST00135,2023-05-30,54.93,Dining
CUST00135,2023-01-17,13.04,Electronics
CUST00135,2023-11-27,162.22,Electronics
CUST00135,2022-06-10,59.13,Travel
CUST00135,2023-04-16,33.86,Grocery
CUST00135,2022-06-29,193.79,Travel
CUST00135,2025-03-04,82.7,Clothing
CUST00135,2022-05-08,74.74,Dining
CUST00135,2023-12-28,93.11,Grocery
CUST00135,2023-06-30,41.6,Grocery
CUST00135,2025-07-28,120.82,Dining
CUST00135,2023-06-21,90.08,Electronics
CUST00135,2023-08-13,22.97,Travel
CUST00135,2024-02-20,34.62,Dining
CUST00135,2024-08-08,215.6,Electronics
CUST00135,2022-12-26,175.45,Electronics
CUST00135,2022-01-07,70.53,Grocery
CUST00135,2024-08-27,248.76,Travel
CUST00135,2022-09-15,25.52,Electronics
CUST00135,2024-04-14,17.5,Electronics
CUST00135,2024-04-11,84.67,Electronics
CUST00135,2024-12-16,74.8,Electronics
CUST00135,2023-03-11,67.52,Grocery
CUST00135,2022-07-16,105.81,Grocery
CUST00135,2025-06-29,212.32,Clothing
CUST00135,2022-01-07,31.57,Dining
CUST00135,2025-06-26,30.89,Clothing
CUST00135,2024-05-24,31.92,Electronics
CUST00135,2023-10-26,73.86,Travel
CUST00135,2025-07-25,149.7,Grocery
CUST00135,2023-05-04,529.68,Travel
CUST00135,2024-02-20,67.69,Dining
CUST00135,2024-11-06,20.09,Dining
CUST00135,2023-01-08,8.12,Grocery
CUST00135,2022-06-11,37.2,Grocery
CUST00135,2023-06-21,20.63,Dining
CUST00135,2023-07-01,125.74,Travel
CUST00135,2023-06-14,19.66,Electronics
CUST00135,2024-11-08,355.41,Grocery
CUST00135,2024-03-25,48.59,Grocery
CUST00135,2023-11-18,123.05,Travel
CUST00135,2024-07-20,99.19,Grocery
CUST00135,2024-12-13,125.73,Grocery
CUST00135,2023-04-16,54.44,Electronics
CUST00135,2024-08-13,28.95,Grocery
CUST00135,2022-10-23,23.04,Travel
CUST00135,2024-09-23,254.63,Travel
CUST00136,2024-06-05,77.61,Travel
CUST00136,2024-12-10,7.99,Dining
CUST00136,2023-10-19,51.79,Dining
CUST00136,2023-07-21,39.3,Electronics
CUST00136,2023-05-11,32.6,Electronics
CUST00136,2024-03-10,7.1,Clothing
CUST00136,2023-11-06,73.14,Travel
CUST00136,2025-01-02,95.82,Travel
CUST00136,2025-02-06,6.57,Travel
CUST00136,2025-02-03,22.05,Grocery
CUST00136,2023-04-12,26.0,Electronics
CUST00136,2023-07-17,122.23,Clothing
CUST00136,2024-02-03,107.49,Travel
CUST00136,2024-03-07,143.74,Dining
CUST00136,2024-04-28,188.42,Dining
CUST00136,2023-11-21,5.26,Grocery
CUST00136,2024-03-14,107.0,Travel
CUST00136,2024-08-22,45.74,Electronics
CUST00136,2023-07-25,147.01,Clothing
CUST00136,2024-12-03,250.27,Travel
CUST00136,2024-12-27,142.34,Clothing
CUST00136,2024-08-10,55.16,Electronics
CUST00136,2023-10-16,49.84,Dining
CUST00136,2024-03-23,12.05,Grocery
CUST00136,2024-02-05,174.13,Dining
CUST00136,2024-11-19,48.22,Electronics
CUST00136,2024-08-12,36.0,Electronics
CUST00136,2025-02-24,21.09,Dining
CUST00136,2023-05-04,43.56,Dining
CUST00136,2025-02-12,149.01,Travel
CUST00136,2023-06-29,148.84,Grocery
CUST00136,2023-12-12,76.07,Electronics
CUST00136,2025-05-13,192.66,Clothing
CUST00136,2025-02-11,86.99,Dining
CUST00136,2025-05-17,28.99,Clothing
CUST00136,2025-05-29,21.58,Travel
CUST00136,2024-06-16,15.78,Travel
CUST00136,2025-06-10,190.61,Electronics
CUST00136,2025-07-25,104.59,Travel
CUST00136,2023-05-09,7.07,Clothing
CUST00136,2024-05-14,95.73,Clothing
CUST00136,2023-06-28,36.14,Travel
CUST00136,2024-11-28,20.41,Travel
CUST00136,2023-09-28,28.88,Dining
CUST00136,2024-11-05,50.2,Grocery
CUST00136,2025-06-29,77.52,Electronics
CUST00136,2023-07-05,175.8,Grocery
CUST00136,2025-06-29,14.49,Grocery
CUST00136,2023-03-18,53.27,Grocery
CUST00136,2024-01-19,18.71,Travel
CUST00136,2024-10-16,25.97,Clothing
CUST00136,2024-09-07,30.93,Travel
CUST00136,2025-07-08,315.99,Travel
CUST00136,2025-06-11,489.31,Clothing
CUST00136,2023-06-12,83.25,Grocery
CUST00136,2023-08-12,202.25,Dining
CUST00136,2024-03-21,143.79,Grocery
CUST00136,2023-05-03,79.15,Electronics
CUST00136,2025-04-26,16.52,Dining
CUST00136,2024-04-28,63.61,Grocery
CUST00136,2023-10-21,80.04,Clothing
CUST00136,2023-12-08,43.36,Electronics
CUST00136,2025-03-01,20.74,Grocery
CUST00136,2024-12-04,20.58,Dining
CUST00136,2023-03-05,144.05,Clothing
CUST00136,2023-05-20,51.38,Dining
CUST00136,2025-05-10,190.54,Electronics
CUST00136,2023-10-21,180.2,Dining
CUST00136,2024-10-14,59.37,Travel
CUST00136,2024-01-08,228.97,Electronics
CUST00136,2023-05-31,84.52,Grocery
CUST00136,2025-03-18,10.92,Electronics
CUST00136,2024-01-29,149.7,Electronics
CUST00136,2023-05-02,44.77,Clothing
CUST00136,2024-06-24,193.96,Dining
CUST00136,2025-01-29,12.04,Electronics
CUST00136,2024-10-24,48.21,Electronics
CUST00136,2025-02-27,84.66,Grocery
CUST00136,2024-09-11,138.24,Grocery
CUST00136,2024-07-06,65.63,Travel
CUST00136,2024-08-11,57.13,Electronics
CUST00136,2024-12-24,47.74,Travel
CUST00136,2023-04-19,49.04,Grocery
CUST00136,2024-01-14,19.82,Travel
CUST00136,2023-10-17,73.43,Travel
CUST00136,2025-05-11,50.87,Dining
CUST00136,2024-12-11,448.12,Travel
CUST00136,2024-10-09,30.55,Dining
CUST00136,2025-07-03,6.52,Clothing
CUST00136,2023-07-15,88.26,Electronics
CUST00136,2023-07-07,108.32,Dining
CUST00136,2024-07-13,43.02,Grocery
CUST00136,2025-07-04,27.85,Travel
CUST00136,2023-03-25,91.44,Dining
CUST00137,2023-12-01,265.85,Travel
CUST00137,2024-09-26,9.94,Dining
CUST00137,2024-12-03,21.19,Travel
CUST00137,2024-05-04,53.65,Grocery
CUST00137,2024-09-08,92.84,Clothing
CUST00137,2024-06-22,28.15,Dining
CUST00137,2023-11-12,46.05,Dining
CUST00137,2024-12-08,70.77,Electronics
CUST00137,2025-03-15,28.1,Clothing
CUST00137,2025-06-06,188.79,Dining
CUST00137,2025-05-25,9.34,Electronics
CUST00137,2025-07-06,49.32,Dining
CUST00137,2025-06-01,14.32,Dining
CUST00137,2025-04-03,14.99,Dining
CUST00137,2024-03-13,45.06,Electronics
CUST00137,2024-01-08,46.1,Clothing
CUST00137,2024-10-22,5.74,Travel
CUST00137,2024-08-22,70.2,Dining
CUST00137,2024-12-19,24.57,Travel
CUST00137,2025-04-13,31.45,Travel
CUST00137,2024-02-27,19.23,Grocery
CUST00137,2025-04-15,19.04,Travel
CUST00137,2025-05-20,22.45,Grocery
CUST00137,2024-05-27,81.91,Dining
CUST00137,2025-01-09,37.16,Clothing
CUST00137,2024-05-19,59.2,Electronics
CUST00137,2025-02-19,13.83,Grocery
CUST00137,2025-06-11,31.19,Grocery
CUST00137,2025-04-22,27.11,Electronics
CUST00137,2025-07-14,10.24,Electronics
CUST00137,2024-06-06,102.05,Electronics
CUST00137,2024-08-25,32.61,Grocery
CUST00137,2024-05-12,52.14,Grocery
CUST00137,2025-04-24,142.39,Grocery
CUST00137,2024-07-06,8.48,Clothing
CUST00137,2025-02-02,95.13,Dining
CUST00137,2025-02-25,18.75,Grocery
CUST00137,2025-07-22,90.09,Grocery
CUST00137,2024-03-15,23.83,Dining
CUST00137,2025-05-19,94.65,Electronics
CUST00137,2024-09-06,158.03,Electronics
CUST00137,2025-03-18,41.86,Travel
CUST00137,2024-12-11,137.58,Electronics
CUST00137,2025-05-06,64.57,Clothing
CUST00137,2024-12-07,28.15,Clothing
CUST00137,2024-04-08,45.61,Dining
CUST00137,2025-07-29,81.05,Grocery
CUST00137,2025-07-08,5.76,Travel
CUST00137,2024-06-20,92.68,Electronics
CUST00137,2024-08-25,124.89,Dining
CUST00137,2025-06-27,30.65,Clothing
CUST00137,2024-11-10,10.75,Electronics
CUST00137,2023-11-30,34.29,Electronics
CUST00137,2023-12-24,14.07,Electronics
CUST00137,2024-10-14,126.63,Dining
CUST00137,2023-12-10,138.99,Grocery
CUST00137,2024-02-24,116.47,Travel
CUST00137,2025-06-22,157.18,Travel
CUST00137,2024-07-13,17.0,Clothing
CUST00137,2025-02-21,395.26,Dining
CUST00137,2024-01-26,39.48,Dining
CUST00137,2024-12-02,27.03,Travel
CUST00137,2024-12-03,75.69,Travel
CUST00137,2025-07-24,39.66,Electronics
CUST00137,2025-01-29,92.63,Clothing
CUST00137,2024-08-27,12.17,Travel
CUST00137,2024-01-13,122.68,Electronics
CUST00137,2024-12-07,25.21,Grocery
CUST00137,2024-08-18,6.9,Grocery
CUST00137,2024-05-25,8.5,Travel
CUST00137,2024-08-31,161.14,Electronics
CUST00137,2024-05-04,84.17,Electronics
CUST00137,2023-12-17,65.23,Travel
CUST00137,2024-12-06,122.51,Grocery
CUST00137,2024-11-27,35.83,Travel
CUST00137,2024-10-24,207.91,Clothing
CUST00137,2025-01-29,80.72,Travel
CUST00137,2025-05-25,100.45,Dining
CUST00137,2024-08-02,92.51,Grocery
CUST00137,2024-01-25,51.69,Travel
CUST00137,2024-05-13,50.98,Clothing
CUST00137,2024-12-23,165.01,Electronics
CUST00137,2024-01-24,47.88,Grocery
CUST00137,2024-08-08,134.09,Clothing
CUST00137,2024-01-15,169.93,Travel
CUST00137,2025-03-09,55.96,Travel
CUST00137,2024-08-29,23.77,Travel
CUST00137,2023-11-23,84.45,Electronics
CUST00137,2024-01-08,86.16,Electronics
CUST00137,2024-08-09,102.35,Electronics
CUST00137,2025-02-07,229.61,Grocery
CUST00137,2024-06-21,59.21,Dining
CUST00137,2024-09-08,117.67,Electronics
CUST00137,2024-02-12,66.68,Electronics
CUST00137,2024-01-03,413.12,Dining
CUST00137,2025-01-02,28.71,Travel
CUST00137,2025-05-06,62.3,Travel
CUST00137,2025-04-18,40.16,Travel
CUST00137,2024-09-30,12.51,Clothing
CUST00138,2025-07-02,215.53,Travel
CUST00138,2025-07-27,26.67,Clothing
CUST00138,2025-06-27,84.9,Clothing
CUST00138,2025-07-22,11.34,Clothing
CUST00138,2025-07-11,122.35,Travel
CUST00138,2025-07-10,18.33,Grocery
CUST00138,2025-06-26,27.09,Electronics
CUST00138,2025-07-25,73.72,Clothing
CUST00138,2025-07-23,5.32,Travel
CUST00138,2025-06-24,41.12,Clothing
CUST00138,2025-07-02,17.87,Dining
CUST00138,2025-07-02,21.44,Travel
CUST00138,2025-07-03,82.63,Clothing
CUST00138,2025-06-15,36.83,Dining
CUST00138,2025-06-14,152.72,Travel
CUST00138,2025-06-23,9.84,Electronics
CUST00138,2025-07-24,86.66,Clothing
CUST00138,2025-07-24,19.06,Electronics
CUST00138,2025-07-01,85.23,Clothing
CUST00138,2025-07-04,186.92,Electronics
CUST00138,2025-07-11,71.32,Electronics
CUST00138,2025-06-29,170.34,Clothing
CUST00138,2025-07-01,22.19,Electronics
CUST00138,2025-07-18,38.25,Grocery
CUST00138,2025-07-20,50.79,Grocery
CUST00138,2025-07-08,51.28,Grocery
CUST00138,2025-06-16,88.67,Clothing
CUST00138,2025-06-20,60.74,Dining
CUST00138,2025-06-28,77.16,Dining
CUST00138,2025-06-13,72.28,Dining
CUST00138,2025-07-07,29.5,Clothing
CUST00138,2025-07-20,37.96,Electronics
CUST00138,2025-06-30,110.93,Grocery
CUST00138,2025-06-18,25.4,Grocery
CUST00138,2025-07-07,43.62,Grocery
CUST00138,2025-06-18,49.21,Electronics
CUST00138,2025-07-09,34.6,Electronics
CUST00138,2025-07-10,37.09,Grocery
CUST00138,2025-07-26,75.46,Electronics
CUST00138,2025-07-03,30.64,Dining
CUST00138,2025-07-08,162.8,Dining
CUST00138,2025-07-22,46.64,Grocery
CUST00138,2025-07-19,358.59,Clothing
CUST00138,2025-07-02,17.34,Clothing
CUST00138,2025-07-04,87.01,Electronics
CUST00138,2025-06-15,23.53,Clothing
CUST00138,2025-06-20,393.7,Clothing
CUST00138,2025-07-25,18.26,Grocery
CUST00138,2025-07-14,41.36,Dining
CUST00138,2025-07-31,91.48,Clothing
CUST00138,2025-06-21,64.77,Grocery
CUST00138,2025-07-14,21.69,Electronics
CUST00138,2025-07-22,13.1,Travel
CUST00138,2025-07-16,387.82,Dining
CUST00138,2025-07-29,105.21,Travel
CUST00138,2025-07-13,128.75,Grocery
CUST00138,2025-06-17,216.2,Electronics
CUST00138,2025-07-22,13.52,Clothing
CUST00138,2025-06-18,54.31,Clothing
CUST00138,2025-06-30,12.25,Travel
CUST00138,2025-06-28,39.96,Clothing
CUST00138,2025-06-24,20.33,Grocery
CUST00138,2025-07-14,76.27,Travel
CUST00138,2025-07-08,39.88,Electronics
CUST00138,2025-06-27,81.37,Electronics
CUST00138,2025-07-06,112.38,Dining
CUST00138,2025-06-27,63.03,Clothing
CUST00138,2025-07-23,249.7,Travel
CUST00138,2025-07-25,90.91,Electronics
CUST00138,2025-06-18,410.16,Grocery
CUST00138,2025-07-24,55.82,Electronics
CUST00138,2025-07-18,75.52,Dining
CUST00138,2025-06-13,46.84,Travel
CUST00138,2025-06-18,73.77,Dining
CUST00138,2025-06-25,33.29,Clothing
CUST00138,2025-07-19,299.9,Electronics
CUST00138,2025-06-14,40.26,Dining
CUST00138,2025-06-18,126.66,Electronics
CUST00138,2025-06-24,35.63,Electronics
CUST00138,2025-07-16,87.26,Electronics
CUST00138,2025-07-25,5.71,Dining
CUST00138,2025-06-16,44.56,Dining
CUST00138,2025-06-13,76.55,Clothing
CUST00138,2025-06-20,193.15,Grocery
CUST00138,2025-07-19,72.31,Clothing
CUST00138,2025-07-20,18.08,Clothing
CUST00138,2025-07-15,140.21,Travel
CUST00138,2025-06-19,166.88,Grocery
CUST00138,2025-07-18,64.37,Clothing
CUST00138,2025-07-10,44.38,Clothing
CUST00138,2025-06-22,38.16,Clothing
CUST00138,2025-07-27,81.27,Electronics
CUST00138,2025-06-26,58.57,Clothing
CUST00138,2025-06-30,13.88,Dining
CUST00138,2025-07-31,53.72,Travel
CUST00138,2025-07-20,58.2,Grocery
CUST00138,2025-07-29,6.98,Clothing
CUST00138,2025-07-05,79.36,Dining
CUST00138,2025-07-26,45.09,Grocery
CUST00138,2025-07-20,123.19,Electronics
CUST00138,2025-06-18,55.7,Dining
CUST00138,2025-07-29,78.22,Electronics
CUST00138,2025-07-30,37.42,Grocery
CUST00138,2025-06-14,68.7,Travel
CUST00138,2025-06-26,156.11,Dining
CUST00138,2025-07-20,159.03,Clothing
CUST00138,2025-07-24,150.47,Electronics
CUST00138,2025-07-14,7.41,Dining
CUST00138,2025-06-26,46.98,Travel
CUST00138,2025-06-13,26.49,Dining
CUST00138,2025-07-17,19.22,Travel
CUST00138,2025-07-18,16.72,Travel
CUST00139,2022-04-23,53.37,Travel
CUST00139,2023-04-24,10.54,Clothing
CUST00139,2024-06-29,5.83,Grocery
CUST00139,2024-10-11,152.95,Grocery
CUST00139,2025-06-07,128.52,Dining
CUST00139,2022-09-21,58.91,Dining
CUST00139,2022-12-09,8.42,Travel
CUST00139,2022-03-21,46.27,Electronics
CUST00139,2023-08-12,88.91,Dining
CUST00139,2024-06-21,108.81,Clothing
CUST00139,2024-03-21,39.3,Electronics
CUST00139,2023-10-03,131.57,Dining
CUST00139,2022-03-14,35.23,Dining
CUST00139,2023-05-04,69.18,Grocery
CUST00139,2024-06-18,28.29,Travel
CUST00139,2025-01-05,9.9,Travel
CUST00139,2022-07-12,17.62,Electronics
CUST00139,2024-07-13,52.88,Grocery
CUST00139,2025-06-14,72.9,Travel
CUST00139,2024-07-24,76.59,Travel
CUST00139,2021-10-31,235.19,Clothing
CUST00139,2022-01-14,74.83,Electronics
CUST00139,2024-08-17,10.7,Travel
CUST00139,2023-11-07,21.02,Grocery
CUST00139,2022-04-01,60.01,Travel
CUST00139,2025-03-10,56.96,Dining
CUST00139,2025-05-05,26.7,Travel
CUST00139,2022-05-09,53.28,Electronics
CUST00139,2022-06-12,34.57,Clothing
CUST00139,2025-02-15,219.97,Travel
CUST00139,2024-08-02,109.55,Travel
CUST00139,2024-03-24,35.75,Travel
CUST00139,2024-06-23,17.73,Electronics
CUST00139,2023-08-13,20.18,Clothing
CUST00139,2023-03-18,59.93,Electronics
CUST00139,2022-08-17,94.63,Grocery
CUST00139,2022-10-20,133.77,Clothing
CUST00139,2025-05-23,36.84,Travel
CUST00139,2022-12-05,142.76,Clothing
CUST00139,2024-10-14,10.73,Electronics
CUST00139,2024-10-07,198.54,Grocery
CUST00139,2023-01-02,116.0,Clothing
CUST00139,2021-09-27,65.73,Travel
CUST00139,2022-02-13,28.11,Electronics
CUST00139,2021-11-08,122.13,Grocery
CUST00139,2023-04-29,85.22,Electronics
CUST00139,2023-12-30,12.53,Electronics
CUST00139,2022-12-20,36.58,Grocery
CUST00139,2023-05-05,101.65,Dining
CUST00139,2023-08-18,225.94,Clothing
CUST00139,2023-06-18,110.48,Travel
CUST00139,2024-10-04,88.18,Electronics
CUST00139,2022-02-28,145.71,Travel
CUST00139,2024-03-19,77.83,Grocery
CUST00139,2025-05-10,17.62,Clothing
CUST00139,2024-08-29,85.48,Grocery
CUST00139,2023-05-07,124.51,Electronics
CUST00139,2021-10-28,170.32,Electronics
CUST00139,2023-02-12,26.56,Grocery
CUST00139,2024-05-14,8.43,Grocery
CUST00139,2022-06-07,9.94,Clothing
CUST00139,2023-10-13,12.41,Dining
CUST00139,2025-07-02,24.98,Dining
CUST00139,2023-06-15,22.51,Electronics
CUST00139,2022-08-12,19.66,Grocery
CUST00139,2024-08-20,49.55,Dining
CUST00139,2022-01-13,72.41,Grocery
CUST00139,2024-12-28,124.65,Grocery
CUST00139,2021-10-13,85.05,Clothing
CUST00139,2022-03-25,37.41,Grocery
CUST00139,2022-04-29,230.48,Dining
CUST00139,2025-06-30,129.99,Grocery
CUST00139,2023-02-24,134.85,Travel
CUST00139,2025-07-04,168.44,Travel
CUST00139,2023-02-10,23.46,Electronics
CUST00139,2025-04-29,52.45,Dining
CUST00139,2025-02-17,35.88,Clothing
CUST00139,2023-10-29,100.1,Clothing
CUST00139,2022-11-17,112.47,Clothing
CUST00139,2023-07-14,41.96,Travel
CUST00139,2024-03-20,212.23,Dining
CUST00139,2023-09-25,125.9,Electronics
CUST00139,2024-01-27,36.33,Travel
CUST00139,2023-11-23,85.22,Grocery
CUST00139,2021-12-01,99.04,Grocery
CUST00139,2023-05-02,123.83,Travel
CUST00139,2024-09-10,204.46,Clothing
CUST00139,2022-01-13,200.9,Travel
CUST00139,2022-04-30,422.7,Grocery
CUST00139,2023-09-11,36.46,Travel
CUST00139,2023-07-19,27.88,Clothing
CUST00139,2023-02-22,60.96,Clothing
CUST00139,2024-09-04,141.9,Travel
CUST00139,2023-04-08,21.32,Travel
CUST00139,2024-06-22,22.9,Dining
CUST00139,2025-06-17,122.83,Dining
CUST00139,2021-09-11,272.3,Dining
CUST00139,2024-11-29,32.86,Clothing
CUST00139,2024-12-27,91.46,Grocery
CUST00139,2022-07-30,20.65,Travel
CUST00139,2024-09-01,90.7,Electronics
CUST00139,2024-04-09,91.61,Grocery
CUST00139,2022-06-02,46.46,Dining
CUST00139,2025-03-17,28.24,Clothing
CUST00139,2023-07-17,118.44,Dining
CUST00139,2024-04-20,302.32,Clothing
CUST00139,2025-07-03,140.14,Travel
CUST00139,2023-05-03,141.78,Electronics
CUST00139,2025-03-17,143.54,Grocery
CUST00139,2025-02-02,60.53,Travel
CUST00139,2023-09-04,34.56,Grocery
CUST00139,2022-06-04,174.15,Dining
CUST00139,2022-02-25,41.19,Grocery
CUST00139,2022-06-02,110.33,Clothing
CUST00139,2024-07-25,175.29,Clothing
CUST00140,2024-06-06,54.37,Travel
CUST00140,2023-12-30,84.82,Travel
CUST00140,2025-01-09,126.55,Clothing
CUST00140,2024-10-30,34.68,Travel
CUST00140,2024-04-14,111.34,Clothing
CUST00140,2023-05-25,103.22,Clothing
CUST00140,2023-03-24,22.18,Travel
CUST00140,2024-10-31,53.45,Dining
CUST00140,2024-05-16,50.94,Clothing
CUST00140,2024-10-09,15.7,Grocery
CUST00140,2023-02-28,30.88,Grocery
CUST00140,2023-01-20,25.48,Travel
CUST00140,2023-07-05,17.79,Electronics
CUST00140,2024-05-12,59.18,Clothing
CUST00140,2023-01-19,74.58,Clothing
CUST00140,2024-12-18,29.48,Dining
CUST00140,2025-03-25,12.97,Grocery
CUST00140,2025-07-11,10.07,Dining
CUST00140,2024-08-20,85.65,Grocery
CUST00140,2023-05-19,197.4,Dining
CUST00140,2023-02-01,288.3,Travel
CUST00140,2023-12-09,47.98,Electronics
CUST00140,2023-05-27,67.6,Clothing
CUST00140,2022-09-29,46.68,Clothing
CUST00140,2022-11-17,103.06,Grocery
CUST00140,2025-04-14,17.58,Clothing
CUST00140,2024-06-10,9.12,Travel
CUST00140,2023-07-26,368.51,Electronics
CUST00140,2023-01-24,12.84,Dining
CUST00140,2023-08-24,18.87,Clothing
CUST00140,2022-09-17,9.46,Travel
CUST00140,2024-07-09,71.29,Travel
CUST00140,2022-10-03,32.63,Clothing
CUST00140,2025-05-28,60.78,Travel
CUST00140,2025-03-23,18.68,Travel
CUST00140,2024-10-12,23.03,Travel
CUST00140,2024-02-26,27.85,Dining
CUST00140,2024-05-13,5.71,Grocery
CUST00140,2024-12-04,70.91,Travel
CUST00140,2023-09-07,243.55,Travel
CUST00140,2024-04-05,24.53,Dining
CUST00140,2025-04-26,196.41,Travel
CUST00140,2025-07-18,71.07,Clothing
CUST00140,2024-10-06,116.11,Grocery
CUST00140,2023-05-21,380.3,Clothing
CUST00140,2023-06-06,132.46,Clothing
CUST00140,2024-04-14,161.38,Grocery
CUST00140,2023-09-15,299.39,Grocery
CUST00140,2023-04-20,81.06,Grocery
CUST00140,2023-09-12,6.64,Travel
CUST00140,2023-03-15,10.56,Travel
CUST00140,2023-08-08,102.32,Electronics
CUST00140,2024-08-08,6.79,Grocery
CUST00140,2022-12-28,55.85,Electronics
CUST00140,2024-11-19,5.58,Clothing
CUST00140,2024-11-30,160.21,Clothing
CUST00140,2023-03-28,9.86,Travel
CUST00140,2025-01-13,21.69,Travel
CUST00140,2025-04-02,108.11,Electronics
CUST00140,2023-02-17,172.26,Clothing
CUST00140,2024-04-18,28.11,Clothing
CUST00140,2025-04-13,28.26,Travel
CUST00140,2024-03-08,110.09,Dining
CUST00140,2022-10-19,190.99,Grocery
CUST00140,2024-09-14,101.49,Grocery
CUST00140,2023-01-26,61.89,Grocery
CUST00140,2023-07-18,39.16,Grocery
CUST00140,2025-05-01,104.91,Electronics
CUST00140,2025-05-03,219.78,Electronics
CUST00140,2024-12-25,38.9,Travel
CUST00140,2023-02-24,33.29,Grocery
CUST00140,2024-07-12,40.22,Dining
CUST00140,2024-11-17,91.14,Electronics
CUST00140,2024-04-04,27.93,Clothing
CUST00140,2022-09-24,31.83,Travel
CUST00140,2024-06-26,77.36,Travel
CUST00140,2022-11-09,60.29,Dining
CUST00140,2025-02-24,44.07,Clothing
CUST00140,2025-07-14,16.08,Travel
CUST00141,2025-03-26,236.4,Clothing
CUST00141,2023-12-15,133.54,Travel
CUST00141,2022-08-28,49.17,Dining
CUST00141,2022-03-16,55.52,Clothing
CUST00141,2024-03-18,28.52,Grocery
CUST00141,2021-10-24,63.13,Grocery
CUST00141,2021-11-10,18.72,Electronics
CUST00141,2021-02-20,32.37,Electronics
CUST00141,2025-05-02,60.7,Electronics
CUST00141,2020-12-12,45.58,Dining
CUST00141,2021-05-15,124.15,Dining
CUST00141,2025-04-21,54.78,Clothing
CUST00141,2020-10-24,135.57,Electronics
CUST00141,2020-12-19,6.82,Dining
CUST00141,2024-01-24,44.94,Electronics
CUST00141,2024-02-11,58.63,Electronics
CUST00141,2021-06-05,30.91,Clothing
CUST00141,2024-04-01,22.73,Electronics
CUST00141,2024-11-02,47.73,Grocery
CUST00141,2025-07-05,7.0,Grocery
CUST00141,2024-07-25,13.91,Electronics
CUST00141,2022-08-02,103.5,Travel
CUST00141,2023-06-09,153.07,Dining
CUST00141,2021-11-11,8.76,Electronics
CUST00141,2021-02-21,92.37,Travel
CUST00141,2024-04-30,38.98,Grocery
CUST00141,2022-02-28,45.89,Grocery
CUST00141,2023-11-29,33.21,Grocery
CUST00141,2022-03-10,23.02,Travel
CUST00141,2024-02-25,26.61,Dining
CUST00141,2021-10-01,174.86,Clothing
CUST00141,2023-01-29,140.49,Dining
CUST00141,2023-07-03,72.73,Grocery
CUST00141,2021-05-18,147.0,Clothing
CUST00141,2022-06-12,52.78,Clothing
CUST00141,2021-07-12,127.33,Travel
CUST00141,2024-12-01,24.28,Travel
CUST00141,2022-02-19,110.85,Grocery
CUST00141,2024-02-22,57.71,Clothing
CUST00141,2023-11-07,52.67,Dining
CUST00141,2023-09-22,53.73,Grocery
CUST00141,2021-12-20,6.81,Dining
CUST00141,2021-08-20,83.78,Dining
CUST00141,2022-12-12,44.18,Grocery
CUST00141,2025-04-20,9.44,Clothing
CUST00141,2025-03-22,31.09,Travel
CUST00141,2021-02-22,169.6,Electronics
CUST00141,2023-02-23,38.61,Electronics
CUST00141,2023-06-06,113.76,Dining
CUST00141,2025-02-11,20.53,Grocery
CUST00141,2024-01-01,26.4,Clothing
CUST00141,2022-12-04,94.55,Electronics
CUST00141,2023-09-30,79.86,Clothing
CUST00141,2022-03-06,20.99,Dining
CUST00141,2023-10-16,117.15,Clothing
CUST00141,2022-08-16,61.05,Clothing
CUST00141,2022-06-29,41.83,Dining
CUST00141,2025-04-22,7.75,Grocery
CUST00141,2022-05-29,28.02,Grocery
CUST00141,2022-01-30,45.18,Clothing
CUST00141,2023-08-20,137.88,Electronics
CUST00141,2024-07-28,56.63,Travel
CUST00141,2023-04-10,6.2,Electronics
CUST00141,2024-10-24,88.59,Travel
CUST00141,2022-10-22,38.15,Electronics
CUST00141,2024-01-03,103.03,Dining
CUST00141,2023-05-22,41.96,Clothing
CUST00141,2022-12-22,43.12,Electronics
CUST00141,2021-06-23,95.96,Dining
CUST00141,2022-11-10,216.07,Electronics
CUST00141,2021-12-27,127.82,Grocery
CUST00141,2022-12-11,23.41,Grocery
CUST00141,2024-07-03,37.03,Dining
CUST00141,2024-06-03,25.79,Grocery
CUST00141,2022-07-09,49.0,Travel
CUST00141,2022-08-09,56.05,Electronics
CUST00141,2022-08-30,89.74,Dining
CUST00141,2020-11-18,38.66,Electronics
CUST00141,2022-09-29,35.49,Electronics
CUST00141,2021-04-17,14.88,Clothing
CUST00141,2021-09-03,12.79,Grocery
CUST00141,2022-04-19,23.29,Grocery
CUST00141,2025-02-09,28.31,Dining
CUST00141,2023-03-18,34.28,Dining
CUST00141,2021-05-15,16.17,Grocery
CUST00141,2024-04-28,118.86,Clothing
CUST00141,2022-02-28,97.15,Grocery
CUST00141,2021-08-19,21.58,Electronics
CUST00141,2024-04-05,81.44,Clothing
CUST00141,2024-05-08,55.32,Electronics
CUST00141,2021-09-23,124.49,Clothing
CUST00141,2022-12-05,143.58,Electronics
CUST00141,2023-04-07,228.45,Grocery
CUST00141,2025-03-20,65.72,Dining
CUST00141,2023-11-04,58.67,Clothing
CUST00141,2024-03-18,24.36,Electronics
CUST00141,2023-07-01,17.72,Travel
CUST00141,2025-04-29,95.31,Grocery
CUST00141,2022-11-27,89.82,Grocery
CUST00141,2025-03-21,248.89,Grocery
CUST00141,2022-09-07,25.55,Travel
CUST00141,2022-01-23,82.05,Electronics
CUST00141,2024-07-26,33.17,Grocery
CUST00141,2025-07-26,57.47,Dining
CUST00141,2020-10-24,101.29,Grocery
CUST00141,2022-02-09,64.82,Clothing
CUST00141,2025-05-03,136.19,Travel
CUST00141,2021-05-22,17.89,Grocery
CUST00141,2023-02-03,162.89,Electronics
CUST00141,2025-05-26,65.67,Electronics
CUST00142,2024-12-19,86.31,Electronics
CUST00142,2023-09-15,86.01,Grocery
CUST00142,2023-08-06,163.64,Dining
CUST00142,2025-05-12,86.2,Travel
CUST00142,2024-01-24,45.62,Electronics
CUST00142,2023-09-12,64.1,Electronics
CUST00142,2024-08-31,78.92,Electronics
CUST00142,2023-10-11,16.46,Dining
CUST00142,2024-05-05,112.3,Grocery
CUST00142,2025-03-21,78.39,Travel
CUST00142,2024-07-20,151.57,Clothing
CUST00142,2025-06-17,114.79,Dining
CUST00142,2025-04-28,39.26,Travel
CUST00142,2024-09-28,35.47,Travel
CUST00142,2024-08-24,119.09,Dining
CUST00142,2022-08-04,156.6,Electronics
CUST00142,2024-02-10,99.99,Electronics
CUST00142,2022-10-16,93.09,Dining
CUST00142,2023-11-30,21.57,Clothing
CUST00142,2025-04-05,219.82,Travel
CUST00142,2022-12-28,34.71,Electronics
CUST00142,2024-07-14,151.22,Electronics
CUST00142,2023-12-25,24.25,Electronics
CUST00142,2022-12-16,46.81,Dining
CUST00142,2022-10-04,36.91,Clothing
CUST00142,2025-02-27,247.59,Electronics
CUST00142,2024-08-04,48.6,Clothing
CUST00142,2022-11-06,48.26,Travel
CUST00142,2023-04-20,17.7,Dining
CUST00142,2024-03-18,28.06,Clothing
CUST00142,2022-09-12,41.99,Clothing
CUST00142,2023-02-17,65.41,Electronics
CUST00142,2022-12-21,55.54,Dining
CUST00142,2023-11-15,36.33,Travel
CUST00142,2023-03-05,53.11,Travel
CUST00142,2025-03-21,88.16,Dining
CUST00142,2023-01-23,221.84,Clothing
CUST00142,2022-09-23,15.5,Grocery
CUST00142,2024-12-26,13.42,Dining
CUST00142,2022-09-19,16.48,Clothing
CUST00142,2023-03-13,172.92,Travel
CUST00142,2023-09-22,23.92,Grocery
CUST00142,2024-10-07,54.3,Grocery
CUST00142,2023-11-10,31.88,Electronics
CUST00142,2024-04-21,54.71,Grocery
CUST00142,2022-12-13,96.8,Dining
CUST00142,2023-04-25,23.81,Electronics
CUST00142,2022-08-04,36.51,Clothing
CUST00142,2025-06-30,24.47,Clothing
CUST00142,2024-10-01,231.25,Clothing
CUST00142,2025-03-06,36.13,Electronics
CUST00142,2023-05-29,43.23,Clothing
CUST00142,2024-03-25,24.18,Dining
CUST00142,2025-01-21,66.0,Travel
CUST00142,2024-03-15,158.78,Grocery
CUST00142,2023-03-25,11.28,Travel
CUST00142,2025-01-03,83.7,Clothing
CUST00142,2024-04-03,147.25,Grocery
CUST00142,2025-03-12,34.32,Clothing
CUST00142,2025-04-09,169.44,Dining
CUST00142,2024-05-18,42.87,Grocery
CUST00142,2023-12-26,25.5,Electronics
CUST00142,2023-12-18,170.78,Dining
CUST00142,2022-07-27,6.72,Grocery
CUST00142,2024-05-15,90.87,Grocery
CUST00142,2025-05-26,141.38,Clothing
CUST00142,2024-12-27,366.05,Clothing
CUST00142,2024-07-13,82.85,Grocery
CUST00142,2025-06-05,54.28,Grocery
CUST00142,2023-06-06,174.87,Electronics
CUST00142,2024-04-25,68.09,Dining
CUST00142,2025-03-20,41.71,Grocery
CUST00142,2025-06-10,7.77,Travel
CUST00142,2024-04-28,19.5,Grocery
CUST00142,2023-02-25,66.62,Electronics
CUST00142,2024-10-07,7.23,Clothing
CUST00142,2023-07-01,70.27,Grocery
CUST00142,2023-04-30,360.82,Dining
CUST00142,2024-11-21,219.6,Electronics
CUST00142,2024-06-01,91.6,Electronics
CUST00142,2024-09-19,69.95,Travel
CUST00142,2024-07-20,273.5,Dining
CUST00142,2024-11-18,11.24,Clothing
CUST00142,2022-11-18,9.06,Dining
CUST00142,2022-09-16,29.36,Travel
CUST00142,2024-12-08,103.17,Clothing
CUST00142,2024-07-31,165.57,Grocery
CUST00142,2022-09-30,14.49,Clothing
CUST00142,2023-03-09,16.32,Travel
CUST00142,2023-07-11,12.14,Electronics
CUST00142,2024-09-11,13.16,Travel
CUST00142,2025-01-07,117.97,Clothing
CUST00142,2024-02-07,120.4,Clothing
CUST00142,2024-10-11,17.06,Clothing
CUST00142,2022-11-02,33.29,Grocery
CUST00142,2024-09-22,25.96,Clothing
CUST00142,2023-05-13,116.52,Electronics
CUST00142,2025-02-11,42.71,Electronics
CUST00142,2024-09-08,123.06,Dining
CUST00142,2023-09-21,76.67,Travel
CUST00142,2023-12-25,6.29,Travel
CUST00142,2024-04-23,114.08,Grocery
CUST00142,2025-04-16,101.05,Grocery
CUST00142,2024-03-23,138.51,Travel
CUST00142,2023-01-31,35.42,Travel
CUST00142,2024-03-18,49.24,Travel
CUST00142,2023-02-15,62.21,Electronics
CUST00142,2025-03-28,67.95,Travel
CUST00142,2022-08-11,61.92,Dining
CUST00143,2023-08-29,195.06,Electronics
CUST00143,2024-02-07,53.02,Electronics
CUST00143,2024-03-31,384.26,Travel
CUST00143,2025-07-26,63.36,Grocery
CUST00143,2024-12-18,98.73,Electronics
CUST00143,2024-04-10,102.64,Electronics
CUST00143,2023-11-21,37.76,Electronics
CUST00143,2025-01-12,91.24,Clothing
CUST00143,2024-06-04,138.99,Clothing
CUST00143,2024-05-31,7.09,Electronics
CUST00143,2024-05-22,103.4,Travel
CUST00143,2024-05-14,28.05,Dining
CUST00143,2025-07-05,168.18,Grocery
CUST00143,2024-03-09,7.49,Clothing
CUST00143,2025-04-12,225.98,Clothing
CUST00143,2025-06-11,359.01,Travel
CUST00143,2023-11-29,59.02,Grocery
CUST00143,2024-06-24,34.86,Travel
CUST00143,2024-05-12,82.98,Dining
CUST00143,2024-11-28,116.36,Travel
CUST00143,2024-06-20,69.43,Electronics
CUST00143,2024-06-04,161.11,Travel
CUST00143,2024-07-23,335.07,Travel
CUST00143,2024-09-18,15.51,Grocery
CUST00143,2024-08-03,105.44,Travel
CUST00143,2025-03-27,40.8,Clothing
CUST00143,2024-08-24,237.8,Clothing
CUST00143,2024-04-09,225.84,Clothing
CUST00143,2023-08-22,76.3,Travel
CUST00143,2025-03-07,5.3,Travel
CUST00143,2024-11-17,140.7,Dining
CUST00143,2025-02-02,10.81,Grocery
CUST00143,2024-08-06,74.66,Travel
CUST00143,2025-02-13,92.46,Travel
CUST00143,2025-05-07,84.13,Electronics
CUST00143,2024-01-16,128.3,Travel
CUST00143,2024-08-18,52.76,Grocery
CUST00143,2024-11-09,27.47,Clothing
CUST00143,2025-02-09,82.79,Grocery
CUST00143,2025-01-09,222.45,Electronics
CUST00143,2025-01-16,71.45,Dining
CUST00143,2025-05-15,9.98,Electronics
CUST00143,2024-07-22,66.16,Clothing
CUST00143,2024-04-16,91.26,Grocery
CUST00143,2025-07-17,26.01,Clothing
CUST00143,2025-04-13,50.82,Dining
CUST00143,2024-01-21,80.56,Grocery
CUST00143,2024-10-10,120.72,Travel
CUST00143,2024-01-14,99.99,Electronics
CUST00143,2025-04-14,71.34,Travel
CUST00143,2025-07-10,41.25,Dining
CUST00143,2023-11-08,472.79,Dining
CUST00143,2024-04-23,79.33,Grocery
CUST00143,2024-08-26,53.84,Travel
CUST00143,2025-06-30,150.22,Travel
CUST00143,2025-02-12,99.43,Grocery
CUST00143,2023-09-15,243.77,Travel
CUST00143,2024-07-28,41.91,Grocery
CUST00143,2024-09-29,14.9,Clothing
CUST00143,2025-05-18,45.46,Dining
CUST00143,2025-07-18,49.11,Travel
CUST00143,2023-11-19,154.74,Travel
CUST00143,2024-12-06,138.12,Travel
CUST00143,2025-01-09,5.33,Dining
CUST00143,2023-12-08,25.21,Travel
CUST00143,2023-11-07,45.55,Dining
CUST00143,2024-07-11,60.91,Electronics
CUST00143,2024-02-07,62.76,Clothing
CUST00143,2025-06-17,30.53,Travel
CUST00143,2023-09-13,107.04,Electronics
CUST00143,2025-04-17,6.34,Electronics
CUST00143,2024-07-05,44.12,Dining
CUST00143,2023-08-19,6.77,Travel
CUST00143,2025-05-05,47.6,Dining
CUST00143,2024-02-22,264.96,Travel
CUST00143,2025-08-01,92.8,Grocery
CUST00143,2025-07-17,68.7,Clothing
CUST00143,2024-07-26,89.18,Electronics
CUST00143,2024-11-19,28.85,Grocery
CUST00143,2025-03-23,132.68,Clothing
CUST00143,2025-04-30,151.77,Dining
CUST00143,2023-09-16,69.37,Electronics
CUST00143,2025-06-04,126.36,Grocery
CUST00143,2024-05-15,6.51,Dining
CUST00143,2024-04-24,59.53,Dining
CUST00143,2025-03-23,110.45,Travel
CUST00143,2025-04-15,120.4,Dining
CUST00143,2024-01-23,182.95,Travel
CUST00143,2025-06-30,50.34,Clothing
CUST00143,2024-09-25,36.77,Travel
CUST00143,2025-07-21,12.16,Clothing
CUST00143,2024-07-10,40.21,Grocery
CUST00143,2024-02-16,249.94,Dining
CUST00143,2024-07-29,25.27,Travel
CUST00143,2024-07-24,87.93,Electronics
CUST00143,2023-10-16,42.28,Electronics
CUST00143,2024-08-25,105.81,Travel
CUST00143,2024-03-01,368.4,Clothing
CUST00143,2023-09-25,90.71,Travel
CUST00143,2023-10-12,14.55,Grocery
CUST00143,2024-05-26,33.66,Dining
CUST00143,2023-12-25,66.85,Grocery
CUST00143,2024-12-24,120.65,Clothing
CUST00143,2025-03-28,123.83,Clothing
CUST00144,2024-12-29,85.59,Travel
CUST00144,2024-05-25,122.02,Dining
CUST00144,2024-11-05,76.86,Electronics
CUST00144,2025-03-05,160.4,Grocery
CUST00144,2024-10-06,25.89,Travel
CUST00144,2025-04-30,301.96,Grocery
CUST00144,2024-11-12,172.39,Grocery
CUST00144,2025-05-08,14.73,Clothing
CUST00144,2024-09-09,97.93,Grocery
CUST00144,2024-09-25,206.57,Grocery
CUST00144,2024-11-20,12.26,Grocery
CUST00144,2024-10-14,119.86,Grocery
CUST00144,2025-06-30,22.54,Clothing
CUST00144,2024-08-16,6.99,Dining
CUST00144,2024-04-30,74.22,Clothing
CUST00144,2025-06-02,73.87,Grocery
CUST00144,2025-01-24,23.41,Electronics
CUST00144,2024-12-01,251.69,Grocery
CUST00144,2024-09-16,56.27,Grocery
CUST00144,2025-04-24,142.97,Travel
CUST00144,2025-02-22,36.95,Clothing
CUST00144,2025-04-15,166.77,Dining
CUST00144,2025-05-21,24.86,Electronics
CUST00144,2024-02-23,17.46,Dining
CUST00144,2024-09-07,35.7,Clothing
CUST00144,2024-09-11,18.72,Dining
CUST00144,2024-04-03,51.69,Electronics
CUST00144,2024-03-16,72.81,Grocery
CUST00144,2024-07-21,81.27,Grocery
CUST00144,2025-06-26,271.42,Grocery
CUST00144,2025-07-26,392.55,Grocery
CUST00144,2024-04-18,70.91,Grocery
CUST00144,2025-01-25,64.01,Travel
CUST00144,2025-03-09,237.59,Travel
CUST00144,2025-04-14,7.03,Travel
CUST00144,2024-11-17,107.28,Clothing
CUST00144,2024-04-24,116.88,Dining
CUST00144,2025-04-05,41.68,Clothing
CUST00144,2024-04-01,57.47,Dining
CUST00144,2024-10-21,33.53,Grocery
CUST00144,2025-07-17,151.36,Dining
CUST00144,2024-03-14,33.63,Clothing
CUST00144,2024-07-18,166.45,Dining
CUST00144,2024-04-05,57.52,Clothing
CUST00144,2025-03-18,48.56,Travel
CUST00144,2025-05-21,43.48,Travel
CUST00144,2025-02-11,12.99,Electronics
CUST00144,2024-07-14,44.67,Clothing
CUST00144,2025-01-05,14.23,Electronics
CUST00144,2024-08-24,12.63,Clothing
CUST00144,2024-07-08,286.98,Electronics
CUST00144,2024-07-15,82.62,Grocery
CUST00144,2024-06-11,16.12,Electronics
CUST00144,2024-06-02,128.13,Dining
CUST00144,2025-05-09,31.6,Travel
CUST00144,2025-05-07,160.13,Grocery
CUST00144,2024-12-17,18.39,Dining
CUST00144,2024-06-08,21.04,Travel
CUST00144,2025-03-23,8.58,Electronics
CUST00144,2024-07-22,20.8,Grocery
CUST00144,2024-10-19,48.17,Dining
CUST00144,2025-06-30,22.02,Travel
CUST00144,2024-09-14,21.6,Dining
CUST00144,2024-06-25,140.44,Travel
CUST00144,2024-05-15,180.38,Dining
CUST00144,2024-06-25,83.2,Travel
CUST00144,2025-02-18,45.09,Electronics
CUST00144,2025-03-12,26.54,Electronics
CUST00144,2025-02-08,45.98,Grocery
CUST00144,2025-07-14,157.41,Dining
CUST00144,2024-10-09,27.82,Clothing
CUST00144,2024-11-01,17.53,Clothing
CUST00144,2025-01-12,126.77,Dining
CUST00144,2025-04-16,54.21,Dining
CUST00144,2025-02-08,7.16,Clothing
CUST00144,2024-12-30,18.22,Dining
CUST00144,2025-06-12,87.37,Travel
CUST00144,2025-06-19,8.38,Travel
CUST00144,2024-09-04,31.49,Travel
CUST00144,2024-08-05,229.6,Travel
CUST00144,2024-10-31,100.77,Electronics
CUST00144,2024-11-02,128.89,Clothing
CUST00144,2025-07-21,66.47,Travel
CUST00144,2024-07-07,39.88,Clothing
CUST00144,2024-12-13,74.84,Travel
CUST00144,2024-07-16,92.89,Electronics
CUST00144,2025-02-28,59.09,Grocery
CUST00144,2024-07-09,14.43,Clothing
CUST00144,2024-03-31,30.4,Grocery
CUST00144,2024-07-31,12.19,Clothing
CUST00144,2024-05-20,84.92,Travel
CUST00144,2025-07-25,121.91,Dining
CUST00144,2024-07-02,281.08,Clothing
CUST00144,2024-06-01,15.34,Grocery
CUST00144,2024-08-17,91.07,Grocery
CUST00144,2024-05-28,8.71,Travel
CUST00145,2025-03-22,97.74,Travel
CUST00145,2025-06-01,10.02,Travel
CUST00145,2025-07-18,79.2,Dining
CUST00145,2025-05-26,15.94,Dining
CUST00145,2025-02-11,125.4,Dining
CUST00145,2025-01-21,8.54,Travel
CUST00145,2025-02-23,34.83,Clothing
CUST00145,2025-01-30,60.77,Dining
CUST00145,2025-03-08,154.74,Dining
CUST00145,2025-02-19,97.36,Dining
CUST00145,2025-03-26,29.92,Clothing
CUST00145,2025-03-05,35.93,Grocery
CUST00145,2025-06-30,137.24,Clothing
CUST00145,2025-01-17,63.14,Dining
CUST00145,2025-01-15,116.18,Clothing
CUST00145,2025-01-19,49.97,Electronics
CUST00145,2025-03-25,144.51,Clothing
CUST00145,2025-07-26,20.3,Clothing
CUST00145,2025-05-04,48.56,Electronics
CUST00145,2025-01-19,13.2,Travel
CUST00145,2025-06-16,195.29,Travel
CUST00145,2025-01-18,55.37,Grocery
CUST00145,2025-08-01,24.32,Dining
CUST00145,2025-05-19,29.85,Electronics
CUST00145,2025-01-30,240.79,Dining
CUST00145,2025-03-09,68.42,Travel
CUST00145,2025-06-05,139.78,Electronics
CUST00145,2025-07-17,19.19,Clothing
CUST00145,2025-07-27,17.15,Clothing
CUST00145,2025-02-21,34.89,Grocery
CUST00145,2025-05-19,117.13,Clothing
CUST00145,2025-07-12,25.04,Grocery
CUST00145,2025-06-28,150.34,Clothing
CUST00145,2025-05-16,32.44,Travel
CUST00145,2025-03-21,71.36,Clothing
CUST00145,2025-07-04,449.41,Dining
CUST00145,2025-03-03,158.99,Dining
CUST00145,2025-06-11,45.45,Grocery
CUST00145,2025-01-13,107.51,Clothing
CUST00145,2025-03-07,168.37,Grocery
CUST00145,2025-06-10,72.46,Travel
CUST00145,2025-05-29,428.71,Clothing
CUST00145,2025-05-05,55.48,Electronics
CUST00145,2025-03-24,51.35,Clothing
CUST00145,2025-05-24,78.7,Electronics
CUST00145,2025-06-16,13.9,Electronics
CUST00145,2025-04-27,98.07,Grocery
CUST00145,2025-03-02,14.02,Grocery
CUST00145,2025-01-29,66.32,Electronics
CUST00145,2025-07-04,121.8,Clothing
CUST00145,2025-04-08,6.41,Travel
CUST00145,2025-04-01,26.63,Clothing
CUST00145,2025-03-15,118.29,Travel
CUST00145,2025-02-24,35.55,Grocery
CUST00145,2025-05-14,12.62,Travel
CUST00145,2025-06-12,79.4,Clothing
CUST00145,2025-02-13,73.41,Travel
CUST00145,2025-03-04,45.31,Dining
CUST00145,2025-07-18,89.2,Clothing
CUST00145,2025-04-15,12.2,Electronics
CUST00145,2025-06-28,46.36,Clothing
CUST00145,2025-06-20,249.0,Travel
CUST00145,2025-01-27,312.23,Electronics
CUST00145,2025-08-01,107.73,Clothing
CUST00145,2025-02-07,51.5,Travel
CUST00145,2025-03-04,19.88,Travel
CUST00145,2025-04-02,11.16,Grocery
CUST00145,2025-04-28,151.86,Electronics
CUST00145,2025-02-23,168.91,Dining
CUST00145,2025-07-20,12.43,Dining
CUST00145,2025-06-23,15.8,Clothing
CUST00145,2025-05-12,157.67,Grocery
CUST00145,2025-01-29,26.08,Travel
CUST00145,2025-03-18,44.49,Grocery
CUST00145,2025-07-16,97.12,Electronics
CUST00145,2025-05-02,102.32,Electronics
CUST00145,2025-05-31,14.44,Travel
CUST00145,2025-06-15,37.7,Electronics
CUST00145,2025-05-01,142.31,Dining
CUST00145,2025-05-17,64.69,Clothing
CUST00145,2025-05-24,64.15,Electronics
CUST00145,2025-07-10,68.35,Travel
CUST00145,2025-03-04,74.36,Grocery
CUST00145,2025-07-31,218.02,Electronics
CUST00145,2025-05-04,46.91,Grocery
CUST00145,2025-06-01,32.38,Clothing
CUST00145,2025-01-21,40.19,Clothing
CUST00145,2025-07-05,137.39,Grocery
CUST00145,2025-06-16,146.97,Electronics
CUST00145,2025-06-04,25.31,Grocery
CUST00145,2025-07-07,27.75,Clothing
CUST00145,2025-04-04,18.68,Clothing
CUST00145,2025-07-10,62.3,Dining
CUST00145,2025-03-19,14.96,Electronics
CUST00145,2025-01-21,22.71,Travel
CUST00145,2025-03-20,91.98,Clothing
CUST00146,2024-04-20,137.83,Grocery
CUST00146,2024-08-29,20.26,Clothing
CUST00146,2024-08-21,161.48,Dining
CUST00146,2024-08-20,49.83,Travel
CUST00146,2024-02-06,69.7,Travel
CUST00146,2024-01-31,5.23,Travel
CUST00146,2024-07-03,40.51,Dining
CUST00146,2023-10-18,92.72,Dining
CUST00146,2024-12-14,67.0,Grocery
CUST00146,2024-05-03,25.07,Clothing
CUST00146,2024-07-08,84.44,Grocery
CUST00146,2023-12-27,29.16,Travel
CUST00146,2024-11-24,20.2,Electronics
CUST00146,2023-07-26,22.49,Grocery
CUST00146,2024-04-09,74.23,Electronics
CUST00146,2024-06-21,80.77,Travel
CUST00146,2025-01-04,18.13,Dining
CUST00146,2024-09-10,27.38,Electronics
CUST00146,2024-07-06,45.86,Grocery
CUST00146,2024-08-02,6.87,Grocery
CUST00146,2023-11-24,34.36,Clothing
CUST00146,2024-09-13,51.06,Clothing
CUST00146,2024-01-06,114.9,Travel
CUST00146,2023-11-08,16.15,Clothing
CUST00146,2024-07-07,15.84,Electronics
CUST00146,2024-01-01,207.62,Grocery
CUST00146,2023-09-30,37.34,Travel
CUST00146,2025-03-08,97.64,Dining
CUST00146,2023-08-18,34.04,Grocery
CUST00146,2024-03-15,54.11,Travel
CUST00146,2024-01-06,8.39,Travel
CUST00146,2025-02-06,14.58,Dining
CUST00146,2025-03-24,187.38,Grocery
CUST00146,2025-01-16,51.99,Clothing
CUST00146,2024-04-17,88.69,Electronics
CUST00146,2024-12-12,16.47,Clothing
CUST00146,2024-04-24,320.05,Travel
CUST00146,2024-03-12,112.83,Electronics
CUST00146,2023-08-23,98.92,Clothing
CUST00146,2023-12-08,219.0,Travel
CUST00146,2024-01-23,60.77,Electronics
CUST00146,2023-06-25,13.77,Electronics
CUST00146,2025-06-14,14.98,Dining
CUST00146,2024-10-15,36.54,Clothing
CUST00146,2025-06-06,276.67,Grocery
CUST00146,2024-02-07,29.1,Clothing
CUST00146,2025-01-08,335.17,Travel
CUST00146,2024-08-06,18.78,Travel
CUST00146,2024-03-17,82.03,Clothing
CUST00146,2024-09-10,15.42,Grocery
CUST00146,2024-02-10,74.21,Dining
CUST00146,2024-08-08,73.55,Electronics
CUST00146,2024-07-07,26.49,Dining
CUST00146,2023-08-08,107.25,Dining
CUST00146,2025-05-16,93.04,Grocery
CUST00146,2024-05-04,144.26,Clothing
CUST00146,2025-01-05,53.87,Travel
CUST00146,2025-04-20,205.12,Electronics
CUST00146,2024-12-05,122.3,Dining
CUST00146,2025-02-26,46.34,Dining
CUST00146,2025-04-12,8.73,Grocery
CUST00146,2024-09-21,66.04,Clothing
CUST00146,2023-10-25,103.39,Grocery
CUST00146,2023-07-28,13.58,Travel
CUST00146,2025-06-28,13.32,Grocery
CUST00146,2025-03-01,43.27,Travel
CUST00146,2024-09-07,104.99,Dining
CUST00146,2023-11-06,53.91,Clothing
CUST00146,2024-07-20,72.12,Travel
CUST00146,2024-12-12,56.52,Electronics
CUST00146,2025-03-16,6.75,Clothing
CUST00146,2025-05-26,37.68,Grocery
CUST00146,2024-01-11,24.3,Dining
CUST00146,2024-03-30,152.42,Travel
CUST00146,2025-02-03,280.18,Travel
CUST00146,2023-09-10,56.19,Travel
CUST00146,2023-10-02,67.66,Clothing
CUST00146,2024-08-04,33.4,Travel
CUST00146,2025-05-02,32.25,Clothing
CUST00146,2024-09-09,98.48,Grocery
CUST00146,2023-11-09,40.92,Electronics
CUST00146,2024-02-13,108.7,Grocery
CUST00146,2024-01-09,102.69,Travel
CUST00146,2025-03-06,23.81,Travel
CUST00146,2024-03-14,191.53,Clothing
CUST00146,2023-10-29,6.53,Clothing
CUST00146,2024-06-13,190.36,Electronics
CUST00146,2024-04-28,52.82,Dining
CUST00146,2025-05-27,81.53,Grocery
CUST00146,2023-09-18,152.38,Clothing
CUST00146,2023-08-28,20.34,Travel
CUST00146,2024-09-27,9.69,Grocery
CUST00146,2023-06-17,68.7,Travel
CUST00146,2024-07-28,97.32,Grocery
CUST00146,2024-04-27,62.52,Electronics
CUST00146,2025-06-22,12.1,Electronics
CUST00146,2024-12-30,57.16,Grocery
CUST00146,2024-12-31,239.73,Travel
CUST00146,2024-10-17,12.78,Grocery
CUST00146,2025-06-24,37.24,Clothing
CUST00147,2022-09-06,57.88,Electronics
CUST00147,2025-07-28,34.27,Electronics
CUST00147,2023-06-29,64.78,Clothing
CUST00147,2025-01-04,9.19,Grocery
CUST00147,2024-09-10,86.68,Electronics
CUST00147,2025-07-20,11.68,Electronics
CUST00147,2024-08-07,64.06,Dining
CUST00147,2024-06-28,29.96,Grocery
CUST00147,2024-10-16,84.34,Dining
CUST00147,2023-02-16,71.42,Clothing
CUST00147,2024-10-02,28.67,Electronics
CUST00147,2023-03-26,28.73,Clothing
CUST00147,2024-05-07,33.57,Electronics
CUST00147,2022-07-26,33.14,Clothing
CUST00147,2025-07-24,44.03,Electronics
CUST00147,2024-03-19,9.93,Clothing
CUST00147,2023-09-17,132.91,Dining
CUST00147,2024-10-06,5.55,Travel
CUST00147,2023-12-24,13.64,Grocery
CUST00147,2022-12-23,25.26,Clothing
CUST00147,2025-04-17,49.48,Electronics
CUST00147,2022-09-07,87.6,Dining
CUST00147,2023-06-17,184.97,Electronics
CUST00147,2023-07-01,24.53,Grocery
CUST00147,2024-10-03,100.18,Clothing
CUST00147,2023-12-23,60.4,Travel
CUST00147,2022-08-03,131.98,Electronics
CUST00147,2025-07-28,11.44,Dining
CUST00147,2023-06-12,93.95,Electronics
CUST00147,2024-06-10,33.36,Travel
CUST00147,2024-09-02,58.42,Electronics
CUST00147,2024-10-20,53.23,Electronics
CUST00147,2025-05-27,75.86,Electronics
CUST00147,2022-12-07,17.0,Travel
CUST00147,2023-07-24,9.63,Dining
CUST00147,2023-11-17,13.08,Clothing
CUST00147,2022-08-14,69.32,Travel
CUST00147,2024-01-24,11.26,Grocery
CUST00147,2025-07-13,11.17,Clothing
CUST00147,2024-05-04,15.27,Dining
CUST00147,2023-05-26,57.74,Electronics
CUST00147,2025-03-14,50.12,Clothing
CUST00147,2025-06-20,27.07,Travel
CUST00147,2022-09-28,5.6,Dining
CUST00147,2025-07-20,6.03,Electronics
CUST00147,2024-12-09,8.51,Clothing
CUST00147,2024-12-04,134.64,Electronics
CUST00147,2024-09-15,99.83,Grocery
CUST00147,2023-07-04,111.94,Electronics
CUST00147,2024-04-21,16.55,Grocery
CUST00147,2023-03-06,287.14,Electronics
CUST00147,2022-09-19,50.38,Travel
CUST00147,2024-03-21,7.48,Grocery
CUST00147,2025-03-11,76.8,Dining
CUST00147,2024-11-25,17.49,Dining
CUST00147,2023-07-25,63.87,Dining
CUST00147,2023-05-04,257.29,Grocery
CUST00147,2023-03-28,35.66,Dining
CUST00147,2024-05-12,10.8,Travel
CUST00147,2023-11-13,51.43,Grocery
CUST00147,2023-10-30,102.73,Electronics
CUST00147,2023-11-25,35.66,Dining
CUST00147,2023-01-03,27.49,Grocery
CUST00147,2022-10-23,12.6,Electronics
CUST00147,2023-01-05,21.55,Dining
CUST00147,2022-08-12,239.07,Electronics
CUST00147,2025-05-06,113.98,Electronics
CUST00147,2023-11-26,36.1,Electronics
CUST00147,2025-03-31,77.64,Dining
CUST00147,2023-02-22,26.81,Grocery
CUST00147,2022-11-20,45.26,Clothing
CUST00147,2024-02-06,53.81,Electronics
CUST00147,2024-02-19,56.33,Clothing
CUST00147,2023-07-02,25.06,Grocery
CUST00147,2024-03-08,59.0,Clothing
CUST00147,2023-06-09,44.76,Travel
CUST00147,2024-03-17,90.43,Clothing
CUST00147,2025-04-22,11.01,Dining
CUST00147,2024-03-11,145.99,Grocery
CUST00147,2024-10-19,220.86,Clothing
CUST00147,2024-06-26,81.94,Travel
CUST00147,2025-01-01,27.92,Clothing
CUST00147,2022-12-08,34.94,Grocery
CUST00147,2023-07-06,116.67,Electronics
CUST00147,2025-03-01,185.74,Grocery
CUST00147,2022-08-28,122.37,Travel
CUST00147,2022-11-24,175.62,Grocery
CUST00147,2025-02-01,55.73,Grocery
CUST00147,2024-09-30,140.47,Clothing
CUST00147,2022-10-20,135.87,Grocery
CUST00147,2022-09-04,39.44,Travel
CUST00147,2025-07-06,75.51,Dining
CUST00147,2025-06-02,108.5,Travel
CUST00147,2024-09-10,48.32,Dining
CUST00147,2022-07-24,63.04,Clothing
CUST00147,2023-08-26,56.6,Electronics
CUST00147,2024-03-07,72.52,Travel
CUST00148,2024-04-09,111.43,Electronics
CUST00148,2024-11-20,138.99,Grocery
CUST00148,2024-12-29,64.19,Clothing
CUST00148,2022-12-17,84.17,Travel
CUST00148,2023-02-17,144.58,Travel
CUST00148,2025-06-07,118.23,Dining
CUST00148,2022-09-17,183.58,Grocery
CUST00148,2023-08-19,149.63,Grocery
CUST00148,2024-09-08,10.01,Clothing
CUST00148,2024-11-12,60.12,Grocery
CUST00148,2023-12-25,21.1,Clothing
CUST00148,2025-04-19,187.16,Dining
CUST00148,2024-09-21,345.75,Travel
CUST00148,2025-07-20,89.28,Clothing
CUST00148,2023-11-06,364.67,Grocery
CUST00148,2023-09-23,169.21,Travel
CUST00148,2023-06-13,27.96,Electronics
CUST00148,2023-02-06,34.57,Electronics
CUST00148,2024-01-24,42.46,Travel
CUST00148,2022-10-27,429.63,Electronics
CUST00148,2023-05-09,81.99,Electronics
CUST00148,2024-12-11,13.35,Dining
CUST00148,2024-08-28,7.79,Dining
CUST00148,2023-09-09,51.89,Travel
CUST00148,2024-08-03,178.47,Clothing
CUST00148,2022-08-27,14.87,Travel
CUST00148,2025-02-14,74.44,Dining
CUST00148,2025-03-31,132.89,Grocery
CUST00148,2025-03-04,26.14,Grocery
CUST00148,2023-11-29,135.44,Electronics
CUST00148,2025-05-06,47.36,Clothing
CUST00148,2024-02-27,276.37,Travel
CUST00148,2023-12-07,28.54,Travel
CUST00148,2023-06-07,76.7,Travel
CUST00148,2023-03-12,37.8,Travel
CUST00148,2023-07-04,26.21,Travel
CUST00148,2023-11-08,85.87,Clothing
CUST00148,2024-09-14,164.53,Travel
CUST00148,2024-06-12,55.83,Electronics
CUST00148,2022-07-17,67.56,Electronics
CUST00148,2024-10-23,5.12,Travel
CUST00148,2023-07-31,18.41,Clothing
CUST00148,2024-01-27,32.66,Grocery
CUST00148,2024-09-09,50.05,Electronics
CUST00148,2023-01-30,104.92,Grocery
CUST00148,2022-07-12,69.08,Electronics
CUST00148,2024-01-19,199.59,Electronics
CUST00148,2023-09-07,13.3,Dining
CUST00148,2024-05-05,39.1,Clothing
CUST00148,2024-10-22,84.99,Grocery
CUST00148,2023-04-11,71.64,Grocery
CUST00148,2023-01-17,76.06,Clothing
CUST00148,2023-09-16,49.17,Grocery
CUST00148,2024-07-28,49.8,Dining
CUST00148,2024-09-01,208.97,Travel
CUST00148,2024-06-23,18.85,Dining
CUST00148,2022-09-15,142.87,Electronics
CUST00148,2022-08-09,70.56,Dining
CUST00148,2023-07-10,57.97,Dining
CUST00148,2022-09-09,51.7,Grocery
CUST00148,2025-05-13,44.05,Travel
CUST00148,2023-09-10,5.29,Clothing
CUST00148,2023-06-02,15.74,Dining
CUST00148,2023-09-10,186.12,Clothing
CUST00148,2025-04-07,126.83,Grocery
CUST00148,2023-04-30,112.75,Travel
CUST00148,2024-07-30,55.21,Dining
CUST00148,2023-05-16,105.42,Dining
CUST00148,2024-10-05,200.77,Travel
CUST00148,2023-11-15,23.23,Dining
CUST00148,2024-07-03,14.19,Clothing
CUST00148,2025-03-02,115.49,Clothing
CUST00148,2024-02-18,47.2,Grocery
CUST00148,2024-09-14,161.73,Dining
CUST00148,2024-03-15,74.8,Travel
CUST00148,2025-04-27,117.92,Dining
CUST00148,2023-12-28,180.76,Travel
CUST00148,2022-09-12,168.39,Grocery
CUST00148,2023-10-20,73.87,Dining
CUST00148,2025-06-12,162.81,Electronics
CUST00148,2023-03-01,45.07,Electronics
CUST00148,2023-11-24,195.56,Dining
CUST00148,2024-09-02,31.87,Travel
CUST00148,2025-06-30,11.11,Clothing
CUST00148,2025-04-17,69.21,Dining
CUST00148,2024-03-23,52.46,Dining
CUST00148,2024-05-20,49.36,Grocery
CUST00148,2023-03-15,47.18,Electronics
CUST00148,2022-11-12,36.52,Travel
CUST00148,2025-04-04,63.3,Grocery
CUST00148,2022-07-17,89.14,Travel
CUST00148,2024-01-02,63.99,Electronics
CUST00148,2023-09-11,43.74,Dining
CUST00148,2023-09-17,20.84,Electronics
CUST00148,2023-08-14,71.92,Travel
CUST00148,2025-07-21,7.37,Clothing
CUST00148,2024-02-26,18.54,Grocery
CUST00148,2022-07-31,10.75,Travel
CUST00148,2022-12-27,65.15,Grocery
CUST00148,2024-08-15,234.67,Dining
CUST00148,2024-08-03,51.24,Grocery
CUST00148,2024-07-25,217.7,Clothing
CUST00148,2022-11-26,93.9,Electronics
CUST00148,2025-02-21,15.29,Travel
CUST00148,2025-01-27,71.39,Clothing
CUST00148,2024-11-18,80.52,Dining
CUST00148,2024-07-13,80.88,Electronics
CUST00148,2023-08-22,34.63,Electronics
CUST00148,2023-01-07,41.81,Clothing
CUST00148,2023-07-17,125.74,Dining
CUST00148,2025-02-06,36.56,Travel
CUST00148,2022-11-24,43.97,Dining
CUST00148,2023-04-06,8.47,Grocery
CUST00148,2023-07-18,130.25,Grocery
CUST00148,2025-04-11,176.63,Electronics
CUST00148,2024-03-25,158.02,Grocery
CUST00148,2024-09-27,114.96,Travel
CUST00148,2025-01-18,105.64,Dining
CUST00148,2024-02-15,121.52,Travel
CUST00149,2025-07-11,13.32,Grocery
CUST00149,2025-06-13,18.93,Grocery
CUST00149,2024-12-31,307.47,Dining
CUST00149,2025-06-16,87.34,Grocery
CUST00149,2025-06-07,47.07,Travel
CUST00149,2025-03-25,103.15,Travel
CUST00149,2025-04-17,20.76,Travel
CUST00149,2025-06-14,29.99,Grocery
CUST00149,2024-12-11,47.58,Electronics
CUST00149,2024-12-25,31.59,Travel
CUST00149,2025-04-28,32.52,Clothing
CUST00149,2025-04-22,69.26,Clothing
CUST00149,2025-01-09,18.68,Travel
CUST00149,2025-07-07,216.39,Grocery
CUST00149,2025-03-22,460.62,Clothing
CUST00149,2025-03-11,92.37,Electronics
CUST00149,2025-05-19,144.65,Electronics
CUST00149,2025-07-31,83.49,Grocery
CUST00149,2025-06-11,9.6,Dining
CUST00149,2025-05-16,23.51,Grocery
CUST00149,2025-03-25,33.89,Electronics
CUST00149,2025-01-22,500.6,Electronics
CUST00149,2025-01-14,43.75,Travel
CUST00149,2025-07-15,181.43,Grocery
CUST00149,2025-04-09,231.97,Travel
CUST00149,2024-12-15,25.62,Electronics
CUST00149,2025-04-20,7.92,Travel
CUST00149,2024-12-14,60.41,Clothing
CUST00149,2025-06-14,18.96,Grocery
CUST00149,2025-02-10,77.25,Electronics
CUST00149,2025-05-26,35.1,Electronics
CUST00149,2025-07-02,24.21,Dining
CUST00149,2025-01-22,53.85,Dining
CUST00149,2025-07-03,341.7,Electronics
CUST00149,2025-07-04,72.72,Grocery
CUST00149,2025-05-08,144.25,Clothing
CUST00149,2025-07-14,99.63,Electronics
CUST00149,2025-05-23,73.01,Grocery
CUST00149,2025-01-05,9.71,Travel
CUST00149,2025-07-22,37.22,Clothing
CUST00149,2025-01-20,43.31,Grocery
CUST00149,2025-07-02,62.67,Clothing
CUST00149,2025-07-21,30.56,Travel
CUST00149,2025-07-24,93.06,Dining
CUST00149,2024-12-21,42.61,Grocery
CUST00149,2025-02-28,194.05,Travel
CUST00149,2025-03-08,11.21,Dining
CUST00149,2025-07-18,124.37,Clothing
CUST00149,2025-04-20,100.75,Dining
CUST00149,2025-01-25,217.5,Grocery
CUST00149,2025-01-10,30.84,Electronics
CUST00149,2024-12-29,61.77,Electronics
CUST00149,2025-06-02,289.15,Grocery
CUST00149,2025-03-30,185.78,Clothing
CUST00149,2025-05-05,83.66,Electronics
CUST00149,2025-01-07,37.33,Electronics
CUST00149,2025-06-11,22.82,Dining
CUST00149,2024-12-25,76.26,Grocery
CUST00149,2025-07-14,21.08,Grocery
CUST00149,2025-04-18,41.91,Electronics
CUST00149,2025-07-16,38.67,Grocery
CUST00149,2025-01-16,11.39,Dining
CUST00149,2025-06-29,67.97,Dining
CUST00149,2025-01-20,79.4,Electronics
CUST00149,2025-02-09,62.8,Clothing
CUST00149,2025-05-25,11.48,Electronics
CUST00149,2025-04-17,90.83,Dining
CUST00149,2025-03-10,177.7,Electronics
CUST00149,2025-07-10,34.0,Grocery
CUST00149,2024-12-14,169.58,Clothing
CUST00149,2025-01-23,56.78,Clothing
CUST00149,2024-12-22,31.22,Electronics
CUST00149,2025-05-07,109.73,Electronics
CUST00149,2025-05-10,13.46,Electronics
CUST00149,2025-05-16,35.98,Dining
CUST00149,2025-05-29,193.82,Electronics
CUST00149,2025-04-24,39.35,Clothing
CUST00149,2025-02-02,31.01,Electronics
CUST00149,2025-01-06,57.18,Grocery
CUST00149,2025-02-28,7.28,Dining
CUST00149,2025-02-13,163.03,Dining
CUST00149,2025-04-20,111.57,Clothing
CUST00149,2024-12-26,32.8,Clothing
CUST00149,2025-07-06,67.57,Clothing
CUST00149,2025-03-24,73.29,Clothing
CUST00149,2025-06-08,224.77,Grocery
CUST00149,2025-07-25,66.5,Travel
CUST00149,2025-01-07,66.84,Travel
CUST00149,2025-06-22,91.66,Electronics
CUST00149,2025-03-18,27.69,Electronics
CUST00149,2025-04-25,27.14,Travel
CUST00149,2025-04-12,73.69,Travel
CUST00149,2024-12-22,35.05,Electronics
CUST00149,2025-05-01,14.67,Grocery
CUST00149,2025-02-02,209.8,Clothing
CUST00149,2025-03-02,54.39,Dining
CUST00149,2025-01-26,13.41,Clothing
CUST00149,2025-08-01,124.1,Dining
CUST00149,2025-06-22,50.23,Dining
CUST00149,2025-04-26,179.32,Dining
CUST00149,2024-12-22,116.83,Electronics
CUST00149,2025-06-01,5.38,Grocery
CUST00149,2025-01-02,71.24,Grocery
CUST00149,2025-07-21,95.86,Electronics
CUST00150,2024-09-06,41.43,Electronics
CUST00150,2025-04-24,108.49,Electronics
CUST00150,2022-12-22,44.63,Dining
CUST00150,2024-08-05,337.03,Dining
CUST00150,2022-07-21,54.3,Electronics
CUST00150,2024-06-11,115.63,Dining
CUST00150,2024-12-15,32.79,Travel
CUST00150,2021-12-01,24.08,Electronics
CUST00150,2022-12-09,62.68,Travel
CUST00150,2025-03-21,115.66,Travel
CUST00150,2024-05-27,209.02,Clothing
CUST00150,2023-12-07,16.61,Grocery
CUST00150,2024-06-15,52.88,Electronics
CUST00150,2023-11-22,53.37,Electronics
CUST00150,2023-08-03,56.4,Travel
CUST00150,2025-05-19,49.98,Travel
CUST00150,2022-12-31,13.62,Electronics
CUST00150,2022-05-04,13.29,Dining
CUST00150,2022-07-20,19.26,Electronics
CUST00150,2025-01-13,51.86,Electronics
CUST00150,2022-02-01,84.28,Electronics
CUST00150,2025-07-15,20.78,Clothing
CUST00150,2024-02-07,77.95,Electronics
CUST00150,2023-09-03,13.91,Clothing
CUST00150,2024-12-01,8.24,Electronics
CUST00150,2022-12-25,106.46,Dining
CUST00150,2024-03-24,36.65,Dining
CUST00150,2024-08-20,162.59,Grocery
CUST00150,2024-08-23,40.88,Dining
CUST00150,2022-08-01,170.33,Electronics
CUST00150,2024-10-27,46.47,Electronics
CUST00150,2023-02-15,25.51,Clothing
CUST00150,2022-08-04,8.16,Travel
CUST00150,2024-12-15,44.68,Travel
CUST00150,2024-08-25,8.15,Clothing
CUST00150,2021-11-18,271.88,Travel
CUST00150,2021-11-03,102.34,Dining
CUST00150,2022-04-03,102.2,Travel
CUST00150,2023-06-14,81.71,Clothing
CUST00150,2023-07-26,105.62,Travel
CUST00150,2024-10-19,193.27,Travel
CUST00150,2023-01-13,81.27,Grocery
CUST00150,2025-06-23,5.43,Dining
CUST00150,2023-10-16,78.88,Clothing
CUST00150,2023-09-17,6.33,Clothing
CUST00150,2025-07-24,17.56,Grocery
CUST00150,2023-10-21,42.78,Clothing
CUST00150,2022-10-06,146.17,Dining
CUST00150,2021-11-14,17.71,Travel
CUST00150,2024-12-23,16.64,Electronics
CUST00150,2022-02-03,34.5,Travel
CUST00150,2022-02-17,30.72,Travel
CUST00150,2024-03-04,31.61,Grocery
CUST00150,2023-01-27,52.29,Electronics
CUST00150,2025-05-05,33.77,Dining
CUST00150,2025-07-21,18.87,Dining
CUST00150,2023-12-09,33.78,Clothing
CUST00150,2022-06-14,74.7,Electronics
CUST00150,2023-06-03,19.51,Clothing
CUST00150,2024-05-05,17.1,Dining
CUST00150,2025-04-28,207.05,Grocery
CUST00150,2023-09-15,151.26,Electronics
CUST00150,2023-11-25,48.04,Clothing
CUST00150,2023-10-29,47.08,Grocery
CUST00150,2024-04-30,22.38,Grocery
CUST00150,2022-09-02,141.45,Clothing
CUST00150,2024-02-01,76.01,Clothing
CUST00150,2022-11-21,88.26,Dining
CUST00150,2022-07-30,20.51,Travel
CUST00150,2024-08-01,18.56,Grocery
CUST00150,2022-08-11,90.61,Grocery
CUST00150,2022-05-10,49.67,Clothing
CUST00150,2022-07-24,146.48,Clothing
CUST00150,2022-01-16,48.5,Grocery
CUST00150,2022-08-20,44.31,Electronics
CUST00150,2023-01-03,70.52,Grocery
CUST00150,2022-10-07,6.56,Travel
CUST00150,2023-04-20,111.41,Clothing
CUST00150,2022-09-08,22.04,Electronics
CUST00150,2023-09-12,29.61,Travel
CUST00150,2023-12-22,250.67,Grocery
CUST00150,2023-10-01,25.58,Grocery
CUST00150,2021-12-02,106.99,Clothing
CUST00150,2023-06-09,31.13,Dining
CUST00150,2024-12-23,25.11,Dining
CUST00150,2025-05-13,129.39,Grocery
CUST00150,2021-11-06,57.88,Dining
CUST00150,2022-10-27,38.74,Electronics
CUST00150,2024-04-24,201.78,Dining
CUST00150,2024-03-24,44.56,Grocery
CUST00150,2022-11-03,42.04,Clothing
CUST00150,2024-08-30,263.14,Travel
CUST00150,2023-09-23,74.74,Travel
CUST00150,2022-05-01,17.74,Grocery
CUST00150,2025-02-14,5.94,Travel
CUST00150,2024-10-18,81.34,Dining
CUST00150,2023-06-05,23.03,Grocery
CUST00150,2022-01-10,170.9,Dining
CUST00150,2022-09-10,13.81,Clothing
CUST00150,2024-03-30,152.96,Travel
CUST00150,2025-03-15,233.54,Electronics
CUST00150,2022-12-20,194.89,Travel
CUST00150,2023-04-19,122.38,Travel
CUST00150,2025-02-24,16.56,Clothing
CUST00150,2022-01-26,44.32,Electronics
CUST00150,2021-12-15,11.71,Travel
CUST00150,2021-11-17,146.09,Electronics
CUST00150,2025-07-25,88.92,Grocery
CUST00150,2022-05-21,55.02,Electronics
CUST00150,2025-07-26,17.14,Grocery
CUST00150,2024-06-12,14.44,Clothing
CUST00150,2023-04-23,78.59,Dining
CUST00150,2022-10-22,188.83,Travel
CUST00150,2023-10-21,16.57,Clothing
CUST00150,2022-09-14,104.56,Clothing
CUST00150,2022-05-07,45.48,Dining
CUST00151,2024-05-21,26.44,Travel
CUST00151,2024-01-18,20.49,Clothing
CUST00151,2024-08-23,97.71,Travel
CUST00151,2025-05-19,14.09,Travel
CUST00151,2025-03-04,52.64,Travel
CUST00151,2024-10-01,16.96,Travel
CUST00151,2023-05-20,68.45,Electronics
CUST00151,2023-10-29,42.36,Dining
CUST00151,2024-07-14,44.66,Electronics
CUST00151,2024-10-12,74.42,Electronics
CUST00151,2023-11-08,7.54,Dining
CUST00151,2025-05-07,9.62,Travel
CUST00151,2024-08-03,14.8,Clothing
CUST00151,2025-07-29,152.1,Electronics
CUST00151,2025-05-17,51.29,Clothing
CUST00151,2025-07-26,175.34,Dining
CUST00151,2023-06-16,131.34,Dining
CUST00151,2024-03-30,109.78,Electronics
CUST00151,2024-07-28,53.3,Electronics
CUST00151,2023-10-02,166.36,Grocery
CUST00151,2023-04-21,175.11,Travel
CUST00151,2024-12-28,91.09,Electronics
CUST00151,2023-12-09,160.56,Travel
CUST00151,2023-10-13,72.99,Dining
CUST00151,2023-04-28,26.58,Grocery
CUST00151,2025-03-11,133.06,Grocery
CUST00151,2023-11-13,95.39,Travel
CUST00151,2023-05-04,65.83,Electronics
CUST00151,2025-03-24,49.46,Dining
CUST00151,2023-07-10,168.23,Electronics
CUST00151,2023-04-26,69.92,Clothing
CUST00151,2024-11-18,52.56,Clothing
CUST00151,2023-05-16,112.74,Travel
CUST00151,2024-06-10,334.44,Electronics
CUST00151,2024-06-23,33.31,Travel
CUST00151,2024-12-28,74.74,Travel
CUST00151,2024-01-23,28.31,Travel
CUST00151,2024-07-20,6.54,Travel
CUST00151,2024-01-26,51.39,Clothing
CUST00151,2023-11-11,35.25,Grocery
CUST00151,2024-05-14,47.08,Grocery
CUST00151,2023-10-04,38.62,Dining
CUST00151,2024-12-14,158.0,Clothing
CUST00151,2025-06-01,77.63,Grocery
CUST00151,2023-07-04,42.13,Clothing
CUST00151,2024-04-13,40.65,Travel
CUST00151,2024-01-30,239.51,Clothing
CUST00151,2024-12-31,93.2,Travel
CUST00151,2025-07-12,25.92,Travel
CUST00151,2023-05-22,62.35,Electronics
CUST00151,2025-06-13,49.97,Grocery
CUST00151,2024-06-01,257.44,Clothing
CUST00151,2025-06-19,17.56,Grocery
CUST00151,2024-03-26,56.42,Grocery
CUST00151,2025-01-28,41.28,Travel
CUST00151,2023-10-17,17.33,Dining
CUST00151,2023-09-29,170.22,Travel
CUST00151,2024-04-19,97.17,Electronics
CUST00151,2024-07-13,22.66,Dining
CUST00151,2025-04-14,99.16,Electronics
CUST00151,2024-05-19,244.74,Travel
CUST00151,2025-05-03,22.73,Grocery
CUST00151,2025-03-02,62.26,Travel
CUST00151,2024-02-27,11.35,Clothing
CUST00151,2025-06-03,7.76,Electronics
CUST00151,2024-03-20,38.15,Travel
CUST00151,2024-11-23,99.44,Grocery
CUST00151,2024-05-05,57.26,Clothing
CUST00151,2024-12-30,8.86,Clothing
CUST00151,2025-02-10,49.03,Grocery
CUST00151,2023-04-14,43.12,Grocery
CUST00151,2023-05-05,249.61,Grocery
CUST00151,2024-07-27,118.59,Travel
CUST00151,2025-01-08,87.7,Travel
CUST00151,2023-09-10,95.43,Dining
CUST00151,2024-07-16,192.37,Clothing
CUST00151,2024-02-17,35.65,Dining
CUST00151,2024-08-18,18.0,Grocery
CUST00151,2024-04-23,21.0,Electronics
CUST00151,2023-11-15,397.15,Electronics
CUST00151,2024-12-10,120.01,Clothing
CUST00151,2023-10-30,155.52,Clothing
CUST00151,2024-07-18,154.95,Electronics
CUST00151,2025-06-27,33.88,Grocery
CUST00151,2024-07-05,70.62,Grocery
CUST00151,2023-09-29,75.51,Electronics
CUST00151,2025-07-20,8.89,Grocery
CUST00151,2023-06-21,16.67,Dining
CUST00151,2024-09-13,279.6,Travel
CUST00151,2023-06-27,5.93,Grocery
CUST00151,2025-05-27,207.83,Grocery
CUST00151,2023-08-20,153.86,Travel
CUST00151,2025-06-23,91.91,Travel
CUST00151,2024-01-16,42.26,Clothing
CUST00151,2024-09-26,403.97,Electronics
CUST00151,2025-03-18,209.4,Dining
CUST00151,2025-07-05,16.91,Dining
CUST00151,2024-07-08,39.7,Electronics
CUST00151,2024-08-17,32.87,Grocery
CUST00151,2025-07-26,18.22,Grocery
CUST00151,2023-10-25,72.82,Travel
CUST00151,2024-03-02,106.01,Travel
CUST00152,2025-07-27,64.1,Grocery
CUST00152,2025-04-24,232.94,Grocery
CUST00152,2025-06-26,31.59,Electronics
CUST00152,2024-11-25,6.04,Clothing
CUST00152,2024-12-24,27.81,Clothing
CUST00152,2025-04-26,68.25,Travel
CUST00152,2025-07-18,362.98,Travel
CUST00152,2024-12-26,120.7,Dining
CUST00152,2025-07-10,153.39,Clothing
CUST00152,2025-05-07,99.82,Clothing
CUST00152,2024-11-05,47.52,Electronics
CUST00152,2025-03-13,181.03,Electronics
CUST00152,2025-06-18,35.9,Travel
CUST00152,2024-11-23,26.37,Clothing
CUST00152,2025-06-03,14.54,Electronics
CUST00152,2025-03-25,114.97,Electronics
CUST00152,2025-05-02,52.03,Dining
CUST00152,2025-01-06,65.32,Grocery
CUST00152,2025-01-31,46.35,Electronics
CUST00152,2025-02-19,8.98,Electronics
CUST00152,2025-06-04,21.25,Dining
CUST00152,2025-06-03,123.64,Travel
CUST00152,2025-01-09,86.63,Clothing
CUST00152,2025-06-03,116.14,Electronics
CUST00152,2025-01-26,5.52,Travel
CUST00152,2025-03-17,12.02,Travel
CUST00152,2025-03-19,110.52,Travel
CUST00152,2024-09-13,78.52,Grocery
CUST00152,2025-01-20,194.7,Grocery
CUST00152,2024-09-30,204.68,Grocery
CUST00152,2025-01-27,27.85,Electronics
CUST00152,2024-12-11,12.27,Grocery
CUST00152,2025-07-02,183.04,Travel
CUST00152,2025-01-04,9.22,Electronics
CUST00152,2024-12-26,11.36,Clothing
CUST00152,2025-03-03,51.56,Dining
CUST00152,2025-05-01,22.66,Clothing
CUST00152,2025-03-09,31.69,Electronics
CUST00152,2025-01-31,163.88,Travel
CUST00152,2025-06-28,104.16,Grocery
CUST00152,2024-09-14,67.12,Dining
CUST00152,2024-12-17,25.17,Electronics
CUST00152,2025-05-11,156.74,Travel
CUST00152,2024-09-14,29.99,Electronics
CUST00152,2025-06-25,58.09,Grocery
CUST00152,2025-01-07,48.29,Dining
CUST00152,2024-11-03,55.03,Grocery
CUST00152,2025-01-16,112.34,Travel
CUST00152,2024-12-08,19.56,Dining
CUST00152,2024-12-20,56.36,Electronics
CUST00152,2024-09-22,48.44,Clothing
CUST00152,2025-06-30,34.03,Grocery
CUST00152,2025-01-19,121.03,Electronics
CUST00152,2024-12-18,21.75,Grocery
CUST00152,2025-01-18,150.02,Clothing
CUST00152,2024-10-27,64.54,Travel
CUST00152,2025-05-28,41.53,Travel
CUST00152,2024-12-12,126.83,Grocery
CUST00152,2025-04-16,137.61,Grocery
CUST00152,2025-05-05,71.88,Electronics
CUST00152,2025-05-24,60.64,Travel
CUST00152,2025-03-22,16.09,Dining
CUST00152,2025-01-31,99.85,Dining
CUST00152,2024-12-22,136.29,Dining
CUST00152,2024-12-22,72.03,Electronics
CUST00152,2024-11-27,315.27,Grocery
CUST00152,2024-12-19,102.42,Electronics
CUST00152,2024-10-19,5.71,Electronics
CUST00152,2024-11-20,63.54,Travel
CUST00152,2025-07-12,14.0,Electronics
CUST00152,2025-04-04,44.3,Clothing
CUST00152,2025-05-26,8.69,Electronics
CUST00152,2025-01-14,38.96,Grocery
CUST00152,2025-02-08,12.16,Electronics
CUST00152,2025-04-08,51.1,Clothing
CUST00152,2024-09-15,71.35,Electronics
CUST00152,2025-01-26,37.03,Dining
CUST00152,2025-06-11,30.25,Grocery
CUST00152,2024-10-01,113.0,Electronics
CUST00152,2024-12-17,246.59,Grocery
CUST00152,2025-05-25,67.48,Electronics
CUST00152,2025-06-26,57.31,Travel
CUST00152,2024-12-21,65.62,Dining
CUST00152,2025-05-31,194.49,Dining
CUST00152,2025-05-13,43.13,Clothing
CUST00152,2025-02-22,93.82,Clothing
CUST00152,2025-07-17,270.45,Dining
CUST00152,2025-01-07,33.45,Electronics
CUST00152,2025-06-18,6.53,Clothing
CUST00152,2025-07-29,172.52,Clothing
CUST00152,2024-12-27,134.24,Dining
CUST00152,2024-12-24,14.17,Dining
CUST00152,2025-03-29,28.7,Travel
CUST00152,2024-12-23,14.84,Grocery
CUST00152,2025-04-08,245.27,Travel
CUST00152,2025-06-07,122.04,Clothing
CUST00152,2025-03-23,119.74,Dining
CUST00152,2025-01-13,210.37,Grocery
CUST00152,2024-10-31,15.62,Travel
CUST00153,2021-12-22,111.98,Grocery
CUST00153,2024-03-29,32.36,Grocery
CUST00153,2023-06-06,18.72,Travel
CUST00153,2024-09-25,13.49,Travel
CUST00153,2024-11-25,94.08,Travel
CUST00153,2024-11-18,97.52,Dining
CUST00153,2021-12-07,174.41,Clothing
CUST00153,2023-03-30,12.09,Grocery
CUST00153,2024-11-10,27.07,Dining
CUST00153,2022-03-30,45.29,Dining
CUST00153,2022-01-12,76.7,Travel
CUST00153,2023-09-24,123.86,Electronics
CUST00153,2024-07-17,22.25,Clothing
CUST00153,2023-08-13,52.16,Grocery
CUST00153,2024-05-15,53.32,Dining
CUST00153,2024-08-02,65.74,Dining
CUST00153,2023-03-29,33.96,Electronics
CUST00153,2023-11-17,8.95,Clothing
CUST00153,2023-10-06,101.79,Travel
CUST00153,2023-02-23,92.32,Electronics
CUST00153,2025-03-02,294.88,Travel
CUST00153,2025-04-24,57.86,Dining
CUST00153,2022-03-22,74.92,Travel
CUST00153,2023-08-24,7.17,Dining
CUST00153,2022-11-04,21.8,Electronics
CUST00153,2025-03-20,31.41,Grocery
CUST00153,2023-01-05,29.33,Dining
CUST00153,2023-07-12,95.34,Dining
CUST00153,2022-09-06,213.45,Dining
CUST00153,2023-02-28,114.56,Dining
CUST00153,2023-08-25,99.12,Clothing
CUST00153,2022-04-22,50.89,Dining
CUST00153,2023-08-31,61.37,Grocery
CUST00153,2024-01-24,35.88,Electronics
CUST00153,2024-05-13,19.7,Travel
CUST00153,2022-01-11,217.92,Travel
CUST00153,2022-03-03,84.74,Dining
CUST00153,2025-03-18,76.93,Travel
CUST00153,2023-08-31,116.72,Clothing
CUST00153,2025-05-09,29.28,Clothing
CUST00153,2023-05-25,66.97,Clothing
CUST00153,2023-06-14,107.31,Electronics
CUST00153,2023-04-26,66.94,Clothing
CUST00153,2023-05-07,127.93,Grocery
CUST00153,2022-08-03,24.33,Clothing
CUST00153,2024-09-23,122.34,Clothing
CUST00153,2024-02-21,124.16,Dining
CUST00153,2021-12-01,57.28,Travel
CUST00153,2024-01-31,40.14,Clothing
CUST00153,2023-11-11,84.86,Travel
CUST00153,2023-02-22,330.02,Electronics
CUST00153,2021-12-24,85.37,Grocery
CUST00153,2025-06-10,59.88,Clothing
CUST00153,2025-07-19,17.0,Travel
CUST00153,2023-05-06,100.65,Clothing
CUST00153,2023-08-01,18.26,Travel
CUST00153,2023-05-23,7.68,Travel
CUST00153,2023-07-12,127.65,Travel
CUST00153,2023-08-24,74.03,Electronics
CUST00153,2022-10-29,46.87,Clothing
CUST00153,2023-01-18,134.37,Clothing
CUST00153,2024-04-16,26.01,Travel
CUST00153,2024-03-11,89.55,Electronics
CUST00153,2024-10-09,93.43,Dining
CUST00153,2025-07-07,32.21,Grocery
CUST00153,2024-03-04,119.1,Travel
CUST00153,2022-09-07,13.6,Dining
CUST00153,2022-12-03,44.65,Electronics
CUST00153,2023-07-22,114.68,Travel
CUST00153,2024-01-02,8.38,Travel
CUST00153,2024-08-27,357.63,Travel
CUST00153,2024-04-11,155.72,Travel
CUST00153,2022-07-25,128.49,Grocery
CUST00153,2024-07-24,276.86,Dining
CUST00153,2022-03-23,97.05,Travel
CUST00153,2024-10-23,92.87,Grocery
CUST00153,2023-01-18,216.77,Grocery
CUST00153,2023-09-07,23.25,Electronics
CUST00153,2024-06-17,26.09,Dining
CUST00153,2023-12-11,52.27,Electronics
CUST00153,2024-08-26,20.09,Grocery
CUST00153,2023-06-05,95.15,Electronics
CUST00153,2022-10-07,76.99,Grocery
CUST00153,2023-02-21,18.54,Travel
CUST00153,2025-02-17,100.98,Electronics
CUST00153,2022-04-20,98.79,Travel
CUST00153,2022-04-15,182.59,Clothing
CUST00153,2024-05-12,75.32,Dining
CUST00153,2021-12-29,156.53,Electronics
CUST00153,2025-05-03,22.41,Clothing
CUST00153,2021-12-22,162.56,Clothing
CUST00153,2022-05-09,53.95,Electronics
CUST00153,2024-10-28,21.44,Dining
CUST00154,2021-07-31,97.53,Clothing
CUST00154,2024-02-02,50.3,Dining
CUST00154,2021-04-25,39.1,Dining
CUST00154,2021-04-18,215.96,Grocery
CUST00154,2023-02-21,18.09,Grocery
CUST00154,2023-02-18,130.13,Electronics
CUST00154,2022-08-27,57.72,Grocery
CUST00154,2023-02-11,192.09,Dining
CUST00154,2023-03-13,48.82,Dining
CUST00154,2024-05-13,75.69,Grocery
CUST00154,2025-07-10,145.65,Electronics
CUST00154,2025-07-09,31.76,Electronics
CUST00154,2024-03-04,80.0,Travel
CUST00154,2021-11-02,56.66,Electronics
CUST00154,2023-02-27,40.94,Dining
CUST00154,2024-12-23,59.82,Dining
CUST00154,2025-07-21,39.36,Electronics
CUST00154,2021-05-14,78.31,Clothing
CUST00154,2022-12-04,6.3,Dining
CUST00154,2025-07-03,228.85,Electronics
CUST00154,2024-04-06,63.31,Grocery
CUST00154,2021-06-22,388.71,Clothing
CUST00154,2021-04-23,160.38,Travel
CUST00154,2022-06-22,87.12,Dining
CUST00154,2023-01-07,27.38,Clothing
CUST00154,2022-11-16,122.68,Electronics
CUST00154,2025-07-22,41.1,Grocery
CUST00154,2022-11-05,54.04,Travel
CUST00154,2023-01-07,26.67,Dining
CUST00154,2023-03-10,81.26,Clothing
CUST00154,2021-07-19,20.84,Clothing
CUST00154,2022-04-19,98.81,Electronics
CUST00154,2022-11-23,170.14,Dining
CUST00154,2023-12-18,105.1,Grocery
CUST00154,2023-08-18,19.57,Clothing
CUST00154,2021-10-08,11.8,Grocery
CUST00154,2023-11-17,104.25,Clothing
CUST00154,2025-01-20,39.66,Grocery
CUST00154,2025-02-27,20.24,Grocery
CUST00154,2021-07-23,44.03,Grocery
CUST00154,2025-04-05,50.89,Grocery
CUST00154,2023-04-10,74.38,Electronics
CUST00154,2023-07-23,59.03,Dining
CUST00154,2021-08-24,9.15,Grocery
CUST00154,2023-04-20,24.11,Grocery
CUST00154,2025-02-19,49.97,Electronics
CUST00154,2023-10-28,159.91,Dining
CUST00154,2021-02-14,66.24,Grocery
CUST00154,2022-07-02,31.72,Electronics
CUST00154,2022-05-05,40.61,Electronics
CUST00154,2024-09-22,92.98,Electronics
CUST00154,2024-05-15,34.89,Electronics
CUST00154,2023-12-07,88.63,Electronics
CUST00154,2023-05-06,38.34,Dining
CUST00154,2023-07-19,169.26,Grocery
CUST00154,2024-09-13,101.96,Electronics
CUST00154,2024-09-26,87.6,Dining
CUST00154,2021-09-12,40.9,Dining
CUST00154,2024-02-04,20.26,Travel
CUST00154,2021-06-06,107.7,Clothing
CUST00154,2022-09-09,66.0,Dining
CUST00154,2021-02-28,320.19,Travel
CUST00154,2025-03-23,65.3,Travel
CUST00154,2024-12-13,91.7,Travel
CUST00154,2022-03-17,86.42,Electronics
CUST00154,2021-12-28,7.14,Grocery
CUST00154,2024-01-26,7.94,Travel
CUST00154,2025-04-24,198.55,Clothing
CUST00154,2025-04-19,21.74,Clothing
CUST00154,2024-07-20,26.98,Travel
CUST00154,2024-11-24,28.71,Electronics
CUST00154,2024-02-10,57.04,Electronics
CUST00154,2024-10-03,124.43,Electronics
CUST00154,2024-12-23,81.1,Grocery
CUST00154,2025-04-16,13.34,Electronics
CUST00154,2021-03-19,20.49,Clothing
CUST00154,2023-05-27,18.08,Dining
CUST00154,2023-06-18,266.39,Dining
CUST00154,2021-12-26,23.2,Clothing
CUST00154,2024-10-03,42.37,Grocery
CUST00154,2022-09-16,48.27,Grocery
CUST00154,2023-05-04,22.72,Travel
CUST00154,2023-10-30,5.16,Dining
CUST00154,2021-12-24,126.43,Dining
CUST00154,2022-08-07,40.34,Dining
CUST00154,2022-03-23,179.46,Travel
CUST00154,2024-06-10,153.54,Travel
CUST00154,2021-09-20,71.85,Travel
CUST00154,2021-10-01,189.91,Dining
CUST00154,2023-01-14,37.09,Grocery
CUST00154,2022-07-28,61.56,Electronics
CUST00154,2021-04-04,296.57,Electronics
CUST00154,2024-05-27,71.91,Dining
CUST00154,2023-12-05,83.03,Grocery
CUST00154,2021-09-24,82.51,Grocery
CUST00154,2021-03-16,117.85,Travel
CUST00154,2024-12-29,19.9,Electronics
CUST00154,2023-01-05,99.54,Clothing
CUST00154,2022-10-18,112.65,Grocery
CUST00155,2023-03-28,22.81,Grocery
CUST00155,2023-09-13,14.6,Clothing
CUST00155,2024-07-13,43.77,Grocery
CUST00155,2023-07-27,14.41,Electronics
CUST00155,2024-03-16,273.15,Travel
CUST00155,2023-11-13,25.34,Grocery
CUST00155,2023-11-25,222.79,Grocery
CUST00155,2025-05-25,81.86,Electronics
CUST00155,2025-05-27,66.89,Grocery
CUST00155,2023-05-24,74.56,Clothing
CUST00155,2025-06-18,38.69,Clothing
CUST00155,2025-04-18,13.47,Electronics
CUST00155,2024-07-17,17.91,Grocery
CUST00155,2024-01-25,15.22,Clothing
CUST00155,2023-11-27,129.49,Travel
CUST00155,2024-08-16,50.21,Travel
CUST00155,2023-03-25,84.37,Clothing
CUST00155,2024-03-01,64.69,Grocery
CUST00155,2023-11-01,14.48,Travel
CUST00155,2023-12-04,156.22,Electronics
CUST00155,2023-07-17,34.39,Clothing
CUST00155,2024-09-06,257.62,Electronics
CUST00155,2024-05-18,38.03,Grocery
CUST00155,2025-06-22,60.74,Clothing
CUST00155,2023-03-29,46.29,Dining
CUST00155,2024-11-17,55.92,Travel
CUST00155,2023-07-15,180.16,Electronics
CUST00155,2024-07-14,113.81,Dining
CUST00155,2024-04-02,324.12,Grocery
CUST00155,2023-09-21,116.26,Electronics
CUST00155,2024-06-04,11.41,Clothing
CUST00155,2025-06-21,242.4,Dining
CUST00155,2024-06-15,19.27,Grocery
CUST00155,2025-03-28,16.86,Travel
CUST00155,2025-01-07,235.3,Travel
CUST00155,2023-05-08,8.31,Dining
CUST00155,2024-05-13,57.19,Grocery
CUST00155,2023-03-22,22.61,Electronics
CUST00155,2025-04-04,24.66,Travel
CUST00155,2024-09-24,11.77,Dining
CUST00155,2024-04-15,107.97,Clothing
CUST00155,2023-12-03,181.65,Clothing
CUST00155,2023-11-06,15.58,Travel
CUST00155,2024-07-13,133.54,Travel
CUST00155,2024-10-06,19.34,Dining
CUST00155,2024-03-26,52.3,Electronics
CUST00155,2024-03-22,20.58,Electronics
CUST00155,2024-01-27,258.52,Grocery
CUST00155,2025-03-11,262.02,Travel
CUST00155,2023-11-24,5.25,Dining
CUST00155,2025-07-09,25.53,Dining
CUST00155,2023-09-16,62.03,Travel
CUST00155,2023-08-20,25.13,Clothing
CUST00155,2024-10-14,82.33,Dining
CUST00155,2024-06-20,74.66,Grocery
CUST00155,2023-05-07,36.13,Clothing
CUST00155,2025-05-04,47.56,Clothing
CUST00155,2024-10-21,44.18,Electronics
CUST00155,2025-04-29,54.07,Dining
CUST00155,2024-10-31,82.41,Travel
CUST00155,2025-04-14,20.14,Electronics
CUST00155,2023-05-27,50.06,Electronics
CUST00155,2024-09-24,44.93,Dining
CUST00155,2024-11-22,223.98,Electronics
CUST00155,2024-05-17,74.82,Electronics
CUST00155,2025-05-11,135.49,Electronics
CUST00155,2023-10-05,111.15,Electronics
CUST00155,2024-03-01,190.44,Grocery
CUST00155,2024-07-05,29.36,Electronics
CUST00155,2025-07-02,181.86,Clothing
CUST00155,2024-02-10,14.21,Grocery
CUST00155,2024-08-28,147.11,Clothing
CUST00155,2024-10-07,88.72,Travel
CUST00155,2024-08-18,58.1,Clothing
CUST00155,2023-08-14,60.26,Electronics
CUST00155,2023-06-18,145.84,Travel
CUST00155,2024-09-11,132.0,Electronics
CUST00155,2023-05-07,452.83,Electronics
CUST00155,2024-05-09,107.53,Electronics
CUST00155,2023-05-12,35.35,Grocery
CUST00155,2023-05-02,124.18,Travel
CUST00155,2024-01-08,79.9,Clothing
CUST00155,2024-01-07,97.59,Clothing
CUST00155,2024-03-13,97.29,Clothing
CUST00155,2023-09-22,327.55,Travel
CUST00155,2025-02-06,177.02,Electronics
CUST00155,2023-12-25,116.77,Grocery
CUST00155,2025-01-26,43.3,Electronics
CUST00155,2025-06-12,7.87,Travel
CUST00155,2023-04-16,91.42,Dining
CUST00155,2023-04-23,68.65,Clothing
CUST00155,2023-04-30,106.39,Grocery
CUST00155,2023-12-09,9.7,Grocery
CUST00155,2024-02-23,186.96,Dining
CUST00155,2023-07-10,72.19,Travel
CUST00155,2024-05-24,187.3,Travel
CUST00155,2024-10-22,103.97,Grocery
CUST00155,2024-09-04,10.5,Dining
CUST00155,2023-11-14,83.82,Clothing
CUST00155,2023-10-12,69.16,Dining
CUST00155,2023-04-25,62.19,Grocery
CUST00155,2024-01-28,18.5,Travel
CUST00155,2023-07-14,67.25,Grocery
CUST00155,2024-08-16,21.96,Grocery
CUST00155,2023-06-12,41.81,Electronics
CUST00155,2023-12-18,11.69,Dining
CUST00155,2025-07-31,8.01,Dining
CUST00155,2024-11-21,120.05,Clothing
CUST00155,2023-07-25,20.55,Dining
CUST00155,2024-04-22,113.01,Electronics
CUST00155,2023-11-03,97.67,Electronics
CUST00155,2024-06-08,15.69,Grocery
CUST00155,2025-01-25,9.25,Electronics
CUST00155,2023-10-05,82.53,Clothing
CUST00155,2025-06-16,45.23,Dining
CUST00155,2024-03-31,80.21,Clothing
CUST00155,2023-07-24,12.24,Grocery
CUST00155,2024-11-21,36.08,Dining
CUST00155,2025-04-12,67.15,Clothing
CUST00155,2025-02-05,47.05,Dining
CUST00155,2025-02-12,51.14,Electronics
CUST00155,2023-09-01,77.17,Electronics
CUST00155,2024-03-05,57.65,Travel
CUST00155,2024-09-02,72.85,Electronics
CUST00155,2025-07-26,76.64,Electronics
CUST00155,2024-04-20,23.03,Grocery
CUST00156,2022-03-30,5.22,Grocery
CUST00156,2023-06-14,45.97,Grocery
CUST00156,2024-12-11,242.04,Grocery
CUST00156,2025-01-23,77.41,Grocery
CUST00156,2024-03-22,11.7,Clothing
CUST00156,2025-05-21,59.11,Travel
CUST00156,2025-04-01,69.83,Dining
CUST00156,2024-12-04,25.91,Clothing
CUST00156,2022-06-23,163.69,Dining
CUST00156,2025-04-21,166.33,Grocery
CUST00156,2022-06-24,31.02,Electronics
CUST00156,2024-12-07,171.51,Grocery
CUST00156,2024-03-08,17.06,Grocery
CUST00156,2023-09-28,23.77,Grocery
CUST00156,2023-11-10,47.38,Grocery
CUST00156,2022-09-01,72.15,Dining
CUST00156,2022-11-03,84.86,Clothing
CUST00156,2024-11-16,99.29,Grocery
CUST00156,2024-11-05,34.18,Travel
CUST00156,2025-02-19,64.67,Clothing
CUST00156,2023-11-23,66.0,Clothing
CUST00156,2024-06-14,119.63,Electronics
CUST00156,2022-05-10,33.63,Travel
CUST00156,2024-10-19,119.06,Electronics
CUST00156,2023-02-01,229.08,Electronics
CUST00156,2023-02-01,27.14,Dining
CUST00156,2024-08-05,63.91,Grocery
CUST00156,2025-01-20,128.73,Grocery
CUST00156,2023-06-17,42.26,Travel
CUST00156,2023-05-17,460.39,Clothing
CUST00156,2025-07-30,19.48,Dining
CUST00156,2023-05-21,83.87,Electronics
CUST00156,2023-05-18,47.87,Dining
CUST00156,2022-04-17,12.85,Electronics
CUST00156,2025-01-28,163.9,Clothing
CUST00156,2025-02-17,16.4,Travel
CUST00156,2024-11-23,67.87,Clothing
CUST00156,2025-02-08,26.12,Electronics
CUST00156,2025-03-19,89.78,Clothing
CUST00156,2022-09-12,251.6,Clothing
CUST00156,2023-06-07,88.33,Electronics
CUST00156,2022-04-21,57.97,Electronics
CUST00156,2024-09-22,88.91,Dining
CUST00156,2024-10-05,63.23,Electronics
CUST00156,2023-10-07,128.77,Travel
CUST00156,2022-05-08,19.52,Travel
CUST00156,2024-02-29,28.04,Travel
CUST00156,2024-10-10,199.56,Travel
CUST00156,2023-05-01,43.27,Dining
CUST00156,2025-04-07,43.35,Grocery
CUST00156,2025-03-17,57.37,Grocery
CUST00156,2024-03-04,39.83,Grocery
CUST00156,2023-01-26,61.79,Electronics
CUST00156,2025-05-23,103.64,Grocery
CUST00156,2022-07-27,64.48,Clothing
CUST00156,2022-07-29,46.91,Clothing
CUST00156,2023-11-28,26.19,Grocery
CUST00156,2024-07-21,70.33,Dining
CUST00156,2024-06-09,25.91,Dining
CUST00156,2024-08-08,21.99,Grocery
CUST00156,2024-06-05,221.71,Grocery
CUST00156,2023-11-23,134.93,Travel
CUST00156,2022-10-15,197.13,Clothing
CUST00156,2022-05-11,155.71,Electronics
CUST00156,2023-08-24,123.99,Electronics
CUST00156,2024-09-11,31.39,Travel
CUST00156,2022-10-04,53.96,Clothing
CUST00156,2024-01-29,192.22,Clothing
CUST00156,2024-11-26,5.27,Grocery
CUST00156,2025-05-15,105.17,Dining
CUST00156,2023-05-28,278.6,Electronics
CUST00156,2024-01-02,59.19,Grocery
CUST00156,2022-10-25,60.08,Clothing
CUST00156,2024-06-30,109.36,Clothing
CUST00156,2024-10-27,21.46,Travel
CUST00156,2023-01-01,11.74,Grocery
CUST00156,2025-01-18,141.41,Dining
CUST00156,2022-12-30,12.02,Travel
CUST00156,2023-03-24,71.94,Clothing
CUST00156,2023-04-25,11.23,Grocery
CUST00156,2025-03-12,14.2,Travel
CUST00156,2024-03-01,190.76,Clothing
CUST00156,2022-06-24,109.24,Electronics
CUST00156,2024-05-25,25.55,Travel
CUST00156,2022-11-06,92.39,Electronics
CUST00156,2024-06-01,12.82,Grocery
CUST00156,2024-10-12,126.07,Dining
CUST00156,2024-07-09,16.64,Dining
CUST00156,2024-12-22,89.24,Dining
CUST00156,2024-07-20,70.87,Travel
CUST00156,2023-12-25,98.73,Travel
CUST00156,2022-10-06,40.57,Electronics
CUST00156,2022-04-15,327.94,Clothing
CUST00156,2024-08-12,241.45,Clothing
CUST00157,2021-07-19,88.01,Grocery
CUST00157,2024-01-22,70.73,Dining
CUST00157,2025-06-05,20.86,Clothing
CUST00157,2022-07-21,141.39,Dining
CUST00157,2024-03-30,123.13,Electronics
CUST00157,2024-02-20,303.33,Electronics
CUST00157,2021-08-22,124.45,Grocery
CUST00157,2025-05-12,86.16,Electronics
CUST00157,2021-06-19,37.62,Electronics
CUST00157,2023-10-10,75.01,Electronics
CUST00157,2023-09-30,249.32,Electronics
CUST00157,2022-05-10,102.04,Clothing
CUST00157,2021-11-10,6.71,Grocery
CUST00157,2025-04-02,43.55,Travel
CUST00157,2023-10-25,336.68,Travel
CUST00157,2024-03-02,18.4,Clothing
CUST00157,2025-01-15,29.84,Clothing
CUST00157,2024-04-16,147.26,Dining
CUST00157,2025-05-01,11.88,Grocery
CUST00157,2023-06-27,171.92,Dining
CUST00157,2023-09-30,123.09,Clothing
CUST00157,2024-02-06,112.97,Dining
CUST00157,2024-12-30,35.61,Clothing
CUST00157,2023-11-18,329.72,Dining
CUST00157,2024-10-19,96.72,Grocery
CUST00157,2024-12-02,78.82,Electronics
CUST00157,2021-01-07,256.96,Electronics
CUST00157,2024-03-03,34.02,Electronics
CUST00157,2022-10-02,51.18,Dining
CUST00157,2024-03-02,23.96,Grocery
CUST00157,2022-10-12,314.68,Clothing
CUST00157,2024-05-22,174.54,Grocery
CUST00157,2023-12-17,14.74,Grocery
CUST00157,2022-02-27,182.5,Grocery
CUST00157,2025-07-26,165.64,Dining
CUST00157,2025-04-27,107.03,Dining
CUST00157,2023-02-01,40.99,Grocery
CUST00157,2023-12-25,39.32,Clothing
CUST00157,2022-03-04,145.9,Travel
CUST00157,2024-02-06,7.72,Grocery
CUST00157,2022-08-19,78.19,Dining
CUST00157,2021-05-20,41.2,Electronics
CUST00157,2024-01-01,109.46,Grocery
CUST00157,2021-05-08,54.84,Clothing
CUST00157,2021-03-16,35.12,Clothing
CUST00157,2024-08-25,268.66,Clothing
CUST00157,2021-02-01,9.47,Electronics
CUST00157,2023-11-08,32.64,Travel
CUST00157,2024-08-29,30.95,Dining
CUST00157,2023-06-10,151.2,Travel
CUST00157,2024-05-20,90.45,Travel
CUST00157,2023-09-19,56.76,Travel
CUST00157,2021-09-07,9.94,Clothing
CUST00157,2023-02-20,5.32,Electronics
CUST00157,2022-06-21,174.29,Travel
CUST00157,2024-01-05,20.92,Clothing
CUST00157,2023-07-20,70.9,Dining
CUST00157,2022-03-12,33.37,Grocery
CUST00157,2024-01-10,179.34,Electronics
CUST00157,2022-03-23,42.39,Travel
CUST00157,2023-02-03,8.95,Dining
CUST00157,2024-10-10,137.73,Travel
CUST00157,2024-09-25,17.24,Dining
CUST00157,2025-01-26,112.6,Dining
CUST00157,2023-11-01,260.28,Clothing
CUST00157,2024-12-12,124.34,Travel
CUST00157,2023-10-08,49.58,Dining
CUST00157,2025-03-28,26.29,Clothing
CUST00157,2024-06-23,35.35,Grocery
CUST00157,2024-01-17,57.04,Clothing
CUST00157,2024-04-17,247.13,Clothing
CUST00157,2022-02-24,106.57,Grocery
CUST00157,2022-05-08,151.01,Clothing
CUST00157,2023-08-16,24.86,Grocery
CUST00157,2022-03-17,17.53,Clothing
CUST00157,2021-08-01,219.85,Electronics
CUST00157,2021-12-10,233.6,Travel
CUST00157,2022-08-23,64.2,Travel
CUST00157,2021-06-04,112.86,Electronics
CUST00157,2024-03-18,219.94,Travel
CUST00157,2024-07-08,20.41,Electronics
CUST00157,2024-10-07,97.03,Dining
CUST00157,2024-03-08,23.56,Dining
CUST00157,2025-02-13,141.83,Dining
CUST00157,2021-12-14,77.6,Electronics
CUST00157,2023-07-11,107.51,Electronics
CUST00157,2021-05-08,250.43,Grocery
CUST00157,2025-03-24,19.52,Grocery
CUST00157,2023-01-25,21.15,Dining
CUST00157,2021-07-04,33.35,Electronics
CUST00157,2025-01-30,39.8,Electronics
CUST00157,2024-11-05,29.13,Electronics
CUST00157,2025-07-31,225.99,Grocery
CUST00157,2025-05-26,44.78,Electronics
CUST00157,2022-08-03,20.77,Dining
CUST00157,2023-11-12,35.06,Grocery
CUST00157,2021-04-15,147.25,Clothing
CUST00157,2023-12-27,16.24,Travel
CUST00158,2025-08-01,6.3,Electronics
CUST00158,2025-07-10,32.82,Electronics
CUST00158,2025-07-25,69.03,Clothing
CUST00158,2025-07-14,271.24,Grocery
CUST00158,2025-07-17,24.62,Grocery
CUST00158,2025-07-14,46.19,Electronics
CUST00158,2025-07-15,106.17,Electronics
CUST00158,2025-07-16,51.14,Dining
CUST00158,2025-07-31,54.05,Travel
CUST00158,2025-07-26,62.24,Clothing
CUST00158,2025-07-17,58.02,Travel
CUST00158,2025-07-18,118.08,Dining
CUST00158,2025-07-08,121.81,Electronics
CUST00158,2025-07-25,169.64,Grocery
CUST00158,2025-07-10,351.65,Dining
CUST00158,2025-07-19,165.99,Travel
CUST00158,2025-07-20,86.75,Clothing
CUST00158,2025-07-26,38.95,Travel
CUST00158,2025-07-09,31.99,Electronics
CUST00158,2025-07-21,35.93,Dining
CUST00158,2025-07-30,40.25,Grocery
CUST00158,2025-07-11,50.91,Grocery
CUST00158,2025-07-14,84.09,Grocery
CUST00158,2025-07-28,21.49,Dining
CUST00158,2025-07-19,63.12,Electronics
CUST00158,2025-07-17,9.68,Dining
CUST00158,2025-07-12,11.18,Travel
CUST00158,2025-07-21,65.05,Travel
CUST00158,2025-07-10,205.81,Dining
CUST00158,2025-07-09,147.43,Clothing
CUST00158,2025-07-07,26.21,Grocery
CUST00158,2025-07-15,43.12,Clothing
CUST00158,2025-07-11,19.97,Clothing
CUST00158,2025-07-19,36.26,Travel
CUST00158,2025-07-13,48.93,Dining
CUST00158,2025-07-09,167.08,Electronics
CUST00158,2025-07-23,9.89,Dining
CUST00158,2025-07-09,46.67,Clothing
CUST00158,2025-07-22,28.19,Dining
CUST00158,2025-07-29,85.28,Clothing
CUST00158,2025-07-11,36.04,Clothing
CUST00158,2025-07-21,15.98,Clothing
CUST00158,2025-07-16,16.93,Grocery
CUST00158,2025-07-31,44.5,Electronics
CUST00158,2025-07-21,7.86,Travel
CUST00158,2025-07-21,117.78,Clothing
CUST00158,2025-07-15,16.9,Electronics
CUST00158,2025-07-28,43.11,Grocery
CUST00158,2025-07-22,467.05,Grocery
CUST00158,2025-07-28,5.29,Electronics
CUST00158,2025-07-12,8.14,Travel
CUST00158,2025-07-30,24.41,Electronics
CUST00158,2025-07-27,56.78,Clothing
CUST00158,2025-07-13,7.46,Grocery
CUST00158,2025-07-22,122.26,Electronics
CUST00158,2025-07-26,69.87,Dining
CUST00158,2025-07-14,11.37,Grocery
CUST00158,2025-07-26,64.91,Clothing
CUST00158,2025-07-21,55.74,Travel
CUST00158,2025-07-21,11.1,Electronics
CUST00158,2025-07-15,45.7,Travel
CUST00158,2025-07-31,10.33,Dining
CUST00158,2025-07-08,46.9,Clothing
CUST00158,2025-07-08,28.35,Travel
CUST00158,2025-07-29,6.99,Travel
CUST00158,2025-07-24,92.33,Electronics
CUST00158,2025-07-10,52.13,Electronics
CUST00158,2025-07-12,76.49,Dining
CUST00158,2025-07-25,179.21,Clothing
CUST00158,2025-07-16,26.22,Clothing
CUST00158,2025-07-10,107.79,Clothing
CUST00158,2025-07-18,151.68,Dining
CUST00158,2025-07-29,38.77,Clothing
CUST00158,2025-07-09,75.83,Clothing
CUST00158,2025-07-17,157.11,Dining
CUST00158,2025-08-01,163.43,Travel
CUST00158,2025-07-11,195.04,Grocery
CUST00158,2025-07-30,72.23,Travel
CUST00158,2025-07-21,9.77,Clothing
CUST00158,2025-07-21,23.18,Grocery
CUST00158,2025-07-21,26.35,Travel
CUST00158,2025-07-11,42.45,Grocery
CUST00158,2025-07-09,58.78,Clothing
CUST00158,2025-08-01,104.8,Electronics
CUST00158,2025-07-25,51.91,Dining
CUST00158,2025-07-28,292.46,Clothing
CUST00158,2025-07-17,153.56,Electronics
CUST00158,2025-07-07,28.99,Clothing
CUST00158,2025-07-07,9.91,Grocery
CUST00158,2025-07-16,13.33,Travel
CUST00158,2025-07-20,56.31,Dining
CUST00158,2025-07-29,37.67,Grocery
CUST00158,2025-07-11,37.98,Grocery
CUST00158,2025-07-22,50.71,Dining
CUST00158,2025-07-23,91.79,Clothing
CUST00158,2025-07-31,40.98,Grocery
CUST00158,2025-07-08,15.95,Grocery
CUST00158,2025-07-08,8.9,Electronics
CUST00159,2024-09-28,15.7,Dining
CUST00159,2024-12-16,25.53,Grocery
CUST00159,2025-01-04,80.34,Dining
CUST00159,2025-07-25,14.19,Clothing
CUST00159,2025-06-07,48.65,Travel
CUST00159,2025-03-10,80.82,Dining
CUST00159,2025-07-19,170.65,Electronics
CUST00159,2025-01-16,177.95,Grocery
CUST00159,2024-08-31,344.0,Clothing
CUST00159,2024-11-21,112.5,Grocery
CUST00159,2024-09-15,95.41,Clothing
CUST00159,2025-03-02,36.05,Grocery
CUST00159,2025-05-08,171.16,Grocery
CUST00159,2025-01-09,61.22,Travel
CUST00159,2024-10-16,192.57,Dining
CUST00159,2025-01-11,56.55,Electronics
CUST00159,2025-03-03,190.38,Dining
CUST00159,2025-01-22,105.92,Grocery
CUST00159,2025-05-27,14.68,Electronics
CUST00159,2024-12-02,277.15,Clothing
CUST00159,2025-05-13,44.77,Dining
CUST00159,2025-07-04,62.79,Travel
CUST00159,2025-04-17,171.0,Electronics
CUST00159,2024-11-18,175.97,Electronics
CUST00159,2024-12-21,76.77,Dining
CUST00159,2025-07-28,69.26,Clothing
CUST00159,2025-02-02,16.2,Clothing
CUST00159,2025-04-01,141.67,Dining
CUST00159,2024-10-23,52.68,Dining
CUST00159,2025-04-14,59.71,Travel
CUST00159,2024-10-19,150.27,Dining
CUST00159,2024-10-25,32.31,Dining
CUST00159,2025-04-03,12.08,Clothing
CUST00159,2025-03-13,25.98,Travel
CUST00159,2024-11-25,21.1,Dining
CUST00159,2025-07-12,65.37,Electronics
CUST00159,2025-01-10,61.3,Electronics
CUST00159,2025-04-24,112.63,Dining
CUST00159,2024-11-05,191.05,Clothing
CUST00159,2025-04-22,16.72,Dining
CUST00159,2024-11-17,12.83,Electronics
CUST00159,2024-12-21,9.31,Grocery
CUST00159,2024-09-13,210.55,Clothing
CUST00159,2025-01-22,127.87,Dining
CUST00159,2024-10-17,92.19,Clothing
CUST00159,2025-06-28,35.92,Dining
CUST00159,2024-12-28,27.16,Dining
CUST00159,2024-12-17,9.62,Electronics
CUST00159,2024-08-31,152.94,Electronics
CUST00159,2024-10-23,30.32,Grocery
CUST00159,2024-10-02,81.86,Electronics
CUST00159,2024-08-25,145.29,Dining
CUST00159,2025-03-01,11.67,Electronics
CUST00159,2025-04-08,13.48,Electronics
CUST00159,2024-11-08,27.93,Dining
CUST00159,2025-02-18,22.1,Grocery
CUST00159,2025-06-25,126.63,Travel
CUST00159,2025-04-29,77.16,Dining
CUST00159,2025-03-27,201.17,Grocery
CUST00159,2025-05-20,31.67,Travel
CUST00159,2024-10-26,38.72,Travel
CUST00159,2025-04-01,25.72,Dining
CUST00159,2024-08-30,50.99,Clothing
CUST00159,2024-10-15,80.32,Electronics
CUST00159,2025-07-12,53.43,Dining
CUST00159,2024-11-01,105.71,Travel
CUST00159,2024-11-04,68.74,Clothing
CUST00159,2025-06-19,11.12,Dining
CUST00159,2024-12-15,113.25,Travel
CUST00159,2025-03-01,43.7,Travel
CUST00159,2025-07-30,54.72,Clothing
CUST00159,2025-06-26,28.52,Electronics
CUST00159,2024-11-29,29.71,Dining
CUST00159,2024-09-24,82.58,Clothing
CUST00159,2024-08-24,8.47,Clothing
CUST00159,2024-08-31,80.99,Travel
CUST00159,2024-10-24,92.85,Dining
CUST00159,2024-11-24,197.22,Clothing
CUST00159,2025-05-18,177.03,Grocery
CUST00159,2024-12-29,136.43,Clothing
CUST00159,2025-07-13,41.75,Clothing
CUST00159,2024-10-31,8.5,Clothing
CUST00159,2025-02-08,124.97,Travel
CUST00159,2025-05-14,120.91,Electronics
CUST00159,2024-12-26,167.04,Grocery
CUST00159,2024-12-09,52.54,Grocery
CUST00159,2024-09-09,32.92,Travel
CUST00159,2025-07-16,18.41,Grocery
CUST00159,2025-06-29,330.55,Electronics
CUST00159,2024-09-30,176.1,Dining
CUST00159,2025-02-18,135.91,Grocery
CUST00160,2025-06-22,184.85,Clothing
CUST00160,2025-07-28,50.76,Electronics
CUST00160,2025-07-26,24.19,Travel
CUST00160,2025-07-30,130.87,Travel
CUST00160,2025-07-21,43.33,Grocery
CUST00160,2025-06-28,28.68,Travel
CUST00160,2025-07-19,24.45,Travel
CUST00160,2025-07-11,43.38,Clothing
CUST00160,2025-07-04,7.92,Clothing
CUST00160,2025-07-25,79.13,Clothing
CUST00160,2025-07-06,31.37,Electronics
CUST00160,2025-07-04,188.7,Travel
CUST00160,2025-07-15,89.07,Dining
CUST00160,2025-06-27,46.97,Travel
CUST00160,2025-06-29,88.0,Travel
CUST00160,2025-07-22,731.52,Grocery
CUST00160,2025-07-22,28.58,Dining
CUST00160,2025-07-09,8.78,Clothing
CUST00160,2025-07-12,29.1,Grocery
CUST00160,2025-06-22,53.23,Travel
CUST00160,2025-07-24,110.44,Clothing
CUST00160,2025-07-03,148.06,Clothing
CUST00160,2025-07-16,74.63,Dining
CUST00160,2025-06-24,9.26,Travel
CUST00160,2025-07-18,120.53,Dining
CUST00160,2025-07-22,9.64,Clothing
CUST00160,2025-07-11,154.82,Electronics
CUST00160,2025-07-09,55.52,Grocery
CUST00160,2025-06-26,11.17,Clothing
CUST00160,2025-06-26,106.63,Travel
CUST00160,2025-06-27,93.96,Travel
CUST00160,2025-07-27,37.4,Electronics
CUST00160,2025-07-15,33.67,Dining
CUST00160,2025-07-04,169.8,Dining
CUST00160,2025-07-29,29.9,Electronics
CUST00160,2025-07-25,91.72,Electronics
CUST00160,2025-07-17,143.61,Electronics
CUST00160,2025-07-03,197.71,Clothing
CUST00160,2025-06-30,37.23,Dining
CUST00160,2025-07-05,19.94,Clothing
CUST00160,2025-07-15,120.84,Grocery
CUST00160,2025-07-20,148.74,Electronics
CUST00160,2025-07-29,21.5,Clothing
CUST00160,2025-07-14,103.67,Clothing
CUST00160,2025-06-30,124.78,Travel
CUST00160,2025-07-29,23.2,Travel
CUST00160,2025-06-24,32.51,Grocery
CUST00160,2025-07-15,9.51,Electronics
CUST00160,2025-07-11,342.55,Electronics
CUST00160,2025-07-16,202.51,Travel
CUST00160,2025-07-28,55.81,Grocery
CUST00160,2025-08-01,92.12,Grocery
CUST00160,2025-07-13,47.74,Electronics
CUST00160,2025-07-01,17.5,Clothing
CUST00160,2025-07-13,12.14,Dining
CUST00160,2025-07-02,45.92,Grocery
CUST00160,2025-07-12,16.03,Grocery
CUST00160,2025-07-24,32.62,Clothing
CUST00160,2025-07-01,150.12,Clothing
CUST00160,2025-07-13,30.85,Grocery
CUST00160,2025-07-01,86.76,Grocery
CUST00160,2025-07-03,19.9,Grocery
CUST00160,2025-06-30,96.64,Travel
CUST00160,2025-07-22,43.89,Travel
CUST00160,2025-07-14,62.95,Clothing
CUST00160,2025-07-18,121.0,Clothing
CUST00160,2025-07-28,8.39,Dining
CUST00160,2025-07-12,414.11,Grocery
CUST00160,2025-07-12,91.18,Clothing
CUST00160,2025-07-01,539.43,Dining
CUST00160,2025-07-15,301.01,Travel
CUST00160,2025-07-09,87.11,Travel
CUST00160,2025-07-22,112.13,Dining
CUST00160,2025-06-30,95.62,Electronics
CUST00160,2025-07-04,37.65,Clothing
CUST00160,2025-07-01,25.59,Dining
CUST00160,2025-06-24,197.13,Clothing
CUST00160,2025-07-31,89.26,Clothing
CUST00160,2025-07-15,49.63,Travel
CUST00160,2025-06-24,81.11,Dining
CUST00160,2025-07-25,80.99,Dining
CUST00160,2025-07-31,6.56,Grocery
CUST00160,2025-06-22,107.13,Grocery
CUST00160,2025-07-18,118.66,Dining
CUST00160,2025-07-25,96.04,Dining
CUST00160,2025-07-12,18.71,Electronics
CUST00160,2025-07-13,270.5,Electronics
CUST00160,2025-06-27,279.6,Electronics
CUST00160,2025-06-26,14.92,Clothing
CUST00160,2025-07-07,5.88,Travel
CUST00160,2025-07-14,12.76,Electronics
CUST00160,2025-07-20,9.53,Electronics
CUST00160,2025-07-28,147.16,Travel
CUST00160,2025-06-28,32.58,Grocery
CUST00161,2023-07-29,226.45,Dining
CUST00161,2023-01-22,51.78,Clothing
CUST00161,2022-03-09,17.49,Dining
CUST00161,2024-02-21,14.77,Electronics
CUST00161,2023-11-19,48.87,Travel
CUST00161,2024-07-30,37.21,Clothing
CUST00161,2021-06-17,44.62,Travel
CUST00161,2024-06-24,136.99,Grocery
CUST00161,2023-12-28,25.55,Grocery
CUST00161,2025-06-04,20.42,Clothing
CUST00161,2021-06-12,16.51,Travel
CUST00161,2024-07-25,7.61,Grocery
CUST00161,2024-06-07,95.74,Grocery
CUST00161,2023-10-28,22.95,Dining
CUST00161,2023-06-09,21.04,Clothing
CUST00161,2024-04-24,48.26,Travel
CUST00161,2025-07-18,49.07,Clothing
CUST00161,2024-08-02,258.88,Grocery
CUST00161,2023-10-25,74.86,Grocery
CUST00161,2022-07-25,32.8,Grocery
CUST00161,2024-06-23,150.84,Dining
CUST00161,2024-11-04,22.81,Dining
CUST00161,2021-04-26,311.07,Electronics
CUST00161,2025-05-12,257.36,Dining
CUST00161,2025-01-02,67.87,Dining
CUST00161,2022-12-12,38.19,Clothing
CUST00161,2022-10-31,151.48,Grocery
CUST00161,2023-06-11,246.94,Electronics
CUST00161,2025-06-20,22.67,Grocery
CUST00161,2022-09-03,25.76,Grocery
CUST00161,2024-06-05,59.23,Dining
CUST00161,2022-10-22,415.4,Electronics
CUST00161,2024-07-13,89.73,Electronics
CUST00161,2024-12-21,39.28,Travel
CUST00161,2023-07-09,112.79,Clothing
CUST00161,2022-06-27,34.0,Grocery
CUST00161,2023-12-03,40.4,Grocery
CUST00161,2024-08-10,108.75,Dining
CUST00161,2022-08-19,72.68,Dining
CUST00161,2024-08-23,149.8,Dining
CUST00161,2022-02-24,121.81,Electronics
CUST00161,2025-07-20,74.42,Travel
CUST00161,2023-08-24,53.9,Dining
CUST00161,2023-04-27,194.59,Clothing
CUST00161,2021-09-16,40.88,Grocery
CUST00161,2023-03-07,25.74,Clothing
CUST00161,2023-08-17,150.76,Electronics
CUST00161,2022-03-13,19.82,Electronics
CUST00161,2022-03-19,108.07,Grocery
CUST00161,2024-01-24,82.16,Electronics
CUST00161,2024-02-08,60.4,Clothing
CUST00161,2021-07-08,38.35,Electronics
CUST00161,2024-11-28,156.15,Dining
CUST00161,2024-03-01,74.34,Clothing
CUST00161,2023-06-05,28.32,Travel
CUST00161,2022-09-08,29.48,Grocery
CUST00161,2023-04-18,108.53,Electronics
CUST00161,2025-07-19,43.21,Travel
CUST00161,2023-04-09,8.02,Electronics
CUST00161,2021-06-16,37.8,Clothing
CUST00161,2022-12-27,231.12,Travel
CUST00161,2023-04-27,14.07,Travel
CUST00161,2022-05-24,28.89,Dining
CUST00161,2021-08-11,10.17,Grocery
CUST00161,2022-10-29,17.83,Grocery
CUST00161,2023-09-22,202.34,Clothing
CUST00161,2023-07-29,40.17,Electronics
CUST00161,2024-04-05,69.77,Electronics
CUST00161,2021-07-23,240.15,Clothing
CUST00161,2023-03-23,123.49,Dining
CUST00161,2024-05-08,19.83,Travel
CUST00161,2022-07-24,97.84,Grocery
CUST00161,2024-01-17,233.73,Travel
CUST00161,2024-07-01,69.66,Clothing
CUST00161,2024-06-12,57.01,Dining
CUST00161,2021-06-02,21.76,Grocery
CUST00161,2021-11-07,151.72,Clothing
CUST00161,2024-04-07,15.73,Travel
CUST00161,2021-04-16,42.16,Travel
CUST00161,2023-12-26,78.85,Electronics
CUST00161,2025-01-19,24.07,Electronics
CUST00161,2023-04-11,46.33,Dining
CUST00161,2023-08-05,28.81,Travel
CUST00161,2025-01-30,61.26,Dining
CUST00161,2025-02-14,5.76,Travel
CUST00161,2021-04-07,8.4,Clothing
CUST00161,2024-03-03,20.47,Electronics
CUST00161,2025-04-10,98.43,Grocery
CUST00161,2023-06-18,39.91,Travel
CUST00161,2021-09-19,81.71,Grocery
CUST00161,2021-09-22,196.14,Dining
CUST00161,2021-09-11,69.62,Grocery
CUST00161,2022-04-05,188.92,Travel
CUST00162,2022-01-04,58.78,Clothing
CUST00162,2022-01-04,54.29,Grocery
CUST00162,2024-02-03,36.1,Dining
CUST00162,2024-12-03,228.35,Travel
CUST00162,2021-09-08,35.49,Clothing
CUST00162,2025-01-30,24.78,Electronics
CUST00162,2024-03-10,16.37,Travel
CUST00162,2023-01-16,12.2,Clothing
CUST00162,2023-10-17,392.2,Travel
CUST00162,2023-02-12,40.31,Clothing
CUST00162,2022-07-20,119.69,Travel
CUST00162,2022-03-24,77.39,Clothing
CUST00162,2024-05-27,103.91,Clothing
CUST00162,2024-09-14,163.42,Clothing
CUST00162,2023-08-02,60.56,Electronics
CUST00162,2023-01-28,148.57,Dining
CUST00162,2024-12-04,132.62,Dining
CUST00162,2023-05-05,196.24,Clothing
CUST00162,2022-12-03,105.14,Dining
CUST00162,2025-07-05,103.81,Electronics
CUST00162,2022-09-27,53.26,Grocery
CUST00162,2022-09-08,74.36,Grocery
CUST00162,2024-04-06,62.57,Clothing
CUST00162,2023-10-05,33.67,Electronics
CUST00162,2025-02-09,56.52,Electronics
CUST00162,2023-05-16,115.86,Travel
CUST00162,2025-06-16,86.7,Dining
CUST00162,2025-01-24,223.93,Electronics
CUST00162,2024-04-15,55.93,Travel
CUST00162,2021-09-18,21.99,Electronics
CUST00162,2023-08-30,89.35,Clothing
CUST00162,2023-01-14,14.48,Travel
CUST00162,2024-07-22,40.06,Electronics
CUST00162,2023-01-11,119.79,Grocery
CUST00162,2025-04-27,59.31,Clothing
CUST00162,2024-09-23,95.26,Clothing
CUST00162,2021-10-18,34.04,Dining
CUST00162,2021-11-30,22.62,Grocery
CUST00162,2025-02-16,201.61,Grocery
CUST00162,2025-06-16,150.19,Travel
CUST00162,2022-06-28,11.0,Grocery
CUST00162,2023-04-03,14.05,Grocery
CUST00162,2024-03-07,7.41,Dining
CUST00162,2022-12-12,43.75,Travel
CUST00162,2022-05-08,26.61,Electronics
CUST00162,2022-05-09,7.74,Grocery
CUST00162,2024-04-11,14.87,Dining
CUST00162,2023-11-30,36.53,Travel
CUST00162,2022-05-08,53.18,Grocery
CUST00162,2024-08-19,20.77,Clothing
CUST00162,2024-03-08,38.95,Grocery
CUST00162,2023-01-06,190.06,Grocery
CUST00162,2024-12-27,7.28,Electronics
CUST00162,2025-01-13,77.95,Travel
CUST00162,2024-02-24,36.02,Grocery
CUST00162,2022-09-28,89.56,Travel
CUST00162,2024-02-02,61.1,Clothing
CUST00162,2022-03-21,21.08,Dining
CUST00162,2023-09-14,17.75,Clothing
CUST00162,2025-03-02,219.11,Dining
CUST00162,2022-02-11,15.16,Travel
CUST00162,2023-01-17,130.02,Electronics
CUST00162,2024-08-06,75.71,Travel
CUST00162,2023-08-09,269.2,Grocery
CUST00162,2021-11-04,7.47,Dining
CUST00162,2023-09-23,38.88,Grocery
CUST00162,2024-11-10,96.43,Dining
CUST00162,2025-04-15,62.67,Dining
CUST00162,2021-09-02,50.57,Clothing
CUST00162,2023-12-10,11.68,Clothing
CUST00162,2024-01-23,65.29,Clothing
CUST00162,2023-06-16,114.15,Clothing
CUST00162,2024-02-10,20.86,Grocery
CUST00162,2024-03-13,5.21,Grocery
CUST00162,2023-02-24,8.98,Grocery
CUST00162,2021-09-28,95.32,Grocery
CUST00162,2025-06-06,34.9,Clothing
CUST00162,2021-10-10,125.74,Grocery
CUST00162,2025-02-05,36.62,Grocery
CUST00162,2022-04-19,37.54,Travel
CUST00162,2025-02-18,22.63,Dining
CUST00162,2024-08-11,5.51,Dining
CUST00162,2025-06-18,28.95,Clothing
CUST00162,2022-03-01,129.09,Dining
CUST00162,2022-05-20,9.09,Dining
CUST00162,2021-11-23,62.0,Travel
CUST00162,2023-11-24,9.02,Dining
CUST00162,2023-06-20,48.43,Clothing
CUST00162,2021-11-12,17.07,Clothing
CUST00162,2023-01-08,105.72,Dining
CUST00162,2024-08-17,210.55,Grocery
CUST00162,2022-04-14,102.33,Travel
CUST00162,2023-02-05,41.86,Grocery
CUST00162,2021-12-14,10.23,Dining
CUST00162,2024-06-12,57.69,Clothing
CUST00162,2024-03-23,19.41,Clothing
CUST00162,2024-12-08,186.51,Travel
CUST00162,2025-03-02,18.43,Travel
CUST00162,2022-09-02,12.47,Travel
CUST00162,2025-07-24,49.11,Dining
CUST00162,2023-02-03,7.73,Clothing
CUST00162,2024-12-21,78.7,Travel
CUST00162,2023-10-11,229.78,Dining
CUST00162,2021-10-02,30.62,Travel
CUST00163,2025-06-16,41.05,Travel
CUST00163,2024-01-14,61.96,Electronics
CUST00163,2024-05-12,192.48,Electronics
CUST00163,2023-02-20,38.63,Travel
CUST00163,2024-10-10,136.99,Dining
CUST00163,2023-04-23,9.42,Dining
CUST00163,2025-07-20,76.05,Electronics
CUST00163,2022-08-02,130.7,Electronics
CUST00163,2023-05-15,65.04,Travel
CUST00163,2025-06-30,108.63,Clothing
CUST00163,2023-07-24,26.61,Electronics
CUST00163,2025-03-22,79.43,Clothing
CUST00163,2024-09-22,51.78,Dining
CUST00163,2023-02-15,61.38,Dining
CUST00163,2023-08-11,71.21,Dining
CUST00163,2024-04-11,97.88,Grocery
CUST00163,2023-04-29,73.61,Electronics
CUST00163,2024-06-15,30.06,Grocery
CUST00163,2024-04-21,20.81,Grocery
CUST00163,2023-07-11,20.17,Electronics
CUST00163,2024-12-09,313.68,Electronics
CUST00163,2024-03-03,171.0,Electronics
CUST00163,2023-05-19,64.99,Electronics
CUST00163,2024-08-24,47.6,Grocery
CUST00163,2023-05-22,36.87,Grocery
CUST00163,2022-07-25,16.04,Travel
CUST00163,2025-01-08,22.09,Clothing
CUST00163,2023-05-08,27.3,Travel
CUST00163,2024-08-03,144.77,Grocery
CUST00163,2022-10-10,28.47,Clothing
CUST00163,2024-06-05,198.3,Electronics
CUST00163,2025-04-20,40.54,Dining
CUST00163,2023-03-03,120.72,Dining
CUST00163,2023-06-24,108.0,Electronics
CUST00163,2024-12-04,104.95,Dining
CUST00163,2022-10-16,47.83,Dining
CUST00163,2023-06-27,205.83,Travel
CUST00163,2023-04-04,120.26,Electronics
CUST00163,2023-06-12,152.97,Dining
CUST00163,2025-07-16,109.41,Travel
CUST00163,2022-09-29,31.17,Travel
CUST00163,2022-12-24,130.41,Travel
CUST00163,2023-01-09,40.88,Grocery
CUST00163,2022-11-06,173.89,Dining
CUST00163,2023-05-16,23.37,Dining
CUST00163,2023-06-03,7.52,Travel
CUST00163,2025-03-03,59.93,Clothing
CUST00163,2024-11-27,78.21,Electronics
CUST00163,2022-09-10,116.85,Dining
CUST00163,2022-12-04,100.51,Grocery
CUST00163,2024-01-05,27.4,Electronics
CUST00163,2025-07-25,92.27,Clothing
CUST00163,2022-12-08,60.51,Clothing
CUST00163,2024-10-27,203.67,Clothing
CUST00163,2024-08-07,121.66,Travel
CUST00163,2024-01-21,54.1,Dining
CUST00163,2022-12-10,34.81,Travel
CUST00163,2022-12-12,9.15,Electronics
CUST00163,2023-01-03,30.57,Dining
CUST00163,2024-11-15,35.9,Dining
CUST00163,2022-10-22,39.12,Grocery
CUST00163,2023-12-19,101.82,Clothing
CUST00163,2022-11-21,50.08,Dining
CUST00163,2024-04-29,66.51,Clothing
CUST00163,2024-01-05,189.54,Travel
CUST00163,2024-12-25,42.7,Electronics
CUST00163,2023-02-11,32.66,Dining
CUST00163,2023-09-01,6.61,Electronics
CUST00163,2024-09-13,154.18,Travel
CUST00163,2023-02-08,16.16,Grocery
CUST00163,2024-08-18,59.84,Electronics
CUST00163,2025-02-19,22.18,Grocery
CUST00163,2024-02-06,29.08,Clothing
CUST00163,2022-11-05,89.6,Clothing
CUST00163,2025-08-01,71.48,Dining
CUST00163,2023-11-14,31.61,Clothing
CUST00163,2024-03-23,133.32,Travel
CUST00163,2023-11-01,28.0,Clothing
CUST00163,2025-07-01,41.84,Grocery
CUST00163,2025-01-27,141.76,Dining
CUST00163,2025-04-17,76.09,Dining
CUST00163,2024-12-27,83.61,Dining
CUST00163,2024-06-04,102.09,Travel
CUST00163,2024-06-01,85.66,Electronics
CUST00163,2022-12-10,5.62,Electronics
CUST00163,2022-08-23,171.2,Grocery
CUST00163,2023-05-20,9.67,Clothing
CUST00163,2025-03-25,219.55,Clothing
CUST00163,2025-06-24,48.44,Travel
CUST00163,2023-11-27,46.27,Grocery
CUST00163,2023-09-29,7.04,Clothing
CUST00163,2022-10-18,13.79,Electronics
CUST00163,2023-10-07,212.78,Travel
CUST00163,2024-12-04,78.06,Travel
CUST00163,2023-10-27,16.96,Electronics
CUST00163,2023-11-20,64.19,Clothing
CUST00163,2023-10-06,63.21,Travel
CUST00163,2022-11-15,100.33,Travel
CUST00163,2025-06-23,6.11,Grocery
CUST00163,2022-10-09,305.67,Electronics
CUST00164,2023-11-01,67.7,Travel
CUST00164,2024-12-11,24.52,Grocery
CUST00164,2024-10-03,126.0,Clothing
CUST00164,2024-01-16,40.35,Travel
CUST00164,2024-08-01,49.44,Electronics
CUST00164,2025-05-18,26.55,Grocery
CUST00164,2025-07-28,64.35,Electronics
CUST00164,2023-12-11,52.5,Grocery
CUST00164,2023-03-28,66.66,Clothing
CUST00164,2024-04-05,35.36,Grocery
CUST00164,2025-06-22,11.5,Grocery
CUST00164,2024-07-08,155.84,Travel
CUST00164,2024-11-26,81.66,Grocery
CUST00164,2025-02-28,18.45,Clothing
CUST00164,2025-03-25,83.26,Electronics
CUST00164,2025-04-03,43.25,Travel
CUST00164,2024-06-14,35.25,Electronics
CUST00164,2024-11-14,31.27,Clothing
CUST00164,2025-05-28,15.16,Clothing
CUST00164,2024-04-18,98.85,Grocery
CUST00164,2023-03-19,70.92,Grocery
CUST00164,2024-11-08,35.17,Grocery
CUST00164,2024-12-28,128.47,Dining
CUST00164,2023-09-06,69.74,Electronics
CUST00164,2023-03-26,149.71,Dining
CUST00164,2024-02-03,43.45,Electronics
CUST00164,2025-05-19,26.46,Dining
CUST00164,2023-10-14,35.71,Travel
CUST00164,2024-08-14,65.04,Travel
CUST00164,2024-09-13,15.45,Clothing
CUST00164,2024-08-31,38.79,Clothing
CUST00164,2025-03-16,22.38,Electronics
CUST00164,2024-08-24,46.09,Dining
CUST00164,2024-01-07,39.32,Clothing
CUST00164,2025-04-17,17.23,Grocery
CUST00164,2023-11-10,72.62,Electronics
CUST00164,2023-07-29,63.57,Travel
CUST00164,2025-04-02,18.26,Dining
CUST00164,2023-05-28,58.04,Electronics
CUST00164,2024-04-23,318.82,Dining
CUST00164,2024-05-11,60.88,Electronics
CUST00164,2025-01-24,79.07,Travel
CUST00164,2024-01-01,59.72,Clothing
CUST00164,2023-08-22,115.85,Grocery
CUST00164,2025-05-23,45.87,Dining
CUST00164,2023-07-17,58.97,Electronics
CUST00164,2023-04-06,53.17,Travel
CUST00164,2024-06-04,55.64,Grocery
CUST00164,2025-06-28,68.77,Grocery
CUST00164,2023-07-02,221.08,Dining
CUST00164,2025-02-22,50.45,Travel
CUST00164,2024-11-07,101.22,Travel
CUST00164,2024-12-29,111.72,Electronics
CUST00164,2024-02-21,26.6,Dining
CUST00164,2024-02-18,154.61,Dining
CUST00164,2024-02-05,103.81,Electronics
CUST00164,2023-04-29,124.61,Dining
CUST00164,2023-05-15,182.51,Dining
CUST00164,2024-01-21,88.29,Travel
CUST00164,2023-09-05,46.02,Dining
CUST00164,2023-11-19,192.3,Clothing
CUST00164,2025-01-28,15.92,Electronics
CUST00164,2025-03-15,46.88,Clothing
CUST00164,2024-10-27,13.5,Clothing
CUST00164,2023-11-18,128.93,Electronics
CUST00164,2024-04-18,360.43,Clothing
CUST00164,2024-01-13,199.63,Electronics
CUST00164,2024-09-13,66.32,Clothing
CUST00164,2025-03-13,228.58,Dining
CUST00164,2024-08-24,77.89,Clothing
CUST00164,2024-10-16,6.12,Clothing
CUST00164,2025-03-05,44.35,Grocery
CUST00164,2025-03-28,310.29,Clothing
CUST00164,2025-05-06,72.04,Travel
CUST00164,2024-09-14,19.61,Electronics
CUST00164,2023-06-14,22.5,Clothing
CUST00164,2025-03-17,8.95,Electronics
CUST00164,2025-01-15,39.93,Travel
CUST00164,2024-07-25,28.9,Dining
CUST00164,2023-08-29,49.36,Electronics
CUST00164,2023-12-01,61.88,Grocery
CUST00164,2025-05-01,26.04,Grocery
CUST00164,2024-11-16,28.73,Travel
CUST00164,2024-10-06,158.57,Clothing
CUST00164,2023-10-06,14.39,Electronics
CUST00164,2024-05-31,19.11,Clothing
CUST00164,2024-03-24,208.09,Grocery
CUST00164,2024-07-22,26.15,Dining
CUST00164,2025-04-26,93.56,Clothing
CUST00164,2024-03-05,191.42,Grocery
CUST00164,2023-05-16,103.97,Dining
CUST00164,2024-07-05,41.96,Grocery
CUST00164,2024-07-31,86.25,Electronics
CUST00164,2025-04-12,90.35,Dining
CUST00164,2023-11-19,194.86,Travel
CUST00164,2023-12-31,266.12,Travel
CUST00164,2024-02-05,32.7,Grocery
CUST00164,2023-07-25,13.22,Dining
CUST00164,2023-08-11,28.92,Clothing
CUST00164,2024-11-03,12.76,Grocery
CUST00164,2025-03-24,76.88,Electronics
CUST00164,2023-09-25,49.05,Travel
CUST00164,2025-01-06,84.27,Travel
CUST00164,2023-11-02,18.34,Travel
CUST00164,2023-11-12,6.72,Clothing
CUST00164,2025-02-27,14.32,Clothing
CUST00165,2024-09-28,116.02,Dining
CUST00165,2024-02-15,23.27,Grocery
CUST00165,2025-07-09,47.48,Electronics
CUST00165,2025-05-21,31.39,Electronics
CUST00165,2023-04-15,111.42,Electronics
CUST00165,2025-06-10,5.67,Dining
CUST00165,2023-01-01,23.67,Grocery
CUST00165,2023-06-22,7.08,Electronics
CUST00165,2025-03-25,82.34,Travel
CUST00165,2023-07-30,33.64,Clothing
CUST00165,2023-08-23,5.49,Grocery
CUST00165,2023-11-23,12.33,Travel
CUST00165,2024-07-14,26.81,Electronics
CUST00165,2024-09-16,279.02,Electronics
CUST00165,2024-07-22,76.43,Dining
CUST00165,2025-01-30,75.59,Dining
CUST00165,2025-05-22,13.45,Electronics
CUST00165,2024-02-07,319.56,Travel
CUST00165,2024-09-05,55.22,Dining
CUST00165,2025-06-30,181.19,Travel
CUST00165,2022-11-02,97.58,Electronics
CUST00165,2025-05-25,7.9,Electronics
CUST00165,2024-08-04,86.91,Electronics
CUST00165,2024-05-27,43.98,Grocery
CUST00165,2023-03-21,101.87,Travel
CUST00165,2022-12-11,82.93,Clothing
CUST00165,2024-02-14,29.9,Electronics
CUST00165,2023-04-29,91.72,Clothing
CUST00165,2023-11-27,85.42,Dining
CUST00165,2024-12-22,58.14,Grocery
CUST00165,2023-07-30,32.49,Electronics
CUST00165,2022-12-20,259.05,Grocery
CUST00165,2023-04-23,11.65,Dining
CUST00165,2024-01-13,37.05,Grocery
CUST00165,2023-06-14,46.47,Dining
CUST00165,2024-03-31,5.78,Grocery
CUST00165,2025-02-09,174.79,Grocery
CUST00165,2022-12-22,152.6,Grocery
CUST00165,2023-01-26,53.99,Travel
CUST00165,2023-07-09,16.24,Dining
CUST00165,2022-11-30,24.52,Travel
CUST00165,2023-12-26,5.88,Clothing
CUST00165,2022-12-03,183.95,Electronics
CUST00165,2023-12-14,299.21,Clothing
CUST00165,2024-05-07,9.68,Electronics
CUST00165,2023-08-24,96.99,Grocery
CUST00165,2024-08-13,105.87,Electronics
CUST00165,2023-09-14,140.25,Travel
CUST00165,2024-09-27,103.19,Grocery
CUST00165,2023-01-09,86.64,Dining
CUST00165,2024-03-14,37.61,Electronics
CUST00165,2024-03-28,68.49,Travel
CUST00165,2025-06-19,48.49,Electronics
CUST00165,2023-11-10,276.47,Dining
CUST00165,2023-12-05,91.0,Grocery
CUST00165,2022-11-20,20.93,Dining
CUST00165,2023-07-16,51.2,Grocery
CUST00165,2023-10-08,45.92,Dining
CUST00165,2024-09-27,88.07,Electronics
CUST00165,2024-07-27,62.48,Dining
CUST00165,2023-11-08,716.16,Grocery
CUST00165,2025-07-18,53.33,Grocery
CUST00165,2022-12-03,33.0,Grocery
CUST00165,2024-07-12,132.32,Travel
CUST00165,2023-08-06,6.21,Clothing
CUST00165,2024-03-18,26.21,Clothing
CUST00165,2025-04-06,197.6,Dining
CUST00165,2023-05-10,45.69,Travel
CUST00165,2024-05-31,42.88,Dining
CUST00165,2024-04-21,143.95,Electronics
CUST00165,2024-06-13,93.01,Travel
CUST00165,2024-01-21,104.41,Electronics
CUST00165,2024-04-10,203.75,Dining
CUST00165,2024-03-07,35.64,Clothing
CUST00165,2023-05-01,35.61,Electronics
CUST00165,2024-02-14,14.02,Dining
CUST00165,2023-06-26,15.03,Clothing
CUST00165,2022-11-23,196.01,Travel
CUST00165,2024-09-26,190.73,Clothing
CUST00165,2023-03-04,35.21,Clothing
CUST00165,2025-06-18,5.02,Electronics
CUST00165,2024-06-29,48.74,Travel
CUST00165,2024-12-30,180.16,Clothing
CUST00165,2024-10-01,15.99,Electronics
CUST00165,2025-01-15,237.07,Electronics
CUST00165,2023-10-22,9.89,Grocery
CUST00165,2024-03-22,25.91,Electronics
CUST00165,2025-05-15,163.76,Dining
CUST00165,2023-11-16,87.11,Clothing
CUST00165,2024-03-22,56.88,Travel
CUST00165,2023-08-27,80.43,Electronics
CUST00165,2024-02-13,143.0,Dining
CUST00165,2024-09-22,14.74,Dining
CUST00165,2023-12-05,88.95,Clothing
CUST00165,2023-12-03,103.35,Clothing
CUST00165,2023-04-13,68.23,Grocery
CUST00165,2023-09-24,14.44,Clothing
CUST00165,2023-05-08,84.02,Grocery
CUST00165,2024-01-26,31.55,Grocery
CUST00165,2025-06-21,128.93,Clothing
CUST00165,2022-11-27,13.21,Grocery
CUST00165,2022-10-25,103.43,Electronics
CUST00165,2025-02-02,78.11,Dining
CUST00166,2025-07-11,271.75,Grocery
CUST00166,2025-07-20,45.19,Clothing
CUST00166,2025-07-01,210.67,Clothing
CUST00166,2025-07-23,112.76,Electronics
CUST00166,2025-07-17,294.53,Grocery
CUST00166,2025-07-10,59.69,Dining
CUST00166,2025-07-27,68.45,Electronics
CUST00166,2025-07-24,13.64,Travel
CUST00166,2025-07-17,50.68,Grocery
CUST00166,2025-06-22,90.96,Electronics
CUST00166,2025-07-11,22.19,Travel
CUST00166,2025-07-29,102.17,Dining
CUST00166,2025-07-03,63.67,Clothing
CUST00166,2025-06-19,88.73,Dining
CUST00166,2025-06-21,120.33,Dining
CUST00166,2025-07-06,50.82,Grocery
CUST00166,2025-07-17,93.14,Grocery
CUST00166,2025-07-15,34.25,Travel
CUST00166,2025-07-13,20.25,Clothing
CUST00166,2025-06-28,51.49,Clothing
CUST00166,2025-06-24,115.51,Electronics
CUST00166,2025-07-20,194.12,Dining
CUST00166,2025-06-27,70.69,Clothing
CUST00166,2025-07-16,5.37,Travel
CUST00166,2025-07-06,5.23,Electronics
CUST00166,2025-07-15,85.4,Travel
CUST00166,2025-06-21,35.59,Clothing
CUST00166,2025-07-27,25.09,Clothing
CUST00166,2025-07-04,117.86,Grocery
CUST00166,2025-07-27,90.25,Electronics
CUST00166,2025-07-24,39.89,Travel
CUST00166,2025-06-30,50.44,Clothing
CUST00166,2025-07-14,21.77,Travel
CUST00166,2025-07-05,187.45,Clothing
CUST00166,2025-07-05,66.91,Dining
CUST00166,2025-07-20,18.34,Electronics
CUST00166,2025-07-02,98.93,Clothing
CUST00166,2025-07-02,97.64,Dining
CUST00166,2025-07-23,7.31,Travel
CUST00166,2025-07-28,5.74,Electronics
CUST00166,2025-07-20,163.9,Clothing
CUST00166,2025-06-19,67.77,Travel
CUST00166,2025-06-27,94.11,Clothing
CUST00166,2025-06-23,8.29,Electronics
CUST00166,2025-07-17,100.8,Electronics
CUST00166,2025-07-25,130.87,Electronics
CUST00166,2025-07-31,145.8,Dining
CUST00166,2025-07-07,18.47,Dining
CUST00166,2025-07-14,5.93,Travel
CUST00166,2025-07-18,60.27,Travel
CUST00166,2025-07-25,50.31,Dining
CUST00166,2025-07-29,57.29,Grocery
CUST00166,2025-07-23,149.65,Clothing
CUST00166,2025-07-08,22.41,Grocery
CUST00166,2025-07-24,29.99,Electronics
CUST00166,2025-07-22,40.43,Travel
CUST00166,2025-07-09,51.41,Grocery
CUST00166,2025-07-29,53.21,Dining
CUST00166,2025-07-12,19.12,Clothing
CUST00166,2025-07-09,60.16,Clothing
CUST00166,2025-07-29,41.05,Clothing
CUST00166,2025-06-28,166.43,Clothing
CUST00166,2025-07-12,49.05,Electronics
CUST00166,2025-07-23,97.68,Electronics
CUST00166,2025-06-30,126.91,Travel
CUST00166,2025-07-11,64.25,Electronics
CUST00166,2025-07-04,102.27,Travel
CUST00166,2025-07-17,185.49,Clothing
CUST00166,2025-07-16,53.82,Grocery
CUST00166,2025-07-24,12.64,Electronics
CUST00166,2025-07-07,245.14,Clothing
CUST00166,2025-07-10,60.61,Dining
CUST00166,2025-07-28,62.14,Clothing
CUST00166,2025-07-15,155.09,Electronics
CUST00166,2025-06-22,52.01,Travel
CUST00166,2025-07-18,21.37,Clothing
CUST00166,2025-06-27,22.04,Grocery
CUST00166,2025-07-28,14.78,Grocery
CUST00166,2025-06-25,7.03,Electronics
CUST00166,2025-07-15,148.74,Clothing
CUST00166,2025-06-23,24.07,Dining
CUST00166,2025-06-25,23.03,Clothing
CUST00166,2025-06-22,41.95,Dining
CUST00166,2025-07-07,93.17,Dining
CUST00166,2025-07-07,49.95,Clothing
CUST00166,2025-07-28,39.48,Dining
CUST00166,2025-07-12,333.89,Grocery
CUST00166,2025-07-24,254.39,Grocery
CUST00166,2025-07-06,108.89,Dining
CUST00166,2025-07-15,33.35,Clothing
CUST00166,2025-07-01,27.62,Grocery
CUST00166,2025-06-20,22.12,Grocery
CUST00166,2025-06-30,57.77,Electronics
CUST00166,2025-07-14,17.46,Travel
CUST00166,2025-07-10,263.34,Grocery
CUST00166,2025-07-17,19.56,Travel
CUST00166,2025-07-26,10.55,Travel
CUST00166,2025-07-14,25.21,Grocery
CUST00166,2025-07-16,120.85,Grocery
CUST00166,2025-07-06,74.65,Grocery
CUST00166,2025-07-20,49.64,Electronics
CUST00166,2025-07-10,55.68,Travel
CUST00166,2025-06-21,55.86,Electronics
CUST00166,2025-07-19,141.42,Dining
CUST00166,2025-07-02,47.85,Clothing
CUST00166,2025-07-23,190.38,Electronics
CUST00166,2025-07-22,228.73,Travel
CUST00166,2025-06-21,136.31,Dining
CUST00166,2025-06-24,43.75,Clothing
CUST00166,2025-07-19,98.14,Travel
CUST00166,2025-06-28,32.15,Dining
CUST00166,2025-07-03,183.3,Clothing
CUST00166,2025-06-29,90.41,Dining
CUST00166,2025-07-29,206.51,Dining
CUST00167,2024-07-26,51.99,Clothing
CUST00167,2024-11-10,118.49,Dining
CUST00167,2025-05-13,280.47,Electronics
CUST00167,2024-10-01,23.36,Clothing
CUST00167,2024-10-05,51.32,Travel
CUST00167,2024-07-18,28.86,Dining
CUST00167,2025-02-23,12.96,Travel
CUST00167,2025-06-13,172.65,Grocery
CUST00167,2024-10-20,5.23,Clothing
CUST00167,2025-01-21,45.38,Grocery
CUST00167,2025-05-24,147.11,Clothing
CUST00167,2025-06-27,62.85,Clothing
CUST00167,2024-06-23,656.18,Grocery
CUST00167,2025-03-30,22.82,Grocery
CUST00167,2024-12-14,196.12,Dining
CUST00167,2024-05-20,38.88,Dining
CUST00167,2024-10-01,13.04,Dining
CUST00167,2025-04-03,163.71,Electronics
CUST00167,2024-12-30,135.97,Grocery
CUST00167,2024-10-02,74.87,Grocery
CUST00167,2024-11-20,113.21,Clothing
CUST00167,2024-09-05,108.85,Grocery
CUST00167,2025-03-27,45.21,Grocery
CUST00167,2024-06-13,34.83,Dining
CUST00167,2024-07-14,83.8,Travel
CUST00167,2024-06-17,23.7,Electronics
CUST00167,2024-09-13,20.17,Travel
CUST00167,2025-07-14,85.63,Grocery
CUST00167,2025-06-29,15.67,Travel
CUST00167,2024-05-26,8.14,Grocery
CUST00167,2024-07-16,216.4,Clothing
CUST00167,2024-06-21,148.78,Travel
CUST00167,2024-09-30,31.92,Dining
CUST00167,2025-04-28,34.79,Dining
CUST00167,2025-04-22,146.72,Clothing
CUST00167,2024-07-07,47.73,Travel
CUST00167,2025-01-10,189.46,Electronics
CUST00167,2024-06-20,42.4,Travel
CUST00167,2025-02-07,21.27,Grocery
CUST00167,2024-05-22,6.79,Travel
CUST00167,2024-11-09,22.11,Travel
CUST00167,2025-06-06,9.77,Dining
CUST00167,2025-01-17,169.22,Dining
CUST00167,2024-05-28,62.36,Grocery
CUST00167,2025-07-15,22.63,Clothing
CUST00167,2025-01-08,11.64,Travel
CUST00167,2025-04-01,146.91,Electronics
CUST00167,2025-07-31,6.54,Travel
CUST00167,2024-06-04,11.08,Grocery
CUST00167,2024-11-01,77.5,Grocery
CUST00167,2024-05-24,87.02,Clothing
CUST00167,2024-07-17,107.23,Clothing
CUST00167,2025-07-05,78.1,Clothing
CUST00167,2025-01-18,135.64,Grocery
CUST00167,2024-09-29,35.71,Grocery
CUST00167,2024-07-05,188.96,Electronics
CUST00167,2024-12-14,91.19,Travel
CUST00167,2024-07-22,73.92,Grocery
CUST00167,2025-07-17,136.46,Travel
CUST00167,2025-06-27,79.26,Electronics
CUST00167,2024-06-04,74.42,Electronics
CUST00167,2025-02-11,55.17,Travel
CUST00167,2024-07-23,12.68,Dining
CUST00167,2024-10-28,44.79,Travel
CUST00167,2025-07-17,54.02,Electronics
CUST00167,2024-06-11,92.98,Dining
CUST00167,2024-11-19,21.79,Grocery
CUST00167,2024-08-21,66.03,Grocery
CUST00167,2025-01-23,7.88,Electronics
CUST00167,2024-06-29,31.93,Clothing
CUST00167,2024-12-13,41.41,Grocery
CUST00167,2024-10-19,164.48,Grocery
CUST00167,2025-03-22,9.88,Dining
CUST00167,2024-09-15,154.22,Electronics
CUST00167,2025-03-24,74.44,Clothing
CUST00167,2024-09-16,104.05,Clothing
CUST00167,2025-04-08,139.76,Travel
CUST00167,2025-05-31,72.59,Dining
CUST00167,2024-11-23,297.63,Clothing
CUST00167,2025-03-29,35.09,Grocery
CUST00167,2025-07-31,45.88,Electronics
CUST00167,2025-04-18,274.16,Dining
CUST00167,2024-11-01,40.17,Clothing
CUST00167,2025-05-03,5.67,Clothing
CUST00167,2024-07-03,19.74,Dining
CUST00167,2024-08-09,128.81,Electronics
CUST00167,2024-10-04,63.73,Clothing
CUST00167,2024-08-31,10.21,Clothing
CUST00167,2024-10-02,6.61,Grocery
CUST00167,2025-07-27,169.17,Dining
CUST00167,2024-12-08,17.17,Travel
CUST00167,2025-02-06,44.5,Travel
CUST00167,2024-11-03,58.96,Clothing
CUST00167,2024-11-06,44.15,Dining
CUST00167,2025-05-26,119.91,Travel
CUST00167,2024-09-20,27.74,Travel
CUST00167,2025-02-07,31.5,Clothing
CUST00167,2024-07-08,73.7,Dining
CUST00167,2024-06-19,137.14,Grocery
CUST00167,2024-11-15,239.97,Travel
CUST00167,2024-12-28,18.74,Dining
CUST00167,2024-11-29,213.66,Clothing
CUST00167,2025-07-21,30.8,Grocery
CUST00168,2025-07-10,54.09,Dining
CUST00168,2025-07-25,31.5,Travel
CUST00168,2025-07-25,112.55,Clothing
CUST00168,2025-06-17,19.22,Dining
CUST00168,2025-06-25,71.38,Electronics
CUST00168,2025-05-25,7.73,Dining
CUST00168,2025-07-25,103.23,Grocery
CUST00168,2025-06-27,302.16,Grocery
CUST00168,2025-06-11,36.63,Dining
CUST00168,2025-05-13,27.4,Travel
CUST00168,2025-07-18,34.44,Travel
CUST00168,2025-05-11,8.08,Grocery
CUST00168,2025-05-04,45.6,Clothing
CUST00168,2025-06-14,76.56,Grocery
CUST00168,2025-06-25,123.99,Dining
CUST00168,2025-05-07,122.38,Travel
CUST00168,2025-07-26,28.66,Grocery
CUST00168,2025-06-13,27.15,Clothing
CUST00168,2025-06-17,249.14,Clothing
CUST00168,2025-07-15,59.4,Grocery
CUST00168,2025-06-12,41.37,Dining
CUST00168,2025-07-05,77.19,Dining
CUST00168,2025-06-09,33.01,Clothing
CUST00168,2025-06-14,29.48,Travel
CUST00168,2025-06-12,59.48,Travel
CUST00168,2025-06-02,40.41,Dining
CUST00168,2025-05-11,7.41,Electronics
CUST00168,2025-06-27,148.98,Electronics
CUST00168,2025-05-19,18.03,Grocery
CUST00168,2025-06-28,27.38,Electronics
CUST00168,2025-05-04,13.08,Dining
CUST00168,2025-07-09,128.75,Grocery
CUST00168,2025-06-26,33.09,Dining
CUST00168,2025-05-15,18.4,Electronics
CUST00168,2025-05-29,12.75,Dining
CUST00168,2025-06-07,28.68,Dining
CUST00168,2025-07-08,60.5,Clothing
CUST00168,2025-06-04,101.91,Grocery
CUST00168,2025-07-05,157.68,Travel
CUST00168,2025-07-31,22.3,Travel
CUST00168,2025-07-14,155.68,Clothing
CUST00168,2025-05-18,35.75,Travel
CUST00168,2025-06-15,15.86,Travel
CUST00168,2025-07-25,57.99,Travel
CUST00168,2025-05-06,64.3,Electronics
CUST00168,2025-06-12,58.67,Electronics
CUST00168,2025-06-30,32.03,Travel
CUST00168,2025-07-05,6.95,Dining
CUST00168,2025-07-03,53.83,Travel
CUST00168,2025-07-03,188.9,Electronics
CUST00168,2025-07-17,30.85,Electronics
CUST00168,2025-07-21,7.21,Grocery
CUST00168,2025-06-14,83.23,Electronics
CUST00168,2025-06-09,19.82,Dining
CUST00168,2025-05-05,72.17,Electronics
CUST00168,2025-06-25,125.51,Electronics
CUST00168,2025-07-28,33.73,Clothing
CUST00168,2025-07-15,184.06,Electronics
CUST00168,2025-05-05,6.68,Clothing
CUST00168,2025-05-28,48.4,Travel
CUST00168,2025-07-24,118.46,Grocery
CUST00168,2025-07-14,36.09,Electronics
CUST00168,2025-07-11,178.63,Travel
CUST00168,2025-06-14,110.32,Dining
CUST00168,2025-06-24,186.21,Travel
CUST00168,2025-07-14,11.25,Grocery
CUST00168,2025-06-21,30.03,Electronics
CUST00168,2025-05-04,84.96,Grocery
CUST00168,2025-06-15,53.41,Grocery
CUST00168,2025-05-29,105.82,Clothing
CUST00168,2025-05-19,52.79,Grocery
CUST00168,2025-05-23,11.95,Electronics
CUST00168,2025-06-06,77.57,Clothing
CUST00168,2025-07-18,107.83,Dining
CUST00168,2025-06-14,48.47,Travel
CUST00168,2025-06-13,239.62,Clothing
CUST00168,2025-05-08,16.38,Travel
CUST00168,2025-05-04,81.77,Clothing
CUST00168,2025-07-30,35.12,Travel
CUST00168,2025-05-07,109.31,Electronics
CUST00168,2025-07-13,162.03,Grocery
CUST00168,2025-07-26,112.2,Clothing
CUST00168,2025-06-16,89.16,Electronics
CUST00168,2025-07-08,79.8,Dining
CUST00168,2025-07-10,48.76,Electronics
CUST00168,2025-07-31,122.62,Electronics
CUST00168,2025-07-29,13.42,Travel
CUST00168,2025-05-12,52.38,Dining
CUST00168,2025-07-13,107.94,Clothing
CUST00168,2025-05-13,27.65,Electronics
CUST00168,2025-06-10,81.07,Electronics
CUST00168,2025-05-09,9.64,Dining
CUST00168,2025-05-07,34.1,Clothing
CUST00168,2025-05-23,9.95,Clothing
CUST00168,2025-07-16,127.12,Electronics
CUST00168,2025-07-20,102.51,Travel
CUST00168,2025-06-16,340.31,Grocery
CUST00168,2025-05-27,13.88,Travel
CUST00168,2025-07-11,24.19,Dining
CUST00168,2025-07-04,113.64,Clothing
CUST00168,2025-05-08,381.76,Grocery
CUST00168,2025-05-07,30.88,Clothing
CUST00168,2025-05-15,10.66,Electronics
CUST00168,2025-06-02,63.13,Travel
CUST00168,2025-06-19,34.59,Grocery
CUST00168,2025-05-16,213.28,Travel
CUST00168,2025-05-06,241.04,Dining
CUST00168,2025-07-19,86.29,Dining
CUST00168,2025-06-06,201.0,Travel
CUST00168,2025-06-05,141.87,Electronics
CUST00169,2021-02-25,190.14,Clothing
CUST00169,2020-12-03,18.25,Dining
CUST00169,2022-01-23,15.28,Travel
CUST00169,2022-01-19,21.69,Dining
CUST00169,2025-03-30,33.48,Electronics
CUST00169,2021-09-04,7.28,Electronics
CUST00169,2025-02-27,42.37,Clothing
CUST00169,2023-09-07,201.23,Electronics
CUST00169,2025-01-11,60.85,Dining
CUST00169,2023-01-31,63.26,Electronics
CUST00169,2022-03-15,13.58,Dining
CUST00169,2020-08-12,41.38,Electronics
CUST00169,2025-04-04,122.07,Travel
CUST00169,2021-09-18,8.16,Clothing
CUST00169,2023-04-15,19.19,Electronics
CUST00169,2023-10-14,250.44,Travel
CUST00169,2024-10-04,76.89,Clothing
CUST00169,2021-03-15,181.27,Electronics
CUST00169,2023-07-26,104.29,Clothing
CUST00169,2025-01-03,53.36,Dining
CUST00169,2021-09-24,14.85,Clothing
CUST00169,2024-06-09,168.51,Electronics
CUST00169,2023-11-17,56.36,Clothing
CUST00169,2023-07-26,123.29,Dining
CUST00169,2023-09-26,128.61,Grocery
CUST00169,2023-05-04,13.19,Electronics
CUST00169,2022-10-12,76.78,Clothing
CUST00169,2023-10-12,92.89,Grocery
CUST00169,2022-12-22,26.58,Dining
CUST00169,2024-06-27,62.92,Travel
CUST00169,2021-04-16,14.02,Electronics
CUST00169,2024-04-09,75.65,Dining
CUST00169,2024-07-01,81.37,Grocery
CUST00169,2021-05-14,80.91,Dining
CUST00169,2022-04-29,80.71,Travel
CUST00169,2024-12-03,90.27,Travel
CUST00169,2023-12-16,266.32,Grocery
CUST00169,2021-02-09,39.0,Grocery
CUST00169,2023-02-21,29.5,Clothing
CUST00169,2021-05-14,162.47,Grocery
CUST00169,2022-11-17,52.68,Clothing
CUST00169,2022-12-26,10.09,Dining
CUST00169,2020-09-17,85.51,Travel
CUST00169,2023-10-23,21.64,Grocery
CUST00169,2022-03-31,56.49,Electronics
CUST00169,2024-03-27,60.35,Dining
CUST00169,2024-12-04,135.59,Electronics
CUST00169,2023-10-07,176.38,Electronics
CUST00169,2024-07-21,26.84,Electronics
CUST00169,2024-07-08,28.1,Electronics
CUST00169,2021-08-05,10.61,Clothing
CUST00169,2022-07-12,17.98,Travel
CUST00169,2022-03-16,35.39,Travel
CUST00169,2022-08-08,162.74,Dining
CUST00169,2024-10-13,34.59,Dining
CUST00169,2022-06-21,10.55,Clothing
CUST00169,2021-03-11,32.52,Travel
CUST00169,2024-03-29,18.13,Clothing
CUST00169,2020-11-30,21.44,Clothing
CUST00169,2020-11-14,126.14,Travel
CUST00169,2022-11-23,185.4,Dining
CUST00169,2024-02-03,22.82,Travel
CUST00169,2021-02-16,65.77,Electronics
CUST00169,2024-12-25,53.23,Travel
CUST00169,2022-09-29,52.6,Electronics
CUST00169,2024-10-10,50.21,Electronics
CUST00169,2021-04-20,5.26,Travel
CUST00169,2020-09-12,116.59,Electronics
CUST00169,2021-08-28,56.5,Dining
CUST00169,2024-10-27,9.58,Electronics
CUST00169,2021-01-25,48.24,Travel
CUST00169,2020-10-14,133.95,Travel
CUST00169,2020-11-06,16.93,Travel
CUST00169,2021-08-06,5.45,Grocery
CUST00169,2021-04-09,87.95,Travel
CUST00169,2024-10-04,33.55,Grocery
CUST00169,2024-09-24,74.75,Dining
CUST00169,2021-09-17,50.05,Electronics
CUST00169,2023-12-06,13.49,Dining
CUST00169,2024-05-31,20.04,Electronics
CUST00169,2021-11-01,99.19,Electronics
CUST00169,2021-07-12,33.52,Clothing
CUST00169,2024-08-12,45.34,Dining
CUST00169,2023-05-21,172.6,Dining
CUST00169,2025-03-11,84.69,Dining
CUST00169,2021-01-14,163.96,Grocery
CUST00169,2022-08-17,68.43,Dining
CUST00169,2021-05-31,12.02,Travel
CUST00169,2023-06-15,49.81,Electronics
CUST00169,2020-11-03,126.56,Dining
CUST00169,2022-04-26,18.09,Electronics
CUST00169,2024-10-03,118.79,Dining
CUST00169,2021-04-01,21.04,Travel
CUST00169,2020-12-29,7.82,Dining
CUST00169,2024-07-10,11.25,Dining
CUST00169,2023-01-09,33.42,Travel
CUST00169,2022-10-28,498.4,Clothing
CUST00169,2024-10-14,195.81,Travel
CUST00169,2024-07-22,24.09,Grocery
CUST00169,2022-04-22,80.44,Electronics
CUST00169,2025-07-08,10.59,Dining
CUST00169,2020-10-17,71.17,Dining
CUST00169,2023-12-10,49.68,Clothing
CUST00169,2023-12-24,47.9,Electronics
CUST00170,2023-04-23,185.12,Travel
CUST00170,2022-10-20,257.25,Clothing
CUST00170,2023-07-12,49.51,Dining
CUST00170,2023-01-02,43.87,Dining
CUST00170,2025-06-04,168.09,Travel
CUST00170,2023-06-23,9.56,Clothing
CUST00170,2024-04-17,57.17,Travel
CUST00170,2023-06-04,40.19,Grocery
CUST00170,2024-11-13,54.6,Clothing
CUST00170,2024-06-02,135.24,Grocery
CUST00170,2025-07-23,27.62,Dining
CUST00170,2022-03-16,207.7,Grocery
CUST00170,2023-11-05,67.87,Grocery
CUST00170,2024-03-30,137.14,Grocery
CUST00170,2023-03-16,27.54,Travel
CUST00170,2022-01-30,189.15,Clothing
CUST00170,2023-11-28,29.7,Dining
CUST00170,2023-03-14,93.26,Travel
CUST00170,2022-06-24,105.16,Travel
CUST00170,2023-07-11,298.89,Clothing
CUST00170,2022-02-18,88.1,Travel
CUST00170,2023-06-23,49.07,Travel
CUST00170,2022-05-13,6.08,Electronics
CUST00170,2025-06-12,333.13,Electronics
CUST00170,2024-11-15,9.72,Grocery
CUST00170,2022-04-18,33.21,Dining
CUST00170,2025-04-29,125.27,Dining
CUST00170,2023-04-11,116.18,Grocery
CUST00170,2023-07-19,12.28,Clothing
CUST00170,2022-05-05,21.22,Clothing
CUST00170,2023-06-10,23.93,Electronics
CUST00170,2023-09-10,54.58,Electronics
CUST00170,2024-09-06,86.87,Electronics
CUST00170,2022-11-24,75.97,Electronics
CUST00170,2025-05-26,9.45,Electronics
CUST00170,2022-11-28,53.99,Clothing
CUST00170,2022-11-30,74.71,Dining
CUST00170,2023-10-04,6.51,Electronics
CUST00170,2022-03-21,7.76,Electronics
CUST00170,2025-01-10,20.14,Travel
CUST00170,2024-08-02,113.16,Travel
CUST00170,2022-08-03,65.31,Travel
CUST00170,2024-01-18,106.64,Electronics
CUST00170,2025-02-19,6.69,Travel
CUST00170,2023-09-26,32.13,Travel
CUST00170,2022-03-08,81.97,Grocery
CUST00170,2024-07-21,99.16,Travel
CUST00170,2024-06-28,26.5,Clothing
CUST00170,2022-12-05,75.82,Dining
CUST00170,2023-05-27,24.07,Electronics
CUST00170,2023-06-19,74.6,Electronics
CUST00170,2023-10-22,53.39,Grocery
CUST00170,2023-12-04,58.55,Clothing
CUST00170,2025-06-20,73.72,Clothing
CUST00170,2025-05-20,68.65,Dining
CUST00170,2022-12-17,28.13,Grocery
CUST00170,2022-11-15,15.89,Travel
CUST00170,2025-01-11,42.16,Grocery
CUST00170,2024-04-04,21.19,Grocery
CUST00170,2025-07-11,55.08,Grocery
CUST00170,2023-03-28,77.45,Dining
CUST00170,2024-01-01,256.04,Dining
CUST00170,2023-07-13,77.46,Travel
CUST00170,2025-01-24,10.29,Electronics
CUST00170,2024-03-18,79.79,Grocery
CUST00170,2023-05-02,76.57,Dining
CUST00170,2022-09-21,74.7,Travel
CUST00170,2023-04-12,154.38,Travel
CUST00170,2022-10-04,125.61,Electronics
CUST00170,2025-04-28,33.56,Clothing
CUST00170,2025-05-20,178.58,Electronics
CUST00170,2024-03-30,290.54,Clothing
CUST00170,2023-11-29,438.87,Clothing
CUST00170,2024-02-07,62.4,Travel
CUST00170,2024-07-14,149.12,Travel
CUST00170,2023-05-13,18.06,Electronics
CUST00170,2022-05-15,76.39,Clothing
CUST00170,2023-11-03,32.03,Grocery
CUST00170,2025-01-20,100.22,Electronics
CUST00170,2022-05-22,85.25,Electronics
CUST00170,2022-06-17,115.22,Grocery
CUST00170,2022-10-03,186.53,Electronics
CUST00170,2023-12-07,117.02,Clothing
CUST00170,2025-07-01,21.93,Clothing
CUST00170,2024-12-20,117.2,Clothing
CUST00170,2022-09-07,173.06,Clothing
CUST00170,2024-06-11,99.37,Dining
CUST00170,2025-04-05,17.41,Dining
CUST00170,2022-09-02,83.5,Electronics
CUST00170,2023-01-11,38.27,Grocery
CUST00170,2023-01-17,132.47,Grocery
CUST00170,2024-01-04,223.56,Dining
CUST00170,2025-02-18,161.57,Dining
CUST00171,2025-07-18,84.02,Grocery
CUST00171,2025-07-28,26.42,Travel
CUST00171,2025-07-30,94.2,Travel
CUST00171,2025-07-23,6.9,Electronics
CUST00171,2025-07-25,67.16,Dining
CUST00171,2025-07-30,118.37,Grocery
CUST00171,2025-07-22,21.38,Electronics
CUST00171,2025-07-20,8.91,Clothing
CUST00171,2025-07-21,10.56,Electronics
CUST00171,2025-07-17,81.08,Travel
CUST00171,2025-07-22,41.31,Travel
CUST00171,2025-07-21,277.18,Electronics
CUST00171,2025-07-21,243.34,Electronics
CUST00171,2025-07-24,108.76,Dining
CUST00171,2025-07-27,14.54,Clothing
CUST00171,2025-07-21,10.5,Clothing
CUST00171,2025-07-26,13.74,Dining
CUST00171,2025-07-29,30.16,Clothing
CUST00171,2025-07-29,64.75,Dining
CUST00171,2025-07-23,20.78,Travel
CUST00171,2025-07-29,98.19,Travel
CUST00171,2025-07-27,224.8,Electronics
CUST00171,2025-07-18,725.26,Dining
CUST00171,2025-07-31,149.78,Electronics
CUST00171,2025-07-19,6.65,Travel
CUST00171,2025-07-19,12.83,Grocery
CUST00171,2025-07-20,116.27,Clothing
CUST00171,2025-07-19,171.16,Travel
CUST00171,2025-07-25,62.65,Clothing
CUST00171,2025-07-22,170.52,Electronics
CUST00171,2025-07-20,73.23,Clothing
CUST00171,2025-07-22,49.87,Electronics
CUST00171,2025-07-23,134.24,Travel
CUST00171,2025-07-23,62.06,Travel
CUST00171,2025-07-18,17.35,Grocery
CUST00171,2025-07-28,19.63,Grocery
CUST00171,2025-07-18,158.62,Dining
CUST00171,2025-07-23,92.97,Clothing
CUST00171,2025-07-20,12.68,Clothing
CUST00171,2025-07-22,19.96,Travel
CUST00171,2025-07-30,11.48,Electronics
CUST00171,2025-07-19,23.7,Grocery
CUST00171,2025-07-21,170.56,Clothing
CUST00171,2025-07-27,85.76,Grocery
CUST00171,2025-07-29,62.48,Dining
CUST00171,2025-07-29,57.69,Travel
CUST00171,2025-07-24,21.49,Dining
CUST00171,2025-08-01,130.81,Grocery
CUST00171,2025-07-20,79.64,Clothing
CUST00171,2025-07-26,28.92,Electronics
CUST00171,2025-07-28,63.16,Travel
CUST00171,2025-07-21,171.84,Clothing
CUST00171,2025-08-01,159.31,Clothing
CUST00171,2025-07-27,80.23,Clothing
CUST00171,2025-07-20,40.19,Dining
CUST00171,2025-07-27,204.58,Electronics
CUST00171,2025-07-24,13.66,Clothing
CUST00171,2025-07-31,99.48,Clothing
CUST00171,2025-07-21,33.05,Dining
CUST00171,2025-07-26,70.79,Clothing
CUST00171,2025-07-19,9.93,Travel
CUST00171,2025-07-18,99.54,Dining
CUST00171,2025-07-31,243.17,Clothing
CUST00171,2025-07-27,205.05,Electronics
CUST00171,2025-07-26,20.57,Dining
CUST00171,2025-07-22,73.73,Dining
CUST00171,2025-07-19,89.81,Electronics
CUST00171,2025-07-22,30.49,Electronics
CUST00171,2025-07-26,26.39,Electronics
CUST00171,2025-07-20,20.52,Clothing
CUST00171,2025-07-29,64.7,Clothing
CUST00171,2025-07-25,9.33,Travel
CUST00171,2025-07-18,18.14,Clothing
CUST00171,2025-07-27,51.3,Travel
CUST00171,2025-07-26,15.69,Electronics
CUST00171,2025-07-22,7.59,Travel
CUST00171,2025-07-22,86.68,Travel
CUST00171,2025-07-28,95.19,Travel
CUST00171,2025-07-24,16.51,Grocery
CUST00171,2025-07-20,290.44,Travel
CUST00171,2025-07-23,146.07,Electronics
CUST00171,2025-07-27,46.37,Clothing
CUST00171,2025-07-21,28.26,Electronics
CUST00171,2025-07-29,255.55,Travel
CUST00171,2025-07-27,57.61,Dining
CUST00171,2025-07-17,208.77,Grocery
CUST00171,2025-07-27,215.64,Grocery
CUST00171,2025-07-24,42.68,Dining
CUST00171,2025-07-28,202.39,Electronics
CUST00171,2025-07-24,46.89,Travel
CUST00171,2025-07-28,364.73,Dining
CUST00171,2025-07-26,41.17,Clothing
CUST00171,2025-07-24,22.41,Clothing
CUST00171,2025-07-20,42.17,Electronics
CUST00171,2025-07-26,271.34,Clothing
CUST00171,2025-07-19,261.87,Dining
CUST00171,2025-07-17,83.12,Travel
CUST00171,2025-07-31,49.51,Clothing
CUST00171,2025-07-29,139.24,Grocery
CUST00171,2025-07-19,41.74,Dining
CUST00172,2025-07-14,166.97,Travel
CUST00172,2025-07-13,26.84,Electronics
CUST00172,2025-07-10,99.74,Grocery
CUST00172,2025-07-12,77.68,Electronics
CUST00172,2025-07-22,45.47,Electronics
CUST00172,2025-07-20,280.68,Electronics
CUST00172,2025-07-12,19.51,Travel
CUST00172,2025-07-10,16.52,Electronics
CUST00172,2025-07-12,117.77,Electronics
CUST00172,2025-07-17,151.96,Electronics
CUST00172,2025-07-27,76.43,Travel
CUST00172,2025-07-17,23.82,Clothing
CUST00172,2025-07-28,25.77,Grocery
CUST00172,2025-07-12,15.08,Grocery
CUST00172,2025-07-26,25.6,Grocery
CUST00172,2025-07-10,45.29,Grocery
CUST00172,2025-07-21,183.08,Electronics
CUST00172,2025-07-26,28.95,Electronics
CUST00172,2025-07-19,74.88,Electronics
CUST00172,2025-07-21,6.91,Grocery
CUST00172,2025-07-10,71.2,Travel
CUST00172,2025-07-21,299.82,Dining
CUST00172,2025-07-26,36.89,Grocery
CUST00172,2025-07-30,51.34,Grocery
CUST00172,2025-07-15,160.91,Travel
CUST00172,2025-07-24,45.65,Grocery
CUST00172,2025-07-14,119.32,Grocery
CUST00172,2025-07-15,28.01,Dining
CUST00172,2025-07-26,27.2,Electronics
CUST00172,2025-07-20,36.0,Grocery
CUST00172,2025-07-27,12.71,Electronics
CUST00172,2025-07-26,108.83,Clothing
CUST00172,2025-07-20,48.88,Clothing
CUST00172,2025-07-10,33.55,Travel
CUST00172,2025-07-20,45.51,Dining
CUST00172,2025-07-25,61.33,Grocery
CUST00172,2025-07-22,84.46,Clothing
CUST00172,2025-07-15,240.5,Clothing
CUST00172,2025-07-28,13.02,Dining
CUST00172,2025-07-22,42.05,Grocery
CUST00172,2025-07-17,12.47,Dining
CUST00172,2025-07-27,36.37,Clothing
CUST00172,2025-07-20,62.74,Electronics
CUST00172,2025-07-25,38.48,Grocery
CUST00172,2025-07-16,72.17,Dining
CUST00172,2025-07-24,71.55,Electronics
CUST00172,2025-07-12,17.04,Clothing
CUST00172,2025-07-31,47.79,Grocery
CUST00172,2025-07-22,94.43,Grocery
CUST00172,2025-07-30,117.88,Grocery
CUST00172,2025-07-12,117.1,Clothing
CUST00172,2025-07-14,70.08,Clothing
CUST00172,2025-07-28,279.05,Travel
CUST00172,2025-07-29,222.81,Clothing
CUST00172,2025-07-28,277.34,Electronics
CUST00172,2025-07-31,80.33,Grocery
CUST00172,2025-07-13,16.07,Electronics
CUST00172,2025-07-31,56.49,Grocery
CUST00172,2025-07-20,57.74,Clothing
CUST00172,2025-07-14,11.92,Grocery
CUST00172,2025-07-30,18.04,Electronics
CUST00172,2025-07-30,92.37,Travel
CUST00172,2025-08-01,62.79,Dining
CUST00172,2025-07-24,229.27,Grocery
CUST00172,2025-07-09,46.96,Dining
CUST00172,2025-07-31,10.0,Grocery
CUST00172,2025-07-23,242.0,Clothing
CUST00172,2025-07-19,66.1,Travel
CUST00172,2025-07-09,8.73,Dining
CUST00172,2025-07-10,286.57,Electronics
CUST00172,2025-07-12,157.38,Electronics
CUST00172,2025-07-11,23.01,Travel
CUST00172,2025-07-22,78.71,Dining
CUST00172,2025-07-19,63.62,Grocery
CUST00172,2025-07-28,28.03,Dining
CUST00172,2025-07-26,302.4,Travel
CUST00172,2025-07-18,62.97,Grocery
CUST00172,2025-07-28,69.28,Electronics
CUST00172,2025-07-29,17.59,Clothing
CUST00172,2025-07-30,56.16,Electronics
CUST00172,2025-07-31,30.73,Dining
CUST00172,2025-07-14,187.23,Clothing
CUST00172,2025-07-20,5.0,Grocery
CUST00172,2025-07-27,43.75,Clothing
CUST00172,2025-07-20,49.17,Travel
CUST00172,2025-07-29,52.26,Electronics
CUST00172,2025-07-25,18.92,Travel
CUST00172,2025-07-29,77.88,Dining
CUST00172,2025-07-23,13.22,Travel
CUST00172,2025-08-01,50.04,Travel
CUST00172,2025-07-13,6.23,Dining
CUST00172,2025-07-28,98.24,Grocery
CUST00172,2025-07-12,177.53,Clothing
CUST00172,2025-07-27,6.75,Electronics
CUST00172,2025-07-17,95.17,Dining
CUST00172,2025-07-17,122.43,Travel
CUST00172,2025-07-16,24.18,Electronics
CUST00172,2025-07-13,54.11,Grocery
CUST00172,2025-07-22,14.76,Dining
CUST00172,2025-07-09,37.06,Dining
CUST00172,2025-07-30,143.55,Grocery
CUST00172,2025-07-09,73.71,Travel
CUST00172,2025-07-25,26.51,Clothing
CUST00172,2025-07-09,64.74,Grocery
CUST00172,2025-07-20,52.87,Clothing
CUST00172,2025-07-15,82.05,Grocery
CUST00172,2025-07-30,118.97,Grocery
CUST00172,2025-07-28,152.47,Clothing
CUST00172,2025-07-30,12.34,Electronics
CUST00173,2024-11-23,132.37,Dining
CUST00173,2022-07-21,49.97,Electronics
CUST00173,2024-04-20,32.01,Clothing
CUST00173,2024-01-12,18.48,Dining
CUST00173,2023-11-23,131.7,Clothing
CUST00173,2023-01-30,259.89,Dining
CUST00173,2022-04-11,107.47,Travel
CUST00173,2024-01-03,191.3,Grocery
CUST00173,2023-11-05,49.9,Clothing
CUST00173,2021-09-24,15.7,Electronics
CUST00173,2022-02-10,49.57,Dining
CUST00173,2022-06-25,71.74,Clothing
CUST00173,2022-11-02,61.2,Clothing
CUST00173,2021-12-24,76.13,Dining
CUST00173,2021-08-31,95.22,Electronics
CUST00173,2024-08-19,38.25,Grocery
CUST00173,2022-01-16,8.4,Dining
CUST00173,2023-10-18,45.94,Travel
CUST00173,2022-03-20,290.38,Clothing
CUST00173,2024-05-12,276.81,Grocery
CUST00173,2022-10-30,62.17,Grocery
CUST00173,2024-05-05,180.49,Grocery
CUST00173,2022-09-17,22.56,Grocery
CUST00173,2022-02-21,37.62,Clothing
CUST00173,2023-10-25,119.49,Grocery
CUST00173,2022-10-05,56.56,Travel
CUST00173,2025-07-13,119.98,Clothing
CUST00173,2022-03-20,99.64,Clothing
CUST00173,2024-01-26,69.16,Travel
CUST00173,2025-02-05,322.4,Travel
CUST00173,2022-10-01,14.76,Grocery
CUST00173,2025-03-21,75.47,Dining
CUST00173,2023-12-26,61.8,Travel
CUST00173,2025-01-30,43.63,Dining
CUST00173,2021-08-23,47.43,Grocery
CUST00173,2024-04-02,18.12,Travel
CUST00173,2022-08-04,80.83,Electronics
CUST00173,2022-08-25,21.81,Grocery
CUST00173,2021-12-23,236.08,Travel
CUST00173,2022-04-09,129.15,Grocery
CUST00173,2022-07-03,44.24,Travel
CUST00173,2023-02-03,38.85,Electronics
CUST00173,2023-11-01,107.36,Electronics
CUST00173,2023-12-24,124.65,Electronics
CUST00173,2024-11-19,297.18,Clothing
CUST00173,2021-10-10,136.71,Clothing
CUST00173,2023-12-27,82.79,Electronics
CUST00173,2024-04-03,123.11,Travel
CUST00173,2024-08-28,96.1,Electronics
CUST00173,2025-07-12,56.64,Travel
CUST00173,2023-11-16,336.02,Clothing
CUST00173,2023-01-19,9.18,Travel
CUST00173,2023-02-17,71.99,Electronics
CUST00173,2023-01-05,154.05,Grocery
CUST00173,2025-04-08,12.06,Grocery
CUST00173,2022-10-04,108.61,Electronics
CUST00173,2025-03-23,22.02,Electronics
CUST00173,2023-08-11,129.35,Grocery
CUST00173,2025-02-28,33.59,Dining
CUST00173,2024-12-02,15.75,Grocery
CUST00173,2021-11-02,58.12,Clothing
CUST00173,2024-03-27,275.96,Electronics
CUST00173,2023-08-26,16.2,Grocery
CUST00173,2024-01-01,31.42,Clothing
CUST00173,2022-11-05,68.93,Electronics
CUST00173,2025-03-25,161.47,Grocery
CUST00173,2025-05-17,167.91,Dining
CUST00173,2024-12-16,91.36,Dining
CUST00173,2022-03-14,59.11,Travel
CUST00173,2024-07-23,17.58,Clothing
CUST00173,2025-02-25,22.99,Travel
CUST00173,2024-06-06,89.26,Clothing
CUST00173,2022-11-25,60.62,Electronics
CUST00173,2022-01-05,97.78,Electronics
CUST00173,2023-11-01,26.4,Clothing
CUST00173,2023-10-27,10.67,Clothing
CUST00173,2025-03-27,78.21,Electronics
CUST00173,2023-02-10,63.88,Electronics
CUST00173,2025-07-14,68.46,Travel
CUST00173,2023-09-20,226.11,Grocery
CUST00173,2022-06-01,38.14,Travel
CUST00173,2024-11-15,154.71,Electronics
CUST00173,2023-01-16,41.98,Clothing
CUST00173,2023-01-01,143.27,Travel
CUST00173,2025-01-16,215.41,Travel
CUST00173,2022-12-22,27.81,Travel
CUST00173,2025-03-27,21.4,Electronics
CUST00173,2023-01-23,89.56,Dining
CUST00173,2022-12-27,9.11,Dining
CUST00173,2023-01-14,72.37,Clothing
CUST00173,2024-07-13,256.7,Grocery
CUST00173,2024-09-18,16.97,Grocery
CUST00173,2023-05-31,78.41,Electronics
CUST00173,2024-03-21,39.19,Grocery
CUST00173,2023-02-18,68.99,Grocery
CUST00173,2023-02-26,89.06,Clothing
CUST00173,2025-07-23,82.17,Clothing
CUST00173,2025-03-10,89.72,Dining
CUST00173,2025-03-03,29.91,Dining
CUST00173,2021-11-15,63.41,Dining
CUST00173,2023-02-04,66.45,Grocery
CUST00173,2022-08-17,92.6,Electronics
CUST00173,2022-07-31,55.65,Dining
CUST00174,2025-07-27,28.63,Grocery
CUST00174,2025-01-31,86.41,Clothing
CUST00174,2025-06-27,196.25,Dining
CUST00174,2025-05-24,106.47,Grocery
CUST00174,2025-04-07,88.43,Travel
CUST00174,2025-06-28,151.91,Clothing
CUST00174,2024-08-01,90.15,Grocery
CUST00174,2025-01-23,145.29,Dining
CUST00174,2025-01-19,18.07,Travel
CUST00174,2025-05-08,171.09,Clothing
CUST00174,2024-12-28,45.61,Clothing
CUST00174,2025-04-01,125.73,Electronics
CUST00174,2024-10-23,30.97,Dining
CUST00174,2025-05-26,148.85,Dining
CUST00174,2025-01-04,7.6,Grocery
CUST00174,2025-04-16,97.68,Dining
CUST00174,2024-09-02,67.94,Electronics
CUST00174,2025-06-29,46.57,Clothing
CUST00174,2024-10-11,65.84,Grocery
CUST00174,2024-05-25,280.07,Electronics
CUST00174,2024-07-01,37.16,Electronics
CUST00174,2025-04-28,70.72,Dining
CUST00174,2025-01-08,71.47,Electronics
CUST00174,2025-05-15,234.13,Clothing
CUST00174,2025-06-03,120.75,Travel
CUST00174,2024-09-20,76.49,Dining
CUST00174,2024-06-25,199.6,Travel
CUST00174,2024-10-13,123.55,Grocery
CUST00174,2025-04-24,59.33,Grocery
CUST00174,2025-02-25,56.07,Travel
CUST00174,2025-05-06,21.09,Electronics
CUST00174,2025-04-05,29.6,Clothing
CUST00174,2024-06-06,29.62,Electronics
CUST00174,2025-05-04,65.45,Clothing
CUST00174,2024-07-04,132.02,Electronics
CUST00174,2024-08-11,79.1,Grocery
CUST00174,2025-07-01,172.55,Travel
CUST00174,2024-05-30,111.81,Electronics
CUST00174,2025-03-07,18.19,Clothing
CUST00174,2025-06-17,85.63,Grocery
CUST00174,2025-06-22,344.05,Electronics
CUST00174,2024-11-19,35.78,Grocery
CUST00174,2025-06-12,56.19,Dining
CUST00174,2025-01-09,155.2,Grocery
CUST00174,2024-06-07,91.86,Grocery
CUST00174,2024-10-04,15.58,Electronics
CUST00174,2024-10-10,108.58,Clothing
CUST00174,2024-08-02,10.01,Electronics
CUST00174,2024-06-14,24.32,Dining
CUST00174,2025-01-11,139.47,Clothing
CUST00174,2024-06-05,11.55,Electronics
CUST00174,2025-05-05,55.45,Grocery
CUST00174,2025-02-04,213.13,Clothing
CUST00174,2025-04-26,118.8,Grocery
CUST00174,2025-01-10,73.04,Travel
CUST00174,2024-09-10,36.84,Dining
CUST00174,2025-06-07,392.76,Travel
CUST00174,2025-04-16,63.85,Clothing
CUST00174,2025-01-30,54.36,Grocery
CUST00174,2025-06-28,133.99,Grocery
CUST00174,2025-05-08,5.88,Grocery
CUST00174,2024-09-28,32.03,Dining
CUST00174,2024-09-20,104.62,Electronics
CUST00174,2024-11-18,81.67,Grocery
CUST00174,2025-05-26,167.58,Dining
CUST00174,2024-12-02,108.32,Electronics
CUST00174,2024-10-27,27.6,Grocery
CUST00174,2025-03-08,108.67,Travel
CUST00174,2025-03-29,56.73,Clothing
CUST00174,2025-04-04,32.36,Electronics
CUST00174,2024-08-14,206.13,Travel
CUST00174,2025-01-16,136.02,Dining
CUST00174,2025-02-08,84.26,Travel
CUST00174,2025-06-20,47.06,Clothing
CUST00174,2025-02-04,98.75,Electronics
CUST00174,2024-05-25,21.11,Grocery
CUST00174,2025-01-26,112.55,Grocery
CUST00174,2024-06-17,71.08,Clothing
CUST00174,2024-12-21,118.02,Clothing
CUST00174,2024-05-31,236.7,Dining
CUST00174,2024-09-10,157.77,Travel
CUST00174,2025-07-21,14.41,Travel
CUST00174,2025-07-31,110.59,Dining
CUST00174,2024-12-04,269.64,Clothing
CUST00174,2025-02-15,68.83,Electronics
CUST00174,2024-10-03,67.65,Dining
CUST00174,2024-12-13,5.31,Grocery
CUST00174,2025-01-21,114.0,Dining
CUST00174,2025-07-03,79.61,Grocery
CUST00174,2025-01-03,73.98,Clothing
CUST00174,2025-05-09,101.18,Grocery
CUST00174,2025-02-22,45.02,Electronics
CUST00174,2024-08-19,222.76,Electronics
CUST00174,2024-11-02,188.95,Travel
CUST00174,2024-07-18,276.18,Clothing
CUST00174,2025-04-02,51.6,Grocery
CUST00174,2024-06-11,59.05,Dining
CUST00174,2024-05-29,22.97,Dining
CUST00174,2025-05-17,73.37,Clothing
CUST00174,2024-08-21,308.2,Grocery
CUST00174,2024-08-28,40.39,Dining
CUST00174,2025-04-13,48.33,Electronics
CUST00174,2025-01-05,259.8,Clothing
CUST00174,2024-09-02,88.33,Dining
CUST00174,2024-12-02,76.51,Dining
CUST00174,2025-03-28,73.53,Dining
CUST00174,2025-05-27,24.2,Travel
CUST00174,2025-07-11,209.47,Dining
CUST00174,2024-06-14,352.8,Dining
CUST00175,2025-01-31,25.63,Grocery
CUST00175,2024-07-22,11.19,Travel
CUST00175,2022-10-24,40.83,Dining
CUST00175,2023-01-16,12.83,Grocery
CUST00175,2021-05-28,169.45,Grocery
CUST00175,2024-06-22,55.19,Electronics
CUST00175,2022-08-19,77.08,Grocery
CUST00175,2021-12-27,42.66,Grocery
CUST00175,2024-09-27,35.23,Grocery
CUST00175,2021-10-11,78.44,Grocery
CUST00175,2021-10-23,28.62,Electronics
CUST00175,2025-07-16,75.33,Grocery
CUST00175,2021-05-28,68.0,Clothing
CUST00175,2023-10-24,220.25,Travel
CUST00175,2024-09-12,13.51,Clothing
CUST00175,2023-07-28,26.43,Travel
CUST00175,2024-07-12,21.11,Dining
CUST00175,2023-08-06,9.99,Grocery
CUST00175,2024-11-18,39.95,Electronics
CUST00175,2023-05-16,56.44,Travel
CUST00175,2021-04-19,107.4,Grocery
CUST00175,2022-10-05,12.31,Travel
CUST00175,2022-06-06,146.92,Dining
CUST00175,2023-04-02,25.11,Clothing
CUST00175,2023-12-21,112.57,Grocery
CUST00175,2022-09-25,204.67,Dining
CUST00175,2021-11-29,44.07,Clothing
CUST00175,2024-08-09,6.83,Electronics
CUST00175,2022-10-29,29.52,Dining
CUST00175,2022-04-20,85.4,Dining
CUST00175,2024-10-20,101.92,Clothing
CUST00175,2021-08-08,563.77,Dining
CUST00175,2024-05-26,50.31,Electronics
CUST00175,2024-01-18,175.32,Travel
CUST00175,2023-08-08,110.44,Dining
CUST00175,2024-08-18,49.63,Dining
CUST00175,2024-02-13,49.63,Grocery
CUST00175,2023-10-06,80.86,Travel
CUST00175,2024-03-17,6.56,Dining
CUST00175,2025-05-23,82.66,Travel
CUST00175,2022-12-04,12.44,Electronics
CUST00175,2022-03-15,37.66,Clothing
CUST00175,2023-04-07,432.35,Grocery
CUST00175,2023-08-04,125.17,Dining
CUST00175,2023-07-22,101.79,Electronics
CUST00175,2024-09-09,10.74,Travel
CUST00175,2024-03-14,117.7,Clothing
CUST00175,2025-03-24,105.51,Clothing
CUST00175,2023-07-29,63.59,Dining
CUST00175,2024-08-25,65.3,Grocery
CUST00175,2023-03-21,66.48,Dining
CUST00175,2021-08-21,222.31,Grocery
CUST00175,2024-09-02,265.04,Clothing
CUST00175,2024-03-21,146.23,Dining
CUST00175,2023-11-04,42.34,Travel
CUST00175,2021-09-20,216.95,Electronics
CUST00175,2025-02-28,78.1,Electronics
CUST00175,2024-04-05,12.35,Dining
CUST00175,2024-04-14,57.52,Dining
CUST00175,2022-04-17,41.1,Electronics
CUST00175,2023-10-06,112.19,Travel
CUST00175,2022-09-25,20.05,Clothing
CUST00175,2024-08-22,96.97,Electronics
CUST00175,2022-11-15,283.16,Grocery
CUST00175,2023-09-05,11.27,Travel
CUST00175,2023-03-14,28.14,Dining
CUST00175,2023-08-13,50.37,Grocery
CUST00175,2021-09-24,431.84,Clothing
CUST00175,2023-01-24,71.42,Dining
CUST00175,2024-08-30,49.88,Grocery
CUST00175,2021-04-10,14.33,Electronics
CUST00175,2025-01-07,10.03,Clothing
CUST00175,2025-05-29,75.87,Clothing
CUST00175,2023-05-29,34.99,Travel
CUST00175,2024-10-03,23.13,Dining
CUST00175,2023-04-13,56.24,Grocery
CUST00175,2025-01-31,206.12,Grocery
CUST00175,2024-02-10,112.89,Clothing
CUST00175,2022-02-18,15.45,Dining
CUST00175,2021-09-26,18.04,Travel
CUST00175,2023-11-04,137.73,Travel
CUST00175,2024-10-30,7.35,Dining
CUST00175,2021-09-13,13.4,Electronics
CUST00175,2025-04-14,92.54,Grocery
CUST00175,2024-02-03,91.88,Electronics
CUST00175,2023-02-24,36.06,Grocery
CUST00175,2023-02-20,9.4,Grocery
CUST00175,2025-05-14,25.06,Electronics
CUST00175,2025-03-30,102.59,Dining
CUST00175,2023-09-21,46.63,Travel
CUST00175,2021-07-19,57.23,Clothing
CUST00175,2024-02-23,162.99,Dining
CUST00175,2023-02-11,58.06,Dining
CUST00175,2021-11-11,131.03,Travel
CUST00175,2022-02-02,48.03,Grocery
CUST00175,2022-07-09,52.7,Electronics
CUST00176,2022-07-15,163.42,Clothing
CUST00176,2021-10-06,444.44,Grocery
CUST00176,2021-03-03,56.58,Travel
CUST00176,2023-04-04,68.94,Grocery
CUST00176,2023-12-08,40.49,Clothing
CUST00176,2024-04-29,34.59,Clothing
CUST00176,2025-01-22,291.12,Travel
CUST00176,2025-07-02,16.98,Grocery
CUST00176,2021-07-17,76.18,Travel
CUST00176,2021-07-25,313.38,Dining
CUST00176,2021-02-11,56.63,Clothing
CUST00176,2023-12-15,197.3,Dining
CUST00176,2025-06-27,136.9,Dining
CUST00176,2021-06-21,70.72,Clothing
CUST00176,2021-12-07,12.69,Travel
CUST00176,2022-08-20,32.0,Grocery
CUST00176,2023-12-17,26.98,Grocery
CUST00176,2023-03-25,48.53,Dining
CUST00176,2022-09-02,24.5,Travel
CUST00176,2022-06-11,78.44,Electronics
CUST00176,2023-04-10,82.31,Dining
CUST00176,2023-09-07,79.28,Travel
CUST00176,2023-08-22,28.4,Clothing
CUST00176,2024-04-06,19.84,Travel
CUST00176,2022-06-21,44.86,Electronics
CUST00176,2022-01-11,96.27,Dining
CUST00176,2025-03-23,41.46,Clothing
CUST00176,2021-09-13,22.44,Clothing
CUST00176,2022-12-03,198.04,Travel
CUST00176,2024-02-05,214.1,Travel
CUST00176,2024-06-08,21.06,Clothing
CUST00176,2023-11-16,461.01,Travel
CUST00176,2021-02-03,102.92,Travel
CUST00176,2022-08-22,8.85,Travel
CUST00176,2024-12-07,101.65,Dining
CUST00176,2025-07-03,253.05,Travel
CUST00176,2021-06-19,7.57,Travel
CUST00176,2022-05-19,63.3,Dining
CUST00176,2021-02-06,114.94,Dining
CUST00176,2021-03-27,41.02,Dining
CUST00176,2024-01-15,47.69,Clothing
CUST00176,2024-12-03,77.97,Clothing
CUST00176,2022-08-28,57.49,Electronics
CUST00176,2021-09-04,34.33,Clothing
CUST00176,2024-03-23,181.27,Grocery
CUST00176,2023-02-27,152.66,Electronics
CUST00176,2023-10-21,7.14,Grocery
CUST00176,2023-08-09,15.81,Travel
CUST00176,2023-01-04,122.7,Travel
CUST00176,2021-03-18,48.13,Travel
CUST00176,2021-01-16,184.72,Electronics
CUST00176,2023-03-11,17.75,Clothing
CUST00176,2023-08-21,71.1,Travel
CUST00176,2023-11-15,101.64,Grocery
CUST00176,2022-03-03,44.69,Clothing
CUST00176,2023-05-08,7.49,Travel
CUST00176,2022-10-19,18.16,Grocery
CUST00176,2021-09-27,41.76,Travel
CUST00176,2021-05-07,78.54,Clothing
CUST00176,2025-02-08,175.67,Clothing
CUST00176,2021-09-21,9.89,Clothing
CUST00176,2024-01-11,5.09,Electronics
CUST00176,2024-10-28,109.19,Grocery
CUST00176,2021-08-10,66.47,Dining
CUST00176,2024-02-20,399.46,Travel
CUST00176,2021-02-16,43.8,Electronics
CUST00176,2024-12-04,102.94,Electronics
CUST00176,2020-12-11,10.66,Travel
CUST00176,2021-01-15,292.77,Clothing
CUST00176,2021-09-05,8.74,Travel
CUST00176,2023-05-21,175.74,Travel
CUST00176,2021-01-04,348.15,Travel
CUST00176,2023-11-13,61.03,Electronics
CUST00176,2024-10-13,54.07,Grocery
CUST00176,2020-12-20,215.11,Grocery
CUST00176,2023-08-19,46.79,Clothing
CUST00176,2025-06-19,20.43,Travel
CUST00176,2024-03-17,183.82,Dining
CUST00176,2021-06-08,25.5,Travel
CUST00176,2024-04-11,123.49,Grocery
CUST00176,2021-04-14,9.6,Travel
CUST00176,2022-06-23,39.99,Dining
CUST00176,2023-05-16,148.85,Dining
CUST00176,2023-07-14,16.88,Grocery
CUST00176,2025-06-03,58.25,Electronics
CUST00176,2024-04-18,20.05,Clothing
CUST00176,2022-11-10,80.04,Clothing
CUST00176,2021-05-19,11.23,Travel
CUST00176,2024-02-28,50.45,Grocery
CUST00176,2023-12-18,59.01,Electronics
CUST00176,2024-06-22,6.33,Clothing
CUST00176,2021-02-21,9.66,Electronics
CUST00177,2024-10-30,18.75,Clothing
CUST00177,2024-10-20,186.84,Electronics
CUST00177,2025-07-19,96.68,Clothing
CUST00177,2025-05-14,28.56,Grocery
CUST00177,2025-02-04,51.8,Electronics
CUST00177,2024-07-27,47.59,Dining
CUST00177,2024-11-10,69.81,Travel
CUST00177,2025-07-02,29.25,Clothing
CUST00177,2024-02-03,95.16,Electronics
CUST00177,2024-11-08,155.6,Travel
CUST00177,2025-01-11,13.82,Electronics
CUST00177,2025-07-21,64.78,Travel
CUST00177,2024-01-30,173.86,Clothing
CUST00177,2024-12-01,52.0,Grocery
CUST00177,2025-02-25,103.44,Grocery
CUST00177,2024-03-11,317.69,Grocery
CUST00177,2024-02-02,23.36,Travel
CUST00177,2025-05-17,200.48,Grocery
CUST00177,2025-07-12,35.15,Electronics
CUST00177,2025-04-01,19.46,Dining
CUST00177,2024-09-11,53.35,Clothing
CUST00177,2024-06-02,6.33,Grocery
CUST00177,2024-05-14,19.31,Dining
CUST00177,2024-09-29,24.84,Dining
CUST00177,2025-01-02,11.86,Clothing
CUST00177,2024-10-04,12.23,Clothing
CUST00177,2025-03-10,11.37,Electronics
CUST00177,2024-05-18,129.61,Travel
CUST00177,2024-03-29,116.87,Clothing
CUST00177,2024-03-11,100.22,Electronics
CUST00177,2025-06-16,94.73,Grocery
CUST00177,2025-04-23,14.25,Travel
CUST00177,2024-07-01,111.74,Clothing
CUST00177,2025-07-23,205.56,Dining
CUST00177,2025-03-26,59.36,Travel
CUST00177,2024-08-19,54.92,Grocery
CUST00177,2025-07-01,59.95,Dining
CUST00177,2024-07-23,66.67,Dining
CUST00177,2024-12-08,204.83,Travel
CUST00177,2024-03-22,16.1,Clothing
CUST00177,2025-02-08,18.37,Grocery
CUST00177,2024-12-12,153.78,Dining
CUST00177,2025-02-19,68.36,Dining
CUST00177,2025-07-19,58.29,Travel
CUST00177,2025-01-05,135.73,Travel
CUST00177,2025-07-17,39.23,Grocery
CUST00177,2025-07-01,58.26,Dining
CUST00177,2024-02-17,41.78,Dining
CUST00177,2025-04-01,250.83,Grocery
CUST00177,2025-07-14,112.91,Clothing
CUST00177,2025-04-25,59.65,Clothing
CUST00177,2024-06-19,60.93,Travel
CUST00177,2024-10-07,125.85,Travel
CUST00177,2025-04-10,143.98,Travel
CUST00177,2025-07-27,9.25,Dining
CUST00177,2024-02-23,7.66,Clothing
CUST00177,2025-03-04,152.15,Dining
CUST00177,2025-01-08,105.23,Dining
CUST00177,2024-05-22,175.17,Grocery
CUST00177,2024-03-04,46.22,Electronics
CUST00177,2025-01-28,12.82,Travel
CUST00177,2025-05-07,64.92,Grocery
CUST00177,2025-07-09,63.07,Dining
CUST00177,2024-05-30,48.33,Grocery
CUST00177,2024-10-11,170.5,Clothing
CUST00177,2024-09-26,75.4,Dining
CUST00177,2024-08-10,141.52,Grocery
CUST00177,2025-01-31,91.74,Clothing
CUST00177,2025-01-31,18.25,Grocery
CUST00177,2024-05-31,5.52,Grocery
CUST00177,2024-10-07,8.08,Electronics
CUST00177,2024-07-22,36.4,Grocery
CUST00177,2024-04-15,179.58,Clothing
CUST00177,2024-08-20,13.78,Clothing
CUST00177,2025-03-17,17.37,Electronics
CUST00177,2025-03-22,19.71,Electronics
CUST00177,2024-09-16,34.13,Travel
CUST00177,2024-07-06,34.34,Travel
CUST00177,2025-01-14,11.98,Travel
CUST00177,2024-11-12,11.52,Grocery
CUST00177,2024-08-15,184.66,Electronics
CUST00177,2024-10-21,56.52,Travel
CUST00177,2025-01-19,11.35,Grocery
CUST00177,2024-04-02,58.76,Electronics
CUST00177,2024-10-29,21.18,Dining
CUST00177,2024-12-30,58.61,Electronics
CUST00177,2025-05-05,12.51,Travel
CUST00177,2024-10-10,36.41,Electronics
CUST00177,2025-02-14,61.48,Clothing
CUST00177,2024-08-03,222.1,Electronics
CUST00177,2024-06-03,81.64,Dining
CUST00177,2024-10-21,19.68,Grocery
CUST00177,2025-05-01,76.54,Dining
CUST00177,2024-12-11,70.12,Clothing
CUST00177,2024-03-19,8.45,Clothing
CUST00177,2024-12-12,36.59,Dining
CUST00177,2024-09-12,5.12,Electronics
CUST00178,2024-03-18,51.01,Dining
CUST00178,2024-12-15,73.75,Clothing
CUST00178,2024-11-02,103.31,Grocery
CUST00178,2025-07-12,62.07,Electronics
CUST00178,2024-02-18,122.73,Grocery
CUST00178,2024-10-14,30.34,Travel
CUST00178,2024-12-31,81.7,Grocery
CUST00178,2025-04-10,33.98,Dining
CUST00178,2024-07-22,21.84,Dining
CUST00178,2025-01-17,63.18,Dining
CUST00178,2024-09-14,6.78,Grocery
CUST00178,2024-06-10,180.13,Electronics
CUST00178,2024-08-13,16.25,Clothing
CUST00178,2024-01-03,47.48,Clothing
CUST00178,2024-10-24,273.54,Grocery
CUST00178,2024-05-01,21.96,Travel
CUST00178,2025-01-22,86.3,Travel
CUST00178,2024-10-13,20.48,Electronics
CUST00178,2025-01-23,41.46,Dining
CUST00178,2024-02-16,22.6,Electronics
CUST00178,2025-05-09,10.29,Clothing
CUST00178,2024-09-06,130.19,Grocery
CUST00178,2025-06-08,118.22,Electronics
CUST00178,2024-10-23,169.37,Grocery
CUST00178,2025-06-03,162.93,Clothing
CUST00178,2024-04-13,24.14,Grocery
CUST00178,2025-01-21,43.22,Dining
CUST00178,2024-03-01,31.39,Travel
CUST00178,2024-10-04,207.87,Electronics
CUST00178,2024-03-09,112.18,Grocery
CUST00178,2024-12-20,61.45,Clothing
CUST00178,2024-12-20,56.55,Grocery
CUST00178,2024-11-17,172.83,Electronics
CUST00178,2023-12-14,36.87,Travel
CUST00178,2025-05-25,5.75,Grocery
CUST00178,2024-08-03,354.05,Clothing
CUST00178,2025-07-08,36.33,Dining
CUST00178,2024-08-17,73.94,Clothing
CUST00178,2025-01-26,61.64,Travel
CUST00178,2024-04-26,595.65,Travel
CUST00178,2024-10-22,82.14,Electronics
CUST00178,2024-08-29,41.17,Dining
CUST00178,2024-04-26,30.14,Travel
CUST00178,2024-03-18,55.32,Dining
CUST00178,2024-04-13,69.37,Dining
CUST00178,2024-04-11,175.93,Travel
CUST00178,2025-02-13,195.51,Electronics
CUST00178,2025-06-01,9.56,Travel
CUST00178,2025-06-06,157.17,Electronics
CUST00178,2024-12-30,206.66,Electronics
CUST00178,2024-02-16,216.11,Dining
CUST00178,2023-12-14,118.24,Grocery
CUST00178,2024-11-29,64.75,Clothing
CUST00178,2025-06-05,36.83,Grocery
CUST00178,2024-08-20,5.2,Dining
CUST00178,2025-04-05,13.12,Travel
CUST00178,2024-10-29,5.56,Electronics
CUST00178,2025-02-03,19.56,Grocery
CUST00178,2024-12-27,21.67,Dining
CUST00178,2024-08-11,44.56,Dining
CUST00178,2023-12-25,238.81,Clothing
CUST00178,2024-05-16,25.12,Travel
CUST00178,2024-03-08,41.91,Clothing
CUST00178,2024-11-11,62.64,Electronics
CUST00178,2025-05-01,81.16,Travel
CUST00178,2024-07-30,8.16,Travel
CUST00178,2025-01-13,8.04,Dining
CUST00178,2024-03-06,41.9,Grocery
CUST00178,2024-06-14,65.34,Travel
CUST00178,2024-09-10,90.17,Dining
CUST00178,2025-06-15,182.83,Grocery
CUST00178,2024-07-19,32.2,Grocery
CUST00178,2024-09-06,12.43,Dining
CUST00178,2024-11-18,92.06,Clothing
CUST00178,2024-12-26,88.17,Dining
CUST00178,2025-02-12,23.39,Electronics
CUST00178,2024-02-15,72.58,Electronics
CUST00178,2025-05-10,338.83,Grocery
CUST00178,2024-08-20,138.42,Travel
CUST00178,2025-02-10,61.28,Clothing
CUST00178,2024-06-11,35.03,Grocery
CUST00178,2025-01-30,22.46,Electronics
CUST00178,2024-04-27,193.62,Grocery
CUST00178,2025-03-28,8.02,Dining
CUST00178,2024-06-29,105.77,Grocery
CUST00178,2023-12-13,85.62,Dining
CUST00178,2024-02-17,292.94,Grocery
CUST00178,2024-12-30,79.82,Travel
CUST00178,2024-11-21,55.86,Grocery
CUST00178,2024-02-11,104.09,Travel
CUST00178,2025-07-18,38.32,Grocery
CUST00178,2025-07-22,22.82,Electronics
CUST00178,2024-11-23,32.8,Electronics
CUST00178,2025-01-15,11.63,Electronics
CUST00178,2024-12-11,33.31,Travel
CUST00178,2024-05-19,48.19,Clothing
CUST00178,2024-09-01,16.42,Dining
CUST00178,2025-03-08,186.1,Electronics
CUST00178,2024-12-03,88.04,Clothing
CUST00178,2024-08-09,20.51,Travel
CUST00178,2025-02-17,118.69,Clothing
CUST00178,2024-02-17,34.55,Clothing
CUST00178,2025-07-14,35.58,Grocery
CUST00178,2024-03-04,46.82,Grocery
CUST00178,2024-04-15,44.47,Clothing
CUST00178,2025-06-11,31.66,Electronics
CUST00179,2025-01-07,100.48,Electronics
CUST00179,2025-07-04,125.85,Electronics
CUST00179,2024-09-27,230.07,Clothing
CUST00179,2024-09-11,9.07,Travel
CUST00179,2025-01-20,59.75,Electronics
CUST00179,2025-06-12,84.52,Grocery
CUST00179,2025-03-09,21.57,Dining
CUST00179,2025-06-23,90.95,Electronics
CUST00179,2025-04-24,48.24,Dining
CUST00179,2024-09-26,5.1,Travel
CUST00179,2025-06-23,37.24,Grocery
CUST00179,2025-04-21,76.06,Electronics
CUST00179,2024-08-22,67.67,Grocery
CUST00179,2025-01-25,117.81,Electronics
CUST00179,2025-07-01,70.16,Grocery
CUST00179,2025-02-24,15.12,Grocery
CUST00179,2025-07-12,24.45,Travel
CUST00179,2025-02-11,41.11,Grocery
CUST00179,2024-12-08,26.84,Electronics
CUST00179,2025-01-03,69.28,Travel
CUST00179,2024-08-25,320.29,Dining
CUST00179,2024-10-05,119.92,Clothing
CUST00179,2024-12-27,75.52,Dining
CUST00179,2024-11-11,35.04,Clothing
CUST00179,2024-10-05,38.97,Travel
CUST00179,2025-01-31,180.62,Electronics
CUST00179,2025-06-03,121.23,Clothing
CUST00179,2025-04-28,92.72,Dining
CUST00179,2024-10-27,116.95,Travel
CUST00179,2024-11-25,146.16,Grocery
CUST00179,2025-05-07,26.81,Grocery
CUST00179,2025-07-21,115.28,Electronics
CUST00179,2025-01-19,78.82,Dining
CUST00179,2024-10-06,105.54,Clothing
CUST00179,2024-08-21,179.36,Dining
CUST00179,2024-10-13,8.46,Dining
CUST00179,2025-04-12,13.09,Grocery
CUST00179,2025-04-24,45.57,Clothing
CUST00179,2024-10-01,15.96,Clothing
CUST00179,2025-07-18,9.55,Electronics
CUST00179,2025-02-03,78.31,Dining
CUST00179,2025-02-07,42.35,Electronics
CUST00179,2024-09-16,31.19,Electronics
CUST00179,2024-09-28,97.87,Travel
CUST00179,2025-02-15,58.59,Clothing
CUST00179,2025-01-04,61.81,Dining
CUST00179,2024-10-02,124.46,Electronics
CUST00179,2025-06-08,109.7,Travel
CUST00179,2025-01-17,64.71,Electronics
CUST00179,2025-01-17,78.14,Electronics
CUST00179,2025-06-16,40.53,Grocery
CUST00179,2025-03-01,66.28,Clothing
CUST00179,2025-07-15,33.94,Grocery
CUST00179,2025-06-19,8.43,Dining
CUST00179,2025-02-27,5.88,Dining
CUST00179,2025-02-11,8.99,Electronics
CUST00179,2024-10-14,69.88,Dining
CUST00179,2024-12-12,5.25,Grocery
CUST00179,2025-06-03,490.77,Grocery
CUST00179,2024-11-09,46.81,Electronics
CUST00179,2025-05-26,130.75,Dining
CUST00179,2025-02-02,53.51,Dining
CUST00179,2024-11-03,255.75,Clothing
CUST00179,2024-09-14,110.7,Clothing
CUST00179,2024-09-14,9.44,Electronics
CUST00179,2025-02-04,149.22,Travel
CUST00179,2025-01-04,97.54,Travel
CUST00179,2025-05-20,52.96,Clothing
CUST00179,2025-05-10,69.53,Grocery
CUST00179,2025-07-02,166.78,Grocery
CUST00179,2024-11-25,200.92,Travel
CUST00179,2024-12-07,190.47,Electronics
CUST00179,2024-10-05,242.0,Grocery
CUST00179,2025-07-23,145.67,Clothing
CUST00179,2025-07-24,31.88,Travel
CUST00179,2024-12-18,180.47,Clothing
CUST00179,2025-05-04,21.83,Dining
CUST00179,2025-07-28,77.62,Clothing
CUST00179,2025-06-06,186.82,Grocery
CUST00179,2025-03-31,22.96,Grocery
CUST00179,2024-12-30,25.13,Electronics
CUST00179,2024-10-01,64.43,Electronics
CUST00179,2024-11-27,7.5,Clothing
CUST00179,2025-03-11,26.09,Clothing
CUST00179,2025-07-27,21.42,Travel
CUST00179,2024-09-28,77.59,Clothing
CUST00179,2025-05-15,52.69,Electronics
CUST00179,2024-10-17,41.58,Clothing
CUST00179,2024-11-23,62.54,Electronics
CUST00179,2024-10-17,336.46,Electronics
CUST00179,2024-08-26,26.47,Clothing
CUST00179,2025-06-26,9.74,Clothing
CUST00179,2025-04-29,163.94,Grocery
CUST00179,2025-07-04,42.15,Grocery
CUST00179,2025-06-05,156.96,Grocery
CUST00179,2025-07-15,143.64,Travel
CUST00179,2024-12-23,62.73,Travel
CUST00179,2025-06-19,51.05,Dining
CUST00179,2025-07-01,75.95,Clothing
CUST00179,2024-09-07,50.96,Grocery
CUST00179,2024-10-21,64.69,Grocery
CUST00179,2024-10-27,7.48,Electronics
CUST00179,2024-09-19,51.68,Grocery
CUST00179,2024-12-13,50.28,Electronics
CUST00179,2025-06-30,6.85,Dining
CUST00179,2025-04-08,120.38,Clothing
CUST00179,2025-06-27,27.25,Travel
CUST00179,2025-05-27,87.68,Grocery
CUST00179,2024-12-27,46.0,Dining
CUST00179,2024-11-29,39.07,Grocery
CUST00179,2025-05-27,60.74,Electronics
CUST00179,2025-06-23,28.62,Clothing
CUST00179,2024-11-19,57.79,Clothing
CUST00179,2025-03-27,131.4,Electronics
CUST00179,2024-10-02,36.76,Clothing
CUST00179,2025-07-20,9.35,Electronics
CUST00179,2024-08-19,140.22,Dining
CUST00180,2024-10-27,11.28,Travel
CUST00180,2022-06-21,100.61,Travel
CUST00180,2024-02-29,13.64,Grocery
CUST00180,2025-05-05,42.78,Dining
CUST00180,2022-03-06,97.57,Dining
CUST00180,2022-12-21,12.17,Travel
CUST00180,2022-04-14,210.28,Grocery
CUST00180,2023-02-19,6.0,Dining
CUST00180,2021-03-15,6.13,Clothing
CUST00180,2024-02-06,42.55,Grocery
CUST00180,2024-07-30,38.59,Travel
CUST00180,2021-05-09,61.71,Grocery
CUST00180,2023-01-22,20.12,Clothing
CUST00180,2025-06-10,30.7,Travel
CUST00180,2024-12-24,138.98,Dining
CUST00180,2021-02-28,107.31,Dining
CUST00180,2023-12-06,33.34,Clothing
CUST00180,2022-08-06,44.5,Clothing
CUST00180,2023-02-21,178.47,Clothing
CUST00180,2023-11-03,9.27,Clothing
CUST00180,2023-10-12,109.75,Clothing
CUST00180,2023-07-10,15.11,Grocery
CUST00180,2023-04-23,73.45,Clothing
CUST00180,2022-02-16,37.71,Grocery
CUST00180,2023-06-26,13.72,Grocery
CUST00180,2021-09-07,39.99,Travel
CUST00180,2022-08-07,50.27,Travel
CUST00180,2025-03-23,321.92,Clothing
CUST00180,2021-09-21,33.66,Electronics
CUST00180,2024-12-28,35.67,Travel
CUST00180,2022-12-10,88.03,Dining
CUST00180,2022-10-24,29.48,Electronics
CUST00180,2021-11-04,94.64,Electronics
CUST00180,2024-09-23,27.0,Travel
CUST00180,2025-07-13,98.2,Grocery
CUST00180,2023-10-15,32.62,Travel
CUST00180,2024-01-16,61.44,Dining
CUST00180,2024-06-05,51.3,Electronics
CUST00180,2024-01-28,159.92,Dining
CUST00180,2025-02-08,46.21,Clothing
CUST00180,2023-10-07,6.09,Dining
CUST00180,2022-01-17,10.25,Dining
CUST00180,2023-02-18,20.75,Electronics
CUST00180,2025-02-22,77.25,Travel
CUST00180,2024-05-02,51.56,Electronics
CUST00180,2022-11-26,12.8,Dining
CUST00180,2025-04-27,38.23,Dining
CUST00180,2023-08-11,48.94,Travel
CUST00180,2022-02-07,12.2,Travel
CUST00180,2023-10-16,323.42,Dining
CUST00180,2025-01-19,22.83,Clothing
CUST00180,2021-12-14,39.38,Electronics
CUST00180,2023-07-15,233.17,Electronics
CUST00180,2022-03-07,53.17,Clothing
CUST00180,2025-02-02,111.24,Grocery
CUST00180,2022-03-02,38.63,Travel
CUST00180,2024-07-21,70.07,Dining
CUST00180,2023-05-27,74.39,Travel
CUST00180,2024-12-20,40.89,Electronics
CUST00180,2021-09-13,217.08,Grocery
CUST00180,2025-04-05,102.67,Travel
CUST00180,2021-04-02,16.86,Electronics
CUST00180,2022-04-10,42.54,Electronics
CUST00180,2025-07-16,135.78,Travel
CUST00180,2024-02-14,68.12,Clothing
CUST00180,2021-10-18,114.51,Dining
CUST00180,2021-10-10,59.64,Electronics
CUST00180,2022-07-06,19.16,Dining
CUST00180,2023-10-27,42.2,Dining
CUST00180,2024-07-27,5.31,Dining
CUST00180,2022-03-15,284.06,Electronics
CUST00180,2024-06-18,71.11,Grocery
CUST00180,2021-10-06,19.27,Clothing
CUST00180,2022-05-09,103.01,Electronics
CUST00180,2024-10-15,11.35,Clothing
CUST00180,2023-12-10,74.88,Grocery
CUST00180,2021-12-26,20.21,Grocery
CUST00180,2024-07-05,77.2,Electronics
CUST00180,2024-11-10,34.51,Grocery
CUST00180,2024-07-05,56.12,Grocery
CUST00180,2023-02-16,14.79,Electronics
CUST00180,2021-11-17,8.66,Electronics
CUST00180,2022-10-31,26.34,Travel
CUST00180,2022-11-21,37.8,Travel
CUST00180,2024-09-10,53.57,Travel
CUST00180,2024-08-15,113.7,Dining
CUST00180,2024-03-01,215.67,Clothing
CUST00180,2021-12-20,81.7,Electronics
CUST00180,2021-03-01,138.2,Grocery
CUST00180,2022-10-04,23.12,Grocery
CUST00180,2021-10-31,10.35,Travel
CUST00180,2024-12-07,46.55,Grocery
CUST00180,2023-12-22,110.48,Clothing
CUST00180,2024-11-14,5.54,Dining
CUST00180,2021-05-16,20.16,Travel
CUST00180,2022-08-25,313.97,Electronics
CUST00180,2021-08-08,70.41,Clothing
CUST00180,2023-02-20,24.53,Travel
CUST00180,2022-08-18,35.82,Grocery
CUST00180,2025-03-03,245.73,Dining
CUST00180,2023-03-29,148.95,Grocery
CUST00180,2022-08-31,29.62,Dining
CUST00180,2022-03-28,92.7,Dining
CUST00180,2021-10-29,95.08,Clothing
CUST00181,2025-06-04,14.3,Clothing
CUST00181,2024-11-10,105.6,Travel
CUST00181,2023-10-18,35.1,Grocery
CUST00181,2023-10-13,32.43,Dining
CUST00181,2024-09-02,78.29,Dining
CUST00181,2023-09-13,7.9,Travel
CUST00181,2024-05-01,32.8,Grocery
CUST00181,2024-09-04,27.5,Dining
CUST00181,2025-04-27,31.17,Dining
CUST00181,2024-02-19,17.16,Grocery
CUST00181,2023-09-29,227.19,Clothing
CUST00181,2023-09-13,36.27,Dining
CUST00181,2024-01-11,97.33,Grocery
CUST00181,2025-05-31,6.25,Electronics
CUST00181,2024-03-02,51.82,Clothing
CUST00181,2025-05-06,39.63,Clothing
CUST00181,2025-05-23,86.68,Grocery
CUST00181,2025-03-29,144.26,Clothing
CUST00181,2025-07-29,81.43,Dining
CUST00181,2024-07-24,48.73,Grocery
CUST00181,2023-10-07,93.37,Dining
CUST00181,2025-03-02,156.71,Clothing
CUST00181,2024-02-17,84.2,Travel
CUST00181,2023-11-22,38.79,Clothing
CUST00181,2023-10-18,66.37,Grocery
CUST00181,2024-03-01,63.31,Travel
CUST00181,2024-02-16,22.78,Grocery
CUST00181,2024-07-13,6.36,Dining
CUST00181,2025-05-27,53.44,Dining
CUST00181,2024-06-30,36.31,Travel
CUST00181,2024-02-22,25.13,Clothing
CUST00181,2024-02-18,41.73,Clothing
CUST00181,2025-01-18,86.14,Clothing
CUST00181,2025-06-06,62.12,Clothing
CUST00181,2025-03-09,64.75,Electronics
CUST00181,2024-06-24,64.8,Travel
CUST00181,2024-07-30,8.97,Electronics
CUST00181,2025-05-15,26.66,Grocery
CUST00181,2023-08-27,440.07,Dining
CUST00181,2024-08-14,158.59,Clothing
CUST00181,2023-09-28,145.33,Grocery
CUST00181,2023-10-11,304.55,Clothing
CUST00181,2024-07-07,17.46,Travel
CUST00181,2024-02-12,87.59,Grocery
CUST00181,2023-08-25,14.49,Dining
CUST00181,2023-10-08,102.07,Electronics
CUST00181,2023-09-23,11.96,Grocery
CUST00181,2023-11-03,49.73,Electronics
CUST00181,2024-07-03,32.01,Clothing
CUST00181,2023-12-08,51.53,Electronics
CUST00181,2024-01-01,12.11,Grocery
CUST00181,2024-11-21,53.18,Dining
CUST00181,2024-09-28,86.55,Clothing
CUST00181,2023-11-28,54.73,Dining
CUST00181,2023-11-01,144.37,Clothing
CUST00181,2024-09-04,70.3,Travel
CUST00181,2025-05-08,30.74,Travel
CUST00181,2023-09-09,88.08,Travel
CUST00181,2024-07-23,40.31,Grocery
CUST00181,2024-11-06,5.85,Electronics
CUST00181,2024-06-02,30.91,Electronics
CUST00181,2025-06-23,181.22,Clothing
CUST00181,2024-05-16,23.29,Dining
CUST00181,2023-11-12,129.33,Travel
CUST00181,2024-04-04,79.34,Grocery
CUST00181,2025-06-28,157.81,Dining
CUST00181,2025-07-25,86.36,Dining
CUST00181,2025-01-02,81.83,Clothing
CUST00181,2025-03-02,37.6,Grocery
CUST00181,2024-12-02,30.48,Travel
CUST00181,2023-10-22,102.06,Electronics
CUST00181,2023-12-30,8.69,Electronics
CUST00181,2025-05-01,17.12,Travel
CUST00181,2025-06-06,74.1,Grocery
CUST00181,2023-07-19,108.67,Clothing
CUST00181,2025-04-08,17.53,Grocery
CUST00181,2025-01-05,152.67,Dining
CUST00181,2024-05-16,67.35,Dining
CUST00181,2024-11-18,33.99,Travel
CUST00181,2024-07-21,342.45,Electronics
CUST00181,2025-07-03,53.14,Clothing
CUST00181,2024-10-13,52.42,Travel
CUST00181,2025-05-19,77.93,Dining
CUST00181,2024-10-18,17.7,Grocery
CUST00181,2024-08-04,136.84,Dining
CUST00181,2025-04-03,162.5,Dining
CUST00181,2023-12-16,65.44,Dining
CUST00181,2024-10-11,21.75,Electronics
CUST00182,2025-06-27,85.08,Clothing
CUST00182,2024-01-11,19.67,Dining
CUST00182,2024-01-16,20.17,Travel
CUST00182,2024-09-23,79.41,Dining
CUST00182,2024-09-07,185.58,Electronics
CUST00182,2025-02-14,59.34,Travel
CUST00182,2024-01-05,30.45,Dining
CUST00182,2024-08-03,174.06,Dining
CUST00182,2024-02-06,13.73,Travel
CUST00182,2023-12-31,94.12,Clothing
CUST00182,2025-04-10,27.51,Dining
CUST00182,2024-07-13,71.25,Travel
CUST00182,2025-04-12,82.53,Clothing
CUST00182,2025-02-12,22.42,Clothing
CUST00182,2023-11-21,24.16,Electronics
CUST00182,2025-04-04,81.09,Electronics
CUST00182,2025-01-11,62.38,Electronics
CUST00182,2023-11-15,141.06,Dining
CUST00182,2024-10-22,36.34,Electronics
CUST00182,2025-03-02,34.72,Clothing
CUST00182,2025-07-23,9.36,Dining
CUST00182,2023-11-21,16.82,Grocery
CUST00182,2024-07-15,24.63,Grocery
CUST00182,2024-04-10,57.49,Clothing
CUST00182,2024-02-25,54.22,Clothing
CUST00182,2025-06-18,96.93,Travel
CUST00182,2025-01-27,34.68,Dining
CUST00182,2024-12-27,30.86,Electronics
CUST00182,2024-04-06,61.3,Clothing
CUST00182,2025-07-20,104.08,Grocery
CUST00182,2024-11-27,142.48,Dining
CUST00182,2024-10-02,33.98,Electronics
CUST00182,2025-02-20,9.1,Electronics
CUST00182,2023-12-07,5.14,Electronics
CUST00182,2025-02-10,251.42,Electronics
CUST00182,2024-09-18,9.7,Clothing
CUST00182,2023-11-18,237.26,Grocery
CUST00182,2025-04-17,56.57,Grocery
CUST00182,2025-07-22,79.68,Dining
CUST00182,2025-04-20,23.42,Clothing
CUST00182,2024-03-12,44.33,Grocery
CUST00182,2024-01-26,11.32,Dining
CUST00182,2025-06-14,82.86,Clothing
CUST00182,2023-11-22,34.92,Electronics
CUST00182,2024-02-19,16.28,Dining
CUST00182,2024-06-03,17.71,Dining
CUST00182,2024-01-04,45.56,Travel
CUST00182,2024-09-07,12.43,Clothing
CUST00182,2024-08-18,61.67,Clothing
CUST00182,2025-05-23,280.79,Grocery
CUST00182,2025-02-05,12.05,Dining
CUST00182,2024-11-29,83.07,Clothing
CUST00182,2024-09-04,18.95,Grocery
CUST00182,2025-05-29,29.06,Grocery
CUST00182,2024-08-01,188.21,Dining
CUST00182,2025-06-29,178.74,Dining
CUST00182,2025-04-12,47.38,Electronics
CUST00182,2025-01-23,54.91,Electronics
CUST00182,2024-07-07,134.18,Electronics
CUST00182,2024-12-08,32.04,Travel
CUST00182,2024-09-30,26.22,Dining
CUST00182,2025-06-11,68.3,Grocery
CUST00182,2024-01-07,18.46,Travel
CUST00182,2024-06-24,47.85,Clothing
CUST00182,2025-02-19,101.61,Dining
CUST00182,2024-09-22,79.51,Electronics
CUST00182,2024-11-04,55.52,Clothing
CUST00182,2025-07-23,67.22,Grocery
CUST00182,2024-03-16,110.34,Electronics
CUST00182,2024-03-24,53.7,Travel
CUST00182,2025-01-13,60.83,Electronics
CUST00182,2023-11-12,83.05,Travel
CUST00182,2024-01-03,116.71,Dining
CUST00182,2024-08-26,147.0,Clothing
CUST00182,2025-03-05,40.83,Electronics
CUST00182,2025-05-27,90.25,Travel
CUST00182,2023-11-30,179.85,Dining
CUST00182,2024-02-18,338.51,Grocery
CUST00182,2025-06-09,262.13,Electronics
CUST00182,2024-11-16,69.95,Dining
CUST00182,2024-01-01,38.31,Travel
CUST00182,2025-07-30,19.63,Grocery
CUST00182,2024-10-07,251.95,Electronics
CUST00182,2024-06-29,273.02,Electronics
CUST00182,2024-12-20,128.41,Dining
CUST00182,2025-03-01,204.64,Clothing
CUST00182,2025-02-06,13.54,Grocery
CUST00182,2024-06-28,26.71,Travel
CUST00182,2024-01-17,94.73,Travel
CUST00182,2025-05-17,16.17,Electronics
CUST00182,2025-07-29,9.14,Grocery
CUST00182,2024-12-19,142.33,Travel
CUST00182,2024-05-08,192.81,Electronics
CUST00183,2022-05-29,7.98,Grocery
CUST00183,2023-02-15,33.84,Travel
CUST00183,2023-08-08,33.72,Grocery
CUST00183,2023-03-22,31.97,Travel
CUST00183,2024-10-02,124.78,Electronics
CUST00183,2022-06-05,22.27,Clothing
CUST00183,2022-09-07,6.73,Electronics
CUST00183,2025-06-06,43.89,Grocery
CUST00183,2024-08-11,23.1,Grocery
CUST00183,2024-10-28,42.65,Dining
CUST00183,2025-07-23,132.55,Grocery
CUST00183,2022-12-15,46.68,Dining
CUST00183,2023-06-10,31.89,Travel
CUST00183,2025-06-11,56.45,Travel
CUST00183,2023-10-04,13.87,Travel
CUST00183,2022-10-27,65.49,Dining
CUST00183,2023-12-05,25.71,Clothing
CUST00183,2025-06-11,26.65,Dining
CUST00183,2022-11-24,7.77,Clothing
CUST00183,2022-10-07,195.42,Clothing
CUST00183,2024-06-24,114.0,Dining
CUST00183,2025-05-27,22.66,Grocery
CUST00183,2023-02-09,56.3,Grocery
CUST00183,2024-11-15,128.49,Clothing
CUST00183,2025-02-18,10.04,Dining
CUST00183,2025-07-01,56.07,Grocery
CUST00183,2022-12-30,22.84,Clothing
CUST00183,2022-10-25,57.09,Dining
CUST00183,2023-06-04,24.79,Grocery
CUST00183,2025-01-23,57.32,Electronics
CUST00183,2025-02-04,36.32,Clothing
CUST00183,2025-03-15,116.04,Electronics
CUST00183,2023-10-14,262.49,Electronics
CUST00183,2024-06-06,77.04,Electronics
CUST00183,2023-02-21,9.3,Grocery
CUST00183,2023-01-10,49.68,Travel
CUST00183,2023-08-15,434.72,Grocery
CUST00183,2024-06-19,71.35,Grocery
CUST00183,2023-03-20,94.34,Clothing
CUST00183,2025-06-18,212.78,Travel
CUST00183,2023-08-04,23.12,Travel
CUST00183,2025-05-03,167.36,Grocery
CUST00183,2023-09-16,83.22,Travel
CUST00183,2024-10-10,49.43,Electronics
CUST00183,2023-06-15,78.07,Dining
CUST00183,2023-06-28,137.26,Clothing
CUST00183,2023-07-28,51.39,Electronics
CUST00183,2023-06-06,8.74,Dining
CUST00183,2024-04-11,33.12,Dining
CUST00183,2024-02-21,35.85,Travel
CUST00183,2023-06-16,127.49,Electronics
CUST00183,2024-08-02,39.18,Grocery
CUST00183,2024-04-16,80.65,Electronics
CUST00183,2023-09-06,130.5,Travel
CUST00183,2024-12-27,40.79,Clothing
CUST00183,2024-10-29,29.57,Grocery
CUST00183,2023-09-02,24.77,Clothing
CUST00183,2024-06-04,183.72,Travel
CUST00183,2024-06-28,30.8,Clothing
CUST00183,2022-08-29,56.09,Electronics
CUST00183,2024-11-24,106.89,Electronics
CUST00183,2024-10-10,63.19,Travel
CUST00183,2025-05-20,65.13,Grocery
CUST00183,2024-01-11,96.27,Dining
CUST00183,2022-11-17,44.47,Dining
CUST00183,2023-04-16,45.21,Electronics
CUST00183,2022-09-03,35.42,Clothing
CUST00183,2023-12-31,97.85,Electronics
CUST00183,2024-09-02,107.58,Clothing
CUST00183,2023-10-04,60.75,Electronics
CUST00183,2023-11-30,25.97,Travel
CUST00183,2024-01-19,62.41,Clothing
CUST00183,2022-09-22,42.93,Electronics
CUST00183,2024-07-22,179.79,Electronics
CUST00183,2022-09-24,124.38,Travel
CUST00183,2024-06-01,152.83,Clothing
CUST00183,2023-06-26,58.86,Clothing
CUST00183,2023-10-01,71.93,Electronics
CUST00183,2024-08-10,94.34,Grocery
CUST00183,2025-06-09,110.17,Grocery
CUST00183,2022-09-17,168.83,Clothing
CUST00183,2025-07-19,10.76,Electronics
CUST00183,2024-07-06,91.57,Electronics
CUST00183,2025-06-20,22.91,Dining
CUST00183,2023-06-21,20.86,Dining
CUST00183,2023-02-23,248.11,Clothing
CUST00183,2023-08-06,111.29,Dining
CUST00183,2024-07-06,79.99,Travel
CUST00183,2023-08-24,12.89,Dining
CUST00183,2024-12-21,46.3,Travel
CUST00183,2024-02-22,203.25,Clothing
CUST00183,2024-04-10,152.87,Clothing
CUST00183,2025-01-31,31.84,Electronics
CUST00183,2025-01-04,10.64,Clothing
CUST00183,2024-07-09,38.39,Travel
CUST00183,2025-02-22,41.14,Travel
CUST00184,2025-05-01,322.9,Dining
CUST00184,2025-06-08,12.8,Electronics
CUST00184,2025-05-21,26.36,Electronics
CUST00184,2025-06-27,98.14,Travel
CUST00184,2025-05-16,47.88,Grocery
CUST00184,2025-06-20,126.91,Grocery
CUST00184,2025-06-02,39.71,Grocery
CUST00184,2025-06-26,123.9,Travel
CUST00184,2025-07-24,142.13,Electronics
CUST00184,2025-06-07,162.04,Electronics
CUST00184,2025-06-17,22.4,Clothing
CUST00184,2025-06-07,85.3,Electronics
CUST00184,2025-06-26,161.16,Electronics
CUST00184,2025-06-08,31.43,Dining
CUST00184,2025-05-22,174.18,Clothing
CUST00184,2025-07-03,47.6,Travel
CUST00184,2025-04-25,35.65,Clothing
CUST00184,2025-05-19,7.92,Travel
CUST00184,2025-06-05,45.2,Grocery
CUST00184,2025-07-21,30.32,Dining
CUST00184,2025-04-29,72.64,Clothing
CUST00184,2025-06-13,191.09,Dining
CUST00184,2025-06-16,86.11,Clothing
CUST00184,2025-07-04,23.0,Clothing
CUST00184,2025-05-20,60.83,Grocery
CUST00184,2025-07-17,99.79,Dining
CUST00184,2025-05-30,344.12,Electronics
CUST00184,2025-05-08,122.13,Dining
CUST00184,2025-06-14,116.29,Travel
CUST00184,2025-06-18,90.34,Travel
CUST00184,2025-07-19,75.48,Grocery
CUST00184,2025-07-21,247.72,Grocery
CUST00184,2025-05-12,46.0,Travel
CUST00184,2025-07-07,9.78,Grocery
CUST00184,2025-07-15,64.18,Grocery
CUST00184,2025-06-16,108.82,Dining
CUST00184,2025-05-13,293.14,Dining
CUST00184,2025-07-02,178.66,Clothing
CUST00184,2025-05-31,54.96,Dining
CUST00184,2025-05-23,15.71,Clothing
CUST00184,2025-06-18,51.28,Clothing
CUST00184,2025-04-25,18.85,Grocery
CUST00184,2025-06-16,41.13,Dining
CUST00184,2025-06-20,9.73,Dining
CUST00184,2025-06-18,189.15,Clothing
CUST00184,2025-04-30,153.23,Grocery
CUST00184,2025-07-17,11.84,Clothing
CUST00184,2025-05-15,112.77,Electronics
CUST00184,2025-07-11,43.46,Dining
CUST00184,2025-05-08,48.88,Clothing
CUST00184,2025-05-31,70.2,Dining
CUST00184,2025-07-27,255.71,Electronics
CUST00184,2025-07-28,94.61,Travel
CUST00184,2025-06-17,190.85,Dining
CUST00184,2025-07-01,56.72,Clothing
CUST00184,2025-04-29,28.24,Electronics
CUST00184,2025-07-25,19.43,Dining
CUST00184,2025-05-17,224.66,Dining
CUST00184,2025-07-08,110.91,Travel
CUST00184,2025-07-18,47.12,Electronics
CUST00184,2025-06-29,90.31,Electronics
CUST00184,2025-06-10,134.85,Electronics
CUST00184,2025-07-03,46.34,Grocery
CUST00184,2025-07-26,83.56,Travel
CUST00184,2025-07-12,84.26,Grocery
CUST00184,2025-05-28,82.94,Electronics
CUST00184,2025-05-06,68.16,Dining
CUST00184,2025-05-17,36.99,Dining
CUST00184,2025-04-30,32.91,Grocery
CUST00184,2025-04-28,120.56,Electronics
CUST00184,2025-05-11,101.21,Grocery
CUST00184,2025-06-20,189.02,Clothing
CUST00184,2025-04-30,73.45,Clothing
CUST00184,2025-06-15,289.42,Electronics
CUST00184,2025-07-03,33.96,Grocery
CUST00184,2025-06-13,73.74,Grocery
CUST00184,2025-07-08,13.75,Clothing
CUST00184,2025-05-04,45.24,Clothing
CUST00184,2025-06-02,20.81,Grocery
CUST00184,2025-06-04,394.67,Clothing
CUST00184,2025-06-18,37.69,Travel
CUST00184,2025-07-10,5.33,Clothing
CUST00184,2025-06-30,125.49,Clothing
CUST00184,2025-07-01,38.04,Electronics
CUST00184,2025-07-04,94.8,Clothing
CUST00184,2025-07-14,42.03,Clothing
CUST00184,2025-07-17,96.63,Dining
CUST00184,2025-07-15,34.46,Travel
CUST00184,2025-05-31,6.69,Travel
CUST00184,2025-07-04,113.78,Electronics
CUST00184,2025-06-23,9.02,Grocery
CUST00184,2025-07-29,248.32,Grocery
CUST00185,2025-06-30,61.96,Electronics
CUST00185,2025-05-09,175.75,Dining
CUST00185,2025-05-22,20.37,Dining
CUST00185,2025-06-30,64.87,Clothing
CUST00185,2025-05-25,39.77,Grocery
CUST00185,2025-06-12,136.35,Dining
CUST00185,2025-05-26,85.39,Electronics
CUST00185,2025-07-08,40.06,Clothing
CUST00185,2025-07-06,173.08,Electronics
CUST00185,2025-06-21,122.89,Electronics
CUST00185,2025-07-06,312.44,Grocery
CUST00185,2025-06-26,5.76,Clothing
CUST00185,2025-06-24,51.0,Travel
CUST00185,2025-06-25,6.11,Electronics
CUST00185,2025-07-09,54.2,Grocery
CUST00185,2025-06-25,110.81,Clothing
CUST00185,2025-06-19,114.61,Travel
CUST00185,2025-06-03,44.25,Grocery
CUST00185,2025-05-27,172.91,Electronics
CUST00185,2025-05-17,17.86,Electronics
CUST00185,2025-06-12,23.49,Grocery
CUST00185,2025-05-10,106.33,Electronics
CUST00185,2025-06-10,76.73,Travel
CUST00185,2025-06-09,12.06,Electronics
CUST00185,2025-05-15,219.15,Grocery
CUST00185,2025-07-16,62.42,Dining
CUST00185,2025-05-26,35.28,Electronics
CUST00185,2025-07-05,17.21,Electronics
CUST00185,2025-06-04,286.3,Grocery
CUST00185,2025-06-20,228.73,Grocery
CUST00185,2025-05-14,30.61,Clothing
CUST00185,2025-07-06,59.02,Dining
CUST00185,2025-07-26,45.25,Dining
CUST00185,2025-05-18,61.07,Travel
CUST00185,2025-07-02,9.06,Clothing
CUST00185,2025-07-20,27.99,Travel
CUST00185,2025-05-12,86.2,Travel
CUST00185,2025-05-18,56.93,Grocery
CUST00185,2025-06-25,60.27,Electronics
CUST00185,2025-06-22,21.7,Travel
CUST00185,2025-05-31,61.47,Clothing
CUST00185,2025-06-03,44.43,Travel
CUST00185,2025-07-18,13.55,Clothing
CUST00185,2025-06-29,67.55,Electronics
CUST00185,2025-06-24,66.58,Grocery
CUST00185,2025-06-16,113.15,Grocery
CUST00185,2025-05-28,114.44,Grocery
CUST00185,2025-05-12,49.29,Electronics
CUST00185,2025-05-13,31.43,Grocery
CUST00185,2025-06-03,169.94,Electronics
CUST00185,2025-06-10,30.61,Grocery
CUST00185,2025-06-18,24.7,Grocery
CUST00185,2025-06-27,91.1,Electronics
CUST00185,2025-06-09,220.11,Electronics
CUST00185,2025-07-19,70.25,Dining
CUST00185,2025-05-31,6.49,Dining
CUST00185,2025-05-25,199.96,Grocery
CUST00185,2025-07-06,152.63,Clothing
CUST00185,2025-07-09,46.82,Electronics
CUST00185,2025-07-01,48.47,Travel
CUST00185,2025-06-02,131.45,Dining
CUST00185,2025-07-07,41.6,Electronics
CUST00185,2025-06-04,15.84,Dining
CUST00185,2025-07-18,73.02,Grocery
CUST00185,2025-06-10,75.73,Grocery
CUST00185,2025-06-10,39.11,Travel
CUST00185,2025-06-27,15.15,Electronics
CUST00185,2025-06-26,28.92,Dining
CUST00185,2025-05-27,6.06,Dining
CUST00185,2025-06-13,20.52,Electronics
CUST00185,2025-05-26,40.47,Travel
CUST00185,2025-05-23,93.84,Dining
CUST00185,2025-07-11,153.97,Clothing
CUST00185,2025-05-15,19.17,Electronics
CUST00185,2025-06-07,19.82,Travel
CUST00185,2025-06-20,17.09,Clothing
CUST00185,2025-07-17,151.9,Clothing
CUST00185,2025-05-16,283.16,Dining
CUST00185,2025-07-19,92.76,Grocery
CUST00185,2025-05-24,55.74,Clothing
CUST00185,2025-07-26,20.57,Grocery
CUST00185,2025-06-19,8.59,Travel
CUST00185,2025-07-27,21.3,Electronics
CUST00185,2025-07-30,76.59,Clothing
CUST00185,2025-05-21,95.41,Travel
CUST00185,2025-07-08,17.6,Travel
CUST00185,2025-06-06,12.37,Clothing
CUST00185,2025-07-10,43.69,Electronics
CUST00185,2025-06-10,9.79,Dining
CUST00185,2025-07-30,26.22,Travel
CUST00185,2025-07-01,108.28,Electronics
CUST00185,2025-07-10,170.97,Grocery
CUST00186,2024-10-13,73.73,Travel
CUST00186,2024-12-28,149.53,Clothing
CUST00186,2025-06-15,452.11,Electronics
CUST00186,2024-11-02,107.0,Dining
CUST00186,2025-07-22,35.77,Travel
CUST00186,2024-03-08,8.2,Grocery
CUST00186,2025-01-20,25.73,Travel
CUST00186,2024-09-15,16.87,Travel
CUST00186,2025-06-29,80.14,Dining
CUST00186,2024-04-13,13.45,Clothing
CUST00186,2025-07-01,208.8,Dining
CUST00186,2025-04-23,202.6,Dining
CUST00186,2024-11-25,74.87,Electronics
CUST00186,2024-04-11,32.18,Dining
CUST00186,2024-07-16,64.31,Dining
CUST00186,2024-08-29,101.01,Travel
CUST00186,2024-06-07,27.17,Dining
CUST00186,2025-03-19,462.68,Travel
CUST00186,2024-04-26,27.97,Travel
CUST00186,2025-06-28,13.64,Dining
CUST00186,2025-01-27,38.96,Electronics
CUST00186,2024-08-10,52.17,Travel
CUST00186,2024-05-02,43.9,Electronics
CUST00186,2025-06-16,15.24,Electronics
CUST00186,2024-10-22,67.1,Electronics
CUST00186,2025-04-14,7.61,Dining
CUST00186,2024-10-04,37.22,Electronics
CUST00186,2024-09-15,7.11,Grocery
CUST00186,2025-03-24,130.92,Travel
CUST00186,2025-06-29,75.21,Grocery
CUST00186,2024-03-24,29.62,Clothing
CUST00186,2025-04-28,52.44,Clothing
CUST00186,2024-10-12,34.47,Dining
CUST00186,2024-06-08,45.32,Electronics
CUST00186,2024-12-13,131.18,Dining
CUST00186,2025-01-23,96.83,Electronics
CUST00186,2025-07-20,107.67,Dining
CUST00186,2024-07-25,270.76,Grocery
CUST00186,2025-06-05,83.57,Electronics
CUST00186,2024-03-23,43.93,Clothing
CUST00186,2024-10-27,8.74,Electronics
CUST00186,2025-03-08,260.27,Travel
CUST00186,2024-03-29,125.78,Electronics
CUST00186,2025-03-13,41.86,Grocery
CUST00186,2024-02-28,96.93,Travel
CUST00186,2024-04-14,23.93,Dining
CUST00186,2025-07-07,128.0,Clothing
CUST00186,2025-03-06,117.48,Electronics
CUST00186,2025-04-30,12.04,Clothing
CUST00186,2024-07-04,177.67,Grocery
CUST00186,2025-05-02,31.64,Electronics
CUST00186,2025-03-25,57.44,Travel
CUST00186,2025-04-11,20.94,Clothing
CUST00186,2025-03-13,208.62,Clothing
CUST00186,2025-03-25,21.33,Dining
CUST00186,2024-10-29,96.15,Travel
CUST00186,2025-07-31,134.21,Grocery
CUST00186,2024-03-12,103.32,Clothing
CUST00186,2024-06-27,453.56,Grocery
CUST00186,2025-01-02,6.03,Travel
CUST00186,2024-09-09,216.74,Travel
CUST00186,2024-09-14,61.97,Travel
CUST00186,2024-08-03,99.41,Electronics
CUST00186,2024-04-30,10.17,Grocery
CUST00186,2024-11-09,43.05,Travel
CUST00186,2024-06-30,56.32,Electronics
CUST00186,2025-06-25,75.97,Clothing
CUST00186,2025-03-20,378.4,Travel
CUST00186,2024-08-03,28.9,Grocery
CUST00186,2025-03-07,37.78,Grocery
CUST00186,2024-02-12,38.33,Electronics
CUST00186,2025-07-27,16.45,Dining
CUST00186,2025-01-26,69.99,Grocery
CUST00186,2024-02-01,213.68,Grocery
CUST00186,2024-01-17,103.74,Electronics
CUST00186,2025-02-22,39.32,Clothing
CUST00186,2025-01-21,73.92,Grocery
CUST00186,2024-01-23,137.68,Grocery
CUST00186,2024-07-26,26.31,Electronics
CUST00186,2024-09-09,134.61,Travel
CUST00186,2024-07-01,156.81,Clothing
CUST00186,2024-08-09,182.18,Dining
CUST00186,2025-06-14,81.55,Electronics
CUST00186,2024-06-25,95.89,Grocery
CUST00186,2024-03-17,16.41,Grocery
CUST00186,2024-01-23,44.55,Grocery
CUST00186,2024-08-30,27.17,Clothing
CUST00186,2025-04-03,28.45,Travel
CUST00186,2024-02-09,57.3,Clothing
CUST00186,2025-06-27,213.48,Travel
CUST00186,2024-11-12,35.33,Electronics
CUST00186,2024-07-30,12.18,Dining
CUST00186,2024-10-22,91.04,Electronics
CUST00186,2024-06-14,118.86,Clothing
CUST00186,2025-02-05,24.3,Electronics
CUST00186,2025-02-05,15.56,Travel
CUST00186,2024-06-16,7.23,Travel
CUST00187,2024-03-16,91.24,Grocery
CUST00187,2025-02-09,142.24,Electronics
CUST00187,2024-11-06,181.91,Clothing
CUST00187,2025-07-23,46.24,Dining
CUST00187,2023-10-03,18.82,Grocery
CUST00187,2024-03-26,117.08,Electronics
CUST00187,2023-12-05,104.94,Travel
CUST00187,2024-09-07,185.97,Dining
CUST00187,2024-10-16,120.74,Clothing
CUST00187,2024-03-10,268.49,Grocery
CUST00187,2023-07-06,98.63,Travel
CUST00187,2024-12-09,292.49,Grocery
CUST00187,2023-08-28,122.42,Dining
CUST00187,2024-02-03,22.94,Travel
CUST00187,2023-10-01,77.83,Grocery
CUST00187,2023-10-24,18.54,Electronics
CUST00187,2024-11-20,37.65,Travel
CUST00187,2023-12-31,54.13,Dining
CUST00187,2023-12-13,111.9,Grocery
CUST00187,2023-12-23,69.31,Grocery
CUST00187,2023-06-12,76.27,Grocery
CUST00187,2023-06-20,103.71,Travel
CUST00187,2023-05-21,91.75,Electronics
CUST00187,2024-09-17,249.12,Travel
CUST00187,2025-05-22,75.36,Grocery
CUST00187,2025-06-29,323.81,Dining
CUST00187,2024-09-28,73.34,Grocery
CUST00187,2024-11-10,92.0,Dining
CUST00187,2024-06-22,133.67,Electronics
CUST00187,2024-10-25,20.3,Clothing
CUST00187,2024-08-20,322.39,Grocery
CUST00187,2025-06-01,250.36,Travel
CUST00187,2024-07-29,36.43,Grocery
CUST00187,2023-07-06,26.16,Electronics
CUST00187,2025-01-02,61.11,Travel
CUST00187,2024-04-07,7.87,Travel
CUST00187,2024-12-19,194.08,Travel
CUST00187,2025-04-25,17.17,Clothing
CUST00187,2024-07-31,150.46,Dining
CUST00187,2024-12-28,25.86,Dining
CUST00187,2024-08-30,28.39,Dining
CUST00187,2024-09-29,170.45,Dining
CUST00187,2024-08-05,28.93,Grocery
CUST00187,2024-02-01,95.12,Electronics
CUST00187,2024-08-24,62.05,Electronics
CUST00187,2025-03-24,47.54,Travel
CUST00187,2024-10-10,26.75,Travel
CUST00187,2025-06-16,43.41,Travel
CUST00187,2023-07-14,95.85,Grocery
CUST00187,2023-07-26,30.21,Dining
CUST00187,2025-01-10,60.36,Grocery
CUST00187,2024-05-08,64.44,Electronics
CUST00187,2024-10-24,28.82,Grocery
CUST00187,2024-03-22,76.17,Dining
CUST00187,2024-05-18,24.74,Clothing
CUST00187,2023-10-30,172.96,Grocery
CUST00187,2023-06-01,131.17,Travel
CUST00187,2024-06-18,8.7,Dining
CUST00187,2023-08-15,36.76,Dining
CUST00187,2023-10-09,41.55,Electronics
CUST00187,2023-07-14,58.86,Clothing
CUST00187,2024-03-28,48.22,Dining
CUST00187,2023-09-05,68.9,Clothing
CUST00187,2024-10-14,19.91,Grocery
CUST00187,2024-11-13,321.01,Grocery
CUST00187,2024-06-22,18.62,Clothing
CUST00187,2023-09-16,242.69,Electronics
CUST00187,2024-03-16,46.19,Dining
CUST00187,2024-01-12,133.57,Electronics
CUST00187,2025-07-15,30.19,Grocery
CUST00187,2025-02-20,5.74,Electronics
CUST00187,2024-09-10,194.44,Travel
CUST00187,2023-05-30,31.47,Dining
CUST00187,2023-12-08,179.76,Electronics
CUST00187,2023-07-29,78.99,Dining
CUST00187,2024-01-27,76.48,Grocery
CUST00187,2023-10-12,43.1,Travel
CUST00187,2025-05-06,49.35,Dining
CUST00187,2023-09-22,53.81,Electronics
CUST00187,2024-01-18,120.57,Clothing
CUST00187,2024-04-08,259.25,Electronics
CUST00187,2023-06-23,50.35,Electronics
CUST00187,2023-10-16,108.14,Travel
CUST00187,2025-06-24,134.87,Travel
CUST00187,2025-07-18,63.73,Dining
CUST00187,2025-03-03,62.31,Dining
CUST00187,2024-02-04,44.43,Dining
CUST00187,2024-06-06,27.49,Clothing
CUST00187,2024-09-04,31.07,Grocery
CUST00187,2025-07-14,42.01,Dining
CUST00187,2024-03-18,90.18,Electronics
CUST00187,2023-08-05,16.42,Grocery
CUST00187,2024-05-09,66.47,Grocery
CUST00187,2024-06-02,241.71,Electronics
CUST00187,2024-05-05,45.59,Electronics
CUST00187,2024-01-07,85.74,Dining
CUST00187,2025-03-22,11.38,Grocery
CUST00187,2025-06-28,91.88,Electronics
CUST00187,2024-07-04,167.44,Clothing
CUST00187,2024-08-15,22.56,Grocery
CUST00187,2023-05-07,55.19,Travel
CUST00187,2024-07-25,42.41,Travel
CUST00187,2025-02-15,106.59,Clothing
CUST00187,2025-07-14,10.96,Clothing
CUST00187,2023-10-21,160.12,Grocery
CUST00187,2024-12-15,91.96,Electronics
CUST00187,2023-06-18,33.46,Travel
CUST00187,2024-12-09,103.53,Grocery
CUST00187,2024-05-11,187.83,Grocery
CUST00188,2023-02-19,64.63,Grocery
CUST00188,2022-10-01,33.38,Electronics
CUST00188,2025-05-04,50.08,Clothing
CUST00188,2024-11-25,56.09,Dining
CUST00188,2025-04-15,84.4,Travel
CUST00188,2023-05-17,11.2,Travel
CUST00188,2024-12-07,51.4,Electronics
CUST00188,2022-12-16,32.23,Clothing
CUST00188,2022-11-05,51.7,Clothing
CUST00188,2023-05-15,74.74,Travel
CUST00188,2022-07-17,9.63,Clothing
CUST00188,2024-09-21,10.66,Grocery
CUST00188,2024-11-01,73.37,Dining
CUST00188,2024-07-20,23.31,Electronics
CUST00188,2022-10-31,266.33,Electronics
CUST00188,2022-08-30,134.65,Grocery
CUST00188,2024-02-26,9.56,Travel
CUST00188,2022-11-05,18.27,Dining
CUST00188,2024-06-27,146.74,Electronics
CUST00188,2024-04-08,10.1,Electronics
CUST00188,2023-09-22,33.43,Dining
CUST00188,2022-09-19,103.22,Electronics
CUST00188,2024-05-18,49.6,Travel
CUST00188,2024-01-16,100.24,Travel
CUST00188,2023-12-09,105.11,Electronics
CUST00188,2024-07-03,11.22,Travel
CUST00188,2023-08-22,110.4,Electronics
CUST00188,2022-08-15,147.21,Grocery
CUST00188,2023-11-16,29.04,Travel
CUST00188,2025-06-27,13.41,Grocery
CUST00188,2022-11-25,7.05,Clothing
CUST00188,2025-07-27,269.31,Travel
CUST00188,2023-05-27,39.25,Travel
CUST00188,2025-03-16,83.06,Electronics
CUST00188,2024-08-18,23.67,Dining
CUST00188,2023-07-11,10.54,Clothing
CUST00188,2023-12-20,16.37,Dining
CUST00188,2023-05-29,55.08,Clothing
CUST00188,2023-03-31,63.35,Dining
CUST00188,2022-09-27,97.23,Grocery
CUST00188,2024-12-01,31.04,Travel
CUST00188,2022-10-10,95.04,Travel
CUST00188,2023-04-21,88.26,Electronics
CUST00188,2023-12-21,76.48,Travel
CUST00188,2023-11-27,41.74,Travel
CUST00188,2025-05-03,11.94,Electronics
CUST00188,2024-03-27,30.22,Travel
CUST00188,2022-09-09,45.98,Dining
CUST00188,2023-10-03,550.29,Grocery
CUST00188,2024-06-21,15.36,Grocery
CUST00188,2024-08-10,18.01,Grocery
CUST00188,2022-08-28,75.17,Clothing
CUST00188,2024-02-25,87.72,Electronics
CUST00188,2024-12-16,144.59,Electronics
CUST00188,2023-08-09,93.27,Electronics
CUST00188,2024-12-07,190.34,Clothing
CUST00188,2023-02-12,41.99,Clothing
CUST00188,2022-11-22,82.67,Travel
CUST00188,2022-11-30,60.93,Grocery
CUST00188,2025-01-16,33.71,Grocery
CUST00188,2024-02-02,67.01,Clothing
CUST00188,2023-04-11,266.41,Electronics
CUST00188,2023-03-15,35.27,Dining
CUST00188,2024-09-03,75.65,Travel
CUST00188,2023-05-08,94.83,Dining
CUST00188,2024-10-21,81.27,Travel
CUST00188,2025-05-18,23.31,Travel
CUST00188,2025-05-19,69.99,Grocery
CUST00188,2022-07-17,93.9,Dining
CUST00188,2024-06-21,127.91,Travel
CUST00188,2025-04-18,36.92,Electronics
CUST00188,2023-03-04,70.83,Grocery
CUST00188,2025-03-16,20.77,Grocery
CUST00188,2024-11-21,144.56,Electronics
CUST00188,2024-03-04,79.65,Travel
CUST00188,2023-09-09,31.66,Clothing
CUST00188,2025-02-19,299.04,Grocery
CUST00188,2023-07-09,10.26,Dining
CUST00188,2023-09-21,8.45,Travel
CUST00188,2023-04-20,114.73,Dining
CUST00188,2022-07-29,313.28,Travel
CUST00188,2023-04-28,140.75,Electronics
CUST00188,2022-09-05,54.21,Travel
CUST00188,2022-07-21,16.6,Grocery
CUST00188,2023-02-02,16.26,Clothing
CUST00188,2025-07-09,36.73,Dining
CUST00188,2025-03-01,8.4,Grocery
CUST00188,2023-12-02,37.94,Travel
CUST00188,2024-07-16,151.98,Dining
CUST00188,2023-08-21,137.89,Clothing
CUST00188,2024-08-27,61.94,Grocery
CUST00188,2023-01-07,23.6,Travel
CUST00188,2023-05-09,13.02,Clothing
CUST00188,2023-02-09,72.37,Clothing
CUST00188,2024-12-18,238.07,Electronics
CUST00188,2023-07-15,18.49,Clothing
CUST00188,2023-06-05,162.9,Travel
CUST00188,2022-11-26,148.84,Clothing
CUST00188,2023-08-12,23.12,Electronics
CUST00188,2023-04-05,21.8,Clothing
CUST00188,2023-06-22,49.64,Electronics
CUST00188,2025-04-06,15.31,Travel
CUST00188,2024-05-08,296.29,Clothing
CUST00188,2025-04-12,447.06,Dining
CUST00188,2024-08-12,193.48,Electronics
CUST00188,2024-10-01,14.47,Grocery
CUST00188,2024-02-03,10.4,Clothing
CUST00188,2024-09-09,17.52,Electronics
CUST00188,2023-08-16,45.34,Clothing
CUST00188,2022-07-20,55.05,Electronics
CUST00189,2025-03-01,43.61,Travel
CUST00189,2025-02-14,99.83,Travel
CUST00189,2025-06-22,127.36,Dining
CUST00189,2025-07-08,15.99,Dining
CUST00189,2025-04-28,86.07,Electronics
CUST00189,2025-07-10,119.93,Electronics
CUST00189,2025-07-22,271.93,Travel
CUST00189,2025-04-08,23.99,Travel
CUST00189,2025-07-06,110.88,Electronics
CUST00189,2025-06-16,15.47,Electronics
CUST00189,2025-07-26,577.25,Dining
CUST00189,2025-07-24,15.65,Electronics
CUST00189,2025-08-01,6.42,Electronics
CUST00189,2025-03-11,77.31,Clothing
CUST00189,2025-02-23,58.5,Clothing
CUST00189,2025-05-08,18.06,Travel
CUST00189,2025-06-13,361.6,Clothing
CUST00189,2025-03-21,42.45,Grocery
CUST00189,2025-03-17,102.31,Grocery
CUST00189,2025-03-16,255.69,Travel
CUST00189,2025-06-02,150.68,Grocery
CUST00189,2025-07-25,10.51,Dining
CUST00189,2025-07-16,99.05,Travel
CUST00189,2025-02-19,112.06,Clothing
CUST00189,2025-03-10,15.21,Grocery
CUST00189,2025-02-14,12.79,Grocery
CUST00189,2025-03-13,38.15,Travel
CUST00189,2025-02-12,241.86,Dining
CUST00189,2025-07-22,53.33,Dining
CUST00189,2025-06-21,72.3,Clothing
CUST00189,2025-07-31,51.73,Electronics
CUST00189,2025-02-08,272.77,Dining
CUST00189,2025-06-09,32.34,Grocery
CUST00189,2025-05-23,22.07,Travel
CUST00189,2025-04-11,88.51,Travel
CUST00189,2025-07-08,49.23,Travel
CUST00189,2025-03-01,205.33,Dining
CUST00189,2025-06-19,216.09,Grocery
CUST00189,2025-04-14,345.34,Dining
CUST00189,2025-04-18,96.9,Dining
CUST00189,2025-03-23,40.67,Clothing
CUST00189,2025-05-31,58.23,Electronics
CUST00189,2025-03-17,110.99,Electronics
CUST00189,2025-03-12,48.94,Grocery
CUST00189,2025-07-17,44.42,Grocery
CUST00189,2025-04-15,135.46,Electronics
CUST00189,2025-04-16,9.36,Grocery
CUST00189,2025-08-01,23.63,Electronics
CUST00189,2025-05-22,92.13,Clothing
CUST00189,2025-02-19,52.86,Dining
CUST00189,2025-03-06,60.78,Travel
CUST00189,2025-06-27,39.67,Dining
CUST00189,2025-06-10,19.75,Clothing
CUST00189,2025-04-18,6.18,Electronics
CUST00189,2025-07-04,74.29,Grocery
CUST00189,2025-06-12,56.43,Grocery
CUST00189,2025-02-13,23.22,Clothing
CUST00189,2025-02-17,60.29,Travel
CUST00189,2025-07-31,57.2,Travel
CUST00189,2025-05-14,255.5,Travel
CUST00189,2025-07-01,144.1,Grocery
CUST00189,2025-03-31,8.99,Dining
CUST00189,2025-06-10,10.2,Clothing
CUST00189,2025-05-24,79.96,Electronics
CUST00189,2025-07-23,76.78,Grocery
CUST00189,2025-06-02,78.71,Electronics
CUST00189,2025-07-03,8.68,Grocery
CUST00189,2025-03-27,13.52,Grocery
CUST00189,2025-04-12,47.31,Clothing
CUST00189,2025-07-05,77.6,Grocery
CUST00189,2025-05-13,21.95,Electronics
CUST00189,2025-04-10,154.95,Clothing
CUST00189,2025-06-14,108.05,Dining
CUST00189,2025-05-17,11.62,Travel
CUST00189,2025-02-24,211.66,Travel
CUST00189,2025-02-10,25.57,Grocery
CUST00189,2025-03-05,67.81,Electronics
CUST00189,2025-02-27,111.9,Clothing
CUST00189,2025-07-12,107.19,Grocery
CUST00189,2025-05-14,36.94,Electronics
CUST00189,2025-05-23,28.55,Dining
CUST00189,2025-07-07,106.2,Dining
CUST00189,2025-03-02,71.66,Dining
CUST00189,2025-07-29,86.28,Dining
CUST00189,2025-05-08,174.22,Travel
CUST00189,2025-05-14,17.19,Grocery
CUST00189,2025-02-26,136.09,Travel
CUST00189,2025-03-21,39.64,Electronics
CUST00189,2025-03-17,12.98,Dining
CUST00189,2025-03-13,25.17,Grocery
CUST00189,2025-03-04,93.22,Travel
CUST00189,2025-02-25,25.49,Grocery
CUST00189,2025-06-08,297.23,Travel
CUST00189,2025-03-01,38.73,Dining
CUST00189,2025-07-19,113.52,Clothing
CUST00189,2025-03-01,76.46,Grocery
CUST00189,2025-05-29,12.4,Clothing
CUST00189,2025-04-02,143.75,Electronics
CUST00190,2023-01-10,92.87,Clothing
CUST00190,2022-06-20,6.97,Electronics
CUST00190,2022-07-18,27.89,Travel
CUST00190,2023-09-30,115.68,Dining
CUST00190,2024-06-22,67.78,Grocery
CUST00190,2022-09-29,11.86,Electronics
CUST00190,2025-01-30,59.42,Dining
CUST00190,2023-06-07,146.58,Electronics
CUST00190,2022-10-13,84.69,Dining
CUST00190,2023-02-08,82.81,Grocery
CUST00190,2023-01-20,157.94,Grocery
CUST00190,2024-03-03,30.24,Dining
CUST00190,2023-01-29,67.07,Travel
CUST00190,2023-11-21,193.6,Electronics
CUST00190,2025-06-18,23.44,Electronics
CUST00190,2022-05-26,223.03,Dining
CUST00190,2022-06-08,47.41,Electronics
CUST00190,2024-06-04,16.33,Travel
CUST00190,2025-05-16,40.61,Travel
CUST00190,2023-06-23,7.57,Clothing
CUST00190,2023-06-27,90.54,Clothing
CUST00190,2024-10-22,115.53,Dining
CUST00190,2024-02-05,69.16,Dining
CUST00190,2024-05-23,12.88,Clothing
CUST00190,2023-04-19,122.91,Clothing
CUST00190,2024-04-30,110.63,Dining
CUST00190,2023-03-11,74.62,Dining
CUST00190,2023-07-13,10.27,Grocery
CUST00190,2024-12-20,43.3,Clothing
CUST00190,2025-03-04,31.82,Dining
CUST00190,2022-09-12,6.37,Travel
CUST00190,2023-03-24,65.47,Electronics
CUST00190,2025-01-07,74.52,Travel
CUST00190,2022-07-13,11.62,Electronics
CUST00190,2024-06-21,123.29,Clothing
CUST00190,2023-09-13,288.93,Travel
CUST00190,2022-09-27,209.03,Dining
CUST00190,2024-10-04,52.79,Travel
CUST00190,2023-10-13,20.79,Grocery
CUST00190,2024-05-25,55.64,Clothing
CUST00190,2025-04-26,15.34,Travel
CUST00190,2023-01-22,18.35,Electronics
CUST00190,2024-10-10,57.53,Grocery
CUST00190,2024-10-10,44.94,Grocery
CUST00190,2023-11-26,99.18,Electronics
CUST00190,2023-10-24,40.49,Electronics
CUST00190,2024-03-09,6.09,Electronics
CUST00190,2025-07-31,52.87,Dining
CUST00190,2022-06-18,19.22,Electronics
CUST00190,2023-09-15,81.05,Dining
CUST00190,2023-12-31,237.57,Dining
CUST00190,2025-03-15,87.37,Electronics
CUST00190,2024-07-29,13.33,Electronics
CUST00190,2025-05-01,23.63,Dining
CUST00190,2022-12-22,66.05,Dining
CUST00190,2024-01-11,7.48,Dining
CUST00190,2022-09-22,71.12,Grocery
CUST00190,2022-06-08,87.93,Grocery
CUST00190,2024-03-05,47.78,Electronics
CUST00190,2023-11-19,14.69,Dining
CUST00190,2023-03-18,248.83,Travel
CUST00190,2023-02-24,5.59,Travel
CUST00190,2022-12-09,15.35,Electronics
CUST00190,2024-01-14,9.41,Travel
CUST00190,2025-01-17,56.41,Grocery
CUST00190,2024-12-11,26.92,Dining
CUST00190,2024-03-20,127.38,Clothing
CUST00190,2024-11-28,89.52,Grocery
CUST00190,2024-08-14,68.55,Travel
CUST00190,2023-08-30,109.54,Clothing
CUST00190,2024-12-08,18.69,Grocery
CUST00190,2025-03-06,19.7,Grocery
CUST00190,2023-10-29,19.38,Dining
CUST00190,2023-11-20,7.06,Clothing
CUST00190,2023-08-02,61.83,Electronics
CUST00190,2023-12-28,160.95,Electronics
CUST00190,2024-04-12,380.48,Dining
CUST00190,2024-08-09,48.29,Dining
CUST00190,2023-12-03,115.86,Grocery
CUST00190,2025-05-30,33.43,Travel
CUST00190,2025-05-04,113.37,Clothing
CUST00190,2025-04-29,11.26,Travel
CUST00190,2022-12-29,26.15,Grocery
CUST00190,2024-04-06,26.4,Clothing
CUST00190,2024-04-08,57.56,Dining
CUST00190,2024-08-27,45.92,Clothing
CUST00190,2024-07-09,64.43,Grocery
CUST00190,2023-12-19,468.32,Travel
CUST00190,2023-04-16,231.62,Electronics
CUST00190,2023-10-21,21.32,Clothing
CUST00190,2023-02-20,185.24,Dining
CUST00190,2022-09-05,55.4,Grocery
CUST00190,2023-10-21,33.96,Dining
CUST00190,2022-12-21,116.58,Travel
CUST00190,2023-09-21,13.11,Electronics
CUST00190,2023-03-21,66.25,Dining
CUST00190,2025-03-01,17.18,Clothing
CUST00190,2025-03-07,48.01,Grocery
CUST00191,2024-09-05,28.41,Travel
CUST00191,2025-04-02,23.28,Grocery
CUST00191,2025-07-16,5.96,Grocery
CUST00191,2024-06-02,113.43,Travel
CUST00191,2024-06-20,51.7,Travel
CUST00191,2024-05-27,142.74,Dining
CUST00191,2024-12-31,41.11,Clothing
CUST00191,2025-04-05,225.72,Electronics
CUST00191,2024-09-14,32.66,Clothing
CUST00191,2024-12-08,21.76,Dining
CUST00191,2023-11-03,204.91,Grocery
CUST00191,2025-03-18,18.54,Grocery
CUST00191,2024-11-24,57.75,Electronics
CUST00191,2024-10-04,75.39,Dining
CUST00191,2023-11-27,7.56,Dining
CUST00191,2024-03-28,150.77,Travel
CUST00191,2024-03-12,51.86,Grocery
CUST00191,2024-04-12,63.7,Electronics
CUST00191,2024-09-24,166.38,Travel
CUST00191,2024-11-24,91.59,Clothing
CUST00191,2025-01-07,11.64,Grocery
CUST00191,2024-01-12,47.51,Travel
CUST00191,2024-11-27,111.32,Travel
CUST00191,2024-03-20,29.2,Dining
CUST00191,2025-01-11,112.29,Electronics
CUST00191,2025-07-21,51.38,Travel
CUST00191,2024-07-19,52.73,Electronics
CUST00191,2024-04-05,316.57,Travel
CUST00191,2025-05-01,5.29,Clothing
CUST00191,2024-04-04,43.41,Electronics
CUST00191,2024-08-01,53.04,Clothing
CUST00191,2025-05-21,10.2,Travel
CUST00191,2025-04-14,80.7,Grocery
CUST00191,2024-08-07,68.39,Travel
CUST00191,2024-06-21,34.33,Grocery
CUST00191,2024-09-27,34.03,Dining
CUST00191,2024-09-28,89.64,Electronics
CUST00191,2024-08-21,155.5,Clothing
CUST00191,2025-05-05,175.17,Grocery
CUST00191,2024-06-05,28.86,Clothing
CUST00191,2025-05-17,8.18,Travel
CUST00191,2024-06-03,26.86,Travel
CUST00191,2024-01-28,277.96,Clothing
CUST00191,2025-07-31,35.49,Clothing
CUST00191,2024-06-10,323.02,Grocery
CUST00191,2024-04-11,47.93,Travel
CUST00191,2024-05-25,249.06,Travel
CUST00191,2024-04-30,28.31,Electronics
CUST00191,2025-06-08,16.53,Dining
CUST00191,2025-04-08,87.8,Grocery
CUST00191,2025-05-19,64.53,Clothing
CUST00191,2025-05-15,140.76,Grocery
CUST00191,2025-05-18,113.05,Grocery
CUST00191,2025-05-28,233.74,Travel
CUST00191,2024-10-13,288.14,Clothing
CUST00191,2024-08-26,82.96,Clothing
CUST00191,2023-11-21,27.64,Grocery
CUST00191,2024-05-28,253.75,Travel
CUST00191,2025-04-12,72.95,Grocery
CUST00191,2025-06-10,86.54,Grocery
CUST00191,2024-09-18,26.56,Grocery
CUST00191,2024-11-14,14.42,Dining
CUST00191,2024-12-02,126.02,Dining
CUST00191,2025-06-03,82.51,Clothing
CUST00191,2025-04-01,40.7,Clothing
CUST00191,2025-05-03,69.95,Grocery
CUST00191,2024-01-01,139.11,Dining
CUST00191,2024-01-24,11.08,Electronics
CUST00191,2025-02-25,18.67,Grocery
CUST00191,2024-10-10,17.21,Dining
CUST00191,2024-04-11,103.29,Travel
CUST00191,2024-03-02,168.55,Grocery
CUST00191,2024-02-01,10.53,Clothing
CUST00191,2025-06-19,11.05,Dining
CUST00191,2025-07-16,7.05,Dining
CUST00191,2024-06-08,274.98,Clothing
CUST00191,2024-08-12,33.05,Electronics
CUST00191,2025-07-02,48.36,Grocery
CUST00191,2024-10-30,6.34,Dining
CUST00191,2023-10-28,8.72,Grocery
CUST00191,2025-06-09,156.87,Dining
CUST00191,2024-06-08,12.51,Grocery
CUST00191,2024-03-27,90.39,Grocery
CUST00191,2024-11-01,91.05,Travel
CUST00191,2024-03-07,106.05,Dining
CUST00191,2025-04-19,50.22,Electronics
CUST00191,2025-06-02,47.03,Electronics
CUST00191,2024-02-16,318.82,Travel
CUST00191,2024-04-29,37.63,Grocery
CUST00191,2024-11-10,13.45,Electronics
CUST00191,2024-10-23,202.81,Electronics
CUST00191,2024-11-16,57.85,Electronics
CUST00191,2023-12-18,24.62,Clothing
CUST00191,2024-11-03,197.79,Electronics
CUST00191,2024-09-21,6.5,Electronics
CUST00191,2024-04-03,96.11,Travel
CUST00191,2025-02-15,76.04,Electronics
CUST00191,2024-04-05,45.22,Grocery
CUST00191,2024-04-06,28.73,Electronics
CUST00191,2024-07-17,34.94,Electronics
CUST00191,2024-02-17,17.05,Travel
CUST00191,2025-07-30,168.34,Grocery
CUST00191,2024-01-02,66.26,Clothing
CUST00191,2024-05-05,116.25,Travel
CUST00191,2025-05-31,5.32,Dining
CUST00191,2024-06-05,50.24,Electronics
CUST00191,2024-04-05,8.2,Dining
CUST00191,2024-12-07,12.05,Electronics
CUST00191,2025-06-22,68.77,Electronics
CUST00191,2024-12-22,151.2,Travel
CUST00191,2024-10-10,81.12,Electronics
CUST00191,2025-07-31,53.46,Clothing
CUST00191,2025-04-24,183.91,Dining
CUST00191,2024-06-25,18.13,Travel
CUST00191,2024-05-10,28.73,Clothing
CUST00191,2024-05-04,20.75,Electronics
CUST00191,2025-03-20,178.15,Electronics
CUST00191,2025-05-18,61.0,Electronics
CUST00191,2024-07-11,33.27,Dining
CUST00192,2023-09-03,76.85,Dining
CUST00192,2025-04-25,36.07,Clothing
CUST00192,2023-05-08,219.75,Clothing
CUST00192,2023-10-02,16.21,Clothing
CUST00192,2025-05-25,164.37,Dining
CUST00192,2024-02-22,115.34,Clothing
CUST00192,2023-02-20,16.8,Travel
CUST00192,2023-06-09,17.24,Dining
CUST00192,2025-07-19,11.11,Travel
CUST00192,2023-02-24,40.19,Travel
CUST00192,2024-01-12,45.17,Electronics
CUST00192,2024-12-24,18.51,Travel
CUST00192,2023-01-22,128.12,Electronics
CUST00192,2025-06-21,18.44,Travel
CUST00192,2023-08-24,99.05,Dining
CUST00192,2025-03-28,201.69,Clothing
CUST00192,2025-06-30,47.95,Travel
CUST00192,2024-05-14,78.37,Clothing
CUST00192,2024-11-18,9.05,Travel
CUST00192,2024-01-09,22.72,Grocery
CUST00192,2024-12-13,65.54,Clothing
CUST00192,2023-04-26,39.36,Grocery
CUST00192,2024-03-08,155.3,Electronics
CUST00192,2024-12-28,49.41,Dining
CUST00192,2023-04-14,107.42,Travel
CUST00192,2024-10-05,223.76,Grocery
CUST00192,2023-05-17,42.37,Clothing
CUST00192,2024-03-15,16.19,Dining
CUST00192,2025-05-22,108.47,Grocery
CUST00192,2024-12-16,9.38,Clothing
CUST00192,2024-05-29,60.91,Dining
CUST00192,2024-04-27,87.95,Travel
CUST00192,2025-01-18,39.37,Clothing
CUST00192,2024-07-29,25.83,Grocery
CUST00192,2023-07-17,12.16,Clothing
CUST00192,2024-10-01,9.02,Clothing
CUST00192,2023-10-13,170.69,Grocery
CUST00192,2023-01-22,60.51,Travel
CUST00192,2023-10-10,48.78,Grocery
CUST00192,2025-07-11,10.06,Dining
CUST00192,2025-05-18,45.08,Travel
CUST00192,2024-09-13,65.01,Clothing
CUST00192,2023-12-18,5.81,Travel
CUST00192,2023-03-10,269.65,Dining
CUST00192,2024-09-26,56.87,Electronics
CUST00192,2025-07-31,10.91,Electronics
CUST00192,2023-11-07,57.11,Electronics
CUST00192,2024-05-22,44.54,Grocery
CUST00192,2023-09-23,23.26,Electronics
CUST00192,2023-07-31,104.66,Travel
CUST00192,2025-02-27,37.82,Electronics
CUST00192,2024-04-15,94.22,Clothing
CUST00192,2025-06-29,36.51,Grocery
CUST00192,2024-11-06,15.26,Grocery
CUST00192,2023-05-19,49.57,Clothing
CUST00192,2023-12-09,59.68,Travel
CUST00192,2024-08-27,274.12,Dining
CUST00192,2024-07-17,249.99,Electronics
CUST00192,2024-12-25,21.01,Clothing
CUST00192,2025-04-28,78.56,Grocery
CUST00192,2025-02-08,30.43,Travel
CUST00192,2025-01-08,169.1,Clothing
CUST00192,2023-05-09,51.21,Clothing
CUST00192,2023-09-27,38.9,Dining
CUST00192,2024-12-05,19.96,Dining
CUST00192,2025-06-16,300.01,Dining
CUST00192,2025-03-20,157.03,Dining
CUST00192,2024-10-22,16.86,Clothing
CUST00192,2024-11-21,21.12,Electronics
CUST00192,2024-08-18,34.08,Travel
CUST00192,2025-05-20,102.25,Clothing
CUST00192,2023-12-14,284.55,Grocery
CUST00192,2023-11-02,111.33,Travel
CUST00192,2023-03-29,56.05,Electronics
CUST00192,2023-08-24,44.82,Dining
CUST00192,2023-01-31,153.02,Grocery
CUST00192,2025-01-09,182.38,Electronics
CUST00192,2024-01-05,94.94,Grocery
CUST00192,2025-03-21,96.71,Electronics
CUST00192,2025-04-22,77.73,Electronics
CUST00192,2025-07-14,83.99,Dining
CUST00192,2023-01-16,56.01,Electronics
CUST00192,2024-04-02,26.87,Travel
CUST00192,2023-02-25,30.68,Dining
CUST00192,2025-04-03,5.33,Clothing
CUST00192,2023-05-17,17.81,Electronics
CUST00192,2023-10-03,51.6,Travel
CUST00192,2024-07-05,60.19,Clothing
CUST00192,2025-02-12,168.0,Grocery
CUST00192,2023-05-05,27.76,Grocery
CUST00192,2023-07-23,39.89,Dining
CUST00192,2025-02-27,64.21,Clothing
CUST00192,2025-05-10,27.17,Grocery
CUST00192,2023-03-16,423.48,Grocery
CUST00192,2024-02-19,157.63,Dining
CUST00192,2025-02-22,6.08,Grocery
CUST00192,2023-04-27,109.98,Grocery
CUST00193,2023-03-13,130.4,Grocery
CUST00193,2022-12-24,93.61,Dining
CUST00193,2023-12-02,110.69,Travel
CUST00193,2023-12-14,17.78,Dining
CUST00193,2023-10-19,58.23,Dining
CUST00193,2024-12-18,122.53,Travel
CUST00193,2023-04-27,101.2,Dining
CUST00193,2023-07-05,107.4,Dining
CUST00193,2024-05-23,55.28,Electronics
CUST00193,2024-10-08,22.82,Clothing
CUST00193,2025-01-03,98.89,Clothing
CUST00193,2025-02-22,140.71,Travel
CUST00193,2023-04-04,113.15,Electronics
CUST00193,2024-05-29,6.84,Dining
CUST00193,2023-03-13,152.44,Electronics
CUST00193,2024-08-15,135.5,Travel
CUST00193,2024-04-02,47.14,Travel
CUST00193,2024-05-11,106.48,Grocery
CUST00193,2025-07-06,156.75,Dining
CUST00193,2025-07-14,12.18,Travel
CUST00193,2024-04-07,55.78,Travel
CUST00193,2025-03-20,76.59,Grocery
CUST00193,2023-04-29,25.65,Travel
CUST00193,2024-08-19,50.56,Grocery
CUST00193,2022-11-28,40.41,Dining
CUST00193,2024-12-04,80.32,Grocery
CUST00193,2023-01-29,51.88,Travel
CUST00193,2024-08-16,37.19,Grocery
CUST00193,2025-04-25,121.6,Grocery
CUST00193,2023-08-05,89.6,Grocery
CUST00193,2022-12-18,86.7,Electronics
CUST00193,2022-12-16,10.17,Dining
CUST00193,2023-12-16,38.8,Electronics
CUST00193,2023-09-27,116.34,Grocery
CUST00193,2022-12-07,54.91,Electronics
CUST00193,2024-12-24,174.26,Grocery
CUST00193,2024-08-05,277.89,Dining
CUST00193,2025-02-12,93.58,Electronics
CUST00193,2023-04-26,254.93,Electronics
CUST00193,2023-12-25,37.34,Dining
CUST00193,2024-01-23,8.36,Grocery
CUST00193,2024-12-28,14.54,Electronics
CUST00193,2025-01-14,10.69,Grocery
CUST00193,2024-04-29,120.3,Clothing
CUST00193,2023-09-23,80.55,Grocery
CUST00193,2024-10-16,38.52,Electronics
CUST00193,2023-05-15,271.06,Travel
CUST00193,2024-06-08,54.69,Grocery
CUST00193,2023-01-24,62.06,Travel
CUST00193,2023-07-25,227.12,Electronics
CUST00193,2024-08-22,108.66,Clothing
CUST00193,2024-11-20,84.86,Travel
CUST00193,2025-02-02,58.49,Travel
CUST00193,2024-07-06,7.75,Travel
CUST00193,2024-01-18,97.94,Grocery
CUST00193,2022-12-06,291.61,Clothing
CUST00193,2024-11-22,33.44,Travel
CUST00193,2024-04-02,22.9,Grocery
CUST00193,2024-09-15,65.66,Electronics
CUST00193,2024-03-02,101.11,Travel
CUST00193,2024-05-03,65.25,Electronics
CUST00193,2024-05-20,187.28,Dining
CUST00193,2025-03-13,118.09,Electronics
CUST00193,2023-12-26,273.85,Clothing
CUST00193,2025-05-23,60.68,Clothing
CUST00193,2023-09-29,31.75,Grocery
CUST00193,2024-01-01,317.69,Grocery
CUST00193,2023-03-16,35.44,Clothing
CUST00193,2023-04-06,57.49,Dining
CUST00193,2023-01-25,235.0,Electronics
CUST00193,2024-09-23,30.41,Dining
CUST00193,2023-03-11,16.58,Grocery
CUST00193,2024-11-29,39.88,Grocery
CUST00193,2023-04-07,46.65,Electronics
CUST00193,2025-03-31,175.66,Grocery
CUST00193,2023-10-26,22.01,Clothing
CUST00193,2022-12-04,73.13,Clothing
CUST00193,2024-01-20,18.84,Clothing
CUST00193,2023-06-03,21.51,Clothing
CUST00193,2025-03-22,140.98,Grocery
CUST00193,2025-02-24,253.21,Travel
CUST00193,2025-07-12,61.6,Grocery
CUST00193,2023-11-30,135.33,Electronics
CUST00193,2025-07-02,27.02,Travel
CUST00193,2024-10-02,19.7,Electronics
CUST00193,2025-06-19,14.52,Grocery
CUST00193,2023-10-29,141.84,Travel
CUST00193,2023-01-09,44.22,Clothing
CUST00193,2024-03-18,118.52,Dining
CUST00193,2025-06-18,34.12,Clothing
CUST00193,2024-09-13,22.35,Grocery
CUST00193,2023-04-10,12.89,Grocery
CUST00193,2023-10-10,110.67,Grocery
CUST00193,2023-05-15,7.93,Travel
CUST00193,2023-06-07,311.75,Electronics
CUST00193,2023-01-26,15.85,Travel
CUST00193,2023-12-21,138.51,Grocery
CUST00193,2024-03-19,22.31,Dining
CUST00193,2024-06-16,29.53,Travel
CUST00193,2025-02-01,65.06,Dining
CUST00193,2025-03-19,178.66,Travel
CUST00194,2023-07-03,29.29,Electronics
CUST00194,2020-12-05,35.79,Grocery
CUST00194,2021-04-12,24.67,Clothing
CUST00194,2021-07-20,47.13,Clothing
CUST00194,2025-02-02,83.0,Clothing
CUST00194,2022-03-19,158.62,Clothing
CUST00194,2023-05-07,48.74,Clothing
CUST00194,2024-09-10,136.92,Clothing
CUST00194,2022-08-29,5.15,Dining
CUST00194,2022-04-26,43.38,Grocery
CUST00194,2020-10-31,79.19,Dining
CUST00194,2023-12-08,11.72,Clothing
CUST00194,2024-02-17,6.11,Electronics
CUST00194,2021-01-17,6.57,Dining
CUST00194,2023-03-30,110.68,Travel
CUST00194,2023-11-22,16.41,Travel
CUST00194,2023-11-10,280.96,Electronics
CUST00194,2024-09-25,126.39,Electronics
CUST00194,2022-10-13,23.04,Dining
CUST00194,2022-01-13,15.25,Travel
CUST00194,2020-10-17,7.38,Dining
CUST00194,2022-08-14,33.83,Electronics
CUST00194,2024-09-24,66.2,Clothing
CUST00194,2025-03-23,52.84,Electronics
CUST00194,2020-09-03,7.73,Grocery
CUST00194,2025-01-25,156.02,Electronics
CUST00194,2024-09-16,98.86,Clothing
CUST00194,2023-01-26,7.48,Grocery
CUST00194,2023-03-29,22.0,Dining
CUST00194,2022-08-23,49.44,Grocery
CUST00194,2022-09-14,614.16,Travel
CUST00194,2021-03-22,99.56,Travel
CUST00194,2025-06-13,60.2,Electronics
CUST00194,2022-11-27,5.96,Clothing
CUST00194,2024-04-28,59.57,Clothing
CUST00194,2021-08-10,12.32,Clothing
CUST00194,2024-05-21,401.88,Electronics
CUST00194,2022-10-26,160.68,Electronics
CUST00194,2024-07-28,182.48,Travel
CUST00194,2025-04-28,120.9,Travel
CUST00194,2021-09-29,106.33,Travel
CUST00194,2021-10-18,42.86,Clothing
CUST00194,2024-08-10,175.38,Clothing
CUST00194,2023-04-13,255.46,Grocery
CUST00194,2021-04-14,60.93,Travel
CUST00194,2024-07-06,45.19,Travel
CUST00194,2024-08-29,85.72,Travel
CUST00194,2022-12-09,13.22,Travel
CUST00194,2022-10-26,12.86,Travel
CUST00194,2024-04-30,159.75,Dining
CUST00194,2023-08-22,47.84,Grocery
CUST00194,2023-12-20,19.78,Clothing
CUST00194,2021-08-17,6.43,Clothing
CUST00194,2021-12-01,61.15,Grocery
CUST00194,2023-03-23,60.13,Clothing
CUST00194,2023-01-19,80.91,Grocery
CUST00194,2021-01-22,129.3,Clothing
CUST00194,2022-09-25,12.83,Electronics
CUST00194,2022-08-17,65.93,Clothing
CUST00194,2024-08-04,15.78,Travel
CUST00194,2021-03-03,131.89,Grocery
CUST00194,2023-02-04,69.25,Clothing
CUST00194,2025-03-29,5.13,Grocery
CUST00194,2024-04-25,42.63,Grocery
CUST00194,2024-12-25,26.01,Dining
CUST00194,2021-10-24,5.04,Clothing
CUST00194,2022-05-26,103.01,Dining
CUST00194,2021-12-08,16.19,Electronics
CUST00194,2025-01-16,36.43,Grocery
CUST00194,2025-01-12,33.1,Dining
CUST00194,2023-09-09,136.27,Dining
CUST00194,2025-05-16,76.42,Dining
CUST00194,2021-12-11,37.46,Dining
CUST00194,2023-08-29,84.85,Travel
CUST00194,2021-02-22,57.59,Electronics
CUST00194,2024-01-30,150.17,Travel
CUST00194,2025-04-12,50.23,Clothing
CUST00194,2021-10-12,47.24,Dining
CUST00194,2025-01-14,5.09,Dining
CUST00194,2020-11-08,41.65,Grocery
CUST00194,2023-08-31,100.54,Clothing
CUST00194,2024-06-13,38.34,Electronics
CUST00194,2023-02-24,115.08,Dining
CUST00194,2021-08-21,5.13,Travel
CUST00194,2023-11-20,93.25,Travel
CUST00194,2020-12-28,62.7,Grocery
CUST00194,2024-10-02,93.61,Clothing
CUST00194,2022-06-24,220.56,Dining
CUST00194,2022-04-07,23.99,Electronics
CUST00194,2022-09-17,123.43,Grocery
CUST00194,2022-05-26,124.0,Grocery
CUST00194,2025-07-23,37.77,Dining
CUST00194,2024-05-14,177.3,Clothing
CUST00194,2021-04-16,17.75,Clothing
CUST00195,2025-02-03,15.52,Clothing
CUST00195,2025-07-31,169.64,Travel
CUST00195,2025-01-01,34.76,Travel
CUST00195,2023-10-07,93.46,Travel
CUST00195,2024-07-07,31.43,Clothing
CUST00195,2024-02-25,41.56,Travel
CUST00195,2024-07-17,60.14,Travel
CUST00195,2024-03-20,16.92,Grocery
CUST00195,2025-04-15,142.87,Electronics
CUST00195,2023-12-04,59.18,Clothing
CUST00195,2025-02-09,47.88,Clothing
CUST00195,2024-09-01,13.37,Dining
CUST00195,2024-10-24,26.57,Electronics
CUST00195,2023-09-01,108.96,Dining
CUST00195,2025-03-27,74.55,Clothing
CUST00195,2024-04-30,53.07,Electronics
CUST00195,2024-07-12,159.97,Dining
CUST00195,2024-02-03,7.29,Grocery
CUST00195,2023-08-26,144.62,Grocery
CUST00195,2024-06-10,89.81,Dining
CUST00195,2024-02-13,139.57,Grocery
CUST00195,2023-11-09,108.21,Electronics
CUST00195,2024-06-27,11.24,Dining
CUST00195,2023-07-09,125.51,Dining
CUST00195,2025-03-06,9.25,Clothing
CUST00195,2025-01-11,36.14,Travel
CUST00195,2024-10-04,159.48,Electronics
CUST00195,2025-07-13,29.95,Electronics
CUST00195,2025-05-09,42.43,Travel
CUST00195,2023-08-29,48.0,Clothing
CUST00195,2024-09-11,114.22,Travel
CUST00195,2023-07-18,181.09,Dining
CUST00195,2024-04-26,33.13,Grocery
CUST00195,2025-01-17,6.55,Dining
CUST00195,2024-08-14,88.9,Clothing
CUST00195,2023-07-26,113.26,Dining
CUST00195,2023-08-04,52.04,Travel
CUST00195,2024-08-04,115.85,Grocery
CUST00195,2024-01-20,136.5,Clothing
CUST00195,2025-06-15,37.29,Travel
CUST00195,2024-06-02,184.8,Dining
CUST00195,2024-12-31,58.89,Dining
CUST00195,2023-12-05,31.12,Dining
CUST00195,2023-11-30,15.59,Clothing
CUST00195,2025-04-04,41.14,Dining
CUST00195,2023-08-02,29.8,Electronics
CUST00195,2023-11-26,312.47,Electronics
CUST00195,2025-02-24,15.95,Grocery
CUST00195,2023-12-02,35.99,Grocery
CUST00195,2025-04-16,166.81,Clothing
CUST00195,2025-02-21,62.61,Electronics
CUST00195,2024-08-07,153.59,Grocery
CUST00195,2023-11-20,25.81,Electronics
CUST00195,2023-10-23,89.47,Dining
CUST00195,2025-07-23,82.3,Grocery
CUST00195,2024-01-06,53.38,Electronics
CUST00195,2024-08-04,59.53,Grocery
CUST00195,2024-05-02,53.25,Electronics
CUST00195,2024-07-21,12.26,Grocery
CUST00195,2025-06-22,196.05,Grocery
CUST00195,2024-11-09,70.82,Dining
CUST00195,2025-01-19,18.34,Grocery
CUST00195,2024-03-21,47.99,Grocery
CUST00195,2025-01-07,63.38,Travel
CUST00195,2025-06-18,111.16,Electronics
CUST00195,2025-04-02,26.78,Travel
CUST00195,2024-04-10,96.33,Travel
CUST00195,2023-09-14,19.1,Clothing
CUST00195,2024-04-14,147.21,Clothing
CUST00195,2024-12-25,122.6,Grocery
CUST00195,2024-01-02,24.53,Travel
CUST00195,2023-12-13,302.28,Travel
CUST00195,2024-07-26,134.22,Grocery
CUST00195,2025-07-01,410.52,Grocery
CUST00195,2024-03-01,12.59,Electronics
CUST00195,2025-05-01,30.14,Grocery
CUST00195,2025-06-28,24.35,Travel
CUST00195,2023-11-29,54.57,Dining
CUST00195,2025-02-09,20.76,Clothing
CUST00195,2023-09-15,149.72,Clothing
CUST00195,2025-04-09,169.63,Grocery
CUST00195,2023-12-03,37.85,Travel
CUST00195,2023-09-24,192.4,Grocery
CUST00195,2025-07-31,245.6,Travel
CUST00195,2024-09-19,82.93,Travel
CUST00195,2023-09-19,174.89,Grocery
CUST00195,2024-08-03,100.77,Clothing
CUST00195,2024-04-03,16.44,Dining
CUST00195,2025-02-08,117.71,Clothing
CUST00195,2024-03-27,24.98,Dining
CUST00195,2025-03-31,311.18,Grocery
CUST00195,2024-02-12,9.29,Clothing
CUST00195,2025-06-20,12.63,Travel
CUST00195,2024-07-25,18.56,Travel
CUST00195,2023-08-08,54.3,Travel
CUST00195,2025-02-12,69.7,Electronics
CUST00195,2024-06-04,96.36,Dining
CUST00195,2024-02-21,118.1,Clothing
CUST00196,2025-01-27,85.68,Electronics
CUST00196,2024-05-23,496.62,Travel
CUST00196,2024-01-30,87.14,Clothing
CUST00196,2023-06-07,54.55,Travel
CUST00196,2025-01-05,111.22,Dining
CUST00196,2024-05-14,16.76,Electronics
CUST00196,2023-06-23,53.67,Grocery
CUST00196,2025-01-29,27.99,Electronics
CUST00196,2024-08-26,198.02,Clothing
CUST00196,2025-06-09,72.08,Electronics
CUST00196,2023-03-27,83.37,Dining
CUST00196,2024-02-26,99.32,Grocery
CUST00196,2025-01-28,236.95,Clothing
CUST00196,2023-10-14,21.93,Dining
CUST00196,2023-08-14,58.67,Dining
CUST00196,2025-01-04,120.9,Grocery
CUST00196,2024-10-02,49.69,Dining
CUST00196,2024-08-04,15.17,Electronics
CUST00196,2023-08-04,512.12,Travel
CUST00196,2025-03-18,15.31,Travel
CUST00196,2023-12-25,115.38,Dining
CUST00196,2024-06-11,98.89,Dining
CUST00196,2024-06-21,10.67,Travel
CUST00196,2025-03-26,72.32,Electronics
CUST00196,2025-01-11,83.79,Clothing
CUST00196,2024-05-06,339.15,Grocery
CUST00196,2023-07-08,42.45,Travel
CUST00196,2024-01-24,105.63,Grocery
CUST00196,2024-04-15,119.5,Electronics
CUST00196,2023-03-25,15.34,Dining
CUST00196,2024-10-04,19.98,Electronics
CUST00196,2024-03-23,23.91,Electronics
CUST00196,2023-06-11,8.24,Grocery
CUST00196,2024-09-19,34.19,Clothing
CUST00196,2023-12-23,70.52,Dining
CUST00196,2025-05-22,76.58,Grocery
CUST00196,2023-06-17,14.19,Clothing
CUST00196,2024-05-05,143.25,Travel
CUST00196,2023-03-15,115.33,Grocery
CUST00196,2024-08-06,12.44,Grocery
CUST00196,2023-08-19,171.05,Travel
CUST00196,2024-03-23,100.37,Travel
CUST00196,2024-01-20,54.45,Dining
CUST00196,2024-09-01,21.98,Clothing
CUST00196,2024-08-28,57.94,Clothing
CUST00196,2023-03-25,34.82,Electronics
CUST00196,2025-07-27,278.66,Travel
CUST00196,2025-02-24,193.8,Clothing
CUST00196,2024-05-13,47.86,Grocery
CUST00196,2024-05-21,129.77,Travel
CUST00196,2023-12-22,38.98,Grocery
CUST00196,2024-09-06,10.65,Dining
CUST00196,2023-05-21,11.65,Electronics
CUST00196,2025-02-15,62.84,Electronics
CUST00196,2025-07-09,112.58,Electronics
CUST00196,2025-04-10,58.17,Travel
CUST00196,2024-05-22,22.56,Electronics
CUST00196,2024-12-05,35.07,Grocery
CUST00196,2023-07-27,102.13,Electronics
CUST00196,2024-10-19,233.13,Travel
CUST00196,2024-10-05,102.13,Dining
CUST00196,2024-10-09,43.12,Electronics
CUST00196,2023-08-16,120.87,Travel
CUST00196,2024-05-19,119.41,Travel
CUST00196,2024-02-27,48.4,Clothing
CUST00196,2024-04-10,158.77,Dining
CUST00196,2025-02-23,17.98,Grocery
CUST00196,2025-04-29,37.39,Clothing
CUST00196,2024-07-21,59.88,Dining
CUST00196,2024-03-18,260.97,Travel
CUST00196,2023-08-19,12.83,Clothing
CUST00196,2024-01-26,96.16,Grocery
CUST00196,2025-03-20,92.82,Clothing
CUST00196,2024-12-30,49.2,Travel
CUST00196,2025-02-15,44.55,Clothing
CUST00196,2024-10-02,121.38,Clothing
CUST00196,2023-10-18,7.42,Grocery
CUST00196,2023-10-05,46.4,Clothing
CUST00196,2025-01-29,91.49,Grocery
CUST00196,2025-06-19,17.62,Grocery
CUST00196,2024-10-27,97.92,Grocery
CUST00196,2024-02-27,8.04,Clothing
CUST00196,2023-09-24,16.83,Clothing
CUST00196,2023-05-27,30.82,Dining
CUST00196,2023-12-20,14.05,Grocery
CUST00196,2023-04-20,79.28,Travel
CUST00196,2025-07-28,97.86,Electronics
CUST00196,2024-02-28,107.08,Dining
CUST00196,2024-03-05,20.53,Grocery
CUST00196,2023-10-07,162.26,Travel
CUST00196,2023-08-10,156.38,Dining
CUST00196,2023-03-16,35.72,Clothing
CUST00196,2023-10-04,170.61,Dining
CUST00196,2024-07-17,46.91,Electronics
CUST00196,2023-04-01,64.85,Grocery
CUST00196,2025-02-25,87.42,Travel
CUST00196,2025-05-01,5.97,Grocery
CUST00196,2024-03-20,73.16,Grocery
CUST00196,2024-12-01,305.61,Dining
CUST00196,2023-12-18,10.55,Grocery
CUST00196,2025-03-15,95.77,Electronics
CUST00196,2025-06-13,13.13,Travel
CUST00196,2023-10-20,191.12,Dining
CUST00196,2024-08-25,31.68,Travel
CUST00196,2023-12-14,79.83,Travel
CUST00196,2024-08-02,18.81,Travel
CUST00197,2024-10-10,46.48,Travel
CUST00197,2025-01-28,16.18,Travel
CUST00197,2025-02-15,17.28,Clothing
CUST00197,2024-12-26,40.81,Electronics
CUST00197,2024-11-22,129.12,Electronics
CUST00197,2025-05-16,56.75,Clothing
CUST00197,2024-12-23,70.25,Electronics
CUST00197,2024-11-22,70.48,Clothing
CUST00197,2025-04-30,143.3,Dining
CUST00197,2024-10-31,59.31,Grocery
CUST00197,2024-11-21,54.23,Electronics
CUST00197,2025-01-16,24.88,Clothing
CUST00197,2025-07-23,25.21,Dining
CUST00197,2024-11-23,297.61,Grocery
CUST00197,2025-02-12,21.43,Clothing
CUST00197,2025-04-05,108.67,Electronics
CUST00197,2024-11-14,10.26,Travel
CUST00197,2025-02-13,23.94,Dining
CUST00197,2025-01-26,41.97,Clothing
CUST00197,2025-06-14,186.36,Clothing
CUST00197,2025-06-27,39.15,Dining
CUST00197,2024-11-07,24.4,Dining
CUST00197,2025-02-13,67.32,Travel
CUST00197,2024-10-15,221.47,Clothing
CUST00197,2025-02-17,132.33,Travel
CUST00197,2024-11-21,10.52,Dining
CUST00197,2024-12-25,16.61,Dining
CUST00197,2025-07-02,58.11,Clothing
CUST00197,2025-03-03,337.29,Grocery
CUST00197,2025-01-05,130.61,Clothing
CUST00197,2025-03-13,122.92,Grocery
CUST00197,2025-06-12,160.98,Grocery
CUST00197,2025-03-18,170.23,Clothing
CUST00197,2025-03-09,5.19,Travel
CUST00197,2025-07-06,15.7,Electronics
CUST00197,2025-03-19,13.01,Travel
CUST00197,2025-07-17,28.03,Dining
CUST00197,2025-01-25,96.13,Grocery
CUST00197,2025-06-22,136.53,Electronics
CUST00197,2025-07-02,87.44,Grocery
CUST00197,2025-06-06,79.54,Clothing
CUST00197,2025-07-07,14.95,Dining
CUST00197,2025-06-13,107.39,Clothing
CUST00197,2025-05-23,78.6,Electronics
CUST00197,2024-11-12,20.82,Grocery
CUST00197,2025-04-08,56.88,Travel
CUST00197,2025-07-30,76.7,Clothing
CUST00197,2024-12-12,204.46,Grocery
CUST00197,2024-11-18,117.47,Clothing
CUST00197,2024-12-09,14.42,Travel
CUST00197,2025-01-04,37.65,Travel
CUST00197,2024-11-12,24.11,Grocery
CUST00197,2024-12-17,36.85,Travel
CUST00197,2025-01-30,146.7,Grocery
CUST00197,2025-07-22,20.24,Travel
CUST00197,2025-06-23,578.14,Electronics
CUST00197,2025-07-30,38.37,Clothing
CUST00197,2025-02-08,6.14,Electronics
CUST00197,2025-04-21,31.67,Clothing
CUST00197,2024-10-24,148.52,Electronics
CUST00197,2025-06-30,181.65,Clothing
CUST00197,2025-05-29,17.31,Clothing
CUST00197,2025-02-11,15.94,Dining
CUST00197,2025-02-11,70.56,Clothing
CUST00197,2025-04-27,153.76,Travel
CUST00197,2024-12-09,298.06,Grocery
CUST00197,2024-10-25,106.17,Clothing
CUST00197,2025-06-23,8.3,Clothing
CUST00197,2024-12-05,162.34,Clothing
CUST00197,2025-05-14,73.97,Travel
CUST00197,2025-02-22,73.2,Dining
CUST00197,2025-05-09,105.63,Electronics
CUST00197,2025-07-09,99.28,Grocery
CUST00197,2025-01-13,101.66,Clothing
CUST00197,2025-04-08,83.38,Travel
CUST00197,2025-03-01,5.04,Electronics
CUST00197,2025-07-05,49.47,Grocery
CUST00197,2024-10-20,22.48,Electronics
CUST00197,2024-12-17,28.47,Dining
CUST00197,2025-07-07,12.34,Electronics
CUST00197,2024-10-25,51.42,Electronics
CUST00197,2025-05-20,88.47,Grocery
CUST00197,2024-12-17,12.66,Grocery
CUST00197,2025-03-15,78.15,Grocery
CUST00197,2024-10-21,23.66,Grocery
CUST00197,2025-03-31,14.27,Grocery
CUST00197,2025-02-16,40.52,Dining
CUST00197,2025-05-29,123.9,Grocery
CUST00197,2025-05-31,87.94,Electronics
CUST00197,2025-03-02,178.66,Grocery
CUST00197,2024-12-04,163.55,Electronics
CUST00197,2024-12-18,123.31,Clothing
CUST00197,2025-01-09,6.41,Dining
CUST00197,2025-06-09,88.22,Dining
CUST00197,2025-07-26,93.78,Travel
CUST00197,2024-12-03,18.15,Dining
CUST00197,2025-07-02,87.93,Electronics
CUST00197,2025-04-06,26.52,Dining
CUST00197,2025-07-20,29.93,Clothing
CUST00197,2025-02-07,251.93,Grocery
CUST00198,2025-06-30,29.33,Grocery
CUST00198,2025-07-12,29.9,Electronics
CUST00198,2025-06-21,116.9,Dining
CUST00198,2025-06-04,211.73,Travel
CUST00198,2025-06-20,235.58,Electronics
CUST00198,2025-07-07,11.98,Grocery
CUST00198,2025-07-19,48.39,Grocery
CUST00198,2025-06-08,131.78,Grocery
CUST00198,2025-06-12,204.98,Travel
CUST00198,2025-05-25,78.33,Clothing
CUST00198,2025-06-11,59.03,Grocery
CUST00198,2025-07-30,6.74,Electronics
CUST00198,2025-07-03,113.43,Grocery
CUST00198,2025-06-17,167.19,Dining
CUST00198,2025-06-09,111.38,Dining
CUST00198,2025-07-09,424.83,Dining
CUST00198,2025-06-27,15.51,Travel
CUST00198,2025-07-02,130.62,Travel
CUST00198,2025-07-26,201.92,Grocery
CUST00198,2025-06-20,12.46,Clothing
CUST00198,2025-07-17,126.59,Electronics
CUST00198,2025-07-17,58.94,Travel
CUST00198,2025-07-31,63.83,Travel
CUST00198,2025-05-29,7.29,Grocery
CUST00198,2025-05-30,92.71,Clothing
CUST00198,2025-08-01,22.6,Travel
CUST00198,2025-06-08,221.43,Travel
CUST00198,2025-06-16,37.24,Grocery
CUST00198,2025-05-27,54.28,Clothing
CUST00198,2025-06-09,40.48,Travel
CUST00198,2025-07-29,102.82,Grocery
CUST00198,2025-07-04,34.21,Grocery
CUST00198,2025-07-17,28.94,Dining
CUST00198,2025-06-13,98.36,Clothing
CUST00198,2025-05-14,51.06,Electronics
CUST00198,2025-07-17,32.98,Grocery
CUST00198,2025-06-30,53.71,Electronics
CUST00198,2025-06-06,30.38,Grocery
CUST00198,2025-06-14,67.16,Electronics
CUST00198,2025-07-27,72.94,Dining
CUST00198,2025-07-13,88.12,Dining
CUST00198,2025-06-14,70.39,Electronics
CUST00198,2025-07-21,82.85,Grocery
CUST00198,2025-05-31,66.87,Dining
CUST00198,2025-06-27,149.5,Travel
CUST00198,2025-05-25,24.26,Clothing
CUST00198,2025-05-14,81.46,Travel
CUST00198,2025-07-08,64.65,Clothing
CUST00198,2025-05-27,163.08,Travel
CUST00198,2025-07-14,194.87,Travel
CUST00198,2025-07-16,111.2,Clothing
CUST00198,2025-06-21,6.06,Electronics
CUST00198,2025-07-12,93.51,Travel
CUST00198,2025-07-25,90.04,Grocery
CUST00198,2025-05-21,132.61,Travel
CUST00198,2025-06-24,10.62,Grocery
CUST00198,2025-07-30,67.41,Travel
CUST00198,2025-07-17,138.75,Clothing
CUST00198,2025-07-14,62.12,Grocery
CUST00198,2025-07-18,35.34,Travel
CUST00198,2025-05-21,117.83,Dining
CUST00198,2025-06-17,39.98,Clothing
CUST00198,2025-07-29,7.29,Dining
CUST00198,2025-07-20,5.1,Clothing
CUST00198,2025-06-04,58.8,Travel
CUST00198,2025-05-21,220.04,Clothing
CUST00198,2025-06-05,33.14,Dining
CUST00198,2025-05-14,123.06,Electronics
CUST00198,2025-07-30,28.28,Travel
CUST00198,2025-06-24,42.94,Clothing
CUST00198,2025-07-30,181.82,Travel
CUST00198,2025-05-19,53.95,Travel
CUST00198,2025-07-04,174.87,Travel
CUST00198,2025-06-19,107.5,Grocery
CUST00198,2025-05-25,53.2,Clothing
CUST00198,2025-07-28,387.13,Grocery
CUST00198,2025-07-18,12.62,Grocery
CUST00198,2025-07-03,72.47,Grocery
CUST00198,2025-06-04,190.79,Electronics
CUST00198,2025-07-26,5.23,Grocery
CUST00198,2025-05-17,64.51,Dining
CUST00198,2025-06-30,148.04,Clothing
CUST00198,2025-07-27,32.83,Dining
CUST00198,2025-07-30,79.72,Dining
CUST00198,2025-05-29,91.52,Travel
CUST00198,2025-06-11,169.63,Clothing
CUST00198,2025-07-08,65.3,Electronics
CUST00198,2025-05-24,52.71,Electronics
CUST00198,2025-07-06,27.29,Clothing
CUST00198,2025-07-07,29.14,Grocery
CUST00198,2025-07-21,95.08,Clothing
CUST00198,2025-06-17,146.02,Travel
CUST00198,2025-06-01,8.6,Grocery
CUST00198,2025-06-21,7.56,Electronics
CUST00198,2025-06-12,120.44,Electronics
CUST00198,2025-05-19,95.26,Dining
CUST00198,2025-05-16,15.42,Grocery
CUST00199,2023-10-19,33.15,Clothing
CUST00199,2024-10-28,74.48,Grocery
CUST00199,2023-11-13,219.65,Electronics
CUST00199,2023-04-02,6.67,Travel
CUST00199,2024-05-09,75.86,Dining
CUST00199,2024-12-22,69.3,Travel
CUST00199,2023-03-13,18.8,Dining
CUST00199,2023-03-25,53.9,Dining
CUST00199,2023-09-13,35.47,Electronics
CUST00199,2024-12-18,117.69,Electronics
CUST00199,2024-08-09,48.49,Clothing
CUST00199,2023-11-04,42.13,Clothing
CUST00199,2025-01-24,333.65,Travel
CUST00199,2023-09-27,256.37,Grocery
CUST00199,2023-01-04,16.39,Electronics
CUST00199,2025-04-10,342.89,Clothing
CUST00199,2024-12-03,86.07,Clothing
CUST00199,2025-02-06,102.99,Dining
CUST00199,2025-07-25,10.09,Clothing
CUST00199,2023-06-17,23.31,Dining
CUST00199,2025-06-29,13.85,Dining
CUST00199,2023-01-01,189.4,Clothing
CUST00199,2022-11-19,78.07,Travel
CUST00199,2024-12-31,15.83,Travel
CUST00199,2024-07-22,27.59,Clothing
CUST00199,2023-03-10,38.62,Electronics
CUST00199,2024-06-09,57.08,Clothing
CUST00199,2025-02-10,35.38,Clothing
CUST00199,2024-05-03,137.86,Clothing
CUST00199,2024-02-06,150.43,Travel
CUST00199,2023-10-17,11.46,Travel
CUST00199,2023-05-15,8.12,Dining
CUST00199,2024-04-03,42.86,Clothing
CUST00199,2023-07-27,84.24,Grocery
CUST00199,2024-07-26,66.29,Dining
CUST00199,2023-01-01,156.61,Grocery
CUST00199,2024-11-07,12.47,Travel
CUST00199,2022-11-26,111.89,Travel
CUST00199,2025-05-03,64.96,Clothing
CUST00199,2024-12-28,9.36,Dining
CUST00199,2024-01-11,96.44,Clothing
CUST00199,2023-06-30,80.6,Grocery
CUST00199,2023-09-24,146.12,Dining
CUST00199,2023-08-29,59.19,Grocery
CUST00199,2025-02-06,67.12,Clothing
CUST00199,2023-11-10,40.36,Travel
CUST00199,2024-08-15,14.96,Electronics
CUST00199,2022-11-02,91.0,Electronics
CUST00199,2022-10-26,7.24,Electronics
CUST00199,2023-08-31,286.89,Grocery
CUST00199,2023-10-22,114.91,Travel
CUST00199,2023-11-27,34.48,Dining
CUST00199,2024-05-16,264.99,Clothing
CUST00199,2024-01-06,82.43,Clothing
CUST00199,2024-07-26,113.86,Travel
CUST00199,2025-02-07,86.83,Travel
CUST00199,2024-01-04,128.51,Clothing
CUST00199,2023-08-27,10.61,Dining
CUST00199,2023-11-12,28.7,Travel
CUST00199,2024-04-22,74.67,Grocery
CUST00199,2023-10-24,24.6,Grocery
CUST00199,2024-12-17,40.23,Grocery
CUST00199,2022-11-25,46.58,Travel
CUST00199,2022-12-16,96.0,Dining
CUST00199,2024-11-04,144.03,Grocery
CUST00199,2023-01-09,172.19,Dining
CUST00199,2025-06-16,99.88,Electronics
CUST00199,2024-12-03,160.58,Electronics
CUST00199,2024-08-23,205.35,Travel
CUST00199,2024-12-02,47.36,Clothing
CUST00199,2023-01-23,53.46,Clothing
CUST00199,2023-12-02,7.93,Travel
CUST00199,2023-04-03,82.35,Dining
CUST00199,2024-04-17,216.72,Dining
CUST00199,2025-03-26,37.43,Electronics
CUST00199,2023-05-20,25.36,Clothing
CUST00199,2023-05-08,117.64,Electronics
CUST00199,2024-03-11,102.69,Dining
CUST00199,2023-12-10,72.56,Travel
CUST00199,2024-10-09,30.76,Grocery
CUST00199,2025-01-31,23.78,Travel
CUST00199,2023-11-19,19.18,Grocery
CUST00199,2025-06-03,303.71,Dining
CUST00199,2022-11-03,11.38,Dining
CUST00200,2025-06-03,304.75,Dining
CUST00200,2025-03-29,6.37,Clothing
CUST00200,2025-06-17,205.45,Dining
CUST00200,2025-06-06,75.97,Clothing
CUST00200,2025-06-25,65.16,Travel
CUST00200,2025-07-07,130.4,Grocery
CUST00200,2025-02-19,75.47,Clothing
CUST00200,2025-05-28,155.52,Dining
CUST00200,2025-04-03,41.47,Travel
CUST00200,2025-06-02,30.63,Electronics
CUST00200,2025-02-19,42.67,Clothing
CUST00200,2025-06-16,25.66,Dining
CUST00200,2025-05-04,171.71,Travel
CUST00200,2025-04-13,139.73,Dining
CUST00200,2025-02-26,24.57,Travel
CUST00200,2025-04-28,102.76,Travel
CUST00200,2025-06-23,14.86,Travel
CUST00200,2025-03-12,26.22,Clothing
CUST00200,2025-04-05,144.19,Travel
CUST00200,2025-05-06,132.37,Grocery
CUST00200,2025-03-07,7.01,Dining
CUST00200,2025-03-18,251.94,Travel
CUST00200,2025-02-13,64.78,Electronics
CUST00200,2025-04-09,40.89,Dining
CUST00200,2025-07-12,97.66,Clothing
CUST00200,2025-05-05,233.68,Clothing
CUST00200,2025-02-28,272.45,Travel
CUST00200,2025-04-01,185.91,Travel
CUST00200,2025-06-20,213.62,Dining
CUST00200,2025-06-01,40.36,Clothing
CUST00200,2025-07-05,97.37,Travel
CUST00200,2025-07-15,21.59,Clothing
CUST00200,2025-07-02,90.71,Dining
CUST00200,2025-02-16,41.47,Dining
CUST00200,2025-04-02,11.08,Grocery
CUST00200,2025-05-16,67.92,Dining
CUST00200,2025-02-16,98.75,Dining
CUST00200,2025-02-15,129.62,Clothing
CUST00200,2025-07-28,10.88,Grocery
CUST00200,2025-03-21,13.41,Grocery
CUST00200,2025-07-11,65.04,Grocery
CUST00200,2025-06-06,325.85,Dining
CUST00200,2025-07-10,11.03,Dining
CUST00200,2025-07-14,236.78,Dining
CUST00200,2025-06-05,25.81,Clothing
CUST00200,2025-04-20,41.8,Dining
CUST00200,2025-07-02,71.71,Grocery
CUST00200,2025-07-01,29.51,Clothing
CUST00200,2025-03-31,110.26,Grocery
CUST00200,2025-06-27,29.39,Electronics
CUST00200,2025-05-17,43.49,Travel
CUST00200,2025-03-28,25.94,Electronics
CUST00200,2025-03-02,39.28,Dining
CUST00200,2025-05-21,277.42,Clothing
CUST00200,2025-06-13,174.04,Dining
CUST00200,2025-04-23,63.52,Electronics
CUST00200,2025-06-05,32.0,Dining
CUST00200,2025-07-31,85.66,Grocery
CUST00200,2025-03-03,102.86,Grocery
CUST00200,2025-07-07,29.47,Dining
CUST00200,2025-07-12,70.45,Electronics
CUST00200,2025-05-09,45.79,Dining
CUST00200,2025-04-14,113.4,Travel
CUST00200,2025-02-18,66.69,Dining
CUST00200,2025-06-30,8.1,Dining
CUST00200,2025-03-18,12.65,Grocery
CUST00200,2025-06-17,64.22,Travel
CUST00200,2025-06-15,80.76,Dining
CUST00200,2025-02-28,31.53,Clothing
CUST00200,2025-07-11,30.63,Grocery
CUST00200,2025-06-06,95.86,Clothing
CUST00200,2025-07-20,93.61,Grocery
CUST00200,2025-03-16,14.75,Clothing
CUST00200,2025-04-29,383.48,Travel
CUST00200,2025-04-10,13.51,Grocery
CUST00200,2025-07-04,37.17,Grocery
CUST00200,2025-03-27,58.38,Dining
CUST00200,2025-05-23,21.65,Grocery
CUST00200,2025-06-10,60.38,Grocery
CUST00200,2025-06-16,14.48,Clothing
CUST00200,2025-02-26,15.34,Electronics
CUST00200,2025-04-29,49.76,Grocery
CUST00200,2025-03-26,26.88,Dining
CUST00200,2025-02-19,21.44,Electronics
CUST00200,2025-07-26,27.78,Electronics
CUST00200,2025-04-25,17.56,Grocery
CUST00200,2025-07-31,9.59,Electronics
CUST00200,2025-04-01,155.45,Clothing
CUST00200,2025-05-08,103.88,Travel
CUST00200,2025-02-08,63.39,Clothing
CUST00200,2025-06-06,11.37,Dining
CUST00200,2025-05-17,86.91,Grocery
CUST00200,2025-05-14,169.29,Travel
CUST00200,2025-06-29,99.38,Grocery
CUST00201,2025-03-11,62.35,Clothing
CUST00201,2025-02-19,291.2,Travel
CUST00201,2025-03-07,50.62,Travel
CUST00201,2025-02-15,17.66,Clothing
CUST00201,2025-07-26,35.73,Travel
CUST00201,2025-07-23,110.03,Dining
CUST00201,2025-03-09,26.62,Clothing
CUST00201,2025-04-02,78.3,Clothing
CUST00201,2025-05-12,83.54,Clothing
CUST00201,2025-05-26,105.34,Dining
CUST00201,2025-04-08,104.58,Dining
CUST00201,2025-01-17,39.89,Electronics
CUST00201,2025-05-18,111.55,Grocery
CUST00201,2025-02-17,89.23,Dining
CUST00201,2025-07-21,32.73,Travel
CUST00201,2025-06-30,145.37,Dining
CUST00201,2025-01-29,22.83,Travel
CUST00201,2025-01-19,6.77,Clothing
CUST00201,2025-01-28,24.46,Electronics
CUST00201,2025-05-21,50.8,Electronics
CUST00201,2025-07-14,222.83,Clothing
CUST00201,2025-02-10,16.2,Grocery
CUST00201,2025-05-31,119.36,Grocery
CUST00201,2025-02-06,6.5,Grocery
CUST00201,2025-06-04,78.37,Dining
CUST00201,2025-01-28,68.12,Clothing
CUST00201,2025-07-05,6.64,Grocery
CUST00201,2025-06-12,98.26,Grocery
CUST00201,2025-01-18,11.8,Grocery
CUST00201,2025-04-21,36.81,Clothing
CUST00201,2025-02-19,253.7,Grocery
CUST00201,2025-04-10,63.75,Clothing
CUST00201,2025-01-11,215.51,Travel
CUST00201,2025-07-31,157.45,Dining
CUST00201,2025-03-15,647.1,Travel
CUST00201,2025-03-12,93.79,Clothing
CUST00201,2025-02-06,28.09,Travel
CUST00201,2025-03-02,145.58,Travel
CUST00201,2025-07-29,37.5,Electronics
CUST00201,2025-02-22,171.12,Dining
CUST00201,2025-01-26,121.71,Grocery
CUST00201,2025-01-24,8.87,Travel
CUST00201,2025-05-10,52.45,Clothing
CUST00201,2025-02-17,115.84,Grocery
CUST00201,2025-07-10,40.79,Dining
CUST00201,2025-05-05,121.97,Electronics
CUST00201,2025-04-02,223.78,Dining
CUST00201,2025-03-15,14.71,Electronics
CUST00201,2025-03-07,185.73,Grocery
CUST00201,2025-07-14,28.81,Dining
CUST00201,2025-03-28,164.34,Dining
CUST00201,2025-07-07,91.93,Clothing
CUST00201,2025-03-23,12.52,Dining
CUST00201,2025-05-07,14.23,Travel
CUST00201,2025-06-22,44.14,Electronics
CUST00201,2025-05-06,14.09,Electronics
CUST00201,2025-06-26,8.33,Clothing
CUST00201,2025-02-27,90.57,Grocery
CUST00201,2025-01-18,20.46,Dining
CUST00201,2025-07-11,143.23,Grocery
CUST00201,2025-01-17,17.43,Clothing
CUST00201,2025-04-01,8.46,Travel
CUST00201,2025-02-27,5.69,Dining
CUST00201,2025-07-02,18.91,Electronics
CUST00201,2025-02-26,61.46,Dining
CUST00201,2025-05-22,109.92,Travel
CUST00201,2025-06-22,14.89,Dining
CUST00201,2025-01-18,10.22,Electronics
CUST00201,2025-01-09,255.78,Clothing
CUST00201,2025-07-08,10.27,Travel
CUST00201,2025-03-04,40.03,Electronics
CUST00201,2025-01-16,65.1,Electronics
CUST00201,2025-01-11,50.89,Clothing
CUST00201,2025-06-22,44.88,Grocery
CUST00201,2025-05-27,21.17,Electronics
CUST00201,2025-05-31,58.92,Grocery
CUST00201,2025-04-28,13.18,Clothing
CUST00201,2025-05-05,188.72,Grocery
CUST00201,2025-05-05,71.45,Dining
CUST00201,2025-04-12,148.25,Dining
CUST00201,2025-06-22,92.53,Grocery
CUST00201,2025-05-04,37.14,Electronics
CUST00201,2025-07-23,42.21,Travel
CUST00201,2025-07-19,18.72,Electronics
CUST00201,2025-03-30,129.92,Grocery
CUST00201,2025-03-16,55.46,Dining
CUST00201,2025-05-18,7.74,Electronics
CUST00201,2025-06-04,32.63,Dining
CUST00201,2025-05-23,63.56,Dining
CUST00201,2025-01-23,179.74,Travel
CUST00201,2025-02-26,108.07,Grocery
CUST00201,2025-06-24,62.21,Travel
CUST00201,2025-03-01,28.55,Electronics
CUST00201,2025-06-26,35.75,Clothing
CUST00201,2025-04-28,20.34,Grocery
CUST00201,2025-03-17,59.34,Dining
CUST00201,2025-03-01,6.08,Electronics
CUST00202,2025-06-08,50.35,Dining
CUST00202,2025-01-03,91.88,Travel
CUST00202,2023-10-01,70.76,Electronics
CUST00202,2024-06-05,75.99,Electronics
CUST00202,2023-07-07,24.82,Grocery
CUST00202,2024-07-21,53.13,Travel
CUST00202,2024-06-02,30.48,Grocery
CUST00202,2023-10-26,111.61,Clothing
CUST00202,2024-07-07,46.99,Travel
CUST00202,2024-01-19,12.19,Electronics
CUST00202,2023-02-21,21.65,Clothing
CUST00202,2025-01-26,127.91,Grocery
CUST00202,2025-06-01,444.93,Grocery
CUST00202,2024-02-14,53.2,Clothing
CUST00202,2023-12-28,61.0,Dining
CUST00202,2023-09-27,67.04,Travel
CUST00202,2025-03-13,18.88,Grocery
CUST00202,2025-01-02,22.21,Travel
CUST00202,2023-08-18,25.92,Clothing
CUST00202,2023-03-02,31.21,Dining
CUST00202,2025-07-17,24.92,Dining
CUST00202,2024-06-17,64.56,Clothing
CUST00202,2025-02-08,56.03,Dining
CUST00202,2024-10-21,60.99,Grocery
CUST00202,2024-11-03,31.89,Travel
CUST00202,2024-12-05,92.82,Grocery
CUST00202,2025-02-24,44.01,Clothing
CUST00202,2023-06-08,62.83,Travel
CUST00202,2025-05-22,63.29,Grocery
CUST00202,2023-12-05,53.35,Dining
CUST00202,2025-04-02,9.28,Travel
CUST00202,2023-09-28,69.67,Travel
CUST00202,2023-10-14,171.94,Travel
CUST00202,2024-04-06,33.79,Grocery
CUST00202,2023-09-19,130.91,Electronics
CUST00202,2023-10-01,17.06,Clothing
CUST00202,2023-03-23,85.18,Clothing
CUST00202,2023-10-18,103.57,Clothing
CUST00202,2024-12-10,20.86,Travel
CUST00202,2023-06-10,18.74,Clothing
CUST00202,2024-01-10,71.66,Dining
CUST00202,2024-10-21,24.25,Dining
CUST00202,2025-06-24,89.56,Grocery
CUST00202,2024-01-08,74.49,Dining
CUST00202,2023-05-31,17.53,Clothing
CUST00202,2023-09-19,24.66,Electronics
CUST00202,2025-02-15,23.57,Electronics
CUST00202,2024-08-24,41.05,Clothing
CUST00202,2024-09-04,34.81,Grocery
CUST00202,2024-11-01,102.76,Travel
CUST00202,2024-02-03,15.36,Travel
CUST00202,2024-03-26,14.53,Dining
CUST00202,2023-12-23,49.92,Dining
CUST00202,2024-07-09,5.47,Clothing
CUST00202,2025-03-27,104.4,Travel
CUST00202,2023-09-16,6.83,Travel
CUST00202,2023-05-15,12.51,Electronics
CUST00202,2023-06-14,132.34,Dining
CUST00202,2023-11-13,25.77,Dining
CUST00202,2023-04-13,109.72,Clothing
CUST00202,2025-03-19,185.41,Electronics
CUST00202,2023-04-21,17.93,Dining
CUST00202,2024-05-03,36.14,Travel
CUST00202,2024-08-21,35.77,Dining
CUST00202,2024-06-23,55.66,Electronics
CUST00202,2024-11-01,28.92,Dining
CUST00202,2024-02-02,100.95,Grocery
CUST00202,2023-11-23,40.57,Grocery
CUST00202,2024-02-01,94.28,Dining
CUST00202,2024-05-20,25.89,Electronics
CUST00202,2025-06-20,70.31,Clothing
CUST00202,2023-04-26,127.7,Travel
CUST00202,2023-05-22,51.01,Clothing
CUST00202,2024-09-22,13.45,Electronics
CUST00202,2024-03-04,36.48,Electronics
CUST00202,2024-11-24,102.01,Electronics
CUST00202,2025-07-03,58.98,Clothing
CUST00202,2023-08-15,5.47,Clothing
CUST00202,2024-09-27,38.2,Clothing
CUST00202,2025-05-14,87.79,Dining
CUST00202,2025-01-26,40.72,Electronics
CUST00202,2024-11-18,31.48,Clothing
CUST00202,2024-09-15,39.62,Dining
CUST00202,2025-04-04,118.86,Travel
CUST00203,2024-01-17,61.99,Travel
CUST00203,2025-02-14,160.25,Grocery
CUST00203,2024-05-25,44.67,Electronics
CUST00203,2024-12-04,64.89,Dining
CUST00203,2025-07-29,58.06,Dining
CUST00203,2023-07-31,60.44,Electronics
CUST00203,2022-09-05,14.97,Clothing
CUST00203,2023-11-19,99.9,Grocery
CUST00203,2025-01-31,220.5,Dining
CUST00203,2025-01-26,43.92,Grocery
CUST00203,2022-06-03,28.95,Dining
CUST00203,2024-03-27,8.15,Clothing
CUST00203,2025-07-10,8.97,Travel
CUST00203,2024-02-08,22.62,Clothing
CUST00203,2023-11-08,76.26,Clothing
CUST00203,2023-10-15,130.02,Dining
CUST00203,2022-10-28,11.36,Grocery
CUST00203,2022-06-01,64.07,Grocery
CUST00203,2023-09-26,82.89,Travel
CUST00203,2022-05-27,157.42,Grocery
CUST00203,2024-05-24,11.29,Travel
CUST00203,2022-09-02,121.84,Dining
CUST00203,2022-11-04,32.47,Dining
CUST00203,2024-08-12,29.95,Electronics
CUST00203,2023-11-05,47.73,Electronics
CUST00203,2025-02-19,129.04,Dining
CUST00203,2023-05-14,13.29,Travel
CUST00203,2023-08-25,41.31,Electronics
CUST00203,2023-06-10,24.2,Grocery
CUST00203,2025-06-29,14.38,Travel
CUST00203,2023-08-16,46.28,Travel
CUST00203,2024-01-18,315.22,Clothing
CUST00203,2024-03-18,114.97,Grocery
CUST00203,2024-04-08,11.58,Electronics
CUST00203,2024-10-24,101.56,Grocery
CUST00203,2025-04-26,49.09,Travel
CUST00203,2025-07-04,85.43,Travel
CUST00203,2022-12-19,188.05,Dining
CUST00203,2022-09-03,53.99,Travel
CUST00203,2025-06-18,79.39,Grocery
CUST00203,2024-02-24,74.11,Dining
CUST00203,2024-03-19,255.66,Travel
CUST00203,2025-01-30,24.81,Clothing
CUST00203,2023-05-13,101.55,Grocery
CUST00203,2024-04-10,9.81,Electronics
CUST00203,2024-06-21,59.29,Grocery
CUST00203,2024-05-23,243.17,Dining
CUST00203,2024-01-06,84.46,Travel
CUST00203,2023-06-03,46.92,Electronics
CUST00203,2023-11-21,62.24,Grocery
CUST00203,2024-04-05,13.11,Travel
CUST00203,2022-08-17,20.21,Clothing
CUST00203,2023-10-21,143.0,Grocery
CUST00203,2023-11-11,14.08,Clothing
CUST00203,2025-01-25,8.44,Clothing
CUST00203,2024-03-07,11.4,Clothing
CUST00203,2025-06-21,18.1,Dining
CUST00203,2023-07-07,149.73,Dining
CUST00203,2025-01-03,25.12,Dining
CUST00203,2023-01-18,75.17,Travel
CUST00203,2022-08-29,90.68,Electronics
CUST00203,2024-06-16,31.48,Clothing
CUST00203,2023-01-12,11.39,Dining
CUST00203,2022-09-03,67.15,Clothing
CUST00203,2024-06-24,143.23,Dining
CUST00203,2024-10-18,40.61,Travel
CUST00203,2022-09-16,102.99,Grocery
CUST00203,2023-11-27,65.08,Grocery
CUST00203,2024-10-17,168.24,Dining
CUST00203,2022-11-16,169.68,Travel
CUST00203,2022-07-11,26.03,Clothing
CUST00203,2023-05-25,89.31,Travel
CUST00203,2025-02-24,84.16,Grocery
CUST00203,2023-01-10,61.97,Dining
CUST00203,2022-09-13,97.2,Dining
CUST00203,2025-01-26,59.22,Clothing
CUST00203,2022-09-22,54.99,Grocery
CUST00203,2023-05-24,103.7,Dining
CUST00203,2024-03-08,36.38,Grocery
CUST00203,2024-04-30,15.29,Dining
CUST00203,2024-04-11,92.25,Dining
CUST00203,2023-08-08,117.09,Clothing
CUST00203,2024-06-25,98.53,Electronics
CUST00203,2022-07-06,336.02,Electronics
CUST00203,2023-08-25,35.21,Travel
CUST00203,2023-01-27,130.32,Grocery
CUST00203,2023-07-30,42.89,Electronics
CUST00203,2024-07-29,42.85,Dining
CUST00203,2024-04-13,37.17,Electronics
CUST00203,2022-10-18,5.41,Travel
CUST00203,2023-07-10,379.28,Electronics
CUST00203,2024-07-11,232.2,Travel
CUST00203,2023-05-05,19.08,Grocery
CUST00203,2024-10-01,78.75,Electronics
CUST00203,2024-06-12,108.39,Travel
CUST00203,2023-01-30,23.78,Travel
CUST00203,2025-06-09,95.41,Clothing
CUST00203,2024-01-04,49.08,Grocery
CUST00203,2024-04-28,14.72,Dining
CUST00203,2022-06-22,203.11,Grocery
CUST00203,2023-06-20,7.81,Clothing
CUST00203,2022-09-16,10.65,Electronics
CUST00203,2024-07-10,43.14,Grocery
CUST00203,2023-10-13,13.02,Grocery
CUST00203,2022-06-28,7.44,Dining
CUST00203,2023-04-14,43.77,Dining
CUST00203,2024-03-01,168.85,Electronics
CUST00203,2023-08-29,323.01,Grocery
CUST00203,2022-05-24,59.53,Electronics
CUST00203,2024-01-01,5.35,Dining
CUST00203,2025-07-14,31.95,Electronics
CUST00203,2024-09-12,17.83,Travel
CUST00203,2023-12-18,19.27,Clothing
CUST00203,2023-12-31,138.5,Electronics
CUST00203,2024-12-10,72.65,Clothing
CUST00203,2025-07-22,44.23,Grocery
CUST00203,2023-01-16,29.0,Electronics
CUST00203,2025-06-14,24.41,Clothing
CUST00203,2022-10-28,35.64,Travel
CUST00203,2023-01-16,53.73,Clothing
CUST00204,2024-12-02,140.25,Travel
CUST00204,2024-02-06,35.44,Electronics
CUST00204,2023-06-26,151.94,Electronics
CUST00204,2023-06-28,87.94,Travel
CUST00204,2024-05-24,120.45,Clothing
CUST00204,2023-03-17,109.87,Clothing
CUST00204,2024-12-11,159.78,Clothing
CUST00204,2024-11-18,58.2,Dining
CUST00204,2023-02-12,89.35,Clothing
CUST00204,2023-09-20,86.53,Dining
CUST00204,2024-08-09,38.84,Grocery
CUST00204,2023-10-07,194.05,Electronics
CUST00204,2023-05-29,70.28,Electronics
CUST00204,2022-09-19,44.92,Dining
CUST00204,2023-03-07,38.12,Grocery
CUST00204,2023-12-27,255.22,Dining
CUST00204,2023-01-15,35.4,Grocery
CUST00204,2023-03-24,115.92,Electronics
CUST00204,2023-11-20,227.72,Dining
CUST00204,2025-06-13,459.55,Dining
CUST00204,2024-11-17,84.36,Grocery
CUST00204,2022-10-07,271.49,Dining
CUST00204,2024-06-11,216.45,Grocery
CUST00204,2025-06-03,234.33,Clothing
CUST00204,2023-04-01,141.54,Dining
CUST00204,2024-12-03,74.22,Electronics
CUST00204,2023-04-12,64.44,Clothing
CUST00204,2023-12-29,168.62,Grocery
CUST00204,2024-09-24,77.15,Clothing
CUST00204,2022-10-24,135.01,Dining
CUST00204,2022-09-16,22.84,Electronics
CUST00204,2024-05-19,7.06,Dining
CUST00204,2025-03-19,279.25,Grocery
CUST00204,2024-03-19,287.97,Electronics
CUST00204,2023-10-12,73.91,Grocery
CUST00204,2023-05-16,199.78,Electronics
CUST00204,2025-04-07,54.64,Travel
CUST00204,2023-04-12,20.36,Dining
CUST00204,2022-09-14,326.69,Clothing
CUST00204,2025-03-28,58.15,Grocery
CUST00204,2023-04-19,81.43,Electronics
CUST00204,2024-06-18,77.66,Clothing
CUST00204,2023-01-31,136.18,Electronics
CUST00204,2023-03-06,78.44,Electronics
CUST00204,2025-06-27,165.41,Clothing
CUST00204,2025-05-02,12.72,Dining
CUST00204,2024-01-11,80.2,Dining
CUST00204,2023-09-12,15.2,Electronics
CUST00204,2024-06-28,91.41,Grocery
CUST00204,2024-10-21,45.54,Travel
CUST00204,2024-08-16,44.52,Grocery
CUST00204,2023-06-03,10.04,Clothing
CUST00204,2023-09-09,66.58,Grocery
CUST00204,2024-05-25,34.8,Dining
CUST00204,2022-11-18,13.51,Clothing
CUST00204,2024-04-21,136.77,Clothing
CUST00204,2024-02-24,20.41,Clothing
CUST00204,2023-04-22,33.42,Dining
CUST00204,2024-04-01,56.55,Grocery
CUST00204,2024-10-10,161.71,Clothing
CUST00204,2022-09-06,96.02,Dining
CUST00204,2022-09-19,20.93,Electronics
CUST00204,2024-11-19,47.92,Electronics
CUST00204,2025-03-20,62.82,Clothing
CUST00204,2024-03-11,112.33,Grocery
CUST00204,2023-09-26,54.68,Dining
CUST00204,2025-02-05,136.43,Grocery
CUST00204,2022-11-20,192.19,Travel
CUST00204,2024-06-20,59.03,Clothing
CUST00204,2024-11-26,6.56,Travel
CUST00204,2024-01-11,94.35,Dining
CUST00204,2024-02-21,352.89,Travel
CUST00204,2024-06-10,35.09,Electronics
CUST00204,2025-03-03,209.1,Dining
CUST00204,2024-10-10,6.37,Dining
CUST00204,2025-03-13,80.95,Clothing
CUST00204,2025-03-13,11.75,Electronics
CUST00204,2025-06-15,57.23,Grocery
CUST00204,2024-12-24,198.99,Electronics
CUST00204,2025-03-25,42.16,Dining
CUST00204,2024-12-08,61.86,Grocery
CUST00204,2023-03-28,143.56,Travel
CUST00204,2025-07-25,34.03,Clothing
CUST00204,2022-11-29,348.47,Clothing
CUST00204,2023-09-09,144.58,Electronics
CUST00204,2024-02-18,125.06,Clothing
CUST00204,2023-08-31,140.38,Travel
CUST00204,2024-03-04,125.49,Electronics
CUST00204,2024-03-08,162.74,Dining
CUST00204,2025-07-22,79.76,Electronics
CUST00204,2024-10-23,48.53,Travel
CUST00204,2023-09-17,28.5,Dining
CUST00204,2025-06-10,70.65,Travel
CUST00204,2024-01-29,164.83,Grocery
CUST00204,2024-01-18,405.57,Electronics
CUST00204,2024-08-26,83.38,Dining
CUST00204,2023-02-16,352.27,Grocery
CUST00204,2024-02-15,43.23,Travel
CUST00204,2024-02-03,43.51,Electronics
CUST00204,2025-06-06,64.79,Electronics
CUST00204,2023-06-11,40.55,Grocery
CUST00204,2024-01-09,95.68,Clothing
CUST00204,2023-04-14,33.74,Clothing
CUST00204,2023-02-19,72.18,Grocery
CUST00204,2023-09-13,42.52,Clothing
CUST00205,2025-03-26,18.5,Grocery
CUST00205,2024-05-10,8.89,Electronics
CUST00205,2024-06-14,155.38,Travel
CUST00205,2023-07-10,20.95,Electronics
CUST00205,2023-06-18,48.25,Electronics
CUST00205,2022-11-21,84.97,Electronics
CUST00205,2023-06-27,29.7,Travel
CUST00205,2023-02-21,86.58,Dining
CUST00205,2023-10-04,56.04,Dining
CUST00205,2024-03-12,116.91,Clothing
CUST00205,2023-07-15,53.45,Electronics
CUST00205,2023-10-31,24.85,Dining
CUST00205,2025-05-22,59.71,Dining
CUST00205,2024-04-16,181.39,Grocery
CUST00205,2025-03-31,73.19,Travel
CUST00205,2025-05-07,205.74,Clothing
CUST00205,2024-04-25,113.61,Dining
CUST00205,2022-11-04,67.24,Electronics
CUST00205,2025-03-10,123.2,Electronics
CUST00205,2022-10-01,149.18,Clothing
CUST00205,2025-03-13,67.17,Travel
CUST00205,2025-04-21,66.47,Grocery
CUST00205,2025-07-22,82.76,Travel
CUST00205,2024-02-27,173.27,Electronics
CUST00205,2023-07-28,472.1,Grocery
CUST00205,2023-11-27,238.97,Clothing
CUST00205,2023-09-03,78.0,Dining
CUST00205,2023-04-30,58.77,Grocery
CUST00205,2024-03-04,30.83,Electronics
CUST00205,2024-11-30,71.05,Clothing
CUST00205,2023-06-05,73.99,Electronics
CUST00205,2024-09-11,41.38,Dining
CUST00205,2025-03-23,14.91,Grocery
CUST00205,2022-12-13,138.55,Dining
CUST00205,2025-07-31,25.34,Clothing
CUST00205,2024-11-13,12.3,Clothing
CUST00205,2023-08-21,71.27,Dining
CUST00205,2023-10-11,234.17,Travel
CUST00205,2025-04-21,68.68,Travel
CUST00205,2023-03-25,30.64,Electronics
CUST00205,2024-07-26,46.52,Electronics
CUST00205,2024-12-11,14.99,Grocery
CUST00205,2024-11-23,13.95,Electronics
CUST00205,2025-07-26,29.28,Grocery
CUST00205,2024-07-26,142.6,Grocery
CUST00205,2023-06-04,49.73,Grocery
CUST00205,2024-05-07,76.93,Electronics
CUST00205,2023-05-20,9.83,Travel
CUST00205,2023-06-12,38.77,Travel
CUST00205,2024-03-20,27.19,Clothing
CUST00205,2024-01-02,15.8,Travel
CUST00205,2025-01-10,23.84,Electronics
CUST00205,2024-11-08,36.86,Dining
CUST00205,2024-08-20,54.12,Grocery
CUST00205,2024-10-13,10.93,Dining
CUST00205,2024-07-14,68.95,Grocery
CUST00205,2023-03-27,5.43,Travel
CUST00205,2024-02-14,8.6,Electronics
CUST00205,2024-05-13,23.26,Clothing
CUST00205,2025-02-22,26.22,Grocery
CUST00205,2024-06-08,107.66,Electronics
CUST00205,2022-10-13,470.5,Clothing
CUST00205,2024-11-17,15.29,Electronics
CUST00205,2023-05-17,170.73,Dining
CUST00205,2024-09-28,170.07,Electronics
CUST00205,2025-02-16,154.78,Clothing
CUST00205,2024-04-25,71.69,Clothing
CUST00205,2025-02-13,12.2,Clothing
CUST00205,2022-09-05,79.6,Travel
CUST00205,2024-02-11,119.63,Clothing
CUST00205,2023-12-15,91.65,Electronics
CUST00205,2023-05-29,205.41,Dining
CUST00205,2024-03-30,38.22,Dining
CUST00205,2025-03-21,274.17,Dining
CUST00205,2023-02-06,33.76,Travel
CUST00205,2024-06-04,40.02,Dining
CUST00205,2024-03-09,88.46,Grocery
CUST00205,2024-03-05,6.8,Travel
CUST00205,2023-09-14,15.26,Grocery
CUST00205,2024-05-30,11.52,Travel
CUST00205,2023-02-09,124.97,Travel
CUST00205,2024-01-11,53.29,Clothing
CUST00205,2023-09-08,16.14,Electronics
CUST00205,2025-07-16,102.08,Dining
CUST00205,2023-01-28,10.68,Grocery
CUST00205,2023-08-10,66.03,Grocery
CUST00205,2025-01-23,9.3,Travel
CUST00205,2025-03-18,22.4,Dining
CUST00205,2023-12-01,195.62,Grocery
CUST00205,2022-10-13,46.33,Travel
CUST00205,2024-12-30,26.56,Grocery
CUST00205,2024-05-21,73.2,Clothing
CUST00205,2025-04-03,113.83,Travel
CUST00205,2024-10-25,48.59,Grocery
CUST00205,2025-03-22,163.51,Electronics
CUST00205,2025-03-18,100.81,Grocery
CUST00205,2025-04-23,47.42,Travel
CUST00205,2023-01-26,76.62,Electronics
CUST00205,2023-01-11,8.76,Travel
CUST00205,2024-10-17,65.14,Grocery
CUST00205,2023-02-09,50.16,Dining
CUST00205,2025-07-16,57.87,Grocery
CUST00205,2024-01-20,38.92,Electronics
CUST00205,2025-04-28,13.17,Grocery
CUST00205,2024-07-20,123.32,Grocery
CUST00205,2023-11-19,46.11,Electronics
CUST00206,2025-02-06,79.46,Clothing
CUST00206,2022-02-07,93.8,Travel
CUST00206,2023-03-29,24.91,Dining
CUST00206,2024-02-19,78.54,Travel
CUST00206,2021-06-08,118.72,Grocery
CUST00206,2022-11-29,36.43,Dining
CUST00206,2023-10-16,55.05,Dining
CUST00206,2021-11-07,67.85,Dining
CUST00206,2025-05-04,198.23,Travel
CUST00206,2023-05-30,16.86,Dining
CUST00206,2023-03-23,7.51,Clothing
CUST00206,2024-08-06,38.07,Travel
CUST00206,2022-08-17,122.79,Travel
CUST00206,2025-06-03,75.69,Grocery
CUST00206,2022-10-04,10.98,Dining
CUST00206,2021-05-28,37.02,Travel
CUST00206,2024-08-09,153.69,Dining
CUST00206,2025-03-25,108.69,Travel
CUST00206,2022-12-14,17.73,Grocery
CUST00206,2022-08-30,135.94,Dining
CUST00206,2023-04-16,35.34,Grocery
CUST00206,2023-07-12,117.76,Electronics
CUST00206,2023-08-14,105.5,Grocery
CUST00206,2022-06-17,186.18,Clothing
CUST00206,2025-05-26,94.57,Electronics
CUST00206,2023-02-18,40.78,Travel
CUST00206,2023-03-18,12.16,Travel
CUST00206,2022-08-22,24.65,Electronics
CUST00206,2023-12-19,37.23,Clothing
CUST00206,2023-01-22,54.81,Electronics
CUST00206,2025-04-23,26.33,Electronics
CUST00206,2024-11-07,5.91,Electronics
CUST00206,2023-01-06,345.17,Grocery
CUST00206,2021-06-21,45.94,Travel
CUST00206,2024-05-03,61.96,Electronics
CUST00206,2022-01-23,54.71,Travel
CUST00206,2024-12-24,248.45,Travel
CUST00206,2023-12-22,51.89,Travel
CUST00206,2024-07-02,20.69,Travel
CUST00206,2025-01-29,6.7,Electronics
CUST00206,2023-05-09,103.7,Travel
CUST00206,2024-04-03,98.6,Dining
CUST00206,2023-11-24,94.61,Travel
CUST00206,2023-05-15,55.47,Clothing
CUST00206,2024-10-13,162.94,Electronics
CUST00206,2021-08-09,17.15,Clothing
CUST00206,2022-11-18,8.55,Travel
CUST00206,2025-04-11,43.19,Clothing
CUST00206,2024-06-11,141.64,Clothing
CUST00206,2024-03-23,44.93,Dining
CUST00206,2022-02-04,91.13,Grocery
CUST00206,2021-12-16,79.51,Travel
CUST00206,2022-01-09,13.44,Travel
CUST00206,2024-12-25,22.36,Travel
CUST00206,2021-11-10,48.12,Clothing
CUST00206,2022-10-13,67.64,Clothing
CUST00206,2021-06-25,19.34,Grocery
CUST00206,2023-07-18,33.85,Dining
CUST00206,2024-07-07,115.03,Clothing
CUST00206,2025-04-11,66.26,Clothing
CUST00206,2023-03-20,484.24,Grocery
CUST00206,2023-04-23,87.98,Travel
CUST00206,2023-10-28,34.0,Dining
CUST00206,2024-03-04,70.41,Electronics
CUST00206,2024-02-13,42.05,Clothing
CUST00206,2023-05-15,143.41,Clothing
CUST00206,2025-02-19,93.06,Electronics
CUST00206,2021-09-26,42.15,Travel
CUST00206,2025-05-02,45.08,Clothing
CUST00206,2022-11-03,25.62,Clothing
CUST00206,2022-08-05,15.05,Electronics
CUST00206,2024-05-21,27.24,Clothing
CUST00206,2023-02-28,84.87,Clothing
CUST00206,2023-03-28,84.98,Grocery
CUST00206,2022-01-08,176.34,Dining
CUST00206,2023-02-18,11.27,Travel
CUST00206,2021-11-13,99.36,Travel
CUST00206,2024-06-29,158.14,Dining
CUST00206,2024-05-26,49.16,Clothing
CUST00206,2022-12-11,74.83,Grocery
CUST00206,2022-01-04,257.82,Grocery
CUST00206,2023-02-23,32.7,Electronics
CUST00206,2022-04-19,81.38,Electronics
CUST00206,2021-08-23,5.35,Electronics
CUST00206,2024-11-05,41.5,Electronics
CUST00206,2024-07-26,5.06,Grocery
CUST00206,2024-09-29,197.94,Dining
CUST00206,2025-04-06,132.22,Grocery
CUST00206,2022-10-09,38.38,Electronics
CUST00206,2025-03-10,69.09,Dining
CUST00206,2025-06-26,20.05,Grocery
CUST00206,2024-03-19,273.71,Travel
CUST00206,2025-05-29,102.26,Travel
CUST00206,2021-04-07,117.22,Clothing
CUST00206,2024-09-25,214.04,Electronics
CUST00206,2024-07-07,83.95,Dining
CUST00206,2021-07-14,9.29,Dining
CUST00206,2024-02-28,108.61,Travel
CUST00206,2023-07-24,20.83,Electronics
CUST00206,2025-03-01,133.04,Clothing
CUST00206,2024-01-15,22.86,Dining
CUST00207,2024-07-15,26.14,Clothing
CUST00207,2025-01-30,11.87,Clothing
CUST00207,2025-03-19,102.14,Clothing
CUST00207,2025-07-23,48.52,Dining
CUST00207,2024-01-22,22.36,Electronics
CUST00207,2024-05-19,188.59,Clothing
CUST00207,2024-05-21,21.8,Clothing
CUST00207,2025-06-29,6.84,Electronics
CUST00207,2024-07-03,36.64,Grocery
CUST00207,2023-10-18,65.37,Electronics
CUST00207,2024-04-30,60.06,Travel
CUST00207,2023-11-26,362.31,Dining
CUST00207,2025-06-13,42.65,Travel
CUST00207,2024-06-15,124.89,Electronics
CUST00207,2024-03-16,26.05,Clothing
CUST00207,2023-08-27,17.19,Clothing
CUST00207,2023-06-11,64.28,Clothing
CUST00207,2024-06-15,44.2,Travel
CUST00207,2024-08-06,90.9,Grocery
CUST00207,2025-07-23,197.01,Travel
CUST00207,2024-02-28,71.18,Grocery
CUST00207,2025-07-31,411.93,Travel
CUST00207,2024-12-28,68.38,Travel
CUST00207,2025-05-30,20.5,Grocery
CUST00207,2023-09-11,342.29,Clothing
CUST00207,2024-02-04,120.09,Grocery
CUST00207,2024-08-13,51.96,Electronics
CUST00207,2024-01-22,9.69,Grocery
CUST00207,2024-12-23,36.56,Travel
CUST00207,2024-09-08,169.2,Travel
CUST00207,2025-04-21,7.93,Grocery
CUST00207,2024-09-26,32.35,Dining
CUST00207,2024-05-30,165.45,Dining
CUST00207,2025-01-09,25.44,Travel
CUST00207,2024-04-02,82.91,Dining
CUST00207,2023-06-10,210.42,Dining
CUST00207,2024-03-15,53.62,Grocery
CUST00207,2023-12-23,10.62,Dining
CUST00207,2023-08-01,129.04,Travel
CUST00207,2024-03-11,348.39,Grocery
CUST00207,2024-12-25,101.2,Travel
CUST00207,2024-09-03,26.5,Clothing
CUST00207,2024-04-12,97.23,Travel
CUST00207,2025-05-03,42.71,Grocery
CUST00207,2024-09-03,45.46,Dining
CUST00207,2023-08-20,264.58,Dining
CUST00207,2024-01-19,23.16,Electronics
CUST00207,2023-07-27,8.64,Travel
CUST00207,2023-11-24,22.69,Dining
CUST00207,2024-12-26,143.15,Dining
CUST00207,2025-02-09,216.9,Dining
CUST00207,2024-12-08,17.12,Electronics
CUST00207,2024-02-23,9.29,Grocery
CUST00207,2024-08-31,49.9,Electronics
CUST00207,2024-07-14,74.72,Grocery
CUST00207,2023-12-08,41.5,Travel
CUST00207,2024-04-03,24.66,Travel
CUST00207,2025-03-03,13.95,Electronics
CUST00207,2023-12-02,113.31,Travel
CUST00207,2025-05-02,38.27,Clothing
CUST00207,2023-12-16,52.65,Clothing
CUST00207,2025-03-31,39.24,Grocery
CUST00207,2023-11-16,271.08,Travel
CUST00207,2024-10-29,158.89,Dining
CUST00207,2023-09-29,28.74,Travel
CUST00207,2025-07-28,115.56,Clothing
CUST00207,2025-03-29,60.84,Clothing
CUST00207,2025-04-26,253.64,Grocery
CUST00207,2024-12-25,9.3,Travel
CUST00207,2024-12-15,5.73,Grocery
CUST00207,2024-03-28,268.29,Electronics
CUST00207,2025-02-01,77.57,Electronics
CUST00207,2024-05-24,42.21,Clothing
CUST00207,2024-11-28,75.79,Dining
CUST00207,2024-11-12,6.71,Electronics
CUST00207,2024-09-01,114.62,Electronics
CUST00207,2023-06-05,117.3,Travel
CUST00207,2024-11-05,192.05,Grocery
CUST00207,2024-06-13,198.91,Dining
CUST00207,2024-09-20,305.55,Travel
CUST00207,2023-10-11,17.32,Electronics
CUST00207,2025-06-22,23.18,Clothing
CUST00207,2023-08-29,13.28,Travel
CUST00207,2024-08-18,72.93,Travel
CUST00207,2023-12-12,261.32,Clothing
CUST00207,2025-03-26,49.02,Electronics
CUST00207,2024-07-18,56.64,Dining
CUST00207,2025-02-28,19.65,Grocery
CUST00207,2025-02-16,11.8,Grocery
CUST00207,2025-01-09,126.93,Electronics
CUST00207,2025-02-15,22.35,Grocery
CUST00207,2025-05-09,66.09,Dining
CUST00207,2024-04-20,68.62,Electronics
CUST00207,2024-10-02,5.64,Grocery
CUST00207,2023-11-27,123.36,Travel
CUST00207,2024-08-30,37.05,Clothing
CUST00207,2024-01-23,9.22,Electronics
CUST00207,2023-06-16,110.04,Travel
CUST00207,2025-01-12,65.33,Dining
CUST00207,2024-05-07,134.73,Clothing
CUST00207,2023-09-26,87.25,Dining
CUST00207,2024-02-06,180.19,Dining
CUST00208,2025-05-18,15.69,Grocery
CUST00208,2024-09-18,40.84,Electronics
CUST00208,2025-07-03,89.76,Grocery
CUST00208,2024-12-15,29.36,Dining
CUST00208,2025-07-09,44.4,Electronics
CUST00208,2025-01-14,51.0,Travel
CUST00208,2025-02-25,225.96,Electronics
CUST00208,2024-11-15,36.37,Electronics
CUST00208,2025-05-27,20.18,Travel
CUST00208,2025-04-30,311.73,Grocery
CUST00208,2025-04-17,108.08,Dining
CUST00208,2025-02-26,305.49,Travel
CUST00208,2025-07-17,22.6,Dining
CUST00208,2024-10-26,17.73,Dining
CUST00208,2024-10-23,56.79,Grocery
CUST00208,2025-06-24,74.9,Electronics
CUST00208,2025-06-08,14.3,Electronics
CUST00208,2024-11-09,213.63,Grocery
CUST00208,2024-09-10,49.95,Dining
CUST00208,2025-05-22,207.14,Dining
CUST00208,2025-03-03,39.62,Electronics
CUST00208,2025-05-29,46.18,Travel
CUST00208,2025-04-10,389.41,Grocery
CUST00208,2024-11-11,222.88,Grocery
CUST00208,2024-10-26,64.37,Grocery
CUST00208,2024-10-10,233.39,Dining
CUST00208,2025-07-31,51.79,Grocery
CUST00208,2025-07-03,253.83,Grocery
CUST00208,2025-07-19,34.74,Grocery
CUST00208,2025-01-14,96.0,Grocery
CUST00208,2025-01-17,130.72,Travel
CUST00208,2025-06-16,6.23,Dining
CUST00208,2025-03-08,154.4,Travel
CUST00208,2024-12-24,56.11,Clothing
CUST00208,2025-04-01,196.24,Grocery
CUST00208,2025-01-22,6.59,Grocery
CUST00208,2025-04-19,40.91,Clothing
CUST00208,2025-07-05,105.16,Grocery
CUST00208,2024-11-13,51.31,Dining
CUST00208,2024-09-23,8.71,Dining
CUST00208,2025-06-27,138.95,Electronics
CUST00208,2025-03-06,107.52,Grocery
CUST00208,2025-01-27,25.61,Grocery
CUST00208,2025-01-20,83.21,Clothing
CUST00208,2024-11-26,110.1,Dining
CUST00208,2025-03-18,49.81,Dining
CUST00208,2025-07-03,95.37,Electronics
CUST00208,2024-12-29,72.31,Electronics
CUST00208,2024-09-17,28.39,Electronics
CUST00208,2025-05-25,230.68,Grocery
CUST00208,2025-03-13,77.36,Clothing
CUST00208,2024-10-30,81.55,Clothing
CUST00208,2025-05-10,221.99,Grocery
CUST00208,2025-07-19,75.46,Dining
CUST00208,2024-09-25,7.22,Travel
CUST00208,2024-09-16,14.83,Grocery
CUST00208,2025-03-18,377.99,Dining
CUST00208,2024-09-19,95.65,Electronics
CUST00208,2025-06-18,40.99,Grocery
CUST00208,2025-05-02,162.45,Dining
CUST00208,2025-03-31,270.92,Dining
CUST00208,2024-12-05,105.14,Clothing
CUST00208,2025-07-07,29.48,Travel
CUST00208,2025-06-25,51.2,Clothing
CUST00208,2025-03-28,8.44,Travel
CUST00208,2025-06-22,274.29,Dining
CUST00208,2025-04-24,96.39,Grocery
CUST00208,2025-02-08,18.29,Dining
CUST00208,2024-11-20,56.16,Electronics
CUST00208,2024-11-21,68.28,Dining
CUST00208,2025-07-31,57.51,Grocery
CUST00208,2024-10-13,57.91,Dining
CUST00208,2025-05-16,137.87,Travel
CUST00208,2025-07-12,227.4,Electronics
CUST00208,2024-09-17,204.71,Electronics
CUST00208,2025-06-12,57.72,Travel
CUST00208,2024-09-20,84.2,Grocery
CUST00208,2025-03-31,21.99,Electronics
CUST00208,2025-01-19,172.0,Grocery
CUST00208,2024-11-06,81.07,Dining
CUST00208,2024-12-27,43.99,Clothing
CUST00208,2025-05-22,13.48,Clothing
CUST00208,2024-11-08,56.73,Grocery
CUST00208,2025-04-07,128.25,Clothing
CUST00208,2025-05-14,140.42,Clothing
CUST00208,2025-01-13,183.96,Dining
CUST00208,2025-07-21,19.41,Travel
CUST00208,2025-02-14,59.9,Travel
CUST00208,2024-12-04,169.24,Clothing
CUST00208,2024-10-30,89.23,Clothing
CUST00208,2025-05-24,71.16,Clothing
CUST00208,2025-03-25,13.54,Grocery
CUST00208,2025-06-14,16.27,Clothing
CUST00208,2025-07-04,150.29,Clothing
CUST00208,2025-05-25,14.3,Travel
CUST00208,2025-06-17,292.54,Dining
CUST00208,2025-01-22,168.93,Travel
CUST00208,2025-01-16,10.21,Travel
CUST00209,2022-04-12,50.33,Dining
CUST00209,2022-06-18,153.88,Grocery
CUST00209,2022-05-27,89.36,Travel
CUST00209,2025-07-12,20.12,Travel
CUST00209,2024-01-22,35.7,Grocery
CUST00209,2024-05-07,53.91,Travel
CUST00209,2025-03-31,9.38,Travel
CUST00209,2024-04-23,30.0,Dining
CUST00209,2022-07-01,13.54,Grocery
CUST00209,2024-10-07,97.31,Travel
CUST00209,2024-05-09,47.5,Travel
CUST00209,2023-10-09,42.86,Electronics
CUST00209,2023-07-08,174.0,Clothing
CUST00209,2022-05-28,78.35,Dining
CUST00209,2024-04-11,404.71,Travel
CUST00209,2024-10-02,262.35,Dining
CUST00209,2022-05-25,156.37,Clothing
CUST00209,2022-09-12,87.09,Grocery
CUST00209,2023-09-02,46.98,Dining
CUST00209,2023-03-06,183.66,Clothing
CUST00209,2023-01-21,24.86,Travel
CUST00209,2024-06-15,148.59,Clothing
CUST00209,2022-08-26,85.77,Travel
CUST00209,2024-06-06,42.75,Clothing
CUST00209,2023-03-21,21.71,Dining
CUST00209,2024-02-22,19.65,Dining
CUST00209,2022-09-05,77.47,Clothing
CUST00209,2022-09-27,22.14,Clothing
CUST00209,2023-05-09,97.36,Grocery
CUST00209,2024-03-02,107.82,Clothing
CUST00209,2025-07-27,88.51,Travel
CUST00209,2025-05-25,380.19,Dining
CUST00209,2023-07-29,110.4,Electronics
CUST00209,2023-10-22,91.29,Electronics
CUST00209,2022-12-15,40.94,Electronics
CUST00209,2022-12-01,30.82,Travel
CUST00209,2023-05-24,63.83,Grocery
CUST00209,2023-05-28,238.08,Dining
CUST00209,2024-03-26,19.54,Dining
CUST00209,2023-02-13,221.71,Clothing
CUST00209,2024-05-10,124.55,Clothing
CUST00209,2023-05-10,69.59,Clothing
CUST00209,2024-10-11,7.28,Dining
CUST00209,2023-12-08,39.73,Clothing
CUST00209,2025-06-24,133.54,Dining
CUST00209,2025-03-16,34.78,Electronics
CUST00209,2024-02-21,105.3,Dining
CUST00209,2025-02-23,287.34,Clothing
CUST00209,2022-06-13,65.28,Grocery
CUST00209,2023-10-18,64.89,Clothing
CUST00209,2025-03-26,27.09,Grocery
CUST00209,2022-04-19,34.47,Grocery
CUST00209,2022-09-20,26.85,Clothing
CUST00209,2022-04-01,10.72,Travel
CUST00209,2022-06-25,112.24,Grocery
CUST00209,2024-02-20,88.34,Electronics
CUST00209,2022-09-09,35.92,Grocery
CUST00209,2022-07-21,197.08,Grocery
CUST00209,2022-12-05,31.06,Electronics
CUST00209,2024-09-08,18.81,Travel
CUST00209,2022-11-30,47.56,Travel
CUST00209,2025-04-05,87.41,Dining
CUST00209,2022-05-29,95.71,Grocery
CUST00209,2024-10-19,17.74,Grocery
CUST00209,2023-04-04,68.71,Dining
CUST00209,2022-03-25,19.15,Travel
CUST00209,2022-12-30,6.06,Electronics
CUST00209,2024-04-17,35.33,Grocery
CUST00209,2022-06-11,30.24,Grocery
CUST00209,2022-05-05,168.93,Grocery
CUST00209,2024-12-13,35.46,Grocery
CUST00209,2023-09-18,82.02,Clothing
CUST00209,2024-12-17,44.73,Electronics
CUST00209,2024-05-07,10.58,Clothing
CUST00209,2022-05-06,26.71,Grocery
CUST00209,2024-05-02,27.57,Travel
CUST00209,2022-10-07,165.64,Grocery
CUST00209,2024-07-04,300.37,Travel
CUST00209,2023-04-09,29.61,Grocery
CUST00209,2022-06-23,302.75,Clothing
CUST00209,2023-07-01,312.61,Dining
CUST00209,2023-03-22,14.75,Dining
CUST00209,2025-03-14,34.84,Grocery
CUST00209,2025-02-22,70.67,Dining
CUST00209,2024-02-19,38.13,Dining
CUST00209,2025-05-12,68.07,Electronics
CUST00209,2025-07-20,96.11,Grocery
CUST00209,2022-04-17,36.39,Travel
CUST00209,2024-02-12,104.96,Dining
CUST00209,2025-03-21,62.62,Dining
CUST00209,2023-12-12,22.23,Clothing
CUST00209,2023-11-30,55.99,Clothing
CUST00209,2024-10-14,64.78,Electronics
CUST00209,2025-07-14,22.21,Grocery
CUST00209,2025-06-24,98.3,Dining
CUST00209,2025-05-12,120.33,Clothing
CUST00209,2025-04-03,19.3,Electronics
CUST00209,2024-11-30,193.74,Grocery
CUST00209,2025-06-04,116.59,Clothing
CUST00209,2025-03-20,33.03,Electronics
CUST00209,2022-09-13,121.15,Clothing
CUST00209,2022-06-23,48.62,Clothing
CUST00209,2023-02-25,35.12,Grocery
CUST00209,2025-06-06,9.24,Electronics
CUST00210,2022-05-01,16.76,Clothing
CUST00210,2025-04-13,90.78,Clothing
CUST00210,2025-05-12,57.44,Clothing
CUST00210,2023-03-14,13.27,Electronics
CUST00210,2023-01-02,54.21,Clothing
CUST00210,2024-12-18,26.01,Clothing
CUST00210,2023-09-05,185.51,Dining
CUST00210,2023-01-19,35.53,Grocery
CUST00210,2023-10-05,12.0,Grocery
CUST00210,2024-01-15,78.51,Dining
CUST00210,2024-11-13,54.38,Dining
CUST00210,2022-09-01,19.16,Travel
CUST00210,2025-01-25,11.75,Grocery
CUST00210,2023-10-26,37.22,Grocery
CUST00210,2023-01-02,41.74,Travel
CUST00210,2024-02-23,339.28,Clothing
CUST00210,2025-04-17,315.46,Electronics
CUST00210,2025-07-10,24.55,Travel
CUST00210,2022-07-20,148.85,Grocery
CUST00210,2023-11-04,47.79,Clothing
CUST00210,2023-01-18,99.57,Electronics
CUST00210,2023-01-10,24.36,Travel
CUST00210,2023-11-04,36.35,Electronics
CUST00210,2024-03-04,40.27,Grocery
CUST00210,2023-03-28,15.25,Travel
CUST00210,2025-05-25,11.49,Clothing
CUST00210,2023-02-28,78.42,Electronics
CUST00210,2024-03-03,68.25,Grocery
CUST00210,2024-01-16,34.27,Grocery
CUST00210,2024-01-01,30.33,Dining
CUST00210,2025-06-12,15.97,Grocery
CUST00210,2023-09-27,95.8,Clothing
CUST00210,2024-04-09,46.64,Travel
CUST00210,2023-03-16,39.79,Electronics
CUST00210,2023-04-05,37.66,Grocery
CUST00210,2022-04-15,28.1,Dining
CUST00210,2022-07-13,47.79,Travel
CUST00210,2024-06-11,61.97,Travel
CUST00210,2024-03-12,136.32,Grocery
CUST00210,2022-07-09,136.66,Grocery
CUST00210,2024-01-10,213.37,Travel
CUST00210,2025-06-14,57.45,Grocery
CUST00210,2023-08-02,9.0,Clothing
CUST00210,2022-09-22,22.12,Electronics
CUST00210,2023-02-27,278.49,Travel
CUST00210,2024-04-04,92.71,Electronics
CUST00210,2023-09-11,15.45,Dining
CUST00210,2024-10-29,105.0,Dining
CUST00210,2024-08-07,48.02,Electronics
CUST00210,2024-06-26,22.7,Electronics
CUST00210,2024-05-19,51.74,Grocery
CUST00210,2023-12-04,70.76,Clothing
CUST00210,2024-11-21,98.27,Electronics
CUST00210,2024-02-03,20.69,Travel
CUST00210,2022-11-20,118.1,Travel
CUST00210,2025-07-30,133.8,Travel
CUST00210,2025-05-19,80.78,Dining
CUST00210,2023-05-03,128.33,Clothing
CUST00210,2025-07-25,20.09,Electronics
CUST00210,2024-07-05,27.71,Travel
CUST00210,2022-11-25,29.37,Dining
CUST00210,2025-03-06,18.84,Dining
CUST00210,2025-05-02,170.17,Travel
CUST00210,2025-01-11,24.82,Electronics
CUST00210,2023-08-29,25.45,Clothing
CUST00210,2023-09-06,105.28,Dining
CUST00210,2022-06-27,38.06,Dining
CUST00210,2023-09-07,74.32,Clothing
CUST00210,2024-01-07,110.97,Dining
CUST00210,2024-10-28,38.68,Electronics
CUST00210,2023-07-03,43.37,Travel
CUST00210,2024-09-21,33.59,Grocery
CUST00210,2023-05-11,112.22,Electronics
CUST00210,2024-12-15,83.12,Grocery
CUST00210,2024-04-16,60.52,Clothing
CUST00210,2022-05-05,115.55,Clothing
CUST00210,2022-11-30,29.37,Electronics
CUST00210,2025-07-30,110.51,Travel
CUST00210,2023-09-09,45.74,Grocery
CUST00210,2023-08-21,185.11,Dining
CUST00210,2024-05-23,49.79,Grocery
CUST00210,2025-01-12,27.23,Grocery
CUST00210,2024-08-13,21.23,Electronics
CUST00210,2025-02-09,39.07,Electronics
CUST00210,2024-07-17,6.77,Travel
CUST00210,2024-08-17,9.5,Clothing
CUST00210,2025-01-25,38.1,Electronics
CUST00210,2024-09-09,10.43,Dining
CUST00210,2022-09-15,16.89,Dining
CUST00210,2022-05-25,76.28,Dining
CUST00210,2022-05-11,87.27,Clothing
CUST00210,2024-04-25,18.39,Dining
CUST00210,2025-06-16,59.57,Clothing
CUST00210,2023-02-10,19.99,Travel
CUST00210,2022-07-28,111.54,Electronics
CUST00210,2025-03-15,149.2,Grocery
CUST00210,2022-10-09,8.92,Grocery
CUST00210,2023-05-10,49.09,Clothing
CUST00210,2022-07-20,13.72,Electronics
CUST00210,2022-05-02,60.36,Grocery
CUST00210,2023-03-29,20.95,Electronics
CUST00210,2023-03-12,154.54,Dining
CUST00210,2022-12-17,6.02,Grocery
CUST00210,2024-08-17,27.73,Electronics
CUST00210,2022-09-07,126.65,Electronics
CUST00210,2025-04-22,72.68,Dining
CUST00210,2025-06-17,36.46,Clothing
CUST00210,2024-05-09,211.9,Grocery
CUST00210,2022-03-25,75.96,Clothing
CUST00210,2023-12-08,84.82,Grocery
CUST00210,2022-07-08,8.98,Electronics
CUST00210,2023-05-13,67.06,Grocery
CUST00210,2024-12-22,170.18,Grocery
CUST00210,2025-06-17,79.4,Clothing
CUST00210,2024-06-09,38.52,Clothing
CUST00210,2023-06-10,335.72,Grocery
CUST00211,2025-06-24,71.01,Dining
CUST00211,2025-06-30,44.2,Grocery
CUST00211,2025-06-23,150.07,Clothing
CUST00211,2025-07-26,141.11,Travel
CUST00211,2025-07-25,47.62,Dining
CUST00211,2025-06-05,39.67,Dining
CUST00211,2025-06-29,82.33,Travel
CUST00211,2025-05-27,8.1,Electronics
CUST00211,2025-06-29,78.54,Dining
CUST00211,2025-07-07,16.17,Electronics
CUST00211,2025-06-21,31.57,Grocery
CUST00211,2025-06-20,22.01,Grocery
CUST00211,2025-06-25,17.22,Electronics
CUST00211,2025-05-27,77.11,Grocery
CUST00211,2025-06-04,234.1,Clothing
CUST00211,2025-07-10,26.82,Electronics
CUST00211,2025-07-19,31.88,Electronics
CUST00211,2025-06-25,65.14,Grocery
CUST00211,2025-07-12,52.55,Travel
CUST00211,2025-06-20,262.02,Electronics
CUST00211,2025-07-11,20.68,Clothing
CUST00211,2025-06-07,72.26,Dining
CUST00211,2025-07-29,23.12,Clothing
CUST00211,2025-06-10,8.21,Travel
CUST00211,2025-06-07,74.43,Dining
CUST00211,2025-06-18,15.62,Clothing
CUST00211,2025-07-05,21.49,Travel
CUST00211,2025-07-01,42.42,Travel
CUST00211,2025-07-15,185.59,Electronics
CUST00211,2025-06-15,82.85,Travel
CUST00211,2025-06-25,161.39,Dining
CUST00211,2025-07-09,27.88,Clothing
CUST00211,2025-07-04,172.5,Travel
CUST00211,2025-07-04,158.4,Clothing
CUST00211,2025-06-14,96.87,Dining
CUST00211,2025-06-18,141.87,Clothing
CUST00211,2025-07-29,69.39,Dining
CUST00211,2025-05-29,174.38,Grocery
CUST00211,2025-06-26,43.44,Dining
CUST00211,2025-06-17,42.25,Dining
CUST00211,2025-07-24,35.66,Grocery
CUST00211,2025-05-31,5.57,Travel
CUST00211,2025-07-01,61.79,Clothing
CUST00211,2025-06-12,42.42,Electronics
CUST00211,2025-05-31,51.6,Electronics
CUST00211,2025-06-13,157.76,Grocery
CUST00211,2025-07-09,37.65,Dining
CUST00211,2025-07-19,15.52,Electronics
CUST00211,2025-07-22,54.29,Dining
CUST00211,2025-07-20,52.65,Travel
CUST00211,2025-06-23,56.74,Grocery
CUST00211,2025-07-07,128.6,Dining
CUST00211,2025-06-19,12.98,Grocery
CUST00211,2025-07-25,39.17,Clothing
CUST00211,2025-07-24,14.33,Dining
CUST00211,2025-06-25,43.19,Grocery
CUST00211,2025-06-23,106.82,Grocery
CUST00211,2025-07-23,24.44,Clothing
CUST00211,2025-07-22,27.28,Grocery
CUST00211,2025-06-09,108.5,Grocery
CUST00211,2025-07-11,84.67,Electronics
CUST00211,2025-07-29,45.64,Electronics
CUST00211,2025-07-03,105.62,Grocery
CUST00211,2025-07-15,184.36,Clothing
CUST00211,2025-07-31,79.02,Electronics
CUST00211,2025-07-30,11.78,Travel
CUST00211,2025-07-21,20.08,Clothing
CUST00211,2025-07-23,190.67,Dining
CUST00211,2025-05-28,22.61,Clothing
CUST00211,2025-06-06,87.16,Electronics
CUST00211,2025-06-05,49.66,Grocery
CUST00211,2025-06-28,301.21,Electronics
CUST00211,2025-06-11,5.68,Dining
CUST00211,2025-07-19,42.25,Electronics
CUST00211,2025-07-01,40.4,Travel
CUST00211,2025-06-30,58.61,Dining
CUST00211,2025-06-11,23.17,Clothing
CUST00211,2025-07-30,195.15,Dining
CUST00211,2025-07-09,7.98,Clothing
CUST00211,2025-07-26,169.28,Dining
CUST00211,2025-07-14,110.59,Clothing
CUST00211,2025-07-01,187.86,Clothing
CUST00211,2025-07-29,40.75,Grocery
CUST00211,2025-06-13,75.64,Electronics
CUST00211,2025-07-12,105.04,Clothing
CUST00211,2025-06-29,21.0,Clothing
CUST00211,2025-05-28,21.13,Travel
CUST00211,2025-06-17,83.02,Clothing
CUST00211,2025-07-20,70.38,Clothing
CUST00211,2025-06-09,45.14,Clothing
CUST00212,2025-05-17,157.61,Clothing
CUST00212,2022-02-04,102.09,Dining
CUST00212,2023-01-04,312.01,Dining
CUST00212,2021-06-29,50.74,Clothing
CUST00212,2025-07-09,26.05,Clothing
CUST00212,2023-07-29,113.14,Clothing
CUST00212,2021-08-10,142.38,Grocery
CUST00212,2025-03-01,151.09,Clothing
CUST00212,2022-06-04,47.67,Clothing
CUST00212,2020-11-29,159.06,Travel
CUST00212,2021-10-11,9.1,Dining
CUST00212,2022-08-26,97.85,Dining
CUST00212,2025-04-29,40.81,Clothing
CUST00212,2022-04-17,71.24,Grocery
CUST00212,2024-08-11,86.33,Travel
CUST00212,2021-05-21,160.28,Clothing
CUST00212,2021-09-18,126.89,Dining
CUST00212,2021-07-07,94.05,Grocery
CUST00212,2021-08-19,56.83,Travel
CUST00212,2024-09-17,158.3,Grocery
CUST00212,2021-01-10,47.07,Travel
CUST00212,2023-04-09,181.01,Clothing
CUST00212,2024-12-04,96.8,Travel
CUST00212,2024-07-20,262.41,Travel
CUST00212,2023-10-05,65.67,Electronics
CUST00212,2025-01-29,163.96,Clothing
CUST00212,2021-06-03,62.9,Grocery
CUST00212,2023-03-22,33.14,Grocery
CUST00212,2021-03-25,96.36,Travel
CUST00212,2024-11-17,63.16,Grocery
CUST00212,2020-10-31,71.99,Dining
CUST00212,2022-03-11,55.68,Grocery
CUST00212,2022-02-21,104.09,Travel
CUST00212,2022-10-14,67.37,Clothing
CUST00212,2025-06-28,26.95,Travel
CUST00212,2024-07-06,83.68,Electronics
CUST00212,2021-05-02,25.38,Grocery
CUST00212,2021-10-28,243.32,Grocery
CUST00212,2022-10-14,134.9,Electronics
CUST00212,2023-12-06,16.26,Travel
CUST00212,2023-05-09,52.28,Grocery
CUST00212,2023-12-08,247.85,Dining
CUST00212,2021-03-02,19.86,Clothing
CUST00212,2021-12-13,436.79,Clothing
CUST00212,2024-08-15,32.27,Dining
CUST00212,2021-07-22,38.88,Dining
CUST00212,2021-02-27,43.96,Grocery
CUST00212,2025-01-02,59.64,Grocery
CUST00212,2025-03-26,95.92,Electronics
CUST00212,2021-01-27,112.78,Grocery
CUST00212,2021-09-08,34.21,Clothing
CUST00212,2022-10-06,128.78,Clothing
CUST00212,2020-10-26,14.82,Dining
CUST00212,2023-07-02,78.24,Grocery
CUST00212,2021-06-11,11.12,Dining
CUST00212,2024-06-24,89.61,Electronics
CUST00212,2022-12-09,11.19,Electronics
CUST00212,2024-06-20,23.51,Dining
CUST00212,2023-05-06,124.81,Electronics
CUST00212,2020-10-22,8.72,Grocery
CUST00212,2022-10-13,128.4,Electronics
CUST00212,2022-12-23,237.85,Travel
CUST00212,2022-07-16,9.98,Electronics
CUST00212,2021-05-08,42.79,Grocery
CUST00212,2024-09-10,63.3,Travel
CUST00212,2024-06-18,204.65,Electronics
CUST00212,2020-12-06,32.77,Travel
CUST00212,2021-01-26,43.46,Grocery
CUST00212,2021-10-05,74.52,Dining
CUST00212,2024-07-12,8.8,Electronics
CUST00212,2020-11-15,117.72,Grocery
CUST00212,2024-11-24,12.61,Dining
CUST00212,2024-08-16,103.63,Travel
CUST00212,2021-08-07,114.94,Travel
CUST00212,2022-02-28,63.76,Electronics
CUST00212,2020-11-01,390.72,Dining
CUST00212,2024-07-04,25.13,Travel
CUST00212,2023-04-07,169.89,Grocery
CUST00212,2024-05-23,114.85,Electronics
CUST00212,2023-09-30,16.94,Grocery
CUST00212,2023-12-08,97.73,Electronics
CUST00212,2024-09-13,5.73,Dining
CUST00212,2025-06-30,36.34,Travel
CUST00212,2021-11-02,7.44,Clothing
CUST00212,2025-05-08,6.79,Travel
CUST00213,2021-10-05,58.23,Dining
CUST00213,2021-03-23,122.96,Travel
CUST00213,2022-10-28,35.75,Electronics
CUST00213,2024-02-13,16.23,Grocery
CUST00213,2022-01-08,65.01,Electronics
CUST00213,2020-12-04,54.49,Electronics
CUST00213,2024-07-31,75.34,Grocery
CUST00213,2021-05-17,624.47,Travel
CUST00213,2024-06-18,202.24,Travel
CUST00213,2023-01-02,102.63,Dining
CUST00213,2022-03-03,21.64,Clothing
CUST00213,2023-10-31,46.11,Electronics
CUST00213,2024-02-28,32.68,Dining
CUST00213,2023-03-26,58.54,Travel
CUST00213,2021-11-14,409.9,Clothing
CUST00213,2023-12-29,71.17,Clothing
CUST00213,2021-06-11,59.68,Grocery
CUST00213,2020-11-11,144.77,Grocery
CUST00213,2025-06-09,40.57,Dining
CUST00213,2025-06-04,13.43,Clothing
CUST00213,2024-02-28,80.27,Clothing
CUST00213,2025-01-11,74.08,Grocery
CUST00213,2023-12-14,42.83,Electronics
CUST00213,2023-04-21,132.66,Travel
CUST00213,2023-06-22,7.22,Clothing
CUST00213,2021-04-02,10.1,Grocery
CUST00213,2024-02-20,21.36,Electronics
CUST00213,2022-03-09,5.96,Dining
CUST00213,2023-02-16,40.87,Travel
CUST00213,2021-10-11,56.74,Electronics
CUST00213,2023-03-17,100.33,Electronics
CUST00213,2020-10-13,49.06,Grocery
CUST00213,2024-12-26,49.7,Grocery
CUST00213,2023-11-15,43.68,Travel
CUST00213,2025-03-25,33.85,Grocery
CUST00213,2024-06-18,5.2,Grocery
CUST00213,2023-04-29,18.09,Clothing
CUST00213,2024-07-17,214.22,Grocery
CUST00213,2021-04-06,66.08,Dining
CUST00213,2022-03-22,115.63,Grocery
CUST00213,2021-10-07,110.65,Grocery
CUST00213,2023-07-05,20.05,Travel
CUST00213,2022-08-26,46.02,Travel
CUST00213,2021-04-18,67.46,Electronics
CUST00213,2021-07-09,56.62,Dining
CUST00213,2022-12-30,265.68,Electronics
CUST00213,2025-05-10,23.64,Dining
CUST00213,2022-09-14,281.94,Travel
CUST00213,2021-04-14,98.12,Clothing
CUST00213,2021-09-13,150.08,Clothing
CUST00213,2023-06-08,150.76,Clothing
CUST00213,2021-07-19,100.14,Travel
CUST00213,2021-09-06,77.44,Electronics
CUST00213,2025-01-04,36.36,Dining
CUST00213,2024-06-27,55.44,Travel
CUST00213,2024-03-04,48.04,Clothing
CUST00213,2021-04-23,50.95,Electronics
CUST00213,2021-06-25,324.1,Grocery
CUST00213,2023-07-07,72.64,Grocery
CUST00213,2023-01-24,128.41,Travel
CUST00213,2021-07-20,11.94,Clothing
CUST00213,2023-12-29,64.3,Clothing
CUST00213,2025-07-18,12.22,Grocery
CUST00213,2024-04-03,73.59,Dining
CUST00213,2022-12-01,71.08,Grocery
CUST00213,2023-03-14,8.7,Clothing
CUST00213,2024-12-14,46.85,Travel
CUST00213,2024-05-04,50.69,Travel
CUST00213,2021-03-22,62.62,Dining
CUST00213,2021-10-09,21.69,Clothing
CUST00213,2022-03-01,113.25,Grocery
CUST00213,2021-09-19,200.28,Travel
CUST00213,2024-09-02,124.73,Grocery
CUST00213,2024-02-12,111.24,Electronics
CUST00213,2024-03-29,33.37,Travel
CUST00213,2020-10-27,158.89,Travel
CUST00213,2021-06-13,98.88,Travel
CUST00213,2025-03-20,85.53,Electronics
CUST00213,2022-04-28,8.26,Dining
CUST00213,2022-08-25,149.24,Grocery
CUST00213,2022-11-07,28.91,Electronics
CUST00213,2021-11-30,107.31,Travel
CUST00213,2024-05-30,178.77,Electronics
CUST00213,2025-02-18,30.39,Dining
CUST00213,2022-06-27,75.47,Travel
CUST00213,2020-12-20,24.61,Dining
CUST00213,2024-12-30,357.62,Dining
CUST00213,2025-05-03,53.93,Clothing
CUST00213,2023-11-09,13.33,Dining
CUST00213,2023-07-21,40.06,Dining
CUST00213,2021-03-05,37.35,Dining
CUST00213,2022-08-31,113.31,Grocery
CUST00213,2024-09-12,29.32,Clothing
CUST00213,2021-10-19,126.8,Clothing
CUST00213,2022-10-28,27.04,Dining
CUST00213,2024-11-11,8.51,Electronics
CUST00213,2022-07-10,49.23,Grocery
CUST00213,2022-10-24,149.14,Electronics
CUST00213,2023-07-29,37.27,Grocery
CUST00213,2022-03-17,235.96,Grocery
CUST00213,2022-05-18,68.57,Clothing
CUST00213,2024-08-22,59.67,Grocery
CUST00213,2020-09-06,16.72,Dining
CUST00213,2025-05-19,85.46,Electronics
CUST00213,2023-07-28,10.53,Electronics
CUST00213,2022-04-19,20.78,Travel
CUST00213,2022-10-11,116.45,Dining
CUST00213,2021-09-24,154.92,Grocery
CUST00213,2021-05-27,41.93,Travel
CUST00213,2023-08-06,53.82,Travel
CUST00214,2024-11-29,9.28,Electronics
CUST00214,2025-01-01,137.97,Grocery
CUST00214,2025-05-18,92.59,Dining
CUST00214,2025-05-28,38.6,Clothing
CUST00214,2025-05-08,204.73,Clothing
CUST00214,2025-05-14,89.04,Electronics
CUST00214,2025-07-17,51.31,Travel
CUST00214,2025-04-06,13.01,Clothing
CUST00214,2025-01-06,5.58,Grocery
CUST00214,2025-01-09,365.04,Dining
CUST00214,2025-06-16,185.41,Clothing
CUST00214,2025-01-26,19.07,Dining
CUST00214,2025-03-31,51.26,Clothing
CUST00214,2025-07-22,63.33,Travel
CUST00214,2025-02-03,53.16,Travel
CUST00214,2025-06-13,66.83,Dining
CUST00214,2025-01-29,38.02,Electronics
CUST00214,2024-12-30,232.26,Travel
CUST00214,2025-04-27,61.92,Travel
CUST00214,2025-06-26,61.27,Clothing
CUST00214,2024-12-26,359.35,Dining
CUST00214,2025-03-06,228.18,Clothing
CUST00214,2025-03-19,36.53,Grocery
CUST00214,2025-05-11,18.41,Electronics
CUST00214,2025-05-30,37.91,Grocery
CUST00214,2025-03-16,105.89,Clothing
CUST00214,2025-03-06,60.73,Dining
CUST00214,2024-11-25,22.0,Travel
CUST00214,2024-12-18,6.48,Dining
CUST00214,2025-06-06,18.25,Electronics
CUST00214,2025-06-07,17.25,Electronics
CUST00214,2025-06-29,70.63,Clothing
CUST00214,2024-12-02,206.76,Clothing
CUST00214,2025-06-07,156.35,Grocery
CUST00214,2025-05-20,42.55,Travel
CUST00214,2025-01-01,23.39,Clothing
CUST00214,2025-05-26,78.32,Dining
CUST00214,2024-12-15,13.2,Dining
CUST00214,2025-03-13,10.51,Dining
CUST00214,2025-04-26,7.04,Grocery
CUST00214,2024-11-24,75.59,Dining
CUST00214,2025-02-12,40.09,Travel
CUST00214,2024-11-16,44.31,Electronics
CUST00214,2024-11-17,166.88,Clothing
CUST00214,2025-06-09,68.46,Dining
CUST00214,2025-01-15,45.25,Clothing
CUST00214,2025-01-04,154.75,Dining
CUST00214,2025-03-04,27.4,Travel
CUST00214,2025-04-21,192.25,Travel
CUST00214,2025-02-14,7.31,Grocery
CUST00214,2025-06-23,50.12,Travel
CUST00214,2025-06-26,29.2,Travel
CUST00214,2025-06-07,27.05,Clothing
CUST00214,2024-12-07,95.64,Grocery
CUST00214,2025-04-27,60.51,Electronics
CUST00214,2025-06-06,32.13,Dining
CUST00214,2025-04-22,32.13,Dining
CUST00214,2025-03-20,272.36,Dining
CUST00214,2024-12-09,68.33,Travel
CUST00214,2025-05-08,18.82,Dining
CUST00214,2025-06-13,42.11,Clothing
CUST00214,2025-03-01,6.27,Electronics
CUST00214,2024-12-16,31.14,Dining
CUST00214,2025-03-01,23.72,Travel
CUST00214,2025-05-19,62.79,Electronics
CUST00214,2025-06-26,301.42,Dining
CUST00214,2025-03-05,89.78,Clothing
CUST00214,2025-07-05,103.21,Clothing
CUST00214,2024-12-19,10.24,Grocery
CUST00214,2025-06-27,17.2,Clothing
CUST00214,2025-05-27,77.15,Clothing
CUST00214,2025-06-21,134.2,Dining
CUST00214,2025-06-02,75.18,Electronics
CUST00214,2025-06-18,389.97,Dining
CUST00214,2025-06-28,24.33,Travel
CUST00214,2025-03-05,89.67,Grocery
CUST00214,2025-06-01,85.99,Dining
CUST00214,2025-07-03,232.67,Clothing
CUST00214,2025-01-24,359.83,Travel
CUST00214,2025-01-01,15.66,Dining
CUST00214,2025-05-09,236.44,Dining
CUST00214,2025-05-14,9.04,Clothing
CUST00214,2025-06-08,124.44,Grocery
CUST00214,2025-03-04,100.19,Electronics
CUST00214,2024-12-28,62.83,Dining
CUST00214,2025-05-10,6.09,Dining
CUST00214,2025-06-28,42.72,Travel
CUST00214,2024-11-23,30.93,Clothing
CUST00214,2025-04-11,127.38,Grocery
CUST00214,2025-06-01,116.3,Dining
CUST00214,2025-06-16,19.97,Dining
CUST00214,2025-01-25,41.84,Dining
CUST00215,2024-01-12,13.43,Grocery
CUST00215,2024-09-08,103.31,Travel
CUST00215,2024-11-11,19.7,Dining
CUST00215,2024-02-21,16.03,Clothing
CUST00215,2023-10-05,87.75,Clothing
CUST00215,2023-12-17,114.17,Electronics
CUST00215,2024-12-19,36.48,Dining
CUST00215,2025-07-15,61.62,Dining
CUST00215,2024-09-17,59.25,Dining
CUST00215,2025-04-05,244.01,Grocery
CUST00215,2025-01-26,70.63,Clothing
CUST00215,2024-02-26,113.54,Clothing
CUST00215,2024-04-24,79.3,Travel
CUST00215,2024-11-29,175.86,Grocery
CUST00215,2025-02-14,9.36,Dining
CUST00215,2024-09-17,21.81,Dining
CUST00215,2024-10-09,87.4,Grocery
CUST00215,2024-07-11,53.33,Dining
CUST00215,2025-02-02,83.2,Dining
CUST00215,2024-09-22,35.61,Electronics
CUST00215,2024-01-11,48.23,Grocery
CUST00215,2025-02-05,41.86,Electronics
CUST00215,2024-08-16,37.79,Electronics
CUST00215,2025-03-13,88.58,Clothing
CUST00215,2024-04-16,47.13,Dining
CUST00215,2025-03-25,5.81,Dining
CUST00215,2024-01-02,132.03,Travel
CUST00215,2023-10-25,56.81,Travel
CUST00215,2024-02-15,52.43,Dining
CUST00215,2024-03-01,21.58,Clothing
CUST00215,2024-10-22,14.45,Travel
CUST00215,2024-09-18,8.9,Grocery
CUST00215,2023-10-18,150.15,Dining
CUST00215,2025-02-12,107.79,Electronics
CUST00215,2024-01-05,18.93,Electronics
CUST00215,2025-05-18,53.26,Grocery
CUST00215,2024-04-20,109.76,Grocery
CUST00215,2024-01-11,12.04,Travel
CUST00215,2023-11-29,141.97,Grocery
CUST00215,2024-10-04,42.57,Electronics
CUST00215,2024-12-29,12.43,Travel
CUST00215,2024-05-09,77.71,Grocery
CUST00215,2024-07-29,6.21,Dining
CUST00215,2024-06-16,18.72,Travel
CUST00215,2025-07-28,79.13,Electronics
CUST00215,2024-01-02,94.43,Clothing
CUST00215,2025-05-06,93.93,Electronics
CUST00215,2023-09-09,155.26,Travel
CUST00215,2024-06-06,8.47,Grocery
CUST00215,2025-02-01,156.13,Clothing
CUST00215,2024-09-26,17.49,Travel
CUST00215,2025-03-19,53.24,Clothing
CUST00215,2024-02-21,93.82,Electronics
CUST00215,2025-05-08,83.22,Travel
CUST00215,2025-03-29,20.37,Electronics
CUST00215,2025-01-14,25.17,Electronics
CUST00215,2023-10-26,50.81,Grocery
CUST00215,2023-10-09,108.61,Grocery
CUST00215,2024-03-04,51.91,Dining
CUST00215,2024-04-21,18.8,Grocery
CUST00215,2023-11-19,108.16,Grocery
CUST00215,2025-01-31,60.24,Electronics
CUST00215,2025-04-07,31.37,Travel
CUST00215,2024-06-25,8.99,Clothing
CUST00215,2024-04-21,77.71,Dining
CUST00215,2023-10-26,62.52,Dining
CUST00215,2024-06-19,85.49,Travel
CUST00215,2025-03-03,213.26,Dining
CUST00215,2023-12-09,92.28,Electronics
CUST00215,2023-12-18,121.4,Electronics
CUST00215,2025-04-14,44.88,Dining
CUST00215,2025-04-18,210.3,Electronics
CUST00215,2025-01-03,20.91,Grocery
CUST00215,2023-11-24,65.07,Travel
CUST00215,2023-11-13,178.62,Grocery
CUST00215,2025-02-17,27.8,Grocery
CUST00215,2025-06-02,30.76,Electronics
CUST00215,2025-07-09,27.1,Travel
CUST00215,2025-02-10,72.48,Clothing
CUST00215,2025-01-22,173.84,Electronics
CUST00215,2025-02-26,53.18,Dining
CUST00215,2023-10-06,160.64,Dining
CUST00215,2025-07-16,67.93,Grocery
CUST00215,2025-02-21,291.51,Dining
CUST00215,2024-02-08,32.67,Dining
CUST00215,2024-05-06,55.88,Travel
CUST00215,2024-04-05,131.66,Travel
CUST00215,2024-01-05,32.64,Travel
CUST00215,2024-02-29,30.08,Travel
CUST00215,2023-12-01,10.77,Dining
CUST00215,2025-05-31,136.62,Electronics
CUST00215,2023-11-02,202.23,Grocery
CUST00215,2025-01-24,75.67,Electronics
CUST00215,2023-11-11,52.34,Clothing
CUST00215,2024-10-16,67.52,Clothing
CUST00215,2023-11-21,126.33,Clothing
CUST00215,2024-11-18,42.45,Electronics
CUST00215,2023-12-31,132.59,Grocery
CUST00215,2024-02-13,32.14,Travel
CUST00215,2024-09-25,385.9,Grocery
CUST00215,2024-04-14,94.33,Electronics
CUST00215,2024-10-30,80.11,Clothing
CUST00216,2025-07-13,65.91,Travel
CUST00216,2025-06-12,71.69,Clothing
CUST00216,2025-02-15,43.83,Travel
CUST00216,2024-09-27,58.05,Grocery
CUST00216,2024-11-05,66.98,Dining
CUST00216,2024-12-26,124.95,Electronics
CUST00216,2025-04-29,39.92,Dining
CUST00216,2024-11-17,90.91,Dining
CUST00216,2025-03-04,50.83,Grocery
CUST00216,2024-09-24,206.01,Travel
CUST00216,2025-06-25,44.82,Electronics
CUST00216,2024-11-08,39.76,Electronics
CUST00216,2025-05-16,49.4,Clothing
CUST00216,2025-05-19,22.57,Clothing
CUST00216,2024-10-22,74.08,Travel
CUST00216,2025-05-29,94.59,Grocery
CUST00216,2024-11-22,127.72,Electronics
CUST00216,2025-02-24,134.93,Electronics
CUST00216,2025-06-26,55.41,Clothing
CUST00216,2025-02-23,15.36,Dining
CUST00216,2025-01-12,41.79,Travel
CUST00216,2025-02-19,84.58,Dining
CUST00216,2025-03-16,22.48,Travel
CUST00216,2025-02-08,38.48,Travel
CUST00216,2025-06-16,9.85,Clothing
CUST00216,2024-09-20,325.59,Dining
CUST00216,2025-01-29,140.26,Electronics
CUST00216,2024-10-03,281.5,Dining
CUST00216,2025-06-28,77.34,Travel
CUST00216,2024-11-23,39.88,Grocery
CUST00216,2025-03-11,44.55,Clothing
CUST00216,2024-11-13,205.23,Travel
CUST00216,2025-04-12,107.31,Electronics
CUST00216,2025-06-08,44.81,Dining
CUST00216,2024-10-27,14.58,Dining
CUST00216,2024-10-23,171.99,Electronics
CUST00216,2024-11-17,28.84,Grocery
CUST00216,2025-04-25,174.91,Dining
CUST00216,2024-10-30,43.62,Grocery
CUST00216,2025-04-05,37.56,Grocery
CUST00216,2025-07-30,56.96,Grocery
CUST00216,2025-05-10,55.6,Clothing
CUST00216,2024-11-28,185.67,Grocery
CUST00216,2024-10-07,13.44,Travel
CUST00216,2024-10-19,17.04,Grocery
CUST00216,2024-11-10,5.52,Dining
CUST00216,2025-03-26,21.13,Grocery
CUST00216,2024-10-27,40.18,Grocery
CUST00216,2025-05-16,40.34,Clothing
CUST00216,2024-09-25,14.89,Clothing
CUST00216,2025-01-14,155.36,Clothing
CUST00216,2025-07-24,77.12,Clothing
CUST00216,2025-03-24,57.46,Electronics
CUST00216,2025-02-09,14.23,Electronics
CUST00216,2025-07-10,47.31,Dining
CUST00216,2025-05-15,192.14,Travel
CUST00216,2025-01-03,11.67,Clothing
CUST00216,2024-09-30,62.61,Travel
CUST00216,2025-07-07,113.94,Travel
CUST00216,2024-12-02,12.99,Travel
CUST00216,2024-11-06,117.59,Clothing
CUST00216,2025-05-15,95.06,Dining
CUST00216,2025-02-06,136.6,Clothing
CUST00216,2025-06-13,11.52,Electronics
CUST00216,2024-10-17,17.5,Grocery
CUST00216,2025-07-17,6.4,Clothing
CUST00216,2024-11-05,104.38,Clothing
CUST00216,2024-12-14,182.19,Clothing
CUST00216,2024-12-28,267.43,Clothing
CUST00216,2024-10-29,409.76,Travel
CUST00216,2025-01-06,110.27,Clothing
CUST00216,2024-10-12,33.44,Electronics
CUST00216,2025-07-14,57.74,Electronics
CUST00216,2025-04-08,99.57,Grocery
CUST00216,2025-07-17,100.22,Travel
CUST00216,2024-12-03,26.66,Grocery
CUST00216,2025-02-19,86.03,Clothing
CUST00216,2024-12-28,175.18,Grocery
CUST00216,2024-11-28,84.6,Electronics
CUST00216,2024-11-29,32.9,Travel
CUST00216,2024-12-04,29.03,Dining
CUST00216,2024-10-07,180.51,Grocery
CUST00216,2025-03-29,267.67,Dining
CUST00216,2025-08-01,23.44,Electronics
CUST00216,2025-02-20,105.28,Grocery
CUST00216,2024-12-20,49.25,Travel
CUST00216,2024-11-14,107.8,Travel
CUST00216,2025-01-15,21.92,Grocery
CUST00216,2025-03-09,83.72,Clothing
CUST00217,2024-11-13,181.48,Travel
CUST00217,2023-09-20,160.59,Grocery
CUST00217,2024-03-25,75.94,Electronics
CUST00217,2024-05-17,240.03,Grocery
CUST00217,2024-09-01,62.92,Grocery
CUST00217,2024-12-16,170.46,Dining
CUST00217,2024-04-03,238.65,Travel
CUST00217,2024-10-10,55.83,Grocery
CUST00217,2023-05-01,20.97,Clothing
CUST00217,2023-12-29,70.75,Clothing
CUST00217,2023-12-19,13.67,Travel
CUST00217,2025-04-03,50.88,Electronics
CUST00217,2024-03-21,68.53,Electronics
CUST00217,2023-11-23,58.63,Dining
CUST00217,2023-04-14,72.5,Grocery
CUST00217,2024-11-09,43.39,Dining
CUST00217,2023-08-31,78.83,Grocery
CUST00217,2024-10-06,11.92,Grocery
CUST00217,2024-12-02,146.97,Clothing
CUST00217,2023-02-23,53.48,Dining
CUST00217,2023-09-15,111.11,Clothing
CUST00217,2024-01-13,244.33,Electronics
CUST00217,2023-06-24,28.68,Grocery
CUST00217,2023-02-06,87.3,Electronics
CUST00217,2025-02-07,59.37,Travel
CUST00217,2024-10-02,9.24,Grocery
CUST00217,2024-08-29,100.46,Dining
CUST00217,2024-04-08,81.89,Travel
CUST00217,2023-12-23,268.94,Dining
CUST00217,2023-06-21,86.41,Travel
CUST00217,2024-02-09,161.2,Clothing
CUST00217,2023-05-07,134.08,Clothing
CUST00217,2023-06-26,22.83,Clothing
CUST00217,2023-06-28,49.58,Grocery
CUST00217,2023-09-13,138.38,Electronics
CUST00217,2025-05-16,7.53,Dining
CUST00217,2025-05-08,27.44,Travel
CUST00217,2023-07-02,93.54,Grocery
CUST00217,2025-05-07,12.34,Dining
CUST00217,2024-05-07,88.88,Grocery
CUST00217,2023-07-15,61.9,Clothing
CUST00217,2023-05-02,117.03,Electronics
CUST00217,2024-08-23,226.85,Travel
CUST00217,2024-07-16,194.25,Clothing
CUST00217,2024-05-18,16.73,Dining
CUST00217,2024-05-29,38.37,Electronics
CUST00217,2023-12-05,178.63,Grocery
CUST00217,2024-03-01,68.68,Dining
CUST00217,2025-04-08,66.59,Dining
CUST00217,2025-02-17,60.76,Clothing
CUST00217,2023-02-11,39.14,Clothing
CUST00217,2023-06-26,6.58,Clothing
CUST00217,2025-06-23,22.57,Travel
CUST00217,2023-12-10,6.33,Travel
CUST00217,2025-06-07,44.88,Dining
CUST00217,2023-05-23,91.05,Clothing
CUST00217,2024-01-03,106.66,Dining
CUST00217,2023-08-11,137.57,Travel
CUST00217,2023-07-01,54.49,Electronics
CUST00217,2023-08-15,70.46,Dining
CUST00217,2025-07-31,36.24,Dining
CUST00217,2023-07-19,62.45,Grocery
CUST00217,2023-12-16,9.0,Clothing
CUST00217,2023-04-17,165.02,Grocery
CUST00217,2024-09-03,164.92,Dining
CUST00217,2024-10-08,18.48,Clothing
CUST00217,2024-07-11,124.78,Clothing
CUST00217,2025-06-24,29.51,Dining
CUST00217,2023-08-20,162.4,Travel
CUST00217,2024-04-12,126.97,Clothing
CUST00217,2023-03-15,39.31,Dining
CUST00217,2024-01-27,5.17,Travel
CUST00217,2024-03-28,61.79,Electronics
CUST00217,2023-09-17,251.88,Travel
CUST00217,2023-12-24,38.73,Grocery
CUST00217,2023-09-14,98.02,Dining
CUST00217,2024-11-15,25.8,Travel
CUST00217,2023-08-10,34.76,Dining
CUST00217,2024-04-09,180.19,Clothing
CUST00217,2023-04-08,47.15,Travel
CUST00217,2024-08-30,7.12,Clothing
CUST00217,2025-03-30,35.06,Travel
CUST00217,2024-09-01,18.99,Grocery
CUST00217,2025-06-12,25.63,Clothing
CUST00217,2024-05-03,6.62,Travel
CUST00217,2025-02-27,12.05,Grocery
CUST00217,2023-03-01,9.72,Clothing
CUST00217,2024-11-28,76.61,Clothing
CUST00217,2025-03-14,44.57,Clothing
CUST00218,2023-12-12,99.54,Electronics
CUST00218,2025-02-11,129.75,Dining
CUST00218,2023-11-06,37.85,Electronics
CUST00218,2023-12-04,37.41,Grocery
CUST00218,2024-10-12,58.19,Grocery
CUST00218,2025-05-09,39.7,Electronics
CUST00218,2023-11-23,179.08,Grocery
CUST00218,2023-09-24,91.19,Clothing
CUST00218,2023-12-15,53.81,Electronics
CUST00218,2023-06-04,37.02,Travel
CUST00218,2023-09-14,40.73,Travel
CUST00218,2022-12-15,44.03,Travel
CUST00218,2023-12-27,12.54,Grocery
CUST00218,2025-05-23,218.85,Dining
CUST00218,2023-02-21,43.09,Clothing
CUST00218,2024-01-23,20.5,Electronics
CUST00218,2024-07-24,16.68,Electronics
CUST00218,2023-11-09,42.24,Clothing
CUST00218,2024-03-06,16.61,Clothing
CUST00218,2023-10-01,8.28,Dining
CUST00218,2024-05-22,32.27,Electronics
CUST00218,2023-10-02,31.58,Electronics
CUST00218,2023-08-16,45.41,Travel
CUST00218,2022-12-10,52.15,Electronics
CUST00218,2024-06-01,12.14,Clothing
CUST00218,2023-07-31,49.68,Clothing
CUST00218,2025-08-01,135.35,Travel
CUST00218,2025-04-22,119.4,Dining
CUST00218,2023-07-15,80.86,Grocery
CUST00218,2024-04-21,118.82,Travel
CUST00218,2023-10-26,540.73,Grocery
CUST00218,2023-10-29,7.19,Electronics
CUST00218,2024-09-07,35.54,Clothing
CUST00218,2024-04-21,208.34,Travel
CUST00218,2023-10-06,59.5,Travel
CUST00218,2025-03-08,93.88,Electronics
CUST00218,2025-03-08,193.44,Clothing
CUST00218,2023-12-17,60.0,Clothing
CUST00218,2025-06-20,5.96,Grocery
CUST00218,2024-11-30,42.69,Clothing
CUST00218,2024-08-18,28.68,Travel
CUST00218,2023-10-30,5.07,Electronics
CUST00218,2023-09-05,129.9,Dining
CUST00218,2024-07-12,36.53,Travel
CUST00218,2025-02-13,180.78,Dining
CUST00218,2023-04-04,65.47,Grocery
CUST00218,2022-12-01,6.15,Grocery
CUST00218,2025-03-31,135.6,Electronics
CUST00218,2023-04-19,24.81,Electronics
CUST00218,2023-12-08,69.22,Travel
CUST00218,2023-03-09,32.47,Travel
CUST00218,2023-08-23,25.28,Travel
CUST00218,2024-10-19,236.14,Travel
CUST00218,2024-03-22,191.83,Dining
CUST00218,2023-01-24,37.96,Clothing
CUST00218,2023-07-17,121.6,Travel
CUST00218,2024-03-18,109.16,Electronics
CUST00218,2023-12-11,97.66,Clothing
CUST00218,2023-06-20,10.55,Dining
CUST00218,2024-04-20,108.13,Clothing
CUST00218,2025-03-17,189.16,Grocery
CUST00218,2023-05-17,36.87,Dining
CUST00218,2023-04-09,33.67,Grocery
CUST00218,2025-06-13,30.71,Clothing
CUST00218,2023-11-15,50.12,Dining
CUST00218,2024-08-21,88.64,Clothing
CUST00218,2024-11-05,43.23,Clothing
CUST00218,2023-09-17,24.91,Electronics
CUST00218,2024-03-06,82.89,Grocery
CUST00218,2025-02-04,12.03,Clothing
CUST00218,2024-10-21,16.56,Grocery
CUST00218,2025-05-07,48.29,Electronics
CUST00218,2024-04-09,191.18,Dining
CUST00218,2023-01-28,8.96,Grocery
CUST00218,2023-04-04,20.7,Electronics
CUST00218,2023-11-16,47.25,Grocery
CUST00218,2025-02-06,12.34,Clothing
CUST00218,2023-03-02,75.84,Travel
CUST00218,2024-06-30,77.64,Clothing
CUST00218,2024-06-11,42.46,Travel
CUST00218,2024-09-12,122.54,Grocery
CUST00218,2023-06-02,38.77,Electronics
CUST00218,2023-12-29,94.68,Dining
CUST00218,2025-01-21,63.54,Dining
CUST00218,2024-09-18,12.37,Travel
CUST00218,2025-04-09,26.51,Travel
CUST00218,2024-03-23,28.57,Clothing
CUST00218,2023-11-15,14.11,Clothing
CUST00218,2024-08-27,28.05,Grocery
CUST00218,2024-05-25,151.26,Electronics
CUST00218,2024-03-03,125.46,Travel
CUST00218,2023-10-10,138.43,Dining
CUST00218,2024-05-29,39.81,Grocery
CUST00218,2024-01-21,83.76,Electronics
CUST00218,2023-10-24,180.12,Electronics
CUST00218,2023-01-17,20.17,Dining
CUST00218,2025-07-09,110.31,Travel
CUST00218,2023-03-24,9.23,Clothing
CUST00218,2023-07-25,204.02,Clothing
CUST00218,2024-09-04,281.5,Grocery
CUST00218,2023-09-15,32.07,Grocery
CUST00218,2023-09-03,60.38,Electronics
CUST00218,2023-05-17,14.75,Travel
CUST00218,2023-08-06,21.7,Clothing
CUST00218,2024-09-16,104.22,Travel
CUST00218,2023-12-23,11.27,Electronics
CUST00219,2025-04-11,118.97,Grocery
CUST00219,2024-08-11,23.15,Travel
CUST00219,2025-04-10,84.2,Electronics
CUST00219,2025-01-09,24.32,Grocery
CUST00219,2024-04-11,68.13,Travel
CUST00219,2024-11-02,13.16,Dining
CUST00219,2025-02-11,77.09,Clothing
CUST00219,2024-08-12,47.96,Travel
CUST00219,2024-10-02,245.3,Travel
CUST00219,2025-03-11,41.39,Clothing
CUST00219,2025-06-12,148.48,Grocery
CUST00219,2025-04-03,195.58,Dining
CUST00219,2025-05-11,50.49,Grocery
CUST00219,2024-03-31,45.73,Dining
CUST00219,2025-01-10,126.6,Clothing
CUST00219,2025-04-20,19.92,Electronics
CUST00219,2024-10-22,87.57,Electronics
CUST00219,2024-06-21,12.83,Electronics
CUST00219,2025-04-13,20.02,Grocery
CUST00219,2024-09-05,6.8,Electronics
CUST00219,2025-01-15,89.49,Dining
CUST00219,2025-04-10,59.31,Grocery
CUST00219,2025-04-02,71.4,Electronics
CUST00219,2025-03-05,17.15,Dining
CUST00219,2024-12-05,280.54,Clothing
CUST00219,2024-11-17,10.94,Travel
CUST00219,2025-07-22,187.34,Dining
CUST00219,2025-06-17,112.44,Electronics
CUST00219,2025-07-24,16.02,Travel
CUST00219,2024-03-20,18.62,Clothing
CUST00219,2025-06-04,173.71,Dining
CUST00219,2024-11-21,13.13,Travel
CUST00219,2025-08-01,16.48,Dining
CUST00219,2024-05-18,125.97,Clothing
CUST00219,2024-05-01,92.61,Grocery
CUST00219,2024-11-29,53.79,Grocery
CUST00219,2024-12-13,64.97,Grocery
CUST00219,2024-10-10,83.98,Travel
CUST00219,2024-11-20,63.69,Electronics
CUST00219,2024-06-03,134.03,Electronics
CUST00219,2025-05-21,85.68,Clothing
CUST00219,2024-06-05,167.13,Electronics
CUST00219,2024-06-22,54.5,Dining
CUST00219,2024-09-15,86.69,Clothing
CUST00219,2024-08-21,175.93,Clothing
CUST00219,2025-05-03,84.2,Electronics
CUST00219,2024-05-13,78.7,Electronics
CUST00219,2024-10-27,79.15,Travel
CUST00219,2025-06-21,18.59,Travel
CUST00219,2025-07-10,68.8,Travel
CUST00219,2024-04-24,118.84,Dining
CUST00219,2024-06-09,109.83,Grocery
CUST00219,2025-07-16,84.02,Clothing
CUST00219,2024-10-26,140.46,Electronics
CUST00219,2024-07-11,143.66,Clothing
CUST00219,2024-11-07,32.82,Grocery
CUST00219,2025-04-16,51.32,Grocery
CUST00219,2024-10-10,85.52,Dining
CUST00219,2024-12-25,320.09,Travel
CUST00219,2024-06-10,46.83,Grocery
CUST00219,2024-09-24,29.73,Electronics
CUST00219,2024-11-13,28.41,Clothing
CUST00219,2024-05-20,10.44,Dining
CUST00219,2024-04-24,20.01,Clothing
CUST00219,2025-02-26,139.55,Electronics
CUST00219,2024-04-24,223.39,Electronics
CUST00219,2024-08-13,66.68,Travel
CUST00219,2024-06-07,123.12,Grocery
CUST00219,2025-06-24,61.61,Clothing
CUST00219,2025-01-28,120.85,Dining
CUST00219,2024-04-27,18.36,Grocery
CUST00219,2024-09-08,52.83,Grocery
CUST00219,2024-10-27,99.53,Clothing
CUST00219,2024-03-08,34.1,Electronics
CUST00219,2024-09-13,72.78,Clothing
CUST00219,2024-06-06,189.94,Clothing
CUST00219,2024-03-30,6.93,Grocery
CUST00219,2024-08-14,64.22,Travel
CUST00219,2024-07-03,42.73,Dining
CUST00219,2025-03-27,17.2,Electronics
CUST00219,2024-10-26,6.36,Electronics
CUST00219,2025-04-12,121.21,Dining
CUST00219,2024-07-27,38.43,Clothing
CUST00219,2025-05-22,139.95,Travel
CUST00219,2025-06-11,151.97,Grocery
CUST00219,2024-03-10,393.24,Electronics
CUST00219,2024-04-25,34.69,Electronics
CUST00219,2024-03-26,68.88,Travel
CUST00219,2024-10-10,55.05,Dining
CUST00219,2025-06-13,11.73,Clothing
CUST00219,2025-07-29,26.3,Grocery
CUST00219,2025-02-11,30.6,Electronics
CUST00219,2025-04-08,55.28,Clothing
CUST00219,2024-10-07,55.3,Grocery
CUST00219,2024-08-07,5.04,Travel
CUST00219,2024-07-15,33.88,Travel
CUST00219,2025-03-05,45.06,Clothing
CUST00219,2024-06-24,14.72,Travel
CUST00219,2025-02-08,181.6,Dining
CUST00219,2024-05-06,35.42,Electronics
CUST00219,2024-05-24,37.37,Electronics
CUST00219,2024-08-14,97.09,Clothing
CUST00219,2025-07-17,57.97,Clothing
CUST00219,2024-09-25,69.52,Grocery
CUST00219,2024-07-08,50.19,Clothing
CUST00219,2024-08-16,54.23,Travel
CUST00219,2025-06-17,69.5,Electronics
CUST00219,2024-12-31,23.31,Electronics
CUST00220,2025-04-21,11.56,Dining
CUST00220,2023-10-23,143.26,Electronics
CUST00220,2025-03-05,215.52,Travel
CUST00220,2025-05-10,67.65,Dining
CUST00220,2025-06-09,35.26,Clothing
CUST00220,2025-06-22,10.45,Clothing
CUST00220,2025-06-10,47.99,Clothing
CUST00220,2025-08-01,95.98,Grocery
CUST00220,2024-02-28,24.78,Grocery
CUST00220,2025-01-22,34.97,Electronics
CUST00220,2023-12-01,112.4,Dining
CUST00220,2025-07-14,215.68,Grocery
CUST00220,2024-11-02,103.0,Electronics
CUST00220,2024-08-23,93.43,Electronics
CUST00220,2023-09-29,54.78,Electronics
CUST00220,2025-06-29,89.55,Electronics
CUST00220,2024-12-28,31.22,Electronics
CUST00220,2025-01-09,100.14,Clothing
CUST00220,2024-12-12,81.56,Electronics
CUST00220,2025-02-09,14.44,Dining
CUST00220,2024-12-20,22.56,Travel
CUST00220,2024-05-04,72.87,Travel
CUST00220,2024-12-05,51.84,Electronics
CUST00220,2024-01-30,28.65,Clothing
CUST00220,2024-06-13,71.11,Dining
CUST00220,2025-02-18,56.51,Grocery
CUST00220,2025-05-20,68.03,Dining
CUST00220,2023-09-13,286.74,Travel
CUST00220,2025-04-23,13.89,Electronics
CUST00220,2024-03-20,26.3,Grocery
CUST00220,2024-05-27,101.4,Clothing
CUST00220,2024-09-20,49.53,Grocery
CUST00220,2024-10-25,148.49,Grocery
CUST00220,2025-07-21,52.84,Travel
CUST00220,2024-11-18,252.2,Electronics
CUST00220,2024-09-05,27.48,Grocery
CUST00220,2024-10-03,19.68,Dining
CUST00220,2024-03-19,155.61,Grocery
CUST00220,2024-08-23,17.16,Clothing
CUST00220,2024-01-23,126.49,Electronics
CUST00220,2024-03-23,27.72,Travel
CUST00220,2024-08-29,6.03,Travel
CUST00220,2024-03-01,29.45,Travel
CUST00220,2023-10-20,47.98,Clothing
CUST00220,2024-04-13,38.0,Dining
CUST00220,2024-12-18,105.9,Clothing
CUST00220,2024-06-28,83.87,Clothing
CUST00220,2024-10-02,35.85,Travel
CUST00220,2023-09-19,37.25,Clothing
CUST00220,2024-04-22,470.57,Electronics
CUST00220,2024-06-24,96.03,Clothing
CUST00220,2025-01-25,342.56,Electronics
CUST00220,2024-03-21,89.26,Travel
CUST00220,2025-04-05,109.8,Dining
CUST00220,2024-07-25,53.71,Electronics
CUST00220,2024-09-04,185.97,Travel
CUST00220,2024-03-29,38.31,Clothing
CUST00220,2024-10-06,109.87,Travel
CUST00220,2024-03-26,110.24,Dining
CUST00220,2025-07-03,71.65,Clothing
CUST00220,2024-04-14,57.49,Travel
CUST00220,2023-10-27,16.8,Clothing
CUST00220,2025-02-26,176.49,Dining
CUST00220,2023-10-26,82.39,Travel
CUST00220,2023-09-19,8.75,Clothing
CUST00220,2025-05-31,36.69,Electronics
CUST00220,2023-12-27,32.91,Grocery
CUST00220,2025-04-20,226.87,Travel
CUST00220,2024-04-21,374.51,Electronics
CUST00220,2023-09-10,14.56,Clothing
CUST00220,2025-02-26,36.86,Clothing
CUST00220,2024-06-11,157.31,Grocery
CUST00220,2025-06-08,77.4,Dining
CUST00220,2025-02-03,179.97,Travel
CUST00220,2024-11-05,195.66,Travel
CUST00220,2025-03-28,89.32,Grocery
CUST00220,2024-01-23,7.82,Grocery
CUST00220,2025-04-02,32.81,Clothing
CUST00220,2024-12-18,75.16,Grocery
CUST00220,2024-09-07,68.55,Grocery
CUST00220,2024-07-10,5.46,Dining
CUST00220,2024-10-16,90.76,Grocery
CUST00220,2024-01-26,57.08,Grocery
CUST00220,2025-02-26,9.73,Travel
CUST00220,2025-04-06,108.81,Clothing
CUST00220,2024-03-16,17.33,Dining
CUST00220,2024-06-25,25.54,Grocery
CUST00220,2024-05-05,22.64,Dining
CUST00220,2024-09-07,51.31,Grocery
CUST00220,2025-04-06,6.03,Dining
CUST00220,2024-05-11,57.81,Travel
CUST00220,2024-03-08,21.83,Dining
CUST00220,2023-09-08,27.99,Clothing
CUST00220,2023-12-13,66.3,Clothing
CUST00220,2024-09-02,29.81,Dining
CUST00220,2025-05-21,77.62,Clothing
CUST00220,2024-04-03,79.43,Grocery
CUST00220,2023-11-09,154.37,Clothing
CUST00220,2024-07-30,21.88,Clothing
CUST00220,2025-03-26,109.68,Grocery
CUST00220,2024-12-25,182.24,Travel
CUST00220,2024-04-02,12.2,Dining
CUST00220,2024-05-17,138.21,Electronics
CUST00221,2024-02-28,30.03,Electronics
CUST00221,2021-09-27,219.38,Electronics
CUST00221,2025-05-27,46.72,Clothing
CUST00221,2024-03-29,13.65,Electronics
CUST00221,2021-12-11,153.56,Travel
CUST00221,2024-03-19,7.39,Electronics
CUST00221,2023-02-17,138.23,Clothing
CUST00221,2022-10-04,34.27,Electronics
CUST00221,2024-12-16,6.49,Travel
CUST00221,2024-11-28,64.29,Electronics
CUST00221,2023-12-15,53.0,Grocery
CUST00221,2021-07-27,12.64,Electronics
CUST00221,2024-01-20,132.01,Dining
CUST00221,2025-05-08,60.27,Clothing
CUST00221,2024-08-17,14.84,Travel
CUST00221,2022-05-02,8.62,Travel
CUST00221,2025-04-11,168.21,Travel
CUST00221,2022-01-31,29.51,Dining
CUST00221,2024-03-26,120.15,Electronics
CUST00221,2024-04-09,109.44,Electronics
CUST00221,2022-12-21,12.66,Dining
CUST00221,2023-05-20,336.77,Travel
CUST00221,2023-06-07,121.14,Travel
CUST00221,2022-12-05,46.77,Dining
CUST00221,2024-04-25,42.95,Clothing
CUST00221,2021-07-30,72.33,Grocery
CUST00221,2021-08-18,12.62,Clothing
CUST00221,2022-10-18,29.19,Electronics
CUST00221,2023-04-26,85.49,Electronics
CUST00221,2022-10-12,52.3,Electronics
CUST00221,2022-10-26,57.98,Travel
CUST00221,2022-09-30,24.02,Grocery
CUST00221,2024-12-10,104.18,Electronics
CUST00221,2021-10-23,150.7,Dining
CUST00221,2024-10-30,91.69,Grocery
CUST00221,2022-05-30,56.76,Grocery
CUST00221,2022-12-22,21.34,Dining
CUST00221,2021-09-30,25.36,Grocery
CUST00221,2022-01-15,18.86,Clothing
CUST00221,2021-09-14,92.52,Electronics
CUST00221,2024-07-15,31.59,Electronics
CUST00221,2024-01-03,96.91,Travel
CUST00221,2023-12-21,15.95,Electronics
CUST00221,2023-11-23,41.42,Grocery
CUST00221,2024-12-03,30.12,Electronics
CUST00221,2022-04-24,22.86,Clothing
CUST00221,2024-08-19,6.25,Dining
CUST00221,2021-08-16,39.69,Grocery
CUST00221,2022-03-22,31.78,Electronics
CUST00221,2022-02-02,132.41,Grocery
CUST00221,2024-12-11,284.16,Clothing
CUST00221,2022-12-20,109.49,Electronics
CUST00221,2025-05-24,58.99,Dining
CUST00221,2025-05-19,102.65,Grocery
CUST00221,2025-01-15,17.32,Dining
CUST00221,2024-10-07,24.85,Travel
CUST00221,2021-10-17,19.26,Electronics
CUST00221,2023-05-18,58.36,Travel
CUST00221,2022-02-09,16.8,Travel
CUST00221,2022-09-02,285.87,Electronics
CUST00221,2024-10-20,74.18,Travel
CUST00221,2023-12-06,264.48,Electronics
CUST00221,2023-04-22,6.97,Dining
CUST00221,2021-08-04,6.79,Electronics
CUST00221,2024-02-09,19.27,Electronics
CUST00221,2025-07-05,117.11,Clothing
CUST00221,2021-07-27,114.86,Grocery
CUST00221,2025-01-28,13.95,Clothing
CUST00221,2023-02-26,122.45,Travel
CUST00221,2025-02-17,202.45,Travel
CUST00221,2021-10-09,126.96,Travel
CUST00221,2022-11-22,85.3,Grocery
CUST00221,2022-06-08,12.11,Grocery
CUST00221,2025-02-10,144.97,Clothing
CUST00221,2024-04-26,99.83,Dining
CUST00221,2024-08-24,203.32,Clothing
CUST00221,2024-06-20,23.19,Electronics
CUST00221,2021-12-19,58.42,Travel
CUST00221,2024-04-24,82.61,Clothing
CUST00221,2024-06-26,110.01,Travel
CUST00221,2022-07-18,10.26,Clothing
CUST00221,2024-05-11,248.36,Clothing
CUST00221,2024-07-11,170.61,Electronics
CUST00221,2024-03-07,7.52,Dining
CUST00221,2024-10-12,86.64,Dining
CUST00221,2024-08-24,40.52,Electronics
CUST00221,2023-06-07,28.49,Grocery
CUST00221,2023-08-13,16.96,Dining
CUST00221,2022-04-16,299.76,Travel
CUST00221,2022-05-22,269.43,Electronics
CUST00221,2024-06-09,139.63,Grocery
CUST00221,2021-07-25,15.49,Travel
CUST00221,2024-09-02,52.36,Electronics
CUST00221,2021-11-28,219.89,Electronics
CUST00222,2022-07-04,23.48,Travel
CUST00222,2022-06-25,59.05,Electronics
CUST00222,2021-04-15,21.96,Dining
CUST00222,2021-09-21,149.28,Travel
CUST00222,2021-05-05,87.1,Electronics
CUST00222,2023-09-11,56.3,Clothing
CUST00222,2022-05-26,43.81,Electronics
CUST00222,2022-03-27,56.56,Clothing
CUST00222,2021-04-24,85.48,Clothing
CUST00222,2023-11-04,21.25,Grocery
CUST00222,2024-10-15,143.09,Grocery
CUST00222,2024-06-08,10.08,Electronics
CUST00222,2021-06-19,193.43,Clothing
CUST00222,2022-02-04,94.05,Travel
CUST00222,2022-07-06,106.75,Dining
CUST00222,2023-12-31,48.17,Clothing
CUST00222,2025-01-13,101.9,Grocery
CUST00222,2023-06-18,44.94,Electronics
CUST00222,2021-11-28,70.47,Travel
CUST00222,2022-02-08,35.27,Grocery
CUST00222,2025-02-03,13.41,Clothing
CUST00222,2022-01-22,36.49,Grocery
CUST00222,2022-08-18,28.18,Dining
CUST00222,2025-02-16,212.19,Travel
CUST00222,2024-06-04,40.85,Dining
CUST00222,2021-12-30,71.14,Electronics
CUST00222,2021-12-21,63.17,Travel
CUST00222,2022-10-29,20.09,Electronics
CUST00222,2023-08-26,144.73,Electronics
CUST00222,2022-11-11,34.51,Dining
CUST00222,2023-06-15,145.82,Dining
CUST00222,2024-06-13,61.92,Dining
CUST00222,2024-06-21,45.76,Grocery
CUST00222,2022-04-16,21.86,Travel
CUST00222,2024-03-24,121.77,Travel
CUST00222,2021-03-23,168.15,Dining
CUST00222,2021-06-16,67.86,Electronics
CUST00222,2022-07-31,39.09,Dining
CUST00222,2024-02-11,130.73,Electronics
CUST00222,2022-09-08,131.46,Travel
CUST00222,2021-07-30,54.73,Clothing
CUST00222,2023-09-10,39.73,Travel
CUST00222,2023-08-19,33.34,Dining
CUST00222,2023-12-14,10.54,Electronics
CUST00222,2025-07-29,30.73,Dining
CUST00222,2023-12-13,33.25,Travel
CUST00222,2022-12-09,212.16,Clothing
CUST00222,2022-01-30,152.48,Clothing
CUST00222,2023-09-04,18.26,Travel
CUST00222,2023-06-29,9.28,Clothing
CUST00222,2024-07-23,127.98,Dining
CUST00222,2022-11-27,23.22,Travel
CUST00222,2024-02-27,338.38,Dining
CUST00222,2022-04-09,41.39,Grocery
CUST00222,2024-12-28,91.97,Clothing
CUST00222,2024-12-08,44.65,Electronics
CUST00222,2023-01-28,20.23,Dining
CUST00222,2023-04-16,120.65,Clothing
CUST00222,2023-07-28,71.98,Electronics
CUST00222,2023-01-24,147.65,Electronics
CUST00222,2021-11-03,210.53,Travel
CUST00222,2024-02-11,31.73,Electronics
CUST00222,2024-09-30,350.54,Grocery
CUST00222,2022-11-09,10.96,Electronics
CUST00222,2022-05-04,188.04,Grocery
CUST00222,2023-03-10,80.27,Travel
CUST00222,2024-06-15,59.37,Travel
CUST00222,2021-07-01,72.82,Travel
CUST00222,2024-07-30,9.79,Grocery
CUST00222,2022-04-04,155.79,Clothing
CUST00222,2021-10-16,66.2,Travel
CUST00222,2022-07-26,166.01,Dining
CUST00222,2022-07-11,33.17,Grocery
CUST00222,2023-04-11,24.07,Travel
CUST00222,2025-03-22,182.5,Grocery
CUST00222,2023-11-26,13.26,Electronics
CUST00222,2021-10-13,76.22,Dining
CUST00222,2023-07-04,125.87,Grocery
CUST00222,2023-01-16,61.57,Travel
CUST00222,2024-10-31,186.93,Electronics
CUST00222,2022-09-21,10.67,Electronics
CUST00222,2024-05-19,192.88,Clothing
CUST00222,2024-05-26,81.95,Travel
CUST00222,2025-04-04,167.43,Travel
CUST00222,2025-05-10,225.73,Travel
CUST00222,2025-06-19,81.16,Dining
CUST00222,2022-12-21,133.1,Grocery
CUST00222,2022-08-07,6.25,Electronics
CUST00222,2023-12-07,77.25,Dining
CUST00222,2024-04-02,12.03,Electronics
CUST00222,2025-04-18,43.25,Clothing
CUST00222,2025-05-17,190.0,Grocery
CUST00222,2023-06-10,27.2,Travel
CUST00222,2023-08-02,8.09,Dining
CUST00222,2023-02-21,31.46,Electronics
CUST00222,2021-05-16,200.21,Grocery
CUST00222,2021-09-14,53.15,Grocery
CUST00222,2025-03-13,58.0,Grocery
CUST00222,2021-06-08,21.89,Travel
CUST00222,2023-05-03,125.97,Dining
CUST00222,2024-07-07,39.3,Clothing
CUST00222,2021-09-22,28.74,Clothing
CUST00222,2023-03-05,92.23,Dining
CUST00222,2025-06-14,23.76,Travel
CUST00222,2021-11-24,48.81,Clothing
CUST00222,2023-09-18,63.91,Clothing
CUST00222,2021-09-25,89.29,Electronics
CUST00222,2024-03-16,12.95,Dining
CUST00222,2024-01-26,170.73,Travel
CUST00222,2022-02-05,95.35,Travel
CUST00222,2023-07-11,21.24,Dining
CUST00222,2021-07-14,23.5,Clothing
CUST00222,2023-02-12,47.91,Electronics
CUST00222,2025-01-20,49.45,Clothing
CUST00222,2022-08-25,105.91,Clothing
CUST00222,2022-10-08,41.38,Travel
CUST00222,2023-07-25,20.95,Grocery
CUST00223,2024-09-29,104.4,Dining
CUST00223,2024-12-24,24.32,Dining
CUST00223,2022-10-11,124.46,Grocery
CUST00223,2024-05-22,93.65,Clothing
CUST00223,2024-06-25,41.0,Clothing
CUST00223,2023-02-08,176.26,Dining
CUST00223,2024-12-07,45.55,Dining
CUST00223,2024-05-24,39.39,Grocery
CUST00223,2023-01-26,54.59,Dining
CUST00223,2025-02-03,64.02,Dining
CUST00223,2024-10-06,45.97,Grocery
CUST00223,2025-05-05,150.22,Clothing
CUST00223,2025-04-19,66.6,Grocery
CUST00223,2024-08-20,65.01,Clothing
CUST00223,2025-04-15,29.47,Dining
CUST00223,2024-04-17,9.57,Dining
CUST00223,2025-07-24,136.17,Dining
CUST00223,2024-04-12,91.32,Clothing
CUST00223,2025-05-30,72.96,Dining
CUST00223,2024-04-03,113.28,Grocery
CUST00223,2024-04-16,22.41,Grocery
CUST00223,2023-11-27,102.83,Clothing
CUST00223,2022-12-26,72.18,Travel
CUST00223,2024-02-18,15.47,Travel
CUST00223,2023-02-18,102.4,Grocery
CUST00223,2023-02-27,144.56,Clothing
CUST00223,2022-11-26,90.48,Electronics
CUST00223,2023-07-19,128.64,Grocery
CUST00223,2024-08-31,142.17,Travel
CUST00223,2023-04-10,15.13,Dining
CUST00223,2025-04-06,6.58,Dining
CUST00223,2025-03-26,45.57,Electronics
CUST00223,2024-06-07,88.81,Travel
CUST00223,2025-02-11,54.31,Grocery
CUST00223,2025-07-17,137.64,Grocery
CUST00223,2023-07-23,20.04,Dining
CUST00223,2025-03-06,154.7,Dining
CUST00223,2024-04-05,10.51,Grocery
CUST00223,2023-09-02,133.87,Clothing
CUST00223,2022-09-03,122.29,Electronics
CUST00223,2024-07-30,165.78,Electronics
CUST00223,2025-05-07,28.3,Clothing
CUST00223,2023-09-27,258.16,Clothing
CUST00223,2023-06-08,16.51,Grocery
CUST00223,2024-07-02,7.54,Clothing
CUST00223,2025-02-07,271.26,Clothing
CUST00223,2024-02-10,20.3,Grocery
CUST00223,2024-03-25,73.19,Clothing
CUST00223,2023-02-24,29.17,Grocery
CUST00223,2025-07-22,368.56,Travel
CUST00223,2024-01-19,315.8,Clothing
CUST00223,2024-03-03,40.02,Clothing
CUST00223,2023-09-24,59.04,Electronics
CUST00223,2023-03-12,22.74,Travel
CUST00223,2024-01-13,19.51,Dining
CUST00223,2023-08-13,5.5,Travel
CUST00223,2024-07-03,42.95,Electronics
CUST00223,2023-07-09,198.64,Clothing
CUST00223,2024-09-27,83.43,Grocery
CUST00223,2023-10-21,251.03,Dining
CUST00223,2023-03-09,154.24,Travel
CUST00223,2023-07-29,83.75,Electronics
CUST00223,2025-05-20,29.14,Grocery
CUST00223,2024-06-05,49.06,Clothing
CUST00223,2022-12-11,58.49,Grocery
CUST00223,2023-01-10,61.92,Electronics
CUST00223,2023-05-08,21.26,Dining
CUST00223,2024-11-06,40.26,Clothing
CUST00223,2024-07-08,17.32,Electronics
CUST00223,2023-08-03,193.99,Grocery
CUST00223,2023-11-19,15.77,Grocery
CUST00223,2025-02-13,28.06,Grocery
CUST00223,2023-06-12,21.4,Clothing
CUST00223,2023-04-29,151.59,Clothing
CUST00223,2025-04-26,52.0,Clothing
CUST00223,2024-09-29,266.87,Dining
CUST00223,2025-02-05,16.0,Dining
CUST00223,2024-07-08,45.91,Electronics
CUST00223,2025-04-25,48.84,Electronics
CUST00223,2024-01-10,95.23,Electronics
CUST00223,2022-12-17,117.27,Travel
CUST00223,2025-07-20,114.29,Electronics
CUST00223,2024-05-23,84.87,Clothing
CUST00223,2023-07-09,34.88,Electronics
CUST00223,2024-12-15,277.72,Dining
CUST00223,2023-08-27,52.54,Grocery
CUST00223,2025-04-19,48.36,Travel
CUST00223,2025-05-04,66.97,Clothing
CUST00223,2023-03-03,90.21,Electronics
CUST00223,2025-05-23,34.98,Dining
CUST00223,2023-03-20,10.68,Electronics
CUST00223,2023-02-25,221.05,Travel
CUST00223,2023-11-02,20.55,Travel
CUST00223,2024-09-24,8.56,Clothing
CUST00223,2025-06-06,75.5,Clothing
CUST00223,2024-09-12,62.71,Electronics
CUST00223,2023-07-14,34.23,Grocery
CUST00223,2024-01-12,5.57,Travel
CUST00223,2023-12-07,42.77,Grocery
CUST00223,2023-11-19,240.42,Travel
CUST00223,2025-01-16,60.59,Dining
CUST00223,2025-03-25,142.12,Electronics
CUST00223,2023-06-10,53.59,Travel
CUST00223,2024-07-16,5.69,Dining
CUST00223,2023-10-25,125.51,Travel
CUST00223,2024-07-03,31.81,Clothing
CUST00223,2023-05-18,128.06,Travel
CUST00223,2024-03-27,18.4,Dining
CUST00223,2023-12-20,14.25,Electronics
CUST00223,2022-12-30,383.81,Electronics
CUST00223,2024-07-15,26.95,Travel
CUST00223,2023-11-17,5.87,Grocery
CUST00223,2024-01-14,59.77,Electronics
CUST00223,2022-12-20,7.78,Electronics
CUST00223,2024-06-18,37.94,Dining
CUST00223,2023-01-18,132.74,Clothing
CUST00223,2023-01-24,20.3,Grocery
CUST00224,2025-07-19,67.97,Travel
CUST00224,2025-03-07,18.15,Grocery
CUST00224,2025-07-29,98.91,Dining
CUST00224,2024-12-31,118.01,Travel
CUST00224,2025-07-27,25.39,Electronics
CUST00224,2025-04-28,19.09,Grocery
CUST00224,2025-06-28,10.39,Clothing
CUST00224,2025-04-02,26.88,Grocery
CUST00224,2025-01-14,36.24,Dining
CUST00224,2025-02-21,51.57,Dining
CUST00224,2025-04-02,23.77,Travel
CUST00224,2025-01-21,16.1,Travel
CUST00224,2025-04-18,111.3,Dining
CUST00224,2025-03-06,38.01,Electronics
CUST00224,2025-06-23,26.44,Travel
CUST00224,2025-04-14,50.88,Grocery
CUST00224,2025-07-26,32.11,Electronics
CUST00224,2025-01-14,121.0,Clothing
CUST00224,2025-06-11,97.54,Grocery
CUST00224,2025-06-17,66.64,Grocery
CUST00224,2025-07-31,56.51,Grocery
CUST00224,2025-07-11,127.38,Travel
CUST00224,2025-02-28,9.57,Electronics
CUST00224,2025-01-18,140.2,Grocery
CUST00224,2025-04-01,106.73,Travel
CUST00224,2025-04-12,28.69,Electronics
CUST00224,2025-04-18,107.99,Dining
CUST00224,2025-05-15,57.9,Grocery
CUST00224,2025-02-21,10.56,Electronics
CUST00224,2025-06-11,218.93,Electronics
CUST00224,2024-12-05,6.11,Travel
CUST00224,2025-07-26,62.38,Grocery
CUST00224,2025-06-05,80.01,Grocery
CUST00224,2024-12-30,172.54,Clothing
CUST00224,2025-04-10,74.11,Electronics
CUST00224,2025-07-26,43.44,Clothing
CUST00224,2025-01-22,57.1,Grocery
CUST00224,2025-01-24,79.84,Travel
CUST00224,2025-06-11,190.97,Electronics
CUST00224,2025-07-01,22.44,Dining
CUST00224,2025-02-07,17.17,Travel
CUST00224,2025-05-02,30.17,Electronics
CUST00224,2025-07-17,16.39,Electronics
CUST00224,2025-04-06,51.09,Electronics
CUST00224,2025-01-15,52.32,Clothing
CUST00224,2025-01-17,95.52,Travel
CUST00224,2024-11-30,16.22,Dining
CUST00224,2025-05-20,80.0,Travel
CUST00224,2025-04-06,112.6,Electronics
CUST00224,2025-04-12,31.32,Electronics
CUST00224,2024-12-16,54.85,Grocery
CUST00224,2025-03-23,18.01,Electronics
CUST00224,2025-05-01,17.69,Clothing
CUST00224,2024-12-02,15.66,Dining
CUST00224,2025-01-02,65.93,Grocery
CUST00224,2025-04-09,190.44,Clothing
CUST00224,2025-02-28,154.95,Grocery
CUST00224,2025-06-25,30.24,Grocery
CUST00224,2025-01-11,26.91,Travel
CUST00224,2025-01-29,98.59,Travel
CUST00224,2025-03-08,26.28,Clothing
CUST00224,2025-04-17,7.78,Dining
CUST00224,2025-05-17,82.0,Dining
CUST00224,2025-02-22,5.35,Clothing
CUST00224,2025-07-09,54.64,Dining
CUST00224,2025-07-09,13.06,Grocery
CUST00224,2025-04-08,29.9,Grocery
CUST00224,2025-07-24,108.6,Electronics
CUST00224,2024-12-24,51.11,Travel
CUST00224,2024-12-07,55.76,Electronics
CUST00224,2025-04-03,214.78,Clothing
CUST00224,2024-12-12,344.98,Dining
CUST00224,2025-06-20,71.63,Dining
CUST00224,2025-02-24,41.21,Dining
CUST00224,2025-05-16,327.5,Travel
CUST00224,2025-02-27,14.71,Electronics
CUST00224,2025-05-26,300.82,Clothing
CUST00224,2025-02-23,71.66,Clothing
CUST00224,2025-01-26,14.56,Electronics
CUST00224,2025-01-23,89.16,Clothing
CUST00224,2024-12-10,48.52,Travel
CUST00224,2025-01-25,14.72,Travel
CUST00224,2025-06-26,81.61,Grocery
CUST00224,2025-07-21,51.71,Travel
CUST00224,2024-12-22,161.94,Dining
CUST00224,2025-02-05,32.72,Electronics
CUST00224,2025-07-17,140.47,Dining
CUST00225,2024-06-25,231.59,Electronics
CUST00225,2024-06-26,66.79,Electronics
CUST00225,2025-04-26,131.08,Grocery
CUST00225,2024-12-07,38.48,Electronics
CUST00225,2024-01-03,116.03,Grocery
CUST00225,2024-10-01,57.14,Grocery
CUST00225,2023-12-22,25.19,Travel
CUST00225,2023-08-10,126.58,Electronics
CUST00225,2024-08-03,65.45,Clothing
CUST00225,2023-10-05,98.81,Clothing
CUST00225,2024-03-29,47.02,Grocery
CUST00225,2025-03-24,36.84,Travel
CUST00225,2023-08-18,96.97,Dining
CUST00225,2025-06-06,20.7,Travel
CUST00225,2025-02-11,38.18,Dining
CUST00225,2024-06-29,23.01,Grocery
CUST00225,2023-11-29,118.54,Dining
CUST00225,2024-05-12,128.39,Grocery
CUST00225,2024-10-18,41.72,Clothing
CUST00225,2023-12-27,52.98,Electronics
CUST00225,2023-09-09,93.31,Dining
CUST00225,2023-11-21,136.0,Clothing
CUST00225,2025-01-29,208.89,Travel
CUST00225,2025-01-21,69.19,Clothing
CUST00225,2024-02-20,186.15,Travel
CUST00225,2025-03-19,21.79,Dining
CUST00225,2024-11-01,5.56,Dining
CUST00225,2024-05-16,45.1,Clothing
CUST00225,2025-04-15,75.48,Dining
CUST00225,2024-05-03,31.06,Dining
CUST00225,2024-06-27,25.11,Grocery
CUST00225,2024-04-16,84.8,Travel
CUST00225,2023-07-24,352.8,Travel
CUST00225,2023-12-13,58.09,Clothing
CUST00225,2024-05-06,34.79,Clothing
CUST00225,2025-01-30,222.71,Dining
CUST00225,2024-01-15,70.74,Dining
CUST00225,2024-05-25,143.01,Electronics
CUST00225,2024-01-01,118.46,Electronics
CUST00225,2023-07-23,85.07,Electronics
CUST00225,2025-06-04,8.78,Dining
CUST00225,2025-02-23,335.79,Electronics
CUST00225,2025-02-21,76.17,Electronics
CUST00225,2023-10-03,74.27,Dining
CUST00225,2025-02-09,93.65,Electronics
CUST00225,2024-05-17,89.83,Dining
CUST00225,2025-05-18,22.25,Grocery
CUST00225,2023-05-24,260.44,Electronics
CUST00225,2023-12-18,85.17,Grocery
CUST00225,2025-07-07,69.92,Clothing
CUST00225,2024-10-10,105.21,Clothing
CUST00225,2025-05-16,122.11,Clothing
CUST00225,2024-12-24,21.13,Grocery
CUST00225,2024-01-13,78.43,Grocery
CUST00225,2024-05-14,114.52,Grocery
CUST00225,2024-05-30,136.59,Travel
CUST00225,2024-04-16,106.46,Clothing
CUST00225,2023-10-07,48.26,Clothing
CUST00225,2024-08-27,298.59,Dining
CUST00225,2023-08-04,104.4,Dining
CUST00225,2024-06-06,46.53,Electronics
CUST00225,2024-07-17,178.02,Grocery
CUST00225,2023-12-24,50.89,Electronics
CUST00225,2024-04-20,23.67,Clothing
CUST00225,2024-01-17,26.95,Travel
CUST00225,2024-01-28,58.18,Grocery
CUST00225,2023-05-30,161.58,Grocery
CUST00225,2025-05-24,26.85,Clothing
CUST00225,2024-07-13,99.02,Grocery
CUST00225,2023-12-31,282.43,Electronics
CUST00225,2023-06-13,46.15,Travel
CUST00225,2024-10-23,39.97,Travel
CUST00225,2025-03-14,46.85,Clothing
CUST00225,2024-07-30,23.93,Travel
CUST00225,2024-03-14,31.3,Grocery
CUST00225,2025-03-19,78.79,Grocery
CUST00225,2025-03-05,8.51,Grocery
CUST00225,2024-11-02,10.36,Clothing
CUST00225,2023-09-15,54.75,Travel
CUST00225,2024-03-23,15.63,Dining
CUST00225,2023-05-22,72.77,Grocery
CUST00225,2024-11-05,20.04,Dining
CUST00225,2023-12-09,41.43,Electronics
CUST00225,2024-03-30,126.53,Grocery
CUST00225,2025-02-25,75.1,Clothing
CUST00225,2024-05-27,162.77,Travel
CUST00225,2023-10-08,190.33,Grocery
CUST00225,2024-04-11,15.56,Travel
CUST00225,2025-05-22,109.26,Clothing
CUST00225,2025-03-06,201.98,Electronics
CUST00225,2023-08-18,440.49,Travel
CUST00225,2025-06-05,14.33,Dining
CUST00225,2024-09-14,21.53,Dining
CUST00225,2023-06-21,54.08,Clothing
CUST00225,2024-07-02,77.11,Grocery
CUST00225,2024-06-18,5.87,Clothing
CUST00225,2023-06-29,14.29,Grocery
CUST00225,2024-04-05,58.03,Electronics
CUST00225,2024-03-25,109.63,Clothing
CUST00225,2024-08-05,15.22,Electronics
CUST00225,2024-10-17,8.31,Dining
CUST00225,2024-11-15,64.43,Clothing
CUST00225,2024-10-22,47.83,Grocery
CUST00225,2025-01-16,94.4,Electronics
CUST00225,2023-08-23,86.3,Travel
CUST00225,2024-12-03,104.7,Electronics
CUST00225,2023-09-20,13.8,Clothing
CUST00225,2023-10-22,34.66,Dining
CUST00225,2024-07-26,59.51,Electronics
CUST00225,2024-03-04,6.31,Grocery
CUST00225,2024-05-02,74.72,Electronics
CUST00225,2025-04-22,96.06,Electronics
CUST00225,2023-06-19,58.49,Grocery
CUST00225,2024-07-03,9.04,Dining
CUST00226,2025-07-04,49.14,Dining
CUST00226,2025-07-21,6.65,Dining
CUST00226,2025-06-20,19.49,Dining
CUST00226,2025-06-20,42.57,Grocery
CUST00226,2025-07-21,9.49,Travel
CUST00226,2025-06-11,41.75,Dining
CUST00226,2025-06-20,164.98,Clothing
CUST00226,2025-07-02,25.29,Travel
CUST00226,2025-07-23,13.43,Grocery
CUST00226,2025-06-28,74.89,Electronics
CUST00226,2025-06-16,38.61,Clothing
CUST00226,2025-07-01,74.62,Travel
CUST00226,2025-07-08,48.48,Electronics
CUST00226,2025-06-13,254.62,Dining
CUST00226,2025-07-26,159.67,Grocery
CUST00226,2025-07-07,204.85,Clothing
CUST00226,2025-07-01,367.53,Clothing
CUST00226,2025-06-14,180.28,Clothing
CUST00226,2025-06-16,122.05,Travel
CUST00226,2025-07-04,90.37,Clothing
CUST00226,2025-06-11,178.86,Grocery
CUST00226,2025-06-09,41.09,Grocery
CUST00226,2025-07-21,9.4,Clothing
CUST00226,2025-07-04,38.67,Clothing
CUST00226,2025-07-08,131.54,Grocery
CUST00226,2025-07-15,29.48,Electronics
CUST00226,2025-07-01,63.79,Dining
CUST00226,2025-07-08,121.22,Grocery
CUST00226,2025-07-18,34.89,Dining
CUST00226,2025-06-08,106.49,Clothing
CUST00226,2025-06-23,60.65,Dining
CUST00226,2025-06-15,55.03,Grocery
CUST00226,2025-07-12,33.62,Electronics
CUST00226,2025-07-01,139.66,Dining
CUST00226,2025-07-13,55.19,Clothing
CUST00226,2025-07-07,66.33,Clothing
CUST00226,2025-07-11,137.38,Clothing
CUST00226,2025-07-07,5.19,Electronics
CUST00226,2025-06-24,89.53,Travel
CUST00226,2025-07-24,100.71,Grocery
CUST00226,2025-07-26,71.32,Travel
CUST00226,2025-07-28,47.21,Grocery
CUST00226,2025-07-19,64.04,Grocery
CUST00226,2025-08-01,59.84,Travel
CUST00226,2025-07-21,193.94,Clothing
CUST00226,2025-07-05,17.93,Travel
CUST00226,2025-07-29,64.15,Travel
CUST00226,2025-06-26,85.14,Dining
CUST00226,2025-07-05,14.5,Travel
CUST00226,2025-06-20,53.6,Clothing
CUST00226,2025-07-07,146.15,Electronics
CUST00226,2025-06-21,54.81,Electronics
CUST00226,2025-07-18,12.64,Grocery
CUST00226,2025-07-26,42.26,Dining
CUST00226,2025-06-12,123.92,Travel
CUST00226,2025-07-11,71.45,Clothing
CUST00226,2025-06-20,43.25,Electronics
CUST00226,2025-07-29,70.87,Grocery
CUST00226,2025-06-23,155.72,Clothing
CUST00226,2025-07-09,62.82,Travel
CUST00226,2025-06-24,188.49,Grocery
CUST00226,2025-07-03,90.54,Electronics
CUST00226,2025-07-17,33.92,Clothing
CUST00226,2025-06-23,29.18,Grocery
CUST00226,2025-06-14,48.7,Electronics
CUST00226,2025-07-10,139.82,Dining
CUST00226,2025-07-28,185.97,Clothing
CUST00226,2025-07-15,124.09,Grocery
CUST00226,2025-06-10,7.41,Travel
CUST00226,2025-06-13,111.15,Travel
CUST00226,2025-07-29,62.62,Grocery
CUST00226,2025-07-27,15.72,Clothing
CUST00226,2025-07-11,107.34,Electronics
CUST00226,2025-06-18,13.27,Dining
CUST00226,2025-07-13,312.53,Electronics
CUST00226,2025-07-14,39.59,Grocery
CUST00226,2025-07-10,74.56,Travel
CUST00226,2025-07-19,22.75,Clothing
CUST00226,2025-07-20,272.42,Grocery
CUST00226,2025-07-22,76.19,Grocery
CUST00226,2025-06-13,181.73,Clothing
CUST00226,2025-07-01,17.41,Electronics
CUST00226,2025-06-08,10.35,Electronics
CUST00226,2025-07-08,146.2,Clothing
CUST00226,2025-07-31,10.89,Clothing
CUST00226,2025-07-30,111.18,Grocery
CUST00226,2025-07-14,266.38,Electronics
CUST00226,2025-06-09,82.15,Travel
CUST00226,2025-07-07,285.63,Electronics
CUST00226,2025-07-22,168.09,Grocery
CUST00226,2025-07-30,107.6,Travel
CUST00226,2025-07-09,238.12,Grocery
CUST00226,2025-06-15,121.22,Grocery
CUST00226,2025-07-21,115.21,Electronics
CUST00227,2024-04-09,124.56,Clothing
CUST00227,2021-01-30,25.2,Clothing
CUST00227,2025-05-27,203.44,Electronics
CUST00227,2022-07-06,18.2,Grocery
CUST00227,2021-04-14,58.2,Electronics
CUST00227,2025-02-11,52.41,Travel
CUST00227,2021-08-25,89.95,Travel
CUST00227,2023-10-29,170.03,Grocery
CUST00227,2025-07-01,135.09,Grocery
CUST00227,2022-02-08,30.18,Electronics
CUST00227,2022-07-07,242.25,Clothing
CUST00227,2024-09-04,61.65,Grocery
CUST00227,2023-10-23,189.51,Grocery
CUST00227,2022-06-29,417.68,Travel
CUST00227,2022-07-27,60.01,Dining
CUST00227,2021-11-27,55.39,Grocery
CUST00227,2023-12-02,96.76,Dining
CUST00227,2023-09-07,59.03,Electronics
CUST00227,2024-03-08,10.18,Electronics
CUST00227,2022-01-21,179.67,Electronics
CUST00227,2025-07-06,112.02,Dining
CUST00227,2024-09-28,14.05,Clothing
CUST00227,2022-09-17,5.9,Grocery
CUST00227,2025-06-17,8.48,Clothing
CUST00227,2021-03-03,23.14,Travel
CUST00227,2025-05-29,92.9,Dining
CUST00227,2021-03-26,117.01,Clothing
CUST00227,2024-01-07,144.03,Grocery
CUST00227,2021-11-17,19.35,Clothing
CUST00227,2024-07-07,223.3,Electronics
CUST00227,2024-08-18,72.23,Grocery
CUST00227,2024-09-02,11.62,Dining
CUST00227,2025-01-05,19.94,Grocery
CUST00227,2021-07-12,53.3,Travel
CUST00227,2021-08-11,197.98,Dining
CUST00227,2021-11-12,10.44,Electronics
CUST00227,2023-08-25,161.05,Clothing
CUST00227,2023-07-06,93.04,Electronics
CUST00227,2023-02-14,23.4,Clothing
CUST00227,2022-07-16,57.73,Electronics
CUST00227,2021-09-28,226.94,Grocery
CUST00227,2023-06-08,20.94,Clothing
CUST00227,2022-07-07,6.92,Grocery
CUST00227,2023-12-07,14.72,Clothing
CUST00227,2022-09-24,9.45,Travel
CUST00227,2022-07-19,133.28,Grocery
CUST00227,2021-11-29,52.93,Dining
CUST00227,2023-05-15,7.07,Clothing
CUST00227,2023-08-20,64.4,Clothing
CUST00227,2025-04-24,75.82,Grocery
CUST00227,2023-08-02,95.14,Grocery
CUST00227,2022-12-16,74.83,Electronics
CUST00227,2022-12-22,83.51,Electronics
CUST00227,2025-01-18,93.16,Electronics
CUST00227,2022-07-09,35.39,Travel
CUST00227,2021-06-01,210.99,Grocery
CUST00227,2022-01-24,119.9,Clothing
CUST00227,2021-09-17,6.63,Dining
CUST00227,2024-08-05,93.32,Grocery
CUST00227,2021-09-13,22.03,Dining
CUST00227,2025-07-25,29.61,Grocery
CUST00227,2021-01-08,26.11,Dining
CUST00227,2021-06-11,37.0,Travel
CUST00227,2021-12-03,15.93,Electronics
CUST00227,2025-06-03,93.77,Clothing
CUST00227,2022-08-19,137.42,Dining
CUST00227,2022-10-03,145.97,Travel
CUST00227,2021-04-24,29.64,Dining
CUST00227,2025-07-25,26.96,Electronics
CUST00227,2023-02-19,113.12,Grocery
CUST00227,2021-05-09,24.09,Electronics
CUST00227,2024-05-11,166.99,Dining
CUST00227,2021-01-17,145.15,Travel
CUST00227,2025-02-09,228.46,Dining
CUST00227,2022-08-17,66.27,Travel
CUST00227,2024-08-16,11.0,Dining
CUST00227,2021-11-15,24.46,Clothing
CUST00227,2022-12-08,74.22,Grocery
CUST00227,2025-03-08,5.53,Dining
CUST00227,2023-06-28,146.16,Clothing
CUST00227,2024-01-09,64.36,Grocery
CUST00227,2021-09-15,98.34,Grocery
CUST00227,2022-01-21,53.47,Electronics
CUST00227,2023-06-12,21.2,Dining
CUST00227,2023-12-03,21.31,Travel
CUST00227,2021-06-24,27.83,Dining
CUST00227,2021-02-12,27.31,Clothing
CUST00227,2025-06-20,60.93,Dining
CUST00227,2022-08-18,8.53,Grocery
CUST00227,2023-01-08,17.26,Grocery
CUST00227,2025-06-11,103.3,Electronics
CUST00227,2023-11-20,55.43,Grocery
CUST00227,2024-08-26,121.56,Grocery
CUST00227,2024-03-28,90.41,Travel
CUST00227,2020-12-22,26.0,Travel
CUST00227,2021-01-28,5.84,Travel
CUST00227,2023-11-21,59.18,Clothing
CUST00227,2024-05-15,90.95,Dining
CUST00227,2023-01-14,109.87,Travel
CUST00227,2023-08-19,11.11,Clothing
CUST00227,2021-06-17,11.46,Travel
CUST00227,2023-01-17,5.31,Grocery
CUST00227,2023-05-18,9.16,Clothing
CUST00227,2021-09-21,40.16,Clothing
CUST00227,2024-09-30,121.29,Electronics
CUST00227,2023-04-23,340.18,Clothing
CUST00227,2023-05-07,196.7,Grocery
CUST00227,2022-08-11,20.82,Clothing
CUST00228,2022-10-29,94.27,Clothing
CUST00228,2021-05-16,34.4,Dining
CUST00228,2024-06-19,249.16,Grocery
CUST00228,2021-08-27,123.96,Grocery
CUST00228,2024-03-04,23.77,Grocery
CUST00228,2024-10-04,52.76,Electronics
CUST00228,2024-07-05,10.75,Travel
CUST00228,2022-03-06,20.34,Electronics
CUST00228,2021-12-01,30.07,Travel
CUST00228,2022-05-28,73.55,Clothing
CUST00228,2023-06-14,27.96,Electronics
CUST00228,2023-07-08,107.63,Electronics
CUST00228,2024-08-05,89.52,Dining
CUST00228,2022-05-16,191.39,Grocery
CUST00228,2022-11-23,27.4,Clothing
CUST00228,2024-05-06,147.27,Travel
CUST00228,2023-03-19,104.17,Electronics
CUST00228,2022-03-11,48.76,Travel
CUST00228,2024-10-30,46.76,Grocery
CUST00228,2022-08-13,52.19,Travel
CUST00228,2023-02-10,13.62,Travel
CUST00228,2023-06-15,75.18,Travel
CUST00228,2024-08-12,21.92,Dining
CUST00228,2025-05-16,139.81,Clothing
CUST00228,2023-02-09,199.7,Travel
CUST00228,2024-05-01,23.23,Grocery
CUST00228,2024-04-09,31.22,Clothing
CUST00228,2021-07-07,88.95,Electronics
CUST00228,2025-01-25,39.59,Travel
CUST00228,2023-07-09,10.13,Travel
CUST00228,2021-05-09,231.52,Electronics
CUST00228,2024-02-04,41.74,Travel
CUST00228,2022-06-04,16.84,Grocery
CUST00228,2023-10-31,9.66,Grocery
CUST00228,2023-04-10,21.97,Grocery
CUST00228,2022-02-18,63.36,Grocery
CUST00228,2024-05-20,21.5,Grocery
CUST00228,2022-11-17,5.45,Dining
CUST00228,2023-11-29,59.21,Dining
CUST00228,2021-04-30,55.85,Electronics
CUST00228,2022-05-19,25.66,Travel
CUST00228,2025-04-05,24.74,Dining
CUST00228,2022-07-13,18.29,Clothing
CUST00228,2021-09-27,69.99,Clothing
CUST00228,2022-02-01,75.55,Dining
CUST00228,2022-12-14,9.2,Travel
CUST00228,2025-04-22,106.1,Travel
CUST00228,2021-10-15,64.55,Dining
CUST00228,2023-01-20,156.46,Grocery
CUST00228,2023-05-31,12.42,Clothing
CUST00228,2025-07-01,145.37,Clothing
CUST00228,2021-08-20,311.39,Travel
CUST00228,2025-01-17,60.44,Travel
CUST00228,2022-02-19,55.17,Travel
CUST00228,2025-01-23,188.89,Electronics
CUST00228,2022-08-08,21.78,Grocery
CUST00228,2023-05-03,13.67,Travel
CUST00228,2024-10-16,16.78,Travel
CUST00228,2025-02-17,104.5,Clothing
CUST00228,2024-12-10,165.1,Electronics
CUST00228,2022-01-26,210.39,Travel
CUST00228,2022-01-27,179.73,Electronics
CUST00228,2024-03-11,57.01,Clothing
CUST00228,2022-09-13,98.94,Grocery
CUST00228,2021-11-16,31.14,Grocery
CUST00228,2023-06-04,247.37,Travel
CUST00228,2022-04-01,12.29,Electronics
CUST00228,2023-05-31,31.1,Grocery
CUST00228,2023-01-30,29.22,Clothing
CUST00228,2023-05-16,9.45,Clothing
CUST00228,2025-02-23,37.51,Electronics
CUST00228,2023-07-16,78.18,Electronics
CUST00228,2023-10-14,9.93,Electronics
CUST00228,2025-04-22,178.22,Electronics
CUST00228,2024-12-20,31.0,Electronics
CUST00228,2023-01-29,100.75,Electronics
CUST00228,2024-08-14,50.24,Dining
CUST00228,2023-08-23,97.76,Dining
CUST00228,2023-10-26,96.14,Travel
CUST00228,2021-09-04,185.1,Electronics
CUST00228,2023-03-03,83.32,Grocery
CUST00228,2024-06-28,46.89,Travel
CUST00228,2021-11-21,106.03,Clothing
CUST00228,2024-06-27,20.12,Dining
CUST00228,2025-01-23,62.94,Grocery
CUST00228,2023-12-23,216.94,Dining
CUST00228,2022-11-25,140.13,Grocery
CUST00228,2022-10-28,54.02,Grocery
CUST00228,2024-08-15,22.67,Electronics
CUST00228,2024-03-24,11.09,Travel
CUST00228,2021-05-18,44.81,Clothing
CUST00228,2023-08-31,113.83,Travel
CUST00229,2022-03-22,43.54,Dining
CUST00229,2022-03-14,93.86,Clothing
CUST00229,2022-04-01,13.75,Dining
CUST00229,2024-09-01,57.89,Grocery
CUST00229,2022-03-20,86.79,Grocery
CUST00229,2025-02-06,122.86,Dining
CUST00229,2022-04-27,28.99,Clothing
CUST00229,2023-04-22,29.37,Clothing
CUST00229,2023-03-12,94.2,Grocery
CUST00229,2023-07-14,204.75,Dining
CUST00229,2024-11-16,41.5,Clothing
CUST00229,2022-10-08,151.91,Dining
CUST00229,2025-02-27,139.58,Dining
CUST00229,2023-01-29,48.03,Electronics
CUST00229,2024-08-23,43.43,Grocery
CUST00229,2023-10-20,56.81,Clothing
CUST00229,2024-06-09,81.4,Travel
CUST00229,2023-12-02,9.78,Dining
CUST00229,2025-01-02,27.03,Clothing
CUST00229,2024-10-26,83.24,Electronics
CUST00229,2023-08-18,52.38,Travel
CUST00229,2025-05-02,63.04,Electronics
CUST00229,2025-06-30,39.88,Electronics
CUST00229,2024-04-02,64.85,Clothing
CUST00229,2024-05-06,133.37,Clothing
CUST00229,2023-12-15,98.87,Travel
CUST00229,2023-05-03,153.77,Clothing
CUST00229,2023-03-13,111.11,Travel
CUST00229,2022-04-18,93.63,Grocery
CUST00229,2023-01-05,193.93,Clothing
CUST00229,2025-05-31,25.9,Electronics
CUST00229,2022-11-02,15.37,Grocery
CUST00229,2022-09-28,80.03,Grocery
CUST00229,2022-04-02,64.19,Clothing
CUST00229,2022-04-22,48.28,Clothing
CUST00229,2025-01-27,5.53,Dining
CUST00229,2022-05-11,24.53,Clothing
CUST00229,2024-01-25,90.05,Dining
CUST00229,2025-01-17,52.92,Clothing
CUST00229,2023-11-27,28.38,Travel
CUST00229,2024-09-24,21.71,Electronics
CUST00229,2022-05-09,8.26,Travel
CUST00229,2025-03-21,94.23,Electronics
CUST00229,2023-12-02,84.71,Clothing
CUST00229,2024-02-13,11.21,Dining
CUST00229,2023-12-17,16.1,Clothing
CUST00229,2022-07-16,66.48,Travel
CUST00229,2022-04-14,108.19,Grocery
CUST00229,2023-12-24,69.04,Dining
CUST00229,2023-10-19,159.4,Electronics
CUST00229,2025-07-12,245.95,Grocery
CUST00229,2022-07-09,44.66,Dining
CUST00229,2024-01-04,85.64,Travel
CUST00229,2023-10-10,82.5,Clothing
CUST00229,2024-01-25,102.09,Electronics
CUST00229,2023-10-19,282.06,Travel
CUST00229,2022-03-24,16.63,Clothing
CUST00229,2022-06-14,7.96,Dining
CUST00229,2022-09-25,26.67,Grocery
CUST00229,2022-05-23,109.35,Clothing
CUST00229,2024-01-05,38.29,Grocery
CUST00229,2024-11-11,92.59,Grocery
CUST00229,2023-07-07,228.45,Dining
CUST00229,2024-10-31,139.93,Electronics
CUST00229,2024-04-03,56.3,Grocery
CUST00229,2025-07-31,124.4,Electronics
CUST00229,2024-10-06,14.05,Grocery
CUST00229,2024-02-25,17.32,Clothing
CUST00229,2022-12-16,16.0,Clothing
CUST00229,2022-12-23,33.59,Dining
CUST00229,2022-10-29,42.67,Dining
CUST00229,2023-02-26,173.1,Travel
CUST00229,2022-05-23,161.63,Electronics
CUST00229,2022-01-27,59.81,Electronics
CUST00229,2023-09-23,47.26,Dining
CUST00229,2025-01-29,268.41,Dining
CUST00229,2025-04-18,27.97,Travel
CUST00229,2022-03-28,100.07,Electronics
CUST00229,2024-08-05,461.84,Grocery
CUST00229,2025-02-27,44.59,Grocery
CUST00229,2025-06-13,121.93,Electronics
CUST00229,2025-01-03,129.38,Electronics
CUST00229,2024-10-03,45.02,Travel
CUST00229,2022-10-29,39.96,Clothing
CUST00229,2023-05-24,54.72,Clothing
CUST00229,2024-07-14,15.22,Grocery
CUST00229,2023-12-10,17.36,Dining
CUST00229,2023-08-14,165.09,Dining
CUST00229,2024-09-19,101.32,Grocery
CUST00229,2023-08-19,135.29,Electronics
CUST00229,2025-01-02,321.13,Dining
CUST00229,2022-02-22,548.56,Clothing
CUST00229,2022-06-15,85.51,Electronics
CUST00229,2024-10-20,35.4,Grocery
CUST00229,2023-08-16,75.11,Grocery
CUST00229,2024-08-12,17.14,Travel
CUST00229,2022-11-25,9.15,Grocery
CUST00229,2022-04-06,14.12,Grocery
CUST00229,2025-04-24,24.67,Dining
CUST00229,2024-10-06,159.14,Grocery
CUST00229,2025-05-02,142.83,Grocery
CUST00229,2024-10-05,176.68,Dining
CUST00229,2022-02-20,26.27,Grocery
CUST00229,2023-03-02,325.62,Dining
CUST00229,2025-03-23,31.6,Travel
CUST00229,2024-06-15,33.19,Dining
CUST00230,2022-04-27,58.09,Electronics
CUST00230,2022-05-12,15.07,Clothing
CUST00230,2023-07-10,66.31,Travel
CUST00230,2025-01-11,51.92,Grocery
CUST00230,2023-12-16,117.61,Clothing
CUST00230,2022-06-09,143.77,Electronics
CUST00230,2022-07-23,22.41,Grocery
CUST00230,2023-07-16,32.26,Electronics
CUST00230,2023-07-07,70.0,Clothing
CUST00230,2024-08-18,17.32,Clothing
CUST00230,2022-02-09,139.89,Travel
CUST00230,2025-06-10,267.61,Clothing
CUST00230,2022-01-24,10.01,Travel
CUST00230,2021-11-06,38.46,Dining
CUST00230,2025-07-19,136.19,Dining
CUST00230,2024-06-28,55.92,Grocery
CUST00230,2023-02-19,123.98,Clothing
CUST00230,2025-01-13,69.18,Dining
CUST00230,2024-10-02,157.4,Grocery
CUST00230,2024-07-11,88.85,Grocery
CUST00230,2022-02-12,114.86,Grocery
CUST00230,2021-08-16,178.27,Dining
CUST00230,2022-06-29,17.25,Travel
CUST00230,2021-10-28,40.86,Electronics
CUST00230,2021-05-08,19.85,Dining
CUST00230,2022-09-30,26.72,Electronics
CUST00230,2023-04-10,85.14,Clothing
CUST00230,2023-12-16,227.01,Grocery
CUST00230,2023-07-03,25.58,Electronics
CUST00230,2023-04-30,57.62,Electronics
CUST00230,2022-06-13,57.74,Grocery
CUST00230,2023-01-26,74.36,Clothing
CUST00230,2023-09-04,71.51,Electronics
CUST00230,2021-05-20,200.92,Travel
CUST00230,2021-08-29,102.99,Electronics
CUST00230,2025-05-04,11.62,Clothing
CUST00230,2025-04-27,7.0,Travel
CUST00230,2021-06-17,107.14,Grocery
CUST00230,2021-11-15,65.51,Dining
CUST00230,2021-05-28,80.36,Travel
CUST00230,2021-12-07,55.9,Dining
CUST00230,2021-04-22,44.07,Dining
CUST00230,2023-06-03,60.09,Dining
CUST00230,2023-04-30,242.05,Dining
CUST00230,2024-05-08,86.46,Grocery
CUST00230,2023-09-05,5.53,Grocery
CUST00230,2021-06-19,115.59,Travel
CUST00230,2024-11-16,67.96,Electronics
CUST00230,2024-12-05,247.21,Dining
CUST00230,2024-01-23,44.93,Dining
CUST00230,2023-08-03,67.83,Dining
CUST00230,2024-02-09,12.26,Clothing
CUST00230,2022-10-26,33.84,Clothing
CUST00230,2024-03-15,244.86,Travel
CUST00230,2024-08-30,31.83,Grocery
CUST00230,2024-01-30,111.83,Electronics
CUST00230,2024-12-05,105.91,Electronics
CUST00230,2025-01-27,7.35,Grocery
CUST00230,2023-08-13,22.6,Grocery
CUST00230,2025-06-24,122.62,Travel
CUST00230,2025-04-23,39.48,Dining
CUST00230,2024-03-14,63.11,Travel
CUST00230,2022-09-08,22.92,Grocery
CUST00230,2024-09-23,175.24,Dining
CUST00230,2025-02-22,49.97,Grocery
CUST00230,2021-11-02,46.59,Grocery
CUST00230,2022-04-06,20.6,Clothing
CUST00230,2021-09-21,92.39,Clothing
CUST00230,2025-07-11,145.73,Clothing
CUST00230,2023-11-07,24.39,Clothing
CUST00230,2022-03-01,17.53,Clothing
CUST00230,2023-03-30,76.84,Clothing
CUST00230,2021-08-27,7.24,Dining
CUST00230,2021-10-04,93.22,Travel
CUST00230,2024-11-11,112.77,Clothing
CUST00230,2022-05-06,10.61,Grocery
CUST00230,2024-11-13,97.3,Clothing
CUST00230,2025-07-12,74.65,Electronics
CUST00230,2022-08-04,9.14,Travel
CUST00230,2024-06-07,131.22,Grocery
CUST00230,2024-07-11,44.25,Grocery
CUST00230,2024-09-16,82.17,Clothing
CUST00230,2024-02-23,16.34,Electronics
CUST00230,2024-12-13,122.36,Grocery
CUST00230,2022-08-11,156.45,Electronics
CUST00230,2023-02-03,11.62,Travel
CUST00230,2025-03-21,185.57,Electronics
CUST00230,2023-11-04,174.53,Travel
CUST00230,2024-12-01,48.82,Clothing
CUST00230,2021-08-02,72.21,Travel
CUST00231,2024-05-14,90.22,Travel
CUST00231,2024-07-05,157.03,Travel
CUST00231,2024-04-25,25.35,Electronics
CUST00231,2025-04-02,19.57,Travel
CUST00231,2025-05-10,63.2,Grocery
CUST00231,2025-04-18,242.39,Electronics
CUST00231,2025-07-03,76.16,Electronics
CUST00231,2025-07-23,289.63,Grocery
CUST00231,2024-04-14,24.1,Electronics
CUST00231,2025-03-30,17.94,Clothing
CUST00231,2024-11-26,236.98,Travel
CUST00231,2024-08-30,7.37,Clothing
CUST00231,2025-06-05,49.58,Clothing
CUST00231,2024-06-30,14.2,Clothing
CUST00231,2024-07-08,36.2,Clothing
CUST00231,2025-01-12,56.47,Clothing
CUST00231,2025-05-13,63.62,Grocery
CUST00231,2025-07-28,15.67,Electronics
CUST00231,2025-03-29,10.01,Clothing
CUST00231,2024-08-06,12.55,Clothing
CUST00231,2024-11-24,17.44,Dining
CUST00231,2025-06-20,156.0,Travel
CUST00231,2025-02-25,77.7,Electronics
CUST00231,2024-05-16,178.72,Dining
CUST00231,2025-07-10,283.9,Travel
CUST00231,2025-05-16,74.93,Travel
CUST00231,2025-04-14,34.58,Grocery
CUST00231,2025-07-03,79.29,Dining
CUST00231,2024-05-30,157.19,Dining
CUST00231,2025-02-16,26.75,Grocery
CUST00231,2024-11-25,11.25,Dining
CUST00231,2025-02-04,88.18,Grocery
CUST00231,2024-04-10,48.31,Grocery
CUST00231,2024-06-22,96.98,Travel
CUST00231,2024-07-10,18.77,Travel
CUST00231,2025-06-21,78.08,Grocery
CUST00231,2025-04-08,265.73,Clothing
CUST00231,2024-11-21,69.7,Dining
CUST00231,2024-11-18,59.88,Grocery
CUST00231,2024-11-08,37.86,Electronics
CUST00231,2024-04-13,81.11,Grocery
CUST00231,2025-03-23,112.86,Dining
CUST00231,2025-03-11,38.92,Grocery
CUST00231,2025-01-09,84.27,Electronics
CUST00231,2024-06-22,410.93,Dining
CUST00231,2024-08-07,97.78,Grocery
CUST00231,2025-01-18,33.71,Electronics
CUST00231,2024-10-06,24.86,Electronics
CUST00231,2024-09-03,26.67,Travel
CUST00231,2025-02-20,138.0,Travel
CUST00231,2024-05-15,70.56,Clothing
CUST00231,2025-01-07,221.1,Clothing
CUST00231,2024-10-18,29.99,Clothing
CUST00231,2024-10-07,142.63,Dining
CUST00231,2025-06-16,51.68,Electronics
CUST00231,2025-05-21,26.71,Dining
CUST00231,2024-12-29,12.92,Grocery
CUST00231,2025-04-30,8.0,Travel
CUST00231,2024-10-17,67.74,Electronics
CUST00231,2024-04-12,34.35,Clothing
CUST00231,2025-04-18,12.61,Travel
CUST00231,2025-01-11,48.23,Dining
CUST00231,2025-03-23,11.65,Dining
CUST00231,2024-05-12,38.91,Dining
CUST00231,2024-11-09,43.85,Travel
CUST00231,2024-12-13,104.38,Travel
CUST00231,2025-05-10,173.2,Dining
CUST00231,2025-04-20,31.76,Travel
CUST00231,2025-03-14,9.88,Dining
CUST00231,2024-11-26,23.17,Clothing
CUST00231,2025-06-08,87.05,Dining
CUST00231,2025-05-03,52.7,Electronics
CUST00231,2024-07-20,42.67,Dining
CUST00231,2025-07-22,67.32,Dining
CUST00231,2025-02-02,111.24,Clothing
CUST00231,2025-04-29,50.68,Electronics
CUST00231,2025-03-27,76.35,Dining
CUST00231,2025-01-07,21.92,Dining
CUST00231,2024-05-18,19.41,Electronics
CUST00231,2024-07-12,171.79,Grocery
CUST00231,2024-09-16,30.07,Electronics
CUST00231,2024-07-14,100.88,Electronics
CUST00231,2025-07-07,29.02,Electronics
CUST00231,2024-08-26,27.99,Grocery
CUST00231,2025-02-26,108.48,Grocery
CUST00231,2025-01-07,34.99,Dining
CUST00231,2025-01-20,7.53,Grocery
CUST00231,2024-08-01,162.61,Dining
CUST00231,2024-06-09,87.17,Dining
CUST00231,2024-11-23,457.4,Travel
CUST00231,2025-03-01,67.34,Travel
CUST00231,2024-07-14,189.3,Travel
CUST00231,2024-11-22,14.53,Grocery
CUST00231,2025-03-26,13.95,Dining
CUST00231,2024-12-20,79.82,Dining
CUST00231,2024-06-10,83.04,Grocery
CUST00231,2024-08-19,175.88,Grocery
CUST00232,2024-05-15,97.29,Grocery
CUST00232,2024-12-04,35.83,Clothing
CUST00232,2023-12-03,84.0,Dining
CUST00232,2021-12-22,21.14,Dining
CUST00232,2022-03-22,34.5,Clothing
CUST00232,2022-04-19,74.68,Electronics
CUST00232,2022-08-26,55.36,Grocery
CUST00232,2025-01-08,362.41,Travel
CUST00232,2022-10-23,18.06,Clothing
CUST00232,2022-02-27,166.75,Electronics
CUST00232,2023-01-26,5.92,Electronics
CUST00232,2023-07-05,53.21,Electronics
CUST00232,2024-09-02,151.03,Grocery
CUST00232,2024-09-22,33.91,Travel
CUST00232,2024-02-02,154.83,Electronics
CUST00232,2022-04-19,29.26,Clothing
CUST00232,2025-04-23,159.29,Clothing
CUST00232,2024-11-15,14.88,Dining
CUST00232,2023-02-06,182.71,Dining
CUST00232,2023-03-01,106.98,Travel
CUST00232,2024-07-13,11.9,Dining
CUST00232,2023-11-01,16.31,Travel
CUST00232,2025-03-29,91.8,Grocery
CUST00232,2022-10-04,132.96,Travel
CUST00232,2023-08-17,11.33,Clothing
CUST00232,2022-04-25,23.11,Travel
CUST00232,2024-09-27,287.1,Dining
CUST00232,2022-10-07,523.86,Travel
CUST00232,2023-05-22,52.87,Clothing
CUST00232,2023-12-31,51.88,Electronics
CUST00232,2022-06-28,20.98,Dining
CUST00232,2022-09-18,48.3,Electronics
CUST00232,2023-06-30,141.07,Travel
CUST00232,2022-01-09,36.7,Travel
CUST00232,2023-12-09,152.33,Clothing
CUST00232,2022-01-24,5.34,Electronics
CUST00232,2022-10-09,60.26,Dining
CUST00232,2022-05-12,67.0,Dining
CUST00232,2023-10-04,17.68,Grocery
CUST00232,2022-06-23,178.78,Dining
CUST00232,2025-05-21,150.71,Travel
CUST00232,2025-03-13,47.05,Grocery
CUST00232,2021-12-27,153.77,Electronics
CUST00232,2022-12-04,162.59,Dining
CUST00232,2025-04-21,137.62,Electronics
CUST00232,2024-09-29,69.07,Travel
CUST00232,2024-03-20,42.3,Dining
CUST00232,2023-05-03,17.37,Electronics
CUST00232,2023-12-16,63.93,Grocery
CUST00232,2024-04-09,25.15,Travel
CUST00232,2024-09-23,63.59,Clothing
CUST00232,2025-03-14,17.02,Clothing
CUST00232,2025-01-12,62.91,Travel
CUST00232,2023-04-28,338.08,Clothing
CUST00232,2022-01-16,152.59,Grocery
CUST00232,2023-08-27,35.51,Dining
CUST00232,2022-09-21,225.24,Clothing
CUST00232,2023-07-01,15.11,Grocery
CUST00232,2025-07-24,6.45,Grocery
CUST00232,2024-09-08,80.42,Dining
CUST00232,2024-05-03,30.22,Clothing
CUST00232,2022-11-05,57.33,Dining
CUST00232,2022-06-04,34.44,Dining
CUST00232,2024-10-04,99.2,Dining
CUST00232,2022-06-05,48.79,Dining
CUST00232,2023-07-25,48.03,Travel
CUST00232,2025-01-12,5.96,Electronics
CUST00232,2024-01-04,168.54,Travel
CUST00232,2024-06-17,75.64,Grocery
CUST00232,2025-07-08,347.34,Clothing
CUST00232,2022-01-21,7.7,Electronics
CUST00232,2025-03-20,56.75,Grocery
CUST00232,2023-09-22,105.08,Grocery
CUST00232,2025-03-01,28.3,Grocery
CUST00232,2022-09-12,32.84,Grocery
CUST00232,2023-06-15,91.6,Clothing
CUST00232,2024-07-22,106.2,Electronics
CUST00232,2022-12-04,22.4,Grocery
CUST00232,2022-12-25,25.49,Clothing
CUST00232,2022-08-16,46.72,Clothing
CUST00232,2022-12-13,169.97,Dining
CUST00232,2022-09-16,136.78,Grocery
CUST00232,2021-12-15,62.1,Dining
CUST00232,2025-04-30,38.59,Electronics
CUST00232,2024-01-27,18.69,Electronics
CUST00232,2022-05-30,17.57,Grocery
CUST00232,2024-05-08,44.55,Clothing
CUST00232,2023-07-12,28.8,Dining
CUST00232,2025-01-27,90.38,Clothing
CUST00232,2022-12-02,18.79,Travel
CUST00232,2023-07-16,111.27,Electronics
CUST00232,2025-04-21,77.79,Dining
CUST00232,2022-05-21,89.96,Dining
CUST00232,2025-07-10,146.39,Travel
CUST00232,2023-07-14,8.43,Travel
CUST00232,2022-04-18,6.04,Electronics
CUST00232,2023-07-12,175.15,Travel
CUST00232,2022-11-15,210.4,Dining
CUST00232,2023-05-22,76.13,Electronics
CUST00232,2025-07-06,130.18,Clothing
CUST00232,2024-03-08,208.77,Clothing
CUST00232,2023-12-07,5.3,Clothing
CUST00232,2023-10-20,31.23,Clothing
CUST00233,2025-01-26,18.92,Clothing
CUST00233,2025-06-21,140.43,Travel
CUST00233,2024-09-14,44.53,Electronics
CUST00233,2024-06-26,15.78,Travel
CUST00233,2023-07-08,43.61,Grocery
CUST00233,2024-02-02,36.41,Travel
CUST00233,2023-12-30,133.76,Clothing
CUST00233,2024-04-18,23.27,Electronics
CUST00233,2023-11-04,22.4,Travel
CUST00233,2024-07-09,17.74,Clothing
CUST00233,2024-04-28,72.22,Travel
CUST00233,2024-05-26,10.82,Clothing
CUST00233,2024-12-26,26.13,Clothing
CUST00233,2025-03-31,39.1,Electronics
CUST00233,2025-06-30,67.2,Dining
CUST00233,2025-01-04,18.2,Clothing
CUST00233,2023-12-30,231.19,Grocery
CUST00233,2023-08-21,58.93,Clothing
CUST00233,2025-07-03,169.97,Dining
CUST00233,2024-12-20,108.79,Electronics
CUST00233,2025-04-17,80.61,Electronics
CUST00233,2024-08-13,169.09,Grocery
CUST00233,2024-08-07,16.65,Travel
CUST00233,2025-04-29,20.4,Clothing
CUST00233,2024-07-05,58.84,Travel
CUST00233,2024-11-02,9.36,Electronics
CUST00233,2024-11-27,26.51,Grocery
CUST00233,2024-03-23,7.91,Grocery
CUST00233,2024-01-06,22.67,Grocery
CUST00233,2025-04-15,293.65,Clothing
CUST00233,2024-03-03,40.92,Clothing
CUST00233,2024-10-10,44.53,Grocery
CUST00233,2023-10-08,310.17,Grocery
CUST00233,2023-07-29,40.05,Electronics
CUST00233,2024-11-27,418.74,Grocery
CUST00233,2023-07-17,118.08,Clothing
CUST00233,2025-07-25,108.66,Travel
CUST00233,2024-04-29,39.8,Dining
CUST00233,2025-05-01,25.96,Electronics
CUST00233,2024-01-14,120.69,Electronics
CUST00233,2023-08-03,296.71,Grocery
CUST00233,2023-07-31,47.01,Electronics
CUST00233,2024-07-04,24.61,Clothing
CUST00233,2025-04-20,80.96,Travel
CUST00233,2024-10-31,90.3,Travel
CUST00233,2025-04-06,170.19,Travel
CUST00233,2024-11-15,13.56,Grocery
CUST00233,2025-05-31,48.06,Clothing
CUST00233,2023-11-15,8.15,Dining
CUST00233,2024-10-20,40.27,Dining
CUST00233,2023-09-19,248.33,Dining
CUST00233,2025-06-12,304.61,Clothing
CUST00233,2025-06-05,337.12,Electronics
CUST00233,2024-11-27,164.3,Clothing
CUST00233,2025-06-03,167.92,Dining
CUST00233,2023-06-27,56.89,Dining
CUST00233,2024-08-11,245.95,Dining
CUST00233,2024-05-30,107.9,Dining
CUST00233,2024-01-04,16.08,Dining
CUST00233,2024-04-28,174.41,Clothing
CUST00233,2024-06-29,5.7,Travel
CUST00233,2025-05-30,243.37,Grocery
CUST00233,2024-11-21,67.59,Travel
CUST00233,2025-03-04,85.16,Grocery
CUST00233,2024-11-22,36.95,Clothing
CUST00233,2024-01-27,26.47,Dining
CUST00233,2025-06-30,5.49,Dining
CUST00233,2025-05-31,34.05,Travel
CUST00233,2024-04-29,526.77,Clothing
CUST00233,2024-09-22,21.4,Electronics
CUST00233,2025-07-05,16.41,Electronics
CUST00233,2024-02-26,27.19,Clothing
CUST00233,2023-12-18,23.51,Electronics
CUST00233,2024-04-04,38.25,Clothing
CUST00233,2023-12-12,214.96,Electronics
CUST00233,2024-12-31,39.6,Travel
CUST00233,2023-11-22,7.96,Dining
CUST00233,2024-11-20,110.64,Travel
CUST00233,2023-10-21,44.69,Grocery
CUST00233,2023-07-10,171.86,Clothing
CUST00233,2024-12-11,562.36,Electronics
CUST00233,2024-06-20,44.92,Electronics
CUST00233,2025-04-19,68.47,Travel
CUST00233,2023-10-28,83.5,Travel
CUST00233,2024-09-16,206.32,Electronics
CUST00233,2023-07-10,26.28,Dining
CUST00233,2024-11-04,40.67,Clothing
CUST00233,2025-04-30,41.9,Electronics
CUST00233,2024-01-08,19.63,Grocery
CUST00233,2025-06-20,8.41,Electronics
CUST00233,2025-04-03,90.2,Travel
CUST00233,2024-10-30,13.41,Grocery
CUST00233,2023-06-20,13.95,Electronics
CUST00233,2024-12-06,242.2,Electronics
CUST00233,2023-09-21,288.05,Dining
CUST00233,2023-09-26,79.02,Dining
CUST00234,2024-11-25,108.06,Electronics
CUST00234,2023-12-15,84.48,Travel
CUST00234,2024-12-22,131.83,Dining
CUST00234,2023-09-16,125.13,Grocery
CUST00234,2025-05-10,33.79,Clothing
CUST00234,2024-04-27,16.91,Grocery
CUST00234,2024-10-07,146.05,Travel
CUST00234,2025-01-16,193.43,Clothing
CUST00234,2022-07-03,48.6,Dining
CUST00234,2023-07-04,42.19,Dining
CUST00234,2023-04-16,82.68,Electronics
CUST00234,2024-11-29,265.66,Grocery
CUST00234,2024-09-30,16.33,Electronics
CUST00234,2023-01-10,105.46,Travel
CUST00234,2024-08-04,14.17,Dining
CUST00234,2022-05-01,104.23,Electronics
CUST00234,2025-04-01,206.54,Electronics
CUST00234,2025-05-20,319.74,Dining
CUST00234,2024-08-14,42.66,Dining
CUST00234,2024-07-09,25.66,Clothing
CUST00234,2022-06-15,94.58,Travel
CUST00234,2023-03-09,43.18,Grocery
CUST00234,2022-07-14,45.04,Dining
CUST00234,2024-03-20,62.73,Clothing
CUST00234,2023-06-22,54.93,Grocery
CUST00234,2025-03-15,35.88,Grocery
CUST00234,2022-04-28,17.59,Dining
CUST00234,2025-04-16,167.04,Travel
CUST00234,2025-03-20,37.79,Clothing
CUST00234,2022-07-18,176.81,Grocery
CUST00234,2024-05-01,126.93,Travel
CUST00234,2023-02-23,106.49,Travel
CUST00234,2023-12-28,60.31,Dining
CUST00234,2023-01-31,16.31,Dining
CUST00234,2025-02-15,79.16,Grocery
CUST00234,2022-03-04,16.18,Grocery
CUST00234,2024-05-08,10.05,Travel
CUST00234,2022-04-08,56.86,Dining
CUST00234,2022-10-02,184.48,Travel
CUST00234,2023-10-05,36.28,Electronics
CUST00234,2025-07-17,75.18,Electronics
CUST00234,2025-03-01,221.68,Travel
CUST00234,2025-01-05,38.66,Travel
CUST00234,2025-07-01,310.52,Dining
CUST00234,2023-11-28,138.0,Clothing
CUST00234,2022-02-01,55.41,Travel
CUST00234,2023-08-12,32.16,Grocery
CUST00234,2023-10-24,126.94,Grocery
CUST00234,2023-04-21,11.0,Dining
CUST00234,2022-04-11,169.08,Dining
CUST00234,2024-04-04,31.34,Travel
CUST00234,2025-07-07,53.3,Dining
CUST00234,2022-12-19,55.5,Clothing
CUST00234,2025-03-13,234.26,Travel
CUST00234,2025-04-17,48.42,Travel
CUST00234,2022-06-13,27.9,Grocery
CUST00234,2023-07-06,69.28,Travel
CUST00234,2022-06-03,57.9,Dining
CUST00234,2024-02-08,58.22,Electronics
CUST00234,2025-01-22,208.58,Electronics
CUST00234,2024-02-08,92.41,Travel
CUST00234,2022-07-07,80.95,Grocery
CUST00234,2025-05-13,48.84,Dining
CUST00234,2022-08-04,54.46,Travel
CUST00234,2022-12-01,40.66,Dining
CUST00234,2024-08-23,40.32,Dining
CUST00234,2023-10-30,179.05,Grocery
CUST00234,2025-07-07,162.02,Clothing
CUST00234,2023-10-30,16.52,Grocery
CUST00234,2025-02-14,12.13,Dining
CUST00234,2023-09-30,80.86,Travel
CUST00234,2024-12-25,15.03,Travel
CUST00234,2022-09-12,37.72,Grocery
CUST00234,2022-01-31,24.22,Clothing
CUST00234,2023-10-04,6.82,Travel
CUST00234,2024-10-17,307.03,Clothing
CUST00234,2023-09-03,179.55,Dining
CUST00234,2023-12-01,79.76,Electronics
CUST00234,2023-04-28,34.17,Travel
CUST00234,2025-01-25,110.14,Dining
CUST00234,2022-11-11,62.31,Electronics
CUST00234,2025-07-21,226.4,Electronics
CUST00234,2022-08-20,134.06,Dining
CUST00234,2022-09-16,8.54,Travel
CUST00234,2022-09-18,79.45,Travel
CUST00234,2025-06-10,23.19,Travel
CUST00234,2025-02-02,135.96,Grocery
CUST00234,2023-06-20,283.93,Travel
CUST00234,2022-12-15,6.9,Clothing
CUST00234,2023-12-13,28.21,Travel
CUST00235,2021-12-21,31.82,Clothing
CUST00235,2024-05-06,32.49,Grocery
CUST00235,2021-07-30,81.31,Travel
CUST00235,2023-06-29,38.43,Dining
CUST00235,2021-12-05,123.26,Electronics
CUST00235,2023-10-18,290.14,Travel
CUST00235,2024-10-18,120.61,Electronics
CUST00235,2020-08-30,59.5,Electronics
CUST00235,2025-06-22,135.14,Travel
CUST00235,2021-01-17,106.62,Dining
CUST00235,2025-01-21,64.21,Grocery
CUST00235,2022-08-04,26.06,Grocery
CUST00235,2020-09-28,43.39,Travel
CUST00235,2022-02-20,142.71,Grocery
CUST00235,2021-08-01,22.24,Dining
CUST00235,2022-08-04,345.01,Travel
CUST00235,2024-06-10,6.15,Dining
CUST00235,2020-12-13,121.57,Dining
CUST00235,2022-08-12,77.9,Grocery
CUST00235,2022-12-28,78.57,Electronics
CUST00235,2021-07-20,239.88,Dining
CUST00235,2022-09-23,123.85,Clothing
CUST00235,2022-02-02,42.51,Clothing
CUST00235,2024-05-19,10.76,Electronics
CUST00235,2020-09-27,88.17,Clothing
CUST00235,2021-12-13,26.63,Travel
CUST00235,2022-03-03,14.7,Electronics
CUST00235,2023-07-14,117.41,Dining
CUST00235,2024-02-16,242.86,Electronics
CUST00235,2023-12-18,55.75,Grocery
CUST00235,2021-06-06,28.71,Dining
CUST00235,2021-07-29,33.21,Grocery
CUST00235,2023-10-24,97.72,Clothing
CUST00235,2023-09-24,353.37,Grocery
CUST00235,2024-11-25,25.31,Electronics
CUST00235,2022-09-16,73.66,Electronics
CUST00235,2024-06-17,8.19,Grocery
CUST00235,2022-06-18,7.28,Clothing
CUST00235,2023-07-30,80.95,Electronics
CUST00235,2023-05-22,33.9,Travel
CUST00235,2023-06-05,51.97,Grocery
CUST00235,2023-12-27,34.27,Electronics
CUST00235,2025-06-23,9.32,Grocery
CUST00235,2021-11-18,81.86,Dining
CUST00235,2021-02-03,35.9,Grocery
CUST00235,2024-05-31,83.89,Clothing
CUST00235,2024-10-02,82.31,Grocery
CUST00235,2024-09-29,69.7,Travel
CUST00235,2022-05-23,41.97,Grocery
CUST00235,2021-03-02,115.72,Dining
CUST00235,2025-05-24,31.16,Clothing
CUST00235,2022-07-06,107.35,Clothing
CUST00235,2024-10-23,13.39,Travel
CUST00235,2022-03-05,40.97,Grocery
CUST00235,2025-02-20,143.74,Travel
CUST00235,2024-11-30,332.33,Dining
CUST00235,2021-05-04,148.66,Clothing
CUST00235,2025-02-26,278.68,Dining
CUST00235,2024-09-24,18.1,Dining
CUST00235,2024-03-18,28.03,Dining
CUST00235,2023-02-03,47.03,Clothing
CUST00235,2024-12-11,49.56,Electronics
CUST00235,2021-08-10,75.26,Dining
CUST00235,2022-03-15,14.87,Dining
CUST00235,2022-03-31,141.6,Grocery
CUST00235,2025-03-05,199.7,Travel
CUST00235,2021-03-23,96.87,Clothing
CUST00235,2023-07-16,331.3,Travel
CUST00235,2020-10-19,337.68,Dining
CUST00235,2020-08-27,45.35,Dining
CUST00235,2023-07-29,6.41,Clothing
CUST00235,2023-08-05,54.92,Grocery
CUST00235,2022-06-28,223.63,Dining
CUST00235,2023-08-07,148.2,Travel
CUST00235,2022-02-14,86.84,Electronics
CUST00235,2024-04-13,141.85,Electronics
CUST00235,2023-11-24,26.94,Dining
CUST00235,2025-06-19,105.18,Clothing
CUST00235,2025-06-20,7.0,Clothing
CUST00235,2025-05-31,201.94,Grocery
CUST00235,2025-01-05,13.82,Electronics
CUST00235,2025-07-26,56.08,Clothing
CUST00235,2025-05-05,188.57,Travel
CUST00235,2022-04-28,21.35,Clothing
CUST00235,2023-11-13,26.71,Dining
CUST00235,2020-10-12,198.16,Grocery
CUST00235,2023-12-04,259.88,Clothing
CUST00235,2022-11-28,261.3,Dining
CUST00235,2024-02-17,110.35,Electronics
CUST00235,2024-08-08,21.67,Grocery
CUST00235,2023-08-02,89.8,Dining
CUST00235,2025-01-08,104.77,Dining
CUST00235,2024-05-26,48.1,Electronics
CUST00235,2023-09-09,23.08,Dining
CUST00235,2021-09-30,8.71,Clothing
CUST00235,2020-09-21,166.42,Grocery
CUST00236,2022-09-02,73.91,Grocery
CUST00236,2023-02-25,56.0,Electronics
CUST00236,2025-03-16,16.65,Grocery
CUST00236,2023-12-21,20.81,Dining
CUST00236,2021-11-24,10.51,Dining
CUST00236,2024-01-11,56.41,Clothing
CUST00236,2021-12-18,14.38,Travel
CUST00236,2022-09-13,16.13,Travel
CUST00236,2025-06-21,211.55,Clothing
CUST00236,2023-12-31,497.68,Grocery
CUST00236,2025-05-15,112.02,Grocery
CUST00236,2021-09-28,506.59,Grocery
CUST00236,2025-06-18,21.23,Dining
CUST00236,2023-11-13,72.6,Grocery
CUST00236,2025-07-28,83.16,Dining
CUST00236,2022-11-04,116.21,Electronics
CUST00236,2022-01-30,112.13,Travel
CUST00236,2022-01-15,49.52,Clothing
CUST00236,2025-04-23,63.74,Dining
CUST00236,2024-09-17,30.33,Clothing
CUST00236,2023-10-02,107.82,Travel
CUST00236,2022-06-05,7.01,Clothing
CUST00236,2024-09-18,40.61,Dining
CUST00236,2023-02-23,35.35,Grocery
CUST00236,2025-03-03,12.92,Grocery
CUST00236,2024-11-15,6.42,Grocery
CUST00236,2023-11-11,304.77,Travel
CUST00236,2023-02-07,72.86,Electronics
CUST00236,2024-01-15,55.98,Travel
CUST00236,2025-04-12,31.71,Clothing
CUST00236,2022-08-25,68.86,Electronics
CUST00236,2024-07-23,39.02,Electronics
CUST00236,2024-01-04,108.56,Clothing
CUST00236,2021-12-20,171.37,Dining
CUST00236,2022-06-18,204.35,Dining
CUST00236,2024-12-22,68.83,Travel
CUST00236,2025-06-18,65.03,Grocery
CUST00236,2022-10-15,38.72,Grocery
CUST00236,2023-06-09,169.88,Grocery
CUST00236,2022-08-28,31.53,Dining
CUST00236,2023-11-08,18.24,Clothing
CUST00236,2022-01-29,64.43,Electronics
CUST00236,2022-05-24,40.11,Clothing
CUST00236,2021-11-15,113.63,Electronics
CUST00236,2023-03-23,313.6,Electronics
CUST00236,2023-09-20,6.72,Clothing
CUST00236,2023-10-31,28.33,Electronics
CUST00236,2023-09-03,40.25,Electronics
CUST00236,2024-11-12,135.34,Travel
CUST00236,2023-08-17,109.92,Dining
CUST00236,2022-12-25,76.36,Travel
CUST00236,2022-12-11,23.28,Clothing
CUST00236,2024-10-30,10.11,Electronics
CUST00236,2021-11-16,278.89,Dining
CUST00236,2025-01-05,64.14,Electronics
CUST00236,2023-06-20,81.21,Clothing
CUST00236,2024-06-26,16.38,Travel
CUST00236,2024-08-27,351.51,Grocery
CUST00236,2023-02-13,36.34,Travel
CUST00236,2022-10-20,35.27,Electronics
CUST00236,2024-09-14,23.95,Clothing
CUST00236,2023-03-11,146.34,Grocery
CUST00236,2022-05-19,125.17,Dining
CUST00236,2023-06-17,69.66,Dining
CUST00236,2024-08-09,91.67,Grocery
CUST00236,2024-04-30,116.93,Clothing
CUST00236,2024-11-24,96.84,Grocery
CUST00236,2023-08-29,21.75,Electronics
CUST00236,2023-04-16,126.4,Clothing
CUST00236,2025-03-18,108.0,Grocery
CUST00236,2025-02-13,207.79,Clothing
CUST00236,2024-08-28,9.39,Electronics
CUST00236,2023-05-18,117.75,Dining
CUST00236,2023-04-25,62.46,Dining
CUST00236,2022-07-19,24.08,Travel
CUST00236,2022-08-22,254.04,Grocery
CUST00236,2024-05-26,80.62,Grocery
CUST00236,2023-09-07,68.64,Grocery
CUST00236,2022-11-13,64.31,Dining
CUST00236,2022-06-01,52.65,Electronics
CUST00236,2023-03-27,7.05,Grocery
CUST00236,2023-04-02,12.71,Dining
CUST00236,2024-05-17,30.41,Grocery
CUST00236,2023-11-16,132.04,Dining
CUST00236,2024-11-20,32.45,Travel
CUST00236,2025-03-08,16.23,Travel
CUST00236,2022-09-17,27.66,Travel
CUST00236,2022-09-11,40.52,Travel
CUST00236,2025-04-27,57.67,Clothing
CUST00236,2023-02-13,8.63,Dining
CUST00236,2023-02-24,25.07,Dining
CUST00236,2024-09-03,487.84,Travel
CUST00236,2024-10-07,35.78,Grocery
CUST00236,2025-01-06,43.72,Travel
CUST00236,2022-06-12,19.54,Grocery
CUST00236,2021-11-26,68.9,Clothing
CUST00236,2024-10-18,224.9,Electronics
CUST00236,2023-09-07,117.42,Clothing
CUST00236,2023-01-01,5.6,Clothing
CUST00236,2021-11-29,100.03,Dining
CUST00236,2022-12-02,117.9,Clothing
CUST00236,2023-04-18,15.82,Grocery
CUST00237,2025-02-16,139.43,Clothing
CUST00237,2024-11-02,101.16,Electronics
CUST00237,2025-01-11,159.04,Electronics
CUST00237,2025-02-04,81.22,Clothing
CUST00237,2025-01-18,72.82,Grocery
CUST00237,2025-01-20,21.69,Dining
CUST00237,2025-03-03,180.5,Grocery
CUST00237,2024-09-14,88.45,Electronics
CUST00237,2024-11-26,243.96,Electronics
CUST00237,2025-03-09,9.74,Clothing
CUST00237,2025-05-09,6.11,Grocery
CUST00237,2025-07-22,203.79,Clothing
CUST00237,2024-12-21,109.85,Electronics
CUST00237,2025-05-31,55.4,Electronics
CUST00237,2024-09-04,109.54,Electronics
CUST00237,2025-04-22,59.53,Travel
CUST00237,2025-04-10,10.96,Dining
CUST00237,2025-02-18,12.01,Dining
CUST00237,2025-07-29,15.89,Electronics
CUST00237,2025-03-05,22.97,Grocery
CUST00237,2025-03-15,10.58,Travel
CUST00237,2024-09-17,64.88,Grocery
CUST00237,2025-06-06,105.76,Dining
CUST00237,2025-06-26,34.98,Dining
CUST00237,2025-07-28,23.11,Electronics
CUST00237,2025-04-27,64.87,Electronics
CUST00237,2025-05-28,130.58,Electronics
CUST00237,2025-07-28,49.81,Clothing
CUST00237,2025-05-06,147.32,Clothing
CUST00237,2024-11-01,88.42,Grocery
CUST00237,2024-10-15,24.19,Travel
CUST00237,2025-05-10,90.1,Dining
CUST00237,2025-06-29,142.83,Travel
CUST00237,2025-02-26,8.39,Travel
CUST00237,2024-11-01,139.19,Clothing
CUST00237,2024-09-27,34.13,Travel
CUST00237,2025-07-03,304.93,Grocery
CUST00237,2025-04-10,37.91,Clothing
CUST00237,2024-09-12,71.63,Travel
CUST00237,2025-05-10,104.44,Grocery
CUST00237,2024-10-15,73.7,Grocery
CUST00237,2024-10-02,13.75,Clothing
CUST00237,2025-03-03,66.27,Electronics
CUST00237,2025-04-19,11.04,Grocery
CUST00237,2025-04-15,70.2,Electronics
CUST00237,2025-01-14,185.99,Grocery
CUST00237,2024-09-04,63.17,Clothing
CUST00237,2025-07-07,108.33,Clothing
CUST00237,2025-05-03,30.51,Clothing
CUST00237,2025-03-15,36.5,Grocery
CUST00237,2025-07-13,101.84,Grocery
CUST00237,2024-09-22,175.02,Travel
CUST00237,2024-12-31,141.58,Electronics
CUST00237,2024-12-07,114.77,Clothing
CUST00237,2024-10-03,57.85,Travel
CUST00237,2025-04-17,47.06,Clothing
CUST00237,2025-07-26,58.03,Dining
CUST00237,2025-03-27,36.9,Travel
CUST00237,2025-01-11,18.87,Dining
CUST00237,2024-10-15,39.27,Travel
CUST00237,2024-09-14,75.75,Clothing
CUST00237,2024-12-31,39.36,Grocery
CUST00237,2024-08-21,30.85,Electronics
CUST00237,2024-10-19,61.94,Grocery
CUST00237,2025-02-04,164.23,Grocery
CUST00237,2025-06-12,63.74,Electronics
CUST00237,2025-03-25,63.56,Dining
CUST00237,2024-11-21,28.9,Grocery
CUST00237,2024-09-17,145.99,Travel
CUST00237,2024-11-02,87.96,Electronics
CUST00237,2024-08-23,94.36,Clothing
CUST00237,2024-12-23,60.26,Electronics
CUST00237,2025-02-10,176.93,Dining
CUST00237,2024-09-01,34.54,Grocery
CUST00237,2024-11-14,153.68,Dining
CUST00237,2025-04-01,216.35,Clothing
CUST00237,2025-02-19,52.02,Electronics
CUST00237,2025-06-16,37.48,Dining
CUST00237,2025-06-10,33.87,Dining
CUST00237,2025-07-25,74.25,Electronics
CUST00237,2024-08-18,116.77,Travel
CUST00237,2024-10-14,52.64,Electronics
CUST00237,2024-12-08,112.96,Clothing
CUST00237,2025-03-14,46.5,Grocery
CUST00237,2025-06-29,46.04,Electronics
CUST00237,2025-03-17,71.69,Electronics
CUST00237,2025-01-15,26.61,Dining
CUST00237,2025-04-17,131.04,Grocery
CUST00237,2024-12-13,105.91,Electronics
CUST00237,2025-07-30,20.13,Dining
CUST00237,2024-11-20,52.59,Grocery
CUST00237,2025-06-09,5.61,Dining
CUST00237,2025-04-03,7.9,Dining
CUST00237,2025-06-18,148.32,Grocery
CUST00237,2025-07-18,13.26,Travel
CUST00237,2025-04-17,53.52,Dining
CUST00237,2025-07-08,91.84,Electronics
CUST00237,2024-10-04,27.38,Grocery
CUST00237,2024-09-08,36.5,Grocery
CUST00237,2025-05-13,95.96,Grocery
CUST00237,2025-02-09,19.42,Grocery
CUST00237,2025-05-11,150.48,Travel
CUST00238,2025-05-06,5.71,Grocery
CUST00238,2025-02-24,63.64,Electronics
CUST00238,2024-02-05,200.0,Electronics
CUST00238,2023-11-27,19.88,Clothing
CUST00238,2024-02-13,33.86,Dining
CUST00238,2024-03-07,96.85,Clothing
CUST00238,2025-05-03,22.73,Grocery
CUST00238,2023-09-13,173.85,Electronics
CUST00238,2025-04-01,24.53,Electronics
CUST00238,2023-11-15,96.38,Grocery
CUST00238,2025-03-18,104.11,Electronics
CUST00238,2023-11-14,47.34,Electronics
CUST00238,2025-02-14,141.97,Electronics
CUST00238,2023-12-20,122.23,Dining
CUST00238,2025-04-03,49.48,Clothing
CUST00238,2024-06-01,337.33,Grocery
CUST00238,2023-07-07,30.36,Travel
CUST00238,2023-09-21,12.43,Clothing
CUST00238,2024-04-06,75.61,Clothing
CUST00238,2024-11-27,140.83,Travel
CUST00238,2024-09-22,84.19,Clothing
CUST00238,2024-08-14,42.52,Travel
CUST00238,2025-02-28,316.44,Grocery
CUST00238,2024-08-15,88.47,Electronics
CUST00238,2024-01-17,188.81,Dining
CUST00238,2024-12-05,97.84,Grocery
CUST00238,2023-09-14,83.44,Grocery
CUST00238,2025-02-16,432.33,Electronics
CUST00238,2024-08-25,39.21,Clothing
CUST00238,2025-06-06,101.15,Travel
CUST00238,2023-10-26,180.59,Clothing
CUST00238,2025-04-16,10.6,Travel
CUST00238,2023-12-28,77.94,Electronics
CUST00238,2023-07-03,94.74,Dining
CUST00238,2025-07-10,295.44,Dining
CUST00238,2024-11-20,79.54,Clothing
CUST00238,2024-02-03,8.44,Dining
CUST00238,2025-02-26,404.8,Electronics
CUST00238,2024-03-21,102.57,Travel
CUST00238,2023-06-15,75.26,Grocery
CUST00238,2024-12-09,147.86,Dining
CUST00238,2025-05-29,30.69,Electronics
CUST00238,2023-06-16,91.86,Dining
CUST00238,2023-10-05,223.4,Clothing
CUST00238,2025-02-25,38.7,Electronics
CUST00238,2023-06-14,43.05,Dining
CUST00238,2024-01-21,45.51,Grocery
CUST00238,2024-10-24,126.79,Electronics
CUST00238,2024-12-12,60.89,Clothing
CUST00238,2023-09-07,75.96,Electronics
CUST00238,2024-02-19,86.24,Travel
CUST00238,2025-06-29,133.52,Dining
CUST00238,2024-11-07,174.06,Travel
CUST00238,2023-09-12,103.35,Grocery
CUST00238,2023-07-31,20.06,Grocery
CUST00238,2024-11-26,86.6,Travel
CUST00238,2024-02-24,55.02,Dining
CUST00238,2025-02-24,79.03,Electronics
CUST00238,2023-12-26,38.57,Travel
CUST00238,2025-06-02,97.97,Clothing
CUST00238,2024-12-27,76.19,Clothing
CUST00238,2023-08-29,86.73,Dining
CUST00238,2025-03-30,138.6,Electronics
CUST00238,2025-06-10,135.45,Travel
CUST00238,2024-05-24,66.94,Grocery
CUST00238,2023-12-10,8.79,Clothing
CUST00238,2024-02-26,6.03,Dining
CUST00238,2024-04-12,76.22,Clothing
CUST00238,2025-01-19,73.05,Electronics
CUST00238,2023-08-29,11.77,Grocery
CUST00238,2024-07-27,22.01,Grocery
CUST00238,2023-10-20,13.79,Travel
CUST00238,2025-06-22,43.1,Clothing
CUST00238,2025-01-25,12.06,Clothing
CUST00238,2024-09-13,13.12,Travel
CUST00238,2025-01-29,176.21,Travel
CUST00238,2023-08-06,186.97,Clothing
CUST00238,2024-07-17,30.85,Electronics
CUST00238,2024-07-18,229.44,Grocery
CUST00238,2023-09-11,470.89,Clothing
CUST00238,2025-05-17,145.13,Dining
CUST00238,2023-10-22,304.48,Grocery
CUST00238,2024-10-06,5.74,Clothing
CUST00238,2025-02-26,83.2,Travel
CUST00238,2024-03-25,68.31,Clothing
CUST00238,2025-04-24,22.24,Travel
CUST00238,2024-08-02,26.46,Dining
CUST00238,2024-03-06,35.74,Clothing
CUST00238,2024-10-28,100.82,Grocery
CUST00239,2022-10-29,22.46,Grocery
CUST00239,2023-06-07,168.93,Dining
CUST00239,2024-09-24,19.02,Electronics
CUST00239,2024-09-21,33.15,Electronics
CUST00239,2023-11-09,19.83,Grocery
CUST00239,2022-12-14,162.92,Electronics
CUST00239,2023-07-20,43.54,Grocery
CUST00239,2025-01-02,357.14,Electronics
CUST00239,2024-10-08,12.12,Clothing
CUST00239,2025-06-09,80.06,Electronics
CUST00239,2022-11-28,6.32,Dining
CUST00239,2025-04-17,65.8,Grocery
CUST00239,2023-10-15,233.96,Electronics
CUST00239,2022-06-27,299.17,Clothing
CUST00239,2025-07-19,21.13,Travel
CUST00239,2023-08-13,41.31,Clothing
CUST00239,2023-06-02,139.65,Clothing
CUST00239,2022-06-01,196.9,Grocery
CUST00239,2025-02-26,39.02,Travel
CUST00239,2022-11-04,21.83,Clothing
CUST00239,2024-12-17,237.65,Electronics
CUST00239,2024-03-23,99.89,Dining
CUST00239,2023-06-14,107.12,Dining
CUST00239,2025-02-12,27.06,Electronics
CUST00239,2024-04-06,96.46,Travel
CUST00239,2022-05-03,235.84,Grocery
CUST00239,2023-06-26,70.31,Grocery
CUST00239,2025-01-25,124.37,Clothing
CUST00239,2023-04-02,16.25,Clothing
CUST00239,2024-10-02,47.58,Grocery
CUST00239,2024-02-03,52.45,Clothing
CUST00239,2022-11-23,13.28,Clothing
CUST00239,2023-03-18,5.5,Travel
CUST00239,2024-01-19,70.74,Travel
CUST00239,2022-12-20,37.48,Travel
CUST00239,2024-05-23,152.03,Grocery
CUST00239,2022-06-18,38.01,Dining
CUST00239,2025-07-16,33.76,Clothing
CUST00239,2022-06-29,18.09,Clothing
CUST00239,2025-01-23,234.96,Travel
CUST00239,2023-10-02,119.45,Clothing
CUST00239,2024-11-03,18.78,Clothing
CUST00239,2022-09-12,74.06,Dining
CUST00239,2023-09-24,9.1,Clothing
CUST00239,2023-11-11,62.86,Electronics
CUST00239,2024-02-14,38.41,Electronics
CUST00239,2023-02-11,58.13,Travel
CUST00239,2024-01-17,36.47,Electronics
CUST00239,2022-05-16,27.79,Dining
CUST00239,2022-10-01,21.27,Dining
CUST00239,2024-08-04,150.42,Clothing
CUST00239,2023-09-10,10.01,Grocery
CUST00239,2022-09-12,273.58,Grocery
CUST00239,2024-06-28,16.54,Electronics
CUST00239,2023-03-23,66.86,Dining
CUST00239,2022-12-05,5.54,Electronics
CUST00239,2023-08-10,21.7,Clothing
CUST00239,2024-11-03,173.36,Grocery
CUST00239,2025-05-17,25.07,Grocery
CUST00239,2022-05-29,21.66,Electronics
CUST00239,2023-12-18,96.09,Dining
CUST00239,2023-01-25,316.41,Travel
CUST00239,2023-11-29,19.11,Travel
CUST00239,2024-06-18,63.13,Clothing
CUST00239,2024-07-01,126.78,Clothing
CUST00239,2025-01-18,619.5,Clothing
CUST00239,2025-02-03,133.71,Dining
CUST00239,2023-03-07,96.68,Clothing
CUST00239,2023-01-01,57.88,Travel
CUST00239,2022-06-15,63.72,Electronics
CUST00239,2024-02-18,19.94,Dining
CUST00239,2023-04-01,27.76,Dining
CUST00240,2024-08-13,182.51,Electronics
CUST00240,2025-07-06,20.51,Clothing
CUST00240,2025-03-01,5.88,Dining
CUST00240,2023-05-06,54.18,Grocery
CUST00240,2024-10-09,81.8,Clothing
CUST00240,2024-01-09,145.02,Clothing
CUST00240,2024-06-10,66.49,Grocery
CUST00240,2024-03-24,125.95,Dining
CUST00240,2023-12-10,34.58,Electronics
CUST00240,2024-09-15,78.38,Electronics
CUST00240,2025-01-22,28.36,Electronics
CUST00240,2025-02-18,116.03,Clothing
CUST00240,2023-03-29,80.61,Grocery
CUST00240,2023-08-09,332.05,Electronics
CUST00240,2023-10-03,81.44,Electronics
CUST00240,2025-03-23,66.0,Electronics
CUST00240,2025-05-28,112.42,Clothing
CUST00240,2025-03-30,245.69,Clothing
CUST00240,2024-08-31,70.66,Clothing
CUST00240,2024-05-08,9.46,Dining
CUST00240,2025-01-25,110.57,Electronics
CUST00240,2025-05-16,49.45,Clothing
CUST00240,2024-01-31,7.96,Travel
CUST00240,2025-06-02,42.45,Clothing
CUST00240,2024-05-15,55.79,Grocery
CUST00240,2024-12-06,144.13,Travel
CUST00240,2025-04-13,29.73,Clothing
CUST00240,2024-09-27,66.96,Travel
CUST00240,2023-07-07,56.28,Travel
CUST00240,2025-07-20,322.27,Dining
CUST00240,2024-11-18,14.82,Electronics
CUST00240,2025-04-13,48.09,Travel
CUST00240,2023-12-12,98.52,Dining
CUST00240,2024-01-25,92.06,Grocery
CUST00240,2023-05-05,52.02,Grocery
CUST00240,2024-12-09,251.76,Travel
CUST00240,2024-05-21,36.23,Dining
CUST00240,2023-06-07,113.59,Grocery
CUST00240,2023-06-19,28.53,Travel
CUST00240,2023-06-30,123.37,Travel
CUST00240,2024-05-17,16.07,Travel
CUST00240,2023-09-24,38.2,Grocery
CUST00240,2023-12-06,252.36,Travel
CUST00240,2024-08-16,18.44,Grocery
CUST00240,2025-04-11,115.39,Grocery
CUST00240,2025-05-09,85.61,Clothing
CUST00240,2023-11-12,8.41,Electronics
CUST00240,2023-10-28,38.98,Dining
CUST00240,2024-12-07,5.17,Travel
CUST00240,2024-03-12,6.19,Electronics
CUST00240,2024-12-14,19.77,Dining
CUST00240,2025-07-05,265.41,Electronics
CUST00240,2024-05-28,235.31,Dining
CUST00240,2023-11-05,179.92,Clothing
CUST00240,2023-04-06,89.68,Clothing
CUST00240,2024-04-29,66.19,Grocery
CUST00240,2023-09-10,42.39,Travel
CUST00240,2024-02-25,8.14,Travel
CUST00240,2024-03-05,145.35,Electronics
CUST00240,2024-05-24,45.36,Grocery
CUST00240,2025-01-25,8.29,Dining
CUST00240,2023-04-28,59.79,Clothing
CUST00240,2024-10-23,22.58,Grocery
CUST00240,2023-08-01,34.15,Travel
CUST00240,2023-08-22,143.03,Travel
CUST00240,2024-11-07,49.21,Grocery
CUST00240,2023-05-31,59.27,Electronics
CUST00240,2023-09-20,25.34,Clothing
CUST00240,2023-03-28,165.22,Travel
CUST00240,2024-04-01,10.31,Grocery
CUST00240,2025-05-13,39.32,Electronics
CUST00240,2024-07-30,11.11,Dining
CUST00240,2025-05-04,36.9,Travel
CUST00240,2024-08-25,39.22,Clothing
CUST00240,2024-08-06,108.87,Grocery
CUST00240,2024-03-07,257.28,Electronics
CUST00240,2023-08-18,104.69,Grocery
CUST00240,2024-06-15,8.95,Electronics
CUST00240,2023-11-22,90.57,Electronics
CUST00240,2025-05-12,59.08,Electronics
CUST00240,2023-12-29,59.55,Electronics
CUST00240,2023-06-11,49.14,Electronics
CUST00240,2024-12-01,35.39,Electronics
CUST00240,2023-10-25,54.3,Electronics
CUST00240,2024-01-24,162.24,Clothing
CUST00240,2023-12-01,76.85,Dining
CUST00240,2025-06-28,23.72,Travel
CUST00240,2023-07-12,280.79,Clothing
CUST00240,2025-05-25,241.33,Electronics
CUST00240,2023-06-20,11.93,Clothing
CUST00240,2024-03-04,108.28,Clothing
CUST00240,2023-07-15,111.91,Travel
CUST00240,2023-08-14,16.92,Travel
CUST00240,2023-08-17,348.76,Dining
CUST00240,2024-08-05,127.89,Dining
CUST00240,2023-12-07,172.77,Travel
CUST00240,2023-04-27,53.79,Dining
CUST00240,2023-07-30,148.12,Travel
CUST00240,2025-02-06,50.0,Travel
CUST00240,2025-02-01,10.04,Grocery
CUST00241,2024-05-16,74.67,Grocery
CUST00241,2024-06-23,18.78,Electronics
CUST00241,2023-12-28,18.62,Clothing
CUST00241,2023-10-24,168.47,Electronics
CUST00241,2025-03-23,26.62,Travel
CUST00241,2024-09-30,28.78,Grocery
CUST00241,2023-12-26,151.55,Clothing
CUST00241,2024-02-02,302.64,Electronics
CUST00241,2025-07-01,39.31,Dining
CUST00241,2023-02-19,5.31,Dining
CUST00241,2025-05-17,20.54,Dining
CUST00241,2025-06-20,135.17,Dining
CUST00241,2023-07-19,177.37,Grocery
CUST00241,2024-04-29,51.33,Dining
CUST00241,2025-04-22,19.34,Travel
CUST00241,2023-12-25,203.1,Dining
CUST00241,2024-11-10,272.42,Electronics
CUST00241,2025-01-30,93.34,Grocery
CUST00241,2023-10-09,13.0,Dining
CUST00241,2024-03-25,20.41,Grocery
CUST00241,2023-11-23,177.68,Electronics
CUST00241,2024-03-21,68.09,Dining
CUST00241,2024-05-01,68.14,Grocery
CUST00241,2025-03-19,133.31,Travel
CUST00241,2023-09-10,63.0,Clothing
CUST00241,2025-01-26,16.65,Electronics
CUST00241,2024-01-31,152.19,Grocery
CUST00241,2024-12-03,8.37,Grocery
CUST00241,2025-07-15,54.63,Grocery
CUST00241,2024-12-25,148.34,Grocery
CUST00241,2023-06-05,18.64,Clothing
CUST00241,2024-02-04,140.49,Dining
CUST00241,2023-06-13,56.57,Electronics
CUST00241,2024-10-22,194.69,Electronics
CUST00241,2023-02-23,114.79,Travel
CUST00241,2024-04-10,195.75,Travel
CUST00241,2023-12-05,13.53,Electronics
CUST00241,2023-05-23,70.16,Travel
CUST00241,2023-12-21,15.58,Grocery
CUST00241,2023-12-15,240.02,Grocery
CUST00241,2023-01-22,9.26,Grocery
CUST00241,2023-10-08,31.35,Grocery
CUST00241,2024-10-28,101.95,Travel
CUST00241,2024-09-08,16.24,Grocery
CUST00241,2025-07-08,83.48,Grocery
CUST00241,2024-01-19,18.84,Travel
CUST00241,2023-03-12,39.45,Electronics
CUST00241,2025-03-22,61.18,Dining
CUST00241,2023-02-08,73.77,Dining
CUST00241,2023-10-09,79.94,Travel
CUST00241,2023-03-21,111.22,Grocery
CUST00241,2025-02-07,39.7,Electronics
CUST00241,2024-04-06,119.72,Grocery
CUST00241,2023-04-27,50.18,Dining
CUST00241,2025-03-24,36.22,Clothing
CUST00241,2024-08-10,54.3,Grocery
CUST00241,2024-05-27,86.93,Electronics
CUST00241,2025-01-22,45.08,Clothing
CUST00241,2025-06-25,5.79,Clothing
CUST00241,2024-05-01,34.39,Clothing
CUST00241,2024-11-18,98.31,Travel
CUST00241,2023-05-13,12.29,Travel
CUST00241,2023-05-07,257.01,Clothing
CUST00241,2023-05-15,106.74,Clothing
CUST00241,2024-09-29,20.84,Travel
CUST00241,2023-04-29,111.75,Travel
CUST00241,2023-03-22,60.12,Clothing
CUST00241,2024-11-02,223.33,Clothing
CUST00241,2025-04-20,53.34,Grocery
CUST00241,2023-06-27,249.06,Grocery
CUST00241,2023-04-01,16.49,Clothing
CUST00241,2024-12-26,43.83,Travel
CUST00241,2025-02-19,163.45,Travel
CUST00241,2023-01-23,247.85,Dining
CUST00241,2023-09-11,220.27,Travel
CUST00241,2023-11-27,99.64,Grocery
CUST00241,2023-01-27,61.38,Grocery
CUST00241,2024-08-22,48.5,Clothing
CUST00241,2025-07-10,52.72,Grocery
CUST00241,2024-05-28,25.15,Dining
CUST00241,2023-12-08,126.36,Travel
CUST00241,2024-11-30,177.03,Travel
CUST00241,2025-05-26,35.89,Clothing
CUST00241,2025-03-02,34.73,Grocery
CUST00241,2024-10-17,9.5,Grocery
CUST00241,2024-01-13,17.69,Dining
CUST00241,2023-03-29,46.24,Electronics
CUST00241,2024-05-09,35.75,Electronics
CUST00241,2023-12-01,21.31,Clothing
CUST00241,2025-01-18,70.37,Dining
CUST00241,2024-10-08,160.08,Travel
CUST00241,2024-08-27,9.74,Dining
CUST00241,2025-03-17,29.85,Electronics
CUST00241,2024-07-18,86.62,Grocery
CUST00241,2024-12-21,10.3,Grocery
CUST00241,2024-01-23,24.93,Clothing
CUST00241,2023-05-16,5.14,Travel
CUST00241,2024-01-27,82.37,Dining
CUST00241,2025-06-03,25.76,Electronics
CUST00242,2024-01-03,40.34,Clothing
CUST00242,2024-08-05,81.76,Electronics
CUST00242,2024-05-14,87.54,Grocery
CUST00242,2024-04-24,88.98,Travel
CUST00242,2024-08-13,259.44,Travel
CUST00242,2025-06-07,42.76,Travel
CUST00242,2024-10-03,38.64,Travel
CUST00242,2024-11-15,14.86,Grocery
CUST00242,2025-07-12,25.68,Travel
CUST00242,2025-01-11,21.62,Electronics
CUST00242,2024-07-10,41.37,Clothing
CUST00242,2024-02-10,111.9,Electronics
CUST00242,2024-02-26,223.19,Electronics
CUST00242,2024-11-01,79.62,Grocery
CUST00242,2025-02-26,79.3,Electronics
CUST00242,2025-04-10,142.72,Dining
CUST00242,2024-05-29,18.91,Electronics
CUST00242,2023-11-15,14.42,Clothing
CUST00242,2024-07-05,196.36,Dining
CUST00242,2025-06-25,14.37,Electronics
CUST00242,2024-04-18,32.92,Travel
CUST00242,2025-03-04,34.43,Travel
CUST00242,2024-02-10,226.37,Electronics
CUST00242,2023-12-18,43.48,Dining
CUST00242,2024-06-12,112.34,Electronics
CUST00242,2024-07-31,42.05,Dining
CUST00242,2023-11-05,55.1,Electronics
CUST00242,2024-08-07,16.97,Travel
CUST00242,2025-05-21,95.64,Grocery
CUST00242,2025-02-06,45.84,Clothing
CUST00242,2025-07-03,127.2,Grocery
CUST00242,2024-12-01,5.32,Dining
CUST00242,2024-03-13,17.02,Travel
CUST00242,2025-05-16,23.0,Travel
CUST00242,2024-08-20,75.17,Grocery
CUST00242,2024-03-22,60.12,Travel
CUST00242,2023-12-10,31.08,Dining
CUST00242,2025-05-29,66.98,Electronics
CUST00242,2025-02-15,86.1,Travel
CUST00242,2024-07-29,30.35,Dining
CUST00242,2024-05-26,55.24,Electronics
CUST00242,2024-01-16,188.35,Dining
CUST00242,2024-04-06,57.81,Dining
CUST00242,2024-12-09,28.26,Travel
CUST00242,2023-11-08,78.92,Electronics
CUST00242,2024-12-11,66.01,Electronics
CUST00242,2024-04-06,72.0,Grocery
CUST00242,2024-01-21,12.07,Electronics
CUST00242,2024-07-13,30.63,Travel
CUST00242,2023-12-03,155.48,Dining
CUST00242,2024-05-06,43.71,Travel
CUST00242,2025-03-18,85.42,Travel
CUST00242,2024-06-20,21.94,Clothing
CUST00242,2024-05-06,16.17,Clothing
CUST00242,2024-12-27,5.81,Grocery
CUST00242,2024-01-11,29.95,Clothing
CUST00242,2024-04-26,123.19,Travel
CUST00242,2023-11-17,42.3,Dining
CUST00242,2025-06-12,104.98,Dining
CUST00242,2025-07-01,130.07,Grocery
CUST00242,2025-01-11,15.78,Clothing
CUST00242,2024-05-08,53.92,Dining
CUST00242,2024-04-27,98.9,Clothing
CUST00242,2024-12-07,51.35,Electronics
CUST00242,2024-07-18,154.67,Electronics
CUST00242,2024-11-06,66.3,Electronics
CUST00242,2024-07-30,21.63,Travel
CUST00242,2025-06-30,7.05,Electronics
CUST00242,2025-04-14,12.55,Electronics
CUST00242,2025-06-04,6.19,Grocery
CUST00242,2025-01-29,221.69,Electronics
CUST00242,2024-05-01,80.92,Grocery
CUST00242,2025-04-01,62.35,Grocery
CUST00242,2025-02-05,302.15,Dining
CUST00242,2024-03-21,134.86,Electronics
CUST00242,2024-02-24,31.85,Clothing
CUST00242,2024-01-21,9.97,Clothing
CUST00242,2024-05-30,162.2,Travel
CUST00242,2025-06-13,167.08,Electronics
CUST00242,2024-11-07,9.33,Travel
CUST00242,2025-01-23,137.24,Grocery
CUST00242,2024-06-18,42.04,Electronics
CUST00242,2024-05-05,6.38,Travel
CUST00242,2025-03-18,92.18,Electronics
CUST00242,2024-05-02,44.14,Travel
CUST00242,2025-06-07,319.23,Electronics
CUST00242,2025-04-17,141.43,Clothing
CUST00242,2024-04-06,11.42,Clothing
CUST00242,2024-10-25,19.18,Travel
CUST00242,2024-08-07,32.31,Grocery
CUST00242,2024-04-18,41.13,Electronics
CUST00242,2024-06-26,40.51,Dining
CUST00242,2024-08-05,15.65,Grocery
CUST00242,2024-08-05,7.69,Electronics
CUST00242,2024-04-13,43.18,Dining
CUST00242,2025-03-23,45.59,Electronics
CUST00242,2024-12-11,40.84,Clothing
CUST00242,2024-04-11,12.03,Electronics
CUST00242,2024-10-10,101.82,Clothing
CUST00242,2025-07-27,23.37,Clothing
CUST00242,2025-05-08,70.28,Clothing
CUST00242,2024-12-16,99.27,Travel
CUST00242,2024-12-01,34.95,Travel
CUST00242,2024-07-19,21.09,Dining
CUST00243,2024-12-06,112.22,Travel
CUST00243,2023-10-26,16.83,Grocery
CUST00243,2025-04-11,183.51,Electronics
CUST00243,2024-01-05,153.43,Electronics
CUST00243,2023-07-31,30.13,Dining
CUST00243,2024-11-22,18.2,Clothing
CUST00243,2024-11-02,36.47,Dining
CUST00243,2024-07-04,9.77,Electronics
CUST00243,2023-10-09,103.49,Travel
CUST00243,2023-11-11,43.94,Dining
CUST00243,2024-01-31,71.0,Travel
CUST00243,2024-09-17,259.95,Electronics
CUST00243,2023-12-12,55.06,Grocery
CUST00243,2025-03-05,68.24,Electronics
CUST00243,2024-05-04,230.48,Travel
CUST00243,2025-03-28,9.85,Electronics
CUST00243,2025-04-06,41.01,Grocery
CUST00243,2024-01-11,19.63,Travel
CUST00243,2024-10-08,261.0,Electronics
CUST00243,2023-09-17,63.15,Grocery
CUST00243,2024-10-27,11.93,Clothing
CUST00243,2025-06-12,15.11,Electronics
CUST00243,2023-11-15,215.56,Electronics
CUST00243,2024-07-11,43.28,Clothing
CUST00243,2024-07-20,94.04,Electronics
CUST00243,2025-06-06,94.17,Travel
CUST00243,2024-01-15,15.14,Dining
CUST00243,2024-05-09,88.28,Clothing
CUST00243,2024-11-21,46.71,Clothing
CUST00243,2024-02-28,202.91,Clothing
CUST00243,2024-08-16,56.96,Travel
CUST00243,2025-02-10,10.69,Grocery
CUST00243,2025-02-14,53.65,Grocery
CUST00243,2024-07-25,25.33,Dining
CUST00243,2025-05-05,85.26,Grocery
CUST00243,2023-12-01,51.6,Clothing
CUST00243,2024-10-22,28.32,Travel
CUST00243,2023-12-16,73.0,Grocery
CUST00243,2023-10-04,9.27,Dining
CUST00243,2024-10-02,79.84,Clothing
CUST00243,2025-02-21,63.49,Dining
CUST00243,2024-06-13,129.6,Clothing
CUST00243,2024-05-17,30.03,Grocery
CUST00243,2024-12-03,71.42,Travel
CUST00243,2024-07-11,124.22,Travel
CUST00243,2024-02-23,50.65,Grocery
CUST00243,2024-09-24,29.19,Clothing
CUST00243,2025-02-14,31.03,Grocery
CUST00243,2024-09-06,111.37,Clothing
CUST00243,2024-12-18,63.56,Electronics
CUST00243,2025-03-11,99.25,Clothing
CUST00243,2024-07-04,18.99,Clothing
CUST00243,2025-03-22,76.48,Dining
CUST00243,2023-12-24,34.37,Grocery
CUST00243,2024-09-30,81.46,Dining
CUST00243,2024-10-27,101.84,Electronics
CUST00243,2024-11-21,10.8,Electronics
CUST00243,2024-12-27,14.63,Electronics
CUST00243,2025-05-07,42.85,Grocery
CUST00243,2024-06-25,72.33,Travel
CUST00243,2024-04-20,41.21,Clothing
CUST00243,2024-03-01,194.58,Clothing
CUST00243,2025-07-11,17.08,Dining
CUST00243,2025-06-16,15.28,Travel
CUST00243,2025-05-04,89.65,Electronics
CUST00243,2024-08-14,152.7,Travel
CUST00243,2024-08-26,114.03,Travel
CUST00243,2025-07-13,16.81,Clothing
CUST00243,2025-04-13,68.61,Electronics
CUST00243,2024-10-13,58.48,Clothing
CUST00243,2024-07-22,38.16,Grocery
CUST00243,2024-11-25,108.48,Dining
CUST00243,2023-09-08,90.45,Grocery
CUST00243,2023-10-19,44.49,Electronics
CUST00243,2024-12-14,50.58,Dining
CUST00243,2024-09-03,289.79,Grocery
CUST00243,2024-07-08,85.72,Dining
CUST00243,2023-11-07,13.27,Electronics
CUST00243,2023-11-07,66.65,Dining
CUST00243,2023-08-15,91.15,Grocery
CUST00243,2023-12-07,139.3,Grocery
CUST00243,2024-10-13,40.11,Electronics
CUST00243,2025-02-03,217.34,Dining
CUST00243,2024-08-27,26.81,Electronics
CUST00243,2024-12-09,41.48,Clothing
CUST00243,2024-03-28,16.05,Travel
CUST00243,2023-12-07,55.88,Electronics
CUST00243,2025-06-13,24.97,Grocery
CUST00243,2024-12-14,109.86,Travel
CUST00243,2023-12-25,15.64,Travel
CUST00243,2024-06-20,11.68,Travel
CUST00244,2025-05-05,22.08,Travel
CUST00244,2025-07-24,65.49,Electronics
CUST00244,2025-06-02,43.16,Grocery
CUST00244,2025-07-25,42.32,Travel
CUST00244,2025-05-15,65.0,Clothing
CUST00244,2025-07-31,17.62,Clothing
CUST00244,2025-06-28,89.12,Dining
CUST00244,2025-06-12,125.18,Grocery
CUST00244,2025-08-01,20.49,Grocery
CUST00244,2025-07-19,17.92,Travel
CUST00244,2025-07-22,94.74,Electronics
CUST00244,2025-07-08,73.74,Dining
CUST00244,2025-05-18,90.26,Clothing
CUST00244,2025-05-16,38.38,Dining
CUST00244,2025-07-28,40.49,Dining
CUST00244,2025-05-12,66.08,Travel
CUST00244,2025-07-08,27.36,Grocery
CUST00244,2025-05-04,195.03,Electronics
CUST00244,2025-07-28,334.12,Dining
CUST00244,2025-06-05,39.86,Travel
CUST00244,2025-06-16,40.07,Grocery
CUST00244,2025-06-09,248.61,Grocery
CUST00244,2025-05-29,128.34,Dining
CUST00244,2025-07-23,106.0,Grocery
CUST00244,2025-06-27,77.58,Grocery
CUST00244,2025-06-30,25.25,Grocery
CUST00244,2025-07-25,59.3,Electronics
CUST00244,2025-07-17,16.15,Travel
CUST00244,2025-07-31,90.87,Dining
CUST00244,2025-06-03,65.32,Electronics
CUST00244,2025-05-10,369.16,Travel
CUST00244,2025-07-06,23.98,Clothing
CUST00244,2025-05-22,82.66,Electronics
CUST00244,2025-06-16,52.97,Grocery
CUST00244,2025-05-09,31.12,Travel
CUST00244,2025-06-08,50.22,Grocery
CUST00244,2025-07-11,30.77,Electronics
CUST00244,2025-07-01,198.83,Grocery
CUST00244,2025-04-25,36.87,Electronics
CUST00244,2025-07-27,77.35,Dining
CUST00244,2025-05-15,280.97,Travel
CUST00244,2025-07-13,251.22,Dining
CUST00244,2025-04-30,24.21,Grocery
CUST00244,2025-06-21,27.21,Travel
CUST00244,2025-04-29,147.09,Grocery
CUST00244,2025-05-03,100.86,Travel
CUST00244,2025-04-24,114.29,Grocery
CUST00244,2025-07-20,161.45,Travel
CUST00244,2025-07-31,7.26,Grocery
CUST00244,2025-07-31,176.71,Electronics
CUST00244,2025-06-04,67.49,Clothing
CUST00244,2025-05-16,84.49,Electronics
CUST00244,2025-07-26,15.46,Travel
CUST00244,2025-04-30,47.59,Clothing
CUST00244,2025-07-21,223.82,Electronics
CUST00244,2025-05-26,56.09,Electronics
CUST00244,2025-05-19,29.42,Clothing
CUST00244,2025-05-16,47.99,Grocery
CUST00244,2025-06-18,24.12,Clothing
CUST00244,2025-05-01,59.32,Dining
CUST00244,2025-07-19,176.41,Grocery
CUST00244,2025-07-08,69.39,Travel
CUST00244,2025-04-30,73.14,Grocery
CUST00244,2025-04-25,185.23,Travel
CUST00244,2025-06-09,123.03,Travel
CUST00244,2025-06-29,50.1,Grocery
CUST00244,2025-05-28,200.44,Electronics
CUST00244,2025-06-06,43.03,Dining
CUST00244,2025-05-31,75.02,Electronics
CUST00244,2025-04-24,82.25,Grocery
CUST00244,2025-07-09,89.79,Dining
CUST00244,2025-07-21,91.82,Travel
CUST00244,2025-06-26,106.96,Dining
CUST00244,2025-05-18,36.86,Travel
CUST00244,2025-06-15,161.5,Dining
CUST00244,2025-07-23,48.74,Dining
CUST00244,2025-05-30,56.84,Electronics
CUST00244,2025-06-08,87.94,Travel
CUST00244,2025-05-05,41.47,Travel
CUST00244,2025-06-05,78.99,Electronics
CUST00244,2025-05-07,42.96,Travel
CUST00244,2025-07-30,245.54,Clothing
CUST00244,2025-07-22,22.89,Clothing
CUST00244,2025-05-21,14.73,Dining
CUST00244,2025-04-28,75.47,Clothing
CUST00244,2025-05-29,82.1,Clothing
CUST00244,2025-04-23,124.61,Electronics
CUST00244,2025-07-27,133.91,Grocery
CUST00244,2025-06-12,48.1,Clothing
CUST00244,2025-07-26,22.27,Dining
CUST00244,2025-05-30,94.0,Clothing
CUST00244,2025-06-03,84.77,Grocery
CUST00244,2025-08-01,70.74,Grocery
CUST00244,2025-05-10,14.04,Electronics
CUST00244,2025-04-24,12.41,Electronics
CUST00244,2025-05-22,20.85,Travel
CUST00244,2025-07-08,81.75,Grocery
CUST00244,2025-05-10,167.29,Clothing
CUST00244,2025-06-22,56.39,Grocery
CUST00244,2025-05-22,60.88,Grocery
CUST00244,2025-04-29,64.61,Dining
CUST00244,2025-04-25,195.58,Electronics
CUST00244,2025-05-15,20.56,Dining
CUST00244,2025-05-05,5.02,Travel
CUST00244,2025-07-10,112.69,Clothing
CUST00244,2025-06-01,401.2,Travel
CUST00244,2025-06-10,29.19,Grocery
CUST00244,2025-07-15,205.8,Clothing
CUST00244,2025-05-30,123.01,Electronics
CUST00244,2025-07-08,117.02,Clothing
CUST00244,2025-05-18,67.36,Clothing
CUST00244,2025-06-19,15.58,Travel
CUST00244,2025-05-15,444.64,Electronics
CUST00244,2025-05-23,147.33,Clothing
CUST00244,2025-05-19,74.56,Grocery
CUST00244,2025-07-10,10.39,Electronics
CUST00244,2025-07-08,186.34,Electronics
CUST00244,2025-07-28,71.98,Travel
CUST00244,2025-04-29,18.5,Travel
CUST00244,2025-04-24,67.18,Travel
CUST00244,2025-07-30,79.31,Dining
CUST00244,2025-04-29,83.88,Clothing
CUST00245,2024-04-26,42.92,Dining
CUST00245,2024-02-24,73.38,Dining
CUST00245,2024-06-30,77.19,Grocery
CUST00245,2023-08-10,7.77,Dining
CUST00245,2024-05-26,105.14,Grocery
CUST00245,2024-11-11,45.33,Electronics
CUST00245,2023-11-03,15.45,Dining
CUST00245,2025-06-07,500.84,Clothing
CUST00245,2025-05-12,147.84,Travel
CUST00245,2025-04-23,89.3,Travel
CUST00245,2023-10-27,42.48,Electronics
CUST00245,2023-11-11,23.38,Clothing
CUST00245,2024-08-02,56.97,Clothing
CUST00245,2023-10-25,49.5,Clothing
CUST00245,2024-02-16,79.12,Clothing
CUST00245,2024-03-10,136.18,Grocery
CUST00245,2024-03-11,47.63,Grocery
CUST00245,2024-09-06,5.92,Clothing
CUST00245,2023-12-20,65.79,Electronics
CUST00245,2025-02-02,84.96,Travel
CUST00245,2024-12-02,58.63,Dining
CUST00245,2024-03-15,48.87,Electronics
CUST00245,2024-08-29,34.69,Clothing
CUST00245,2025-04-24,27.58,Grocery
CUST00245,2024-02-27,51.09,Travel
CUST00245,2023-10-05,96.18,Grocery
CUST00245,2024-05-06,106.31,Travel
CUST00245,2024-10-13,20.97,Dining
CUST00245,2024-09-13,59.72,Electronics
CUST00245,2025-07-13,38.38,Electronics
CUST00245,2024-07-19,256.29,Electronics
CUST00245,2025-02-23,59.71,Clothing
CUST00245,2023-09-30,161.34,Travel
CUST00245,2024-01-08,233.19,Electronics
CUST00245,2024-12-23,31.0,Grocery
CUST00245,2025-04-02,173.49,Travel
CUST00245,2024-06-02,21.9,Grocery
CUST00245,2024-09-24,72.02,Clothing
CUST00245,2024-03-24,26.7,Electronics
CUST00245,2023-09-13,21.16,Grocery
CUST00245,2025-05-09,73.96,Dining
CUST00245,2024-04-02,74.88,Clothing
CUST00245,2024-02-29,293.33,Grocery
CUST00245,2025-03-09,46.2,Dining
CUST00245,2025-01-04,23.52,Grocery
CUST00245,2024-03-30,190.15,Dining
CUST00245,2024-06-03,54.6,Travel
CUST00245,2024-08-24,90.9,Travel
CUST00245,2024-10-31,68.3,Clothing
CUST00245,2024-04-01,71.73,Dining
CUST00245,2024-05-10,70.1,Dining
CUST00245,2024-06-18,14.79,Electronics
CUST00245,2024-01-29,29.89,Grocery
CUST00245,2024-07-08,20.51,Grocery
CUST00245,2024-03-11,111.68,Electronics
CUST00245,2025-03-19,38.73,Grocery
CUST00245,2023-12-21,5.24,Clothing
CUST00245,2025-07-09,121.37,Dining
CUST00245,2023-08-30,29.98,Clothing
CUST00245,2024-12-28,70.88,Dining
CUST00245,2023-09-08,175.15,Travel
CUST00245,2024-07-17,7.58,Dining
CUST00245,2023-11-26,60.02,Grocery
CUST00245,2023-11-22,90.79,Clothing
CUST00245,2024-05-22,245.68,Travel
CUST00245,2025-07-30,92.17,Grocery
CUST00245,2024-09-26,9.75,Dining
CUST00245,2025-06-30,49.14,Clothing
CUST00245,2024-02-15,113.76,Clothing
CUST00245,2024-05-09,25.68,Grocery
CUST00245,2024-08-04,33.37,Dining
CUST00245,2023-11-11,92.14,Travel
CUST00245,2024-09-14,56.02,Clothing
CUST00245,2024-01-28,34.35,Electronics
CUST00245,2024-08-02,41.76,Grocery
CUST00245,2024-07-23,341.74,Dining
CUST00245,2023-11-12,17.4,Clothing
CUST00245,2024-08-10,34.23,Clothing
CUST00245,2025-06-19,48.32,Travel
CUST00245,2024-02-25,9.23,Electronics
CUST00245,2024-03-06,126.31,Electronics
CUST00245,2024-02-29,47.51,Travel
CUST00245,2024-02-09,13.94,Dining
CUST00245,2025-06-12,307.17,Grocery
CUST00245,2024-04-30,46.24,Grocery
CUST00245,2025-06-07,13.46,Travel
CUST00245,2023-10-13,92.0,Electronics
CUST00245,2023-12-27,320.49,Electronics
CUST00245,2023-10-01,28.04,Grocery
CUST00245,2025-01-01,89.76,Electronics
CUST00245,2024-04-02,8.64,Grocery
CUST00245,2025-06-02,46.69,Travel
CUST00245,2025-05-06,21.15,Dining
CUST00245,2024-05-22,54.53,Dining
CUST00245,2024-10-12,66.35,Dining
CUST00245,2023-11-04,116.8,Electronics
CUST00245,2024-02-09,55.36,Electronics
CUST00245,2024-10-10,132.93,Dining
CUST00246,2025-05-16,15.17,Dining
CUST00246,2025-02-20,229.85,Dining
CUST00246,2025-01-24,20.22,Dining
CUST00246,2025-01-10,163.37,Dining
CUST00246,2024-06-15,26.53,Electronics
CUST00246,2024-04-23,27.04,Grocery
CUST00246,2024-05-25,170.43,Clothing
CUST00246,2024-12-10,18.53,Electronics
CUST00246,2024-01-29,146.18,Grocery
CUST00246,2025-05-27,87.72,Electronics
CUST00246,2025-03-03,48.42,Grocery
CUST00246,2024-05-13,17.88,Travel
CUST00246,2024-10-18,76.14,Grocery
CUST00246,2024-11-20,124.36,Travel
CUST00246,2024-07-02,69.1,Clothing
CUST00246,2024-11-06,71.49,Electronics
CUST00246,2024-11-09,28.81,Travel
CUST00246,2025-04-28,29.94,Dining
CUST00246,2024-04-16,89.26,Dining
CUST00246,2024-01-30,18.52,Clothing
CUST00246,2024-06-18,131.07,Electronics
CUST00246,2024-01-01,8.67,Dining
CUST00246,2025-01-04,120.71,Electronics
CUST00246,2024-02-14,205.06,Dining
CUST00246,2024-08-31,41.48,Grocery
CUST00246,2025-07-29,157.84,Electronics
CUST00246,2025-05-01,145.69,Clothing
CUST00246,2024-07-14,50.87,Clothing
CUST00246,2024-11-13,24.44,Grocery
CUST00246,2024-01-15,285.72,Travel
CUST00246,2024-12-13,34.68,Electronics
CUST00246,2025-01-05,122.65,Travel
CUST00246,2024-08-12,31.02,Dining
CUST00246,2024-07-25,12.04,Grocery
CUST00246,2024-05-08,99.45,Travel
CUST00246,2024-10-19,188.56,Dining
CUST00246,2024-11-14,6.31,Grocery
CUST00246,2025-04-30,88.91,Electronics
CUST00246,2024-02-09,162.95,Electronics
CUST00246,2024-01-07,47.9,Travel
CUST00246,2025-07-08,67.73,Travel
CUST00246,2024-03-05,65.79,Grocery
CUST00246,2024-07-09,28.02,Grocery
CUST00246,2024-03-09,176.12,Electronics
CUST00246,2025-04-27,105.18,Dining
CUST00246,2024-04-15,67.59,Electronics
CUST00246,2024-01-19,125.1,Grocery
CUST00246,2023-12-20,141.2,Electronics
CUST00246,2024-02-04,201.96,Electronics
CUST00246,2025-04-06,307.58,Clothing
CUST00246,2024-10-17,15.86,Grocery
CUST00246,2025-07-04,26.39,Clothing
CUST00246,2024-08-24,18.51,Clothing
CUST00246,2024-04-20,19.22,Electronics
CUST00246,2025-06-23,252.65,Travel
CUST00246,2024-07-05,152.67,Grocery
CUST00246,2025-02-20,35.12,Clothing
CUST00246,2024-01-26,69.72,Dining
CUST00246,2025-01-27,42.85,Travel
CUST00246,2024-12-28,6.79,Grocery
CUST00246,2024-03-19,136.13,Dining
CUST00246,2024-03-29,39.69,Dining
CUST00246,2024-11-09,57.06,Grocery
CUST00246,2025-06-27,11.86,Clothing
CUST00246,2025-02-22,117.9,Clothing
CUST00246,2025-02-03,15.03,Travel
CUST00246,2025-07-30,16.94,Electronics
CUST00246,2024-07-29,74.35,Dining
CUST00246,2023-12-22,21.1,Travel
CUST00246,2024-11-21,7.98,Grocery
CUST00246,2024-10-08,168.52,Grocery
CUST00246,2024-10-02,69.09,Dining
CUST00246,2024-10-27,27.12,Dining
CUST00246,2024-01-01,12.84,Electronics
CUST00246,2024-02-16,38.77,Travel
CUST00246,2023-12-13,67.29,Grocery
CUST00246,2024-09-05,9.17,Grocery
CUST00246,2024-02-22,44.75,Grocery
CUST00246,2024-11-23,351.03,Clothing
CUST00246,2025-05-11,32.67,Clothing
CUST00246,2024-11-10,25.47,Travel
CUST00246,2024-11-26,99.3,Dining
CUST00246,2025-04-13,14.45,Grocery
CUST00246,2024-04-08,137.28,Dining
CUST00246,2024-11-10,11.07,Travel
CUST00246,2024-04-05,42.85,Clothing
CUST00246,2024-03-24,89.38,Dining
CUST00246,2025-03-08,359.43,Grocery
CUST00246,2025-06-21,430.47,Grocery
CUST00246,2025-07-01,243.59,Electronics
CUST00246,2024-06-09,348.65,Grocery
CUST00246,2025-07-28,28.65,Dining
CUST00246,2024-12-10,98.11,Electronics
CUST00246,2025-05-25,57.59,Travel
CUST00246,2023-12-17,344.85,Electronics
CUST00246,2025-05-12,311.13,Grocery
CUST00246,2024-05-19,17.33,Electronics
CUST00247,2023-08-06,60.09,Clothing
CUST00247,2021-09-05,66.4,Travel
CUST00247,2024-01-25,69.89,Travel
CUST00247,2021-10-24,155.74,Electronics
CUST00247,2023-05-16,37.43,Grocery
CUST00247,2023-05-28,26.22,Travel
CUST00247,2021-10-09,84.8,Travel
CUST00247,2023-10-01,123.45,Electronics
CUST00247,2025-02-09,17.66,Grocery
CUST00247,2021-08-18,27.19,Dining
CUST00247,2024-06-23,119.88,Dining
CUST00247,2025-02-26,229.6,Clothing
CUST00247,2022-08-08,18.11,Travel
CUST00247,2023-12-20,46.02,Dining
CUST00247,2021-05-29,159.25,Travel
CUST00247,2023-07-31,51.73,Electronics
CUST00247,2021-05-31,277.66,Dining
CUST00247,2024-02-22,28.4,Electronics
CUST00247,2022-11-05,151.02,Clothing
CUST00247,2021-06-09,285.15,Clothing
CUST00247,2024-12-02,112.45,Travel
CUST00247,2022-09-23,26.04,Grocery
CUST00247,2023-08-06,126.67,Grocery
CUST00247,2025-04-01,187.98,Dining
CUST00247,2022-03-03,25.8,Travel
CUST00247,2025-07-21,74.99,Electronics
CUST00247,2021-06-14,205.66,Dining
CUST00247,2022-02-28,171.31,Electronics
CUST00247,2021-09-25,14.42,Clothing
CUST00247,2021-05-03,162.13,Electronics
CUST00247,2021-06-25,93.49,Clothing
CUST00247,2022-06-30,21.63,Dining
CUST00247,2025-05-31,18.45,Travel
CUST00247,2024-05-01,140.38,Travel
CUST00247,2024-08-01,248.63,Grocery
CUST00247,2022-11-16,154.07,Dining
CUST00247,2022-06-27,15.94,Dining
CUST00247,2022-07-01,20.05,Grocery
CUST00247,2024-09-20,63.97,Grocery
CUST00247,2022-10-05,64.04,Grocery
CUST00247,2021-09-01,229.27,Clothing
CUST00247,2023-10-18,135.79,Dining
CUST00247,2024-11-03,51.45,Grocery
CUST00247,2023-12-07,15.77,Dining
CUST00247,2022-07-29,74.93,Travel
CUST00247,2024-01-24,98.69,Travel
CUST00247,2024-10-23,64.21,Dining
CUST00247,2021-12-25,141.96,Grocery
CUST00247,2025-04-22,23.49,Electronics
CUST00247,2024-11-22,105.95,Clothing
CUST00247,2021-12-26,175.02,Clothing
CUST00247,2024-05-08,5.78,Dining
CUST00247,2023-08-23,98.87,Dining
CUST00247,2025-02-03,28.98,Clothing
CUST00247,2025-05-15,30.9,Electronics
CUST00247,2022-02-09,163.21,Travel
CUST00247,2024-05-08,34.34,Electronics
CUST00247,2024-11-07,343.1,Travel
CUST00247,2023-06-18,21.16,Travel
CUST00247,2023-01-04,22.28,Electronics
CUST00247,2023-12-21,405.16,Electronics
CUST00247,2023-08-28,66.48,Travel
CUST00247,2025-06-16,103.02,Clothing
CUST00247,2024-11-20,11.95,Grocery
CUST00247,2024-06-20,17.61,Electronics
CUST00247,2022-11-14,284.84,Grocery
CUST00247,2021-08-15,397.55,Travel
CUST00247,2021-04-26,211.73,Travel
CUST00247,2021-10-25,10.44,Clothing
CUST00247,2024-08-03,87.4,Electronics
CUST00247,2022-10-21,195.31,Grocery
CUST00247,2021-05-26,37.76,Travel
CUST00247,2022-11-04,55.48,Electronics
CUST00247,2021-09-23,29.51,Clothing
CUST00247,2021-05-12,13.37,Travel
CUST00247,2024-08-26,58.87,Clothing
CUST00247,2023-09-04,110.83,Grocery
CUST00247,2022-11-17,88.41,Dining
CUST00247,2024-11-04,96.75,Dining
CUST00247,2022-06-28,22.27,Dining
CUST00247,2023-04-26,7.45,Clothing
CUST00247,2025-06-13,9.74,Clothing
CUST00247,2023-05-22,10.99,Clothing
CUST00247,2024-03-03,115.99,Electronics
CUST00247,2023-09-01,147.51,Dining
CUST00247,2022-04-23,95.15,Grocery
CUST00247,2023-02-26,395.75,Dining
CUST00247,2022-11-11,177.6,Grocery
CUST00247,2023-02-12,121.38,Electronics
CUST00247,2024-01-16,194.06,Grocery
CUST00247,2023-02-03,6.97,Electronics
CUST00247,2022-02-16,66.83,Electronics
CUST00247,2023-11-04,35.8,Clothing
CUST00247,2024-12-15,6.23,Clothing
CUST00247,2024-05-14,73.4,Clothing
CUST00247,2024-02-26,224.67,Electronics
CUST00247,2024-08-28,260.89,Electronics
CUST00247,2023-09-10,87.85,Clothing
CUST00247,2022-01-26,12.75,Grocery
CUST00247,2024-01-20,12.22,Dining
CUST00247,2025-05-03,105.97,Travel
CUST00247,2024-07-29,211.29,Grocery
CUST00247,2022-10-19,84.55,Dining
CUST00247,2021-09-01,71.84,Clothing
CUST00247,2024-12-26,125.19,Grocery
CUST00247,2024-05-18,255.71,Travel
CUST00247,2023-06-11,188.41,Dining
CUST00247,2024-08-23,25.05,Travel
CUST00247,2023-10-14,23.82,Grocery
CUST00248,2024-12-16,95.58,Electronics
CUST00248,2023-04-23,31.15,Dining
CUST00248,2024-07-01,88.12,Grocery
CUST00248,2023-06-28,77.05,Electronics
CUST00248,2024-01-03,28.07,Grocery
CUST00248,2023-04-03,47.49,Travel
CUST00248,2024-10-12,96.16,Dining
CUST00248,2024-08-23,24.38,Grocery
CUST00248,2024-07-02,68.6,Dining
CUST00248,2025-05-13,64.78,Electronics
CUST00248,2023-03-17,57.72,Electronics
CUST00248,2024-05-21,32.51,Dining
CUST00248,2024-02-16,5.32,Grocery
CUST00248,2024-10-02,50.18,Travel
CUST00248,2024-09-25,200.37,Travel
CUST00248,2024-10-16,63.64,Travel
CUST00248,2024-08-05,151.35,Dining
CUST00248,2024-11-13,187.13,Travel
CUST00248,2024-01-18,7.78,Grocery
CUST00248,2023-08-14,38.26,Travel
CUST00248,2023-05-30,83.94,Clothing
CUST00248,2023-09-21,18.77,Electronics
CUST00248,2024-11-18,20.29,Clothing
CUST00248,2023-11-01,18.58,Travel
CUST00248,2023-03-06,5.59,Electronics
CUST00248,2024-12-03,111.75,Travel
CUST00248,2023-05-07,17.86,Clothing
CUST00248,2023-07-09,130.94,Dining
CUST00248,2023-11-08,123.91,Clothing
CUST00248,2024-10-22,29.47,Travel
CUST00248,2025-02-11,51.21,Grocery
CUST00248,2023-12-10,12.63,Dining
CUST00248,2023-03-07,89.99,Electronics
CUST00248,2025-03-07,68.6,Electronics
CUST00248,2024-07-10,66.03,Clothing
CUST00248,2024-06-22,5.58,Clothing
CUST00248,2022-10-28,23.05,Dining
CUST00248,2023-11-16,158.31,Dining
CUST00248,2023-06-24,38.75,Travel
CUST00248,2025-04-04,78.07,Travel
CUST00248,2023-04-03,106.67,Travel
CUST00248,2024-07-26,41.57,Dining
CUST00248,2023-09-06,246.95,Clothing
CUST00248,2024-02-07,35.5,Electronics
CUST00248,2023-12-31,110.73,Grocery
CUST00248,2025-05-31,40.82,Clothing
CUST00248,2025-06-21,5.85,Grocery
CUST00248,2023-01-08,18.69,Grocery
CUST00248,2023-05-24,103.2,Grocery
CUST00248,2025-05-25,35.11,Travel
CUST00248,2025-02-08,73.3,Grocery
CUST00248,2023-04-08,80.06,Clothing
CUST00248,2024-01-30,28.72,Electronics
CUST00248,2023-07-20,308.39,Travel
CUST00248,2025-04-20,356.09,Travel
CUST00248,2022-12-06,205.65,Dining
CUST00248,2025-05-24,6.34,Travel
CUST00248,2024-03-22,211.94,Dining
CUST00248,2023-09-24,10.22,Clothing
CUST00248,2024-03-29,27.6,Clothing
CUST00248,2024-08-10,92.9,Travel
CUST00248,2023-09-15,35.69,Clothing
CUST00248,2024-10-17,48.24,Grocery
CUST00248,2024-02-23,305.1,Dining
CUST00248,2023-06-18,163.72,Dining
CUST00248,2025-07-01,80.1,Clothing
CUST00248,2025-02-02,48.72,Travel
CUST00248,2023-04-13,24.66,Clothing
CUST00248,2022-12-18,23.74,Grocery
CUST00248,2023-03-22,91.39,Dining
CUST00248,2024-12-09,58.74,Clothing
CUST00248,2024-03-08,90.28,Grocery
CUST00248,2023-01-29,35.06,Travel
CUST00248,2025-04-16,88.97,Dining
CUST00248,2024-10-10,58.9,Clothing
CUST00248,2022-11-13,53.88,Electronics
CUST00248,2023-02-07,15.46,Dining
CUST00248,2022-12-04,73.91,Electronics
CUST00248,2024-10-16,176.17,Clothing
CUST00248,2024-08-27,106.47,Clothing
CUST00248,2023-05-03,79.62,Dining
CUST00248,2023-04-26,129.71,Travel
CUST00248,2023-08-16,87.0,Clothing
CUST00248,2024-12-25,41.13,Grocery
CUST00248,2024-05-20,69.5,Electronics
CUST00248,2023-11-13,49.33,Electronics
CUST00248,2023-06-09,12.62,Clothing
CUST00248,2024-03-04,12.17,Dining
CUST00248,2025-07-28,122.25,Electronics
CUST00248,2023-02-10,20.08,Dining
CUST00248,2023-06-25,21.06,Grocery
CUST00248,2023-09-29,201.48,Electronics
CUST00248,2023-05-16,176.59,Clothing
CUST00248,2023-09-04,36.33,Grocery
CUST00248,2022-12-06,139.81,Dining
CUST00248,2023-02-26,189.38,Electronics
CUST00248,2024-11-19,143.11,Grocery
CUST00248,2024-04-20,178.91,Grocery
CUST00248,2024-02-08,25.37,Clothing
CUST00248,2023-01-19,6.82,Travel
CUST00248,2024-10-01,31.07,Travel
CUST00248,2024-04-13,54.72,Electronics
CUST00249,2025-07-02,74.14,Grocery
CUST00249,2025-07-27,134.11,Clothing
CUST00249,2025-07-10,60.34,Travel
CUST00249,2025-07-10,179.99,Electronics
CUST00249,2025-07-01,25.68,Electronics
CUST00249,2025-07-19,52.88,Dining
CUST00249,2025-07-13,73.8,Dining
CUST00249,2025-07-05,49.87,Travel
CUST00249,2025-07-08,21.3,Travel
CUST00249,2025-08-01,90.4,Clothing
CUST00249,2025-07-30,38.63,Grocery
CUST00249,2025-07-26,220.79,Travel
CUST00249,2025-07-01,39.01,Travel
CUST00249,2025-07-25,92.31,Clothing
CUST00249,2025-07-09,11.63,Grocery
CUST00249,2025-07-05,62.96,Grocery
CUST00249,2025-08-01,64.06,Clothing
CUST00249,2025-07-11,137.95,Clothing
CUST00249,2025-07-02,94.38,Clothing
CUST00249,2025-06-29,28.05,Travel
CUST00249,2025-07-28,105.31,Dining
CUST00249,2025-07-19,116.13,Clothing
CUST00249,2025-08-01,154.31,Clothing
CUST00249,2025-07-07,11.72,Dining
CUST00249,2025-07-07,87.47,Travel
