customer_id,txn_date,amount,category
CUST00249,2025-07-13,79.16,Clothing
CUST00249,2025-07-01,32.3,Dining
CUST00249,2025-06-29,14.6,Grocery
CUST00249,2025-07-12,128.77,Electronics
CUST00249,2025-07-28,23.15,Electronics
CUST00249,2025-07-17,11.15,Travel
CUST00249,2025-07-28,25.74,Electronics
CUST00249,2025-07-01,94.24,Grocery
CUST00249,2025-07-06,26.04,Clothing
CUST00249,2025-07-02,18.67,Clothing
CUST00249,2025-07-17,7.05,Grocery
CUST00249,2025-07-02,217.85,Travel
CUST00249,2025-07-01,103.9,Grocery
CUST00249,2025-07-24,48.56,Travel
CUST00249,2025-07-23,119.76,Travel
CUST00249,2025-08-01,74.82,Travel
CUST00249,2025-07-31,7.38,Dining
CUST00249,2025-07-16,226.36,Clothing
CUST00249,2025-07-05,39.52,Clothing
CUST00249,2025-07-17,90.93,Electronics
CUST00249,2025-07-13,50.17,Clothing
CUST00249,2025-07-24,5.9,Travel
CUST00249,2025-07-04,81.85,Grocery
CUST00249,2025-06-29,43.95,Travel
CUST00249,2025-07-25,9.2,Travel
CUST00249,2025-07-04,126.9,Dining
CUST00249,2025-06-29,6.04,Electronics
CUST00249,2025-07-30,195.06,Dining
CUST00249,2025-07-16,27.36,Grocery
CUST00249,2025-08-01,10.33,Travel
CUST00249,2025-07-10,237.45,Grocery
CUST00249,2025-07-12,70.66,Electronics
CUST00249,2025-08-01,196.06,Electronics
CUST00249,2025-07-09,346.29,Clothing
CUST00249,2025-07-05,69.74,Clothing
CUST00249,2025-07-02,133.05,Electronics
CUST00249,2025-07-24,126.69,Grocery
CUST00249,2025-07-06,312.26,Electronics
CUST00249,2025-07-20,62.36,Travel
CUST00249,2025-07-01,11.3,Grocery
CUST00249,2025-07-21,51.49,Clothing
CUST00249,2025-07-23,65.49,Clothing
CUST00249,2025-07-30,21.73,Grocery
CUST00249,2025-07-26,83.75,Dining
CUST00249,2025-07-22,23.36,Electronics
CUST00249,2025-07-18,148.9,Travel
CUST00249,2025-07-22,43.54,Travel
CUST00249,2025-07-19,125.72,Electronics
CUST00249,2025-07-10,34.03,Clothing
CUST00249,2025-07-08,34.39,Clothing
CUST00249,2025-07-08,145.82,Clothing
CUST00249,2025-07-12,166.75,Travel
CUST00249,2025-07-25,97.21,Electronics
CUST00249,2025-07-30,147.29,Clothing
CUST00249,2025-07-22,9.66,Travel
CUST00249,2025-07-31,55.64,Clothing
CUST00249,2025-07-31,9.28,Electronics
CUST00249,2025-07-14,53.38,Electronics
CUST00249,2025-07-02,221.1,Dining
CUST00249,2025-07-15,32.64,Dining
CUST00249,2025-07-27,80.84,Electronics
CUST00249,2025-07-24,164.83,Dining
CUST00249,2025-06-29,58.2,Dining
CUST00249,2025-07-08,289.4,Dining
CUST00249,2025-07-25,56.28,Electronics
CUST00249,2025-07-17,158.12,Electronics
CUST00249,2025-07-16,5.55,Travel
CUST00249,2025-07-16,107.0,Clothing
CUST00249,2025-06-29,55.82,Travel
CUST00249,2025-07-03,22.29,Electronics
CUST00249,2025-06-29,56.18,Dining
CUST00249,2025-07-11,141.35,Grocery
CUST00249,2025-07-24,42.74,Dining
CUST00249,2025-07-17,199.65,Clothing
CUST00249,2025-07-17,104.74,Electronics
CUST00249,2025-07-12,28.25,Dining
CUST00249,2025-07-20,21.26,Dining
CUST00249,2025-07-18,50.23,Grocery
CUST00249,2025-07-26,29.67,Clothing
CUST00249,2025-07-27,60.09,Travel
CUST00249,2025-07-16,321.73,Clothing
CUST00249,2025-07-27,48.8,Grocery
CUST00249,2025-07-01,9.31,Travel
CUST00249,2025-07-01,84.68,Travel
CUST00249,2025-07-29,108.59,Grocery
CUST00249,2025-07-17,56.68,Electronics
CUST00249,2025-08-01,62.36,Grocery
CUST00249,2025-07-12,35.92,Electronics
CUST00249,2025-07-18,80.28,Dining
CUST00249,2025-07-04,50.21,Travel
CUST00250,2023-07-10,72.46,Dining
CUST00250,2024-05-10,43.18,Grocery
CUST00250,2023-08-13,51.73,Electronics
CUST00250,2023-07-06,136.9,Clothing
CUST00250,2024-03-24,43.46,Grocery
CUST00250,2025-01-01,55.56,Electronics
CUST00250,2023-12-08,47.49,Grocery
CUST00250,2024-11-28,11.61,Dining
CUST00250,2024-12-24,84.32,Grocery
CUST00250,2024-04-07,7.49,Clothing
CUST00250,2024-11-06,6.27,Travel
CUST00250,2023-10-14,50.35,Travel
CUST00250,2023-12-28,51.05,Clothing
CUST00250,2024-06-22,72.74,Clothing
CUST00250,2023-07-25,72.12,Travel
CUST00250,2023-09-01,63.45,Electronics
CUST00250,2025-01-23,72.9,Electronics
CUST00250,2024-01-25,217.77,Electronics
CUST00250,2024-05-08,113.43,Grocery
CUST00250,2024-01-20,48.49,Dining
CUST00250,2024-08-28,71.05,Dining
CUST00250,2024-04-04,216.74,Electronics
CUST00250,2023-11-02,29.1,Dining
CUST00250,2025-03-10,12.95,Clothing
CUST00250,2024-07-01,6.54,Electronics
CUST00250,2023-09-10,187.24,Travel
CUST00250,2025-05-19,93.58,Grocery
CUST00250,2025-04-09,84.36,Travel
CUST00250,2023-10-12,27.39,Travel
CUST00250,2025-04-08,62.4,Electronics
CUST00250,2023-12-25,113.2,Electronics
CUST00250,2023-12-01,12.07,Dining
CUST00250,2024-08-20,12.31,Grocery
CUST00250,2023-08-29,83.93,Electronics
CUST00250,2024-01-25,25.81,Electronics
CUST00250,2024-09-12,74.3,Electronics
CUST00250,2025-01-05,197.56,Grocery
CUST00250,2024-02-17,91.65,Dining
CUST00250,2024-05-23,164.2,Grocery
CUST00250,2025-03-19,182.49,Travel
CUST00250,2025-03-07,100.92,Clothing
CUST00250,2025-01-14,80.06,Dining
CUST00250,2024-01-13,123.7,Grocery
CUST00250,2024-02-01,81.73,Clothing
CUST00250,2025-03-23,72.94,Clothing
CUST00250,2024-03-31,147.83,Travel
CUST00250,2025-03-05,11.96,Grocery
CUST00250,2024-12-19,50.59,Clothing
CUST00250,2024-06-13,114.21,Electronics
CUST00250,2023-07-05,65.78,Dining
CUST00250,2024-08-13,55.41,Dining
CUST00250,2025-05-11,106.29,Electronics
CUST00250,2025-07-02,136.81,Dining
CUST00250,2023-12-25,22.33,Travel
CUST00250,2024-05-30,102.74,Grocery
CUST00250,2023-08-08,43.54,Grocery
CUST00250,2025-04-21,47.02,Travel
CUST00250,2024-02-15,103.97,Electronics
CUST00250,2023-10-07,280.29,Electronics
CUST00250,2024-02-25,173.29,Dining
CUST00250,2024-04-15,35.25,Travel
CUST00250,2025-01-05,17.71,Dining
CUST00250,2023-10-21,15.15,Grocery
CUST00250,2025-01-03,43.76,Electronics
CUST00250,2024-02-06,291.17,Clothing
CUST00250,2023-11-23,34.65,Electronics
CUST00250,2025-07-10,31.48,Travel
CUST00250,2024-06-14,12.03,Travel
CUST00250,2025-05-24,26.79,Electronics
CUST00250,2024-12-27,91.97,Dining
CUST00250,2024-09-22,21.81,Clothing
CUST00250,2023-09-19,131.78,Electronics
CUST00250,2024-02-06,125.27,Dining
CUST00250,2024-03-03,27.77,Grocery
CUST00250,2025-07-08,9.64,Dining
CUST00250,2023-09-10,45.0,Grocery
CUST00250,2024-08-05,11.26,Travel
CUST00250,2024-01-31,8.93,Electronics
CUST00250,2024-01-01,50.83,Dining
CUST00250,2025-07-31,6.57,Clothing
CUST00250,2025-01-02,59.74,Dining
CUST00250,2024-03-31,85.62,Dining
CUST00250,2023-08-29,35.02,Clothing
CUST00250,2023-08-02,190.46,Travel
CUST00250,2024-06-14,109.11,Travel
CUST00250,2024-07-19,26.83,Clothing
CUST00250,2024-05-26,59.01,Electronics
CUST00250,2025-06-26,144.57,Clothing
CUST00250,2025-02-26,46.5,Grocery
CUST00250,2024-09-09,123.22,Travel
CUST00250,2024-04-28,103.52,Clothing
CUST00250,2024-08-12,108.53,Electronics
CUST00250,2024-09-30,243.54,Grocery
CUST00250,2024-07-19,11.17,Grocery
CUST00250,2023-08-20,19.66,Grocery
CUST00250,2024-09-04,19.7,Grocery
CUST00250,2024-01-04,75.31,Grocery
CUST00250,2024-11-22,103.03,Travel
CUST00250,2024-11-06,140.05,Dining
CUST00250,2024-04-13,69.18,Dining
CUST00250,2024-01-31,6.86,Dining
CUST00250,2025-05-12,88.06,Travel
CUST00250,2024-12-02,76.75,Travel
CUST00250,2023-10-10,55.4,Clothing
CUST00250,2024-05-03,60.18,Clothing
CUST00250,2024-03-07,146.53,Grocery
CUST00250,2024-06-04,24.43,Dining
CUST00250,2024-07-26,20.38,Electronics
CUST00250,2024-06-30,40.91,Electronics
CUST00250,2024-01-16,47.48,Grocery
CUST00250,2023-10-19,95.16,Grocery
CUST00250,2023-10-18,64.82,Travel
CUST00250,2023-11-27,15.41,Travel
CUST00250,2025-03-17,34.55,Travel
CUST00250,2025-02-08,13.76,Clothing
CUST00250,2025-05-11,77.63,Grocery
CUST00250,2025-07-30,40.15,Grocery
CUST00250,2025-07-29,50.21,Travel
CUST00250,2025-01-21,192.11,Dining
CUST00250,2024-12-27,47.85,Electronics
CUST00250,2024-04-03,196.37,Grocery
CUST00250,2024-12-22,21.88,Travel
CUST00250,2025-02-01,16.62,Grocery
CUST00250,2024-06-23,250.04,Clothing
CUST00250,2024-10-27,33.68,Grocery
CUST00250,2024-08-03,16.73,Electronics
CUST00251,2024-09-03,13.9,Clothing
CUST00251,2023-08-16,25.25,Dining
CUST00251,2024-02-07,48.73,Dining
CUST00251,2023-11-29,97.8,Travel
CUST00251,2025-03-25,143.28,Clothing
CUST00251,2023-07-15,28.73,Travel
CUST00251,2023-10-27,10.21,Grocery
CUST00251,2023-06-23,15.03,Travel
CUST00251,2024-04-02,171.74,Dining
CUST00251,2023-09-04,141.82,Clothing
CUST00251,2025-01-01,135.57,Clothing
CUST00251,2025-02-27,64.97,Grocery
CUST00251,2024-04-12,119.9,Grocery
CUST00251,2023-08-18,23.69,Grocery
CUST00251,2024-12-22,45.55,Clothing
CUST00251,2024-07-21,79.67,Clothing
CUST00251,2023-05-27,20.59,Electronics
CUST00251,2023-06-23,14.26,Travel
CUST00251,2024-04-02,53.47,Travel
CUST00251,2023-05-04,152.47,Dining
CUST00251,2023-05-13,65.65,Travel
CUST00251,2023-11-10,65.46,Travel
CUST00251,2023-09-15,67.69,Grocery
CUST00251,2025-04-21,19.62,Clothing
CUST00251,2024-09-23,53.08,Grocery
CUST00251,2023-10-09,34.28,Grocery
CUST00251,2024-03-22,123.21,Grocery
CUST00251,2024-07-09,126.58,Grocery
CUST00251,2023-07-31,57.0,Electronics
CUST00251,2023-07-03,76.07,Electronics
CUST00251,2024-04-05,8.85,Grocery
CUST00251,2023-10-13,67.19,Electronics
CUST00251,2024-10-24,50.65,Grocery
CUST00251,2025-04-03,36.61,Travel
CUST00251,2024-08-30,57.1,Clothing
CUST00251,2024-01-20,19.22,Clothing
CUST00251,2025-03-24,91.18,Travel
CUST00251,2025-07-11,66.92,Travel
CUST00251,2023-06-05,126.08,Travel
CUST00251,2024-07-05,218.27,Grocery
CUST00251,2023-12-05,310.67,Grocery
CUST00251,2024-06-03,97.92,Dining
CUST00251,2024-07-01,88.76,Electronics
CUST00251,2025-05-12,65.31,Electronics
CUST00251,2024-05-12,96.19,Travel
CUST00251,2023-12-14,56.6,Grocery
CUST00251,2024-12-13,355.71,Clothing
CUST00251,2025-01-16,54.97,Electronics
CUST00251,2024-11-27,322.98,Travel
CUST00251,2023-12-28,145.62,Clothing
CUST00251,2024-01-03,24.3,Clothing
CUST00251,2024-08-25,77.08,Grocery
CUST00251,2024-05-01,153.62,Grocery
CUST00251,2025-01-23,44.72,Electronics
CUST00251,2024-07-28,134.84,Travel
CUST00251,2024-01-11,161.1,Electronics
CUST00251,2025-02-25,60.53,Travel
CUST00251,2025-05-31,10.76,Electronics
CUST00251,2024-12-31,76.22,Electronics
CUST00251,2024-11-26,88.28,Clothing
CUST00251,2023-07-25,16.27,Clothing
CUST00251,2023-06-09,66.63,Electronics
CUST00251,2025-04-24,54.73,Dining
CUST00251,2025-04-27,42.15,Travel
CUST00251,2024-01-20,18.5,Electronics
CUST00251,2023-06-20,22.85,Electronics
CUST00251,2024-08-15,8.5,Grocery
CUST00251,2024-09-13,164.11,Electronics
CUST00251,2025-01-10,15.72,Dining
CUST00251,2023-06-15,17.89,Electronics
CUST00251,2025-01-03,59.56,Dining
CUST00251,2025-04-02,394.1,Clothing
CUST00251,2024-04-14,176.42,Electronics
CUST00251,2025-07-19,30.74,Travel
CUST00251,2024-10-30,65.88,Grocery
CUST00251,2024-11-07,36.52,Grocery
CUST00251,2024-12-14,113.17,Grocery
CUST00251,2023-09-29,64.97,Electronics
CUST00251,2023-05-03,152.81,Clothing
CUST00251,2024-10-29,239.98,Grocery
CUST00251,2024-01-30,45.03,Clothing
CUST00251,2024-09-18,21.72,Grocery
CUST00251,2025-03-04,70.01,Grocery
CUST00251,2025-04-01,75.53,Clothing
CUST00251,2023-05-02,159.81,Clothing
CUST00251,2023-12-17,64.84,Dining
CUST00251,2025-07-20,33.64,Travel
CUST00251,2024-01-18,8.83,Clothing
CUST00251,2023-10-05,99.86,Dining
CUST00251,2024-06-09,44.03,Travel
CUST00251,2023-12-09,189.07,Dining
CUST00251,2023-06-01,90.69,Grocery
CUST00251,2023-10-17,45.39,Grocery
CUST00251,2024-04-23,61.77,Clothing
CUST00251,2025-07-28,68.35,Clothing
CUST00251,2023-06-11,106.86,Electronics
CUST00251,2024-02-08,27.5,Travel
CUST00251,2024-02-24,19.77,Electronics
CUST00251,2024-10-28,75.33,Clothing
CUST00251,2024-02-17,118.74,Dining
CUST00251,2024-02-23,54.7,Grocery
CUST00251,2024-08-16,109.98,Dining
CUST00251,2024-08-02,44.08,Electronics
CUST00252,2024-03-08,40.77,Dining
CUST00252,2025-01-27,9.37,Travel
CUST00252,2024-07-19,247.56,Grocery
CUST00252,2025-07-31,10.81,Travel
CUST00252,2024-06-15,36.32,Grocery
CUST00252,2023-03-15,22.01,Clothing
CUST00252,2024-09-07,29.26,Dining
CUST00252,2023-11-04,57.94,Travel
CUST00252,2024-09-07,75.29,Electronics
CUST00252,2024-05-26,16.22,Dining
CUST00252,2023-01-08,26.82,Clothing
CUST00252,2022-12-26,61.3,Dining
CUST00252,2025-05-26,162.21,Clothing
CUST00252,2025-03-08,28.62,Clothing
CUST00252,2023-02-22,27.02,Grocery
CUST00252,2022-12-12,25.8,Grocery
CUST00252,2024-02-19,57.08,Electronics
CUST00252,2025-03-20,22.85,Grocery
CUST00252,2025-04-22,41.96,Travel
CUST00252,2025-05-24,10.49,Clothing
CUST00252,2023-09-23,37.16,Travel
CUST00252,2023-01-25,142.04,Electronics
CUST00252,2024-10-10,8.54,Electronics
CUST00252,2024-11-11,220.65,Clothing
CUST00252,2024-04-14,73.04,Electronics
CUST00252,2023-02-12,140.3,Clothing
CUST00252,2024-02-07,17.56,Dining
CUST00252,2025-03-07,31.79,Electronics
CUST00252,2024-12-02,218.65,Grocery
CUST00252,2025-02-18,17.33,Dining
CUST00252,2024-07-12,89.89,Travel
CUST00252,2024-07-21,141.36,Clothing
CUST00252,2023-10-01,37.89,Clothing
CUST00252,2022-12-26,39.3,Clothing
CUST00252,2024-02-17,29.65,Electronics
CUST00252,2023-12-29,7.77,Travel
CUST00252,2024-02-18,9.04,Travel
CUST00252,2023-04-14,20.51,Dining
CUST00252,2023-10-23,20.43,Grocery
CUST00252,2024-02-09,22.95,Electronics
CUST00252,2023-10-23,64.82,Clothing
CUST00252,2024-05-08,60.71,Clothing
CUST00252,2023-04-17,40.76,Electronics
CUST00252,2022-11-27,8.31,Dining
CUST00252,2024-12-18,112.34,Clothing
CUST00252,2023-02-16,22.84,Grocery
CUST00252,2023-11-09,209.55,Clothing
CUST00252,2023-07-11,46.47,Dining
CUST00252,2024-02-09,207.5,Electronics
CUST00252,2023-01-14,46.44,Travel
CUST00252,2024-08-31,58.12,Travel
CUST00252,2023-09-29,19.35,Grocery
CUST00252,2023-03-17,140.03,Electronics
CUST00252,2023-03-02,77.26,Dining
CUST00252,2023-03-16,54.42,Clothing
CUST00252,2023-09-30,36.4,Grocery
CUST00252,2023-03-28,9.01,Grocery
CUST00252,2023-10-09,165.33,Travel
CUST00252,2024-10-06,36.3,Electronics
CUST00252,2024-08-06,65.85,Clothing
CUST00252,2023-01-13,65.48,Clothing
CUST00252,2024-07-24,153.51,Travel
CUST00252,2025-07-07,10.57,Grocery
CUST00252,2025-07-05,111.33,Clothing
CUST00252,2023-05-01,36.04,Dining
CUST00252,2024-06-29,10.58,Electronics
CUST00252,2024-12-26,31.66,Travel
CUST00252,2024-09-11,79.41,Clothing
CUST00252,2023-05-19,42.41,Grocery
CUST00252,2023-12-09,241.5,Dining
CUST00252,2024-10-10,97.82,Grocery
CUST00252,2025-05-09,114.3,Travel
CUST00252,2023-11-23,86.67,Grocery
CUST00252,2023-05-10,183.1,Electronics
CUST00252,2023-08-13,78.83,Grocery
CUST00252,2025-06-14,236.43,Travel
CUST00252,2023-04-22,186.69,Grocery
CUST00252,2023-03-20,37.11,Dining
CUST00252,2024-12-20,334.47,Electronics
CUST00252,2023-10-23,209.65,Travel
CUST00252,2023-07-01,8.59,Dining
CUST00252,2022-11-28,168.49,Clothing
CUST00252,2023-08-28,167.7,Electronics
CUST00252,2024-02-27,54.94,Grocery
CUST00252,2024-07-30,306.95,Electronics
CUST00252,2025-04-09,36.12,Grocery
CUST00252,2023-12-18,271.72,Travel
CUST00252,2024-10-23,105.4,Grocery
CUST00252,2024-08-11,351.91,Electronics
CUST00252,2022-11-08,40.31,Grocery
CUST00252,2023-01-16,32.0,Clothing
CUST00252,2022-11-29,11.19,Grocery
CUST00252,2023-10-02,44.56,Dining
CUST00252,2023-03-31,112.4,Clothing
CUST00252,2023-12-12,17.84,Grocery
CUST00252,2023-11-01,21.65,Travel
CUST00252,2024-07-23,193.43,Grocery
CUST00252,2025-05-01,67.5,Dining
CUST00252,2024-04-17,46.47,Dining
CUST00252,2025-07-23,50.76,Grocery
CUST00252,2024-11-06,59.27,Grocery
CUST00252,2023-03-28,13.38,Travel
CUST00252,2023-10-14,145.04,Travel
CUST00252,2024-08-24,128.58,Grocery
CUST00252,2023-11-23,130.02,Electronics
CUST00252,2024-12-21,10.48,Travel
CUST00252,2023-02-03,9.9,Grocery
CUST00253,2025-07-20,106.47,Grocery
CUST00253,2025-07-23,49.2,Electronics
CUST00253,2025-06-28,97.37,Grocery
CUST00253,2025-06-28,51.19,Electronics
CUST00253,2025-07-28,173.86,Clothing
CUST00253,2025-06-21,176.96,Grocery
CUST00253,2025-06-17,149.86,Clothing
CUST00253,2025-05-28,21.54,Travel
CUST00253,2025-06-17,69.91,Dining
CUST00253,2025-06-12,19.18,Travel
CUST00253,2025-07-04,463.5,Clothing
CUST00253,2025-06-18,83.83,Grocery
CUST00253,2025-07-01,434.52,Clothing
CUST00253,2025-07-15,38.2,Grocery
CUST00253,2025-05-30,136.95,Dining
CUST00253,2025-07-17,7.79,Grocery
CUST00253,2025-07-14,21.12,Electronics
CUST00253,2025-08-01,66.41,Clothing
CUST00253,2025-06-17,114.64,Grocery
CUST00253,2025-07-10,83.41,Dining
CUST00253,2025-05-30,27.65,Electronics
CUST00253,2025-06-17,95.3,Travel
CUST00253,2025-06-11,327.95,Grocery
CUST00253,2025-06-16,114.76,Travel
CUST00253,2025-05-29,93.88,Grocery
CUST00253,2025-06-27,169.73,Clothing
CUST00253,2025-07-12,8.51,Clothing
CUST00253,2025-06-26,86.81,Dining
CUST00253,2025-08-01,163.76,Grocery
CUST00253,2025-07-30,106.52,Clothing
CUST00253,2025-07-27,43.48,Clothing
CUST00253,2025-07-02,90.79,Dining
CUST00253,2025-06-10,14.05,Grocery
CUST00253,2025-06-12,34.79,Clothing
CUST00253,2025-07-28,161.65,Grocery
CUST00253,2025-07-19,88.01,Dining
CUST00253,2025-05-30,12.97,Grocery
CUST00253,2025-06-04,356.9,Dining
CUST00253,2025-07-04,12.4,Dining
CUST00253,2025-07-05,21.41,Travel
CUST00253,2025-06-17,42.33,Dining
CUST00253,2025-07-07,20.36,Grocery
CUST00253,2025-06-03,113.38,Travel
CUST00253,2025-07-19,153.7,Travel
CUST00253,2025-06-15,89.57,Clothing
CUST00253,2025-06-13,151.27,Dining
CUST00253,2025-05-31,137.62,Electronics
CUST00253,2025-07-28,243.66,Grocery
CUST00253,2025-05-28,51.23,Travel
CUST00253,2025-06-23,68.01,Clothing
CUST00253,2025-07-10,43.24,Electronics
CUST00253,2025-06-06,91.9,Electronics
CUST00253,2025-06-02,39.7,Clothing
CUST00253,2025-06-22,76.75,Electronics
CUST00253,2025-06-16,34.14,Electronics
CUST00253,2025-06-20,291.1,Electronics
CUST00253,2025-06-23,6.12,Clothing
CUST00253,2025-07-15,129.38,Grocery
CUST00253,2025-07-24,25.1,Grocery
CUST00253,2025-06-19,21.64,Travel
CUST00253,2025-07-03,63.47,Clothing
CUST00253,2025-06-09,103.53,Grocery
CUST00253,2025-07-18,72.58,Electronics
CUST00253,2025-07-18,69.17,Grocery
CUST00253,2025-05-31,42.81,Electronics
CUST00253,2025-07-13,9.08,Clothing
CUST00253,2025-07-12,196.47,Dining
CUST00253,2025-06-06,77.75,Electronics
CUST00253,2025-06-08,221.97,Travel
CUST00253,2025-07-15,114.17,Clothing
CUST00253,2025-07-06,45.61,Clothing
CUST00253,2025-07-31,21.61,Travel
CUST00253,2025-06-26,128.07,Clothing
CUST00253,2025-07-03,55.43,Travel
CUST00253,2025-06-16,18.73,Electronics
CUST00253,2025-07-07,102.96,Dining
CUST00253,2025-07-28,56.22,Clothing
CUST00253,2025-07-17,141.34,Travel
CUST00253,2025-06-02,146.52,Grocery
CUST00253,2025-07-28,369.46,Clothing
CUST00253,2025-07-19,58.08,Clothing
CUST00253,2025-06-11,138.69,Dining
CUST00253,2025-06-21,133.35,Clothing
CUST00253,2025-06-20,11.28,Travel
CUST00253,2025-07-17,54.75,Clothing
CUST00253,2025-06-07,58.41,Travel
CUST00253,2025-06-25,17.0,Electronics
CUST00253,2025-06-19,102.19,Electronics
CUST00253,2025-07-02,138.97,Dining
CUST00253,2025-07-29,22.58,Travel
CUST00253,2025-07-12,23.7,Electronics
CUST00253,2025-07-06,93.33,Clothing
CUST00253,2025-07-28,161.98,Electronics
CUST00253,2025-07-10,32.35,Clothing
CUST00253,2025-06-17,398.04,Grocery
CUST00253,2025-06-11,27.11,Grocery
CUST00253,2025-07-21,387.96,Travel
CUST00253,2025-07-15,191.68,Dining
CUST00253,2025-06-04,11.35,Travel
CUST00253,2025-07-29,76.53,Travel
CUST00253,2025-07-14,10.44,Clothing
CUST00253,2025-07-22,37.38,Travel
CUST00254,2024-03-14,12.8,Dining
CUST00254,2023-08-31,150.73,Clothing
CUST00254,2024-08-18,207.92,Grocery
CUST00254,2024-12-19,26.12,Dining
CUST00254,2023-08-26,20.2,Electronics
CUST00254,2024-12-27,27.84,Dining
CUST00254,2024-08-02,109.94,Grocery
CUST00254,2025-01-18,37.26,Grocery
CUST00254,2023-07-21,69.19,Clothing
CUST00254,2024-03-11,27.78,Dining
CUST00254,2024-11-25,18.11,Grocery
CUST00254,2023-09-20,100.97,Clothing
CUST00254,2025-02-03,63.59,Electronics
CUST00254,2025-03-23,26.7,Dining
CUST00254,2024-07-26,54.65,Electronics
CUST00254,2024-12-05,184.47,Dining
CUST00254,2024-04-01,48.75,Electronics
CUST00254,2023-11-08,6.97,Electronics
CUST00254,2023-08-01,61.74,Clothing
CUST00254,2024-12-15,40.79,Electronics
CUST00254,2024-01-22,66.78,Travel
CUST00254,2024-03-16,70.67,Dining
CUST00254,2025-02-17,5.19,Clothing
CUST00254,2023-11-06,35.45,Dining
CUST00254,2024-03-13,40.24,Electronics
CUST00254,2024-03-03,55.72,Electronics
CUST00254,2023-10-08,153.1,Clothing
CUST00254,2025-04-29,172.87,Electronics
CUST00254,2024-05-19,30.58,Electronics
CUST00254,2025-05-23,70.71,Dining
CUST00254,2023-07-20,11.25,Clothing
CUST00254,2023-08-16,6.29,Electronics
CUST00254,2025-01-31,79.87,Travel
CUST00254,2025-05-06,98.05,Travel
CUST00254,2024-02-04,65.46,Travel
CUST00254,2025-02-19,119.93,Travel
CUST00254,2024-09-13,141.85,Electronics
CUST00254,2024-02-28,53.57,Dining
CUST00254,2023-12-12,73.99,Travel
CUST00254,2024-11-02,16.24,Grocery
CUST00254,2023-06-04,11.29,Dining
CUST00254,2023-11-09,20.32,Clothing
CUST00254,2024-09-21,53.88,Travel
CUST00254,2024-09-24,192.1,Dining
CUST00254,2024-02-05,22.64,Grocery
CUST00254,2024-03-05,112.99,Clothing
CUST00254,2024-12-30,35.04,Electronics
CUST00254,2024-08-19,16.72,Grocery
CUST00254,2023-05-23,22.45,Electronics
CUST00254,2025-03-08,14.04,Clothing
CUST00254,2024-09-13,177.09,Dining
CUST00254,2024-10-25,12.36,Grocery
CUST00254,2024-02-27,253.19,Electronics
CUST00254,2025-01-20,178.38,Clothing
CUST00254,2024-09-18,173.28,Dining
CUST00254,2024-07-28,47.85,Travel
CUST00254,2025-07-15,124.09,Clothing
CUST00254,2024-01-21,135.67,Travel
CUST00254,2024-09-25,164.69,Travel
CUST00254,2024-06-08,137.23,Dining
CUST00254,2024-11-23,34.68,Grocery
CUST00254,2024-05-09,24.55,Dining
CUST00254,2024-10-19,91.35,Clothing
CUST00254,2023-12-01,44.22,Dining
CUST00254,2023-12-09,20.39,Dining
CUST00254,2024-12-07,21.1,Grocery
CUST00254,2023-07-24,111.32,Clothing
CUST00254,2024-05-11,180.82,Grocery
CUST00254,2024-03-13,76.45,Electronics
CUST00254,2025-07-26,58.78,Dining
CUST00254,2023-11-05,93.64,Dining
CUST00254,2025-01-10,61.05,Electronics
CUST00254,2024-10-29,123.41,Travel
CUST00254,2023-12-19,134.6,Dining
CUST00254,2023-08-08,67.59,Grocery
CUST00254,2024-08-28,114.45,Dining
CUST00254,2024-04-15,103.58,Clothing
CUST00254,2024-08-23,72.07,Dining
CUST00254,2025-01-15,108.61,Grocery
CUST00254,2025-04-30,60.02,Travel
CUST00254,2023-10-09,80.44,Travel
CUST00254,2024-12-21,79.28,Electronics
CUST00254,2024-01-03,246.57,Grocery
CUST00254,2024-06-18,216.56,Clothing
CUST00254,2024-10-25,156.72,Dining
CUST00254,2025-03-11,176.14,Electronics
CUST00254,2025-05-19,155.76,Clothing
CUST00254,2024-05-20,84.37,Clothing
CUST00254,2023-11-28,60.71,Clothing
CUST00254,2024-04-29,53.46,Travel
CUST00254,2023-06-22,24.27,Travel
CUST00254,2024-07-09,49.19,Travel
CUST00254,2024-04-25,68.37,Travel
CUST00254,2023-07-03,171.03,Dining
CUST00254,2024-04-04,164.25,Clothing
CUST00254,2023-09-30,41.87,Grocery
CUST00254,2025-05-30,69.12,Clothing
CUST00254,2024-12-07,22.95,Travel
CUST00254,2023-12-16,212.66,Dining
CUST00254,2024-08-27,232.46,Travel
CUST00254,2024-04-19,28.11,Travel
CUST00254,2024-05-26,195.46,Travel
CUST00254,2024-02-19,43.29,Electronics
CUST00254,2024-07-29,52.47,Dining
CUST00254,2024-02-07,270.77,Electronics
CUST00254,2024-07-28,91.46,Dining
CUST00254,2024-05-10,20.4,Dining
CUST00254,2025-02-16,124.91,Travel
CUST00254,2024-08-20,142.16,Travel
CUST00254,2023-05-25,100.12,Dining
CUST00254,2024-04-28,7.92,Dining
CUST00255,2024-10-21,45.41,Grocery
CUST00255,2025-02-02,25.19,Clothing
CUST00255,2025-01-06,108.17,Dining
CUST00255,2024-11-16,11.61,Travel
CUST00255,2024-11-02,31.31,Grocery
CUST00255,2024-08-10,64.46,Dining
CUST00255,2024-02-21,83.82,Grocery
CUST00255,2025-07-03,25.28,Travel
CUST00255,2025-06-07,91.31,Dining
CUST00255,2025-01-10,54.58,Electronics
CUST00255,2024-08-10,72.71,Grocery
CUST00255,2025-05-22,86.16,Electronics
CUST00255,2024-05-30,11.62,Electronics
CUST00255,2025-04-22,21.32,Electronics
CUST00255,2024-11-08,169.98,Clothing
CUST00255,2024-12-28,35.47,Grocery
CUST00255,2024-04-01,41.36,Dining
CUST00255,2024-05-13,199.61,Grocery
CUST00255,2025-06-03,181.26,Travel
CUST00255,2024-08-01,71.26,Travel
CUST00255,2025-07-18,25.56,Grocery
CUST00255,2024-05-19,31.46,Clothing
CUST00255,2024-06-29,97.12,Grocery
CUST00255,2025-03-02,43.23,Travel
CUST00255,2024-05-08,22.99,Grocery
CUST00255,2024-08-20,31.08,Travel
CUST00255,2024-12-05,66.11,Clothing
CUST00255,2024-07-04,31.67,Electronics
CUST00255,2025-07-31,25.77,Grocery
CUST00255,2024-02-23,136.62,Electronics
CUST00255,2024-09-09,75.35,Electronics
CUST00255,2025-07-20,58.34,Dining
CUST00255,2025-06-08,223.09,Clothing
CUST00255,2025-05-24,187.9,Dining
CUST00255,2025-05-01,6.66,Dining
CUST00255,2025-04-17,66.87,Travel
CUST00255,2025-07-04,66.75,Dining
CUST00255,2024-07-09,200.82,Dining
CUST00255,2024-05-09,72.89,Clothing
CUST00255,2025-01-06,18.08,Travel
CUST00255,2024-05-16,272.65,Grocery
CUST00255,2025-06-06,57.95,Dining
CUST00255,2025-03-15,85.91,Dining
CUST00255,2025-01-22,47.81,Travel
CUST00255,2024-07-23,25.56,Dining
CUST00255,2024-12-29,7.43,Clothing
CUST00255,2024-07-14,112.47,Clothing
CUST00255,2024-06-01,42.87,Electronics
CUST00255,2025-02-27,131.63,Electronics
CUST00255,2024-12-21,138.25,Clothing
CUST00255,2024-05-05,232.81,Clothing
CUST00255,2025-06-28,10.14,Grocery
CUST00255,2024-02-08,20.5,Clothing
CUST00255,2024-03-01,313.34,Dining
CUST00255,2024-05-24,205.52,Clothing
CUST00255,2025-02-16,128.07,Travel
CUST00255,2024-02-14,241.28,Travel
CUST00255,2024-11-24,24.43,Clothing
CUST00255,2024-05-27,156.23,Grocery
CUST00255,2024-09-06,58.0,Electronics
CUST00255,2025-02-11,9.97,Electronics
CUST00255,2024-08-18,179.02,Dining
CUST00255,2024-10-06,62.65,Grocery
CUST00255,2025-05-23,87.7,Electronics
CUST00255,2024-03-06,84.78,Electronics
CUST00255,2025-05-23,152.97,Dining
CUST00255,2024-03-21,12.02,Travel
CUST00255,2025-07-07,89.33,Clothing
CUST00255,2024-04-20,8.33,Dining
CUST00255,2025-03-16,210.13,Travel
CUST00255,2025-07-22,144.65,Travel
CUST00255,2024-12-29,18.24,Grocery
CUST00255,2025-04-02,62.53,Electronics
CUST00255,2024-11-24,95.92,Clothing
CUST00255,2025-04-16,51.48,Travel
CUST00255,2025-05-13,46.79,Electronics
CUST00255,2024-05-20,85.56,Dining
CUST00255,2024-10-24,7.27,Dining
CUST00255,2024-01-23,33.69,Clothing
CUST00255,2024-11-13,58.88,Travel
CUST00255,2025-05-13,28.09,Dining
CUST00255,2024-02-20,64.06,Grocery
CUST00255,2024-09-22,257.31,Grocery
CUST00255,2024-04-13,73.46,Electronics
CUST00255,2024-04-18,30.13,Dining
CUST00255,2025-02-28,59.74,Grocery
CUST00255,2024-02-24,14.31,Clothing
CUST00255,2025-06-28,32.38,Dining
CUST00255,2024-07-26,31.44,Dining
CUST00255,2024-11-13,5.78,Grocery
CUST00255,2025-04-08,9.07,Grocery
CUST00255,2024-06-25,45.96,Clothing
CUST00256,2022-05-07,16.78,Travel
CUST00256,2023-08-13,131.8,Grocery
CUST00256,2023-05-27,319.24,Travel
CUST00256,2021-09-05,89.53,Travel
CUST00256,2024-09-04,158.17,Electronics
CUST00256,2023-11-12,60.08,Electronics
CUST00256,2021-05-23,153.38,Dining
CUST00256,2023-07-16,333.45,Travel
CUST00256,2021-09-11,74.24,Dining
CUST00256,2025-03-09,134.79,Clothing
CUST00256,2021-05-09,43.77,Grocery
CUST00256,2022-12-15,116.53,Dining
CUST00256,2023-08-09,174.56,Grocery
CUST00256,2024-04-18,15.9,Grocery
CUST00256,2023-09-10,152.83,Travel
CUST00256,2021-07-11,38.06,Clothing
CUST00256,2022-09-22,36.78,Travel
CUST00256,2024-09-18,23.23,Electronics
CUST00256,2024-04-16,32.02,Clothing
CUST00256,2021-03-15,263.3,Grocery
CUST00256,2025-06-06,32.46,Clothing
CUST00256,2024-12-12,29.14,Dining
CUST00256,2024-08-15,63.4,Electronics
CUST00256,2022-01-27,288.49,Electronics
CUST00256,2021-11-07,142.91,Grocery
CUST00256,2025-06-19,25.82,Dining
CUST00256,2021-09-03,12.93,Travel
CUST00256,2023-08-13,51.42,Grocery
CUST00256,2023-01-04,79.66,Grocery
CUST00256,2022-09-01,7.41,Dining
CUST00256,2021-02-01,89.32,Travel
CUST00256,2024-09-20,382.66,Electronics
CUST00256,2024-09-02,51.13,Travel
CUST00256,2021-01-15,105.6,Dining
CUST00256,2023-04-24,19.25,Electronics
CUST00256,2023-04-22,5.01,Electronics
CUST00256,2025-05-07,67.63,Grocery
CUST00256,2024-10-13,42.28,Clothing
CUST00256,2021-09-18,7.3,Grocery
CUST00256,2024-04-18,18.47,Clothing
CUST00256,2025-07-02,174.55,Travel
CUST00256,2021-02-13,51.36,Dining
CUST00256,2022-08-03,181.02,Electronics
CUST00256,2021-05-17,37.73,Clothing
CUST00256,2024-08-24,89.42,Electronics
CUST00256,2023-02-01,225.87,Electronics
CUST00256,2022-10-20,71.88,Dining
CUST00256,2023-05-23,86.81,Travel
CUST00256,2025-05-01,119.06,Clothing
CUST00256,2025-06-09,56.05,Travel
CUST00256,2024-03-01,53.13,Grocery
CUST00256,2024-01-05,130.28,Dining
CUST00256,2023-05-25,15.51,Clothing
CUST00256,2024-07-30,108.41,Dining
CUST00256,2023-02-27,38.12,Travel
CUST00256,2023-03-08,11.63,Grocery
CUST00256,2023-06-15,137.31,Travel
CUST00256,2024-03-19,40.64,Electronics
CUST00256,2023-02-10,40.01,Clothing
CUST00256,2023-10-09,99.99,Travel
CUST00256,2023-03-20,33.92,Clothing
CUST00256,2023-11-30,69.45,Dining
CUST00256,2024-05-31,547.13,Grocery
CUST00256,2022-11-27,14.74,Clothing
CUST00256,2025-02-02,35.37,Dining
CUST00256,2024-05-24,29.88,Electronics
CUST00256,2023-03-06,104.0,Electronics
CUST00256,2022-10-09,18.54,Clothing
CUST00256,2023-08-23,64.26,Electronics
CUST00256,2024-06-11,73.53,Clothing
CUST00256,2022-06-20,70.11,Clothing
CUST00256,2023-08-08,76.85,Clothing
CUST00256,2025-03-29,89.33,Dining
CUST00256,2025-04-19,18.71,Electronics
CUST00256,2022-11-03,24.55,Grocery
CUST00256,2023-12-10,66.66,Travel
CUST00256,2023-09-29,79.28,Grocery
CUST00256,2023-02-21,19.12,Dining
CUST00256,2023-01-23,78.51,Travel
CUST00256,2022-04-17,22.81,Grocery
CUST00256,2021-08-13,196.21,Dining
CUST00256,2021-11-04,177.74,Travel
CUST00256,2023-05-26,6.4,Travel
CUST00256,2025-03-08,28.19,Clothing
CUST00256,2024-01-04,141.17,Grocery
CUST00256,2022-05-11,15.52,Electronics
CUST00256,2021-06-25,173.59,Travel
CUST00256,2024-12-23,172.58,Travel
CUST00256,2021-05-28,98.86,Dining
CUST00256,2023-02-16,106.67,Dining
CUST00256,2023-04-12,110.45,Electronics
CUST00256,2022-08-25,24.28,Travel
CUST00256,2021-07-12,150.92,Clothing
CUST00256,2022-12-12,131.62,Clothing
CUST00256,2023-12-24,22.81,Dining
CUST00256,2024-08-18,182.03,Travel
CUST00256,2023-08-29,30.83,Travel
CUST00256,2024-04-28,135.7,Electronics
CUST00256,2025-02-17,31.4,Clothing
CUST00256,2024-08-02,14.51,Grocery
CUST00257,2024-01-30,19.85,Electronics
CUST00257,2025-01-08,21.88,Grocery
CUST00257,2024-09-03,39.53,Grocery
CUST00257,2025-01-05,67.4,Dining
CUST00257,2025-02-20,51.56,Clothing
CUST00257,2025-02-11,139.51,Electronics
CUST00257,2025-04-18,31.64,Electronics
CUST00257,2023-11-19,133.75,Electronics
CUST00257,2024-09-14,32.31,Grocery
CUST00257,2022-12-11,42.31,Travel
CUST00257,2025-06-12,16.5,Clothing
CUST00257,2024-03-20,18.17,Travel
CUST00257,2023-08-24,32.41,Grocery
CUST00257,2023-12-20,62.38,Dining
CUST00257,2025-07-04,21.14,Travel
CUST00257,2024-08-17,5.22,Travel
CUST00257,2024-06-22,9.04,Clothing
CUST00257,2023-09-20,27.57,Clothing
CUST00257,2025-05-30,55.17,Travel
CUST00257,2023-11-30,18.59,Grocery
CUST00257,2024-09-17,315.28,Travel
CUST00257,2023-04-24,9.76,Grocery
CUST00257,2024-05-02,12.37,Grocery
CUST00257,2024-11-10,104.99,Grocery
CUST00257,2025-06-06,29.99,Grocery
CUST00257,2023-02-16,25.84,Grocery
CUST00257,2024-08-02,86.9,Grocery
CUST00257,2025-07-18,7.76,Clothing
CUST00257,2023-11-02,22.17,Travel
CUST00257,2024-04-14,46.83,Grocery
CUST00257,2023-04-08,61.69,Travel
CUST00257,2023-10-29,43.64,Travel
CUST00257,2023-06-02,28.07,Electronics
CUST00257,2023-10-14,30.13,Dining
CUST00257,2024-09-27,35.3,Clothing
CUST00257,2025-06-04,167.55,Dining
CUST00257,2024-07-22,108.64,Clothing
CUST00257,2024-03-06,17.9,Grocery
CUST00257,2025-02-24,39.21,Travel
CUST00257,2023-02-13,145.49,Dining
CUST00257,2023-12-18,21.07,Electronics
CUST00257,2023-05-03,29.08,Grocery
CUST00257,2025-02-06,45.96,Travel
CUST00257,2023-05-01,89.46,Electronics
CUST00257,2023-01-13,267.12,Grocery
CUST00257,2024-04-10,14.85,Dining
CUST00257,2022-11-22,105.02,Grocery
CUST00257,2022-12-09,96.02,Travel
CUST00257,2023-04-26,89.93,Dining
CUST00257,2025-07-30,28.59,Clothing
CUST00257,2022-12-26,84.4,Dining
CUST00257,2023-02-26,424.35,Electronics
CUST00257,2025-05-08,272.69,Grocery
CUST00257,2024-02-16,51.26,Grocery
CUST00257,2023-04-13,53.25,Dining
CUST00257,2025-05-13,45.98,Grocery
CUST00257,2023-11-30,244.81,Travel
CUST00257,2025-02-14,19.24,Travel
CUST00257,2023-12-30,57.86,Electronics
CUST00257,2025-07-20,87.01,Electronics
CUST00257,2025-05-08,157.99,Electronics
CUST00257,2023-11-10,148.46,Travel
CUST00257,2023-05-27,44.47,Clothing
CUST00257,2023-07-12,7.59,Clothing
CUST00257,2024-03-17,145.64,Electronics
CUST00257,2023-01-14,20.93,Electronics
CUST00257,2023-11-18,33.41,Electronics
CUST00257,2022-12-13,16.15,Travel
CUST00257,2025-04-15,19.26,Dining
CUST00257,2023-07-04,5.25,Clothing
CUST00257,2023-01-20,152.18,Dining
CUST00257,2022-12-10,40.64,Electronics
CUST00257,2023-04-09,192.06,Grocery
CUST00257,2023-07-26,128.15,Travel
CUST00257,2025-07-29,39.52,Travel
CUST00257,2022-11-29,27.38,Electronics
CUST00257,2023-06-16,60.37,Dining
CUST00257,2023-11-27,142.68,Electronics
CUST00257,2023-02-02,56.72,Electronics
CUST00257,2023-07-15,5.68,Electronics
CUST00257,2023-03-19,22.7,Electronics
CUST00257,2022-12-11,197.22,Travel
CUST00257,2023-11-18,49.42,Clothing
CUST00257,2024-08-05,8.35,Clothing
CUST00257,2025-05-01,106.38,Clothing
CUST00257,2024-08-16,29.31,Dining
CUST00257,2025-06-20,287.53,Clothing
CUST00257,2023-08-03,256.1,Dining
CUST00257,2024-03-02,197.52,Clothing
CUST00257,2024-08-24,136.15,Travel
CUST00257,2024-06-26,9.29,Grocery
CUST00257,2024-04-27,9.68,Dining
CUST00257,2024-01-25,207.3,Dining
CUST00257,2024-11-02,95.46,Travel
CUST00257,2023-05-02,103.24,Travel
CUST00257,2023-02-05,21.64,Clothing
CUST00257,2025-02-07,286.53,Grocery
CUST00257,2023-12-13,12.11,Clothing
CUST00257,2023-03-27,11.33,Electronics
CUST00257,2025-07-24,148.73,Dining
CUST00257,2023-05-02,146.41,Dining
CUST00257,2024-02-13,9.57,Travel
CUST00257,2023-05-08,296.08,Electronics
CUST00257,2024-02-19,92.73,Dining
CUST00257,2022-11-17,270.24,Electronics
CUST00257,2024-10-12,60.57,Travel
CUST00257,2023-01-01,68.36,Clothing
CUST00257,2025-04-03,66.1,Travel
CUST00257,2024-10-01,32.98,Grocery
CUST00257,2025-01-14,92.45,Electronics
CUST00257,2023-05-28,38.09,Travel
CUST00257,2023-07-29,121.67,Travel
CUST00257,2024-03-03,29.44,Grocery
CUST00257,2025-03-04,24.98,Dining
CUST00257,2023-01-25,73.78,Grocery
CUST00257,2022-12-19,105.31,Electronics
CUST00257,2025-07-27,48.55,Grocery
CUST00257,2023-03-28,200.56,Dining
CUST00258,2022-12-03,85.68,Travel
CUST00258,2022-10-21,152.27,Travel
CUST00258,2023-09-20,12.31,Travel
CUST00258,2024-07-31,130.35,Clothing
CUST00258,2023-11-18,113.7,Dining
CUST00258,2023-09-19,104.94,Grocery
CUST00258,2025-03-30,92.17,Clothing
CUST00258,2023-01-23,11.71,Travel
CUST00258,2022-07-08,24.58,Grocery
CUST00258,2024-05-07,30.56,Travel
CUST00258,2023-02-26,43.37,Travel
CUST00258,2022-06-23,146.64,Dining
CUST00258,2025-01-27,191.22,Clothing
CUST00258,2024-05-17,380.06,Clothing
CUST00258,2025-07-17,20.8,Travel
CUST00258,2022-08-20,102.71,Electronics
CUST00258,2024-03-24,6.33,Electronics
CUST00258,2025-05-05,167.8,Dining
CUST00258,2025-06-12,24.21,Travel
CUST00258,2024-10-04,27.27,Electronics
CUST00258,2025-03-04,87.05,Travel
CUST00258,2025-02-06,93.7,Dining
CUST00258,2025-01-11,29.28,Grocery
CUST00258,2022-09-16,6.74,Electronics
CUST00258,2024-07-28,66.97,Grocery
CUST00258,2022-12-28,154.54,Clothing
CUST00258,2022-08-20,236.27,Electronics
CUST00258,2024-06-17,171.9,Dining
CUST00258,2022-08-14,248.46,Travel
CUST00258,2023-03-27,14.16,Dining
CUST00258,2023-04-06,72.6,Grocery
CUST00258,2025-04-05,26.24,Clothing
CUST00258,2023-01-27,50.72,Travel
CUST00258,2024-08-17,196.11,Electronics
CUST00258,2024-09-21,240.04,Dining
CUST00258,2025-06-10,143.46,Travel
CUST00258,2025-06-05,21.51,Travel
CUST00258,2022-09-06,37.25,Clothing
CUST00258,2023-08-07,37.26,Electronics
CUST00258,2022-05-10,6.97,Clothing
CUST00258,2023-12-23,127.82,Clothing
CUST00258,2022-08-21,89.98,Dining
CUST00258,2024-08-12,269.11,Clothing
CUST00258,2024-04-02,70.94,Clothing
CUST00258,2023-03-07,33.99,Dining
CUST00258,2023-01-18,184.75,Clothing
CUST00258,2024-12-25,10.44,Clothing
CUST00258,2025-02-11,167.6,Dining
CUST00258,2025-03-20,40.82,Clothing
CUST00258,2024-03-09,104.14,Travel
CUST00258,2023-02-07,48.03,Dining
CUST00258,2023-08-28,76.29,Grocery
CUST00258,2024-10-27,29.29,Dining
CUST00258,2024-10-26,19.36,Clothing
CUST00258,2025-07-19,207.62,Dining
CUST00258,2025-01-26,185.42,Grocery
CUST00258,2024-08-16,119.15,Dining
CUST00258,2023-08-20,60.81,Dining
CUST00258,2023-12-15,90.94,Clothing
CUST00258,2025-03-15,37.8,Clothing
CUST00258,2022-07-22,41.89,Electronics
CUST00258,2024-04-16,40.82,Grocery
CUST00258,2024-08-23,11.03,Grocery
CUST00258,2024-10-13,75.32,Clothing
CUST00258,2022-07-10,108.95,Dining
CUST00258,2022-07-04,124.68,Clothing
CUST00258,2022-07-01,22.44,Dining
CUST00258,2022-06-12,51.64,Electronics
CUST00258,2024-04-15,11.99,Travel
CUST00258,2025-04-30,206.06,Clothing
CUST00258,2023-11-30,8.94,Dining
CUST00258,2023-01-08,58.66,Travel
CUST00258,2024-01-12,40.54,Grocery
CUST00258,2024-02-29,9.51,Electronics
CUST00258,2025-07-26,175.71,Travel
CUST00258,2025-07-21,263.09,Grocery
CUST00258,2025-02-17,71.39,Dining
CUST00258,2024-09-15,122.05,Clothing
CUST00258,2024-11-18,27.5,Dining
CUST00258,2025-05-22,9.26,Clothing
CUST00258,2023-08-26,97.08,Travel
CUST00258,2024-04-22,236.08,Grocery
CUST00258,2023-09-18,21.39,Clothing
CUST00258,2024-05-10,65.48,Grocery
CUST00258,2022-06-12,23.34,Dining
CUST00258,2023-04-18,44.94,Travel
CUST00258,2022-07-06,105.6,Electronics
CUST00258,2023-10-06,273.63,Grocery
CUST00258,2022-12-29,13.35,Clothing
CUST00258,2023-07-31,26.83,Travel
CUST00258,2022-10-20,141.68,Electronics
CUST00258,2022-07-19,6.52,Dining
CUST00258,2022-12-07,92.6,Electronics
CUST00258,2022-06-21,117.53,Grocery
CUST00258,2024-04-01,25.18,Electronics
CUST00258,2023-10-22,42.05,Grocery
CUST00258,2024-12-29,44.17,Grocery
CUST00258,2025-06-02,7.5,Electronics
CUST00258,2023-03-08,33.63,Electronics
CUST00258,2024-06-27,264.7,Grocery
CUST00258,2022-06-28,9.41,Electronics
CUST00258,2024-08-29,19.62,Travel
CUST00258,2022-11-26,14.22,Clothing
CUST00258,2024-07-22,13.93,Travel
CUST00258,2022-12-13,7.26,Grocery
CUST00258,2022-06-21,57.17,Electronics
CUST00258,2023-04-15,10.26,Clothing
CUST00258,2023-06-10,170.93,Clothing
CUST00258,2024-03-30,22.05,Clothing
CUST00258,2023-04-11,22.83,Electronics
CUST00258,2023-05-04,47.86,Clothing
CUST00258,2023-04-11,9.49,Dining
CUST00258,2022-11-10,70.66,Dining
CUST00258,2023-12-23,101.99,Dining
CUST00259,2023-10-20,73.05,Dining
CUST00259,2023-09-01,117.78,Dining
CUST00259,2025-02-28,70.15,Clothing
CUST00259,2023-08-30,127.14,Dining
CUST00259,2024-07-31,267.73,Grocery
CUST00259,2025-07-15,233.7,Electronics
CUST00259,2024-09-14,26.45,Dining
CUST00259,2025-02-24,237.6,Grocery
CUST00259,2025-05-07,44.94,Clothing
CUST00259,2024-12-16,21.33,Dining
CUST00259,2024-02-14,40.42,Dining
CUST00259,2024-08-22,127.23,Dining
CUST00259,2024-05-22,63.57,Electronics
CUST00259,2025-03-12,175.08,Clothing
CUST00259,2025-06-19,155.36,Clothing
CUST00259,2024-08-11,27.73,Electronics
CUST00259,2024-01-15,92.09,Grocery
CUST00259,2024-01-27,33.06,Grocery
CUST00259,2024-08-30,57.23,Clothing
CUST00259,2025-02-26,35.71,Travel
CUST00259,2023-10-25,5.63,Electronics
CUST00259,2023-10-02,68.9,Travel
CUST00259,2024-07-03,133.55,Travel
CUST00259,2025-02-03,36.72,Clothing
CUST00259,2024-04-19,347.84,Travel
CUST00259,2024-08-27,132.79,Clothing
CUST00259,2023-12-08,90.8,Dining
CUST00259,2024-05-28,30.44,Travel
CUST00259,2025-01-13,132.5,Clothing
CUST00259,2024-12-06,56.35,Grocery
CUST00259,2025-01-30,171.22,Dining
CUST00259,2024-12-31,128.02,Grocery
CUST00259,2024-08-04,29.08,Dining
CUST00259,2024-01-04,363.11,Grocery
CUST00259,2024-02-16,192.77,Travel
CUST00259,2025-03-18,81.73,Clothing
CUST00259,2023-05-29,8.46,Grocery
CUST00259,2024-06-21,22.49,Electronics
CUST00259,2024-09-19,391.09,Dining
CUST00259,2024-05-24,182.46,Travel
CUST00259,2024-04-05,24.14,Electronics
CUST00259,2024-05-25,150.02,Dining
CUST00259,2023-09-25,80.76,Electronics
CUST00259,2023-07-14,131.0,Travel
CUST00259,2024-10-24,94.3,Dining
CUST00259,2023-06-10,15.75,Electronics
CUST00259,2024-09-10,149.34,Grocery
CUST00259,2024-03-27,70.99,Clothing
CUST00259,2025-01-09,98.37,Grocery
CUST00259,2023-11-12,88.35,Dining
CUST00259,2023-06-18,123.52,Travel
CUST00259,2024-06-23,108.54,Dining
CUST00259,2024-12-19,55.33,Electronics
CUST00259,2024-04-26,52.95,Electronics
CUST00259,2024-09-13,94.77,Clothing
CUST00259,2025-06-08,263.66,Dining
CUST00259,2023-09-09,33.76,Grocery
CUST00259,2025-06-18,24.88,Clothing
CUST00259,2023-10-23,54.79,Electronics
CUST00259,2023-11-16,118.07,Electronics
CUST00259,2023-11-30,7.17,Travel
CUST00259,2024-07-15,41.58,Electronics
CUST00259,2023-05-31,7.26,Travel
CUST00259,2025-01-10,79.85,Clothing
CUST00259,2024-03-02,49.89,Electronics
CUST00259,2023-12-19,43.14,Grocery
CUST00259,2023-07-25,37.38,Clothing
CUST00259,2024-02-05,58.22,Dining
CUST00259,2023-08-08,97.11,Grocery
CUST00259,2025-06-26,92.04,Electronics
CUST00259,2023-09-07,59.81,Travel
CUST00259,2024-08-13,98.51,Clothing
CUST00259,2024-07-07,161.83,Electronics
CUST00259,2024-07-30,53.53,Grocery
CUST00259,2024-01-15,210.32,Clothing
CUST00259,2023-10-11,5.68,Travel
CUST00259,2024-01-20,141.21,Clothing
CUST00259,2024-06-05,111.97,Grocery
CUST00259,2023-08-22,165.37,Dining
CUST00259,2024-05-31,66.84,Travel
CUST00259,2025-02-02,100.12,Travel
CUST00259,2024-06-27,77.15,Clothing
CUST00259,2023-06-13,28.89,Travel
CUST00259,2023-10-09,15.5,Dining
CUST00259,2023-07-22,85.01,Grocery
CUST00259,2025-01-01,8.12,Dining
CUST00259,2024-05-25,117.69,Travel
CUST00259,2024-08-29,44.41,Travel
CUST00259,2024-08-13,163.73,Clothing
CUST00259,2024-10-06,46.43,Grocery
CUST00259,2024-05-21,140.78,Travel
CUST00259,2025-04-20,57.91,Travel
CUST00259,2024-09-23,40.93,Dining
CUST00259,2024-12-18,173.15,Travel
CUST00259,2025-05-29,65.41,Dining
CUST00259,2024-03-08,268.98,Dining
CUST00259,2024-10-04,10.5,Dining
CUST00259,2023-09-08,96.22,Clothing
CUST00259,2025-02-09,69.82,Dining
CUST00259,2023-06-04,18.36,Dining
CUST00259,2025-04-08,10.05,Clothing
CUST00259,2023-07-26,60.58,Clothing
CUST00259,2023-06-09,169.87,Dining
CUST00259,2023-12-09,243.58,Grocery
CUST00259,2023-12-06,76.72,Electronics
CUST00259,2024-10-29,14.19,Clothing
CUST00259,2024-01-20,286.87,Clothing
CUST00259,2024-09-17,22.46,Grocery
CUST00259,2025-02-16,50.47,Electronics
CUST00259,2024-03-05,27.19,Electronics
CUST00260,2025-07-31,6.4,Grocery
CUST00260,2025-03-04,231.23,Electronics
CUST00260,2022-05-08,168.61,Electronics
CUST00260,2021-11-12,322.66,Electronics
CUST00260,2024-11-11,63.31,Grocery
CUST00260,2023-04-09,113.35,Electronics
CUST00260,2021-11-22,33.49,Clothing
CUST00260,2024-06-29,15.34,Grocery
CUST00260,2022-04-24,12.23,Grocery
CUST00260,2022-12-11,111.82,Travel
CUST00260,2024-09-13,6.89,Travel
CUST00260,2022-06-19,28.1,Electronics
CUST00260,2024-10-28,10.88,Electronics
CUST00260,2025-01-17,73.62,Clothing
CUST00260,2022-11-12,201.02,Grocery
CUST00260,2024-10-29,22.2,Grocery
CUST00260,2022-02-08,190.87,Clothing
CUST00260,2024-08-04,45.02,Dining
CUST00260,2024-07-13,6.85,Clothing
CUST00260,2022-01-19,83.64,Electronics
CUST00260,2022-01-29,16.83,Travel
CUST00260,2022-02-24,179.9,Grocery
CUST00260,2025-05-21,26.61,Clothing
CUST00260,2022-06-06,23.73,Electronics
CUST00260,2024-06-02,186.34,Grocery
CUST00260,2022-06-12,17.96,Dining
CUST00260,2024-08-11,129.78,Grocery
CUST00260,2024-06-06,51.7,Clothing
CUST00260,2024-05-21,22.79,Grocery
CUST00260,2023-05-28,50.48,Electronics
CUST00260,2024-10-29,103.88,Clothing
CUST00260,2023-04-29,32.65,Grocery
CUST00260,2023-11-29,70.95,Dining
CUST00260,2022-08-30,72.24,Travel
CUST00260,2023-05-05,39.8,Grocery
CUST00260,2024-04-28,88.12,Grocery
CUST00260,2021-11-13,62.91,Electronics
CUST00260,2022-11-04,10.14,Dining
CUST00260,2024-06-24,63.56,Electronics
CUST00260,2022-12-20,30.59,Clothing
CUST00260,2024-06-26,44.32,Clothing
CUST00260,2022-06-11,169.49,Dining
CUST00260,2022-07-21,95.57,Dining
CUST00260,2024-01-01,41.57,Clothing
CUST00260,2021-12-29,27.1,Grocery
CUST00260,2025-07-30,307.62,Grocery
CUST00260,2024-03-01,15.07,Electronics
CUST00260,2022-06-09,93.07,Grocery
CUST00260,2024-02-12,18.78,Dining
CUST00260,2023-11-03,48.0,Clothing
CUST00260,2022-05-18,39.39,Clothing
CUST00260,2023-06-20,198.07,Clothing
CUST00260,2023-05-16,27.26,Travel
CUST00260,2023-08-21,30.02,Travel
CUST00260,2022-03-31,77.45,Grocery
CUST00260,2022-12-17,23.34,Clothing
CUST00260,2023-02-12,108.7,Clothing
CUST00260,2024-08-22,53.51,Grocery
CUST00260,2024-06-16,12.29,Travel
CUST00260,2025-02-05,50.86,Grocery
CUST00260,2023-08-31,29.09,Travel
CUST00260,2022-06-23,25.24,Dining
CUST00260,2022-07-26,274.28,Electronics
CUST00260,2025-06-02,58.49,Dining
CUST00260,2022-04-03,133.23,Dining
CUST00260,2022-12-05,31.84,Electronics
CUST00260,2024-07-03,23.87,Electronics
CUST00260,2024-11-22,110.78,Dining
CUST00260,2024-05-17,89.08,Dining
CUST00260,2022-05-24,96.39,Travel
CUST00260,2022-07-10,57.1,Travel
CUST00260,2024-09-27,119.03,Grocery
CUST00260,2025-05-29,7.26,Grocery
CUST00260,2022-01-13,175.68,Dining
CUST00260,2024-03-25,90.39,Grocery
CUST00260,2024-11-17,70.99,Clothing
CUST00260,2021-11-13,218.42,Electronics
CUST00260,2022-10-27,20.29,Dining
CUST00260,2022-06-10,10.89,Grocery
CUST00260,2023-05-04,6.67,Clothing
CUST00260,2023-12-17,48.4,Electronics
CUST00260,2022-02-21,26.37,Dining
CUST00260,2024-01-15,55.06,Electronics
CUST00260,2023-11-26,16.93,Clothing
CUST00260,2024-04-10,130.44,Grocery
CUST00260,2025-02-07,21.98,Electronics
CUST00260,2023-08-29,33.32,Electronics
CUST00260,2023-05-30,341.64,Grocery
CUST00260,2024-08-25,190.55,Travel
CUST00260,2022-01-22,89.31,Travel
CUST00260,2023-03-08,15.28,Dining
CUST00260,2023-04-08,23.68,Clothing
CUST00260,2025-04-12,145.43,Travel
CUST00260,2022-03-22,145.94,Electronics
CUST00260,2024-11-08,171.03,Clothing
CUST00260,2023-01-21,148.29,Dining
CUST00260,2024-06-09,367.62,Grocery
CUST00260,2022-09-23,154.02,Grocery
CUST00260,2022-10-21,63.4,Electronics
CUST00260,2022-04-06,47.49,Travel
CUST00260,2022-12-14,98.58,Travel
CUST00260,2022-08-01,24.82,Travel
CUST00260,2021-12-02,74.43,Grocery
CUST00260,2024-10-16,24.82,Travel
CUST00260,2025-06-18,10.38,Clothing
CUST00260,2025-03-24,25.87,Clothing
CUST00260,2022-02-19,104.98,Dining
CUST00260,2025-02-08,16.34,Travel
CUST00260,2022-07-30,11.09,Grocery
CUST00260,2021-12-18,9.74,Dining
CUST00260,2024-03-16,29.14,Electronics
CUST00260,2025-06-16,7.87,Clothing
CUST00260,2021-12-24,86.51,Clothing
CUST00260,2023-04-13,74.65,Dining
CUST00261,2025-05-06,82.65,Travel
CUST00261,2025-05-15,55.63,Travel
CUST00261,2025-06-15,476.53,Travel
CUST00261,2025-05-23,22.07,Electronics
CUST00261,2025-05-13,109.94,Travel
CUST00261,2025-07-02,111.55,Grocery
CUST00261,2025-04-29,112.47,Electronics
CUST00261,2025-06-23,274.36,Dining
CUST00261,2025-04-23,250.22,Travel
CUST00261,2025-07-16,6.1,Electronics
CUST00261,2025-04-22,6.2,Grocery
CUST00261,2025-05-16,195.47,Electronics
CUST00261,2025-05-03,25.89,Electronics
CUST00261,2025-07-14,21.93,Electronics
CUST00261,2025-04-25,85.42,Clothing
CUST00261,2025-05-21,62.56,Grocery
CUST00261,2025-07-04,66.31,Clothing
CUST00261,2025-04-18,28.19,Electronics
CUST00261,2025-06-20,67.02,Clothing
CUST00261,2025-05-29,72.51,Grocery
CUST00261,2025-04-21,103.75,Clothing
CUST00261,2025-06-08,132.57,Electronics
CUST00261,2025-06-12,130.45,Travel
CUST00261,2025-04-23,73.14,Travel
CUST00261,2025-07-20,97.17,Grocery
CUST00261,2025-06-21,42.44,Electronics
CUST00261,2025-04-16,151.44,Grocery
CUST00261,2025-07-16,18.8,Dining
CUST00261,2025-05-03,62.67,Dining
CUST00261,2025-05-30,146.94,Grocery
CUST00261,2025-05-05,5.07,Electronics
CUST00261,2025-06-06,21.87,Grocery
CUST00261,2025-04-21,83.76,Clothing
CUST00261,2025-05-02,35.57,Grocery
CUST00261,2025-05-01,129.19,Electronics
CUST00261,2025-07-22,51.45,Dining
CUST00261,2025-06-21,31.93,Clothing
CUST00261,2025-05-30,58.8,Electronics
CUST00261,2025-06-16,25.18,Dining
CUST00261,2025-05-26,59.3,Travel
CUST00261,2025-05-08,41.82,Clothing
CUST00261,2025-06-22,76.27,Dining
CUST00261,2025-06-13,138.74,Travel
CUST00261,2025-05-17,39.14,Grocery
CUST00261,2025-07-24,28.52,Electronics
CUST00261,2025-07-19,23.91,Clothing
CUST00261,2025-07-10,14.16,Dining
CUST00261,2025-06-27,203.98,Clothing
CUST00261,2025-05-03,50.87,Clothing
CUST00261,2025-07-04,79.14,Travel
CUST00261,2025-07-18,339.63,Grocery
CUST00261,2025-04-28,64.29,Electronics
CUST00261,2025-04-18,123.8,Grocery
CUST00261,2025-07-06,154.18,Electronics
CUST00261,2025-05-19,139.41,Electronics
CUST00261,2025-06-13,27.42,Electronics
CUST00261,2025-04-26,33.78,Electronics
CUST00261,2025-06-22,69.05,Electronics
CUST00261,2025-05-18,257.25,Travel
CUST00261,2025-05-04,154.74,Travel
CUST00261,2025-07-15,50.42,Grocery
CUST00261,2025-06-08,123.28,Clothing
CUST00261,2025-06-10,192.75,Dining
CUST00261,2025-06-20,28.13,Grocery
CUST00261,2025-05-19,64.12,Clothing
CUST00261,2025-06-16,147.23,Dining
CUST00261,2025-04-20,42.18,Electronics
CUST00261,2025-06-08,28.76,Electronics
CUST00261,2025-06-06,103.26,Grocery
CUST00261,2025-07-29,157.84,Electronics
CUST00261,2025-07-29,146.47,Electronics
CUST00261,2025-07-23,41.01,Clothing
CUST00261,2025-05-17,35.9,Grocery
CUST00261,2025-05-13,59.48,Electronics
CUST00261,2025-04-18,11.77,Electronics
CUST00261,2025-05-18,52.39,Travel
CUST00261,2025-06-19,107.6,Dining
CUST00261,2025-07-27,39.32,Travel
CUST00261,2025-07-30,36.62,Dining
CUST00261,2025-06-22,386.65,Electronics
CUST00261,2025-04-29,323.97,Grocery
CUST00261,2025-06-05,48.59,Travel
CUST00261,2025-05-09,65.5,Travel
CUST00261,2025-04-22,245.25,Travel
CUST00261,2025-05-15,60.9,Electronics
CUST00261,2025-07-11,43.96,Clothing
CUST00261,2025-07-26,43.22,Travel
CUST00261,2025-06-13,22.16,Electronics
CUST00261,2025-07-04,65.17,Electronics
CUST00261,2025-04-16,84.21,Grocery
CUST00261,2025-07-04,45.87,Grocery
CUST00261,2025-04-15,62.63,Clothing
CUST00261,2025-07-30,61.25,Dining
CUST00261,2025-07-21,9.19,Clothing
CUST00261,2025-05-07,181.78,Dining
CUST00261,2025-07-24,124.38,Clothing
CUST00261,2025-07-22,32.41,Grocery
CUST00261,2025-07-19,366.55,Dining
CUST00261,2025-06-12,88.11,Travel
CUST00262,2023-12-15,83.51,Clothing
CUST00262,2023-11-14,30.29,Clothing
CUST00262,2023-09-01,16.8,Dining
CUST00262,2024-08-27,20.74,Grocery
CUST00262,2024-02-01,22.86,Clothing
CUST00262,2023-05-28,191.62,Electronics
CUST00262,2024-04-12,20.12,Electronics
CUST00262,2024-08-09,107.27,Grocery
CUST00262,2023-10-17,196.78,Electronics
CUST00262,2025-03-19,95.99,Electronics
CUST00262,2024-08-10,31.76,Clothing
CUST00262,2024-07-09,192.89,Clothing
CUST00262,2024-10-01,80.45,Grocery
CUST00262,2024-09-27,226.56,Dining
CUST00262,2025-03-19,22.89,Electronics
CUST00262,2025-07-13,356.02,Clothing
CUST00262,2025-06-08,198.53,Clothing
CUST00262,2023-10-23,66.16,Electronics
CUST00262,2024-11-24,92.4,Grocery
CUST00262,2023-12-12,120.94,Grocery
CUST00262,2023-05-04,44.9,Electronics
CUST00262,2023-11-18,104.08,Dining
CUST00262,2025-03-23,12.1,Grocery
CUST00262,2023-12-21,41.27,Clothing
CUST00262,2024-03-22,168.34,Dining
CUST00262,2023-09-12,87.39,Electronics
CUST00262,2024-01-18,29.66,Dining
CUST00262,2025-07-01,132.43,Electronics
CUST00262,2024-03-21,28.88,Electronics
CUST00262,2024-03-16,8.34,Clothing
CUST00262,2025-01-30,22.07,Electronics
CUST00262,2024-03-22,28.84,Electronics
CUST00262,2023-10-16,139.47,Grocery
CUST00262,2023-08-25,46.37,Electronics
CUST00262,2023-07-29,75.03,Dining
CUST00262,2023-09-05,103.98,Grocery
CUST00262,2025-03-31,19.69,Travel
CUST00262,2024-12-19,8.19,Dining
CUST00262,2024-04-04,103.31,Electronics
CUST00262,2023-11-19,246.38,Dining
CUST00262,2023-05-27,56.13,Dining
CUST00262,2023-09-24,134.85,Dining
CUST00262,2024-09-17,36.88,Clothing
CUST00262,2023-04-21,280.58,Clothing
CUST00262,2025-06-04,196.75,Dining
CUST00262,2024-05-25,50.91,Grocery
CUST00262,2024-07-27,104.21,Dining
CUST00262,2023-07-13,60.41,Grocery
CUST00262,2024-10-14,89.66,Grocery
CUST00262,2025-03-24,75.38,Travel
CUST00262,2024-08-25,7.08,Clothing
CUST00262,2025-01-08,48.57,Dining
CUST00262,2023-08-11,17.54,Dining
CUST00262,2025-01-24,16.45,Grocery
CUST00262,2023-10-15,119.71,Electronics
CUST00262,2024-02-27,211.18,Electronics
CUST00262,2023-07-15,5.72,Grocery
CUST00262,2024-08-18,75.17,Grocery
CUST00262,2025-07-23,54.25,Dining
CUST00262,2023-04-29,34.57,Electronics
CUST00262,2025-07-19,81.82,Electronics
CUST00262,2025-04-13,8.76,Grocery
CUST00262,2023-08-09,46.86,Travel
CUST00262,2024-10-13,15.21,Electronics
CUST00262,2025-06-08,100.97,Clothing
CUST00262,2023-12-13,8.85,Electronics
CUST00262,2025-06-04,126.5,Electronics
CUST00262,2024-07-05,188.74,Dining
CUST00262,2023-10-13,13.18,Travel
CUST00262,2025-04-25,45.67,Dining
CUST00262,2025-07-05,47.6,Travel
CUST00262,2024-08-18,5.74,Clothing
CUST00262,2024-04-15,10.69,Clothing
CUST00262,2025-03-02,15.02,Electronics
CUST00262,2024-04-22,39.6,Grocery
CUST00262,2023-07-28,10.04,Grocery
CUST00262,2025-06-11,149.04,Clothing
CUST00262,2025-02-16,26.56,Clothing
CUST00262,2025-05-10,131.29,Clothing
CUST00262,2025-01-14,20.23,Dining
CUST00262,2023-08-22,30.95,Electronics
CUST00262,2024-02-08,25.2,Clothing
CUST00262,2024-03-18,251.73,Travel
CUST00262,2025-03-07,88.07,Electronics
CUST00262,2024-02-13,23.28,Dining
CUST00262,2024-03-17,63.43,Grocery
CUST00262,2024-03-05,119.63,Travel
CUST00262,2024-09-11,46.82,Dining
CUST00262,2023-08-27,28.69,Travel
CUST00262,2025-01-11,159.91,Grocery
CUST00262,2023-06-01,55.23,Clothing
CUST00262,2024-06-21,113.21,Travel
CUST00262,2025-04-08,16.63,Dining
CUST00262,2024-03-24,60.04,Travel
CUST00262,2025-07-29,71.46,Grocery
CUST00262,2024-10-19,116.69,Dining
CUST00262,2024-02-15,47.74,Grocery
CUST00262,2025-02-01,76.18,Clothing
CUST00262,2023-11-06,9.61,Travel
CUST00262,2023-10-17,13.62,Dining
CUST00262,2024-03-20,193.4,Dining
CUST00262,2023-06-23,7.7,Dining
CUST00262,2023-05-29,88.75,Dining
CUST00262,2025-05-28,5.1,Electronics
CUST00262,2024-05-26,86.52,Grocery
CUST00262,2023-06-22,166.31,Grocery
CUST00262,2024-09-24,9.98,Grocery
CUST00262,2025-07-20,17.97,Clothing
CUST00262,2024-12-08,58.61,Grocery
CUST00263,2023-12-11,113.43,Dining
CUST00263,2025-04-20,28.38,Grocery
CUST00263,2023-09-03,68.97,Clothing
CUST00263,2022-12-03,103.05,Grocery
CUST00263,2022-10-21,39.42,Electronics
CUST00263,2023-08-24,9.28,Dining
CUST00263,2022-03-10,13.96,Travel
CUST00263,2022-02-01,42.31,Dining
CUST00263,2022-01-28,35.93,Grocery
CUST00263,2023-04-06,58.15,Electronics
CUST00263,2023-04-26,223.84,Electronics
CUST00263,2022-08-06,11.01,Travel
CUST00263,2023-04-25,10.12,Dining
CUST00263,2022-09-14,33.21,Electronics
CUST00263,2024-12-29,206.79,Electronics
CUST00263,2022-09-13,73.04,Travel
CUST00263,2023-12-12,11.48,Grocery
CUST00263,2023-09-09,318.47,Travel
CUST00263,2022-02-16,30.77,Clothing
CUST00263,2025-02-13,195.37,Dining
CUST00263,2023-01-29,288.98,Electronics
CUST00263,2023-01-06,67.29,Clothing
CUST00263,2024-11-01,17.59,Electronics
CUST00263,2024-05-28,66.67,Electronics
CUST00263,2023-08-30,124.28,Electronics
CUST00263,2025-03-24,120.68,Clothing
CUST00263,2024-04-13,113.36,Electronics
CUST00263,2023-09-17,97.39,Dining
CUST00263,2025-06-02,252.77,Clothing
CUST00263,2022-02-26,122.25,Grocery
CUST00263,2022-04-28,21.85,Travel
CUST00263,2023-01-27,39.15,Travel
CUST00263,2024-10-06,70.4,Dining
CUST00263,2024-03-11,264.95,Clothing
CUST00263,2024-06-12,97.74,Travel
CUST00263,2025-07-27,108.22,Travel
CUST00263,2022-07-04,138.26,Travel
CUST00263,2022-06-18,76.68,Travel
CUST00263,2022-10-27,57.53,Electronics
CUST00263,2022-03-13,19.43,Travel
CUST00263,2024-12-26,62.15,Electronics
CUST00263,2022-12-10,32.53,Dining
CUST00263,2023-06-10,282.9,Dining
CUST00263,2022-06-03,41.93,Grocery
CUST00263,2022-07-21,75.11,Electronics
CUST00263,2024-09-08,63.46,Electronics
CUST00263,2023-02-11,56.22,Electronics
CUST00263,2025-02-05,90.8,Dining
CUST00263,2024-04-09,30.72,Clothing
CUST00263,2023-12-25,121.3,Travel
CUST00263,2022-06-24,50.59,Clothing
CUST00263,2024-05-06,140.3,Clothing
CUST00263,2024-10-27,101.19,Clothing
CUST00263,2024-01-23,95.52,Dining
CUST00263,2022-06-18,78.85,Dining
CUST00263,2022-12-01,35.39,Grocery
CUST00263,2022-03-13,112.8,Grocery
CUST00263,2025-03-09,11.74,Travel
CUST00263,2021-12-07,58.61,Electronics
CUST00263,2025-05-05,16.71,Grocery
CUST00263,2022-02-08,328.87,Dining
CUST00263,2022-07-23,245.39,Dining
CUST00263,2024-04-22,77.74,Electronics
CUST00263,2025-06-26,23.26,Travel
CUST00263,2023-12-10,48.89,Dining
CUST00263,2024-01-01,169.99,Travel
CUST00263,2022-05-07,25.18,Electronics
CUST00263,2023-07-04,13.78,Electronics
CUST00263,2024-09-28,193.58,Travel
CUST00263,2022-10-30,119.68,Electronics
CUST00263,2022-08-16,150.55,Dining
CUST00263,2024-07-04,73.99,Electronics
CUST00263,2024-01-11,143.27,Electronics
CUST00263,2023-10-15,33.1,Travel
CUST00263,2023-11-01,5.2,Electronics
CUST00263,2021-12-14,95.43,Grocery
CUST00263,2024-07-07,149.08,Dining
CUST00263,2024-11-05,185.86,Grocery
CUST00263,2023-01-18,13.9,Clothing
CUST00263,2021-11-12,16.9,Clothing
CUST00263,2022-05-20,71.38,Dining
CUST00263,2024-02-28,11.54,Grocery
CUST00263,2024-06-24,13.07,Clothing
CUST00263,2024-04-26,96.68,Electronics
CUST00263,2024-03-16,229.06,Grocery
CUST00263,2023-01-11,13.1,Clothing
CUST00263,2024-11-12,34.71,Dining
CUST00263,2021-09-19,8.38,Grocery
CUST00264,2024-09-03,385.35,Dining
CUST00264,2022-02-23,518.55,Travel
CUST00264,2025-02-19,153.65,Dining
CUST00264,2021-07-11,48.21,Grocery
CUST00264,2025-01-26,72.7,Travel
CUST00264,2025-03-15,24.04,Travel
CUST00264,2025-01-13,117.39,Travel
CUST00264,2021-12-13,65.52,Dining
CUST00264,2022-08-14,37.46,Travel
CUST00264,2025-04-20,14.93,Dining
CUST00264,2023-01-23,70.86,Grocery
CUST00264,2023-12-06,209.13,Electronics
CUST00264,2023-07-03,16.06,Grocery
CUST00264,2021-10-19,243.43,Clothing
CUST00264,2022-10-17,75.35,Electronics
CUST00264,2025-05-24,175.59,Clothing
CUST00264,2024-11-13,14.49,Dining
CUST00264,2023-08-11,41.4,Dining
CUST00264,2023-01-06,9.18,Electronics
CUST00264,2022-02-08,89.02,Grocery
CUST00264,2023-05-03,19.1,Dining
CUST00264,2022-03-01,103.08,Grocery
CUST00264,2022-02-16,146.91,Grocery
CUST00264,2021-12-28,238.76,Grocery
CUST00264,2023-01-26,46.18,Electronics
CUST00264,2024-01-13,71.53,Travel
CUST00264,2024-12-26,125.68,Travel
CUST00264,2025-03-28,17.08,Grocery
CUST00264,2022-07-16,142.09,Grocery
CUST00264,2021-10-08,208.99,Dining
CUST00264,2023-01-19,96.85,Travel
CUST00264,2021-11-22,46.44,Electronics
CUST00264,2022-09-18,21.95,Electronics
CUST00264,2021-09-13,20.41,Clothing
CUST00264,2022-04-04,147.67,Electronics
CUST00264,2025-03-29,110.93,Clothing
CUST00264,2022-08-29,110.8,Travel
CUST00264,2024-12-21,36.37,Dining
CUST00264,2023-11-08,100.44,Electronics
CUST00264,2022-08-18,10.16,Grocery
CUST00264,2022-10-08,7.16,Clothing
CUST00264,2023-03-03,29.67,Grocery
CUST00264,2021-10-15,11.74,Electronics
CUST00264,2023-01-27,26.81,Grocery
CUST00264,2021-11-04,138.85,Electronics
CUST00264,2024-03-10,33.56,Grocery
CUST00264,2023-01-13,84.42,Travel
CUST00264,2021-08-02,49.13,Travel
CUST00264,2025-05-12,91.01,Grocery
CUST00264,2024-10-31,20.51,Electronics
CUST00264,2021-06-29,44.32,Grocery
CUST00264,2022-07-27,91.88,Travel
CUST00264,2025-01-11,175.29,Grocery
CUST00264,2023-10-22,9.64,Dining
CUST00264,2024-06-20,432.58,Dining
CUST00264,2021-07-29,37.19,Electronics
CUST00264,2023-09-14,136.25,Clothing
CUST00264,2021-08-24,101.65,Dining
CUST00264,2024-10-17,51.09,Travel
CUST00264,2021-11-21,17.07,Travel
CUST00264,2022-06-06,270.73,Electronics
CUST00264,2022-09-01,39.47,Clothing
CUST00264,2023-01-26,48.69,Clothing
CUST00264,2024-01-31,105.67,Grocery
CUST00264,2024-04-23,21.63,Dining
CUST00264,2024-10-15,114.93,Clothing
CUST00264,2025-06-01,83.27,Clothing
CUST00264,2024-01-11,112.94,Travel
CUST00264,2022-03-20,10.18,Dining
CUST00264,2023-11-16,22.44,Travel
CUST00264,2024-09-10,46.77,Electronics
CUST00264,2023-05-02,123.39,Dining
CUST00264,2022-05-11,17.08,Electronics
CUST00264,2024-01-08,53.62,Grocery
CUST00264,2022-05-18,210.2,Grocery
CUST00264,2024-04-05,149.44,Clothing
CUST00264,2023-07-22,380.38,Clothing
CUST00264,2022-03-04,11.02,Grocery
CUST00264,2022-04-17,231.65,Grocery
CUST00264,2025-06-17,223.88,Electronics
CUST00264,2023-05-30,57.86,Electronics
CUST00264,2022-02-03,46.25,Grocery
CUST00264,2022-01-19,38.72,Dining
CUST00264,2022-08-16,141.05,Dining
CUST00264,2025-02-20,26.3,Dining
CUST00264,2023-09-15,100.95,Electronics
CUST00264,2023-12-21,107.23,Travel
CUST00264,2025-02-15,17.52,Travel
CUST00264,2022-06-11,53.75,Dining
CUST00264,2024-06-25,5.09,Clothing
CUST00264,2024-05-03,30.38,Travel
CUST00264,2023-05-23,33.48,Electronics
CUST00264,2025-04-14,158.19,Clothing
CUST00264,2021-12-02,27.52,Clothing
CUST00264,2023-01-04,295.22,Travel
CUST00264,2023-03-06,125.43,Electronics
CUST00264,2023-05-05,48.12,Clothing
CUST00264,2023-09-20,20.68,Travel
CUST00264,2025-05-23,80.46,Clothing
CUST00264,2023-11-06,370.91,Grocery
CUST00264,2024-11-03,123.72,Travel
CUST00264,2023-08-11,37.67,Grocery
CUST00264,2023-01-03,199.79,Electronics
CUST00264,2024-01-09,25.43,Grocery
CUST00264,2024-08-24,86.83,Electronics
CUST00264,2023-09-26,67.39,Dining
CUST00264,2024-09-20,210.96,Grocery
CUST00265,2024-05-12,231.79,Travel
CUST00265,2023-08-26,86.83,Travel
CUST00265,2024-09-20,38.94,Travel
CUST00265,2023-06-26,96.02,Travel
CUST00265,2023-04-16,51.28,Electronics
CUST00265,2021-11-08,8.03,Travel
CUST00265,2023-04-26,154.97,Travel
CUST00265,2022-08-09,245.71,Dining
CUST00265,2023-09-03,70.34,Travel
CUST00265,2022-03-12,116.37,Dining
CUST00265,2023-04-18,192.13,Clothing
CUST00265,2024-12-15,36.09,Travel
CUST00265,2024-10-20,55.02,Electronics
CUST00265,2023-03-25,36.1,Grocery
CUST00265,2024-10-02,19.12,Travel
CUST00265,2021-07-02,180.19,Travel
CUST00265,2021-04-20,107.23,Dining
CUST00265,2021-05-08,36.36,Travel
CUST00265,2021-12-04,42.52,Clothing
CUST00265,2023-12-19,12.16,Travel
CUST00265,2022-04-20,204.94,Grocery
CUST00265,2024-10-22,9.04,Dining
CUST00265,2021-07-26,108.7,Clothing
CUST00265,2021-11-14,49.69,Electronics
CUST00265,2023-11-30,12.28,Dining
CUST00265,2023-05-14,151.18,Electronics
CUST00265,2023-08-01,91.24,Travel
CUST00265,2025-04-14,240.39,Electronics
CUST00265,2023-08-05,10.76,Grocery
CUST00265,2025-06-24,6.02,Electronics
CUST00265,2023-12-28,245.59,Grocery
CUST00265,2023-03-14,192.06,Grocery
CUST00265,2021-09-10,158.6,Dining
CUST00265,2024-03-03,49.89,Travel
CUST00265,2022-04-10,195.61,Electronics
CUST00265,2023-01-23,133.63,Grocery
CUST00265,2025-06-16,25.17,Electronics
CUST00265,2025-04-16,146.42,Dining
CUST00265,2023-06-18,88.65,Travel
CUST00265,2023-05-05,22.49,Grocery
CUST00265,2023-04-14,161.55,Electronics
CUST00265,2023-10-09,88.24,Travel
CUST00265,2021-05-11,94.35,Grocery
CUST00265,2024-06-30,72.02,Electronics
CUST00265,2021-09-05,191.35,Dining
CUST00265,2021-10-22,108.61,Electronics
CUST00265,2021-07-23,35.24,Dining
CUST00265,2025-06-05,6.58,Dining
CUST00265,2022-07-27,58.98,Clothing
CUST00265,2023-06-25,140.02,Grocery
CUST00265,2024-05-24,136.07,Electronics
CUST00265,2023-06-29,92.38,Clothing
CUST00265,2023-07-14,13.77,Dining
CUST00265,2024-04-12,84.84,Grocery
CUST00265,2023-05-09,14.39,Travel
CUST00265,2023-06-20,43.79,Electronics
CUST00265,2023-08-09,22.12,Clothing
CUST00265,2025-03-28,44.81,Dining
CUST00265,2022-08-10,17.31,Dining
CUST00265,2021-05-15,153.66,Electronics
CUST00265,2025-05-28,45.64,Electronics
CUST00265,2025-06-11,61.15,Travel
CUST00265,2024-11-03,57.03,Grocery
CUST00265,2025-07-02,61.66,Dining
CUST00265,2024-04-14,164.6,Clothing
CUST00265,2022-08-22,230.41,Grocery
CUST00265,2023-05-09,101.96,Grocery
CUST00265,2024-05-10,92.71,Grocery
CUST00265,2022-10-08,94.15,Grocery
CUST00265,2024-12-16,14.36,Clothing
CUST00265,2023-12-31,29.82,Grocery
CUST00265,2022-08-06,25.52,Grocery
CUST00265,2024-05-21,48.84,Dining
CUST00265,2022-04-26,205.23,Grocery
CUST00265,2021-09-05,146.95,Dining
CUST00265,2022-10-22,18.28,Electronics
CUST00265,2023-04-24,89.81,Electronics
CUST00265,2021-06-17,494.81,Dining
CUST00265,2022-06-20,6.74,Electronics
CUST00265,2024-07-29,231.3,Travel
CUST00265,2021-04-26,76.29,Electronics
CUST00265,2022-10-19,31.45,Travel
CUST00265,2025-05-18,58.16,Clothing
CUST00265,2023-02-08,364.18,Grocery
CUST00265,2021-04-23,179.91,Clothing
CUST00265,2021-07-20,20.15,Travel
CUST00265,2023-12-07,10.04,Travel
CUST00265,2021-09-19,13.6,Dining
CUST00266,2024-03-01,12.12,Dining
CUST00266,2024-10-13,91.2,Clothing
CUST00266,2024-12-21,190.12,Dining
CUST00266,2023-10-17,113.83,Clothing
CUST00266,2022-11-24,50.13,Travel
CUST00266,2024-03-09,19.77,Travel
CUST00266,2024-01-02,57.58,Electronics
CUST00266,2025-05-26,49.56,Clothing
CUST00266,2023-07-20,254.82,Grocery
CUST00266,2023-06-03,45.82,Dining
CUST00266,2024-10-20,162.29,Clothing
CUST00266,2025-06-10,30.42,Grocery
CUST00266,2024-07-31,315.43,Electronics
CUST00266,2023-11-28,22.38,Electronics
CUST00266,2023-03-20,44.0,Grocery
CUST00266,2025-02-25,208.0,Dining
CUST00266,2023-01-29,57.59,Grocery
CUST00266,2025-03-15,40.94,Dining
CUST00266,2024-07-18,7.22,Electronics
CUST00266,2023-04-29,27.17,Grocery
CUST00266,2023-04-26,46.85,Travel
CUST00266,2025-07-10,87.66,Electronics
CUST00266,2024-07-04,25.94,Travel
CUST00266,2023-07-05,8.09,Grocery
CUST00266,2024-06-14,14.51,Dining
CUST00266,2024-04-29,30.15,Dining
CUST00266,2023-06-02,112.39,Dining
CUST00266,2023-06-15,15.01,Grocery
CUST00266,2025-05-14,61.96,Dining
CUST00266,2025-05-14,84.47,Travel
CUST00266,2025-04-20,23.9,Grocery
CUST00266,2023-07-01,43.29,Electronics
CUST00266,2025-03-02,68.15,Dining
CUST00266,2025-05-31,47.55,Grocery
CUST00266,2024-05-27,47.34,Clothing
CUST00266,2025-07-14,8.82,Travel
CUST00266,2024-01-16,13.76,Dining
CUST00266,2025-06-28,148.62,Clothing
CUST00266,2023-12-16,99.13,Grocery
CUST00266,2023-08-25,51.68,Clothing
CUST00266,2023-08-17,204.48,Grocery
CUST00266,2024-01-12,112.94,Travel
CUST00266,2023-02-09,353.46,Dining
CUST00266,2025-04-25,21.97,Grocery
CUST00266,2023-10-26,25.8,Travel
CUST00266,2023-09-16,113.08,Electronics
CUST00266,2024-02-29,160.8,Grocery
CUST00266,2025-03-06,18.77,Grocery
CUST00266,2025-07-25,106.16,Clothing
CUST00266,2023-11-10,46.71,Travel
CUST00266,2024-06-21,6.47,Electronics
CUST00266,2023-06-22,249.01,Grocery
CUST00266,2023-10-14,205.25,Clothing
CUST00266,2023-03-18,200.77,Grocery
CUST00266,2025-04-02,86.72,Travel
CUST00266,2023-10-17,62.39,Travel
CUST00266,2023-01-09,61.05,Dining
CUST00266,2025-06-17,77.4,Dining
CUST00266,2023-04-09,42.59,Dining
CUST00266,2023-09-23,61.11,Dining
CUST00266,2025-04-09,144.34,Dining
CUST00266,2023-04-02,88.84,Travel
CUST00266,2023-11-22,109.76,Dining
CUST00266,2024-07-26,17.52,Travel
CUST00266,2024-08-01,32.52,Grocery
CUST00266,2024-12-03,259.93,Dining
CUST00266,2024-10-21,92.6,Dining
CUST00266,2025-04-09,37.55,Dining
CUST00266,2024-02-12,95.35,Clothing
CUST00266,2024-10-14,60.97,Clothing
CUST00266,2024-12-04,111.83,Electronics
CUST00266,2024-06-18,8.26,Grocery
CUST00266,2023-11-22,73.73,Clothing
CUST00266,2024-02-27,62.39,Grocery
CUST00266,2025-03-21,29.72,Clothing
CUST00266,2024-10-12,74.62,Clothing
CUST00266,2023-08-01,97.7,Travel
CUST00266,2025-08-01,73.8,Electronics
CUST00266,2025-01-29,426.26,Electronics
CUST00266,2025-06-14,63.7,Electronics
CUST00266,2023-08-13,158.64,Dining
CUST00266,2025-01-19,152.26,Electronics
CUST00266,2024-02-24,139.86,Clothing
CUST00266,2024-05-16,28.97,Clothing
CUST00266,2024-07-23,19.95,Clothing
CUST00266,2023-05-03,114.54,Dining
CUST00266,2025-07-12,31.93,Electronics
CUST00266,2025-05-26,165.4,Grocery
CUST00266,2022-11-14,81.54,Travel
CUST00266,2024-03-18,99.52,Dining
CUST00266,2024-05-24,76.71,Travel
CUST00266,2025-05-28,234.29,Dining
CUST00266,2023-09-27,14.32,Grocery
CUST00266,2023-09-02,58.01,Grocery
CUST00266,2023-03-11,9.55,Grocery
CUST00266,2023-01-15,10.3,Electronics
CUST00266,2023-05-17,6.53,Clothing
CUST00266,2024-03-01,187.54,Travel
CUST00266,2024-10-20,63.6,Clothing
CUST00266,2023-12-05,142.83,Grocery
CUST00266,2023-04-17,252.63,Dining
CUST00266,2025-01-09,104.68,Travel
CUST00266,2023-07-18,81.53,Electronics
CUST00266,2023-06-27,79.69,Dining
CUST00266,2023-12-11,11.67,Electronics
CUST00266,2022-11-24,116.53,Grocery
CUST00266,2023-02-25,102.66,Clothing
CUST00266,2025-01-11,118.1,Grocery
CUST00266,2022-12-09,211.75,Dining
CUST00266,2025-04-21,49.84,Grocery
CUST00266,2024-10-20,32.61,Dining
CUST00267,2023-02-14,79.65,Travel
CUST00267,2025-02-01,86.27,Dining
CUST00267,2022-11-19,21.95,Grocery
CUST00267,2025-03-22,424.88,Travel
CUST00267,2022-12-10,18.58,Travel
CUST00267,2024-01-13,169.24,Clothing
CUST00267,2022-11-18,24.75,Dining
CUST00267,2023-07-21,30.47,Electronics
CUST00267,2023-05-02,25.55,Clothing
CUST00267,2023-07-23,33.64,Grocery
CUST00267,2023-01-17,225.51,Grocery
CUST00267,2025-03-20,140.29,Grocery
CUST00267,2024-01-14,14.93,Electronics
CUST00267,2024-06-06,272.94,Dining
CUST00267,2022-08-25,17.5,Clothing
CUST00267,2025-01-17,206.87,Electronics
CUST00267,2023-11-30,176.47,Dining
CUST00267,2024-02-26,14.87,Clothing
CUST00267,2022-10-09,458.07,Clothing
CUST00267,2024-11-04,168.15,Grocery
CUST00267,2024-01-07,55.09,Clothing
CUST00267,2023-01-25,5.4,Electronics
CUST00267,2023-12-28,18.44,Travel
CUST00267,2024-03-18,30.61,Grocery
CUST00267,2024-04-24,56.48,Dining
CUST00267,2023-02-10,324.33,Travel
CUST00267,2024-04-15,74.48,Grocery
CUST00267,2023-10-09,99.79,Dining
CUST00267,2022-12-11,37.81,Electronics
CUST00267,2023-05-22,99.82,Travel
CUST00267,2022-08-03,15.15,Dining
CUST00267,2023-10-01,26.61,Electronics
CUST00267,2023-12-12,22.62,Electronics
CUST00267,2023-10-07,127.32,Grocery
CUST00267,2025-02-16,46.79,Dining
CUST00267,2023-04-17,35.43,Electronics
CUST00267,2024-04-28,57.98,Electronics
CUST00267,2025-06-17,44.4,Electronics
CUST00267,2023-01-11,7.39,Travel
CUST00267,2024-09-22,66.25,Grocery
CUST00267,2023-12-11,67.0,Clothing
CUST00267,2024-07-05,104.43,Travel
CUST00267,2025-04-23,132.87,Grocery
CUST00267,2022-11-03,139.34,Travel
CUST00267,2023-10-28,100.21,Electronics
CUST00267,2022-12-05,9.83,Travel
CUST00267,2023-01-05,71.1,Grocery
CUST00267,2023-08-11,78.14,Electronics
CUST00267,2024-10-29,50.85,Travel
CUST00267,2024-09-14,75.4,Clothing
CUST00267,2024-12-30,255.8,Electronics
CUST00267,2024-08-16,10.22,Dining
CUST00267,2025-04-21,39.93,Grocery
CUST00267,2022-07-24,18.22,Clothing
CUST00267,2024-07-29,142.95,Grocery
CUST00267,2024-06-26,24.31,Dining
CUST00267,2024-04-03,40.07,Electronics
CUST00267,2023-11-27,57.46,Clothing
CUST00267,2022-09-01,109.45,Dining
CUST00267,2025-07-09,5.67,Travel
CUST00267,2022-11-16,74.68,Dining
CUST00267,2024-12-23,52.29,Grocery
CUST00267,2024-08-25,16.84,Dining
CUST00267,2022-07-15,151.28,Grocery
CUST00267,2023-12-15,116.41,Electronics
CUST00267,2022-08-21,168.3,Clothing
CUST00267,2025-07-29,61.19,Travel
CUST00267,2025-07-03,59.79,Electronics
CUST00267,2023-02-08,110.64,Travel
CUST00267,2023-10-08,21.93,Electronics
CUST00267,2024-03-06,69.09,Dining
CUST00267,2024-07-14,155.63,Travel
CUST00267,2022-08-04,86.27,Travel
CUST00267,2024-12-01,59.9,Clothing
CUST00267,2023-10-18,8.75,Clothing
CUST00267,2024-01-26,51.27,Clothing
CUST00267,2025-06-03,41.75,Electronics
CUST00267,2023-05-31,23.55,Travel
CUST00267,2022-09-06,130.03,Electronics
CUST00267,2023-02-18,70.65,Grocery
CUST00267,2023-03-03,92.29,Electronics
CUST00267,2023-05-10,49.01,Dining
CUST00267,2025-05-14,23.69,Travel
CUST00267,2024-07-30,15.24,Clothing
CUST00267,2022-09-03,10.63,Dining
CUST00267,2025-02-15,54.27,Clothing
CUST00267,2024-12-25,18.28,Grocery
CUST00267,2023-12-21,59.04,Clothing
CUST00267,2023-07-09,194.06,Clothing
CUST00267,2025-06-10,91.19,Grocery
CUST00267,2023-06-05,164.25,Grocery
CUST00267,2023-04-03,188.67,Dining
CUST00267,2022-09-19,19.65,Electronics
CUST00268,2025-05-13,53.68,Travel
CUST00268,2025-06-28,112.42,Dining
CUST00268,2025-02-03,20.01,Grocery
CUST00268,2025-05-13,59.73,Travel
CUST00268,2025-03-14,45.8,Dining
CUST00268,2025-01-23,360.73,Clothing
CUST00268,2025-06-19,100.94,Dining
CUST00268,2025-05-11,98.42,Dining
CUST00268,2025-03-17,40.45,Electronics
CUST00268,2025-03-14,12.71,Travel
CUST00268,2025-05-15,6.39,Grocery
CUST00268,2025-07-14,57.6,Travel
CUST00268,2025-02-12,302.19,Grocery
CUST00268,2025-05-02,94.98,Dining
CUST00268,2025-07-14,313.36,Electronics
CUST00268,2025-04-02,52.29,Travel
CUST00268,2025-03-07,5.02,Grocery
CUST00268,2025-05-17,48.45,Travel
CUST00268,2025-03-04,15.96,Dining
CUST00268,2025-04-23,6.22,Clothing
CUST00268,2025-02-22,102.58,Clothing
CUST00268,2025-07-11,119.27,Clothing
CUST00268,2025-02-15,200.24,Clothing
CUST00268,2025-04-16,106.78,Travel
CUST00268,2025-04-23,46.23,Clothing
CUST00268,2025-04-15,71.36,Travel
CUST00268,2025-04-28,14.65,Dining
CUST00268,2025-06-09,492.6,Electronics
CUST00268,2025-06-26,14.55,Dining
CUST00268,2025-04-21,37.04,Electronics
CUST00268,2025-04-05,9.29,Clothing
CUST00268,2025-01-26,326.44,Dining
CUST00268,2025-04-07,86.91,Electronics
CUST00268,2025-04-23,17.14,Electronics
CUST00268,2025-02-14,44.04,Electronics
CUST00268,2025-03-03,166.81,Electronics
CUST00268,2025-04-12,14.89,Clothing
CUST00268,2025-07-09,280.88,Dining
CUST00268,2025-06-23,20.06,Clothing
CUST00268,2025-02-01,45.07,Dining
CUST00268,2025-05-22,12.18,Travel
CUST00268,2025-04-26,33.09,Electronics
CUST00268,2025-06-28,64.71,Grocery
CUST00268,2025-03-02,145.08,Dining
CUST00268,2025-03-23,52.87,Electronics
CUST00268,2025-04-20,57.51,Grocery
CUST00268,2025-06-04,9.56,Travel
CUST00268,2025-01-26,128.84,Dining
CUST00268,2025-05-30,86.51,Dining
CUST00268,2025-03-25,37.65,Electronics
CUST00268,2025-05-07,38.1,Travel
CUST00268,2025-03-15,49.02,Dining
CUST00268,2025-07-23,14.85,Travel
CUST00268,2025-06-05,31.72,Grocery
CUST00268,2025-07-01,33.36,Electronics
CUST00268,2025-05-26,54.86,Clothing
CUST00268,2025-06-15,150.91,Grocery
CUST00268,2025-08-01,99.63,Grocery
CUST00268,2025-07-01,49.45,Dining
CUST00268,2025-02-13,49.58,Travel
CUST00268,2025-05-08,96.65,Grocery
CUST00268,2025-06-29,22.76,Grocery
CUST00268,2025-04-25,140.39,Dining
CUST00268,2025-04-05,96.01,Grocery
CUST00268,2025-04-13,13.83,Clothing
CUST00268,2025-05-27,70.93,Grocery
CUST00268,2025-07-31,57.25,Travel
CUST00268,2025-04-04,8.84,Travel
CUST00268,2025-07-11,174.92,Dining
CUST00268,2025-06-23,82.18,Travel
CUST00268,2025-03-23,161.18,Clothing
CUST00268,2025-04-09,62.87,Grocery
CUST00268,2025-06-15,223.37,Grocery
CUST00268,2025-06-13,121.87,Electronics
CUST00268,2025-04-22,215.24,Electronics
CUST00268,2025-02-18,64.86,Grocery
CUST00268,2025-02-14,106.34,Dining
CUST00268,2025-07-22,117.69,Clothing
CUST00268,2025-03-10,118.2,Dining
CUST00268,2025-05-27,17.51,Dining
CUST00268,2025-01-31,360.56,Travel
CUST00268,2025-07-24,42.89,Electronics
CUST00268,2025-04-23,28.29,Electronics
CUST00268,2025-05-03,133.61,Travel
CUST00268,2025-05-12,203.28,Clothing
CUST00268,2025-07-01,32.8,Dining
CUST00268,2025-05-27,353.06,Clothing
CUST00268,2025-05-03,7.08,Grocery
CUST00268,2025-01-30,36.27,Dining
CUST00268,2025-02-09,46.34,Grocery
CUST00268,2025-07-29,86.83,Grocery
CUST00268,2025-04-19,98.02,Clothing
CUST00268,2025-05-22,14.77,Dining
CUST00268,2025-07-10,20.61,Dining
CUST00268,2025-03-03,50.16,Grocery
CUST00268,2025-02-06,48.23,Electronics
CUST00268,2025-03-15,15.67,Travel
CUST00268,2025-05-09,57.74,Grocery
CUST00268,2025-04-21,82.46,Dining
CUST00268,2025-06-11,74.21,Electronics
CUST00268,2025-06-09,349.78,Dining
CUST00268,2025-07-24,13.39,Travel
CUST00268,2025-05-10,49.91,Grocery
CUST00268,2025-03-02,155.78,Dining
CUST00268,2025-02-22,271.08,Travel
CUST00268,2025-03-16,101.39,Electronics
CUST00268,2025-03-17,185.83,Dining
CUST00268,2025-07-30,22.05,Dining
CUST00268,2025-03-07,15.85,Travel
CUST00268,2025-07-03,66.27,Dining
CUST00268,2025-01-31,279.11,Clothing
CUST00268,2025-02-11,127.7,Electronics
CUST00268,2025-06-29,233.5,Travel
CUST00268,2025-04-06,148.94,Electronics
CUST00268,2025-04-13,28.56,Travel
CUST00269,2025-07-25,16.75,Grocery
CUST00269,2025-05-18,72.06,Travel
CUST00269,2024-11-06,119.06,Clothing
CUST00269,2025-05-25,27.75,Grocery
CUST00269,2024-10-22,120.74,Clothing
CUST00269,2025-01-14,104.32,Electronics
CUST00269,2024-12-14,26.38,Clothing
CUST00269,2025-06-24,11.5,Clothing
CUST00269,2025-01-21,42.43,Dining
CUST00269,2025-03-03,81.3,Electronics
CUST00269,2024-12-10,27.75,Grocery
CUST00269,2025-03-16,5.23,Electronics
CUST00269,2024-10-27,43.78,Clothing
CUST00269,2025-07-25,105.29,Electronics
CUST00269,2025-01-08,24.08,Grocery
CUST00269,2025-02-14,442.95,Electronics
CUST00269,2025-03-26,6.39,Electronics
CUST00269,2025-03-12,128.08,Dining
CUST00269,2025-07-03,128.81,Travel
CUST00269,2025-01-06,20.51,Dining
CUST00269,2024-11-22,69.74,Grocery
CUST00269,2025-04-08,128.63,Travel
CUST00269,2025-03-25,164.6,Grocery
CUST00269,2025-03-13,96.78,Clothing
CUST00269,2025-03-22,8.09,Grocery
CUST00269,2024-12-25,46.99,Travel
CUST00269,2025-01-15,65.13,Grocery
CUST00269,2025-04-22,26.2,Travel
CUST00269,2024-11-21,37.08,Travel
CUST00269,2025-04-26,186.72,Grocery
CUST00269,2024-11-06,12.86,Electronics
CUST00269,2025-02-06,38.2,Clothing
CUST00269,2024-11-01,13.54,Dining
CUST00269,2025-03-07,13.23,Clothing
CUST00269,2025-02-17,59.27,Grocery
CUST00269,2024-12-25,74.06,Electronics
CUST00269,2025-05-02,296.55,Clothing
CUST00269,2024-11-17,27.9,Electronics
CUST00269,2025-02-20,180.93,Clothing
CUST00269,2025-01-04,157.21,Dining
CUST00269,2024-11-19,12.66,Electronics
CUST00269,2025-01-19,125.51,Clothing
CUST00269,2025-05-15,75.13,Electronics
CUST00269,2025-03-28,75.09,Travel
CUST00269,2024-12-29,117.05,Electronics
CUST00269,2025-03-09,46.07,Electronics
CUST00269,2025-06-14,24.91,Travel
CUST00269,2024-11-15,6.34,Clothing
CUST00269,2025-04-25,38.72,Electronics
CUST00269,2024-12-31,16.15,Grocery
CUST00269,2025-03-21,174.99,Clothing
CUST00269,2024-11-17,47.06,Dining
CUST00269,2025-02-09,33.02,Dining
CUST00269,2025-03-03,11.88,Travel
CUST00269,2024-12-24,268.46,Clothing
CUST00269,2025-05-30,36.95,Travel
CUST00269,2025-06-03,18.77,Clothing
CUST00269,2025-05-14,86.01,Electronics
CUST00269,2024-12-14,268.09,Electronics
CUST00269,2025-07-22,62.01,Clothing
CUST00269,2025-07-14,27.41,Travel
CUST00269,2025-05-07,121.43,Clothing
CUST00269,2025-02-03,30.1,Electronics
CUST00269,2025-06-24,74.28,Electronics
CUST00269,2025-05-04,19.92,Clothing
CUST00269,2025-01-14,36.39,Travel
CUST00269,2024-10-30,124.53,Dining
CUST00269,2025-01-28,54.11,Dining
CUST00269,2024-10-26,70.87,Electronics
CUST00269,2025-03-08,25.05,Travel
CUST00269,2025-03-08,32.4,Travel
CUST00269,2025-03-05,17.18,Clothing
CUST00269,2025-03-02,175.72,Travel
CUST00269,2025-07-27,13.41,Dining
CUST00269,2025-06-18,79.36,Clothing
CUST00269,2025-07-17,46.18,Electronics
CUST00269,2025-07-17,28.7,Clothing
CUST00269,2025-03-11,48.76,Travel
CUST00269,2025-04-15,78.17,Dining
CUST00269,2025-07-16,225.59,Electronics
CUST00269,2025-05-03,32.07,Grocery
CUST00269,2024-11-07,38.99,Clothing
CUST00269,2025-05-04,7.89,Clothing
CUST00269,2025-01-30,41.55,Dining
CUST00269,2024-12-30,134.98,Electronics
CUST00269,2025-01-19,38.81,Dining
CUST00269,2024-11-03,60.43,Grocery
CUST00269,2024-10-26,58.72,Grocery
CUST00269,2025-05-14,65.73,Dining
CUST00269,2024-11-07,81.56,Electronics
CUST00269,2025-07-12,5.96,Clothing
CUST00269,2024-12-30,107.23,Electronics
CUST00269,2024-11-08,53.66,Dining
CUST00269,2025-05-07,52.54,Grocery
CUST00269,2025-07-31,166.29,Clothing
CUST00269,2025-07-15,28.94,Electronics
CUST00269,2024-12-25,50.88,Grocery
CUST00270,2022-12-30,18.01,Electronics
CUST00270,2022-05-13,31.77,Clothing
CUST00270,2024-07-18,56.14,Grocery
CUST00270,2024-06-24,186.59,Clothing
CUST00270,2023-02-05,23.05,Clothing
CUST00270,2025-01-27,70.87,Electronics
CUST00270,2024-11-17,14.22,Travel
CUST00270,2025-07-02,5.24,Clothing
CUST00270,2022-01-27,20.61,Clothing
CUST00270,2025-06-02,18.36,Dining
CUST00270,2025-01-21,51.27,Dining
CUST00270,2023-09-12,50.61,Travel
CUST00270,2021-12-07,64.73,Travel
CUST00270,2023-07-08,58.63,Electronics
CUST00270,2023-10-24,52.52,Electronics
CUST00270,2023-10-04,44.47,Electronics
CUST00270,2024-10-18,80.42,Clothing
CUST00270,2022-01-29,17.63,Electronics
CUST00270,2024-12-26,36.26,Dining
CUST00270,2023-08-14,366.93,Travel
CUST00270,2025-02-01,81.45,Dining
CUST00270,2025-02-25,44.01,Electronics
CUST00270,2025-07-30,32.2,Electronics
CUST00270,2025-07-21,96.99,Electronics
CUST00270,2025-05-28,9.69,Grocery
CUST00270,2024-04-09,38.68,Electronics
CUST00270,2023-04-30,158.28,Electronics
CUST00270,2022-02-27,147.97,Grocery
CUST00270,2022-12-16,24.94,Dining
CUST00270,2024-09-27,18.12,Electronics
CUST00270,2024-05-06,190.88,Clothing
CUST00270,2022-03-14,124.15,Electronics
CUST00270,2022-03-08,6.53,Clothing
CUST00270,2022-01-12,76.46,Dining
CUST00270,2023-05-01,8.67,Clothing
CUST00270,2024-07-22,48.42,Grocery
CUST00270,2023-08-16,60.33,Clothing
CUST00270,2025-05-07,161.73,Grocery
CUST00270,2022-02-08,45.05,Grocery
CUST00270,2023-08-20,188.81,Dining
CUST00270,2021-12-20,49.41,Grocery
CUST00270,2023-10-16,150.2,Clothing
CUST00270,2023-04-14,50.05,Clothing
CUST00270,2022-01-13,37.02,Clothing
CUST00270,2023-10-21,88.15,Electronics
CUST00270,2024-05-21,336.15,Travel
CUST00270,2024-09-09,6.35,Clothing
CUST00270,2022-09-17,78.1,Electronics
CUST00270,2024-03-27,148.71,Clothing
CUST00270,2023-07-09,95.51,Dining
CUST00270,2023-09-04,6.85,Grocery
CUST00270,2024-02-19,61.71,Grocery
CUST00270,2025-02-18,194.59,Clothing
CUST00270,2022-06-30,121.42,Travel
CUST00270,2023-08-30,25.03,Clothing
CUST00270,2024-12-29,59.12,Electronics
CUST00270,2024-05-01,31.02,Clothing
CUST00270,2022-07-27,81.86,Electronics
CUST00270,2022-04-12,51.01,Electronics
CUST00270,2023-05-30,75.73,Clothing
CUST00270,2023-01-13,77.2,Dining
CUST00270,2022-01-22,68.17,Electronics
CUST00270,2025-07-21,112.27,Grocery
CUST00270,2023-07-20,133.9,Grocery
CUST00270,2022-04-07,36.31,Clothing
CUST00270,2022-04-27,351.88,Electronics
CUST00270,2023-08-24,21.82,Grocery
CUST00270,2022-06-12,5.98,Dining
CUST00270,2023-07-17,53.38,Travel
CUST00270,2025-06-22,92.33,Dining
CUST00270,2023-03-06,162.63,Dining
CUST00270,2024-03-01,24.62,Travel
CUST00270,2023-09-11,34.97,Grocery
CUST00270,2025-02-09,5.33,Electronics
CUST00270,2022-09-14,105.99,Clothing
CUST00270,2022-01-24,320.32,Dining
CUST00270,2022-04-12,82.56,Grocery
CUST00270,2024-12-01,359.61,Grocery
CUST00270,2023-02-28,46.65,Dining
CUST00270,2023-09-11,21.39,Dining
CUST00270,2022-02-20,9.75,Grocery
CUST00270,2022-02-12,112.48,Travel
CUST00270,2022-09-07,73.76,Dining
CUST00270,2021-12-08,159.67,Grocery
CUST00270,2021-12-05,35.27,Grocery
CUST00270,2025-05-26,39.67,Clothing
CUST00270,2025-06-12,323.88,Grocery
CUST00270,2022-08-13,9.57,Travel
CUST00270,2025-03-08,5.74,Clothing
CUST00270,2024-05-18,29.42,Clothing
CUST00270,2022-08-08,40.83,Clothing
CUST00270,2021-12-06,35.43,Travel
CUST00270,2022-09-01,49.17,Travel
CUST00270,2024-12-23,29.51,Clothing
CUST00270,2022-09-06,80.92,Dining
CUST00270,2023-02-10,34.43,Grocery
CUST00270,2025-06-09,41.93,Grocery
CUST00271,2023-11-26,106.25,Electronics
CUST00271,2023-03-05,87.78,Dining
CUST00271,2024-05-10,148.52,Travel
CUST00271,2021-12-04,21.35,Grocery
CUST00271,2023-09-26,17.38,Clothing
CUST00271,2022-03-04,6.45,Dining
CUST00271,2022-11-27,9.29,Travel
CUST00271,2024-10-04,309.95,Dining
CUST00271,2022-04-23,6.9,Electronics
CUST00271,2024-07-02,23.66,Clothing
CUST00271,2023-09-23,146.12,Grocery
CUST00271,2023-03-19,162.6,Electronics
CUST00271,2021-06-06,87.78,Dining
CUST00271,2023-05-06,267.51,Travel
CUST00271,2021-07-29,81.95,Travel
CUST00271,2023-03-24,7.72,Grocery
CUST00271,2022-12-22,5.5,Dining
CUST00271,2024-06-30,152.9,Electronics
CUST00271,2024-06-12,75.22,Dining
CUST00271,2021-11-20,19.56,Clothing
CUST00271,2023-05-29,57.95,Travel
CUST00271,2021-07-09,21.94,Travel
CUST00271,2024-06-30,75.08,Travel
CUST00271,2024-02-02,29.81,Clothing
CUST00271,2021-06-03,33.27,Travel
CUST00271,2022-01-20,21.37,Travel
CUST00271,2025-01-06,96.82,Travel
CUST00271,2023-01-01,271.03,Travel
CUST00271,2021-11-25,88.93,Travel
CUST00271,2025-01-10,12.91,Grocery
CUST00271,2022-09-12,255.38,Clothing
CUST00271,2021-10-05,27.17,Travel
CUST00271,2022-05-18,14.09,Clothing
CUST00271,2021-08-06,220.12,Dining
CUST00271,2025-07-28,5.3,Dining
CUST00271,2023-01-19,145.09,Clothing
CUST00271,2022-12-19,46.59,Clothing
CUST00271,2022-05-05,109.93,Grocery
CUST00271,2024-12-24,70.4,Dining
CUST00271,2024-12-02,6.07,Dining
CUST00271,2022-03-18,56.35,Dining
CUST00271,2022-07-06,30.78,Electronics
CUST00271,2022-03-19,34.17,Travel
CUST00271,2023-11-25,261.84,Electronics
CUST00271,2022-02-15,176.71,Electronics
CUST00271,2025-01-18,17.34,Travel
CUST00271,2022-04-09,78.72,Travel
CUST00271,2022-08-15,18.78,Grocery
CUST00271,2022-06-07,61.48,Electronics
CUST00271,2023-05-19,135.43,Clothing
CUST00271,2024-04-06,23.92,Grocery
CUST00271,2023-10-19,17.13,Dining
CUST00271,2024-02-01,21.36,Travel
CUST00271,2023-07-03,25.68,Electronics
CUST00271,2024-12-29,21.99,Electronics
CUST00271,2023-12-22,99.3,Electronics
CUST00271,2024-08-21,19.24,Grocery
CUST00271,2021-09-11,18.81,Grocery
CUST00271,2024-08-23,52.72,Clothing
CUST00271,2025-02-04,32.57,Grocery
CUST00271,2023-04-04,47.46,Grocery
CUST00271,2021-08-15,30.67,Grocery
CUST00271,2025-06-20,60.17,Clothing
CUST00271,2025-05-29,69.81,Travel
CUST00271,2023-09-02,57.09,Electronics
CUST00271,2023-04-09,5.01,Grocery
CUST00271,2024-05-13,41.24,Electronics
CUST00271,2022-04-11,39.73,Electronics
CUST00271,2022-05-17,14.6,Dining
CUST00271,2023-11-30,6.78,Grocery
CUST00271,2024-03-15,234.71,Grocery
CUST00271,2021-11-28,27.16,Grocery
CUST00271,2023-03-24,20.56,Clothing
CUST00271,2024-11-14,148.42,Dining
CUST00271,2023-07-19,80.76,Electronics
CUST00271,2025-03-21,23.97,Travel
CUST00271,2021-07-28,29.6,Grocery
CUST00271,2025-06-28,298.4,Travel
CUST00271,2021-07-15,226.71,Grocery
CUST00271,2025-01-25,23.03,Grocery
CUST00271,2024-03-08,197.62,Dining
CUST00271,2021-06-29,41.61,Clothing
CUST00271,2022-01-25,10.62,Dining
CUST00271,2024-08-19,99.99,Dining
CUST00271,2024-06-08,173.95,Clothing
CUST00271,2025-02-26,37.74,Travel
CUST00271,2023-10-16,44.9,Clothing
CUST00271,2022-01-20,58.89,Dining
CUST00271,2023-03-01,243.55,Travel
CUST00271,2022-07-05,45.34,Grocery
CUST00271,2025-07-30,46.22,Dining
CUST00271,2022-01-13,54.72,Travel
CUST00271,2024-06-21,26.1,Grocery
CUST00271,2025-03-08,178.39,Clothing
CUST00271,2023-04-15,98.98,Clothing
CUST00271,2022-05-13,150.34,Dining
CUST00271,2024-01-16,43.56,Grocery
CUST00271,2022-09-11,129.81,Dining
CUST00272,2024-07-12,100.75,Dining
CUST00272,2024-07-28,102.8,Travel
CUST00272,2024-11-18,150.58,Clothing
CUST00272,2024-06-30,104.84,Clothing
CUST00272,2024-08-11,8.88,Electronics
CUST00272,2025-04-15,15.13,Electronics
CUST00272,2024-03-19,15.57,Travel
CUST00272,2025-05-08,16.42,Dining
CUST00272,2024-02-02,33.82,Grocery
CUST00272,2023-12-26,45.77,Travel
CUST00272,2024-03-24,12.4,Grocery
CUST00272,2023-11-19,13.49,Clothing
CUST00272,2024-01-24,44.13,Electronics
CUST00272,2025-05-26,34.05,Clothing
CUST00272,2024-04-09,99.93,Clothing
CUST00272,2024-05-27,48.16,Electronics
CUST00272,2024-02-29,106.42,Grocery
CUST00272,2025-03-19,181.25,Grocery
CUST00272,2024-08-15,95.33,Clothing
CUST00272,2023-09-20,288.17,Travel
CUST00272,2024-08-10,149.8,Clothing
CUST00272,2025-03-25,159.78,Travel
CUST00272,2024-09-20,62.52,Dining
CUST00272,2024-02-01,169.98,Grocery
CUST00272,2024-10-28,111.94,Grocery
CUST00272,2025-07-17,48.91,Clothing
CUST00272,2024-12-22,22.94,Clothing
CUST00272,2023-09-26,77.29,Dining
CUST00272,2023-09-20,28.07,Dining
CUST00272,2024-05-12,6.72,Dining
CUST00272,2025-04-07,35.43,Dining
CUST00272,2024-04-11,32.4,Dining
CUST00272,2024-11-18,109.36,Dining
CUST00272,2025-03-24,18.0,Clothing
CUST00272,2024-01-20,5.76,Clothing
CUST00272,2025-05-18,121.52,Clothing
CUST00272,2025-04-02,77.89,Clothing
CUST00272,2024-01-26,462.18,Clothing
CUST00272,2025-06-04,32.09,Travel
CUST00272,2024-03-29,55.66,Grocery
CUST00272,2025-05-08,18.97,Clothing
CUST00272,2025-07-24,19.51,Electronics
CUST00272,2024-10-24,36.81,Travel
CUST00272,2024-07-01,108.84,Travel
CUST00272,2025-03-20,84.87,Electronics
CUST00272,2024-10-28,107.92,Electronics
CUST00272,2024-07-19,26.98,Clothing
CUST00272,2024-12-19,33.14,Clothing
CUST00272,2025-03-04,77.04,Grocery
CUST00272,2024-02-17,40.44,Grocery
CUST00272,2025-05-27,9.53,Dining
CUST00272,2024-09-13,6.6,Travel
CUST00272,2024-11-11,17.28,Electronics
CUST00272,2024-07-10,223.2,Grocery
CUST00272,2024-05-02,48.23,Travel
CUST00272,2024-08-25,139.4,Electronics
CUST00272,2024-07-11,320.36,Travel
CUST00272,2023-11-20,13.2,Electronics
CUST00272,2024-08-17,152.65,Clothing
CUST00272,2024-04-10,40.33,Grocery
CUST00272,2024-12-07,54.64,Dining
CUST00272,2025-01-07,12.59,Grocery
CUST00272,2023-11-04,5.79,Dining
CUST00272,2025-02-11,83.04,Travel
CUST00272,2023-11-07,86.06,Dining
CUST00272,2024-05-18,75.49,Clothing
CUST00272,2024-02-27,106.86,Travel
CUST00272,2025-05-16,86.64,Clothing
CUST00272,2025-01-27,52.25,Grocery
CUST00272,2024-04-23,87.79,Electronics
CUST00272,2024-02-20,8.64,Electronics
CUST00272,2025-07-07,12.64,Electronics
CUST00272,2025-01-10,94.62,Electronics
CUST00272,2024-11-04,13.05,Grocery
CUST00272,2024-07-11,86.11,Clothing
CUST00272,2024-08-21,118.43,Grocery
CUST00272,2023-09-14,7.15,Dining
CUST00272,2024-06-12,432.02,Grocery
CUST00272,2024-03-07,30.49,Grocery
CUST00272,2024-04-07,5.81,Clothing
CUST00272,2023-12-17,57.96,Travel
CUST00272,2024-02-08,21.68,Grocery
CUST00272,2024-01-01,79.64,Electronics
CUST00272,2024-02-03,195.45,Travel
CUST00272,2024-05-23,113.26,Clothing
CUST00272,2025-07-02,126.25,Clothing
CUST00272,2024-07-12,232.39,Grocery
CUST00272,2024-11-11,85.03,Clothing
CUST00272,2023-11-11,216.91,Travel
CUST00272,2023-10-07,42.08,Dining
CUST00272,2025-05-07,121.92,Dining
CUST00272,2023-12-21,201.73,Grocery
CUST00272,2024-12-24,139.8,Grocery
CUST00272,2025-06-15,40.02,Grocery
CUST00272,2024-07-31,51.47,Travel
CUST00272,2024-05-27,8.22,Clothing
CUST00272,2023-11-18,265.8,Clothing
CUST00272,2025-02-11,7.91,Clothing
CUST00272,2024-08-25,29.53,Clothing
CUST00272,2023-11-30,5.87,Travel
CUST00272,2023-11-09,12.63,Grocery
CUST00272,2025-07-10,104.3,Travel
CUST00273,2025-05-11,120.67,Dining
CUST00273,2025-03-19,25.27,Electronics
CUST00273,2024-12-18,126.99,Travel
CUST00273,2024-12-26,23.17,Electronics
CUST00273,2024-10-07,66.31,Dining
CUST00273,2025-07-28,235.57,Clothing
CUST00273,2024-09-15,74.29,Grocery
CUST00273,2025-02-20,37.52,Clothing
CUST00273,2025-05-09,22.36,Electronics
CUST00273,2025-02-10,14.53,Clothing
CUST00273,2024-12-24,135.89,Clothing
CUST00273,2025-05-20,25.62,Travel
CUST00273,2025-07-21,24.74,Electronics
CUST00273,2025-07-22,68.64,Dining
CUST00273,2025-04-01,21.21,Dining
CUST00273,2025-05-16,64.9,Travel
CUST00273,2025-06-18,184.76,Grocery
CUST00273,2025-05-06,362.61,Dining
CUST00273,2025-03-04,130.59,Travel
CUST00273,2024-11-17,76.84,Travel
CUST00273,2025-01-09,394.94,Dining
CUST00273,2024-12-29,160.22,Clothing
CUST00273,2024-12-06,79.64,Electronics
CUST00273,2025-06-27,70.22,Dining
CUST00273,2024-09-30,14.41,Dining
CUST00273,2025-05-18,11.64,Travel
CUST00273,2024-10-28,210.83,Travel
CUST00273,2025-04-26,72.64,Grocery
CUST00273,2025-07-14,113.02,Clothing
CUST00273,2025-03-23,11.66,Dining
CUST00273,2025-05-01,45.85,Travel
CUST00273,2025-07-16,101.88,Clothing
CUST00273,2025-01-11,63.85,Electronics
CUST00273,2025-06-09,170.91,Clothing
CUST00273,2024-10-01,8.05,Clothing
CUST00273,2024-11-10,28.1,Clothing
CUST00273,2025-01-08,156.2,Dining
CUST00273,2025-02-18,118.58,Dining
CUST00273,2024-10-30,5.7,Travel
CUST00273,2025-04-11,31.68,Grocery
CUST00273,2024-11-16,32.13,Electronics
CUST00273,2024-12-01,61.14,Travel
CUST00273,2025-01-29,135.29,Travel
CUST00273,2024-11-18,45.47,Dining
CUST00273,2025-01-23,49.14,Dining
CUST00273,2025-01-06,115.61,Dining
CUST00273,2024-11-12,55.39,Grocery
CUST00273,2025-06-11,41.21,Dining
CUST00273,2025-03-25,32.87,Grocery
CUST00273,2025-01-24,113.82,Travel
CUST00273,2024-10-15,8.82,Travel
CUST00273,2025-02-19,125.44,Electronics
CUST00273,2025-05-22,52.74,Grocery
CUST00273,2025-04-01,23.16,Dining
CUST00273,2024-10-10,156.53,Dining
CUST00273,2025-07-08,54.54,Clothing
CUST00273,2024-11-02,97.09,Electronics
CUST00273,2025-04-04,204.93,Grocery
CUST00273,2025-03-20,237.79,Grocery
CUST00273,2025-01-23,154.02,Electronics
CUST00273,2025-02-05,118.83,Electronics
CUST00273,2025-02-17,37.95,Electronics
CUST00273,2025-01-04,182.62,Clothing
CUST00273,2025-04-27,257.08,Electronics
CUST00273,2025-03-20,147.28,Dining
CUST00273,2025-06-05,27.02,Dining
CUST00273,2025-01-20,37.73,Grocery
CUST00273,2024-08-18,13.55,Clothing
CUST00273,2025-07-13,17.13,Dining
CUST00273,2025-06-24,46.16,Dining
CUST00273,2024-10-28,51.06,Grocery
CUST00273,2025-03-29,6.86,Electronics
CUST00273,2025-07-26,97.63,Clothing
CUST00273,2025-07-11,114.18,Travel
CUST00273,2025-06-30,125.42,Grocery
CUST00273,2024-08-31,56.89,Travel
CUST00273,2024-11-24,95.46,Travel
CUST00273,2025-06-19,100.55,Travel
CUST00273,2025-02-09,197.74,Clothing
CUST00273,2025-01-03,87.92,Dining
CUST00273,2025-07-05,32.38,Clothing
CUST00273,2024-09-23,69.53,Travel
CUST00273,2025-02-22,134.95,Dining
CUST00273,2025-07-08,13.96,Dining
CUST00273,2025-06-25,24.13,Dining
CUST00273,2025-01-13,7.41,Electronics
CUST00273,2024-11-27,17.71,Electronics
CUST00273,2024-12-02,21.54,Travel
CUST00273,2025-02-01,5.5,Clothing
CUST00273,2025-04-25,9.44,Clothing
CUST00273,2025-01-12,76.81,Travel
CUST00273,2024-09-29,36.94,Electronics
CUST00273,2025-06-12,46.57,Grocery
CUST00273,2025-03-04,89.13,Clothing
CUST00273,2025-03-18,45.73,Grocery
CUST00273,2025-02-22,77.27,Clothing
CUST00273,2024-09-22,72.4,Clothing
CUST00273,2025-04-05,43.42,Grocery
CUST00273,2025-07-02,255.88,Dining
CUST00273,2025-03-25,53.28,Clothing
CUST00273,2024-10-22,148.48,Clothing
CUST00274,2025-05-10,9.91,Grocery
CUST00274,2025-03-14,41.99,Grocery
CUST00274,2025-06-30,164.03,Dining
CUST00274,2025-06-17,7.49,Electronics
CUST00274,2025-03-21,49.3,Travel
CUST00274,2025-04-02,54.75,Travel
CUST00274,2025-04-11,11.7,Electronics
CUST00274,2025-06-30,21.3,Dining
CUST00274,2025-05-11,237.7,Electronics
CUST00274,2025-08-01,25.36,Grocery
CUST00274,2025-03-13,10.1,Electronics
CUST00274,2025-07-13,49.19,Clothing
CUST00274,2025-06-16,96.04,Dining
CUST00274,2025-07-17,74.79,Dining
CUST00274,2025-06-07,63.34,Dining
CUST00274,2025-03-02,99.56,Dining
CUST00274,2025-07-05,6.03,Dining
CUST00274,2025-05-07,58.17,Travel
CUST00274,2025-03-15,50.83,Grocery
CUST00274,2025-04-08,145.09,Dining
CUST00274,2025-06-09,134.55,Grocery
CUST00274,2025-04-21,227.52,Travel
CUST00274,2025-02-19,9.74,Dining
CUST00274,2025-03-05,89.01,Travel
CUST00274,2025-03-12,88.42,Travel
CUST00274,2025-06-26,11.96,Electronics
CUST00274,2025-03-13,172.14,Clothing
CUST00274,2025-07-10,62.04,Electronics
CUST00274,2025-02-10,141.56,Dining
CUST00274,2025-06-23,67.35,Travel
CUST00274,2025-07-17,258.09,Dining
CUST00274,2025-02-24,105.25,Electronics
CUST00274,2025-02-14,92.91,Grocery
CUST00274,2025-06-18,477.81,Travel
CUST00274,2025-02-08,185.67,Grocery
CUST00274,2025-06-10,7.53,Clothing
CUST00274,2025-05-07,261.21,Electronics
CUST00274,2025-06-03,113.91,Clothing
CUST00274,2025-03-19,65.8,Clothing
CUST00274,2025-07-22,20.66,Dining
CUST00274,2025-04-08,51.13,Electronics
CUST00274,2025-05-04,111.98,Travel
CUST00274,2025-07-09,61.46,Clothing
CUST00274,2025-05-09,9.83,Travel
CUST00274,2025-07-17,95.29,Grocery
CUST00274,2025-06-29,66.87,Dining
CUST00274,2025-06-17,40.04,Electronics
CUST00274,2025-06-18,12.02,Grocery
CUST00274,2025-07-18,9.06,Travel
CUST00274,2025-06-29,32.68,Electronics
CUST00274,2025-05-31,324.17,Electronics
CUST00274,2025-02-19,6.58,Electronics
CUST00274,2025-05-14,73.6,Grocery
CUST00274,2025-04-07,170.97,Electronics
CUST00274,2025-05-18,192.21,Dining
CUST00274,2025-03-16,6.32,Dining
CUST00274,2025-03-08,23.37,Clothing
CUST00274,2025-05-19,139.7,Grocery
CUST00274,2025-05-30,46.29,Travel
CUST00274,2025-04-14,216.71,Travel
CUST00274,2025-02-10,100.92,Grocery
CUST00274,2025-04-22,22.26,Travel
CUST00274,2025-04-10,31.84,Dining
CUST00274,2025-04-11,18.99,Dining
CUST00274,2025-04-08,7.17,Clothing
CUST00274,2025-05-09,15.07,Travel
CUST00274,2025-02-25,5.7,Clothing
CUST00274,2025-07-10,205.15,Dining
CUST00274,2025-03-22,53.79,Grocery
CUST00274,2025-05-06,48.5,Clothing
CUST00274,2025-04-13,70.8,Electronics
CUST00274,2025-05-06,71.39,Electronics
CUST00274,2025-07-05,223.73,Travel
CUST00274,2025-05-13,245.08,Travel
CUST00274,2025-06-16,56.87,Travel
CUST00274,2025-07-03,46.11,Electronics
CUST00274,2025-07-01,88.52,Clothing
CUST00274,2025-03-15,12.13,Travel
CUST00274,2025-05-12,44.15,Travel
CUST00274,2025-03-25,37.37,Electronics
CUST00274,2025-06-17,14.23,Travel
CUST00274,2025-02-08,81.15,Travel
CUST00274,2025-07-30,23.11,Grocery
CUST00274,2025-05-27,82.31,Grocery
CUST00274,2025-05-16,35.27,Clothing
CUST00274,2025-07-18,356.69,Dining
CUST00275,2025-07-12,17.4,Clothing
CUST00275,2025-07-29,70.75,Grocery
CUST00275,2025-07-17,12.99,Electronics
CUST00275,2025-07-06,33.61,Clothing
CUST00275,2025-07-21,45.54,Clothing
CUST00275,2025-07-10,16.28,Travel
CUST00275,2025-07-21,47.85,Clothing
CUST00275,2025-07-21,8.75,Electronics
CUST00275,2025-07-14,237.93,Grocery
CUST00275,2025-07-17,18.03,Dining
CUST00275,2025-07-19,240.16,Electronics
CUST00275,2025-07-14,21.08,Dining
CUST00275,2025-07-29,73.36,Clothing
CUST00275,2025-07-06,69.09,Grocery
CUST00275,2025-07-05,9.56,Electronics
CUST00275,2025-07-19,56.52,Travel
CUST00275,2025-07-13,55.91,Grocery
CUST00275,2025-07-05,49.4,Travel
CUST00275,2025-07-12,70.88,Travel
CUST00275,2025-07-28,103.16,Clothing
CUST00275,2025-07-08,61.65,Clothing
CUST00275,2025-07-10,185.0,Dining
CUST00275,2025-07-06,216.16,Clothing
CUST00275,2025-07-29,25.63,Electronics
CUST00275,2025-07-04,50.37,Clothing
CUST00275,2025-07-09,73.46,Grocery
CUST00275,2025-07-04,79.99,Electronics
CUST00275,2025-07-23,66.94,Grocery
CUST00275,2025-07-19,96.14,Clothing
CUST00275,2025-07-10,11.54,Dining
CUST00275,2025-07-30,41.98,Dining
CUST00275,2025-07-21,190.96,Electronics
CUST00275,2025-07-07,238.59,Dining
CUST00275,2025-07-23,81.05,Dining
CUST00275,2025-07-13,171.05,Travel
CUST00275,2025-07-24,40.16,Clothing
CUST00275,2025-07-04,93.9,Dining
CUST00275,2025-07-29,24.83,Travel
CUST00275,2025-07-31,32.6,Grocery
CUST00275,2025-07-21,53.63,Travel
CUST00275,2025-07-24,35.05,Grocery
CUST00275,2025-07-27,24.67,Travel
CUST00275,2025-07-30,10.58,Grocery
CUST00275,2025-07-15,47.78,Electronics
CUST00275,2025-07-29,34.64,Grocery
CUST00275,2025-07-14,29.72,Dining
CUST00275,2025-07-31,60.21,Dining
CUST00275,2025-07-08,64.62,Electronics
CUST00275,2025-07-26,105.79,Electronics
CUST00275,2025-07-28,22.1,Grocery
CUST00275,2025-07-24,239.22,Clothing
CUST00275,2025-07-06,29.62,Dining
CUST00275,2025-07-05,11.73,Dining
CUST00275,2025-07-10,245.7,Electronics
CUST00275,2025-07-24,98.17,Dining
CUST00275,2025-07-20,195.83,Travel
CUST00275,2025-07-04,352.58,Grocery
CUST00275,2025-07-29,146.22,Grocery
CUST00275,2025-07-10,154.32,Grocery
CUST00275,2025-07-04,17.03,Dining
CUST00275,2025-07-30,14.61,Travel
CUST00275,2025-07-21,130.14,Clothing
CUST00275,2025-07-30,65.1,Dining
CUST00275,2025-08-01,209.61,Clothing
CUST00275,2025-07-30,56.83,Electronics
CUST00275,2025-08-01,9.95,Dining
CUST00275,2025-07-20,6.27,Dining
CUST00275,2025-07-18,20.88,Electronics
CUST00275,2025-07-20,144.4,Clothing
CUST00275,2025-07-10,271.72,Dining
CUST00275,2025-07-07,16.91,Dining
CUST00275,2025-07-10,117.11,Dining
CUST00275,2025-07-13,7.07,Dining
CUST00275,2025-07-16,31.55,Grocery
CUST00275,2025-07-22,19.26,Grocery
CUST00275,2025-07-24,64.57,Travel
CUST00275,2025-07-24,125.27,Grocery
CUST00275,2025-07-18,161.05,Dining
CUST00275,2025-07-04,41.18,Clothing
CUST00275,2025-07-11,22.06,Grocery
CUST00275,2025-07-20,131.22,Grocery
CUST00275,2025-07-19,67.64,Clothing
CUST00275,2025-07-05,32.87,Electronics
CUST00275,2025-07-24,45.92,Travel
CUST00275,2025-07-29,12.72,Clothing
CUST00275,2025-07-28,84.96,Electronics
CUST00275,2025-07-10,68.02,Clothing
CUST00275,2025-07-29,86.36,Travel
CUST00275,2025-07-11,57.45,Dining
CUST00275,2025-07-29,95.19,Travel
CUST00275,2025-07-25,83.11,Travel
CUST00275,2025-07-25,7.41,Clothing
CUST00275,2025-07-18,106.92,Grocery
CUST00275,2025-07-18,93.77,Clothing
CUST00275,2025-07-16,15.44,Clothing
CUST00275,2025-07-10,110.93,Travel
CUST00275,2025-07-21,52.9,Electronics
CUST00275,2025-07-22,190.28,Travel
CUST00275,2025-07-08,39.27,Clothing
CUST00276,2022-09-13,198.04,Clothing
CUST00276,2022-02-09,105.86,Electronics
CUST00276,2023-07-08,115.84,Grocery
CUST00276,2022-04-03,111.21,Dining
CUST00276,2022-11-21,82.73,Grocery
CUST00276,2025-02-25,9.67,Clothing
CUST00276,2023-04-05,10.95,Travel
CUST00276,2022-04-14,11.14,Dining
CUST00276,2024-09-12,89.24,Electronics
CUST00276,2023-12-22,174.35,Travel
CUST00276,2025-01-07,305.44,Travel
CUST00276,2022-06-26,174.65,Electronics
CUST00276,2024-08-10,71.52,Grocery
CUST00276,2022-06-26,44.19,Travel
CUST00276,2022-05-27,324.87,Clothing
CUST00276,2023-12-11,148.65,Dining
CUST00276,2022-04-25,63.36,Dining
CUST00276,2024-04-15,26.6,Grocery
CUST00276,2024-11-09,15.37,Dining
CUST00276,2024-09-17,40.0,Dining
CUST00276,2022-01-05,96.29,Clothing
CUST00276,2025-07-25,46.64,Dining
CUST00276,2025-04-12,44.91,Electronics
CUST00276,2022-04-04,57.13,Travel
CUST00276,2023-12-13,97.94,Travel
CUST00276,2024-03-01,149.03,Electronics
CUST00276,2022-02-17,89.08,Clothing
CUST00276,2023-10-06,118.34,Electronics
CUST00276,2022-10-28,95.51,Clothing
CUST00276,2024-01-17,12.18,Clothing
CUST00276,2024-07-24,100.19,Clothing
CUST00276,2022-09-10,75.9,Grocery
CUST00276,2024-11-21,46.19,Grocery
CUST00276,2023-03-01,179.01,Dining
CUST00276,2024-09-17,156.63,Dining
CUST00276,2024-05-11,9.78,Grocery
CUST00276,2024-04-23,109.0,Electronics
CUST00276,2021-11-20,16.88,Clothing
CUST00276,2025-05-19,33.92,Travel
CUST00276,2025-01-17,33.69,Dining
CUST00276,2023-11-12,7.11,Electronics
CUST00276,2023-09-11,27.52,Clothing
CUST00276,2024-12-30,77.68,Electronics
CUST00276,2024-04-14,120.96,Grocery
CUST00276,2023-06-18,15.67,Travel
CUST00276,2023-05-31,9.36,Travel
CUST00276,2025-05-19,6.79,Travel
CUST00276,2023-06-01,65.89,Electronics
CUST00276,2023-04-08,11.02,Travel
CUST00276,2024-02-29,141.7,Dining
CUST00276,2024-11-07,84.83,Electronics
CUST00276,2024-09-01,32.49,Electronics
CUST00276,2025-07-08,93.34,Electronics
CUST00276,2023-05-09,216.91,Electronics
CUST00276,2023-05-12,89.47,Travel
CUST00276,2023-06-16,10.48,Dining
CUST00276,2022-09-09,10.53,Clothing
CUST00276,2023-08-12,18.31,Grocery
CUST00276,2025-01-24,177.3,Electronics
CUST00276,2024-12-09,37.63,Travel
CUST00276,2022-10-16,79.16,Clothing
CUST00276,2023-03-28,17.26,Grocery
CUST00276,2024-11-26,8.09,Travel
CUST00276,2025-06-27,13.48,Grocery
CUST00276,2024-02-15,80.81,Dining
CUST00276,2024-11-16,66.48,Grocery
CUST00276,2022-07-21,59.45,Electronics
CUST00276,2022-11-18,138.61,Dining
CUST00276,2024-06-14,24.72,Clothing
CUST00276,2023-09-29,86.72,Clothing
CUST00276,2024-06-30,96.06,Clothing
CUST00276,2024-06-22,185.77,Dining
CUST00276,2023-08-19,42.74,Electronics
CUST00276,2024-09-14,8.13,Electronics
CUST00276,2023-01-25,100.16,Dining
CUST00276,2022-11-22,207.53,Clothing
CUST00276,2025-05-21,7.26,Clothing
CUST00276,2024-11-05,97.44,Dining
CUST00276,2023-05-06,306.16,Electronics
CUST00276,2022-09-19,34.5,Clothing
CUST00276,2023-05-03,149.5,Electronics
CUST00276,2023-08-20,106.63,Clothing
CUST00276,2022-02-21,97.75,Travel
CUST00276,2022-11-17,180.02,Clothing
CUST00276,2023-03-21,74.33,Electronics
CUST00276,2024-02-10,209.31,Electronics
CUST00276,2022-09-30,218.42,Travel
CUST00276,2025-06-06,51.38,Clothing
CUST00276,2024-11-22,101.48,Electronics
CUST00276,2022-08-27,66.35,Electronics
CUST00276,2022-01-20,139.81,Clothing
CUST00276,2025-04-03,39.91,Clothing
CUST00276,2021-11-09,8.38,Grocery
CUST00276,2024-10-18,65.93,Dining
CUST00276,2022-11-05,57.75,Electronics
CUST00276,2022-03-05,35.58,Electronics
CUST00276,2024-04-25,7.39,Clothing
CUST00277,2025-02-26,149.62,Electronics
CUST00277,2025-07-08,33.81,Clothing
CUST00277,2024-07-13,125.29,Clothing
CUST00277,2024-02-12,22.59,Grocery
CUST00277,2025-02-17,9.55,Dining
CUST00277,2024-07-09,11.02,Travel
CUST00277,2023-12-08,96.07,Travel
CUST00277,2025-05-11,108.66,Grocery
CUST00277,2024-03-11,62.21,Travel
CUST00277,2024-11-16,66.27,Electronics
CUST00277,2024-04-08,28.63,Grocery
CUST00277,2024-09-12,25.42,Electronics
CUST00277,2024-04-03,130.13,Dining
CUST00277,2025-02-14,27.52,Clothing
CUST00277,2024-04-22,52.68,Dining
CUST00277,2024-12-20,53.22,Clothing
CUST00277,2024-06-17,443.0,Dining
CUST00277,2025-05-16,19.89,Dining
CUST00277,2024-06-16,7.28,Dining
CUST00277,2025-02-26,71.86,Dining
CUST00277,2024-03-09,19.18,Electronics
CUST00277,2025-05-17,114.31,Grocery
CUST00277,2025-01-31,5.38,Clothing
CUST00277,2024-10-16,88.94,Clothing
CUST00277,2025-04-23,177.83,Electronics
CUST00277,2024-01-29,16.99,Travel
CUST00277,2024-02-19,284.4,Clothing
CUST00277,2024-04-14,43.88,Travel
CUST00277,2024-08-22,42.92,Travel
CUST00277,2024-04-25,8.36,Clothing
CUST00277,2024-02-09,15.26,Grocery
CUST00277,2025-07-21,15.14,Dining
CUST00277,2024-05-15,64.76,Travel
CUST00277,2024-01-26,268.64,Electronics
CUST00277,2024-12-11,46.38,Grocery
CUST00277,2024-07-16,25.83,Dining
CUST00277,2025-01-20,27.44,Dining
CUST00277,2025-05-26,34.21,Grocery
CUST00277,2025-04-07,195.3,Grocery
CUST00277,2025-06-16,20.17,Electronics
CUST00277,2024-10-03,13.65,Travel
CUST00277,2025-02-26,9.18,Travel
CUST00277,2025-04-04,14.83,Grocery
CUST00277,2025-07-08,53.64,Dining
CUST00277,2025-01-28,35.67,Dining
CUST00277,2025-02-23,59.21,Grocery
CUST00277,2025-03-07,121.71,Travel
CUST00277,2024-07-06,218.92,Travel
CUST00277,2024-07-12,153.46,Electronics
CUST00277,2024-04-04,128.16,Travel
CUST00277,2025-06-09,51.03,Travel
CUST00277,2024-05-22,96.95,Dining
CUST00277,2025-03-15,56.72,Grocery
CUST00277,2023-12-29,40.94,Travel
CUST00277,2024-11-21,43.17,Electronics
CUST00277,2025-01-06,105.88,Electronics
CUST00277,2025-03-09,326.78,Grocery
CUST00277,2025-05-23,251.01,Grocery
CUST00277,2024-05-13,109.12,Dining
CUST00277,2025-06-25,160.22,Grocery
CUST00277,2025-05-25,119.2,Clothing
CUST00277,2025-03-19,8.91,Electronics
CUST00277,2024-12-29,19.07,Grocery
CUST00277,2024-03-30,38.78,Dining
CUST00277,2025-07-07,21.45,Grocery
CUST00277,2024-01-28,14.59,Electronics
CUST00277,2024-09-05,8.75,Clothing
CUST00277,2024-11-03,99.05,Travel
CUST00277,2024-03-20,11.42,Grocery
CUST00277,2024-07-21,140.61,Electronics
CUST00277,2025-06-18,112.93,Grocery
CUST00277,2024-05-04,243.6,Electronics
CUST00277,2024-11-24,69.64,Travel
CUST00277,2024-03-18,7.55,Electronics
CUST00277,2023-12-04,32.39,Clothing
CUST00277,2025-04-20,230.19,Travel
CUST00277,2024-06-05,35.93,Grocery
CUST00277,2024-05-19,39.51,Travel
CUST00277,2024-03-01,153.51,Dining
CUST00277,2024-03-08,38.51,Dining
CUST00277,2025-02-17,138.51,Electronics
CUST00277,2024-09-29,79.83,Travel
CUST00277,2025-05-16,484.1,Grocery
CUST00277,2024-07-24,36.42,Electronics
CUST00277,2025-04-08,162.52,Dining
CUST00277,2024-10-14,269.38,Dining
CUST00277,2024-04-18,178.77,Dining
CUST00277,2024-07-31,105.99,Clothing
CUST00277,2025-06-23,82.7,Travel
CUST00277,2023-12-28,58.15,Grocery
CUST00277,2024-07-21,54.05,Dining
CUST00277,2024-07-21,7.88,Dining
CUST00277,2024-11-08,89.94,Dining
CUST00277,2024-07-30,7.87,Electronics
CUST00277,2025-04-30,14.0,Dining
CUST00277,2024-04-19,51.39,Dining
CUST00277,2024-12-31,147.54,Electronics
CUST00277,2024-01-23,187.15,Grocery
CUST00277,2024-01-01,72.8,Electronics
CUST00278,2023-04-10,55.85,Clothing
CUST00278,2023-07-16,106.64,Electronics
CUST00278,2023-05-31,19.07,Dining
CUST00278,2023-01-11,8.23,Electronics
CUST00278,2023-05-02,159.02,Travel
CUST00278,2025-07-22,66.81,Dining
CUST00278,2023-02-17,153.04,Dining
CUST00278,2023-01-27,124.22,Grocery
CUST00278,2024-10-31,20.12,Travel
CUST00278,2023-01-08,118.27,Electronics
CUST00278,2025-04-22,84.25,Electronics
CUST00278,2024-11-17,19.8,Travel
CUST00278,2025-07-04,47.11,Dining
CUST00278,2023-08-23,124.61,Electronics
CUST00278,2023-07-08,82.01,Dining
CUST00278,2023-03-26,69.82,Clothing
CUST00278,2024-01-12,8.17,Electronics
CUST00278,2023-04-27,117.56,Electronics
CUST00278,2023-05-31,8.53,Dining
CUST00278,2023-04-27,113.61,Travel
CUST00278,2024-10-07,43.81,Clothing
CUST00278,2024-01-11,111.66,Grocery
CUST00278,2024-06-14,54.84,Electronics
CUST00278,2023-02-05,16.54,Dining
CUST00278,2025-03-08,7.91,Grocery
CUST00278,2022-12-27,155.0,Grocery
CUST00278,2023-08-23,42.05,Dining
CUST00278,2024-11-13,12.47,Grocery
CUST00278,2024-11-09,43.26,Electronics
CUST00278,2024-06-20,23.89,Electronics
CUST00278,2023-04-07,50.29,Dining
CUST00278,2023-09-12,28.52,Grocery
CUST00278,2025-01-08,42.85,Electronics
CUST00278,2022-12-26,26.64,Grocery
CUST00278,2025-07-09,162.85,Electronics
CUST00278,2024-11-03,11.3,Electronics
CUST00278,2024-05-15,25.86,Dining
CUST00278,2023-04-04,138.35,Electronics
CUST00278,2025-01-06,138.48,Clothing
CUST00278,2024-12-07,10.19,Dining
CUST00278,2024-06-18,14.6,Dining
CUST00278,2023-02-18,89.64,Travel
CUST00278,2023-03-24,159.29,Travel
CUST00278,2024-01-08,48.67,Travel
CUST00278,2023-04-06,249.4,Dining
CUST00278,2024-02-22,71.64,Electronics
CUST00278,2024-10-18,27.67,Dining
CUST00278,2023-07-03,188.5,Clothing
CUST00278,2023-11-05,19.35,Grocery
CUST00278,2023-11-14,84.56,Electronics
CUST00278,2024-03-19,115.64,Grocery
CUST00278,2022-12-08,146.24,Clothing
CUST00278,2024-03-27,20.08,Electronics
CUST00278,2024-03-20,20.55,Electronics
CUST00278,2023-10-26,67.71,Electronics
CUST00278,2024-01-14,100.48,Electronics
CUST00278,2025-07-10,133.69,Electronics
CUST00278,2024-01-03,335.5,Clothing
CUST00278,2023-05-08,19.69,Travel
CUST00278,2024-08-29,170.82,Travel
CUST00278,2024-03-16,23.06,Travel
CUST00278,2023-03-23,35.89,Clothing
CUST00278,2023-12-15,123.85,Clothing
CUST00278,2023-07-06,173.53,Travel
CUST00278,2023-01-14,119.34,Travel
CUST00278,2023-08-01,73.14,Dining
CUST00278,2023-03-28,169.22,Travel
CUST00278,2025-07-01,35.54,Grocery
CUST00278,2025-06-05,18.41,Electronics
CUST00278,2024-05-21,19.98,Clothing
CUST00278,2025-06-07,266.98,Dining
CUST00278,2023-01-04,137.26,Travel
CUST00278,2023-10-14,100.03,Electronics
CUST00278,2024-01-22,277.95,Travel
CUST00278,2023-01-31,165.92,Travel
CUST00278,2023-12-06,55.15,Travel
CUST00278,2023-01-09,39.51,Electronics
CUST00278,2024-10-15,6.41,Clothing
CUST00278,2025-03-19,144.65,Electronics
CUST00278,2025-07-29,79.49,Dining
CUST00278,2025-01-23,70.19,Travel
CUST00278,2024-06-03,43.81,Clothing
CUST00278,2024-12-26,15.3,Electronics
CUST00278,2024-07-19,24.52,Travel
CUST00278,2024-02-13,191.58,Dining
CUST00278,2025-06-28,32.63,Travel
CUST00278,2025-02-10,28.42,Clothing
CUST00278,2024-03-03,35.82,Grocery
CUST00278,2023-10-15,65.18,Clothing
CUST00278,2023-04-24,97.08,Travel
CUST00278,2024-09-20,34.94,Electronics
CUST00278,2025-06-06,12.66,Clothing
CUST00278,2025-05-07,20.63,Travel
CUST00278,2025-06-21,70.29,Grocery
CUST00278,2024-12-04,64.28,Travel
CUST00278,2023-06-13,47.8,Dining
CUST00278,2023-08-03,111.25,Dining
CUST00278,2025-04-01,189.33,Clothing
CUST00278,2025-02-11,125.5,Grocery
CUST00279,2024-11-26,110.13,Clothing
CUST00279,2025-02-10,118.39,Dining
CUST00279,2025-04-26,9.77,Grocery
CUST00279,2025-07-12,70.86,Electronics
CUST00279,2025-02-19,208.03,Grocery
CUST00279,2024-05-20,58.83,Grocery
CUST00279,2024-11-15,125.93,Clothing
CUST00279,2025-03-06,46.56,Grocery
CUST00279,2024-11-02,135.06,Clothing
CUST00279,2024-11-25,140.09,Electronics
CUST00279,2025-01-09,118.33,Grocery
CUST00279,2024-08-15,38.06,Travel
CUST00279,2024-05-28,44.58,Travel
CUST00279,2025-05-20,24.09,Clothing
CUST00279,2025-04-30,164.4,Clothing
CUST00279,2024-05-14,12.74,Electronics
CUST00279,2024-07-04,6.08,Dining
CUST00279,2024-10-10,21.26,Clothing
CUST00279,2025-07-13,9.42,Dining
CUST00279,2024-11-24,53.3,Clothing
CUST00279,2025-01-18,222.61,Electronics
CUST00279,2025-07-19,75.15,Clothing
CUST00279,2025-02-06,76.44,Dining
CUST00279,2024-08-15,205.69,Grocery
CUST00279,2025-03-22,346.13,Dining
CUST00279,2024-08-27,22.72,Clothing
CUST00279,2024-09-04,20.87,Dining
CUST00279,2025-01-02,300.16,Travel
CUST00279,2024-08-13,70.92,Electronics
CUST00279,2024-10-06,9.8,Clothing
CUST00279,2024-09-06,138.47,Travel
CUST00279,2024-09-28,143.04,Electronics
CUST00279,2024-11-11,51.99,Clothing
CUST00279,2024-06-04,162.89,Grocery
CUST00279,2024-10-17,20.24,Grocery
CUST00279,2024-08-01,79.39,Travel
CUST00279,2025-03-30,174.27,Grocery
CUST00279,2025-04-20,11.19,Clothing
CUST00279,2024-09-22,26.8,Dining
CUST00279,2025-01-14,33.82,Clothing
CUST00279,2025-01-30,16.49,Dining
CUST00279,2024-09-25,331.5,Electronics
CUST00279,2025-06-30,28.12,Dining
CUST00279,2024-12-27,18.32,Dining
CUST00279,2025-02-28,209.25,Clothing
CUST00279,2025-04-26,93.94,Travel
CUST00279,2025-05-17,89.3,Dining
CUST00279,2025-02-16,8.04,Clothing
CUST00279,2025-01-17,22.77,Travel
CUST00279,2024-05-27,11.42,Travel
CUST00279,2024-11-13,81.87,Dining
CUST00279,2024-07-16,143.16,Electronics
CUST00279,2025-05-29,6.78,Grocery
CUST00279,2024-05-25,95.98,Clothing
CUST00279,2025-03-13,18.77,Clothing
CUST00279,2025-04-30,6.19,Grocery
CUST00279,2025-01-02,140.61,Dining
CUST00279,2025-05-21,42.36,Electronics
CUST00279,2025-04-05,46.57,Electronics
CUST00279,2024-08-13,231.24,Clothing
CUST00279,2024-07-25,38.51,Dining
CUST00279,2025-06-23,49.31,Dining
CUST00279,2025-03-19,126.66,Electronics
CUST00279,2025-05-31,406.95,Travel
CUST00279,2024-06-23,44.14,Travel
CUST00279,2025-01-15,10.7,Grocery
CUST00279,2024-05-21,36.17,Travel
CUST00279,2024-12-04,133.8,Electronics
CUST00279,2024-08-29,190.94,Electronics
CUST00279,2024-10-07,38.24,Dining
CUST00279,2024-10-12,16.5,Clothing
CUST00279,2024-11-22,99.86,Clothing
CUST00279,2024-07-26,63.28,Grocery
CUST00279,2024-06-05,43.02,Travel
CUST00279,2025-04-14,21.86,Grocery
CUST00279,2025-03-01,134.76,Electronics
CUST00279,2024-09-30,106.76,Grocery
CUST00279,2024-09-15,41.62,Dining
CUST00279,2024-06-22,229.33,Grocery
CUST00279,2025-04-20,68.72,Electronics
CUST00279,2024-05-08,109.78,Electronics
CUST00279,2025-06-08,60.38,Travel
CUST00279,2025-04-08,9.71,Electronics
CUST00279,2025-05-02,124.59,Grocery
CUST00279,2024-09-06,145.27,Electronics
CUST00279,2024-07-13,11.28,Dining
CUST00279,2025-07-25,31.85,Dining
CUST00279,2024-12-11,86.13,Travel
CUST00279,2024-05-30,38.8,Travel
CUST00279,2024-06-23,84.33,Electronics
CUST00279,2024-12-19,34.52,Clothing
CUST00279,2025-03-11,40.52,Electronics
CUST00279,2024-11-21,36.01,Travel
CUST00279,2024-06-24,71.51,Dining
CUST00279,2025-05-28,14.69,Electronics
CUST00279,2024-06-19,204.85,Travel
CUST00280,2023-09-10,81.02,Travel
CUST00280,2025-05-11,35.18,Grocery
CUST00280,2025-03-28,87.73,Travel
CUST00280,2025-02-06,85.49,Clothing
CUST00280,2025-03-05,40.25,Grocery
CUST00280,2023-10-11,55.88,Electronics
CUST00280,2025-04-29,86.63,Dining
CUST00280,2024-11-21,68.03,Dining
CUST00280,2024-06-29,59.53,Electronics
CUST00280,2025-04-06,11.93,Grocery
CUST00280,2024-09-23,35.7,Dining
CUST00280,2024-01-05,90.89,Clothing
CUST00280,2025-07-06,40.7,Clothing
CUST00280,2024-04-10,14.3,Grocery
CUST00280,2025-07-14,103.04,Clothing
CUST00280,2023-10-09,398.05,Electronics
CUST00280,2025-05-22,275.56,Travel
CUST00280,2023-09-15,41.17,Electronics
CUST00280,2024-01-16,7.33,Dining
CUST00280,2025-02-20,7.06,Dining
CUST00280,2024-08-27,76.49,Dining
CUST00280,2024-10-05,45.93,Clothing
CUST00280,2025-04-19,253.57,Grocery
CUST00280,2024-08-17,70.86,Grocery
CUST00280,2024-06-24,31.17,Dining
CUST00280,2023-08-30,10.56,Electronics
CUST00280,2024-12-24,100.39,Dining
CUST00280,2024-09-02,5.16,Travel
CUST00280,2024-11-15,75.18,Dining
CUST00280,2024-01-27,18.47,Clothing
CUST00280,2025-01-10,86.62,Grocery
CUST00280,2024-11-04,79.24,Electronics
CUST00280,2024-09-25,46.37,Travel
CUST00280,2024-05-05,80.55,Grocery
CUST00280,2024-06-02,221.82,Clothing
CUST00280,2024-03-06,99.8,Grocery
CUST00280,2025-07-22,83.44,Dining
CUST00280,2024-01-20,149.65,Electronics
CUST00280,2024-01-07,134.83,Clothing
CUST00280,2024-12-30,72.12,Clothing
CUST00280,2024-11-27,61.45,Dining
CUST00280,2024-08-24,21.28,Electronics
CUST00280,2024-05-22,91.63,Clothing
CUST00280,2024-04-04,23.31,Grocery
CUST00280,2025-01-01,10.17,Electronics
CUST00280,2024-01-10,25.4,Grocery
CUST00280,2023-09-02,217.47,Travel
CUST00280,2025-03-28,34.67,Electronics
CUST00280,2025-06-24,135.42,Grocery
CUST00280,2025-06-05,17.88,Travel
CUST00280,2025-02-22,15.98,Dining
CUST00280,2024-07-17,58.67,Travel
CUST00280,2024-02-17,96.99,Electronics
CUST00280,2023-10-04,17.23,Grocery
CUST00280,2025-06-26,21.66,Electronics
CUST00280,2024-01-19,303.27,Dining
CUST00280,2024-02-13,148.84,Dining
CUST00280,2023-12-27,10.25,Electronics
CUST00280,2024-09-15,110.37,Electronics
CUST00280,2024-12-18,32.81,Electronics
CUST00280,2025-01-02,67.41,Travel
CUST00280,2025-07-12,17.76,Clothing
CUST00280,2024-03-18,47.17,Travel
CUST00280,2025-06-12,14.17,Electronics
CUST00280,2025-07-26,163.79,Clothing
CUST00280,2025-02-14,5.05,Grocery
CUST00280,2023-08-24,146.51,Dining
CUST00280,2024-03-18,30.88,Clothing
CUST00280,2024-07-12,19.64,Electronics
CUST00280,2024-04-25,17.56,Grocery
CUST00280,2024-08-16,40.43,Grocery
CUST00280,2024-11-11,69.3,Dining
CUST00280,2024-01-22,74.96,Dining
CUST00280,2024-07-22,86.58,Grocery
CUST00280,2024-12-10,108.05,Grocery
CUST00280,2024-04-09,96.78,Electronics
CUST00280,2025-02-02,90.66,Travel
CUST00280,2025-05-24,100.5,Travel
CUST00280,2025-07-26,15.71,Clothing
CUST00280,2025-08-01,152.23,Electronics
CUST00280,2023-09-25,137.54,Grocery
CUST00280,2024-02-18,118.94,Travel
CUST00280,2023-10-01,11.05,Grocery
CUST00280,2025-01-08,143.11,Dining
CUST00280,2024-11-02,36.66,Electronics
CUST00280,2025-01-09,75.17,Dining
CUST00280,2023-08-30,15.44,Dining
CUST00280,2023-08-31,17.02,Clothing
CUST00280,2023-10-04,178.56,Travel
CUST00280,2023-09-16,182.47,Travel
CUST00280,2025-03-02,48.82,Grocery
CUST00280,2024-12-22,9.46,Dining
CUST00280,2024-06-01,35.52,Grocery
CUST00280,2025-07-14,33.78,Electronics
CUST00280,2024-08-11,107.86,Electronics
CUST00280,2024-09-18,59.42,Grocery
CUST00280,2025-01-25,89.45,Dining
CUST00280,2024-04-22,16.23,Grocery
CUST00280,2024-04-08,35.41,Travel
CUST00280,2024-03-07,229.61,Travel
CUST00280,2023-10-14,32.91,Travel
CUST00280,2024-02-25,9.58,Travel
CUST00280,2025-03-13,73.3,Electronics
CUST00280,2024-05-05,20.45,Electronics
CUST00280,2023-10-07,105.77,Electronics
CUST00280,2025-04-07,50.52,Electronics
CUST00281,2024-09-25,54.15,Dining
CUST00281,2025-04-17,129.02,Dining
CUST00281,2024-01-09,54.94,Dining
CUST00281,2021-05-01,66.41,Travel
CUST00281,2022-04-01,30.05,Grocery
CUST00281,2022-09-21,50.21,Grocery
CUST00281,2023-07-10,87.98,Grocery
CUST00281,2025-02-02,25.79,Dining
CUST00281,2020-12-16,86.95,Grocery
CUST00281,2023-08-19,36.47,Dining
CUST00281,2021-12-15,194.68,Grocery
CUST00281,2024-11-05,53.25,Grocery
CUST00281,2024-06-03,147.37,Travel
CUST00281,2021-01-14,94.93,Travel
CUST00281,2022-04-06,37.27,Dining
CUST00281,2021-04-07,119.67,Grocery
CUST00281,2022-03-21,53.15,Grocery
CUST00281,2024-01-17,28.16,Dining
CUST00281,2021-08-27,177.81,Electronics
CUST00281,2023-11-15,56.46,Dining
CUST00281,2025-06-21,251.44,Electronics
CUST00281,2024-08-09,108.84,Dining
CUST00281,2024-12-13,137.16,Travel
CUST00281,2025-01-23,82.26,Travel
CUST00281,2023-08-11,92.74,Clothing
CUST00281,2021-09-16,53.95,Grocery
CUST00281,2021-07-21,16.87,Electronics
CUST00281,2025-02-15,20.0,Electronics
CUST00281,2021-03-13,9.3,Grocery
CUST00281,2021-06-29,154.5,Clothing
CUST00281,2021-01-16,51.34,Grocery
CUST00281,2023-09-21,154.57,Clothing
CUST00281,2021-08-23,158.67,Dining
CUST00281,2025-05-30,142.19,Dining
CUST00281,2025-06-29,148.35,Grocery
CUST00281,2024-10-14,41.45,Electronics
CUST00281,2024-05-26,55.97,Travel
CUST00281,2021-08-14,231.0,Travel
CUST00281,2022-05-01,59.54,Dining
CUST00281,2025-03-18,55.81,Grocery
CUST00281,2022-07-14,103.18,Grocery
CUST00281,2022-03-11,10.04,Grocery
CUST00281,2021-12-01,64.41,Grocery
CUST00281,2021-12-21,21.4,Grocery
CUST00281,2023-06-29,207.41,Travel
CUST00281,2024-04-12,159.94,Dining
CUST00281,2022-02-10,157.75,Travel
CUST00281,2024-01-26,19.45,Travel
CUST00281,2024-02-05,39.9,Clothing
CUST00281,2020-11-17,936.75,Dining
CUST00281,2022-11-30,207.1,Electronics
CUST00281,2020-11-22,72.73,Travel
CUST00281,2022-09-03,251.81,Clothing
CUST00281,2022-08-30,107.1,Dining
CUST00281,2023-07-02,66.89,Grocery
CUST00281,2022-09-22,232.0,Grocery
CUST00281,2023-04-22,289.65,Clothing
CUST00281,2025-06-11,52.76,Clothing
CUST00281,2023-07-06,97.21,Travel
CUST00281,2024-07-23,56.5,Travel
CUST00281,2025-05-04,105.86,Grocery
CUST00281,2021-07-08,401.58,Electronics
CUST00281,2022-10-03,27.81,Travel
CUST00281,2022-07-13,12.09,Dining
CUST00281,2021-10-23,11.62,Electronics
CUST00281,2021-03-04,151.51,Dining
CUST00281,2022-01-02,110.9,Travel
CUST00281,2021-05-07,139.89,Dining
CUST00281,2024-05-25,32.73,Electronics
CUST00281,2023-05-12,90.55,Electronics
CUST00281,2024-11-01,7.67,Dining
CUST00281,2023-06-22,66.01,Clothing
CUST00281,2023-11-14,97.69,Electronics
CUST00281,2022-07-05,43.39,Dining
CUST00281,2024-11-27,167.13,Travel
CUST00281,2024-09-08,30.79,Clothing
CUST00281,2024-10-15,36.15,Dining
CUST00281,2023-09-16,493.73,Electronics
CUST00281,2022-02-18,60.79,Grocery
CUST00281,2023-02-10,12.93,Grocery
CUST00281,2022-11-03,65.15,Grocery
CUST00281,2022-09-08,114.28,Clothing
CUST00281,2025-01-08,48.29,Dining
CUST00281,2022-04-29,46.42,Dining
CUST00281,2024-11-10,75.25,Grocery
CUST00281,2023-12-01,218.13,Dining
CUST00281,2021-09-05,24.18,Travel
CUST00281,2025-05-04,179.92,Grocery
CUST00281,2023-06-04,164.08,Grocery
CUST00281,2022-11-19,158.84,Travel
CUST00281,2025-03-19,9.63,Travel
CUST00281,2022-04-16,76.01,Clothing
CUST00281,2021-03-13,92.48,Electronics
CUST00281,2023-02-01,15.38,Dining
CUST00281,2022-02-21,29.58,Clothing
CUST00281,2024-05-10,29.56,Electronics
CUST00281,2025-03-05,21.97,Clothing
CUST00281,2023-05-12,109.02,Travel
CUST00281,2023-05-16,13.28,Grocery
CUST00281,2024-10-11,15.87,Grocery
CUST00281,2023-08-21,9.04,Electronics
CUST00281,2020-12-01,24.41,Clothing
CUST00281,2022-02-25,38.73,Clothing
CUST00281,2023-11-30,143.88,Electronics
CUST00281,2025-04-07,26.96,Travel
CUST00281,2024-08-11,124.46,Grocery
CUST00281,2022-10-10,107.2,Dining
CUST00281,2025-01-28,53.99,Grocery
CUST00281,2021-12-12,194.6,Electronics
CUST00281,2023-01-15,7.84,Clothing
CUST00281,2022-07-10,14.78,Travel
CUST00282,2023-05-30,201.33,Dining
CUST00282,2023-03-21,48.24,Dining
CUST00282,2022-12-15,75.62,Electronics
CUST00282,2022-12-06,46.19,Dining
CUST00282,2022-08-27,176.23,Grocery
CUST00282,2022-12-20,36.72,Travel
CUST00282,2022-06-27,16.82,Dining
CUST00282,2024-10-01,200.79,Dining
CUST00282,2024-02-14,90.01,Grocery
CUST00282,2024-05-18,29.81,Clothing
CUST00282,2022-10-17,172.29,Travel
CUST00282,2024-10-04,8.7,Clothing
CUST00282,2023-04-07,245.9,Dining
CUST00282,2024-08-31,131.06,Clothing
CUST00282,2023-01-30,36.41,Electronics
CUST00282,2023-05-03,131.0,Dining
CUST00282,2024-01-07,38.11,Electronics
CUST00282,2025-07-10,39.25,Dining
CUST00282,2024-09-11,20.01,Travel
CUST00282,2023-07-17,298.85,Electronics
CUST00282,2023-11-14,23.68,Travel
CUST00282,2023-02-24,101.12,Grocery
CUST00282,2023-10-24,86.12,Grocery
CUST00282,2024-10-07,68.61,Electronics
CUST00282,2024-02-12,20.99,Clothing
CUST00282,2023-05-22,10.13,Grocery
CUST00282,2023-08-08,86.02,Travel
CUST00282,2025-05-11,133.32,Clothing
CUST00282,2024-02-12,36.22,Dining
CUST00282,2024-05-15,39.33,Electronics
CUST00282,2024-04-12,70.13,Clothing
CUST00282,2023-01-27,19.27,Electronics
CUST00282,2023-05-20,87.16,Travel
CUST00282,2024-10-15,70.05,Electronics
CUST00282,2024-03-29,53.02,Electronics
CUST00282,2022-08-09,31.47,Travel
CUST00282,2025-03-03,132.72,Grocery
CUST00282,2022-08-20,298.03,Grocery
CUST00282,2023-05-07,13.27,Travel
CUST00282,2024-12-04,25.34,Dining
CUST00282,2022-07-21,36.67,Electronics
CUST00282,2022-12-31,44.99,Travel
CUST00282,2023-09-04,10.36,Travel
CUST00282,2024-02-07,51.92,Clothing
CUST00282,2024-09-09,47.27,Grocery
CUST00282,2023-01-04,19.22,Grocery
CUST00282,2024-11-05,9.61,Grocery
CUST00282,2024-11-02,12.61,Clothing
CUST00282,2023-06-16,24.73,Travel
CUST00282,2025-03-21,93.08,Travel
CUST00282,2024-05-20,85.94,Electronics
CUST00282,2023-03-08,43.01,Electronics
CUST00282,2023-11-03,147.77,Dining
CUST00282,2025-06-15,19.96,Dining
CUST00282,2024-03-07,25.45,Electronics
CUST00282,2025-02-21,38.0,Electronics
CUST00282,2022-10-02,7.38,Dining
CUST00282,2025-06-11,30.38,Dining
CUST00282,2023-12-02,52.69,Travel
CUST00282,2022-09-04,134.89,Grocery
CUST00282,2023-08-22,79.67,Clothing
CUST00282,2025-05-23,6.79,Dining
CUST00282,2024-11-16,65.85,Travel
CUST00282,2024-07-31,67.31,Electronics
CUST00282,2025-03-16,404.48,Dining
CUST00282,2022-11-13,88.12,Clothing
CUST00282,2023-04-19,59.89,Travel
CUST00282,2022-10-04,27.85,Dining
CUST00282,2022-12-29,34.24,Clothing
CUST00282,2024-07-02,13.13,Travel
CUST00282,2023-11-05,80.28,Electronics
CUST00282,2024-04-20,225.96,Grocery
CUST00282,2024-05-03,87.24,Travel
CUST00282,2022-08-03,63.92,Travel
CUST00282,2023-01-11,29.74,Dining
CUST00282,2022-11-07,25.02,Clothing
CUST00282,2025-07-27,41.01,Grocery
CUST00282,2024-06-08,124.58,Grocery
CUST00282,2023-11-21,132.73,Travel
CUST00282,2025-01-01,19.61,Clothing
CUST00282,2025-07-10,93.37,Grocery
CUST00282,2025-04-16,248.43,Electronics
CUST00282,2023-12-23,303.37,Clothing
CUST00282,2023-12-06,99.4,Clothing
CUST00282,2024-11-22,34.03,Electronics
CUST00282,2024-09-15,30.11,Travel
CUST00282,2022-08-29,126.51,Clothing
CUST00282,2025-04-10,16.33,Dining
CUST00282,2024-10-22,10.0,Clothing
CUST00282,2025-06-20,129.25,Clothing
CUST00282,2022-08-07,151.61,Dining
CUST00282,2022-10-18,48.27,Dining
CUST00282,2023-03-05,82.92,Electronics
CUST00282,2025-06-07,81.17,Dining
CUST00282,2024-02-04,131.28,Travel
CUST00282,2024-02-29,236.59,Travel
CUST00282,2023-03-06,182.06,Electronics
CUST00282,2022-11-19,82.97,Clothing
CUST00282,2024-01-25,268.14,Electronics
CUST00282,2024-11-16,27.23,Dining
CUST00282,2024-10-31,9.91,Electronics
CUST00282,2025-04-23,70.82,Electronics
CUST00282,2023-06-01,146.54,Electronics
CUST00282,2023-09-01,86.72,Dining
CUST00282,2024-03-25,115.38,Dining
CUST00282,2023-06-04,33.34,Clothing
CUST00282,2023-04-21,55.67,Electronics
CUST00283,2024-11-18,8.87,Travel
CUST00283,2025-01-27,13.95,Electronics
CUST00283,2025-03-31,12.37,Dining
CUST00283,2024-01-15,282.44,Electronics
CUST00283,2025-01-18,74.36,Electronics
CUST00283,2024-02-09,128.6,Electronics
CUST00283,2025-05-22,193.07,Electronics
CUST00283,2024-04-24,49.9,Travel
CUST00283,2024-04-07,27.21,Clothing
CUST00283,2025-05-24,9.57,Clothing
CUST00283,2025-04-21,55.27,Grocery
CUST00283,2024-06-26,187.8,Electronics
CUST00283,2024-10-30,161.5,Dining
CUST00283,2024-02-02,6.39,Clothing
CUST00283,2025-07-03,31.12,Clothing
CUST00283,2025-07-30,45.2,Grocery
CUST00283,2024-10-12,69.74,Dining
CUST00283,2024-09-20,27.23,Grocery
CUST00283,2024-09-18,122.99,Electronics
CUST00283,2025-05-14,78.99,Grocery
CUST00283,2024-02-01,79.93,Travel
CUST00283,2025-01-19,113.93,Electronics
CUST00283,2024-11-11,200.12,Travel
CUST00283,2024-07-18,37.02,Clothing
CUST00283,2024-02-26,5.11,Electronics
CUST00283,2025-03-16,76.57,Electronics
CUST00283,2025-07-22,177.46,Electronics
CUST00283,2024-02-19,175.27,Grocery
CUST00283,2025-04-29,73.5,Electronics
CUST00283,2024-11-25,143.02,Electronics
CUST00283,2024-06-14,71.58,Clothing
CUST00283,2025-07-30,171.02,Grocery
CUST00283,2025-03-20,34.99,Clothing
CUST00283,2024-01-17,455.48,Clothing
CUST00283,2024-02-02,12.04,Electronics
CUST00283,2024-12-26,72.89,Clothing
CUST00283,2024-04-10,19.77,Dining
CUST00283,2024-08-12,72.06,Clothing
CUST00283,2024-12-17,37.38,Grocery
CUST00283,2024-09-11,46.65,Electronics
CUST00283,2024-12-07,13.18,Electronics
CUST00283,2024-05-28,77.76,Dining
CUST00283,2025-03-26,61.83,Dining
CUST00283,2025-06-30,23.66,Grocery
CUST00283,2025-04-05,18.58,Travel
CUST00283,2024-10-24,52.46,Grocery
CUST00283,2024-07-01,46.1,Electronics
CUST00283,2024-09-28,37.72,Clothing
CUST00283,2025-01-08,42.15,Dining
CUST00283,2024-03-28,63.86,Electronics
CUST00283,2024-04-06,52.8,Grocery
CUST00283,2024-05-21,86.36,Dining
CUST00283,2025-01-19,115.06,Clothing
CUST00283,2024-03-31,27.59,Electronics
CUST00283,2024-12-23,203.89,Electronics
CUST00283,2025-01-12,15.47,Electronics
CUST00283,2025-05-30,42.47,Travel
CUST00283,2024-07-10,62.29,Dining
CUST00283,2024-02-29,68.0,Travel
CUST00283,2024-11-14,82.99,Electronics
CUST00283,2025-05-29,122.3,Travel
CUST00283,2025-03-19,98.12,Clothing
CUST00283,2024-04-27,171.67,Electronics
CUST00283,2024-06-19,117.77,Travel
CUST00283,2024-08-30,128.38,Dining
CUST00283,2024-12-08,19.09,Electronics
CUST00283,2025-01-01,331.11,Clothing
CUST00283,2024-03-06,139.41,Clothing
CUST00283,2025-03-15,20.61,Dining
CUST00283,2024-10-16,213.61,Clothing
CUST00283,2024-03-15,26.4,Grocery
CUST00283,2025-05-08,53.13,Electronics
CUST00283,2024-03-28,22.07,Dining
CUST00283,2025-01-05,74.4,Dining
CUST00283,2024-06-06,67.86,Travel
CUST00283,2025-04-30,72.76,Electronics
CUST00283,2025-04-19,126.07,Electronics
CUST00283,2025-01-19,33.54,Travel
CUST00283,2024-07-23,44.99,Dining
CUST00283,2024-05-06,141.61,Dining
CUST00283,2025-05-08,35.37,Travel
CUST00283,2025-05-22,41.66,Grocery
CUST00283,2024-06-12,290.21,Dining
CUST00283,2025-06-01,60.23,Electronics
CUST00284,2025-03-03,139.14,Dining
CUST00284,2025-07-10,42.08,Travel
CUST00284,2025-05-19,42.73,Electronics
CUST00284,2025-06-07,137.85,Clothing
CUST00284,2025-06-24,193.88,Electronics
CUST00284,2025-07-29,184.52,Grocery
CUST00284,2025-03-18,101.49,Electronics
CUST00284,2025-05-13,121.36,Grocery
CUST00284,2025-07-26,148.5,Dining
CUST00284,2025-02-09,27.7,Travel
CUST00284,2025-04-19,14.33,Electronics
CUST00284,2025-04-27,52.52,Clothing
CUST00284,2025-04-26,28.32,Travel
CUST00284,2025-01-09,48.25,Travel
CUST00284,2025-01-13,81.19,Grocery
CUST00284,2025-04-20,83.36,Grocery
CUST00284,2024-12-23,212.57,Clothing
CUST00284,2025-07-04,43.4,Grocery
CUST00284,2025-04-12,72.96,Dining
CUST00284,2025-07-14,203.11,Grocery
CUST00284,2025-05-17,13.32,Grocery
CUST00284,2025-02-07,24.2,Dining
CUST00284,2025-02-25,131.9,Electronics
CUST00284,2025-06-18,150.82,Clothing
CUST00284,2025-06-10,44.42,Clothing
CUST00284,2025-07-06,84.03,Clothing
CUST00284,2025-05-31,62.09,Travel
CUST00284,2025-04-18,146.04,Clothing
CUST00284,2025-01-14,58.19,Grocery
CUST00284,2025-07-20,50.51,Dining
CUST00284,2025-04-02,37.41,Clothing
CUST00284,2025-05-16,10.46,Travel
CUST00284,2025-03-05,120.48,Grocery
CUST00284,2025-07-10,16.04,Dining
CUST00284,2025-07-27,31.84,Travel
CUST00284,2024-12-27,30.13,Electronics
CUST00284,2025-07-23,34.34,Grocery
CUST00284,2024-12-24,141.04,Grocery
CUST00284,2025-01-02,191.95,Travel
CUST00284,2025-07-12,74.06,Electronics
CUST00284,2025-07-05,28.76,Clothing
CUST00284,2025-03-07,27.36,Travel
CUST00284,2025-03-09,284.65,Clothing
CUST00284,2025-07-24,32.69,Grocery
CUST00284,2024-12-15,38.8,Dining
CUST00284,2025-03-26,113.74,Travel
CUST00284,2025-05-21,43.44,Dining
CUST00284,2025-05-12,149.0,Grocery
CUST00284,2025-07-28,158.53,Travel
CUST00284,2025-04-09,78.62,Clothing
CUST00284,2025-01-02,133.76,Grocery
CUST00284,2025-05-01,38.73,Travel
CUST00284,2024-12-26,48.65,Grocery
CUST00284,2025-06-23,221.31,Electronics
CUST00284,2025-05-08,20.18,Electronics
CUST00284,2025-02-20,71.93,Electronics
CUST00284,2025-03-10,161.43,Travel
CUST00284,2025-03-25,223.96,Clothing
CUST00284,2025-06-01,67.72,Travel
CUST00284,2025-06-28,5.17,Electronics
CUST00284,2025-03-29,153.54,Clothing
CUST00284,2025-06-07,23.68,Dining
CUST00284,2025-01-20,174.86,Electronics
CUST00284,2025-04-13,188.47,Electronics
CUST00284,2024-12-22,24.96,Clothing
CUST00284,2025-05-26,63.29,Clothing
CUST00284,2025-03-16,33.55,Travel
CUST00284,2025-03-08,153.96,Grocery
CUST00284,2025-02-22,17.74,Travel
CUST00284,2025-04-05,176.89,Grocery
CUST00284,2025-01-19,49.46,Electronics
CUST00284,2025-01-11,43.2,Clothing
CUST00284,2025-01-31,5.07,Dining
CUST00284,2025-05-31,139.22,Travel
CUST00284,2025-05-01,29.29,Clothing
CUST00284,2025-01-01,69.09,Grocery
CUST00284,2024-12-18,85.46,Dining
CUST00284,2025-04-22,56.64,Grocery
CUST00284,2025-05-27,57.99,Clothing
CUST00284,2024-12-21,6.89,Dining
CUST00284,2025-06-30,33.36,Grocery
CUST00285,2024-06-09,23.24,Dining
CUST00285,2025-02-09,10.67,Grocery
CUST00285,2024-11-08,168.11,Grocery
CUST00285,2024-09-06,16.85,Travel
CUST00285,2024-01-29,180.2,Dining
CUST00285,2024-01-29,112.97,Clothing
CUST00285,2023-05-28,12.6,Electronics
CUST00285,2025-07-06,59.07,Travel
CUST00285,2023-05-08,207.11,Electronics
CUST00285,2024-11-11,150.18,Travel
CUST00285,2025-03-20,36.74,Dining
CUST00285,2024-07-13,22.93,Clothing
CUST00285,2024-11-15,37.34,Clothing
CUST00285,2024-03-15,16.71,Grocery
CUST00285,2024-02-12,46.91,Dining
CUST00285,2023-06-25,13.38,Electronics
CUST00285,2025-06-08,136.49,Travel
CUST00285,2024-12-09,27.55,Clothing
CUST00285,2024-04-28,41.1,Clothing
CUST00285,2024-05-28,93.33,Grocery
CUST00285,2024-08-25,24.73,Travel
CUST00285,2024-11-16,301.13,Grocery
CUST00285,2024-02-24,156.74,Electronics
CUST00285,2025-03-12,35.77,Dining
CUST00285,2023-05-28,18.02,Electronics
CUST00285,2023-04-04,66.53,Dining
CUST00285,2023-07-25,111.76,Travel
CUST00285,2023-05-19,48.6,Dining
CUST00285,2024-04-30,74.86,Travel
CUST00285,2024-08-28,24.33,Clothing
CUST00285,2025-08-01,179.67,Grocery
CUST00285,2024-01-13,132.75,Clothing
CUST00285,2025-02-18,90.21,Electronics
CUST00285,2023-11-08,173.37,Grocery
CUST00285,2023-10-19,92.88,Grocery
CUST00285,2024-12-30,48.65,Dining
CUST00285,2024-02-14,32.33,Travel
CUST00285,2024-11-11,12.33,Grocery
CUST00285,2023-03-09,18.06,Travel
CUST00285,2024-03-28,29.76,Dining
CUST00285,2024-02-02,9.68,Clothing
CUST00285,2024-06-16,30.74,Dining
CUST00285,2025-07-14,82.19,Electronics
CUST00285,2025-01-29,258.13,Clothing
CUST00285,2025-07-11,50.94,Electronics
CUST00285,2023-10-01,79.24,Electronics
CUST00285,2023-11-13,116.65,Grocery
CUST00285,2025-07-18,28.57,Electronics
CUST00285,2023-07-19,56.51,Travel
CUST00285,2023-08-25,44.09,Clothing
CUST00285,2023-09-23,35.97,Clothing
CUST00285,2023-06-10,9.12,Clothing
CUST00285,2023-05-16,46.42,Clothing
CUST00285,2024-03-22,70.45,Clothing
CUST00285,2024-08-15,21.35,Electronics
CUST00285,2024-02-10,99.15,Dining
CUST00285,2023-08-09,53.15,Grocery
CUST00285,2023-04-28,159.48,Grocery
CUST00285,2023-06-14,61.98,Grocery
CUST00285,2023-07-08,57.58,Electronics
CUST00285,2023-08-21,40.14,Electronics
CUST00285,2024-11-17,52.99,Dining
CUST00285,2024-12-04,36.18,Travel
CUST00285,2025-02-21,43.28,Grocery
CUST00285,2025-05-30,39.36,Travel
CUST00285,2025-03-19,8.58,Travel
CUST00285,2025-02-19,121.06,Dining
CUST00285,2023-09-22,33.55,Electronics
CUST00285,2024-08-24,74.55,Travel
CUST00285,2023-04-06,76.4,Clothing
CUST00285,2023-07-06,105.91,Clothing
CUST00285,2024-07-28,97.73,Clothing
CUST00285,2023-05-29,29.92,Grocery
CUST00285,2023-12-15,213.61,Clothing
CUST00285,2023-09-15,95.41,Grocery
CUST00285,2023-10-14,14.33,Travel
CUST00285,2024-03-25,74.42,Travel
CUST00285,2023-07-20,44.52,Electronics
CUST00285,2024-08-06,28.61,Grocery
CUST00285,2024-07-14,28.44,Grocery
CUST00285,2025-01-14,69.36,Grocery
CUST00285,2023-10-15,66.26,Clothing
CUST00285,2023-07-08,12.94,Electronics
CUST00285,2025-07-26,161.71,Grocery
CUST00285,2025-04-10,291.61,Grocery
CUST00285,2024-07-21,70.16,Clothing
CUST00285,2023-08-09,197.6,Dining
CUST00285,2024-04-03,63.97,Travel
CUST00285,2024-03-25,14.34,Electronics
CUST00285,2025-05-22,19.22,Electronics
CUST00285,2025-04-10,13.36,Electronics
CUST00285,2024-11-09,98.49,Travel
CUST00285,2025-06-30,349.51,Electronics
CUST00285,2024-01-28,5.92,Grocery
CUST00285,2024-11-13,47.16,Grocery
CUST00285,2025-01-26,89.72,Dining
CUST00285,2023-08-15,122.07,Electronics
CUST00285,2024-09-25,137.08,Grocery
CUST00285,2023-12-17,60.13,Clothing
CUST00285,2024-04-21,100.61,Travel
CUST00285,2023-09-23,158.24,Dining
CUST00285,2025-05-08,24.18,Dining
CUST00285,2024-01-05,33.82,Electronics
CUST00285,2025-03-08,45.26,Dining
CUST00285,2024-08-14,113.14,Grocery
CUST00285,2024-11-04,94.16,Grocery
CUST00285,2023-09-01,20.56,Clothing
CUST00285,2024-10-31,72.91,Travel
CUST00285,2023-03-19,115.23,Clothing
CUST00285,2025-02-06,18.65,Clothing
CUST00285,2023-12-26,337.09,Clothing
CUST00285,2023-06-04,109.31,Electronics
CUST00285,2023-09-27,91.47,Clothing
CUST00285,2023-07-16,154.41,Grocery
CUST00285,2024-01-17,267.85,Clothing
CUST00285,2024-10-22,92.94,Clothing
CUST00285,2024-10-25,52.53,Electronics
CUST00285,2025-07-06,117.91,Dining
CUST00285,2024-03-01,55.95,Dining
CUST00285,2024-05-22,63.42,Clothing
CUST00285,2024-11-04,100.08,Dining
CUST00285,2024-01-16,84.34,Travel
CUST00285,2023-04-18,18.17,Dining
CUST00285,2025-07-07,141.22,Electronics
CUST00285,2024-07-15,88.59,Travel
CUST00285,2024-12-24,96.04,Clothing
CUST00285,2024-07-30,451.26,Clothing
CUST00286,2025-07-13,43.29,Electronics
CUST00286,2025-07-05,77.07,Clothing
CUST00286,2025-07-23,124.81,Clothing
CUST00286,2025-07-21,14.8,Dining
CUST00286,2025-07-04,39.72,Clothing
CUST00286,2025-07-06,54.28,Electronics
CUST00286,2025-07-09,33.05,Electronics
CUST00286,2025-07-02,39.43,Dining
CUST00286,2025-07-05,42.66,Travel
CUST00286,2025-08-01,486.92,Travel
CUST00286,2025-07-04,206.91,Travel
CUST00286,2025-06-29,106.92,Grocery
CUST00286,2025-07-02,321.95,Clothing
CUST00286,2025-08-01,261.45,Clothing
CUST00286,2025-07-12,72.57,Electronics
CUST00286,2025-07-03,9.43,Grocery
CUST00286,2025-07-19,203.4,Electronics
CUST00286,2025-07-13,20.03,Grocery
CUST00286,2025-06-29,21.49,Dining
CUST00286,2025-07-31,166.04,Clothing
CUST00286,2025-07-14,22.86,Dining
CUST00286,2025-07-24,157.08,Dining
CUST00286,2025-07-06,48.62,Electronics
CUST00286,2025-06-29,27.95,Electronics
CUST00286,2025-07-07,72.3,Electronics
CUST00286,2025-07-06,122.45,Electronics
CUST00286,2025-07-25,13.55,Grocery
CUST00286,2025-07-27,62.91,Grocery
CUST00286,2025-07-13,30.79,Clothing
CUST00286,2025-07-22,21.56,Electronics
CUST00286,2025-07-01,165.52,Dining
CUST00286,2025-06-30,41.64,Travel
CUST00286,2025-07-08,43.19,Grocery
CUST00286,2025-07-29,55.69,Clothing
CUST00286,2025-07-11,49.45,Electronics
CUST00286,2025-06-27,65.89,Electronics
CUST00286,2025-07-09,30.05,Grocery
CUST00286,2025-07-18,78.14,Grocery
CUST00286,2025-07-23,8.19,Electronics
CUST00286,2025-07-28,43.7,Clothing
CUST00286,2025-07-26,111.32,Electronics
CUST00286,2025-07-06,19.51,Travel
CUST00286,2025-07-11,201.36,Clothing
CUST00286,2025-07-22,32.47,Grocery
CUST00286,2025-07-26,71.75,Electronics
CUST00286,2025-07-20,36.86,Dining
CUST00286,2025-07-18,133.79,Travel
CUST00286,2025-07-28,33.8,Clothing
CUST00286,2025-07-31,134.36,Clothing
CUST00286,2025-07-14,57.75,Travel
CUST00286,2025-07-05,49.59,Electronics
CUST00286,2025-06-30,308.46,Travel
CUST00286,2025-07-03,49.57,Grocery
CUST00286,2025-07-16,102.45,Grocery
CUST00286,2025-07-10,25.95,Dining
CUST00286,2025-07-25,40.51,Dining
CUST00286,2025-06-25,120.8,Dining
CUST00286,2025-07-17,37.35,Dining
CUST00286,2025-07-11,61.56,Clothing
CUST00286,2025-07-29,33.16,Travel
CUST00286,2025-06-28,120.85,Clothing
CUST00286,2025-07-06,32.73,Travel
CUST00286,2025-07-19,110.71,Travel
CUST00286,2025-07-13,106.78,Grocery
CUST00286,2025-06-26,31.0,Dining
CUST00286,2025-07-30,13.05,Electronics
CUST00286,2025-07-20,15.11,Dining
CUST00286,2025-07-19,112.8,Grocery
CUST00286,2025-07-21,18.92,Travel
CUST00286,2025-07-04,35.44,Travel
CUST00286,2025-07-13,102.89,Travel
CUST00286,2025-07-28,150.55,Grocery
CUST00286,2025-07-06,7.35,Grocery
CUST00286,2025-06-29,128.44,Clothing
CUST00286,2025-06-26,48.47,Clothing
CUST00286,2025-06-28,124.15,Clothing
CUST00286,2025-07-21,49.76,Travel
CUST00286,2025-07-06,63.72,Electronics
CUST00287,2025-05-28,127.0,Grocery
CUST00287,2025-07-27,110.13,Travel
CUST00287,2025-07-22,66.56,Clothing
CUST00287,2025-06-21,88.7,Travel
CUST00287,2025-07-05,62.89,Clothing
CUST00287,2025-07-16,49.51,Electronics
CUST00287,2025-07-01,24.11,Travel
CUST00287,2025-06-09,153.26,Electronics
CUST00287,2025-07-12,36.56,Grocery
CUST00287,2025-07-26,22.88,Clothing
CUST00287,2025-06-18,119.19,Grocery
CUST00287,2025-06-21,104.3,Dining
CUST00287,2025-06-10,22.75,Travel
CUST00287,2025-07-13,53.17,Dining
CUST00287,2025-07-07,22.49,Travel
CUST00287,2025-07-15,97.57,Electronics
CUST00287,2025-06-22,94.41,Electronics
CUST00287,2025-07-15,8.95,Clothing
CUST00287,2025-05-29,9.51,Travel
CUST00287,2025-07-03,448.66,Grocery
CUST00287,2025-06-09,54.9,Electronics
CUST00287,2025-06-14,68.32,Travel
CUST00287,2025-06-15,13.08,Travel
CUST00287,2025-07-13,17.34,Electronics
CUST00287,2025-05-29,226.34,Dining
CUST00287,2025-07-17,380.54,Electronics
CUST00287,2025-07-02,127.14,Clothing
CUST00287,2025-07-18,97.03,Dining
CUST00287,2025-07-10,19.36,Grocery
CUST00287,2025-07-19,63.33,Grocery
CUST00287,2025-08-01,33.23,Grocery
CUST00287,2025-06-29,11.96,Clothing
CUST00287,2025-06-04,386.04,Travel
CUST00287,2025-07-05,83.59,Electronics
CUST00287,2025-07-22,84.12,Electronics
CUST00287,2025-05-29,45.76,Clothing
CUST00287,2025-07-27,18.44,Grocery
CUST00287,2025-07-15,31.18,Grocery
CUST00287,2025-07-14,75.55,Travel
CUST00287,2025-07-16,45.51,Grocery
CUST00287,2025-07-23,87.62,Dining
CUST00287,2025-07-31,103.23,Electronics
CUST00287,2025-06-06,242.19,Clothing
CUST00287,2025-07-04,49.57,Grocery
CUST00287,2025-07-09,22.97,Grocery
CUST00287,2025-06-03,56.35,Clothing
CUST00287,2025-07-27,34.06,Travel
CUST00287,2025-06-20,15.94,Clothing
CUST00287,2025-07-13,95.45,Clothing
CUST00287,2025-07-24,194.81,Electronics
CUST00287,2025-06-24,24.4,Dining
CUST00287,2025-07-26,78.19,Travel
CUST00287,2025-06-28,9.36,Dining
CUST00287,2025-07-27,21.95,Travel
CUST00287,2025-07-06,14.41,Travel
CUST00287,2025-06-16,66.91,Clothing
CUST00287,2025-07-07,16.04,Clothing
CUST00287,2025-06-15,55.48,Dining
CUST00287,2025-06-05,16.12,Clothing
CUST00287,2025-07-29,79.56,Travel
CUST00287,2025-06-16,5.89,Grocery
CUST00287,2025-07-20,12.08,Electronics
CUST00287,2025-07-01,187.91,Travel
CUST00287,2025-06-03,34.47,Dining
CUST00287,2025-06-01,89.98,Travel
CUST00287,2025-06-01,51.71,Electronics
CUST00287,2025-07-22,50.65,Electronics
CUST00287,2025-06-05,222.31,Electronics
CUST00287,2025-06-23,121.81,Clothing
CUST00287,2025-07-27,171.02,Electronics
CUST00287,2025-06-03,28.38,Dining
CUST00287,2025-06-21,13.65,Electronics
CUST00287,2025-07-04,162.06,Dining
CUST00287,2025-05-31,131.42,Clothing
CUST00287,2025-07-21,14.13,Clothing
CUST00287,2025-07-03,7.74,Grocery
CUST00287,2025-06-28,22.21,Electronics
CUST00287,2025-07-13,114.46,Grocery
CUST00287,2025-07-21,187.72,Grocery
CUST00287,2025-07-06,154.15,Dining
CUST00287,2025-05-28,17.28,Travel
CUST00287,2025-07-30,262.56,Dining
CUST00287,2025-07-15,6.4,Clothing
CUST00287,2025-06-07,66.47,Clothing
CUST00287,2025-07-11,180.26,Electronics
CUST00287,2025-07-16,20.07,Clothing
CUST00287,2025-06-27,77.26,Travel
CUST00287,2025-07-16,38.79,Travel
CUST00287,2025-06-07,28.82,Dining
CUST00287,2025-06-02,95.29,Clothing
CUST00287,2025-06-10,191.9,Dining
CUST00287,2025-07-14,73.11,Clothing
CUST00287,2025-06-02,33.92,Grocery
CUST00287,2025-06-03,41.56,Travel
CUST00287,2025-07-27,55.27,Dining
CUST00287,2025-06-26,38.3,Clothing
CUST00287,2025-07-22,170.81,Dining
CUST00287,2025-06-09,94.43,Electronics
CUST00287,2025-07-14,154.08,Electronics
CUST00287,2025-06-21,60.78,Travel
CUST00287,2025-07-06,53.37,Clothing
CUST00287,2025-07-23,6.12,Clothing
CUST00287,2025-06-20,28.82,Clothing
CUST00287,2025-07-17,35.03,Travel
CUST00287,2025-06-11,50.75,Clothing
CUST00287,2025-06-24,49.71,Electronics
CUST00288,2024-10-12,51.7,Dining
CUST00288,2023-10-13,73.4,Clothing
CUST00288,2022-01-22,35.96,Travel
CUST00288,2024-07-04,224.5,Dining
CUST00288,2022-05-05,16.9,Grocery
CUST00288,2024-07-06,30.0,Grocery
CUST00288,2023-12-16,75.76,Dining
CUST00288,2023-03-17,9.95,Dining
CUST00288,2024-10-30,43.91,Clothing
CUST00288,2024-11-03,274.79,Clothing
CUST00288,2023-09-17,139.96,Electronics
CUST00288,2022-12-05,43.2,Clothing
CUST00288,2024-06-24,53.17,Grocery
CUST00288,2023-01-23,31.15,Clothing
CUST00288,2024-03-08,69.42,Dining
CUST00288,2025-02-02,72.41,Travel
CUST00288,2022-10-16,83.15,Dining
CUST00288,2024-04-01,5.52,Grocery
CUST00288,2024-05-06,130.07,Travel
CUST00288,2025-04-24,5.63,Clothing
CUST00288,2024-05-13,67.97,Electronics
CUST00288,2022-09-20,186.69,Electronics
CUST00288,2022-10-06,126.75,Clothing
CUST00288,2025-01-09,77.17,Dining
CUST00288,2022-02-18,11.03,Electronics
CUST00288,2022-03-08,148.77,Clothing
CUST00288,2024-02-16,19.84,Electronics
CUST00288,2024-10-19,193.48,Dining
CUST00288,2024-09-12,32.45,Clothing
CUST00288,2023-02-01,24.27,Dining
CUST00288,2021-12-02,18.43,Grocery
CUST00288,2022-01-13,31.21,Grocery
CUST00288,2024-09-14,49.47,Travel
CUST00288,2021-12-21,46.69,Electronics
CUST00288,2025-01-12,33.08,Electronics
CUST00288,2022-07-04,218.02,Electronics
CUST00288,2024-08-16,112.7,Grocery
CUST00288,2024-12-19,89.16,Travel
CUST00288,2025-06-03,75.4,Travel
CUST00288,2025-04-19,41.08,Grocery
CUST00288,2023-04-30,173.5,Dining
CUST00288,2024-02-09,49.44,Electronics
CUST00288,2024-03-28,127.05,Dining
CUST00288,2025-02-11,27.05,Travel
CUST00288,2024-07-22,120.24,Travel
CUST00288,2024-07-06,86.35,Clothing
CUST00288,2024-04-22,155.4,Dining
CUST00288,2023-01-17,35.94,Electronics
CUST00288,2023-11-21,164.67,Grocery
CUST00288,2022-10-31,53.25,Clothing
CUST00288,2025-02-04,115.11,Dining
CUST00288,2021-11-16,264.77,Dining
CUST00288,2022-03-26,114.82,Electronics
CUST00288,2025-03-01,65.67,Travel
CUST00288,2023-04-20,68.23,Clothing
CUST00288,2022-11-22,111.78,Travel
CUST00288,2022-05-03,72.04,Travel
CUST00288,2022-01-20,53.73,Dining
CUST00288,2023-09-25,91.47,Travel
CUST00288,2024-08-09,105.16,Travel
CUST00288,2023-02-14,277.11,Travel
CUST00288,2023-07-20,72.9,Travel
CUST00288,2024-09-09,41.52,Electronics
CUST00288,2023-05-13,134.17,Electronics
CUST00288,2023-07-13,44.22,Travel
CUST00288,2022-03-11,38.0,Clothing
CUST00288,2023-09-08,26.27,Travel
CUST00288,2024-03-02,81.51,Electronics
CUST00288,2023-07-31,15.86,Grocery
CUST00288,2024-01-06,67.54,Electronics
CUST00288,2023-07-05,17.11,Grocery
CUST00288,2023-05-10,68.14,Travel
CUST00288,2023-05-31,218.32,Clothing
CUST00288,2023-11-03,44.25,Dining
CUST00288,2023-05-02,26.95,Clothing
CUST00288,2021-12-04,112.07,Grocery
CUST00288,2024-12-06,14.57,Clothing
CUST00288,2024-07-05,123.05,Grocery
CUST00288,2022-01-22,66.39,Travel
CUST00288,2022-12-16,53.3,Grocery
CUST00288,2022-12-27,16.4,Electronics
CUST00288,2022-07-06,81.67,Dining
CUST00288,2025-06-20,207.37,Grocery
CUST00288,2025-05-02,17.58,Travel
CUST00288,2024-11-28,27.61,Dining
CUST00288,2024-06-17,49.23,Grocery
CUST00288,2023-04-07,118.07,Grocery
CUST00288,2025-03-07,41.64,Grocery
CUST00288,2024-12-06,73.24,Travel
CUST00288,2022-03-06,53.01,Clothing
CUST00288,2022-08-21,104.38,Electronics
CUST00288,2024-01-01,35.92,Clothing
CUST00288,2025-05-07,22.92,Dining
CUST00288,2024-02-29,44.89,Travel
CUST00289,2025-04-03,13.02,Dining
CUST00289,2024-11-29,116.5,Travel
CUST00289,2025-03-23,70.32,Clothing
CUST00289,2025-04-08,139.22,Grocery
CUST00289,2025-03-19,5.0,Grocery
CUST00289,2024-12-08,37.5,Electronics
CUST00289,2025-01-14,19.54,Dining
CUST00289,2024-11-24,243.41,Travel
CUST00289,2024-10-13,24.27,Dining
CUST00289,2024-11-03,24.44,Clothing
CUST00289,2025-01-13,332.61,Dining
CUST00289,2025-07-14,20.51,Clothing
CUST00289,2024-09-20,65.34,Dining
CUST00289,2025-03-28,7.61,Grocery
CUST00289,2024-08-30,47.97,Grocery
CUST00289,2025-01-15,36.61,Grocery
CUST00289,2024-08-29,14.3,Electronics
CUST00289,2024-11-14,239.41,Electronics
CUST00289,2024-09-03,75.27,Electronics
CUST00289,2025-03-08,5.21,Dining
CUST00289,2025-03-22,41.6,Clothing
CUST00289,2025-03-04,9.7,Dining
CUST00289,2025-06-14,98.21,Travel
CUST00289,2024-08-26,101.9,Clothing
CUST00289,2025-06-19,27.48,Grocery
CUST00289,2025-05-05,72.87,Clothing
CUST00289,2024-10-01,19.6,Travel
CUST00289,2024-09-18,45.93,Electronics
CUST00289,2025-06-21,71.56,Clothing
CUST00289,2025-06-09,127.67,Clothing
CUST00289,2025-04-24,86.77,Electronics
CUST00289,2025-04-24,55.18,Travel
CUST00289,2025-07-31,32.69,Grocery
CUST00289,2025-08-01,10.89,Travel
CUST00289,2025-02-01,105.67,Clothing
CUST00289,2025-02-06,22.49,Grocery
CUST00289,2025-06-02,55.63,Clothing
CUST00289,2024-12-28,44.73,Grocery
CUST00289,2024-10-16,8.53,Clothing
CUST00289,2025-07-16,100.52,Travel
CUST00289,2025-01-29,20.51,Electronics
CUST00289,2025-04-05,41.97,Grocery
CUST00289,2025-05-17,125.68,Clothing
CUST00289,2025-07-30,168.18,Dining
CUST00289,2024-12-21,140.86,Grocery
CUST00289,2025-03-23,65.1,Travel
CUST00289,2024-12-21,69.01,Travel
CUST00289,2025-07-11,233.0,Grocery
CUST00289,2025-04-16,97.37,Dining
CUST00289,2025-04-09,31.44,Clothing
CUST00289,2025-01-21,146.27,Dining
CUST00289,2024-12-12,91.38,Clothing
CUST00289,2024-11-26,45.49,Grocery
CUST00289,2025-03-07,267.79,Grocery
CUST00289,2024-09-14,142.58,Clothing
CUST00289,2024-09-30,66.48,Clothing
CUST00289,2024-12-15,96.84,Grocery
CUST00289,2024-12-12,76.18,Electronics
CUST00289,2025-07-10,13.12,Travel
CUST00289,2024-12-26,99.87,Travel
CUST00289,2025-03-02,91.82,Travel
CUST00289,2025-03-19,33.53,Travel
CUST00289,2025-07-04,116.12,Electronics
CUST00289,2025-03-27,192.03,Travel
CUST00289,2024-09-12,39.85,Travel
CUST00289,2025-07-07,215.0,Travel
CUST00289,2025-03-01,19.33,Grocery
CUST00289,2024-10-10,93.66,Travel
CUST00289,2025-04-21,34.89,Electronics
CUST00289,2025-05-18,143.46,Grocery
CUST00289,2024-11-23,7.08,Electronics
CUST00289,2024-11-24,23.99,Grocery
CUST00289,2025-06-06,59.58,Electronics
CUST00289,2024-11-27,25.99,Clothing
CUST00289,2025-04-29,234.21,Electronics
CUST00289,2025-05-04,12.31,Electronics
CUST00289,2024-12-05,17.05,Dining
CUST00289,2025-02-27,287.92,Grocery
CUST00289,2025-07-22,46.89,Clothing
CUST00289,2025-03-02,135.11,Clothing
CUST00289,2025-06-02,180.81,Travel
CUST00289,2025-05-01,19.78,Grocery
CUST00289,2024-10-03,88.46,Clothing
CUST00289,2025-06-01,91.49,Travel
CUST00289,2025-06-05,31.55,Electronics
CUST00289,2025-07-14,120.08,Electronics
CUST00289,2025-03-22,7.39,Travel
CUST00289,2025-02-16,326.57,Clothing
CUST00289,2025-06-11,45.23,Travel
CUST00289,2024-10-23,31.67,Grocery
CUST00289,2024-10-10,37.85,Dining
CUST00289,2024-11-15,127.6,Travel
CUST00290,2024-02-13,130.31,Electronics
CUST00290,2023-10-12,43.44,Clothing
CUST00290,2023-07-28,153.52,Dining
CUST00290,2022-09-19,71.09,Clothing
CUST00290,2024-08-23,120.13,Clothing
CUST00290,2024-11-30,111.31,Clothing
CUST00290,2023-09-25,40.49,Dining
CUST00290,2024-07-15,47.34,Travel
CUST00290,2022-07-08,52.38,Electronics
CUST00290,2025-07-12,35.46,Grocery
CUST00290,2024-02-26,93.87,Clothing
CUST00290,2023-06-05,50.58,Dining
CUST00290,2023-08-08,108.3,Dining
CUST00290,2022-09-13,10.09,Dining
CUST00290,2024-05-27,54.64,Clothing
CUST00290,2025-03-17,21.04,Travel
CUST00290,2022-07-27,31.82,Grocery
CUST00290,2022-12-06,214.4,Clothing
CUST00290,2024-11-16,371.89,Clothing
CUST00290,2022-11-09,62.85,Dining
CUST00290,2024-06-05,165.63,Electronics
CUST00290,2025-06-21,27.86,Grocery
CUST00290,2023-09-20,30.08,Clothing
CUST00290,2025-06-25,9.64,Electronics
CUST00290,2025-07-14,157.32,Grocery
CUST00290,2025-06-19,59.2,Dining
CUST00290,2024-12-19,5.5,Electronics
CUST00290,2024-12-27,26.31,Travel
CUST00290,2024-08-25,182.6,Clothing
CUST00290,2023-05-24,32.97,Electronics
CUST00290,2023-09-11,345.97,Clothing
CUST00290,2023-02-04,227.55,Electronics
CUST00290,2023-06-02,133.59,Travel
CUST00290,2023-11-20,43.69,Grocery
CUST00290,2023-12-30,133.01,Electronics
CUST00290,2023-03-06,87.6,Travel
CUST00290,2025-03-05,39.12,Dining
CUST00290,2024-02-06,59.6,Electronics
CUST00290,2024-06-07,51.51,Travel
CUST00290,2022-10-26,35.69,Grocery
CUST00290,2023-02-04,14.3,Grocery
CUST00290,2023-05-21,81.46,Dining
CUST00290,2023-11-26,199.36,Travel
CUST00290,2023-05-31,127.66,Electronics
CUST00290,2022-06-23,135.27,Travel
CUST00290,2024-11-17,70.99,Travel
CUST00290,2022-10-19,79.12,Dining
CUST00290,2024-02-07,121.74,Grocery
CUST00290,2024-05-09,208.32,Dining
CUST00290,2023-02-12,41.0,Travel
CUST00290,2023-05-31,63.47,Clothing
CUST00290,2024-12-22,22.91,Travel
CUST00290,2023-09-11,22.56,Clothing
CUST00290,2022-09-29,52.51,Grocery
CUST00290,2024-11-04,31.98,Dining
CUST00290,2023-07-16,77.18,Grocery
CUST00290,2025-08-01,62.69,Dining
CUST00290,2022-11-24,133.95,Grocery
CUST00290,2022-10-24,31.37,Dining
CUST00290,2024-01-15,77.75,Clothing
CUST00290,2023-02-09,299.03,Grocery
CUST00290,2025-05-10,10.64,Grocery
CUST00290,2023-10-16,49.34,Travel
CUST00290,2025-02-13,130.75,Dining
CUST00290,2024-03-28,48.59,Grocery
CUST00290,2022-08-01,5.93,Dining
CUST00290,2022-07-22,5.36,Dining
CUST00290,2024-08-12,75.08,Clothing
CUST00290,2024-10-15,52.18,Dining
CUST00290,2022-12-15,18.37,Travel
CUST00290,2022-11-14,28.03,Grocery
CUST00290,2023-06-10,142.67,Electronics
CUST00290,2023-02-14,108.65,Travel
CUST00290,2025-03-24,5.83,Grocery
CUST00290,2022-12-15,142.17,Clothing
CUST00290,2023-08-13,42.82,Dining
CUST00290,2025-07-23,111.3,Travel
CUST00290,2022-06-05,36.92,Clothing
CUST00290,2024-02-14,89.07,Electronics
CUST00290,2024-03-07,195.2,Clothing
CUST00290,2023-04-18,70.98,Grocery
CUST00290,2023-09-18,9.85,Dining
CUST00290,2024-08-24,82.51,Clothing
CUST00290,2025-02-20,104.09,Travel
CUST00290,2024-02-23,99.11,Clothing
CUST00290,2024-10-13,32.62,Travel
CUST00290,2022-11-11,19.45,Grocery
CUST00290,2022-06-22,91.94,Electronics
CUST00290,2024-02-25,99.48,Dining
CUST00290,2023-10-19,7.6,Travel
CUST00290,2023-01-30,66.21,Electronics
CUST00290,2024-10-27,10.43,Electronics
CUST00290,2023-01-10,26.11,Grocery
CUST00290,2024-07-14,137.09,Electronics
CUST00290,2023-05-23,121.16,Clothing
CUST00290,2023-08-25,67.04,Clothing
CUST00290,2023-05-25,48.04,Travel
CUST00290,2025-02-18,146.72,Grocery
CUST00290,2023-11-11,15.77,Travel
CUST00290,2024-11-16,260.1,Dining
CUST00290,2025-06-28,20.23,Clothing
CUST00290,2023-07-28,38.23,Travel
CUST00290,2024-06-23,156.02,Dining
CUST00290,2022-11-23,141.85,Dining
CUST00290,2023-10-03,28.63,Electronics
CUST00290,2023-06-16,28.71,Electronics
CUST00290,2025-05-31,34.73,Clothing
CUST00290,2022-10-28,110.46,Dining
CUST00290,2024-12-22,57.66,Travel
CUST00291,2024-05-14,53.05,Grocery
CUST00291,2025-02-02,61.68,Travel
CUST00291,2025-01-20,144.45,Grocery
CUST00291,2025-07-13,176.39,Clothing
CUST00291,2025-07-06,72.36,Grocery
CUST00291,2025-01-20,5.85,Clothing
CUST00291,2024-06-12,58.31,Dining
CUST00291,2025-05-23,67.78,Dining
CUST00291,2024-12-11,156.22,Travel
CUST00291,2025-03-14,25.28,Dining
CUST00291,2025-07-07,36.07,Grocery
CUST00291,2024-11-21,66.42,Electronics
CUST00291,2025-05-16,40.31,Travel
CUST00291,2024-10-01,70.82,Electronics
CUST00291,2024-09-01,82.95,Electronics
CUST00291,2025-08-01,32.33,Grocery
CUST00291,2024-09-06,46.91,Grocery
CUST00291,2025-04-19,290.75,Electronics
CUST00291,2025-01-06,216.59,Grocery
CUST00291,2024-08-26,10.57,Clothing
CUST00291,2025-01-16,24.92,Dining
CUST00291,2024-12-01,6.45,Clothing
CUST00291,2024-07-19,199.75,Grocery
CUST00291,2024-10-06,102.52,Grocery
CUST00291,2025-02-19,38.32,Electronics
CUST00291,2024-08-06,138.71,Travel
CUST00291,2024-08-05,7.2,Grocery
CUST00291,2025-04-30,198.91,Grocery
CUST00291,2025-03-08,38.08,Grocery
CUST00291,2025-05-18,197.81,Grocery
CUST00291,2024-07-23,15.8,Dining
CUST00291,2024-08-22,40.81,Dining
CUST00291,2024-06-19,15.68,Electronics
CUST00291,2025-01-28,70.93,Travel
CUST00291,2025-06-09,192.64,Travel
CUST00291,2024-12-23,88.28,Electronics
CUST00291,2024-10-26,92.33,Travel
CUST00291,2024-07-25,237.52,Grocery
CUST00291,2024-08-16,213.48,Grocery
CUST00291,2025-03-07,100.94,Dining
CUST00291,2025-06-29,34.5,Dining
CUST00291,2024-09-05,9.82,Grocery
CUST00291,2025-06-29,260.5,Dining
CUST00291,2024-12-24,126.15,Clothing
CUST00291,2024-08-03,97.67,Travel
CUST00291,2025-03-26,180.48,Clothing
CUST00291,2025-06-18,50.14,Dining
CUST00291,2024-11-03,18.46,Electronics
CUST00291,2025-04-05,88.01,Clothing
CUST00291,2025-03-08,201.71,Electronics
CUST00291,2025-07-08,48.83,Dining
CUST00291,2025-07-23,44.77,Clothing
CUST00291,2024-07-22,181.49,Dining
CUST00291,2024-11-19,78.14,Clothing
CUST00291,2024-10-28,37.21,Electronics
CUST00291,2024-10-12,104.89,Grocery
CUST00291,2025-04-04,113.8,Travel
CUST00291,2024-11-14,31.76,Grocery
CUST00291,2025-06-30,32.94,Clothing
CUST00291,2024-08-01,85.18,Grocery
CUST00291,2025-07-08,61.22,Grocery
CUST00291,2024-06-09,14.94,Clothing
CUST00291,2024-11-03,22.02,Grocery
CUST00291,2024-10-17,21.19,Grocery
CUST00291,2024-07-30,5.23,Clothing
CUST00291,2025-07-14,234.08,Electronics
CUST00291,2025-01-23,8.73,Grocery
CUST00291,2024-07-28,77.76,Travel
CUST00291,2025-04-12,98.61,Grocery
CUST00291,2024-10-09,383.58,Grocery
CUST00291,2025-02-19,36.44,Travel
CUST00291,2024-09-15,42.24,Grocery
CUST00291,2024-11-21,113.2,Dining
CUST00291,2024-07-28,7.8,Travel
CUST00291,2025-06-16,8.05,Travel
CUST00291,2025-07-03,89.63,Travel
CUST00291,2025-07-31,370.41,Clothing
CUST00291,2025-02-17,8.47,Grocery
CUST00291,2024-07-26,45.0,Grocery
CUST00291,2025-06-09,6.43,Travel
CUST00291,2024-12-20,44.51,Travel
CUST00291,2024-11-12,78.9,Dining
CUST00291,2025-07-29,115.36,Grocery
CUST00291,2025-04-21,22.3,Dining
CUST00291,2025-07-08,94.43,Grocery
CUST00291,2024-09-11,57.58,Grocery
CUST00291,2024-08-13,160.37,Clothing
CUST00291,2025-05-18,105.34,Grocery
CUST00291,2025-07-10,48.86,Dining
CUST00291,2024-06-15,168.67,Clothing
CUST00291,2025-05-25,202.0,Clothing
CUST00291,2024-06-10,29.15,Clothing
CUST00291,2024-08-09,8.9,Travel
CUST00291,2024-09-05,205.32,Travel
CUST00291,2025-04-07,108.73,Travel
CUST00291,2024-08-11,61.48,Electronics
CUST00291,2024-07-11,113.49,Travel
CUST00291,2024-06-01,5.07,Clothing
CUST00291,2024-09-17,7.48,Electronics
CUST00291,2025-02-20,68.89,Electronics
CUST00291,2024-06-13,119.41,Travel
CUST00291,2024-07-23,402.27,Dining
CUST00291,2025-02-14,71.56,Clothing
CUST00291,2024-08-03,10.23,Clothing
CUST00291,2025-06-13,47.18,Grocery
CUST00291,2024-09-05,102.94,Electronics
CUST00291,2025-01-30,36.93,Electronics
CUST00291,2024-09-25,20.86,Travel
CUST00291,2025-01-13,38.18,Electronics
CUST00291,2024-11-04,26.19,Clothing
CUST00291,2025-01-05,21.17,Electronics
CUST00291,2024-09-14,312.38,Electronics
CUST00291,2025-02-04,85.82,Travel
CUST00291,2024-07-10,92.11,Travel
CUST00291,2025-07-11,60.08,Dining
CUST00291,2024-12-03,47.17,Electronics
CUST00291,2025-03-16,157.26,Clothing
CUST00291,2025-03-12,12.39,Electronics
CUST00291,2024-08-23,38.22,Electronics
CUST00291,2024-06-08,34.26,Dining
CUST00291,2025-04-09,27.86,Electronics
CUST00291,2025-07-31,19.57,Dining
CUST00291,2025-06-25,20.68,Electronics
CUST00291,2024-07-31,77.56,Electronics
CUST00291,2025-04-11,5.17,Clothing
CUST00291,2024-05-25,18.53,Dining
CUST00291,2025-06-25,33.29,Dining
CUST00291,2024-12-04,153.29,Clothing
CUST00291,2025-05-30,184.17,Clothing
CUST00291,2024-11-03,175.3,Electronics
CUST00291,2024-12-14,80.24,Dining
CUST00292,2024-12-06,29.88,Dining
CUST00292,2025-07-17,13.55,Travel
CUST00292,2025-06-24,144.2,Travel
CUST00292,2025-07-05,199.34,Dining
CUST00292,2025-04-27,199.08,Grocery
CUST00292,2024-09-22,161.66,Grocery
CUST00292,2025-06-29,136.03,Electronics
CUST00292,2025-06-19,114.1,Grocery
CUST00292,2025-06-05,7.68,Dining
CUST00292,2024-12-22,37.01,Travel
CUST00292,2024-11-12,22.56,Electronics
CUST00292,2025-07-23,76.23,Electronics
CUST00292,2024-11-18,170.95,Dining
CUST00292,2025-04-24,43.23,Electronics
CUST00292,2025-01-22,190.19,Electronics
CUST00292,2024-10-07,58.9,Dining
CUST00292,2024-10-27,109.36,Electronics
CUST00292,2024-11-23,27.89,Grocery
CUST00292,2024-10-19,6.73,Electronics
CUST00292,2025-01-27,17.98,Dining
CUST00292,2025-01-25,129.76,Clothing
CUST00292,2025-06-17,72.77,Electronics
CUST00292,2025-07-19,196.62,Electronics
CUST00292,2024-10-12,192.81,Grocery
CUST00292,2025-01-16,176.76,Electronics
CUST00292,2024-10-16,21.64,Clothing
CUST00292,2024-11-28,12.8,Dining
CUST00292,2024-09-18,30.64,Grocery
CUST00292,2024-09-03,7.65,Dining
CUST00292,2025-01-20,13.15,Grocery
CUST00292,2025-03-13,17.85,Clothing
CUST00292,2025-06-16,60.92,Dining
CUST00292,2025-06-05,35.61,Clothing
CUST00292,2025-03-21,97.63,Travel
CUST00292,2025-05-12,5.28,Travel
CUST00292,2024-12-18,48.58,Electronics
CUST00292,2025-04-19,209.08,Dining
CUST00292,2025-01-21,36.33,Travel
CUST00292,2025-03-25,38.78,Travel
CUST00292,2025-03-03,23.84,Grocery
CUST00292,2025-03-29,41.09,Dining
CUST00292,2024-12-22,138.19,Travel
CUST00292,2025-01-30,65.36,Travel
CUST00292,2024-12-08,61.42,Clothing
CUST00292,2025-06-24,70.99,Dining
CUST00292,2025-03-04,73.46,Clothing
CUST00292,2025-03-23,18.47,Clothing
CUST00292,2025-07-15,10.52,Dining
CUST00292,2025-07-01,46.55,Dining
CUST00292,2024-11-09,94.81,Travel
CUST00292,2025-02-10,9.67,Electronics
CUST00292,2024-10-12,6.88,Dining
CUST00292,2025-03-15,60.45,Dining
CUST00292,2024-10-13,7.6,Clothing
CUST00292,2024-11-30,31.28,Electronics
CUST00292,2024-08-30,15.04,Travel
CUST00292,2025-06-12,103.45,Clothing
CUST00292,2025-02-05,147.97,Electronics
CUST00292,2024-10-20,56.67,Electronics
CUST00292,2025-07-12,36.15,Clothing
CUST00292,2025-04-05,20.05,Clothing
CUST00292,2024-10-26,35.48,Travel
CUST00292,2025-04-11,12.47,Electronics
CUST00292,2025-02-02,137.61,Clothing
CUST00292,2025-07-03,12.87,Grocery
CUST00292,2025-05-26,49.52,Grocery
CUST00292,2025-06-06,87.64,Clothing
CUST00292,2025-04-17,17.16,Dining
CUST00292,2025-05-10,118.41,Dining
CUST00292,2025-04-05,136.98,Clothing
CUST00292,2025-07-02,13.62,Dining
CUST00292,2025-06-19,78.33,Grocery
CUST00292,2024-12-20,168.06,Dining
CUST00292,2025-02-23,32.31,Electronics
CUST00292,2024-09-15,24.77,Dining
CUST00292,2025-03-30,19.24,Travel
CUST00292,2025-03-10,21.62,Travel
CUST00292,2025-07-01,94.33,Dining
CUST00292,2025-03-08,84.4,Grocery
CUST00292,2025-06-09,48.22,Grocery
CUST00292,2025-01-11,133.37,Electronics
CUST00292,2024-12-15,117.68,Travel
CUST00292,2025-01-27,79.08,Travel
CUST00292,2025-04-14,366.39,Travel
CUST00292,2025-03-14,92.19,Travel
CUST00292,2025-05-01,53.38,Dining
CUST00292,2025-01-16,42.9,Travel
CUST00292,2025-07-28,192.63,Clothing
CUST00292,2025-06-27,154.93,Electronics
CUST00292,2025-06-03,16.9,Electronics
CUST00292,2024-11-29,89.32,Travel
CUST00292,2025-01-30,49.48,Dining
CUST00292,2025-05-10,371.59,Dining
CUST00292,2024-09-09,37.5,Dining
CUST00292,2025-06-16,109.22,Electronics
CUST00292,2024-12-07,201.76,Dining
CUST00292,2024-12-30,100.58,Clothing
CUST00292,2024-09-24,128.27,Dining
CUST00292,2024-11-10,113.91,Clothing
CUST00292,2024-09-18,38.98,Clothing
CUST00292,2024-12-08,19.73,Travel
CUST00293,2025-07-23,36.89,Clothing
CUST00293,2025-02-03,87.22,Clothing
CUST00293,2023-09-07,24.27,Dining
CUST00293,2025-02-25,55.83,Grocery
CUST00293,2024-04-10,25.55,Clothing
CUST00293,2024-02-07,116.49,Electronics
CUST00293,2024-02-12,68.13,Travel
CUST00293,2024-10-23,134.29,Electronics
CUST00293,2025-06-13,26.04,Travel
CUST00293,2025-02-11,43.45,Dining
CUST00293,2024-07-10,78.81,Clothing
CUST00293,2023-08-04,98.17,Grocery
CUST00293,2023-11-24,19.28,Clothing
CUST00293,2024-11-21,117.7,Electronics
CUST00293,2023-08-07,44.48,Clothing
CUST00293,2025-01-01,18.39,Travel
CUST00293,2023-08-23,76.67,Clothing
CUST00293,2023-07-27,72.88,Travel
CUST00293,2025-04-08,81.79,Clothing
CUST00293,2025-07-09,123.48,Electronics
CUST00293,2024-02-07,10.95,Grocery
CUST00293,2024-11-07,44.73,Travel
CUST00293,2025-03-06,65.63,Grocery
CUST00293,2023-09-19,21.36,Electronics
CUST00293,2025-05-17,16.78,Grocery
CUST00293,2024-04-12,141.77,Dining
CUST00293,2024-09-15,132.29,Travel
CUST00293,2023-12-22,135.17,Travel
CUST00293,2024-08-09,56.11,Dining
CUST00293,2024-10-28,308.32,Dining
CUST00293,2025-03-01,74.42,Dining
CUST00293,2024-06-20,143.67,Travel
CUST00293,2025-06-07,37.79,Clothing
CUST00293,2024-05-29,52.64,Electronics
CUST00293,2025-01-22,323.97,Clothing
CUST00293,2024-05-10,8.74,Travel
CUST00293,2024-12-30,243.68,Clothing
CUST00293,2023-11-10,11.17,Electronics
CUST00293,2024-07-21,111.84,Electronics
CUST00293,2025-05-19,20.74,Grocery
CUST00293,2024-10-27,45.52,Electronics
CUST00293,2025-07-09,284.83,Travel
CUST00293,2024-05-18,116.88,Travel
CUST00293,2024-01-02,28.46,Dining
CUST00293,2025-04-16,14.36,Clothing
CUST00293,2024-10-04,29.83,Electronics
CUST00293,2023-10-15,231.12,Dining
CUST00293,2023-10-13,5.58,Electronics
CUST00293,2023-12-11,5.84,Dining
CUST00293,2025-04-09,10.45,Grocery
CUST00293,2025-03-03,171.67,Clothing
CUST00293,2023-10-02,34.53,Electronics
CUST00293,2025-05-26,140.43,Clothing
CUST00293,2024-05-09,9.2,Electronics
CUST00293,2023-09-12,89.22,Grocery
CUST00293,2024-07-09,87.23,Electronics
CUST00293,2024-01-29,19.54,Clothing
CUST00293,2024-05-09,30.59,Travel
CUST00293,2024-09-04,68.89,Travel
CUST00293,2024-11-27,15.91,Electronics
CUST00293,2025-01-29,183.17,Dining
CUST00293,2025-05-01,48.94,Travel
CUST00293,2023-11-16,282.25,Clothing
CUST00293,2024-04-19,17.45,Travel
CUST00293,2024-07-18,37.11,Travel
CUST00293,2024-11-27,90.2,Electronics
CUST00293,2024-07-09,223.83,Dining
CUST00293,2023-10-20,48.3,Grocery
CUST00293,2024-02-27,281.14,Grocery
CUST00293,2024-06-05,39.83,Electronics
CUST00293,2025-01-08,270.83,Dining
CUST00293,2024-03-18,46.53,Electronics
CUST00293,2024-05-18,13.42,Electronics
CUST00293,2024-03-01,9.29,Travel
CUST00293,2024-02-19,147.93,Travel
CUST00293,2023-12-29,17.74,Dining
CUST00293,2025-02-26,81.53,Travel
CUST00293,2024-10-02,107.77,Electronics
CUST00293,2025-07-16,108.51,Clothing
CUST00293,2023-10-04,73.46,Electronics
CUST00293,2025-02-13,221.75,Dining
CUST00293,2024-02-28,89.98,Dining
CUST00293,2024-09-21,46.84,Grocery
CUST00293,2024-04-24,63.4,Electronics
CUST00293,2024-07-27,55.22,Dining
CUST00293,2023-10-14,82.89,Grocery
CUST00293,2024-08-25,194.86,Electronics
CUST00293,2025-01-10,133.38,Dining
CUST00293,2023-09-15,44.87,Electronics
CUST00293,2024-01-26,122.28,Travel
CUST00293,2025-04-02,40.14,Travel
CUST00293,2024-01-29,36.47,Grocery
CUST00293,2024-01-08,116.64,Travel
CUST00293,2025-04-02,75.62,Grocery
CUST00293,2024-03-17,37.86,Dining
CUST00293,2024-09-30,53.63,Travel
CUST00293,2023-08-03,24.75,Clothing
CUST00293,2023-12-30,80.23,Dining
CUST00294,2025-08-01,58.95,Dining
CUST00294,2025-05-12,57.54,Grocery
CUST00294,2025-04-24,74.84,Dining
CUST00294,2025-05-22,71.57,Dining
CUST00294,2025-05-30,63.77,Grocery
CUST00294,2025-05-10,195.39,Travel
CUST00294,2025-06-07,38.64,Clothing
CUST00294,2025-07-19,22.41,Clothing
CUST00294,2025-06-08,29.81,Travel
CUST00294,2025-07-24,267.88,Clothing
CUST00294,2025-06-21,112.4,Clothing
CUST00294,2025-05-15,147.35,Clothing
CUST00294,2025-07-06,51.05,Travel
CUST00294,2025-07-14,31.4,Dining
CUST00294,2025-06-26,227.75,Electronics
CUST00294,2025-05-03,34.92,Grocery
CUST00294,2025-07-30,156.53,Grocery
CUST00294,2025-06-23,30.56,Dining
CUST00294,2025-07-29,152.7,Grocery
CUST00294,2025-04-19,56.72,Electronics
CUST00294,2025-05-06,102.54,Dining
CUST00294,2025-07-12,35.31,Dining
CUST00294,2025-07-06,78.37,Clothing
CUST00294,2025-06-29,13.4,Clothing
CUST00294,2025-07-13,58.9,Electronics
CUST00294,2025-05-26,34.48,Travel
CUST00294,2025-06-10,52.51,Grocery
CUST00294,2025-05-20,160.65,Grocery
CUST00294,2025-05-03,74.25,Travel
CUST00294,2025-07-11,113.89,Electronics
CUST00294,2025-06-06,54.88,Clothing
CUST00294,2025-05-20,16.44,Dining
CUST00294,2025-05-20,73.61,Grocery
CUST00294,2025-07-09,123.24,Dining
CUST00294,2025-06-18,24.67,Clothing
CUST00294,2025-07-31,86.37,Grocery
CUST00294,2025-06-08,239.72,Grocery
CUST00294,2025-07-09,147.59,Electronics
CUST00294,2025-05-07,95.47,Grocery
CUST00294,2025-05-24,95.76,Electronics
CUST00294,2025-06-04,7.49,Clothing
CUST00294,2025-06-05,83.2,Dining
CUST00294,2025-07-19,199.86,Travel
CUST00294,2025-06-19,20.22,Grocery
CUST00294,2025-06-29,33.73,Dining
CUST00294,2025-05-06,132.06,Dining
CUST00294,2025-06-21,68.32,Travel
CUST00294,2025-07-21,162.21,Electronics
CUST00294,2025-04-20,80.77,Dining
CUST00294,2025-06-02,21.63,Travel
CUST00294,2025-06-11,98.74,Dining
CUST00294,2025-04-29,93.19,Travel
CUST00294,2025-06-28,63.63,Grocery
CUST00294,2025-06-02,46.68,Clothing
CUST00294,2025-07-25,52.38,Clothing
CUST00294,2025-07-10,94.56,Grocery
CUST00294,2025-06-24,60.58,Clothing
CUST00294,2025-05-20,54.08,Grocery
CUST00294,2025-07-27,5.19,Grocery
CUST00294,2025-06-15,14.47,Electronics
CUST00294,2025-05-15,37.3,Grocery
CUST00294,2025-07-19,131.37,Grocery
CUST00294,2025-04-29,43.31,Grocery
CUST00294,2025-04-30,96.24,Grocery
CUST00294,2025-05-31,32.32,Electronics
CUST00294,2025-05-30,15.68,Travel
CUST00294,2025-05-09,42.25,Clothing
CUST00294,2025-07-06,36.69,Travel
CUST00294,2025-07-08,71.07,Travel
CUST00294,2025-07-22,61.07,Dining
CUST00294,2025-07-16,22.48,Clothing
CUST00294,2025-04-23,80.9,Electronics
CUST00294,2025-07-31,41.34,Dining
CUST00294,2025-05-08,37.96,Travel
CUST00294,2025-05-08,9.8,Electronics
CUST00294,2025-06-09,83.32,Dining
CUST00294,2025-06-22,57.86,Clothing
CUST00294,2025-05-06,17.52,Dining
CUST00294,2025-04-22,10.48,Grocery
CUST00294,2025-07-28,229.78,Electronics
CUST00294,2025-05-18,86.88,Clothing
CUST00294,2025-05-06,57.84,Grocery
CUST00294,2025-05-31,144.33,Clothing
CUST00294,2025-07-17,12.64,Clothing
CUST00294,2025-06-27,141.14,Travel
CUST00294,2025-06-08,84.26,Clothing
CUST00294,2025-07-15,63.42,Electronics
CUST00294,2025-07-28,115.47,Travel
CUST00294,2025-07-27,46.85,Travel
CUST00294,2025-07-12,121.12,Grocery
CUST00294,2025-06-25,44.66,Electronics
CUST00294,2025-04-22,165.13,Travel
CUST00295,2023-02-26,123.01,Grocery
CUST00295,2025-07-17,13.96,Travel
CUST00295,2025-06-22,21.92,Travel
CUST00295,2024-08-01,41.21,Grocery
CUST00295,2023-01-09,17.84,Travel
CUST00295,2025-02-16,280.17,Travel
CUST00295,2025-02-06,50.47,Travel
CUST00295,2022-09-26,110.77,Clothing
CUST00295,2023-02-05,89.91,Grocery
CUST00295,2023-03-31,131.68,Clothing
CUST00295,2025-06-01,14.7,Travel
CUST00295,2025-03-11,51.34,Dining
CUST00295,2022-09-24,40.33,Electronics
CUST00295,2024-05-16,38.32,Grocery
CUST00295,2023-08-12,99.43,Electronics
CUST00295,2022-10-11,236.71,Grocery
CUST00295,2024-08-26,40.75,Grocery
CUST00295,2022-12-01,80.05,Electronics
CUST00295,2025-07-04,61.6,Grocery
CUST00295,2022-11-15,280.77,Electronics
CUST00295,2023-05-25,78.01,Grocery
CUST00295,2023-04-22,51.44,Electronics
CUST00295,2023-09-27,10.18,Clothing
CUST00295,2023-10-20,127.14,Grocery
CUST00295,2023-10-04,40.89,Travel
CUST00295,2025-05-02,46.61,Electronics
CUST00295,2025-04-06,64.1,Dining
CUST00295,2023-08-11,96.05,Travel
CUST00295,2023-02-03,10.66,Dining
CUST00295,2023-07-26,9.55,Dining
CUST00295,2024-06-15,77.53,Travel
CUST00295,2024-10-21,83.15,Electronics
CUST00295,2023-08-20,11.12,Clothing
CUST00295,2025-06-10,41.22,Grocery
CUST00295,2022-10-24,8.8,Grocery
CUST00295,2024-11-12,39.79,Clothing
CUST00295,2024-04-28,58.38,Travel
CUST00295,2024-08-25,8.99,Grocery
CUST00295,2024-09-07,95.77,Travel
CUST00295,2023-04-26,76.46,Dining
CUST00295,2024-08-26,30.73,Dining
CUST00295,2025-01-03,136.93,Electronics
CUST00295,2023-11-21,213.04,Dining
CUST00295,2024-06-21,98.45,Dining
CUST00295,2022-11-05,154.14,Clothing
CUST00295,2023-06-25,95.93,Electronics
CUST00295,2024-02-05,98.51,Dining
CUST00295,2023-06-23,28.94,Electronics
CUST00295,2023-08-20,73.08,Dining
CUST00295,2023-11-19,91.78,Dining
CUST00295,2025-06-19,9.85,Travel
CUST00295,2023-05-12,31.83,Electronics
CUST00295,2024-12-08,39.03,Clothing
CUST00295,2024-12-17,55.47,Electronics
CUST00295,2023-11-07,24.82,Grocery
CUST00295,2024-09-04,63.34,Grocery
CUST00295,2023-03-17,59.09,Electronics
CUST00295,2023-05-24,59.24,Grocery
CUST00295,2025-07-08,9.71,Grocery
CUST00295,2023-06-25,322.41,Travel
CUST00295,2023-12-05,32.07,Electronics
CUST00295,2025-02-11,7.19,Travel
CUST00295,2024-01-04,154.67,Clothing
CUST00295,2024-06-11,28.89,Grocery
CUST00295,2022-11-07,93.77,Travel
CUST00295,2025-05-05,249.23,Clothing
CUST00295,2024-05-09,145.51,Clothing
CUST00295,2022-10-02,25.49,Grocery
CUST00295,2024-09-04,141.26,Clothing
CUST00295,2023-09-30,49.36,Travel
CUST00295,2023-11-05,32.94,Grocery
CUST00295,2023-06-03,193.18,Clothing
CUST00295,2024-04-07,107.87,Grocery
CUST00295,2023-03-10,6.73,Grocery
CUST00295,2023-08-16,101.93,Travel
CUST00295,2023-05-07,303.54,Clothing
CUST00295,2024-08-30,54.46,Clothing
CUST00295,2024-04-29,131.12,Dining
CUST00295,2023-06-24,14.37,Electronics
CUST00295,2023-08-07,123.83,Electronics
CUST00295,2022-08-30,11.41,Dining
CUST00295,2024-09-22,23.2,Dining
CUST00295,2023-11-19,28.45,Electronics
CUST00295,2023-10-05,112.95,Dining
CUST00295,2023-07-06,56.76,Dining
CUST00295,2023-06-12,98.56,Travel
CUST00295,2024-12-28,77.79,Electronics
CUST00295,2023-12-19,48.85,Clothing
CUST00295,2023-04-13,14.56,Grocery
CUST00295,2023-05-03,112.92,Electronics
CUST00295,2024-07-19,14.65,Grocery
CUST00295,2023-04-09,57.19,Travel
CUST00295,2022-12-04,161.9,Electronics
CUST00295,2023-03-17,97.27,Electronics
CUST00295,2023-04-23,320.45,Dining
CUST00295,2023-04-19,31.37,Clothing
CUST00295,2024-05-02,112.4,Electronics
CUST00295,2023-08-04,22.1,Dining
CUST00295,2024-12-17,27.87,Clothing
CUST00295,2024-01-25,20.45,Travel
CUST00295,2023-03-11,6.17,Electronics
CUST00296,2025-07-01,73.1,Dining
CUST00296,2024-05-24,61.75,Grocery
CUST00296,2024-07-29,87.75,Travel
CUST00296,2024-03-06,283.03,Travel
CUST00296,2024-02-17,7.75,Clothing
CUST00296,2025-07-19,192.35,Electronics
CUST00296,2024-07-07,20.52,Dining
CUST00296,2025-06-08,184.43,Electronics
CUST00296,2024-04-23,45.65,Grocery
CUST00296,2024-03-11,54.87,Grocery
CUST00296,2024-09-29,105.01,Dining
CUST00296,2024-06-08,48.9,Grocery
CUST00296,2025-07-06,198.59,Travel
CUST00296,2024-02-08,114.46,Dining
CUST00296,2025-06-26,5.37,Grocery
CUST00296,2024-07-02,6.37,Electronics
CUST00296,2024-12-23,213.74,Electronics
CUST00296,2025-01-11,16.67,Travel
CUST00296,2024-04-15,72.67,Dining
CUST00296,2024-06-03,34.86,Clothing
CUST00296,2024-05-21,189.17,Travel
CUST00296,2024-10-17,36.47,Dining
CUST00296,2025-01-27,93.94,Electronics
CUST00296,2024-10-23,37.23,Grocery
CUST00296,2024-07-11,334.99,Dining
CUST00296,2024-04-18,77.91,Travel
CUST00296,2024-12-23,34.34,Electronics
CUST00296,2024-04-27,22.74,Dining
CUST00296,2024-06-12,96.11,Clothing
CUST00296,2024-03-15,87.26,Dining
CUST00296,2025-07-28,115.15,Travel
CUST00296,2024-06-24,42.68,Clothing
CUST00296,2025-03-02,54.23,Dining
CUST00296,2025-02-15,190.14,Electronics
CUST00296,2024-05-31,41.82,Dining
CUST00296,2024-05-23,49.61,Clothing
CUST00296,2024-08-26,13.25,Grocery
CUST00296,2024-09-24,30.71,Clothing
CUST00296,2025-01-11,5.31,Electronics
CUST00296,2025-02-26,272.58,Clothing
CUST00296,2024-04-19,97.03,Electronics
CUST00296,2024-11-23,235.68,Dining
CUST00296,2024-03-15,61.76,Clothing
CUST00296,2024-07-14,6.33,Dining
CUST00296,2025-02-20,218.06,Dining
CUST00296,2024-05-21,53.81,Grocery
CUST00296,2025-07-07,44.58,Clothing
CUST00296,2024-11-21,51.36,Clothing
CUST00296,2025-03-25,89.31,Grocery
CUST00296,2024-04-23,211.51,Electronics
CUST00296,2024-10-16,13.81,Dining
CUST00296,2024-02-27,40.0,Dining
CUST00296,2024-09-06,45.3,Electronics
CUST00296,2025-03-01,32.89,Clothing
CUST00296,2024-07-07,71.04,Grocery
CUST00296,2025-03-19,12.74,Travel
CUST00296,2024-02-19,11.0,Electronics
CUST00296,2025-06-18,54.0,Electronics
CUST00296,2024-12-04,59.7,Clothing
CUST00296,2024-05-03,100.7,Travel
CUST00296,2024-11-08,19.23,Clothing
CUST00296,2024-04-11,70.23,Dining
CUST00296,2024-09-13,180.64,Travel
CUST00296,2024-12-25,163.55,Dining
CUST00296,2024-11-10,8.13,Electronics
CUST00296,2025-04-05,24.75,Dining
CUST00296,2025-01-11,14.18,Grocery
CUST00296,2025-01-25,64.58,Grocery
CUST00296,2025-06-07,137.98,Clothing
CUST00296,2025-04-29,136.7,Clothing
CUST00296,2024-08-24,66.84,Grocery
CUST00296,2025-03-29,178.38,Electronics
CUST00296,2024-12-08,152.15,Dining
CUST00296,2024-10-06,37.09,Grocery
CUST00296,2024-12-09,30.97,Dining
CUST00296,2024-11-07,20.34,Clothing
CUST00296,2024-10-03,32.3,Dining
CUST00296,2024-06-20,49.08,Clothing
CUST00296,2024-04-07,144.93,Clothing
CUST00296,2025-07-26,61.86,Travel
CUST00296,2024-02-19,244.78,Clothing
CUST00296,2024-11-26,179.87,Clothing
CUST00296,2024-10-07,108.56,Travel
CUST00296,2024-11-20,42.49,Grocery
CUST00296,2024-03-26,22.83,Electronics
CUST00296,2024-07-21,15.05,Grocery
CUST00296,2025-05-17,9.67,Travel
CUST00296,2025-05-19,43.81,Electronics
CUST00296,2024-05-29,175.71,Dining
CUST00296,2024-09-13,14.79,Dining
CUST00296,2025-07-08,68.31,Grocery
CUST00296,2025-05-06,17.8,Travel
CUST00296,2024-05-13,44.3,Electronics
CUST00296,2024-02-14,134.27,Clothing
CUST00296,2024-05-06,9.96,Grocery
CUST00296,2025-04-10,290.26,Clothing
CUST00296,2025-07-04,14.34,Dining
CUST00297,2023-06-08,60.13,Clothing
CUST00297,2023-09-03,38.53,Grocery
CUST00297,2024-04-06,102.75,Clothing
CUST00297,2023-07-13,78.12,Travel
CUST00297,2024-05-27,141.28,Dining
CUST00297,2024-09-09,36.67,Travel
CUST00297,2023-12-30,14.33,Electronics
CUST00297,2025-06-08,16.8,Travel
CUST00297,2023-03-25,64.62,Electronics
CUST00297,2023-06-23,19.1,Travel
CUST00297,2025-05-14,92.0,Dining
CUST00297,2025-03-16,55.74,Clothing
CUST00297,2024-01-03,84.91,Electronics
CUST00297,2025-07-30,397.42,Electronics
CUST00297,2024-03-18,93.14,Grocery
CUST00297,2024-02-03,38.25,Grocery
CUST00297,2024-12-24,106.31,Electronics
CUST00297,2024-04-17,98.97,Grocery
CUST00297,2024-08-25,24.94,Travel
CUST00297,2023-04-12,5.49,Dining
CUST00297,2025-07-24,30.07,Dining
CUST00297,2024-01-12,101.99,Grocery
CUST00297,2024-09-19,25.94,Clothing
CUST00297,2023-03-23,139.59,Electronics
CUST00297,2023-09-27,143.62,Electronics
CUST00297,2023-12-24,149.85,Electronics
CUST00297,2024-01-06,69.73,Electronics
CUST00297,2023-04-04,14.44,Electronics
CUST00297,2024-11-03,98.91,Grocery
CUST00297,2025-05-22,10.64,Dining
CUST00297,2023-09-15,44.32,Travel
CUST00297,2024-11-06,38.65,Travel
CUST00297,2025-07-05,122.17,Clothing
CUST00297,2025-06-09,132.46,Electronics
CUST00297,2024-11-01,64.92,Electronics
CUST00297,2023-11-01,61.6,Travel
CUST00297,2024-02-20,74.31,Clothing
CUST00297,2023-07-01,84.64,Electronics
CUST00297,2025-04-18,11.49,Electronics
CUST00297,2023-11-26,49.51,Electronics
CUST00297,2025-07-30,64.94,Clothing
CUST00297,2024-05-27,29.43,Clothing
CUST00297,2025-07-29,88.66,Travel
CUST00297,2024-11-06,17.75,Grocery
CUST00297,2023-06-05,36.22,Dining
CUST00297,2023-05-20,29.96,Grocery
CUST00297,2025-07-29,74.12,Electronics
CUST00297,2024-05-13,94.23,Dining
CUST00297,2023-04-04,38.11,Dining
CUST00297,2025-05-26,30.08,Grocery
CUST00297,2023-07-18,242.28,Dining
CUST00297,2025-01-29,140.82,Grocery
CUST00297,2024-11-06,350.71,Dining
CUST00297,2024-10-05,50.56,Grocery
CUST00297,2024-05-12,81.39,Electronics
CUST00297,2024-11-04,22.67,Dining
CUST00297,2024-12-30,72.6,Travel
CUST00297,2023-07-02,18.76,Grocery
CUST00297,2024-10-14,31.44,Dining
CUST00297,2023-09-07,41.2,Grocery
CUST00297,2025-01-13,155.47,Dining
CUST00297,2023-08-19,15.94,Electronics
CUST00297,2024-07-14,7.33,Electronics
CUST00297,2024-11-26,34.48,Dining
CUST00297,2024-02-05,136.09,Clothing
CUST00297,2025-05-12,47.28,Electronics
CUST00297,2024-05-17,46.76,Clothing
CUST00297,2023-08-26,6.05,Travel
CUST00297,2024-12-31,53.21,Grocery
CUST00297,2025-03-02,398.06,Dining
CUST00297,2023-08-17,74.55,Grocery
CUST00297,2025-03-09,132.68,Grocery
CUST00297,2024-03-02,241.29,Clothing
CUST00297,2024-07-22,153.68,Travel
CUST00297,2023-05-18,26.79,Travel
CUST00297,2024-06-30,18.14,Travel
CUST00297,2023-10-04,384.45,Electronics
CUST00297,2024-07-20,6.69,Travel
CUST00297,2025-02-15,109.68,Electronics
CUST00297,2024-01-29,105.66,Electronics
CUST00297,2023-07-20,25.19,Electronics
CUST00297,2024-01-08,119.94,Grocery
CUST00297,2024-07-27,14.32,Clothing
CUST00297,2024-09-19,45.36,Grocery
CUST00297,2025-06-07,37.95,Clothing
CUST00297,2025-01-29,246.22,Clothing
CUST00297,2024-01-20,124.23,Grocery
CUST00297,2024-08-28,35.56,Grocery
CUST00297,2025-04-10,73.37,Dining
CUST00297,2024-02-01,102.56,Travel
CUST00297,2023-08-06,47.41,Electronics
CUST00297,2025-03-27,41.16,Travel
CUST00297,2023-08-28,16.33,Grocery
CUST00297,2024-10-30,52.53,Electronics
CUST00297,2024-11-02,51.69,Clothing
CUST00297,2025-01-27,17.34,Grocery
CUST00297,2024-01-31,171.63,Grocery
CUST00297,2023-04-29,13.83,Travel
CUST00297,2024-09-17,45.88,Electronics
CUST00297,2025-02-27,56.18,Electronics
CUST00297,2023-10-19,11.93,Electronics
CUST00297,2024-05-25,255.61,Clothing
CUST00297,2025-02-17,16.51,Grocery
CUST00297,2023-10-23,8.6,Travel
CUST00297,2023-09-12,61.77,Clothing
CUST00297,2025-05-20,8.24,Clothing
CUST00297,2025-04-09,122.64,Grocery
CUST00297,2024-05-15,215.21,Clothing
CUST00297,2023-11-29,17.5,Clothing
CUST00297,2024-03-21,39.76,Electronics
CUST00297,2023-11-05,11.0,Clothing
CUST00297,2023-05-20,38.34,Travel
CUST00297,2024-12-14,125.44,Dining
CUST00298,2023-10-07,25.18,Grocery
CUST00298,2025-03-07,13.65,Grocery
CUST00298,2023-12-23,89.21,Clothing
CUST00298,2025-02-11,30.98,Clothing
CUST00298,2024-08-20,97.92,Clothing
CUST00298,2023-11-27,179.73,Clothing
CUST00298,2023-12-09,74.96,Clothing
CUST00298,2024-07-27,209.72,Dining
CUST00298,2025-01-04,95.51,Travel
CUST00298,2024-04-12,244.87,Dining
CUST00298,2023-04-05,6.17,Travel
CUST00298,2025-05-27,71.48,Clothing
CUST00298,2023-08-01,10.17,Grocery
CUST00298,2024-10-12,86.19,Clothing
CUST00298,2023-12-21,272.28,Travel
CUST00298,2025-07-28,49.62,Travel
CUST00298,2024-08-11,17.96,Electronics
CUST00298,2023-05-24,127.93,Dining
CUST00298,2023-10-21,8.19,Travel
CUST00298,2024-10-19,14.81,Dining
CUST00298,2025-04-10,6.68,Travel
CUST00298,2024-05-19,170.94,Grocery
CUST00298,2024-11-18,111.76,Clothing
CUST00298,2025-01-27,32.47,Grocery
CUST00298,2023-08-26,218.92,Dining
CUST00298,2024-07-20,30.01,Electronics
CUST00298,2024-09-27,24.82,Electronics
CUST00298,2024-04-11,126.12,Clothing
CUST00298,2024-04-28,14.84,Clothing
CUST00298,2023-10-01,198.3,Clothing
CUST00298,2024-08-31,12.07,Dining
CUST00298,2023-09-24,31.49,Grocery
CUST00298,2024-05-03,179.84,Travel
CUST00298,2024-06-25,168.4,Travel
CUST00298,2023-10-15,55.16,Clothing
CUST00298,2025-02-11,45.37,Grocery
CUST00298,2023-09-27,69.15,Grocery
CUST00298,2025-02-20,27.23,Grocery
CUST00298,2023-08-19,219.56,Clothing
CUST00298,2025-05-25,183.06,Dining
CUST00298,2025-07-16,101.31,Travel
CUST00298,2024-10-20,117.58,Travel
CUST00298,2023-04-22,55.19,Dining
CUST00298,2023-09-24,65.33,Travel
CUST00298,2024-10-14,308.26,Electronics
CUST00298,2025-01-31,60.96,Clothing
CUST00298,2024-05-27,24.7,Clothing
CUST00298,2025-03-31,80.86,Travel
CUST00298,2024-01-19,78.4,Travel
CUST00298,2023-12-01,61.18,Electronics
CUST00298,2025-05-21,80.22,Dining
CUST00298,2023-08-14,54.6,Dining
CUST00298,2023-08-24,96.19,Grocery
CUST00298,2024-12-27,24.28,Travel
CUST00298,2023-07-28,42.7,Grocery
CUST00298,2023-12-05,191.31,Grocery
CUST00298,2023-11-18,6.7,Clothing
CUST00298,2024-12-20,8.3,Dining
CUST00298,2024-07-17,148.15,Grocery
CUST00298,2024-08-13,73.1,Clothing
CUST00298,2024-05-31,50.82,Clothing
CUST00298,2025-06-27,127.02,Electronics
CUST00298,2024-10-03,49.21,Grocery
CUST00298,2024-05-09,59.83,Dining
CUST00298,2024-06-16,30.03,Dining
CUST00298,2024-06-06,69.02,Electronics
CUST00298,2023-08-28,196.54,Grocery
CUST00298,2024-04-21,20.78,Clothing
CUST00298,2024-11-28,35.53,Clothing
CUST00298,2025-07-29,26.15,Electronics
CUST00298,2023-04-12,31.02,Travel
CUST00298,2025-06-14,96.56,Clothing
CUST00298,2023-08-31,249.53,Electronics
CUST00298,2025-05-24,92.64,Electronics
CUST00298,2023-11-13,75.97,Clothing
CUST00298,2024-10-19,32.67,Clothing
CUST00298,2023-09-26,178.07,Clothing
CUST00298,2023-12-01,173.03,Travel
CUST00298,2025-02-03,5.6,Clothing
CUST00298,2024-07-12,5.82,Clothing
CUST00298,2024-12-18,161.96,Clothing
CUST00298,2025-02-26,132.04,Clothing
CUST00298,2024-12-02,43.96,Clothing
CUST00298,2023-12-29,74.77,Clothing
CUST00298,2024-03-01,11.38,Dining
CUST00298,2025-01-18,113.95,Travel
CUST00298,2025-06-29,16.1,Travel
CUST00298,2025-05-05,99.82,Grocery
CUST00298,2023-09-18,53.22,Dining
CUST00298,2023-12-16,120.93,Dining
CUST00298,2023-08-30,22.91,Grocery
CUST00298,2024-05-23,9.32,Clothing
CUST00298,2025-06-22,191.91,Grocery
CUST00298,2024-06-11,98.2,Grocery
CUST00298,2024-12-10,83.22,Electronics
CUST00298,2023-10-23,14.75,Clothing
CUST00299,2025-07-11,165.17,Clothing
CUST00299,2025-07-04,129.33,Travel
CUST00299,2025-07-12,29.11,Grocery
CUST00299,2025-07-08,180.92,Dining
CUST00299,2025-07-13,242.02,Electronics
CUST00299,2025-07-16,37.43,Grocery
CUST00299,2025-07-21,31.36,Grocery
CUST00299,2025-08-01,33.22,Dining
CUST00299,2025-07-22,13.2,Travel
CUST00299,2025-07-11,28.45,Clothing
CUST00299,2025-07-16,107.38,Clothing
CUST00299,2025-07-05,64.99,Electronics
CUST00299,2025-07-20,26.1,Dining
CUST00299,2025-07-07,38.28,Clothing
CUST00299,2025-07-27,56.02,Travel
CUST00299,2025-07-03,7.89,Clothing
CUST00299,2025-07-20,8.11,Clothing
CUST00299,2025-07-22,86.03,Grocery
CUST00299,2025-07-09,67.97,Clothing
CUST00299,2025-07-16,21.42,Travel
CUST00299,2025-07-20,45.06,Grocery
CUST00299,2025-07-15,40.7,Electronics
CUST00299,2025-07-21,15.94,Dining
CUST00299,2025-07-15,20.36,Dining
CUST00299,2025-07-04,153.2,Grocery
CUST00299,2025-07-18,66.28,Grocery
CUST00299,2025-07-04,11.25,Electronics
CUST00299,2025-07-13,60.79,Grocery
CUST00299,2025-07-26,20.02,Clothing
CUST00299,2025-07-15,101.77,Electronics
CUST00299,2025-07-13,252.52,Electronics
CUST00299,2025-07-04,355.7,Dining
CUST00299,2025-07-14,150.23,Dining
CUST00299,2025-07-21,30.28,Clothing
CUST00299,2025-07-13,80.99,Travel
CUST00299,2025-07-10,196.72,Electronics
CUST00299,2025-07-25,31.17,Clothing
CUST00299,2025-07-29,565.6,Clothing
CUST00299,2025-07-20,62.56,Dining
CUST00299,2025-07-06,76.58,Electronics
CUST00299,2025-07-23,81.01,Clothing
CUST00299,2025-07-30,5.9,Clothing
CUST00299,2025-07-11,38.41,Grocery
CUST00299,2025-07-11,25.75,Grocery
CUST00299,2025-08-01,159.63,Electronics
CUST00299,2025-07-11,55.08,Electronics
CUST00299,2025-07-31,31.98,Electronics
CUST00299,2025-07-11,30.75,Dining
CUST00299,2025-07-04,212.3,Electronics
CUST00299,2025-07-18,19.4,Travel
CUST00299,2025-07-28,71.59,Dining
CUST00299,2025-07-03,34.49,Travel
CUST00299,2025-07-19,10.66,Grocery
CUST00299,2025-07-18,37.92,Electronics
CUST00299,2025-07-09,165.71,Dining
CUST00299,2025-07-18,83.52,Electronics
CUST00299,2025-07-10,14.74,Grocery
CUST00299,2025-07-02,105.67,Grocery
CUST00299,2025-07-08,264.34,Clothing
CUST00299,2025-07-23,63.67,Dining
CUST00299,2025-07-05,89.68,Dining
CUST00299,2025-07-22,12.24,Clothing
CUST00299,2025-07-16,102.4,Electronics
CUST00299,2025-07-30,8.04,Travel
CUST00299,2025-07-15,288.65,Grocery
CUST00299,2025-07-15,60.21,Grocery
CUST00299,2025-07-15,297.25,Electronics
CUST00299,2025-07-09,114.9,Grocery
CUST00299,2025-07-22,467.03,Dining
CUST00299,2025-07-09,19.85,Electronics
CUST00299,2025-07-08,161.79,Grocery
CUST00299,2025-07-24,111.49,Clothing
CUST00299,2025-07-02,40.0,Travel
CUST00299,2025-07-02,18.0,Travel
CUST00299,2025-07-30,21.44,Clothing
CUST00299,2025-07-06,76.14,Clothing
CUST00299,2025-07-14,85.36,Travel
CUST00299,2025-07-29,140.74,Grocery
CUST00299,2025-07-26,92.25,Travel
CUST00299,2025-07-25,19.4,Travel
CUST00299,2025-07-27,207.89,Dining
CUST00299,2025-07-19,218.92,Electronics
CUST00299,2025-07-11,93.41,Electronics
CUST00299,2025-07-22,110.52,Grocery
CUST00299,2025-07-24,67.62,Travel
CUST00299,2025-07-09,258.53,Dining
CUST00299,2025-07-05,73.7,Travel
CUST00299,2025-07-22,48.87,Electronics
CUST00299,2025-07-10,116.66,Dining
CUST00299,2025-07-29,95.46,Clothing
CUST00299,2025-07-29,190.24,Clothing
CUST00299,2025-07-13,23.74,Clothing
CUST00299,2025-07-14,15.47,Travel
CUST00299,2025-07-06,13.24,Grocery
CUST00299,2025-08-01,36.09,Dining
CUST00299,2025-07-08,13.61,Grocery
CUST00299,2025-07-18,156.51,Electronics
CUST00299,2025-07-16,30.08,Clothing
CUST00299,2025-07-14,132.53,Electronics
CUST00299,2025-07-06,107.19,Electronics
CUST00299,2025-07-11,68.52,Dining
CUST00299,2025-07-09,18.47,Dining
CUST00299,2025-07-21,211.6,Clothing
CUST00299,2025-07-16,31.79,Clothing
CUST00299,2025-07-02,212.82,Grocery
CUST00299,2025-07-22,48.18,Dining
CUST00299,2025-07-14,48.87,Grocery
CUST00299,2025-07-26,257.03,Travel
CUST00299,2025-07-25,75.38,Grocery
CUST00299,2025-07-20,7.8,Travel
CUST00300,2024-11-16,26.05,Electronics
CUST00300,2025-04-11,12.63,Travel
CUST00300,2025-04-21,56.19,Travel
CUST00300,2025-01-24,14.21,Travel
CUST00300,2025-03-31,22.46,Clothing
CUST00300,2025-06-20,102.86,Travel
CUST00300,2025-03-25,20.44,Electronics
CUST00300,2025-07-05,5.08,Grocery
CUST00300,2025-03-18,157.38,Electronics
CUST00300,2025-02-26,9.13,Grocery
CUST00300,2025-05-05,9.5,Clothing
CUST00300,2025-04-19,48.31,Electronics
CUST00300,2024-10-22,226.41,Clothing
CUST00300,2025-02-15,91.52,Clothing
CUST00300,2025-04-25,118.65,Clothing
CUST00300,2025-05-16,54.59,Dining
CUST00300,2025-07-11,97.28,Electronics
CUST00300,2025-05-30,368.31,Grocery
CUST00300,2025-05-05,6.85,Dining
CUST00300,2025-04-16,97.18,Electronics
CUST00300,2025-08-01,54.43,Dining
CUST00300,2025-04-22,34.17,Dining
CUST00300,2024-12-02,83.53,Electronics
CUST00300,2025-07-05,172.49,Grocery
CUST00300,2025-07-31,121.53,Electronics
CUST00300,2024-11-08,208.24,Electronics
CUST00300,2025-06-14,38.54,Dining
CUST00300,2025-03-11,81.48,Travel
CUST00300,2025-03-13,9.06,Travel
CUST00300,2025-07-15,14.12,Clothing
CUST00300,2025-04-18,191.16,Electronics
CUST00300,2025-06-05,138.06,Grocery
CUST00300,2025-02-10,85.31,Grocery
CUST00300,2024-11-10,91.77,Dining
CUST00300,2025-06-16,254.12,Electronics
CUST00300,2024-10-26,107.53,Clothing
CUST00300,2025-03-18,17.4,Electronics
CUST00300,2025-06-23,79.97,Dining
CUST00300,2025-08-01,51.28,Dining
CUST00300,2025-06-13,55.44,Travel
CUST00300,2025-03-02,7.23,Dining
CUST00300,2025-01-01,94.44,Travel
CUST00300,2025-07-03,21.25,Grocery
CUST00300,2025-06-13,71.88,Grocery
CUST00300,2024-12-24,38.17,Travel
CUST00300,2025-02-06,43.02,Dining
CUST00300,2024-10-30,277.29,Dining
CUST00300,2025-06-12,98.05,Dining
CUST00300,2024-12-17,28.6,Electronics
CUST00300,2024-12-27,11.62,Clothing
CUST00300,2025-03-18,17.31,Electronics
CUST00300,2025-03-13,251.71,Electronics
CUST00300,2025-02-04,161.61,Clothing
CUST00300,2025-03-03,46.98,Dining
CUST00300,2024-12-14,140.44,Electronics
CUST00300,2025-02-28,127.65,Electronics
CUST00300,2025-05-13,144.01,Clothing
CUST00300,2025-05-19,5.05,Clothing
CUST00300,2025-06-22,86.24,Travel
CUST00300,2025-05-16,27.03,Clothing
CUST00300,2025-07-23,176.38,Clothing
CUST00300,2025-02-23,33.97,Grocery
CUST00300,2025-06-23,10.34,Grocery
CUST00300,2025-04-04,63.21,Clothing
CUST00300,2025-01-20,22.23,Grocery
CUST00300,2025-03-10,11.15,Electronics
CUST00300,2024-12-20,96.07,Travel
CUST00300,2025-05-09,97.87,Dining
CUST00300,2025-04-26,25.4,Travel
CUST00300,2025-06-26,77.3,Dining
CUST00300,2025-05-30,55.03,Clothing
CUST00300,2025-04-21,12.22,Clothing
CUST00300,2024-11-16,411.42,Grocery
CUST00300,2024-12-23,161.2,Travel
CUST00300,2025-03-03,109.12,Electronics
CUST00300,2024-12-08,18.73,Grocery
CUST00300,2024-11-02,60.94,Dining
CUST00300,2025-05-08,38.18,Electronics
CUST00300,2025-01-02,62.57,Dining
CUST00300,2025-06-30,116.42,Dining
CUST00300,2024-10-27,94.86,Clothing
CUST00300,2025-02-28,61.35,Grocery
CUST00300,2024-11-25,35.75,Travel
CUST00300,2025-03-29,32.94,Grocery
CUST00300,2025-06-08,80.48,Grocery
CUST00300,2025-06-11,106.91,Travel
CUST00300,2024-11-11,106.9,Clothing
CUST00300,2025-01-10,142.63,Electronics
CUST00300,2025-06-17,37.27,Dining
CUST00300,2025-06-13,240.81,Clothing
CUST00300,2025-05-10,31.67,Travel
CUST00300,2024-10-19,91.66,Clothing
CUST00300,2025-06-13,8.14,Electronics
CUST00300,2025-05-04,8.32,Electronics
CUST00300,2025-07-11,27.03,Travel
CUST00300,2025-05-11,96.84,Dining
CUST00300,2025-03-17,53.06,Travel
CUST00300,2024-11-03,116.9,Clothing
CUST00300,2025-04-10,150.67,Travel
CUST00300,2025-03-07,54.03,Dining
CUST00300,2025-06-13,47.01,Dining
CUST00301,2022-03-25,8.6,Dining
CUST00301,2023-02-19,36.0,Clothing
CUST00301,2022-05-14,9.92,Clothing
CUST00301,2024-09-27,112.46,Grocery
CUST00301,2025-06-05,85.36,Travel
CUST00301,2023-03-27,66.14,Travel
CUST00301,2022-12-27,352.57,Clothing
CUST00301,2022-02-22,276.12,Electronics
CUST00301,2021-10-29,18.17,Travel
CUST00301,2021-12-22,43.42,Electronics
CUST00301,2025-07-02,22.5,Clothing
CUST00301,2022-04-10,39.96,Electronics
CUST00301,2024-03-12,227.63,Dining
CUST00301,2021-09-15,112.02,Travel
CUST00301,2022-01-13,60.31,Clothing
CUST00301,2025-04-05,400.27,Clothing
CUST00301,2022-09-16,76.84,Grocery
CUST00301,2025-05-25,196.75,Travel
CUST00301,2024-01-27,23.8,Clothing
CUST00301,2022-08-11,24.19,Travel
CUST00301,2022-03-03,26.25,Grocery
CUST00301,2021-11-17,150.98,Travel
CUST00301,2023-08-15,48.94,Grocery
CUST00301,2023-04-02,145.67,Dining
CUST00301,2024-07-21,25.65,Clothing
CUST00301,2022-06-20,307.3,Electronics
CUST00301,2022-05-31,17.43,Electronics
CUST00301,2023-05-11,173.99,Dining
CUST00301,2022-05-29,97.38,Clothing
CUST00301,2023-04-26,88.36,Dining
CUST00301,2022-09-16,45.52,Grocery
CUST00301,2023-09-27,20.17,Dining
CUST00301,2022-11-12,28.71,Grocery
CUST00301,2024-09-24,26.56,Electronics
CUST00301,2023-04-17,39.83,Grocery
CUST00301,2023-08-04,77.4,Dining
CUST00301,2023-07-01,740.12,Grocery
CUST00301,2021-08-29,167.52,Travel
CUST00301,2025-02-16,105.95,Electronics
CUST00301,2024-03-25,32.83,Dining
CUST00301,2022-11-06,51.98,Grocery
CUST00301,2022-03-02,105.05,Travel
CUST00301,2023-12-27,109.94,Travel
CUST00301,2024-08-22,48.86,Clothing
CUST00301,2023-07-09,146.19,Dining
CUST00301,2021-09-26,30.39,Clothing
CUST00301,2022-01-16,133.47,Electronics
CUST00301,2024-10-11,13.58,Clothing
CUST00301,2022-01-18,122.77,Electronics
CUST00301,2025-06-13,112.11,Clothing
CUST00301,2024-08-03,55.49,Grocery
CUST00301,2023-03-30,20.99,Dining
CUST00301,2023-02-08,67.73,Clothing
CUST00301,2021-11-19,25.12,Travel
CUST00301,2024-07-08,80.7,Travel
CUST00301,2022-09-19,35.15,Clothing
CUST00301,2023-09-28,43.67,Electronics
CUST00301,2023-04-08,48.99,Electronics
CUST00301,2022-08-02,33.32,Electronics
CUST00301,2022-05-03,129.74,Clothing
CUST00301,2024-11-20,18.96,Clothing
CUST00301,2024-12-05,69.4,Clothing
CUST00301,2023-05-03,52.61,Dining
CUST00301,2023-12-01,142.64,Grocery
CUST00301,2022-04-21,26.74,Dining
CUST00301,2021-11-20,101.05,Travel
CUST00301,2021-09-17,11.7,Dining
CUST00301,2022-02-07,37.57,Clothing
CUST00301,2023-01-16,70.75,Dining
CUST00301,2025-01-29,110.16,Electronics
CUST00301,2022-07-28,133.2,Travel
CUST00301,2023-05-16,88.74,Dining
CUST00301,2021-10-16,18.91,Clothing
CUST00301,2023-09-08,31.16,Clothing
CUST00301,2023-04-17,97.93,Grocery
CUST00301,2025-03-31,99.35,Electronics
CUST00301,2022-10-27,141.72,Grocery
CUST00301,2022-08-31,88.18,Electronics
CUST00301,2022-12-30,56.61,Dining
CUST00301,2023-03-01,36.51,Clothing
CUST00301,2023-06-15,44.32,Grocery
CUST00301,2024-05-27,20.73,Clothing
CUST00301,2024-01-01,24.99,Travel
CUST00301,2022-01-02,28.82,Electronics
CUST00301,2021-08-29,51.33,Grocery
CUST00301,2023-12-27,44.0,Clothing
CUST00301,2022-09-09,87.33,Grocery
CUST00301,2022-09-03,51.35,Travel
CUST00301,2023-09-21,59.77,Dining
CUST00301,2025-04-08,51.14,Dining
CUST00301,2021-07-07,75.47,Grocery
CUST00301,2022-09-22,187.83,Travel
CUST00301,2022-06-30,231.22,Dining
CUST00301,2022-02-11,206.29,Grocery
CUST00301,2022-01-23,13.16,Clothing
CUST00301,2022-02-24,30.23,Electronics
CUST00301,2022-03-29,12.21,Clothing
CUST00301,2024-01-14,21.99,Dining
CUST00301,2023-06-08,58.34,Grocery
CUST00301,2022-10-15,17.28,Travel
CUST00301,2023-12-20,9.79,Electronics
CUST00302,2023-11-07,110.03,Travel
CUST00302,2025-01-28,92.67,Electronics
CUST00302,2023-12-27,69.37,Grocery
CUST00302,2025-05-12,79.24,Travel
CUST00302,2023-10-27,90.8,Dining
CUST00302,2024-05-04,114.09,Grocery
CUST00302,2025-06-18,105.36,Dining
CUST00302,2023-11-29,59.85,Grocery
CUST00302,2024-12-23,343.47,Electronics
CUST00302,2025-03-17,167.71,Grocery
CUST00302,2024-08-27,166.25,Electronics
CUST00302,2023-10-31,182.13,Electronics
CUST00302,2024-09-21,23.96,Clothing
CUST00302,2024-06-17,43.39,Travel
CUST00302,2024-10-21,53.61,Electronics
CUST00302,2024-12-24,190.9,Travel
CUST00302,2024-10-17,232.91,Travel
CUST00302,2025-07-12,19.1,Dining
CUST00302,2025-06-26,31.45,Travel
CUST00302,2024-02-12,18.38,Clothing
CUST00302,2024-09-21,106.33,Grocery
CUST00302,2024-04-21,12.92,Electronics
CUST00302,2024-12-04,95.49,Electronics
CUST00302,2025-05-31,93.88,Travel
CUST00302,2023-11-10,118.96,Dining
CUST00302,2023-11-09,265.08,Grocery
CUST00302,2025-01-04,11.0,Dining
CUST00302,2023-10-20,63.15,Grocery
CUST00302,2025-03-04,22.29,Electronics
CUST00302,2025-01-13,21.97,Grocery
CUST00302,2024-07-11,20.59,Dining
CUST00302,2024-07-21,142.09,Dining
CUST00302,2024-08-13,27.82,Electronics
CUST00302,2025-04-20,77.16,Dining
CUST00302,2023-11-29,20.63,Clothing
CUST00302,2024-01-24,99.01,Clothing
CUST00302,2024-04-29,352.23,Grocery
CUST00302,2024-01-13,88.92,Clothing
CUST00302,2025-01-02,318.75,Dining
CUST00302,2024-04-09,25.08,Clothing
CUST00302,2024-01-27,98.36,Dining
CUST00302,2024-11-02,20.77,Dining
CUST00302,2025-07-15,42.02,Dining
CUST00302,2024-08-28,31.07,Travel
CUST00302,2024-06-02,12.04,Electronics
CUST00302,2023-10-18,52.35,Electronics
CUST00302,2025-01-01,34.91,Travel
CUST00302,2024-11-21,164.67,Clothing
CUST00302,2024-05-16,10.12,Dining
CUST00302,2024-12-27,87.84,Dining
CUST00302,2024-10-04,77.4,Dining
CUST00302,2024-04-08,18.7,Electronics
CUST00302,2025-04-22,32.26,Dining
CUST00302,2024-05-03,172.4,Clothing
CUST00302,2024-08-10,114.33,Travel
CUST00302,2024-05-21,105.05,Electronics
CUST00302,2024-01-01,60.42,Grocery
CUST00302,2025-07-23,5.63,Dining
CUST00302,2024-04-16,18.66,Clothing
CUST00302,2023-12-22,77.06,Electronics
CUST00302,2024-01-12,32.85,Electronics
CUST00302,2024-01-01,5.02,Electronics
CUST00302,2025-01-27,40.21,Travel
CUST00302,2024-03-06,101.88,Dining
CUST00302,2024-12-12,362.79,Electronics
CUST00302,2024-02-20,9.78,Dining
CUST00302,2024-05-02,105.26,Travel
CUST00302,2025-03-31,36.51,Travel
CUST00302,2024-11-25,87.09,Dining
CUST00302,2024-09-26,75.66,Clothing
CUST00302,2025-06-19,174.81,Electronics
CUST00302,2024-09-01,46.42,Electronics
CUST00302,2025-01-03,64.13,Clothing
CUST00302,2024-01-29,37.75,Clothing
CUST00302,2025-06-04,69.21,Dining
CUST00302,2025-05-30,336.91,Electronics
CUST00302,2024-07-31,36.82,Grocery
CUST00302,2025-07-16,57.58,Electronics
CUST00302,2024-10-24,520.2,Electronics
CUST00302,2024-06-22,53.61,Grocery
CUST00302,2025-03-28,138.86,Travel
CUST00302,2025-04-05,13.39,Travel
CUST00302,2025-06-03,187.81,Dining
CUST00302,2024-07-11,51.47,Travel
CUST00302,2024-04-01,47.08,Electronics
CUST00302,2024-10-11,16.19,Grocery
CUST00302,2024-02-20,38.65,Grocery
CUST00302,2025-02-14,43.37,Travel
CUST00302,2024-04-24,132.69,Travel
CUST00302,2024-06-29,11.17,Travel
CUST00302,2025-01-16,30.61,Grocery
CUST00302,2024-07-21,51.09,Electronics
CUST00302,2025-06-19,22.93,Travel
CUST00302,2025-08-01,5.33,Dining
CUST00302,2024-03-17,170.78,Dining
CUST00302,2024-03-23,110.45,Dining
CUST00302,2024-08-02,207.59,Grocery
CUST00302,2024-04-04,63.17,Dining
CUST00302,2024-04-04,20.39,Travel
CUST00302,2024-09-20,50.58,Travel
CUST00303,2025-06-04,156.69,Clothing
CUST00303,2025-02-06,130.76,Grocery
CUST00303,2025-07-08,353.76,Travel
CUST00303,2024-12-20,81.57,Grocery
CUST00303,2024-12-19,200.73,Electronics
CUST00303,2025-04-23,87.73,Dining
CUST00303,2024-12-24,87.36,Travel
CUST00303,2025-05-11,229.93,Travel
CUST00303,2024-12-22,31.74,Clothing
CUST00303,2025-05-20,133.16,Clothing
CUST00303,2025-04-08,27.67,Travel
CUST00303,2025-04-01,67.17,Clothing
CUST00303,2025-04-05,82.59,Dining
CUST00303,2025-07-21,25.16,Dining
CUST00303,2025-02-03,39.35,Grocery
CUST00303,2025-03-06,126.97,Dining
CUST00303,2025-01-19,51.27,Dining
CUST00303,2025-03-13,63.81,Electronics
CUST00303,2025-07-20,52.07,Electronics
CUST00303,2025-05-06,54.63,Electronics
CUST00303,2025-07-11,28.82,Grocery
CUST00303,2025-01-11,19.34,Clothing
CUST00303,2025-02-03,25.84,Dining
CUST00303,2025-01-15,52.7,Electronics
CUST00303,2025-07-15,270.6,Travel
CUST00303,2025-07-08,76.43,Travel
CUST00303,2025-01-05,37.03,Travel
CUST00303,2025-06-24,43.66,Grocery
CUST00303,2025-03-13,119.93,Dining
CUST00303,2025-02-20,146.96,Clothing
CUST00303,2025-01-13,66.68,Electronics
CUST00303,2025-04-05,108.45,Travel
CUST00303,2024-12-28,40.64,Grocery
CUST00303,2024-12-23,199.57,Electronics
CUST00303,2025-03-14,118.9,Grocery
CUST00303,2024-12-22,79.85,Clothing
CUST00303,2025-04-09,90.52,Dining
CUST00303,2025-02-15,172.12,Travel
CUST00303,2025-06-29,102.35,Electronics
CUST00303,2025-03-02,16.56,Travel
CUST00303,2025-08-01,24.08,Travel
CUST00303,2024-12-22,99.96,Travel
CUST00303,2025-01-04,81.66,Dining
CUST00303,2025-06-18,61.39,Grocery
CUST00303,2025-04-18,139.94,Travel
CUST00303,2025-07-10,303.17,Grocery
CUST00303,2025-05-30,57.09,Clothing
CUST00303,2025-06-26,40.66,Clothing
CUST00303,2024-12-17,226.25,Grocery
CUST00303,2025-06-12,19.12,Electronics
CUST00303,2025-07-18,72.69,Grocery
CUST00303,2025-07-01,120.14,Grocery
CUST00303,2025-03-05,61.64,Clothing
CUST00303,2025-03-15,85.92,Grocery
CUST00303,2025-03-16,102.42,Dining
CUST00303,2025-03-18,110.77,Clothing
CUST00303,2025-03-15,32.09,Travel
CUST00303,2025-03-10,24.7,Travel
CUST00303,2025-03-29,118.31,Grocery
CUST00303,2025-04-15,25.88,Electronics
CUST00303,2025-03-23,44.36,Dining
CUST00303,2025-03-07,331.29,Grocery
CUST00303,2025-05-13,51.8,Dining
CUST00303,2025-05-16,32.79,Clothing
CUST00303,2025-03-27,117.77,Clothing
CUST00303,2025-05-11,72.02,Dining
CUST00303,2025-06-24,143.61,Grocery
CUST00303,2024-12-16,38.3,Travel
CUST00303,2025-04-20,80.57,Electronics
CUST00303,2025-07-12,7.44,Dining
CUST00303,2025-05-10,95.69,Clothing
CUST00303,2025-06-24,46.08,Grocery
CUST00303,2025-01-23,157.77,Clothing
CUST00303,2025-02-25,58.03,Travel
CUST00303,2025-01-11,387.75,Dining
CUST00303,2025-07-05,29.14,Dining
CUST00303,2025-03-12,18.43,Clothing
CUST00303,2025-05-11,47.11,Electronics
CUST00303,2025-04-03,13.26,Dining
CUST00303,2025-07-17,57.79,Dining
CUST00303,2025-04-15,157.44,Electronics
CUST00303,2025-07-26,7.49,Electronics
CUST00304,2025-05-08,161.14,Electronics
CUST00304,2023-05-19,7.49,Dining
CUST00304,2024-04-01,46.09,Electronics
CUST00304,2024-04-16,9.81,Travel
CUST00304,2021-10-12,202.8,Electronics
CUST00304,2023-08-20,57.32,Grocery
CUST00304,2024-07-18,45.16,Electronics
CUST00304,2021-10-17,51.54,Clothing
CUST00304,2023-11-28,144.77,Electronics
CUST00304,2023-09-16,102.49,Grocery
CUST00304,2024-11-18,119.73,Travel
CUST00304,2024-11-13,102.04,Dining
CUST00304,2021-12-24,31.66,Clothing
CUST00304,2023-11-12,137.71,Electronics
CUST00304,2025-03-01,56.31,Clothing
CUST00304,2023-09-21,12.92,Dining
CUST00304,2024-10-18,66.5,Electronics
CUST00304,2022-01-16,61.33,Grocery
CUST00304,2024-07-11,19.16,Travel
CUST00304,2023-10-17,49.18,Clothing
CUST00304,2023-01-01,56.03,Clothing
CUST00304,2023-02-13,26.8,Travel
CUST00304,2024-03-25,15.33,Dining
CUST00304,2024-04-15,68.53,Grocery
CUST00304,2023-08-15,300.42,Grocery
CUST00304,2024-03-09,37.25,Electronics
CUST00304,2022-03-05,146.73,Clothing
CUST00304,2021-09-12,23.93,Electronics
CUST00304,2023-08-22,40.44,Clothing
CUST00304,2023-08-27,47.23,Grocery
CUST00304,2022-09-11,89.43,Travel
CUST00304,2021-10-18,122.98,Travel
CUST00304,2022-06-22,41.09,Travel
CUST00304,2024-07-22,117.35,Clothing
CUST00304,2024-09-04,41.42,Electronics
CUST00304,2022-08-14,100.0,Electronics
CUST00304,2021-08-27,401.17,Dining
CUST00304,2024-06-30,78.58,Dining
CUST00304,2023-08-19,5.27,Dining
CUST00304,2022-05-06,97.93,Electronics
CUST00304,2021-09-21,203.08,Grocery
CUST00304,2025-04-05,69.98,Electronics
CUST00304,2022-09-03,77.0,Grocery
CUST00304,2024-07-20,24.74,Dining
CUST00304,2022-05-18,68.03,Travel
CUST00304,2022-01-05,57.4,Grocery
CUST00304,2024-05-22,30.48,Dining
CUST00304,2023-10-23,114.71,Travel
CUST00304,2023-03-07,50.29,Clothing
CUST00304,2025-04-22,203.99,Grocery
CUST00304,2025-02-15,143.86,Dining
CUST00304,2022-03-15,159.31,Travel
CUST00304,2025-04-04,30.77,Grocery
CUST00304,2022-12-21,16.41,Dining
CUST00304,2024-07-09,46.25,Travel
CUST00304,2022-08-21,140.88,Grocery
CUST00304,2024-03-09,112.84,Grocery
CUST00304,2025-03-16,125.28,Clothing
CUST00304,2021-10-02,121.09,Grocery
CUST00304,2025-01-12,82.1,Travel
CUST00304,2021-12-27,37.88,Dining
CUST00304,2023-05-29,261.17,Electronics
CUST00304,2024-02-01,44.3,Grocery
CUST00304,2022-07-15,158.2,Grocery
CUST00304,2023-05-30,14.23,Electronics
CUST00304,2022-09-15,94.27,Dining
CUST00304,2023-01-04,13.95,Dining
CUST00304,2023-08-10,37.87,Grocery
CUST00304,2022-02-26,42.07,Clothing
CUST00304,2021-12-12,36.49,Grocery
CUST00304,2023-07-01,111.94,Grocery
CUST00304,2023-02-27,177.81,Travel
CUST00304,2023-09-07,72.55,Electronics
CUST00304,2023-06-04,34.06,Electronics
CUST00304,2024-08-02,32.12,Dining
CUST00304,2021-12-18,105.3,Travel
CUST00304,2024-03-25,338.97,Travel
CUST00304,2022-12-07,171.35,Electronics
CUST00304,2024-07-04,101.83,Dining
CUST00304,2022-08-15,102.9,Dining
CUST00304,2024-05-12,44.42,Travel
CUST00304,2024-09-11,20.08,Grocery
CUST00304,2023-09-08,45.54,Grocery
CUST00304,2025-06-26,12.65,Clothing
CUST00304,2024-01-17,80.34,Travel
CUST00304,2023-01-03,16.99,Clothing
CUST00304,2022-01-26,164.29,Clothing
CUST00304,2022-11-13,44.03,Grocery
CUST00304,2024-06-15,59.79,Clothing
CUST00304,2022-10-26,55.26,Dining
CUST00304,2022-12-10,167.08,Electronics
CUST00304,2022-04-28,30.59,Grocery
CUST00304,2022-12-28,107.15,Grocery
CUST00304,2022-01-25,12.95,Clothing
CUST00304,2023-12-13,10.69,Dining
CUST00305,2024-01-12,7.58,Clothing
CUST00305,2024-06-14,78.0,Electronics
CUST00305,2024-07-31,22.89,Electronics
CUST00305,2025-03-07,383.1,Travel
CUST00305,2022-12-14,74.59,Electronics
CUST00305,2023-07-29,171.97,Clothing
CUST00305,2023-11-11,14.6,Grocery
CUST00305,2025-05-20,107.35,Clothing
CUST00305,2023-12-10,8.45,Travel
CUST00305,2023-01-17,50.37,Clothing
CUST00305,2022-11-17,57.04,Dining
CUST00305,2024-10-18,37.4,Electronics
CUST00305,2025-06-26,93.8,Electronics
CUST00305,2022-08-12,178.51,Clothing
CUST00305,2022-09-28,36.14,Dining
CUST00305,2023-01-20,95.49,Grocery
CUST00305,2024-11-25,16.48,Dining
CUST00305,2024-09-26,158.61,Clothing
CUST00305,2024-03-14,63.13,Dining
CUST00305,2023-05-11,13.07,Travel
CUST00305,2025-01-10,6.92,Electronics
CUST00305,2024-06-26,47.28,Grocery
CUST00305,2022-09-09,95.8,Clothing
CUST00305,2023-09-26,77.21,Travel
CUST00305,2023-05-30,157.45,Electronics
CUST00305,2023-06-18,69.28,Clothing
CUST00305,2024-08-15,10.84,Clothing
CUST00305,2024-04-04,13.75,Electronics
CUST00305,2024-12-08,65.55,Electronics
CUST00305,2023-05-19,20.92,Clothing
CUST00305,2024-07-20,47.41,Clothing
CUST00305,2023-08-24,167.89,Clothing
CUST00305,2022-09-28,75.47,Grocery
CUST00305,2024-03-16,42.93,Travel
CUST00305,2022-10-02,54.04,Grocery
CUST00305,2022-11-12,40.82,Travel
CUST00305,2023-09-07,81.29,Clothing
CUST00305,2023-09-11,11.94,Travel
CUST00305,2023-01-03,288.33,Grocery
CUST00305,2025-01-05,44.13,Grocery
CUST00305,2023-06-26,87.24,Travel
CUST00305,2025-01-29,31.97,Electronics
CUST00305,2022-11-14,71.29,Travel
CUST00305,2023-02-14,27.57,Electronics
CUST00305,2023-04-22,6.84,Grocery
CUST00305,2023-06-09,38.0,Grocery
CUST00305,2023-03-29,80.64,Clothing
CUST00305,2024-06-14,37.82,Electronics
CUST00305,2024-01-22,135.06,Dining
CUST00305,2023-11-24,73.54,Grocery
CUST00305,2023-12-24,56.84,Electronics
CUST00305,2023-07-31,157.4,Dining
CUST00305,2022-12-01,162.72,Electronics
CUST00305,2024-01-08,15.63,Electronics
CUST00305,2024-02-14,78.79,Electronics
CUST00305,2025-06-22,124.5,Travel
CUST00305,2024-04-13,109.67,Clothing
CUST00305,2024-07-10,58.76,Electronics
CUST00305,2022-09-03,54.22,Travel
CUST00305,2024-01-28,50.23,Clothing
CUST00305,2025-03-30,57.29,Travel
CUST00305,2023-05-11,85.64,Grocery
CUST00305,2023-02-12,98.93,Electronics
CUST00305,2024-10-30,7.07,Dining
CUST00305,2025-01-24,32.98,Clothing
CUST00305,2024-08-10,302.07,Dining
CUST00305,2024-11-27,60.02,Electronics
CUST00305,2024-09-03,93.95,Travel
CUST00305,2023-06-28,162.29,Travel
CUST00305,2023-08-19,15.79,Dining
CUST00305,2023-04-28,30.24,Electronics
CUST00305,2023-05-04,162.15,Electronics
CUST00305,2024-04-06,26.24,Electronics
CUST00305,2022-11-20,122.76,Grocery
CUST00305,2024-03-05,76.89,Clothing
CUST00305,2022-12-24,106.97,Electronics
CUST00305,2024-02-20,186.93,Dining
CUST00305,2024-02-15,46.54,Clothing
CUST00305,2025-04-17,63.3,Electronics
CUST00305,2023-08-27,88.85,Clothing
CUST00305,2023-11-26,10.95,Travel
CUST00305,2024-02-04,155.93,Electronics
CUST00305,2024-10-07,10.63,Travel
CUST00305,2025-06-08,53.36,Grocery
CUST00305,2023-08-07,93.03,Travel
CUST00305,2025-04-13,11.34,Clothing
CUST00305,2025-06-01,148.92,Clothing
CUST00305,2024-03-08,280.57,Clothing
CUST00305,2024-07-11,328.73,Travel
CUST00305,2024-12-16,98.37,Dining
CUST00305,2024-11-10,16.77,Clothing
CUST00305,2024-09-22,53.4,Dining
CUST00305,2022-09-30,82.44,Grocery
CUST00305,2023-01-02,41.99,Travel
CUST00305,2023-06-18,39.44,Clothing
CUST00305,2023-12-12,12.14,Dining
CUST00305,2025-05-22,24.38,Grocery
CUST00305,2024-05-01,73.58,Grocery
CUST00305,2023-08-28,79.66,Dining
CUST00305,2024-09-20,19.66,Electronics
CUST00305,2024-11-04,48.66,Electronics
CUST00305,2024-01-16,62.06,Electronics
CUST00305,2025-06-07,44.56,Travel
CUST00305,2023-10-20,5.11,Electronics
CUST00305,2025-05-02,171.86,Clothing
CUST00305,2025-02-21,28.47,Clothing
CUST00305,2022-10-26,502.22,Travel
CUST00305,2024-07-07,32.56,Electronics
CUST00305,2024-02-21,5.08,Dining
CUST00305,2022-10-12,10.34,Clothing
CUST00305,2023-03-31,16.39,Travel
CUST00305,2023-08-20,22.69,Dining
CUST00305,2025-01-28,14.68,Clothing
CUST00305,2024-12-15,30.71,Electronics
CUST00305,2023-12-06,136.8,Travel
CUST00305,2023-11-22,132.39,Clothing
CUST00305,2025-05-07,18.29,Electronics
CUST00305,2022-11-10,120.81,Grocery
CUST00305,2023-01-18,27.9,Clothing
CUST00305,2024-07-07,131.39,Clothing
CUST00305,2022-09-19,14.1,Travel
CUST00305,2022-12-05,7.11,Dining
CUST00305,2023-04-20,47.66,Clothing
CUST00305,2023-03-06,59.07,Dining
CUST00305,2025-07-17,233.59,Clothing
CUST00305,2023-07-01,27.73,Dining
CUST00305,2024-09-07,122.14,Travel
CUST00305,2023-08-30,59.73,Dining
CUST00306,2025-05-01,149.66,Dining
CUST00306,2025-03-30,44.28,Electronics
CUST00306,2024-06-10,30.12,Dining
CUST00306,2022-04-25,119.11,Grocery
CUST00306,2025-07-30,175.47,Clothing
CUST00306,2024-01-14,8.86,Grocery
CUST00306,2023-05-25,94.79,Travel
CUST00306,2023-02-08,63.65,Travel
CUST00306,2024-11-03,6.19,Electronics
CUST00306,2024-08-01,6.47,Clothing
CUST00306,2024-08-07,5.38,Travel
CUST00306,2024-07-02,435.52,Electronics
CUST00306,2023-05-15,60.71,Travel
CUST00306,2025-05-19,48.35,Dining
CUST00306,2025-01-20,334.04,Electronics
CUST00306,2024-10-02,49.76,Clothing
CUST00306,2025-06-10,9.06,Travel
CUST00306,2023-07-03,60.2,Grocery
CUST00306,2023-11-26,6.07,Clothing
CUST00306,2023-08-17,15.05,Clothing
CUST00306,2024-06-26,545.1,Dining
CUST00306,2022-07-20,20.18,Travel
CUST00306,2023-01-01,15.66,Travel
CUST00306,2022-07-09,97.31,Travel
CUST00306,2024-08-19,110.7,Travel
CUST00306,2022-09-08,90.57,Clothing
CUST00306,2025-04-17,41.19,Grocery
CUST00306,2022-09-21,65.57,Clothing
CUST00306,2024-10-10,16.45,Travel
CUST00306,2023-04-01,79.34,Clothing
CUST00306,2023-09-24,10.54,Travel
CUST00306,2024-01-24,77.19,Travel
CUST00306,2023-09-16,24.69,Electronics
CUST00306,2024-09-07,205.3,Clothing
CUST00306,2022-10-16,50.72,Grocery
CUST00306,2025-02-28,29.07,Electronics
CUST00306,2025-06-22,95.1,Clothing
CUST00306,2025-06-13,153.24,Clothing
CUST00306,2023-04-18,177.77,Electronics
CUST00306,2023-11-02,155.55,Dining
CUST00306,2025-03-02,28.09,Clothing
CUST00306,2022-10-21,55.1,Travel
CUST00306,2025-06-29,26.23,Electronics
CUST00306,2022-04-30,268.55,Grocery
CUST00306,2024-04-10,7.92,Grocery
CUST00306,2022-10-16,264.41,Dining
CUST00306,2023-05-04,220.91,Electronics
CUST00306,2022-05-30,87.61,Clothing
CUST00306,2022-04-09,16.63,Electronics
CUST00306,2023-06-16,17.38,Travel
CUST00306,2025-01-01,89.51,Clothing
CUST00306,2024-09-10,73.31,Grocery
CUST00306,2025-07-31,35.54,Travel
CUST00306,2022-12-20,171.14,Clothing
CUST00306,2023-11-10,49.12,Dining
CUST00306,2024-07-14,68.92,Travel
CUST00306,2024-02-10,221.35,Dining
CUST00306,2022-09-28,200.7,Clothing
CUST00306,2022-05-04,56.18,Travel
CUST00306,2023-10-09,79.15,Clothing
CUST00306,2022-12-10,98.89,Clothing
CUST00306,2023-08-07,17.39,Electronics
CUST00306,2022-08-05,121.49,Clothing
CUST00306,2022-12-08,21.04,Grocery
CUST00306,2025-05-26,46.69,Electronics
CUST00306,2024-01-28,195.66,Dining
CUST00306,2022-10-11,113.97,Dining
CUST00306,2025-07-26,99.41,Grocery
CUST00306,2022-04-03,169.14,Travel
CUST00306,2023-12-26,52.01,Electronics
CUST00306,2022-03-31,39.54,Electronics
CUST00306,2025-01-30,15.91,Dining
CUST00306,2024-02-14,12.04,Travel
CUST00306,2023-09-21,35.08,Clothing
CUST00306,2024-04-15,31.43,Electronics
CUST00306,2024-02-10,182.33,Travel
CUST00306,2022-07-12,16.27,Grocery
CUST00306,2022-12-06,94.02,Electronics
CUST00306,2022-04-15,116.49,Dining
CUST00306,2023-07-10,155.69,Dining
CUST00306,2025-06-30,64.57,Dining
CUST00306,2022-04-13,110.65,Grocery
CUST00306,2023-06-04,189.9,Dining
CUST00306,2023-11-26,90.03,Grocery
CUST00307,2025-03-12,7.54,Grocery
CUST00307,2024-10-29,100.47,Dining
CUST00307,2024-12-25,81.66,Dining
CUST00307,2024-08-28,74.19,Grocery
CUST00307,2025-07-08,20.7,Clothing
CUST00307,2025-05-18,13.55,Travel
CUST00307,2024-08-23,116.81,Dining
CUST00307,2025-02-03,128.04,Travel
CUST00307,2024-07-18,153.07,Travel
CUST00307,2025-04-05,54.69,Clothing
CUST00307,2024-09-05,351.78,Dining
CUST00307,2025-04-23,61.7,Electronics
CUST00307,2024-12-12,134.49,Clothing
CUST00307,2024-08-03,104.01,Dining
CUST00307,2025-06-23,51.15,Electronics
CUST00307,2025-04-26,123.55,Dining
CUST00307,2025-05-29,7.18,Clothing
CUST00307,2025-07-26,179.75,Grocery
CUST00307,2024-10-05,87.83,Grocery
CUST00307,2025-05-08,155.33,Electronics
CUST00307,2024-12-25,62.53,Grocery
CUST00307,2025-01-20,67.46,Electronics
CUST00307,2025-05-08,97.73,Grocery
CUST00307,2025-01-16,150.78,Dining
CUST00307,2024-09-26,34.04,Travel
CUST00307,2025-07-12,37.14,Travel
CUST00307,2024-09-18,16.5,Electronics
CUST00307,2025-03-29,95.44,Electronics
CUST00307,2024-09-08,27.6,Travel
CUST00307,2025-06-01,7.11,Travel
CUST00307,2025-06-18,54.5,Grocery
CUST00307,2025-03-23,24.07,Electronics
CUST00307,2025-03-24,249.54,Grocery
CUST00307,2024-12-16,11.71,Grocery
CUST00307,2024-11-05,8.71,Electronics
CUST00307,2025-02-15,98.47,Clothing
CUST00307,2025-05-25,153.56,Clothing
CUST00307,2025-01-10,205.31,Clothing
CUST00307,2024-09-07,13.82,Grocery
CUST00307,2024-09-08,26.55,Grocery
CUST00307,2024-10-09,21.9,Clothing
CUST00307,2025-07-15,55.81,Electronics
CUST00307,2025-07-01,70.71,Electronics
CUST00307,2025-01-05,26.09,Clothing
CUST00307,2024-10-14,59.14,Travel
CUST00307,2025-01-15,124.58,Grocery
CUST00307,2025-04-02,6.49,Dining
CUST00307,2024-08-31,35.11,Dining
CUST00307,2025-07-21,190.56,Dining
CUST00307,2024-10-19,113.49,Grocery
CUST00307,2025-07-01,90.63,Travel
CUST00307,2025-02-20,124.06,Electronics
CUST00307,2025-04-18,162.97,Dining
CUST00307,2024-07-24,183.16,Travel
CUST00307,2025-04-21,37.05,Grocery
CUST00307,2024-08-27,77.7,Clothing
CUST00307,2025-03-16,57.42,Clothing
CUST00307,2025-01-11,58.09,Travel
CUST00307,2024-10-15,266.4,Electronics
CUST00307,2024-11-07,204.03,Electronics
CUST00307,2024-09-10,484.64,Grocery
CUST00307,2024-09-10,47.54,Clothing
CUST00307,2025-05-12,279.46,Dining
CUST00307,2025-05-19,362.43,Grocery
CUST00307,2024-10-20,104.21,Grocery
CUST00307,2025-06-22,20.62,Dining
CUST00307,2025-07-18,27.69,Electronics
CUST00307,2024-10-04,88.8,Travel
CUST00307,2025-01-17,205.0,Dining
CUST00307,2024-09-07,169.62,Travel
CUST00307,2024-12-08,166.26,Electronics
CUST00307,2025-02-16,9.96,Grocery
CUST00307,2024-09-27,195.51,Clothing
CUST00307,2025-07-20,140.99,Dining
CUST00307,2024-08-04,12.7,Clothing
CUST00307,2024-10-05,346.03,Travel
CUST00307,2024-12-24,359.8,Clothing
CUST00307,2025-06-06,20.52,Electronics
CUST00307,2024-08-18,32.5,Electronics
CUST00307,2024-12-07,21.99,Electronics
CUST00307,2024-07-15,113.6,Dining
CUST00307,2024-11-01,99.64,Grocery
CUST00307,2024-07-15,66.03,Electronics
CUST00307,2024-10-16,116.91,Electronics
CUST00307,2024-10-03,34.11,Travel
CUST00307,2024-08-12,75.73,Clothing
CUST00307,2025-07-06,99.83,Clothing
CUST00307,2025-02-07,111.68,Clothing
CUST00307,2025-01-31,23.69,Travel
CUST00307,2025-05-30,54.05,Clothing
CUST00307,2025-02-02,185.37,Grocery
CUST00307,2024-12-25,141.02,Travel
CUST00307,2025-08-01,191.25,Dining
CUST00307,2025-05-11,101.43,Dining
CUST00307,2025-01-12,104.06,Grocery
CUST00307,2024-11-12,71.57,Travel
CUST00308,2021-09-17,156.91,Clothing
CUST00308,2022-12-06,39.14,Grocery
CUST00308,2025-01-14,72.19,Electronics
CUST00308,2024-10-14,40.9,Clothing
CUST00308,2024-11-14,32.0,Dining
CUST00308,2022-09-24,58.4,Dining
CUST00308,2024-04-02,98.65,Grocery
CUST00308,2022-09-15,29.9,Travel
CUST00308,2024-03-18,13.84,Travel
CUST00308,2024-03-02,16.33,Travel
CUST00308,2023-03-17,34.22,Grocery
CUST00308,2024-01-07,24.46,Dining
CUST00308,2022-06-01,172.0,Electronics
CUST00308,2024-12-15,19.8,Grocery
CUST00308,2024-05-17,25.06,Travel
CUST00308,2024-07-12,78.93,Electronics
CUST00308,2023-03-29,25.86,Grocery
CUST00308,2022-05-04,61.96,Electronics
CUST00308,2024-03-11,77.56,Electronics
CUST00308,2025-07-08,99.17,Travel
CUST00308,2025-02-28,137.0,Grocery
CUST00308,2024-04-16,92.29,Clothing
CUST00308,2025-03-16,45.05,Grocery
CUST00308,2024-10-29,45.97,Dining
CUST00308,2023-01-25,38.4,Electronics
CUST00308,2022-07-23,63.1,Travel
CUST00308,2021-09-21,283.14,Dining
CUST00308,2021-06-10,36.74,Clothing
CUST00308,2021-08-07,23.3,Grocery
CUST00308,2022-09-25,206.47,Travel
CUST00308,2022-07-16,68.59,Grocery
CUST00308,2024-07-25,54.43,Clothing
CUST00308,2023-01-05,237.06,Electronics
CUST00308,2024-09-06,5.06,Grocery
CUST00308,2022-11-01,38.72,Electronics
CUST00308,2022-03-06,149.84,Electronics
CUST00308,2022-12-21,90.61,Clothing
CUST00308,2023-11-13,87.35,Dining
CUST00308,2023-05-09,183.42,Clothing
CUST00308,2023-06-11,131.41,Electronics
CUST00308,2024-05-15,156.93,Travel
CUST00308,2024-06-08,134.64,Grocery
CUST00308,2021-08-29,13.0,Grocery
CUST00308,2023-04-13,153.85,Grocery
CUST00308,2023-07-20,123.79,Electronics
CUST00308,2025-02-28,34.84,Dining
CUST00308,2024-12-27,37.25,Clothing
CUST00308,2021-11-10,138.73,Dining
CUST00308,2022-04-29,88.46,Electronics
CUST00308,2023-07-16,25.46,Clothing
CUST00308,2024-08-11,173.72,Grocery
CUST00308,2024-12-17,135.23,Grocery
CUST00308,2022-11-24,116.53,Grocery
CUST00308,2021-08-18,296.92,Travel
CUST00308,2023-11-06,142.61,Travel
CUST00308,2025-05-24,33.78,Clothing
CUST00308,2024-03-09,248.59,Dining
CUST00308,2025-04-18,74.44,Grocery
CUST00308,2021-10-01,7.6,Grocery
CUST00308,2023-05-18,213.61,Clothing
CUST00308,2021-08-18,13.46,Grocery
CUST00308,2022-10-28,135.5,Dining
CUST00308,2023-08-18,28.42,Grocery
CUST00308,2022-10-15,80.98,Dining
CUST00308,2021-10-05,225.38,Dining
CUST00308,2021-06-27,70.03,Grocery
CUST00308,2022-10-06,32.99,Dining
CUST00308,2024-09-10,119.67,Electronics
CUST00308,2022-06-18,20.57,Dining
CUST00308,2024-03-06,38.69,Clothing
CUST00308,2023-08-06,130.57,Clothing
CUST00308,2024-11-17,81.4,Dining
CUST00308,2022-01-23,16.09,Electronics
CUST00308,2024-03-21,71.55,Travel
CUST00308,2025-01-19,47.12,Travel
CUST00308,2023-04-15,63.79,Dining
CUST00308,2021-06-05,61.52,Clothing
CUST00308,2024-07-12,116.53,Clothing
CUST00308,2024-01-06,140.79,Grocery
CUST00308,2022-04-27,8.36,Grocery
CUST00308,2023-07-14,27.23,Travel
CUST00308,2022-06-28,26.81,Dining
CUST00308,2024-02-15,156.4,Travel
CUST00308,2021-11-23,34.74,Travel
CUST00308,2022-10-05,40.38,Clothing
CUST00308,2023-01-04,187.35,Dining
CUST00308,2024-01-15,163.65,Electronics
CUST00308,2023-01-29,212.47,Electronics
CUST00308,2023-10-06,106.38,Dining
CUST00309,2024-06-06,207.09,Travel
CUST00309,2025-05-13,64.86,Grocery
CUST00309,2025-01-13,33.2,Grocery
CUST00309,2024-02-03,26.19,Grocery
CUST00309,2024-01-05,17.91,Travel
CUST00309,2024-06-11,70.76,Travel
CUST00309,2024-02-15,11.02,Travel
CUST00309,2024-09-29,26.91,Electronics
CUST00309,2024-05-14,59.04,Clothing
CUST00309,2024-08-03,28.15,Electronics
CUST00309,2025-04-15,93.76,Travel
CUST00309,2024-01-07,10.55,Grocery
CUST00309,2024-11-27,11.09,Grocery
CUST00309,2024-10-02,7.11,Dining
CUST00309,2023-12-18,28.13,Travel
CUST00309,2024-12-18,145.91,Clothing
CUST00309,2024-05-21,15.06,Dining
CUST00309,2024-01-17,77.64,Dining
CUST00309,2025-07-19,163.62,Grocery
CUST00309,2024-08-28,80.81,Grocery
CUST00309,2024-02-21,46.87,Dining
CUST00309,2023-12-18,69.22,Electronics
CUST00309,2025-01-19,80.35,Grocery
CUST00309,2025-01-23,155.74,Electronics
CUST00309,2024-01-25,51.4,Clothing
CUST00309,2024-04-13,72.65,Grocery
CUST00309,2023-11-17,90.54,Dining
CUST00309,2023-12-02,75.86,Dining
CUST00309,2023-12-20,10.05,Electronics
CUST00309,2024-09-01,14.14,Travel
CUST00309,2023-12-04,9.55,Travel
CUST00309,2024-07-09,230.76,Travel
CUST00309,2025-05-20,38.0,Grocery
CUST00309,2025-03-04,41.54,Grocery
CUST00309,2025-07-21,88.54,Grocery
CUST00309,2024-05-09,39.92,Electronics
CUST00309,2024-08-17,123.74,Grocery
CUST00309,2025-06-25,41.02,Dining
CUST00309,2025-03-19,14.66,Electronics
CUST00309,2024-08-10,145.61,Electronics
CUST00309,2025-02-09,8.91,Travel
CUST00309,2024-09-30,124.61,Clothing
CUST00309,2024-02-18,74.34,Dining
CUST00309,2024-02-20,38.09,Dining
CUST00309,2025-03-25,5.78,Electronics
CUST00309,2025-06-18,38.24,Dining
CUST00309,2024-09-29,33.19,Grocery
CUST00309,2024-06-22,54.95,Dining
CUST00309,2024-10-14,89.13,Dining
CUST00309,2024-05-22,111.42,Grocery
CUST00309,2024-04-08,175.61,Travel
CUST00309,2025-06-27,46.35,Dining
CUST00309,2025-03-01,8.33,Travel
CUST00309,2024-02-21,26.74,Electronics
CUST00309,2023-11-27,216.03,Dining
CUST00309,2024-01-11,22.69,Dining
CUST00309,2023-12-09,42.91,Dining
CUST00309,2024-01-06,213.73,Grocery
CUST00309,2025-03-28,26.8,Travel
CUST00309,2024-07-19,10.36,Dining
CUST00309,2025-03-12,19.0,Travel
CUST00309,2024-08-21,61.82,Electronics
CUST00309,2023-12-15,91.1,Travel
CUST00309,2025-07-06,237.39,Electronics
CUST00309,2025-07-05,38.96,Travel
CUST00309,2024-04-26,95.99,Clothing
CUST00309,2024-06-08,8.28,Grocery
CUST00309,2024-07-05,103.59,Grocery
CUST00309,2024-06-10,200.75,Electronics
CUST00309,2024-08-01,72.38,Grocery
CUST00309,2025-03-02,12.53,Dining
CUST00309,2024-12-05,45.15,Clothing
CUST00309,2025-01-08,20.24,Dining
CUST00309,2024-03-23,7.18,Electronics
CUST00309,2025-05-26,60.16,Travel
CUST00309,2023-12-04,25.35,Travel
CUST00309,2024-02-03,287.95,Clothing
CUST00309,2024-10-16,71.56,Travel
CUST00309,2025-04-21,104.63,Dining
CUST00309,2024-03-21,22.97,Dining
CUST00309,2025-07-14,46.94,Grocery
CUST00309,2024-07-24,163.67,Grocery
CUST00309,2025-05-12,86.19,Dining
CUST00309,2024-08-23,41.49,Clothing
CUST00309,2025-02-19,23.1,Clothing
CUST00309,2024-11-10,20.56,Grocery
CUST00309,2024-09-07,132.15,Grocery
CUST00309,2024-04-09,14.69,Dining
CUST00309,2024-04-06,202.43,Electronics
CUST00309,2024-12-13,28.68,Grocery
CUST00309,2025-01-01,57.11,Grocery
CUST00309,2024-01-14,212.63,Clothing
CUST00309,2024-11-01,399.9,Travel
CUST00310,2025-06-12,303.25,Electronics
CUST00310,2025-07-07,214.38,Travel
CUST00310,2025-07-09,47.99,Electronics
CUST00310,2025-07-05,166.98,Clothing
CUST00310,2025-05-26,85.97,Dining
CUST00310,2024-08-22,6.79,Travel
CUST00310,2025-01-26,322.23,Electronics
CUST00310,2024-05-24,65.29,Electronics
CUST00310,2024-06-25,67.9,Dining
CUST00310,2024-12-11,50.84,Clothing
CUST00310,2024-12-23,44.22,Grocery
CUST00310,2024-05-01,115.72,Clothing
CUST00310,2024-11-02,54.98,Electronics
CUST00310,2025-01-15,5.15,Dining
CUST00310,2025-03-31,43.53,Dining
CUST00310,2024-10-08,170.01,Travel
CUST00310,2024-10-18,200.17,Grocery
CUST00310,2025-06-28,253.37,Dining
CUST00310,2024-07-16,37.49,Travel
CUST00310,2024-11-16,81.63,Travel
CUST00310,2024-11-28,123.83,Grocery
CUST00310,2024-12-28,9.87,Travel
CUST00310,2024-08-05,24.35,Electronics
CUST00310,2025-01-21,216.28,Dining
CUST00310,2025-07-08,103.33,Dining
CUST00310,2025-02-21,165.07,Travel
CUST00310,2025-03-21,8.22,Electronics
CUST00310,2024-11-10,22.63,Grocery
CUST00310,2025-01-23,58.24,Electronics
CUST00310,2025-07-23,13.43,Grocery
CUST00310,2025-02-01,158.28,Dining
CUST00310,2024-09-11,62.47,Dining
CUST00310,2024-12-15,13.9,Dining
CUST00310,2024-05-23,6.69,Grocery
CUST00310,2025-06-05,12.13,Grocery
CUST00310,2025-05-21,36.21,Electronics
CUST00310,2024-07-18,20.52,Dining
CUST00310,2024-07-09,63.65,Clothing
CUST00310,2025-01-02,141.27,Dining
CUST00310,2024-10-26,165.13,Dining
CUST00310,2025-03-07,50.04,Electronics
CUST00310,2025-06-27,7.02,Clothing
CUST00310,2024-12-23,43.01,Grocery
CUST00310,2025-05-15,14.09,Clothing
CUST00310,2024-11-14,113.59,Travel
CUST00310,2025-03-03,151.21,Grocery
CUST00310,2025-06-22,169.42,Clothing
CUST00310,2025-06-29,27.89,Electronics
CUST00310,2024-12-07,40.05,Clothing
CUST00310,2025-01-07,7.03,Travel
CUST00310,2024-11-09,74.27,Electronics
CUST00310,2024-08-10,37.05,Travel
CUST00310,2025-05-26,75.16,Travel
CUST00310,2025-07-13,52.85,Electronics
CUST00310,2025-02-23,101.88,Electronics
CUST00310,2024-04-25,52.49,Grocery
CUST00310,2025-03-29,23.28,Electronics
CUST00310,2024-11-17,9.03,Clothing
CUST00310,2025-03-30,99.25,Electronics
CUST00310,2025-01-29,21.14,Electronics
CUST00310,2024-12-13,43.59,Dining
CUST00310,2024-05-05,42.1,Grocery
CUST00310,2025-01-19,31.16,Grocery
CUST00310,2025-02-22,31.67,Grocery
CUST00310,2025-07-21,99.4,Dining
CUST00310,2025-01-16,201.77,Clothing
CUST00310,2025-06-26,80.3,Dining
CUST00310,2024-04-28,172.34,Grocery
CUST00310,2025-02-05,99.71,Travel
CUST00310,2025-04-12,296.35,Electronics
CUST00310,2025-04-25,168.32,Travel
CUST00310,2025-04-04,112.35,Travel
CUST00310,2024-05-02,78.73,Travel
CUST00310,2024-12-14,127.54,Dining
CUST00310,2024-12-25,26.93,Grocery
CUST00310,2025-07-22,90.69,Clothing
CUST00310,2025-05-20,60.01,Clothing
CUST00310,2024-12-15,7.28,Clothing
CUST00310,2025-03-19,117.5,Travel
CUST00310,2025-07-20,16.68,Electronics
CUST00310,2024-12-30,6.63,Travel
CUST00310,2024-09-13,331.27,Clothing
CUST00310,2025-05-16,44.27,Dining
CUST00310,2024-05-27,34.13,Dining
CUST00310,2024-12-12,83.07,Electronics
CUST00310,2024-08-03,20.46,Electronics
CUST00310,2025-02-25,30.13,Dining
CUST00310,2025-02-12,15.16,Dining
CUST00310,2024-10-30,48.94,Travel
CUST00310,2025-03-28,43.08,Clothing
CUST00310,2025-07-09,56.08,Grocery
CUST00310,2024-05-16,201.31,Dining
CUST00310,2024-11-28,10.48,Travel
CUST00310,2024-11-27,65.8,Grocery
CUST00310,2024-06-05,16.72,Dining
CUST00310,2025-07-07,55.68,Travel
CUST00310,2024-10-21,90.33,Grocery
CUST00310,2024-11-12,116.63,Grocery
CUST00310,2024-07-02,285.55,Clothing
CUST00310,2024-12-22,42.33,Dining
CUST00310,2025-04-03,7.56,Travel
CUST00311,2025-05-12,72.85,Dining
CUST00311,2023-12-14,116.04,Travel
CUST00311,2024-07-12,63.44,Clothing
CUST00311,2023-01-22,54.85,Travel
CUST00311,2025-03-10,10.43,Clothing
CUST00311,2025-07-14,49.71,Electronics
CUST00311,2024-03-08,14.93,Clothing
CUST00311,2024-10-07,246.75,Travel
CUST00311,2023-11-01,80.89,Travel
CUST00311,2024-02-01,88.44,Clothing
CUST00311,2024-10-28,48.17,Clothing
CUST00311,2025-07-21,256.71,Dining
CUST00311,2023-05-21,58.73,Travel
CUST00311,2023-03-04,5.86,Travel
CUST00311,2023-07-16,31.9,Travel
CUST00311,2023-10-17,92.08,Travel
CUST00311,2023-08-30,88.43,Travel
CUST00311,2024-01-29,121.74,Clothing
CUST00311,2024-11-08,54.4,Clothing
CUST00311,2023-04-29,84.18,Electronics
CUST00311,2024-08-23,27.05,Dining
CUST00311,2025-06-14,218.83,Travel
CUST00311,2023-05-20,38.72,Grocery
CUST00311,2025-02-24,24.29,Travel
CUST00311,2025-07-12,220.18,Clothing
CUST00311,2024-02-17,112.16,Dining
CUST00311,2024-01-10,8.19,Electronics
CUST00311,2025-06-22,64.99,Electronics
CUST00311,2024-09-06,235.81,Grocery
CUST00311,2024-05-18,21.51,Travel
CUST00311,2023-12-25,219.68,Electronics
CUST00311,2023-06-10,156.4,Travel
CUST00311,2025-02-25,21.76,Electronics
CUST00311,2024-11-24,27.01,Electronics
CUST00311,2025-05-23,46.67,Dining
CUST00311,2025-07-17,141.01,Grocery
CUST00311,2024-04-08,28.09,Clothing
CUST00311,2023-05-08,319.51,Travel
CUST00311,2024-11-07,69.62,Travel
CUST00311,2024-05-09,40.33,Grocery
CUST00311,2024-02-05,24.58,Grocery
CUST00311,2023-12-20,7.81,Electronics
CUST00311,2023-07-06,22.06,Travel
CUST00311,2024-07-30,120.04,Travel
CUST00311,2025-02-22,83.71,Travel
CUST00311,2025-05-05,87.65,Clothing
CUST00311,2023-03-01,26.96,Travel
CUST00311,2023-05-19,13.8,Clothing
CUST00311,2024-10-23,44.39,Dining
CUST00311,2023-03-09,114.9,Clothing
CUST00311,2023-07-27,21.66,Electronics
CUST00311,2023-08-19,74.35,Dining
CUST00311,2024-06-10,17.17,Grocery
CUST00311,2024-03-29,30.24,Grocery
CUST00311,2024-11-09,137.39,Electronics
CUST00311,2023-02-08,42.4,Travel
CUST00311,2023-06-10,68.38,Grocery
CUST00311,2023-08-20,97.98,Grocery
CUST00311,2025-01-28,154.34,Grocery
CUST00311,2025-07-24,48.03,Electronics
CUST00311,2024-07-19,53.63,Travel
CUST00311,2023-02-18,128.77,Dining
CUST00311,2025-03-10,105.55,Grocery
CUST00311,2023-05-01,16.61,Electronics
CUST00311,2024-01-03,107.69,Travel
CUST00311,2023-11-30,7.23,Travel
CUST00311,2023-10-11,74.5,Grocery
CUST00311,2024-10-12,35.18,Clothing
CUST00311,2023-12-14,236.7,Travel
CUST00311,2023-06-27,338.04,Grocery
CUST00311,2025-02-07,26.03,Clothing
CUST00311,2024-11-19,138.08,Grocery
CUST00311,2023-04-30,24.92,Clothing
CUST00311,2024-03-03,56.46,Travel
CUST00311,2023-05-10,45.47,Travel
CUST00311,2024-03-17,15.64,Travel
CUST00311,2025-03-27,111.02,Electronics
CUST00311,2024-09-25,14.13,Electronics
CUST00311,2023-03-28,9.56,Travel
CUST00311,2025-01-25,106.59,Grocery
CUST00311,2023-08-19,42.47,Grocery
CUST00311,2024-06-24,14.69,Electronics
CUST00311,2023-08-09,151.4,Clothing
CUST00311,2025-03-14,26.38,Electronics
CUST00311,2025-01-10,145.76,Dining
CUST00311,2024-01-17,143.45,Electronics
CUST00311,2024-09-14,66.07,Electronics
CUST00311,2024-09-22,25.5,Grocery
CUST00311,2024-10-20,61.28,Clothing
CUST00311,2024-11-03,45.47,Travel
CUST00311,2023-07-23,23.72,Dining
CUST00311,2023-02-01,54.96,Travel
CUST00311,2024-08-11,60.73,Dining
CUST00311,2023-02-13,52.97,Clothing
CUST00311,2024-02-01,31.79,Clothing
CUST00311,2024-09-27,42.92,Electronics
CUST00311,2025-05-30,98.95,Clothing
CUST00311,2023-04-25,131.96,Travel
CUST00311,2024-06-21,22.35,Electronics
CUST00311,2025-03-15,33.12,Clothing
CUST00311,2023-02-01,25.88,Electronics
CUST00311,2023-01-19,47.39,Clothing
CUST00311,2025-02-09,287.21,Grocery
CUST00311,2023-10-06,229.05,Dining
CUST00311,2023-11-09,7.54,Electronics
CUST00311,2023-10-26,135.22,Travel
CUST00311,2024-05-05,96.14,Clothing
CUST00311,2023-04-29,275.25,Travel
CUST00311,2025-03-22,156.36,Clothing
CUST00311,2023-06-20,34.22,Grocery
CUST00312,2025-01-30,64.53,Clothing
CUST00312,2025-07-25,27.5,Travel
CUST00312,2025-02-21,177.88,Electronics
CUST00312,2025-07-31,71.58,Travel
CUST00312,2025-06-25,65.36,Travel
CUST00312,2025-06-22,80.08,Clothing
CUST00312,2025-07-18,99.28,Dining
CUST00312,2025-04-26,75.18,Electronics
CUST00312,2025-04-08,101.69,Travel
CUST00312,2025-04-12,134.55,Electronics
CUST00312,2025-03-21,20.4,Travel
CUST00312,2025-05-22,126.82,Dining
CUST00312,2025-05-24,28.72,Travel
CUST00312,2025-06-29,48.22,Grocery
CUST00312,2025-07-19,193.44,Clothing
CUST00312,2025-04-22,427.97,Dining
CUST00312,2025-03-22,22.58,Electronics
CUST00312,2025-04-30,42.91,Clothing
CUST00312,2025-04-02,69.23,Travel
CUST00312,2025-07-17,142.08,Grocery
CUST00312,2025-04-08,296.45,Electronics
CUST00312,2025-05-29,98.52,Dining
CUST00312,2025-04-28,33.94,Dining
CUST00312,2025-07-02,122.31,Electronics
CUST00312,2025-07-12,154.61,Grocery
CUST00312,2025-07-01,47.89,Grocery
CUST00312,2025-05-13,55.5,Clothing
CUST00312,2025-03-12,116.35,Dining
CUST00312,2025-07-01,31.12,Dining
CUST00312,2025-06-21,5.07,Electronics
CUST00312,2025-06-18,159.97,Clothing
CUST00312,2025-05-21,43.32,Dining
CUST00312,2025-04-26,163.09,Clothing
CUST00312,2025-02-08,111.1,Dining
CUST00312,2025-05-14,180.48,Clothing
CUST00312,2025-05-29,35.97,Clothing
CUST00312,2025-02-20,455.48,Grocery
CUST00312,2025-05-22,74.65,Dining
CUST00312,2025-05-08,84.3,Dining
CUST00312,2025-04-23,99.73,Dining
CUST00312,2025-05-08,79.72,Grocery
CUST00312,2025-04-09,70.64,Dining
CUST00312,2025-02-19,10.56,Travel
CUST00312,2025-07-15,191.79,Electronics
CUST00312,2025-07-31,35.75,Electronics
CUST00312,2025-03-02,72.86,Clothing
CUST00312,2025-03-08,129.98,Grocery
CUST00312,2025-04-25,50.85,Clothing
CUST00312,2025-04-04,58.81,Dining
CUST00312,2025-07-06,10.28,Grocery
CUST00312,2025-07-22,37.48,Travel
CUST00312,2025-02-24,11.73,Grocery
CUST00312,2025-04-05,73.52,Clothing
CUST00312,2025-01-30,73.93,Clothing
CUST00312,2025-02-07,149.06,Dining
CUST00312,2025-06-15,134.77,Dining
CUST00312,2025-05-15,6.28,Grocery
CUST00312,2025-04-05,54.05,Dining
CUST00312,2025-02-17,6.41,Clothing
CUST00312,2025-06-30,169.81,Electronics
CUST00312,2025-03-18,65.63,Clothing
CUST00312,2025-03-03,126.16,Clothing
CUST00312,2025-02-01,76.18,Travel
CUST00312,2025-03-24,125.41,Clothing
CUST00312,2025-04-10,26.02,Dining
CUST00312,2025-04-26,19.64,Grocery
CUST00312,2025-02-11,35.09,Travel
CUST00312,2025-06-20,220.32,Grocery
CUST00312,2025-03-23,77.9,Dining
CUST00312,2025-03-17,11.98,Dining
CUST00312,2025-06-22,46.13,Grocery
CUST00312,2025-07-26,204.79,Clothing
CUST00312,2025-03-03,174.85,Electronics
CUST00312,2025-03-31,20.59,Grocery
CUST00312,2025-05-26,93.54,Clothing
CUST00312,2025-06-17,45.5,Dining
CUST00312,2025-06-20,54.59,Grocery
CUST00312,2025-07-22,11.72,Travel
CUST00312,2025-07-07,59.64,Grocery
CUST00312,2025-04-01,15.1,Travel
CUST00312,2025-06-14,38.15,Clothing
CUST00312,2025-06-14,217.67,Travel
CUST00312,2025-05-12,16.78,Electronics
CUST00312,2025-04-19,198.32,Travel
CUST00312,2025-02-12,6.42,Clothing
CUST00312,2025-02-20,108.55,Grocery
CUST00312,2025-06-28,5.53,Clothing
CUST00312,2025-07-03,14.51,Dining
CUST00312,2025-04-07,35.52,Grocery
CUST00312,2025-02-21,149.36,Grocery
CUST00312,2025-07-28,7.14,Travel
CUST00312,2025-07-15,180.37,Electronics
CUST00312,2025-03-14,88.62,Grocery
CUST00312,2025-04-20,31.62,Dining
CUST00312,2025-06-03,29.23,Travel
CUST00313,2022-07-27,51.12,Clothing
CUST00313,2024-04-18,15.27,Clothing
CUST00313,2024-06-07,165.64,Clothing
CUST00313,2025-01-22,25.95,Clothing
CUST00313,2022-06-01,84.59,Travel
CUST00313,2022-01-16,90.38,Grocery
CUST00313,2021-10-30,84.19,Clothing
CUST00313,2022-10-19,114.22,Clothing
CUST00313,2022-06-16,118.26,Clothing
CUST00313,2024-11-09,14.29,Clothing
CUST00313,2025-04-07,71.9,Electronics
CUST00313,2023-10-08,18.01,Dining
CUST00313,2022-09-17,54.59,Dining
CUST00313,2022-12-13,21.6,Grocery
CUST00313,2023-12-11,189.6,Clothing
CUST00313,2024-01-01,52.08,Grocery
CUST00313,2023-07-10,80.47,Clothing
CUST00313,2024-05-15,20.5,Grocery
CUST00313,2024-03-26,40.31,Travel
CUST00313,2021-12-06,103.92,Grocery
CUST00313,2021-12-07,10.84,Grocery
CUST00313,2021-12-21,356.48,Dining
CUST00313,2025-07-07,391.35,Grocery
CUST00313,2025-02-04,6.97,Dining
CUST00313,2022-10-19,28.98,Clothing
CUST00313,2023-06-28,32.98,Travel
CUST00313,2022-01-30,163.98,Travel
CUST00313,2023-11-12,117.18,Electronics
CUST00313,2023-03-08,49.58,Electronics
CUST00313,2022-10-14,21.02,Dining
CUST00313,2023-06-27,77.73,Grocery
CUST00313,2022-10-03,8.27,Dining
CUST00313,2021-11-28,159.79,Dining
CUST00313,2023-08-24,50.11,Electronics
CUST00313,2025-04-28,67.53,Clothing
CUST00313,2021-12-26,364.99,Clothing
CUST00313,2023-06-25,5.15,Travel
CUST00313,2023-02-25,70.9,Dining
CUST00313,2023-04-24,174.66,Electronics
CUST00313,2025-05-06,48.07,Travel
CUST00313,2025-01-27,51.7,Dining
CUST00313,2022-08-17,86.56,Travel
CUST00313,2022-10-11,53.5,Clothing
CUST00313,2022-07-30,29.68,Electronics
CUST00313,2023-07-27,33.27,Travel
CUST00313,2022-12-09,177.71,Electronics
CUST00313,2023-01-05,127.99,Electronics
CUST00313,2022-02-15,11.82,Grocery
CUST00313,2022-09-18,6.85,Electronics
CUST00313,2023-05-17,24.51,Electronics
CUST00313,2023-03-07,144.94,Clothing
CUST00313,2024-02-26,95.36,Electronics
CUST00313,2023-03-15,37.52,Grocery
CUST00313,2024-01-15,10.61,Dining
CUST00313,2022-08-08,394.46,Dining
CUST00313,2022-03-25,25.15,Dining
CUST00313,2023-09-18,6.96,Dining
CUST00313,2023-01-18,76.65,Dining
CUST00313,2022-11-08,80.56,Grocery
CUST00313,2022-08-18,54.15,Clothing
CUST00313,2023-04-08,49.75,Clothing
CUST00313,2021-10-11,68.43,Electronics
CUST00313,2024-01-28,47.58,Clothing
CUST00313,2023-01-28,99.15,Grocery
CUST00313,2025-03-02,79.01,Electronics
CUST00313,2025-06-23,56.27,Grocery
CUST00313,2022-01-07,30.25,Travel
CUST00313,2022-11-08,77.62,Dining
CUST00313,2023-12-03,249.07,Clothing
CUST00313,2025-07-23,130.81,Travel
CUST00313,2023-07-04,612.87,Electronics
CUST00313,2021-11-19,130.92,Clothing
CUST00313,2022-09-11,59.44,Grocery
CUST00313,2025-04-15,14.18,Dining
CUST00313,2024-07-03,9.29,Electronics
CUST00313,2024-06-03,108.27,Grocery
CUST00313,2023-02-20,27.89,Clothing
CUST00313,2025-06-08,20.6,Grocery
CUST00313,2024-08-24,23.58,Travel
CUST00313,2023-06-14,26.4,Travel
CUST00313,2025-04-15,213.62,Dining
CUST00313,2023-07-20,8.22,Travel
CUST00313,2024-02-09,89.59,Grocery
CUST00313,2022-04-16,65.16,Dining
CUST00313,2022-11-10,125.03,Clothing
CUST00313,2025-05-11,69.13,Electronics
CUST00313,2023-03-01,35.55,Dining
CUST00313,2023-11-18,61.28,Travel
CUST00313,2024-08-20,55.41,Travel
CUST00313,2025-01-29,148.01,Electronics
CUST00313,2023-07-04,93.47,Electronics
CUST00313,2021-10-10,195.94,Dining
CUST00313,2022-04-02,28.1,Dining
CUST00313,2025-07-27,369.86,Electronics
CUST00313,2023-10-06,210.76,Grocery
CUST00313,2025-06-01,137.12,Dining
CUST00313,2022-03-04,351.02,Travel
CUST00313,2022-04-24,66.45,Travel
CUST00313,2021-10-25,10.45,Grocery
CUST00313,2024-07-04,40.96,Travel
CUST00313,2025-07-27,103.63,Travel
CUST00313,2025-07-30,22.85,Electronics
CUST00313,2025-03-19,115.33,Electronics
CUST00313,2024-01-18,105.03,Travel
CUST00313,2023-12-20,254.38,Clothing
CUST00313,2023-09-22,132.12,Travel
CUST00313,2022-09-27,64.66,Grocery
CUST00314,2023-09-20,153.71,Grocery
CUST00314,2022-04-23,15.79,Travel
CUST00314,2021-06-01,52.56,Grocery
CUST00314,2023-01-10,69.09,Electronics
CUST00314,2023-02-22,96.92,Electronics
CUST00314,2024-09-26,128.39,Electronics
CUST00314,2023-08-08,111.99,Clothing
CUST00314,2022-11-23,28.49,Grocery
CUST00314,2024-01-30,68.07,Electronics
CUST00314,2024-03-28,226.13,Electronics
CUST00314,2023-09-20,12.08,Travel
CUST00314,2023-11-27,19.89,Travel
CUST00314,2021-06-21,146.35,Dining
CUST00314,2021-06-26,122.77,Electronics
CUST00314,2023-03-02,28.31,Electronics
CUST00314,2024-08-24,82.31,Electronics
CUST00314,2024-06-30,22.53,Grocery
CUST00314,2023-02-22,67.2,Grocery
CUST00314,2021-06-20,48.6,Dining
CUST00314,2021-09-06,41.48,Grocery
CUST00314,2021-03-08,168.69,Dining
CUST00314,2023-11-23,356.1,Electronics
CUST00314,2022-11-12,144.35,Clothing
CUST00314,2020-09-03,149.32,Dining
CUST00314,2025-07-11,19.66,Dining
CUST00314,2023-09-02,172.27,Dining
CUST00314,2024-11-07,22.76,Electronics
CUST00314,2022-08-22,147.03,Clothing
CUST00314,2023-11-18,24.11,Travel
CUST00314,2022-05-02,176.57,Clothing
CUST00314,2023-10-09,25.52,Travel
CUST00314,2020-11-02,82.38,Electronics
CUST00314,2022-06-13,86.48,Dining
CUST00314,2024-09-08,55.83,Clothing
CUST00314,2021-05-21,35.79,Grocery
CUST00314,2020-11-13,109.58,Electronics
CUST00314,2021-02-23,42.56,Travel
CUST00314,2023-05-09,48.61,Travel
CUST00314,2021-10-23,72.36,Dining
CUST00314,2021-08-14,32.8,Travel
CUST00314,2021-06-20,56.3,Clothing
CUST00314,2024-03-06,72.54,Electronics
CUST00314,2023-08-29,65.02,Travel
CUST00314,2023-10-26,183.93,Travel
CUST00314,2025-01-23,230.36,Travel
CUST00314,2020-09-04,201.22,Grocery
CUST00314,2023-06-23,11.34,Travel
CUST00314,2023-06-14,164.69,Travel
CUST00314,2023-01-05,114.28,Clothing
CUST00314,2023-03-11,84.28,Travel
CUST00314,2024-06-15,54.88,Clothing
CUST00314,2024-02-11,35.39,Electronics
CUST00314,2020-11-20,37.59,Clothing
CUST00314,2022-06-13,106.23,Clothing
CUST00314,2024-05-20,327.19,Travel
CUST00314,2021-03-30,7.73,Grocery
CUST00314,2021-01-18,14.36,Dining
CUST00314,2023-12-07,28.26,Grocery
CUST00314,2025-07-26,47.17,Clothing
CUST00314,2020-12-23,24.7,Clothing
CUST00314,2022-08-03,76.82,Grocery
CUST00314,2021-03-25,18.42,Electronics
CUST00314,2021-10-20,18.98,Grocery
CUST00314,2021-03-13,147.88,Clothing
CUST00314,2022-11-16,157.76,Clothing
CUST00314,2021-04-28,28.81,Dining
CUST00314,2023-07-23,108.15,Dining
CUST00314,2025-01-28,62.08,Dining
CUST00314,2021-10-26,9.11,Clothing
CUST00314,2023-12-25,107.02,Electronics
CUST00314,2022-03-30,10.31,Dining
CUST00314,2024-09-05,117.62,Grocery
CUST00314,2023-11-25,182.13,Clothing
CUST00314,2024-11-01,16.7,Grocery
CUST00314,2025-06-12,179.61,Dining
CUST00314,2021-02-16,25.24,Electronics
CUST00314,2024-11-13,144.79,Electronics
CUST00314,2022-08-18,32.59,Electronics
CUST00314,2023-03-10,9.99,Dining
CUST00314,2024-03-27,36.89,Clothing
CUST00314,2025-04-10,41.38,Dining
CUST00314,2021-04-08,226.4,Clothing
CUST00314,2024-09-23,43.42,Travel
CUST00314,2024-09-30,143.89,Electronics
CUST00314,2021-11-21,25.74,Grocery
CUST00314,2023-05-27,34.86,Dining
CUST00314,2023-01-25,13.84,Dining
CUST00314,2023-03-08,6.34,Clothing
CUST00314,2024-01-09,82.23,Electronics
CUST00314,2023-01-30,89.32,Electronics
CUST00314,2023-02-21,75.15,Clothing
CUST00314,2022-08-13,111.36,Travel
CUST00314,2025-06-08,32.04,Grocery
CUST00314,2025-06-25,107.46,Dining
CUST00314,2025-06-29,39.7,Grocery
CUST00315,2025-07-11,87.46,Dining
CUST00315,2025-04-22,44.37,Grocery
CUST00315,2025-01-04,116.41,Dining
CUST00315,2025-06-14,78.7,Travel
CUST00315,2024-12-25,188.14,Electronics
CUST00315,2025-04-18,5.4,Clothing
CUST00315,2025-03-03,68.43,Clothing
CUST00315,2025-04-24,7.45,Dining
CUST00315,2025-03-27,29.59,Dining
CUST00315,2025-02-18,109.75,Travel
CUST00315,2024-12-01,26.29,Electronics
CUST00315,2025-05-23,18.21,Clothing
CUST00315,2025-02-04,50.31,Dining
CUST00315,2025-03-17,131.86,Grocery
CUST00315,2025-06-11,172.85,Grocery
CUST00315,2025-06-03,28.78,Electronics
CUST00315,2025-01-07,23.8,Grocery
CUST00315,2025-02-28,53.7,Electronics
CUST00315,2025-01-30,177.89,Grocery
CUST00315,2025-03-13,12.43,Electronics
CUST00315,2025-02-02,59.33,Grocery
CUST00315,2025-07-25,48.52,Grocery
CUST00315,2024-11-23,167.63,Electronics
CUST00315,2025-06-07,42.41,Electronics
CUST00315,2025-06-17,64.35,Electronics
CUST00315,2024-11-30,15.76,Dining
CUST00315,2025-04-05,218.91,Electronics
CUST00315,2025-01-24,92.28,Dining
CUST00315,2025-05-04,149.76,Grocery
CUST00315,2025-04-01,35.82,Electronics
CUST00315,2025-03-30,90.34,Grocery
CUST00315,2025-07-12,10.05,Travel
CUST00315,2025-04-15,12.76,Electronics
CUST00315,2025-04-05,141.74,Dining
CUST00315,2025-01-10,26.91,Electronics
CUST00315,2024-12-06,22.16,Clothing
CUST00315,2025-04-14,42.77,Grocery
CUST00315,2025-01-09,47.35,Clothing
CUST00315,2024-11-25,72.92,Electronics
CUST00315,2024-11-13,32.91,Electronics
CUST00315,2025-03-09,45.47,Dining
CUST00315,2024-11-24,31.1,Clothing
CUST00315,2025-04-04,42.05,Clothing
CUST00315,2025-06-14,204.06,Travel
CUST00315,2024-12-18,33.92,Electronics
CUST00315,2024-11-15,24.3,Grocery
CUST00315,2025-01-09,69.17,Electronics
CUST00315,2025-02-10,29.27,Clothing
CUST00315,2025-06-07,12.06,Dining
CUST00315,2025-01-01,149.53,Travel
CUST00315,2025-02-15,95.64,Travel
CUST00315,2025-01-30,130.29,Travel
CUST00315,2025-07-19,233.0,Grocery
CUST00315,2025-03-18,118.8,Clothing
CUST00315,2025-04-14,175.12,Electronics
CUST00315,2025-07-17,132.4,Dining
CUST00315,2025-02-11,30.59,Clothing
CUST00315,2025-05-29,6.64,Clothing
CUST00315,2025-06-21,6.36,Electronics
CUST00315,2025-02-04,94.28,Grocery
CUST00315,2024-11-28,15.77,Travel
CUST00315,2025-04-17,81.7,Electronics
CUST00315,2025-01-19,55.29,Travel
CUST00315,2025-01-14,36.94,Electronics
CUST00315,2024-12-07,173.47,Travel
CUST00315,2025-05-29,42.78,Electronics
CUST00315,2025-07-01,91.62,Grocery
CUST00315,2025-04-06,34.67,Clothing
CUST00315,2025-01-25,118.83,Clothing
CUST00315,2025-04-12,124.42,Travel
CUST00315,2024-12-13,61.7,Grocery
CUST00315,2025-08-01,40.41,Electronics
CUST00315,2025-04-20,131.99,Travel
CUST00315,2025-03-27,154.72,Electronics
CUST00315,2025-02-20,38.05,Clothing
CUST00315,2025-03-15,108.67,Dining
CUST00315,2025-06-25,92.23,Travel
CUST00315,2025-07-23,61.08,Clothing
CUST00315,2025-07-30,127.45,Clothing
CUST00315,2025-06-25,18.17,Travel
CUST00315,2025-05-23,21.53,Grocery
CUST00315,2024-11-29,13.71,Grocery
CUST00315,2025-02-07,33.58,Grocery
CUST00315,2025-04-16,142.58,Electronics
CUST00315,2025-06-15,104.6,Electronics
CUST00315,2025-07-22,183.56,Dining
CUST00315,2024-11-27,134.9,Travel
CUST00315,2024-11-28,269.16,Clothing
CUST00315,2025-04-10,27.99,Dining
CUST00315,2025-02-15,110.86,Dining
CUST00315,2025-02-20,8.89,Travel
CUST00315,2025-02-08,93.44,Travel
CUST00315,2025-03-18,221.17,Travel
CUST00315,2025-06-05,19.11,Dining
CUST00315,2025-07-04,19.4,Electronics
CUST00316,2024-03-12,71.21,Clothing
CUST00316,2024-05-08,143.38,Electronics
CUST00316,2021-07-24,202.15,Grocery
CUST00316,2022-06-13,67.97,Clothing
CUST00316,2024-10-13,197.27,Grocery
CUST00316,2024-08-14,40.76,Dining
CUST00316,2025-01-28,74.91,Dining
CUST00316,2024-08-17,143.85,Clothing
CUST00316,2023-12-25,19.57,Grocery
CUST00316,2021-06-28,34.59,Clothing
CUST00316,2021-02-03,49.39,Grocery
CUST00316,2024-10-02,29.33,Clothing
CUST00316,2022-06-28,122.12,Grocery
CUST00316,2022-04-14,12.98,Travel
CUST00316,2022-07-12,160.86,Clothing
CUST00316,2023-09-11,62.08,Clothing
CUST00316,2023-03-15,89.9,Clothing
CUST00316,2021-05-04,45.12,Grocery
CUST00316,2022-09-02,46.59,Clothing
CUST00316,2025-07-06,150.59,Electronics
CUST00316,2023-08-29,19.25,Clothing
CUST00316,2021-04-09,14.69,Electronics
CUST00316,2021-03-26,152.83,Grocery
CUST00316,2023-12-07,123.85,Travel
CUST00316,2022-01-15,39.61,Travel
CUST00316,2023-04-04,43.83,Clothing
CUST00316,2022-03-16,103.47,Electronics
CUST00316,2025-01-17,303.53,Dining
CUST00316,2021-09-01,28.41,Electronics
CUST00316,2022-08-19,41.84,Travel
CUST00316,2021-02-28,64.66,Travel
CUST00316,2020-11-13,35.6,Dining
CUST00316,2024-02-02,111.96,Clothing
CUST00316,2022-09-02,37.44,Grocery
CUST00316,2023-09-07,132.92,Electronics
CUST00316,2022-04-23,69.9,Dining
CUST00316,2022-06-03,17.07,Travel
CUST00316,2023-11-02,112.48,Electronics
CUST00316,2023-06-30,324.83,Travel
CUST00316,2023-07-01,12.25,Travel
CUST00316,2024-04-25,7.58,Clothing
CUST00316,2020-11-26,36.55,Travel
CUST00316,2023-12-20,151.73,Travel
CUST00316,2020-11-03,156.81,Travel
CUST00316,2023-03-26,6.44,Dining
CUST00316,2022-10-22,45.65,Dining
CUST00316,2023-02-14,87.59,Grocery
CUST00316,2021-12-29,10.13,Dining
CUST00316,2024-05-14,128.15,Travel
CUST00316,2022-03-15,25.55,Dining
CUST00316,2022-11-24,139.53,Travel
CUST00316,2022-07-20,22.08,Dining
CUST00316,2023-01-12,38.52,Dining
CUST00316,2024-09-16,26.94,Electronics
CUST00316,2020-12-01,53.39,Dining
CUST00316,2020-11-30,180.85,Electronics
CUST00316,2023-12-20,72.61,Grocery
CUST00316,2021-03-03,41.18,Grocery
CUST00316,2021-02-09,60.46,Travel
CUST00316,2021-08-30,46.66,Electronics
CUST00316,2023-03-22,164.21,Grocery
CUST00316,2022-03-04,110.83,Electronics
CUST00316,2024-05-17,33.18,Grocery
CUST00316,2024-02-05,255.47,Travel
CUST00316,2022-03-26,115.62,Clothing
CUST00316,2022-04-21,76.16,Grocery
CUST00316,2022-02-21,12.51,Electronics
CUST00316,2023-10-25,171.02,Electronics
CUST00316,2021-10-29,473.39,Travel
CUST00316,2023-09-01,24.34,Clothing
CUST00316,2022-08-10,275.62,Electronics
CUST00316,2021-08-28,81.24,Clothing
CUST00316,2025-05-18,83.18,Clothing
CUST00316,2024-08-31,53.9,Travel
CUST00316,2024-05-08,29.13,Grocery
CUST00316,2024-04-22,85.66,Electronics
CUST00316,2025-02-10,104.3,Grocery
CUST00316,2022-07-13,64.01,Grocery
CUST00316,2022-01-14,171.96,Clothing
CUST00316,2024-01-03,93.08,Electronics
CUST00316,2022-05-10,8.39,Dining
CUST00316,2024-06-01,89.82,Travel
CUST00316,2022-11-04,61.06,Travel
CUST00316,2023-07-18,144.44,Grocery
CUST00316,2021-04-16,179.11,Travel
CUST00316,2024-05-04,116.2,Grocery
CUST00316,2025-07-28,58.62,Clothing
CUST00316,2021-04-10,119.1,Grocery
CUST00316,2025-03-21,384.41,Clothing
CUST00316,2023-03-04,31.83,Grocery
CUST00316,2025-07-27,5.97,Dining
CUST00316,2024-11-07,44.48,Travel
CUST00316,2025-02-10,79.66,Electronics
CUST00316,2022-08-11,13.92,Dining
CUST00316,2023-03-11,57.32,Grocery
CUST00316,2021-10-15,46.06,Dining
CUST00316,2024-12-07,86.45,Electronics
CUST00316,2021-12-02,44.83,Clothing
CUST00316,2025-05-24,6.78,Grocery
CUST00316,2021-09-01,47.11,Dining
CUST00317,2023-08-31,61.81,Travel
CUST00317,2025-06-25,437.43,Electronics
CUST00317,2023-10-27,61.89,Grocery
CUST00317,2023-12-11,28.28,Electronics
CUST00317,2023-06-06,32.25,Electronics
CUST00317,2023-10-25,7.49,Clothing
CUST00317,2023-12-25,24.33,Electronics
CUST00317,2024-04-14,56.28,Electronics
CUST00317,2023-07-05,24.88,Clothing
CUST00317,2025-06-15,50.68,Electronics
CUST00317,2024-09-12,149.77,Electronics
CUST00317,2022-10-27,59.84,Grocery
CUST00317,2024-08-12,70.78,Clothing
CUST00317,2024-11-19,29.06,Grocery
CUST00317,2022-11-01,27.41,Clothing
CUST00317,2024-09-09,27.54,Dining
CUST00317,2023-03-02,91.02,Dining
CUST00317,2024-11-20,96.98,Travel
CUST00317,2024-02-12,45.09,Dining
CUST00317,2023-03-22,124.9,Electronics
CUST00317,2022-10-04,94.0,Electronics
CUST00317,2023-08-24,75.18,Travel
CUST00317,2025-02-02,11.73,Dining
CUST00317,2025-06-01,24.52,Travel
CUST00317,2023-12-23,32.1,Dining
CUST00317,2023-11-28,5.18,Travel
CUST00317,2023-02-13,516.95,Grocery
CUST00317,2025-01-16,98.5,Travel
CUST00317,2023-01-13,23.55,Travel
CUST00317,2025-06-05,58.76,Grocery
CUST00317,2023-10-29,129.47,Electronics
CUST00317,2025-05-12,93.92,Grocery
CUST00317,2023-07-05,49.77,Dining
CUST00317,2025-07-17,7.04,Electronics
CUST00317,2024-04-07,7.24,Travel
CUST00317,2023-09-29,138.68,Travel
CUST00317,2024-11-30,32.57,Dining
CUST00317,2023-07-31,22.64,Grocery
CUST00317,2025-04-07,27.3,Grocery
CUST00317,2025-03-12,55.62,Clothing
CUST00317,2025-01-11,58.42,Travel
CUST00317,2023-03-19,168.7,Travel
CUST00317,2022-10-05,38.1,Grocery
CUST00317,2024-07-02,8.03,Clothing
CUST00317,2023-09-27,44.36,Grocery
CUST00317,2022-11-16,380.88,Travel
CUST00317,2024-06-28,98.74,Travel
CUST00317,2025-03-28,58.77,Electronics
CUST00317,2023-02-26,157.68,Electronics
CUST00317,2025-04-28,45.08,Grocery
CUST00317,2024-10-27,112.24,Grocery
CUST00317,2024-07-03,57.49,Dining
CUST00317,2024-03-27,8.14,Grocery
CUST00317,2025-04-01,11.12,Clothing
CUST00317,2024-07-02,139.06,Dining
CUST00317,2024-07-04,131.98,Dining
CUST00317,2022-10-27,138.67,Electronics
CUST00317,2024-07-10,27.41,Electronics
CUST00317,2023-01-09,130.38,Electronics
CUST00317,2023-02-06,44.44,Travel
CUST00317,2025-01-24,324.96,Travel
CUST00317,2024-03-11,30.02,Clothing
CUST00317,2024-12-09,104.73,Grocery
CUST00317,2024-10-03,173.8,Clothing
CUST00317,2025-05-12,60.76,Clothing
CUST00317,2024-08-07,19.63,Travel
CUST00317,2023-09-18,83.07,Electronics
CUST00317,2025-01-20,122.38,Travel
CUST00317,2024-05-30,44.77,Electronics
CUST00317,2024-09-26,79.22,Electronics
CUST00317,2023-01-10,53.17,Travel
CUST00317,2023-01-27,76.72,Travel
CUST00317,2023-04-10,42.88,Clothing
CUST00317,2023-09-29,14.09,Travel
CUST00317,2022-11-15,78.4,Clothing
CUST00317,2025-01-24,183.27,Travel
CUST00317,2023-09-13,8.04,Electronics
CUST00317,2025-01-27,169.8,Travel
CUST00317,2024-06-30,160.33,Clothing
CUST00317,2022-10-22,248.48,Electronics
CUST00317,2024-10-03,210.33,Electronics
CUST00317,2022-11-21,33.24,Grocery
CUST00317,2023-05-04,364.77,Travel
CUST00317,2024-04-11,14.73,Clothing
CUST00317,2023-11-09,27.32,Dining
CUST00317,2024-08-23,68.61,Electronics
CUST00317,2025-01-09,118.76,Travel
CUST00317,2025-04-22,24.15,Clothing
CUST00317,2023-11-09,62.04,Grocery
CUST00317,2024-05-04,150.35,Grocery
CUST00317,2023-05-10,38.47,Electronics
CUST00317,2023-09-03,69.93,Travel
CUST00317,2023-08-30,134.11,Electronics
CUST00317,2022-11-06,159.12,Travel
CUST00317,2023-04-22,96.9,Dining
CUST00317,2024-03-26,26.0,Grocery
CUST00317,2023-04-04,48.47,Dining
CUST00318,2024-10-08,10.05,Clothing
CUST00318,2025-03-18,10.46,Electronics
CUST00318,2024-08-29,40.06,Travel
CUST00318,2022-06-13,59.96,Grocery
CUST00318,2023-08-02,164.35,Dining
CUST00318,2023-07-10,74.63,Grocery
CUST00318,2024-08-31,37.38,Clothing
CUST00318,2023-02-08,10.37,Grocery
CUST00318,2023-02-02,29.24,Dining
CUST00318,2022-04-24,8.87,Dining
CUST00318,2023-09-19,16.55,Grocery
CUST00318,2025-06-14,61.4,Electronics
CUST00318,2022-09-04,64.93,Grocery
CUST00318,2022-04-08,223.92,Grocery
CUST00318,2022-02-19,251.09,Dining
CUST00318,2024-06-17,75.21,Clothing
CUST00318,2022-10-24,232.04,Electronics
CUST00318,2024-11-29,87.57,Dining
CUST00318,2025-07-29,28.9,Clothing
CUST00318,2022-06-29,133.9,Travel
CUST00318,2024-10-14,8.21,Grocery
CUST00318,2021-10-13,64.29,Grocery
CUST00318,2022-12-26,238.32,Dining
CUST00318,2025-01-13,89.22,Grocery
CUST00318,2022-01-15,78.11,Electronics
CUST00318,2024-02-28,87.33,Dining
CUST00318,2025-03-24,29.02,Dining
CUST00318,2022-04-04,375.95,Dining
CUST00318,2021-11-23,25.72,Grocery
CUST00318,2022-05-26,133.39,Travel
CUST00318,2023-05-13,99.83,Travel
CUST00318,2023-12-17,172.83,Electronics
CUST00318,2022-06-14,42.69,Grocery
CUST00318,2021-05-20,5.43,Travel
CUST00318,2023-01-08,45.0,Travel
CUST00318,2024-07-05,25.63,Dining
CUST00318,2024-06-21,35.87,Travel
CUST00318,2022-09-27,75.77,Clothing
CUST00318,2022-11-15,118.31,Dining
CUST00318,2021-06-04,86.46,Grocery
CUST00318,2022-05-01,10.84,Travel
CUST00318,2024-11-05,62.62,Grocery
CUST00318,2022-06-16,59.02,Travel
CUST00318,2024-08-07,30.28,Dining
CUST00318,2022-12-12,65.21,Electronics
CUST00318,2023-09-08,45.5,Dining
CUST00318,2025-01-13,38.99,Travel
CUST00318,2022-09-13,55.27,Clothing
CUST00318,2023-07-08,56.45,Electronics
CUST00318,2021-05-21,197.81,Electronics
CUST00318,2024-03-14,23.34,Electronics
CUST00318,2024-11-10,76.04,Clothing
CUST00318,2021-11-24,43.56,Electronics
CUST00318,2024-04-20,76.77,Dining
CUST00318,2021-10-20,54.73,Grocery
CUST00318,2024-04-30,10.61,Grocery
CUST00318,2021-08-07,26.45,Dining
CUST00318,2025-04-18,32.72,Travel
CUST00318,2022-05-25,84.78,Grocery
CUST00318,2021-05-26,95.97,Clothing
CUST00318,2022-02-09,10.59,Travel
CUST00318,2021-08-22,260.73,Dining
CUST00318,2024-08-13,33.06,Clothing
CUST00318,2022-02-23,22.6,Clothing
CUST00318,2022-11-30,33.79,Electronics
CUST00318,2023-10-15,152.01,Clothing
CUST00318,2024-01-22,27.46,Electronics
CUST00318,2024-07-21,6.8,Electronics
CUST00318,2025-05-13,150.24,Travel
CUST00318,2021-10-01,39.06,Grocery
CUST00318,2022-01-05,29.7,Grocery
CUST00318,2024-10-01,48.64,Travel
CUST00318,2023-04-20,14.18,Electronics
CUST00318,2023-04-26,108.4,Electronics
CUST00318,2025-02-12,44.3,Grocery
CUST00318,2022-07-18,171.49,Dining
CUST00318,2023-02-23,224.72,Electronics
CUST00318,2021-09-04,39.44,Travel
CUST00318,2022-01-07,40.07,Dining
CUST00318,2022-07-28,12.0,Electronics
CUST00318,2024-08-07,36.27,Dining
CUST00318,2022-08-29,216.88,Electronics
CUST00318,2024-02-13,233.28,Clothing
CUST00318,2024-03-09,36.48,Electronics
CUST00318,2023-04-28,14.88,Dining
CUST00318,2023-02-20,108.86,Travel
CUST00318,2024-11-12,5.21,Grocery
CUST00318,2024-03-25,87.56,Grocery
CUST00318,2025-02-14,32.19,Electronics
CUST00319,2024-10-31,24.47,Dining
CUST00319,2022-12-02,14.75,Dining
CUST00319,2023-01-09,168.01,Electronics
CUST00319,2024-10-24,261.71,Grocery
CUST00319,2022-12-17,32.58,Dining
CUST00319,2022-04-21,55.35,Dining
CUST00319,2023-03-14,16.98,Travel
CUST00319,2025-01-11,138.13,Grocery
CUST00319,2024-02-10,39.52,Grocery
CUST00319,2023-09-16,60.57,Travel
CUST00319,2022-12-04,281.04,Clothing
CUST00319,2022-01-08,253.96,Travel
CUST00319,2024-02-23,281.53,Grocery
CUST00319,2024-05-19,24.79,Dining
CUST00319,2023-12-17,74.49,Travel
CUST00319,2023-01-08,171.71,Clothing
CUST00319,2022-07-07,42.64,Travel
CUST00319,2021-12-07,14.4,Grocery
CUST00319,2023-02-18,243.3,Travel
CUST00319,2024-03-07,15.32,Grocery
CUST00319,2023-12-20,23.17,Dining
CUST00319,2022-10-30,124.2,Travel
CUST00319,2022-09-21,51.25,Grocery
CUST00319,2024-09-06,168.62,Dining
CUST00319,2024-09-06,131.28,Electronics
CUST00319,2023-11-10,21.86,Electronics
CUST00319,2022-03-11,64.6,Clothing
CUST00319,2025-03-30,56.83,Dining
CUST00319,2022-05-18,150.82,Grocery
CUST00319,2024-12-11,105.86,Electronics
CUST00319,2023-10-27,140.97,Grocery
CUST00319,2024-02-28,113.53,Electronics
CUST00319,2022-05-27,101.03,Electronics
CUST00319,2022-11-24,112.67,Grocery
CUST00319,2022-06-24,156.68,Grocery
CUST00319,2024-06-27,243.17,Electronics
CUST00319,2025-03-17,67.01,Grocery
CUST00319,2024-09-05,9.97,Electronics
CUST00319,2022-02-26,25.61,Electronics
CUST00319,2021-12-31,364.12,Dining
CUST00319,2023-09-11,21.66,Dining
CUST00319,2023-12-07,14.11,Dining
CUST00319,2023-05-06,57.48,Clothing
CUST00319,2024-11-23,85.46,Grocery
CUST00319,2025-05-18,66.72,Travel
CUST00319,2024-04-06,90.24,Clothing
CUST00319,2025-07-16,70.54,Grocery
CUST00319,2024-06-11,43.43,Electronics
CUST00319,2022-05-10,47.41,Grocery
CUST00319,2023-08-15,74.74,Grocery
CUST00319,2023-10-07,40.46,Travel
CUST00319,2022-09-21,121.41,Electronics
CUST00319,2025-02-28,199.93,Grocery
CUST00319,2025-06-29,123.44,Travel
CUST00319,2024-08-12,96.71,Grocery
CUST00319,2025-07-01,219.76,Electronics
CUST00319,2022-09-02,75.99,Grocery
CUST00319,2024-12-12,96.89,Grocery
CUST00319,2024-05-03,14.39,Travel
CUST00319,2025-07-08,39.18,Grocery
CUST00319,2024-01-25,84.24,Travel
CUST00319,2024-07-18,145.92,Electronics
CUST00319,2025-01-02,304.3,Electronics
CUST00319,2023-07-19,149.05,Travel
CUST00319,2022-01-27,319.81,Travel
CUST00319,2021-12-04,48.13,Grocery
CUST00319,2022-12-21,267.77,Electronics
CUST00319,2022-11-23,11.98,Travel
CUST00319,2022-08-21,132.62,Grocery
CUST00319,2024-11-05,77.49,Electronics
CUST00319,2025-05-03,70.75,Grocery
CUST00319,2022-02-17,64.4,Electronics
CUST00319,2022-04-23,120.11,Electronics
CUST00319,2023-12-17,110.34,Clothing
CUST00319,2023-12-28,55.46,Travel
CUST00319,2025-02-24,22.74,Electronics
CUST00319,2022-01-26,19.55,Electronics
CUST00319,2024-09-04,18.16,Electronics
CUST00319,2023-06-04,344.0,Travel
CUST00319,2021-12-20,105.14,Clothing
CUST00319,2022-01-28,26.21,Electronics
CUST00320,2025-07-24,48.86,Clothing
CUST00320,2025-04-12,58.6,Grocery
CUST00320,2025-06-18,6.23,Travel
CUST00320,2025-04-14,310.64,Grocery
CUST00320,2025-07-09,383.2,Electronics
CUST00320,2025-06-17,6.32,Grocery
CUST00320,2025-06-08,135.62,Electronics
CUST00320,2025-05-03,56.77,Grocery
CUST00320,2025-06-09,89.42,Travel
CUST00320,2025-06-27,193.06,Dining
CUST00320,2025-07-28,41.36,Dining
CUST00320,2025-06-10,65.45,Grocery
CUST00320,2025-05-01,46.67,Electronics
CUST00320,2025-04-12,25.7,Grocery
CUST00320,2025-04-12,66.51,Electronics
CUST00320,2025-07-03,127.59,Clothing
CUST00320,2025-04-24,70.85,Electronics
CUST00320,2025-05-24,47.23,Electronics
CUST00320,2025-05-10,128.41,Electronics
CUST00320,2025-05-14,45.35,Travel
CUST00320,2025-05-28,6.16,Grocery
CUST00320,2025-07-19,8.29,Dining
CUST00320,2025-07-23,54.53,Electronics
CUST00320,2025-06-09,30.27,Clothing
CUST00320,2025-07-29,38.67,Dining
CUST00320,2025-05-24,99.76,Dining
CUST00320,2025-07-03,86.42,Clothing
CUST00320,2025-04-16,101.87,Clothing
CUST00320,2025-07-25,119.33,Dining
CUST00320,2025-05-31,37.09,Grocery
CUST00320,2025-07-26,27.87,Electronics
CUST00320,2025-07-03,91.32,Clothing
CUST00320,2025-07-02,38.07,Travel
CUST00320,2025-07-31,36.7,Electronics
CUST00320,2025-04-27,59.56,Electronics
CUST00320,2025-07-28,18.49,Clothing
CUST00320,2025-05-18,6.45,Dining
CUST00320,2025-05-25,138.09,Travel
CUST00320,2025-06-25,24.75,Dining
CUST00320,2025-05-08,44.04,Grocery
CUST00320,2025-05-13,54.09,Clothing
CUST00320,2025-04-30,224.68,Electronics
CUST00320,2025-07-12,91.05,Dining
CUST00320,2025-06-25,26.76,Dining
CUST00320,2025-06-17,45.26,Electronics
CUST00320,2025-07-04,21.28,Electronics
CUST00320,2025-06-06,146.76,Clothing
CUST00320,2025-05-25,166.79,Grocery
CUST00320,2025-04-22,170.27,Electronics
CUST00320,2025-06-12,56.66,Dining
CUST00320,2025-06-01,33.47,Grocery
CUST00320,2025-07-16,86.46,Grocery
CUST00320,2025-07-01,20.49,Clothing
CUST00320,2025-06-30,109.44,Travel
CUST00320,2025-06-25,63.03,Grocery
CUST00320,2025-06-21,28.56,Electronics
CUST00320,2025-07-18,438.06,Electronics
CUST00320,2025-04-14,64.01,Electronics
CUST00320,2025-04-16,28.59,Grocery
CUST00320,2025-05-16,49.1,Electronics
CUST00320,2025-05-04,226.7,Grocery
CUST00320,2025-07-11,126.53,Electronics
CUST00320,2025-07-11,53.35,Dining
CUST00320,2025-05-06,25.93,Grocery
CUST00320,2025-07-12,41.15,Grocery
CUST00320,2025-04-26,210.08,Travel
CUST00320,2025-04-15,32.69,Electronics
CUST00320,2025-07-26,114.21,Travel
CUST00320,2025-05-10,321.46,Grocery
CUST00320,2025-04-25,48.5,Dining
CUST00320,2025-04-13,74.23,Travel
CUST00320,2025-04-11,248.48,Dining
CUST00320,2025-05-24,127.32,Electronics
CUST00320,2025-07-27,109.25,Clothing
CUST00320,2025-07-08,126.35,Grocery
CUST00320,2025-05-02,90.73,Grocery
CUST00320,2025-06-23,28.06,Grocery
CUST00320,2025-05-13,133.21,Travel
CUST00320,2025-07-06,146.3,Travel
CUST00320,2025-07-30,64.4,Grocery
CUST00320,2025-05-18,263.24,Dining
CUST00320,2025-06-17,27.08,Electronics
CUST00320,2025-07-27,49.27,Clothing
CUST00320,2025-06-26,20.67,Grocery
CUST00320,2025-04-21,28.88,Clothing
CUST00320,2025-06-13,27.23,Electronics
CUST00320,2025-07-06,29.74,Dining
CUST00320,2025-06-02,26.11,Clothing
CUST00320,2025-07-30,72.59,Travel
CUST00320,2025-05-07,456.82,Electronics
CUST00320,2025-06-28,173.77,Dining
CUST00320,2025-07-19,216.87,Grocery
CUST00320,2025-05-28,9.81,Travel
CUST00320,2025-05-28,26.25,Grocery
CUST00320,2025-05-11,137.87,Dining
CUST00320,2025-04-24,65.87,Grocery
CUST00320,2025-05-24,160.54,Dining
CUST00320,2025-07-28,17.9,Clothing
CUST00320,2025-05-31,76.44,Electronics
CUST00321,2025-07-01,88.0,Grocery
CUST00321,2024-07-24,55.05,Travel
CUST00321,2025-07-18,151.46,Clothing
CUST00321,2025-06-20,50.13,Electronics
CUST00321,2024-11-25,152.32,Clothing
CUST00321,2024-10-24,32.22,Electronics
CUST00321,2025-07-01,26.6,Electronics
CUST00321,2021-12-05,41.85,Electronics
CUST00321,2024-09-19,20.2,Dining
CUST00321,2022-07-19,46.28,Dining
CUST00321,2022-06-03,123.7,Clothing
CUST00321,2024-03-30,26.25,Electronics
CUST00321,2024-07-04,36.08,Electronics
CUST00321,2022-07-20,71.22,Clothing
CUST00321,2023-04-22,137.48,Travel
CUST00321,2023-07-03,45.55,Electronics
CUST00321,2024-05-05,55.86,Clothing
CUST00321,2022-10-27,40.21,Clothing
CUST00321,2025-03-10,251.17,Grocery
CUST00321,2025-02-17,68.92,Electronics
CUST00321,2024-12-30,239.56,Dining
CUST00321,2023-05-19,9.1,Electronics
CUST00321,2022-04-10,13.76,Electronics
CUST00321,2023-12-23,33.15,Travel
CUST00321,2024-06-11,98.21,Grocery
CUST00321,2022-05-12,128.72,Electronics
CUST00321,2023-06-27,87.4,Travel
CUST00321,2023-04-11,48.33,Dining
CUST00321,2023-12-17,289.14,Clothing
CUST00321,2023-07-16,35.73,Clothing
CUST00321,2024-07-10,119.76,Clothing
CUST00321,2021-12-28,139.11,Clothing
CUST00321,2023-04-08,201.13,Clothing
CUST00321,2022-09-12,38.46,Grocery
CUST00321,2025-02-04,15.15,Travel
CUST00321,2024-01-01,20.08,Clothing
CUST00321,2021-10-07,93.62,Clothing
CUST00321,2023-04-25,350.34,Travel
CUST00321,2021-10-21,52.94,Electronics
CUST00321,2024-05-01,39.39,Dining
CUST00321,2024-06-19,47.45,Electronics
CUST00321,2023-03-26,9.59,Clothing
CUST00321,2025-03-08,84.0,Dining
CUST00321,2025-02-02,32.68,Dining
CUST00321,2023-11-07,135.87,Electronics
CUST00321,2023-11-06,75.46,Electronics
CUST00321,2022-10-26,69.21,Travel
CUST00321,2022-01-08,20.88,Travel
CUST00321,2023-07-08,76.82,Grocery
CUST00321,2024-09-12,110.18,Clothing
CUST00321,2023-12-31,14.55,Electronics
CUST00321,2023-06-28,48.02,Clothing
CUST00321,2022-09-14,41.67,Travel
CUST00321,2024-12-07,371.47,Grocery
CUST00321,2024-01-30,42.24,Clothing
CUST00321,2024-12-17,157.8,Dining
CUST00321,2025-05-30,94.17,Clothing
CUST00321,2024-07-21,30.07,Electronics
CUST00321,2023-03-20,18.79,Grocery
CUST00321,2024-10-27,79.9,Grocery
CUST00321,2024-04-07,33.48,Clothing
CUST00321,2024-03-05,32.9,Clothing
CUST00321,2024-09-10,29.31,Dining
CUST00321,2021-10-18,223.75,Clothing
CUST00321,2025-02-13,127.79,Travel
CUST00321,2024-01-25,49.73,Clothing
CUST00321,2025-05-26,80.04,Travel
CUST00321,2025-01-04,17.94,Travel
CUST00321,2021-12-09,10.61,Dining
CUST00321,2022-08-03,81.16,Dining
CUST00321,2022-09-05,95.65,Electronics
CUST00321,2023-10-20,15.87,Travel
CUST00321,2024-09-22,31.37,Travel
CUST00321,2025-01-30,100.26,Travel
CUST00321,2024-01-03,77.66,Grocery
CUST00321,2023-11-12,95.41,Clothing
CUST00321,2022-03-15,47.46,Travel
CUST00321,2023-12-16,26.94,Electronics
CUST00321,2025-05-04,37.03,Travel
CUST00321,2022-01-27,84.39,Electronics
CUST00321,2022-08-08,14.11,Clothing
CUST00321,2023-11-14,22.81,Grocery
CUST00321,2025-04-10,22.07,Clothing
CUST00321,2024-08-11,100.86,Travel
CUST00321,2025-07-11,5.52,Grocery
CUST00321,2023-04-10,51.37,Travel
CUST00321,2022-04-02,28.27,Electronics
CUST00321,2024-06-07,13.03,Travel
CUST00321,2024-03-10,33.53,Electronics
CUST00321,2022-12-17,215.54,Travel
CUST00321,2023-12-08,101.11,Dining
CUST00321,2023-04-16,17.42,Travel
CUST00321,2025-07-26,109.36,Clothing
CUST00321,2021-11-19,191.31,Grocery
CUST00321,2023-11-21,47.58,Electronics
CUST00321,2024-09-15,9.36,Grocery
CUST00321,2023-01-06,36.56,Travel
CUST00321,2024-02-09,6.17,Dining
CUST00321,2023-03-18,143.93,Dining
CUST00321,2022-03-01,12.57,Grocery
CUST00321,2024-05-10,76.67,Grocery
CUST00321,2021-10-02,17.47,Grocery
CUST00321,2025-06-08,30.61,Dining
CUST00321,2024-07-26,354.83,Clothing
CUST00321,2022-02-24,176.38,Grocery
CUST00321,2022-09-29,134.97,Grocery
CUST00321,2023-07-05,49.13,Clothing
CUST00321,2025-06-18,45.22,Clothing
CUST00321,2023-11-30,12.45,Clothing
CUST00321,2025-04-13,36.62,Electronics
CUST00321,2025-02-19,96.96,Clothing
CUST00321,2023-10-24,63.72,Clothing
CUST00321,2022-12-04,9.52,Clothing
CUST00321,2022-05-03,143.63,Dining
CUST00321,2022-08-29,66.97,Electronics
CUST00322,2023-08-05,43.56,Clothing
CUST00322,2024-05-17,104.51,Dining
CUST00322,2023-01-14,46.16,Grocery
CUST00322,2023-04-16,72.26,Travel
CUST00322,2022-11-14,50.25,Grocery
CUST00322,2023-05-29,52.83,Travel
CUST00322,2024-01-03,289.47,Grocery
CUST00322,2022-06-26,35.19,Grocery
CUST00322,2025-03-16,47.01,Clothing
CUST00322,2023-08-13,29.27,Clothing
CUST00322,2024-03-27,46.6,Grocery
CUST00322,2024-04-30,152.05,Electronics
CUST00322,2022-10-09,207.52,Clothing
CUST00322,2023-02-21,132.86,Electronics
CUST00322,2024-08-28,32.65,Dining
CUST00322,2024-06-21,51.63,Dining
CUST00322,2025-05-22,64.1,Electronics
CUST00322,2025-06-15,8.21,Electronics
CUST00322,2025-05-12,14.47,Dining
CUST00322,2024-10-15,65.02,Dining
CUST00322,2023-07-11,11.1,Electronics
CUST00322,2023-08-21,17.63,Electronics
CUST00322,2023-02-19,64.93,Clothing
CUST00322,2024-01-25,50.37,Dining
CUST00322,2024-07-16,60.07,Electronics
CUST00322,2023-02-25,72.31,Travel
CUST00322,2022-10-03,137.98,Clothing
CUST00322,2022-08-11,181.36,Travel
CUST00322,2022-06-25,42.53,Electronics
CUST00322,2025-02-18,19.84,Travel
CUST00322,2024-08-31,298.58,Clothing
CUST00322,2023-06-01,182.8,Dining
CUST00322,2024-05-10,199.67,Clothing
CUST00322,2025-02-11,103.17,Travel
CUST00322,2025-05-29,240.62,Clothing
CUST00322,2022-11-14,86.57,Grocery
CUST00322,2024-10-12,108.42,Electronics
CUST00322,2023-12-31,148.0,Dining
CUST00322,2022-12-19,183.75,Travel
CUST00322,2024-11-20,70.76,Travel
CUST00322,2022-08-08,115.63,Dining
CUST00322,2022-08-02,63.41,Electronics
CUST00322,2023-04-16,172.87,Electronics
CUST00322,2025-02-06,48.31,Travel
CUST00322,2023-02-04,44.59,Dining
CUST00322,2022-12-13,141.17,Grocery
CUST00322,2024-05-05,45.47,Travel
CUST00322,2024-05-20,52.77,Dining
CUST00322,2024-07-07,112.07,Clothing
CUST00322,2025-06-28,15.95,Grocery
CUST00322,2022-12-13,15.71,Grocery
CUST00322,2023-05-25,25.73,Grocery
CUST00322,2024-09-05,5.58,Grocery
CUST00322,2024-08-28,31.04,Travel
CUST00322,2023-07-07,42.43,Clothing
CUST00322,2025-06-17,152.94,Travel
CUST00322,2024-02-04,78.3,Electronics
CUST00322,2024-02-28,192.58,Dining
CUST00322,2022-08-12,21.17,Clothing
CUST00322,2024-05-30,56.5,Travel
CUST00322,2023-04-21,72.7,Electronics
CUST00322,2023-06-12,28.43,Electronics
CUST00322,2024-12-28,22.97,Travel
CUST00322,2022-12-05,41.2,Travel
CUST00322,2024-12-26,271.0,Electronics
CUST00322,2023-08-16,363.44,Dining
CUST00322,2024-03-05,28.08,Travel
CUST00322,2023-07-17,69.12,Grocery
CUST00322,2024-12-19,127.99,Electronics
CUST00322,2025-01-24,36.11,Clothing
CUST00322,2022-10-13,84.77,Grocery
CUST00322,2025-04-04,119.93,Dining
CUST00322,2022-12-31,40.04,Grocery
CUST00322,2024-03-26,24.03,Travel
CUST00322,2022-06-21,161.08,Clothing
CUST00322,2023-02-22,60.35,Travel
CUST00322,2025-01-16,46.34,Electronics
CUST00322,2023-11-16,30.51,Travel
CUST00322,2023-11-16,139.82,Electronics
CUST00322,2022-10-22,53.73,Clothing
CUST00322,2025-06-16,21.71,Dining
CUST00322,2023-03-23,37.32,Grocery
CUST00322,2023-02-12,118.77,Grocery
CUST00322,2024-01-11,80.01,Electronics
CUST00322,2022-12-14,10.39,Travel
CUST00322,2025-03-11,86.07,Clothing
CUST00322,2024-06-14,59.33,Grocery
CUST00322,2023-03-14,138.05,Dining
CUST00322,2024-07-20,5.23,Clothing
CUST00323,2025-07-09,25.43,Travel
CUST00323,2025-07-24,54.85,Electronics
CUST00323,2025-04-16,116.34,Travel
CUST00323,2025-05-27,9.75,Electronics
CUST00323,2025-05-17,130.97,Electronics
CUST00323,2025-07-04,29.0,Grocery
CUST00323,2025-06-03,226.53,Travel
CUST00323,2025-07-22,7.28,Dining
CUST00323,2025-04-14,170.87,Electronics
CUST00323,2025-06-11,43.06,Grocery
CUST00323,2025-05-22,8.81,Electronics
CUST00323,2025-07-18,111.5,Clothing
CUST00323,2025-07-08,51.66,Clothing
CUST00323,2025-04-01,33.29,Dining
CUST00323,2025-05-06,304.79,Travel
CUST00323,2025-03-28,165.27,Dining
CUST00323,2025-03-28,62.0,Clothing
CUST00323,2025-04-13,16.82,Electronics
CUST00323,2025-03-28,29.65,Grocery
CUST00323,2025-04-26,74.58,Grocery
CUST00323,2025-03-30,52.63,Electronics
CUST00323,2025-05-11,86.68,Travel
CUST00323,2025-04-28,33.51,Grocery
CUST00323,2025-03-24,12.56,Dining
CUST00323,2025-04-15,141.05,Clothing
CUST00323,2025-04-15,104.66,Grocery
CUST00323,2025-05-21,27.11,Grocery
CUST00323,2025-04-17,70.82,Grocery
CUST00323,2025-05-18,120.41,Dining
CUST00323,2025-06-18,194.95,Clothing
CUST00323,2025-06-07,277.51,Travel
CUST00323,2025-04-27,122.81,Travel
CUST00323,2025-06-24,177.98,Clothing
CUST00323,2025-06-15,399.51,Electronics
CUST00323,2025-06-10,151.82,Electronics
CUST00323,2025-06-21,12.6,Electronics
CUST00323,2025-06-10,23.73,Dining
CUST00323,2025-07-05,75.35,Clothing
CUST00323,2025-05-05,9.07,Clothing
CUST00323,2025-05-07,402.43,Travel
CUST00323,2025-07-12,13.44,Grocery
CUST00323,2025-07-29,32.74,Dining
CUST00323,2025-05-30,62.03,Clothing
CUST00323,2025-05-10,78.9,Clothing
CUST00323,2025-07-15,14.94,Travel
CUST00323,2025-04-08,27.64,Travel
CUST00323,2025-05-19,91.87,Clothing
CUST00323,2025-04-09,14.5,Travel
CUST00323,2025-06-29,58.29,Clothing
CUST00323,2025-07-01,140.37,Dining
CUST00323,2025-07-19,10.36,Clothing
CUST00323,2025-03-26,45.14,Dining
CUST00323,2025-04-09,7.11,Travel
CUST00323,2025-04-08,119.97,Travel
CUST00323,2025-05-14,80.92,Travel
CUST00323,2025-06-14,24.7,Electronics
CUST00323,2025-05-25,45.21,Clothing
CUST00323,2025-07-14,65.95,Clothing
CUST00323,2025-06-04,36.9,Electronics
CUST00323,2025-06-02,44.14,Travel
CUST00323,2025-04-17,24.72,Grocery
CUST00323,2025-04-12,130.01,Travel
CUST00323,2025-04-05,78.96,Clothing
CUST00323,2025-06-22,32.15,Grocery
CUST00323,2025-04-09,12.27,Clothing
CUST00323,2025-04-09,120.85,Electronics
CUST00323,2025-04-04,56.39,Electronics
CUST00323,2025-04-26,88.84,Clothing
CUST00323,2025-03-24,85.58,Electronics
CUST00323,2025-07-24,63.43,Clothing
CUST00323,2025-07-06,23.08,Travel
CUST00323,2025-05-18,121.69,Grocery
CUST00323,2025-07-19,190.85,Dining
CUST00323,2025-06-29,44.2,Travel
CUST00323,2025-04-24,191.37,Electronics
CUST00323,2025-04-25,66.95,Grocery
CUST00323,2025-07-30,99.39,Electronics
CUST00323,2025-06-04,12.34,Clothing
CUST00323,2025-06-13,255.08,Grocery
CUST00323,2025-07-10,79.8,Dining
CUST00323,2025-07-31,59.53,Dining
CUST00323,2025-06-13,68.93,Grocery
CUST00323,2025-05-26,230.82,Grocery
CUST00323,2025-07-13,11.22,Electronics
CUST00323,2025-04-06,70.59,Electronics
CUST00323,2025-06-03,67.31,Dining
CUST00323,2025-07-28,166.61,Travel
CUST00323,2025-04-29,63.71,Clothing
CUST00323,2025-06-05,64.5,Dining
CUST00323,2025-04-12,25.93,Dining
CUST00323,2025-07-16,56.29,Dining
CUST00323,2025-07-17,40.77,Dining
CUST00323,2025-06-23,90.16,Travel
CUST00323,2025-05-17,63.24,Dining
CUST00323,2025-07-23,34.08,Clothing
CUST00323,2025-05-01,9.04,Electronics
CUST00323,2025-05-14,106.27,Electronics
CUST00323,2025-04-18,86.44,Grocery
CUST00323,2025-04-20,56.07,Dining
CUST00323,2025-06-12,42.49,Grocery
CUST00323,2025-07-20,43.3,Travel
CUST00323,2025-05-28,351.3,Dining
CUST00323,2025-04-04,53.99,Dining
CUST00323,2025-07-15,278.84,Electronics
CUST00323,2025-07-15,46.48,Dining
CUST00324,2023-10-14,83.69,Dining
CUST00324,2024-03-02,100.92,Dining
CUST00324,2024-02-09,206.24,Travel
CUST00324,2024-02-01,61.18,Clothing
CUST00324,2025-04-22,25.51,Electronics
CUST00324,2023-02-05,21.48,Grocery
CUST00324,2022-12-02,8.11,Dining
CUST00324,2024-09-03,28.1,Dining
CUST00324,2023-11-19,11.83,Dining
CUST00324,2025-03-25,6.95,Clothing
CUST00324,2022-10-14,96.9,Electronics
CUST00324,2023-03-14,224.11,Grocery
CUST00324,2023-02-28,37.43,Electronics
CUST00324,2024-07-10,58.33,Clothing
CUST00324,2024-01-19,151.78,Dining
CUST00324,2024-02-06,237.52,Clothing
CUST00324,2023-06-03,57.84,Grocery
CUST00324,2023-08-08,51.69,Clothing
CUST00324,2023-03-30,197.05,Electronics
CUST00324,2024-09-14,45.73,Electronics
CUST00324,2023-02-24,60.28,Dining
CUST00324,2024-06-02,262.38,Electronics
CUST00324,2024-10-10,12.51,Travel
CUST00324,2023-01-15,47.28,Clothing
CUST00324,2023-12-26,19.36,Electronics
CUST00324,2022-08-12,44.86,Grocery
CUST00324,2025-02-15,83.94,Clothing
CUST00324,2022-09-12,31.68,Grocery
CUST00324,2023-01-23,105.64,Electronics
CUST00324,2024-11-17,76.18,Electronics
CUST00324,2023-12-27,50.85,Travel
CUST00324,2024-10-22,104.85,Dining
CUST00324,2023-04-27,218.06,Travel
CUST00324,2023-02-17,37.91,Travel
CUST00324,2023-09-20,59.71,Grocery
CUST00324,2024-04-10,5.28,Electronics
CUST00324,2023-01-22,94.03,Dining
CUST00324,2024-04-15,17.58,Grocery
CUST00324,2024-10-07,189.8,Electronics
CUST00324,2023-04-19,68.34,Electronics
CUST00324,2025-01-16,68.11,Clothing
CUST00324,2022-09-29,41.94,Clothing
CUST00324,2024-11-27,18.02,Electronics
CUST00324,2024-01-27,41.85,Electronics
CUST00324,2023-10-18,5.44,Clothing
CUST00324,2024-03-09,27.94,Electronics
CUST00324,2024-01-16,207.76,Grocery
CUST00324,2024-08-24,40.61,Dining
CUST00324,2025-05-29,23.46,Travel
CUST00324,2024-06-20,102.79,Travel
CUST00324,2024-04-12,237.2,Dining
CUST00324,2023-10-04,102.7,Travel
CUST00324,2024-09-24,28.76,Clothing
CUST00324,2022-09-05,209.35,Dining
CUST00324,2022-12-17,170.71,Grocery
CUST00324,2024-09-21,91.59,Dining
CUST00324,2024-07-23,34.28,Travel
CUST00324,2023-06-20,113.45,Electronics
CUST00324,2023-08-25,7.26,Electronics
CUST00324,2024-03-27,7.45,Travel
CUST00324,2024-05-07,47.11,Grocery
CUST00324,2025-06-27,42.98,Electronics
CUST00324,2025-05-11,34.88,Travel
CUST00324,2023-09-29,7.45,Electronics
CUST00324,2024-04-12,28.97,Travel
CUST00324,2024-08-01,52.98,Dining
CUST00324,2024-04-17,143.36,Travel
CUST00324,2023-08-30,59.83,Dining
CUST00324,2024-01-30,98.36,Dining
CUST00324,2024-01-06,84.79,Clothing
CUST00324,2025-06-05,76.24,Clothing
CUST00324,2025-05-08,105.14,Grocery
CUST00324,2025-01-20,289.66,Travel
CUST00324,2023-04-26,13.84,Electronics
CUST00324,2022-12-09,66.78,Clothing
CUST00324,2023-11-22,80.78,Grocery
CUST00324,2024-10-23,6.51,Travel
CUST00324,2024-02-18,6.06,Grocery
CUST00324,2023-05-13,9.65,Dining
CUST00324,2024-11-19,12.13,Clothing
CUST00324,2024-03-17,79.25,Clothing
CUST00324,2024-03-23,145.38,Travel
CUST00324,2024-12-18,118.03,Grocery
CUST00324,2024-10-22,48.85,Grocery
CUST00324,2024-02-15,13.1,Dining
CUST00324,2024-04-01,100.13,Travel
CUST00324,2022-10-22,37.01,Travel
CUST00324,2024-02-27,59.16,Travel
CUST00324,2022-12-31,66.73,Clothing
CUST00324,2024-10-10,42.66,Travel
CUST00324,2023-07-19,14.3,Dining
CUST00324,2023-04-16,29.69,Grocery
CUST00324,2023-08-08,65.02,Dining
CUST00324,2022-10-16,115.03,Electronics
CUST00324,2024-10-23,227.63,Electronics
CUST00324,2023-04-17,17.16,Electronics
CUST00324,2023-03-21,25.23,Clothing
CUST00324,2023-11-23,255.84,Grocery
CUST00324,2023-03-07,60.89,Travel
CUST00324,2025-07-18,115.19,Grocery
CUST00324,2025-04-27,261.07,Electronics
CUST00324,2024-12-14,21.6,Travel
CUST00325,2025-01-24,31.9,Clothing
CUST00325,2024-10-04,19.98,Electronics
CUST00325,2024-11-14,49.46,Grocery
CUST00325,2025-06-28,189.61,Clothing
CUST00325,2025-01-24,116.6,Clothing
CUST00325,2024-10-16,48.48,Dining
CUST00325,2025-05-16,83.82,Grocery
CUST00325,2025-05-10,73.52,Grocery
CUST00325,2024-11-02,17.97,Electronics
CUST00325,2024-09-26,81.34,Electronics
CUST00325,2024-09-16,189.81,Clothing
CUST00325,2024-11-28,291.0,Grocery
CUST00325,2025-04-13,173.96,Grocery
CUST00325,2024-12-12,62.61,Travel
CUST00325,2025-04-07,78.74,Clothing
CUST00325,2025-04-28,81.52,Travel
CUST00325,2025-06-09,102.1,Electronics
CUST00325,2025-01-09,14.0,Electronics
CUST00325,2024-09-19,17.55,Clothing
CUST00325,2025-01-05,5.7,Travel
CUST00325,2025-04-02,287.63,Grocery
CUST00325,2025-07-13,241.89,Electronics
CUST00325,2024-07-03,43.98,Travel
CUST00325,2024-11-26,15.15,Travel
CUST00325,2025-05-21,292.15,Electronics
CUST00325,2025-05-29,41.43,Travel
CUST00325,2025-04-24,80.05,Travel
CUST00325,2024-09-08,72.89,Electronics
CUST00325,2025-01-11,82.05,Grocery
CUST00325,2025-06-12,83.0,Dining
CUST00325,2025-03-04,59.64,Clothing
CUST00325,2024-11-07,41.16,Electronics
CUST00325,2025-07-17,121.99,Clothing
CUST00325,2025-07-01,129.49,Dining
CUST00325,2025-03-23,25.86,Dining
CUST00325,2024-06-27,31.63,Travel
CUST00325,2025-05-28,81.84,Electronics
CUST00325,2024-12-20,37.11,Travel
CUST00325,2024-08-25,125.09,Electronics
CUST00325,2025-01-29,198.02,Electronics
CUST00325,2025-03-31,89.77,Dining
CUST00325,2025-06-24,12.97,Grocery
CUST00325,2024-07-14,19.32,Dining
CUST00325,2024-08-28,34.31,Travel
CUST00325,2025-02-15,21.0,Dining
CUST00325,2025-01-07,57.06,Clothing
CUST00325,2024-12-08,73.13,Dining
CUST00325,2025-02-18,20.1,Dining
CUST00325,2025-01-29,40.85,Clothing
CUST00325,2024-12-31,22.17,Electronics
CUST00325,2024-08-07,102.3,Electronics
CUST00325,2025-07-28,44.48,Grocery
CUST00325,2025-03-02,99.52,Electronics
CUST00325,2025-05-03,211.32,Grocery
CUST00325,2025-03-16,111.06,Dining
CUST00325,2025-07-03,79.59,Dining
CUST00325,2025-02-24,58.1,Electronics
CUST00325,2025-04-25,290.1,Clothing
CUST00325,2024-09-14,183.54,Electronics
CUST00325,2024-11-11,27.69,Clothing
CUST00325,2024-12-07,115.14,Travel
CUST00325,2025-05-11,181.53,Electronics
CUST00325,2024-11-09,58.39,Grocery
CUST00325,2025-02-12,24.49,Grocery
CUST00325,2024-11-27,8.15,Grocery
CUST00325,2025-01-07,91.38,Dining
CUST00325,2025-04-06,59.57,Dining
CUST00325,2025-02-04,14.97,Electronics
CUST00325,2025-05-03,104.75,Clothing
CUST00325,2024-07-10,10.68,Clothing
CUST00325,2024-12-29,23.66,Clothing
CUST00325,2024-11-21,11.0,Electronics
CUST00325,2025-05-09,116.93,Electronics
CUST00325,2025-02-04,66.92,Dining
CUST00325,2024-11-06,62.45,Travel
CUST00325,2024-12-04,12.48,Travel
CUST00325,2024-08-19,21.04,Dining
CUST00325,2024-12-11,61.68,Grocery
CUST00325,2025-07-24,51.88,Electronics
CUST00325,2024-09-13,93.09,Dining
CUST00325,2024-10-05,253.69,Dining
CUST00325,2024-10-31,8.92,Electronics
CUST00325,2024-11-02,186.09,Electronics
CUST00325,2025-01-01,66.05,Grocery
CUST00325,2025-01-12,23.94,Clothing
CUST00325,2025-02-02,62.95,Dining
CUST00325,2025-02-10,41.31,Travel
CUST00325,2024-10-17,165.55,Electronics
CUST00325,2024-10-22,179.91,Travel
CUST00325,2025-07-17,6.37,Clothing
CUST00325,2025-01-04,5.56,Electronics
CUST00325,2025-05-15,493.26,Travel
CUST00325,2024-08-20,207.16,Clothing
CUST00325,2025-01-22,166.59,Clothing
CUST00325,2024-08-28,166.52,Grocery
CUST00325,2024-07-28,98.2,Travel
CUST00325,2025-01-22,66.51,Dining
CUST00325,2025-04-18,19.93,Clothing
CUST00325,2025-04-20,28.39,Dining
CUST00326,2023-03-14,307.71,Travel
CUST00326,2021-06-05,44.36,Grocery
CUST00326,2021-12-26,126.47,Dining
CUST00326,2024-01-14,22.01,Electronics
CUST00326,2023-08-05,95.47,Dining
CUST00326,2021-08-31,137.6,Grocery
CUST00326,2023-04-11,36.4,Electronics
CUST00326,2021-05-04,42.57,Electronics
CUST00326,2021-09-29,62.39,Travel
CUST00326,2022-01-26,77.57,Travel
CUST00326,2024-06-29,65.03,Travel
CUST00326,2023-07-04,29.74,Dining
CUST00326,2023-01-10,9.02,Clothing
CUST00326,2025-06-05,21.26,Grocery
CUST00326,2022-11-05,15.86,Electronics
CUST00326,2024-07-24,53.29,Grocery
CUST00326,2022-09-19,5.04,Travel
CUST00326,2024-02-04,171.1,Clothing
CUST00326,2025-07-06,67.19,Travel
CUST00326,2024-02-12,67.28,Dining
CUST00326,2022-11-10,65.53,Travel
CUST00326,2022-03-14,23.77,Travel
CUST00326,2023-12-03,13.76,Grocery
CUST00326,2024-07-31,96.81,Clothing
CUST00326,2023-03-21,100.33,Grocery
CUST00326,2024-02-24,97.86,Dining
CUST00326,2023-01-13,74.01,Travel
CUST00326,2022-08-16,54.47,Clothing
CUST00326,2022-01-12,37.49,Grocery
CUST00326,2023-05-30,34.67,Travel
CUST00326,2021-07-30,69.01,Electronics
CUST00326,2023-02-17,54.14,Clothing
CUST00326,2022-01-17,103.49,Grocery
CUST00326,2024-06-16,17.02,Clothing
CUST00326,2025-03-30,48.73,Travel
CUST00326,2024-01-03,13.64,Grocery
CUST00326,2023-03-12,16.86,Dining
CUST00326,2024-12-16,34.67,Electronics
CUST00326,2023-04-22,45.56,Clothing
CUST00326,2022-05-07,116.41,Grocery
CUST00326,2021-12-20,222.49,Electronics
CUST00326,2021-12-31,32.16,Dining
CUST00326,2025-02-17,438.3,Dining
CUST00326,2022-01-22,100.19,Travel
CUST00326,2025-03-12,145.73,Travel
CUST00326,2025-04-04,62.47,Grocery
CUST00326,2021-03-13,297.03,Dining
CUST00326,2023-04-20,114.57,Clothing
CUST00326,2022-07-31,67.51,Travel
CUST00326,2021-05-14,100.47,Grocery
CUST00326,2024-08-07,226.03,Grocery
CUST00326,2024-07-31,44.52,Grocery
CUST00326,2021-12-13,110.34,Clothing
CUST00326,2021-05-11,47.9,Grocery
CUST00326,2022-04-10,45.8,Electronics
CUST00326,2022-04-22,130.6,Clothing
CUST00326,2022-12-19,150.4,Electronics
CUST00326,2021-06-17,62.37,Dining
CUST00326,2023-11-12,122.37,Electronics
CUST00326,2022-11-23,130.22,Clothing
CUST00326,2021-02-28,93.08,Clothing
CUST00326,2021-09-26,50.35,Grocery
CUST00326,2025-05-07,12.94,Electronics
CUST00326,2023-02-04,11.68,Grocery
CUST00326,2021-08-07,5.92,Clothing
CUST00326,2023-06-21,7.16,Electronics
CUST00326,2021-02-24,24.49,Grocery
CUST00326,2022-06-11,33.3,Travel
CUST00326,2021-09-10,205.92,Clothing
CUST00326,2023-08-28,134.89,Electronics
CUST00326,2022-12-15,116.1,Dining
CUST00326,2024-12-21,85.15,Grocery
CUST00326,2024-01-17,12.42,Dining
CUST00326,2022-07-07,117.94,Grocery
CUST00326,2022-09-01,53.41,Grocery
CUST00326,2022-09-19,95.83,Electronics
CUST00326,2025-01-12,12.56,Electronics
CUST00326,2021-08-19,8.29,Travel
CUST00326,2022-09-16,23.8,Electronics
CUST00326,2025-02-24,149.81,Dining
CUST00326,2023-03-11,69.06,Clothing
CUST00326,2021-10-08,108.81,Clothing
CUST00326,2025-04-02,48.06,Dining
CUST00326,2023-01-25,212.61,Grocery
CUST00326,2021-02-16,85.14,Clothing
CUST00326,2023-06-21,60.89,Dining
CUST00326,2025-02-11,131.31,Travel
CUST00326,2022-04-12,335.47,Dining
CUST00326,2024-10-01,42.91,Grocery
CUST00326,2021-06-21,141.51,Grocery
CUST00326,2022-04-20,30.25,Electronics
CUST00326,2024-10-06,15.49,Dining
CUST00326,2022-12-31,310.61,Clothing
CUST00326,2024-05-29,93.11,Electronics
CUST00326,2022-10-10,121.34,Grocery
CUST00326,2024-01-12,37.06,Dining
CUST00326,2021-11-09,31.11,Dining
CUST00326,2024-03-25,18.78,Clothing
CUST00327,2025-05-08,57.1,Clothing
CUST00327,2025-05-16,69.42,Electronics
CUST00327,2024-12-31,315.15,Electronics
CUST00327,2025-07-30,275.57,Clothing
CUST00327,2025-06-06,78.03,Travel
CUST00327,2025-07-16,83.06,Electronics
CUST00327,2025-05-20,204.44,Grocery
CUST00327,2025-05-19,19.63,Clothing
CUST00327,2025-05-29,110.66,Clothing
CUST00327,2025-06-15,122.2,Clothing
CUST00327,2025-06-10,46.39,Electronics
CUST00327,2025-01-07,14.15,Electronics
CUST00327,2025-01-12,62.46,Dining
CUST00327,2025-04-16,84.68,Electronics
CUST00327,2025-04-02,21.75,Travel
CUST00327,2025-03-16,174.51,Clothing
CUST00327,2025-06-30,8.21,Clothing
CUST00327,2025-01-04,225.64,Grocery
CUST00327,2025-06-24,110.16,Clothing
CUST00327,2025-01-24,21.83,Clothing
CUST00327,2025-02-20,58.2,Travel
CUST00327,2025-01-23,41.17,Electronics
CUST00327,2025-04-05,316.81,Grocery
CUST00327,2025-04-16,155.43,Dining
CUST00327,2025-03-22,102.23,Electronics
CUST00327,2025-06-06,207.65,Electronics
CUST00327,2025-06-16,11.58,Clothing
CUST00327,2025-07-12,9.48,Electronics
CUST00327,2025-03-01,34.57,Travel
CUST00327,2025-06-16,229.17,Electronics
CUST00327,2025-07-19,146.58,Dining
CUST00327,2025-03-03,7.72,Grocery
CUST00327,2025-01-23,158.11,Dining
CUST00327,2025-06-19,89.1,Grocery
CUST00327,2025-04-29,31.67,Electronics
CUST00327,2025-05-06,44.96,Electronics
CUST00327,2025-05-22,129.09,Dining
CUST00327,2025-02-12,8.06,Grocery
CUST00327,2025-07-18,27.68,Travel
CUST00327,2025-06-05,45.76,Dining
CUST00327,2025-06-07,214.23,Electronics
CUST00327,2025-04-20,67.55,Dining
CUST00327,2025-05-23,157.15,Dining
CUST00327,2025-06-15,118.57,Travel
CUST00327,2025-02-26,119.71,Travel
CUST00327,2025-04-27,88.02,Clothing
CUST00327,2025-07-29,18.32,Clothing
CUST00327,2024-12-28,246.94,Travel
CUST00327,2025-01-14,18.76,Dining
CUST00327,2025-04-04,48.09,Electronics
CUST00327,2025-06-04,73.45,Grocery
CUST00327,2025-01-28,56.55,Travel
CUST00327,2025-06-16,46.05,Electronics
CUST00327,2025-04-05,242.14,Dining
CUST00327,2025-02-22,69.04,Travel
CUST00327,2025-03-22,93.42,Travel
CUST00327,2025-03-15,46.22,Dining
CUST00327,2025-04-04,70.65,Electronics
CUST00327,2025-07-27,128.84,Dining
CUST00327,2025-01-04,138.09,Electronics
CUST00327,2024-12-31,219.8,Grocery
CUST00327,2025-07-23,102.76,Electronics
CUST00327,2025-01-29,94.72,Grocery
CUST00327,2025-03-30,67.01,Electronics
CUST00327,2025-04-10,22.25,Travel
CUST00327,2025-04-10,120.19,Dining
CUST00327,2025-02-19,67.05,Grocery
CUST00327,2025-06-27,5.11,Electronics
CUST00327,2025-06-09,53.72,Clothing
CUST00327,2025-06-03,71.32,Dining
CUST00327,2025-07-21,207.77,Grocery
CUST00327,2025-05-28,38.25,Dining
CUST00327,2025-04-27,98.48,Travel
CUST00327,2025-06-28,135.25,Travel
CUST00327,2025-03-25,134.22,Clothing
CUST00327,2025-03-25,28.08,Grocery
CUST00327,2025-04-02,33.58,Electronics
CUST00327,2025-02-13,48.45,Dining
CUST00327,2025-04-20,27.92,Dining
CUST00327,2025-04-10,54.27,Clothing
CUST00327,2025-01-19,28.49,Grocery
CUST00327,2025-05-24,25.92,Dining
CUST00327,2025-06-18,19.81,Dining
CUST00327,2025-04-12,259.35,Dining
CUST00327,2025-06-10,17.78,Electronics
CUST00327,2025-01-21,16.46,Clothing
CUST00327,2025-06-11,179.84,Dining
CUST00327,2025-05-16,116.04,Electronics
CUST00327,2025-07-24,95.25,Grocery
CUST00327,2025-01-18,68.0,Clothing
CUST00327,2025-07-02,146.84,Clothing
CUST00327,2025-06-23,63.33,Travel
CUST00327,2025-01-20,14.96,Grocery
CUST00327,2025-05-06,73.87,Clothing
CUST00328,2024-10-14,55.4,Dining
CUST00328,2025-02-01,15.59,Clothing
CUST00328,2025-01-15,22.54,Travel
CUST00328,2024-07-17,41.2,Dining
CUST00328,2024-11-23,48.51,Clothing
CUST00328,2024-11-20,44.81,Travel
CUST00328,2025-04-09,13.19,Dining
CUST00328,2024-05-23,12.99,Clothing
CUST00328,2025-05-22,402.26,Clothing
CUST00328,2024-04-23,130.17,Electronics
CUST00328,2024-05-12,156.7,Grocery
CUST00328,2024-12-21,26.94,Electronics
CUST00328,2025-01-30,36.26,Travel
CUST00328,2025-07-20,32.49,Dining
CUST00328,2025-02-27,26.74,Grocery
CUST00328,2025-05-19,19.85,Grocery
CUST00328,2025-04-21,32.31,Dining
CUST00328,2024-05-31,325.68,Travel
CUST00328,2024-06-28,75.99,Dining
CUST00328,2025-05-11,42.65,Dining
CUST00328,2025-08-01,34.87,Grocery
CUST00328,2025-02-19,18.06,Travel
CUST00328,2025-08-01,232.54,Electronics
CUST00328,2024-05-23,76.19,Dining
CUST00328,2024-08-22,46.89,Dining
CUST00328,2024-12-03,25.99,Grocery
CUST00328,2024-11-26,14.63,Electronics
CUST00328,2025-03-04,42.88,Travel
CUST00328,2024-11-03,70.0,Clothing
CUST00328,2025-02-03,58.28,Travel
CUST00328,2025-02-28,7.39,Electronics
CUST00328,2024-10-23,20.29,Electronics
CUST00328,2025-07-08,324.04,Dining
CUST00328,2025-02-28,10.32,Electronics
CUST00328,2025-03-28,44.66,Travel
CUST00328,2024-11-01,204.04,Electronics
CUST00328,2024-06-20,9.12,Travel
CUST00328,2024-06-23,91.89,Travel
CUST00328,2025-02-18,21.09,Dining
CUST00328,2025-06-20,67.17,Travel
CUST00328,2024-08-27,9.2,Clothing
CUST00328,2024-06-24,27.4,Electronics
CUST00328,2024-08-16,59.37,Grocery
CUST00328,2024-05-05,68.36,Grocery
CUST00328,2025-03-09,9.57,Clothing
CUST00328,2025-01-06,67.98,Clothing
CUST00328,2024-05-18,279.82,Travel
CUST00328,2025-05-03,194.39,Grocery
CUST00328,2024-08-11,194.12,Electronics
CUST00328,2025-04-30,13.56,Travel
CUST00328,2024-08-06,14.41,Grocery
CUST00328,2025-01-26,41.95,Clothing
CUST00328,2024-10-21,37.65,Dining
CUST00328,2025-07-27,140.62,Travel
CUST00328,2024-04-28,87.13,Electronics
CUST00328,2024-10-12,162.96,Electronics
CUST00328,2024-08-04,64.02,Electronics
CUST00328,2025-04-25,182.91,Clothing
CUST00328,2025-06-17,354.92,Grocery
CUST00328,2024-07-12,140.29,Clothing
CUST00328,2024-08-06,5.85,Travel
CUST00328,2025-03-25,15.21,Electronics
CUST00328,2024-09-29,458.79,Travel
CUST00328,2025-01-21,142.46,Dining
CUST00328,2025-02-26,135.21,Clothing
CUST00328,2024-11-08,131.74,Clothing
CUST00328,2025-02-09,97.32,Electronics
CUST00328,2024-05-31,147.69,Dining
CUST00328,2024-06-07,46.07,Electronics
CUST00328,2025-02-04,6.95,Grocery
CUST00328,2025-02-06,58.73,Dining
CUST00328,2025-05-25,53.45,Travel
CUST00328,2025-02-01,94.08,Travel
CUST00328,2025-01-09,80.85,Grocery
CUST00328,2025-06-26,177.39,Travel
CUST00328,2025-03-26,59.12,Clothing
CUST00328,2025-05-14,26.87,Travel
CUST00328,2024-06-28,48.91,Clothing
CUST00328,2025-05-31,9.52,Dining
CUST00328,2025-03-08,106.57,Clothing
CUST00328,2024-11-11,42.02,Clothing
CUST00328,2024-06-10,119.66,Electronics
CUST00328,2025-05-17,177.88,Clothing
CUST00328,2024-12-17,54.7,Electronics
CUST00328,2024-09-08,33.93,Dining
CUST00328,2024-04-26,33.32,Electronics
CUST00328,2024-12-06,139.73,Electronics
CUST00329,2023-09-17,243.01,Clothing
CUST00329,2021-12-14,17.2,Travel
CUST00329,2024-10-07,73.19,Grocery
CUST00329,2024-10-28,75.48,Electronics
CUST00329,2024-12-24,50.35,Electronics
CUST00329,2021-07-06,454.19,Clothing
CUST00329,2023-12-26,51.3,Dining
CUST00329,2022-01-28,219.11,Clothing
CUST00329,2024-10-02,40.14,Travel
CUST00329,2022-12-24,195.64,Grocery
CUST00329,2023-08-14,180.07,Clothing
CUST00329,2024-12-19,31.63,Electronics
CUST00329,2025-01-20,101.53,Electronics
CUST00329,2025-02-08,93.14,Grocery
CUST00329,2021-03-25,36.42,Electronics
CUST00329,2021-10-12,87.64,Dining
CUST00329,2022-11-02,217.27,Clothing
CUST00329,2022-08-03,73.8,Dining
CUST00329,2023-09-22,30.3,Clothing
CUST00329,2022-07-04,6.19,Electronics
CUST00329,2022-07-15,247.17,Clothing
CUST00329,2025-05-08,141.6,Travel
CUST00329,2024-06-30,146.61,Electronics
CUST00329,2022-11-15,37.71,Grocery
CUST00329,2022-09-28,199.89,Dining
CUST00329,2021-08-02,16.08,Dining
CUST00329,2021-06-29,7.83,Electronics
CUST00329,2023-01-21,82.35,Electronics
CUST00329,2025-02-02,41.03,Clothing
CUST00329,2025-07-26,153.3,Clothing
CUST00329,2021-11-10,161.01,Electronics
CUST00329,2023-04-20,26.98,Dining
CUST00329,2022-04-25,44.8,Grocery
CUST00329,2023-02-06,24.52,Dining
CUST00329,2021-07-05,19.25,Dining
CUST00329,2022-12-30,150.64,Grocery
CUST00329,2025-05-08,32.13,Clothing
CUST00329,2024-03-04,27.28,Grocery
CUST00329,2022-07-11,44.4,Grocery
CUST00329,2022-09-11,58.99,Grocery
CUST00329,2024-08-08,65.53,Dining
CUST00329,2021-10-21,19.56,Dining
CUST00329,2025-08-01,52.66,Electronics
CUST00329,2023-03-14,300.57,Clothing
CUST00329,2023-11-08,182.2,Grocery
CUST00329,2022-12-03,70.0,Clothing
CUST00329,2025-02-28,49.79,Electronics
CUST00329,2023-06-30,65.1,Grocery
CUST00329,2024-07-01,40.84,Grocery
CUST00329,2021-10-24,44.16,Electronics
CUST00329,2023-03-05,27.71,Travel
CUST00329,2025-04-29,84.02,Grocery
CUST00329,2025-05-14,126.92,Clothing
CUST00329,2021-11-23,53.86,Clothing
CUST00329,2025-01-14,120.09,Electronics
CUST00329,2024-01-29,162.51,Dining
CUST00329,2025-05-16,16.48,Electronics
CUST00329,2024-09-30,42.73,Clothing
CUST00329,2024-12-24,39.7,Travel
CUST00329,2025-07-21,94.98,Grocery
CUST00329,2025-03-15,71.36,Dining
CUST00329,2021-04-29,12.13,Travel
CUST00329,2023-06-03,10.38,Travel
CUST00329,2021-05-29,42.82,Clothing
CUST00329,2023-07-23,41.8,Dining
CUST00329,2025-06-28,22.58,Travel
CUST00329,2024-02-03,8.12,Grocery
CUST00329,2021-08-14,50.0,Clothing
CUST00329,2023-12-11,78.22,Electronics
CUST00329,2022-09-28,111.88,Travel
CUST00329,2021-11-06,80.91,Travel
CUST00329,2024-02-29,49.76,Grocery
CUST00329,2023-07-10,5.57,Travel
CUST00329,2022-05-05,21.78,Grocery
CUST00329,2025-05-15,85.84,Dining
CUST00329,2021-07-03,385.45,Travel
CUST00329,2024-08-02,92.47,Electronics
CUST00329,2021-07-13,44.73,Dining
CUST00329,2021-07-13,45.0,Grocery
CUST00329,2024-12-26,186.36,Grocery
CUST00329,2024-11-13,32.56,Clothing
CUST00329,2024-09-21,57.46,Grocery
CUST00329,2021-11-13,334.3,Grocery
CUST00329,2024-11-04,40.27,Dining
CUST00329,2023-07-02,32.92,Electronics
CUST00329,2024-09-14,24.14,Clothing
CUST00329,2023-04-11,17.02,Clothing
CUST00329,2023-07-07,112.86,Electronics
CUST00329,2024-11-07,86.72,Electronics
CUST00329,2025-02-23,21.54,Grocery
CUST00329,2021-08-17,111.84,Clothing
CUST00329,2022-06-06,112.01,Grocery
CUST00329,2023-07-22,61.31,Grocery
CUST00329,2022-08-31,159.28,Clothing
CUST00329,2022-03-11,34.57,Dining
CUST00329,2023-08-09,187.51,Clothing
CUST00329,2025-04-03,535.78,Dining
CUST00329,2024-04-02,312.2,Grocery
CUST00329,2025-01-29,32.53,Travel
CUST00330,2025-05-21,28.61,Dining
CUST00330,2024-12-05,10.93,Dining
CUST00330,2025-04-25,26.68,Clothing
CUST00330,2023-10-27,71.78,Travel
CUST00330,2024-10-12,97.02,Dining
CUST00330,2025-02-22,77.37,Dining
CUST00330,2025-06-28,45.02,Electronics
CUST00330,2024-01-23,33.34,Dining
CUST00330,2025-01-07,31.89,Clothing
CUST00330,2023-09-14,43.85,Grocery
CUST00330,2025-07-06,177.52,Dining
CUST00330,2025-04-13,52.46,Electronics
CUST00330,2024-09-15,99.14,Electronics
CUST00330,2024-08-22,51.89,Grocery
CUST00330,2024-03-19,192.61,Clothing
CUST00330,2024-05-28,15.22,Grocery
CUST00330,2024-07-18,37.3,Clothing
CUST00330,2024-02-01,295.58,Electronics
CUST00330,2023-11-01,18.17,Travel
CUST00330,2023-06-02,31.0,Travel
CUST00330,2025-06-29,63.77,Clothing
CUST00330,2023-07-16,266.81,Travel
CUST00330,2024-05-18,38.04,Electronics
CUST00330,2023-07-15,33.2,Electronics
CUST00330,2023-08-06,107.05,Travel
CUST00330,2023-09-09,138.36,Grocery
CUST00330,2025-01-05,20.74,Travel
CUST00330,2024-08-03,20.57,Electronics
CUST00330,2023-04-26,116.77,Dining
CUST00330,2023-11-04,18.0,Clothing
CUST00330,2024-05-18,45.91,Electronics
CUST00330,2025-05-13,19.46,Grocery
CUST00330,2023-09-29,92.53,Dining
CUST00330,2023-05-22,274.58,Grocery
CUST00330,2024-05-10,42.97,Travel
CUST00330,2024-02-18,122.66,Electronics
CUST00330,2024-10-25,68.01,Dining
CUST00330,2025-02-07,86.42,Grocery
CUST00330,2023-12-16,6.44,Dining
CUST00330,2025-01-28,74.46,Clothing
CUST00330,2025-01-02,317.62,Travel
CUST00330,2025-04-15,22.52,Travel
CUST00330,2023-10-25,29.24,Electronics
CUST00330,2024-01-09,70.82,Clothing
CUST00330,2025-01-15,78.69,Grocery
CUST00330,2024-10-23,27.29,Clothing
CUST00330,2023-07-27,90.4,Clothing
CUST00330,2025-08-01,16.06,Dining
CUST00330,2023-09-06,51.47,Clothing
CUST00330,2024-06-14,279.98,Dining
CUST00330,2024-10-10,104.38,Dining
CUST00330,2025-03-30,168.63,Clothing
CUST00330,2025-07-10,55.2,Grocery
CUST00330,2025-06-09,333.33,Dining
CUST00330,2024-10-20,48.0,Dining
CUST00330,2025-03-03,55.94,Dining
CUST00330,2025-01-09,143.92,Clothing
CUST00330,2024-03-24,201.89,Dining
CUST00330,2025-05-27,14.31,Grocery
CUST00330,2024-03-18,23.93,Electronics
CUST00330,2025-06-24,180.35,Dining
CUST00330,2025-06-09,35.85,Grocery
CUST00330,2023-03-26,44.66,Grocery
CUST00330,2023-05-14,158.17,Clothing
CUST00330,2025-05-09,57.58,Dining
CUST00330,2024-04-21,87.41,Electronics
CUST00330,2024-09-03,207.16,Travel
CUST00330,2023-08-04,55.93,Dining
CUST00330,2025-02-16,37.62,Dining
CUST00330,2024-06-27,31.71,Travel
CUST00330,2023-08-19,84.28,Clothing
CUST00330,2024-12-17,39.34,Dining
CUST00330,2023-10-25,13.67,Dining
CUST00330,2024-01-29,174.32,Travel
CUST00330,2023-05-22,58.77,Clothing
CUST00330,2024-08-17,71.54,Grocery
CUST00330,2024-07-05,132.13,Grocery
CUST00330,2023-09-19,74.74,Travel
CUST00330,2023-09-08,154.84,Dining
CUST00330,2024-03-30,46.3,Grocery
CUST00330,2024-03-17,33.58,Dining
CUST00330,2025-05-25,122.45,Grocery
CUST00330,2025-06-30,102.61,Travel
CUST00330,2024-07-28,115.65,Travel
CUST00330,2024-05-14,98.96,Electronics
CUST00330,2023-10-05,265.29,Clothing
CUST00330,2024-06-01,61.53,Grocery
CUST00330,2025-03-21,101.14,Travel
CUST00330,2023-10-19,51.31,Dining
CUST00330,2024-08-08,76.55,Clothing
CUST00330,2024-06-30,30.17,Clothing
CUST00330,2024-04-12,307.79,Grocery
CUST00330,2024-07-24,6.27,Electronics
CUST00330,2024-03-03,77.28,Travel
CUST00330,2023-05-08,57.35,Clothing
CUST00330,2023-04-26,46.34,Dining
CUST00330,2023-09-30,26.11,Grocery
CUST00330,2023-12-27,60.37,Travel
CUST00330,2023-12-06,145.79,Grocery
CUST00330,2024-02-14,100.42,Dining
CUST00330,2024-05-01,606.65,Electronics
CUST00331,2025-04-06,69.59,Dining
CUST00331,2023-03-18,98.08,Grocery
CUST00331,2024-01-04,32.6,Clothing
CUST00331,2023-03-30,86.68,Grocery
CUST00331,2024-03-06,45.12,Electronics
CUST00331,2025-03-29,101.33,Travel
CUST00331,2025-06-18,69.69,Travel
CUST00331,2025-03-12,261.83,Grocery
CUST00331,2023-03-30,84.68,Dining
CUST00331,2023-04-05,7.84,Dining
CUST00331,2024-02-07,9.74,Travel
CUST00331,2022-12-03,37.22,Clothing
CUST00331,2023-03-13,20.86,Electronics
CUST00331,2022-05-17,10.91,Dining
CUST00331,2025-01-17,137.05,Clothing
CUST00331,2022-04-30,7.55,Dining
CUST00331,2025-04-11,125.43,Dining
CUST00331,2023-07-30,180.71,Grocery
CUST00331,2024-06-21,35.43,Dining
CUST00331,2025-03-28,104.29,Travel
CUST00331,2022-09-16,46.87,Dining
CUST00331,2025-01-02,40.05,Clothing
CUST00331,2025-02-07,63.87,Dining
CUST00331,2024-07-28,126.9,Grocery
CUST00331,2025-07-28,21.77,Travel
CUST00331,2022-09-06,102.2,Dining
CUST00331,2022-10-17,106.48,Electronics
CUST00331,2024-07-18,177.12,Grocery
CUST00331,2023-11-06,34.14,Grocery
CUST00331,2023-01-04,15.45,Grocery
CUST00331,2023-10-30,335.99,Travel
CUST00331,2024-03-15,65.26,Clothing
CUST00331,2022-05-27,76.07,Clothing
CUST00331,2022-06-18,28.98,Travel
CUST00331,2022-03-15,303.15,Clothing
CUST00331,2023-06-22,182.34,Electronics
CUST00331,2023-05-16,19.54,Clothing
CUST00331,2023-07-05,22.33,Travel
CUST00331,2024-10-17,209.35,Clothing
CUST00331,2022-10-05,225.94,Clothing
CUST00331,2025-02-22,60.09,Grocery
CUST00331,2024-06-01,205.1,Clothing
CUST00331,2023-06-22,28.43,Grocery
CUST00331,2023-05-10,17.2,Travel
CUST00331,2024-03-16,25.1,Clothing
CUST00331,2025-03-07,90.39,Grocery
CUST00331,2024-01-22,32.0,Dining
CUST00331,2023-10-08,67.7,Electronics
CUST00331,2024-05-07,147.84,Electronics
CUST00331,2023-09-15,98.76,Clothing
CUST00331,2023-03-19,79.73,Dining
CUST00331,2023-02-25,91.56,Grocery
CUST00331,2023-04-06,11.04,Travel
CUST00331,2022-10-04,230.0,Electronics
CUST00331,2023-02-16,88.98,Clothing
CUST00331,2025-01-30,21.97,Electronics
CUST00331,2024-02-18,139.99,Clothing
CUST00331,2024-07-09,9.36,Dining
CUST00331,2022-09-13,41.77,Travel
CUST00331,2024-10-19,85.77,Electronics
CUST00331,2023-10-26,20.34,Travel
CUST00331,2022-04-01,95.8,Clothing
CUST00331,2023-02-03,112.46,Dining
CUST00331,2025-05-28,71.88,Travel
CUST00331,2023-07-26,98.83,Grocery
CUST00331,2023-05-10,90.4,Grocery
CUST00331,2025-07-12,67.95,Clothing
CUST00331,2024-08-05,6.2,Travel
CUST00331,2024-09-18,28.33,Clothing
CUST00331,2022-09-21,45.77,Clothing
CUST00331,2022-08-12,40.19,Dining
CUST00331,2023-11-20,36.24,Grocery
CUST00331,2024-06-05,6.37,Travel
CUST00331,2023-05-27,23.47,Electronics
CUST00331,2022-12-28,264.26,Clothing
CUST00331,2024-08-31,21.89,Electronics
CUST00331,2024-01-19,77.23,Grocery
CUST00331,2022-02-17,55.33,Dining
CUST00331,2024-09-08,319.12,Grocery
CUST00331,2023-10-26,62.46,Electronics
CUST00331,2022-09-16,31.16,Electronics
CUST00331,2025-05-19,126.63,Dining
CUST00331,2024-12-12,40.8,Clothing
CUST00331,2023-12-27,364.1,Grocery
CUST00331,2022-06-23,33.89,Grocery
CUST00331,2024-07-12,164.65,Clothing
CUST00331,2022-07-14,68.92,Dining
CUST00331,2024-01-14,154.33,Clothing
CUST00331,2023-10-11,29.39,Clothing
CUST00331,2023-12-03,50.65,Grocery
CUST00331,2022-06-10,212.46,Travel
CUST00331,2023-02-27,6.06,Travel
CUST00331,2022-09-15,9.07,Dining
CUST00331,2022-06-20,64.91,Clothing
CUST00331,2023-08-30,75.32,Dining
CUST00331,2025-02-02,30.52,Electronics
CUST00331,2024-10-15,76.39,Travel
CUST00331,2023-03-28,46.0,Clothing
CUST00331,2025-02-04,162.86,Electronics
CUST00331,2025-05-08,110.2,Dining
CUST00331,2024-03-18,24.59,Dining
CUST00331,2025-02-21,140.0,Electronics
CUST00331,2024-05-15,35.51,Clothing
CUST00331,2022-11-21,13.75,Electronics
CUST00331,2023-05-21,25.62,Dining
CUST00331,2023-05-25,125.7,Grocery
CUST00331,2023-12-18,18.12,Travel
CUST00331,2022-06-14,111.0,Clothing
CUST00331,2022-04-24,128.12,Dining
CUST00331,2024-04-18,124.92,Clothing
CUST00331,2024-07-11,14.64,Dining
CUST00331,2024-04-13,130.61,Clothing
CUST00331,2022-11-09,76.04,Electronics
CUST00332,2025-05-20,57.9,Grocery
CUST00332,2024-09-20,17.27,Clothing
CUST00332,2025-03-31,173.0,Grocery
CUST00332,2025-01-05,149.42,Electronics
CUST00332,2025-05-01,89.04,Grocery
CUST00332,2025-03-28,95.75,Travel
CUST00332,2025-02-10,51.27,Clothing
CUST00332,2024-12-09,119.98,Grocery
CUST00332,2024-12-07,81.09,Clothing
CUST00332,2024-12-21,33.4,Travel
CUST00332,2025-06-16,237.54,Travel
CUST00332,2025-04-02,114.15,Dining
CUST00332,2025-02-04,256.22,Dining
CUST00332,2025-02-18,93.58,Dining
CUST00332,2025-01-13,41.45,Grocery
CUST00332,2025-06-10,7.05,Electronics
CUST00332,2025-02-15,48.06,Clothing
CUST00332,2024-11-27,156.42,Clothing
CUST00332,2025-07-23,62.49,Clothing
CUST00332,2024-10-29,23.39,Clothing
CUST00332,2025-03-04,25.76,Dining
CUST00332,2025-07-18,53.59,Clothing
CUST00332,2025-06-04,40.65,Dining
CUST00332,2025-06-23,76.44,Grocery
CUST00332,2025-07-25,51.57,Travel
CUST00332,2025-05-18,68.41,Dining
CUST00332,2025-01-18,290.2,Electronics
CUST00332,2024-10-14,94.2,Dining
CUST00332,2025-05-26,5.83,Clothing
CUST00332,2025-07-21,85.38,Dining
CUST00332,2024-10-27,23.41,Clothing
CUST00332,2024-12-29,53.19,Dining
CUST00332,2025-02-27,21.87,Dining
CUST00332,2025-05-03,8.12,Dining
CUST00332,2025-06-30,343.45,Grocery
CUST00332,2024-10-24,76.58,Dining
CUST00332,2025-02-06,193.42,Dining
CUST00332,2025-02-19,11.86,Clothing
CUST00332,2024-11-25,129.93,Electronics
CUST00332,2024-11-11,19.27,Electronics
CUST00332,2025-03-19,12.94,Electronics
CUST00332,2024-12-27,49.8,Grocery
CUST00332,2025-03-30,97.4,Electronics
CUST00332,2024-11-02,130.14,Grocery
CUST00332,2024-11-14,121.33,Travel
CUST00332,2025-06-27,104.59,Dining
CUST00332,2025-03-15,11.06,Clothing
CUST00332,2024-12-15,29.38,Travel
CUST00332,2024-11-10,89.74,Clothing
CUST00332,2025-07-31,44.45,Travel
CUST00332,2025-05-18,85.53,Grocery
CUST00332,2025-04-23,27.74,Dining
CUST00332,2025-05-10,18.25,Dining
CUST00332,2025-07-21,80.27,Electronics
CUST00332,2025-04-14,105.29,Electronics
CUST00332,2024-12-27,19.39,Dining
CUST00332,2024-12-26,51.87,Electronics
CUST00332,2025-07-21,39.97,Dining
CUST00332,2025-03-04,423.42,Travel
CUST00332,2025-05-12,21.12,Travel
CUST00332,2025-05-30,30.09,Grocery
CUST00332,2025-01-06,218.6,Grocery
CUST00332,2025-01-22,143.42,Clothing
CUST00332,2025-03-13,88.83,Travel
CUST00332,2024-12-17,17.72,Clothing
CUST00332,2025-06-14,22.87,Electronics
CUST00332,2024-10-11,16.9,Dining
CUST00332,2025-01-10,23.69,Grocery
CUST00332,2025-02-12,169.59,Clothing
CUST00332,2025-06-21,189.3,Travel
CUST00332,2024-09-18,164.12,Travel
CUST00332,2024-09-19,18.67,Electronics
CUST00332,2024-10-27,32.43,Electronics
CUST00332,2024-10-08,12.88,Travel
CUST00332,2025-07-11,26.07,Dining
CUST00332,2025-02-16,107.05,Grocery
CUST00332,2025-04-08,29.52,Electronics
CUST00332,2025-04-14,82.89,Grocery
CUST00332,2025-05-18,58.54,Electronics
CUST00332,2025-03-21,34.84,Dining
CUST00332,2025-06-21,32.17,Dining
CUST00332,2024-12-14,70.31,Dining
CUST00332,2025-07-19,51.96,Travel
CUST00332,2025-04-22,79.03,Grocery
CUST00332,2025-07-27,206.63,Travel
CUST00332,2025-01-08,233.07,Travel
CUST00332,2025-04-21,180.29,Grocery
CUST00332,2024-10-15,47.11,Clothing
CUST00332,2024-10-14,31.88,Travel
CUST00332,2025-02-16,5.82,Grocery
CUST00332,2025-05-04,45.2,Travel
CUST00332,2024-10-18,13.26,Travel
CUST00332,2024-10-12,121.86,Electronics
CUST00332,2024-09-20,38.27,Grocery
CUST00332,2025-02-15,141.53,Travel
CUST00332,2024-10-26,146.76,Electronics
CUST00332,2025-02-14,15.87,Dining
CUST00332,2025-04-16,53.17,Electronics
CUST00332,2024-12-22,16.3,Electronics
CUST00332,2025-04-21,146.83,Electronics
CUST00332,2025-06-11,135.26,Electronics
CUST00332,2025-01-06,12.25,Dining
CUST00332,2025-03-26,24.79,Travel
CUST00332,2025-01-09,115.19,Travel
CUST00332,2025-06-24,234.75,Clothing
CUST00332,2025-02-28,29.11,Dining
CUST00332,2025-01-29,10.51,Clothing
CUST00332,2025-05-30,62.24,Grocery
CUST00332,2025-03-11,85.86,Travel
CUST00332,2025-06-10,7.24,Electronics
CUST00332,2025-01-22,224.37,Clothing
CUST00332,2025-02-04,53.96,Electronics
CUST00332,2024-10-15,40.57,Travel
CUST00332,2025-06-18,98.93,Grocery
CUST00332,2025-03-29,8.08,Travel
CUST00332,2025-07-20,36.54,Travel
CUST00332,2025-01-16,10.08,Travel
CUST00333,2023-11-14,62.38,Grocery
CUST00333,2025-04-25,66.83,Dining
CUST00333,2024-11-13,56.46,Grocery
CUST00333,2025-01-12,21.96,Dining
CUST00333,2024-05-27,206.83,Travel
CUST00333,2025-07-31,30.64,Grocery
CUST00333,2025-07-26,49.16,Grocery
CUST00333,2023-05-23,64.18,Clothing
CUST00333,2024-04-05,45.64,Dining
CUST00333,2025-03-03,8.32,Travel
CUST00333,2024-03-12,8.02,Grocery
CUST00333,2025-02-08,29.06,Travel
CUST00333,2024-08-14,18.3,Clothing
CUST00333,2023-08-14,9.45,Dining
CUST00333,2025-04-17,149.19,Clothing
CUST00333,2024-11-19,48.72,Electronics
CUST00333,2023-05-21,20.15,Grocery
CUST00333,2024-08-28,207.76,Grocery
CUST00333,2023-08-29,121.68,Grocery
CUST00333,2024-11-27,15.48,Electronics
CUST00333,2025-07-09,146.56,Grocery
CUST00333,2023-03-09,15.98,Clothing
CUST00333,2024-01-25,122.39,Electronics
CUST00333,2023-05-04,67.38,Grocery
CUST00333,2025-07-26,339.84,Clothing
CUST00333,2024-04-05,10.46,Grocery
CUST00333,2023-08-02,7.08,Travel
CUST00333,2024-06-11,379.4,Travel
CUST00333,2023-10-23,129.37,Electronics
CUST00333,2024-01-31,122.01,Clothing
CUST00333,2024-02-01,40.87,Dining
CUST00333,2025-01-06,10.34,Clothing
CUST00333,2023-03-15,35.62,Dining
CUST00333,2024-04-14,96.13,Grocery
CUST00333,2024-03-17,13.26,Grocery
CUST00333,2024-03-30,38.29,Electronics
CUST00333,2023-05-28,31.0,Clothing
CUST00333,2024-03-21,272.8,Electronics
CUST00333,2024-02-28,34.11,Grocery
CUST00333,2025-03-12,29.49,Clothing
CUST00333,2023-11-02,133.77,Grocery
CUST00333,2025-03-21,15.08,Travel
CUST00333,2025-06-07,140.62,Travel
CUST00333,2025-03-09,92.81,Electronics
CUST00333,2025-03-09,49.41,Grocery
CUST00333,2023-09-03,386.74,Travel
CUST00333,2024-04-23,59.21,Electronics
CUST00333,2024-06-27,25.17,Travel
CUST00333,2025-04-04,9.08,Clothing
CUST00333,2023-02-10,20.48,Electronics
CUST00333,2023-04-25,6.73,Grocery
CUST00333,2025-06-07,56.99,Grocery
CUST00333,2023-12-18,12.0,Electronics
CUST00333,2024-07-20,10.15,Clothing
CUST00333,2024-02-29,20.29,Electronics
CUST00333,2023-02-09,60.74,Grocery
CUST00333,2024-10-27,21.19,Clothing
CUST00333,2024-06-22,187.38,Electronics
CUST00333,2025-02-15,32.36,Travel
CUST00333,2024-06-21,6.96,Clothing
CUST00333,2024-09-07,450.54,Grocery
CUST00333,2025-01-07,55.21,Electronics
CUST00333,2024-01-31,36.08,Grocery
CUST00333,2025-02-22,13.75,Travel
CUST00333,2024-11-01,318.26,Clothing
CUST00333,2024-07-13,95.16,Electronics
CUST00333,2024-09-11,79.5,Electronics
CUST00333,2024-08-19,216.27,Travel
CUST00333,2025-04-01,138.36,Electronics
CUST00333,2025-04-04,24.04,Clothing
CUST00333,2023-02-24,24.96,Grocery
CUST00333,2024-08-10,50.54,Electronics
CUST00333,2025-03-28,38.57,Grocery
CUST00333,2025-06-23,61.3,Dining
CUST00333,2025-07-10,67.2,Clothing
CUST00333,2024-09-29,31.71,Travel
CUST00333,2025-04-09,49.25,Dining
CUST00333,2024-02-28,180.85,Electronics
CUST00333,2024-05-10,184.38,Electronics
CUST00333,2025-02-16,58.47,Clothing
CUST00333,2023-08-20,118.79,Electronics
CUST00333,2023-07-15,7.93,Grocery
CUST00333,2023-01-14,57.51,Electronics
CUST00333,2023-12-07,105.83,Electronics
CUST00333,2023-02-27,102.19,Electronics
CUST00333,2023-03-31,26.12,Electronics
CUST00333,2023-01-30,46.95,Grocery
CUST00333,2024-02-23,24.68,Travel
CUST00333,2023-05-12,219.34,Dining
CUST00333,2023-04-15,153.26,Clothing
CUST00333,2024-06-18,55.04,Dining
CUST00333,2023-11-24,102.97,Dining
CUST00333,2024-01-25,72.87,Travel
CUST00333,2024-05-18,86.7,Dining
CUST00333,2024-07-18,37.65,Electronics
CUST00333,2023-04-14,13.83,Dining
CUST00333,2023-11-15,46.72,Electronics
CUST00333,2024-01-29,71.86,Clothing
CUST00333,2025-04-10,59.22,Travel
CUST00333,2024-01-16,74.94,Clothing
CUST00333,2024-02-28,36.04,Grocery
CUST00333,2024-10-04,31.13,Electronics
CUST00334,2024-05-26,105.81,Grocery
CUST00334,2025-03-31,32.54,Electronics
CUST00334,2024-11-10,67.26,Grocery
CUST00334,2024-08-11,84.95,Dining
CUST00334,2024-02-19,82.66,Travel
CUST00334,2023-11-02,89.21,Electronics
CUST00334,2022-01-07,79.62,Grocery
CUST00334,2021-12-03,100.6,Clothing
CUST00334,2022-01-31,24.91,Electronics
CUST00334,2022-09-29,61.52,Clothing
CUST00334,2024-03-18,9.17,Electronics
CUST00334,2024-08-10,165.05,Clothing
CUST00334,2023-02-14,15.47,Electronics
CUST00334,2022-04-07,275.79,Electronics
CUST00334,2023-01-26,123.17,Dining
CUST00334,2022-12-01,43.44,Dining
CUST00334,2023-05-26,252.95,Dining
CUST00334,2022-05-18,38.54,Travel
CUST00334,2025-01-16,67.67,Electronics
CUST00334,2023-01-24,50.51,Clothing
CUST00334,2024-07-09,80.79,Electronics
CUST00334,2021-09-23,136.28,Travel
CUST00334,2025-05-27,10.55,Clothing
CUST00334,2023-07-05,59.2,Grocery
CUST00334,2024-12-31,334.47,Clothing
CUST00334,2023-05-11,54.96,Dining
CUST00334,2024-07-07,22.56,Dining
CUST00334,2024-09-06,86.78,Electronics
CUST00334,2023-04-03,44.15,Dining
CUST00334,2024-02-27,5.64,Clothing
CUST00334,2025-07-08,32.34,Travel
CUST00334,2022-03-23,24.39,Dining
CUST00334,2023-01-18,44.65,Electronics
CUST00334,2024-11-01,394.97,Dining
CUST00334,2022-03-11,128.8,Dining
CUST00334,2024-09-24,32.91,Dining
CUST00334,2021-11-11,46.62,Travel
CUST00334,2024-05-04,33.2,Clothing
CUST00334,2025-06-26,97.79,Grocery
CUST00334,2023-02-03,13.85,Dining
CUST00334,2024-05-30,52.31,Travel
CUST00334,2025-03-12,103.02,Travel
CUST00334,2022-12-15,9.46,Electronics
CUST00334,2021-12-28,119.84,Electronics
CUST00334,2021-09-20,39.39,Travel
CUST00334,2025-01-20,32.3,Clothing
CUST00334,2024-11-05,94.18,Clothing
CUST00334,2023-05-14,172.35,Travel
CUST00334,2024-02-14,10.87,Travel
CUST00334,2023-05-28,83.55,Clothing
CUST00334,2025-01-04,5.22,Grocery
CUST00334,2025-03-26,116.57,Dining
CUST00334,2023-11-26,12.86,Clothing
CUST00334,2023-08-20,31.32,Clothing
CUST00334,2023-03-04,10.8,Travel
CUST00334,2024-09-25,36.37,Electronics
CUST00334,2025-05-10,23.65,Travel
CUST00334,2025-03-13,10.99,Travel
CUST00334,2025-02-06,11.11,Dining
CUST00334,2024-08-08,360.98,Clothing
CUST00334,2023-01-12,104.16,Electronics
CUST00334,2025-01-15,47.27,Electronics
CUST00334,2022-09-06,25.71,Clothing
CUST00334,2022-09-06,168.5,Dining
CUST00334,2024-12-22,139.37,Dining
CUST00334,2022-01-19,29.38,Grocery
CUST00334,2024-10-12,104.41,Dining
CUST00334,2024-08-10,192.51,Electronics
CUST00334,2022-07-23,157.17,Travel
CUST00334,2022-03-24,8.84,Grocery
CUST00334,2021-10-29,194.55,Electronics
CUST00334,2023-01-06,108.8,Grocery
CUST00334,2022-08-26,63.83,Grocery
CUST00334,2024-04-20,47.29,Dining
CUST00334,2024-09-18,90.9,Electronics
CUST00334,2023-09-09,51.36,Clothing
CUST00334,2023-03-24,63.96,Clothing
CUST00334,2022-09-16,84.33,Grocery
CUST00334,2023-02-25,24.2,Travel
CUST00334,2025-06-03,37.75,Electronics
CUST00334,2023-03-11,91.53,Travel
CUST00334,2024-05-30,12.02,Electronics
CUST00334,2024-07-06,55.18,Clothing
CUST00334,2025-05-20,7.82,Travel
CUST00334,2022-09-08,7.62,Clothing
CUST00334,2024-06-24,17.1,Clothing
CUST00334,2024-06-17,127.87,Grocery
CUST00334,2024-01-12,226.67,Clothing
CUST00334,2022-08-25,173.73,Dining
CUST00334,2024-02-15,93.3,Travel
CUST00334,2024-03-22,7.19,Travel
CUST00334,2023-11-10,21.73,Dining
CUST00334,2021-10-02,125.56,Travel
CUST00334,2022-10-09,71.4,Clothing
CUST00334,2024-07-29,156.31,Grocery
CUST00334,2025-04-30,15.45,Clothing
CUST00334,2022-05-19,108.85,Grocery
CUST00334,2022-02-22,348.92,Clothing
CUST00334,2021-12-13,29.0,Dining
CUST00334,2025-04-16,222.55,Grocery
CUST00334,2022-07-08,38.73,Grocery
CUST00334,2022-05-30,28.64,Grocery
CUST00334,2024-09-18,73.93,Travel
CUST00334,2023-04-30,89.23,Dining
CUST00334,2022-02-13,191.5,Grocery
CUST00334,2022-09-28,50.89,Travel
CUST00334,2024-06-03,30.76,Clothing
CUST00334,2023-03-06,97.52,Clothing
CUST00334,2023-04-02,63.35,Dining
CUST00334,2022-01-11,51.39,Grocery
CUST00334,2023-12-25,224.59,Electronics
CUST00334,2023-03-05,98.82,Dining
CUST00334,2023-08-18,11.07,Dining
CUST00334,2023-12-02,190.83,Travel
CUST00334,2024-12-16,49.55,Electronics
CUST00334,2024-03-01,51.58,Grocery
CUST00335,2023-08-15,308.85,Travel
CUST00335,2024-03-27,8.32,Electronics
CUST00335,2022-12-23,179.62,Clothing
CUST00335,2021-09-03,62.52,Grocery
CUST00335,2023-05-12,74.39,Dining
CUST00335,2024-10-13,198.71,Travel
CUST00335,2023-03-11,150.97,Grocery
CUST00335,2024-08-03,8.52,Grocery
CUST00335,2024-08-20,133.93,Travel
CUST00335,2022-07-13,82.86,Grocery
CUST00335,2022-08-27,194.96,Grocery
CUST00335,2021-12-21,69.5,Electronics
CUST00335,2024-05-08,115.51,Grocery
CUST00335,2025-07-25,70.26,Dining
CUST00335,2025-07-26,253.51,Clothing
CUST00335,2025-01-02,32.75,Grocery
CUST00335,2024-04-19,27.41,Electronics
CUST00335,2024-04-18,61.29,Dining
CUST00335,2023-04-24,40.78,Dining
CUST00335,2022-10-23,173.44,Travel
CUST00335,2024-02-10,72.81,Clothing
CUST00335,2025-05-09,25.72,Electronics
CUST00335,2024-11-12,12.19,Electronics
CUST00335,2023-01-30,261.12,Clothing
CUST00335,2022-01-08,192.74,Grocery
CUST00335,2024-04-23,22.59,Electronics
CUST00335,2023-10-09,15.94,Travel
CUST00335,2022-06-24,19.12,Travel
CUST00335,2022-10-15,9.18,Grocery
CUST00335,2023-05-14,26.61,Travel
CUST00335,2024-03-08,25.21,Electronics
CUST00335,2023-01-15,261.39,Electronics
CUST00335,2022-12-30,163.33,Travel
CUST00335,2021-11-02,66.06,Travel
CUST00335,2021-08-29,31.06,Travel
CUST00335,2022-07-26,6.95,Travel
CUST00335,2021-08-01,70.34,Clothing
CUST00335,2022-10-25,107.56,Electronics
CUST00335,2025-06-01,113.94,Travel
CUST00335,2025-07-13,130.92,Dining
CUST00335,2023-08-27,22.5,Grocery
CUST00335,2024-10-13,124.02,Grocery
CUST00335,2025-02-10,44.72,Grocery
CUST00335,2022-04-21,121.4,Grocery
CUST00335,2022-03-25,51.14,Travel
CUST00335,2023-06-27,144.03,Travel
CUST00335,2022-09-27,8.45,Clothing
CUST00335,2021-09-24,12.33,Clothing
CUST00335,2025-02-19,111.9,Dining
CUST00335,2023-04-08,62.11,Grocery
CUST00335,2023-01-13,49.69,Dining
CUST00335,2021-10-16,272.09,Clothing
CUST00335,2023-07-22,140.16,Dining
CUST00335,2022-10-23,85.96,Clothing
CUST00335,2024-06-07,35.2,Electronics
CUST00335,2022-08-19,153.29,Travel
CUST00335,2023-02-08,227.03,Clothing
CUST00335,2024-06-24,33.61,Dining
CUST00335,2022-01-06,55.08,Clothing
CUST00335,2022-10-02,55.91,Dining
CUST00335,2021-09-11,11.91,Grocery
CUST00335,2022-03-23,50.21,Dining
CUST00335,2021-12-19,281.39,Electronics
CUST00335,2024-01-31,89.47,Clothing
CUST00335,2024-03-22,61.03,Grocery
CUST00335,2021-10-02,187.24,Dining
CUST00335,2024-03-14,84.73,Grocery
CUST00335,2023-07-04,38.57,Clothing
CUST00335,2022-04-15,7.06,Dining
CUST00335,2022-05-12,39.58,Electronics
CUST00335,2024-09-27,49.1,Electronics
CUST00335,2024-04-18,295.47,Travel
CUST00335,2024-09-08,42.17,Travel
CUST00336,2024-03-26,11.19,Dining
CUST00336,2024-02-18,22.64,Dining
CUST00336,2024-09-16,63.9,Clothing
CUST00336,2024-04-06,105.63,Travel
CUST00336,2024-11-09,102.04,Electronics
CUST00336,2025-07-29,63.5,Electronics
CUST00336,2023-11-16,44.9,Grocery
CUST00336,2025-01-16,53.76,Electronics
CUST00336,2023-12-23,62.65,Clothing
CUST00336,2024-05-11,147.62,Travel
CUST00336,2024-04-22,98.64,Grocery
CUST00336,2023-11-05,58.12,Electronics
CUST00336,2025-03-22,168.11,Dining
CUST00336,2023-11-10,150.54,Clothing
CUST00336,2025-07-05,21.36,Clothing
CUST00336,2025-01-08,123.15,Travel
CUST00336,2024-08-17,59.56,Travel
CUST00336,2024-09-07,32.6,Electronics
CUST00336,2025-03-22,99.03,Travel
CUST00336,2024-02-07,175.9,Grocery
CUST00336,2024-12-12,22.09,Dining
CUST00336,2024-07-05,97.67,Electronics
CUST00336,2024-02-03,53.4,Grocery
CUST00336,2025-07-19,10.22,Electronics
CUST00336,2025-04-16,14.31,Travel
CUST00336,2024-02-16,65.09,Clothing
CUST00336,2025-02-25,14.27,Travel
CUST00336,2025-04-13,144.68,Electronics
CUST00336,2024-07-28,37.48,Electronics
CUST00336,2025-05-12,125.35,Grocery
CUST00336,2025-03-03,62.06,Clothing
CUST00336,2025-07-20,34.53,Electronics
CUST00336,2025-06-16,40.53,Clothing
CUST00336,2025-01-24,15.06,Grocery
CUST00336,2024-01-10,124.78,Clothing
CUST00336,2024-11-10,182.88,Grocery
CUST00336,2023-11-24,21.44,Grocery
CUST00336,2024-04-04,156.88,Grocery
CUST00336,2025-02-08,31.42,Clothing
CUST00336,2025-07-26,166.43,Clothing
CUST00336,2023-11-23,95.65,Dining
CUST00336,2024-04-05,15.05,Clothing
CUST00336,2025-03-09,5.46,Travel
CUST00336,2024-09-26,7.98,Dining
CUST00336,2024-11-17,272.53,Dining
CUST00336,2025-03-11,38.73,Dining
CUST00336,2025-04-13,74.84,Dining
CUST00336,2025-04-05,46.35,Clothing
CUST00336,2024-04-06,162.75,Travel
CUST00336,2023-11-28,286.5,Electronics
CUST00336,2024-12-23,91.25,Dining
CUST00336,2023-10-21,53.46,Grocery
CUST00336,2024-09-30,75.67,Clothing
CUST00336,2025-01-23,34.3,Travel
CUST00336,2024-03-15,91.86,Clothing
CUST00336,2024-10-28,7.08,Clothing
CUST00336,2025-07-21,331.74,Travel
CUST00336,2025-06-08,10.43,Electronics
CUST00336,2025-05-07,86.54,Grocery
CUST00336,2023-12-04,120.24,Electronics
CUST00336,2024-01-18,143.54,Dining
CUST00336,2024-01-25,20.31,Electronics
CUST00336,2024-10-19,7.49,Clothing
CUST00336,2023-12-06,41.0,Clothing
CUST00336,2023-10-29,115.86,Clothing
CUST00336,2024-01-02,35.4,Clothing
CUST00336,2025-05-09,196.57,Travel
CUST00336,2025-03-02,40.55,Dining
CUST00336,2024-07-06,10.03,Dining
CUST00336,2024-02-24,14.58,Grocery
CUST00336,2024-09-22,32.9,Dining
CUST00336,2025-03-22,41.66,Clothing
CUST00336,2025-01-26,33.84,Travel
CUST00336,2023-11-16,408.97,Travel
CUST00336,2024-01-11,56.58,Grocery
CUST00336,2024-08-24,27.57,Electronics
CUST00336,2024-11-05,261.42,Electronics
CUST00336,2025-03-18,198.75,Dining
CUST00336,2025-07-04,80.26,Dining
CUST00336,2024-05-02,94.18,Clothing
CUST00336,2025-02-07,100.46,Grocery
CUST00336,2023-11-24,21.21,Dining
CUST00336,2024-03-15,20.36,Grocery
CUST00336,2023-10-25,72.49,Clothing
CUST00336,2025-06-30,71.52,Travel
CUST00336,2024-04-24,35.65,Clothing
CUST00336,2023-10-25,10.75,Travel
CUST00336,2024-07-18,81.87,Electronics
CUST00336,2024-11-19,78.58,Electronics
CUST00336,2024-11-14,229.38,Electronics
CUST00336,2025-02-03,27.53,Travel
CUST00336,2023-12-13,176.47,Grocery
CUST00336,2024-12-21,41.55,Travel
CUST00336,2023-10-27,43.24,Clothing
CUST00336,2023-12-18,9.06,Electronics
CUST00336,2024-10-21,150.74,Travel
CUST00337,2025-07-29,38.27,Dining
CUST00337,2025-07-29,26.03,Grocery
CUST00337,2025-07-27,142.41,Dining
CUST00337,2025-07-27,150.47,Travel
CUST00337,2025-07-29,106.09,Dining
CUST00337,2025-07-31,182.88,Clothing
CUST00337,2025-07-28,28.76,Clothing
CUST00337,2025-07-29,124.54,Clothing
CUST00337,2025-07-26,102.01,Dining
CUST00337,2025-07-28,32.63,Electronics
CUST00337,2025-07-30,167.49,Dining
CUST00337,2025-07-28,178.35,Travel
CUST00337,2025-07-31,345.9,Travel
CUST00337,2025-07-30,20.91,Electronics
CUST00337,2025-07-29,42.84,Dining
CUST00337,2025-07-27,33.96,Travel
CUST00337,2025-08-01,188.5,Travel
CUST00337,2025-07-31,17.05,Dining
CUST00337,2025-07-30,221.75,Travel
CUST00337,2025-08-01,97.01,Dining
CUST00337,2025-07-31,124.62,Dining
CUST00337,2025-07-26,5.42,Grocery
CUST00337,2025-07-27,177.18,Electronics
CUST00337,2025-07-27,40.41,Clothing
CUST00337,2025-07-29,83.98,Electronics
CUST00337,2025-07-30,202.12,Clothing
CUST00337,2025-07-30,36.32,Clothing
CUST00337,2025-07-29,16.9,Travel
CUST00337,2025-07-26,16.1,Grocery
CUST00337,2025-07-28,99.39,Electronics
CUST00337,2025-07-28,33.02,Grocery
CUST00337,2025-07-30,78.6,Electronics
CUST00337,2025-07-26,7.91,Electronics
CUST00337,2025-07-30,179.75,Travel
CUST00337,2025-07-27,8.94,Travel
CUST00337,2025-07-30,118.22,Electronics
CUST00337,2025-07-28,5.69,Clothing
CUST00337,2025-07-30,67.59,Dining
CUST00337,2025-07-30,248.33,Grocery
CUST00337,2025-07-28,13.27,Dining
CUST00337,2025-07-26,87.74,Dining
CUST00337,2025-08-01,27.09,Grocery
CUST00337,2025-07-31,145.53,Grocery
CUST00337,2025-07-28,66.53,Travel
CUST00337,2025-07-28,54.07,Electronics
CUST00337,2025-07-31,12.64,Electronics
CUST00337,2025-07-30,124.18,Travel
CUST00337,2025-07-27,37.72,Travel
CUST00337,2025-07-26,83.45,Electronics
CUST00337,2025-07-28,22.16,Travel
CUST00337,2025-07-30,17.8,Clothing
CUST00337,2025-07-30,85.76,Grocery
CUST00337,2025-07-29,72.2,Clothing
CUST00337,2025-07-26,23.88,Electronics
CUST00337,2025-07-27,30.36,Dining
CUST00337,2025-07-31,7.03,Electronics
CUST00337,2025-07-29,58.74,Dining
CUST00337,2025-08-01,38.03,Dining
CUST00337,2025-07-27,114.65,Grocery
CUST00337,2025-07-31,85.95,Dining
CUST00337,2025-07-26,11.54,Travel
CUST00337,2025-07-27,173.53,Travel
CUST00337,2025-07-29,111.26,Electronics
CUST00337,2025-07-31,219.23,Grocery
CUST00337,2025-07-28,106.88,Grocery
CUST00337,2025-07-31,56.54,Clothing
CUST00337,2025-07-31,176.87,Clothing
CUST00337,2025-07-26,49.17,Electronics
CUST00337,2025-07-30,7.53,Clothing
CUST00337,2025-07-26,170.11,Clothing
CUST00337,2025-07-31,74.29,Electronics
CUST00337,2025-07-27,56.95,Electronics
CUST00337,2025-08-01,97.73,Dining
CUST00337,2025-07-26,181.21,Electronics
CUST00337,2025-07-31,10.45,Dining
CUST00337,2025-07-26,108.41,Dining
CUST00337,2025-07-28,142.54,Dining
CUST00337,2025-07-31,153.73,Grocery
CUST00337,2025-07-27,288.71,Electronics
CUST00337,2025-08-01,153.31,Travel
CUST00337,2025-07-29,28.13,Travel
CUST00337,2025-07-26,6.36,Clothing
CUST00337,2025-07-29,5.6,Dining
CUST00337,2025-07-31,224.76,Travel
CUST00337,2025-07-28,51.77,Grocery
CUST00337,2025-08-01,9.19,Dining
CUST00337,2025-07-29,14.68,Clothing
CUST00337,2025-08-01,22.61,Travel
CUST00337,2025-07-29,14.09,Travel
CUST00337,2025-07-28,115.75,Clothing
CUST00337,2025-08-01,20.72,Electronics
CUST00337,2025-07-31,23.37,Grocery
CUST00337,2025-08-01,15.71,Travel
CUST00337,2025-07-30,59.7,Dining
CUST00337,2025-07-26,111.28,Dining
CUST00337,2025-07-27,12.73,Travel
CUST00337,2025-07-31,95.3,Travel
CUST00337,2025-07-29,79.86,Electronics
CUST00337,2025-07-28,41.42,Grocery
CUST00337,2025-08-01,20.49,Electronics
CUST00337,2025-07-30,35.13,Dining
CUST00337,2025-07-27,163.08,Electronics
CUST00337,2025-07-26,20.04,Travel
CUST00337,2025-07-26,62.46,Clothing
CUST00338,2025-05-20,97.1,Electronics
CUST00338,2024-02-19,72.38,Dining
CUST00338,2024-01-25,154.58,Dining
CUST00338,2023-11-18,63.79,Dining
CUST00338,2023-03-31,8.44,Grocery
CUST00338,2025-04-06,139.51,Grocery
CUST00338,2024-10-29,95.2,Grocery
CUST00338,2023-08-26,19.27,Travel
CUST00338,2024-10-27,246.07,Electronics
CUST00338,2023-07-28,140.19,Clothing
CUST00338,2023-05-23,158.1,Electronics
CUST00338,2024-08-10,108.44,Dining
CUST00338,2024-05-10,39.05,Travel
CUST00338,2024-04-05,92.58,Grocery
CUST00338,2024-04-22,39.69,Electronics
CUST00338,2024-01-09,27.22,Clothing
CUST00338,2025-06-18,25.36,Travel
CUST00338,2024-06-17,135.1,Dining
CUST00338,2025-05-20,5.61,Dining
CUST00338,2023-10-19,31.91,Electronics
CUST00338,2024-09-02,48.99,Dining
CUST00338,2024-01-20,54.48,Travel
CUST00338,2025-07-25,7.31,Electronics
CUST00338,2024-11-07,49.91,Grocery
CUST00338,2025-06-21,94.01,Electronics
CUST00338,2025-04-26,72.71,Travel
CUST00338,2023-04-04,43.39,Electronics
CUST00338,2025-06-18,104.18,Clothing
CUST00338,2024-11-03,160.88,Dining
CUST00338,2023-06-01,48.77,Electronics
CUST00338,2025-02-06,8.92,Clothing
CUST00338,2025-02-08,9.5,Dining
CUST00338,2023-08-12,22.86,Electronics
CUST00338,2023-07-10,38.92,Electronics
CUST00338,2025-05-28,140.07,Clothing
CUST00338,2024-11-08,101.2,Dining
CUST00338,2023-06-26,54.58,Grocery
CUST00338,2025-04-24,53.8,Clothing
CUST00338,2024-05-21,63.97,Electronics
CUST00338,2024-03-27,93.07,Electronics
CUST00338,2023-04-12,93.49,Travel
CUST00338,2025-01-10,35.6,Electronics
CUST00338,2024-07-25,76.8,Grocery
CUST00338,2024-07-02,69.85,Dining
CUST00338,2024-07-17,32.43,Dining
CUST00338,2024-07-23,10.67,Clothing
CUST00338,2023-03-07,83.22,Travel
CUST00338,2023-02-23,72.06,Travel
CUST00338,2024-02-21,89.5,Grocery
CUST00338,2024-05-12,75.82,Grocery
CUST00338,2023-11-25,95.91,Electronics
CUST00338,2023-11-11,130.38,Travel
CUST00338,2024-03-12,114.97,Travel
CUST00338,2025-01-09,24.9,Dining
CUST00338,2025-04-06,40.79,Dining
CUST00338,2024-04-22,70.87,Electronics
CUST00338,2023-03-11,86.4,Electronics
CUST00338,2024-04-22,85.7,Dining
CUST00338,2023-12-28,100.65,Clothing
CUST00338,2025-02-03,36.45,Travel
CUST00338,2025-02-06,54.59,Electronics
CUST00338,2024-11-22,190.49,Travel
CUST00338,2024-12-17,7.3,Dining
CUST00338,2025-05-03,73.83,Travel
CUST00338,2024-02-18,212.27,Travel
CUST00338,2025-07-07,48.97,Travel
CUST00338,2024-07-15,66.94,Travel
CUST00338,2024-02-18,49.58,Electronics
CUST00338,2025-05-17,7.9,Clothing
CUST00338,2024-04-09,184.94,Dining
CUST00338,2025-06-26,21.35,Electronics
CUST00338,2024-12-15,22.94,Travel
CUST00338,2023-04-24,133.08,Travel
CUST00338,2025-05-01,5.08,Dining
CUST00338,2023-08-04,189.42,Grocery
CUST00338,2024-01-28,81.28,Travel
CUST00338,2023-03-11,57.07,Grocery
CUST00338,2025-04-14,144.01,Electronics
CUST00338,2024-02-05,53.45,Grocery
CUST00338,2023-05-17,238.33,Travel
CUST00338,2024-08-20,23.91,Electronics
CUST00338,2023-11-22,17.34,Dining
CUST00338,2024-03-04,10.37,Travel
CUST00338,2023-07-08,208.56,Electronics
CUST00338,2025-01-08,126.14,Travel
CUST00338,2024-07-22,36.87,Grocery
CUST00338,2024-11-02,30.52,Clothing
CUST00338,2023-05-18,91.54,Electronics
CUST00338,2024-03-21,52.5,Electronics
CUST00338,2024-12-21,84.18,Electronics
CUST00338,2024-04-24,47.31,Electronics
CUST00338,2023-05-11,42.89,Travel
CUST00338,2025-07-19,124.08,Electronics
CUST00338,2025-05-05,264.19,Electronics
CUST00338,2024-09-01,38.34,Dining
CUST00338,2024-04-05,21.43,Electronics
CUST00338,2023-03-21,134.95,Travel
CUST00338,2024-08-10,138.05,Dining
CUST00338,2024-08-07,363.15,Grocery
CUST00338,2024-12-20,20.62,Travel
CUST00338,2024-07-22,80.02,Electronics
CUST00338,2024-11-21,240.73,Clothing
CUST00339,2024-03-16,144.49,Dining
CUST00339,2025-01-05,139.85,Grocery
CUST00339,2025-04-24,414.62,Electronics
CUST00339,2025-06-22,36.41,Dining
CUST00339,2025-01-10,184.43,Grocery
CUST00339,2022-10-05,27.38,Clothing
CUST00339,2024-03-01,20.36,Electronics
CUST00339,2023-02-26,16.75,Clothing
CUST00339,2023-06-04,66.8,Electronics
CUST00339,2025-03-09,103.09,Dining
CUST00339,2024-09-04,185.4,Electronics
CUST00339,2025-01-11,19.56,Travel
CUST00339,2022-12-25,12.56,Electronics
CUST00339,2024-05-14,102.12,Dining
CUST00339,2024-01-18,46.46,Dining
CUST00339,2025-02-22,118.68,Grocery
CUST00339,2025-06-23,36.66,Dining
CUST00339,2023-11-03,337.76,Dining
CUST00339,2025-04-15,43.46,Electronics
CUST00339,2025-04-02,11.7,Clothing
CUST00339,2023-05-20,25.92,Electronics
CUST00339,2025-05-30,7.7,Travel
CUST00339,2025-01-08,74.72,Electronics
CUST00339,2023-01-07,36.36,Clothing
CUST00339,2022-12-27,225.51,Electronics
CUST00339,2024-09-15,66.87,Dining
CUST00339,2024-05-23,132.05,Dining
CUST00339,2025-04-11,17.37,Grocery
CUST00339,2025-07-27,18.17,Grocery
CUST00339,2024-01-17,175.19,Travel
CUST00339,2024-12-21,95.68,Electronics
CUST00339,2024-05-08,59.22,Dining
CUST00339,2025-04-16,34.95,Grocery
CUST00339,2024-04-14,46.42,Travel
CUST00339,2024-09-10,91.3,Travel
CUST00339,2023-01-10,24.14,Travel
CUST00339,2023-05-06,75.06,Clothing
CUST00339,2025-05-20,225.23,Clothing
CUST00339,2024-05-13,5.59,Grocery
CUST00339,2025-05-17,34.58,Dining
CUST00339,2025-06-15,37.17,Travel
CUST00339,2023-06-12,151.24,Travel
CUST00339,2025-04-03,30.41,Grocery
CUST00339,2023-06-10,374.08,Electronics
CUST00339,2024-06-24,33.09,Electronics
CUST00339,2023-01-24,114.97,Clothing
CUST00339,2023-06-09,158.55,Clothing
CUST00339,2024-03-04,75.77,Grocery
CUST00339,2024-07-20,11.14,Grocery
CUST00339,2024-09-23,214.68,Travel
CUST00339,2025-07-25,70.28,Electronics
CUST00339,2024-11-15,95.03,Electronics
CUST00339,2025-03-16,92.83,Dining
CUST00339,2025-05-04,43.19,Grocery
CUST00339,2024-08-03,208.27,Travel
CUST00339,2024-03-25,53.92,Travel
CUST00339,2023-09-05,7.65,Clothing
CUST00339,2022-10-27,123.86,Dining
CUST00339,2023-07-15,5.72,Grocery
CUST00339,2025-05-11,211.88,Grocery
CUST00339,2023-11-08,60.32,Travel
CUST00339,2023-11-02,42.25,Clothing
CUST00339,2023-05-14,91.55,Clothing
CUST00339,2025-07-02,8.28,Grocery
CUST00339,2024-09-09,22.73,Travel
CUST00339,2023-05-26,97.25,Clothing
CUST00339,2025-01-15,23.44,Electronics
CUST00339,2025-07-09,85.83,Clothing
CUST00339,2024-04-28,12.67,Electronics
CUST00339,2023-12-26,122.79,Electronics
CUST00339,2024-04-28,56.05,Grocery
CUST00339,2023-05-25,5.82,Grocery
CUST00339,2025-02-01,53.4,Grocery
CUST00339,2023-06-03,43.34,Clothing
CUST00339,2023-09-07,79.8,Electronics
CUST00339,2024-06-24,49.92,Electronics
CUST00339,2023-09-08,12.02,Travel
CUST00339,2023-10-12,31.78,Grocery
CUST00339,2024-07-26,83.03,Clothing
CUST00339,2024-05-20,42.0,Grocery
CUST00339,2024-01-10,102.59,Grocery
CUST00339,2023-01-01,24.14,Electronics
CUST00339,2024-06-06,19.47,Electronics
CUST00339,2024-02-23,155.79,Clothing
CUST00339,2023-10-21,22.23,Dining
CUST00339,2023-06-10,15.93,Clothing
CUST00339,2022-10-12,154.64,Grocery
CUST00339,2024-04-04,109.65,Dining
CUST00339,2024-01-27,66.46,Grocery
CUST00339,2023-11-24,124.61,Dining
CUST00339,2024-04-03,87.66,Dining
CUST00339,2024-04-11,114.07,Travel
CUST00339,2023-04-08,73.99,Travel
CUST00339,2025-03-30,60.52,Electronics
CUST00339,2024-01-06,78.78,Electronics
CUST00339,2025-06-24,60.84,Clothing
CUST00339,2025-04-08,79.43,Travel
CUST00339,2024-04-01,251.07,Dining
CUST00339,2025-01-02,72.21,Electronics
CUST00340,2025-01-25,154.32,Clothing
CUST00340,2022-05-09,120.62,Dining
CUST00340,2022-08-15,82.24,Clothing
CUST00340,2022-08-30,40.88,Dining
CUST00340,2022-10-21,78.78,Electronics
CUST00340,2022-04-29,43.38,Grocery
CUST00340,2021-05-31,9.21,Dining
CUST00340,2022-05-20,24.47,Electronics
CUST00340,2022-02-06,102.65,Grocery
CUST00340,2024-10-10,20.25,Dining
CUST00340,2024-03-06,39.5,Grocery
CUST00340,2024-02-06,60.3,Clothing
CUST00340,2023-04-20,22.69,Clothing
CUST00340,2023-07-06,132.36,Clothing
CUST00340,2023-12-14,165.82,Clothing
CUST00340,2025-01-02,86.27,Travel
CUST00340,2021-02-19,89.2,Electronics
CUST00340,2023-01-22,105.33,Grocery
CUST00340,2021-12-31,22.06,Grocery
CUST00340,2021-12-20,108.43,Dining
CUST00340,2023-01-13,25.86,Electronics
CUST00340,2024-02-21,17.3,Electronics
CUST00340,2024-09-27,28.57,Travel
CUST00340,2021-05-28,6.66,Dining
CUST00340,2024-03-21,9.52,Travel
CUST00340,2024-12-20,120.34,Travel
CUST00340,2024-03-28,285.98,Electronics
CUST00340,2022-08-15,29.89,Travel
CUST00340,2024-05-15,24.12,Electronics
CUST00340,2022-12-06,86.29,Travel
CUST00340,2023-11-13,14.28,Travel
CUST00340,2023-06-07,21.36,Travel
CUST00340,2023-02-27,25.55,Dining
CUST00340,2021-07-24,34.45,Clothing
CUST00340,2024-01-05,235.49,Dining
CUST00340,2024-01-28,5.61,Clothing
CUST00340,2023-09-06,6.19,Grocery
CUST00340,2023-12-21,46.93,Dining
CUST00340,2025-03-02,15.76,Travel
CUST00340,2022-02-15,67.46,Dining
CUST00340,2025-02-08,105.46,Grocery
CUST00340,2022-01-28,15.5,Travel
CUST00340,2024-06-26,40.89,Clothing
CUST00340,2025-05-12,139.02,Grocery
CUST00340,2023-02-09,46.47,Grocery
CUST00340,2023-03-23,23.52,Grocery
CUST00340,2023-01-07,22.81,Travel
CUST00340,2023-04-06,48.78,Clothing
CUST00340,2023-12-12,100.63,Dining
CUST00340,2022-12-03,7.0,Dining
CUST00340,2023-09-08,68.3,Clothing
CUST00340,2022-11-28,81.48,Electronics
CUST00340,2025-04-05,5.73,Clothing
CUST00340,2023-05-22,29.64,Dining
CUST00340,2021-12-30,69.59,Travel
CUST00340,2022-03-07,91.8,Dining
CUST00340,2021-03-23,8.35,Clothing
CUST00340,2023-10-18,15.71,Dining
CUST00340,2023-02-23,76.7,Grocery
CUST00340,2025-07-20,13.09,Electronics
CUST00340,2024-10-14,61.9,Electronics
CUST00340,2022-03-13,225.85,Dining
CUST00340,2024-05-07,79.49,Travel
CUST00340,2024-12-07,56.23,Travel
CUST00340,2023-03-06,27.89,Travel
CUST00340,2022-04-26,103.5,Electronics
CUST00340,2021-09-12,101.75,Clothing
CUST00340,2024-03-20,61.37,Electronics
CUST00340,2023-03-21,176.01,Travel
CUST00340,2023-04-15,37.22,Electronics
CUST00340,2023-08-06,112.99,Travel
CUST00340,2024-10-12,150.6,Clothing
CUST00340,2022-06-10,116.33,Grocery
CUST00340,2022-01-16,70.71,Travel
CUST00340,2024-12-07,10.14,Dining
CUST00340,2023-05-15,60.86,Electronics
CUST00340,2024-09-18,134.32,Electronics
CUST00340,2024-12-15,20.86,Dining
CUST00340,2024-01-02,57.46,Clothing
CUST00340,2023-05-31,53.26,Electronics
CUST00340,2022-03-17,99.25,Dining
CUST00340,2023-04-07,43.35,Clothing
CUST00340,2024-06-15,68.65,Grocery
CUST00340,2024-10-12,96.3,Electronics
CUST00340,2024-10-03,333.73,Dining
CUST00340,2024-03-24,198.51,Dining
CUST00340,2023-09-05,209.98,Clothing
CUST00340,2022-02-13,145.43,Grocery
CUST00340,2022-08-24,124.26,Grocery
CUST00340,2021-12-08,31.11,Grocery
CUST00340,2024-04-27,209.1,Grocery
CUST00340,2025-04-29,12.82,Grocery
CUST00340,2023-08-08,166.36,Travel
CUST00340,2024-03-22,138.1,Dining
CUST00340,2023-08-26,65.24,Dining
CUST00340,2024-05-13,61.16,Dining
CUST00340,2021-04-20,76.99,Dining
CUST00340,2024-03-27,57.1,Travel
CUST00340,2022-05-08,286.11,Electronics
CUST00341,2024-03-13,8.18,Clothing
CUST00341,2023-06-14,8.69,Dining
CUST00341,2025-02-08,34.26,Electronics
CUST00341,2023-03-07,80.68,Clothing
CUST00341,2024-09-30,39.51,Grocery
CUST00341,2025-01-23,175.84,Electronics
CUST00341,2024-03-12,159.83,Dining
CUST00341,2023-10-21,352.18,Dining
CUST00341,2025-01-30,71.2,Clothing
CUST00341,2023-03-26,31.49,Grocery
CUST00341,2025-02-24,56.11,Electronics
CUST00341,2023-12-05,36.52,Clothing
CUST00341,2025-04-05,48.91,Travel
CUST00341,2023-08-08,191.48,Travel
CUST00341,2025-01-18,66.12,Dining
CUST00341,2025-01-07,8.58,Electronics
CUST00341,2025-03-18,152.9,Travel
CUST00341,2024-12-15,23.86,Grocery
CUST00341,2025-06-03,71.42,Electronics
CUST00341,2024-09-22,8.45,Dining
CUST00341,2023-02-09,140.17,Clothing
CUST00341,2023-06-29,113.05,Travel
CUST00341,2024-05-13,248.31,Dining
CUST00341,2024-12-06,38.01,Dining
CUST00341,2024-04-07,76.78,Electronics
CUST00341,2024-03-21,133.87,Clothing
CUST00341,2025-05-24,59.8,Travel
CUST00341,2024-02-08,45.98,Grocery
CUST00341,2024-02-23,152.65,Travel
CUST00341,2025-05-11,130.94,Electronics
CUST00341,2024-10-30,66.13,Electronics
CUST00341,2024-11-05,22.23,Clothing
CUST00341,2023-02-13,27.61,Travel
CUST00341,2023-07-26,23.3,Dining
CUST00341,2023-08-30,68.58,Dining
CUST00341,2025-07-26,55.54,Dining
CUST00341,2024-07-27,106.48,Electronics
CUST00341,2024-05-18,101.65,Electronics
CUST00341,2024-09-28,32.83,Dining
CUST00341,2023-12-20,259.7,Dining
CUST00341,2024-01-01,46.12,Travel
CUST00341,2025-07-18,59.74,Grocery
CUST00341,2023-07-07,41.26,Electronics
CUST00341,2023-08-11,457.74,Clothing
CUST00341,2024-06-15,30.53,Electronics
CUST00341,2025-05-25,111.45,Electronics
CUST00341,2023-04-13,29.26,Electronics
CUST00341,2024-06-23,130.47,Grocery
CUST00341,2025-03-16,10.61,Dining
CUST00341,2024-03-15,40.13,Grocery
CUST00341,2025-06-07,162.53,Electronics
CUST00341,2024-01-28,87.72,Grocery
CUST00341,2023-07-03,81.18,Electronics
CUST00341,2025-01-30,59.66,Dining
CUST00341,2024-07-02,6.4,Dining
CUST00341,2023-04-04,14.3,Clothing
CUST00341,2025-06-14,238.63,Dining
CUST00341,2025-03-03,14.24,Dining
CUST00341,2025-01-10,105.23,Grocery
CUST00341,2024-08-24,77.2,Electronics
CUST00341,2024-06-07,30.1,Dining
CUST00341,2023-03-21,20.95,Travel
CUST00341,2023-04-30,59.14,Dining
CUST00341,2023-07-28,83.88,Grocery
CUST00341,2024-05-15,87.6,Clothing
CUST00341,2023-08-23,92.42,Electronics
CUST00341,2024-12-09,66.61,Clothing
CUST00341,2025-01-24,25.11,Electronics
CUST00341,2023-10-09,43.45,Electronics
CUST00341,2025-06-04,70.32,Travel
CUST00341,2023-08-26,45.47,Clothing
CUST00341,2024-07-13,57.28,Dining
CUST00341,2025-05-06,124.28,Travel
CUST00341,2024-05-22,14.49,Travel
CUST00341,2023-05-24,33.03,Dining
CUST00341,2024-09-28,195.16,Electronics
CUST00341,2024-10-09,209.68,Clothing
CUST00341,2023-05-18,185.38,Dining
CUST00341,2023-04-25,72.14,Electronics
CUST00341,2025-01-17,12.58,Grocery
CUST00341,2025-02-07,99.98,Grocery
CUST00341,2024-08-16,16.34,Travel
CUST00341,2023-03-14,151.41,Dining
CUST00341,2023-10-01,380.28,Travel
CUST00341,2024-10-17,26.62,Travel
CUST00341,2025-05-10,122.31,Clothing
CUST00341,2024-10-04,33.06,Clothing
CUST00341,2023-04-17,132.44,Travel
CUST00341,2024-09-27,116.59,Travel
CUST00341,2023-07-22,34.64,Electronics
CUST00341,2024-08-17,7.52,Travel
CUST00341,2025-04-02,23.36,Travel
CUST00341,2025-01-28,36.23,Travel
CUST00341,2024-06-30,89.14,Electronics
CUST00341,2023-06-12,23.26,Electronics
CUST00342,2025-07-27,55.23,Dining
CUST00342,2024-04-06,6.03,Travel
CUST00342,2024-01-19,108.87,Grocery
CUST00342,2021-05-31,131.36,Clothing
CUST00342,2023-07-01,108.74,Travel
CUST00342,2024-01-27,95.3,Clothing
CUST00342,2022-04-02,76.45,Electronics
CUST00342,2021-10-23,16.23,Travel
CUST00342,2024-05-01,149.85,Grocery
CUST00342,2023-11-05,10.29,Clothing
CUST00342,2023-05-30,229.44,Electronics
CUST00342,2025-03-30,56.94,Dining
CUST00342,2022-06-13,122.37,Grocery
CUST00342,2021-09-25,33.71,Dining
CUST00342,2023-04-21,20.45,Travel
CUST00342,2022-08-08,783.06,Grocery
CUST00342,2021-09-10,254.43,Clothing
CUST00342,2024-03-23,95.08,Grocery
CUST00342,2025-02-13,32.97,Dining
CUST00342,2022-04-14,34.26,Clothing
CUST00342,2024-06-25,94.0,Electronics
CUST00342,2023-11-03,40.85,Travel
CUST00342,2024-03-12,160.67,Dining
CUST00342,2021-09-24,32.44,Electronics
CUST00342,2021-09-25,38.81,Travel
CUST00342,2023-01-14,96.76,Electronics
CUST00342,2021-02-17,279.9,Electronics
CUST00342,2024-10-06,155.02,Grocery
CUST00342,2022-05-10,94.24,Grocery
CUST00342,2021-12-04,73.05,Grocery
CUST00342,2021-05-30,13.73,Dining
CUST00342,2022-03-25,231.35,Electronics
CUST00342,2022-12-11,5.14,Dining
CUST00342,2022-04-23,242.67,Travel
CUST00342,2021-11-16,36.96,Dining
CUST00342,2025-01-26,244.75,Clothing
CUST00342,2021-10-26,31.94,Clothing
CUST00342,2024-05-22,5.34,Dining
CUST00342,2023-12-21,69.81,Clothing
CUST00342,2023-11-01,120.91,Travel
CUST00342,2021-03-15,6.41,Dining
CUST00342,2021-03-16,54.19,Clothing
CUST00342,2025-06-29,24.61,Clothing
CUST00342,2023-08-10,68.03,Grocery
CUST00342,2024-12-23,70.65,Travel
CUST00342,2024-11-24,72.81,Electronics
CUST00342,2023-09-23,124.63,Travel
CUST00342,2021-05-07,40.38,Dining
CUST00342,2021-06-28,37.74,Grocery
CUST00342,2023-04-29,47.03,Electronics
CUST00342,2022-03-17,43.31,Travel
CUST00342,2023-11-30,168.25,Dining
CUST00342,2021-11-05,230.86,Grocery
CUST00342,2021-01-27,38.8,Travel
CUST00342,2023-03-09,188.18,Electronics
CUST00342,2024-05-31,355.27,Travel
CUST00342,2023-09-01,69.47,Dining
CUST00342,2023-11-24,488.19,Electronics
CUST00342,2023-04-11,12.52,Grocery
CUST00342,2021-12-13,49.42,Grocery
CUST00342,2022-02-18,21.35,Grocery
CUST00342,2023-01-05,88.92,Grocery
CUST00342,2024-12-25,25.86,Electronics
CUST00342,2021-09-23,219.89,Electronics
CUST00342,2025-05-26,207.91,Grocery
CUST00342,2021-11-07,45.41,Grocery
CUST00342,2023-04-06,33.82,Travel
CUST00342,2024-10-27,75.65,Travel
CUST00342,2024-03-17,160.18,Dining
CUST00342,2022-09-23,64.39,Dining
CUST00342,2022-09-10,153.73,Grocery
CUST00342,2022-09-05,22.8,Electronics
CUST00342,2024-11-08,77.98,Travel
CUST00342,2023-09-19,96.95,Grocery
CUST00342,2024-01-16,41.87,Grocery
CUST00342,2021-03-01,144.14,Travel
CUST00342,2022-02-23,264.29,Travel
CUST00342,2021-06-28,356.33,Electronics
CUST00342,2023-09-24,15.82,Dining
CUST00342,2023-04-20,47.77,Travel
CUST00342,2023-01-20,239.44,Clothing
CUST00342,2021-10-14,26.97,Grocery
CUST00342,2024-03-03,24.27,Dining
CUST00342,2023-10-18,33.96,Grocery
CUST00342,2025-03-07,54.14,Grocery
CUST00342,2021-05-03,82.3,Dining
CUST00342,2021-10-08,52.6,Clothing
CUST00342,2023-10-09,10.41,Dining
CUST00342,2025-07-24,12.55,Dining
CUST00342,2024-03-01,55.3,Travel
CUST00342,2025-06-26,445.21,Travel
CUST00342,2025-06-19,14.72,Clothing
CUST00342,2021-08-19,39.0,Grocery
CUST00342,2024-06-15,13.06,Grocery
CUST00342,2024-04-30,132.86,Electronics
CUST00342,2024-08-26,192.9,Dining
CUST00342,2022-04-01,68.51,Travel
CUST00342,2021-05-21,6.13,Electronics
CUST00342,2021-08-13,181.01,Electronics
CUST00342,2021-07-28,21.03,Dining
CUST00342,2023-03-30,8.38,Electronics
CUST00342,2021-09-28,8.37,Electronics
CUST00342,2023-11-14,45.45,Dining
CUST00342,2021-07-26,80.37,Electronics
CUST00343,2023-04-03,32.62,Travel
CUST00343,2025-06-11,62.65,Electronics
CUST00343,2023-09-12,34.7,Grocery
CUST00343,2023-03-12,12.71,Travel
CUST00343,2022-04-25,41.89,Clothing
CUST00343,2024-03-15,110.71,Grocery
CUST00343,2022-05-08,9.27,Travel
CUST00343,2022-05-19,148.42,Electronics
CUST00343,2022-11-12,38.74,Clothing
CUST00343,2022-03-03,93.12,Travel
CUST00343,2024-07-22,39.32,Dining
CUST00343,2022-10-06,12.52,Electronics
CUST00343,2022-11-13,114.62,Electronics
CUST00343,2021-09-06,117.02,Dining
CUST00343,2023-05-03,54.66,Dining
CUST00343,2021-08-17,138.52,Clothing
CUST00343,2023-05-30,54.42,Grocery
CUST00343,2024-06-30,108.06,Dining
CUST00343,2025-03-27,136.37,Clothing
CUST00343,2022-01-23,150.76,Dining
CUST00343,2022-05-27,10.93,Clothing
CUST00343,2021-11-16,93.76,Dining
CUST00343,2022-12-07,51.82,Dining
CUST00343,2022-07-13,176.69,Electronics
CUST00343,2023-09-21,55.68,Dining
CUST00343,2022-12-10,222.15,Dining
CUST00343,2022-03-28,7.53,Dining
CUST00343,2022-03-21,87.1,Grocery
CUST00343,2025-02-04,192.37,Dining
CUST00343,2023-10-02,22.84,Clothing
CUST00343,2024-12-12,133.27,Grocery
CUST00343,2025-07-03,79.26,Clothing
CUST00343,2022-09-15,168.87,Grocery
CUST00343,2024-11-29,36.25,Dining
CUST00343,2024-01-23,196.98,Travel
CUST00343,2024-04-15,51.53,Clothing
CUST00343,2023-08-15,128.51,Electronics
CUST00343,2021-09-25,68.46,Travel
CUST00343,2025-05-30,51.38,Dining
CUST00343,2024-12-31,67.53,Grocery
CUST00343,2025-03-14,95.55,Dining
CUST00343,2021-07-06,40.5,Electronics
CUST00343,2021-07-17,10.69,Travel
CUST00343,2023-02-15,63.35,Clothing
CUST00343,2025-03-25,177.79,Electronics
CUST00343,2025-01-27,40.2,Travel
CUST00343,2023-07-24,213.63,Dining
CUST00343,2021-08-01,97.54,Clothing
CUST00343,2025-07-29,23.36,Dining
CUST00343,2024-03-15,284.7,Electronics
CUST00343,2022-07-30,103.36,Grocery
CUST00343,2023-09-27,13.95,Travel
CUST00343,2024-08-29,18.68,Electronics
CUST00343,2021-10-04,95.68,Grocery
CUST00343,2024-11-06,12.49,Dining
CUST00343,2021-12-07,24.86,Clothing
CUST00343,2022-04-29,23.75,Clothing
CUST00343,2022-11-04,20.16,Grocery
CUST00343,2023-01-22,38.3,Dining
CUST00343,2025-04-13,32.38,Electronics
CUST00343,2021-11-01,55.53,Travel
CUST00343,2025-01-24,257.29,Electronics
CUST00343,2025-02-08,55.58,Dining
CUST00343,2023-06-10,43.52,Clothing
CUST00343,2025-07-05,18.25,Travel
CUST00343,2024-03-18,120.14,Clothing
CUST00343,2025-05-25,20.13,Clothing
CUST00343,2021-10-02,175.17,Grocery
CUST00343,2025-07-15,104.28,Electronics
CUST00343,2025-05-12,183.75,Electronics
CUST00343,2023-12-24,25.95,Travel
CUST00343,2024-04-13,164.33,Electronics
CUST00343,2025-05-08,28.1,Travel
CUST00343,2023-09-25,138.17,Grocery
CUST00343,2024-05-13,18.51,Dining
CUST00343,2022-11-05,12.41,Grocery
CUST00343,2025-06-01,74.74,Clothing
CUST00343,2024-03-01,94.4,Dining
CUST00343,2021-11-24,22.91,Grocery
CUST00343,2022-05-07,15.23,Grocery
CUST00343,2021-10-04,20.63,Dining
CUST00343,2021-09-14,217.56,Grocery
CUST00343,2023-07-28,13.55,Travel
CUST00343,2022-07-15,93.47,Electronics
CUST00343,2024-07-03,328.94,Dining
CUST00343,2021-12-06,237.02,Clothing
CUST00343,2024-02-16,41.87,Clothing
CUST00343,2025-04-11,767.01,Electronics
CUST00343,2024-09-14,184.2,Dining
CUST00344,2025-03-19,24.98,Clothing
CUST00344,2022-09-23,15.4,Dining
CUST00344,2024-07-08,57.05,Electronics
CUST00344,2024-09-24,85.87,Dining
CUST00344,2025-02-14,50.24,Travel
CUST00344,2022-09-03,61.79,Grocery
CUST00344,2023-05-10,48.12,Electronics
CUST00344,2025-08-01,145.99,Dining
CUST00344,2023-01-07,64.66,Clothing
CUST00344,2025-01-08,77.06,Electronics
CUST00344,2022-11-26,42.08,Clothing
CUST00344,2022-02-26,218.11,Travel
CUST00344,2025-04-14,9.64,Grocery
CUST00344,2025-05-10,20.55,Travel
CUST00344,2023-03-16,415.83,Travel
CUST00344,2023-12-16,150.68,Travel
CUST00344,2025-05-26,91.78,Grocery
CUST00344,2023-11-27,229.44,Travel
CUST00344,2022-04-28,98.96,Clothing
CUST00344,2025-07-04,27.2,Clothing
CUST00344,2023-05-24,16.99,Clothing
CUST00344,2023-08-27,9.92,Travel
CUST00344,2021-09-19,20.29,Clothing
CUST00344,2024-05-30,156.26,Clothing
CUST00344,2021-08-31,292.87,Travel
CUST00344,2023-09-13,81.5,Travel
CUST00344,2025-07-06,100.78,Clothing
CUST00344,2022-11-17,121.05,Travel
CUST00344,2022-09-02,23.39,Grocery
CUST00344,2024-08-24,95.12,Travel
CUST00344,2022-03-14,61.8,Electronics
CUST00344,2025-04-09,214.62,Electronics
CUST00344,2021-10-26,111.47,Clothing
CUST00344,2024-11-16,8.8,Dining
CUST00344,2024-07-15,14.54,Dining
CUST00344,2024-05-14,100.42,Clothing
CUST00344,2024-02-07,145.78,Clothing
CUST00344,2024-06-29,232.66,Travel
CUST00344,2024-04-03,77.97,Dining
CUST00344,2024-04-18,173.31,Clothing
CUST00344,2024-02-12,143.99,Travel
CUST00344,2024-06-07,281.57,Grocery
CUST00344,2024-12-21,68.86,Electronics
CUST00344,2023-08-16,128.3,Grocery
CUST00344,2024-02-07,39.52,Travel
CUST00344,2024-03-05,149.71,Grocery
CUST00344,2024-08-19,50.39,Grocery
CUST00344,2024-11-25,50.66,Clothing
CUST00344,2023-12-07,39.72,Electronics
CUST00344,2023-01-24,30.53,Clothing
CUST00344,2024-10-06,55.51,Grocery
CUST00344,2024-10-28,50.67,Electronics
CUST00344,2022-10-08,101.09,Travel
CUST00344,2022-03-11,21.25,Travel
CUST00344,2024-04-07,52.41,Dining
CUST00344,2022-09-08,86.41,Clothing
CUST00344,2023-09-16,14.95,Grocery
CUST00344,2023-02-04,130.26,Travel
CUST00344,2024-04-15,102.75,Dining
CUST00344,2022-03-14,28.0,Clothing
CUST00344,2024-06-05,87.87,Electronics
CUST00344,2022-12-21,312.31,Dining
CUST00344,2024-09-19,26.06,Grocery
CUST00344,2025-01-23,172.05,Travel
CUST00344,2022-04-19,145.39,Clothing
CUST00344,2021-11-06,12.82,Dining
CUST00344,2022-09-17,107.65,Dining
CUST00344,2021-09-29,49.95,Dining
CUST00344,2023-03-06,18.45,Dining
CUST00344,2022-10-31,67.65,Clothing
CUST00344,2023-08-04,18.09,Clothing
CUST00344,2023-03-11,14.89,Electronics
CUST00344,2024-09-09,122.99,Grocery
CUST00344,2022-04-19,10.81,Grocery
CUST00344,2024-11-26,31.96,Electronics
CUST00344,2021-10-19,26.16,Grocery
CUST00344,2022-10-24,38.98,Clothing
CUST00344,2025-03-10,44.56,Dining
CUST00344,2021-09-07,14.54,Clothing
CUST00344,2023-06-10,197.75,Dining
CUST00344,2023-04-30,19.5,Electronics
CUST00344,2023-09-18,18.61,Grocery
CUST00344,2025-03-17,83.7,Travel
CUST00344,2024-04-25,101.95,Dining
CUST00344,2022-08-31,70.6,Travel
CUST00344,2022-05-28,176.49,Electronics
CUST00344,2021-11-10,41.4,Grocery
CUST00344,2024-07-05,7.79,Clothing
CUST00344,2021-12-07,36.34,Travel
CUST00344,2024-03-05,22.29,Electronics
CUST00344,2024-05-24,71.11,Dining
CUST00344,2022-05-19,45.84,Dining
CUST00344,2024-05-19,84.38,Dining
CUST00344,2023-03-15,108.16,Travel
CUST00344,2025-07-21,123.32,Grocery
CUST00344,2022-03-22,30.77,Clothing
CUST00344,2021-10-17,269.43,Electronics
CUST00344,2024-11-30,39.49,Grocery
CUST00344,2025-01-08,18.65,Electronics
CUST00344,2022-10-30,127.53,Grocery
CUST00344,2022-09-04,196.68,Travel
CUST00344,2024-05-20,82.57,Travel
CUST00344,2024-09-05,167.08,Dining
CUST00344,2025-06-08,76.01,Clothing
CUST00344,2022-11-23,31.36,Travel
CUST00344,2023-12-20,87.37,Travel
CUST00344,2022-04-04,6.78,Grocery
CUST00345,2025-06-24,71.69,Dining
CUST00345,2022-09-19,102.62,Grocery
CUST00345,2022-12-12,72.74,Travel
CUST00345,2022-04-29,18.35,Electronics
CUST00345,2023-04-07,168.62,Clothing
CUST00345,2024-03-08,22.01,Dining
CUST00345,2022-11-12,19.61,Electronics
CUST00345,2022-10-27,52.97,Travel
CUST00345,2023-07-29,86.55,Electronics
CUST00345,2025-05-06,65.09,Electronics
CUST00345,2023-06-22,5.51,Electronics
CUST00345,2023-12-10,107.72,Clothing
CUST00345,2023-01-27,66.93,Electronics
CUST00345,2023-09-28,70.32,Electronics
CUST00345,2024-07-24,185.14,Clothing
CUST00345,2024-06-24,78.56,Dining
CUST00345,2023-08-01,111.29,Grocery
CUST00345,2023-04-19,39.09,Electronics
CUST00345,2025-05-25,74.99,Electronics
CUST00345,2025-05-11,64.55,Grocery
CUST00345,2025-03-15,66.89,Grocery
CUST00345,2022-03-12,95.09,Dining
CUST00345,2023-02-12,28.87,Clothing
CUST00345,2022-11-09,110.48,Grocery
CUST00345,2024-04-19,291.91,Electronics
CUST00345,2023-02-26,101.44,Electronics
CUST00345,2022-12-31,53.55,Clothing
CUST00345,2022-11-10,142.82,Travel
CUST00345,2023-06-19,15.38,Dining
CUST00345,2024-11-12,177.35,Grocery
CUST00345,2024-05-06,37.58,Electronics
CUST00345,2023-06-11,134.65,Travel
CUST00345,2023-09-01,58.23,Travel
CUST00345,2025-06-08,6.25,Grocery
CUST00345,2024-07-04,46.94,Electronics
CUST00345,2024-11-15,50.36,Travel
CUST00345,2022-04-29,348.91,Grocery
CUST00345,2023-02-21,23.75,Grocery
CUST00345,2022-05-27,111.55,Grocery
CUST00345,2023-05-20,148.94,Dining
CUST00345,2023-06-13,61.25,Grocery
CUST00345,2024-12-22,139.02,Electronics
CUST00345,2022-05-22,77.55,Dining
CUST00345,2024-06-11,83.82,Travel
CUST00345,2022-05-03,17.52,Travel
CUST00345,2024-07-13,95.12,Travel
CUST00345,2022-11-08,146.56,Clothing
CUST00345,2025-01-28,21.73,Travel
CUST00345,2022-02-11,249.19,Clothing
CUST00345,2024-09-05,155.8,Clothing
CUST00345,2024-07-24,5.15,Travel
CUST00345,2023-05-24,28.23,Grocery
CUST00345,2023-09-05,99.66,Clothing
CUST00345,2024-10-11,134.64,Dining
CUST00345,2022-05-29,122.8,Grocery
CUST00345,2024-05-09,50.13,Electronics
CUST00345,2023-02-23,49.13,Clothing
CUST00345,2022-06-06,18.5,Travel
CUST00345,2022-03-18,28.1,Clothing
CUST00345,2024-08-11,80.31,Grocery
CUST00345,2025-03-06,18.01,Clothing
CUST00345,2022-11-11,120.72,Electronics
CUST00345,2022-09-09,85.98,Grocery
CUST00345,2022-07-01,62.37,Travel
CUST00345,2024-12-31,80.26,Travel
CUST00345,2024-06-27,471.33,Electronics
CUST00345,2024-12-23,174.77,Clothing
CUST00345,2022-09-16,159.42,Clothing
CUST00345,2024-08-12,28.75,Dining
CUST00345,2024-11-18,268.0,Clothing
CUST00345,2025-02-01,261.02,Travel
CUST00345,2024-08-14,39.37,Travel
CUST00345,2022-07-02,13.21,Clothing
CUST00345,2023-09-24,142.39,Dining
CUST00345,2025-05-27,92.3,Travel
CUST00345,2022-08-24,122.08,Electronics
CUST00345,2024-10-09,34.83,Travel
CUST00345,2024-01-20,82.92,Electronics
CUST00345,2024-03-04,43.38,Dining
CUST00345,2024-02-10,135.27,Grocery
CUST00345,2024-04-01,10.08,Travel
CUST00345,2024-05-22,24.2,Travel
CUST00345,2024-10-08,34.76,Dining
CUST00345,2025-01-17,50.2,Electronics
CUST00345,2022-02-10,48.33,Travel
CUST00345,2022-06-02,92.7,Travel
CUST00345,2022-09-06,103.44,Grocery
CUST00345,2024-09-13,79.72,Travel
CUST00345,2023-01-19,33.07,Electronics
CUST00345,2023-01-06,7.54,Clothing
CUST00345,2024-11-16,49.15,Electronics
CUST00345,2024-07-15,62.38,Dining
CUST00345,2022-09-14,119.2,Travel
CUST00345,2023-08-15,204.59,Electronics
CUST00345,2023-10-15,106.87,Clothing
CUST00345,2024-02-24,59.85,Dining
CUST00346,2025-06-06,27.38,Dining
CUST00346,2025-01-21,21.48,Dining
CUST00346,2024-08-20,18.28,Electronics
CUST00346,2024-10-21,96.47,Clothing
CUST00346,2025-02-21,33.82,Clothing
CUST00346,2025-04-16,76.62,Electronics
CUST00346,2025-02-16,45.58,Grocery
CUST00346,2024-11-07,112.51,Grocery
CUST00346,2025-02-26,68.43,Clothing
CUST00346,2024-10-15,16.52,Clothing
CUST00346,2025-05-03,8.41,Clothing
CUST00346,2025-01-29,160.68,Clothing
CUST00346,2024-12-04,29.54,Grocery
CUST00346,2025-02-04,83.49,Clothing
CUST00346,2024-05-24,184.95,Electronics
CUST00346,2024-05-08,117.79,Grocery
CUST00346,2024-05-24,268.13,Electronics
CUST00346,2025-03-07,73.3,Electronics
CUST00346,2024-07-25,41.15,Dining
CUST00346,2024-11-18,82.61,Clothing
CUST00346,2024-07-26,28.16,Travel
CUST00346,2024-11-11,47.8,Travel
CUST00346,2024-10-09,97.63,Dining
CUST00346,2024-11-28,33.48,Grocery
CUST00346,2025-07-17,135.89,Dining
CUST00346,2025-03-31,157.3,Clothing
CUST00346,2025-06-13,62.33,Dining
CUST00346,2025-04-09,29.38,Travel
CUST00346,2025-02-02,29.94,Dining
CUST00346,2025-07-12,43.17,Electronics
CUST00346,2025-03-10,91.13,Grocery
CUST00346,2025-06-15,5.23,Electronics
CUST00346,2024-09-02,90.47,Dining
CUST00346,2025-07-14,9.19,Dining
CUST00346,2025-05-08,27.65,Travel
CUST00346,2025-05-26,81.02,Grocery
CUST00346,2025-07-09,50.87,Electronics
CUST00346,2025-05-26,44.26,Electronics
CUST00346,2024-10-07,10.09,Electronics
CUST00346,2025-02-14,122.65,Clothing
CUST00346,2025-06-03,143.89,Clothing
CUST00346,2024-11-04,22.81,Grocery
CUST00346,2025-04-01,12.76,Electronics
CUST00346,2024-08-12,35.67,Grocery
CUST00346,2024-12-04,48.97,Grocery
CUST00346,2025-03-05,78.68,Electronics
CUST00346,2024-10-25,197.2,Travel
CUST00346,2025-04-06,5.41,Grocery
CUST00346,2024-08-13,125.24,Electronics
CUST00346,2024-10-25,64.12,Grocery
CUST00346,2025-01-07,61.72,Clothing
CUST00346,2025-02-13,27.69,Travel
CUST00346,2025-01-18,19.3,Travel
CUST00346,2025-04-19,91.8,Electronics
CUST00346,2025-03-04,134.65,Electronics
CUST00346,2025-06-11,22.26,Dining
CUST00346,2024-12-06,228.76,Clothing
CUST00346,2025-04-03,64.83,Travel
CUST00346,2024-09-07,101.74,Clothing
CUST00346,2024-07-28,107.77,Clothing
CUST00346,2024-08-17,25.38,Travel
CUST00346,2024-09-24,40.82,Grocery
CUST00346,2025-04-08,138.63,Travel
CUST00346,2025-06-25,131.31,Dining
CUST00346,2024-07-26,10.65,Travel
CUST00346,2025-03-12,133.85,Grocery
CUST00346,2025-01-08,20.03,Grocery
CUST00346,2025-03-06,90.87,Grocery
CUST00346,2025-08-01,140.86,Travel
CUST00346,2025-06-01,66.88,Electronics
CUST00346,2024-09-13,177.36,Grocery
CUST00346,2024-11-06,102.86,Travel
CUST00346,2025-03-26,75.61,Travel
CUST00346,2025-03-25,11.08,Travel
CUST00346,2025-03-20,79.07,Clothing
CUST00346,2024-11-13,29.63,Dining
CUST00346,2025-05-20,164.87,Dining
CUST00346,2024-08-09,19.32,Dining
CUST00346,2024-08-20,30.48,Dining
CUST00346,2024-09-12,32.3,Dining
CUST00346,2024-07-30,59.97,Clothing
CUST00346,2024-05-01,32.21,Electronics
CUST00346,2024-08-10,19.0,Clothing
CUST00346,2024-12-24,34.05,Clothing
CUST00346,2024-07-28,223.89,Electronics
CUST00346,2024-05-02,84.41,Electronics
CUST00346,2025-05-27,10.74,Clothing
CUST00346,2024-09-22,15.1,Electronics
CUST00346,2024-08-13,97.86,Electronics
CUST00346,2025-07-24,113.15,Grocery
CUST00346,2025-01-18,320.43,Travel
CUST00346,2025-05-09,56.34,Dining
CUST00346,2024-07-11,5.08,Clothing
CUST00346,2025-04-19,5.12,Electronics
CUST00346,2024-08-24,65.47,Electronics
CUST00346,2025-06-04,10.2,Travel
CUST00346,2024-08-07,126.76,Grocery
CUST00346,2025-01-24,22.35,Electronics
CUST00347,2023-08-04,6.88,Electronics
CUST00347,2023-03-05,22.46,Clothing
CUST00347,2024-03-13,135.88,Clothing
CUST00347,2021-08-26,38.25,Grocery
CUST00347,2025-07-12,289.55,Grocery
CUST00347,2023-06-23,90.25,Electronics
CUST00347,2025-01-31,28.1,Dining
CUST00347,2021-07-25,6.67,Travel
CUST00347,2024-08-16,40.96,Dining
CUST00347,2022-09-20,22.24,Electronics
CUST00347,2022-12-28,57.47,Travel
CUST00347,2021-07-03,107.63,Travel
CUST00347,2022-02-23,92.97,Grocery
CUST00347,2023-08-16,243.4,Travel
CUST00347,2022-02-08,39.58,Grocery
CUST00347,2023-12-02,163.08,Dining
CUST00347,2021-06-07,34.03,Travel
CUST00347,2023-02-19,37.94,Electronics
CUST00347,2025-01-22,374.64,Electronics
CUST00347,2021-05-26,155.94,Grocery
CUST00347,2023-04-04,208.44,Travel
CUST00347,2021-09-14,12.87,Travel
CUST00347,2023-07-08,55.9,Grocery
CUST00347,2025-06-26,14.84,Travel
CUST00347,2023-05-05,12.16,Dining
CUST00347,2025-07-05,39.75,Travel
CUST00347,2022-10-24,74.7,Dining
CUST00347,2021-05-21,13.76,Grocery
CUST00347,2022-03-16,149.17,Clothing
CUST00347,2022-05-07,141.65,Electronics
CUST00347,2025-05-15,101.31,Electronics
CUST00347,2022-04-01,13.73,Travel
CUST00347,2022-08-13,69.37,Electronics
CUST00347,2022-05-29,37.76,Travel
CUST00347,2022-12-01,52.84,Clothing
CUST00347,2021-07-23,303.59,Travel
CUST00347,2021-11-07,247.19,Travel
CUST00347,2025-05-08,102.14,Electronics
CUST00347,2023-08-13,39.78,Electronics
CUST00347,2025-01-17,44.14,Dining
CUST00347,2024-03-03,45.45,Electronics
CUST00347,2021-06-04,162.32,Grocery
CUST00347,2023-06-14,31.54,Clothing
CUST00347,2023-10-01,73.79,Travel
CUST00347,2021-11-25,57.05,Dining
CUST00347,2021-10-13,46.98,Clothing
CUST00347,2021-07-26,406.89,Dining
CUST00347,2023-12-06,189.32,Dining
CUST00347,2022-06-02,109.13,Travel
CUST00347,2022-10-05,32.54,Electronics
CUST00347,2025-01-14,89.08,Dining
CUST00347,2023-12-14,7.93,Dining
CUST00347,2023-10-29,163.17,Grocery
CUST00347,2025-04-16,108.1,Dining
CUST00347,2021-05-10,330.84,Electronics
CUST00347,2025-03-11,32.89,Clothing
CUST00347,2024-04-26,151.75,Clothing
CUST00347,2024-05-18,18.82,Clothing
CUST00347,2025-03-26,80.2,Dining
CUST00347,2022-02-19,20.83,Grocery
CUST00347,2024-07-12,63.87,Dining
CUST00347,2022-12-19,120.76,Travel
CUST00347,2025-03-24,55.52,Electronics
CUST00347,2022-11-22,12.4,Clothing
CUST00347,2025-03-02,49.6,Dining
CUST00347,2024-10-21,75.74,Clothing
CUST00347,2021-07-14,137.55,Travel
CUST00347,2022-06-09,22.85,Clothing
CUST00347,2023-06-10,138.65,Electronics
CUST00347,2024-04-01,144.48,Dining
CUST00347,2021-05-08,97.73,Grocery
CUST00347,2024-02-20,43.24,Electronics
CUST00347,2024-12-30,7.85,Electronics
CUST00347,2022-10-07,184.16,Dining
CUST00347,2025-01-15,20.19,Electronics
CUST00347,2022-03-18,37.38,Electronics
CUST00347,2022-02-01,88.82,Clothing
CUST00347,2021-12-16,244.88,Travel
CUST00347,2023-11-10,206.66,Electronics
CUST00347,2022-12-27,33.96,Clothing
CUST00347,2022-04-16,38.53,Clothing
CUST00347,2022-09-14,95.77,Travel
CUST00347,2023-02-05,86.01,Dining
CUST00347,2022-08-07,55.24,Travel
CUST00347,2025-02-24,49.19,Dining
CUST00347,2022-11-11,110.84,Dining
CUST00347,2023-03-03,42.34,Clothing
CUST00347,2025-03-10,89.09,Grocery
CUST00347,2023-04-02,403.29,Dining
CUST00347,2024-09-20,14.58,Travel
CUST00347,2024-06-22,130.88,Clothing
CUST00347,2021-07-13,21.8,Dining
CUST00347,2024-03-03,115.77,Clothing
CUST00347,2023-04-22,71.98,Electronics
CUST00347,2024-01-11,166.4,Electronics
CUST00347,2024-11-18,103.37,Clothing
CUST00347,2025-06-09,58.9,Travel
CUST00347,2024-02-02,28.94,Clothing
CUST00347,2023-02-17,120.02,Grocery
CUST00347,2025-05-17,85.26,Clothing
CUST00347,2025-02-21,57.48,Electronics
CUST00347,2022-01-18,11.95,Dining
CUST00347,2022-03-07,32.74,Dining
CUST00347,2024-03-07,5.41,Electronics
CUST00347,2023-05-14,148.58,Clothing
CUST00347,2024-07-04,78.86,Dining
CUST00347,2021-09-27,56.03,Travel
CUST00347,2025-07-23,156.14,Dining
CUST00347,2025-04-27,103.59,Clothing
CUST00347,2022-01-22,29.84,Travel
CUST00347,2022-05-08,59.78,Grocery
CUST00347,2021-09-29,322.75,Travel
CUST00347,2022-07-29,118.21,Travel
CUST00347,2023-03-26,114.3,Travel
CUST00347,2022-04-16,182.35,Clothing
CUST00347,2023-07-27,173.76,Dining
CUST00348,2025-07-26,44.62,Clothing
CUST00348,2024-09-09,287.64,Electronics
CUST00348,2025-03-14,27.84,Grocery
CUST00348,2024-08-15,61.04,Dining
CUST00348,2024-04-19,15.91,Travel
CUST00348,2025-05-15,19.16,Clothing
CUST00348,2025-07-30,23.42,Dining
CUST00348,2024-11-06,31.83,Travel
CUST00348,2024-07-01,28.59,Electronics
CUST00348,2025-02-01,88.46,Travel
CUST00348,2024-07-20,186.01,Electronics
CUST00348,2024-07-12,32.0,Grocery
CUST00348,2024-01-09,69.82,Grocery
CUST00348,2025-02-18,11.02,Grocery
CUST00348,2024-04-07,69.58,Grocery
CUST00348,2024-11-13,45.4,Electronics
CUST00348,2024-05-20,22.05,Clothing
CUST00348,2024-07-23,67.93,Travel
CUST00348,2024-03-07,61.83,Dining
CUST00348,2025-06-16,28.22,Travel
CUST00348,2025-07-18,169.85,Electronics
CUST00348,2024-07-22,221.97,Travel
CUST00348,2024-03-06,470.42,Dining
CUST00348,2025-01-19,62.93,Electronics
CUST00348,2025-06-30,138.28,Grocery
CUST00348,2024-01-04,10.34,Electronics
CUST00348,2024-06-04,10.27,Travel
CUST00348,2025-03-21,310.51,Electronics
CUST00348,2024-05-23,28.28,Travel
CUST00348,2024-06-04,108.94,Dining
CUST00348,2024-04-21,30.31,Travel
CUST00348,2024-06-24,204.54,Grocery
CUST00348,2024-04-27,17.05,Clothing
CUST00348,2025-02-18,110.84,Travel
CUST00348,2024-06-24,205.09,Clothing
CUST00348,2024-07-13,63.32,Dining
CUST00348,2024-08-15,151.25,Travel
CUST00348,2024-03-21,58.97,Electronics
CUST00348,2025-03-27,59.74,Electronics
CUST00348,2024-07-28,34.73,Grocery
CUST00348,2024-06-11,98.94,Dining
CUST00348,2025-06-16,10.7,Grocery
CUST00348,2024-10-14,110.63,Electronics
CUST00348,2025-03-09,102.57,Clothing
CUST00348,2024-12-09,26.64,Grocery
CUST00348,2025-02-28,27.44,Grocery
CUST00348,2025-07-13,88.16,Grocery
CUST00348,2025-04-16,36.66,Travel
CUST00348,2024-07-12,215.88,Grocery
CUST00348,2024-11-12,22.0,Clothing
CUST00348,2025-06-03,44.54,Clothing
CUST00348,2024-07-27,21.59,Travel
CUST00348,2025-06-22,76.56,Dining
CUST00348,2024-03-12,48.74,Grocery
CUST00348,2024-04-06,38.42,Electronics
CUST00348,2024-02-16,70.89,Electronics
CUST00348,2025-05-07,106.83,Electronics
CUST00348,2024-09-22,36.82,Grocery
CUST00348,2025-05-09,18.13,Grocery
CUST00348,2024-06-06,98.15,Electronics
CUST00348,2025-05-15,45.97,Grocery
CUST00348,2025-04-14,81.69,Dining
CUST00348,2024-02-07,71.69,Clothing
CUST00348,2025-03-08,75.16,Dining
CUST00348,2024-06-14,59.74,Travel
CUST00348,2024-04-19,23.05,Travel
CUST00348,2025-04-30,111.19,Clothing
CUST00348,2024-06-11,275.21,Travel
CUST00348,2025-01-15,335.63,Grocery
CUST00348,2025-05-28,227.34,Clothing
CUST00348,2024-01-26,71.56,Dining
CUST00348,2025-02-16,63.15,Travel
CUST00348,2025-07-21,289.2,Grocery
CUST00348,2024-11-12,85.31,Dining
CUST00348,2025-01-10,167.12,Clothing
CUST00348,2025-07-29,188.23,Clothing
CUST00348,2025-01-01,25.53,Electronics
CUST00348,2024-08-25,147.93,Grocery
CUST00348,2025-04-22,85.77,Grocery
CUST00348,2024-09-15,23.79,Clothing
CUST00348,2024-12-16,67.54,Clothing
CUST00348,2024-08-25,50.98,Grocery
CUST00348,2025-02-05,111.53,Electronics
CUST00348,2025-02-28,15.33,Clothing
CUST00348,2024-11-14,108.27,Grocery
CUST00348,2025-02-21,14.84,Electronics
CUST00348,2025-07-17,15.98,Clothing
CUST00348,2025-04-23,59.22,Electronics
CUST00348,2025-06-14,63.94,Clothing
CUST00348,2024-01-13,28.71,Grocery
CUST00348,2024-04-20,73.83,Electronics
CUST00348,2024-04-12,25.14,Grocery
CUST00348,2025-01-09,86.15,Travel
CUST00348,2024-09-29,223.69,Travel
CUST00348,2024-11-27,38.13,Electronics
CUST00348,2024-11-30,86.76,Clothing
CUST00349,2024-04-23,27.67,Clothing
CUST00349,2025-06-28,207.85,Travel
CUST00349,2024-02-18,26.53,Travel
CUST00349,2024-09-27,145.29,Electronics
CUST00349,2025-04-10,172.7,Electronics
CUST00349,2024-07-19,89.45,Travel
CUST00349,2025-01-27,14.49,Clothing
CUST00349,2025-03-29,40.86,Electronics
CUST00349,2024-09-23,37.18,Grocery
CUST00349,2025-06-28,90.71,Clothing
CUST00349,2025-07-19,20.97,Dining
CUST00349,2023-11-29,44.01,Grocery
CUST00349,2024-06-22,79.39,Grocery
CUST00349,2024-07-13,24.41,Electronics
CUST00349,2024-09-28,71.83,Electronics
CUST00349,2025-01-27,18.7,Clothing
CUST00349,2023-12-16,203.82,Grocery
CUST00349,2025-01-11,116.32,Travel
CUST00349,2025-07-26,77.3,Dining
CUST00349,2024-02-08,159.29,Dining
CUST00349,2024-02-21,50.76,Dining
CUST00349,2024-09-26,76.6,Clothing
CUST00349,2024-09-29,152.74,Electronics
CUST00349,2025-02-21,9.22,Electronics
CUST00349,2024-02-11,183.24,Travel
CUST00349,2025-03-10,37.77,Clothing
CUST00349,2025-03-21,18.94,Clothing
CUST00349,2024-11-14,67.59,Dining
CUST00349,2024-03-21,21.34,Dining
CUST00349,2025-01-17,34.89,Dining
CUST00349,2024-07-06,22.7,Grocery
CUST00349,2024-12-31,112.22,Dining
CUST00349,2025-04-22,26.47,Dining
CUST00349,2025-02-09,12.1,Dining
CUST00349,2023-11-05,46.22,Dining
CUST00349,2024-07-14,108.88,Grocery
CUST00349,2024-04-15,123.05,Dining
CUST00349,2024-07-01,76.76,Travel
CUST00349,2024-12-01,129.0,Travel
CUST00349,2024-11-28,89.79,Travel
CUST00349,2023-12-03,24.67,Electronics
CUST00349,2024-02-09,38.23,Dining
CUST00349,2024-08-26,77.55,Dining
CUST00349,2024-08-03,90.09,Grocery
CUST00349,2024-06-11,56.64,Travel
CUST00349,2024-05-05,43.71,Grocery
CUST00349,2024-12-06,69.9,Electronics
CUST00349,2025-02-15,50.56,Dining
CUST00349,2024-03-24,194.21,Dining
CUST00349,2024-05-04,75.55,Electronics
CUST00349,2025-04-14,60.65,Dining
CUST00349,2025-04-08,45.98,Electronics
CUST00349,2024-12-07,73.12,Grocery
CUST00349,2025-07-22,127.84,Clothing
CUST00349,2024-05-09,89.99,Electronics
CUST00349,2024-06-01,94.07,Clothing
CUST00349,2024-02-29,163.7,Travel
CUST00349,2024-11-05,154.21,Dining
CUST00349,2024-08-25,69.25,Travel
CUST00349,2025-02-09,36.85,Grocery
CUST00349,2024-11-03,94.01,Electronics
CUST00349,2024-10-07,42.88,Electronics
CUST00349,2024-03-04,50.59,Dining
CUST00349,2025-01-06,9.2,Dining
CUST00349,2024-07-07,121.62,Grocery
CUST00349,2024-02-22,76.93,Clothing
CUST00349,2025-03-01,112.93,Dining
CUST00349,2024-12-18,30.6,Clothing
CUST00349,2025-03-05,33.79,Travel
CUST00349,2025-01-24,60.61,Electronics
CUST00349,2023-11-20,8.95,Dining
CUST00349,2025-06-25,180.89,Grocery
CUST00349,2024-09-27,22.78,Dining
CUST00349,2024-11-24,30.94,Travel
CUST00349,2025-02-14,22.82,Travel
CUST00349,2025-05-31,164.97,Grocery
CUST00349,2025-06-28,11.81,Grocery
CUST00349,2024-07-12,10.21,Clothing
CUST00349,2025-03-17,67.87,Dining
CUST00349,2024-05-20,157.1,Dining
CUST00349,2024-04-25,12.19,Grocery
CUST00349,2024-03-22,23.56,Travel
CUST00349,2024-11-20,73.23,Clothing
CUST00349,2023-11-01,29.56,Clothing
CUST00349,2024-12-22,258.63,Grocery
CUST00349,2024-11-10,34.28,Clothing
CUST00349,2025-02-04,59.57,Dining
CUST00349,2024-05-19,127.3,Clothing
CUST00349,2024-09-16,59.88,Clothing
CUST00349,2024-03-31,39.75,Electronics
CUST00349,2025-01-16,15.18,Electronics
CUST00349,2024-08-05,59.91,Dining
CUST00349,2024-12-01,113.72,Dining
CUST00349,2023-10-23,110.96,Dining
CUST00349,2025-06-27,172.44,Dining
CUST00349,2023-12-20,197.92,Electronics
CUST00349,2024-03-31,215.03,Electronics
CUST00349,2025-05-12,98.83,Electronics
CUST00349,2024-08-28,195.58,Grocery
CUST00349,2024-12-12,17.73,Dining
CUST00349,2024-10-21,50.03,Travel
CUST00349,2024-01-26,175.51,Grocery
CUST00349,2024-03-15,58.21,Grocery
CUST00349,2024-02-13,56.47,Clothing
CUST00349,2025-01-01,14.57,Clothing
CUST00349,2024-11-02,216.31,Dining
CUST00349,2025-04-27,15.8,Grocery
CUST00349,2025-01-21,36.98,Clothing
CUST00349,2023-12-05,6.1,Dining
CUST00349,2024-06-03,19.94,Electronics
CUST00349,2024-09-27,60.8,Clothing
CUST00349,2025-06-16,36.68,Electronics
CUST00349,2025-01-31,29.29,Clothing
CUST00350,2025-01-03,72.52,Travel
CUST00350,2023-09-01,154.41,Travel
CUST00350,2022-02-07,146.53,Travel
CUST00350,2024-08-25,56.7,Dining
CUST00350,2025-05-24,92.54,Grocery
CUST00350,2021-04-23,48.25,Clothing
CUST00350,2024-12-23,67.2,Electronics
CUST00350,2022-04-13,182.41,Clothing
CUST00350,2023-06-06,9.93,Electronics
CUST00350,2021-08-06,65.86,Clothing
CUST00350,2022-11-29,12.54,Grocery
CUST00350,2021-03-21,50.41,Grocery
CUST00350,2022-05-01,46.2,Clothing
CUST00350,2023-12-21,99.9,Electronics
CUST00350,2024-09-03,27.54,Dining
CUST00350,2021-07-26,25.35,Electronics
CUST00350,2024-07-10,97.46,Grocery
CUST00350,2021-04-19,23.49,Dining
CUST00350,2022-01-15,80.34,Clothing
CUST00350,2022-12-22,110.12,Dining
CUST00350,2023-09-09,97.36,Clothing
CUST00350,2023-05-26,28.63,Dining
CUST00350,2021-07-16,138.57,Dining
CUST00350,2023-03-03,300.21,Grocery
CUST00350,2021-10-10,26.88,Clothing
CUST00350,2024-10-15,39.58,Grocery
CUST00350,2024-12-10,102.29,Travel
CUST00350,2025-05-12,9.37,Grocery
CUST00350,2023-08-01,71.54,Electronics
CUST00350,2023-07-01,18.96,Electronics
CUST00350,2024-03-12,24.71,Dining
CUST00350,2023-01-08,18.21,Dining
CUST00350,2021-12-16,237.53,Grocery
CUST00350,2023-10-02,51.7,Grocery
CUST00350,2023-10-26,329.28,Dining
CUST00350,2021-08-03,50.99,Clothing
CUST00350,2021-12-31,47.1,Grocery
CUST00350,2023-08-14,121.71,Grocery
CUST00350,2024-06-18,6.0,Grocery
CUST00350,2025-01-21,384.92,Travel
CUST00350,2023-05-20,58.98,Travel
CUST00350,2024-11-20,96.05,Grocery
CUST00350,2022-08-02,137.55,Electronics
CUST00350,2024-02-10,140.74,Electronics
CUST00350,2023-10-09,76.02,Grocery
CUST00350,2022-11-13,19.95,Grocery
CUST00350,2024-08-04,55.78,Travel
CUST00350,2022-08-23,58.22,Clothing
CUST00350,2023-06-28,36.1,Dining
CUST00350,2021-10-03,13.18,Grocery
CUST00350,2024-03-27,81.6,Clothing
CUST00350,2024-04-28,20.9,Electronics
CUST00350,2024-08-09,131.53,Travel
CUST00350,2022-04-08,24.58,Travel
CUST00350,2021-12-19,72.22,Electronics
CUST00350,2024-12-29,73.19,Electronics
CUST00350,2023-01-07,140.31,Travel
CUST00350,2023-04-09,129.95,Travel
CUST00350,2021-10-22,65.45,Grocery
CUST00350,2024-12-29,331.09,Travel
CUST00350,2022-11-12,34.98,Electronics
CUST00350,2021-09-05,253.93,Travel
CUST00350,2021-09-10,85.91,Clothing
CUST00350,2025-03-04,67.14,Dining
CUST00350,2024-10-24,167.04,Dining
CUST00350,2023-04-30,290.01,Dining
CUST00350,2024-07-02,7.21,Grocery
CUST00350,2022-03-21,43.16,Travel
CUST00350,2025-05-07,38.19,Travel
CUST00350,2023-03-29,82.76,Electronics
CUST00350,2023-06-19,48.31,Dining
CUST00350,2022-10-24,20.35,Clothing
CUST00350,2021-12-29,15.96,Grocery
CUST00350,2021-06-15,97.59,Electronics
CUST00350,2024-02-22,25.71,Grocery
CUST00350,2025-05-10,73.14,Dining
CUST00350,2024-10-10,9.64,Electronics
CUST00350,2021-10-04,99.55,Electronics
CUST00350,2022-08-27,15.75,Clothing
CUST00350,2024-09-30,180.64,Clothing
CUST00350,2025-07-23,40.87,Electronics
CUST00350,2023-09-15,193.21,Travel
CUST00350,2023-05-29,6.3,Dining
CUST00350,2025-06-02,66.37,Electronics
CUST00350,2023-07-18,93.92,Electronics
CUST00350,2023-02-01,43.71,Grocery
CUST00350,2023-11-27,164.01,Dining
CUST00350,2025-06-23,6.71,Grocery
CUST00350,2024-12-13,56.92,Dining
CUST00350,2025-06-21,105.25,Travel
CUST00350,2021-07-11,39.48,Electronics
CUST00350,2023-09-30,46.01,Electronics
CUST00350,2021-05-15,30.82,Grocery
CUST00350,2025-01-01,31.57,Clothing
CUST00350,2025-02-22,73.78,Clothing
CUST00350,2022-06-16,57.79,Dining
CUST00350,2023-12-21,66.55,Clothing
CUST00350,2022-11-26,215.17,Clothing
CUST00350,2025-01-30,147.36,Electronics
CUST00350,2022-05-10,51.82,Travel
CUST00350,2024-03-04,20.07,Electronics
CUST00350,2024-09-19,83.19,Travel
CUST00350,2024-01-11,75.37,Travel
CUST00350,2023-11-11,61.3,Electronics
CUST00351,2024-10-02,119.17,Electronics
CUST00351,2025-05-20,15.33,Clothing
CUST00351,2024-10-21,43.2,Grocery
CUST00351,2025-05-25,107.47,Grocery
CUST00351,2024-12-03,7.31,Travel
CUST00351,2025-07-04,44.22,Electronics
CUST00351,2025-07-08,37.92,Electronics
CUST00351,2025-06-12,154.27,Travel
CUST00351,2024-07-22,30.63,Electronics
CUST00351,2024-11-27,302.78,Electronics
CUST00351,2024-10-01,125.72,Electronics
CUST00351,2025-04-16,93.68,Electronics
CUST00351,2025-02-15,87.32,Dining
CUST00351,2025-01-09,34.42,Grocery
CUST00351,2025-05-14,23.36,Travel
CUST00351,2025-03-26,40.77,Electronics
CUST00351,2025-05-24,91.15,Grocery
CUST00351,2025-03-04,147.71,Travel
CUST00351,2025-03-12,172.27,Clothing
CUST00351,2025-05-12,201.41,Dining
CUST00351,2025-02-08,32.94,Dining
CUST00351,2025-06-27,152.37,Travel
CUST00351,2024-08-06,273.7,Travel
CUST00351,2025-05-24,229.41,Travel
CUST00351,2024-07-16,23.59,Dining
CUST00351,2025-02-04,115.29,Electronics
CUST00351,2025-07-19,82.38,Grocery
CUST00351,2024-08-09,14.24,Electronics
CUST00351,2024-07-22,90.87,Travel
CUST00351,2024-08-09,31.54,Grocery
CUST00351,2025-04-07,76.84,Grocery
CUST00351,2025-05-02,236.93,Dining
CUST00351,2025-04-26,17.82,Travel
CUST00351,2024-11-04,265.8,Clothing
CUST00351,2024-07-29,273.55,Dining
CUST00351,2025-04-28,86.54,Clothing
CUST00351,2024-08-02,126.87,Travel
CUST00351,2024-07-15,80.68,Grocery
CUST00351,2024-11-22,60.58,Grocery
CUST00351,2024-09-16,126.69,Travel
CUST00351,2024-08-03,500.42,Travel
CUST00351,2024-07-31,90.84,Dining
CUST00351,2025-03-28,192.06,Electronics
CUST00351,2025-02-28,6.72,Grocery
CUST00351,2024-11-09,101.81,Clothing
CUST00351,2024-08-23,291.14,Travel
CUST00351,2025-04-06,245.49,Dining
CUST00351,2024-09-03,189.38,Grocery
CUST00351,2024-10-09,5.5,Electronics
CUST00351,2024-10-21,168.52,Dining
CUST00351,2025-03-22,7.88,Clothing
CUST00351,2025-01-25,93.3,Electronics
CUST00351,2025-04-08,14.2,Dining
CUST00351,2024-11-25,103.19,Travel
CUST00351,2025-02-27,61.09,Grocery
CUST00351,2025-03-19,23.55,Travel
CUST00351,2024-08-24,82.86,Electronics
CUST00351,2025-01-18,103.74,Clothing
CUST00351,2025-07-11,127.36,Electronics
CUST00351,2025-01-10,33.68,Clothing
CUST00351,2025-07-27,12.19,Electronics
CUST00351,2025-01-16,47.51,Clothing
CUST00351,2025-05-14,22.51,Clothing
CUST00351,2024-08-27,127.74,Grocery
CUST00351,2025-04-16,79.32,Dining
CUST00351,2024-11-05,44.9,Dining
CUST00351,2024-11-24,57.38,Grocery
CUST00351,2024-09-05,85.4,Clothing
CUST00351,2025-01-03,13.12,Travel
CUST00351,2024-12-21,60.26,Clothing
CUST00351,2024-07-29,129.12,Grocery
CUST00351,2025-05-13,79.85,Electronics
CUST00351,2024-09-09,13.12,Dining
CUST00351,2024-09-04,178.87,Electronics
CUST00351,2025-07-23,65.71,Travel
CUST00351,2025-03-17,42.73,Travel
CUST00351,2024-12-30,92.66,Dining
CUST00351,2025-06-05,87.11,Dining
CUST00351,2024-10-09,378.64,Electronics
CUST00351,2025-04-06,269.39,Electronics
CUST00351,2024-11-15,74.24,Electronics
CUST00351,2025-05-22,25.42,Travel
CUST00351,2025-01-16,16.6,Grocery
CUST00351,2024-08-15,64.13,Travel
CUST00352,2025-07-16,107.55,Grocery
CUST00352,2023-02-07,89.0,Clothing
CUST00352,2021-10-24,99.07,Travel
CUST00352,2021-09-16,122.97,Electronics
CUST00352,2022-09-10,10.79,Electronics
CUST00352,2021-07-11,7.53,Travel
CUST00352,2021-04-28,224.93,Dining
CUST00352,2024-11-08,157.39,Grocery
CUST00352,2025-04-28,185.98,Travel
CUST00352,2024-10-18,90.08,Electronics
CUST00352,2024-09-19,137.26,Dining
CUST00352,2022-10-15,49.01,Dining
CUST00352,2021-11-13,42.77,Grocery
CUST00352,2021-07-05,175.35,Travel
CUST00352,2021-10-22,59.6,Electronics
CUST00352,2023-12-24,38.47,Dining
CUST00352,2021-07-31,28.02,Dining
CUST00352,2023-11-26,78.32,Clothing
CUST00352,2024-11-20,57.19,Grocery
CUST00352,2024-01-13,113.21,Clothing
CUST00352,2021-09-19,12.58,Electronics
CUST00352,2024-08-16,39.62,Electronics
CUST00352,2023-12-06,253.93,Travel
CUST00352,2022-10-22,62.94,Dining
CUST00352,2023-02-24,60.52,Clothing
CUST00352,2023-12-16,152.1,Electronics
CUST00352,2021-12-31,144.11,Travel
CUST00352,2024-10-23,67.66,Grocery
CUST00352,2022-10-09,53.37,Electronics
CUST00352,2022-04-18,96.4,Travel
CUST00352,2024-07-15,594.94,Electronics
CUST00352,2024-10-29,50.69,Clothing
CUST00352,2022-05-11,82.62,Electronics
CUST00352,2021-10-14,42.51,Dining
CUST00352,2022-04-26,17.08,Travel
CUST00352,2024-10-08,10.8,Electronics
CUST00352,2025-06-14,131.71,Clothing
CUST00352,2022-10-07,35.89,Travel
CUST00352,2024-12-29,30.43,Electronics
CUST00352,2022-10-06,112.41,Electronics
CUST00352,2021-04-28,81.42,Clothing
CUST00352,2022-12-31,46.0,Grocery
CUST00352,2024-08-29,33.39,Electronics
CUST00352,2023-06-16,152.89,Grocery
CUST00352,2022-07-08,6.82,Clothing
CUST00352,2024-10-05,52.43,Travel
CUST00352,2021-10-12,110.75,Electronics
CUST00352,2022-02-12,7.36,Electronics
CUST00352,2022-09-02,68.94,Clothing
CUST00352,2022-05-20,77.16,Grocery
CUST00352,2021-11-23,59.72,Travel
CUST00352,2023-12-31,17.21,Travel
CUST00352,2022-06-27,108.76,Dining
CUST00352,2023-08-28,39.01,Clothing
CUST00352,2021-08-16,9.02,Travel
CUST00352,2022-04-12,28.66,Clothing
CUST00352,2022-02-22,41.2,Clothing
CUST00352,2021-10-11,169.21,Dining
CUST00352,2025-01-06,10.69,Grocery
CUST00352,2024-11-01,143.7,Clothing
CUST00352,2023-12-08,245.8,Dining
CUST00352,2025-02-02,48.57,Travel
CUST00352,2023-11-23,37.02,Electronics
CUST00352,2023-10-31,68.7,Electronics
CUST00352,2021-07-11,5.41,Electronics
CUST00352,2021-08-26,39.65,Electronics
CUST00352,2021-04-16,42.9,Clothing
CUST00352,2022-12-16,153.4,Travel
CUST00352,2025-03-02,57.34,Travel
CUST00352,2025-07-12,119.7,Clothing
CUST00352,2022-05-27,59.15,Dining
CUST00352,2021-05-14,74.78,Travel
CUST00352,2023-03-06,28.4,Electronics
CUST00352,2021-11-01,91.36,Dining
CUST00352,2022-11-14,37.69,Dining
CUST00352,2022-07-17,217.73,Travel
CUST00352,2021-10-22,227.49,Electronics
CUST00352,2024-01-05,13.76,Grocery
CUST00352,2024-09-12,40.1,Travel
CUST00352,2021-05-15,66.82,Dining
CUST00352,2025-07-09,98.53,Travel
CUST00352,2025-02-18,53.42,Grocery
CUST00352,2022-03-21,58.26,Travel
CUST00352,2025-05-16,58.97,Electronics
CUST00352,2025-07-10,101.02,Electronics
CUST00352,2024-05-17,385.17,Dining
CUST00352,2022-09-23,23.89,Grocery
CUST00352,2024-01-18,30.68,Travel
CUST00352,2024-09-11,8.05,Travel
CUST00352,2022-09-06,55.79,Dining
CUST00352,2024-06-05,18.18,Dining
CUST00352,2022-05-11,8.81,Dining
CUST00352,2021-08-15,57.71,Clothing
CUST00352,2022-04-14,31.0,Electronics
CUST00352,2024-02-29,45.99,Electronics
CUST00352,2023-04-29,7.13,Travel
CUST00352,2023-03-19,81.27,Dining
CUST00352,2024-11-06,7.11,Grocery
CUST00352,2021-06-01,43.54,Grocery
CUST00352,2024-03-14,39.02,Grocery
CUST00352,2021-12-26,155.52,Clothing
CUST00352,2023-12-02,62.6,Electronics
CUST00352,2023-11-24,225.24,Clothing
CUST00352,2022-04-02,41.57,Clothing
CUST00353,2022-03-14,21.83,Clothing
CUST00353,2024-12-12,113.78,Electronics
CUST00353,2025-06-09,74.58,Grocery
CUST00353,2021-10-17,79.49,Travel
CUST00353,2024-10-14,27.59,Clothing
CUST00353,2023-09-01,25.03,Travel
CUST00353,2023-10-17,56.62,Clothing
CUST00353,2021-06-08,37.26,Electronics
CUST00353,2023-01-01,101.32,Travel
CUST00353,2024-10-20,46.01,Travel
CUST00353,2024-05-24,17.05,Grocery
CUST00353,2022-04-28,36.61,Travel
CUST00353,2022-01-02,53.45,Clothing
CUST00353,2022-11-22,104.46,Clothing
CUST00353,2021-12-14,44.45,Travel
CUST00353,2024-05-05,22.11,Clothing
CUST00353,2021-03-21,55.2,Clothing
CUST00353,2023-02-26,138.58,Travel
CUST00353,2024-04-10,22.92,Grocery
CUST00353,2021-06-14,197.41,Grocery
CUST00353,2024-01-30,75.11,Grocery
CUST00353,2025-02-26,136.21,Travel
CUST00353,2024-11-10,311.95,Electronics
CUST00353,2023-08-26,94.53,Grocery
CUST00353,2024-05-19,55.87,Clothing
CUST00353,2025-06-20,53.9,Travel
CUST00353,2021-08-18,60.33,Clothing
CUST00353,2024-12-11,11.66,Travel
CUST00353,2021-08-30,31.78,Clothing
CUST00353,2021-04-26,28.48,Grocery
CUST00353,2024-10-07,38.33,Travel
CUST00353,2024-04-17,23.22,Clothing
CUST00353,2023-01-01,144.35,Travel
CUST00353,2022-05-03,137.45,Clothing
CUST00353,2025-04-24,76.13,Clothing
CUST00353,2025-06-21,178.64,Dining
CUST00353,2024-09-18,20.78,Electronics
CUST00353,2021-08-22,146.78,Travel
CUST00353,2022-07-25,87.31,Electronics
CUST00353,2022-05-19,163.83,Clothing
CUST00353,2025-05-06,212.05,Grocery
CUST00353,2024-04-28,59.46,Clothing
CUST00353,2023-05-03,95.67,Travel
CUST00353,2021-09-05,44.83,Clothing
CUST00353,2022-10-20,367.0,Dining
CUST00353,2023-12-28,127.99,Dining
CUST00353,2021-10-02,15.75,Travel
CUST00353,2024-12-02,37.35,Grocery
CUST00353,2022-04-19,28.68,Electronics
CUST00353,2024-06-19,22.13,Travel
CUST00353,2023-08-20,7.55,Dining
CUST00353,2025-04-12,54.66,Electronics
CUST00353,2025-04-29,22.3,Grocery
CUST00353,2023-10-14,162.86,Clothing
CUST00353,2023-07-14,6.75,Grocery
CUST00353,2021-07-08,45.18,Travel
CUST00353,2022-01-16,21.44,Dining
CUST00353,2025-04-25,27.73,Travel
CUST00353,2021-08-12,44.56,Grocery
CUST00353,2021-04-30,91.87,Travel
CUST00353,2023-05-23,73.4,Grocery
CUST00353,2021-02-16,48.55,Travel
CUST00353,2021-03-26,14.6,Grocery
CUST00353,2023-02-05,98.88,Dining
CUST00353,2025-05-16,6.41,Electronics
CUST00353,2024-12-05,31.99,Electronics
CUST00353,2022-04-19,8.37,Grocery
CUST00353,2021-11-24,17.38,Electronics
CUST00353,2022-01-25,190.5,Grocery
CUST00353,2024-06-11,69.64,Clothing
CUST00353,2023-06-30,39.34,Clothing
CUST00353,2024-04-08,111.44,Dining
CUST00353,2024-06-06,206.76,Dining
CUST00353,2025-02-08,66.29,Clothing
CUST00353,2021-03-30,101.88,Clothing
CUST00353,2024-07-12,6.48,Travel
CUST00353,2024-07-20,59.49,Clothing
CUST00353,2022-02-25,15.3,Travel
CUST00353,2022-09-16,77.16,Grocery
CUST00353,2021-12-09,152.82,Travel
CUST00353,2024-12-18,146.57,Clothing
CUST00353,2022-01-20,110.37,Grocery
CUST00353,2024-11-22,163.21,Electronics
CUST00353,2021-04-26,19.09,Grocery
CUST00353,2022-10-10,321.04,Travel
CUST00353,2022-12-20,161.14,Grocery
CUST00353,2025-05-02,72.53,Electronics
CUST00353,2021-09-02,61.73,Electronics
CUST00354,2023-04-09,112.62,Electronics
CUST00354,2025-04-06,7.29,Electronics
CUST00354,2023-04-21,228.22,Clothing
CUST00354,2023-07-15,26.32,Dining
CUST00354,2024-02-26,291.37,Dining
CUST00354,2024-08-19,69.04,Grocery
CUST00354,2024-07-14,146.63,Clothing
CUST00354,2022-11-16,180.59,Dining
CUST00354,2022-12-07,29.66,Grocery
CUST00354,2024-05-22,129.36,Travel
CUST00354,2025-06-21,91.87,Electronics
CUST00354,2024-01-11,42.54,Travel
CUST00354,2024-08-19,412.51,Travel
CUST00354,2024-07-31,74.75,Electronics
CUST00354,2024-03-22,44.3,Grocery
CUST00354,2025-01-07,47.8,Electronics
CUST00354,2024-11-18,71.47,Dining
CUST00354,2022-12-10,40.81,Grocery
CUST00354,2022-05-19,7.14,Clothing
CUST00354,2024-06-09,71.32,Dining
CUST00354,2024-04-04,108.18,Clothing
CUST00354,2025-05-31,136.18,Dining
CUST00354,2023-05-04,97.53,Travel
CUST00354,2024-05-18,22.81,Electronics
CUST00354,2025-03-27,98.31,Electronics
CUST00354,2022-08-20,112.09,Travel
CUST00354,2024-03-01,69.92,Dining
CUST00354,2024-09-25,31.62,Clothing
CUST00354,2025-06-23,103.36,Electronics
CUST00354,2023-11-01,19.02,Travel
CUST00354,2022-05-18,11.67,Dining
CUST00354,2025-07-18,144.7,Grocery
CUST00354,2025-02-12,46.18,Clothing
CUST00354,2024-12-01,195.71,Grocery
CUST00354,2023-05-10,293.68,Travel
CUST00354,2022-10-09,50.98,Dining
CUST00354,2023-05-19,115.4,Dining
CUST00354,2022-08-02,121.53,Dining
CUST00354,2024-12-02,83.97,Travel
CUST00354,2022-10-07,13.13,Clothing
CUST00354,2024-05-11,10.14,Travel
CUST00354,2022-06-10,85.22,Electronics
CUST00354,2024-08-25,58.64,Dining
CUST00354,2023-10-23,119.01,Travel
CUST00354,2024-08-10,141.68,Dining
CUST00354,2022-06-26,13.76,Dining
CUST00354,2024-12-19,79.43,Clothing
CUST00354,2023-01-29,73.3,Grocery
CUST00354,2022-12-09,51.49,Grocery
CUST00354,2025-01-10,18.55,Grocery
CUST00354,2022-11-20,27.28,Dining
CUST00354,2024-03-30,21.04,Grocery
CUST00354,2023-02-14,21.94,Dining
CUST00354,2023-06-04,56.55,Dining
CUST00354,2023-03-12,7.55,Travel
CUST00354,2022-05-26,140.73,Clothing
CUST00354,2024-11-20,12.79,Grocery
CUST00354,2025-07-24,105.6,Electronics
CUST00354,2023-10-16,36.49,Travel
CUST00354,2024-01-05,159.79,Clothing
CUST00354,2025-01-10,15.47,Electronics
CUST00354,2023-05-07,8.14,Dining
CUST00354,2024-12-26,7.85,Dining
CUST00354,2024-03-15,96.21,Travel
CUST00354,2025-06-05,85.29,Travel
CUST00354,2024-05-19,201.71,Electronics
CUST00354,2025-04-07,20.83,Clothing
CUST00354,2024-12-03,118.55,Travel
CUST00354,2022-07-02,211.76,Grocery
CUST00354,2022-08-31,15.24,Electronics
CUST00354,2024-02-19,13.15,Clothing
CUST00354,2025-04-28,18.31,Clothing
CUST00354,2024-10-25,133.63,Travel
CUST00354,2024-05-27,99.42,Clothing
CUST00354,2023-01-15,82.01,Grocery
CUST00354,2023-02-23,29.53,Clothing
CUST00354,2025-03-17,215.1,Travel
CUST00354,2023-08-24,132.72,Grocery
CUST00354,2023-01-06,17.57,Clothing
CUST00354,2025-04-01,11.44,Dining
CUST00354,2023-05-17,208.94,Electronics
CUST00354,2022-12-14,20.21,Grocery
CUST00354,2024-06-10,47.06,Dining
CUST00354,2023-01-07,185.78,Electronics
CUST00354,2023-11-20,65.61,Electronics
CUST00354,2024-06-15,241.69,Clothing
CUST00354,2025-03-26,106.0,Travel
CUST00354,2022-06-01,45.67,Travel
CUST00354,2023-06-14,94.93,Grocery
CUST00354,2024-11-12,62.92,Dining
CUST00354,2024-09-04,5.28,Clothing
CUST00354,2023-04-20,251.67,Grocery
CUST00354,2025-04-06,44.71,Travel
CUST00354,2023-05-17,33.62,Travel
CUST00354,2024-11-26,9.53,Dining
CUST00354,2024-08-21,97.37,Clothing
CUST00354,2024-07-13,43.26,Travel
CUST00354,2024-10-30,9.68,Clothing
CUST00354,2023-10-05,141.86,Electronics
CUST00354,2025-05-31,161.03,Dining
CUST00354,2022-08-10,51.46,Travel
CUST00354,2022-06-02,227.33,Dining
CUST00355,2023-10-03,31.26,Grocery
CUST00355,2022-07-30,47.63,Travel
CUST00355,2022-05-11,132.11,Clothing
CUST00355,2025-04-25,38.94,Clothing
CUST00355,2023-01-30,31.63,Dining
CUST00355,2024-05-06,86.68,Dining
CUST00355,2024-06-11,132.84,Dining
CUST00355,2023-08-04,52.02,Electronics
CUST00355,2022-08-01,45.09,Dining
CUST00355,2022-10-25,10.52,Dining
CUST00355,2022-04-13,29.89,Travel
CUST00355,2023-07-17,10.8,Electronics
CUST00355,2024-06-12,32.24,Dining
CUST00355,2025-04-29,91.6,Travel
CUST00355,2022-06-29,113.4,Clothing
CUST00355,2022-12-05,15.81,Clothing
CUST00355,2025-04-08,9.71,Electronics
CUST00355,2023-10-03,44.19,Clothing
CUST00355,2025-06-14,400.98,Electronics
CUST00355,2024-03-16,66.46,Clothing
CUST00355,2022-11-15,84.62,Travel
CUST00355,2022-06-10,76.06,Dining
CUST00355,2022-11-06,53.14,Grocery
CUST00355,2025-05-24,93.95,Clothing
CUST00355,2023-11-05,225.48,Electronics
CUST00355,2022-07-30,44.7,Electronics
CUST00355,2022-08-31,39.33,Grocery
CUST00355,2023-08-01,109.15,Dining
CUST00355,2024-12-09,128.95,Dining
CUST00355,2023-10-19,102.06,Dining
CUST00355,2022-12-18,100.14,Electronics
CUST00355,2023-07-15,312.02,Travel
CUST00355,2025-03-30,17.24,Travel
CUST00355,2023-05-23,5.15,Dining
CUST00355,2023-06-12,53.4,Grocery
CUST00355,2022-08-21,51.66,Travel
CUST00355,2023-09-14,229.63,Clothing
CUST00355,2023-07-07,23.11,Clothing
CUST00355,2022-11-26,146.34,Dining
CUST00355,2024-12-19,53.89,Travel
CUST00355,2023-05-19,110.09,Grocery
CUST00355,2022-08-11,28.35,Grocery
CUST00355,2022-03-23,43.75,Clothing
CUST00355,2022-06-07,176.26,Travel
CUST00355,2025-02-02,80.43,Travel
CUST00355,2022-10-02,179.77,Electronics
CUST00355,2023-04-04,325.17,Clothing
CUST00355,2024-09-02,34.23,Dining
CUST00355,2025-05-30,421.34,Grocery
CUST00355,2022-05-26,53.43,Dining
CUST00355,2022-04-02,84.91,Travel
CUST00355,2022-09-12,5.94,Dining
CUST00355,2022-04-06,24.0,Dining
CUST00355,2022-08-25,35.69,Travel
CUST00355,2024-02-25,18.98,Grocery
CUST00355,2022-09-23,223.8,Travel
CUST00355,2022-11-11,36.07,Dining
CUST00355,2024-12-13,11.52,Grocery
CUST00355,2025-06-16,20.25,Electronics
CUST00355,2022-03-29,68.17,Dining
CUST00355,2024-05-15,14.8,Dining
CUST00355,2022-04-05,123.85,Travel
CUST00355,2025-05-04,493.4,Grocery
CUST00355,2022-12-04,44.96,Dining
CUST00355,2022-12-14,33.4,Dining
CUST00355,2024-08-16,39.01,Clothing
CUST00355,2022-05-27,130.78,Grocery
CUST00355,2023-09-05,232.05,Electronics
CUST00355,2022-08-22,140.57,Travel
CUST00355,2022-07-27,173.03,Dining
CUST00355,2024-04-28,56.15,Travel
CUST00355,2024-12-22,13.03,Grocery
CUST00355,2022-05-01,80.83,Travel
CUST00355,2022-11-11,11.08,Dining
CUST00355,2025-05-22,73.67,Travel
CUST00355,2023-01-28,94.62,Travel
CUST00355,2024-02-24,15.16,Grocery
CUST00355,2022-08-20,37.36,Electronics
CUST00355,2022-12-03,207.22,Dining
CUST00355,2024-06-13,12.49,Dining
CUST00355,2022-04-22,253.28,Electronics
CUST00355,2025-02-12,184.29,Electronics
CUST00355,2022-12-12,163.87,Travel
CUST00355,2022-09-19,47.67,Dining
CUST00355,2025-07-22,23.14,Electronics
CUST00355,2023-04-17,98.52,Clothing
CUST00355,2022-06-26,10.87,Dining
CUST00355,2023-04-16,24.83,Dining
CUST00355,2023-12-21,7.75,Travel
CUST00355,2022-08-21,30.57,Electronics
CUST00355,2024-11-18,149.28,Travel
CUST00355,2023-12-24,57.68,Dining
CUST00355,2023-06-02,24.56,Travel
CUST00355,2022-12-31,11.29,Dining
CUST00355,2025-03-11,101.58,Grocery
CUST00355,2022-03-28,73.76,Dining
CUST00355,2024-11-22,129.0,Travel
CUST00355,2022-12-24,127.15,Electronics
CUST00355,2022-05-02,93.44,Travel
CUST00355,2025-03-10,111.86,Dining
CUST00355,2023-11-06,42.91,Clothing
CUST00355,2022-06-26,57.13,Dining
CUST00355,2023-01-01,14.58,Electronics
CUST00355,2024-09-15,109.14,Dining
CUST00355,2024-06-20,204.39,Electronics
CUST00356,2024-03-14,37.3,Clothing
CUST00356,2024-10-15,137.91,Grocery
CUST00356,2023-09-30,6.47,Grocery
CUST00356,2023-12-26,162.91,Grocery
CUST00356,2025-07-21,19.11,Clothing
CUST00356,2023-10-05,19.63,Dining
CUST00356,2023-09-10,45.19,Electronics
CUST00356,2025-04-30,9.89,Clothing
CUST00356,2024-04-25,142.59,Dining
CUST00356,2025-02-10,312.87,Clothing
CUST00356,2025-07-31,211.6,Electronics
CUST00356,2024-06-30,101.09,Clothing
CUST00356,2025-01-30,28.7,Electronics
CUST00356,2025-06-12,6.15,Grocery
CUST00356,2025-07-20,32.68,Electronics
CUST00356,2023-11-09,34.37,Dining
CUST00356,2025-06-11,8.86,Grocery
CUST00356,2024-01-15,21.46,Clothing
CUST00356,2025-02-18,18.4,Electronics
CUST00356,2025-05-03,44.73,Electronics
CUST00356,2024-08-02,5.81,Electronics
CUST00356,2023-12-21,47.01,Grocery
CUST00356,2025-01-09,69.09,Electronics
CUST00356,2025-06-24,17.4,Clothing
CUST00356,2023-09-22,10.67,Dining
CUST00356,2025-01-03,68.46,Grocery
CUST00356,2024-08-13,5.8,Clothing
CUST00356,2025-03-09,146.96,Clothing
CUST00356,2024-04-19,127.04,Electronics
CUST00356,2024-07-05,43.66,Clothing
CUST00356,2024-10-20,34.55,Travel
CUST00356,2024-02-29,211.41,Grocery
CUST00356,2025-02-15,90.3,Dining
CUST00356,2024-10-01,130.31,Clothing
CUST00356,2024-12-22,90.05,Grocery
CUST00356,2024-08-31,68.04,Grocery
CUST00356,2023-09-28,136.17,Grocery
CUST00356,2025-04-17,51.07,Travel
CUST00356,2025-06-30,10.09,Dining
CUST00356,2024-10-26,112.66,Travel
CUST00356,2025-02-12,211.67,Dining
CUST00356,2023-10-14,26.36,Dining
CUST00356,2025-01-23,65.08,Electronics
CUST00356,2025-06-27,34.34,Electronics
CUST00356,2024-03-28,69.38,Dining
CUST00356,2023-12-20,55.31,Clothing
CUST00356,2024-08-19,8.91,Grocery
CUST00356,2024-05-20,8.11,Grocery
CUST00356,2024-04-08,46.44,Clothing
CUST00356,2024-01-30,91.97,Travel
CUST00356,2024-05-01,15.65,Travel
CUST00356,2024-06-27,140.43,Travel
CUST00356,2024-09-19,364.87,Travel
CUST00356,2024-12-24,111.73,Electronics
CUST00356,2024-03-10,35.44,Grocery
CUST00356,2024-12-17,78.37,Clothing
CUST00356,2025-07-25,34.33,Grocery
CUST00356,2024-07-19,44.52,Travel
CUST00356,2024-07-11,123.24,Electronics
CUST00356,2024-11-06,39.82,Travel
CUST00356,2024-02-21,191.66,Grocery
CUST00356,2024-09-06,90.23,Dining
CUST00356,2025-02-17,39.16,Grocery
CUST00356,2025-02-09,230.48,Travel
CUST00356,2025-07-23,135.18,Dining
CUST00356,2025-04-15,25.8,Travel
CUST00356,2024-10-30,33.81,Electronics
CUST00356,2024-02-09,65.21,Travel
CUST00356,2024-04-30,15.46,Grocery
CUST00356,2024-06-08,44.11,Travel
CUST00356,2025-03-16,34.66,Clothing
CUST00356,2025-03-23,45.84,Dining
CUST00356,2025-07-15,56.53,Travel
CUST00356,2025-03-02,156.7,Dining
CUST00356,2024-08-02,58.77,Grocery
CUST00356,2024-07-21,278.94,Electronics
CUST00356,2023-10-19,15.16,Electronics
CUST00356,2024-02-08,7.01,Electronics
CUST00356,2024-02-05,643.87,Clothing
CUST00356,2024-10-22,48.85,Electronics
CUST00356,2024-03-29,420.45,Travel
CUST00356,2023-10-17,40.02,Dining
CUST00356,2024-02-14,162.53,Electronics
CUST00356,2025-05-04,86.19,Travel
CUST00356,2023-09-27,66.35,Travel
CUST00356,2025-03-16,46.94,Dining
CUST00356,2025-01-28,28.83,Grocery
CUST00356,2025-05-28,9.88,Dining
CUST00356,2024-10-29,8.27,Dining
CUST00356,2023-11-02,259.31,Grocery
CUST00356,2023-11-03,41.15,Clothing
CUST00356,2023-12-04,42.32,Clothing
CUST00356,2025-02-28,26.06,Grocery
CUST00356,2025-06-17,175.38,Electronics
CUST00356,2023-11-22,287.28,Clothing
CUST00356,2025-01-01,41.31,Travel
CUST00356,2024-08-01,52.0,Travel
CUST00356,2025-04-28,127.6,Dining
CUST00356,2024-10-06,8.84,Electronics
CUST00356,2025-03-18,55.69,Grocery
CUST00356,2023-10-13,74.88,Grocery
CUST00356,2024-11-03,9.83,Grocery
CUST00356,2024-07-08,7.6,Dining
CUST00356,2024-02-21,136.52,Clothing
CUST00357,2023-12-15,5.5,Electronics
CUST00357,2025-07-08,15.16,Travel
CUST00357,2023-11-10,34.63,Grocery
CUST00357,2023-12-10,72.17,Electronics
CUST00357,2023-11-05,33.0,Clothing
CUST00357,2024-06-30,16.0,Clothing
CUST00357,2024-10-06,25.04,Travel
CUST00357,2023-04-26,45.84,Dining
CUST00357,2025-01-10,177.13,Clothing
CUST00357,2023-08-03,7.17,Clothing
CUST00357,2024-03-31,37.81,Clothing
CUST00357,2024-08-25,67.52,Clothing
CUST00357,2023-04-01,51.03,Travel
CUST00357,2023-09-27,66.78,Grocery
CUST00357,2023-02-23,158.34,Electronics
CUST00357,2023-05-19,55.74,Dining
CUST00357,2023-11-25,29.02,Dining
CUST00357,2024-09-05,122.69,Dining
CUST00357,2023-03-08,49.82,Dining
CUST00357,2023-02-22,27.26,Dining
CUST00357,2025-06-19,91.42,Electronics
CUST00357,2024-10-14,9.47,Electronics
CUST00357,2024-07-11,18.32,Travel
CUST00357,2024-03-12,120.17,Travel
CUST00357,2023-10-17,113.01,Electronics
CUST00357,2023-07-29,9.33,Grocery
CUST00357,2024-12-31,66.59,Travel
CUST00357,2024-08-21,63.48,Electronics
CUST00357,2024-06-20,169.99,Grocery
CUST00357,2024-08-27,178.37,Travel
CUST00357,2025-01-13,49.57,Electronics
CUST00357,2023-07-13,33.37,Clothing
CUST00357,2025-06-24,31.91,Electronics
CUST00357,2024-03-06,40.7,Dining
CUST00357,2024-01-19,11.61,Clothing
CUST00357,2024-08-10,13.54,Clothing
CUST00357,2025-05-31,42.09,Electronics
CUST00357,2025-08-01,102.68,Grocery
CUST00357,2024-03-03,128.3,Electronics
CUST00357,2025-05-27,92.39,Travel
CUST00357,2025-05-30,27.58,Grocery
CUST00357,2025-07-22,62.95,Travel
CUST00357,2023-01-18,8.11,Dining
CUST00357,2023-08-29,5.1,Travel
CUST00357,2024-12-31,107.44,Electronics
CUST00357,2023-05-26,62.44,Dining
CUST00357,2023-08-23,10.72,Travel
CUST00357,2023-11-09,30.02,Clothing
CUST00357,2024-11-30,37.82,Travel
CUST00357,2025-01-25,69.76,Clothing
CUST00357,2023-03-30,74.12,Clothing
CUST00357,2024-07-18,96.75,Travel
CUST00357,2024-06-08,293.92,Clothing
CUST00357,2023-03-20,77.66,Electronics
CUST00357,2024-01-02,23.36,Dining
CUST00357,2025-02-10,34.76,Travel
CUST00357,2025-01-16,70.89,Dining
CUST00357,2023-11-16,9.97,Grocery
CUST00357,2023-06-22,73.48,Clothing
CUST00357,2023-04-18,5.02,Travel
CUST00357,2024-11-17,91.92,Electronics
CUST00357,2023-05-13,14.49,Grocery
CUST00357,2025-03-23,95.7,Clothing
CUST00357,2024-10-23,111.5,Grocery
CUST00357,2023-12-13,128.66,Travel
CUST00357,2024-06-02,45.56,Dining
CUST00357,2024-10-05,24.61,Grocery
CUST00357,2023-02-16,9.96,Clothing
CUST00357,2024-01-10,64.93,Travel
CUST00357,2023-11-20,96.33,Travel
CUST00357,2023-11-01,47.76,Dining
CUST00357,2024-06-08,8.48,Electronics
CUST00357,2025-06-13,43.11,Clothing
CUST00357,2024-11-18,92.27,Travel
CUST00357,2023-09-16,92.15,Grocery
CUST00357,2025-06-27,87.15,Grocery
CUST00357,2023-08-07,7.97,Grocery
CUST00357,2025-07-24,17.43,Clothing
CUST00357,2023-06-29,10.67,Clothing
CUST00357,2023-10-07,93.38,Electronics
CUST00357,2024-12-21,73.77,Electronics
CUST00357,2025-01-10,93.04,Electronics
CUST00357,2024-04-30,9.37,Clothing
CUST00357,2025-05-16,185.69,Grocery
CUST00357,2023-02-13,26.72,Grocery
CUST00357,2024-01-30,16.52,Dining
CUST00358,2024-07-05,33.73,Dining
CUST00358,2025-07-18,49.37,Travel
CUST00358,2025-06-03,46.94,Dining
CUST00358,2024-08-27,229.57,Travel
CUST00358,2024-12-19,7.41,Grocery
CUST00358,2025-01-06,58.67,Dining
CUST00358,2025-07-13,91.15,Clothing
CUST00358,2025-05-25,83.97,Electronics
CUST00358,2024-10-01,138.69,Dining
CUST00358,2024-12-16,85.47,Clothing
CUST00358,2025-06-09,106.12,Travel
CUST00358,2025-06-25,51.46,Grocery
CUST00358,2025-01-20,26.6,Grocery
CUST00358,2025-02-07,255.59,Grocery
CUST00358,2024-07-24,12.05,Grocery
CUST00358,2025-07-04,7.49,Grocery
CUST00358,2024-11-16,72.48,Clothing
CUST00358,2024-11-13,106.62,Travel
CUST00358,2025-03-26,61.11,Grocery
CUST00358,2025-07-01,87.29,Travel
CUST00358,2025-05-19,56.54,Grocery
CUST00358,2024-09-08,58.46,Travel
CUST00358,2025-05-27,6.84,Dining
CUST00358,2025-03-09,27.57,Grocery
CUST00358,2025-01-04,78.85,Travel
CUST00358,2024-05-10,93.82,Grocery
CUST00358,2025-03-29,146.94,Clothing
CUST00358,2025-01-10,284.0,Dining
CUST00358,2025-03-06,152.84,Grocery
CUST00358,2025-02-10,24.38,Clothing
CUST00358,2024-11-16,41.71,Travel
CUST00358,2024-07-09,85.94,Travel
CUST00358,2025-06-02,157.81,Grocery
CUST00358,2025-02-08,12.68,Travel
CUST00358,2025-06-02,92.14,Electronics
CUST00358,2024-07-20,21.87,Grocery
CUST00358,2025-01-22,73.76,Travel
CUST00358,2024-08-11,77.23,Clothing
CUST00358,2025-07-12,17.22,Electronics
CUST00358,2024-07-13,257.16,Travel
CUST00358,2025-06-23,38.52,Dining
CUST00358,2025-05-21,194.52,Electronics
CUST00358,2024-08-03,17.13,Electronics
CUST00358,2025-01-25,79.74,Dining
CUST00358,2025-01-16,26.49,Travel
CUST00358,2025-06-30,283.04,Grocery
CUST00358,2024-11-03,46.01,Clothing
CUST00358,2025-01-01,159.71,Dining
CUST00358,2025-01-10,138.34,Dining
CUST00358,2025-07-17,9.32,Electronics
CUST00358,2024-05-24,62.8,Grocery
CUST00358,2025-04-15,278.48,Grocery
CUST00358,2024-05-11,91.79,Dining
CUST00358,2024-11-08,14.47,Grocery
CUST00358,2024-08-31,32.7,Dining
CUST00358,2025-02-02,24.57,Electronics
CUST00358,2025-02-21,79.32,Travel
CUST00358,2024-05-17,272.72,Grocery
CUST00358,2025-03-22,158.49,Electronics
CUST00358,2024-07-08,49.61,Travel
CUST00358,2025-01-30,16.12,Grocery
CUST00358,2025-04-10,117.21,Travel
CUST00358,2025-02-02,21.2,Grocery
CUST00358,2024-11-06,74.9,Electronics
CUST00358,2024-08-27,52.64,Grocery
CUST00358,2024-05-08,250.3,Electronics
CUST00358,2025-05-18,103.22,Grocery
CUST00358,2024-09-25,127.46,Electronics
CUST00358,2024-08-23,79.05,Clothing
CUST00358,2024-06-27,55.48,Electronics
CUST00358,2025-06-03,25.53,Travel
CUST00358,2025-07-21,17.11,Clothing
CUST00358,2024-05-24,373.83,Dining
CUST00358,2025-01-12,13.01,Clothing
CUST00358,2024-06-16,149.0,Clothing
CUST00358,2025-05-23,15.09,Dining
CUST00358,2025-07-07,57.63,Travel
CUST00358,2024-10-18,224.74,Dining
CUST00358,2025-04-23,6.17,Dining
CUST00358,2025-02-19,43.4,Grocery
CUST00358,2024-11-26,12.79,Clothing
CUST00358,2024-05-16,134.08,Grocery
CUST00358,2025-05-16,42.06,Grocery
CUST00358,2024-08-10,24.88,Electronics
CUST00358,2025-06-11,129.78,Dining
CUST00358,2024-12-02,51.02,Travel
CUST00358,2024-06-26,16.52,Electronics
CUST00358,2024-06-06,163.37,Dining
CUST00358,2024-06-06,69.3,Dining
CUST00358,2024-12-24,61.62,Electronics
CUST00358,2025-04-16,65.3,Clothing
CUST00358,2025-01-23,18.11,Clothing
CUST00358,2025-05-31,5.21,Clothing
CUST00358,2024-11-08,41.85,Clothing
CUST00358,2025-03-28,19.12,Grocery
CUST00358,2024-12-29,356.12,Electronics
CUST00358,2024-10-21,49.97,Grocery
CUST00358,2024-12-15,7.81,Dining
CUST00358,2025-05-18,95.83,Travel
CUST00358,2025-05-19,21.82,Travel
CUST00358,2025-05-11,41.32,Clothing
CUST00358,2025-06-25,191.29,Travel
CUST00358,2025-03-31,114.52,Clothing
CUST00359,2025-07-28,53.29,Electronics
CUST00359,2025-02-26,81.45,Clothing
CUST00359,2025-07-04,189.08,Clothing
CUST00359,2024-01-22,6.08,Clothing
CUST00359,2023-04-28,131.99,Electronics
CUST00359,2024-12-29,10.14,Travel
CUST00359,2023-03-18,6.72,Clothing
CUST00359,2023-08-23,71.38,Travel
CUST00359,2024-01-01,8.8,Clothing
CUST00359,2024-07-08,6.7,Electronics
CUST00359,2024-08-04,266.92,Grocery
CUST00359,2023-05-21,97.67,Grocery
CUST00359,2024-04-16,171.82,Travel
CUST00359,2024-05-15,51.15,Dining
CUST00359,2024-06-17,51.24,Clothing
CUST00359,2023-09-24,81.62,Clothing
CUST00359,2025-04-07,15.56,Clothing
CUST00359,2023-07-27,97.27,Dining
CUST00359,2024-06-29,96.77,Clothing
CUST00359,2023-03-20,72.18,Grocery
CUST00359,2023-05-09,114.59,Clothing
CUST00359,2024-02-24,91.36,Clothing
CUST00359,2024-07-23,19.73,Dining
CUST00359,2023-08-14,49.07,Travel
CUST00359,2023-10-13,19.79,Clothing
CUST00359,2023-02-13,168.16,Electronics
CUST00359,2025-06-02,51.02,Travel
CUST00359,2023-07-22,338.88,Grocery
CUST00359,2024-03-09,57.83,Dining
CUST00359,2024-09-19,127.91,Grocery
CUST00359,2023-11-01,91.99,Clothing
CUST00359,2023-05-02,83.71,Travel
CUST00359,2023-08-01,55.66,Grocery
CUST00359,2025-04-09,12.97,Travel
CUST00359,2023-03-19,493.59,Travel
CUST00359,2023-02-16,86.99,Clothing
CUST00359,2024-07-25,61.56,Dining
CUST00359,2024-05-25,80.96,Clothing
CUST00359,2024-07-30,7.59,Electronics
CUST00359,2025-02-26,34.61,Grocery
CUST00359,2024-07-05,208.3,Dining
CUST00359,2024-10-13,119.61,Dining
CUST00359,2023-08-13,148.39,Travel
CUST00359,2025-02-17,177.37,Clothing
CUST00359,2024-06-01,282.77,Dining
CUST00359,2024-07-04,666.62,Dining
CUST00359,2023-06-08,6.8,Grocery
CUST00359,2023-03-20,34.36,Electronics
CUST00359,2023-01-30,11.38,Travel
CUST00359,2023-12-07,108.44,Electronics
CUST00359,2023-03-03,196.47,Travel
CUST00359,2023-02-17,20.27,Electronics
CUST00359,2023-05-17,49.22,Travel
CUST00359,2024-05-28,23.89,Travel
CUST00359,2025-01-22,25.63,Grocery
CUST00359,2024-02-17,117.76,Dining
CUST00359,2023-09-15,7.72,Travel
CUST00359,2024-09-21,95.94,Electronics
CUST00359,2023-04-08,69.94,Clothing
CUST00359,2025-04-27,206.43,Travel
CUST00359,2024-10-26,15.79,Dining
CUST00359,2024-08-14,13.07,Clothing
CUST00359,2023-07-06,92.13,Grocery
CUST00359,2023-11-14,81.03,Grocery
CUST00359,2023-11-05,112.55,Clothing
CUST00359,2025-07-13,40.41,Dining
CUST00359,2023-03-06,117.05,Dining
CUST00359,2023-11-16,80.8,Dining
CUST00359,2024-07-18,59.88,Grocery
CUST00359,2025-04-30,180.53,Clothing
CUST00359,2024-05-12,16.2,Grocery
CUST00359,2024-03-31,244.59,Grocery
CUST00359,2024-04-30,118.4,Grocery
CUST00359,2023-04-21,71.9,Clothing
CUST00359,2023-02-19,70.8,Clothing
CUST00359,2023-10-23,94.74,Grocery
CUST00359,2023-06-14,130.26,Travel
CUST00359,2023-12-29,46.76,Electronics
CUST00359,2023-11-08,61.41,Clothing
CUST00359,2024-06-25,15.05,Electronics
CUST00359,2024-11-11,8.62,Dining
CUST00359,2024-07-26,50.41,Travel
CUST00359,2023-09-28,21.34,Grocery
CUST00359,2024-02-24,133.38,Clothing
CUST00359,2025-02-23,82.78,Electronics
CUST00359,2025-05-29,35.54,Dining
CUST00359,2023-06-01,114.62,Dining
CUST00359,2023-10-05,93.0,Dining
CUST00359,2023-08-18,18.26,Travel
CUST00359,2025-04-27,13.38,Clothing
CUST00359,2025-03-25,30.14,Travel
CUST00359,2025-07-21,122.95,Clothing
CUST00359,2023-04-13,26.74,Clothing
CUST00359,2023-10-23,130.22,Grocery
CUST00360,2025-06-07,145.46,Grocery
CUST00360,2024-03-20,34.91,Clothing
CUST00360,2025-01-23,29.1,Grocery
CUST00360,2024-02-25,46.48,Clothing
CUST00360,2024-12-05,158.97,Electronics
CUST00360,2025-06-19,63.69,Dining
CUST00360,2024-08-18,7.08,Dining
CUST00360,2023-12-15,28.2,Dining
CUST00360,2023-11-12,45.49,Dining
CUST00360,2024-06-06,25.0,Electronics
CUST00360,2025-04-03,48.39,Travel
CUST00360,2025-03-18,23.34,Clothing
CUST00360,2025-01-25,10.6,Clothing
CUST00360,2024-09-09,74.85,Dining
CUST00360,2024-01-28,35.87,Clothing
CUST00360,2024-02-19,13.34,Grocery
CUST00360,2024-07-03,283.18,Electronics
CUST00360,2025-04-10,29.12,Electronics
CUST00360,2024-10-06,61.23,Clothing
CUST00360,2024-07-25,164.42,Grocery
CUST00360,2024-12-04,16.71,Travel
CUST00360,2023-12-10,141.91,Grocery
CUST00360,2023-10-04,188.27,Electronics
CUST00360,2025-03-02,547.55,Dining
CUST00360,2024-12-19,45.19,Travel
CUST00360,2024-05-20,40.46,Grocery
CUST00360,2024-04-24,14.95,Grocery
CUST00360,2024-12-24,14.51,Electronics
CUST00360,2025-01-26,26.63,Dining
CUST00360,2024-06-11,38.03,Electronics
CUST00360,2024-01-28,20.06,Electronics
CUST00360,2025-05-13,23.87,Travel
CUST00360,2025-07-01,67.71,Dining
CUST00360,2025-02-24,31.11,Clothing
CUST00360,2025-03-27,183.59,Clothing
CUST00360,2024-01-09,237.08,Electronics
CUST00360,2025-04-26,129.77,Dining
CUST00360,2023-08-30,88.77,Travel
CUST00360,2023-12-11,42.84,Electronics
CUST00360,2024-12-21,22.27,Dining
CUST00360,2025-03-11,31.56,Electronics
CUST00360,2024-05-20,28.1,Clothing
CUST00360,2023-08-29,35.37,Travel
CUST00360,2025-07-21,64.54,Travel
CUST00360,2024-02-23,131.08,Electronics
CUST00360,2025-04-10,61.23,Electronics
CUST00360,2024-11-11,47.64,Travel
CUST00360,2025-07-09,204.52,Dining
CUST00360,2023-11-01,215.34,Electronics
CUST00360,2025-01-18,63.61,Grocery
CUST00360,2025-07-27,67.59,Travel
CUST00360,2024-09-01,258.7,Clothing
CUST00360,2024-05-29,53.21,Electronics
CUST00360,2025-06-25,65.48,Grocery
CUST00360,2024-04-16,50.26,Travel
CUST00360,2025-02-02,15.1,Travel
CUST00360,2025-06-11,150.88,Clothing
CUST00360,2025-01-13,150.72,Dining
CUST00360,2023-08-30,187.82,Grocery
CUST00360,2025-04-09,65.13,Dining
CUST00360,2023-12-22,20.56,Travel
CUST00360,2024-12-24,8.7,Grocery
CUST00360,2025-02-01,42.06,Clothing
CUST00360,2024-03-02,85.55,Electronics
CUST00360,2023-11-30,124.37,Clothing
CUST00360,2024-05-12,31.26,Travel
CUST00360,2024-07-02,19.86,Dining
CUST00360,2025-06-13,42.99,Dining
CUST00360,2025-06-29,71.44,Travel
CUST00360,2025-03-09,290.71,Dining
CUST00360,2025-05-07,19.27,Dining
CUST00360,2024-02-01,19.31,Travel
CUST00360,2024-10-06,63.48,Travel
CUST00360,2025-06-02,60.32,Dining
CUST00360,2025-02-09,29.8,Clothing
CUST00360,2023-09-17,73.56,Grocery
CUST00360,2024-10-18,36.32,Clothing
CUST00360,2024-08-17,67.05,Clothing
CUST00360,2024-12-27,7.98,Clothing
CUST00360,2024-07-06,26.31,Grocery
CUST00360,2025-04-26,19.4,Travel
CUST00360,2023-10-28,44.58,Electronics
CUST00360,2024-12-12,175.68,Grocery
CUST00360,2023-11-30,94.38,Clothing
CUST00360,2024-03-06,155.68,Travel
CUST00360,2025-01-20,59.59,Dining
CUST00360,2024-04-06,21.32,Clothing
CUST00360,2025-07-31,11.72,Clothing
CUST00360,2024-02-25,28.9,Grocery
CUST00360,2024-11-03,20.87,Travel
CUST00360,2024-06-16,98.84,Travel
CUST00360,2025-07-03,51.17,Travel
CUST00360,2024-02-01,75.29,Clothing
CUST00360,2024-01-29,51.77,Travel
CUST00360,2024-07-01,116.43,Travel
CUST00360,2024-12-25,15.01,Grocery
CUST00360,2023-10-05,110.8,Travel
CUST00360,2025-05-04,82.89,Electronics
CUST00360,2024-01-29,63.9,Electronics
CUST00360,2023-09-26,69.83,Electronics
CUST00360,2024-11-02,138.29,Dining
CUST00360,2024-03-31,69.25,Clothing
CUST00360,2024-01-05,21.48,Dining
CUST00360,2023-12-06,8.69,Grocery
CUST00360,2025-02-23,131.4,Clothing
CUST00360,2024-07-10,38.66,Clothing
CUST00360,2023-12-16,22.3,Clothing
CUST00360,2023-11-23,21.03,Grocery
CUST00360,2024-03-19,29.56,Travel
CUST00360,2024-11-04,92.42,Travel
CUST00360,2025-04-01,129.96,Clothing
CUST00360,2025-06-10,81.13,Clothing
CUST00361,2023-05-16,220.94,Grocery
CUST00361,2025-05-14,80.06,Electronics
CUST00361,2023-07-29,60.13,Electronics
CUST00361,2022-08-20,21.01,Travel
CUST00361,2021-09-14,76.22,Grocery
CUST00361,2023-11-19,171.22,Clothing
CUST00361,2023-12-24,52.68,Dining
CUST00361,2023-04-28,46.05,Grocery
CUST00361,2025-07-28,24.91,Travel
CUST00361,2024-09-07,145.4,Dining
CUST00361,2023-08-31,173.65,Dining
CUST00361,2024-05-13,49.1,Travel
CUST00361,2022-07-29,293.98,Clothing
CUST00361,2021-03-30,13.62,Clothing
CUST00361,2021-09-01,27.8,Clothing
CUST00361,2022-02-20,59.8,Clothing
CUST00361,2021-03-31,112.22,Clothing
CUST00361,2021-03-02,26.05,Dining
CUST00361,2022-01-18,80.31,Travel
CUST00361,2021-11-10,25.57,Clothing
CUST00361,2021-10-02,67.94,Clothing
CUST00361,2022-09-02,61.51,Travel
CUST00361,2023-04-27,45.38,Clothing
CUST00361,2024-09-14,40.98,Grocery
CUST00361,2022-08-16,126.17,Clothing
CUST00361,2022-04-08,91.97,Electronics
CUST00361,2022-06-20,84.66,Travel
CUST00361,2022-02-19,36.37,Clothing
CUST00361,2022-02-14,17.55,Electronics
CUST00361,2024-12-03,33.31,Grocery
CUST00361,2024-11-26,78.13,Clothing
CUST00361,2021-07-01,38.03,Grocery
CUST00361,2022-05-07,54.87,Dining
CUST00361,2024-06-11,161.44,Dining
CUST00361,2021-11-08,82.06,Dining
CUST00361,2024-01-27,53.17,Electronics
CUST00361,2024-04-14,10.96,Electronics
CUST00361,2024-09-05,129.62,Travel
CUST00361,2024-07-15,51.07,Grocery
CUST00361,2021-09-28,58.36,Clothing
CUST00361,2021-09-19,43.93,Dining
CUST00361,2022-10-26,73.47,Electronics
CUST00361,2021-09-23,49.03,Electronics
CUST00361,2025-05-01,31.12,Travel
CUST00361,2022-11-24,48.81,Clothing
CUST00361,2023-05-06,86.29,Travel
CUST00361,2022-07-16,64.74,Grocery
CUST00361,2025-02-27,11.27,Grocery
CUST00361,2021-06-29,68.64,Clothing
CUST00361,2022-08-28,75.3,Clothing
CUST00361,2021-05-28,68.85,Grocery
CUST00361,2021-05-26,35.96,Travel
CUST00361,2021-04-27,71.17,Travel
CUST00361,2022-05-06,154.12,Clothing
CUST00361,2022-07-21,27.6,Clothing
CUST00361,2022-09-05,15.85,Grocery
CUST00361,2024-04-27,87.33,Dining
CUST00361,2022-12-30,79.65,Dining
CUST00361,2023-12-10,8.06,Clothing
CUST00361,2020-12-03,29.81,Travel
CUST00361,2021-08-10,209.97,Electronics
CUST00361,2021-04-12,58.72,Electronics
CUST00361,2022-03-28,6.11,Dining
CUST00361,2022-04-25,130.32,Grocery
CUST00361,2023-09-06,154.27,Dining
CUST00361,2024-08-24,145.51,Clothing
CUST00361,2025-05-16,156.65,Grocery
CUST00361,2021-04-13,21.04,Electronics
CUST00361,2023-08-28,70.73,Clothing
CUST00361,2023-05-06,172.44,Clothing
CUST00361,2023-08-12,21.78,Dining
CUST00361,2022-11-08,139.87,Grocery
CUST00361,2021-02-27,61.0,Grocery
CUST00361,2023-07-04,57.21,Dining
CUST00361,2023-05-26,314.59,Electronics
CUST00361,2022-04-21,195.0,Grocery
CUST00361,2022-02-21,24.81,Electronics
CUST00361,2025-01-15,145.33,Clothing
CUST00361,2023-03-11,18.0,Travel
CUST00361,2024-11-25,20.38,Grocery
CUST00361,2022-08-25,129.25,Grocery
CUST00361,2021-10-31,260.31,Grocery
CUST00361,2025-01-28,22.36,Electronics
CUST00361,2023-12-23,10.28,Grocery
CUST00361,2025-07-05,55.06,Dining
CUST00361,2025-02-22,217.72,Clothing
CUST00361,2020-12-04,133.46,Electronics
CUST00361,2025-03-27,198.42,Clothing
CUST00361,2024-06-17,17.67,Clothing
CUST00361,2023-11-01,10.74,Travel
CUST00361,2021-08-15,140.44,Grocery
CUST00362,2024-03-05,114.22,Dining
CUST00362,2024-09-27,10.54,Clothing
CUST00362,2025-04-05,86.57,Dining
CUST00362,2025-01-04,61.05,Dining
CUST00362,2024-03-18,47.01,Dining
CUST00362,2024-02-27,19.61,Clothing
CUST00362,2024-05-21,171.04,Clothing
CUST00362,2024-04-11,61.18,Dining
CUST00362,2023-12-24,5.14,Clothing
CUST00362,2024-04-11,132.23,Electronics
CUST00362,2025-05-08,22.27,Travel
CUST00362,2025-02-05,83.11,Travel
CUST00362,2025-05-08,56.9,Travel
CUST00362,2024-06-28,85.83,Grocery
CUST00362,2024-01-07,97.54,Dining
CUST00362,2025-06-15,7.93,Electronics
CUST00362,2025-01-19,89.93,Clothing
CUST00362,2024-12-22,11.87,Clothing
CUST00362,2024-09-30,114.03,Clothing
CUST00362,2024-06-01,158.18,Electronics
CUST00362,2023-12-18,62.03,Electronics
CUST00362,2025-04-23,34.12,Electronics
CUST00362,2024-09-23,30.05,Dining
CUST00362,2024-09-23,176.34,Travel
CUST00362,2024-03-10,126.49,Electronics
CUST00362,2024-02-04,51.95,Electronics
CUST00362,2024-01-03,26.37,Clothing
CUST00362,2024-10-26,32.5,Clothing
CUST00362,2023-12-13,14.64,Electronics
CUST00362,2025-01-11,23.61,Dining
CUST00362,2025-05-14,130.79,Travel
CUST00362,2024-09-02,232.41,Grocery
CUST00362,2024-04-14,45.07,Grocery
CUST00362,2024-04-02,72.7,Grocery
CUST00362,2024-11-22,42.07,Travel
CUST00362,2025-03-06,26.09,Grocery
CUST00362,2025-01-20,67.17,Electronics
CUST00362,2024-12-13,34.17,Dining
CUST00362,2024-02-03,50.99,Clothing
CUST00362,2023-12-16,75.18,Clothing
CUST00362,2024-05-29,153.82,Clothing
CUST00362,2024-04-17,144.77,Grocery
CUST00362,2025-07-28,19.64,Dining
CUST00362,2025-02-12,73.39,Travel
CUST00362,2025-03-07,161.06,Clothing
CUST00362,2024-02-06,128.16,Clothing
CUST00362,2025-07-08,49.38,Dining
CUST00362,2024-02-28,83.54,Dining
CUST00362,2024-03-04,64.72,Dining
CUST00362,2023-11-21,165.04,Electronics
CUST00362,2024-12-15,57.29,Grocery
CUST00362,2024-10-08,61.09,Dining
CUST00362,2025-01-21,27.62,Grocery
CUST00362,2024-12-17,51.09,Grocery
CUST00362,2025-02-09,67.11,Dining
CUST00362,2025-03-26,104.38,Electronics
CUST00362,2025-02-09,33.19,Travel
CUST00362,2025-05-30,54.45,Grocery
CUST00362,2025-07-24,43.47,Electronics
CUST00362,2024-06-29,28.55,Electronics
CUST00362,2024-11-14,24.24,Travel
CUST00362,2024-12-11,18.3,Electronics
CUST00362,2024-02-07,148.89,Electronics
CUST00362,2024-12-07,112.8,Clothing
CUST00362,2025-01-24,16.52,Travel
CUST00362,2024-03-23,145.06,Travel
CUST00362,2023-12-28,162.17,Clothing
CUST00362,2025-02-21,9.51,Clothing
CUST00362,2024-10-10,100.53,Electronics
CUST00362,2025-01-06,140.44,Dining
CUST00362,2025-04-22,160.14,Dining
CUST00362,2024-04-19,176.3,Grocery
CUST00362,2024-03-06,22.52,Clothing
CUST00362,2024-02-22,114.35,Dining
CUST00362,2025-07-16,19.39,Grocery
CUST00362,2024-02-29,128.26,Dining
CUST00362,2025-04-18,94.43,Electronics
CUST00362,2025-06-17,41.43,Clothing
CUST00362,2025-06-17,137.11,Travel
CUST00362,2024-05-06,174.81,Travel
CUST00362,2024-11-23,67.39,Electronics
CUST00362,2025-04-29,11.89,Electronics
CUST00362,2023-12-04,149.46,Clothing
CUST00362,2025-01-28,77.44,Dining
CUST00362,2024-06-13,326.66,Dining
CUST00362,2025-06-05,27.82,Grocery
CUST00362,2025-04-15,72.08,Electronics
CUST00362,2024-10-29,46.77,Dining
CUST00362,2024-04-16,7.32,Electronics
CUST00362,2025-03-11,187.62,Dining
CUST00362,2024-01-20,12.32,Travel
CUST00362,2023-11-24,51.29,Grocery
CUST00362,2023-12-12,16.88,Clothing
CUST00362,2025-06-05,231.43,Travel
CUST00362,2023-11-30,8.19,Grocery
CUST00362,2024-08-08,196.95,Dining
CUST00362,2025-02-04,325.19,Grocery
CUST00362,2024-02-13,22.44,Travel
CUST00362,2024-08-24,77.32,Dining
CUST00362,2025-05-31,52.76,Travel
CUST00362,2025-05-08,36.67,Clothing
CUST00362,2025-04-24,62.69,Travel
CUST00363,2021-11-30,45.56,Travel
CUST00363,2023-02-21,39.36,Travel
CUST00363,2025-02-09,146.54,Clothing
CUST00363,2021-12-10,36.14,Dining
CUST00363,2025-05-11,20.16,Dining
CUST00363,2024-06-01,118.15,Travel
CUST00363,2024-02-19,126.46,Dining
CUST00363,2021-07-15,25.53,Travel
CUST00363,2023-04-17,31.65,Clothing
CUST00363,2024-08-18,36.51,Grocery
CUST00363,2021-11-03,80.63,Dining
CUST00363,2021-08-18,44.76,Electronics
CUST00363,2021-08-10,157.66,Grocery
CUST00363,2025-04-22,163.48,Clothing
CUST00363,2024-09-08,54.55,Electronics
CUST00363,2021-09-12,32.48,Electronics
CUST00363,2022-02-11,106.84,Dining
CUST00363,2021-08-14,89.46,Travel
CUST00363,2025-01-28,47.41,Grocery
CUST00363,2023-10-29,70.48,Travel
CUST00363,2021-10-16,14.39,Travel
CUST00363,2024-03-13,211.42,Grocery
CUST00363,2022-08-06,335.64,Dining
CUST00363,2021-12-20,96.47,Electronics
CUST00363,2025-03-20,149.46,Dining
CUST00363,2022-05-03,68.75,Clothing
CUST00363,2022-09-08,145.86,Electronics
CUST00363,2024-08-06,38.14,Clothing
CUST00363,2022-01-03,187.41,Dining
CUST00363,2021-11-11,139.12,Clothing
CUST00363,2024-01-19,13.72,Grocery
CUST00363,2023-07-25,185.65,Dining
CUST00363,2022-05-30,200.41,Dining
CUST00363,2022-01-16,36.56,Electronics
CUST00363,2021-09-01,55.66,Grocery
CUST00363,2022-09-19,69.54,Travel
CUST00363,2024-11-30,79.49,Clothing
CUST00363,2025-04-14,408.5,Clothing
CUST00363,2022-01-03,24.25,Electronics
CUST00363,2024-04-15,113.12,Dining
CUST00363,2024-07-08,346.77,Travel
CUST00363,2022-10-12,66.58,Grocery
CUST00363,2022-11-11,58.76,Travel
CUST00363,2025-05-14,56.76,Dining
CUST00363,2022-01-14,11.75,Travel
CUST00363,2023-04-02,18.54,Electronics
CUST00363,2024-05-23,35.93,Travel
CUST00363,2022-09-09,17.54,Grocery
CUST00363,2025-02-15,127.3,Electronics
CUST00363,2022-03-03,36.55,Grocery
CUST00363,2023-09-11,93.71,Clothing
CUST00363,2022-03-29,12.15,Electronics
CUST00363,2022-01-05,64.65,Travel
CUST00363,2025-07-02,31.11,Grocery
CUST00363,2024-11-10,12.43,Clothing
CUST00363,2023-04-03,91.74,Dining
CUST00363,2021-12-11,48.49,Dining
CUST00363,2022-05-11,38.8,Clothing
CUST00363,2022-03-18,52.7,Clothing
CUST00363,2022-06-24,71.49,Dining
CUST00363,2023-10-04,6.05,Grocery
CUST00363,2021-10-18,203.3,Dining
CUST00363,2022-11-10,22.53,Travel
CUST00363,2021-12-30,34.21,Travel
CUST00363,2024-05-13,208.38,Clothing
CUST00363,2021-07-20,66.88,Grocery
CUST00363,2023-01-20,225.63,Travel
CUST00363,2022-12-27,124.0,Electronics
CUST00363,2021-09-16,342.58,Dining
CUST00363,2021-10-08,97.77,Grocery
CUST00363,2021-08-31,43.39,Travel
CUST00363,2023-12-14,20.74,Travel
CUST00363,2022-02-18,102.42,Grocery
CUST00363,2022-06-25,67.49,Electronics
CUST00363,2023-10-21,169.69,Electronics
CUST00363,2025-01-18,42.88,Travel
CUST00363,2023-12-10,40.14,Grocery
CUST00363,2025-05-03,261.98,Travel
CUST00363,2025-02-22,25.43,Dining
CUST00363,2022-03-07,10.21,Travel
CUST00363,2022-02-16,46.41,Travel
CUST00363,2023-09-29,12.66,Clothing
CUST00363,2021-11-13,25.93,Grocery
CUST00363,2023-08-15,362.96,Electronics
CUST00363,2022-08-25,23.92,Grocery
CUST00363,2022-06-26,54.45,Dining
CUST00363,2025-06-15,32.36,Clothing
CUST00363,2024-03-09,300.27,Dining
CUST00363,2022-09-02,104.29,Clothing
CUST00364,2023-04-15,37.4,Electronics
CUST00364,2025-02-04,34.12,Grocery
CUST00364,2024-10-05,46.21,Clothing
CUST00364,2024-04-06,95.11,Electronics
CUST00364,2023-10-27,129.15,Clothing
CUST00364,2025-05-11,196.74,Grocery
CUST00364,2022-08-16,153.45,Dining
CUST00364,2024-01-14,40.88,Grocery
CUST00364,2022-11-29,81.83,Grocery
CUST00364,2023-03-23,102.94,Dining
CUST00364,2022-10-08,101.9,Travel
CUST00364,2023-08-26,140.14,Travel
CUST00364,2022-09-14,11.84,Clothing
CUST00364,2024-02-24,95.23,Clothing
CUST00364,2022-08-16,15.34,Dining
CUST00364,2024-05-08,26.7,Grocery
CUST00364,2023-07-24,20.53,Clothing
CUST00364,2024-01-25,43.28,Electronics
CUST00364,2023-03-03,101.72,Clothing
CUST00364,2025-06-18,191.79,Electronics
CUST00364,2025-06-02,115.88,Travel
CUST00364,2025-01-16,162.22,Travel
CUST00364,2022-07-11,157.23,Grocery
CUST00364,2023-03-26,170.95,Dining
CUST00364,2023-09-13,155.14,Travel
CUST00364,2023-12-06,83.58,Grocery
CUST00364,2023-10-27,369.29,Travel
CUST00364,2025-01-01,22.56,Clothing
CUST00364,2023-04-26,199.53,Grocery
CUST00364,2023-12-25,211.08,Electronics
CUST00364,2025-05-18,16.65,Travel
CUST00364,2025-04-19,23.89,Clothing
CUST00364,2024-04-06,55.17,Electronics
CUST00364,2025-03-19,56.88,Dining
CUST00364,2022-07-03,123.55,Electronics
CUST00364,2024-07-22,13.87,Dining
CUST00364,2024-11-01,11.87,Grocery
CUST00364,2023-09-29,63.0,Electronics
CUST00364,2024-02-11,225.69,Travel
CUST00364,2025-03-08,21.62,Dining
CUST00364,2023-09-23,56.04,Grocery
CUST00364,2023-02-18,20.02,Clothing
CUST00364,2022-09-30,84.96,Dining
CUST00364,2022-09-22,8.63,Clothing
CUST00364,2025-02-22,63.11,Travel
CUST00364,2024-12-25,41.72,Dining
CUST00364,2024-12-11,11.72,Grocery
CUST00364,2022-11-13,179.35,Dining
CUST00364,2025-06-25,37.57,Grocery
CUST00364,2023-06-26,22.58,Grocery
CUST00364,2025-07-30,14.9,Electronics
CUST00364,2024-04-08,119.78,Clothing
CUST00364,2023-05-26,106.43,Travel
CUST00364,2023-06-05,257.27,Grocery
CUST00364,2024-03-06,67.29,Grocery
CUST00364,2023-01-03,224.98,Dining
CUST00364,2023-06-07,121.65,Dining
CUST00364,2023-11-19,34.72,Dining
CUST00364,2024-09-13,24.41,Dining
CUST00364,2022-12-20,52.45,Clothing
CUST00364,2023-02-27,169.13,Clothing
CUST00364,2023-07-28,157.28,Dining
CUST00364,2024-08-01,10.87,Electronics
CUST00364,2023-10-27,159.03,Travel
CUST00364,2024-08-16,8.15,Clothing
CUST00364,2023-01-27,97.03,Clothing
CUST00364,2024-04-13,219.4,Electronics
CUST00364,2023-01-12,44.67,Clothing
CUST00364,2024-03-21,64.88,Electronics
CUST00364,2022-11-15,23.04,Electronics
CUST00364,2024-09-20,43.32,Grocery
CUST00364,2022-07-17,36.53,Dining
CUST00364,2024-01-28,48.83,Travel
CUST00364,2024-05-03,31.98,Travel
CUST00364,2023-03-30,159.45,Grocery
CUST00364,2024-09-29,18.58,Clothing
CUST00364,2022-10-02,139.05,Dining
CUST00364,2023-09-05,105.13,Grocery
CUST00364,2025-03-21,186.13,Grocery
CUST00364,2022-08-22,23.77,Grocery
CUST00364,2024-08-07,26.89,Grocery
CUST00364,2025-04-11,14.57,Dining
CUST00364,2025-01-10,50.56,Dining
CUST00364,2023-04-10,34.46,Clothing
CUST00364,2023-04-28,35.53,Clothing
CUST00364,2024-10-27,217.36,Grocery
CUST00364,2025-07-14,51.39,Electronics
CUST00364,2024-12-25,97.38,Grocery
CUST00364,2023-09-19,63.66,Dining
CUST00364,2025-04-01,351.1,Travel
CUST00364,2022-10-17,34.58,Travel
CUST00364,2022-08-28,69.04,Clothing
CUST00364,2023-09-25,70.19,Grocery
CUST00364,2022-10-16,220.5,Dining
CUST00364,2022-08-13,36.47,Electronics
CUST00364,2022-08-16,104.56,Grocery
CUST00364,2025-07-01,86.43,Grocery
CUST00364,2024-12-26,41.19,Grocery
CUST00364,2023-04-23,77.23,Clothing
CUST00364,2024-06-06,47.18,Dining
CUST00364,2024-12-02,101.65,Electronics
CUST00364,2022-09-14,37.65,Clothing
CUST00364,2022-07-11,42.99,Clothing
CUST00364,2025-02-15,58.35,Clothing
CUST00364,2025-02-03,91.18,Clothing
CUST00364,2023-11-28,84.61,Grocery
CUST00364,2024-11-13,208.52,Travel
CUST00364,2024-06-29,93.88,Grocery
CUST00364,2024-03-18,66.08,Dining
CUST00364,2022-10-04,43.03,Clothing
CUST00364,2025-07-10,23.97,Clothing
CUST00364,2024-10-22,223.26,Dining
CUST00364,2024-12-07,11.63,Clothing
CUST00364,2022-12-06,5.86,Clothing
CUST00364,2024-12-13,9.57,Electronics
CUST00365,2024-03-31,124.85,Electronics
CUST00365,2023-06-03,107.36,Clothing
CUST00365,2023-02-27,85.01,Travel
CUST00365,2024-07-14,125.46,Clothing
CUST00365,2024-07-29,81.07,Dining
CUST00365,2025-05-11,81.91,Travel
CUST00365,2024-04-02,6.79,Clothing
CUST00365,2023-03-22,114.68,Travel
CUST00365,2025-05-30,28.62,Travel
CUST00365,2023-02-26,165.35,Electronics
CUST00365,2023-08-03,64.56,Travel
CUST00365,2024-10-13,91.13,Dining
CUST00365,2025-06-21,215.01,Clothing
CUST00365,2024-06-18,9.33,Clothing
CUST00365,2024-01-19,77.6,Clothing
CUST00365,2023-01-03,106.63,Travel
CUST00365,2025-04-01,18.17,Grocery
CUST00365,2023-01-09,88.07,Electronics
CUST00365,2024-10-22,17.95,Electronics
CUST00365,2023-12-19,29.46,Grocery
CUST00365,2025-01-28,20.86,Electronics
CUST00365,2025-07-26,102.2,Grocery
CUST00365,2022-10-05,43.89,Grocery
CUST00365,2024-09-24,17.19,Dining
CUST00365,2025-02-11,94.51,Clothing
CUST00365,2024-06-06,23.19,Clothing
CUST00365,2024-03-16,146.73,Electronics
CUST00365,2023-02-09,83.21,Travel
CUST00365,2022-11-10,5.57,Dining
CUST00365,2023-04-09,42.07,Electronics
CUST00365,2025-03-15,31.4,Electronics
CUST00365,2023-08-07,244.46,Clothing
CUST00365,2024-01-06,40.77,Grocery
CUST00365,2025-04-25,43.15,Dining
CUST00365,2024-01-18,48.58,Travel
CUST00365,2025-02-06,49.34,Electronics
CUST00365,2024-06-03,55.36,Grocery
CUST00365,2025-03-10,50.24,Travel
CUST00365,2023-11-18,24.79,Dining
CUST00365,2023-07-11,35.56,Electronics
CUST00365,2024-09-15,179.66,Grocery
CUST00365,2025-07-04,37.22,Electronics
CUST00365,2022-11-12,97.93,Grocery
CUST00365,2022-12-05,124.24,Clothing
CUST00365,2022-09-09,75.3,Electronics
CUST00365,2024-08-15,37.9,Dining
CUST00365,2024-12-09,26.89,Grocery
CUST00365,2022-11-15,218.83,Travel
CUST00365,2025-03-05,225.45,Grocery
CUST00365,2025-05-28,125.71,Clothing
CUST00365,2023-03-22,238.47,Dining
CUST00365,2025-06-27,270.42,Electronics
CUST00365,2024-09-17,47.04,Electronics
CUST00365,2022-12-25,100.99,Travel
CUST00365,2023-02-05,55.06,Travel
CUST00365,2025-05-15,50.89,Clothing
CUST00365,2023-12-24,25.11,Travel
CUST00365,2023-02-26,141.79,Dining
CUST00365,2024-08-27,8.47,Clothing
CUST00365,2024-03-07,38.9,Dining
CUST00365,2024-12-23,6.5,Electronics
CUST00365,2023-09-11,249.81,Grocery
CUST00365,2024-01-14,84.05,Dining
CUST00365,2025-07-14,50.83,Clothing
CUST00365,2025-01-20,32.81,Grocery
CUST00365,2023-01-22,15.21,Electronics
CUST00365,2024-10-30,65.38,Clothing
CUST00365,2024-05-26,11.28,Electronics
CUST00365,2024-03-26,82.18,Electronics
CUST00365,2025-04-12,85.74,Grocery
CUST00365,2024-05-07,9.33,Electronics
CUST00365,2025-03-23,20.42,Grocery
CUST00365,2023-10-14,31.02,Clothing
CUST00365,2024-10-18,20.3,Electronics
CUST00365,2024-09-03,23.92,Dining
CUST00365,2022-12-18,8.8,Clothing
CUST00365,2024-10-31,26.69,Electronics
CUST00365,2024-04-14,45.11,Dining
CUST00365,2024-07-01,38.93,Dining
CUST00365,2024-06-13,22.62,Electronics
CUST00365,2024-05-25,12.21,Electronics
CUST00365,2023-11-09,90.09,Travel
CUST00365,2025-04-06,11.27,Grocery
CUST00365,2023-10-24,17.62,Travel
CUST00365,2025-02-06,17.04,Dining
CUST00365,2024-03-03,451.96,Clothing
CUST00365,2023-06-28,6.74,Travel
CUST00365,2022-10-31,95.26,Travel
CUST00365,2025-03-16,15.4,Travel
CUST00365,2025-03-05,10.09,Grocery
CUST00365,2024-05-16,13.57,Dining
CUST00365,2024-12-03,163.41,Dining
CUST00365,2024-09-24,35.76,Electronics
CUST00365,2024-03-15,110.96,Travel
CUST00365,2023-09-04,26.95,Electronics
CUST00365,2024-07-30,171.32,Travel
CUST00365,2023-07-15,146.83,Grocery
CUST00365,2025-01-16,208.36,Grocery
CUST00365,2024-07-31,104.55,Dining
CUST00365,2025-07-23,61.72,Travel
CUST00365,2022-10-02,33.15,Clothing
CUST00365,2023-11-01,34.37,Travel
CUST00365,2022-12-02,104.03,Dining
CUST00365,2024-09-02,301.66,Grocery
CUST00365,2024-04-14,38.8,Dining
CUST00365,2025-03-14,269.26,Travel
CUST00365,2024-02-25,11.85,Electronics
CUST00365,2025-05-04,37.71,Dining
CUST00366,2024-01-06,14.53,Grocery
CUST00366,2024-08-28,94.03,Travel
CUST00366,2024-12-10,71.84,Travel
CUST00366,2023-12-03,87.54,Grocery
CUST00366,2025-06-15,78.23,Travel
CUST00366,2024-01-14,52.28,Travel
CUST00366,2022-12-23,129.85,Travel
CUST00366,2025-02-06,6.63,Dining
CUST00366,2024-01-08,195.54,Travel
CUST00366,2022-11-15,11.55,Dining
CUST00366,2025-04-09,128.9,Travel
CUST00366,2024-06-27,114.93,Travel
CUST00366,2022-10-21,19.48,Electronics
CUST00366,2024-05-28,38.29,Dining
CUST00366,2022-08-07,96.75,Clothing
CUST00366,2024-02-15,35.32,Travel
CUST00366,2024-10-12,225.83,Travel
CUST00366,2024-02-14,19.43,Clothing
CUST00366,2023-07-20,168.26,Grocery
CUST00366,2022-11-18,260.2,Dining
CUST00366,2023-10-16,59.31,Electronics
CUST00366,2024-12-25,88.55,Grocery
CUST00366,2024-12-01,54.9,Travel
CUST00366,2025-07-22,17.68,Dining
CUST00366,2024-08-10,79.38,Dining
CUST00366,2025-05-16,78.27,Dining
CUST00366,2025-03-27,53.31,Dining
CUST00366,2024-10-10,10.77,Travel
CUST00366,2023-04-11,71.75,Grocery
CUST00366,2023-08-15,19.07,Travel
CUST00366,2023-04-20,164.3,Grocery
CUST00366,2022-05-28,54.62,Electronics
CUST00366,2024-03-19,33.74,Travel
CUST00366,2022-05-14,191.05,Electronics
CUST00366,2024-09-05,10.39,Travel
CUST00366,2025-05-16,50.14,Grocery
CUST00366,2023-09-12,107.89,Electronics
CUST00366,2024-12-20,119.35,Travel
CUST00366,2023-09-27,149.66,Travel
CUST00366,2023-12-10,97.84,Dining
CUST00366,2025-02-16,85.52,Grocery
CUST00366,2025-06-15,178.95,Travel
CUST00366,2024-08-23,23.62,Travel
CUST00366,2023-12-18,51.2,Dining
CUST00366,2025-07-24,26.63,Travel
CUST00366,2025-07-12,140.96,Travel
CUST00366,2025-02-08,130.04,Clothing
CUST00366,2024-11-10,38.15,Grocery
CUST00366,2022-12-20,58.17,Dining
CUST00366,2024-06-06,198.95,Electronics
CUST00366,2022-07-28,6.13,Electronics
CUST00366,2025-02-10,75.91,Electronics
CUST00366,2023-05-18,82.95,Clothing
CUST00366,2024-12-25,157.26,Dining
CUST00366,2024-06-23,241.09,Clothing
CUST00366,2023-02-26,122.54,Travel
CUST00366,2024-09-18,93.54,Travel
CUST00366,2023-06-01,102.36,Grocery
CUST00366,2023-07-25,15.2,Travel
CUST00366,2023-06-15,38.62,Dining
CUST00366,2024-07-19,77.15,Dining
CUST00366,2022-10-24,76.25,Travel
CUST00366,2024-06-29,28.21,Grocery
CUST00366,2023-02-12,9.68,Travel
CUST00366,2025-01-19,30.16,Clothing
CUST00366,2023-10-23,45.6,Grocery
CUST00366,2022-11-23,92.1,Clothing
CUST00366,2023-02-01,95.28,Clothing
CUST00366,2023-07-31,38.44,Travel
CUST00366,2022-03-24,104.94,Electronics
CUST00366,2023-08-21,216.74,Clothing
CUST00366,2025-05-01,28.92,Clothing
CUST00366,2023-02-03,22.16,Electronics
CUST00366,2022-07-06,15.59,Clothing
CUST00366,2023-12-08,107.12,Grocery
CUST00366,2025-05-31,26.45,Dining
CUST00366,2025-01-07,77.15,Grocery
CUST00366,2023-11-02,15.6,Grocery
CUST00366,2024-03-19,225.63,Grocery
CUST00366,2022-10-11,52.12,Clothing
CUST00366,2023-03-17,9.01,Clothing
CUST00366,2024-10-11,41.72,Dining
CUST00366,2025-06-19,96.06,Grocery
CUST00366,2024-05-15,21.12,Electronics
CUST00366,2024-02-24,33.37,Travel
CUST00366,2023-10-22,70.99,Electronics
CUST00366,2024-05-17,237.85,Travel
CUST00366,2025-02-12,84.1,Dining
CUST00366,2025-02-12,77.47,Travel
CUST00366,2023-04-29,94.07,Travel
CUST00366,2023-09-12,74.24,Dining
CUST00366,2022-06-22,20.02,Clothing
CUST00366,2022-04-10,17.1,Dining
CUST00366,2022-03-21,60.75,Clothing
CUST00366,2024-11-11,112.76,Dining
CUST00366,2024-01-16,111.94,Clothing
CUST00366,2024-10-18,128.3,Clothing
CUST00366,2023-12-11,39.1,Clothing
CUST00366,2024-01-18,16.11,Travel
CUST00366,2025-01-06,83.29,Grocery
CUST00366,2024-11-02,106.9,Travel
CUST00366,2025-06-10,129.48,Travel
CUST00366,2023-01-16,250.87,Grocery
CUST00366,2023-06-26,34.6,Travel
CUST00366,2023-10-17,8.08,Grocery
CUST00366,2025-02-08,19.95,Travel
CUST00366,2024-01-21,71.35,Electronics
CUST00366,2023-07-13,33.32,Travel
CUST00366,2025-01-25,26.29,Clothing
CUST00366,2024-04-25,99.97,Clothing
CUST00366,2025-03-26,60.87,Dining
CUST00366,2025-05-28,14.71,Travel
CUST00366,2024-06-21,11.37,Electronics
CUST00366,2025-02-14,16.47,Dining
CUST00366,2023-06-15,8.35,Dining
CUST00366,2025-02-27,11.27,Dining
CUST00366,2024-01-12,53.78,Travel
CUST00366,2023-12-16,113.86,Electronics
CUST00366,2025-06-24,102.6,Dining
CUST00366,2024-02-26,156.93,Clothing
CUST00366,2025-02-16,58.21,Grocery
CUST00366,2023-06-02,117.78,Clothing
CUST00366,2023-08-24,95.79,Electronics
CUST00366,2023-03-25,40.98,Travel
CUST00366,2025-02-22,70.03,Travel
CUST00366,2022-08-26,67.25,Grocery
CUST00367,2025-07-08,18.4,Clothing
CUST00367,2024-10-23,8.32,Electronics
CUST00367,2024-04-07,15.49,Clothing
CUST00367,2024-08-12,102.84,Travel
CUST00367,2024-04-16,56.33,Electronics
CUST00367,2025-03-20,28.55,Clothing
CUST00367,2024-09-01,51.4,Dining
CUST00367,2025-02-23,45.4,Dining
CUST00367,2025-04-21,79.07,Travel
CUST00367,2025-07-26,81.72,Clothing
CUST00367,2024-11-08,57.06,Clothing
CUST00367,2024-04-13,106.21,Travel
CUST00367,2024-12-16,46.1,Clothing
CUST00367,2025-02-02,50.38,Travel
CUST00367,2024-03-28,55.02,Clothing
CUST00367,2025-05-15,32.24,Dining
CUST00367,2025-05-28,18.65,Grocery
CUST00367,2025-04-01,134.98,Grocery
CUST00367,2024-10-31,86.65,Clothing
CUST00367,2024-07-14,114.39,Dining
CUST00367,2024-09-16,5.64,Travel
CUST00367,2024-10-29,12.55,Travel
CUST00367,2024-06-14,26.77,Grocery
CUST00367,2024-04-04,8.08,Dining
CUST00367,2024-07-04,63.4,Dining
CUST00367,2025-03-06,159.46,Travel
CUST00367,2024-04-16,121.14,Grocery
CUST00367,2024-03-31,256.45,Dining
CUST00367,2025-02-07,37.28,Electronics
CUST00367,2024-10-12,22.14,Electronics
CUST00367,2025-03-26,209.21,Grocery
CUST00367,2024-07-17,66.24,Electronics
CUST00367,2024-10-04,63.87,Dining
CUST00367,2025-04-03,187.16,Clothing
CUST00367,2024-03-19,111.01,Grocery
CUST00367,2025-06-27,18.4,Electronics
CUST00367,2024-06-21,123.59,Clothing
CUST00367,2024-10-26,60.92,Dining
CUST00367,2024-07-22,161.8,Dining
CUST00367,2025-06-07,92.48,Travel
CUST00367,2025-02-15,28.65,Grocery
CUST00367,2024-06-01,93.64,Dining
CUST00367,2025-03-19,5.25,Electronics
CUST00367,2024-08-28,9.54,Dining
CUST00367,2024-12-02,20.71,Electronics
CUST00367,2025-04-18,17.0,Dining
CUST00367,2025-04-13,151.3,Travel
CUST00367,2025-06-21,97.02,Dining
CUST00367,2024-09-18,120.32,Clothing
CUST00367,2024-12-19,9.17,Dining
CUST00367,2025-03-07,61.88,Clothing
CUST00367,2024-10-14,308.08,Grocery
CUST00367,2024-07-31,61.44,Dining
CUST00367,2025-05-21,135.0,Dining
CUST00367,2024-12-13,28.44,Clothing
CUST00367,2024-07-27,13.29,Electronics
CUST00367,2024-04-25,109.25,Dining
CUST00367,2024-03-26,67.42,Electronics
CUST00367,2024-12-01,74.27,Electronics
CUST00367,2024-03-20,144.65,Grocery
CUST00367,2024-12-04,192.37,Dining
CUST00367,2024-05-12,248.49,Clothing
CUST00367,2024-05-18,75.37,Grocery
CUST00367,2025-05-12,22.94,Dining
CUST00367,2024-12-24,11.61,Electronics
CUST00367,2025-07-10,35.54,Clothing
CUST00367,2024-04-10,36.96,Dining
CUST00367,2024-04-18,71.0,Electronics
CUST00367,2024-08-25,21.32,Clothing
CUST00367,2024-08-01,98.15,Clothing
CUST00367,2025-06-12,14.0,Travel
CUST00367,2024-09-13,10.42,Grocery
CUST00367,2024-07-20,37.39,Clothing
CUST00367,2025-05-16,78.56,Dining
CUST00367,2024-08-30,23.96,Electronics
CUST00367,2024-04-04,35.98,Dining
CUST00367,2024-08-10,110.44,Dining
CUST00367,2025-02-12,184.03,Grocery
CUST00367,2024-07-31,55.93,Clothing
CUST00367,2024-10-10,43.85,Clothing
CUST00367,2025-02-09,24.71,Grocery
CUST00367,2024-12-03,101.77,Grocery
CUST00367,2024-04-29,11.38,Travel
CUST00367,2025-01-23,43.46,Dining
CUST00367,2024-10-18,69.74,Electronics
CUST00367,2025-07-23,93.71,Travel
CUST00367,2024-12-13,11.13,Electronics
CUST00367,2024-04-13,22.48,Travel
CUST00367,2025-02-04,376.45,Electronics
CUST00367,2024-10-18,68.08,Grocery
CUST00367,2024-12-19,33.43,Dining
CUST00368,2022-11-30,151.49,Dining
CUST00368,2024-11-22,80.93,Clothing
CUST00368,2024-01-16,19.49,Grocery
CUST00368,2023-01-12,15.91,Clothing
CUST00368,2024-12-04,82.99,Dining
CUST00368,2023-01-05,7.93,Grocery
CUST00368,2021-11-07,165.12,Travel
CUST00368,2022-02-21,68.28,Dining
CUST00368,2022-01-19,29.72,Grocery
CUST00368,2023-05-23,152.56,Clothing
CUST00368,2024-03-14,97.51,Grocery
CUST00368,2024-09-08,94.24,Electronics
CUST00368,2025-06-12,59.21,Clothing
CUST00368,2023-10-09,167.23,Travel
CUST00368,2025-02-04,19.93,Dining
CUST00368,2024-09-08,319.4,Electronics
CUST00368,2023-02-18,31.19,Clothing
CUST00368,2024-03-31,6.08,Grocery
CUST00368,2024-12-26,46.61,Electronics
CUST00368,2021-04-15,121.98,Grocery
CUST00368,2021-08-22,314.61,Grocery
CUST00368,2023-05-10,65.83,Electronics
CUST00368,2021-07-22,24.52,Dining
CUST00368,2022-09-16,110.84,Clothing
CUST00368,2025-02-01,73.71,Grocery
CUST00368,2025-04-27,85.76,Electronics
CUST00368,2025-07-17,21.12,Clothing
CUST00368,2025-06-17,124.56,Electronics
CUST00368,2023-03-23,31.06,Grocery
CUST00368,2022-09-10,227.58,Grocery
CUST00368,2024-11-18,113.38,Travel
CUST00368,2021-07-15,9.3,Electronics
CUST00368,2024-09-16,17.09,Clothing
CUST00368,2024-02-05,241.34,Grocery
CUST00368,2023-12-04,185.99,Electronics
CUST00368,2022-10-08,134.81,Travel
CUST00368,2023-07-25,311.24,Electronics
CUST00368,2022-03-28,209.34,Dining
CUST00368,2021-10-19,5.17,Clothing
CUST00368,2025-01-08,122.28,Grocery
CUST00368,2025-03-01,7.39,Travel
CUST00368,2021-11-21,279.86,Dining
CUST00368,2024-03-20,185.64,Clothing
CUST00368,2025-03-30,26.52,Dining
CUST00368,2025-02-04,69.9,Electronics
CUST00368,2023-11-25,80.78,Dining
CUST00368,2022-12-11,25.13,Dining
CUST00368,2021-05-17,135.8,Dining
CUST00368,2021-12-05,386.27,Grocery
CUST00368,2023-02-01,23.5,Dining
CUST00368,2021-04-24,256.28,Travel
CUST00368,2022-05-01,69.18,Grocery
CUST00368,2025-05-26,32.86,Clothing
CUST00368,2024-07-16,172.3,Clothing
CUST00368,2022-12-06,110.14,Grocery
CUST00368,2024-12-25,116.01,Grocery
CUST00368,2024-04-04,81.42,Dining
CUST00368,2025-06-14,181.85,Travel
CUST00368,2023-04-04,102.32,Clothing
CUST00368,2023-08-10,27.46,Electronics
CUST00368,2022-02-18,7.44,Grocery
CUST00368,2024-09-28,48.4,Clothing
CUST00368,2022-12-25,158.6,Electronics
CUST00368,2025-06-10,19.25,Electronics
CUST00368,2021-07-20,17.85,Dining
CUST00368,2022-11-05,67.72,Clothing
CUST00368,2024-05-02,11.75,Electronics
CUST00368,2023-10-07,112.04,Travel
CUST00368,2023-06-05,49.94,Dining
CUST00368,2022-03-29,84.27,Dining
CUST00368,2023-07-09,22.81,Electronics
CUST00368,2023-04-01,134.31,Grocery
CUST00368,2024-10-06,7.77,Grocery
CUST00368,2022-11-01,129.32,Clothing
CUST00368,2023-08-13,51.6,Clothing
CUST00368,2023-03-04,165.27,Dining
CUST00368,2023-07-10,179.15,Grocery
CUST00368,2025-04-11,83.43,Clothing
CUST00368,2024-06-27,44.58,Electronics
CUST00368,2022-07-08,63.58,Electronics
CUST00368,2024-01-17,67.9,Grocery
CUST00368,2024-06-05,6.99,Travel
CUST00368,2022-06-14,20.09,Dining
CUST00368,2022-02-15,241.28,Grocery
CUST00368,2023-01-23,34.92,Electronics
CUST00368,2022-05-28,103.53,Clothing
CUST00368,2024-07-05,217.3,Electronics
CUST00368,2021-06-30,13.8,Clothing
CUST00369,2025-02-11,234.55,Electronics
CUST00369,2024-11-12,29.7,Travel
CUST00369,2024-01-23,69.49,Clothing
CUST00369,2024-05-19,33.63,Grocery
CUST00369,2025-02-02,127.37,Clothing
CUST00369,2025-06-17,96.21,Electronics
CUST00369,2025-01-21,25.61,Dining
CUST00369,2024-10-30,33.16,Grocery
CUST00369,2024-11-07,171.75,Travel
CUST00369,2023-10-09,8.76,Travel
CUST00369,2024-10-09,27.82,Electronics
CUST00369,2024-07-08,53.73,Travel
CUST00369,2023-09-27,42.05,Dining
CUST00369,2025-01-18,23.53,Electronics
CUST00369,2024-07-01,15.62,Dining
CUST00369,2025-03-07,42.08,Travel
CUST00369,2024-07-09,30.74,Grocery
CUST00369,2025-06-21,19.24,Clothing
CUST00369,2025-07-28,29.89,Grocery
CUST00369,2025-04-11,118.91,Electronics
CUST00369,2024-12-16,10.13,Dining
CUST00369,2023-11-12,212.57,Electronics
CUST00369,2025-06-26,64.35,Grocery
CUST00369,2024-08-17,18.5,Dining
CUST00369,2023-12-15,53.42,Electronics
CUST00369,2023-10-27,153.17,Grocery
CUST00369,2024-10-25,34.12,Clothing
CUST00369,2025-06-14,8.29,Grocery
CUST00369,2023-10-18,73.17,Electronics
CUST00369,2024-06-22,37.66,Grocery
CUST00369,2024-12-17,10.63,Clothing
CUST00369,2023-12-10,95.94,Grocery
CUST00369,2023-09-26,30.55,Grocery
CUST00369,2025-02-01,166.27,Grocery
CUST00369,2024-09-17,212.47,Grocery
CUST00369,2025-01-01,11.31,Electronics
CUST00369,2024-04-24,19.38,Travel
CUST00369,2025-06-16,48.31,Travel
CUST00369,2025-06-16,127.22,Travel
CUST00369,2024-11-29,23.9,Clothing
CUST00369,2024-06-13,10.7,Clothing
CUST00369,2024-03-09,330.57,Grocery
CUST00369,2024-12-06,124.57,Travel
CUST00369,2024-01-27,123.43,Grocery
CUST00369,2024-05-17,61.88,Electronics
CUST00369,2024-03-26,213.24,Travel
CUST00369,2025-03-04,11.47,Dining
CUST00369,2023-12-12,34.58,Travel
CUST00369,2024-03-26,50.82,Travel
CUST00369,2024-12-03,28.16,Clothing
CUST00369,2024-03-26,42.41,Clothing
CUST00369,2024-09-27,28.52,Electronics
CUST00369,2025-01-11,30.11,Travel
CUST00369,2025-02-08,62.31,Clothing
CUST00369,2025-06-13,29.26,Grocery
CUST00369,2025-07-01,21.77,Electronics
CUST00369,2025-03-24,68.44,Travel
CUST00369,2024-03-12,42.07,Dining
CUST00369,2024-01-13,11.54,Travel
CUST00369,2025-05-21,178.9,Clothing
CUST00369,2025-04-15,32.57,Grocery
CUST00369,2024-07-27,36.99,Grocery
CUST00369,2023-10-09,26.42,Grocery
CUST00369,2025-03-24,102.06,Dining
CUST00369,2024-01-01,50.69,Electronics
CUST00369,2025-02-09,69.51,Travel
CUST00369,2024-06-02,14.23,Dining
CUST00369,2023-10-20,21.99,Clothing
CUST00369,2024-11-25,10.93,Dining
CUST00369,2023-11-06,27.76,Grocery
CUST00369,2024-09-16,22.95,Grocery
CUST00369,2025-01-23,39.49,Dining
CUST00369,2023-12-01,67.94,Travel
CUST00369,2024-02-18,57.82,Dining
CUST00369,2024-11-13,51.99,Travel
CUST00369,2024-04-17,48.89,Electronics
CUST00369,2025-05-17,113.9,Travel
CUST00369,2024-01-15,137.51,Clothing
CUST00369,2024-04-08,363.29,Grocery
CUST00369,2024-12-25,425.85,Grocery
CUST00369,2024-03-23,39.17,Grocery
CUST00369,2024-09-16,41.9,Grocery
CUST00369,2024-11-15,21.04,Clothing
CUST00369,2025-01-13,123.8,Electronics
CUST00369,2023-09-29,92.48,Electronics
CUST00369,2023-12-03,26.37,Dining
CUST00369,2024-08-05,54.67,Travel
CUST00369,2024-12-31,100.69,Grocery
CUST00369,2024-08-28,53.07,Dining
CUST00369,2024-06-16,9.28,Grocery
CUST00369,2024-05-18,14.02,Travel
CUST00369,2023-09-12,13.88,Dining
CUST00369,2024-03-29,116.21,Clothing
CUST00369,2025-07-19,64.03,Grocery
CUST00369,2024-11-07,31.06,Travel
CUST00369,2024-03-14,21.92,Travel
CUST00369,2025-04-13,56.47,Travel
CUST00369,2025-05-13,130.53,Dining
CUST00369,2024-07-14,45.27,Dining
CUST00369,2024-02-20,104.77,Electronics
CUST00369,2023-11-16,12.07,Clothing
CUST00369,2024-02-17,51.58,Dining
CUST00369,2025-06-04,151.88,Clothing
CUST00369,2025-06-30,18.81,Dining
CUST00369,2023-10-18,6.22,Travel
CUST00369,2024-10-04,148.91,Clothing
CUST00369,2024-02-16,168.87,Electronics
CUST00369,2024-04-22,76.37,Electronics
CUST00369,2024-03-13,70.78,Electronics
CUST00369,2025-01-28,92.77,Clothing
CUST00369,2023-11-18,50.56,Clothing
CUST00369,2023-10-21,66.0,Dining
CUST00369,2024-08-19,14.84,Grocery
CUST00370,2023-11-11,103.66,Travel
CUST00370,2023-10-20,48.74,Dining
CUST00370,2024-07-01,12.86,Electronics
CUST00370,2024-07-16,5.38,Grocery
CUST00370,2024-02-10,94.69,Dining
CUST00370,2024-08-16,11.78,Dining
CUST00370,2023-11-18,22.57,Dining
CUST00370,2024-03-04,20.76,Clothing
CUST00370,2024-06-20,78.43,Electronics
CUST00370,2025-07-13,151.04,Clothing
CUST00370,2025-05-01,52.76,Travel
CUST00370,2024-11-14,74.83,Electronics
CUST00370,2025-06-22,37.13,Travel
CUST00370,2024-12-25,9.96,Electronics
CUST00370,2024-10-09,119.5,Electronics
CUST00370,2023-08-22,40.26,Electronics
CUST00370,2024-10-03,36.8,Travel
CUST00370,2023-10-01,48.69,Clothing
CUST00370,2024-12-23,127.47,Grocery
CUST00370,2024-05-22,151.57,Electronics
CUST00370,2023-09-09,221.31,Travel
CUST00370,2025-03-07,63.1,Grocery
CUST00370,2023-08-11,70.1,Clothing
CUST00370,2025-04-14,17.74,Clothing
CUST00370,2024-08-19,27.89,Dining
CUST00370,2025-07-22,7.32,Clothing
CUST00370,2025-06-08,171.85,Electronics
CUST00370,2025-05-10,22.54,Grocery
CUST00370,2025-05-14,16.84,Dining
CUST00370,2023-06-28,271.54,Dining
CUST00370,2024-05-28,15.08,Travel
CUST00370,2024-05-15,176.14,Clothing
CUST00370,2024-05-27,25.54,Clothing
CUST00370,2024-12-28,45.81,Travel
CUST00370,2025-03-17,37.1,Dining
CUST00370,2024-05-31,23.59,Travel
CUST00370,2025-01-03,158.93,Grocery
CUST00370,2024-07-04,24.68,Clothing
CUST00370,2025-04-16,141.93,Clothing
CUST00370,2024-05-12,221.81,Travel
CUST00370,2023-06-08,17.12,Grocery
CUST00370,2024-10-16,109.74,Travel
CUST00370,2023-11-14,88.74,Travel
CUST00370,2024-01-03,146.38,Electronics
CUST00370,2024-10-03,119.62,Clothing
CUST00370,2024-04-09,36.48,Dining
CUST00370,2024-08-27,17.59,Electronics
CUST00370,2025-07-08,48.27,Dining
CUST00370,2024-03-20,121.22,Dining
CUST00370,2024-09-12,135.75,Grocery
CUST00370,2023-08-03,12.23,Electronics
CUST00370,2024-05-03,75.0,Travel
CUST00370,2024-10-17,101.14,Electronics
CUST00370,2024-03-21,26.45,Clothing
CUST00370,2025-01-31,215.9,Clothing
CUST00370,2024-06-27,31.56,Travel
CUST00370,2024-04-26,72.2,Dining
CUST00370,2023-11-21,117.24,Clothing
CUST00370,2024-05-25,16.79,Dining
CUST00370,2023-08-29,12.22,Travel
CUST00370,2024-04-28,58.61,Clothing
CUST00370,2024-12-17,48.82,Dining
CUST00370,2024-07-27,47.26,Clothing
CUST00370,2024-03-13,163.95,Dining
CUST00370,2024-10-02,349.96,Grocery
CUST00370,2024-10-31,245.69,Grocery
CUST00370,2024-07-16,205.35,Travel
CUST00370,2025-06-28,81.04,Travel
CUST00370,2024-02-26,19.44,Electronics
CUST00370,2024-04-03,17.95,Grocery
CUST00370,2024-07-25,76.23,Dining
CUST00370,2024-11-16,23.05,Grocery
CUST00370,2025-06-27,165.46,Electronics
CUST00370,2025-06-10,73.39,Dining
CUST00370,2025-01-12,183.2,Dining
CUST00370,2025-03-05,220.34,Clothing
CUST00370,2023-10-26,60.83,Clothing
CUST00370,2025-02-13,30.67,Dining
CUST00370,2024-11-25,167.17,Electronics
CUST00370,2024-09-11,99.31,Electronics
CUST00370,2024-11-01,212.15,Travel
CUST00370,2023-09-05,54.49,Dining
CUST00370,2023-07-08,142.3,Travel
CUST00370,2025-04-05,7.66,Clothing
CUST00370,2025-07-16,62.65,Dining
CUST00370,2025-07-26,27.42,Electronics
CUST00370,2024-08-22,33.3,Clothing
CUST00370,2023-08-13,13.83,Electronics
CUST00370,2024-10-18,117.3,Dining
CUST00370,2024-08-01,48.68,Dining
CUST00370,2023-10-08,49.03,Electronics
CUST00370,2023-08-25,16.59,Electronics
CUST00370,2023-09-28,57.31,Dining
CUST00370,2024-10-09,70.51,Dining
CUST00370,2024-11-29,245.96,Travel
CUST00370,2024-01-10,31.58,Grocery
CUST00370,2025-05-26,70.72,Clothing
CUST00370,2023-11-05,60.28,Grocery
CUST00370,2023-09-11,26.89,Dining
CUST00370,2024-04-18,26.79,Grocery
CUST00370,2025-02-11,234.05,Electronics
CUST00370,2023-07-04,24.77,Dining
CUST00370,2024-11-17,7.14,Electronics
CUST00371,2023-04-12,26.77,Dining
CUST00371,2023-10-12,117.92,Dining
CUST00371,2024-01-24,153.13,Clothing
CUST00371,2023-06-18,112.61,Clothing
CUST00371,2024-04-07,17.06,Dining
CUST00371,2023-05-12,73.5,Travel
CUST00371,2025-04-15,50.43,Dining
CUST00371,2024-11-03,56.61,Dining
CUST00371,2024-07-02,20.19,Grocery
CUST00371,2024-06-07,10.85,Travel
CUST00371,2025-04-02,133.72,Electronics
CUST00371,2024-06-05,30.17,Grocery
CUST00371,2025-05-09,124.84,Clothing
CUST00371,2023-07-03,7.54,Dining
CUST00371,2024-06-19,91.43,Clothing
CUST00371,2025-06-18,24.65,Clothing
CUST00371,2023-11-10,44.79,Clothing
CUST00371,2025-01-26,85.49,Grocery
CUST00371,2024-10-08,181.97,Grocery
CUST00371,2023-04-02,46.41,Clothing
CUST00371,2024-04-12,122.86,Clothing
CUST00371,2023-12-13,9.83,Dining
CUST00371,2024-02-11,182.02,Dining
CUST00371,2024-08-19,133.43,Clothing
CUST00371,2023-11-19,48.03,Dining
CUST00371,2023-04-07,123.6,Dining
CUST00371,2023-12-30,136.52,Clothing
CUST00371,2024-11-21,9.54,Dining
CUST00371,2023-07-05,53.94,Travel
CUST00371,2023-04-06,93.45,Grocery
CUST00371,2024-09-03,8.24,Clothing
CUST00371,2024-02-24,58.81,Clothing
CUST00371,2023-08-06,11.09,Grocery
CUST00371,2023-10-18,5.54,Clothing
CUST00371,2025-04-06,107.24,Grocery
CUST00371,2025-04-27,65.77,Dining
CUST00371,2025-07-08,104.95,Electronics
CUST00371,2023-11-14,15.67,Travel
CUST00371,2023-08-21,34.9,Grocery
CUST00371,2023-08-12,45.24,Clothing
CUST00371,2025-06-19,82.41,Clothing
CUST00371,2023-08-09,21.77,Dining
CUST00371,2023-07-06,106.15,Dining
CUST00371,2023-05-25,80.65,Grocery
CUST00371,2024-01-13,146.18,Travel
CUST00371,2025-05-16,75.9,Electronics
CUST00371,2024-12-23,8.94,Electronics
CUST00371,2024-10-27,22.94,Travel
CUST00371,2025-07-11,7.11,Clothing
CUST00371,2023-07-01,187.86,Clothing
CUST00371,2025-04-28,10.78,Travel
CUST00371,2024-07-05,24.46,Electronics
CUST00371,2023-08-11,84.92,Travel
CUST00371,2024-12-02,37.97,Dining
CUST00371,2023-05-25,76.62,Dining
CUST00371,2024-04-08,14.45,Clothing
CUST00371,2023-05-03,312.12,Travel
CUST00371,2024-09-18,196.63,Electronics
CUST00371,2023-07-06,77.41,Travel
CUST00371,2024-05-28,183.35,Travel
CUST00371,2023-10-16,19.8,Dining
CUST00371,2023-07-21,172.37,Grocery
CUST00371,2023-10-10,90.15,Grocery
CUST00371,2023-04-01,32.99,Grocery
CUST00371,2024-02-28,41.71,Dining
CUST00371,2023-11-10,60.27,Travel
CUST00371,2025-04-09,30.4,Clothing
CUST00371,2023-12-05,22.94,Grocery
CUST00371,2024-01-20,60.09,Grocery
CUST00371,2024-02-03,244.14,Travel
CUST00371,2025-04-03,269.82,Travel
CUST00371,2023-11-23,158.56,Dining
CUST00371,2023-10-24,54.47,Travel
CUST00371,2024-06-12,30.43,Clothing
CUST00371,2023-04-20,196.67,Travel
CUST00371,2024-01-16,109.85,Grocery
CUST00371,2024-01-15,48.24,Electronics
CUST00371,2023-12-18,267.49,Grocery
CUST00371,2024-05-01,71.42,Electronics
CUST00371,2023-10-27,6.49,Electronics
CUST00371,2025-07-25,38.2,Electronics
CUST00371,2023-05-11,30.89,Travel
CUST00371,2023-09-12,43.31,Grocery
CUST00371,2023-02-25,29.65,Travel
CUST00371,2024-06-18,179.06,Electronics
CUST00371,2023-02-18,71.7,Grocery
CUST00371,2024-09-22,125.81,Travel
CUST00371,2024-01-03,62.37,Clothing
CUST00371,2025-07-11,43.65,Clothing
CUST00371,2025-01-17,78.06,Clothing
CUST00371,2024-07-22,54.26,Clothing
CUST00371,2024-12-05,164.88,Clothing
CUST00371,2023-03-07,67.26,Grocery
CUST00371,2025-05-26,60.45,Travel
CUST00371,2024-12-08,206.26,Dining
CUST00371,2023-06-21,115.44,Clothing
CUST00371,2024-06-09,331.97,Dining
CUST00371,2023-09-18,179.19,Grocery
CUST00371,2024-08-20,147.41,Travel
CUST00371,2023-12-09,14.85,Grocery
CUST00371,2024-09-21,204.42,Clothing
CUST00371,2023-06-13,56.38,Electronics
CUST00371,2023-10-31,87.4,Electronics
CUST00371,2025-02-04,20.25,Clothing
CUST00371,2025-01-27,178.6,Grocery
CUST00371,2023-08-29,29.5,Grocery
CUST00371,2024-12-28,38.0,Grocery
CUST00371,2023-09-26,88.15,Dining
CUST00371,2024-06-03,90.89,Electronics
CUST00371,2023-11-04,170.47,Dining
CUST00371,2023-07-10,7.99,Clothing
CUST00371,2024-09-20,27.15,Travel
CUST00371,2025-06-16,97.48,Travel
CUST00372,2024-12-21,142.53,Clothing
CUST00372,2025-03-02,129.61,Travel
CUST00372,2024-10-28,7.56,Clothing
CUST00372,2024-03-06,156.19,Grocery
CUST00372,2024-11-04,21.51,Electronics
CUST00372,2023-12-15,57.93,Dining
CUST00372,2025-04-24,42.88,Electronics
CUST00372,2024-05-18,84.26,Travel
CUST00372,2024-01-25,7.42,Travel
CUST00372,2023-12-05,54.06,Clothing
CUST00372,2025-05-15,38.67,Grocery
CUST00372,2024-02-06,113.37,Electronics
CUST00372,2025-04-19,191.64,Dining
CUST00372,2025-07-19,86.82,Clothing
CUST00372,2024-09-17,190.98,Travel
CUST00372,2025-06-19,180.1,Clothing
CUST00372,2025-07-25,150.02,Grocery
CUST00372,2024-12-30,38.42,Travel
CUST00372,2024-02-13,347.95,Clothing
CUST00372,2024-10-27,209.97,Clothing
CUST00372,2024-09-14,22.94,Electronics
CUST00372,2023-11-22,37.78,Travel
CUST00372,2024-12-30,134.09,Dining
CUST00372,2023-12-15,109.59,Grocery
CUST00372,2024-08-30,93.15,Dining
CUST00372,2024-09-13,29.4,Travel
CUST00372,2023-12-10,36.23,Grocery
CUST00372,2024-12-31,65.44,Clothing
CUST00372,2025-03-06,34.8,Dining
CUST00372,2024-06-27,20.12,Travel
CUST00372,2023-11-24,207.84,Electronics
CUST00372,2025-05-24,104.66,Travel
CUST00372,2024-11-24,198.12,Grocery
CUST00372,2025-03-24,70.9,Clothing
CUST00372,2025-03-04,82.66,Dining
CUST00372,2024-04-11,33.64,Dining
CUST00372,2024-11-08,34.62,Electronics
CUST00372,2024-09-01,83.51,Clothing
CUST00372,2025-07-13,72.12,Dining
CUST00372,2024-11-16,339.01,Dining
CUST00372,2024-11-09,113.41,Travel
CUST00372,2025-05-26,78.06,Clothing
CUST00372,2025-05-19,94.6,Travel
CUST00372,2025-05-02,178.78,Dining
CUST00372,2024-08-02,40.92,Grocery
CUST00372,2024-11-12,17.03,Dining
CUST00372,2024-09-08,200.78,Electronics
CUST00372,2024-10-13,38.67,Travel
CUST00372,2024-02-27,54.55,Clothing
CUST00372,2024-09-26,5.25,Clothing
CUST00372,2024-05-11,44.82,Electronics
CUST00372,2024-11-29,28.74,Grocery
CUST00372,2024-12-09,109.07,Grocery
CUST00372,2024-11-21,107.39,Dining
CUST00372,2024-10-28,8.03,Travel
CUST00372,2024-07-20,42.39,Dining
CUST00372,2023-12-03,13.7,Clothing
CUST00372,2024-10-04,48.47,Electronics
CUST00372,2024-12-29,14.42,Clothing
CUST00372,2024-12-15,53.29,Electronics
CUST00372,2025-01-11,90.22,Clothing
CUST00372,2025-05-21,61.83,Dining
CUST00372,2023-11-25,53.11,Electronics
CUST00372,2024-05-17,40.43,Dining
CUST00372,2024-04-13,7.66,Electronics
CUST00372,2025-03-27,17.16,Grocery
CUST00372,2024-12-07,65.48,Travel
CUST00372,2025-03-22,44.0,Travel
CUST00372,2025-05-29,28.41,Electronics
CUST00372,2024-01-27,50.31,Clothing
CUST00372,2024-03-18,12.79,Dining
CUST00372,2024-08-17,75.0,Travel
CUST00372,2024-11-07,26.03,Clothing
CUST00372,2024-12-04,95.02,Travel
CUST00372,2024-06-16,133.11,Dining
CUST00372,2023-11-15,37.16,Travel
CUST00372,2024-04-12,20.46,Grocery
CUST00372,2024-12-19,27.75,Dining
CUST00372,2024-11-05,75.07,Electronics
CUST00372,2024-07-08,65.83,Travel
CUST00372,2024-02-01,24.64,Grocery
CUST00372,2024-10-28,55.71,Grocery
CUST00372,2023-12-28,63.99,Dining
CUST00372,2025-02-16,45.98,Travel
CUST00372,2024-11-03,76.78,Clothing
CUST00372,2025-05-01,43.82,Clothing
CUST00372,2024-01-07,33.45,Clothing
CUST00372,2025-02-07,47.52,Clothing
CUST00372,2024-06-20,140.98,Dining
CUST00372,2024-08-16,89.54,Clothing
CUST00372,2024-04-11,51.58,Electronics
CUST00372,2024-11-11,206.42,Electronics
CUST00372,2024-05-01,6.57,Clothing
CUST00372,2024-01-07,53.97,Clothing
CUST00372,2024-11-27,16.03,Dining
CUST00372,2024-12-26,56.83,Clothing
CUST00372,2024-11-03,8.32,Clothing
CUST00372,2024-06-22,36.51,Grocery
CUST00372,2025-04-22,15.7,Clothing
CUST00372,2024-10-25,84.28,Dining
CUST00372,2024-08-14,17.89,Travel
CUST00372,2024-01-06,91.23,Grocery
CUST00372,2024-07-17,40.35,Clothing
CUST00372,2025-02-23,15.42,Grocery
CUST00372,2024-06-16,93.31,Travel
CUST00372,2024-10-20,85.03,Electronics
CUST00372,2023-11-13,27.23,Dining
CUST00372,2025-01-09,76.53,Clothing
CUST00373,2022-05-09,108.87,Dining
CUST00373,2022-10-04,24.44,Dining
CUST00373,2024-02-22,73.06,Electronics
CUST00373,2023-01-07,62.78,Grocery
CUST00373,2023-02-18,144.65,Electronics
CUST00373,2023-08-30,128.02,Grocery
CUST00373,2024-06-19,129.71,Grocery
CUST00373,2023-05-20,61.42,Grocery
CUST00373,2024-06-07,74.53,Grocery
CUST00373,2024-01-08,26.73,Dining
CUST00373,2022-10-15,172.74,Travel
CUST00373,2023-07-02,31.68,Grocery
CUST00373,2023-08-30,39.7,Clothing
CUST00373,2022-10-16,24.27,Dining
CUST00373,2025-05-01,83.98,Electronics
CUST00373,2023-07-18,54.82,Clothing
CUST00373,2024-06-05,41.78,Travel
CUST00373,2025-06-07,169.94,Dining
CUST00373,2023-06-15,22.81,Grocery
CUST00373,2022-03-29,8.55,Dining
CUST00373,2023-12-07,332.47,Travel
CUST00373,2024-09-16,51.84,Travel
CUST00373,2024-05-21,13.24,Electronics
CUST00373,2024-12-13,144.85,Electronics
CUST00373,2022-04-10,188.3,Clothing
CUST00373,2023-01-01,33.08,Travel
CUST00373,2024-05-30,105.71,Grocery
CUST00373,2023-10-05,174.88,Electronics
CUST00373,2023-09-09,99.41,Electronics
CUST00373,2024-02-28,110.07,Grocery
CUST00373,2025-02-01,78.16,Grocery
CUST00373,2025-01-25,26.82,Grocery
CUST00373,2023-02-13,36.17,Dining
CUST00373,2025-04-02,29.03,Clothing
CUST00373,2024-10-27,41.4,Electronics
CUST00373,2023-10-08,36.25,Grocery
CUST00373,2024-10-31,42.35,Travel
CUST00373,2022-05-20,31.26,Dining
CUST00373,2023-07-17,245.74,Dining
CUST00373,2023-12-15,55.62,Dining
CUST00373,2024-01-07,63.63,Dining
CUST00373,2025-01-11,75.1,Clothing
CUST00373,2025-02-28,154.37,Clothing
CUST00373,2022-10-17,8.27,Clothing
CUST00373,2024-03-04,86.48,Dining
CUST00373,2022-02-25,92.72,Travel
CUST00373,2022-12-23,238.17,Grocery
CUST00373,2024-09-24,237.02,Grocery
CUST00373,2024-01-24,7.14,Electronics
CUST00373,2022-07-25,130.3,Grocery
CUST00373,2022-08-30,24.09,Travel
CUST00373,2022-03-24,61.77,Electronics
CUST00373,2022-11-10,367.58,Travel
CUST00373,2022-10-12,75.87,Clothing
CUST00373,2024-09-12,110.64,Grocery
CUST00373,2022-02-09,53.89,Clothing
CUST00373,2023-07-23,23.95,Electronics
CUST00373,2023-01-18,6.29,Grocery
CUST00373,2023-08-11,97.76,Travel
CUST00373,2024-09-11,77.94,Clothing
CUST00373,2025-06-10,56.64,Dining
CUST00373,2023-08-11,163.8,Grocery
CUST00373,2025-03-09,31.28,Travel
CUST00373,2022-05-06,44.06,Electronics
CUST00373,2022-03-13,167.79,Travel
CUST00373,2023-11-11,48.59,Travel
CUST00373,2024-04-02,8.59,Electronics
CUST00373,2022-05-19,14.85,Travel
CUST00373,2022-11-18,25.09,Electronics
CUST00373,2025-07-19,28.77,Grocery
CUST00373,2023-10-03,52.99,Travel
CUST00373,2024-11-04,71.28,Clothing
CUST00373,2022-09-26,124.94,Dining
CUST00373,2023-03-18,11.28,Travel
CUST00373,2023-11-14,17.12,Electronics
CUST00373,2022-08-19,40.75,Electronics
CUST00373,2022-07-18,146.14,Grocery
CUST00373,2023-10-01,164.7,Travel
CUST00373,2022-08-13,101.39,Grocery
CUST00373,2023-05-19,88.46,Grocery
CUST00373,2025-04-10,12.47,Dining
CUST00373,2023-10-10,149.05,Electronics
CUST00373,2022-04-18,240.64,Clothing
CUST00373,2022-06-03,227.06,Clothing
CUST00373,2023-02-01,11.42,Clothing
CUST00373,2025-04-06,14.85,Electronics
CUST00373,2023-01-16,155.67,Grocery
CUST00373,2023-05-15,9.29,Travel
CUST00373,2023-01-25,23.43,Grocery
CUST00373,2023-06-22,16.57,Clothing
CUST00373,2022-04-11,66.9,Dining
CUST00373,2025-06-16,8.29,Dining
CUST00373,2022-04-27,5.29,Dining
CUST00374,2024-04-20,17.35,Travel
CUST00374,2023-03-08,9.59,Travel
CUST00374,2024-03-23,111.87,Electronics
CUST00374,2023-11-19,49.59,Electronics
CUST00374,2023-05-22,26.36,Travel
CUST00374,2023-11-12,62.92,Travel
CUST00374,2023-01-27,75.4,Grocery
CUST00374,2025-06-24,220.76,Travel
CUST00374,2024-11-06,91.32,Dining
CUST00374,2025-02-09,14.59,Travel
CUST00374,2025-05-22,83.59,Dining
CUST00374,2024-06-04,37.01,Clothing
CUST00374,2024-05-05,99.27,Grocery
CUST00374,2023-01-17,132.57,Clothing
CUST00374,2024-09-07,5.46,Electronics
CUST00374,2023-10-21,97.87,Clothing
CUST00374,2024-05-27,64.06,Dining
CUST00374,2024-01-08,124.12,Travel
CUST00374,2024-04-18,51.68,Electronics
CUST00374,2025-06-14,105.13,Electronics
CUST00374,2025-01-04,163.07,Grocery
CUST00374,2025-02-19,15.29,Clothing
CUST00374,2024-05-23,63.84,Dining
CUST00374,2024-06-19,80.89,Grocery
CUST00374,2023-11-01,130.35,Electronics
CUST00374,2023-08-22,37.58,Clothing
CUST00374,2025-06-18,98.27,Electronics
CUST00374,2024-10-22,164.93,Dining
CUST00374,2024-07-17,100.59,Dining
CUST00374,2024-06-09,202.55,Travel
CUST00374,2023-01-23,141.13,Clothing
CUST00374,2024-04-21,157.51,Grocery
CUST00374,2024-01-16,54.93,Grocery
CUST00374,2023-06-16,58.79,Dining
CUST00374,2025-03-27,197.56,Electronics
CUST00374,2023-02-11,45.08,Travel
CUST00374,2024-01-11,16.5,Electronics
CUST00374,2023-09-14,178.7,Travel
CUST00374,2023-08-16,43.09,Clothing
CUST00374,2024-10-14,149.46,Grocery
CUST00374,2024-10-16,85.05,Travel
CUST00374,2024-07-06,243.19,Grocery
CUST00374,2025-06-14,81.0,Dining
CUST00374,2024-09-14,76.14,Travel
CUST00374,2023-06-03,84.21,Grocery
CUST00374,2023-03-16,43.25,Grocery
CUST00374,2023-09-21,65.24,Clothing
CUST00374,2025-01-28,26.78,Clothing
CUST00374,2023-11-15,32.64,Grocery
CUST00374,2024-02-16,124.73,Clothing
CUST00374,2024-07-18,57.81,Travel
CUST00374,2024-03-08,46.81,Travel
CUST00374,2025-01-15,234.39,Grocery
CUST00374,2025-07-25,196.61,Electronics
CUST00374,2024-04-04,79.88,Clothing
CUST00374,2024-02-05,46.16,Grocery
CUST00374,2025-06-30,158.17,Clothing
CUST00374,2025-02-01,36.73,Electronics
CUST00374,2023-05-22,198.38,Travel
CUST00374,2023-10-14,57.23,Clothing
CUST00374,2023-05-02,13.34,Clothing
CUST00374,2024-08-03,47.8,Travel
CUST00374,2023-03-23,255.14,Clothing
CUST00374,2024-10-28,245.02,Travel
CUST00374,2025-04-27,33.51,Travel
CUST00374,2023-04-22,44.73,Travel
CUST00374,2024-05-13,174.83,Electronics
CUST00374,2024-05-16,151.34,Travel
CUST00374,2023-07-17,34.86,Dining
CUST00374,2023-10-23,56.63,Travel
CUST00374,2024-10-06,171.42,Travel
CUST00374,2025-07-30,109.35,Dining
CUST00374,2023-12-30,53.63,Grocery
CUST00374,2024-07-31,56.21,Electronics
CUST00374,2024-06-05,94.74,Travel
CUST00374,2023-11-10,19.64,Clothing
CUST00374,2024-08-06,131.84,Dining
CUST00374,2025-02-04,171.49,Dining
CUST00374,2024-06-04,36.27,Grocery
CUST00374,2025-05-14,158.6,Clothing
CUST00374,2024-04-22,89.36,Grocery
CUST00374,2025-03-24,39.26,Travel
CUST00374,2023-03-18,29.22,Grocery
CUST00374,2023-09-04,31.08,Clothing
CUST00374,2024-10-28,70.71,Clothing
CUST00374,2024-08-19,17.92,Electronics
CUST00374,2024-01-09,71.76,Travel
CUST00375,2022-05-04,90.01,Travel
CUST00375,2023-05-15,111.75,Dining
CUST00375,2025-01-18,43.66,Dining
CUST00375,2022-05-30,139.43,Travel
CUST00375,2025-03-10,31.25,Electronics
CUST00375,2024-03-12,78.04,Clothing
CUST00375,2021-06-13,79.74,Dining
CUST00375,2024-12-15,54.84,Clothing
CUST00375,2022-04-27,15.68,Clothing
CUST00375,2021-12-01,109.31,Electronics
CUST00375,2024-05-12,9.13,Grocery
CUST00375,2024-10-08,312.21,Grocery
CUST00375,2023-06-05,47.89,Travel
CUST00375,2023-06-25,5.91,Clothing
CUST00375,2021-11-19,87.08,Grocery
CUST00375,2022-05-23,243.91,Travel
CUST00375,2022-12-05,5.25,Travel
CUST00375,2023-07-18,157.1,Electronics
CUST00375,2022-10-11,166.86,Grocery
CUST00375,2023-11-26,16.6,Clothing
CUST00375,2023-12-10,67.53,Grocery
CUST00375,2021-10-14,29.65,Grocery
CUST00375,2025-06-17,24.97,Electronics
CUST00375,2024-04-30,100.62,Electronics
CUST00375,2025-03-14,159.72,Grocery
CUST00375,2022-02-17,175.83,Electronics
CUST00375,2022-07-02,8.35,Electronics
CUST00375,2022-02-01,64.48,Travel
CUST00375,2024-05-11,38.1,Travel
CUST00375,2023-04-24,107.6,Dining
CUST00375,2023-07-13,119.04,Dining
CUST00375,2021-03-06,138.14,Grocery
CUST00375,2024-04-09,96.54,Dining
CUST00375,2025-02-16,42.6,Clothing
CUST00375,2021-12-12,73.1,Clothing
CUST00375,2023-04-07,67.71,Clothing
CUST00375,2023-02-09,112.61,Dining
CUST00375,2022-06-04,116.86,Electronics
CUST00375,2024-01-14,18.52,Clothing
CUST00375,2025-04-03,114.07,Clothing
CUST00375,2024-08-17,24.71,Grocery
CUST00375,2024-03-04,255.64,Clothing
CUST00375,2022-08-03,119.19,Dining
CUST00375,2024-12-26,32.82,Clothing
CUST00375,2025-06-21,51.15,Electronics
CUST00375,2025-05-07,182.48,Dining
CUST00375,2024-09-05,93.87,Dining
CUST00375,2025-01-13,9.83,Clothing
CUST00375,2022-11-11,67.12,Grocery
CUST00375,2024-06-24,131.81,Travel
CUST00375,2024-12-24,20.61,Dining
CUST00375,2022-09-01,5.27,Travel
CUST00375,2021-09-03,48.54,Clothing
CUST00375,2021-09-03,160.39,Grocery
CUST00375,2021-05-01,53.31,Travel
CUST00375,2024-05-07,36.09,Grocery
CUST00375,2024-09-10,42.19,Dining
CUST00375,2023-06-05,104.96,Electronics
CUST00375,2022-10-22,181.42,Dining
CUST00375,2022-08-23,25.89,Electronics
CUST00375,2021-08-20,80.54,Travel
CUST00375,2025-06-13,38.07,Clothing
CUST00375,2025-06-03,25.71,Travel
CUST00375,2022-10-03,171.17,Electronics
CUST00375,2025-07-24,58.64,Grocery
CUST00375,2022-09-26,72.39,Grocery
CUST00375,2024-01-05,75.12,Dining
CUST00375,2021-12-23,6.74,Grocery
CUST00375,2024-02-18,135.03,Dining
CUST00375,2023-07-23,12.17,Clothing
CUST00375,2022-10-15,94.57,Travel
CUST00375,2022-11-29,187.95,Travel
CUST00375,2022-03-12,40.6,Clothing
CUST00375,2023-04-01,40.14,Electronics
CUST00375,2022-09-16,37.19,Dining
CUST00375,2023-11-20,20.76,Electronics
CUST00375,2022-11-26,79.41,Dining
CUST00375,2021-06-20,159.8,Dining
CUST00375,2022-09-18,10.28,Electronics
CUST00375,2021-10-17,55.3,Dining
CUST00375,2021-11-24,141.11,Grocery
CUST00375,2024-03-25,13.73,Dining
CUST00375,2022-05-22,26.56,Dining
CUST00375,2023-01-29,199.64,Grocery
CUST00375,2022-06-06,74.63,Grocery
CUST00375,2023-04-13,127.35,Grocery
CUST00375,2022-10-23,39.56,Grocery
CUST00375,2022-09-19,24.69,Travel
CUST00375,2023-11-24,78.98,Grocery
CUST00375,2021-04-03,33.4,Dining
CUST00375,2022-11-28,29.97,Electronics
CUST00375,2024-05-06,46.22,Clothing
CUST00375,2025-02-16,56.7,Electronics
CUST00375,2022-11-24,64.26,Dining
CUST00375,2023-06-26,6.66,Dining
CUST00375,2021-11-08,55.48,Electronics
CUST00375,2021-08-15,12.03,Clothing
CUST00375,2021-04-12,45.54,Clothing
CUST00375,2021-03-09,33.95,Electronics
CUST00375,2023-01-13,78.66,Travel
CUST00375,2021-07-09,157.54,Electronics
CUST00376,2025-07-13,37.12,Electronics
CUST00376,2025-07-31,39.14,Clothing
CUST00376,2025-07-20,129.46,Electronics
CUST00376,2025-07-02,305.58,Clothing
CUST00376,2025-07-02,16.99,Electronics
CUST00376,2025-07-11,55.98,Dining
CUST00376,2025-07-13,297.55,Dining
CUST00376,2025-07-30,86.57,Dining
CUST00376,2025-07-17,9.38,Dining
CUST00376,2025-06-30,28.38,Travel
CUST00376,2025-07-28,23.14,Grocery
CUST00376,2025-07-09,91.99,Grocery
CUST00376,2025-06-28,251.17,Travel
CUST00376,2025-07-31,31.73,Dining
CUST00376,2025-07-23,9.07,Travel
CUST00376,2025-07-29,144.02,Grocery
CUST00376,2025-07-14,9.68,Travel
CUST00376,2025-07-14,36.73,Clothing
CUST00376,2025-07-26,6.17,Electronics
CUST00376,2025-06-25,189.76,Dining
CUST00376,2025-07-23,26.0,Dining
CUST00376,2025-07-18,32.03,Dining
CUST00376,2025-07-15,23.32,Electronics
CUST00376,2025-07-27,352.88,Travel
CUST00376,2025-07-13,6.2,Electronics
CUST00376,2025-07-01,14.8,Grocery
CUST00376,2025-07-21,192.97,Grocery
CUST00376,2025-07-13,71.5,Clothing
CUST00376,2025-07-18,136.22,Clothing
CUST00376,2025-07-29,68.52,Grocery
CUST00376,2025-07-15,256.53,Grocery
CUST00376,2025-07-01,56.02,Dining
CUST00376,2025-07-30,23.01,Clothing
CUST00376,2025-07-31,90.46,Clothing
CUST00376,2025-07-20,162.04,Dining
CUST00376,2025-07-28,53.18,Travel
CUST00376,2025-06-25,181.36,Dining
CUST00376,2025-07-14,13.91,Travel
CUST00376,2025-07-28,22.25,Travel
CUST00376,2025-07-13,181.39,Travel
CUST00376,2025-07-30,119.74,Electronics
CUST00376,2025-07-03,75.28,Travel
CUST00376,2025-07-30,107.72,Electronics
CUST00376,2025-07-16,72.54,Grocery
CUST00376,2025-06-30,13.0,Clothing
CUST00376,2025-06-27,326.72,Dining
CUST00376,2025-07-03,234.73,Grocery
CUST00376,2025-08-01,27.06,Dining
CUST00376,2025-07-09,114.91,Travel
CUST00376,2025-06-28,21.86,Grocery
CUST00376,2025-07-13,98.03,Clothing
CUST00376,2025-07-17,185.01,Travel
CUST00376,2025-07-19,30.62,Electronics
CUST00376,2025-07-31,51.95,Clothing
CUST00376,2025-07-08,56.55,Grocery
CUST00376,2025-07-16,88.01,Clothing
CUST00376,2025-07-16,37.38,Dining
CUST00376,2025-07-02,85.94,Electronics
CUST00376,2025-07-21,18.86,Clothing
CUST00376,2025-07-14,7.42,Electronics
CUST00376,2025-07-01,125.87,Electronics
CUST00376,2025-07-22,21.97,Electronics
CUST00376,2025-07-20,17.02,Clothing
CUST00376,2025-07-23,24.64,Dining
CUST00376,2025-07-15,159.27,Clothing
CUST00376,2025-07-09,162.52,Electronics
CUST00376,2025-06-26,38.27,Travel
CUST00376,2025-07-25,14.66,Travel
CUST00376,2025-07-07,46.33,Grocery
CUST00376,2025-06-25,172.86,Travel
CUST00376,2025-07-24,38.27,Dining
CUST00376,2025-07-29,12.21,Clothing
CUST00376,2025-07-18,34.19,Travel
CUST00376,2025-06-27,122.3,Clothing
CUST00376,2025-07-08,134.86,Electronics
CUST00376,2025-07-25,38.97,Clothing
CUST00376,2025-06-25,11.46,Electronics
CUST00376,2025-07-28,65.02,Clothing
CUST00376,2025-07-24,21.17,Grocery
CUST00376,2025-07-18,51.04,Dining
CUST00376,2025-06-30,10.76,Electronics
CUST00376,2025-07-16,60.67,Electronics
CUST00376,2025-07-30,86.33,Travel
CUST00376,2025-06-26,21.86,Electronics
CUST00376,2025-07-29,52.9,Electronics
CUST00376,2025-07-18,123.69,Clothing
CUST00376,2025-06-28,74.16,Dining
CUST00376,2025-07-07,47.27,Dining
CUST00376,2025-07-14,156.74,Grocery
CUST00376,2025-07-04,109.43,Electronics
CUST00376,2025-06-29,87.12,Travel
CUST00376,2025-07-31,48.23,Grocery
CUST00376,2025-07-16,54.39,Clothing
CUST00376,2025-06-27,15.48,Travel
CUST00376,2025-07-01,14.94,Travel
CUST00376,2025-07-13,194.46,Grocery
CUST00376,2025-07-21,176.03,Dining
CUST00376,2025-07-26,29.84,Electronics
CUST00376,2025-07-14,59.61,Dining
CUST00376,2025-07-16,64.14,Clothing
CUST00376,2025-07-25,299.65,Clothing
CUST00376,2025-07-27,36.65,Clothing
CUST00376,2025-07-26,303.45,Clothing
CUST00376,2025-07-11,79.48,Travel
CUST00376,2025-07-05,8.75,Electronics
CUST00376,2025-07-06,191.83,Grocery
CUST00376,2025-07-24,61.82,Grocery
CUST00376,2025-07-29,213.08,Dining
CUST00376,2025-07-29,81.5,Dining
CUST00376,2025-06-28,270.43,Dining
CUST00376,2025-07-02,26.2,Travel
CUST00376,2025-07-26,55.21,Grocery
CUST00376,2025-06-29,117.05,Grocery
CUST00376,2025-07-06,22.82,Travel
CUST00376,2025-07-06,140.23,Travel
CUST00376,2025-07-12,111.85,Grocery
CUST00376,2025-07-11,21.45,Electronics
CUST00377,2025-01-05,55.71,Electronics
CUST00377,2021-09-03,167.63,Electronics
CUST00377,2024-05-11,11.81,Travel
CUST00377,2023-06-17,129.71,Clothing
CUST00377,2023-09-23,9.37,Travel
CUST00377,2025-07-24,110.93,Grocery
CUST00377,2021-05-08,34.01,Electronics
CUST00377,2023-01-29,233.91,Clothing
CUST00377,2023-08-26,34.19,Clothing
CUST00377,2024-09-12,12.29,Travel
CUST00377,2021-08-16,98.99,Dining
CUST00377,2025-06-16,185.12,Dining
CUST00377,2023-01-31,80.77,Dining
CUST00377,2022-09-20,35.18,Travel
CUST00377,2023-04-15,116.48,Electronics
CUST00377,2021-01-10,6.67,Dining
CUST00377,2022-05-20,25.92,Travel
CUST00377,2022-08-08,214.24,Electronics
CUST00377,2023-02-18,52.13,Travel
CUST00377,2025-05-20,98.03,Grocery
CUST00377,2020-09-12,18.34,Travel
CUST00377,2024-08-28,40.01,Clothing
CUST00377,2021-04-17,50.07,Clothing
CUST00377,2024-10-25,41.16,Electronics
CUST00377,2022-09-24,146.99,Clothing
CUST00377,2022-01-17,41.14,Electronics
CUST00377,2025-01-21,120.29,Grocery
CUST00377,2024-04-08,163.83,Electronics
CUST00377,2023-01-18,276.11,Clothing
CUST00377,2024-09-09,79.56,Grocery
CUST00377,2023-06-02,148.72,Electronics
CUST00377,2020-11-24,74.92,Clothing
CUST00377,2024-07-04,121.44,Dining
CUST00377,2023-05-17,55.46,Clothing
CUST00377,2025-04-22,13.47,Grocery
CUST00377,2025-05-22,9.65,Grocery
CUST00377,2021-01-19,98.35,Dining
CUST00377,2025-02-26,14.92,Clothing
CUST00377,2023-10-07,23.68,Grocery
CUST00377,2021-07-17,116.93,Dining
CUST00377,2020-10-15,156.63,Electronics
CUST00377,2022-05-18,93.25,Clothing
CUST00377,2021-03-27,98.78,Grocery
CUST00377,2021-03-11,268.24,Dining
CUST00377,2024-04-23,10.13,Dining
CUST00377,2023-06-21,50.31,Grocery
CUST00377,2025-03-22,71.75,Grocery
CUST00377,2021-07-15,18.28,Clothing
CUST00377,2021-12-01,61.88,Electronics
CUST00377,2022-02-28,82.47,Travel
CUST00377,2021-03-09,19.53,Dining
CUST00377,2021-03-28,19.41,Electronics
CUST00377,2025-05-02,150.55,Dining
CUST00377,2023-02-26,75.17,Travel
CUST00377,2021-08-11,23.62,Travel
CUST00377,2025-04-06,46.09,Grocery
CUST00377,2021-05-18,145.95,Dining
CUST00377,2023-11-20,61.45,Dining
CUST00377,2024-07-29,89.83,Travel
CUST00377,2023-06-08,44.49,Electronics
CUST00377,2025-03-20,110.77,Electronics
CUST00377,2021-07-05,151.49,Grocery
CUST00377,2021-09-06,126.88,Electronics
CUST00377,2023-05-17,107.5,Clothing
CUST00377,2020-08-24,27.66,Clothing
CUST00377,2022-01-02,27.83,Travel
CUST00377,2021-10-21,105.95,Grocery
CUST00377,2025-05-22,22.04,Clothing
CUST00377,2024-05-29,157.37,Clothing
CUST00377,2020-10-15,25.93,Dining
CUST00377,2021-12-25,252.71,Grocery
CUST00377,2021-08-12,90.5,Clothing
CUST00377,2023-07-07,94.86,Electronics
CUST00377,2022-03-19,135.89,Dining
CUST00377,2021-05-17,57.81,Travel
CUST00377,2023-09-07,54.47,Clothing
CUST00377,2021-12-31,90.04,Travel
CUST00377,2021-02-25,166.44,Grocery
CUST00377,2022-03-08,40.33,Travel
CUST00377,2022-09-09,33.28,Travel
CUST00377,2023-12-04,16.14,Grocery
CUST00377,2024-02-21,104.67,Travel
CUST00377,2021-01-06,102.38,Dining
CUST00377,2021-03-29,38.34,Grocery
CUST00377,2020-08-17,8.89,Travel
CUST00377,2022-02-21,129.05,Grocery
CUST00377,2024-12-24,60.0,Travel
CUST00377,2021-09-09,23.11,Electronics
CUST00377,2021-05-20,50.98,Travel
CUST00377,2024-04-07,95.13,Grocery
CUST00377,2024-12-22,35.44,Grocery
CUST00377,2021-11-10,57.24,Grocery
CUST00377,2024-07-19,56.2,Electronics
CUST00377,2021-04-05,38.16,Travel
CUST00377,2021-02-15,32.02,Clothing
CUST00377,2020-11-23,222.48,Travel
CUST00377,2025-01-12,143.36,Electronics
CUST00377,2022-11-10,5.14,Electronics
CUST00377,2022-01-19,164.4,Travel
CUST00377,2022-07-09,154.67,Dining
CUST00377,2023-04-09,32.18,Electronics
CUST00377,2024-08-16,40.43,Clothing
CUST00377,2021-02-10,10.25,Grocery
CUST00377,2022-10-25,42.07,Dining
CUST00378,2023-07-07,94.92,Grocery
CUST00378,2024-12-21,275.42,Dining
CUST00378,2024-08-14,85.83,Travel
CUST00378,2025-05-26,86.04,Dining
CUST00378,2023-05-17,260.98,Grocery
CUST00378,2023-04-11,26.67,Dining
CUST00378,2025-07-18,187.0,Dining
CUST00378,2024-08-25,55.35,Travel
CUST00378,2024-04-01,7.18,Travel
CUST00378,2023-04-23,247.85,Electronics
CUST00378,2024-07-05,25.85,Grocery
CUST00378,2025-06-14,33.92,Clothing
CUST00378,2025-01-06,106.41,Dining
CUST00378,2024-04-30,158.28,Travel
CUST00378,2023-04-21,132.9,Travel
CUST00378,2025-04-22,41.29,Grocery
CUST00378,2024-01-02,220.78,Electronics
CUST00378,2023-11-10,53.83,Travel
CUST00378,2025-05-20,156.67,Grocery
CUST00378,2024-09-16,36.85,Travel
CUST00378,2024-06-26,82.96,Dining
CUST00378,2023-11-29,38.95,Travel
CUST00378,2024-09-02,159.73,Electronics
CUST00378,2024-06-13,53.13,Dining
CUST00378,2024-09-22,54.57,Electronics
CUST00378,2024-02-29,29.72,Electronics
CUST00378,2025-01-15,87.68,Clothing
CUST00378,2025-01-16,274.92,Dining
CUST00378,2024-09-20,170.7,Dining
CUST00378,2023-04-23,125.16,Travel
CUST00378,2024-03-11,107.85,Dining
CUST00378,2024-10-28,22.11,Electronics
CUST00378,2023-04-26,104.51,Grocery
CUST00378,2024-02-23,60.96,Clothing
CUST00378,2024-07-12,207.05,Grocery
CUST00378,2025-06-03,85.1,Electronics
CUST00378,2024-11-24,30.94,Travel
CUST00378,2023-02-16,125.97,Dining
CUST00378,2024-05-25,10.81,Clothing
CUST00378,2025-01-06,86.62,Travel
CUST00378,2024-02-10,14.87,Electronics
CUST00378,2024-05-06,176.32,Grocery
CUST00378,2023-05-14,83.75,Travel
CUST00378,2024-08-21,205.2,Grocery
CUST00378,2023-01-20,8.59,Dining
CUST00378,2024-03-24,143.4,Travel
CUST00378,2024-08-12,84.23,Travel
CUST00378,2023-11-26,48.26,Dining
CUST00378,2025-02-16,43.62,Electronics
CUST00378,2023-03-19,344.35,Dining
CUST00378,2025-05-02,120.54,Clothing
CUST00378,2023-11-08,71.02,Dining
CUST00378,2023-11-23,8.33,Grocery
CUST00378,2024-08-16,86.23,Travel
CUST00378,2025-05-06,187.55,Electronics
CUST00378,2024-06-26,56.85,Travel
CUST00378,2023-01-19,274.78,Grocery
CUST00378,2024-11-20,12.24,Clothing
CUST00378,2025-05-23,104.17,Grocery
CUST00378,2023-04-13,107.0,Grocery
CUST00378,2023-04-25,30.97,Grocery
CUST00378,2023-04-28,235.94,Travel
CUST00378,2024-04-29,110.63,Dining
CUST00378,2024-01-15,92.98,Electronics
CUST00378,2024-09-25,19.8,Clothing
CUST00378,2025-06-18,28.43,Grocery
CUST00378,2025-05-26,141.45,Clothing
CUST00378,2023-09-21,152.25,Electronics
CUST00378,2025-07-11,59.27,Electronics
CUST00378,2023-03-09,44.59,Clothing
CUST00378,2023-02-25,63.38,Dining
CUST00378,2025-07-14,27.84,Dining
CUST00378,2025-06-03,53.06,Travel
CUST00378,2023-08-25,24.24,Travel
CUST00378,2025-01-15,41.68,Clothing
CUST00378,2023-01-13,35.81,Electronics
CUST00378,2025-06-08,47.29,Electronics
CUST00378,2024-06-22,151.73,Dining
CUST00378,2024-01-05,204.02,Grocery
CUST00378,2024-10-09,77.72,Grocery
CUST00378,2023-04-07,73.65,Clothing
CUST00378,2023-05-14,14.31,Grocery
CUST00378,2024-03-09,145.92,Travel
CUST00378,2025-06-30,31.56,Travel
CUST00378,2025-07-19,103.06,Travel
CUST00378,2024-12-24,15.11,Grocery
CUST00378,2024-03-02,292.4,Grocery
CUST00378,2025-02-07,91.26,Grocery
CUST00378,2023-08-19,53.64,Dining
CUST00378,2025-03-26,44.53,Dining
CUST00378,2024-05-27,73.98,Clothing
CUST00378,2023-09-19,16.37,Electronics
CUST00378,2025-02-17,157.43,Electronics
CUST00378,2023-01-23,30.16,Grocery
CUST00378,2023-07-17,64.94,Clothing
CUST00378,2023-05-10,235.34,Dining
CUST00378,2024-01-09,163.47,Travel
CUST00378,2023-04-15,91.67,Clothing
CUST00378,2025-07-21,53.58,Dining
CUST00378,2023-02-27,85.37,Grocery
CUST00378,2023-02-13,100.9,Dining
CUST00378,2023-08-05,113.55,Travel
CUST00378,2024-02-21,60.05,Dining
CUST00378,2023-04-27,154.5,Clothing
CUST00378,2023-07-18,154.54,Clothing
CUST00378,2025-02-23,36.31,Electronics
CUST00379,2022-06-24,120.8,Clothing
CUST00379,2021-06-30,12.47,Grocery
CUST00379,2023-01-28,79.13,Travel
CUST00379,2022-03-10,139.63,Clothing
CUST00379,2021-08-06,224.88,Electronics
CUST00379,2024-03-24,85.37,Travel
CUST00379,2022-06-30,116.69,Dining
CUST00379,2024-09-23,6.43,Clothing
CUST00379,2025-03-21,190.47,Electronics
CUST00379,2023-01-18,36.89,Grocery
CUST00379,2022-08-19,9.18,Travel
CUST00379,2021-10-08,40.56,Travel
CUST00379,2022-01-22,15.4,Clothing
CUST00379,2025-03-25,50.47,Clothing
CUST00379,2022-01-03,14.67,Dining
CUST00379,2025-01-17,35.68,Clothing
CUST00379,2023-12-29,19.26,Electronics
CUST00379,2023-06-28,62.89,Clothing
CUST00379,2021-09-10,58.72,Dining
CUST00379,2021-09-22,15.16,Clothing
CUST00379,2024-08-03,157.43,Dining
CUST00379,2023-06-20,34.33,Electronics
CUST00379,2022-04-19,164.81,Clothing
CUST00379,2023-04-27,41.37,Grocery
CUST00379,2022-07-02,39.66,Travel
CUST00379,2021-08-17,116.4,Dining
CUST00379,2024-08-13,58.17,Grocery
CUST00379,2023-12-16,40.37,Electronics
CUST00379,2023-03-25,151.2,Grocery
CUST00379,2024-06-11,92.93,Electronics
CUST00379,2021-12-17,75.65,Electronics
CUST00379,2023-12-28,81.92,Electronics
CUST00379,2021-07-07,237.6,Electronics
CUST00379,2022-01-01,16.6,Clothing
CUST00379,2024-04-21,82.02,Electronics
CUST00379,2025-01-25,6.43,Clothing
CUST00379,2022-09-14,18.26,Travel
CUST00379,2024-01-10,27.52,Dining
CUST00379,2024-12-24,40.17,Dining
CUST00379,2024-06-11,5.78,Grocery
CUST00379,2023-10-14,110.45,Grocery
CUST00379,2022-08-05,134.94,Grocery
CUST00379,2024-02-05,667.08,Travel
CUST00379,2024-07-27,6.73,Dining
CUST00379,2025-06-03,52.21,Travel
CUST00379,2023-09-20,107.22,Travel
CUST00379,2023-07-02,44.78,Dining
CUST00379,2023-11-15,76.38,Grocery
CUST00379,2022-02-02,22.6,Dining
CUST00379,2025-02-18,24.72,Travel
CUST00379,2022-08-16,23.1,Travel
CUST00379,2024-02-23,16.63,Dining
CUST00379,2022-10-10,57.56,Electronics
CUST00379,2022-04-27,159.73,Electronics
CUST00379,2022-03-15,6.99,Clothing
CUST00379,2023-03-05,45.33,Travel
CUST00379,2025-02-03,65.18,Dining
CUST00379,2023-09-07,7.3,Clothing
CUST00379,2023-09-08,81.76,Grocery
CUST00379,2024-11-13,36.18,Dining
CUST00379,2021-08-18,45.48,Travel
CUST00379,2023-02-28,34.1,Travel
CUST00379,2025-05-31,39.8,Clothing
CUST00379,2023-12-19,81.79,Travel
CUST00379,2022-06-06,21.75,Grocery
CUST00379,2021-11-22,50.72,Dining
CUST00379,2021-06-11,41.13,Electronics
CUST00379,2023-11-22,27.61,Grocery
CUST00379,2023-06-15,32.22,Electronics
CUST00379,2025-03-02,183.11,Electronics
CUST00379,2023-06-02,72.03,Clothing
CUST00379,2024-07-25,51.05,Travel
CUST00379,2022-04-19,29.05,Travel
CUST00379,2024-03-28,22.02,Electronics
CUST00379,2024-09-01,69.55,Clothing
CUST00379,2021-06-17,36.91,Dining
CUST00379,2022-10-20,333.62,Grocery
CUST00379,2023-04-05,90.82,Travel
CUST00379,2023-08-25,138.99,Dining
CUST00379,2021-08-13,283.6,Dining
CUST00379,2021-08-12,170.88,Travel
CUST00379,2021-09-17,14.02,Grocery
CUST00379,2022-12-21,47.52,Travel
CUST00379,2023-07-03,113.42,Electronics
CUST00379,2023-05-22,51.27,Electronics
CUST00379,2024-09-29,118.66,Grocery
CUST00379,2024-01-20,12.04,Electronics
CUST00379,2023-05-09,147.88,Grocery
CUST00379,2022-11-10,148.09,Clothing
CUST00379,2025-06-18,49.46,Clothing
CUST00379,2021-10-14,130.19,Travel
CUST00379,2023-12-20,156.85,Clothing
CUST00379,2023-12-04,68.86,Grocery
CUST00379,2024-04-17,22.26,Clothing
CUST00379,2025-02-07,193.6,Clothing
CUST00379,2022-10-08,7.77,Electronics
CUST00379,2024-10-03,65.05,Clothing
CUST00379,2022-01-17,149.04,Travel
CUST00379,2022-11-15,68.63,Electronics
CUST00379,2021-08-14,109.38,Dining
CUST00379,2025-06-19,51.0,Grocery
CUST00379,2023-03-31,52.18,Travel
CUST00379,2022-02-09,380.01,Travel
CUST00379,2023-09-23,5.76,Electronics
CUST00379,2025-03-11,12.85,Travel
CUST00379,2024-07-20,44.74,Dining
CUST00380,2024-04-19,14.12,Travel
CUST00380,2024-12-08,36.63,Grocery
CUST00380,2024-11-28,90.46,Dining
CUST00380,2025-07-10,7.72,Electronics
CUST00380,2025-06-23,9.65,Clothing
CUST00380,2024-04-11,5.24,Travel
CUST00380,2025-02-06,113.31,Dining
CUST00380,2024-04-05,123.81,Grocery
CUST00380,2024-08-10,217.15,Travel
CUST00380,2025-02-27,6.88,Grocery
CUST00380,2024-02-08,110.42,Grocery
CUST00380,2024-04-04,148.91,Electronics
CUST00380,2024-08-24,83.09,Dining
CUST00380,2025-06-05,67.87,Clothing
CUST00380,2025-06-05,98.6,Clothing
CUST00380,2025-06-12,206.91,Grocery
CUST00380,2024-09-02,254.42,Grocery
CUST00380,2024-11-21,27.43,Travel
CUST00380,2024-08-18,10.29,Travel
CUST00380,2024-08-08,87.39,Clothing
CUST00380,2025-07-10,45.66,Electronics
CUST00380,2025-01-04,10.16,Clothing
CUST00380,2025-03-24,28.62,Travel
CUST00380,2025-07-17,153.74,Grocery
CUST00380,2023-12-10,49.7,Grocery
CUST00380,2024-01-02,217.43,Electronics
CUST00380,2024-06-26,49.97,Dining
CUST00380,2024-04-21,23.14,Travel
CUST00380,2025-01-25,18.57,Electronics
CUST00380,2024-05-13,47.9,Electronics
CUST00380,2025-02-03,84.57,Clothing
CUST00380,2025-05-12,34.26,Travel
CUST00380,2024-01-12,100.84,Travel
CUST00380,2024-05-16,35.68,Grocery
CUST00380,2024-12-11,48.45,Electronics
CUST00380,2025-01-10,97.23,Electronics
CUST00380,2024-09-18,186.67,Travel
CUST00380,2024-09-29,48.29,Electronics
CUST00380,2024-01-12,227.83,Electronics
CUST00380,2024-10-27,51.81,Clothing
CUST00380,2024-10-23,36.46,Dining
CUST00380,2025-02-08,91.3,Clothing
CUST00380,2024-10-19,51.19,Electronics
CUST00380,2023-12-04,5.25,Clothing
CUST00380,2024-01-12,216.07,Travel
CUST00380,2024-05-01,213.0,Dining
CUST00380,2024-12-18,160.35,Travel
CUST00380,2024-03-03,209.16,Dining
CUST00380,2025-05-22,125.89,Clothing
CUST00380,2024-04-19,120.48,Electronics
CUST00380,2024-10-08,81.89,Electronics
CUST00380,2025-06-04,396.95,Dining
CUST00380,2025-03-30,110.46,Grocery
CUST00380,2024-02-04,33.25,Electronics
CUST00380,2024-01-26,65.73,Electronics
CUST00380,2024-08-10,8.33,Dining
CUST00380,2025-03-02,96.23,Clothing
CUST00380,2024-09-20,119.05,Clothing
CUST00380,2025-03-06,57.99,Clothing
CUST00380,2024-10-04,75.08,Grocery
CUST00380,2025-02-02,65.46,Dining
CUST00380,2024-08-30,8.4,Electronics
CUST00380,2025-06-09,65.15,Grocery
CUST00380,2024-12-12,39.31,Dining
CUST00380,2024-10-29,7.19,Travel
CUST00380,2025-05-22,5.97,Dining
CUST00380,2025-01-15,32.19,Electronics
CUST00380,2024-08-05,39.2,Clothing
CUST00380,2024-05-20,20.04,Grocery
CUST00380,2023-12-21,50.81,Dining
CUST00380,2023-12-15,167.62,Dining
CUST00380,2025-06-06,358.08,Dining
CUST00380,2024-01-25,95.53,Travel
CUST00380,2024-03-12,317.71,Electronics
CUST00380,2024-08-08,50.04,Travel
CUST00380,2025-04-29,89.53,Dining
CUST00380,2024-08-03,102.81,Electronics
CUST00380,2023-12-30,301.45,Dining
CUST00380,2025-06-19,44.46,Grocery
CUST00380,2024-10-22,34.18,Grocery
CUST00380,2025-01-24,366.91,Dining
CUST00380,2025-03-12,351.08,Travel
CUST00380,2024-01-20,30.94,Electronics
CUST00380,2024-03-30,11.41,Grocery
CUST00380,2024-09-13,10.13,Dining
CUST00380,2024-06-21,5.65,Grocery
CUST00380,2024-09-21,97.74,Clothing
CUST00380,2024-05-16,80.56,Clothing
CUST00380,2025-02-08,40.87,Grocery
CUST00380,2025-03-04,15.64,Electronics
CUST00380,2024-08-31,192.23,Electronics
CUST00380,2024-08-30,109.24,Travel
CUST00380,2024-03-28,153.92,Travel
CUST00380,2025-05-16,110.27,Travel
CUST00380,2024-10-26,13.59,Travel
CUST00380,2023-12-10,83.68,Grocery
CUST00380,2024-09-29,36.55,Clothing
CUST00380,2025-04-09,190.39,Dining
CUST00380,2024-01-04,199.51,Electronics
CUST00381,2024-06-02,19.21,Grocery
CUST00381,2023-08-03,263.97,Grocery
CUST00381,2024-09-28,9.53,Electronics
CUST00381,2024-04-30,74.05,Electronics
CUST00381,2025-01-15,73.97,Clothing
CUST00381,2023-01-27,23.63,Travel
CUST00381,2023-03-20,32.42,Travel
CUST00381,2024-10-12,15.22,Dining
CUST00381,2025-03-28,46.25,Travel
CUST00381,2023-10-28,41.02,Travel
CUST00381,2025-05-23,99.74,Clothing
CUST00381,2024-04-24,53.56,Clothing
CUST00381,2024-11-22,18.68,Grocery
CUST00381,2023-08-10,74.93,Grocery
CUST00381,2023-02-01,106.35,Clothing
CUST00381,2024-12-01,84.47,Dining
CUST00381,2023-12-15,151.18,Grocery
CUST00381,2025-01-09,93.15,Grocery
CUST00381,2025-01-10,30.93,Electronics
CUST00381,2024-08-05,41.54,Dining
CUST00381,2025-03-18,88.75,Clothing
CUST00381,2023-07-19,56.53,Clothing
CUST00381,2025-07-31,180.02,Clothing
CUST00381,2024-12-21,10.02,Travel
CUST00381,2023-04-08,81.55,Grocery
CUST00381,2023-07-24,63.17,Electronics
CUST00381,2025-02-11,50.64,Travel
CUST00381,2024-03-31,137.13,Clothing
CUST00381,2024-08-28,15.13,Grocery
CUST00381,2023-05-23,52.8,Dining
CUST00381,2024-12-28,41.74,Grocery
CUST00381,2023-06-26,130.15,Electronics
CUST00381,2023-08-11,16.3,Travel
CUST00381,2023-10-09,152.99,Travel
CUST00381,2024-05-22,82.72,Electronics
CUST00381,2024-07-16,28.69,Dining
CUST00381,2024-05-23,59.16,Electronics
CUST00381,2025-03-16,144.33,Clothing
CUST00381,2024-11-24,32.37,Electronics
CUST00381,2025-02-10,230.34,Travel
CUST00381,2023-06-29,59.11,Clothing
CUST00381,2023-07-28,402.13,Electronics
CUST00381,2024-03-27,28.43,Travel
CUST00381,2025-07-09,168.59,Travel
CUST00381,2024-10-04,20.83,Dining
CUST00381,2025-05-03,20.19,Grocery
CUST00381,2025-06-04,27.8,Travel
CUST00381,2025-01-25,24.4,Electronics
CUST00381,2024-04-20,48.28,Clothing
CUST00381,2024-03-28,134.97,Clothing
CUST00381,2024-05-05,138.11,Travel
CUST00381,2024-09-08,17.15,Grocery
CUST00381,2024-09-28,40.92,Travel
CUST00381,2024-08-02,152.19,Dining
CUST00381,2023-01-21,21.56,Grocery
CUST00381,2024-10-23,138.5,Electronics
CUST00381,2023-08-31,239.93,Grocery
CUST00381,2024-03-04,195.57,Clothing
CUST00381,2025-01-11,71.84,Clothing
CUST00381,2025-03-06,169.95,Grocery
CUST00381,2024-02-16,52.26,Travel
CUST00381,2023-06-17,99.88,Electronics
CUST00381,2024-06-24,58.81,Clothing
CUST00381,2024-06-12,127.34,Electronics
CUST00381,2025-06-28,60.09,Grocery
CUST00381,2023-05-30,183.59,Travel
CUST00381,2025-05-24,73.82,Dining
CUST00381,2025-05-17,69.22,Travel
CUST00381,2024-08-01,12.68,Electronics
CUST00381,2024-09-25,20.08,Grocery
CUST00381,2025-01-23,49.51,Electronics
CUST00381,2023-03-19,32.91,Clothing
CUST00381,2023-12-11,58.92,Travel
CUST00381,2025-05-26,120.8,Electronics
CUST00381,2025-05-13,9.7,Grocery
CUST00381,2024-11-19,21.55,Grocery
CUST00381,2024-08-02,34.16,Electronics
CUST00381,2025-04-04,77.03,Electronics
CUST00381,2023-11-26,35.43,Electronics
CUST00381,2023-12-28,60.04,Travel
CUST00381,2023-02-26,62.08,Travel
CUST00381,2024-01-25,194.0,Grocery
CUST00381,2024-12-24,107.26,Dining
CUST00381,2023-12-02,49.88,Travel
CUST00381,2025-02-24,6.27,Grocery
CUST00381,2025-06-07,126.26,Dining
CUST00381,2023-11-20,153.56,Grocery
CUST00381,2023-01-03,91.64,Grocery
CUST00381,2023-07-22,20.67,Clothing
CUST00381,2023-06-30,130.63,Grocery
CUST00382,2023-03-19,222.04,Travel
CUST00382,2023-07-04,38.19,Electronics
CUST00382,2022-11-01,8.06,Dining
CUST00382,2025-02-19,43.92,Dining
CUST00382,2023-01-31,178.47,Electronics
CUST00382,2024-06-01,34.52,Clothing
CUST00382,2023-05-19,255.88,Clothing
CUST00382,2023-05-09,78.39,Electronics
CUST00382,2024-04-25,266.32,Grocery
CUST00382,2022-10-11,17.4,Travel
CUST00382,2025-03-25,106.25,Travel
CUST00382,2025-07-25,43.5,Dining
CUST00382,2023-05-14,77.61,Electronics
CUST00382,2025-01-02,24.16,Dining
CUST00382,2023-09-08,23.53,Grocery
CUST00382,2022-06-03,104.73,Electronics
CUST00382,2020-12-08,161.37,Travel
CUST00382,2024-12-28,21.63,Electronics
CUST00382,2025-02-08,85.2,Travel
CUST00382,2022-07-29,262.33,Travel
CUST00382,2024-03-10,119.39,Electronics
CUST00382,2022-06-21,92.46,Dining
CUST00382,2021-08-31,102.67,Travel
CUST00382,2023-07-28,244.07,Dining
CUST00382,2022-03-27,16.25,Dining
CUST00382,2025-02-07,31.44,Clothing
CUST00382,2024-05-22,59.02,Grocery
CUST00382,2022-07-06,55.48,Travel
CUST00382,2025-04-01,86.13,Electronics
CUST00382,2022-09-04,214.86,Grocery
CUST00382,2022-12-28,54.56,Dining
CUST00382,2022-07-15,13.36,Clothing
CUST00382,2023-05-17,95.54,Clothing
CUST00382,2021-11-08,150.28,Electronics
CUST00382,2023-01-31,40.09,Electronics
CUST00382,2021-09-23,40.22,Electronics
CUST00382,2023-02-06,11.53,Grocery
CUST00382,2023-02-21,14.22,Grocery
CUST00382,2024-10-16,22.03,Travel
CUST00382,2022-01-06,72.88,Grocery
CUST00382,2023-06-08,81.59,Grocery
CUST00382,2022-03-17,681.16,Grocery
CUST00382,2023-05-06,62.63,Dining
CUST00382,2022-01-22,19.83,Clothing
CUST00382,2025-04-11,124.4,Electronics
CUST00382,2023-03-29,44.77,Clothing
CUST00382,2022-12-19,52.38,Travel
CUST00382,2022-10-30,23.11,Electronics
CUST00382,2024-09-15,6.79,Grocery
CUST00382,2021-05-18,7.3,Grocery
CUST00382,2024-11-14,21.0,Electronics
CUST00382,2022-10-18,292.36,Electronics
CUST00382,2023-08-02,370.0,Dining
CUST00382,2020-10-18,8.11,Grocery
CUST00382,2024-05-04,10.74,Grocery
CUST00382,2025-06-05,31.82,Dining
CUST00382,2024-12-21,36.59,Clothing
CUST00382,2025-06-24,174.84,Travel
CUST00382,2021-09-04,5.34,Electronics
CUST00382,2020-11-19,174.73,Electronics
CUST00382,2024-04-03,53.38,Clothing
CUST00382,2024-10-29,45.03,Travel
CUST00382,2022-01-01,89.91,Clothing
CUST00382,2020-11-28,15.65,Electronics
CUST00382,2023-08-29,51.56,Clothing
CUST00382,2022-03-08,30.68,Electronics
CUST00382,2024-11-21,146.63,Electronics
CUST00382,2024-09-06,121.52,Travel
CUST00382,2022-05-19,11.35,Dining
CUST00382,2023-09-16,48.88,Clothing
CUST00382,2024-10-26,296.86,Electronics
CUST00382,2023-01-27,153.27,Dining
CUST00382,2022-04-05,97.41,Clothing
CUST00382,2022-03-19,113.14,Dining
CUST00382,2023-02-19,17.96,Grocery
CUST00382,2023-06-26,68.39,Electronics
CUST00382,2024-01-27,51.6,Clothing
CUST00382,2025-03-01,221.91,Dining
CUST00382,2024-12-23,57.87,Clothing
CUST00382,2023-11-15,13.62,Dining
CUST00382,2021-01-13,82.38,Dining
CUST00382,2021-07-16,56.4,Grocery
CUST00383,2025-06-27,47.75,Grocery
CUST00383,2025-07-18,17.62,Grocery
CUST00383,2024-01-26,58.67,Electronics
CUST00383,2025-05-10,130.61,Dining
CUST00383,2024-09-27,51.55,Clothing
CUST00383,2025-03-22,76.38,Dining
CUST00383,2024-01-14,19.95,Clothing
CUST00383,2025-01-18,19.65,Grocery
CUST00383,2024-11-01,70.18,Electronics
CUST00383,2024-06-07,45.22,Travel
CUST00383,2025-06-10,165.68,Grocery
CUST00383,2025-01-22,23.13,Grocery
CUST00383,2024-06-24,31.19,Travel
CUST00383,2024-04-10,49.71,Travel
CUST00383,2025-07-10,96.51,Dining
CUST00383,2024-02-21,177.03,Grocery
CUST00383,2024-10-10,112.58,Electronics
CUST00383,2024-04-29,42.2,Electronics
CUST00383,2024-08-13,11.07,Dining
CUST00383,2024-06-28,57.25,Grocery
CUST00383,2024-08-17,64.87,Travel
CUST00383,2025-04-29,92.24,Grocery
CUST00383,2024-10-30,112.69,Dining
CUST00383,2025-05-19,51.88,Clothing
CUST00383,2024-08-29,80.0,Electronics
CUST00383,2024-05-18,408.59,Travel
CUST00383,2025-07-02,35.79,Electronics
CUST00383,2024-11-09,24.61,Clothing
CUST00383,2024-03-11,31.15,Grocery
CUST00383,2024-09-21,73.12,Electronics
CUST00383,2025-04-14,47.19,Grocery
CUST00383,2025-07-04,9.51,Dining
CUST00383,2024-06-08,84.11,Electronics
CUST00383,2024-08-03,69.6,Clothing
CUST00383,2024-06-25,80.75,Grocery
CUST00383,2025-06-21,10.43,Clothing
CUST00383,2024-07-07,26.69,Travel
CUST00383,2025-03-03,26.84,Travel
CUST00383,2024-08-18,149.61,Electronics
CUST00383,2024-04-13,35.89,Clothing
CUST00383,2025-03-02,41.18,Travel
CUST00383,2024-04-15,57.62,Dining
CUST00383,2024-11-18,31.86,Clothing
CUST00383,2024-08-23,31.0,Electronics
CUST00383,2025-03-14,176.97,Travel
CUST00383,2025-07-19,78.26,Travel
CUST00383,2025-06-09,26.45,Dining
CUST00383,2024-06-22,65.71,Dining
CUST00383,2024-12-17,129.65,Dining
CUST00383,2025-05-11,56.78,Grocery
CUST00383,2025-02-20,72.28,Grocery
CUST00383,2025-07-13,17.29,Travel
CUST00383,2025-03-22,92.82,Dining
CUST00383,2024-09-09,47.33,Grocery
CUST00383,2025-07-04,602.41,Electronics
CUST00383,2024-04-06,12.25,Grocery
CUST00383,2024-04-11,44.83,Travel
CUST00383,2024-12-28,308.5,Travel
CUST00383,2024-06-05,43.54,Electronics
CUST00383,2024-12-31,33.21,Clothing
CUST00383,2024-08-27,87.47,Electronics
CUST00383,2024-09-11,100.19,Travel
CUST00383,2024-12-19,114.73,Electronics
CUST00383,2025-06-14,150.57,Travel
CUST00383,2025-07-30,141.71,Travel
CUST00383,2024-03-20,56.75,Dining
CUST00383,2024-04-29,23.4,Travel
CUST00383,2024-06-06,140.19,Grocery
CUST00383,2024-12-04,9.32,Travel
CUST00383,2024-11-11,7.06,Electronics
CUST00383,2024-02-08,79.38,Travel
CUST00383,2024-06-21,79.11,Clothing
CUST00383,2024-11-01,33.84,Clothing
CUST00383,2024-10-22,21.56,Electronics
CUST00383,2025-02-12,36.95,Dining
CUST00383,2024-07-22,11.52,Dining
CUST00383,2024-10-18,52.11,Dining
CUST00383,2025-04-12,298.85,Electronics
CUST00383,2025-04-23,75.01,Grocery
CUST00383,2024-02-24,6.0,Travel
CUST00383,2024-06-04,22.22,Grocery
CUST00383,2024-09-18,8.67,Travel
CUST00383,2024-03-01,60.43,Dining
CUST00383,2024-10-24,50.26,Electronics
CUST00383,2024-04-02,14.74,Electronics
CUST00383,2024-11-22,47.54,Travel
CUST00383,2024-03-04,169.95,Electronics
CUST00383,2024-12-22,87.77,Grocery
CUST00383,2024-07-10,166.03,Clothing
CUST00383,2025-07-17,101.86,Electronics
CUST00383,2024-02-19,8.78,Grocery
CUST00383,2025-06-18,63.71,Electronics
CUST00383,2024-07-28,85.16,Grocery
CUST00383,2024-07-22,15.88,Travel
CUST00383,2025-02-19,60.85,Clothing
CUST00383,2024-01-24,349.55,Travel
CUST00383,2024-03-27,15.78,Grocery
CUST00383,2024-10-27,29.51,Dining
CUST00383,2024-06-13,56.76,Travel
CUST00384,2023-05-23,32.39,Dining
CUST00384,2022-08-25,55.15,Travel
CUST00384,2025-04-05,115.42,Clothing
CUST00384,2022-05-14,264.18,Clothing
CUST00384,2022-12-19,212.46,Electronics
CUST00384,2024-12-17,38.77,Grocery
CUST00384,2024-05-28,39.21,Clothing
CUST00384,2024-08-18,86.5,Dining
CUST00384,2024-01-02,56.54,Electronics
CUST00384,2023-09-10,50.62,Travel
CUST00384,2025-03-11,29.23,Clothing
CUST00384,2022-07-08,59.76,Electronics
CUST00384,2022-05-04,24.19,Dining
CUST00384,2022-10-09,25.55,Travel
CUST00384,2022-08-15,84.57,Grocery
CUST00384,2024-01-03,41.37,Clothing
CUST00384,2024-04-17,97.83,Dining
CUST00384,2023-02-11,31.71,Grocery
CUST00384,2023-09-16,65.31,Grocery
CUST00384,2023-07-31,127.85,Travel
CUST00384,2024-11-12,77.74,Grocery
CUST00384,2025-07-05,17.74,Dining
CUST00384,2025-01-27,171.25,Clothing
CUST00384,2023-08-07,20.01,Grocery
CUST00384,2023-12-10,7.29,Electronics
CUST00384,2023-01-17,26.01,Electronics
CUST00384,2025-03-14,24.27,Electronics
CUST00384,2022-04-07,52.83,Dining
CUST00384,2024-09-29,22.44,Electronics
CUST00384,2022-12-22,80.38,Dining
CUST00384,2023-02-04,212.61,Grocery
CUST00384,2024-09-23,17.93,Grocery
CUST00384,2024-08-17,34.17,Dining
CUST00384,2023-02-19,47.14,Electronics
CUST00384,2023-02-18,163.48,Clothing
CUST00384,2022-12-25,33.31,Travel
CUST00384,2023-01-28,7.48,Clothing
CUST00384,2024-05-06,87.37,Electronics
CUST00384,2022-07-26,15.89,Electronics
CUST00384,2022-12-07,74.28,Dining
CUST00384,2025-02-17,28.15,Dining
CUST00384,2024-05-14,16.24,Dining
CUST00384,2023-09-08,64.84,Clothing
CUST00384,2023-08-04,19.48,Travel
CUST00384,2025-06-09,76.95,Dining
CUST00384,2022-06-11,34.82,Electronics
CUST00384,2023-10-30,141.44,Clothing
CUST00384,2024-02-17,74.1,Dining
CUST00384,2022-12-04,9.27,Grocery
CUST00384,2024-10-09,104.84,Clothing
CUST00384,2023-09-13,273.67,Clothing
CUST00384,2025-05-03,25.81,Travel
CUST00384,2022-08-02,14.23,Electronics
CUST00384,2025-06-27,129.52,Electronics
CUST00384,2024-02-20,123.85,Electronics
CUST00384,2022-08-05,90.71,Clothing
CUST00384,2025-01-10,72.42,Electronics
CUST00384,2023-09-10,25.68,Dining
CUST00384,2024-04-30,43.89,Clothing
CUST00384,2023-08-03,42.8,Travel
CUST00384,2022-12-16,36.78,Electronics
CUST00384,2023-04-09,17.72,Grocery
CUST00384,2024-02-27,142.84,Grocery
CUST00384,2022-10-24,188.99,Grocery
CUST00384,2022-06-04,12.45,Grocery
CUST00384,2022-06-26,153.85,Grocery
CUST00384,2023-04-06,14.26,Travel
CUST00384,2025-05-10,7.36,Travel
CUST00384,2023-02-20,51.03,Dining
CUST00384,2023-05-05,17.99,Travel
CUST00384,2024-05-28,53.9,Electronics
CUST00384,2023-03-31,229.41,Electronics
CUST00384,2024-04-20,113.46,Dining
CUST00384,2023-10-07,9.46,Dining
CUST00384,2025-03-09,105.41,Clothing
CUST00384,2025-06-28,165.25,Grocery
CUST00384,2022-07-24,24.21,Grocery
CUST00384,2024-11-08,71.34,Grocery
CUST00384,2023-02-13,95.62,Electronics
CUST00384,2023-09-19,15.24,Dining
CUST00384,2024-08-11,53.05,Grocery
CUST00384,2022-06-29,11.77,Electronics
CUST00384,2023-10-11,25.23,Dining
CUST00384,2024-01-31,18.17,Dining
CUST00384,2022-11-28,61.91,Electronics
CUST00384,2022-04-15,28.03,Electronics
CUST00384,2022-09-14,63.71,Grocery
CUST00384,2024-02-27,16.72,Grocery
CUST00384,2025-01-26,71.7,Grocery
CUST00384,2023-07-30,44.97,Clothing
CUST00384,2025-02-02,162.37,Dining
CUST00384,2025-05-04,69.06,Electronics
CUST00384,2023-10-05,107.59,Travel
CUST00384,2024-09-12,16.32,Grocery
CUST00384,2024-03-11,156.63,Dining
CUST00384,2023-06-07,188.24,Clothing
CUST00384,2025-06-13,6.66,Grocery
CUST00384,2023-05-31,10.29,Travel
CUST00384,2024-12-29,99.95,Clothing
CUST00384,2023-02-02,25.74,Dining
CUST00384,2023-03-20,142.51,Clothing
CUST00384,2024-03-30,253.43,Electronics
CUST00384,2023-07-06,22.04,Dining
CUST00385,2024-11-24,73.06,Grocery
CUST00385,2025-07-11,23.71,Electronics
CUST00385,2023-10-26,139.66,Grocery
CUST00385,2025-02-16,12.66,Clothing
CUST00385,2023-05-09,49.65,Clothing
CUST00385,2025-03-08,417.06,Travel
CUST00385,2025-06-15,6.45,Dining
CUST00385,2024-08-20,22.29,Grocery
CUST00385,2023-08-26,87.13,Electronics
CUST00385,2023-05-22,121.01,Travel
CUST00385,2024-08-12,167.24,Electronics
CUST00385,2023-04-17,31.9,Grocery
CUST00385,2025-06-11,10.09,Grocery
CUST00385,2024-06-09,57.48,Clothing
CUST00385,2025-01-18,50.5,Clothing
CUST00385,2025-05-16,40.98,Grocery
CUST00385,2024-04-03,47.33,Grocery
CUST00385,2023-12-25,329.7,Travel
CUST00385,2024-02-04,48.2,Electronics
CUST00385,2022-11-17,40.31,Grocery
CUST00385,2023-03-26,72.77,Electronics
CUST00385,2024-02-04,96.5,Clothing
CUST00385,2024-06-07,191.48,Travel
CUST00385,2025-02-01,32.2,Electronics
CUST00385,2024-05-28,48.54,Travel
CUST00385,2024-11-08,56.2,Clothing
CUST00385,2024-04-09,91.93,Clothing
CUST00385,2023-09-06,30.13,Electronics
CUST00385,2023-06-10,128.91,Clothing
CUST00385,2025-03-31,12.3,Grocery
CUST00385,2024-02-15,32.58,Grocery
CUST00385,2023-03-01,86.92,Dining
CUST00385,2025-05-14,70.15,Electronics
CUST00385,2023-11-15,7.76,Grocery
CUST00385,2023-03-04,121.16,Electronics
CUST00385,2024-04-08,25.4,Dining
CUST00385,2024-04-13,71.84,Grocery
CUST00385,2024-08-07,50.03,Dining
CUST00385,2023-08-02,139.44,Electronics
CUST00385,2024-02-29,128.73,Electronics
CUST00385,2023-07-24,281.23,Clothing
CUST00385,2024-10-11,43.55,Dining
CUST00385,2024-07-23,13.12,Grocery
CUST00385,2023-03-13,94.81,Grocery
CUST00385,2023-09-23,137.69,Clothing
CUST00385,2024-08-13,35.79,Grocery
CUST00385,2025-07-11,55.4,Electronics
CUST00385,2024-01-04,68.47,Grocery
CUST00385,2025-06-15,19.94,Clothing
CUST00385,2024-07-29,156.99,Dining
CUST00385,2024-11-23,20.88,Grocery
CUST00385,2023-10-29,223.12,Grocery
CUST00385,2025-05-10,33.32,Dining
CUST00385,2023-05-30,54.17,Electronics
CUST00385,2025-07-30,39.37,Grocery
CUST00385,2025-05-10,66.52,Grocery
CUST00385,2024-11-05,141.49,Electronics
CUST00385,2024-11-20,33.54,Travel
CUST00385,2024-12-24,66.09,Electronics
CUST00385,2024-07-17,53.13,Travel
CUST00385,2023-02-07,5.17,Grocery
CUST00385,2023-12-31,60.56,Clothing
CUST00385,2025-05-08,16.93,Travel
CUST00385,2024-12-09,192.25,Travel
CUST00385,2024-01-07,86.97,Dining
CUST00385,2023-08-06,5.49,Electronics
CUST00385,2025-07-23,37.1,Travel
CUST00385,2024-04-05,72.39,Grocery
CUST00385,2023-06-29,21.28,Electronics
CUST00385,2024-03-30,59.24,Electronics
CUST00385,2024-08-20,595.45,Electronics
CUST00385,2023-10-02,11.46,Grocery
CUST00385,2025-03-17,108.43,Clothing
CUST00385,2024-11-02,42.08,Dining
CUST00385,2023-07-09,82.75,Grocery
CUST00385,2025-02-12,66.42,Grocery
CUST00385,2025-02-11,65.23,Grocery
CUST00385,2022-11-06,113.62,Dining
CUST00385,2024-11-03,259.74,Travel
CUST00385,2025-07-24,85.54,Electronics
CUST00385,2025-02-07,117.16,Travel
CUST00385,2024-04-03,36.69,Electronics
CUST00385,2023-02-19,261.43,Grocery
CUST00385,2024-12-14,38.07,Grocery
CUST00385,2024-01-26,146.21,Clothing
CUST00385,2023-06-07,112.2,Clothing
CUST00385,2024-12-13,181.52,Dining
CUST00385,2025-02-12,100.28,Travel
CUST00385,2024-07-27,184.23,Electronics
CUST00385,2022-11-22,66.24,Clothing
CUST00385,2025-01-31,23.6,Dining
CUST00385,2024-03-25,55.15,Clothing
CUST00385,2024-12-28,11.08,Clothing
CUST00385,2024-06-17,25.2,Electronics
CUST00385,2025-02-25,64.01,Grocery
CUST00385,2023-06-19,41.38,Dining
CUST00385,2023-06-05,76.76,Electronics
CUST00385,2025-02-15,29.62,Electronics
CUST00385,2023-05-05,37.97,Clothing
CUST00385,2024-11-23,85.79,Travel
CUST00385,2024-01-19,19.97,Electronics
CUST00385,2023-11-26,11.5,Electronics
CUST00385,2024-07-03,33.6,Travel
CUST00385,2023-10-27,62.21,Grocery
CUST00385,2022-11-16,40.09,Travel
CUST00385,2025-02-07,44.54,Travel
CUST00385,2022-11-29,53.97,Travel
CUST00385,2024-03-26,49.81,Clothing
CUST00385,2023-03-27,365.27,Electronics
CUST00386,2023-09-08,14.23,Dining
CUST00386,2023-07-24,38.32,Clothing
CUST00386,2023-02-07,28.77,Dining
CUST00386,2023-02-24,96.05,Clothing
CUST00386,2022-03-13,43.55,Travel
CUST00386,2023-01-01,76.24,Clothing
CUST00386,2024-09-14,88.99,Electronics
CUST00386,2022-05-08,24.44,Clothing
CUST00386,2024-12-18,47.59,Travel
CUST00386,2024-10-08,204.44,Travel
CUST00386,2024-07-30,28.34,Grocery
CUST00386,2025-06-23,106.53,Travel
CUST00386,2024-02-29,6.88,Electronics
CUST00386,2023-10-08,60.48,Clothing
CUST00386,2024-10-26,71.88,Grocery
CUST00386,2023-04-26,13.91,Electronics
CUST00386,2023-11-06,93.05,Dining
CUST00386,2025-06-04,107.73,Clothing
CUST00386,2024-12-12,29.39,Travel
CUST00386,2022-01-22,43.11,Grocery
CUST00386,2022-12-18,18.02,Dining
CUST00386,2022-06-28,5.03,Clothing
CUST00386,2023-05-21,81.63,Electronics
CUST00386,2022-04-16,293.06,Dining
CUST00386,2024-06-22,59.26,Grocery
CUST00386,2023-10-29,136.12,Clothing
CUST00386,2024-09-25,84.07,Electronics
CUST00386,2023-06-13,64.75,Electronics
CUST00386,2022-08-17,36.76,Dining
CUST00386,2024-08-17,138.69,Grocery
CUST00386,2022-02-03,12.1,Dining
CUST00386,2025-03-22,58.31,Grocery
CUST00386,2023-09-23,182.46,Travel
CUST00386,2022-01-17,51.05,Clothing
CUST00386,2023-06-18,173.47,Clothing
CUST00386,2023-10-12,93.52,Travel
CUST00386,2023-11-24,188.22,Dining
CUST00386,2022-01-03,128.36,Grocery
CUST00386,2024-10-30,33.64,Dining
CUST00386,2021-11-25,180.38,Dining
CUST00386,2023-08-27,44.73,Clothing
CUST00386,2025-06-30,45.12,Grocery
CUST00386,2023-04-17,19.24,Clothing
CUST00386,2022-07-25,36.6,Grocery
CUST00386,2023-01-14,14.74,Travel
CUST00386,2022-02-06,100.71,Dining
CUST00386,2021-11-22,12.9,Grocery
CUST00386,2021-11-15,10.02,Clothing
CUST00386,2023-04-27,58.21,Grocery
CUST00386,2022-12-10,27.28,Grocery
CUST00386,2025-05-31,115.6,Grocery
CUST00386,2024-08-05,237.56,Electronics
CUST00386,2022-09-26,71.3,Grocery
CUST00386,2021-12-12,156.83,Dining
CUST00386,2024-03-21,93.79,Travel
CUST00386,2023-05-09,37.91,Electronics
CUST00386,2022-06-03,15.02,Travel
CUST00386,2022-02-04,61.79,Grocery
CUST00386,2021-12-18,122.89,Clothing
CUST00386,2024-02-18,76.57,Grocery
CUST00386,2021-12-09,138.28,Dining
CUST00386,2024-09-23,181.93,Dining
CUST00386,2023-11-12,295.54,Travel
CUST00386,2025-07-06,5.97,Travel
CUST00386,2021-10-29,49.89,Grocery
CUST00386,2023-12-06,24.25,Travel
CUST00386,2025-05-31,18.28,Electronics
CUST00386,2023-01-24,5.57,Grocery
CUST00386,2021-10-14,68.8,Travel
CUST00386,2023-05-14,63.28,Travel
CUST00386,2025-06-06,5.91,Clothing
CUST00386,2024-12-17,36.48,Grocery
CUST00386,2023-07-18,41.56,Travel
CUST00386,2022-08-06,342.82,Clothing
CUST00386,2024-02-05,63.1,Grocery
CUST00386,2024-04-17,51.01,Dining
CUST00386,2024-04-16,52.72,Electronics
CUST00386,2023-06-17,6.8,Travel
CUST00386,2022-12-30,7.51,Grocery
CUST00386,2025-02-24,8.2,Clothing
CUST00386,2023-08-19,55.04,Clothing
CUST00386,2022-03-11,134.93,Grocery
CUST00386,2024-07-09,66.61,Clothing
CUST00386,2024-10-23,6.81,Electronics
CUST00386,2025-06-24,318.96,Travel
CUST00386,2022-12-07,122.19,Dining
CUST00386,2023-07-07,62.25,Travel
CUST00386,2025-06-30,83.15,Dining
CUST00386,2022-11-26,7.6,Clothing
CUST00386,2025-05-05,100.63,Dining
CUST00386,2023-06-13,77.06,Clothing
CUST00386,2021-12-13,143.34,Travel
CUST00386,2023-01-08,157.68,Electronics
CUST00386,2023-11-26,127.31,Travel
CUST00386,2023-04-15,42.73,Travel
CUST00386,2021-12-23,201.47,Travel
CUST00386,2022-03-07,26.03,Grocery
CUST00386,2022-04-01,72.75,Grocery
CUST00386,2021-12-03,252.79,Clothing
CUST00386,2022-09-18,394.06,Dining
CUST00386,2025-05-28,49.78,Grocery
CUST00386,2024-09-13,32.24,Grocery
CUST00386,2023-05-25,221.82,Clothing
CUST00386,2024-07-30,15.58,Clothing
CUST00386,2024-03-25,25.27,Dining
CUST00386,2023-07-01,28.53,Grocery
CUST00386,2022-09-18,46.95,Travel
CUST00386,2025-05-04,133.28,Clothing
CUST00386,2024-05-13,24.04,Travel
CUST00386,2024-03-09,48.38,Dining
CUST00386,2022-03-24,7.83,Dining
CUST00387,2025-02-27,72.3,Clothing
CUST00387,2025-06-04,102.48,Electronics
CUST00387,2024-11-23,90.31,Travel
CUST00387,2025-03-31,62.93,Clothing
CUST00387,2025-07-28,13.13,Grocery
CUST00387,2025-06-07,105.73,Grocery
CUST00387,2024-12-07,217.05,Dining
CUST00387,2025-02-18,102.07,Electronics
CUST00387,2025-02-01,72.45,Travel
CUST00387,2025-06-23,62.79,Electronics
CUST00387,2024-08-04,111.0,Electronics
CUST00387,2024-10-07,11.41,Grocery
CUST00387,2025-03-16,201.95,Dining
CUST00387,2025-01-20,74.75,Clothing
CUST00387,2024-12-25,12.9,Dining
CUST00387,2024-09-10,62.67,Electronics
CUST00387,2024-08-22,230.51,Grocery
CUST00387,2024-12-27,156.52,Grocery
CUST00387,2024-08-19,12.47,Electronics
CUST00387,2024-12-24,52.75,Clothing
CUST00387,2024-08-27,62.63,Dining
CUST00387,2024-12-11,334.03,Grocery
CUST00387,2024-09-08,14.21,Grocery
CUST00387,2025-06-04,190.39,Clothing
CUST00387,2025-07-05,30.55,Clothing
CUST00387,2024-08-12,21.64,Dining
CUST00387,2024-08-11,78.64,Grocery
CUST00387,2024-10-16,5.48,Dining
CUST00387,2025-07-06,17.08,Travel
CUST00387,2024-10-18,98.46,Clothing
CUST00387,2024-10-03,66.1,Dining
CUST00387,2025-07-30,179.6,Grocery
CUST00387,2025-01-01,31.33,Grocery
CUST00387,2024-11-16,364.41,Travel
CUST00387,2025-02-08,11.28,Travel
CUST00387,2025-01-29,44.46,Travel
CUST00387,2025-05-06,47.67,Electronics
CUST00387,2024-08-14,96.37,Grocery
CUST00387,2025-01-20,123.31,Clothing
CUST00387,2024-11-14,142.19,Clothing
CUST00387,2025-06-01,52.1,Grocery
CUST00387,2025-01-30,198.75,Travel
CUST00387,2024-08-06,63.98,Dining
CUST00387,2025-05-06,68.8,Electronics
CUST00387,2025-07-14,121.31,Grocery
CUST00387,2024-09-08,68.11,Travel
CUST00387,2024-12-09,28.58,Dining
CUST00387,2025-03-09,256.08,Electronics
CUST00387,2024-08-18,71.87,Clothing
CUST00387,2024-10-23,67.68,Dining
CUST00387,2025-03-18,112.75,Dining
CUST00387,2025-04-06,185.51,Grocery
CUST00387,2024-12-18,73.9,Travel
CUST00387,2025-02-13,69.6,Clothing
CUST00387,2024-08-25,6.27,Clothing
CUST00387,2025-07-21,62.39,Travel
CUST00387,2024-10-18,114.24,Clothing
CUST00387,2024-12-18,160.36,Grocery
CUST00387,2025-07-28,63.98,Electronics
CUST00387,2025-01-04,30.44,Travel
CUST00387,2025-04-15,41.75,Clothing
CUST00387,2025-05-10,92.86,Clothing
CUST00387,2024-11-26,16.23,Electronics
CUST00387,2025-03-10,22.95,Dining
CUST00387,2024-08-28,60.08,Electronics
CUST00387,2024-11-05,11.18,Grocery
CUST00387,2024-11-26,62.17,Electronics
CUST00387,2025-02-08,54.1,Electronics
CUST00387,2025-07-06,69.44,Electronics
CUST00387,2024-12-09,154.89,Clothing
CUST00387,2025-05-17,155.64,Clothing
CUST00387,2024-12-16,181.69,Clothing
CUST00387,2024-09-22,159.58,Grocery
CUST00387,2024-08-18,21.5,Travel
CUST00387,2025-01-08,76.74,Travel
CUST00387,2024-12-10,61.39,Electronics
CUST00387,2025-06-23,11.87,Grocery
CUST00387,2025-04-18,74.52,Electronics
CUST00387,2025-03-05,6.97,Grocery
CUST00387,2025-04-09,43.63,Clothing
CUST00387,2025-02-18,89.0,Grocery
CUST00387,2025-06-18,253.88,Dining
CUST00387,2025-06-30,80.6,Clothing
CUST00387,2025-04-02,42.55,Clothing
CUST00387,2025-01-11,80.32,Grocery
CUST00387,2025-05-28,57.03,Travel
CUST00387,2025-04-13,85.77,Travel
CUST00387,2025-07-18,48.46,Travel
CUST00387,2024-11-27,68.62,Clothing
CUST00387,2024-10-08,52.39,Dining
CUST00387,2024-10-29,190.57,Clothing
CUST00387,2025-02-06,107.68,Dining
CUST00387,2025-07-25,57.97,Grocery
CUST00387,2025-06-02,78.21,Clothing
CUST00387,2025-03-30,34.66,Grocery
CUST00387,2025-05-20,24.69,Dining
CUST00387,2025-03-12,12.78,Dining
CUST00387,2024-12-01,13.7,Travel
CUST00387,2024-11-28,100.49,Clothing
CUST00387,2025-01-01,192.89,Dining
CUST00387,2024-10-07,44.46,Dining
CUST00387,2025-03-23,95.88,Dining
CUST00387,2024-12-13,57.76,Dining
CUST00387,2025-03-31,156.85,Dining
CUST00387,2024-10-04,32.67,Grocery
CUST00387,2025-06-13,306.26,Clothing
CUST00387,2025-02-08,43.45,Grocery
CUST00387,2025-04-01,32.56,Dining
CUST00387,2024-11-13,105.56,Electronics
CUST00387,2025-07-30,358.95,Dining
CUST00387,2024-09-29,142.79,Travel
CUST00387,2025-07-28,51.22,Electronics
CUST00387,2025-06-29,142.47,Grocery
CUST00388,2024-02-09,31.31,Clothing
CUST00388,2025-06-23,78.76,Dining
CUST00388,2024-03-17,114.02,Dining
CUST00388,2023-08-21,66.94,Dining
CUST00388,2023-05-04,111.31,Dining
CUST00388,2024-03-27,78.47,Electronics
CUST00388,2024-08-07,392.42,Travel
CUST00388,2024-12-02,244.98,Clothing
CUST00388,2024-02-06,118.33,Dining
CUST00388,2024-12-29,70.42,Grocery
CUST00388,2024-11-04,85.85,Grocery
CUST00388,2024-07-25,64.88,Travel
CUST00388,2025-02-12,548.12,Dining
CUST00388,2024-06-16,166.24,Grocery
CUST00388,2024-01-16,75.27,Electronics
CUST00388,2022-12-23,67.14,Travel
CUST00388,2023-12-14,91.02,Dining
CUST00388,2025-07-22,162.64,Travel
CUST00388,2024-02-29,9.82,Dining
CUST00388,2023-08-12,29.85,Travel
CUST00388,2024-10-25,152.77,Grocery
CUST00388,2024-10-28,128.61,Electronics
CUST00388,2025-05-06,18.35,Dining
CUST00388,2025-02-26,69.43,Clothing
CUST00388,2023-10-24,162.87,Electronics
CUST00388,2024-03-26,210.33,Electronics
CUST00388,2025-03-19,136.75,Clothing
CUST00388,2024-07-09,57.34,Grocery
CUST00388,2023-12-28,11.12,Travel
CUST00388,2024-05-10,71.27,Electronics
CUST00388,2024-12-25,117.21,Clothing
CUST00388,2023-09-05,24.99,Grocery
CUST00388,2024-11-23,158.09,Dining
CUST00388,2023-01-07,63.97,Grocery
CUST00388,2023-02-22,21.6,Travel
CUST00388,2023-12-07,59.03,Grocery
CUST00388,2024-11-15,141.48,Clothing
CUST00388,2025-03-05,52.19,Travel
CUST00388,2024-11-22,265.25,Grocery
CUST00388,2023-03-27,10.92,Dining
CUST00388,2023-02-15,79.7,Grocery
CUST00388,2024-04-25,152.34,Dining
CUST00388,2024-07-08,119.04,Travel
CUST00388,2023-03-14,99.27,Electronics
CUST00388,2025-04-05,49.73,Electronics
CUST00388,2024-03-21,35.57,Dining
CUST00388,2023-10-24,28.57,Travel
CUST00388,2025-07-19,26.37,Travel
CUST00388,2024-01-23,79.23,Electronics
CUST00388,2025-01-27,58.62,Travel
CUST00388,2023-10-27,135.54,Electronics
CUST00388,2023-08-17,105.82,Travel
CUST00388,2024-04-20,16.06,Electronics
CUST00388,2025-04-13,48.14,Grocery
CUST00388,2025-06-05,242.68,Grocery
CUST00388,2024-01-05,102.53,Clothing
CUST00388,2023-02-03,82.14,Travel
CUST00388,2025-03-18,30.43,Clothing
CUST00388,2023-02-27,65.91,Electronics
CUST00388,2023-09-10,41.01,Clothing
CUST00388,2023-06-24,16.26,Dining
CUST00388,2023-04-02,61.74,Grocery
CUST00388,2023-10-11,47.34,Electronics
CUST00388,2022-12-24,170.27,Travel
CUST00388,2024-10-14,115.48,Grocery
CUST00388,2023-10-31,57.25,Travel
CUST00388,2023-06-19,75.42,Travel
CUST00388,2023-10-23,52.89,Grocery
CUST00388,2024-01-25,54.91,Grocery
CUST00388,2024-05-02,18.29,Electronics
CUST00388,2024-04-10,252.63,Dining
CUST00388,2023-10-29,14.45,Electronics
CUST00388,2024-06-14,33.41,Dining
CUST00388,2023-05-06,28.6,Clothing
CUST00388,2023-05-17,28.4,Travel
CUST00388,2023-11-14,11.13,Clothing
CUST00388,2025-04-19,19.09,Grocery
CUST00388,2023-06-11,58.85,Travel
CUST00388,2023-12-22,37.9,Travel
CUST00388,2025-02-27,73.49,Clothing
CUST00388,2025-04-12,9.74,Clothing
CUST00388,2023-03-17,126.1,Clothing
CUST00388,2025-02-25,22.76,Travel
CUST00388,2023-02-26,47.96,Electronics
CUST00388,2023-08-07,157.11,Dining
CUST00388,2024-06-05,162.66,Electronics
CUST00388,2025-03-28,16.69,Dining
CUST00388,2024-10-29,56.34,Electronics
CUST00388,2025-07-05,35.9,Dining
CUST00388,2025-05-15,46.39,Grocery
CUST00388,2022-12-08,200.04,Dining
CUST00389,2025-01-28,187.18,Electronics
CUST00389,2025-04-26,46.73,Grocery
CUST00389,2025-04-16,34.08,Travel
CUST00389,2024-11-27,82.39,Grocery
CUST00389,2025-05-06,126.34,Travel
CUST00389,2024-12-18,98.9,Electronics
CUST00389,2024-12-07,35.75,Travel
CUST00389,2025-02-25,126.31,Grocery
CUST00389,2025-06-13,32.63,Clothing
CUST00389,2025-04-24,39.14,Clothing
CUST00389,2024-11-11,87.61,Travel
CUST00389,2025-03-15,199.75,Clothing
CUST00389,2025-01-14,24.84,Electronics
CUST00389,2025-04-24,65.07,Dining
CUST00389,2025-04-01,188.0,Clothing
CUST00389,2025-07-26,80.68,Dining
CUST00389,2025-07-27,172.68,Electronics
CUST00389,2025-04-24,21.3,Electronics
CUST00389,2025-01-02,21.83,Electronics
CUST00389,2025-06-11,38.74,Dining
CUST00389,2025-01-31,28.92,Travel
CUST00389,2025-07-20,74.37,Clothing
CUST00389,2025-03-25,17.45,Dining
CUST00389,2024-12-14,118.0,Grocery
CUST00389,2025-03-02,218.36,Clothing
CUST00389,2025-07-06,116.04,Travel
CUST00389,2025-01-07,26.65,Travel
CUST00389,2025-06-26,85.16,Electronics
CUST00389,2025-06-30,45.98,Dining
CUST00389,2025-04-11,52.37,Grocery
CUST00389,2025-06-07,57.88,Electronics
CUST00389,2025-06-26,64.94,Dining
CUST00389,2025-02-08,38.88,Dining
CUST00389,2025-06-19,119.2,Travel
CUST00389,2025-04-02,28.43,Grocery
CUST00389,2025-05-12,47.58,Grocery
CUST00389,2025-02-19,86.9,Grocery
CUST00389,2025-03-21,10.71,Clothing
CUST00389,2025-07-01,147.89,Dining
CUST00389,2025-02-01,85.51,Grocery
CUST00389,2025-07-07,94.13,Electronics
CUST00389,2025-06-12,133.46,Dining
CUST00389,2025-07-25,22.34,Clothing
CUST00389,2025-02-17,156.86,Grocery
CUST00389,2025-06-07,364.8,Dining
CUST00389,2025-03-06,49.24,Electronics
CUST00389,2025-07-15,21.22,Clothing
CUST00389,2024-12-08,17.98,Dining
CUST00389,2025-07-31,60.78,Dining
CUST00389,2025-06-19,23.04,Clothing
CUST00389,2024-11-23,98.63,Grocery
CUST00389,2025-03-30,57.46,Electronics
CUST00389,2025-07-15,5.93,Dining
CUST00389,2025-02-11,43.69,Electronics
CUST00389,2025-05-12,53.02,Travel
CUST00389,2025-03-24,18.57,Electronics
CUST00389,2024-12-24,15.05,Clothing
CUST00389,2025-07-05,89.52,Dining
CUST00389,2025-02-16,85.03,Travel
CUST00389,2025-02-18,59.01,Travel
CUST00389,2025-02-08,60.64,Grocery
CUST00389,2024-11-13,42.88,Dining
CUST00389,2025-06-25,6.8,Electronics
CUST00389,2024-12-05,49.48,Grocery
CUST00389,2025-02-17,43.45,Travel
CUST00389,2024-11-16,50.66,Travel
CUST00389,2025-02-09,33.48,Electronics
CUST00389,2025-05-01,43.66,Travel
CUST00389,2024-11-10,107.31,Travel
CUST00389,2025-06-02,43.54,Electronics
CUST00389,2025-04-09,21.51,Dining
CUST00389,2024-12-07,213.45,Grocery
CUST00389,2024-11-30,7.59,Electronics
CUST00389,2025-04-24,109.97,Clothing
CUST00389,2025-06-14,98.13,Clothing
CUST00389,2024-12-04,90.83,Travel
CUST00389,2025-06-05,117.18,Travel
CUST00389,2024-11-27,37.6,Grocery
CUST00389,2025-04-21,47.82,Electronics
CUST00389,2024-12-21,167.22,Grocery
CUST00389,2024-11-10,110.01,Dining
CUST00389,2025-02-17,81.81,Electronics
CUST00389,2025-04-16,12.82,Clothing
CUST00389,2025-03-11,10.45,Dining
CUST00389,2024-12-04,164.19,Clothing
CUST00389,2025-06-02,62.85,Clothing
CUST00389,2025-04-27,153.05,Clothing
CUST00389,2025-01-04,128.84,Travel
CUST00389,2025-02-14,24.44,Dining
CUST00389,2025-01-25,59.29,Travel
CUST00389,2024-12-10,26.38,Electronics
CUST00389,2025-02-01,77.02,Travel
CUST00389,2024-12-30,21.09,Clothing
CUST00389,2024-11-10,36.79,Dining
CUST00389,2025-05-09,9.19,Dining
CUST00389,2024-11-28,26.65,Clothing
CUST00389,2025-01-21,24.36,Electronics
CUST00389,2025-02-19,51.49,Grocery
CUST00389,2025-06-28,140.64,Dining
CUST00389,2025-03-15,132.65,Clothing
CUST00389,2025-03-31,81.02,Electronics
CUST00390,2024-11-28,98.97,Electronics
CUST00390,2025-03-28,75.04,Dining
CUST00390,2024-10-31,200.81,Grocery
CUST00390,2024-02-23,175.81,Dining
CUST00390,2025-07-20,110.96,Clothing
CUST00390,2024-12-21,21.88,Travel
CUST00390,2025-02-27,31.86,Clothing
CUST00390,2024-03-18,30.21,Travel
CUST00390,2024-05-23,35.75,Travel
CUST00390,2024-11-30,77.92,Grocery
CUST00390,2025-02-21,24.37,Travel
CUST00390,2024-06-21,36.14,Electronics
CUST00390,2024-09-08,107.15,Grocery
CUST00390,2024-05-07,87.58,Dining
CUST00390,2024-04-12,168.73,Dining
CUST00390,2024-07-26,241.35,Electronics
CUST00390,2024-10-01,139.36,Grocery
CUST00390,2025-01-31,33.59,Clothing
CUST00390,2025-06-29,112.28,Travel
CUST00390,2024-10-31,91.0,Grocery
CUST00390,2024-04-20,172.05,Travel
CUST00390,2025-02-21,39.99,Grocery
CUST00390,2024-12-24,169.96,Clothing
CUST00390,2024-09-28,27.29,Clothing
CUST00390,2025-03-11,19.64,Dining
CUST00390,2024-10-04,29.76,Travel
CUST00390,2025-05-12,321.54,Grocery
CUST00390,2025-05-31,120.37,Dining
CUST00390,2024-05-21,26.13,Clothing
CUST00390,2024-05-13,120.13,Dining
CUST00390,2024-07-09,67.96,Dining
CUST00390,2024-05-12,6.91,Dining
CUST00390,2024-11-14,7.9,Electronics
CUST00390,2024-02-24,169.12,Travel
CUST00390,2024-10-02,37.89,Dining
CUST00390,2025-02-14,42.06,Clothing
CUST00390,2024-07-15,9.78,Dining
CUST00390,2025-04-11,79.94,Travel
CUST00390,2025-02-18,25.2,Electronics
CUST00390,2024-04-26,5.93,Dining
CUST00390,2024-10-08,22.36,Grocery
CUST00390,2025-07-02,147.22,Travel
CUST00390,2024-09-27,7.43,Dining
CUST00390,2025-05-07,79.48,Electronics
CUST00390,2024-06-01,35.74,Clothing
CUST00390,2024-06-20,24.14,Travel
CUST00390,2024-07-10,59.52,Grocery
CUST00390,2024-07-16,100.78,Clothing
CUST00390,2025-06-16,202.57,Grocery
CUST00390,2025-02-26,46.9,Travel
CUST00390,2024-03-30,200.62,Travel
CUST00390,2025-03-17,270.55,Dining
CUST00390,2025-03-02,75.46,Electronics
CUST00390,2024-06-09,113.22,Dining
CUST00390,2024-12-29,9.41,Electronics
CUST00390,2024-09-24,51.48,Grocery
CUST00390,2024-11-15,144.63,Travel
CUST00390,2024-05-15,53.09,Grocery
CUST00390,2024-03-18,82.04,Grocery
CUST00390,2024-04-05,17.19,Electronics
CUST00390,2025-01-20,48.43,Dining
CUST00390,2024-08-25,16.12,Clothing
CUST00390,2024-09-08,31.64,Dining
CUST00390,2024-04-02,44.87,Dining
CUST00390,2025-02-27,64.34,Grocery
CUST00390,2024-11-27,71.69,Clothing
CUST00390,2024-03-11,10.09,Travel
CUST00390,2024-04-14,35.01,Clothing
CUST00390,2024-02-24,77.46,Grocery
CUST00390,2024-04-07,46.83,Clothing
CUST00390,2024-11-06,126.49,Clothing
CUST00390,2024-07-27,36.33,Clothing
CUST00390,2024-12-30,235.12,Electronics
CUST00390,2024-06-20,173.24,Dining
CUST00390,2025-03-29,331.7,Grocery
CUST00390,2024-02-18,28.1,Dining
CUST00390,2025-06-26,152.06,Dining
CUST00390,2024-05-07,11.33,Dining
CUST00390,2024-07-01,144.72,Travel
CUST00390,2024-11-20,67.82,Clothing
CUST00390,2025-03-17,59.29,Clothing
CUST00390,2025-01-27,67.51,Electronics
CUST00390,2025-04-02,68.81,Grocery
CUST00390,2024-12-31,126.42,Dining
CUST00390,2025-06-19,33.3,Clothing
CUST00390,2025-01-18,163.95,Dining
CUST00390,2024-06-11,32.93,Electronics
CUST00390,2024-11-11,47.79,Dining
CUST00390,2024-12-18,40.96,Travel
CUST00390,2025-04-25,182.18,Dining
CUST00390,2024-07-06,133.18,Grocery
CUST00390,2024-07-10,150.54,Clothing
CUST00390,2024-06-21,46.14,Clothing
CUST00390,2024-10-10,28.33,Grocery
CUST00390,2025-07-20,34.83,Electronics
CUST00390,2024-03-05,81.22,Grocery
CUST00390,2025-01-04,19.43,Travel
CUST00390,2025-03-09,129.37,Grocery
CUST00390,2025-05-12,33.12,Dining
CUST00390,2025-07-28,14.17,Grocery
CUST00390,2024-10-27,208.61,Travel
CUST00390,2024-06-08,99.03,Electronics
CUST00390,2024-08-09,294.83,Travel
CUST00390,2024-11-17,136.95,Travel
CUST00390,2024-03-30,46.85,Clothing
CUST00390,2025-01-09,119.3,Clothing
CUST00390,2024-12-20,41.25,Dining
CUST00390,2025-04-06,35.78,Clothing
CUST00390,2024-07-28,37.68,Clothing
CUST00390,2024-04-26,16.36,Dining
CUST00390,2025-05-06,83.39,Dining
CUST00390,2025-02-14,101.82,Travel
CUST00390,2025-01-11,176.13,Dining
CUST00391,2024-12-16,21.72,Travel
CUST00391,2023-10-05,16.69,Travel
CUST00391,2024-12-05,103.85,Clothing
CUST00391,2025-02-28,35.85,Grocery
CUST00391,2023-10-19,81.05,Grocery
CUST00391,2023-06-01,64.26,Travel
CUST00391,2024-09-14,5.36,Electronics
CUST00391,2024-03-04,56.93,Clothing
CUST00391,2024-07-05,48.18,Grocery
CUST00391,2023-09-26,30.61,Grocery
CUST00391,2023-04-25,42.34,Electronics
CUST00391,2025-02-07,54.13,Electronics
CUST00391,2024-01-26,163.5,Electronics
CUST00391,2023-09-13,15.38,Grocery
CUST00391,2024-07-24,23.7,Clothing
CUST00391,2023-06-29,20.95,Travel
CUST00391,2024-09-16,161.87,Grocery
CUST00391,2025-03-27,84.08,Grocery
CUST00391,2024-04-08,95.65,Electronics
CUST00391,2024-07-01,78.65,Clothing
CUST00391,2025-03-22,43.69,Electronics
CUST00391,2024-07-10,95.91,Electronics
CUST00391,2025-03-30,151.81,Grocery
CUST00391,2023-08-01,25.41,Electronics
CUST00391,2023-09-18,50.53,Clothing
CUST00391,2024-09-01,23.99,Electronics
CUST00391,2024-04-06,15.45,Grocery
CUST00391,2024-01-30,93.17,Electronics
CUST00391,2024-09-14,138.25,Dining
CUST00391,2023-10-14,20.69,Clothing
CUST00391,2023-10-31,43.86,Electronics
CUST00391,2024-08-31,47.97,Electronics
CUST00391,2024-05-24,73.2,Clothing
CUST00391,2024-07-21,234.72,Travel
CUST00391,2023-09-19,45.18,Electronics
CUST00391,2025-02-20,163.92,Dining
CUST00391,2025-06-25,229.56,Grocery
CUST00391,2023-09-02,178.78,Clothing
CUST00391,2025-01-12,126.39,Grocery
CUST00391,2025-01-13,71.16,Grocery
CUST00391,2023-04-23,18.5,Clothing
CUST00391,2025-03-01,290.78,Grocery
CUST00391,2025-07-03,32.79,Dining
CUST00391,2023-11-29,66.54,Dining
CUST00391,2024-02-18,71.38,Grocery
CUST00391,2023-12-19,83.59,Grocery
CUST00391,2025-01-30,25.88,Clothing
CUST00391,2023-05-01,21.6,Clothing
CUST00391,2025-03-02,108.6,Electronics
CUST00391,2024-12-01,45.05,Clothing
CUST00391,2023-08-03,201.9,Clothing
CUST00391,2025-03-22,185.31,Travel
CUST00391,2024-06-01,108.68,Grocery
CUST00391,2024-03-11,13.12,Clothing
CUST00391,2025-04-17,50.17,Electronics
CUST00391,2023-12-12,22.86,Clothing
CUST00391,2023-09-26,38.74,Clothing
CUST00391,2024-07-22,51.97,Travel
CUST00391,2024-06-14,16.98,Grocery
CUST00391,2024-11-28,57.8,Electronics
CUST00391,2024-08-23,20.31,Clothing
CUST00391,2023-08-17,9.97,Travel
CUST00391,2025-02-01,27.89,Dining
CUST00391,2025-05-27,10.72,Travel
CUST00391,2025-06-26,127.93,Travel
CUST00391,2025-06-26,147.35,Dining
CUST00391,2024-11-01,12.05,Travel
CUST00391,2024-03-24,81.05,Clothing
CUST00391,2023-12-15,12.67,Electronics
CUST00391,2024-09-14,11.78,Electronics
CUST00391,2025-04-16,50.4,Clothing
CUST00391,2024-09-20,75.33,Dining
CUST00391,2024-12-21,114.61,Travel
CUST00391,2023-11-05,31.74,Travel
CUST00391,2024-02-27,8.3,Grocery
CUST00391,2024-02-19,15.34,Grocery
CUST00391,2024-09-27,53.08,Travel
CUST00392,2022-06-18,22.86,Clothing
CUST00392,2022-09-05,256.71,Clothing
CUST00392,2025-07-17,39.01,Grocery
CUST00392,2025-03-25,74.15,Clothing
CUST00392,2024-10-20,70.11,Dining
CUST00392,2021-12-08,115.75,Electronics
CUST00392,2023-07-10,20.72,Dining
CUST00392,2021-12-22,82.5,Grocery
CUST00392,2024-11-13,50.4,Dining
CUST00392,2023-01-30,30.84,Clothing
CUST00392,2023-12-09,8.18,Dining
CUST00392,2023-06-14,47.6,Travel
CUST00392,2024-09-24,99.04,Travel
CUST00392,2025-05-15,69.1,Grocery
CUST00392,2024-04-12,78.49,Travel
CUST00392,2024-09-08,39.96,Clothing
CUST00392,2025-02-21,239.09,Clothing
CUST00392,2023-03-03,129.04,Grocery
CUST00392,2024-08-05,175.06,Travel
CUST00392,2025-05-10,137.73,Electronics
CUST00392,2023-01-31,136.29,Clothing
CUST00392,2023-12-01,33.46,Grocery
CUST00392,2024-08-07,530.88,Grocery
CUST00392,2023-11-28,74.5,Travel
CUST00392,2024-04-25,35.31,Clothing
CUST00392,2025-07-15,101.9,Grocery
CUST00392,2022-01-09,57.09,Clothing
CUST00392,2023-10-19,13.09,Electronics
CUST00392,2023-12-24,57.33,Grocery
CUST00392,2024-05-14,231.05,Dining
CUST00392,2024-06-02,113.17,Grocery
CUST00392,2025-07-17,78.69,Electronics
CUST00392,2022-08-24,78.03,Electronics
CUST00392,2023-02-12,6.41,Clothing
CUST00392,2025-01-10,140.59,Clothing
CUST00392,2025-06-17,96.65,Clothing
CUST00392,2023-02-14,86.73,Electronics
CUST00392,2024-06-24,63.28,Clothing
CUST00392,2024-07-20,30.45,Clothing
CUST00392,2024-06-25,186.79,Grocery
CUST00392,2022-04-22,76.56,Dining
CUST00392,2024-01-05,36.6,Electronics
CUST00392,2022-12-27,36.11,Travel
CUST00392,2023-05-09,76.69,Electronics
CUST00392,2022-08-01,106.17,Electronics
CUST00392,2025-06-21,82.02,Electronics
CUST00392,2023-11-26,77.27,Electronics
CUST00392,2022-05-22,47.98,Clothing
CUST00392,2024-05-12,218.24,Dining
CUST00392,2023-02-11,176.35,Electronics
CUST00392,2023-01-08,85.19,Dining
CUST00392,2024-03-11,62.5,Travel
CUST00392,2025-05-10,159.46,Dining
CUST00392,2025-06-10,155.85,Clothing
CUST00392,2022-08-15,56.87,Clothing
CUST00392,2022-03-04,25.06,Electronics
CUST00392,2025-07-26,35.55,Electronics
CUST00392,2024-07-08,66.0,Grocery
CUST00392,2022-01-18,6.55,Clothing
CUST00392,2024-10-04,73.11,Electronics
CUST00392,2023-11-17,72.65,Electronics
CUST00392,2024-04-01,32.77,Clothing
CUST00392,2022-12-26,38.22,Clothing
CUST00392,2025-01-01,143.21,Electronics
CUST00392,2024-07-03,104.22,Clothing
CUST00392,2025-07-26,82.57,Grocery
CUST00392,2024-04-27,35.31,Travel
CUST00392,2025-01-04,95.64,Travel
CUST00392,2023-12-12,119.76,Dining
CUST00392,2024-01-07,28.05,Grocery
CUST00392,2024-03-26,37.56,Grocery
CUST00392,2025-07-22,18.18,Electronics
CUST00392,2023-08-10,64.08,Electronics
CUST00392,2025-04-30,40.58,Grocery
CUST00392,2022-04-27,255.42,Travel
CUST00392,2023-01-29,6.92,Electronics
CUST00392,2022-05-17,199.61,Dining
CUST00392,2025-05-21,39.2,Travel
CUST00392,2024-11-18,79.6,Clothing
CUST00392,2024-10-03,120.69,Travel
CUST00392,2024-09-03,13.21,Dining
CUST00392,2025-06-09,114.85,Grocery
CUST00392,2023-05-25,24.63,Electronics
CUST00392,2023-12-25,147.78,Clothing
CUST00392,2024-11-29,67.79,Electronics
CUST00392,2021-12-15,143.05,Travel
CUST00392,2025-06-30,55.95,Travel
CUST00392,2025-05-02,141.1,Clothing
CUST00392,2022-12-11,73.97,Electronics
CUST00392,2023-09-04,50.36,Clothing
CUST00392,2023-10-04,61.97,Electronics
CUST00392,2022-10-14,14.19,Electronics
CUST00392,2025-07-08,306.56,Clothing
CUST00392,2023-05-15,37.66,Travel
CUST00392,2022-09-13,116.0,Travel
CUST00392,2024-11-23,41.35,Dining
CUST00392,2023-03-31,68.98,Grocery
CUST00392,2023-01-10,27.05,Travel
CUST00392,2024-02-26,21.92,Clothing
CUST00392,2023-11-17,267.51,Travel
CUST00392,2023-05-24,8.99,Dining
CUST00392,2023-08-20,8.45,Clothing
CUST00392,2022-02-21,64.05,Electronics
CUST00392,2023-12-27,46.73,Dining
CUST00392,2022-12-16,60.24,Grocery
CUST00392,2023-06-27,65.36,Travel
CUST00392,2022-01-24,85.09,Grocery
CUST00392,2024-02-19,196.67,Electronics
CUST00393,2024-01-07,34.93,Travel
CUST00393,2023-09-24,7.64,Grocery
CUST00393,2024-08-14,184.13,Clothing
CUST00393,2025-02-24,27.84,Clothing
CUST00393,2024-01-11,88.4,Travel
CUST00393,2023-03-29,56.72,Travel
CUST00393,2024-11-18,21.56,Clothing
CUST00393,2023-05-23,104.16,Grocery
CUST00393,2023-03-08,232.09,Grocery
CUST00393,2024-10-12,175.2,Dining
CUST00393,2024-10-27,23.74,Clothing
CUST00393,2024-01-13,159.35,Dining
CUST00393,2024-06-24,93.26,Electronics
CUST00393,2024-01-12,64.43,Travel
CUST00393,2024-10-30,29.7,Grocery
CUST00393,2023-10-31,14.23,Grocery
CUST00393,2025-03-22,80.32,Dining
CUST00393,2023-12-17,107.25,Travel
CUST00393,2025-03-02,7.29,Travel
CUST00393,2025-04-14,170.03,Grocery
CUST00393,2024-04-25,75.9,Clothing
CUST00393,2023-07-30,54.98,Travel
CUST00393,2023-08-19,125.27,Electronics
CUST00393,2023-05-02,43.75,Grocery
CUST00393,2025-04-04,70.09,Clothing
CUST00393,2023-11-07,237.89,Electronics
CUST00393,2025-03-04,47.23,Clothing
CUST00393,2023-01-28,142.32,Travel
CUST00393,2023-09-07,35.33,Grocery
CUST00393,2022-11-30,58.53,Electronics
CUST00393,2024-03-03,47.54,Travel
CUST00393,2023-11-01,204.67,Travel
CUST00393,2023-07-29,44.88,Grocery
CUST00393,2023-05-13,37.89,Dining
CUST00393,2023-07-21,78.1,Clothing
CUST00393,2024-08-15,86.2,Clothing
CUST00393,2023-02-01,11.29,Electronics
CUST00393,2023-11-29,97.22,Travel
CUST00393,2024-12-11,78.63,Clothing
CUST00393,2025-07-28,35.07,Electronics
CUST00393,2025-05-13,18.21,Clothing
CUST00393,2024-03-21,36.8,Travel
CUST00393,2023-04-13,11.69,Dining
CUST00393,2024-06-18,79.82,Clothing
CUST00393,2024-11-01,142.06,Clothing
CUST00393,2024-11-24,13.92,Grocery
CUST00393,2025-05-20,15.35,Clothing
CUST00393,2023-11-15,65.62,Travel
CUST00393,2022-11-20,59.27,Travel
CUST00393,2024-04-11,25.11,Electronics
CUST00393,2023-07-25,329.28,Clothing
CUST00393,2024-02-03,9.4,Grocery
CUST00393,2023-01-17,57.07,Grocery
CUST00393,2022-12-06,25.43,Clothing
CUST00393,2025-01-10,9.12,Travel
CUST00393,2025-06-30,15.46,Clothing
CUST00393,2024-11-29,268.87,Grocery
CUST00393,2024-04-28,25.78,Travel
CUST00393,2023-06-15,59.17,Electronics
CUST00393,2023-05-17,44.33,Electronics
CUST00393,2024-12-19,119.39,Clothing
CUST00393,2024-12-18,74.09,Electronics
CUST00393,2024-02-23,77.93,Clothing
CUST00393,2024-08-22,48.8,Travel
CUST00393,2024-12-21,106.92,Grocery
CUST00393,2023-09-23,22.44,Dining
CUST00393,2023-04-18,19.58,Dining
CUST00393,2024-03-29,11.44,Dining
CUST00393,2025-03-14,30.1,Travel
CUST00393,2023-06-23,23.76,Electronics
CUST00393,2024-10-11,82.6,Grocery
CUST00393,2023-12-23,180.59,Grocery
CUST00393,2023-05-20,113.31,Clothing
CUST00393,2025-07-30,16.08,Electronics
CUST00393,2024-10-17,62.72,Grocery
CUST00393,2024-06-09,37.02,Clothing
CUST00393,2023-11-14,17.82,Grocery
CUST00393,2023-09-30,150.13,Grocery
CUST00393,2023-03-05,117.84,Clothing
CUST00393,2023-09-25,97.92,Travel
CUST00393,2024-12-23,95.26,Grocery
CUST00393,2022-11-17,32.47,Clothing
CUST00393,2024-10-03,52.18,Grocery
CUST00393,2024-02-01,35.93,Electronics
CUST00393,2023-04-25,109.77,Travel
CUST00393,2024-07-22,36.11,Clothing
CUST00393,2024-09-29,150.4,Clothing
CUST00393,2024-01-07,161.75,Electronics
CUST00393,2025-02-19,9.69,Electronics
CUST00393,2025-03-08,103.52,Travel
CUST00393,2024-06-14,20.38,Electronics
CUST00393,2024-05-22,90.17,Travel
CUST00393,2023-01-08,32.11,Grocery
CUST00393,2024-06-18,25.37,Grocery
CUST00393,2025-05-06,213.45,Grocery
CUST00393,2024-05-26,53.93,Clothing
CUST00393,2023-02-27,32.78,Dining
CUST00393,2023-10-06,192.59,Dining
CUST00393,2025-05-24,267.96,Grocery
CUST00393,2025-08-01,156.51,Travel
CUST00393,2025-07-29,5.55,Grocery
CUST00393,2025-02-06,69.3,Dining
CUST00393,2024-10-28,49.63,Dining
CUST00393,2025-04-25,122.12,Grocery
CUST00393,2022-12-06,33.15,Grocery
CUST00393,2024-09-13,69.75,Travel
CUST00393,2024-07-27,17.97,Dining
CUST00393,2024-01-26,81.67,Clothing
CUST00393,2024-04-14,19.14,Travel
CUST00393,2024-06-20,175.98,Dining
CUST00393,2025-06-19,245.78,Travel
CUST00393,2024-04-25,23.36,Clothing
CUST00393,2023-08-01,23.98,Clothing
CUST00393,2025-03-23,357.3,Grocery
CUST00393,2025-04-11,60.12,Clothing
CUST00393,2023-05-20,41.27,Electronics
CUST00393,2024-01-12,284.56,Dining
CUST00393,2025-02-06,15.33,Clothing
CUST00393,2023-01-24,23.61,Electronics
CUST00393,2025-02-10,177.75,Dining
CUST00393,2022-11-12,83.36,Clothing
CUST00393,2023-05-27,95.02,Grocery
CUST00393,2023-04-13,146.75,Dining
CUST00393,2023-01-29,203.03,Travel
CUST00393,2024-07-07,23.33,Grocery
CUST00393,2024-11-06,35.82,Clothing
CUST00393,2023-01-04,97.85,Clothing
CUST00393,2024-07-24,139.31,Travel
CUST00393,2024-10-02,40.88,Clothing
CUST00393,2023-05-19,36.56,Grocery
CUST00394,2024-04-17,117.77,Electronics
CUST00394,2024-09-23,224.8,Dining
CUST00394,2024-11-13,25.6,Electronics
CUST00394,2023-09-29,204.69,Travel
CUST00394,2023-12-25,21.79,Electronics
CUST00394,2024-04-18,50.89,Travel
CUST00394,2023-10-09,108.99,Grocery
CUST00394,2024-10-03,115.8,Electronics
CUST00394,2024-06-18,147.61,Travel
CUST00394,2023-11-17,94.5,Clothing
CUST00394,2024-02-09,58.35,Dining
CUST00394,2024-03-24,97.85,Electronics
CUST00394,2023-11-14,23.52,Clothing
CUST00394,2024-03-13,79.95,Electronics
CUST00394,2024-05-12,23.2,Grocery
CUST00394,2024-11-01,170.87,Travel
CUST00394,2024-05-04,71.92,Clothing
CUST00394,2023-10-18,65.1,Grocery
CUST00394,2024-10-24,53.92,Electronics
CUST00394,2024-01-27,136.68,Electronics
CUST00394,2023-10-15,16.64,Dining
CUST00394,2023-10-02,9.85,Travel
CUST00394,2023-12-12,47.28,Grocery
CUST00394,2023-11-21,334.5,Travel
CUST00394,2023-08-31,200.34,Electronics
CUST00394,2023-09-28,19.52,Electronics
CUST00394,2024-04-22,83.04,Grocery
CUST00394,2025-02-08,255.89,Clothing
CUST00394,2025-07-29,61.89,Grocery
CUST00394,2023-12-24,8.15,Dining
CUST00394,2025-05-27,127.73,Travel
CUST00394,2025-02-08,31.88,Travel
CUST00394,2024-11-16,32.17,Electronics
CUST00394,2024-10-23,168.4,Clothing
CUST00394,2024-05-09,69.69,Dining
CUST00394,2023-08-11,477.74,Travel
CUST00394,2024-05-02,49.79,Electronics
CUST00394,2025-01-10,51.59,Dining
CUST00394,2025-01-19,78.93,Electronics
CUST00394,2023-12-27,128.59,Travel
CUST00394,2025-05-29,18.93,Travel
CUST00394,2024-08-16,23.48,Grocery
CUST00394,2024-07-03,74.44,Electronics
CUST00394,2024-11-09,185.89,Grocery
CUST00394,2023-10-09,46.23,Clothing
CUST00394,2023-07-27,35.97,Clothing
CUST00394,2025-07-04,90.95,Clothing
CUST00394,2023-09-22,39.95,Dining
CUST00394,2024-01-05,46.22,Clothing
CUST00394,2023-09-08,23.57,Travel
CUST00394,2024-10-06,24.84,Grocery
CUST00394,2023-09-25,20.99,Travel
CUST00394,2024-12-04,66.99,Travel
CUST00394,2025-01-28,34.99,Dining
CUST00394,2024-12-06,32.21,Grocery
CUST00394,2024-05-02,54.37,Dining
CUST00394,2025-04-26,10.94,Grocery
CUST00394,2023-11-05,120.76,Clothing
CUST00394,2024-11-23,11.84,Travel
CUST00394,2025-01-25,185.24,Clothing
CUST00394,2024-08-28,57.12,Electronics
CUST00394,2024-02-20,6.44,Dining
CUST00394,2025-07-02,43.83,Grocery
CUST00394,2024-07-02,60.91,Clothing
CUST00394,2024-09-12,114.93,Dining
CUST00394,2023-09-12,11.2,Grocery
CUST00394,2024-05-25,9.63,Dining
CUST00394,2023-08-04,46.75,Electronics
CUST00394,2025-01-10,72.93,Grocery
CUST00394,2024-06-23,27.1,Clothing
CUST00394,2024-05-07,76.05,Electronics
CUST00394,2025-02-16,23.4,Grocery
CUST00394,2025-06-29,110.94,Dining
CUST00394,2023-12-24,6.49,Travel
CUST00394,2024-12-02,172.46,Travel
CUST00394,2023-11-12,280.33,Travel
CUST00394,2025-01-02,42.97,Dining
CUST00394,2024-10-05,13.81,Travel
CUST00394,2023-12-31,65.56,Electronics
CUST00394,2024-08-14,24.82,Dining
CUST00394,2024-04-19,27.17,Grocery
CUST00394,2025-05-12,7.8,Dining
CUST00394,2024-05-01,240.26,Grocery
CUST00394,2023-12-11,120.42,Travel
CUST00394,2023-12-05,278.04,Travel
CUST00394,2024-11-26,16.91,Travel
CUST00394,2024-07-11,11.15,Grocery
CUST00394,2024-04-09,65.64,Dining
CUST00394,2023-08-10,25.65,Dining
CUST00394,2024-02-28,5.11,Dining
CUST00394,2025-03-19,52.19,Electronics
CUST00394,2025-02-07,291.35,Clothing
CUST00394,2023-07-18,46.43,Clothing
CUST00394,2024-07-25,100.94,Travel
CUST00394,2024-10-13,59.91,Clothing
CUST00394,2025-04-07,6.53,Dining
CUST00394,2024-09-28,48.44,Dining
CUST00394,2023-11-21,126.41,Clothing
CUST00394,2023-12-14,36.75,Clothing
CUST00394,2025-02-18,265.02,Grocery
CUST00394,2025-03-30,313.71,Clothing
CUST00394,2025-05-16,66.04,Travel
CUST00394,2024-03-16,100.48,Clothing
CUST00394,2024-03-10,24.78,Grocery
CUST00395,2025-07-23,73.94,Clothing
CUST00395,2025-06-23,50.06,Electronics
CUST00395,2025-06-05,151.58,Clothing
CUST00395,2025-05-25,72.59,Dining
CUST00395,2025-07-31,68.48,Dining
CUST00395,2025-05-16,673.92,Clothing
CUST00395,2025-04-13,10.07,Electronics
CUST00395,2025-06-16,57.68,Electronics
CUST00395,2025-07-12,26.56,Clothing
CUST00395,2025-05-14,123.63,Grocery
CUST00395,2025-07-17,24.35,Electronics
CUST00395,2025-05-26,21.14,Dining
CUST00395,2025-04-13,51.02,Electronics
CUST00395,2025-05-07,26.24,Travel
CUST00395,2025-06-25,164.72,Dining
CUST00395,2025-06-01,310.54,Dining
CUST00395,2025-07-08,198.36,Clothing
CUST00395,2025-06-05,83.75,Electronics
CUST00395,2025-06-09,24.84,Travel
CUST00395,2025-05-14,26.62,Clothing
CUST00395,2025-07-13,33.39,Travel
CUST00395,2025-06-17,13.39,Grocery
CUST00395,2025-05-22,6.01,Clothing
CUST00395,2025-06-28,56.91,Dining
CUST00395,2025-06-17,61.56,Travel
CUST00395,2025-07-04,128.72,Clothing
CUST00395,2025-05-21,5.44,Grocery
CUST00395,2025-07-04,18.23,Travel
CUST00395,2025-07-04,18.02,Electronics
CUST00395,2025-05-22,68.11,Travel
CUST00395,2025-05-12,65.23,Electronics
CUST00395,2025-05-21,17.64,Grocery
CUST00395,2025-06-17,197.38,Electronics
CUST00395,2025-07-24,49.3,Electronics
CUST00395,2025-04-10,236.04,Grocery
CUST00395,2025-07-17,187.78,Dining
CUST00395,2025-06-28,96.24,Travel
CUST00395,2025-05-16,8.72,Clothing
CUST00395,2025-06-17,72.03,Dining
CUST00395,2025-07-15,248.66,Dining
CUST00395,2025-05-31,11.46,Clothing
CUST00395,2025-06-16,7.28,Clothing
CUST00395,2025-06-27,162.12,Clothing
CUST00395,2025-07-28,31.69,Travel
CUST00395,2025-06-25,39.19,Clothing
CUST00395,2025-07-11,120.7,Clothing
CUST00395,2025-05-24,15.76,Dining
CUST00395,2025-06-02,125.54,Clothing
CUST00395,2025-06-27,296.69,Electronics
CUST00395,2025-04-06,69.63,Dining
CUST00395,2025-05-03,37.92,Travel
CUST00395,2025-05-14,7.45,Travel
CUST00395,2025-05-02,17.22,Grocery
CUST00395,2025-05-23,9.45,Electronics
CUST00395,2025-04-22,105.48,Travel
CUST00395,2025-07-15,79.12,Travel
CUST00395,2025-06-21,67.12,Travel
CUST00395,2025-06-11,57.91,Dining
CUST00395,2025-06-14,8.47,Travel
CUST00395,2025-07-02,224.44,Electronics
CUST00395,2025-07-17,70.02,Clothing
CUST00395,2025-06-28,98.05,Clothing
CUST00395,2025-06-07,16.04,Clothing
CUST00395,2025-04-15,29.31,Dining
CUST00395,2025-04-12,11.26,Electronics
CUST00395,2025-04-10,50.47,Dining
CUST00395,2025-05-02,12.65,Clothing
CUST00395,2025-05-24,6.54,Dining
CUST00395,2025-06-02,105.17,Electronics
CUST00395,2025-06-16,23.89,Dining
CUST00395,2025-05-03,126.94,Clothing
CUST00395,2025-04-29,109.56,Clothing
CUST00395,2025-06-29,81.78,Travel
CUST00395,2025-05-01,125.06,Travel
CUST00395,2025-07-24,103.81,Dining
CUST00395,2025-05-19,10.17,Grocery
CUST00395,2025-05-21,61.21,Travel
CUST00395,2025-07-11,48.51,Dining
CUST00395,2025-06-10,55.29,Clothing
CUST00395,2025-06-15,38.65,Dining
CUST00395,2025-06-18,151.37,Grocery
CUST00395,2025-06-05,5.92,Grocery
CUST00395,2025-04-13,40.4,Travel
CUST00395,2025-06-17,119.16,Travel
CUST00395,2025-04-06,141.72,Clothing
CUST00395,2025-07-18,81.95,Clothing
CUST00395,2025-06-11,20.28,Electronics
CUST00395,2025-05-09,66.22,Travel
CUST00395,2025-07-15,22.9,Travel
CUST00395,2025-05-31,107.27,Electronics
CUST00395,2025-05-02,447.05,Clothing
CUST00395,2025-05-31,9.87,Clothing
CUST00395,2025-06-30,39.51,Travel
CUST00395,2025-05-13,46.01,Grocery
CUST00395,2025-04-20,70.5,Travel
CUST00395,2025-06-30,45.46,Clothing
CUST00395,2025-04-22,67.11,Travel
CUST00395,2025-04-29,61.73,Travel
CUST00395,2025-08-01,55.4,Grocery
CUST00395,2025-07-14,96.54,Dining
CUST00395,2025-07-18,77.66,Clothing
CUST00395,2025-07-25,6.35,Grocery
CUST00395,2025-06-20,87.77,Grocery
CUST00395,2025-07-31,10.33,Dining
CUST00396,2025-03-03,32.27,Electronics
CUST00396,2025-06-23,166.49,Electronics
CUST00396,2025-01-29,111.19,Electronics
CUST00396,2024-09-05,48.4,Clothing
CUST00396,2024-09-01,19.72,Dining
CUST00396,2025-07-16,61.61,Electronics
CUST00396,2024-08-12,63.07,Electronics
CUST00396,2025-04-06,54.75,Electronics
CUST00396,2025-06-25,23.03,Electronics
CUST00396,2024-12-30,33.61,Electronics
CUST00396,2024-08-25,60.85,Dining
CUST00396,2025-02-14,62.32,Grocery
CUST00396,2024-04-21,210.17,Travel
CUST00396,2024-05-09,112.68,Grocery
CUST00396,2024-05-29,99.34,Electronics
CUST00396,2025-01-01,358.59,Electronics
CUST00396,2025-04-29,26.8,Clothing
CUST00396,2025-07-02,111.46,Electronics
CUST00396,2025-01-01,290.74,Grocery
CUST00396,2024-03-20,330.24,Electronics
CUST00396,2024-12-06,185.36,Travel
CUST00396,2024-12-19,25.51,Electronics
CUST00396,2025-06-06,30.46,Grocery
CUST00396,2024-08-04,133.69,Travel
CUST00396,2024-06-13,19.72,Dining
CUST00396,2025-01-11,36.4,Electronics
CUST00396,2024-05-20,149.6,Grocery
CUST00396,2024-06-16,31.87,Dining
CUST00396,2024-11-21,275.16,Electronics
CUST00396,2025-06-22,63.1,Electronics
CUST00396,2024-10-02,6.9,Grocery
CUST00396,2025-03-24,28.0,Clothing
CUST00396,2024-03-15,75.26,Electronics
CUST00396,2024-09-26,212.37,Dining
CUST00396,2025-03-06,31.83,Clothing
CUST00396,2024-04-03,226.1,Electronics
CUST00396,2024-05-31,48.24,Travel
CUST00396,2024-05-12,126.45,Dining
CUST00396,2025-04-08,120.27,Grocery
CUST00396,2024-06-17,143.47,Electronics
CUST00396,2025-01-27,113.82,Dining
CUST00396,2025-07-07,59.07,Grocery
CUST00396,2024-04-07,35.36,Clothing
CUST00396,2025-06-10,33.33,Clothing
CUST00396,2024-09-26,72.63,Travel
CUST00396,2024-03-16,77.59,Dining
CUST00396,2025-07-15,164.29,Electronics
CUST00396,2024-12-21,213.52,Dining
CUST00396,2024-12-12,19.49,Clothing
CUST00396,2025-07-17,24.81,Grocery
CUST00396,2025-05-01,12.19,Electronics
CUST00396,2024-05-17,98.41,Grocery
CUST00396,2024-08-11,22.06,Electronics
CUST00396,2024-11-25,7.72,Travel
CUST00396,2024-04-18,23.14,Travel
CUST00396,2025-02-22,150.83,Electronics
CUST00396,2024-07-28,34.67,Travel
CUST00396,2025-06-24,80.13,Dining
CUST00396,2024-03-23,155.53,Clothing
CUST00396,2024-03-29,23.71,Travel
CUST00396,2025-06-27,29.62,Dining
CUST00396,2025-07-30,102.71,Grocery
CUST00396,2024-08-05,7.02,Clothing
CUST00396,2024-05-03,163.24,Travel
CUST00396,2025-03-25,267.34,Clothing
CUST00396,2024-03-15,6.32,Electronics
CUST00396,2024-05-19,28.66,Travel
CUST00396,2024-06-17,142.65,Travel
CUST00396,2024-12-13,27.65,Clothing
CUST00396,2024-03-08,88.93,Clothing
CUST00396,2025-03-15,7.7,Clothing
CUST00396,2025-04-13,24.97,Clothing
CUST00396,2024-12-04,150.3,Grocery
CUST00396,2025-02-27,67.81,Dining
CUST00396,2024-07-10,58.56,Dining
CUST00396,2024-10-15,212.24,Grocery
CUST00396,2024-07-07,70.18,Electronics
CUST00396,2025-05-16,192.88,Dining
CUST00396,2024-09-30,209.36,Electronics
CUST00396,2024-09-03,5.02,Grocery
CUST00396,2024-12-01,20.04,Clothing
CUST00396,2024-11-09,9.99,Dining
CUST00396,2025-03-04,12.39,Clothing
CUST00396,2025-05-18,28.84,Clothing
CUST00396,2024-03-11,75.47,Dining
CUST00396,2025-02-27,217.5,Travel
CUST00396,2024-03-12,20.14,Travel
CUST00396,2025-07-28,302.85,Travel
CUST00396,2025-03-18,9.39,Travel
CUST00396,2025-05-12,86.6,Dining
CUST00396,2024-11-15,34.19,Electronics
CUST00396,2024-09-05,19.93,Clothing
CUST00396,2024-05-27,168.45,Grocery
CUST00396,2024-08-05,68.76,Travel
CUST00396,2025-07-21,18.72,Travel
CUST00396,2024-08-29,50.74,Dining
CUST00396,2024-06-22,61.25,Dining
CUST00396,2025-04-20,29.53,Travel
CUST00396,2024-06-08,127.1,Grocery
CUST00396,2024-03-17,99.18,Grocery
CUST00396,2025-03-14,76.27,Travel
CUST00396,2025-03-16,179.14,Grocery
CUST00396,2024-12-17,32.91,Clothing
CUST00396,2024-12-26,26.75,Grocery
CUST00396,2025-06-22,66.77,Dining
CUST00396,2025-04-27,81.15,Travel
CUST00396,2024-06-17,45.13,Travel
CUST00396,2024-03-09,101.53,Dining
CUST00397,2025-03-20,18.46,Dining
CUST00397,2023-08-18,66.82,Travel
CUST00397,2024-08-20,14.7,Travel
CUST00397,2025-06-09,65.44,Electronics
CUST00397,2025-03-19,62.11,Clothing
CUST00397,2024-03-12,110.91,Clothing
CUST00397,2023-12-22,24.52,Grocery
CUST00397,2023-06-11,16.13,Electronics
CUST00397,2023-10-01,190.01,Travel
CUST00397,2025-04-17,290.99,Clothing
CUST00397,2023-08-31,288.43,Travel
CUST00397,2024-03-03,38.66,Travel
CUST00397,2023-07-18,101.25,Clothing
CUST00397,2024-08-10,12.48,Electronics
CUST00397,2025-01-30,108.78,Dining
CUST00397,2024-12-23,126.49,Clothing
CUST00397,2024-05-28,29.17,Travel
CUST00397,2024-03-09,22.11,Clothing
CUST00397,2023-11-20,91.35,Travel
CUST00397,2025-03-08,82.34,Grocery
CUST00397,2024-02-23,45.69,Dining
CUST00397,2024-09-27,66.91,Grocery
CUST00397,2023-08-23,93.22,Grocery
CUST00397,2025-01-22,40.05,Travel
CUST00397,2024-08-13,127.07,Clothing
CUST00397,2025-07-08,62.68,Electronics
CUST00397,2024-07-26,126.01,Dining
CUST00397,2024-06-07,110.81,Grocery
CUST00397,2024-03-01,5.49,Grocery
CUST00397,2025-03-21,13.31,Clothing
CUST00397,2025-05-15,281.97,Travel
CUST00397,2025-01-16,73.6,Electronics
CUST00397,2025-02-15,26.63,Travel
CUST00397,2024-03-05,214.16,Clothing
CUST00397,2024-02-10,238.73,Electronics
CUST00397,2023-12-30,138.22,Travel
CUST00397,2023-08-23,46.72,Electronics
CUST00397,2023-07-02,45.6,Grocery
CUST00397,2024-06-02,124.11,Clothing
CUST00397,2024-06-04,16.49,Grocery
CUST00397,2025-03-18,89.54,Electronics
CUST00397,2025-04-30,116.56,Travel
CUST00397,2024-10-31,63.35,Dining
CUST00397,2024-11-13,53.32,Travel
CUST00397,2023-12-16,14.87,Clothing
CUST00397,2023-12-25,84.8,Electronics
CUST00397,2025-03-04,40.7,Dining
CUST00397,2023-11-25,8.53,Travel
CUST00397,2025-06-29,103.86,Grocery
CUST00397,2024-01-21,47.19,Dining
CUST00397,2025-06-20,26.1,Travel
CUST00397,2025-04-14,57.8,Clothing
CUST00397,2025-03-10,13.04,Dining
CUST00397,2023-09-30,228.24,Dining
CUST00397,2024-03-28,43.15,Clothing
CUST00397,2023-07-19,30.48,Travel
CUST00397,2024-11-16,91.95,Dining
CUST00397,2024-02-02,129.73,Dining
CUST00397,2025-04-16,50.69,Electronics
CUST00397,2023-08-15,132.84,Grocery
CUST00397,2025-04-03,26.54,Electronics
CUST00397,2024-10-25,26.69,Clothing
CUST00397,2024-03-13,61.53,Grocery
CUST00397,2023-08-25,8.32,Dining
CUST00397,2023-07-29,9.72,Dining
CUST00397,2024-07-28,172.77,Travel
CUST00397,2023-08-08,15.01,Grocery
CUST00397,2023-07-14,74.81,Dining
CUST00397,2023-12-07,45.52,Dining
CUST00397,2024-01-13,64.13,Travel
CUST00397,2024-01-11,59.71,Grocery
CUST00397,2024-07-14,16.15,Dining
CUST00397,2023-12-05,67.06,Travel
CUST00397,2024-02-05,208.46,Clothing
CUST00397,2023-09-10,98.64,Travel
CUST00397,2024-10-08,70.65,Electronics
CUST00397,2023-07-17,17.61,Clothing
CUST00397,2023-07-04,34.58,Grocery
CUST00397,2025-04-26,84.8,Travel
CUST00397,2024-06-16,13.83,Dining
CUST00397,2025-07-22,117.35,Dining
CUST00397,2024-12-17,98.13,Dining
CUST00397,2024-05-18,51.88,Dining
CUST00397,2024-09-20,5.46,Electronics
CUST00397,2023-12-24,149.83,Electronics
CUST00397,2024-06-28,193.35,Clothing
CUST00397,2025-01-23,125.04,Travel
CUST00397,2025-02-12,67.57,Travel
CUST00397,2023-11-02,60.52,Grocery
CUST00397,2025-02-14,102.31,Grocery
CUST00397,2024-09-15,191.78,Grocery
CUST00397,2025-03-17,188.08,Clothing
CUST00397,2025-06-07,13.11,Dining
CUST00397,2025-04-24,50.47,Grocery
CUST00397,2023-12-04,19.79,Clothing
CUST00397,2024-12-21,21.62,Travel
CUST00397,2024-10-31,14.22,Electronics
CUST00397,2024-11-17,52.89,Dining
CUST00397,2024-01-18,371.26,Dining
CUST00397,2024-02-09,63.05,Grocery
CUST00397,2024-10-20,68.87,Electronics
CUST00397,2025-07-05,92.41,Travel
CUST00397,2024-04-21,51.07,Electronics
CUST00397,2024-05-28,132.28,Travel
CUST00397,2023-07-04,42.85,Dining
CUST00397,2024-07-26,73.74,Grocery
CUST00397,2024-09-12,15.84,Clothing
CUST00397,2024-04-05,125.66,Travel
CUST00397,2024-03-03,101.96,Dining
CUST00397,2025-06-10,78.14,Dining
CUST00397,2024-11-17,62.8,Travel
CUST00397,2024-01-21,48.31,Dining
CUST00397,2025-05-26,77.34,Dining
CUST00397,2024-10-21,130.46,Electronics
CUST00397,2024-08-10,126.31,Electronics
CUST00397,2023-09-11,16.81,Clothing
CUST00398,2025-07-28,133.82,Clothing
CUST00398,2024-07-04,63.37,Electronics
CUST00398,2024-11-25,42.12,Clothing
CUST00398,2025-07-08,12.3,Clothing
CUST00398,2025-06-23,28.59,Travel
CUST00398,2022-12-30,138.04,Dining
CUST00398,2023-06-22,34.0,Dining
CUST00398,2024-07-02,35.67,Grocery
CUST00398,2024-11-28,42.72,Electronics
CUST00398,2023-03-01,141.7,Dining
CUST00398,2024-07-23,207.78,Electronics
CUST00398,2024-04-11,33.29,Clothing
CUST00398,2024-07-22,28.58,Clothing
CUST00398,2022-10-11,74.65,Clothing
CUST00398,2024-04-05,37.27,Electronics
CUST00398,2024-11-24,57.49,Electronics
CUST00398,2025-05-15,9.63,Clothing
CUST00398,2024-07-05,6.39,Dining
CUST00398,2024-01-20,44.43,Clothing
CUST00398,2024-12-03,49.03,Grocery
CUST00398,2024-04-18,185.28,Travel
CUST00398,2022-12-29,201.0,Clothing
CUST00398,2024-10-22,6.33,Grocery
CUST00398,2024-01-21,64.27,Travel
CUST00398,2023-02-03,45.44,Grocery
CUST00398,2022-07-23,52.63,Electronics
CUST00398,2023-01-30,40.81,Grocery
CUST00398,2023-06-27,286.61,Travel
CUST00398,2023-05-14,145.53,Clothing
CUST00398,2023-05-20,36.15,Clothing
CUST00398,2024-12-26,133.94,Dining
CUST00398,2023-11-29,44.58,Travel
CUST00398,2024-05-11,25.62,Electronics
CUST00398,2024-04-03,46.54,Grocery
CUST00398,2024-02-16,129.56,Clothing
CUST00398,2023-02-18,62.2,Grocery
CUST00398,2022-10-15,80.28,Clothing
CUST00398,2025-01-22,125.13,Dining
CUST00398,2023-07-14,52.95,Electronics
CUST00398,2023-05-10,5.94,Electronics
CUST00398,2022-07-23,21.15,Clothing
CUST00398,2024-06-24,34.11,Dining
CUST00398,2025-02-16,31.37,Grocery
CUST00398,2023-07-16,215.53,Clothing
CUST00398,2024-10-13,119.19,Travel
CUST00398,2023-08-23,42.44,Electronics
CUST00398,2024-12-05,69.0,Electronics
CUST00398,2025-03-04,17.84,Grocery
CUST00398,2023-06-16,81.12,Electronics
CUST00398,2022-11-17,56.78,Dining
CUST00398,2023-09-06,48.58,Travel
CUST00398,2024-10-08,21.02,Dining
CUST00398,2023-09-30,60.68,Travel
CUST00398,2024-03-01,161.18,Electronics
CUST00398,2025-07-22,176.35,Travel
CUST00398,2025-04-11,70.69,Electronics
CUST00398,2024-11-24,62.68,Travel
CUST00398,2022-09-14,13.99,Clothing
CUST00398,2024-02-21,311.03,Dining
CUST00398,2024-08-12,68.66,Electronics
CUST00398,2023-09-13,170.43,Travel
CUST00398,2022-08-18,6.99,Dining
CUST00398,2024-03-23,104.51,Dining
CUST00398,2025-03-04,11.46,Grocery
CUST00398,2023-05-02,26.15,Electronics
CUST00398,2022-08-26,9.6,Clothing
CUST00398,2022-12-19,165.12,Travel
CUST00398,2025-06-01,105.84,Travel
CUST00398,2025-01-10,240.25,Clothing
CUST00398,2025-07-16,151.34,Dining
CUST00398,2024-02-21,64.71,Travel
CUST00398,2024-04-04,148.52,Dining
CUST00398,2024-10-18,122.47,Clothing
CUST00398,2024-06-22,52.34,Travel
CUST00398,2023-05-21,147.13,Electronics
CUST00398,2024-12-25,25.43,Travel
CUST00398,2024-01-23,78.91,Clothing
CUST00398,2023-05-26,194.3,Travel
CUST00398,2024-07-11,53.26,Clothing
CUST00398,2023-01-21,108.86,Clothing
CUST00398,2025-03-12,43.69,Grocery
CUST00398,2022-10-18,18.63,Electronics
CUST00398,2024-05-26,51.29,Electronics
CUST00398,2022-08-11,30.39,Travel
CUST00398,2025-02-07,52.91,Grocery
CUST00398,2023-06-28,193.02,Dining
CUST00398,2022-10-30,69.35,Electronics
CUST00398,2025-04-01,35.58,Dining
CUST00398,2025-03-30,182.67,Clothing
CUST00398,2024-01-10,11.3,Clothing
CUST00398,2024-12-22,29.44,Dining
CUST00398,2023-10-16,31.42,Clothing
CUST00399,2022-06-08,226.52,Dining
CUST00399,2024-04-11,245.51,Grocery
CUST00399,2025-07-17,193.84,Travel
CUST00399,2023-12-04,522.76,Grocery
CUST00399,2025-05-31,144.97,Clothing
CUST00399,2024-11-04,82.59,Clothing
CUST00399,2023-10-16,195.46,Grocery
CUST00399,2024-12-06,155.97,Electronics
CUST00399,2024-02-29,301.74,Clothing
CUST00399,2024-11-19,126.05,Clothing
CUST00399,2021-12-30,91.25,Dining
CUST00399,2025-04-27,42.53,Clothing
CUST00399,2022-11-25,26.22,Grocery
CUST00399,2024-06-03,48.02,Clothing
CUST00399,2022-06-24,91.84,Travel
CUST00399,2022-01-15,9.27,Electronics
CUST00399,2024-04-19,8.45,Electronics
CUST00399,2022-08-17,27.77,Dining
CUST00399,2024-06-22,65.85,Clothing
CUST00399,2024-06-01,50.16,Travel
CUST00399,2024-12-04,37.19,Travel
CUST00399,2022-07-26,30.69,Electronics
CUST00399,2022-12-05,47.05,Clothing
CUST00399,2024-02-08,20.18,Grocery
CUST00399,2024-01-08,96.17,Clothing
CUST00399,2022-06-24,22.42,Grocery
CUST00399,2023-12-29,121.79,Travel
CUST00399,2025-04-07,106.82,Grocery
CUST00399,2022-07-03,66.29,Grocery
CUST00399,2023-02-16,19.83,Grocery
CUST00399,2022-01-16,8.44,Grocery
CUST00399,2022-04-15,50.81,Dining
CUST00399,2023-11-03,115.6,Grocery
CUST00399,2024-09-22,16.44,Grocery
CUST00399,2023-04-04,110.85,Clothing
CUST00399,2025-02-07,37.36,Dining
CUST00399,2023-01-12,95.09,Grocery
CUST00399,2023-10-30,116.77,Electronics
CUST00399,2025-06-17,10.13,Travel
CUST00399,2024-04-30,28.44,Travel
CUST00399,2022-10-10,47.39,Travel
CUST00399,2025-04-21,5.6,Clothing
CUST00399,2024-06-09,62.55,Travel
CUST00399,2024-03-18,39.32,Electronics
CUST00399,2022-04-30,98.97,Clothing
CUST00399,2024-11-07,56.73,Grocery
CUST00399,2025-05-05,120.76,Electronics
CUST00399,2025-07-07,45.11,Travel
CUST00399,2023-10-07,15.49,Travel
CUST00399,2024-08-01,106.45,Travel
CUST00399,2022-08-20,8.61,Dining
CUST00399,2022-08-05,166.59,Grocery
CUST00399,2022-11-05,87.51,Electronics
CUST00399,2025-01-26,94.13,Grocery
CUST00399,2022-10-06,195.97,Dining
CUST00399,2022-06-14,12.39,Electronics
CUST00399,2022-07-11,36.34,Electronics
CUST00399,2025-01-14,72.37,Clothing
CUST00399,2023-07-11,54.54,Grocery
CUST00399,2022-07-04,70.03,Grocery
CUST00399,2024-04-10,10.32,Travel
CUST00399,2022-04-24,67.03,Grocery
CUST00399,2022-10-15,39.95,Travel
CUST00399,2022-04-14,9.56,Travel
CUST00399,2025-03-26,96.8,Grocery
CUST00399,2022-10-09,84.07,Dining
CUST00399,2025-05-12,89.05,Travel
CUST00399,2023-02-14,88.31,Electronics
CUST00399,2024-01-19,9.64,Clothing
CUST00399,2023-05-11,67.01,Dining
CUST00399,2025-01-23,10.48,Grocery
CUST00399,2024-11-22,115.16,Dining
CUST00399,2023-03-01,157.14,Dining
CUST00399,2024-12-27,100.5,Clothing
CUST00399,2025-03-22,15.22,Grocery
CUST00399,2022-07-20,40.13,Electronics
CUST00399,2023-11-14,218.96,Grocery
CUST00399,2024-09-09,26.17,Clothing
CUST00399,2024-10-23,42.31,Dining
CUST00399,2022-03-16,194.31,Clothing
CUST00399,2023-06-30,54.49,Travel
CUST00399,2024-08-27,128.15,Travel
CUST00399,2024-10-23,38.19,Electronics
CUST00399,2023-09-21,83.59,Clothing
CUST00399,2022-06-10,26.15,Clothing
CUST00399,2024-01-11,13.19,Electronics
CUST00399,2022-05-28,11.07,Travel
CUST00399,2024-08-16,59.93,Grocery
CUST00399,2025-06-23,59.03,Dining
CUST00399,2022-02-13,38.91,Travel
CUST00400,2022-08-27,29.09,Electronics
CUST00400,2024-08-09,333.28,Travel
CUST00400,2025-01-12,68.1,Dining
CUST00400,2022-09-26,162.26,Dining
CUST00400,2024-12-01,63.74,Travel
CUST00400,2023-07-31,23.73,Electronics
CUST00400,2024-10-03,24.33,Dining
CUST00400,2024-12-24,8.39,Clothing
CUST00400,2024-03-15,126.65,Clothing
CUST00400,2022-06-14,31.42,Grocery
CUST00400,2024-01-11,125.69,Travel
CUST00400,2025-03-22,12.52,Electronics
CUST00400,2023-08-15,22.06,Grocery
CUST00400,2022-07-06,29.08,Electronics
CUST00400,2023-08-10,45.48,Clothing
CUST00400,2022-06-11,11.59,Travel
CUST00400,2024-08-22,35.25,Clothing
CUST00400,2022-05-29,20.69,Dining
CUST00400,2025-03-16,32.53,Travel
CUST00400,2022-04-11,90.28,Grocery
CUST00400,2024-08-14,16.86,Electronics
CUST00400,2025-05-11,21.0,Travel
CUST00400,2022-10-09,66.59,Dining
CUST00400,2025-02-08,30.5,Electronics
CUST00400,2022-03-10,68.78,Clothing
CUST00400,2022-12-27,10.89,Grocery
CUST00400,2022-10-28,26.33,Dining
CUST00400,2025-07-26,96.23,Grocery
CUST00400,2024-07-04,114.11,Travel
CUST00400,2023-08-26,53.44,Dining
CUST00400,2025-04-09,98.08,Electronics
CUST00400,2024-08-31,35.32,Electronics
CUST00400,2023-04-02,68.32,Grocery
CUST00400,2022-07-18,176.58,Clothing
CUST00400,2023-10-28,56.14,Clothing
CUST00400,2024-09-18,60.98,Grocery
CUST00400,2024-12-23,73.44,Travel
CUST00400,2023-02-24,30.66,Dining
CUST00400,2024-01-02,10.18,Electronics
CUST00400,2025-02-07,79.59,Travel
CUST00400,2023-02-17,69.47,Travel
CUST00400,2023-12-09,40.12,Travel
CUST00400,2022-06-02,17.05,Dining
CUST00400,2024-02-25,66.97,Electronics
CUST00400,2022-03-30,297.95,Clothing
CUST00400,2024-11-13,296.36,Clothing
CUST00400,2022-12-19,31.69,Dining
CUST00400,2024-09-16,35.03,Electronics
CUST00400,2024-12-14,85.62,Electronics
CUST00400,2025-06-24,32.42,Grocery
CUST00400,2024-03-22,49.6,Dining
CUST00400,2022-03-12,145.77,Dining
CUST00400,2024-04-21,45.76,Travel
CUST00400,2025-04-17,126.35,Dining
CUST00400,2023-08-07,173.02,Dining
CUST00400,2025-01-01,49.87,Grocery
CUST00400,2022-12-26,547.95,Dining
CUST00400,2024-02-09,145.42,Travel
CUST00400,2024-10-25,89.93,Travel
CUST00400,2024-07-02,51.31,Dining
CUST00400,2024-03-11,11.96,Electronics
CUST00400,2024-07-13,58.68,Travel
CUST00400,2022-06-01,59.9,Grocery
CUST00400,2023-07-02,71.95,Electronics
CUST00400,2025-05-29,69.32,Dining
CUST00400,2024-09-16,251.46,Electronics
CUST00400,2022-02-20,211.02,Travel
CUST00400,2022-05-03,24.87,Dining
CUST00400,2022-04-15,54.35,Clothing
CUST00400,2022-04-24,122.15,Dining
CUST00400,2024-02-03,68.29,Electronics
CUST00400,2024-12-29,12.21,Dining
CUST00400,2024-04-17,16.18,Electronics
CUST00400,2022-03-13,188.1,Electronics
CUST00400,2025-06-21,90.06,Travel
CUST00400,2023-02-18,63.86,Travel
CUST00400,2024-12-04,71.62,Electronics
CUST00400,2022-02-13,118.37,Electronics
CUST00400,2022-02-16,11.12,Clothing
CUST00400,2023-12-10,132.65,Clothing
CUST00400,2024-04-01,14.4,Travel
CUST00400,2023-10-21,16.11,Dining
CUST00400,2025-02-05,86.55,Dining
CUST00400,2023-01-17,13.68,Travel
CUST00400,2025-04-01,13.69,Clothing
CUST00400,2022-03-21,169.35,Grocery
CUST00400,2024-03-02,21.13,Electronics
CUST00400,2024-05-14,86.71,Grocery
CUST00400,2022-03-11,81.83,Travel
CUST00400,2022-06-02,31.32,Dining
CUST00400,2023-02-05,22.62,Electronics
CUST00400,2023-04-21,105.64,Travel
CUST00400,2022-02-09,201.07,Clothing
CUST00400,2024-09-21,123.4,Dining
CUST00400,2024-09-07,101.43,Grocery
CUST00400,2023-06-17,147.64,Dining
CUST00400,2022-08-24,56.62,Clothing
CUST00400,2023-10-18,30.88,Dining
CUST00400,2024-08-05,25.74,Electronics
CUST00400,2024-02-07,57.2,Travel
CUST00400,2022-03-04,114.44,Dining
CUST00400,2024-12-05,140.61,Grocery
CUST00401,2021-08-23,352.47,Electronics
CUST00401,2021-08-11,121.99,Clothing
CUST00401,2022-02-10,158.49,Electronics
CUST00401,2023-06-16,37.22,Dining
CUST00401,2025-02-09,24.78,Electronics
CUST00401,2022-01-10,72.32,Dining
CUST00401,2023-07-26,106.48,Electronics
CUST00401,2025-02-04,79.1,Dining
CUST00401,2022-03-03,195.03,Grocery
CUST00401,2021-02-16,5.56,Grocery
CUST00401,2023-12-29,165.87,Clothing
CUST00401,2021-04-12,19.32,Clothing
CUST00401,2023-09-07,33.95,Travel
CUST00401,2022-02-14,7.08,Grocery
CUST00401,2023-06-01,37.79,Travel
CUST00401,2021-07-28,53.24,Travel
CUST00401,2021-09-19,169.97,Clothing
CUST00401,2021-08-17,45.04,Electronics
CUST00401,2021-08-14,51.65,Dining
CUST00401,2022-11-25,136.18,Clothing
CUST00401,2023-03-13,110.04,Electronics
CUST00401,2021-03-31,19.16,Clothing
CUST00401,2023-07-06,76.19,Electronics
CUST00401,2021-02-18,36.72,Travel
CUST00401,2025-06-22,54.7,Dining
CUST00401,2024-09-24,109.22,Electronics
CUST00401,2023-11-09,140.04,Travel
CUST00401,2023-07-01,114.71,Travel
CUST00401,2025-02-12,38.71,Dining
CUST00401,2024-08-17,15.66,Clothing
CUST00401,2025-02-26,20.39,Grocery
CUST00401,2023-09-01,157.54,Electronics
CUST00401,2022-04-19,197.49,Clothing
CUST00401,2024-05-31,75.57,Dining
CUST00401,2022-01-28,48.31,Electronics
CUST00401,2021-09-20,47.32,Clothing
CUST00401,2025-07-21,22.98,Dining
CUST00401,2021-08-15,13.31,Dining
CUST00401,2023-03-06,11.08,Grocery
CUST00401,2023-06-20,184.06,Clothing
CUST00401,2021-03-15,73.54,Clothing
CUST00401,2021-05-14,18.27,Grocery
CUST00401,2024-07-21,11.39,Clothing
CUST00401,2022-06-09,73.69,Grocery
CUST00401,2025-05-31,213.3,Grocery
CUST00401,2022-11-04,339.33,Grocery
CUST00401,2021-09-09,24.61,Clothing
CUST00401,2025-02-22,87.17,Dining
CUST00401,2023-02-22,12.99,Travel
CUST00401,2022-12-11,95.1,Electronics
CUST00401,2024-07-19,58.86,Electronics
CUST00401,2023-08-20,107.0,Clothing
CUST00401,2023-10-23,89.3,Clothing
CUST00401,2021-10-07,184.82,Travel
CUST00401,2022-08-03,65.86,Dining
CUST00401,2024-02-03,45.91,Grocery
CUST00401,2023-09-18,95.75,Clothing
CUST00401,2022-09-05,86.51,Clothing
CUST00401,2023-08-01,164.4,Electronics
CUST00401,2025-02-17,29.96,Travel
CUST00401,2021-07-12,20.19,Electronics
CUST00401,2024-11-28,324.54,Clothing
CUST00401,2022-06-29,58.72,Electronics
CUST00401,2022-04-15,24.18,Clothing
CUST00401,2024-06-07,153.52,Electronics
CUST00401,2024-09-03,63.87,Clothing
CUST00401,2021-11-03,7.59,Grocery
CUST00401,2021-02-15,145.38,Electronics
CUST00401,2024-09-09,9.37,Dining
CUST00401,2021-05-14,86.55,Electronics
CUST00401,2021-11-11,135.62,Grocery
CUST00401,2022-07-25,14.32,Grocery
CUST00401,2025-03-24,234.13,Grocery
CUST00401,2024-05-16,81.51,Dining
CUST00401,2021-05-12,36.26,Clothing
CUST00401,2023-04-06,62.2,Dining
CUST00401,2022-05-25,76.62,Grocery
CUST00401,2023-05-31,12.42,Dining
CUST00401,2024-01-27,55.48,Dining
CUST00401,2023-12-14,133.29,Travel
CUST00401,2022-02-25,46.65,Dining
CUST00401,2025-03-31,105.36,Clothing
CUST00401,2024-11-08,244.83,Clothing
CUST00401,2023-02-01,79.95,Electronics
CUST00401,2025-04-03,35.66,Grocery
CUST00401,2022-06-17,30.48,Electronics
CUST00401,2023-04-12,149.53,Clothing
CUST00402,2021-04-05,14.26,Grocery
CUST00402,2022-08-29,138.27,Travel
CUST00402,2023-05-24,41.5,Dining
CUST00402,2023-08-16,10.11,Clothing
CUST00402,2024-06-01,37.33,Travel
CUST00402,2021-11-27,72.22,Dining
CUST00402,2021-07-10,23.41,Travel
CUST00402,2022-05-20,24.8,Travel
CUST00402,2021-09-17,166.59,Grocery
CUST00402,2021-03-18,27.96,Clothing
CUST00402,2022-04-09,263.72,Electronics
CUST00402,2021-10-17,45.69,Clothing
CUST00402,2024-05-06,65.54,Dining
CUST00402,2023-12-12,88.44,Travel
CUST00402,2023-07-23,84.36,Grocery
CUST00402,2024-10-10,298.2,Grocery
CUST00402,2022-04-27,110.33,Travel
CUST00402,2022-07-09,77.02,Clothing
CUST00402,2023-05-07,15.84,Travel
CUST00402,2024-06-04,20.95,Grocery
CUST00402,2021-11-09,89.88,Electronics
CUST00402,2022-06-21,45.89,Travel
CUST00402,2024-07-06,139.83,Dining
CUST00402,2023-05-14,248.09,Dining
CUST00402,2022-05-30,84.49,Grocery
CUST00402,2022-02-21,46.25,Electronics
CUST00402,2021-09-24,123.36,Dining
CUST00402,2022-08-24,25.12,Travel
CUST00402,2023-07-25,42.39,Dining
CUST00402,2021-08-02,52.3,Travel
CUST00402,2025-03-07,31.61,Dining
CUST00402,2025-02-04,96.03,Grocery
CUST00402,2021-07-13,59.68,Grocery
CUST00402,2024-01-16,37.48,Electronics
CUST00402,2025-06-23,79.72,Dining
CUST00402,2024-07-01,182.73,Electronics
CUST00402,2021-09-07,43.08,Electronics
CUST00402,2025-04-27,121.66,Electronics
CUST00402,2021-07-08,36.33,Dining
CUST00402,2022-10-05,23.5,Clothing
CUST00402,2024-03-21,43.72,Clothing
CUST00402,2021-04-20,29.46,Dining
CUST00402,2022-05-05,27.47,Electronics
CUST00402,2023-12-10,107.65,Clothing
CUST00402,2023-11-25,21.67,Dining
CUST00402,2023-07-11,124.09,Grocery
CUST00402,2024-04-16,169.82,Dining
CUST00402,2024-09-06,46.42,Grocery
CUST00402,2022-05-08,26.74,Travel
CUST00402,2022-05-20,14.01,Grocery
CUST00402,2021-05-15,32.32,Electronics
CUST00402,2025-04-10,16.68,Electronics
CUST00402,2022-01-02,20.89,Grocery
CUST00402,2022-12-18,104.32,Grocery
CUST00402,2022-12-12,9.1,Dining
CUST00402,2021-11-17,78.59,Electronics
CUST00402,2021-06-07,163.8,Clothing
CUST00402,2023-05-23,26.36,Electronics
CUST00402,2023-04-11,73.75,Electronics
CUST00402,2024-03-23,13.19,Electronics
CUST00402,2021-11-07,204.47,Grocery
CUST00402,2025-04-28,365.94,Grocery
CUST00402,2025-05-26,63.05,Electronics
CUST00402,2023-06-10,249.48,Grocery
CUST00402,2025-04-16,42.59,Electronics
CUST00402,2022-02-26,520.43,Dining
CUST00402,2025-04-07,36.11,Grocery
CUST00402,2021-06-07,9.43,Grocery
CUST00402,2024-02-26,22.85,Dining
CUST00402,2023-01-02,51.17,Travel
CUST00402,2021-06-09,46.74,Grocery
CUST00402,2021-11-16,8.47,Travel
CUST00402,2023-09-21,61.14,Electronics
CUST00402,2023-06-01,66.98,Dining
CUST00402,2025-04-03,79.39,Electronics
CUST00402,2023-09-18,55.11,Dining
CUST00402,2021-08-27,67.96,Travel
CUST00402,2024-03-05,54.05,Electronics
CUST00402,2023-12-20,15.87,Travel
CUST00402,2024-10-04,13.79,Grocery
CUST00402,2022-10-16,129.86,Clothing
CUST00402,2021-07-31,86.59,Travel
CUST00402,2023-09-08,19.36,Electronics
CUST00402,2024-01-22,76.92,Electronics
CUST00402,2021-11-17,162.53,Grocery
CUST00402,2024-09-28,248.63,Grocery
CUST00402,2021-09-27,78.53,Clothing
CUST00402,2024-11-25,50.67,Clothing
CUST00402,2025-02-07,61.35,Clothing
CUST00402,2024-09-12,104.9,Electronics
CUST00402,2021-11-11,111.5,Travel
CUST00402,2025-03-14,9.86,Electronics
CUST00402,2023-07-04,28.29,Electronics
CUST00402,2021-06-22,154.27,Dining
CUST00402,2022-11-22,173.82,Travel
CUST00402,2021-07-14,8.31,Electronics
CUST00402,2021-04-28,22.54,Grocery
CUST00402,2023-10-01,181.49,Travel
CUST00402,2023-10-25,16.71,Clothing
CUST00402,2021-08-21,80.25,Clothing
CUST00402,2023-07-03,31.87,Grocery
CUST00402,2025-04-25,121.51,Travel
CUST00402,2025-06-08,134.06,Travel
CUST00402,2024-04-02,91.13,Travel
CUST00402,2024-08-05,240.88,Dining
CUST00402,2023-12-11,5.17,Grocery
CUST00402,2024-06-16,354.11,Clothing
CUST00402,2022-11-17,83.21,Dining
CUST00402,2024-10-10,110.36,Electronics
CUST00402,2025-02-09,206.54,Travel
CUST00402,2025-03-12,79.55,Clothing
CUST00402,2024-12-24,96.47,Grocery
CUST00402,2021-03-11,27.81,Grocery
CUST00402,2023-05-22,5.12,Electronics
CUST00402,2021-09-05,39.47,Grocery
CUST00402,2021-07-24,536.0,Clothing
CUST00402,2021-07-20,9.16,Grocery
CUST00402,2023-01-18,71.58,Grocery
CUST00402,2021-10-15,55.73,Grocery
CUST00402,2021-04-28,175.37,Electronics
CUST00403,2023-04-01,513.71,Grocery
CUST00403,2025-07-09,140.9,Electronics
CUST00403,2024-06-26,15.59,Dining
CUST00403,2024-02-27,69.12,Dining
CUST00403,2023-02-27,27.87,Travel
CUST00403,2023-05-28,56.17,Dining
CUST00403,2023-09-03,40.76,Grocery
CUST00403,2025-04-03,138.93,Clothing
CUST00403,2025-01-26,13.19,Dining
CUST00403,2024-01-14,99.79,Dining
CUST00403,2023-09-20,78.16,Electronics
CUST00403,2023-03-24,111.79,Grocery
CUST00403,2025-03-12,106.87,Electronics
CUST00403,2025-03-02,184.9,Electronics
CUST00403,2024-03-07,79.95,Grocery
CUST00403,2024-01-22,110.98,Clothing
CUST00403,2023-04-06,57.41,Electronics
CUST00403,2024-03-06,43.98,Dining
CUST00403,2024-07-13,49.82,Electronics
CUST00403,2024-12-25,40.23,Travel
CUST00403,2025-04-04,47.49,Clothing
CUST00403,2024-05-18,277.09,Travel
CUST00403,2024-12-09,57.64,Electronics
CUST00403,2025-06-04,106.32,Clothing
CUST00403,2025-06-08,5.52,Travel
CUST00403,2023-10-28,5.58,Dining
CUST00403,2025-03-06,96.69,Electronics
CUST00403,2023-04-18,42.24,Clothing
CUST00403,2023-09-30,35.77,Electronics
CUST00403,2024-12-24,103.19,Dining
CUST00403,2023-09-11,45.4,Travel
CUST00403,2024-07-17,97.29,Dining
CUST00403,2023-06-01,74.11,Grocery
CUST00403,2025-05-01,141.8,Grocery
CUST00403,2025-03-18,5.37,Dining
CUST00403,2025-07-30,50.44,Electronics
CUST00403,2024-06-04,71.89,Dining
CUST00403,2024-05-07,64.54,Travel
CUST00403,2023-06-22,55.9,Electronics
CUST00403,2023-12-09,31.6,Electronics
CUST00403,2023-07-16,53.72,Electronics
CUST00403,2024-04-16,24.28,Grocery
CUST00403,2024-11-11,25.19,Grocery
CUST00403,2025-03-17,21.43,Travel
CUST00403,2024-08-20,73.72,Electronics
CUST00403,2023-03-30,9.33,Dining
CUST00403,2023-07-03,46.03,Dining
CUST00403,2023-03-28,14.81,Dining
CUST00403,2024-08-11,40.34,Electronics
CUST00403,2025-06-03,13.7,Clothing
CUST00403,2025-03-31,16.57,Clothing
CUST00403,2024-03-29,94.24,Clothing
CUST00403,2025-05-12,140.66,Electronics
CUST00403,2024-01-28,62.22,Clothing
CUST00403,2023-08-06,405.19,Travel
CUST00403,2024-01-11,53.6,Grocery
CUST00403,2024-10-01,86.39,Clothing
CUST00403,2024-06-14,116.31,Dining
CUST00403,2024-04-20,183.46,Clothing
CUST00403,2025-02-10,49.73,Electronics
CUST00403,2024-11-25,25.8,Grocery
CUST00403,2023-03-29,148.28,Travel
CUST00403,2023-02-25,15.03,Clothing
CUST00403,2023-07-15,41.28,Dining
CUST00403,2025-03-05,48.73,Electronics
CUST00403,2024-06-25,27.4,Clothing
CUST00403,2024-08-30,14.38,Clothing
CUST00403,2025-05-23,218.18,Travel
CUST00403,2023-07-18,23.03,Dining
CUST00403,2023-02-24,31.96,Electronics
CUST00403,2024-03-02,84.62,Clothing
CUST00403,2024-09-24,18.75,Dining
CUST00403,2024-06-24,13.56,Travel
CUST00403,2023-03-27,198.76,Clothing
CUST00403,2024-12-05,120.77,Clothing
CUST00403,2024-05-27,13.96,Dining
CUST00403,2024-11-18,53.95,Clothing
CUST00403,2024-11-11,17.12,Travel
CUST00403,2025-03-10,78.66,Electronics
CUST00403,2025-07-01,163.95,Electronics
CUST00403,2024-04-05,18.65,Clothing
CUST00403,2024-01-18,6.54,Dining
CUST00403,2023-04-25,35.64,Clothing
CUST00403,2025-02-28,23.47,Electronics
CUST00403,2023-02-01,169.63,Dining
CUST00403,2023-12-19,25.93,Grocery
CUST00403,2024-07-10,13.43,Grocery
CUST00403,2023-02-05,10.27,Clothing
CUST00403,2024-05-26,12.06,Travel
CUST00403,2024-02-03,5.07,Clothing
CUST00403,2025-07-21,125.05,Dining
CUST00403,2023-09-09,69.45,Dining
CUST00403,2024-09-05,37.21,Dining
CUST00403,2024-12-15,255.77,Travel
CUST00403,2024-12-08,90.17,Clothing
CUST00403,2023-03-27,14.79,Travel
CUST00403,2024-11-15,72.8,Grocery
CUST00404,2024-03-09,80.53,Travel
CUST00404,2023-01-02,99.35,Electronics
CUST00404,2025-01-12,177.79,Clothing
CUST00404,2024-11-30,13.48,Electronics
CUST00404,2023-05-16,18.83,Dining
CUST00404,2025-05-26,104.59,Travel
CUST00404,2022-07-19,93.57,Electronics
CUST00404,2023-07-25,176.78,Dining
CUST00404,2023-12-25,12.62,Clothing
CUST00404,2024-06-05,274.08,Electronics
CUST00404,2024-03-18,64.73,Electronics
CUST00404,2025-03-30,101.04,Grocery
CUST00404,2024-03-11,99.13,Grocery
CUST00404,2023-08-19,110.2,Grocery
CUST00404,2024-11-17,103.38,Grocery
CUST00404,2025-01-02,20.28,Electronics
CUST00404,2023-02-08,51.21,Travel
CUST00404,2025-04-11,89.03,Clothing
CUST00404,2023-03-14,116.25,Clothing
CUST00404,2025-07-18,32.42,Travel
CUST00404,2024-10-11,161.34,Dining
CUST00404,2024-01-08,318.31,Grocery
CUST00404,2024-01-01,20.14,Electronics
CUST00404,2025-01-27,31.38,Grocery
CUST00404,2025-03-28,105.61,Clothing
CUST00404,2023-08-29,65.95,Clothing
CUST00404,2025-02-09,55.16,Grocery
CUST00404,2023-07-08,33.31,Electronics
CUST00404,2023-12-07,18.83,Clothing
CUST00404,2024-01-09,143.69,Travel
CUST00404,2025-02-22,139.41,Clothing
CUST00404,2024-05-19,245.16,Grocery
CUST00404,2023-09-12,8.39,Grocery
CUST00404,2024-09-21,31.47,Travel
CUST00404,2022-12-05,40.69,Electronics
CUST00404,2022-07-08,86.83,Grocery
CUST00404,2024-03-15,58.74,Travel
CUST00404,2023-08-20,14.01,Dining
CUST00404,2023-09-28,68.23,Travel
CUST00404,2024-06-24,60.69,Dining
CUST00404,2025-04-19,245.52,Travel
CUST00404,2024-12-28,12.68,Travel
CUST00404,2023-11-21,322.94,Grocery
CUST00404,2024-06-17,36.88,Dining
CUST00404,2022-11-08,149.96,Clothing
CUST00404,2025-07-05,42.13,Grocery
CUST00404,2024-11-19,114.4,Clothing
CUST00404,2024-07-23,24.48,Grocery
CUST00404,2023-07-03,46.97,Travel
CUST00404,2024-12-13,162.03,Travel
CUST00404,2022-09-15,15.48,Electronics
CUST00404,2025-07-16,19.74,Electronics
CUST00404,2023-03-03,11.32,Electronics
CUST00404,2023-12-13,42.32,Travel
CUST00404,2024-07-17,189.46,Dining
CUST00404,2023-07-05,49.84,Electronics
CUST00404,2022-08-09,126.94,Dining
CUST00404,2024-01-22,101.26,Dining
CUST00404,2022-10-15,37.8,Grocery
CUST00404,2024-10-24,58.41,Grocery
CUST00404,2023-07-05,27.98,Grocery
CUST00404,2024-12-30,29.16,Travel
CUST00404,2022-07-10,157.42,Grocery
CUST00404,2022-11-22,158.29,Travel
CUST00404,2024-02-02,98.12,Clothing
CUST00404,2024-06-13,27.75,Dining
CUST00404,2024-05-28,16.96,Travel
CUST00404,2022-11-19,107.8,Grocery
CUST00404,2024-08-13,12.6,Dining
CUST00404,2025-01-29,28.83,Dining
CUST00404,2023-08-15,117.79,Dining
CUST00404,2024-12-25,14.24,Dining
CUST00404,2023-05-14,66.34,Clothing
CUST00404,2024-06-25,220.12,Clothing
CUST00404,2024-09-17,100.84,Grocery
CUST00404,2024-08-10,41.86,Dining
CUST00404,2023-09-01,10.91,Dining
CUST00404,2024-08-22,95.87,Dining
CUST00404,2022-10-03,34.4,Electronics
CUST00404,2022-10-29,64.42,Grocery
CUST00404,2023-10-21,96.17,Grocery
CUST00404,2024-09-19,52.69,Grocery
CUST00404,2023-05-23,25.81,Grocery
CUST00404,2023-07-10,10.83,Grocery
CUST00404,2025-04-17,153.59,Dining
CUST00404,2024-03-08,24.02,Electronics
CUST00404,2023-05-06,134.13,Clothing
CUST00405,2024-05-15,103.54,Electronics
CUST00405,2025-02-19,40.59,Clothing
CUST00405,2024-06-15,201.57,Clothing
CUST00405,2024-07-13,73.89,Dining
CUST00405,2024-11-06,109.0,Travel
CUST00405,2025-05-29,13.75,Travel
CUST00405,2025-05-30,108.75,Travel
CUST00405,2024-08-28,18.97,Electronics
CUST00405,2025-05-03,43.61,Clothing
CUST00405,2024-06-05,24.68,Travel
CUST00405,2025-04-16,7.79,Dining
CUST00405,2025-07-20,21.35,Electronics
CUST00405,2024-07-20,51.6,Grocery
CUST00405,2025-07-14,11.37,Electronics
CUST00405,2024-06-20,119.4,Travel
CUST00405,2024-10-27,22.15,Clothing
CUST00405,2025-07-27,388.01,Electronics
CUST00405,2024-08-03,15.09,Electronics
CUST00405,2024-08-07,214.58,Clothing
CUST00405,2025-03-28,16.27,Travel
CUST00405,2024-12-22,91.35,Dining
CUST00405,2024-10-27,39.45,Grocery
CUST00405,2024-09-18,84.33,Electronics
CUST00405,2025-05-14,20.56,Clothing
CUST00405,2025-02-27,91.43,Grocery
CUST00405,2024-08-24,9.11,Clothing
CUST00405,2025-02-27,152.18,Clothing
CUST00405,2024-10-03,54.27,Travel
CUST00405,2024-12-30,37.08,Travel
CUST00405,2025-06-10,22.26,Electronics
CUST00405,2024-11-29,187.27,Clothing
CUST00405,2024-12-07,135.65,Dining
CUST00405,2025-03-22,23.17,Dining
CUST00405,2024-10-31,375.13,Grocery
CUST00405,2025-07-24,66.35,Clothing
CUST00405,2025-06-07,40.85,Clothing
CUST00405,2024-07-23,161.84,Grocery
CUST00405,2024-08-09,16.87,Clothing
CUST00405,2024-06-18,29.83,Travel
CUST00405,2025-03-12,99.88,Travel
CUST00405,2024-09-14,58.4,Travel
CUST00405,2025-04-27,91.53,Dining
CUST00405,2024-12-29,115.43,Grocery
CUST00405,2024-06-08,58.72,Travel
CUST00405,2024-10-03,16.89,Grocery
CUST00405,2025-06-25,75.36,Electronics
CUST00405,2024-04-28,12.44,Grocery
CUST00405,2025-01-17,33.0,Grocery
CUST00405,2025-04-29,117.76,Clothing
CUST00405,2024-11-02,130.72,Grocery
CUST00405,2025-07-10,6.4,Travel
CUST00405,2024-11-04,30.26,Grocery
CUST00405,2024-11-14,143.36,Clothing
CUST00405,2024-07-02,20.43,Travel
CUST00405,2025-05-26,18.28,Grocery
CUST00405,2024-07-07,17.78,Electronics
CUST00405,2024-08-21,10.79,Electronics
CUST00405,2025-04-28,252.87,Travel
CUST00405,2025-05-15,205.17,Clothing
CUST00405,2024-10-24,117.28,Clothing
CUST00405,2025-06-04,50.7,Clothing
CUST00405,2024-09-11,68.67,Clothing
CUST00405,2025-02-12,30.85,Clothing
CUST00405,2024-05-10,94.9,Dining
CUST00405,2024-12-08,36.8,Clothing
CUST00405,2025-03-05,49.93,Clothing
CUST00405,2024-12-04,74.36,Electronics
CUST00405,2024-11-26,29.46,Grocery
CUST00405,2024-09-02,77.99,Travel
CUST00405,2025-04-15,24.73,Travel
CUST00405,2024-10-12,19.66,Travel
CUST00405,2025-01-08,50.23,Electronics
CUST00405,2025-05-11,69.37,Travel
CUST00405,2024-11-07,148.37,Electronics
CUST00405,2025-02-14,155.08,Grocery
CUST00405,2025-05-09,44.88,Clothing
CUST00405,2025-01-19,28.07,Travel
CUST00405,2025-07-15,37.15,Grocery
CUST00405,2024-06-08,37.91,Clothing
CUST00405,2024-09-26,13.67,Electronics
CUST00405,2024-09-24,14.42,Electronics
CUST00405,2025-07-06,53.37,Dining
CUST00405,2025-06-10,46.16,Clothing
CUST00405,2024-08-09,21.95,Travel
CUST00405,2024-07-28,113.7,Grocery
CUST00405,2024-09-08,66.7,Dining
CUST00405,2024-10-08,53.12,Dining
CUST00405,2025-04-28,48.04,Grocery
CUST00405,2024-09-23,162.76,Dining
CUST00405,2024-10-12,12.62,Dining
CUST00405,2024-12-31,397.05,Clothing
CUST00405,2024-08-10,44.55,Clothing
CUST00405,2024-06-08,105.75,Travel
CUST00405,2024-10-25,56.25,Travel
CUST00405,2025-07-18,14.24,Travel
CUST00405,2024-11-27,203.15,Travel
CUST00405,2024-11-10,80.81,Dining
CUST00405,2025-01-06,35.7,Travel
CUST00405,2025-01-08,71.2,Electronics
CUST00405,2024-06-25,232.42,Grocery
CUST00405,2024-08-25,10.91,Travel
CUST00405,2024-05-25,81.64,Dining
CUST00406,2025-06-20,53.45,Clothing
CUST00406,2024-12-25,51.87,Travel
CUST00406,2025-04-06,31.86,Clothing
CUST00406,2024-08-28,23.96,Electronics
CUST00406,2025-01-05,98.18,Grocery
CUST00406,2025-02-26,27.69,Electronics
CUST00406,2024-10-09,6.05,Dining
CUST00406,2024-08-24,28.24,Electronics
CUST00406,2024-12-27,45.25,Travel
CUST00406,2024-12-27,81.88,Dining
CUST00406,2025-07-13,86.67,Electronics
CUST00406,2024-08-28,49.92,Grocery
CUST00406,2025-01-12,40.66,Clothing
CUST00406,2025-07-16,86.19,Clothing
CUST00406,2025-05-25,50.19,Grocery
CUST00406,2024-12-10,98.52,Clothing
CUST00406,2025-03-26,117.37,Travel
CUST00406,2024-11-19,21.35,Clothing
CUST00406,2025-05-14,42.03,Dining
CUST00406,2025-03-22,105.32,Clothing
CUST00406,2025-01-11,448.1,Grocery
CUST00406,2025-06-27,19.66,Clothing
CUST00406,2025-06-08,68.31,Travel
CUST00406,2025-03-24,108.89,Travel
CUST00406,2024-12-07,87.53,Clothing
CUST00406,2024-09-13,65.48,Clothing
CUST00406,2025-07-13,65.5,Dining
CUST00406,2025-01-09,122.85,Clothing
CUST00406,2025-07-31,40.39,Electronics
CUST00406,2025-07-20,356.71,Electronics
CUST00406,2024-09-14,47.28,Travel
CUST00406,2025-06-16,66.45,Grocery
CUST00406,2025-04-10,49.36,Grocery
CUST00406,2025-04-18,111.41,Dining
CUST00406,2025-03-01,65.73,Electronics
CUST00406,2024-08-15,90.15,Dining
CUST00406,2025-02-21,61.6,Electronics
CUST00406,2025-03-22,43.05,Grocery
CUST00406,2024-12-21,178.94,Grocery
CUST00406,2025-07-25,587.85,Grocery
CUST00406,2024-12-19,24.09,Grocery
CUST00406,2024-11-29,60.09,Grocery
CUST00406,2024-09-08,8.71,Travel
CUST00406,2025-06-14,102.02,Electronics
CUST00406,2025-07-29,201.13,Electronics
CUST00406,2024-08-23,8.21,Dining
CUST00406,2024-09-30,315.76,Clothing
CUST00406,2025-06-25,148.76,Clothing
CUST00406,2025-02-20,55.04,Clothing
CUST00406,2024-10-02,85.73,Clothing
CUST00406,2025-07-03,136.68,Electronics
CUST00406,2025-07-22,40.02,Dining
CUST00406,2024-10-15,7.11,Electronics
CUST00406,2025-04-02,29.77,Dining
CUST00406,2025-01-10,191.18,Grocery
CUST00406,2025-04-03,53.05,Dining
CUST00406,2024-08-23,17.72,Travel
CUST00406,2024-08-02,30.95,Travel
CUST00406,2025-05-08,75.18,Grocery
CUST00406,2025-02-27,34.69,Travel
CUST00406,2024-11-18,109.13,Dining
CUST00406,2025-02-08,21.46,Electronics
CUST00406,2025-06-22,26.56,Clothing
CUST00406,2025-07-25,32.17,Dining
CUST00406,2025-07-13,9.18,Travel
CUST00406,2024-08-30,65.78,Electronics
CUST00406,2024-09-17,18.46,Grocery
CUST00406,2025-05-21,82.09,Dining
CUST00406,2025-06-05,176.02,Travel
CUST00406,2025-07-24,125.21,Electronics
CUST00406,2025-07-18,218.22,Clothing
CUST00406,2024-08-07,90.86,Travel
CUST00406,2024-12-21,8.8,Dining
CUST00406,2025-07-15,6.43,Dining
CUST00406,2024-08-08,8.16,Dining
CUST00406,2024-12-24,65.05,Travel
CUST00406,2024-10-17,83.58,Travel
CUST00406,2025-01-24,50.52,Travel
CUST00406,2025-07-14,291.29,Travel
CUST00406,2024-08-14,139.83,Dining
CUST00406,2025-03-17,20.0,Clothing
CUST00406,2024-09-15,76.69,Clothing
CUST00406,2024-12-19,7.91,Dining
CUST00406,2025-04-01,23.95,Travel
CUST00406,2025-01-22,69.05,Clothing
CUST00406,2025-07-28,9.0,Grocery
CUST00406,2025-03-20,36.32,Dining
CUST00406,2025-03-24,124.92,Clothing
CUST00406,2025-04-01,38.31,Clothing
CUST00406,2024-08-28,86.36,Dining
CUST00406,2024-11-16,40.33,Electronics
CUST00406,2025-03-27,29.66,Clothing
CUST00406,2024-09-27,211.13,Dining
CUST00406,2025-01-01,58.07,Dining
CUST00406,2024-11-26,22.74,Grocery
CUST00406,2025-02-17,49.75,Electronics
CUST00406,2024-08-30,33.66,Clothing
CUST00406,2024-10-18,389.21,Electronics
CUST00406,2024-09-10,58.74,Grocery
CUST00406,2024-10-21,227.82,Dining
CUST00406,2025-02-20,8.14,Electronics
CUST00406,2025-02-25,13.27,Dining
CUST00406,2024-11-01,68.38,Dining
CUST00406,2025-02-17,88.4,Travel
CUST00406,2025-07-27,65.71,Clothing
CUST00407,2025-02-01,58.18,Dining
CUST00407,2024-11-29,66.76,Clothing
CUST00407,2025-05-16,61.98,Electronics
CUST00407,2025-07-02,21.53,Clothing
CUST00407,2024-06-30,145.12,Electronics
CUST00407,2025-01-23,80.38,Dining
CUST00407,2025-06-04,17.54,Electronics
CUST00407,2025-03-06,7.4,Electronics
CUST00407,2024-08-20,9.05,Travel
CUST00407,2024-07-24,17.46,Grocery
CUST00407,2025-06-21,87.32,Dining
CUST00407,2024-08-03,59.23,Electronics
CUST00407,2024-09-12,94.34,Travel
CUST00407,2024-06-21,25.24,Travel
CUST00407,2025-01-03,168.91,Dining
CUST00407,2025-06-20,63.25,Travel
CUST00407,2025-05-06,109.96,Travel
CUST00407,2024-12-01,64.91,Electronics
CUST00407,2025-03-09,15.77,Clothing
CUST00407,2024-06-28,60.97,Electronics
CUST00407,2024-12-27,236.98,Grocery
CUST00407,2024-09-08,46.34,Dining
CUST00407,2025-03-14,12.84,Grocery
CUST00407,2024-08-13,38.11,Grocery
CUST00407,2024-09-15,36.19,Dining
CUST00407,2024-08-22,86.3,Clothing
CUST00407,2025-07-14,61.84,Grocery
CUST00407,2024-08-19,184.3,Clothing
CUST00407,2025-04-10,48.45,Clothing
CUST00407,2025-07-23,7.87,Electronics
CUST00407,2024-12-17,14.82,Electronics
CUST00407,2024-12-29,189.28,Electronics
CUST00407,2024-11-28,176.06,Grocery
CUST00407,2025-07-05,42.68,Travel
CUST00407,2025-04-19,14.82,Clothing
CUST00407,2025-02-20,53.61,Travel
CUST00407,2024-11-22,80.75,Clothing
CUST00407,2025-01-13,88.3,Electronics
CUST00407,2024-10-18,137.21,Grocery
CUST00407,2024-07-22,194.95,Grocery
CUST00407,2024-11-29,16.69,Grocery
CUST00407,2025-07-08,235.58,Travel
CUST00407,2025-05-05,193.07,Grocery
CUST00407,2025-06-29,40.71,Dining
CUST00407,2025-05-24,118.42,Grocery
CUST00407,2024-12-08,46.05,Dining
CUST00407,2025-03-17,91.3,Travel
CUST00407,2025-01-04,136.22,Electronics
CUST00407,2024-11-30,762.02,Clothing
CUST00407,2024-09-06,34.44,Grocery
CUST00407,2025-07-31,174.38,Electronics
CUST00407,2024-07-26,35.65,Grocery
CUST00407,2025-03-03,66.64,Travel
CUST00407,2024-12-30,28.29,Grocery
CUST00407,2025-02-11,34.03,Electronics
CUST00407,2024-12-19,236.35,Travel
CUST00407,2025-05-21,41.49,Electronics
CUST00407,2024-07-19,134.51,Grocery
CUST00407,2024-12-06,49.11,Electronics
CUST00407,2025-02-19,7.81,Dining
CUST00407,2024-09-24,129.43,Grocery
CUST00407,2024-10-14,77.52,Dining
CUST00407,2025-02-06,53.99,Clothing
CUST00407,2025-05-05,33.21,Dining
CUST00407,2025-03-16,171.57,Dining
CUST00407,2025-06-17,12.78,Electronics
CUST00407,2024-06-21,70.38,Dining
CUST00407,2025-03-06,102.69,Grocery
CUST00407,2024-07-08,51.81,Electronics
CUST00407,2024-10-19,64.21,Clothing
CUST00407,2024-08-08,92.43,Travel
CUST00407,2024-07-15,36.19,Travel
CUST00407,2025-07-28,11.14,Dining
CUST00407,2025-03-11,40.73,Dining
CUST00407,2024-10-21,14.82,Travel
CUST00407,2024-08-13,76.86,Dining
CUST00407,2024-09-13,155.98,Clothing
CUST00407,2024-10-26,99.07,Electronics
CUST00407,2025-07-04,189.69,Electronics
CUST00407,2024-11-18,26.46,Dining
CUST00407,2025-03-10,115.62,Electronics
CUST00407,2025-02-15,9.66,Travel
CUST00407,2025-04-18,36.88,Electronics
CUST00407,2025-03-31,86.22,Electronics
CUST00407,2024-11-07,51.37,Electronics
CUST00407,2024-09-19,76.19,Electronics
CUST00407,2024-12-25,153.83,Clothing
CUST00407,2024-08-03,131.34,Electronics
CUST00407,2024-10-09,72.86,Clothing
CUST00407,2025-04-28,56.41,Grocery
CUST00407,2024-09-23,5.14,Travel
CUST00407,2025-04-06,47.38,Electronics
CUST00407,2024-07-04,18.09,Travel
CUST00407,2024-11-30,83.03,Travel
CUST00407,2024-11-27,5.79,Electronics
CUST00407,2025-03-02,23.59,Clothing
CUST00407,2025-01-28,110.85,Grocery
CUST00408,2025-04-07,16.31,Electronics
CUST00408,2024-03-11,79.57,Travel
CUST00408,2024-12-03,62.93,Clothing
CUST00408,2024-11-25,163.81,Electronics
CUST00408,2024-03-12,77.39,Grocery
CUST00408,2025-05-23,94.93,Travel
CUST00408,2023-12-01,41.0,Electronics
CUST00408,2024-01-09,148.89,Dining
CUST00408,2025-05-22,40.2,Electronics
CUST00408,2023-11-10,38.61,Electronics
CUST00408,2023-12-09,130.86,Electronics
CUST00408,2023-11-15,5.41,Electronics
CUST00408,2025-02-23,20.28,Electronics
CUST00408,2024-07-27,51.97,Clothing
CUST00408,2025-01-28,54.0,Electronics
CUST00408,2025-05-08,38.2,Clothing
CUST00408,2025-02-17,20.81,Clothing
CUST00408,2024-09-05,93.65,Clothing
CUST00408,2023-10-26,32.96,Travel
CUST00408,2024-11-05,64.25,Clothing
CUST00408,2024-08-03,26.19,Clothing
CUST00408,2025-01-04,28.73,Grocery
CUST00408,2025-03-09,16.62,Grocery
CUST00408,2024-07-06,28.68,Grocery
CUST00408,2023-10-30,172.73,Grocery
CUST00408,2025-01-12,86.71,Grocery
CUST00408,2023-11-12,68.7,Travel
CUST00408,2023-09-22,103.1,Travel
CUST00408,2025-07-14,177.84,Dining
CUST00408,2025-01-26,24.88,Electronics
CUST00408,2025-07-16,170.8,Electronics
CUST00408,2023-10-06,15.74,Travel
CUST00408,2024-03-06,126.96,Clothing
CUST00408,2024-08-24,77.26,Clothing
CUST00408,2025-04-30,28.03,Clothing
CUST00408,2024-09-14,96.95,Electronics
CUST00408,2023-11-04,81.03,Travel
CUST00408,2024-06-23,18.68,Dining
CUST00408,2024-02-08,90.77,Dining
CUST00408,2024-09-15,41.16,Clothing
CUST00408,2024-09-11,133.6,Travel
CUST00408,2023-09-27,10.18,Travel
CUST00408,2023-10-09,80.83,Travel
CUST00408,2024-12-04,23.6,Travel
CUST00408,2024-06-20,22.6,Grocery
CUST00408,2024-07-10,13.44,Clothing
CUST00408,2024-02-16,61.6,Clothing
CUST00408,2024-10-19,25.54,Grocery
CUST00408,2024-12-31,33.3,Dining
CUST00408,2025-05-22,100.21,Electronics
CUST00408,2024-09-11,53.59,Dining
CUST00408,2023-09-23,184.12,Electronics
CUST00408,2025-01-02,250.87,Clothing
CUST00408,2025-04-27,14.37,Clothing
CUST00408,2025-01-30,112.61,Clothing
CUST00408,2025-02-07,43.27,Electronics
CUST00408,2024-10-24,12.07,Clothing
CUST00408,2024-10-23,71.34,Grocery
CUST00408,2023-10-17,6.07,Travel
CUST00408,2024-04-25,31.86,Clothing
CUST00408,2025-04-13,45.86,Clothing
CUST00408,2024-04-13,56.72,Dining
CUST00408,2024-08-21,7.51,Electronics
CUST00408,2023-11-12,40.03,Clothing
CUST00408,2024-02-21,89.96,Grocery
CUST00408,2023-11-13,257.99,Grocery
CUST00408,2024-03-31,100.37,Travel
CUST00408,2025-04-05,73.83,Electronics
CUST00408,2024-09-19,177.58,Grocery
CUST00408,2025-05-06,45.11,Grocery
CUST00408,2024-05-06,128.81,Clothing
CUST00408,2024-06-30,57.12,Electronics
CUST00408,2024-07-23,306.96,Clothing
CUST00408,2023-12-02,78.58,Electronics
CUST00408,2023-10-07,42.57,Dining
CUST00408,2024-07-03,23.63,Travel
CUST00408,2025-01-15,77.12,Electronics
CUST00408,2024-02-11,20.33,Electronics
CUST00408,2023-11-19,15.78,Travel
CUST00408,2024-07-29,50.89,Grocery
CUST00408,2025-02-18,30.18,Grocery
CUST00408,2024-11-23,74.45,Dining
CUST00408,2025-06-03,151.1,Dining
CUST00408,2024-03-03,48.69,Travel
CUST00408,2025-02-20,17.15,Electronics
CUST00408,2023-09-26,62.75,Electronics
CUST00408,2024-11-22,19.86,Grocery
CUST00408,2024-06-08,72.97,Grocery
CUST00408,2025-03-14,14.07,Electronics
CUST00408,2024-08-12,54.13,Clothing
CUST00408,2024-06-06,204.31,Grocery
CUST00408,2024-05-03,48.49,Dining
CUST00408,2024-09-22,74.73,Clothing
CUST00408,2025-05-08,27.76,Dining
CUST00408,2024-08-12,20.36,Travel
CUST00408,2023-12-25,21.14,Clothing
CUST00408,2024-12-29,11.3,Dining
CUST00408,2025-06-13,264.04,Electronics
CUST00408,2024-09-11,122.67,Travel
CUST00408,2023-12-16,189.41,Travel
CUST00408,2024-08-16,65.24,Dining
CUST00408,2025-01-22,186.12,Grocery
CUST00408,2025-03-18,71.35,Electronics
CUST00409,2025-03-04,188.09,Dining
CUST00409,2024-07-06,77.29,Grocery
CUST00409,2024-06-17,49.15,Grocery
CUST00409,2024-11-10,86.46,Grocery
CUST00409,2025-04-26,107.34,Electronics
CUST00409,2024-10-10,22.64,Travel
CUST00409,2025-05-12,41.91,Grocery
CUST00409,2024-10-20,67.65,Clothing
CUST00409,2024-07-30,59.6,Grocery
CUST00409,2023-09-12,9.74,Dining
CUST00409,2023-08-20,90.78,Clothing
CUST00409,2024-04-28,42.94,Dining
CUST00409,2025-02-24,58.68,Grocery
CUST00409,2024-04-07,35.4,Electronics
CUST00409,2024-01-29,15.73,Grocery
CUST00409,2025-01-20,118.95,Travel
CUST00409,2024-02-11,24.45,Dining
CUST00409,2024-06-04,40.85,Electronics
CUST00409,2025-03-23,26.28,Travel
CUST00409,2025-07-12,39.0,Travel
CUST00409,2025-06-01,51.18,Dining
CUST00409,2024-04-05,20.31,Grocery
CUST00409,2024-08-22,46.74,Clothing
CUST00409,2025-01-22,25.5,Dining
CUST00409,2025-05-11,44.9,Clothing
CUST00409,2024-08-28,253.97,Dining
CUST00409,2024-10-20,482.38,Clothing
CUST00409,2025-03-24,151.66,Travel
CUST00409,2024-07-30,42.89,Travel
CUST00409,2025-07-09,176.3,Dining
CUST00409,2025-01-11,50.51,Electronics
CUST00409,2025-02-22,56.78,Electronics
CUST00409,2023-09-01,50.46,Dining
CUST00409,2023-09-18,20.53,Grocery
CUST00409,2025-01-05,128.86,Electronics
CUST00409,2024-08-31,84.77,Dining
CUST00409,2024-08-18,112.31,Dining
CUST00409,2024-10-14,35.68,Travel
CUST00409,2025-06-24,86.62,Grocery
CUST00409,2023-12-02,103.92,Clothing
CUST00409,2024-04-23,34.92,Grocery
CUST00409,2024-10-24,90.54,Grocery
CUST00409,2025-06-08,48.9,Grocery
CUST00409,2025-03-13,31.7,Grocery
CUST00409,2024-04-19,59.01,Dining
CUST00409,2024-08-14,46.82,Clothing
CUST00409,2025-02-25,81.04,Electronics
CUST00409,2025-06-25,64.38,Electronics
CUST00409,2024-06-13,143.04,Grocery
CUST00409,2023-10-30,42.67,Travel
CUST00409,2023-11-15,29.69,Grocery
CUST00409,2024-05-04,87.57,Dining
CUST00409,2024-05-22,50.16,Grocery
CUST00409,2024-06-17,30.26,Travel
CUST00409,2024-05-12,32.75,Grocery
CUST00409,2024-04-19,66.66,Electronics
CUST00409,2025-01-30,28.47,Clothing
CUST00409,2024-11-17,47.36,Travel
CUST00409,2025-01-12,98.61,Grocery
CUST00409,2024-08-04,23.61,Clothing
CUST00409,2024-12-07,50.81,Electronics
CUST00409,2025-05-21,60.35,Clothing
CUST00409,2024-06-12,186.27,Electronics
CUST00409,2023-11-18,15.63,Clothing
CUST00409,2023-10-06,47.11,Clothing
CUST00409,2024-05-29,108.49,Electronics
CUST00409,2024-01-16,146.84,Dining
CUST00409,2025-04-12,315.92,Travel
CUST00409,2025-06-25,68.42,Grocery
CUST00409,2025-06-12,35.48,Dining
CUST00409,2025-01-27,43.55,Electronics
CUST00409,2023-11-25,100.1,Clothing
CUST00409,2025-03-26,19.43,Electronics
CUST00409,2024-09-10,36.18,Electronics
CUST00409,2025-01-20,11.04,Grocery
CUST00409,2024-04-17,56.52,Electronics
CUST00409,2024-05-14,278.02,Grocery
CUST00409,2024-08-24,23.32,Grocery
CUST00409,2024-08-06,11.62,Clothing
CUST00409,2025-07-26,132.62,Dining
CUST00409,2023-12-03,100.53,Clothing
CUST00409,2024-02-29,109.11,Travel
CUST00409,2024-08-26,11.29,Travel
CUST00409,2023-07-24,104.76,Dining
CUST00409,2024-10-25,34.11,Grocery
CUST00409,2023-11-12,38.07,Clothing
CUST00409,2025-06-27,148.95,Clothing
CUST00409,2025-05-11,24.48,Dining
CUST00409,2023-12-01,84.78,Grocery
CUST00409,2024-04-02,53.18,Dining
CUST00409,2025-03-30,38.57,Travel
CUST00409,2024-12-03,52.34,Electronics
CUST00409,2025-02-25,82.18,Grocery
CUST00409,2024-09-24,15.24,Grocery
CUST00409,2024-12-30,52.44,Electronics
CUST00409,2025-03-26,65.82,Electronics
CUST00409,2024-12-02,16.31,Grocery
CUST00409,2025-03-21,14.79,Travel
CUST00409,2024-02-24,83.6,Clothing
CUST00409,2024-02-14,60.99,Electronics
CUST00409,2024-07-22,29.08,Dining
CUST00409,2024-02-24,112.16,Travel
CUST00409,2024-08-01,11.64,Dining
CUST00410,2025-04-05,20.55,Grocery
CUST00410,2025-04-24,26.24,Dining
CUST00410,2025-05-11,24.63,Clothing
CUST00410,2025-05-26,8.39,Dining
CUST00410,2025-04-23,50.75,Dining
CUST00410,2025-05-04,128.49,Electronics
CUST00410,2025-06-17,12.02,Dining
CUST00410,2025-04-07,92.33,Clothing
CUST00410,2025-05-29,35.45,Electronics
CUST00410,2025-03-27,22.19,Dining
CUST00410,2025-04-28,24.97,Grocery
CUST00410,2025-06-12,12.57,Clothing
CUST00410,2025-06-10,335.72,Electronics
CUST00410,2025-06-04,70.96,Dining
CUST00410,2025-04-29,8.66,Electronics
CUST00410,2025-07-09,384.86,Travel
CUST00410,2025-03-30,51.86,Grocery
CUST00410,2025-07-26,125.95,Dining
CUST00410,2025-05-12,101.03,Travel
CUST00410,2025-03-29,23.03,Grocery
CUST00410,2025-06-14,15.21,Grocery
CUST00410,2025-04-26,121.08,Grocery
CUST00410,2025-06-24,74.38,Clothing
CUST00410,2025-07-11,353.68,Clothing
CUST00410,2025-06-12,5.58,Electronics
CUST00410,2025-04-12,15.73,Clothing
CUST00410,2025-03-28,9.89,Clothing
CUST00410,2025-05-11,104.39,Grocery
CUST00410,2025-03-30,106.69,Grocery
CUST00410,2025-04-12,123.36,Grocery
CUST00410,2025-05-12,17.94,Electronics
CUST00410,2025-06-20,280.08,Clothing
CUST00410,2025-04-26,14.37,Electronics
CUST00410,2025-06-08,95.85,Grocery
CUST00410,2025-06-30,90.33,Dining
CUST00410,2025-04-24,37.77,Grocery
CUST00410,2025-05-26,60.71,Electronics
CUST00410,2025-04-16,37.38,Clothing
CUST00410,2025-06-17,44.94,Grocery
CUST00410,2025-06-27,16.55,Dining
CUST00410,2025-07-26,15.86,Clothing
CUST00410,2025-04-11,11.7,Travel
CUST00410,2025-05-31,36.26,Travel
CUST00410,2025-03-30,29.72,Electronics
CUST00410,2025-04-28,20.14,Dining
CUST00410,2025-04-18,13.29,Clothing
CUST00410,2025-03-31,135.82,Electronics
CUST00410,2025-03-27,91.94,Travel
CUST00410,2025-05-20,127.66,Grocery
CUST00410,2025-04-22,228.71,Dining
CUST00410,2025-05-28,58.43,Dining
CUST00410,2025-07-11,15.1,Clothing
CUST00410,2025-04-21,40.89,Electronics
CUST00410,2025-07-13,28.39,Electronics
CUST00410,2025-06-23,21.55,Dining
CUST00410,2025-05-03,62.57,Clothing
CUST00410,2025-03-30,23.95,Electronics
CUST00410,2025-03-30,77.45,Clothing
CUST00410,2025-07-27,35.16,Dining
CUST00410,2025-07-12,66.33,Grocery
CUST00410,2025-04-05,183.11,Travel
CUST00410,2025-07-28,192.32,Dining
CUST00410,2025-04-19,92.63,Grocery
CUST00410,2025-06-22,140.15,Clothing
CUST00410,2025-05-07,160.24,Dining
CUST00410,2025-07-11,37.27,Dining
CUST00410,2025-04-03,31.8,Grocery
CUST00410,2025-04-17,20.88,Clothing
CUST00410,2025-05-13,11.21,Dining
CUST00410,2025-06-23,5.66,Electronics
CUST00410,2025-04-02,98.54,Dining
CUST00410,2025-07-14,61.7,Travel
CUST00410,2025-03-28,59.58,Clothing
CUST00410,2025-06-17,48.38,Dining
CUST00410,2025-07-19,102.32,Clothing
CUST00410,2025-05-20,133.62,Electronics
CUST00410,2025-04-16,369.97,Dining
CUST00410,2025-05-07,167.83,Grocery
CUST00410,2025-05-07,50.71,Clothing
CUST00410,2025-06-02,112.77,Travel
CUST00410,2025-07-03,256.6,Electronics
CUST00410,2025-07-05,49.61,Travel
CUST00410,2025-05-17,309.34,Dining
CUST00410,2025-04-13,32.34,Grocery
CUST00410,2025-06-02,114.69,Electronics
CUST00410,2025-07-26,35.31,Dining
CUST00410,2025-07-17,32.3,Travel
CUST00410,2025-04-17,221.64,Grocery
CUST00410,2025-04-01,38.57,Grocery
CUST00410,2025-05-10,267.61,Electronics
CUST00410,2025-03-30,54.71,Clothing
CUST00410,2025-05-03,101.65,Clothing
CUST00410,2025-04-16,230.87,Travel
CUST00410,2025-04-11,30.46,Dining
CUST00410,2025-06-24,158.52,Electronics
CUST00410,2025-06-29,69.74,Clothing
CUST00410,2025-06-04,14.22,Dining
CUST00410,2025-06-16,131.75,Electronics
CUST00410,2025-07-26,87.08,Travel
CUST00410,2025-04-28,30.69,Grocery
CUST00410,2025-07-05,48.5,Grocery
CUST00410,2025-05-30,122.96,Dining
CUST00410,2025-04-12,532.47,Dining
CUST00410,2025-07-13,89.49,Dining
CUST00410,2025-06-27,13.06,Electronics
CUST00410,2025-05-09,5.73,Dining
CUST00410,2025-07-18,102.41,Travel
CUST00411,2023-11-21,189.47,Dining
CUST00411,2024-08-20,75.77,Clothing
CUST00411,2023-04-14,6.04,Dining
CUST00411,2023-04-10,141.2,Clothing
CUST00411,2022-02-27,21.59,Travel
CUST00411,2024-12-03,10.72,Electronics
CUST00411,2022-07-06,11.38,Travel
CUST00411,2022-01-23,114.3,Grocery
CUST00411,2022-03-19,47.32,Clothing
CUST00411,2024-08-21,16.85,Travel
CUST00411,2024-08-14,93.36,Dining
CUST00411,2023-09-26,55.49,Dining
CUST00411,2024-01-12,144.89,Dining
CUST00411,2022-06-30,256.93,Grocery
CUST00411,2023-08-20,124.69,Dining
CUST00411,2022-12-03,92.75,Grocery
CUST00411,2024-05-20,13.78,Grocery
CUST00411,2025-04-11,10.58,Grocery
CUST00411,2024-01-06,275.18,Clothing
CUST00411,2024-07-17,103.85,Clothing
CUST00411,2023-11-26,55.26,Clothing
CUST00411,2022-12-17,29.0,Clothing
CUST00411,2025-07-03,60.3,Electronics
CUST00411,2025-04-18,17.46,Grocery
CUST00411,2024-11-19,76.81,Clothing
CUST00411,2024-10-15,12.35,Clothing
CUST00411,2022-08-01,16.96,Dining
CUST00411,2023-02-11,62.38,Travel
CUST00411,2022-09-06,108.5,Electronics
CUST00411,2023-12-20,15.28,Grocery
CUST00411,2023-10-23,209.68,Travel
CUST00411,2023-09-03,17.25,Clothing
CUST00411,2023-01-16,96.57,Clothing
CUST00411,2024-10-27,62.26,Grocery
CUST00411,2025-03-15,133.92,Clothing
CUST00411,2024-08-01,21.06,Electronics
CUST00411,2025-06-02,277.07,Clothing
CUST00411,2022-10-11,137.09,Travel
CUST00411,2024-08-13,12.62,Clothing
CUST00411,2025-03-24,7.49,Travel
CUST00411,2024-04-07,103.46,Grocery
CUST00411,2024-03-15,10.44,Dining
CUST00411,2022-12-14,412.74,Dining
CUST00411,2024-10-13,24.24,Clothing
CUST00411,2025-06-22,79.64,Grocery
CUST00411,2023-05-11,20.56,Electronics
CUST00411,2022-07-23,93.14,Travel
CUST00411,2025-05-05,22.17,Grocery
CUST00411,2024-03-10,138.49,Clothing
CUST00411,2022-12-19,31.7,Dining
CUST00411,2022-12-30,121.26,Grocery
CUST00411,2024-04-08,6.21,Grocery
CUST00411,2023-05-25,224.13,Electronics
CUST00411,2021-12-04,31.75,Grocery
CUST00411,2025-06-26,114.47,Travel
CUST00411,2022-01-03,118.99,Grocery
CUST00411,2022-07-24,127.71,Grocery
CUST00411,2022-02-15,73.03,Electronics
CUST00411,2023-07-25,111.49,Clothing
CUST00411,2022-05-24,9.13,Dining
CUST00411,2021-12-27,280.27,Dining
CUST00411,2021-11-24,158.59,Electronics
CUST00411,2022-11-10,51.05,Travel
CUST00411,2022-06-29,133.31,Electronics
CUST00411,2023-02-02,40.88,Travel
CUST00411,2024-03-09,25.45,Clothing
CUST00411,2024-08-08,97.79,Clothing
CUST00411,2024-08-21,105.85,Travel
CUST00411,2024-12-13,282.49,Clothing
CUST00411,2024-07-29,160.95,Clothing
CUST00411,2024-05-21,6.19,Dining
CUST00411,2023-01-19,68.94,Travel
CUST00411,2022-10-29,164.79,Travel
CUST00411,2024-06-07,109.0,Travel
CUST00411,2024-07-07,9.67,Grocery
CUST00411,2023-05-21,6.45,Travel
CUST00411,2023-06-28,30.9,Grocery
CUST00411,2023-05-31,173.24,Travel
CUST00411,2025-07-08,31.19,Travel
CUST00411,2023-05-03,33.94,Travel
CUST00411,2023-02-12,8.99,Travel
CUST00411,2022-08-31,59.85,Dining
CUST00411,2022-06-01,176.41,Electronics
CUST00411,2023-04-01,22.89,Electronics
CUST00411,2024-04-08,15.42,Grocery
CUST00411,2025-01-14,20.45,Clothing
CUST00411,2024-02-13,6.43,Grocery
CUST00411,2024-11-23,180.97,Electronics
CUST00411,2025-03-31,15.28,Grocery
CUST00411,2023-06-06,163.78,Electronics
CUST00411,2022-10-11,14.8,Clothing
CUST00411,2024-03-09,28.62,Electronics
CUST00411,2025-05-03,86.66,Dining
CUST00411,2023-03-02,128.13,Clothing
CUST00411,2022-07-12,66.17,Dining
CUST00411,2024-01-29,16.29,Clothing
CUST00411,2023-03-07,73.67,Dining
CUST00411,2023-11-06,12.32,Travel
CUST00411,2023-02-02,321.21,Clothing
CUST00411,2022-10-31,138.33,Travel
CUST00411,2021-11-13,14.86,Grocery
CUST00412,2021-08-13,38.35,Dining
CUST00412,2023-11-01,37.39,Clothing
CUST00412,2020-12-24,76.37,Dining
CUST00412,2022-02-19,68.94,Travel
CUST00412,2024-07-28,146.44,Electronics
CUST00412,2024-07-23,80.54,Electronics
CUST00412,2024-08-17,68.24,Grocery
CUST00412,2023-05-01,184.0,Dining
CUST00412,2022-03-23,253.57,Travel
CUST00412,2022-03-13,105.76,Clothing
CUST00412,2022-04-19,58.31,Electronics
CUST00412,2021-03-25,12.66,Travel
CUST00412,2021-06-13,149.33,Electronics
CUST00412,2024-07-13,13.66,Grocery
CUST00412,2021-01-20,6.58,Grocery
CUST00412,2024-07-06,78.76,Travel
CUST00412,2025-02-09,80.69,Travel
CUST00412,2025-01-06,26.59,Travel
CUST00412,2021-01-27,142.72,Clothing
CUST00412,2022-06-17,29.85,Clothing
CUST00412,2022-11-06,52.39,Electronics
CUST00412,2024-12-18,22.85,Grocery
CUST00412,2024-11-14,139.12,Travel
CUST00412,2022-05-27,336.43,Grocery
CUST00412,2021-11-09,170.08,Travel
CUST00412,2023-11-05,47.33,Clothing
CUST00412,2022-12-31,37.81,Travel
CUST00412,2021-03-30,24.34,Travel
CUST00412,2022-08-30,18.98,Dining
CUST00412,2021-10-27,30.7,Clothing
CUST00412,2021-08-06,41.52,Travel
CUST00412,2024-04-10,151.61,Clothing
CUST00412,2025-02-03,60.96,Travel
CUST00412,2025-04-01,39.62,Electronics
CUST00412,2022-09-13,131.77,Electronics
CUST00412,2024-09-17,79.41,Clothing
CUST00412,2023-06-27,111.08,Grocery
CUST00412,2025-02-12,24.25,Electronics
CUST00412,2023-03-15,256.19,Clothing
CUST00412,2022-08-04,5.67,Clothing
CUST00412,2021-12-19,210.84,Clothing
CUST00412,2024-01-12,96.34,Grocery
CUST00412,2022-01-10,141.91,Grocery
CUST00412,2025-05-24,141.25,Dining
CUST00412,2020-10-09,78.02,Dining
CUST00412,2022-01-16,11.93,Travel
CUST00412,2022-05-04,35.01,Electronics
CUST00412,2020-12-23,250.81,Clothing
CUST00412,2022-07-22,25.11,Dining
CUST00412,2022-11-03,75.5,Dining
CUST00412,2021-12-30,18.53,Travel
CUST00412,2022-09-02,15.27,Clothing
CUST00412,2024-09-12,34.25,Electronics
CUST00412,2021-04-09,72.61,Travel
CUST00412,2024-10-30,91.58,Travel
CUST00412,2022-05-02,95.62,Travel
CUST00412,2024-09-16,20.47,Travel
CUST00412,2020-12-20,29.45,Electronics
CUST00412,2021-03-04,21.66,Electronics
CUST00412,2021-12-19,62.82,Dining
CUST00412,2021-11-05,106.1,Travel
CUST00412,2022-11-09,105.85,Dining
CUST00412,2024-02-21,5.83,Electronics
CUST00412,2023-12-19,40.94,Travel
CUST00412,2024-01-24,108.53,Travel
CUST00412,2022-05-10,28.68,Dining
CUST00412,2020-09-21,318.94,Electronics
CUST00412,2025-03-26,43.19,Travel
CUST00412,2024-10-28,97.55,Electronics
CUST00412,2024-12-05,77.15,Grocery
CUST00412,2025-05-18,117.48,Travel
CUST00412,2020-12-22,109.93,Grocery
CUST00412,2024-04-09,250.64,Dining
CUST00412,2021-06-29,91.13,Electronics
CUST00412,2024-01-28,118.64,Grocery
CUST00412,2020-09-30,55.93,Dining
CUST00412,2022-03-09,35.03,Dining
CUST00412,2025-05-16,108.06,Electronics
CUST00412,2021-07-12,418.06,Grocery
CUST00412,2025-05-16,11.9,Travel
CUST00412,2023-07-29,6.07,Dining
CUST00412,2021-08-15,35.01,Travel
CUST00412,2025-08-01,205.87,Electronics
CUST00412,2025-05-10,71.94,Travel
CUST00412,2022-02-20,42.75,Electronics
CUST00412,2022-06-28,16.53,Clothing
CUST00412,2022-12-15,10.82,Clothing
CUST00412,2023-08-17,6.17,Electronics
CUST00412,2025-02-08,64.95,Electronics
CUST00412,2021-10-31,13.59,Travel
CUST00412,2020-11-04,50.04,Clothing
CUST00412,2024-08-28,87.75,Travel
CUST00412,2022-05-11,18.9,Grocery
CUST00412,2022-04-18,52.13,Clothing
CUST00412,2021-10-07,8.32,Electronics
CUST00412,2023-03-09,48.86,Clothing
CUST00412,2024-10-26,18.28,Clothing
CUST00412,2021-07-10,190.67,Clothing
CUST00412,2024-05-23,15.32,Travel
CUST00412,2023-04-03,248.68,Electronics
CUST00412,2023-11-11,12.81,Travel
CUST00412,2022-04-24,17.04,Travel
CUST00412,2025-05-02,22.52,Clothing
CUST00412,2020-09-21,31.14,Travel
CUST00412,2021-09-22,68.03,Electronics
CUST00413,2024-08-06,213.75,Electronics
CUST00413,2025-05-27,84.86,Dining
CUST00413,2023-04-08,68.6,Dining
CUST00413,2023-12-23,26.69,Grocery
CUST00413,2024-09-12,55.19,Clothing
CUST00413,2023-06-18,5.69,Dining
CUST00413,2024-07-23,15.71,Dining
CUST00413,2025-07-05,179.59,Travel
CUST00413,2024-10-12,53.36,Dining
CUST00413,2025-07-10,34.5,Travel
CUST00413,2025-03-15,29.41,Electronics
CUST00413,2024-05-14,122.52,Dining
CUST00413,2023-09-03,6.78,Electronics
CUST00413,2023-11-07,48.7,Clothing
CUST00413,2024-07-25,28.76,Dining
CUST00413,2024-04-21,69.44,Travel
CUST00413,2024-05-13,280.4,Grocery
CUST00413,2025-03-02,25.33,Travel
CUST00413,2023-11-18,156.43,Travel
CUST00413,2024-03-01,24.97,Travel
CUST00413,2025-03-29,40.66,Travel
CUST00413,2024-11-15,10.48,Electronics
CUST00413,2023-12-27,27.55,Grocery
CUST00413,2025-07-09,7.52,Dining
CUST00413,2024-08-02,350.48,Electronics
CUST00413,2024-08-21,64.8,Electronics
CUST00413,2025-06-05,8.94,Grocery
CUST00413,2024-10-14,73.32,Grocery
CUST00413,2022-12-17,24.92,Travel
CUST00413,2023-07-04,5.63,Electronics
CUST00413,2023-08-30,14.38,Grocery
CUST00413,2024-09-25,85.5,Electronics
CUST00413,2024-06-23,73.58,Dining
CUST00413,2024-11-16,36.35,Grocery
CUST00413,2023-10-04,119.27,Clothing
CUST00413,2023-11-03,129.39,Dining
CUST00413,2023-12-31,88.55,Travel
CUST00413,2023-07-02,47.89,Dining
CUST00413,2023-11-08,364.68,Grocery
CUST00413,2024-04-10,81.65,Electronics
CUST00413,2024-12-22,102.9,Travel
CUST00413,2023-09-06,37.74,Electronics
CUST00413,2024-03-10,14.46,Electronics
CUST00413,2024-11-26,105.06,Clothing
CUST00413,2025-06-14,165.47,Dining
CUST00413,2023-07-20,19.18,Dining
CUST00413,2023-05-14,159.14,Electronics
CUST00413,2024-06-02,153.68,Dining
CUST00413,2025-06-02,6.69,Electronics
CUST00413,2023-04-30,150.91,Grocery
CUST00413,2023-05-21,136.36,Dining
CUST00413,2022-12-04,24.9,Grocery
CUST00413,2025-03-12,13.95,Dining
CUST00413,2024-05-24,53.44,Electronics
CUST00413,2023-06-20,27.21,Electronics
CUST00413,2024-09-02,229.79,Travel
CUST00413,2024-10-13,26.62,Clothing
CUST00413,2023-08-22,29.17,Electronics
CUST00413,2024-06-25,64.95,Travel
CUST00413,2023-12-18,53.63,Grocery
CUST00413,2023-10-01,86.08,Clothing
CUST00413,2023-12-05,16.1,Clothing
CUST00413,2025-03-16,93.95,Travel
CUST00413,2025-02-06,36.56,Clothing
CUST00413,2023-03-16,232.04,Clothing
CUST00413,2025-04-07,281.17,Travel
CUST00413,2023-04-07,11.56,Travel
CUST00413,2025-06-06,117.41,Grocery
CUST00413,2023-10-15,20.26,Grocery
CUST00413,2025-06-30,62.87,Travel
CUST00413,2024-08-15,219.76,Electronics
CUST00413,2023-07-07,105.78,Travel
CUST00413,2024-04-08,175.95,Clothing
CUST00413,2023-11-09,14.13,Grocery
CUST00413,2024-10-29,368.11,Dining
CUST00413,2024-12-02,88.94,Dining
CUST00413,2025-03-07,25.52,Electronics
CUST00413,2023-07-10,20.59,Dining
CUST00413,2024-05-17,47.21,Dining
CUST00413,2025-04-18,126.0,Grocery
CUST00413,2023-05-15,153.24,Electronics
CUST00413,2023-11-15,68.8,Electronics
CUST00413,2025-04-10,27.09,Grocery
CUST00413,2023-05-10,45.94,Dining
CUST00413,2025-03-10,67.25,Dining
CUST00413,2025-03-12,35.65,Grocery
CUST00413,2024-02-22,64.37,Dining
CUST00413,2025-07-14,199.13,Grocery
CUST00413,2024-09-19,175.4,Electronics
CUST00413,2023-03-30,51.35,Electronics
CUST00413,2023-08-14,422.99,Clothing
CUST00413,2023-11-14,420.63,Dining
CUST00413,2023-06-24,21.1,Electronics
CUST00413,2025-05-21,29.01,Dining
CUST00413,2023-01-06,27.48,Electronics
CUST00413,2023-03-20,72.1,Clothing
CUST00413,2023-05-05,8.57,Travel
CUST00413,2024-05-11,108.84,Dining
CUST00413,2024-09-23,28.18,Travel
CUST00413,2025-02-11,112.38,Electronics
CUST00413,2023-12-29,10.43,Clothing
CUST00413,2024-10-31,255.93,Grocery
CUST00413,2025-04-28,72.54,Electronics
CUST00413,2023-08-01,23.69,Clothing
CUST00413,2023-12-27,130.03,Clothing
CUST00413,2025-03-29,102.16,Grocery
CUST00413,2023-10-31,30.88,Clothing
CUST00413,2023-05-12,20.28,Electronics
CUST00413,2023-02-23,118.0,Grocery
CUST00413,2024-06-24,68.82,Grocery
CUST00413,2024-10-14,28.63,Electronics
CUST00413,2023-02-21,50.48,Electronics
CUST00413,2025-02-09,24.7,Travel
CUST00413,2023-03-09,154.78,Electronics
CUST00413,2023-03-16,92.05,Clothing
CUST00413,2024-07-10,26.0,Grocery
CUST00413,2023-01-04,50.96,Dining
CUST00413,2024-02-05,12.98,Travel
CUST00413,2024-07-25,8.74,Dining
CUST00413,2025-06-04,16.34,Travel
CUST00414,2023-09-25,64.22,Grocery
CUST00414,2024-10-01,138.69,Grocery
CUST00414,2021-12-19,59.36,Travel
CUST00414,2024-05-25,46.29,Dining
CUST00414,2022-05-29,30.81,Clothing
CUST00414,2024-03-16,39.18,Travel
CUST00414,2023-05-21,362.94,Clothing
CUST00414,2023-11-30,65.84,Travel
CUST00414,2024-11-29,185.03,Grocery
CUST00414,2023-11-05,13.98,Electronics
CUST00414,2023-11-06,77.87,Electronics
CUST00414,2021-10-08,116.49,Electronics
CUST00414,2023-08-10,12.93,Electronics
CUST00414,2023-11-16,23.73,Clothing
CUST00414,2022-06-02,68.64,Dining
CUST00414,2022-11-24,204.42,Dining
CUST00414,2021-04-02,205.7,Clothing
CUST00414,2023-03-16,32.8,Electronics
CUST00414,2022-05-23,8.44,Dining
CUST00414,2022-11-30,169.37,Dining
CUST00414,2022-02-19,119.02,Electronics
CUST00414,2022-07-17,48.52,Electronics
CUST00414,2022-03-28,53.33,Electronics
CUST00414,2022-12-13,102.73,Clothing
CUST00414,2021-08-05,162.34,Travel
CUST00414,2024-11-01,206.28,Electronics
CUST00414,2021-03-24,52.04,Dining
CUST00414,2021-10-23,159.97,Grocery
CUST00414,2024-08-19,68.34,Clothing
CUST00414,2024-10-10,123.94,Grocery
CUST00414,2025-04-30,24.53,Electronics
CUST00414,2023-11-30,64.83,Grocery
CUST00414,2022-05-05,73.23,Travel
CUST00414,2021-08-01,155.3,Grocery
CUST00414,2022-12-22,43.03,Dining
CUST00414,2024-10-04,72.35,Grocery
CUST00414,2023-11-24,21.86,Grocery
CUST00414,2023-10-19,23.31,Travel
CUST00414,2023-02-27,5.96,Dining
CUST00414,2022-12-27,71.88,Clothing
CUST00414,2024-03-22,5.54,Grocery
CUST00414,2023-06-07,172.96,Dining
CUST00414,2025-04-19,48.9,Travel
CUST00414,2024-10-04,16.59,Electronics
CUST00414,2024-01-29,41.09,Grocery
CUST00414,2023-11-21,144.22,Electronics
CUST00414,2021-11-22,85.84,Dining
CUST00414,2023-04-21,105.06,Electronics
CUST00414,2021-07-20,250.05,Clothing
CUST00414,2024-02-08,18.25,Dining
CUST00414,2023-08-04,82.57,Travel
CUST00414,2023-02-17,65.12,Grocery
CUST00414,2021-03-06,54.27,Electronics
CUST00414,2022-11-15,16.99,Clothing
CUST00414,2022-07-11,41.53,Dining
CUST00414,2021-05-22,161.75,Grocery
CUST00414,2023-07-30,14.07,Grocery
CUST00414,2024-10-17,70.01,Dining
CUST00414,2022-12-16,26.02,Clothing
CUST00414,2022-01-19,35.96,Clothing
CUST00414,2024-05-07,140.33,Travel
CUST00414,2023-12-14,11.69,Travel
CUST00414,2023-10-14,30.05,Clothing
CUST00414,2025-07-16,173.16,Clothing
CUST00414,2023-05-15,7.91,Travel
CUST00414,2022-04-17,109.75,Grocery
CUST00414,2022-12-25,134.17,Electronics
CUST00414,2024-08-09,13.25,Clothing
CUST00414,2021-09-30,75.3,Dining
CUST00414,2023-11-29,85.64,Travel
CUST00414,2024-01-21,119.6,Grocery
CUST00414,2021-09-09,11.69,Electronics
CUST00414,2024-10-05,9.3,Electronics
CUST00414,2024-12-02,94.71,Clothing
CUST00414,2022-07-19,8.08,Clothing
CUST00414,2025-01-28,56.49,Dining
CUST00414,2021-12-19,98.59,Dining
CUST00414,2022-07-18,29.13,Grocery
CUST00414,2021-08-07,73.33,Electronics
CUST00414,2021-06-19,11.71,Grocery
CUST00414,2022-05-14,62.67,Travel
CUST00414,2021-11-24,217.41,Electronics
CUST00414,2021-05-06,29.39,Grocery
CUST00414,2021-04-16,9.38,Dining
CUST00414,2021-05-24,63.87,Travel
CUST00414,2023-10-17,35.49,Electronics
CUST00414,2025-04-05,48.98,Clothing
CUST00414,2021-06-06,228.1,Electronics
CUST00414,2022-01-14,104.63,Electronics
CUST00414,2023-04-20,47.99,Clothing
CUST00414,2023-12-04,9.52,Grocery
CUST00414,2025-05-21,45.17,Travel
CUST00414,2022-07-07,12.16,Dining
CUST00414,2022-09-27,74.05,Clothing
CUST00414,2023-07-05,7.56,Clothing
CUST00414,2023-02-09,79.85,Clothing
CUST00414,2023-09-05,60.32,Dining
CUST00414,2021-03-05,159.05,Grocery
CUST00414,2021-05-18,41.01,Electronics
CUST00414,2024-04-09,26.79,Travel
CUST00414,2024-06-12,247.96,Electronics
CUST00414,2022-10-18,109.6,Clothing
CUST00414,2024-08-18,212.2,Dining
CUST00414,2021-08-29,192.06,Electronics
CUST00414,2021-09-16,108.83,Clothing
CUST00414,2021-08-11,53.46,Travel
CUST00414,2022-05-20,32.07,Grocery
CUST00414,2021-11-27,140.24,Grocery
CUST00414,2024-04-08,56.39,Clothing
CUST00414,2021-05-17,11.97,Dining
CUST00414,2021-11-23,5.11,Grocery
CUST00414,2022-10-07,154.13,Clothing
CUST00414,2021-07-02,9.55,Clothing
CUST00414,2023-02-12,45.93,Electronics
CUST00414,2021-08-07,225.3,Electronics
CUST00414,2023-01-03,117.67,Dining
CUST00414,2021-08-04,430.6,Electronics
CUST00414,2024-06-02,54.82,Travel
CUST00414,2025-06-27,73.48,Clothing
CUST00414,2024-08-14,21.13,Grocery
CUST00414,2022-02-05,81.17,Electronics
CUST00415,2025-02-11,37.32,Grocery
CUST00415,2025-02-03,12.12,Clothing
CUST00415,2025-02-06,22.19,Electronics
CUST00415,2025-04-09,94.16,Electronics
CUST00415,2024-10-19,201.72,Grocery
CUST00415,2025-02-20,12.67,Dining
CUST00415,2025-01-10,16.96,Grocery
CUST00415,2025-02-27,179.99,Grocery
CUST00415,2024-10-11,15.63,Grocery
CUST00415,2024-11-12,18.64,Travel
CUST00415,2024-09-06,109.85,Dining
CUST00415,2024-08-29,120.92,Dining
CUST00415,2025-01-28,58.48,Travel
CUST00415,2024-12-02,36.16,Travel
CUST00415,2025-05-08,28.52,Clothing
CUST00415,2025-04-15,60.63,Dining
CUST00415,2025-01-23,19.38,Electronics
CUST00415,2025-04-30,211.48,Travel
CUST00415,2025-02-08,17.5,Electronics
CUST00415,2025-07-09,66.93,Dining
CUST00415,2025-05-22,138.73,Travel
CUST00415,2025-02-02,30.11,Clothing
CUST00415,2024-10-27,256.46,Dining
CUST00415,2025-03-21,64.46,Dining
CUST00415,2025-02-14,26.84,Dining
CUST00415,2025-06-01,105.72,Dining
CUST00415,2025-01-18,52.93,Clothing
CUST00415,2025-07-16,8.46,Travel
CUST00415,2024-10-23,149.18,Clothing
CUST00415,2025-05-30,81.75,Electronics
CUST00415,2024-10-07,7.92,Travel
CUST00415,2025-07-08,70.98,Dining
CUST00415,2024-10-19,182.93,Travel
CUST00415,2024-10-10,19.21,Dining
CUST00415,2025-07-09,11.21,Dining
CUST00415,2025-03-11,22.06,Grocery
CUST00415,2024-09-13,102.01,Dining
CUST00415,2025-05-14,75.44,Clothing
CUST00415,2025-06-04,313.64,Electronics
CUST00415,2025-05-29,54.42,Clothing
CUST00415,2025-01-01,118.7,Grocery
CUST00415,2025-05-23,69.02,Clothing
CUST00415,2025-07-15,120.71,Travel
CUST00415,2025-04-22,22.88,Grocery
CUST00415,2024-09-24,67.46,Grocery
CUST00415,2025-06-04,80.65,Clothing
CUST00415,2025-01-23,348.94,Electronics
CUST00415,2025-03-30,193.39,Electronics
CUST00415,2024-10-20,86.77,Grocery
CUST00415,2025-05-13,11.44,Electronics
CUST00415,2025-07-19,150.65,Grocery
CUST00415,2025-07-11,40.49,Travel
CUST00415,2025-06-06,62.84,Clothing
CUST00415,2024-11-23,141.52,Grocery
CUST00415,2025-03-18,7.11,Grocery
CUST00415,2025-01-09,60.56,Dining
CUST00415,2024-10-30,27.49,Grocery
CUST00415,2025-05-07,35.49,Electronics
CUST00415,2024-10-10,33.64,Clothing
CUST00415,2025-03-01,65.47,Electronics
CUST00415,2024-12-07,21.88,Electronics
CUST00415,2025-07-06,20.76,Clothing
CUST00415,2025-04-27,161.09,Clothing
CUST00415,2025-03-22,221.32,Travel
CUST00415,2025-03-09,136.55,Grocery
CUST00415,2025-01-31,13.03,Electronics
CUST00415,2024-11-29,14.97,Grocery
CUST00415,2025-05-18,14.41,Clothing
CUST00415,2025-06-23,199.07,Clothing
CUST00415,2025-07-11,152.88,Electronics
CUST00415,2025-04-08,19.26,Electronics
CUST00415,2025-06-08,66.68,Travel
CUST00415,2024-12-23,140.13,Travel
CUST00415,2024-09-05,20.15,Electronics
CUST00415,2024-11-16,65.73,Electronics
CUST00415,2025-04-23,41.64,Grocery
CUST00415,2024-10-08,27.76,Clothing
CUST00415,2024-09-10,379.87,Travel
CUST00415,2025-07-01,12.58,Clothing
CUST00415,2024-10-30,20.15,Electronics
CUST00415,2024-08-25,112.65,Clothing
CUST00415,2025-04-06,382.54,Electronics
CUST00415,2025-05-20,45.2,Grocery
CUST00415,2024-11-02,214.33,Travel
CUST00415,2025-01-31,182.84,Electronics
CUST00415,2024-10-25,57.34,Clothing
CUST00415,2024-11-26,25.25,Grocery
CUST00415,2025-02-19,5.84,Travel
CUST00415,2025-07-05,13.54,Electronics
CUST00415,2025-06-19,33.12,Electronics
CUST00415,2024-11-25,11.37,Electronics
CUST00415,2025-06-30,109.81,Travel
CUST00416,2021-04-19,158.74,Electronics
CUST00416,2024-01-11,59.5,Clothing
CUST00416,2021-11-15,44.93,Grocery
CUST00416,2023-02-14,67.73,Dining
CUST00416,2021-10-31,87.8,Travel
CUST00416,2021-08-01,17.91,Electronics
CUST00416,2023-12-19,100.85,Travel
CUST00416,2023-03-02,207.47,Grocery
CUST00416,2022-07-28,90.85,Dining
CUST00416,2023-07-06,6.3,Electronics
CUST00416,2023-07-16,20.0,Grocery
CUST00416,2023-09-18,91.13,Grocery
CUST00416,2021-12-09,28.32,Dining
CUST00416,2022-02-06,21.53,Electronics
CUST00416,2023-01-03,54.22,Dining
CUST00416,2023-06-07,178.92,Electronics
CUST00416,2022-11-26,130.45,Dining
CUST00416,2024-08-01,19.96,Clothing
CUST00416,2023-05-14,13.53,Grocery
CUST00416,2024-04-28,170.98,Travel
CUST00416,2022-07-20,99.42,Travel
CUST00416,2021-12-29,44.24,Dining
CUST00416,2023-05-05,34.12,Grocery
CUST00416,2024-05-02,6.93,Dining
CUST00416,2021-10-27,7.28,Clothing
CUST00416,2023-07-12,178.5,Travel
CUST00416,2022-08-15,77.67,Clothing
CUST00416,2021-06-14,26.71,Electronics
CUST00416,2023-10-29,39.48,Electronics
CUST00416,2022-08-04,130.39,Dining
CUST00416,2024-06-30,97.28,Grocery
CUST00416,2021-10-02,54.38,Electronics
CUST00416,2025-03-09,112.02,Electronics
CUST00416,2022-11-21,201.4,Dining
CUST00416,2022-02-06,118.12,Clothing
CUST00416,2021-02-19,269.73,Clothing
CUST00416,2022-05-19,31.12,Travel
CUST00416,2021-06-19,130.65,Travel
CUST00416,2022-01-05,84.45,Clothing
CUST00416,2023-12-09,11.02,Clothing
CUST00416,2025-01-27,144.94,Electronics
CUST00416,2021-05-15,67.62,Clothing
CUST00416,2021-12-18,22.45,Dining
CUST00416,2022-12-28,32.98,Electronics
CUST00416,2023-01-12,25.15,Dining
CUST00416,2023-08-17,200.9,Grocery
CUST00416,2024-02-26,132.92,Electronics
CUST00416,2025-04-14,26.62,Grocery
CUST00416,2023-10-18,263.12,Dining
CUST00416,2023-11-10,10.23,Dining
CUST00416,2024-11-14,94.13,Clothing
CUST00416,2024-09-27,134.84,Clothing
CUST00416,2025-02-10,94.62,Clothing
CUST00416,2022-10-07,43.72,Travel
CUST00416,2025-07-31,80.22,Dining
CUST00416,2025-03-18,138.89,Dining
CUST00416,2021-07-07,36.7,Travel
CUST00416,2021-09-08,315.01,Dining
CUST00416,2024-02-10,5.89,Electronics
CUST00416,2021-05-21,97.61,Electronics
CUST00416,2023-03-04,39.6,Grocery
CUST00416,2023-02-05,7.71,Electronics
CUST00416,2025-01-11,129.18,Travel
CUST00416,2025-07-08,89.28,Clothing
CUST00416,2021-11-27,20.76,Electronics
CUST00416,2023-10-24,148.19,Grocery
CUST00416,2024-09-23,6.79,Travel
CUST00416,2023-03-30,39.88,Dining
CUST00416,2024-02-06,49.21,Clothing
CUST00416,2021-09-04,12.39,Dining
CUST00416,2021-10-29,74.26,Clothing
CUST00416,2023-07-05,475.54,Travel
CUST00416,2022-11-30,123.9,Travel
CUST00416,2021-02-12,71.49,Electronics
CUST00416,2023-10-17,66.22,Electronics
CUST00416,2022-09-19,70.3,Dining
CUST00416,2023-09-09,22.56,Dining
CUST00416,2023-05-02,56.81,Electronics
CUST00416,2022-06-28,227.19,Clothing
CUST00416,2021-11-05,49.14,Dining
CUST00416,2024-04-26,125.0,Electronics
CUST00416,2021-05-09,34.15,Grocery
CUST00416,2022-04-01,42.79,Travel
CUST00416,2022-10-28,83.6,Clothing
CUST00416,2023-04-04,111.61,Electronics
CUST00416,2021-03-24,14.15,Dining
CUST00416,2024-07-23,33.12,Grocery
CUST00416,2021-06-30,12.85,Clothing
CUST00416,2022-11-23,38.17,Dining
CUST00416,2024-12-05,20.66,Dining
CUST00416,2024-01-11,15.78,Grocery
CUST00416,2021-05-29,92.15,Dining
CUST00416,2024-11-21,225.26,Dining
CUST00416,2022-02-01,77.64,Travel
CUST00416,2021-10-22,61.75,Travel
CUST00416,2020-11-09,94.64,Electronics
CUST00416,2022-05-28,69.07,Grocery
CUST00416,2022-01-31,19.29,Clothing
CUST00416,2022-02-06,5.66,Electronics
CUST00416,2021-01-26,109.0,Travel
CUST00416,2022-10-17,12.85,Grocery
CUST00416,2025-07-20,48.5,Electronics
CUST00416,2020-11-06,72.32,Electronics
CUST00416,2021-02-11,39.36,Dining
CUST00416,2022-01-11,47.52,Dining
CUST00416,2023-03-22,49.14,Dining
CUST00416,2023-01-04,23.14,Dining
CUST00416,2021-09-02,72.44,Electronics
CUST00416,2024-06-22,131.71,Grocery
CUST00416,2025-02-07,63.79,Grocery
CUST00416,2021-09-03,40.72,Electronics
CUST00416,2021-07-13,202.62,Clothing
CUST00417,2025-04-19,7.77,Dining
CUST00417,2025-05-11,11.26,Grocery
CUST00417,2025-03-05,207.64,Travel
CUST00417,2025-07-19,41.44,Dining
CUST00417,2025-04-16,9.17,Electronics
CUST00417,2025-03-25,107.25,Grocery
CUST00417,2025-03-30,35.17,Travel
CUST00417,2025-05-30,96.15,Electronics
CUST00417,2025-06-02,164.16,Travel
CUST00417,2025-03-08,162.73,Clothing
CUST00417,2025-04-12,8.57,Clothing
CUST00417,2025-04-16,96.92,Dining
CUST00417,2025-03-15,34.05,Grocery
CUST00417,2025-06-02,250.25,Dining
CUST00417,2025-06-07,5.45,Dining
CUST00417,2025-04-27,29.6,Dining
CUST00417,2025-04-19,13.78,Dining
CUST00417,2025-05-20,34.29,Dining
CUST00417,2025-04-17,23.6,Dining
CUST00417,2025-04-05,40.8,Clothing
CUST00417,2025-07-07,80.37,Electronics
CUST00417,2025-03-31,52.86,Clothing
CUST00417,2025-05-15,23.44,Electronics
CUST00417,2025-07-15,17.62,Clothing
CUST00417,2025-04-21,12.16,Clothing
CUST00417,2025-03-25,125.92,Electronics
CUST00417,2025-05-10,46.86,Grocery
CUST00417,2025-03-05,61.97,Dining
CUST00417,2025-07-25,88.4,Clothing
CUST00417,2025-03-09,84.47,Grocery
CUST00417,2025-05-29,45.7,Clothing
CUST00417,2025-07-12,144.53,Travel
CUST00417,2025-03-06,47.8,Dining
CUST00417,2025-05-28,13.86,Dining
CUST00417,2025-06-20,43.91,Grocery
CUST00417,2025-04-21,16.48,Clothing
CUST00417,2025-04-06,8.14,Dining
CUST00417,2025-04-17,10.4,Electronics
CUST00417,2025-07-11,16.07,Electronics
CUST00417,2025-03-03,116.24,Electronics
CUST00417,2025-05-02,26.57,Travel
CUST00417,2025-03-30,50.94,Clothing
CUST00417,2025-05-28,19.88,Clothing
CUST00417,2025-07-15,81.74,Travel
CUST00417,2025-06-15,150.65,Electronics
CUST00417,2025-05-10,143.7,Grocery
CUST00417,2025-05-15,125.17,Clothing
CUST00417,2025-03-09,46.71,Clothing
CUST00417,2025-03-02,56.36,Travel
CUST00417,2025-06-19,15.05,Travel
CUST00417,2025-05-16,29.3,Grocery
CUST00417,2025-06-15,8.11,Grocery
CUST00417,2025-06-16,110.46,Clothing
CUST00417,2025-05-07,54.86,Grocery
CUST00417,2025-03-06,51.66,Electronics
CUST00417,2025-05-29,84.77,Clothing
CUST00417,2025-04-09,34.31,Electronics
CUST00417,2025-05-18,41.52,Clothing
CUST00417,2025-05-17,229.26,Grocery
CUST00417,2025-06-03,91.94,Electronics
CUST00417,2025-06-03,41.9,Travel
CUST00417,2025-06-11,6.85,Electronics
CUST00417,2025-07-25,30.02,Dining
CUST00417,2025-05-15,205.42,Clothing
CUST00417,2025-07-02,97.24,Clothing
CUST00417,2025-03-06,8.67,Clothing
CUST00417,2025-03-19,35.86,Clothing
CUST00417,2025-03-10,16.69,Dining
CUST00417,2025-06-18,250.42,Clothing
CUST00417,2025-07-08,176.03,Clothing
CUST00417,2025-06-09,40.48,Dining
CUST00417,2025-03-02,93.25,Clothing
CUST00417,2025-03-01,50.15,Electronics
CUST00417,2025-07-09,41.37,Dining
CUST00417,2025-06-06,67.96,Travel
CUST00417,2025-05-04,6.04,Dining
CUST00417,2025-06-11,72.54,Electronics
CUST00417,2025-03-18,8.56,Clothing
CUST00417,2025-04-03,39.84,Clothing
CUST00417,2025-05-12,76.71,Grocery
CUST00417,2025-07-25,67.98,Dining
CUST00417,2025-05-25,266.33,Grocery
CUST00417,2025-06-09,45.34,Electronics
CUST00417,2025-04-24,90.97,Dining
CUST00417,2025-04-30,14.09,Electronics
CUST00417,2025-06-22,41.24,Grocery
CUST00417,2025-07-20,57.13,Travel
CUST00417,2025-03-13,53.7,Electronics
CUST00417,2025-08-01,27.35,Electronics
CUST00417,2025-05-04,237.3,Grocery
CUST00417,2025-05-25,85.42,Travel
CUST00417,2025-05-27,31.06,Grocery
CUST00417,2025-03-07,169.73,Electronics
CUST00417,2025-06-18,6.23,Clothing
CUST00417,2025-03-25,142.14,Travel
CUST00417,2025-06-04,128.03,Travel
CUST00417,2025-06-02,11.07,Dining
CUST00417,2025-07-01,152.04,Dining
CUST00417,2025-03-23,57.01,Grocery
CUST00417,2025-05-06,82.55,Grocery
CUST00417,2025-05-04,97.23,Travel
CUST00417,2025-04-03,48.91,Grocery
CUST00417,2025-05-13,7.85,Grocery
CUST00417,2025-03-31,165.5,Grocery
CUST00417,2025-04-16,28.73,Travel
CUST00417,2025-07-05,36.81,Grocery
CUST00417,2025-05-12,18.52,Travel
CUST00417,2025-07-30,63.48,Dining
CUST00417,2025-07-21,37.13,Travel
CUST00417,2025-07-22,9.91,Dining
CUST00417,2025-05-30,129.09,Grocery
CUST00417,2025-07-05,29.32,Dining
CUST00417,2025-07-24,61.0,Clothing
CUST00417,2025-04-30,93.22,Grocery
CUST00417,2025-06-13,118.98,Dining
CUST00417,2025-03-24,57.21,Electronics
CUST00417,2025-04-21,88.76,Travel
CUST00417,2025-04-12,34.53,Travel
CUST00417,2025-06-14,110.0,Grocery
CUST00417,2025-07-15,12.52,Travel
CUST00418,2023-12-31,104.09,Dining
CUST00418,2023-10-10,53.71,Clothing
CUST00418,2023-04-06,16.63,Clothing
CUST00418,2024-12-21,82.52,Travel
CUST00418,2023-04-13,55.18,Travel
CUST00418,2023-09-12,74.03,Electronics
CUST00418,2023-03-12,84.7,Travel
CUST00418,2023-12-19,45.2,Travel
CUST00418,2024-01-01,107.87,Dining
CUST00418,2024-07-16,38.43,Dining
CUST00418,2023-12-07,35.81,Travel
CUST00418,2025-05-11,132.47,Clothing
CUST00418,2025-01-22,42.29,Travel
CUST00418,2023-03-11,33.7,Grocery
CUST00418,2023-09-06,8.29,Clothing
CUST00418,2024-12-17,35.12,Grocery
CUST00418,2024-04-04,81.2,Travel
CUST00418,2024-06-08,121.49,Travel
CUST00418,2023-07-03,66.56,Dining
CUST00418,2025-07-18,37.71,Dining
CUST00418,2024-10-05,68.79,Dining
CUST00418,2025-03-02,147.26,Electronics
CUST00418,2024-09-11,51.63,Travel
CUST00418,2025-04-09,47.75,Travel
CUST00418,2024-06-27,105.53,Travel
CUST00418,2023-06-07,92.32,Dining
CUST00418,2024-12-13,32.09,Dining
CUST00418,2025-07-21,43.13,Travel
CUST00418,2023-02-16,34.62,Dining
CUST00418,2025-05-03,161.58,Electronics
CUST00418,2025-06-17,8.4,Dining
CUST00418,2025-02-04,9.65,Dining
CUST00418,2023-06-18,89.45,Travel
CUST00418,2023-10-18,74.08,Dining
CUST00418,2024-06-21,23.07,Grocery
CUST00418,2023-11-17,74.14,Travel
CUST00418,2024-08-21,99.93,Dining
CUST00418,2023-11-10,49.29,Clothing
CUST00418,2023-03-30,28.37,Travel
CUST00418,2025-05-12,58.89,Grocery
CUST00418,2025-07-25,193.17,Electronics
CUST00418,2025-07-20,133.36,Grocery
CUST00418,2024-09-23,80.34,Travel
CUST00418,2023-03-12,91.53,Grocery
CUST00418,2023-09-15,58.42,Clothing
CUST00418,2023-02-07,267.62,Travel
CUST00418,2025-03-26,10.8,Grocery
CUST00418,2024-10-22,151.44,Dining
CUST00418,2025-02-24,105.22,Dining
CUST00418,2024-11-26,78.28,Travel
CUST00418,2023-07-02,200.2,Electronics
CUST00418,2025-07-03,72.59,Travel
CUST00418,2024-09-10,5.56,Grocery
CUST00418,2023-07-01,56.86,Grocery
CUST00418,2024-08-20,74.56,Travel
CUST00418,2023-09-29,39.55,Electronics
CUST00418,2025-04-09,95.52,Dining
CUST00418,2025-03-29,82.75,Clothing
CUST00418,2025-05-27,122.04,Electronics
CUST00418,2024-02-12,41.68,Clothing
CUST00418,2024-11-20,13.57,Travel
CUST00418,2024-03-06,11.45,Dining
CUST00418,2025-01-09,18.46,Electronics
CUST00418,2024-10-30,33.5,Clothing
CUST00418,2024-05-06,22.44,Clothing
CUST00418,2024-08-06,46.07,Dining
CUST00418,2024-10-08,84.79,Travel
CUST00418,2024-01-08,115.43,Electronics
CUST00418,2023-04-29,85.37,Electronics
CUST00418,2025-05-27,66.46,Clothing
CUST00418,2023-03-19,33.27,Grocery
CUST00418,2024-12-16,328.26,Electronics
CUST00418,2025-03-17,83.63,Electronics
CUST00418,2023-06-08,9.28,Electronics
CUST00418,2024-02-26,41.61,Clothing
CUST00418,2024-03-22,137.0,Grocery
CUST00418,2023-05-14,102.44,Dining
CUST00418,2024-03-20,136.21,Travel
CUST00418,2023-03-30,22.42,Dining
CUST00418,2023-03-27,14.15,Grocery
CUST00418,2024-07-06,26.06,Travel
CUST00418,2024-05-01,36.44,Dining
CUST00418,2023-01-24,86.83,Dining
CUST00418,2023-08-27,250.0,Dining
CUST00418,2024-08-05,26.85,Clothing
CUST00418,2024-10-06,270.32,Dining
CUST00418,2024-10-27,5.66,Grocery
CUST00418,2023-11-27,216.41,Dining
CUST00418,2023-08-01,140.34,Clothing
CUST00418,2024-10-05,75.27,Travel
CUST00418,2023-04-06,8.73,Grocery
CUST00418,2024-08-20,60.07,Dining
CUST00418,2023-03-25,37.11,Travel
CUST00418,2023-04-27,14.56,Clothing
CUST00418,2025-06-02,16.7,Grocery
CUST00419,2025-06-27,93.87,Clothing
CUST00419,2025-02-06,14.54,Clothing
CUST00419,2025-06-24,24.7,Travel
CUST00419,2025-07-24,236.41,Electronics
CUST00419,2025-03-26,77.93,Grocery
CUST00419,2025-02-01,35.63,Grocery
CUST00419,2025-07-31,10.82,Travel
CUST00419,2025-02-03,46.79,Clothing
CUST00419,2025-02-16,94.99,Dining
CUST00419,2025-06-02,94.95,Clothing
CUST00419,2025-05-12,26.51,Dining
CUST00419,2025-03-30,170.08,Dining
CUST00419,2025-05-06,122.84,Dining
CUST00419,2025-05-31,69.9,Grocery
CUST00419,2025-02-03,152.95,Dining
CUST00419,2025-02-17,13.67,Clothing
CUST00419,2025-03-27,134.01,Electronics
CUST00419,2025-03-29,93.17,Travel
CUST00419,2025-04-04,33.93,Electronics
CUST00419,2025-02-25,36.71,Electronics
CUST00419,2025-02-15,74.07,Travel
CUST00419,2025-03-26,9.12,Grocery
CUST00419,2025-07-29,76.58,Travel
CUST00419,2025-05-24,89.25,Clothing
CUST00419,2025-06-08,144.12,Travel
CUST00419,2025-03-28,55.76,Dining
CUST00419,2025-03-04,26.58,Clothing
CUST00419,2025-02-27,24.8,Grocery
CUST00419,2025-02-28,22.53,Dining
CUST00419,2025-05-09,206.79,Clothing
CUST00419,2025-02-12,36.75,Clothing
CUST00419,2025-03-01,74.36,Clothing
CUST00419,2025-06-29,194.84,Travel
CUST00419,2025-02-19,64.02,Electronics
CUST00419,2025-05-21,84.97,Clothing
CUST00419,2025-03-13,16.06,Clothing
CUST00419,2025-06-12,21.41,Dining
CUST00419,2025-05-13,67.11,Dining
CUST00419,2025-06-01,32.9,Electronics
CUST00419,2025-06-28,147.4,Dining
CUST00419,2025-04-21,86.43,Electronics
CUST00419,2025-06-08,35.12,Dining
CUST00419,2025-02-06,111.36,Electronics
CUST00419,2025-06-06,107.28,Grocery
CUST00419,2025-03-01,247.62,Clothing
CUST00419,2025-03-21,70.16,Electronics
CUST00419,2025-06-10,64.42,Grocery
CUST00419,2025-05-31,8.39,Clothing
CUST00419,2025-06-26,124.73,Clothing
CUST00419,2025-05-29,17.54,Electronics
CUST00419,2025-03-31,5.7,Electronics
CUST00419,2025-05-21,94.37,Travel
CUST00419,2025-07-06,37.38,Clothing
CUST00419,2025-03-13,86.97,Grocery
CUST00419,2025-07-20,159.18,Electronics
CUST00419,2025-04-28,28.08,Dining
CUST00419,2025-05-29,91.43,Clothing
CUST00419,2025-06-10,24.61,Electronics
CUST00419,2025-06-02,13.42,Clothing
CUST00419,2025-05-26,106.99,Travel
CUST00419,2025-07-07,21.73,Travel
CUST00419,2025-07-20,81.22,Travel
CUST00419,2025-04-27,24.09,Grocery
CUST00419,2025-07-01,66.98,Clothing
CUST00419,2025-06-02,61.22,Travel
CUST00419,2025-07-05,11.58,Clothing
CUST00419,2025-03-28,141.09,Grocery
CUST00419,2025-02-19,449.4,Clothing
CUST00419,2025-05-11,219.71,Grocery
CUST00419,2025-03-04,22.99,Dining
CUST00419,2025-03-12,81.41,Travel
CUST00419,2025-03-10,45.52,Electronics
CUST00419,2025-07-28,64.19,Grocery
CUST00419,2025-06-02,53.66,Electronics
CUST00419,2025-05-12,228.83,Dining
CUST00419,2025-03-21,152.12,Grocery
CUST00419,2025-04-08,68.21,Travel
CUST00419,2025-03-23,76.85,Grocery
CUST00419,2025-07-30,86.75,Clothing
CUST00419,2025-07-26,19.19,Dining
CUST00419,2025-06-26,48.33,Electronics
CUST00419,2025-05-01,119.16,Dining
CUST00419,2025-06-13,10.36,Clothing
CUST00419,2025-06-24,75.35,Dining
CUST00419,2025-05-28,35.06,Travel
CUST00419,2025-05-01,147.4,Grocery
CUST00419,2025-04-27,108.34,Grocery
CUST00419,2025-06-19,51.24,Dining
CUST00419,2025-05-26,146.9,Grocery
CUST00419,2025-03-11,7.32,Grocery
CUST00419,2025-06-11,57.87,Travel
CUST00419,2025-05-02,56.51,Electronics
CUST00419,2025-03-02,45.86,Grocery
CUST00419,2025-05-19,17.34,Electronics
CUST00419,2025-05-15,71.2,Travel
CUST00419,2025-07-15,36.01,Dining
CUST00420,2025-03-24,62.22,Clothing
CUST00420,2025-01-16,24.83,Travel
CUST00420,2025-07-27,94.08,Dining
CUST00420,2025-04-15,103.37,Grocery
CUST00420,2025-02-27,274.7,Clothing
CUST00420,2025-07-21,280.03,Dining
CUST00420,2025-07-05,41.74,Clothing
CUST00420,2025-01-16,13.48,Clothing
CUST00420,2025-04-05,164.89,Travel
CUST00420,2025-06-13,117.53,Electronics
CUST00420,2025-07-30,10.23,Travel
CUST00420,2025-05-15,48.63,Electronics
CUST00420,2025-02-26,42.26,Clothing
CUST00420,2025-07-30,81.62,Electronics
CUST00420,2025-04-29,9.07,Travel
CUST00420,2025-03-26,92.2,Travel
CUST00420,2025-06-23,27.32,Clothing
CUST00420,2025-03-06,26.26,Dining
CUST00420,2025-03-27,143.98,Dining
CUST00420,2025-05-16,168.31,Electronics
CUST00420,2025-01-20,113.78,Travel
CUST00420,2025-02-20,44.7,Dining
CUST00420,2025-05-31,6.79,Electronics
CUST00420,2025-07-07,127.05,Clothing
CUST00420,2025-02-01,65.98,Dining
CUST00420,2025-06-21,130.4,Dining
CUST00420,2025-03-08,123.69,Grocery
CUST00420,2025-06-26,289.54,Grocery
CUST00420,2025-06-21,150.79,Clothing
CUST00420,2025-02-24,19.45,Grocery
CUST00420,2025-05-19,146.63,Travel
CUST00420,2025-05-23,16.94,Dining
CUST00420,2025-02-16,163.85,Electronics
CUST00420,2025-04-29,40.78,Electronics
CUST00420,2025-01-22,141.29,Grocery
CUST00420,2025-06-23,27.85,Grocery
CUST00420,2025-04-20,44.89,Dining
CUST00420,2025-05-18,51.54,Clothing
CUST00420,2025-05-07,31.96,Travel
CUST00420,2025-05-03,68.0,Grocery
CUST00420,2025-03-30,12.48,Clothing
CUST00420,2025-05-17,215.49,Grocery
CUST00420,2025-06-06,88.48,Dining
CUST00420,2025-06-22,271.37,Clothing
CUST00420,2025-04-22,145.95,Clothing
CUST00420,2025-07-04,66.01,Travel
CUST00420,2025-06-24,43.95,Dining
CUST00420,2025-05-20,208.7,Dining
CUST00420,2025-03-31,18.02,Grocery
CUST00420,2025-03-09,21.12,Clothing
CUST00420,2025-05-10,77.31,Clothing
CUST00420,2025-02-07,63.98,Electronics
CUST00420,2025-07-29,48.09,Clothing
CUST00420,2025-07-04,30.29,Electronics
CUST00420,2025-04-25,44.46,Dining
CUST00420,2025-05-03,17.55,Electronics
CUST00420,2025-05-06,48.27,Clothing
CUST00420,2025-04-22,176.98,Dining
CUST00420,2025-01-14,54.92,Electronics
CUST00420,2025-06-03,7.81,Clothing
CUST00420,2025-07-30,5.42,Electronics
CUST00420,2025-02-06,174.74,Grocery
CUST00420,2025-02-25,74.65,Clothing
CUST00420,2025-03-03,9.09,Grocery
CUST00420,2025-03-20,211.92,Travel
CUST00420,2025-04-10,98.06,Clothing
CUST00420,2025-04-19,34.3,Electronics
CUST00420,2025-04-10,84.33,Dining
CUST00420,2025-05-07,25.11,Travel
CUST00420,2025-04-08,136.94,Travel
CUST00420,2025-04-10,189.67,Electronics
CUST00420,2025-07-11,45.37,Grocery
CUST00420,2025-07-06,6.06,Travel
CUST00420,2025-04-29,15.81,Grocery
CUST00420,2025-04-30,46.83,Grocery
CUST00420,2025-02-17,55.85,Electronics
CUST00420,2025-02-28,261.62,Grocery
CUST00420,2025-06-16,79.3,Electronics
CUST00420,2025-02-08,71.43,Dining
CUST00420,2025-03-26,17.99,Clothing
CUST00420,2025-01-18,26.18,Grocery
CUST00420,2025-02-23,39.38,Dining
CUST00420,2025-04-05,96.81,Clothing
CUST00420,2025-06-04,39.83,Travel
CUST00420,2025-05-21,13.29,Travel
CUST00420,2025-03-02,112.92,Clothing
CUST00420,2025-07-07,171.47,Travel
CUST00420,2025-01-22,10.65,Travel
CUST00420,2025-04-21,99.24,Clothing
CUST00420,2025-03-21,10.65,Electronics
CUST00420,2025-02-15,66.04,Grocery
CUST00420,2025-02-13,10.87,Dining
CUST00420,2025-02-06,36.65,Grocery
CUST00420,2025-04-14,57.24,Electronics
CUST00420,2025-04-23,36.26,Grocery
CUST00420,2025-06-21,25.31,Travel
CUST00420,2025-04-26,93.77,Travel
CUST00420,2025-03-26,102.47,Clothing
CUST00420,2025-01-12,95.57,Travel
CUST00420,2025-07-26,17.37,Dining
CUST00420,2025-06-11,123.94,Dining
CUST00420,2025-05-01,92.84,Clothing
CUST00421,2024-10-31,50.19,Travel
CUST00421,2023-10-15,10.8,Clothing
CUST00421,2023-10-13,46.11,Travel
CUST00421,2025-02-13,142.79,Travel
CUST00421,2023-08-27,129.31,Dining
CUST00421,2025-07-10,173.93,Grocery
CUST00421,2023-09-01,7.15,Dining
CUST00421,2024-12-04,35.79,Electronics
CUST00421,2024-04-04,442.49,Grocery
CUST00421,2022-11-30,58.26,Travel
CUST00421,2022-12-18,31.76,Travel
CUST00421,2025-07-10,141.51,Dining
CUST00421,2023-09-22,17.13,Grocery
CUST00421,2022-12-20,63.34,Dining
CUST00421,2023-05-17,73.86,Clothing
CUST00421,2023-10-10,68.42,Grocery
CUST00421,2022-11-15,101.95,Dining
CUST00421,2022-10-08,158.37,Travel
CUST00421,2023-02-26,24.31,Electronics
CUST00421,2023-12-27,15.54,Travel
CUST00421,2023-07-08,14.3,Dining
CUST00421,2025-03-01,32.58,Clothing
CUST00421,2024-10-15,7.2,Electronics
CUST00421,2024-11-13,53.74,Dining
CUST00421,2022-11-21,99.66,Travel
CUST00421,2024-09-20,32.96,Travel
CUST00421,2023-06-21,45.29,Electronics
CUST00421,2024-11-14,55.29,Clothing
CUST00421,2023-04-07,15.87,Clothing
CUST00421,2022-11-28,8.19,Electronics
CUST00421,2025-06-04,34.19,Electronics
CUST00421,2025-04-03,80.54,Dining
CUST00421,2025-07-05,30.13,Clothing
CUST00421,2024-08-31,237.27,Travel
CUST00421,2024-02-15,79.33,Clothing
CUST00421,2024-07-24,67.74,Grocery
CUST00421,2023-06-11,25.18,Dining
CUST00421,2022-11-14,186.87,Electronics
CUST00421,2023-12-02,151.81,Grocery
CUST00421,2024-11-02,55.05,Dining
CUST00421,2023-02-20,6.31,Grocery
CUST00421,2024-01-09,249.59,Dining
CUST00421,2023-01-24,40.33,Grocery
CUST00421,2023-10-22,103.82,Electronics
CUST00421,2023-03-22,12.82,Clothing
CUST00421,2024-09-28,19.1,Clothing
CUST00421,2023-04-20,126.16,Electronics
CUST00421,2025-05-18,44.95,Travel
CUST00421,2024-10-08,85.89,Dining
CUST00421,2025-04-22,34.46,Electronics
CUST00421,2023-01-21,19.05,Grocery
CUST00421,2023-04-28,116.74,Clothing
CUST00421,2025-06-15,42.37,Dining
CUST00421,2025-01-18,35.79,Grocery
CUST00421,2024-10-22,47.36,Electronics
CUST00421,2023-12-02,63.25,Clothing
CUST00421,2024-08-24,39.31,Clothing
CUST00421,2022-11-21,74.37,Travel
CUST00421,2024-07-19,150.29,Travel
CUST00421,2023-07-26,66.45,Clothing
CUST00421,2022-12-02,36.96,Electronics
CUST00421,2024-12-25,26.47,Grocery
CUST00421,2023-11-13,32.81,Dining
CUST00421,2022-09-29,101.26,Clothing
CUST00421,2025-04-27,84.26,Travel
CUST00421,2025-03-07,220.19,Electronics
CUST00421,2025-04-08,8.9,Clothing
CUST00421,2025-07-02,106.58,Dining
CUST00421,2024-07-21,28.93,Clothing
CUST00421,2025-01-16,72.96,Clothing
CUST00421,2023-02-06,136.75,Grocery
CUST00421,2024-09-06,41.24,Electronics
CUST00421,2023-09-24,61.54,Clothing
CUST00421,2023-09-30,172.97,Grocery
CUST00421,2023-09-21,6.24,Dining
CUST00421,2024-02-05,95.3,Dining
CUST00421,2022-12-28,40.03,Grocery
CUST00421,2025-02-05,114.87,Grocery
CUST00421,2024-11-11,23.01,Grocery
CUST00421,2025-04-24,32.43,Dining
CUST00421,2025-03-27,130.43,Dining
CUST00421,2024-02-17,28.73,Grocery
CUST00421,2023-03-27,20.24,Grocery
CUST00421,2022-09-25,131.86,Grocery
CUST00421,2022-12-15,181.41,Electronics
CUST00421,2024-01-13,56.01,Grocery
CUST00421,2025-02-02,20.83,Electronics
CUST00421,2023-05-28,11.34,Grocery
CUST00421,2023-09-13,121.12,Travel
CUST00421,2024-06-09,204.41,Dining
CUST00421,2022-10-28,177.39,Dining
CUST00421,2024-04-26,137.93,Electronics
CUST00421,2023-03-27,116.71,Travel
CUST00421,2023-10-11,201.8,Grocery
CUST00421,2023-08-18,30.81,Electronics
CUST00422,2024-09-25,61.77,Electronics
CUST00422,2023-06-16,51.18,Grocery
CUST00422,2025-05-08,10.11,Travel
CUST00422,2021-12-02,88.28,Travel
CUST00422,2021-09-09,6.35,Travel
CUST00422,2023-10-26,58.89,Clothing
CUST00422,2022-05-29,123.71,Grocery
CUST00422,2023-08-26,91.37,Dining
CUST00422,2024-03-26,21.6,Electronics
CUST00422,2024-09-23,17.38,Dining
CUST00422,2022-12-28,225.1,Grocery
CUST00422,2023-05-17,76.76,Dining
CUST00422,2021-09-15,5.84,Electronics
CUST00422,2021-03-25,27.78,Clothing
CUST00422,2025-04-03,124.29,Travel
CUST00422,2024-12-18,58.19,Electronics
CUST00422,2022-07-16,64.55,Electronics
CUST00422,2021-07-24,66.11,Grocery
CUST00422,2025-06-29,19.96,Grocery
CUST00422,2022-05-08,107.77,Grocery
CUST00422,2022-05-12,30.36,Grocery
CUST00422,2022-05-02,25.95,Grocery
CUST00422,2022-10-16,111.13,Travel
CUST00422,2025-06-25,24.65,Clothing
CUST00422,2021-08-21,292.53,Grocery
CUST00422,2022-10-30,158.7,Grocery
CUST00422,2024-03-23,217.43,Dining
CUST00422,2024-03-26,43.31,Travel
CUST00422,2024-11-13,49.28,Travel
CUST00422,2021-03-14,124.46,Grocery
CUST00422,2025-03-30,22.89,Dining
CUST00422,2020-12-19,23.55,Clothing
CUST00422,2022-01-15,75.81,Clothing
CUST00422,2023-10-18,147.07,Electronics
CUST00422,2024-10-10,59.87,Dining
CUST00422,2023-09-12,79.79,Dining
CUST00422,2024-02-14,82.7,Clothing
CUST00422,2024-11-27,13.45,Grocery
CUST00422,2025-03-23,140.29,Travel
CUST00422,2024-02-28,294.33,Travel
CUST00422,2022-07-13,110.3,Grocery
CUST00422,2021-11-02,83.38,Clothing
CUST00422,2021-01-04,94.56,Electronics
CUST00422,2022-07-07,35.23,Grocery
CUST00422,2023-12-31,30.74,Clothing
CUST00422,2025-05-09,55.09,Dining
CUST00422,2023-02-07,184.79,Grocery
CUST00422,2022-04-28,99.6,Electronics
CUST00422,2022-07-02,108.69,Grocery
CUST00422,2021-03-08,35.56,Grocery
CUST00422,2021-06-02,17.55,Clothing
CUST00422,2023-05-28,37.08,Travel
CUST00422,2023-10-17,27.03,Dining
CUST00422,2022-06-25,110.77,Electronics
CUST00422,2024-11-15,184.85,Dining
CUST00422,2024-11-21,54.03,Clothing
CUST00422,2021-12-26,27.28,Clothing
CUST00422,2021-02-05,141.82,Travel
CUST00422,2023-05-12,31.64,Dining
CUST00422,2022-11-22,59.65,Grocery
CUST00422,2025-06-27,88.12,Dining
CUST00422,2023-06-06,96.49,Dining
CUST00422,2021-05-24,18.89,Travel
CUST00422,2021-07-27,174.61,Clothing
CUST00422,2021-04-12,48.2,Clothing
CUST00422,2021-01-01,13.74,Grocery
CUST00422,2021-09-17,24.08,Electronics
CUST00422,2022-01-13,62.63,Dining
CUST00422,2023-04-11,25.14,Electronics
CUST00422,2022-08-12,60.46,Electronics
CUST00422,2021-08-31,71.67,Dining
CUST00422,2022-12-19,162.88,Clothing
CUST00422,2021-04-30,105.18,Grocery
CUST00422,2022-07-04,77.8,Electronics
CUST00422,2021-12-29,13.43,Electronics
CUST00422,2023-11-26,18.43,Clothing
CUST00422,2023-09-10,40.56,Grocery
CUST00422,2022-08-13,69.16,Electronics
CUST00422,2024-01-24,106.72,Travel
CUST00422,2024-04-17,15.56,Electronics
CUST00422,2022-06-18,304.37,Grocery
CUST00422,2020-12-13,21.41,Grocery
CUST00422,2024-04-25,124.78,Travel
CUST00422,2022-08-13,45.67,Travel
CUST00422,2025-04-12,53.01,Grocery
CUST00422,2022-01-14,32.17,Electronics
CUST00422,2021-10-18,46.11,Travel
CUST00422,2024-01-08,147.86,Grocery
CUST00422,2024-09-08,38.95,Travel
CUST00422,2023-11-20,246.7,Grocery
CUST00422,2024-09-25,90.87,Electronics
CUST00422,2023-01-18,103.57,Travel
CUST00422,2024-07-25,217.25,Travel
CUST00422,2025-07-24,36.46,Dining
CUST00422,2025-05-07,251.46,Electronics
CUST00422,2023-10-11,30.79,Electronics
CUST00422,2021-08-11,11.28,Electronics
CUST00422,2024-06-23,57.86,Clothing
CUST00422,2021-05-07,64.14,Clothing
CUST00422,2023-02-10,7.01,Dining
CUST00422,2022-03-31,176.48,Grocery
CUST00422,2021-07-09,18.82,Travel
CUST00422,2022-09-22,131.29,Dining
CUST00422,2023-11-28,56.28,Grocery
CUST00422,2021-01-20,245.04,Clothing
CUST00422,2022-05-16,117.9,Grocery
CUST00422,2025-02-07,69.02,Travel
CUST00422,2024-06-26,53.13,Grocery
CUST00422,2024-08-12,58.71,Grocery
CUST00422,2021-12-02,129.39,Grocery
CUST00422,2025-02-19,46.48,Travel
CUST00422,2025-07-19,44.9,Clothing
CUST00422,2024-08-20,121.45,Electronics
CUST00422,2021-10-31,55.4,Dining
CUST00422,2023-07-23,19.95,Grocery
CUST00422,2023-01-05,6.28,Travel
CUST00422,2025-05-09,64.93,Electronics
CUST00422,2023-01-09,18.32,Clothing
CUST00422,2021-07-14,87.74,Grocery
CUST00422,2022-03-29,74.39,Clothing
CUST00423,2023-10-07,9.24,Travel
CUST00423,2024-09-26,22.49,Grocery
CUST00423,2024-04-17,176.86,Dining
CUST00423,2021-09-18,62.34,Clothing
CUST00423,2023-05-20,64.31,Travel
CUST00423,2022-01-12,161.07,Clothing
CUST00423,2023-12-10,501.9,Travel
CUST00423,2025-05-13,32.01,Dining
CUST00423,2024-08-28,10.16,Dining
CUST00423,2025-03-20,215.92,Dining
CUST00423,2024-10-17,12.6,Dining
CUST00423,2025-02-15,182.54,Travel
CUST00423,2022-07-22,79.59,Clothing
CUST00423,2025-06-03,146.7,Grocery
CUST00423,2023-12-14,304.21,Grocery
CUST00423,2023-02-23,21.19,Clothing
CUST00423,2023-10-23,74.89,Clothing
CUST00423,2021-10-01,80.35,Clothing
CUST00423,2024-08-21,330.75,Electronics
CUST00423,2024-07-24,38.92,Clothing
CUST00423,2023-02-26,289.07,Grocery
CUST00423,2024-09-16,78.47,Travel
CUST00423,2023-02-01,25.26,Electronics
CUST00423,2023-10-01,50.12,Grocery
CUST00423,2021-08-23,46.57,Travel
CUST00423,2025-04-21,55.5,Travel
CUST00423,2022-12-03,272.27,Electronics
CUST00423,2023-09-29,30.53,Electronics
CUST00423,2024-03-03,172.64,Travel
CUST00423,2021-12-06,216.64,Dining
CUST00423,2021-10-21,36.36,Grocery
CUST00423,2025-06-08,82.47,Grocery
CUST00423,2021-09-12,17.15,Clothing
CUST00423,2023-02-08,41.06,Dining
CUST00423,2023-07-30,70.18,Travel
CUST00423,2024-07-05,44.38,Dining
CUST00423,2024-02-14,95.94,Grocery
CUST00423,2022-05-30,59.46,Travel
CUST00423,2023-01-25,71.22,Dining
CUST00423,2023-05-07,76.99,Dining
CUST00423,2022-12-07,7.88,Electronics
CUST00423,2021-10-03,91.43,Grocery
CUST00423,2025-03-25,98.9,Grocery
CUST00423,2022-04-17,85.49,Clothing
CUST00423,2023-10-10,33.79,Dining
CUST00423,2022-07-11,40.17,Dining
CUST00423,2024-08-31,48.43,Grocery
CUST00423,2021-11-10,377.61,Grocery
CUST00423,2025-01-26,117.34,Travel
CUST00423,2023-07-26,47.26,Travel
CUST00423,2023-02-08,10.16,Travel
CUST00423,2022-01-01,68.7,Electronics
CUST00423,2025-07-02,105.07,Clothing
CUST00423,2023-06-27,31.97,Travel
CUST00423,2024-02-07,65.45,Electronics
CUST00423,2023-07-12,25.82,Clothing
CUST00423,2024-05-04,15.39,Travel
CUST00423,2024-03-12,23.67,Electronics
CUST00423,2024-06-30,29.28,Electronics
CUST00423,2022-05-02,90.33,Electronics
CUST00423,2023-11-24,215.93,Grocery
CUST00423,2022-06-09,192.75,Dining
CUST00423,2021-08-18,140.93,Travel
CUST00423,2022-12-21,22.74,Travel
CUST00423,2025-02-26,16.75,Grocery
CUST00423,2023-03-18,82.63,Grocery
CUST00423,2023-04-17,248.28,Travel
CUST00423,2024-09-01,7.58,Dining
CUST00423,2025-01-13,15.66,Travel
CUST00423,2024-07-09,12.61,Clothing
CUST00423,2022-05-24,134.23,Dining
CUST00423,2022-09-30,98.88,Clothing
CUST00423,2022-11-05,62.02,Clothing
CUST00423,2025-01-25,10.73,Electronics
CUST00423,2022-09-06,146.65,Clothing
CUST00423,2023-05-14,106.53,Electronics
CUST00423,2023-03-13,301.24,Electronics
CUST00423,2022-05-17,15.09,Dining
CUST00423,2022-10-08,71.2,Electronics
CUST00423,2022-12-15,78.78,Clothing
CUST00423,2021-10-07,149.5,Grocery
CUST00423,2023-04-08,13.17,Grocery
CUST00423,2022-12-21,99.31,Clothing
CUST00423,2024-08-24,58.64,Electronics
CUST00423,2025-06-22,46.32,Electronics
CUST00423,2023-08-01,135.15,Electronics
CUST00423,2024-10-30,71.04,Travel
CUST00423,2023-10-06,21.96,Travel
CUST00423,2024-05-24,53.53,Electronics
CUST00423,2023-07-23,7.71,Dining
CUST00423,2024-09-26,51.7,Electronics
CUST00424,2025-01-13,23.7,Electronics
CUST00424,2024-01-21,19.84,Clothing
CUST00424,2023-08-10,96.73,Travel
CUST00424,2024-03-24,46.05,Dining
CUST00424,2023-05-09,144.57,Grocery
CUST00424,2024-09-18,22.79,Travel
CUST00424,2024-06-14,17.37,Grocery
CUST00424,2023-09-07,94.46,Travel
CUST00424,2023-07-12,100.51,Grocery
CUST00424,2023-06-20,57.07,Grocery
CUST00424,2023-05-28,39.34,Clothing
CUST00424,2024-11-27,103.73,Travel
CUST00424,2023-11-26,9.29,Clothing
CUST00424,2024-02-11,70.39,Grocery
CUST00424,2024-05-22,28.22,Grocery
CUST00424,2023-11-05,57.53,Grocery
CUST00424,2024-03-02,86.42,Clothing
CUST00424,2024-01-04,244.61,Travel
CUST00424,2024-10-09,57.3,Dining
CUST00424,2024-08-28,6.77,Clothing
CUST00424,2024-09-18,143.21,Electronics
CUST00424,2024-03-02,56.93,Clothing
CUST00424,2024-01-20,43.36,Electronics
CUST00424,2025-01-06,17.87,Dining
CUST00424,2025-04-14,52.45,Travel
CUST00424,2024-02-07,362.54,Dining
CUST00424,2023-09-25,56.31,Clothing
CUST00424,2024-10-30,26.61,Grocery
CUST00424,2024-12-03,76.16,Grocery
CUST00424,2024-03-28,20.29,Clothing
CUST00424,2025-06-19,115.3,Electronics
CUST00424,2025-03-21,13.32,Clothing
CUST00424,2024-02-09,18.84,Electronics
CUST00424,2024-08-06,115.84,Travel
CUST00424,2023-06-02,141.36,Electronics
CUST00424,2024-01-12,76.41,Clothing
CUST00424,2024-06-01,14.11,Travel
CUST00424,2025-02-16,13.21,Dining
CUST00424,2025-04-01,13.04,Grocery
CUST00424,2025-01-24,145.09,Travel
CUST00424,2023-12-28,454.98,Dining
CUST00424,2024-11-16,146.95,Grocery
CUST00424,2025-04-05,16.87,Electronics
CUST00424,2024-07-14,45.04,Grocery
CUST00424,2024-06-07,89.63,Travel
CUST00424,2024-08-11,36.58,Clothing
CUST00424,2023-08-23,297.11,Electronics
CUST00424,2024-02-07,38.59,Electronics
CUST00424,2023-06-06,49.33,Travel
CUST00424,2024-07-30,40.45,Dining
CUST00424,2024-02-15,20.92,Dining
CUST00424,2024-09-29,69.2,Grocery
CUST00424,2025-05-14,254.62,Travel
CUST00424,2025-05-28,19.71,Travel
CUST00424,2024-10-31,17.13,Travel
CUST00424,2025-02-01,101.68,Clothing
CUST00424,2024-03-18,11.02,Clothing
CUST00424,2023-10-19,41.54,Grocery
CUST00424,2023-05-26,196.41,Grocery
CUST00424,2024-06-19,52.88,Travel
CUST00424,2023-09-26,77.92,Dining
CUST00424,2025-04-18,94.54,Clothing
CUST00424,2023-08-04,125.07,Clothing
CUST00424,2024-05-10,109.06,Travel
CUST00424,2024-01-28,154.76,Grocery
CUST00424,2025-03-28,37.08,Grocery
CUST00424,2023-08-18,7.09,Electronics
CUST00424,2025-01-19,13.11,Clothing
CUST00424,2024-02-12,29.73,Clothing
CUST00424,2023-12-16,175.27,Grocery
CUST00424,2024-03-22,71.23,Clothing
CUST00424,2023-09-06,24.51,Clothing
CUST00424,2024-08-30,119.17,Dining
CUST00424,2024-03-13,366.57,Grocery
CUST00424,2025-03-27,10.5,Dining
CUST00424,2024-10-13,121.42,Grocery
CUST00424,2024-06-14,20.38,Grocery
CUST00424,2023-07-19,244.14,Clothing
CUST00424,2024-06-11,12.33,Clothing
CUST00424,2023-06-06,37.1,Electronics
CUST00424,2025-01-01,153.76,Grocery
CUST00424,2024-03-06,21.37,Clothing
CUST00424,2024-11-18,22.94,Travel
CUST00424,2024-10-22,153.57,Grocery
CUST00424,2023-05-28,5.21,Dining
CUST00425,2022-02-13,141.26,Electronics
CUST00425,2022-10-28,63.98,Clothing
CUST00425,2023-07-17,161.42,Travel
CUST00425,2024-01-07,38.53,Clothing
CUST00425,2023-05-28,45.04,Grocery
CUST00425,2023-05-13,342.45,Travel
CUST00425,2021-12-23,7.88,Grocery
CUST00425,2021-12-26,18.61,Electronics
CUST00425,2022-10-28,35.21,Grocery
CUST00425,2024-06-24,10.53,Dining
CUST00425,2022-02-14,39.51,Electronics
CUST00425,2023-07-17,11.97,Clothing
CUST00425,2025-02-03,49.65,Clothing
CUST00425,2021-06-22,14.67,Travel
CUST00425,2025-07-30,78.66,Electronics
CUST00425,2024-10-01,15.05,Grocery
CUST00425,2022-10-03,25.95,Electronics
CUST00425,2022-07-30,62.02,Clothing
CUST00425,2024-09-30,138.31,Electronics
CUST00425,2023-05-23,54.63,Travel
CUST00425,2022-01-03,18.05,Electronics
CUST00425,2025-03-28,6.76,Grocery
CUST00425,2021-10-29,14.61,Clothing
CUST00425,2021-10-27,237.82,Travel
CUST00425,2023-03-03,170.2,Electronics
CUST00425,2025-06-21,65.35,Electronics
CUST00425,2021-10-16,127.78,Grocery
CUST00425,2023-09-24,21.77,Grocery
CUST00425,2023-05-06,40.48,Electronics
CUST00425,2023-11-08,7.99,Dining
CUST00425,2023-09-15,118.34,Travel
CUST00425,2023-05-07,17.08,Clothing
CUST00425,2025-03-16,23.97,Clothing
CUST00425,2021-09-17,54.26,Electronics
CUST00425,2023-04-02,58.41,Grocery
CUST00425,2022-05-12,211.26,Travel
CUST00425,2024-01-27,405.55,Travel
CUST00425,2022-09-08,111.97,Dining
CUST00425,2024-08-12,145.53,Grocery
CUST00425,2022-02-05,13.17,Dining
CUST00425,2023-09-25,8.77,Grocery
CUST00425,2022-07-12,98.23,Travel
CUST00425,2023-05-30,118.3,Clothing
CUST00425,2024-12-05,111.78,Clothing
CUST00425,2023-07-21,47.97,Grocery
CUST00425,2022-12-18,11.14,Travel
CUST00425,2022-06-21,30.62,Grocery
CUST00425,2024-01-13,51.34,Dining
CUST00425,2022-02-08,120.39,Grocery
CUST00425,2024-11-04,261.68,Travel
CUST00425,2023-01-25,30.89,Electronics
CUST00425,2024-08-20,103.74,Dining
CUST00425,2024-07-03,42.84,Travel
CUST00425,2024-04-26,63.13,Clothing
CUST00425,2024-01-27,91.23,Grocery
CUST00425,2022-09-03,26.06,Grocery
CUST00425,2023-12-15,86.64,Grocery
CUST00425,2025-05-21,43.79,Electronics
CUST00425,2024-03-31,10.28,Clothing
CUST00425,2022-07-07,6.5,Travel
CUST00425,2021-07-30,81.7,Travel
CUST00425,2022-05-12,122.07,Grocery
CUST00425,2024-06-03,11.3,Travel
CUST00425,2021-11-04,93.37,Electronics
CUST00425,2023-07-11,16.12,Grocery
CUST00425,2022-03-31,160.94,Clothing
CUST00425,2022-10-05,38.84,Travel
CUST00425,2023-09-07,86.07,Electronics
CUST00425,2024-03-21,12.59,Clothing
CUST00425,2021-08-08,82.33,Clothing
CUST00425,2023-02-19,209.77,Clothing
CUST00425,2024-11-25,89.06,Grocery
CUST00425,2025-02-03,10.31,Clothing
CUST00425,2021-07-28,82.6,Dining
CUST00425,2025-04-16,68.05,Clothing
CUST00425,2022-11-16,6.5,Dining
CUST00425,2024-01-23,46.09,Dining
CUST00425,2023-02-24,61.41,Clothing
CUST00425,2021-12-22,32.01,Dining
CUST00425,2023-03-01,113.75,Electronics
CUST00425,2023-10-16,73.78,Clothing
CUST00425,2022-07-19,6.77,Clothing
CUST00425,2021-12-22,102.7,Dining
CUST00425,2024-02-17,49.41,Clothing
CUST00425,2022-08-19,18.6,Travel
CUST00425,2025-03-04,39.48,Dining
CUST00425,2024-03-22,41.26,Grocery
CUST00425,2022-12-21,177.9,Clothing
CUST00425,2022-05-27,86.84,Grocery
CUST00425,2023-08-08,56.23,Grocery
CUST00425,2022-02-05,32.97,Travel
CUST00425,2021-07-12,87.2,Dining
CUST00425,2022-12-31,100.74,Electronics
CUST00425,2021-06-10,195.11,Grocery
CUST00425,2024-12-12,42.07,Clothing
CUST00425,2022-10-04,102.66,Grocery
CUST00425,2024-02-11,90.02,Dining
CUST00425,2025-04-14,27.11,Travel
CUST00425,2023-03-13,102.19,Dining
CUST00425,2024-02-03,135.1,Electronics
CUST00425,2025-03-06,50.32,Electronics
CUST00425,2021-06-04,11.09,Travel
CUST00425,2021-08-29,110.52,Clothing
CUST00426,2025-01-31,46.31,Travel
CUST00426,2025-06-13,70.93,Grocery
CUST00426,2025-03-16,72.8,Dining
CUST00426,2025-05-09,40.14,Dining
CUST00426,2025-01-18,18.42,Travel
CUST00426,2025-01-22,75.64,Electronics
CUST00426,2025-05-30,114.28,Clothing
CUST00426,2024-12-19,19.88,Clothing
CUST00426,2025-02-24,72.64,Electronics
CUST00426,2024-12-18,154.75,Clothing
CUST00426,2025-02-22,93.54,Dining
CUST00426,2025-02-14,54.38,Grocery
CUST00426,2025-04-07,46.15,Grocery
CUST00426,2025-07-07,101.17,Grocery
CUST00426,2024-12-28,96.61,Grocery
CUST00426,2025-02-10,88.54,Dining
CUST00426,2025-04-01,205.51,Clothing
CUST00426,2025-07-27,54.72,Clothing
CUST00426,2025-02-23,35.69,Dining
CUST00426,2025-04-03,239.02,Electronics
CUST00426,2025-06-25,191.68,Electronics
CUST00426,2025-01-23,90.51,Dining
CUST00426,2025-07-01,75.81,Electronics
CUST00426,2025-02-25,253.68,Grocery
CUST00426,2025-01-08,163.79,Electronics
CUST00426,2025-01-02,145.61,Electronics
CUST00426,2024-12-23,13.3,Dining
CUST00426,2025-04-15,88.71,Clothing
CUST00426,2024-12-30,11.44,Travel
CUST00426,2025-06-19,26.65,Dining
CUST00426,2025-01-12,106.17,Electronics
CUST00426,2025-01-02,113.35,Dining
CUST00426,2025-05-30,244.22,Travel
CUST00426,2025-06-05,156.3,Clothing
CUST00426,2024-12-10,31.31,Electronics
CUST00426,2025-05-24,28.54,Clothing
CUST00426,2025-07-30,35.43,Dining
CUST00426,2025-01-30,108.92,Travel
CUST00426,2025-01-15,128.03,Dining
CUST00426,2025-04-13,34.56,Grocery
CUST00426,2025-03-25,67.28,Electronics
CUST00426,2025-04-17,74.44,Grocery
CUST00426,2025-04-02,157.47,Travel
CUST00426,2025-04-20,49.45,Electronics
CUST00426,2024-12-30,57.68,Dining
CUST00426,2025-04-27,12.23,Travel
CUST00426,2025-07-09,9.28,Electronics
CUST00426,2025-01-02,10.67,Dining
CUST00426,2025-05-25,148.66,Travel
CUST00426,2025-02-01,62.49,Clothing
CUST00426,2024-12-29,25.31,Electronics
CUST00426,2025-06-22,165.81,Dining
CUST00426,2025-05-12,501.26,Grocery
CUST00426,2025-02-24,12.72,Travel
CUST00426,2025-04-04,40.49,Clothing
CUST00426,2025-07-31,64.29,Grocery
CUST00426,2025-02-06,92.64,Clothing
CUST00426,2025-04-08,97.95,Grocery
CUST00426,2024-12-22,70.02,Clothing
CUST00426,2025-07-01,61.31,Clothing
CUST00426,2025-04-11,10.74,Grocery
CUST00426,2025-02-18,81.58,Dining
CUST00426,2025-03-13,53.52,Electronics
CUST00426,2025-02-27,207.47,Electronics
CUST00426,2025-07-03,74.66,Clothing
CUST00426,2025-05-06,68.95,Electronics
CUST00426,2025-04-09,160.24,Travel
CUST00426,2025-02-24,334.24,Travel
CUST00426,2024-12-21,63.22,Dining
CUST00426,2024-12-28,11.42,Clothing
CUST00426,2025-06-17,13.62,Travel
CUST00426,2025-05-05,186.65,Grocery
CUST00426,2025-05-03,20.35,Dining
CUST00426,2025-04-15,179.57,Electronics
CUST00426,2025-04-11,406.45,Dining
CUST00426,2025-07-12,243.0,Clothing
CUST00426,2025-03-22,50.08,Electronics
CUST00426,2025-02-13,92.78,Clothing
CUST00426,2025-05-04,7.38,Electronics
CUST00426,2025-02-27,413.51,Grocery
CUST00426,2025-06-23,70.68,Travel
CUST00426,2025-01-01,92.61,Grocery
CUST00426,2025-07-25,96.72,Clothing
CUST00426,2025-04-05,54.94,Travel
CUST00426,2025-02-28,347.58,Grocery
CUST00426,2025-02-01,146.75,Dining
CUST00426,2025-04-24,29.86,Dining
CUST00426,2025-06-07,34.07,Travel
CUST00426,2025-04-07,304.53,Electronics
CUST00426,2025-03-11,153.14,Travel
CUST00426,2025-02-25,38.3,Dining
CUST00426,2025-05-25,179.11,Clothing
CUST00426,2025-01-25,79.9,Dining
CUST00426,2025-01-31,50.39,Grocery
CUST00426,2025-03-30,7.49,Dining
CUST00426,2025-01-29,10.68,Clothing
CUST00426,2025-04-25,117.59,Travel
CUST00426,2024-12-17,153.07,Clothing
CUST00426,2025-05-25,17.91,Grocery
CUST00426,2025-05-30,91.81,Grocery
CUST00426,2025-02-11,127.0,Grocery
CUST00427,2025-05-31,21.24,Dining
CUST00427,2025-01-17,6.99,Travel
CUST00427,2024-11-25,67.46,Clothing
CUST00427,2025-02-19,30.35,Clothing
CUST00427,2025-07-29,79.51,Dining
CUST00427,2024-07-24,58.36,Electronics
CUST00427,2024-09-23,68.17,Grocery
CUST00427,2024-07-16,38.1,Dining
CUST00427,2024-08-13,35.7,Grocery
CUST00427,2025-07-11,74.43,Electronics
CUST00427,2025-01-30,74.2,Travel
CUST00427,2024-07-10,31.58,Electronics
CUST00427,2024-11-19,224.93,Clothing
CUST00427,2024-12-20,7.13,Dining
CUST00427,2024-10-03,13.47,Travel
CUST00427,2024-10-24,32.41,Grocery
CUST00427,2025-01-08,164.04,Clothing
CUST00427,2024-11-06,20.58,Electronics
CUST00427,2025-07-05,81.21,Clothing
CUST00427,2025-07-22,243.31,Electronics
CUST00427,2024-08-22,80.18,Dining
CUST00427,2024-07-10,70.8,Grocery
CUST00427,2024-11-17,5.98,Travel
CUST00427,2024-11-14,104.31,Grocery
CUST00427,2024-10-29,15.97,Travel
CUST00427,2025-06-07,116.42,Grocery
CUST00427,2024-07-08,69.87,Grocery
CUST00427,2025-07-24,111.02,Dining
CUST00427,2024-11-30,13.89,Clothing
CUST00427,2024-07-08,9.43,Electronics
CUST00427,2024-11-14,122.52,Electronics
CUST00427,2025-06-10,95.67,Grocery
CUST00427,2024-10-05,158.9,Travel
CUST00427,2024-11-07,44.79,Grocery
CUST00427,2025-04-24,91.66,Electronics
CUST00427,2025-03-29,124.99,Clothing
CUST00427,2024-09-17,147.68,Dining
CUST00427,2024-10-23,41.45,Travel
CUST00427,2025-01-03,109.49,Travel
CUST00427,2025-02-26,213.58,Electronics
CUST00427,2024-07-20,249.71,Travel
CUST00427,2024-11-12,24.18,Grocery
CUST00427,2025-03-17,90.22,Grocery
CUST00427,2024-07-17,129.53,Travel
CUST00427,2025-04-24,32.96,Dining
CUST00427,2025-03-20,84.6,Grocery
CUST00427,2024-10-07,100.94,Grocery
CUST00427,2025-04-17,71.92,Dining
CUST00427,2024-12-09,586.65,Clothing
CUST00427,2025-02-24,173.34,Clothing
CUST00427,2024-12-23,49.12,Grocery
CUST00427,2025-03-27,24.63,Dining
CUST00427,2025-03-25,160.64,Clothing
CUST00427,2025-06-02,5.77,Grocery
CUST00427,2025-03-13,235.85,Grocery
CUST00427,2024-12-13,192.36,Travel
CUST00427,2025-03-16,33.51,Electronics
CUST00427,2024-07-09,40.16,Grocery
CUST00427,2025-04-13,41.53,Travel
CUST00427,2024-07-01,10.74,Travel
CUST00427,2025-04-06,43.56,Travel
CUST00427,2024-09-25,28.9,Travel
CUST00427,2024-12-07,39.89,Dining
CUST00427,2024-07-24,30.4,Clothing
CUST00427,2024-07-30,76.38,Clothing
CUST00427,2025-07-22,14.12,Grocery
CUST00427,2025-02-05,45.24,Travel
CUST00427,2024-11-01,18.62,Dining
CUST00427,2025-07-25,19.61,Electronics
CUST00427,2025-08-01,103.59,Travel
CUST00427,2025-04-29,71.16,Travel
CUST00427,2024-11-19,262.68,Electronics
CUST00427,2024-10-16,26.03,Clothing
CUST00427,2024-12-04,153.85,Dining
CUST00427,2024-12-08,10.56,Travel
CUST00427,2025-05-20,32.87,Clothing
CUST00427,2024-11-13,6.93,Travel
CUST00427,2025-06-13,28.48,Grocery
CUST00427,2025-04-18,11.79,Dining
CUST00427,2025-01-12,99.24,Travel
CUST00427,2024-09-30,469.62,Grocery
CUST00427,2024-07-30,79.0,Grocery
CUST00427,2024-06-30,87.3,Clothing
CUST00427,2025-03-03,65.5,Grocery
CUST00427,2024-11-21,49.46,Electronics
CUST00427,2025-06-25,17.4,Electronics
CUST00428,2024-11-11,101.93,Electronics
CUST00428,2025-05-26,7.13,Travel
CUST00428,2024-04-23,183.62,Clothing
CUST00428,2025-07-02,67.64,Grocery
CUST00428,2024-08-01,122.69,Dining
CUST00428,2024-05-01,424.76,Travel
CUST00428,2024-05-17,117.92,Dining
CUST00428,2024-08-29,127.88,Grocery
CUST00428,2024-07-18,171.81,Dining
CUST00428,2024-08-16,39.24,Travel
CUST00428,2024-05-04,58.62,Travel
CUST00428,2025-03-23,52.38,Clothing
CUST00428,2024-09-07,13.69,Travel
CUST00428,2024-06-28,115.04,Clothing
CUST00428,2024-12-26,102.42,Dining
CUST00428,2025-03-15,129.5,Clothing
CUST00428,2025-04-10,11.53,Electronics
CUST00428,2024-06-20,11.04,Dining
CUST00428,2025-04-17,94.01,Clothing
CUST00428,2024-05-10,62.21,Clothing
CUST00428,2024-09-23,25.49,Clothing
CUST00428,2025-01-18,71.83,Travel
CUST00428,2024-06-26,125.87,Electronics
CUST00428,2025-01-08,13.12,Travel
CUST00428,2025-04-11,265.72,Dining
CUST00428,2025-01-17,137.32,Clothing
CUST00428,2025-05-22,236.28,Dining
CUST00428,2024-09-05,31.69,Clothing
CUST00428,2025-04-22,24.8,Clothing
CUST00428,2025-02-17,51.56,Electronics
CUST00428,2024-05-30,436.88,Clothing
CUST00428,2024-10-29,50.97,Dining
CUST00428,2025-01-13,9.62,Electronics
CUST00428,2024-10-11,82.38,Dining
CUST00428,2025-01-27,36.25,Dining
CUST00428,2024-11-15,47.12,Dining
CUST00428,2024-06-19,84.48,Electronics
CUST00428,2024-10-20,143.08,Electronics
CUST00428,2024-06-17,125.49,Dining
CUST00428,2024-09-01,288.36,Travel
CUST00428,2025-03-27,37.9,Grocery
CUST00428,2025-04-10,107.62,Dining
CUST00428,2024-07-09,47.96,Clothing
CUST00428,2024-08-22,13.81,Dining
CUST00428,2024-09-21,81.65,Travel
CUST00428,2025-05-16,36.08,Dining
CUST00428,2025-05-13,54.1,Electronics
CUST00428,2024-08-04,23.04,Electronics
CUST00428,2024-11-14,113.16,Electronics
CUST00428,2024-11-05,93.55,Dining
CUST00428,2025-01-27,68.62,Electronics
CUST00428,2024-10-24,186.17,Grocery
CUST00428,2024-12-22,45.53,Travel
CUST00428,2025-02-09,93.8,Travel
CUST00428,2025-03-26,15.01,Clothing
CUST00428,2025-06-13,664.98,Grocery
CUST00428,2025-06-01,32.13,Clothing
CUST00428,2024-05-21,196.92,Travel
CUST00428,2024-10-10,75.28,Travel
CUST00428,2025-03-18,62.22,Dining
CUST00428,2025-06-02,42.82,Clothing
CUST00428,2024-11-21,7.18,Grocery
CUST00428,2024-05-18,56.35,Electronics
CUST00428,2024-11-21,5.63,Travel
CUST00428,2024-05-10,208.89,Clothing
CUST00428,2024-07-09,74.59,Grocery
CUST00428,2025-07-11,35.12,Electronics
CUST00428,2025-03-13,5.07,Grocery
CUST00428,2024-12-22,19.7,Travel
CUST00428,2024-05-05,25.48,Dining
CUST00428,2024-05-02,32.03,Travel
CUST00428,2024-08-13,47.24,Electronics
CUST00428,2024-12-06,95.71,Electronics
CUST00428,2024-12-22,50.58,Clothing
CUST00428,2025-07-21,46.84,Clothing
CUST00428,2025-04-17,11.02,Clothing
CUST00428,2025-01-27,14.93,Travel
CUST00428,2024-11-07,33.62,Grocery
CUST00428,2024-10-23,133.9,Travel
CUST00428,2025-06-28,135.16,Clothing
CUST00428,2024-11-18,100.24,Clothing
CUST00428,2024-09-12,58.26,Electronics
CUST00428,2025-01-15,38.04,Electronics
CUST00428,2024-08-25,32.23,Grocery
CUST00428,2024-07-16,60.75,Travel
CUST00428,2025-04-30,7.71,Dining
CUST00428,2025-05-29,81.14,Grocery
CUST00428,2025-05-02,67.09,Grocery
CUST00428,2024-06-26,31.61,Dining
CUST00428,2024-05-30,47.65,Electronics
CUST00428,2025-07-17,48.67,Electronics
CUST00428,2025-06-19,128.55,Dining
CUST00428,2025-01-12,9.1,Dining
CUST00428,2024-05-04,207.01,Grocery
CUST00428,2025-05-15,86.67,Dining
CUST00428,2025-07-18,30.15,Grocery
CUST00428,2025-04-15,158.51,Travel
CUST00428,2024-07-03,5.39,Clothing
CUST00428,2024-09-26,7.16,Grocery
CUST00428,2024-12-06,46.33,Dining
CUST00428,2025-01-20,52.7,Electronics
CUST00428,2024-10-12,117.34,Dining
CUST00428,2024-08-31,148.79,Grocery
CUST00428,2024-06-10,15.16,Grocery
CUST00428,2024-04-29,362.43,Grocery
CUST00428,2024-12-28,80.89,Dining
CUST00428,2025-03-06,69.24,Dining
CUST00428,2024-12-12,13.02,Electronics
CUST00428,2025-04-18,28.07,Grocery
CUST00428,2025-05-11,27.12,Travel
CUST00428,2025-06-28,44.85,Electronics
CUST00428,2025-05-21,125.32,Clothing
CUST00429,2023-11-09,77.99,Dining
CUST00429,2024-02-21,73.99,Grocery
CUST00429,2024-12-12,9.24,Travel
CUST00429,2023-10-03,19.51,Grocery
CUST00429,2024-12-20,120.97,Travel
CUST00429,2025-03-27,78.95,Grocery
CUST00429,2025-01-26,44.63,Clothing
CUST00429,2025-02-13,7.04,Grocery
CUST00429,2023-08-22,80.6,Grocery
CUST00429,2024-01-10,77.16,Grocery
CUST00429,2024-06-26,17.82,Travel
CUST00429,2023-04-14,12.04,Electronics
CUST00429,2023-08-09,73.57,Clothing
CUST00429,2025-01-14,78.87,Clothing
CUST00429,2023-09-10,171.22,Grocery
CUST00429,2023-12-05,50.01,Grocery
CUST00429,2023-12-20,21.33,Grocery
CUST00429,2023-01-02,17.81,Dining
CUST00429,2023-05-07,98.18,Grocery
CUST00429,2025-07-27,102.95,Dining
CUST00429,2024-07-22,43.43,Electronics
CUST00429,2024-01-13,19.0,Grocery
CUST00429,2023-01-29,60.69,Travel
CUST00429,2023-09-28,83.57,Dining
CUST00429,2024-07-19,94.31,Travel
CUST00429,2024-07-21,36.05,Electronics
CUST00429,2025-01-27,41.01,Clothing
CUST00429,2023-04-06,175.29,Travel
CUST00429,2024-10-01,58.79,Electronics
CUST00429,2025-07-10,64.31,Dining
CUST00429,2023-04-25,62.88,Electronics
CUST00429,2023-01-13,71.21,Clothing
CUST00429,2025-02-20,26.72,Dining
CUST00429,2023-06-07,23.21,Electronics
CUST00429,2024-07-30,12.47,Travel
CUST00429,2023-11-01,64.34,Grocery
CUST00429,2023-05-19,124.1,Travel
CUST00429,2025-01-17,87.31,Electronics
CUST00429,2024-02-27,55.08,Dining
CUST00429,2024-09-27,11.99,Travel
CUST00429,2024-04-15,24.97,Dining
CUST00429,2025-03-13,23.72,Clothing
CUST00429,2025-01-10,15.26,Grocery
CUST00429,2023-06-24,43.42,Travel
CUST00429,2023-10-17,5.36,Dining
CUST00429,2025-04-05,51.75,Clothing
CUST00429,2024-05-29,35.22,Clothing
CUST00429,2023-06-13,63.29,Electronics
CUST00429,2024-09-23,66.99,Clothing
CUST00429,2023-01-16,62.23,Clothing
CUST00429,2024-12-07,20.3,Grocery
CUST00429,2025-02-17,6.35,Travel
CUST00429,2025-06-30,71.64,Dining
CUST00429,2024-09-01,90.76,Travel
CUST00429,2023-11-10,114.43,Grocery
CUST00429,2024-04-07,36.62,Travel
CUST00429,2023-04-20,79.35,Electronics
CUST00429,2023-10-19,247.69,Grocery
CUST00429,2023-02-16,46.04,Electronics
CUST00429,2023-01-12,28.09,Travel
CUST00429,2023-07-20,5.16,Clothing
CUST00429,2023-11-01,94.58,Clothing
CUST00429,2025-01-25,79.85,Grocery
CUST00429,2023-07-31,167.2,Dining
CUST00429,2023-04-08,157.17,Grocery
CUST00429,2023-07-07,39.43,Clothing
CUST00429,2023-07-23,28.99,Clothing
CUST00429,2024-03-18,88.99,Clothing
CUST00429,2025-06-03,48.15,Clothing
CUST00429,2024-10-27,85.11,Clothing
CUST00429,2024-03-03,6.33,Electronics
CUST00429,2024-03-22,40.74,Dining
CUST00429,2023-10-27,7.18,Travel
CUST00429,2024-09-10,43.64,Electronics
CUST00429,2024-11-16,191.04,Grocery
CUST00429,2023-04-23,54.9,Clothing
CUST00429,2023-06-10,43.06,Electronics
CUST00429,2024-12-08,19.58,Grocery
CUST00429,2022-12-21,36.3,Grocery
CUST00429,2024-12-30,57.28,Dining
CUST00429,2023-05-31,41.13,Travel
CUST00429,2025-01-11,15.23,Grocery
CUST00429,2024-08-24,166.42,Clothing
CUST00429,2023-07-16,78.26,Grocery
CUST00429,2024-10-25,40.46,Electronics
CUST00429,2023-01-10,68.15,Dining
CUST00430,2024-03-23,50.79,Travel
CUST00430,2024-10-16,312.39,Dining
CUST00430,2025-06-18,8.01,Electronics
CUST00430,2024-01-16,35.47,Grocery
CUST00430,2025-03-05,93.27,Clothing
CUST00430,2024-05-31,90.08,Grocery
CUST00430,2025-07-17,182.33,Clothing
CUST00430,2024-01-30,109.16,Electronics
CUST00430,2023-12-13,65.45,Grocery
CUST00430,2023-10-13,134.3,Electronics
CUST00430,2023-11-09,24.51,Electronics
CUST00430,2023-11-02,11.17,Grocery
CUST00430,2024-04-11,6.33,Dining
CUST00430,2024-11-30,15.73,Grocery
CUST00430,2023-12-14,47.3,Electronics
CUST00430,2024-03-10,116.76,Grocery
CUST00430,2025-04-01,45.65,Electronics
CUST00430,2025-07-02,231.78,Travel
CUST00430,2024-03-07,33.24,Electronics
CUST00430,2023-10-14,89.91,Clothing
CUST00430,2024-03-29,24.49,Travel
CUST00430,2023-12-03,8.39,Travel
CUST00430,2025-01-25,34.62,Electronics
CUST00430,2024-09-05,102.1,Grocery
CUST00430,2023-11-22,213.8,Travel
CUST00430,2024-06-21,183.91,Travel
CUST00430,2025-02-12,32.13,Clothing
CUST00430,2024-10-29,496.26,Travel
CUST00430,2025-04-01,38.58,Clothing
CUST00430,2025-02-03,30.27,Clothing
CUST00430,2025-01-03,12.86,Dining
CUST00430,2024-12-13,36.95,Travel
CUST00430,2025-03-27,282.86,Electronics
CUST00430,2024-03-27,46.78,Travel
CUST00430,2025-04-04,33.42,Clothing
CUST00430,2025-06-05,189.8,Clothing
CUST00430,2024-05-08,64.62,Electronics
CUST00430,2024-02-06,50.77,Clothing
CUST00430,2023-10-23,110.62,Grocery
CUST00430,2025-03-07,111.8,Electronics
CUST00430,2024-11-19,101.56,Electronics
CUST00430,2024-02-12,168.15,Clothing
CUST00430,2024-08-10,84.34,Travel
CUST00430,2025-07-06,84.3,Grocery
CUST00430,2023-11-22,49.41,Electronics
CUST00430,2023-10-30,35.34,Electronics
CUST00430,2024-01-26,16.15,Dining
CUST00430,2024-09-10,97.99,Travel
CUST00430,2024-04-16,54.87,Travel
CUST00430,2024-03-12,84.35,Travel
CUST00430,2024-05-15,13.73,Grocery
CUST00430,2025-02-03,30.47,Grocery
CUST00430,2024-06-09,46.13,Travel
CUST00430,2025-06-26,186.44,Clothing
CUST00430,2024-05-19,336.81,Clothing
CUST00430,2025-05-01,160.83,Grocery
CUST00430,2023-10-15,37.39,Dining
CUST00430,2024-11-18,130.57,Clothing
CUST00430,2024-09-07,162.31,Electronics
CUST00430,2024-09-05,207.26,Clothing
CUST00430,2025-05-19,108.44,Clothing
CUST00430,2024-08-18,30.51,Dining
CUST00430,2024-03-13,5.76,Electronics
CUST00430,2024-04-27,5.53,Dining
CUST00430,2025-06-05,111.93,Dining
CUST00430,2024-04-04,113.23,Dining
CUST00430,2023-11-21,83.03,Electronics
CUST00430,2023-11-06,7.81,Grocery
CUST00430,2023-12-17,52.37,Electronics
CUST00430,2024-08-23,124.65,Clothing
CUST00430,2024-02-19,50.31,Grocery
CUST00430,2025-03-06,28.17,Travel
CUST00430,2024-04-13,57.97,Electronics
CUST00430,2024-04-29,18.8,Travel
CUST00430,2024-07-27,273.96,Clothing
CUST00430,2025-01-21,90.49,Grocery
CUST00430,2024-09-02,8.22,Electronics
CUST00430,2025-06-12,33.7,Travel
CUST00430,2024-05-02,39.77,Grocery
CUST00430,2024-07-06,161.77,Grocery
CUST00430,2023-11-25,120.87,Travel
CUST00430,2025-01-08,164.1,Grocery
CUST00430,2024-06-21,89.86,Electronics
CUST00430,2024-09-18,19.0,Travel
CUST00430,2025-04-12,76.39,Grocery
CUST00430,2024-10-21,50.56,Electronics
CUST00430,2025-05-14,52.23,Electronics
CUST00430,2024-02-04,142.65,Electronics
CUST00430,2024-02-22,188.3,Dining
CUST00430,2025-01-22,6.51,Grocery
CUST00430,2025-04-21,5.53,Travel
CUST00430,2023-10-31,43.16,Travel
CUST00430,2024-05-10,36.58,Travel
CUST00430,2025-04-15,33.43,Clothing
CUST00430,2024-03-21,61.52,Electronics
CUST00430,2025-02-24,136.53,Travel
CUST00430,2024-10-16,49.1,Grocery
CUST00430,2023-10-26,60.03,Travel
CUST00430,2024-05-27,119.77,Grocery
CUST00430,2024-06-13,162.13,Grocery
CUST00430,2025-01-02,117.8,Electronics
CUST00430,2025-01-01,22.59,Electronics
CUST00430,2024-04-04,18.09,Electronics
CUST00431,2024-12-11,53.16,Dining
CUST00431,2025-05-05,351.83,Travel
CUST00431,2025-04-09,98.69,Clothing
CUST00431,2025-01-02,77.17,Grocery
CUST00431,2025-04-21,122.89,Dining
CUST00431,2025-02-23,79.77,Electronics
CUST00431,2025-06-06,21.55,Electronics
CUST00431,2024-12-29,48.2,Clothing
CUST00431,2025-01-28,22.24,Grocery
CUST00431,2025-04-21,8.38,Clothing
CUST00431,2025-01-19,50.59,Clothing
CUST00431,2025-01-25,15.87,Clothing
CUST00431,2024-11-24,6.17,Grocery
CUST00431,2025-06-01,31.43,Dining
CUST00431,2025-05-10,90.75,Electronics
CUST00431,2025-04-04,293.25,Clothing
CUST00431,2025-05-01,236.77,Travel
CUST00431,2025-02-04,50.42,Dining
CUST00431,2025-01-17,17.69,Travel
CUST00431,2025-06-06,43.07,Grocery
CUST00431,2025-05-22,85.41,Clothing
CUST00431,2025-02-20,33.15,Grocery
CUST00431,2024-10-18,65.77,Clothing
CUST00431,2025-07-31,7.63,Electronics
CUST00431,2025-03-12,8.4,Electronics
CUST00431,2024-11-26,10.87,Travel
CUST00431,2024-09-01,30.58,Clothing
CUST00431,2025-04-25,45.79,Dining
CUST00431,2025-01-14,24.94,Grocery
CUST00431,2025-07-10,173.18,Clothing
CUST00431,2025-07-20,142.17,Dining
CUST00431,2025-05-07,52.82,Grocery
CUST00431,2024-11-30,28.69,Electronics
CUST00431,2024-10-17,204.9,Grocery
CUST00431,2025-01-30,6.32,Grocery
CUST00431,2024-12-25,18.39,Clothing
CUST00431,2025-04-15,15.36,Grocery
CUST00431,2024-12-04,76.69,Clothing
CUST00431,2024-10-04,17.86,Dining
CUST00431,2025-05-27,362.86,Grocery
CUST00431,2024-11-28,24.67,Grocery
CUST00431,2024-10-28,49.28,Grocery
CUST00431,2025-05-21,148.25,Clothing
CUST00431,2024-09-08,214.34,Clothing
CUST00431,2024-09-13,17.98,Clothing
CUST00431,2025-07-07,114.55,Travel
CUST00431,2025-07-28,192.15,Clothing
CUST00431,2025-05-09,81.74,Travel
CUST00431,2025-02-09,168.61,Clothing
CUST00431,2025-07-27,209.77,Electronics
CUST00431,2024-12-15,207.15,Grocery
CUST00431,2024-10-07,144.59,Dining
CUST00431,2025-05-07,173.98,Grocery
CUST00431,2025-02-15,175.0,Dining
CUST00431,2025-01-31,188.66,Clothing
CUST00431,2024-11-08,390.87,Clothing
CUST00431,2025-02-22,28.01,Dining
CUST00431,2024-11-27,26.32,Dining
CUST00431,2025-05-05,109.4,Dining
CUST00431,2024-11-06,173.92,Grocery
CUST00431,2024-12-26,45.64,Dining
CUST00431,2025-06-14,76.42,Electronics
CUST00431,2024-11-19,158.28,Grocery
CUST00431,2024-10-22,71.46,Electronics
CUST00431,2024-11-26,12.57,Dining
CUST00431,2024-09-28,164.35,Dining
CUST00431,2025-05-19,94.47,Clothing
CUST00431,2024-09-28,254.89,Grocery
CUST00431,2024-09-12,36.47,Travel
CUST00431,2025-01-24,114.21,Travel
CUST00431,2025-07-19,101.27,Dining
CUST00431,2025-05-22,64.77,Clothing
CUST00431,2025-01-18,58.98,Travel
CUST00431,2025-06-10,125.47,Grocery
CUST00431,2025-04-04,83.85,Travel
CUST00431,2025-01-13,68.78,Travel
CUST00431,2025-06-13,63.23,Grocery
CUST00431,2025-02-24,74.49,Grocery
CUST00431,2024-10-04,111.98,Travel
CUST00431,2024-10-28,25.62,Clothing
CUST00431,2025-06-11,16.98,Electronics
CUST00431,2025-05-08,16.48,Grocery
CUST00431,2025-03-02,56.87,Clothing
CUST00431,2025-01-02,12.11,Travel
CUST00431,2024-10-01,30.32,Grocery
CUST00431,2025-03-08,175.63,Dining
CUST00431,2025-05-18,58.15,Clothing
CUST00431,2025-02-13,76.81,Grocery
CUST00431,2025-01-21,36.98,Electronics
CUST00431,2025-03-22,182.66,Travel
CUST00431,2024-11-24,321.28,Dining
CUST00431,2024-11-02,19.04,Travel
CUST00431,2024-10-29,9.01,Clothing
CUST00431,2025-04-04,61.16,Clothing
CUST00431,2025-04-04,74.02,Grocery
CUST00431,2025-04-13,333.86,Clothing
CUST00432,2025-05-22,57.17,Grocery
CUST00432,2025-07-03,41.43,Dining
CUST00432,2025-07-20,328.58,Grocery
CUST00432,2025-05-21,98.88,Travel
CUST00432,2025-07-10,5.95,Grocery
CUST00432,2025-05-21,24.33,Electronics
CUST00432,2025-07-16,82.61,Dining
CUST00432,2025-07-31,49.15,Clothing
CUST00432,2025-07-29,16.95,Dining
CUST00432,2025-05-27,261.02,Electronics
CUST00432,2025-06-28,6.93,Travel
CUST00432,2025-06-16,63.87,Clothing
CUST00432,2025-05-29,187.03,Clothing
CUST00432,2025-06-11,156.98,Electronics
CUST00432,2025-07-20,21.25,Travel
CUST00432,2025-07-06,121.21,Travel
CUST00432,2025-06-02,96.13,Travel
CUST00432,2025-06-04,27.86,Electronics
CUST00432,2025-06-13,21.3,Dining
CUST00432,2025-06-04,117.59,Grocery
CUST00432,2025-06-02,15.07,Clothing
CUST00432,2025-06-23,86.33,Electronics
CUST00432,2025-05-26,222.65,Travel
CUST00432,2025-07-03,97.77,Travel
CUST00432,2025-05-22,59.17,Grocery
CUST00432,2025-07-02,128.23,Grocery
CUST00432,2025-07-17,101.47,Clothing
CUST00432,2025-06-19,23.52,Grocery
CUST00432,2025-05-26,75.4,Clothing
CUST00432,2025-07-13,47.82,Travel
CUST00432,2025-07-06,212.85,Clothing
CUST00432,2025-07-18,35.11,Clothing
CUST00432,2025-07-28,225.34,Dining
CUST00432,2025-05-23,116.57,Dining
CUST00432,2025-06-21,28.61,Electronics
CUST00432,2025-07-02,40.26,Electronics
CUST00432,2025-07-05,34.02,Travel
CUST00432,2025-07-21,56.31,Clothing
CUST00432,2025-06-05,17.44,Electronics
CUST00432,2025-06-10,30.98,Electronics
CUST00432,2025-05-23,7.14,Electronics
CUST00432,2025-07-05,128.12,Travel
CUST00432,2025-06-23,81.0,Travel
CUST00432,2025-07-15,18.75,Dining
CUST00432,2025-07-28,22.04,Travel
CUST00432,2025-07-16,96.79,Travel
CUST00432,2025-06-06,70.66,Grocery
CUST00432,2025-06-11,70.15,Electronics
CUST00432,2025-07-15,14.48,Travel
CUST00432,2025-06-21,106.65,Travel
CUST00432,2025-06-30,38.17,Electronics
CUST00432,2025-07-15,48.39,Dining
CUST00432,2025-07-09,172.48,Grocery
CUST00432,2025-06-10,35.54,Grocery
CUST00432,2025-06-12,84.95,Grocery
CUST00432,2025-07-24,8.91,Clothing
CUST00432,2025-06-26,90.63,Travel
CUST00432,2025-05-31,43.11,Grocery
CUST00432,2025-05-31,42.05,Clothing
CUST00432,2025-07-29,89.29,Dining
CUST00432,2025-05-25,51.33,Electronics
CUST00432,2025-07-11,49.94,Electronics
CUST00432,2025-07-08,53.22,Travel
CUST00432,2025-07-22,13.97,Grocery
CUST00432,2025-07-08,54.54,Dining
CUST00432,2025-06-26,6.24,Dining
CUST00432,2025-06-24,28.74,Travel
CUST00432,2025-07-06,316.89,Dining
CUST00432,2025-05-25,180.67,Electronics
CUST00432,2025-07-09,5.79,Electronics
CUST00432,2025-07-26,42.08,Grocery
CUST00432,2025-05-26,165.43,Clothing
CUST00432,2025-05-21,6.61,Clothing
CUST00432,2025-07-06,29.92,Grocery
CUST00432,2025-06-20,95.41,Travel
CUST00432,2025-05-30,145.48,Dining
CUST00432,2025-06-16,30.91,Grocery
CUST00432,2025-07-09,10.09,Grocery
CUST00432,2025-05-28,71.74,Electronics
CUST00432,2025-07-22,46.86,Dining
CUST00432,2025-06-27,66.83,Electronics
CUST00432,2025-06-17,39.99,Electronics
CUST00432,2025-06-21,50.55,Grocery
CUST00432,2025-05-23,213.6,Clothing
CUST00432,2025-05-24,26.97,Dining
CUST00432,2025-07-29,5.9,Travel
CUST00432,2025-07-17,201.88,Dining
CUST00432,2025-06-29,26.87,Electronics
CUST00432,2025-07-27,15.44,Travel
CUST00432,2025-07-03,20.08,Grocery
CUST00432,2025-07-01,31.54,Clothing
CUST00432,2025-06-01,15.9,Electronics
CUST00432,2025-06-06,33.98,Dining
CUST00432,2025-07-29,84.41,Electronics
CUST00432,2025-07-15,81.95,Clothing
CUST00432,2025-07-11,112.59,Dining
CUST00432,2025-06-23,129.7,Grocery
CUST00432,2025-06-27,21.32,Electronics
CUST00432,2025-06-06,17.88,Clothing
CUST00432,2025-06-09,71.15,Grocery
CUST00432,2025-07-22,69.94,Dining
CUST00432,2025-06-14,21.64,Clothing
CUST00433,2025-04-29,80.25,Grocery
CUST00433,2025-02-23,55.71,Clothing
CUST00433,2024-11-28,117.51,Clothing
CUST00433,2025-03-10,71.9,Electronics
CUST00433,2025-03-11,78.21,Electronics
CUST00433,2025-01-09,118.87,Electronics
CUST00433,2025-02-16,36.17,Clothing
CUST00433,2025-04-29,364.95,Grocery
CUST00433,2025-03-30,13.39,Dining
CUST00433,2025-03-17,29.91,Dining
CUST00433,2025-02-16,41.16,Electronics
CUST00433,2025-02-05,116.95,Grocery
CUST00433,2025-07-22,5.66,Electronics
CUST00433,2025-05-18,64.72,Travel
CUST00433,2025-01-09,119.73,Dining
CUST00433,2024-12-01,91.87,Dining
CUST00433,2025-07-10,112.29,Electronics
CUST00433,2024-12-29,57.12,Electronics
CUST00433,2025-04-30,48.11,Clothing
CUST00433,2025-01-01,104.0,Grocery
CUST00433,2025-01-17,156.32,Electronics
CUST00433,2025-07-30,40.99,Clothing
CUST00433,2025-06-16,167.52,Electronics
CUST00433,2025-01-25,23.81,Grocery
CUST00433,2024-12-07,82.28,Clothing
CUST00433,2025-07-25,83.06,Electronics
CUST00433,2024-12-09,355.07,Grocery
CUST00433,2025-03-03,184.21,Grocery
CUST00433,2025-06-11,13.12,Electronics
CUST00433,2025-01-23,75.98,Dining
CUST00433,2025-01-07,22.98,Grocery
CUST00433,2025-04-16,9.36,Travel
CUST00433,2024-11-21,19.56,Clothing
CUST00433,2025-05-19,59.02,Electronics
CUST00433,2025-01-17,36.7,Dining
CUST00433,2025-01-07,44.08,Travel
CUST00433,2024-11-27,12.35,Grocery
CUST00433,2025-05-21,35.28,Travel
CUST00433,2025-06-03,57.62,Clothing
CUST00433,2025-03-29,35.35,Grocery
CUST00433,2025-06-30,5.47,Grocery
CUST00433,2025-02-01,7.05,Clothing
CUST00433,2025-04-17,72.01,Electronics
CUST00433,2024-12-15,49.58,Grocery
CUST00433,2025-01-06,233.04,Electronics
CUST00433,2025-07-07,9.18,Electronics
CUST00433,2025-06-13,93.99,Electronics
CUST00433,2025-01-04,130.42,Clothing
CUST00433,2024-11-15,97.46,Grocery
CUST00433,2025-04-09,73.75,Clothing
CUST00433,2025-04-05,16.36,Electronics
CUST00433,2025-07-29,17.14,Grocery
CUST00433,2025-06-15,73.66,Electronics
CUST00433,2025-05-18,88.48,Clothing
CUST00433,2024-12-13,20.12,Dining
CUST00433,2025-04-27,283.66,Dining
CUST00433,2025-06-26,31.82,Dining
CUST00433,2025-03-26,70.42,Travel
CUST00433,2025-02-07,118.84,Clothing
CUST00433,2024-11-13,45.88,Dining
CUST00433,2025-03-06,23.85,Grocery
CUST00433,2025-01-23,171.71,Travel
CUST00433,2024-12-03,24.26,Travel
CUST00433,2025-04-10,472.38,Travel
CUST00433,2025-05-18,358.79,Travel
CUST00433,2025-07-28,50.23,Dining
CUST00433,2025-06-10,19.7,Clothing
CUST00433,2025-06-27,58.68,Electronics
CUST00433,2025-02-20,32.73,Electronics
CUST00433,2025-07-24,142.01,Dining
CUST00433,2025-03-25,124.52,Clothing
CUST00433,2025-04-08,28.51,Electronics
CUST00433,2025-03-08,42.13,Travel
CUST00433,2025-03-21,217.8,Dining
CUST00433,2024-11-17,39.95,Dining
CUST00433,2025-02-22,297.1,Grocery
CUST00433,2024-12-21,101.47,Travel
CUST00433,2025-07-26,37.1,Travel
CUST00433,2025-07-12,65.58,Dining
CUST00433,2025-01-18,139.93,Travel
CUST00433,2025-02-16,25.36,Electronics
CUST00433,2025-04-16,10.12,Electronics
CUST00433,2025-03-17,91.93,Clothing
CUST00433,2025-06-15,60.09,Grocery
CUST00433,2025-07-30,89.11,Dining
CUST00433,2025-06-05,122.86,Travel
CUST00433,2025-05-03,104.83,Travel
CUST00433,2025-04-18,130.21,Clothing
CUST00433,2025-04-03,11.81,Electronics
CUST00433,2025-06-12,23.92,Grocery
CUST00433,2025-03-19,61.31,Dining
CUST00433,2025-04-09,272.89,Dining
CUST00433,2025-02-19,34.19,Travel
CUST00433,2025-07-16,91.49,Grocery
CUST00433,2025-04-22,21.79,Grocery
CUST00433,2025-07-04,41.21,Grocery
CUST00433,2024-11-26,24.28,Grocery
CUST00433,2025-02-16,22.12,Electronics
CUST00433,2025-04-28,49.2,Travel
CUST00434,2024-10-03,51.87,Clothing
CUST00434,2024-12-03,66.72,Dining
CUST00434,2025-04-28,121.28,Electronics
CUST00434,2025-05-02,48.92,Dining
CUST00434,2025-07-26,111.8,Grocery
CUST00434,2024-12-21,86.05,Travel
CUST00434,2024-12-11,189.87,Clothing
CUST00434,2024-11-24,134.27,Dining
CUST00434,2025-06-18,34.84,Electronics
CUST00434,2025-05-02,444.47,Dining
CUST00434,2024-12-23,76.37,Electronics
CUST00434,2025-01-18,41.9,Electronics
CUST00434,2025-03-22,28.16,Dining
CUST00434,2024-10-29,26.33,Travel
CUST00434,2025-05-13,52.05,Electronics
CUST00434,2025-07-16,130.57,Travel
CUST00434,2025-05-19,67.39,Grocery
CUST00434,2024-09-24,183.66,Grocery
CUST00434,2025-08-01,52.09,Travel
CUST00434,2025-06-25,41.67,Travel
CUST00434,2025-05-10,86.2,Electronics
CUST00434,2024-09-26,93.4,Travel
CUST00434,2024-08-18,41.93,Travel
CUST00434,2025-02-04,102.21,Travel
CUST00434,2024-10-01,116.17,Electronics
CUST00434,2024-10-16,201.2,Dining
CUST00434,2024-09-18,26.85,Travel
CUST00434,2025-05-10,24.14,Travel
CUST00434,2025-06-22,67.63,Electronics
CUST00434,2024-11-19,53.51,Clothing
CUST00434,2025-04-15,130.53,Grocery
CUST00434,2025-05-17,21.14,Travel
CUST00434,2025-03-25,71.05,Grocery
CUST00434,2024-10-09,54.96,Travel
CUST00434,2025-01-08,290.53,Grocery
CUST00434,2025-06-06,5.78,Dining
CUST00434,2025-07-22,25.24,Dining
CUST00434,2025-02-11,23.02,Electronics
CUST00434,2025-07-07,80.17,Clothing
CUST00434,2025-01-22,17.83,Grocery
CUST00434,2025-06-09,25.1,Grocery
CUST00434,2025-04-14,66.56,Clothing
CUST00434,2025-03-05,5.05,Travel
CUST00434,2025-01-01,65.31,Clothing
CUST00434,2024-09-21,78.68,Grocery
CUST00434,2025-05-14,21.69,Clothing
CUST00434,2024-12-30,67.0,Dining
CUST00434,2025-01-04,138.12,Electronics
CUST00434,2024-08-21,44.22,Clothing
CUST00434,2025-05-02,78.27,Dining
CUST00434,2025-03-15,52.25,Grocery
CUST00434,2024-10-19,19.37,Travel
CUST00434,2024-09-11,13.0,Dining
CUST00434,2024-10-16,14.15,Dining
CUST00434,2024-10-13,14.45,Electronics
CUST00434,2025-07-05,63.5,Dining
CUST00434,2025-03-20,48.21,Electronics
CUST00434,2024-09-29,11.32,Travel
CUST00434,2024-10-20,253.88,Clothing
CUST00434,2024-08-19,28.49,Dining
CUST00434,2024-11-24,13.53,Electronics
CUST00434,2025-04-28,9.03,Clothing
CUST00434,2025-05-25,49.51,Travel
CUST00434,2025-04-20,25.91,Travel
CUST00434,2025-01-03,35.3,Clothing
CUST00434,2024-12-27,8.7,Grocery
CUST00434,2024-10-16,112.76,Clothing
CUST00434,2025-02-14,49.46,Travel
CUST00434,2025-01-27,17.01,Dining
CUST00434,2025-02-10,88.22,Dining
CUST00434,2024-10-02,70.58,Travel
CUST00434,2025-06-02,94.88,Dining
CUST00434,2025-01-25,97.93,Electronics
CUST00434,2024-11-07,153.05,Dining
CUST00434,2024-09-27,66.26,Dining
CUST00434,2025-07-24,149.38,Electronics
CUST00434,2024-09-03,22.83,Electronics
CUST00434,2025-07-28,31.58,Travel
CUST00434,2025-01-27,129.75,Grocery
CUST00434,2025-01-08,28.58,Dining
CUST00434,2025-06-08,75.56,Travel
CUST00434,2025-02-12,8.18,Clothing
CUST00434,2024-12-19,50.63,Clothing
CUST00434,2024-12-05,122.17,Grocery
CUST00434,2025-02-26,166.67,Grocery
CUST00434,2024-10-17,207.73,Clothing
CUST00434,2024-11-27,67.67,Electronics
CUST00434,2025-04-27,56.65,Clothing
CUST00434,2025-02-19,142.64,Electronics
CUST00434,2025-05-18,365.0,Dining
CUST00434,2025-05-02,166.02,Electronics
CUST00434,2024-10-27,319.61,Travel
CUST00434,2025-05-27,90.96,Grocery
CUST00434,2024-09-03,7.36,Electronics
CUST00435,2023-07-30,40.1,Grocery
CUST00435,2025-07-12,39.86,Travel
CUST00435,2023-02-26,24.1,Grocery
CUST00435,2025-02-24,67.55,Grocery
CUST00435,2022-10-02,178.12,Electronics
CUST00435,2024-04-12,9.81,Electronics
CUST00435,2023-09-25,37.15,Dining
CUST00435,2024-03-17,29.63,Travel
CUST00435,2024-05-12,17.74,Electronics
CUST00435,2024-07-19,20.88,Dining
CUST00435,2024-02-21,165.76,Electronics
CUST00435,2024-06-03,172.66,Clothing
CUST00435,2025-01-20,88.61,Clothing
CUST00435,2025-06-09,85.71,Electronics
CUST00435,2023-06-15,117.42,Electronics
CUST00435,2024-09-20,22.78,Travel
CUST00435,2023-12-22,7.3,Grocery
CUST00435,2023-06-09,81.62,Dining
CUST00435,2023-05-01,5.16,Clothing
CUST00435,2025-01-19,61.83,Dining
CUST00435,2024-05-03,91.94,Clothing
CUST00435,2023-08-11,295.43,Clothing
CUST00435,2023-01-07,6.69,Clothing
CUST00435,2024-10-18,202.68,Electronics
CUST00435,2023-10-16,39.06,Dining
CUST00435,2024-12-28,239.86,Grocery
CUST00435,2025-01-17,114.07,Grocery
CUST00435,2022-11-19,26.31,Clothing
CUST00435,2025-03-13,21.09,Electronics
CUST00435,2025-04-06,130.39,Electronics
CUST00435,2023-02-01,30.95,Travel
CUST00435,2023-09-10,242.0,Clothing
CUST00435,2024-04-03,77.99,Electronics
CUST00435,2023-01-11,13.99,Travel
CUST00435,2023-01-26,90.16,Travel
CUST00435,2023-02-03,112.48,Electronics
CUST00435,2024-10-02,50.75,Dining
CUST00435,2024-06-05,81.08,Electronics
CUST00435,2023-07-22,90.17,Dining
CUST00435,2024-04-07,182.89,Clothing
CUST00435,2022-11-07,7.76,Clothing
CUST00435,2024-04-23,68.77,Grocery
CUST00435,2024-02-20,11.41,Clothing
CUST00435,2024-01-28,32.11,Travel
CUST00435,2023-02-25,54.4,Clothing
CUST00435,2024-04-11,197.83,Dining
CUST00435,2025-05-21,25.7,Electronics
CUST00435,2024-10-05,80.7,Travel
CUST00435,2024-05-24,66.55,Dining
CUST00435,2024-03-02,133.12,Travel
CUST00435,2024-03-15,194.69,Electronics
CUST00435,2024-01-27,24.31,Dining
CUST00435,2023-06-06,71.93,Clothing
CUST00435,2022-10-03,34.83,Travel
CUST00435,2025-01-08,48.37,Grocery
CUST00435,2023-02-01,23.1,Electronics
CUST00435,2022-11-06,142.99,Travel
CUST00435,2023-11-16,225.01,Travel
CUST00435,2023-09-22,58.57,Electronics
CUST00435,2024-07-19,35.59,Grocery
CUST00435,2025-01-26,18.18,Clothing
CUST00435,2023-02-02,11.51,Clothing
CUST00435,2025-07-25,188.19,Grocery
CUST00435,2025-02-26,79.51,Electronics
CUST00435,2025-06-17,29.18,Electronics
CUST00435,2024-02-13,102.95,Grocery
CUST00435,2023-03-27,41.66,Electronics
CUST00435,2024-10-22,113.24,Grocery
CUST00435,2023-11-02,55.41,Dining
CUST00435,2023-08-10,24.85,Travel
CUST00435,2023-11-16,84.71,Clothing
CUST00435,2024-03-04,7.01,Dining
CUST00435,2022-09-24,157.78,Grocery
CUST00435,2024-06-09,42.02,Clothing
CUST00435,2024-01-24,29.71,Travel
CUST00435,2024-04-05,24.43,Dining
CUST00435,2022-11-02,63.38,Travel
CUST00435,2024-07-31,47.37,Dining
CUST00435,2024-01-05,149.48,Clothing
CUST00435,2023-12-17,36.48,Dining
CUST00435,2023-08-22,36.18,Clothing
CUST00435,2023-11-17,18.07,Grocery
CUST00435,2023-05-09,86.73,Travel
CUST00435,2023-11-06,58.69,Grocery
CUST00435,2024-03-18,31.32,Grocery
CUST00435,2025-04-20,74.55,Electronics
CUST00436,2024-11-03,245.26,Electronics
CUST00436,2024-06-12,61.38,Travel
CUST00436,2024-04-15,28.23,Electronics
CUST00436,2025-03-16,126.37,Travel
CUST00436,2024-05-14,26.37,Grocery
CUST00436,2024-09-17,80.42,Travel
CUST00436,2023-10-23,31.79,Electronics
CUST00436,2023-11-15,40.72,Electronics
CUST00436,2025-07-01,52.4,Grocery
CUST00436,2024-03-25,24.5,Grocery
CUST00436,2024-10-24,26.63,Electronics
CUST00436,2024-07-02,19.56,Travel
CUST00436,2024-04-13,284.99,Grocery
CUST00436,2024-10-25,22.0,Dining
CUST00436,2024-01-24,11.47,Travel
CUST00436,2024-07-06,58.99,Dining
CUST00436,2024-10-05,5.17,Dining
CUST00436,2025-01-27,70.3,Electronics
CUST00436,2025-02-16,153.69,Travel
CUST00436,2024-02-29,23.7,Electronics
CUST00436,2024-03-22,29.53,Travel
CUST00436,2024-09-27,104.93,Dining
CUST00436,2023-11-17,46.8,Electronics
CUST00436,2024-01-06,27.54,Clothing
CUST00436,2024-05-27,98.31,Travel
CUST00436,2023-09-28,242.79,Grocery
CUST00436,2024-04-23,71.57,Electronics
CUST00436,2024-03-09,120.2,Clothing
CUST00436,2024-08-24,163.51,Clothing
CUST00436,2025-03-19,219.33,Clothing
CUST00436,2025-04-14,9.96,Grocery
CUST00436,2023-10-20,26.97,Electronics
CUST00436,2024-05-16,194.58,Travel
CUST00436,2025-04-01,127.34,Clothing
CUST00436,2024-12-13,26.22,Electronics
CUST00436,2024-09-21,71.97,Travel
CUST00436,2025-03-07,30.24,Dining
CUST00436,2024-01-12,38.42,Travel
CUST00436,2024-10-23,108.41,Electronics
CUST00436,2024-02-25,42.51,Dining
CUST00436,2024-11-12,91.19,Grocery
CUST00436,2025-07-19,79.86,Grocery
CUST00436,2024-12-24,104.5,Grocery
CUST00436,2024-08-25,52.39,Grocery
CUST00436,2025-05-21,22.15,Clothing
CUST00436,2025-05-24,8.71,Grocery
CUST00436,2024-02-08,204.53,Electronics
CUST00436,2025-04-20,179.4,Travel
CUST00436,2025-04-06,51.55,Grocery
CUST00436,2024-02-27,11.26,Clothing
CUST00436,2025-05-03,260.9,Travel
CUST00436,2025-02-17,62.94,Clothing
CUST00436,2024-01-30,123.65,Travel
CUST00436,2024-09-10,76.45,Dining
CUST00436,2024-09-21,83.04,Dining
CUST00436,2025-06-26,68.89,Travel
CUST00436,2024-03-14,66.46,Grocery
CUST00436,2025-05-10,78.7,Travel
CUST00436,2025-03-23,9.69,Grocery
CUST00436,2024-09-03,78.63,Travel
CUST00436,2024-05-08,107.32,Clothing
CUST00436,2024-06-12,333.85,Electronics
CUST00436,2024-09-04,124.17,Electronics
CUST00436,2025-02-23,8.93,Electronics
CUST00436,2024-10-01,397.02,Dining
CUST00436,2023-11-09,116.92,Dining
CUST00436,2024-01-25,108.36,Dining
CUST00436,2025-05-24,55.72,Grocery
CUST00436,2024-10-28,31.84,Electronics
CUST00436,2024-01-31,35.29,Clothing
CUST00436,2025-06-16,87.67,Grocery
CUST00436,2025-07-28,131.89,Electronics
CUST00436,2024-04-02,14.2,Dining
CUST00436,2025-06-23,47.39,Grocery
CUST00436,2024-10-13,29.2,Travel
CUST00436,2025-04-01,88.68,Grocery
CUST00436,2025-01-22,91.25,Dining
CUST00436,2024-10-13,204.86,Dining
CUST00436,2024-07-20,12.64,Dining
CUST00436,2023-12-29,17.9,Dining
CUST00436,2024-05-18,29.74,Electronics
CUST00436,2025-07-09,40.69,Electronics
CUST00436,2024-07-30,35.12,Dining
CUST00436,2024-11-19,109.16,Clothing
CUST00436,2025-04-19,333.18,Electronics
CUST00436,2025-04-09,64.76,Clothing
CUST00436,2024-10-09,30.63,Electronics
CUST00436,2025-01-01,91.55,Dining
CUST00436,2023-11-14,5.46,Grocery
CUST00436,2024-12-09,10.73,Travel
CUST00436,2025-01-06,13.24,Electronics
CUST00436,2024-11-28,76.96,Clothing
CUST00436,2023-10-04,5.6,Dining
CUST00436,2025-04-08,160.11,Travel
CUST00436,2025-01-15,43.04,Grocery
CUST00436,2024-05-06,152.48,Grocery
CUST00436,2025-07-25,10.82,Grocery
CUST00437,2022-10-22,74.69,Dining
CUST00437,2023-01-13,19.66,Travel
CUST00437,2025-02-07,220.86,Grocery
CUST00437,2025-06-08,54.58,Clothing
CUST00437,2022-10-18,69.41,Dining
CUST00437,2023-04-23,29.94,Grocery
CUST00437,2024-01-09,61.04,Grocery
CUST00437,2022-11-09,16.85,Clothing
CUST00437,2025-02-11,391.96,Grocery
CUST00437,2025-02-18,127.67,Electronics
CUST00437,2024-12-13,22.89,Grocery
CUST00437,2023-08-18,39.06,Grocery
CUST00437,2025-04-28,71.63,Dining
CUST00437,2023-04-05,74.05,Grocery
CUST00437,2025-04-06,83.57,Electronics
CUST00437,2025-02-24,35.37,Electronics
CUST00437,2024-10-02,41.92,Travel
CUST00437,2023-03-13,34.08,Dining
CUST00437,2024-06-11,82.62,Electronics
CUST00437,2023-03-24,74.23,Clothing
CUST00437,2024-04-02,64.32,Dining
CUST00437,2025-04-16,46.64,Grocery
CUST00437,2024-10-07,98.33,Grocery
CUST00437,2023-02-21,56.69,Electronics
CUST00437,2025-07-27,214.32,Clothing
CUST00437,2024-01-21,17.78,Electronics
CUST00437,2023-06-30,92.65,Travel
CUST00437,2024-09-11,16.13,Clothing
CUST00437,2025-03-05,56.68,Dining
CUST00437,2023-03-11,8.28,Dining
CUST00437,2022-11-24,297.32,Grocery
CUST00437,2024-04-06,297.75,Travel
CUST00437,2023-12-27,18.65,Dining
CUST00437,2023-07-28,34.89,Travel
CUST00437,2025-05-21,17.29,Electronics
CUST00437,2023-04-11,273.17,Dining
CUST00437,2024-09-18,12.71,Dining
CUST00437,2022-11-11,19.94,Dining
CUST00437,2023-01-17,36.59,Electronics
CUST00437,2025-06-07,215.31,Grocery
CUST00437,2023-12-22,137.67,Grocery
CUST00437,2025-01-07,83.77,Grocery
CUST00437,2024-06-10,124.77,Grocery
CUST00437,2024-04-19,5.75,Grocery
CUST00437,2023-04-10,64.54,Dining
CUST00437,2023-01-10,38.74,Grocery
CUST00437,2024-05-15,45.95,Travel
CUST00437,2025-06-03,40.46,Dining
CUST00437,2023-09-17,80.78,Dining
CUST00437,2023-10-09,54.2,Electronics
CUST00437,2022-11-12,172.93,Travel
CUST00437,2023-07-17,72.53,Clothing
CUST00437,2025-03-24,89.27,Travel
CUST00437,2024-04-04,19.45,Dining
CUST00437,2022-12-22,86.32,Electronics
CUST00437,2024-05-31,37.37,Dining
CUST00437,2024-04-12,129.4,Grocery
CUST00437,2023-07-05,31.67,Travel
CUST00437,2023-04-04,43.47,Travel
CUST00437,2023-05-28,271.39,Travel
CUST00437,2023-11-07,9.12,Electronics
CUST00437,2024-01-20,355.64,Grocery
CUST00437,2023-01-17,40.4,Electronics
CUST00437,2023-08-09,31.08,Electronics
CUST00437,2023-10-27,23.63,Electronics
CUST00437,2024-08-12,288.56,Travel
CUST00437,2024-12-27,43.16,Electronics
CUST00437,2024-01-12,78.34,Electronics
CUST00437,2025-06-12,114.61,Travel
CUST00437,2023-02-23,14.96,Electronics
CUST00437,2023-03-17,128.56,Electronics
CUST00437,2024-06-18,70.36,Electronics
CUST00437,2024-02-01,47.61,Dining
CUST00437,2023-10-16,41.33,Electronics
CUST00437,2024-01-02,11.33,Dining
CUST00437,2023-10-15,158.05,Clothing
CUST00437,2024-05-20,82.8,Dining
CUST00437,2024-12-02,52.31,Clothing
CUST00437,2024-07-24,89.24,Dining
CUST00438,2025-03-12,46.42,Travel
CUST00438,2025-04-30,57.31,Clothing
CUST00438,2025-01-29,105.42,Dining
CUST00438,2025-01-27,17.31,Travel
CUST00438,2025-03-13,22.94,Grocery
CUST00438,2025-01-28,164.01,Grocery
CUST00438,2025-03-26,58.81,Grocery
CUST00438,2025-01-23,38.4,Grocery
CUST00438,2025-03-19,15.94,Grocery
CUST00438,2025-03-11,154.21,Clothing
CUST00438,2025-05-17,53.49,Grocery
CUST00438,2025-03-21,62.02,Dining
CUST00438,2025-03-03,43.05,Travel
CUST00438,2025-06-22,8.95,Dining
CUST00438,2025-03-28,19.16,Travel
CUST00438,2025-01-19,84.85,Travel
CUST00438,2025-01-16,81.48,Electronics
CUST00438,2025-06-27,143.82,Dining
CUST00438,2025-04-03,16.69,Electronics
CUST00438,2025-06-14,108.3,Clothing
CUST00438,2025-02-04,182.4,Travel
CUST00438,2025-07-06,19.31,Dining
CUST00438,2025-03-06,26.51,Electronics
CUST00438,2025-03-01,37.14,Travel
CUST00438,2025-03-29,151.86,Grocery
CUST00438,2025-04-18,227.99,Dining
CUST00438,2025-07-21,74.03,Dining
CUST00438,2025-06-25,61.46,Travel
CUST00438,2025-02-23,21.91,Grocery
CUST00438,2025-04-08,53.61,Travel
CUST00438,2025-07-08,193.81,Electronics
CUST00438,2025-01-05,40.37,Travel
CUST00438,2025-06-24,27.62,Travel
CUST00438,2025-06-09,86.15,Travel
CUST00438,2025-03-08,104.02,Electronics
CUST00438,2025-01-26,11.67,Clothing
CUST00438,2025-03-12,74.95,Travel
CUST00438,2025-02-06,38.48,Clothing
CUST00438,2025-04-18,19.84,Travel
CUST00438,2025-07-09,31.97,Travel
CUST00438,2025-01-03,146.38,Grocery
CUST00438,2025-07-14,10.97,Electronics
CUST00438,2025-03-07,11.82,Clothing
CUST00438,2025-04-27,43.49,Grocery
CUST00438,2025-06-10,75.1,Grocery
CUST00438,2025-01-12,147.82,Clothing
CUST00438,2025-06-20,52.09,Electronics
CUST00438,2025-02-03,141.56,Clothing
CUST00438,2025-01-08,21.24,Electronics
CUST00438,2025-05-30,163.79,Electronics
CUST00438,2025-01-01,68.98,Electronics
CUST00438,2025-05-17,75.4,Dining
CUST00438,2025-07-16,25.96,Clothing
CUST00438,2025-04-24,316.42,Travel
CUST00438,2025-02-02,34.28,Clothing
CUST00438,2025-06-23,209.78,Clothing
CUST00438,2025-06-22,128.55,Clothing
CUST00438,2024-12-28,36.41,Clothing
CUST00438,2025-04-23,44.77,Electronics
CUST00438,2025-07-25,70.91,Grocery
CUST00438,2025-05-10,29.52,Electronics
CUST00438,2025-06-15,40.82,Clothing
CUST00438,2025-07-30,187.96,Travel
CUST00438,2025-06-12,6.3,Grocery
CUST00438,2025-01-01,59.62,Clothing
CUST00438,2025-07-17,69.54,Grocery
CUST00438,2025-01-21,36.89,Clothing
CUST00438,2025-07-02,33.55,Grocery
CUST00438,2025-05-19,10.23,Clothing
CUST00438,2025-05-01,20.79,Grocery
CUST00438,2025-02-09,215.74,Grocery
CUST00438,2025-01-19,13.72,Dining
CUST00438,2025-04-14,129.77,Dining
CUST00438,2025-02-05,23.33,Grocery
CUST00438,2025-05-07,38.1,Electronics
CUST00438,2025-03-11,13.33,Travel
CUST00438,2024-12-27,19.17,Electronics
CUST00438,2025-03-28,19.4,Clothing
CUST00438,2025-04-29,204.96,Dining
CUST00438,2025-01-24,213.43,Electronics
CUST00438,2025-01-22,65.74,Travel
CUST00438,2025-04-24,167.71,Electronics
CUST00438,2025-07-02,47.93,Clothing
CUST00438,2025-01-07,106.81,Dining
CUST00438,2025-03-23,121.76,Electronics
CUST00438,2025-03-08,44.44,Electronics
CUST00438,2024-12-26,49.19,Grocery
CUST00438,2025-02-14,33.79,Travel
CUST00438,2025-05-13,57.06,Grocery
CUST00438,2025-02-20,169.13,Clothing
CUST00438,2025-04-11,46.86,Grocery
CUST00438,2025-07-08,32.87,Clothing
CUST00439,2024-03-17,10.5,Grocery
CUST00439,2024-02-29,35.13,Clothing
CUST00439,2025-06-20,15.0,Grocery
CUST00439,2024-02-15,87.05,Grocery
CUST00439,2024-09-23,112.72,Clothing
CUST00439,2024-04-04,84.33,Dining
CUST00439,2024-03-27,16.03,Travel
CUST00439,2024-05-19,62.75,Dining
CUST00439,2025-01-08,106.28,Dining
CUST00439,2024-10-23,6.61,Travel
CUST00439,2025-06-12,7.97,Grocery
CUST00439,2024-06-11,95.58,Clothing
CUST00439,2024-09-27,371.33,Electronics
CUST00439,2024-09-12,27.92,Dining
CUST00439,2025-05-10,32.98,Travel
CUST00439,2024-07-27,55.82,Electronics
CUST00439,2024-11-06,94.85,Grocery
CUST00439,2024-12-16,45.5,Electronics
CUST00439,2024-06-21,29.93,Dining
CUST00439,2024-02-05,62.89,Electronics
CUST00439,2024-09-12,72.94,Electronics
CUST00439,2025-03-15,99.01,Travel
CUST00439,2024-06-11,74.61,Travel
CUST00439,2024-05-28,100.19,Travel
CUST00439,2024-09-20,27.19,Travel
CUST00439,2024-12-18,19.62,Travel
CUST00439,2024-09-25,28.29,Travel
CUST00439,2024-11-06,87.29,Electronics
CUST00439,2024-06-08,6.77,Electronics
CUST00439,2024-06-27,138.16,Electronics
CUST00439,2025-03-09,17.13,Dining
CUST00439,2024-01-16,11.45,Travel
CUST00439,2024-04-27,48.43,Grocery
CUST00439,2024-08-24,435.35,Electronics
CUST00439,2025-07-12,76.21,Electronics
CUST00439,2025-05-29,345.0,Electronics
CUST00439,2024-06-08,31.93,Dining
CUST00439,2024-10-05,236.29,Electronics
CUST00439,2024-01-08,58.39,Electronics
CUST00439,2024-02-19,192.88,Travel
CUST00439,2024-12-26,46.13,Grocery
CUST00439,2024-03-16,405.75,Travel
CUST00439,2024-05-25,98.35,Electronics
CUST00439,2024-03-17,21.67,Electronics
CUST00439,2025-07-21,23.79,Clothing
CUST00439,2024-06-09,55.93,Dining
CUST00439,2025-02-15,48.71,Dining
CUST00439,2024-10-16,7.3,Electronics
CUST00439,2024-03-26,36.18,Electronics
CUST00439,2024-09-07,19.48,Grocery
CUST00439,2024-08-30,51.05,Electronics
CUST00439,2024-02-07,40.04,Travel
CUST00439,2025-04-01,25.38,Dining
CUST00439,2024-05-14,32.6,Dining
CUST00439,2024-07-19,208.29,Dining
CUST00439,2024-06-14,106.83,Dining
CUST00439,2025-01-13,6.12,Electronics
CUST00439,2025-04-10,177.61,Grocery
CUST00439,2024-01-23,21.41,Travel
CUST00439,2024-07-03,11.82,Grocery
CUST00439,2024-03-30,33.54,Travel
CUST00439,2024-12-20,201.24,Dining
CUST00439,2024-04-20,54.15,Clothing
CUST00439,2025-01-05,26.38,Travel
CUST00439,2024-03-16,19.69,Electronics
CUST00439,2025-04-30,196.57,Grocery
CUST00439,2025-05-19,204.67,Grocery
CUST00439,2025-04-02,19.43,Travel
CUST00439,2024-12-28,95.34,Dining
CUST00439,2024-12-04,64.58,Travel
CUST00439,2024-04-21,44.13,Electronics
CUST00439,2025-04-16,147.81,Grocery
CUST00439,2024-06-13,36.08,Electronics
CUST00439,2025-02-24,25.33,Clothing
CUST00439,2024-09-15,116.86,Electronics
CUST00439,2024-09-03,185.4,Grocery
CUST00439,2024-09-01,103.51,Grocery
CUST00439,2024-01-03,22.44,Grocery
CUST00439,2024-11-12,37.86,Clothing
CUST00439,2024-09-23,113.8,Grocery
CUST00439,2025-01-03,26.58,Grocery
CUST00439,2025-07-31,17.3,Travel
CUST00439,2024-08-18,99.97,Dining
CUST00439,2025-05-06,13.61,Grocery
CUST00439,2025-06-24,65.22,Clothing
CUST00439,2024-01-04,21.88,Travel
CUST00439,2025-06-26,211.17,Electronics
CUST00439,2024-05-03,19.23,Travel
CUST00439,2024-12-04,6.6,Electronics
CUST00439,2024-07-15,86.07,Grocery
CUST00439,2024-07-10,105.17,Clothing
CUST00439,2024-06-12,32.64,Electronics
CUST00439,2024-09-04,7.9,Dining
CUST00439,2024-02-23,255.76,Clothing
CUST00439,2024-11-19,20.49,Clothing
CUST00440,2024-07-06,15.98,Clothing
CUST00440,2025-02-12,132.35,Travel
CUST00440,2025-03-09,141.2,Dining
CUST00440,2024-12-24,8.53,Travel
CUST00440,2025-01-21,26.75,Grocery
CUST00440,2025-03-18,19.97,Clothing
CUST00440,2025-06-08,115.7,Clothing
CUST00440,2025-06-18,98.81,Dining
CUST00440,2024-11-30,15.44,Grocery
CUST00440,2025-01-23,30.51,Travel
CUST00440,2024-07-11,15.57,Electronics
CUST00440,2024-12-27,138.27,Clothing
CUST00440,2025-01-09,77.54,Clothing
CUST00440,2025-06-29,152.83,Clothing
CUST00440,2024-11-20,18.49,Travel
CUST00440,2025-04-16,15.23,Dining
CUST00440,2024-09-15,94.25,Travel
CUST00440,2025-02-05,11.08,Electronics
CUST00440,2024-11-30,73.03,Clothing
CUST00440,2025-07-19,593.31,Travel
CUST00440,2025-02-04,71.63,Travel
CUST00440,2025-01-13,23.54,Grocery
CUST00440,2024-10-21,19.29,Travel
CUST00440,2024-07-11,42.86,Grocery
CUST00440,2024-07-12,28.5,Electronics
CUST00440,2025-02-02,7.4,Dining
CUST00440,2024-08-23,34.66,Clothing
CUST00440,2024-07-31,115.11,Travel
CUST00440,2025-03-02,98.39,Travel
CUST00440,2024-09-17,100.26,Grocery
CUST00440,2025-03-11,21.63,Travel
CUST00440,2024-11-16,8.09,Clothing
CUST00440,2024-12-23,118.2,Clothing
CUST00440,2025-01-12,173.86,Travel
CUST00440,2024-11-05,100.42,Grocery
CUST00440,2024-09-24,10.15,Electronics
CUST00440,2024-08-03,19.42,Grocery
CUST00440,2024-08-02,80.63,Grocery
CUST00440,2025-02-15,141.8,Travel
CUST00440,2025-02-04,15.21,Grocery
CUST00440,2024-12-24,26.05,Travel
CUST00440,2024-11-12,34.06,Clothing
CUST00440,2024-11-13,10.44,Clothing
CUST00440,2025-01-07,184.36,Electronics
CUST00440,2025-05-16,135.45,Travel
CUST00440,2024-08-31,117.85,Grocery
CUST00440,2025-07-19,357.97,Travel
CUST00440,2025-06-01,55.46,Electronics
CUST00440,2024-12-18,14.88,Dining
CUST00440,2024-09-28,32.69,Dining
CUST00440,2025-05-01,195.53,Clothing
CUST00440,2024-07-03,5.14,Electronics
CUST00440,2025-07-19,47.47,Travel
CUST00440,2024-07-02,378.86,Electronics
CUST00440,2025-06-21,142.47,Grocery
CUST00440,2025-03-07,90.27,Dining
CUST00440,2025-06-11,28.62,Travel
CUST00440,2025-01-24,82.47,Dining
CUST00440,2024-12-08,131.82,Travel
CUST00440,2025-04-07,194.26,Travel
CUST00440,2025-04-11,177.91,Electronics
CUST00440,2025-05-25,44.79,Clothing
CUST00440,2025-02-14,67.99,Travel
CUST00440,2024-10-06,67.69,Electronics
CUST00440,2024-10-22,72.67,Travel
CUST00440,2025-04-24,115.8,Grocery
CUST00440,2025-05-15,68.95,Dining
CUST00440,2025-03-27,6.57,Dining
CUST00440,2024-11-16,52.37,Dining
CUST00440,2025-04-14,157.56,Dining
CUST00440,2024-09-20,16.46,Travel
CUST00440,2025-03-16,16.7,Grocery
CUST00440,2025-01-20,54.18,Dining
CUST00440,2025-03-08,35.17,Travel
CUST00440,2024-12-03,89.87,Electronics
CUST00440,2025-02-20,29.14,Electronics
CUST00440,2025-05-17,85.95,Dining
CUST00440,2025-01-31,27.47,Electronics
CUST00440,2024-06-29,41.16,Electronics
CUST00440,2024-12-09,21.32,Grocery
CUST00440,2025-04-04,152.55,Clothing
CUST00440,2025-07-16,42.45,Dining
CUST00440,2025-02-16,137.41,Grocery
CUST00440,2024-12-17,13.23,Travel
CUST00440,2024-08-18,27.86,Electronics
CUST00440,2024-09-10,93.19,Dining
CUST00440,2024-08-31,41.22,Dining
CUST00440,2025-02-08,6.22,Clothing
CUST00440,2025-06-09,6.74,Travel
CUST00440,2024-08-30,39.04,Travel
CUST00440,2024-09-11,114.25,Dining
CUST00440,2025-05-17,174.37,Clothing
CUST00440,2025-03-27,73.89,Clothing
CUST00440,2025-02-27,357.47,Clothing
CUST00440,2025-01-02,8.14,Clothing
CUST00440,2025-06-04,41.03,Travel
CUST00440,2024-07-08,450.8,Electronics
CUST00440,2025-02-06,135.59,Grocery
CUST00440,2024-09-12,29.8,Electronics
CUST00440,2024-10-13,96.35,Travel
CUST00440,2024-07-27,37.84,Clothing
CUST00440,2025-03-18,32.5,Grocery
CUST00440,2025-06-06,13.98,Dining
CUST00440,2025-05-27,30.91,Grocery
CUST00440,2025-04-23,111.0,Electronics
CUST00441,2025-06-20,39.78,Travel
CUST00441,2025-01-30,33.37,Dining
CUST00441,2025-01-10,118.24,Clothing
CUST00441,2025-05-24,73.93,Grocery
CUST00441,2025-05-17,58.41,Dining
CUST00441,2025-06-22,29.82,Dining
CUST00441,2024-10-04,293.16,Clothing
CUST00441,2024-07-04,203.44,Dining
CUST00441,2024-06-19,209.04,Dining
CUST00441,2025-07-24,413.3,Clothing
CUST00441,2025-05-02,99.3,Grocery
CUST00441,2025-05-24,169.96,Grocery
CUST00441,2024-07-08,359.17,Grocery
CUST00441,2024-10-02,171.0,Dining
CUST00441,2024-06-12,144.54,Electronics
CUST00441,2024-05-23,8.64,Travel
CUST00441,2025-03-26,75.75,Grocery
CUST00441,2024-05-19,68.65,Clothing
CUST00441,2025-03-15,182.05,Grocery
CUST00441,2024-09-15,166.57,Electronics
CUST00441,2024-11-18,154.16,Travel
CUST00441,2025-07-16,50.71,Clothing
CUST00441,2025-04-06,99.9,Clothing
CUST00441,2025-01-24,19.01,Travel
CUST00441,2024-10-16,38.58,Grocery
CUST00441,2024-06-04,47.55,Dining
CUST00441,2024-09-04,128.97,Grocery
CUST00441,2024-10-17,9.07,Dining
CUST00441,2024-12-24,45.01,Travel
CUST00441,2025-06-13,33.77,Clothing
CUST00441,2024-10-18,184.73,Clothing
CUST00441,2024-06-08,253.8,Clothing
CUST00441,2024-06-05,41.83,Electronics
CUST00441,2025-04-13,37.8,Clothing
CUST00441,2025-05-29,98.71,Electronics
CUST00441,2025-03-22,60.47,Clothing
CUST00441,2024-12-24,70.17,Grocery
CUST00441,2024-06-07,131.18,Electronics
CUST00441,2025-03-08,7.07,Dining
CUST00441,2024-05-06,25.35,Grocery
CUST00441,2025-02-21,97.05,Clothing
CUST00441,2024-12-27,124.62,Grocery
CUST00441,2025-05-04,42.8,Travel
CUST00441,2025-01-05,68.57,Clothing
CUST00441,2024-05-17,82.85,Grocery
CUST00441,2024-10-27,61.78,Clothing
CUST00441,2024-10-20,5.86,Travel
CUST00441,2025-04-28,56.32,Travel
CUST00441,2024-10-02,9.11,Grocery
CUST00441,2024-07-06,17.29,Grocery
CUST00441,2024-10-31,5.95,Travel
CUST00441,2025-06-25,8.99,Travel
CUST00441,2025-05-10,47.28,Dining
CUST00441,2024-06-21,30.69,Dining
CUST00441,2024-12-22,304.94,Travel
CUST00441,2024-07-17,75.3,Travel
CUST00441,2024-09-04,11.7,Dining
CUST00441,2025-04-21,63.33,Clothing
CUST00441,2025-03-25,18.78,Clothing
CUST00441,2025-03-29,15.07,Clothing
CUST00441,2025-01-16,109.3,Clothing
CUST00441,2024-07-19,56.62,Grocery
CUST00441,2024-07-19,154.42,Dining
CUST00441,2025-02-15,114.08,Grocery
CUST00441,2025-06-13,174.08,Clothing
CUST00441,2025-07-10,58.24,Grocery
CUST00441,2025-06-02,71.31,Dining
CUST00441,2025-03-17,72.1,Dining
CUST00441,2024-12-22,133.76,Dining
CUST00441,2024-06-29,27.33,Travel
CUST00441,2024-11-15,61.16,Dining
CUST00441,2025-07-21,107.3,Travel
CUST00441,2025-02-05,32.82,Clothing
CUST00441,2024-10-25,50.23,Electronics
CUST00441,2024-05-23,140.37,Clothing
CUST00441,2024-08-11,84.13,Electronics
CUST00441,2025-04-07,78.82,Grocery
CUST00441,2025-03-16,107.27,Travel
CUST00441,2025-05-28,243.65,Electronics
CUST00441,2025-04-10,70.24,Grocery
CUST00441,2024-12-02,109.96,Clothing
CUST00441,2025-06-11,34.89,Travel
CUST00441,2024-12-18,25.06,Electronics
CUST00441,2024-08-07,31.7,Travel
CUST00441,2025-04-01,41.49,Clothing
CUST00441,2025-06-11,36.9,Travel
CUST00441,2024-10-13,112.16,Clothing
CUST00441,2025-01-19,47.53,Clothing
CUST00441,2024-06-05,143.51,Clothing
CUST00441,2025-07-25,38.07,Clothing
CUST00441,2024-09-16,28.06,Clothing
CUST00441,2024-09-07,47.39,Dining
CUST00441,2025-05-09,18.95,Dining
CUST00441,2024-06-06,20.4,Travel
CUST00441,2024-07-10,82.06,Dining
CUST00441,2024-08-21,17.55,Travel
CUST00441,2025-01-11,52.1,Clothing
CUST00441,2024-07-09,151.7,Clothing
CUST00441,2024-09-23,86.81,Electronics
CUST00441,2024-10-19,32.39,Electronics
CUST00441,2025-02-05,110.37,Dining
CUST00441,2024-08-13,12.55,Dining
CUST00441,2025-06-23,8.49,Grocery
CUST00441,2024-08-15,40.24,Electronics
CUST00441,2025-02-02,98.66,Electronics
CUST00441,2024-11-25,23.9,Travel
CUST00441,2025-04-02,24.89,Dining
CUST00441,2024-10-19,7.28,Dining
CUST00441,2024-07-23,14.18,Dining
CUST00441,2025-06-15,32.23,Travel
CUST00441,2025-04-11,90.29,Travel
CUST00441,2025-04-19,114.0,Electronics
CUST00441,2025-03-07,52.74,Clothing
CUST00441,2025-02-18,290.24,Dining
CUST00441,2025-06-17,140.43,Dining
CUST00441,2024-11-19,93.27,Grocery
CUST00441,2024-10-19,54.36,Dining
CUST00441,2024-08-07,65.8,Dining
CUST00441,2024-10-03,72.18,Clothing
CUST00441,2024-12-26,163.16,Dining
CUST00441,2024-10-02,19.21,Clothing
CUST00442,2024-10-23,65.8,Travel
CUST00442,2025-08-01,55.05,Clothing
CUST00442,2023-08-01,101.92,Electronics
CUST00442,2023-04-12,48.22,Travel
CUST00442,2023-07-30,166.01,Clothing
CUST00442,2025-06-23,99.78,Electronics
CUST00442,2022-12-09,44.06,Travel
CUST00442,2025-03-22,36.55,Clothing
CUST00442,2024-06-12,20.28,Grocery
CUST00442,2024-05-21,213.16,Travel
CUST00442,2023-04-28,120.08,Grocery
CUST00442,2022-10-28,51.61,Travel
CUST00442,2023-12-13,371.22,Clothing
CUST00442,2025-05-19,51.18,Travel
CUST00442,2023-08-30,158.37,Travel
CUST00442,2024-01-27,99.03,Electronics
CUST00442,2025-06-20,132.65,Grocery
CUST00442,2025-04-17,24.73,Electronics
CUST00442,2023-07-04,5.08,Clothing
CUST00442,2022-12-26,21.53,Electronics
CUST00442,2024-10-29,34.5,Electronics
CUST00442,2024-11-23,225.09,Dining
CUST00442,2024-12-20,298.84,Grocery
CUST00442,2023-03-23,29.73,Grocery
CUST00442,2024-10-06,57.43,Electronics
CUST00442,2025-07-06,39.94,Clothing
CUST00442,2023-11-02,29.33,Travel
CUST00442,2023-02-06,275.74,Electronics
CUST00442,2023-04-25,21.39,Clothing
CUST00442,2023-05-06,114.41,Dining
CUST00442,2025-01-03,51.76,Electronics
CUST00442,2024-05-26,259.26,Grocery
CUST00442,2024-06-13,157.01,Travel
CUST00442,2022-12-01,93.9,Clothing
CUST00442,2024-04-20,38.52,Clothing
CUST00442,2023-11-16,59.99,Grocery
CUST00442,2023-08-23,62.21,Clothing
CUST00442,2025-03-29,204.93,Grocery
CUST00442,2023-08-21,8.81,Electronics
CUST00442,2025-06-12,104.14,Travel
CUST00442,2023-10-04,204.54,Electronics
CUST00442,2025-05-28,53.97,Travel
CUST00442,2022-10-21,44.02,Electronics
CUST00442,2023-09-17,21.54,Dining
CUST00442,2025-01-10,219.26,Dining
CUST00442,2022-10-20,189.29,Dining
CUST00442,2023-05-26,125.2,Grocery
CUST00442,2024-10-17,50.17,Travel
CUST00442,2024-11-23,107.05,Dining
CUST00442,2025-07-13,18.23,Electronics
CUST00442,2023-10-14,32.21,Grocery
CUST00442,2024-08-07,25.24,Clothing
CUST00442,2023-06-14,31.0,Grocery
CUST00442,2022-10-25,170.17,Dining
CUST00442,2024-02-29,110.58,Grocery
CUST00442,2024-09-20,39.37,Travel
CUST00442,2023-10-28,115.24,Dining
CUST00442,2023-08-24,171.23,Electronics
CUST00442,2022-09-08,71.49,Dining
CUST00442,2022-10-26,154.59,Grocery
CUST00442,2023-04-07,35.25,Grocery
CUST00442,2022-11-16,94.99,Dining
CUST00442,2023-08-16,8.77,Dining
CUST00442,2022-11-25,33.24,Travel
CUST00442,2025-04-06,164.23,Clothing
CUST00442,2024-10-20,14.01,Electronics
CUST00442,2023-08-11,33.6,Grocery
CUST00442,2025-07-01,22.76,Grocery
CUST00442,2023-05-31,13.73,Clothing
CUST00442,2025-07-16,128.31,Travel
CUST00442,2024-06-07,95.44,Grocery
CUST00442,2023-11-26,31.53,Travel
CUST00442,2025-03-25,174.08,Clothing
CUST00442,2023-12-29,114.47,Electronics
CUST00442,2022-10-05,26.48,Dining
CUST00442,2024-08-20,188.28,Grocery
CUST00442,2023-01-02,308.61,Grocery
CUST00442,2023-10-19,116.2,Clothing
CUST00442,2024-03-10,328.34,Clothing
CUST00442,2025-01-28,40.96,Electronics
CUST00442,2024-10-14,14.67,Travel
CUST00442,2023-03-30,12.98,Grocery
CUST00442,2025-07-16,194.16,Clothing
CUST00442,2022-11-19,131.52,Grocery
CUST00442,2022-10-04,52.55,Travel
CUST00442,2024-11-12,11.06,Grocery
CUST00442,2023-04-10,50.82,Grocery
CUST00442,2025-05-05,270.98,Electronics
CUST00442,2023-07-13,94.03,Travel
CUST00442,2025-07-16,45.28,Dining
CUST00442,2024-11-09,13.18,Electronics
CUST00442,2024-12-04,14.97,Electronics
CUST00442,2023-10-31,118.83,Clothing
CUST00442,2023-11-06,101.76,Dining
CUST00442,2023-04-20,85.28,Clothing
CUST00442,2023-01-20,192.84,Grocery
CUST00442,2023-09-27,133.37,Clothing
CUST00442,2024-06-05,64.81,Grocery
CUST00442,2025-06-12,176.75,Grocery
CUST00442,2024-07-07,10.09,Grocery
CUST00442,2024-09-19,200.75,Travel
CUST00442,2023-06-23,296.76,Dining
CUST00443,2023-12-24,199.72,Dining
CUST00443,2024-02-06,72.01,Travel
CUST00443,2022-01-10,132.0,Grocery
CUST00443,2022-02-12,54.41,Grocery
CUST00443,2021-09-24,108.87,Travel
CUST00443,2024-09-12,28.28,Travel
CUST00443,2021-11-22,162.99,Grocery
CUST00443,2024-04-29,14.69,Clothing
CUST00443,2021-06-04,11.6,Travel
CUST00443,2024-08-16,31.65,Dining
CUST00443,2023-06-08,84.9,Grocery
CUST00443,2024-07-04,8.25,Clothing
CUST00443,2024-08-03,178.13,Dining
CUST00443,2024-12-12,106.94,Travel
CUST00443,2024-06-18,260.46,Dining
CUST00443,2022-08-19,8.84,Dining
CUST00443,2024-03-14,12.43,Grocery
CUST00443,2025-07-25,23.7,Electronics
CUST00443,2022-11-16,8.78,Clothing
CUST00443,2025-06-06,35.92,Clothing
CUST00443,2021-05-09,124.5,Grocery
CUST00443,2021-12-24,23.49,Dining
CUST00443,2022-04-28,39.33,Dining
CUST00443,2022-02-09,110.8,Travel
CUST00443,2023-08-30,56.34,Electronics
CUST00443,2025-03-04,21.18,Grocery
CUST00443,2024-04-11,32.36,Travel
CUST00443,2024-08-26,46.05,Dining
CUST00443,2022-08-13,118.93,Electronics
CUST00443,2024-09-18,14.5,Clothing
CUST00443,2021-05-20,49.69,Grocery
CUST00443,2025-05-16,269.8,Travel
CUST00443,2024-06-10,78.35,Clothing
CUST00443,2022-07-23,60.22,Travel
CUST00443,2021-12-31,33.93,Electronics
CUST00443,2024-11-01,187.62,Travel
CUST00443,2023-11-16,70.1,Clothing
CUST00443,2024-10-29,38.38,Grocery
CUST00443,2023-12-21,43.06,Clothing
CUST00443,2023-02-05,99.58,Grocery
CUST00443,2021-04-11,53.89,Grocery
CUST00443,2023-12-03,9.53,Electronics
CUST00443,2023-10-15,105.17,Grocery
CUST00443,2021-08-13,269.43,Travel
CUST00443,2022-11-05,22.85,Electronics
CUST00443,2024-08-29,36.11,Grocery
CUST00443,2025-05-20,70.46,Grocery
CUST00443,2023-12-11,57.2,Clothing
CUST00443,2022-02-01,151.76,Grocery
CUST00443,2024-06-15,141.84,Electronics
CUST00443,2024-02-09,10.35,Grocery
CUST00443,2021-07-21,109.16,Dining
CUST00443,2022-06-03,6.02,Travel
CUST00443,2022-01-27,80.91,Clothing
CUST00443,2022-07-21,17.63,Electronics
CUST00443,2022-11-29,25.05,Dining
CUST00443,2023-03-17,42.18,Electronics
CUST00443,2023-03-20,105.96,Dining
CUST00443,2023-12-26,12.84,Dining
CUST00443,2021-12-16,107.05,Grocery
CUST00443,2025-03-24,31.89,Travel
CUST00443,2022-01-08,141.71,Clothing
CUST00443,2024-09-08,47.58,Electronics
CUST00443,2024-01-19,86.02,Electronics
CUST00443,2024-02-11,33.79,Dining
CUST00443,2022-02-09,109.39,Grocery
CUST00443,2024-11-08,252.31,Travel
CUST00443,2024-07-07,157.45,Dining
CUST00443,2021-11-01,8.9,Grocery
CUST00443,2024-12-05,46.17,Clothing
CUST00443,2022-07-02,5.98,Electronics
CUST00443,2021-09-22,64.82,Clothing
CUST00443,2021-02-23,250.33,Dining
CUST00443,2021-07-24,105.32,Dining
CUST00443,2025-04-25,127.36,Grocery
CUST00443,2024-01-24,114.09,Clothing
CUST00443,2022-02-07,138.81,Clothing
CUST00443,2023-01-26,10.56,Clothing
CUST00443,2022-11-14,49.81,Dining
CUST00443,2025-02-19,35.66,Clothing
CUST00443,2021-02-27,92.27,Dining
CUST00443,2021-12-06,6.2,Grocery
CUST00443,2022-07-28,50.16,Grocery
CUST00443,2024-01-21,80.18,Grocery
CUST00443,2025-02-28,42.96,Dining
CUST00443,2023-03-09,104.21,Dining
CUST00443,2024-04-08,80.88,Electronics
CUST00443,2023-08-05,38.0,Electronics
CUST00443,2021-05-24,110.89,Travel
CUST00443,2023-04-18,17.08,Travel
CUST00443,2022-02-27,28.4,Travel
CUST00443,2024-01-17,6.59,Grocery
CUST00443,2021-12-28,44.12,Travel
CUST00443,2023-07-16,38.43,Electronics
CUST00443,2023-01-05,70.28,Grocery
CUST00443,2025-03-18,19.53,Electronics
CUST00443,2021-11-13,94.87,Electronics
CUST00444,2024-07-19,298.95,Grocery
CUST00444,2024-07-20,332.1,Clothing
CUST00444,2023-11-22,6.46,Dining
CUST00444,2024-10-10,24.73,Electronics
CUST00444,2023-04-14,104.16,Clothing
CUST00444,2024-08-08,42.2,Electronics
CUST00444,2024-04-25,294.32,Dining
CUST00444,2024-03-10,55.84,Clothing
CUST00444,2025-04-13,194.84,Dining
CUST00444,2024-07-10,93.91,Travel
CUST00444,2024-04-21,165.42,Electronics
CUST00444,2023-12-27,20.9,Dining
CUST00444,2025-05-30,31.8,Grocery
CUST00444,2023-12-18,18.36,Grocery
CUST00444,2023-07-10,31.45,Dining
CUST00444,2023-04-18,115.54,Dining
CUST00444,2024-11-27,70.69,Electronics
CUST00444,2024-06-16,13.6,Travel
CUST00444,2025-04-22,128.39,Clothing
CUST00444,2024-12-17,23.46,Clothing
CUST00444,2025-04-07,111.76,Clothing
CUST00444,2024-04-08,199.94,Travel
CUST00444,2024-07-25,167.09,Clothing
CUST00444,2023-12-15,111.21,Grocery
CUST00444,2023-08-17,18.54,Electronics
CUST00444,2025-01-12,170.72,Electronics
CUST00444,2024-05-25,31.76,Grocery
CUST00444,2023-04-01,10.43,Clothing
CUST00444,2025-03-07,168.66,Clothing
CUST00444,2025-06-15,49.32,Travel
CUST00444,2024-02-23,75.96,Travel
CUST00444,2024-04-30,14.23,Grocery
CUST00444,2023-04-23,103.21,Travel
CUST00444,2023-07-18,139.4,Travel
CUST00444,2024-10-06,32.83,Electronics
CUST00444,2023-11-26,102.14,Clothing
CUST00444,2024-01-25,32.39,Grocery
CUST00444,2024-02-13,19.7,Travel
CUST00444,2025-04-14,300.28,Travel
CUST00444,2024-11-03,181.64,Dining
CUST00444,2025-06-25,260.16,Grocery
CUST00444,2024-05-07,23.81,Electronics
CUST00444,2024-03-10,15.38,Dining
CUST00444,2024-05-18,54.44,Clothing
CUST00444,2025-01-31,114.81,Clothing
CUST00444,2023-08-05,78.8,Electronics
CUST00444,2024-12-03,93.12,Grocery
CUST00444,2024-03-15,6.6,Electronics
CUST00444,2025-07-07,46.04,Travel
CUST00444,2024-12-30,29.51,Travel
CUST00444,2023-12-12,36.03,Dining
CUST00444,2023-09-09,8.88,Grocery
CUST00444,2024-07-10,100.6,Clothing
CUST00444,2023-10-10,24.34,Clothing
CUST00444,2024-07-22,66.43,Grocery
CUST00444,2023-07-31,59.44,Travel
CUST00444,2024-07-08,46.83,Clothing
CUST00444,2025-03-04,212.28,Clothing
CUST00444,2023-10-05,76.2,Clothing
CUST00444,2025-04-11,111.46,Travel
CUST00444,2023-05-05,60.0,Clothing
CUST00444,2024-07-07,122.94,Electronics
CUST00444,2024-03-27,61.5,Travel
CUST00444,2024-04-01,10.7,Grocery
CUST00444,2024-09-16,129.79,Grocery
CUST00444,2024-08-03,102.45,Travel
CUST00444,2023-07-19,33.35,Travel
CUST00444,2024-10-07,10.92,Dining
CUST00444,2024-07-31,68.47,Electronics
CUST00444,2023-07-01,78.2,Travel
CUST00444,2023-09-01,198.36,Grocery
CUST00444,2024-01-19,60.48,Travel
CUST00444,2024-01-18,100.87,Electronics
CUST00444,2024-12-28,30.88,Electronics
CUST00444,2024-11-20,301.86,Grocery
CUST00444,2024-05-01,67.96,Dining
CUST00444,2024-01-03,214.04,Travel
CUST00444,2025-06-06,261.08,Dining
CUST00444,2025-01-28,20.91,Dining
CUST00444,2023-09-05,82.16,Travel
CUST00444,2025-03-06,25.08,Travel
CUST00444,2023-07-19,11.73,Grocery
CUST00444,2025-03-07,67.12,Clothing
CUST00444,2025-03-13,37.41,Clothing
CUST00444,2023-08-26,20.91,Electronics
CUST00444,2024-10-03,49.42,Clothing
CUST00444,2024-10-07,22.43,Clothing
CUST00444,2024-07-19,45.43,Electronics
CUST00444,2024-06-06,6.52,Clothing
CUST00444,2024-06-27,84.93,Grocery
CUST00444,2024-11-02,28.59,Electronics
CUST00444,2025-03-22,95.57,Dining
CUST00444,2024-01-31,126.94,Clothing
CUST00444,2023-09-22,48.29,Grocery
CUST00444,2024-04-21,129.25,Grocery
CUST00445,2025-01-15,7.57,Grocery
CUST00445,2023-10-28,105.96,Clothing
CUST00445,2023-03-11,12.6,Dining
CUST00445,2025-07-11,10.04,Dining
CUST00445,2025-05-24,88.42,Grocery
CUST00445,2025-06-12,75.31,Clothing
CUST00445,2023-03-18,169.3,Grocery
CUST00445,2023-05-23,156.81,Clothing
CUST00445,2024-10-11,85.43,Electronics
CUST00445,2025-06-02,35.96,Travel
CUST00445,2025-05-14,69.01,Grocery
CUST00445,2023-08-19,277.6,Clothing
CUST00445,2023-04-22,22.95,Dining
CUST00445,2023-11-21,160.87,Travel
CUST00445,2024-08-15,75.69,Grocery
CUST00445,2024-01-25,83.81,Grocery
CUST00445,2023-11-24,50.04,Clothing
CUST00445,2025-03-29,203.62,Grocery
CUST00445,2024-09-14,157.48,Electronics
CUST00445,2023-03-11,24.53,Clothing
CUST00445,2023-08-22,107.0,Travel
CUST00445,2023-11-25,158.72,Electronics
CUST00445,2023-07-23,18.72,Electronics
CUST00445,2023-12-16,157.63,Travel
CUST00445,2024-03-04,134.85,Clothing
CUST00445,2025-01-16,78.26,Grocery
CUST00445,2024-10-04,115.72,Grocery
CUST00445,2024-11-05,364.78,Dining
CUST00445,2024-09-24,14.16,Electronics
CUST00445,2024-06-03,56.48,Electronics
CUST00445,2024-07-14,171.01,Electronics
CUST00445,2025-02-11,65.4,Electronics
CUST00445,2023-03-14,40.18,Electronics
CUST00445,2025-05-26,118.76,Clothing
CUST00445,2023-07-25,62.52,Travel
CUST00445,2023-11-12,126.5,Dining
CUST00445,2024-03-21,89.0,Dining
CUST00445,2025-07-30,15.28,Dining
CUST00445,2025-01-06,150.04,Clothing
CUST00445,2023-12-28,75.56,Travel
CUST00445,2023-10-26,15.54,Electronics
CUST00445,2023-11-19,66.25,Grocery
CUST00445,2023-05-10,79.23,Electronics
CUST00445,2025-04-18,12.08,Grocery
CUST00445,2024-06-08,101.82,Travel
CUST00445,2023-06-14,196.01,Clothing
CUST00445,2025-07-31,48.38,Travel
CUST00445,2024-12-19,46.89,Electronics
CUST00445,2024-08-27,68.1,Clothing
CUST00445,2024-04-25,32.97,Travel
CUST00445,2023-03-16,257.65,Travel
CUST00445,2025-07-05,60.22,Dining
CUST00445,2023-12-15,27.91,Electronics
CUST00445,2023-11-21,78.87,Travel
CUST00445,2025-06-21,297.04,Dining
CUST00445,2024-10-11,173.92,Dining
CUST00445,2025-01-30,159.79,Clothing
CUST00445,2023-06-05,85.85,Electronics
CUST00445,2024-02-26,41.29,Travel
CUST00445,2024-11-22,151.53,Dining
CUST00445,2023-05-22,57.99,Electronics
CUST00445,2024-01-27,35.53,Grocery
CUST00445,2025-03-28,53.36,Travel
CUST00445,2025-02-23,42.69,Dining
CUST00445,2023-05-26,242.84,Dining
CUST00445,2025-01-11,169.88,Dining
CUST00445,2024-05-08,23.31,Clothing
CUST00445,2024-02-01,91.46,Dining
CUST00445,2023-12-24,27.39,Clothing
CUST00445,2024-05-17,40.05,Clothing
CUST00445,2025-04-27,38.62,Travel
CUST00445,2023-05-28,100.11,Electronics
CUST00445,2023-12-24,34.82,Dining
CUST00445,2023-05-31,153.86,Electronics
CUST00445,2023-08-18,127.48,Clothing
CUST00445,2025-06-21,223.74,Electronics
CUST00445,2023-08-09,37.01,Clothing
CUST00445,2024-09-28,89.47,Electronics
CUST00446,2023-10-23,5.95,Electronics
CUST00446,2025-06-30,64.82,Clothing
CUST00446,2025-07-31,52.54,Grocery
CUST00446,2023-01-06,72.54,Electronics
CUST00446,2023-02-28,36.49,Electronics
CUST00446,2022-08-18,158.2,Grocery
CUST00446,2025-07-09,135.47,Travel
CUST00446,2025-02-07,23.16,Clothing
CUST00446,2022-04-28,288.29,Clothing
CUST00446,2024-03-10,33.21,Clothing
CUST00446,2025-04-25,47.14,Dining
CUST00446,2025-01-24,72.34,Dining
CUST00446,2025-07-22,234.9,Grocery
CUST00446,2023-10-22,39.99,Electronics
CUST00446,2023-03-30,151.94,Travel
CUST00446,2024-04-07,89.54,Dining
CUST00446,2024-05-21,73.91,Clothing
CUST00446,2023-10-19,54.64,Grocery
CUST00446,2024-07-16,45.54,Grocery
CUST00446,2024-08-06,34.3,Travel
CUST00446,2024-05-21,399.33,Grocery
CUST00446,2022-06-29,24.74,Dining
CUST00446,2022-09-27,315.81,Travel
CUST00446,2023-04-07,13.03,Grocery
CUST00446,2025-02-25,235.35,Electronics
CUST00446,2022-06-25,96.91,Grocery
CUST00446,2025-01-17,226.58,Grocery
CUST00446,2022-11-03,67.81,Clothing
CUST00446,2023-03-16,55.37,Clothing
CUST00446,2024-07-23,12.34,Dining
CUST00446,2024-06-07,107.73,Electronics
CUST00446,2023-04-06,24.3,Grocery
CUST00446,2022-06-25,84.67,Electronics
CUST00446,2025-01-17,73.83,Clothing
CUST00446,2024-09-11,40.62,Clothing
CUST00446,2024-03-24,13.86,Clothing
CUST00446,2023-04-12,78.82,Travel
CUST00446,2023-05-14,24.79,Travel
CUST00446,2023-08-05,6.15,Travel
CUST00446,2022-08-29,55.65,Dining
CUST00446,2024-07-31,9.38,Dining
CUST00446,2023-04-20,30.41,Clothing
CUST00446,2022-10-18,119.67,Dining
CUST00446,2022-10-12,163.5,Electronics
CUST00446,2022-08-26,35.63,Clothing
CUST00446,2024-06-23,199.18,Grocery
CUST00446,2025-02-22,115.51,Travel
CUST00446,2022-04-24,45.78,Travel
CUST00446,2025-07-14,26.18,Grocery
CUST00446,2025-04-16,23.12,Clothing
CUST00446,2022-06-21,34.49,Dining
CUST00446,2024-01-12,25.28,Grocery
CUST00446,2023-06-03,10.62,Clothing
CUST00446,2022-11-25,168.09,Travel
CUST00446,2023-12-18,31.35,Clothing
CUST00446,2023-10-18,168.04,Clothing
CUST00446,2025-07-25,69.0,Travel
CUST00446,2024-02-10,158.94,Clothing
CUST00446,2022-06-09,149.29,Dining
CUST00446,2024-06-19,179.77,Travel
CUST00446,2025-06-28,10.28,Grocery
CUST00446,2024-11-09,185.15,Travel
CUST00446,2022-09-15,9.55,Travel
CUST00446,2023-05-02,90.55,Travel
CUST00446,2023-06-21,59.69,Clothing
CUST00446,2023-08-28,49.16,Grocery
CUST00446,2023-11-21,12.59,Dining
CUST00446,2022-04-11,119.19,Clothing
CUST00446,2024-04-09,47.61,Clothing
CUST00446,2022-08-27,17.04,Electronics
CUST00446,2025-02-08,94.41,Clothing
CUST00446,2022-07-22,95.13,Dining
CUST00446,2023-02-14,14.08,Clothing
CUST00446,2023-12-25,27.44,Grocery
CUST00446,2024-01-20,228.79,Dining
CUST00446,2023-12-30,6.27,Travel
CUST00446,2023-01-01,222.03,Clothing
CUST00446,2022-08-29,103.31,Clothing
CUST00446,2023-01-05,240.34,Electronics
CUST00446,2022-06-02,61.33,Electronics
CUST00446,2024-11-20,39.35,Electronics
CUST00446,2023-08-27,87.69,Dining
CUST00446,2022-05-22,34.74,Electronics
CUST00446,2024-04-12,144.34,Grocery
CUST00446,2023-12-25,88.18,Dining
CUST00446,2024-03-16,81.93,Grocery
CUST00446,2023-02-24,42.05,Dining
CUST00446,2025-04-14,183.35,Electronics
CUST00446,2024-06-02,81.76,Clothing
CUST00446,2023-10-22,442.85,Grocery
CUST00446,2024-10-14,160.46,Electronics
CUST00446,2024-11-27,17.73,Grocery
CUST00446,2022-07-24,8.75,Travel
CUST00446,2024-11-16,26.01,Grocery
CUST00446,2024-08-20,182.58,Clothing
CUST00446,2022-12-30,6.42,Grocery
CUST00446,2022-08-26,90.86,Clothing
CUST00446,2025-06-08,237.02,Dining
CUST00446,2023-02-18,85.84,Clothing
CUST00446,2023-11-08,7.18,Electronics
CUST00446,2023-03-01,15.45,Dining
CUST00446,2025-06-30,100.66,Clothing
CUST00447,2025-06-15,150.34,Electronics
CUST00447,2025-07-17,233.69,Travel
CUST00447,2025-07-06,80.49,Grocery
CUST00447,2025-07-31,303.85,Grocery
CUST00447,2025-07-08,121.48,Dining
CUST00447,2025-06-21,69.31,Travel
CUST00447,2025-06-21,58.82,Grocery
CUST00447,2025-06-22,25.89,Clothing
CUST00447,2025-07-13,247.34,Dining
CUST00447,2025-07-06,35.94,Travel
CUST00447,2025-07-04,223.29,Dining
CUST00447,2025-06-29,46.18,Electronics
CUST00447,2025-07-16,40.87,Electronics
CUST00447,2025-07-19,33.32,Dining
CUST00447,2025-06-24,240.7,Travel
CUST00447,2025-07-11,21.56,Clothing
CUST00447,2025-06-24,164.12,Dining
CUST00447,2025-07-31,18.86,Dining
CUST00447,2025-07-11,15.54,Dining
CUST00447,2025-07-08,88.09,Dining
CUST00447,2025-07-22,13.19,Grocery
CUST00447,2025-07-23,10.81,Electronics
CUST00447,2025-07-14,69.37,Electronics
CUST00447,2025-07-17,215.14,Dining
CUST00447,2025-07-22,126.57,Travel
CUST00447,2025-07-15,69.35,Grocery
CUST00447,2025-06-18,133.97,Electronics
CUST00447,2025-07-05,41.06,Dining
CUST00447,2025-07-23,36.73,Electronics
CUST00447,2025-06-26,75.69,Electronics
CUST00447,2025-06-21,49.75,Dining
CUST00447,2025-07-30,16.39,Dining
CUST00447,2025-06-09,23.71,Grocery
CUST00447,2025-07-16,81.92,Grocery
CUST00447,2025-07-23,243.85,Travel
CUST00447,2025-07-30,34.22,Dining
CUST00447,2025-06-08,83.16,Clothing
CUST00447,2025-06-05,16.32,Dining
CUST00447,2025-07-10,59.55,Dining
CUST00447,2025-07-08,121.99,Clothing
CUST00447,2025-07-29,227.99,Travel
CUST00447,2025-06-03,67.71,Dining
CUST00447,2025-07-31,21.07,Travel
CUST00447,2025-06-26,6.93,Dining
CUST00447,2025-07-05,633.45,Grocery
CUST00447,2025-07-12,21.94,Dining
CUST00447,2025-07-11,203.19,Electronics
CUST00447,2025-06-15,6.66,Clothing
CUST00447,2025-07-04,18.35,Dining
CUST00447,2025-06-26,54.01,Grocery
CUST00447,2025-06-21,18.2,Electronics
CUST00447,2025-07-17,15.27,Grocery
CUST00447,2025-06-29,33.07,Dining
CUST00447,2025-06-29,135.28,Travel
CUST00447,2025-07-07,68.13,Grocery
CUST00447,2025-06-06,159.32,Dining
CUST00447,2025-07-04,45.58,Electronics
CUST00447,2025-07-03,67.12,Clothing
CUST00447,2025-07-19,126.1,Electronics
CUST00447,2025-06-21,53.14,Travel
CUST00447,2025-06-10,89.37,Travel
CUST00447,2025-07-03,22.56,Dining
CUST00447,2025-07-29,35.23,Travel
CUST00447,2025-06-23,56.52,Travel
CUST00447,2025-07-12,67.98,Travel
CUST00447,2025-07-04,147.46,Travel
CUST00447,2025-07-30,170.61,Travel
CUST00447,2025-06-25,64.32,Dining
CUST00447,2025-06-16,86.99,Grocery
CUST00447,2025-06-05,213.5,Grocery
CUST00447,2025-06-13,23.04,Electronics
CUST00447,2025-07-08,146.26,Grocery
CUST00447,2025-06-14,501.36,Dining
CUST00447,2025-06-03,237.52,Dining
CUST00447,2025-08-01,88.16,Dining
CUST00447,2025-07-23,89.29,Electronics
CUST00447,2025-07-05,145.39,Grocery
CUST00447,2025-06-28,32.65,Electronics
CUST00447,2025-07-03,58.48,Electronics
CUST00447,2025-06-05,13.57,Dining
CUST00447,2025-07-15,5.14,Clothing
CUST00447,2025-06-08,81.01,Electronics
CUST00447,2025-06-12,221.51,Travel
CUST00447,2025-06-29,118.14,Travel
CUST00447,2025-06-24,152.21,Clothing
CUST00447,2025-06-20,109.92,Grocery
CUST00447,2025-07-20,59.64,Travel
CUST00447,2025-07-15,44.09,Travel
CUST00447,2025-06-20,26.42,Travel
CUST00447,2025-07-17,37.54,Grocery
CUST00447,2025-07-06,251.71,Dining
CUST00447,2025-07-22,171.61,Dining
CUST00447,2025-07-13,8.16,Electronics
CUST00447,2025-07-07,200.96,Grocery
CUST00447,2025-07-02,42.75,Travel
CUST00447,2025-07-24,51.28,Dining
CUST00447,2025-07-21,42.07,Grocery
CUST00447,2025-07-06,67.61,Grocery
CUST00447,2025-06-12,99.11,Grocery
CUST00447,2025-06-05,22.32,Dining
CUST00447,2025-06-18,66.95,Grocery
CUST00447,2025-06-16,5.86,Travel
CUST00447,2025-07-26,302.67,Travel
CUST00447,2025-07-22,52.78,Travel
CUST00447,2025-06-08,59.6,Electronics
CUST00447,2025-06-06,119.75,Dining
CUST00447,2025-06-16,74.13,Dining
CUST00447,2025-06-06,44.76,Travel
CUST00447,2025-07-18,17.85,Dining
CUST00447,2025-06-05,24.43,Clothing
CUST00447,2025-07-29,49.12,Grocery
CUST00447,2025-06-07,66.97,Clothing
CUST00447,2025-07-03,44.74,Dining
CUST00447,2025-07-13,40.04,Travel
CUST00447,2025-06-22,190.87,Electronics
CUST00447,2025-07-31,12.09,Grocery
CUST00447,2025-06-28,11.94,Dining
CUST00447,2025-06-26,35.48,Dining
CUST00447,2025-07-24,16.63,Grocery
CUST00447,2025-06-16,80.65,Electronics
CUST00447,2025-06-25,33.75,Electronics
CUST00447,2025-07-03,90.27,Clothing
CUST00447,2025-06-06,168.4,Travel
CUST00447,2025-06-27,83.37,Travel
CUST00447,2025-08-01,29.1,Electronics
CUST00447,2025-06-10,36.96,Clothing
CUST00447,2025-07-29,165.32,Dining
CUST00447,2025-07-19,70.64,Grocery
CUST00447,2025-07-04,151.53,Electronics
CUST00447,2025-07-15,317.35,Electronics
CUST00447,2025-07-22,16.21,Dining
CUST00448,2025-08-01,51.29,Clothing
CUST00448,2024-05-18,138.58,Electronics
CUST00448,2025-02-05,125.75,Grocery
CUST00448,2023-09-01,19.45,Grocery
CUST00448,2025-01-24,188.29,Electronics
CUST00448,2025-01-16,42.32,Electronics
CUST00448,2024-07-03,87.86,Travel
CUST00448,2024-09-15,52.89,Travel
CUST00448,2025-02-22,178.8,Grocery
CUST00448,2025-01-05,122.16,Travel
CUST00448,2024-02-22,37.28,Electronics
CUST00448,2023-07-18,5.35,Travel
CUST00448,2025-06-27,11.67,Travel
CUST00448,2024-04-24,31.01,Clothing
CUST00448,2023-09-19,110.67,Grocery
CUST00448,2023-12-22,58.44,Electronics
CUST00448,2024-04-11,7.21,Electronics
CUST00448,2025-05-22,16.32,Electronics
CUST00448,2023-06-13,105.41,Travel
CUST00448,2023-09-14,460.18,Travel
CUST00448,2024-02-07,21.91,Dining
CUST00448,2024-03-15,14.16,Electronics
CUST00448,2023-10-26,164.15,Travel
CUST00448,2024-02-08,59.6,Grocery
CUST00448,2025-04-24,168.24,Dining
CUST00448,2023-06-15,35.75,Electronics
CUST00448,2024-07-11,194.01,Grocery
CUST00448,2023-10-04,33.07,Grocery
CUST00448,2025-03-22,15.94,Dining
CUST00448,2025-05-13,18.79,Grocery
CUST00448,2024-07-25,6.17,Electronics
CUST00448,2024-02-17,85.01,Clothing
CUST00448,2023-08-11,68.86,Travel
CUST00448,2023-05-21,113.61,Dining
CUST00448,2023-05-11,11.72,Dining
CUST00448,2023-10-19,58.89,Grocery
CUST00448,2023-09-22,41.95,Grocery
CUST00448,2024-05-30,29.9,Travel
CUST00448,2023-07-03,132.76,Clothing
CUST00448,2023-08-08,62.07,Dining
CUST00448,2024-10-27,72.86,Travel
CUST00448,2024-05-17,81.17,Clothing
CUST00448,2024-07-23,86.23,Clothing
CUST00448,2023-07-02,32.61,Dining
CUST00448,2023-08-30,76.48,Electronics
CUST00448,2025-07-12,192.53,Clothing
CUST00448,2024-06-30,39.64,Clothing
CUST00448,2023-08-05,49.91,Grocery
CUST00448,2024-05-08,135.79,Dining
CUST00448,2023-05-24,48.49,Grocery
CUST00448,2023-12-19,58.15,Grocery
CUST00448,2025-05-07,155.97,Dining
CUST00448,2024-02-08,13.6,Travel
CUST00448,2025-05-26,22.56,Grocery
CUST00448,2025-07-14,12.36,Electronics
CUST00448,2024-09-16,10.7,Electronics
CUST00448,2023-07-04,74.72,Grocery
CUST00448,2023-11-03,33.01,Travel
CUST00448,2024-06-08,107.58,Electronics
CUST00448,2023-12-13,23.89,Clothing
CUST00448,2024-10-08,6.41,Electronics
CUST00448,2024-05-31,20.93,Travel
CUST00448,2023-09-13,123.41,Clothing
CUST00448,2023-09-10,57.58,Clothing
CUST00448,2024-04-05,12.45,Electronics
CUST00448,2025-05-22,127.68,Electronics
CUST00448,2025-05-08,7.66,Grocery
CUST00448,2024-07-25,7.69,Dining
CUST00448,2025-04-19,95.37,Grocery
CUST00448,2025-02-04,9.95,Travel
CUST00448,2025-05-03,101.5,Clothing
CUST00448,2024-11-27,166.72,Clothing
CUST00448,2023-09-06,163.17,Clothing
CUST00448,2023-06-27,11.78,Grocery
CUST00448,2024-04-28,113.61,Travel
CUST00448,2023-06-07,63.58,Clothing
CUST00448,2023-09-07,170.9,Clothing
CUST00448,2024-05-06,20.38,Travel
CUST00448,2023-06-27,44.52,Dining
CUST00448,2023-09-12,17.16,Clothing
CUST00448,2025-06-03,121.97,Travel
CUST00448,2024-05-18,85.53,Dining
CUST00448,2025-07-29,62.21,Grocery
CUST00448,2023-08-18,50.68,Dining
CUST00448,2025-07-22,230.76,Dining
CUST00448,2023-08-14,85.84,Travel
CUST00448,2025-07-04,82.76,Dining
CUST00448,2024-04-13,25.82,Travel
CUST00448,2024-06-04,11.81,Clothing
CUST00448,2024-09-24,137.44,Travel
CUST00448,2025-04-01,52.74,Electronics
CUST00448,2024-04-12,43.63,Electronics
CUST00448,2024-02-24,11.59,Electronics
CUST00448,2025-07-08,109.74,Clothing
CUST00448,2024-07-25,28.12,Electronics
CUST00448,2023-10-30,11.27,Dining
CUST00448,2023-06-10,49.24,Travel
CUST00448,2024-10-25,152.46,Electronics
CUST00448,2024-08-26,17.18,Grocery
CUST00449,2024-10-22,69.63,Electronics
CUST00449,2022-10-01,80.58,Electronics
CUST00449,2021-10-26,113.53,Dining
CUST00449,2024-01-20,85.25,Travel
CUST00449,2022-12-13,89.38,Travel
CUST00449,2022-05-17,161.6,Clothing
CUST00449,2022-08-25,97.4,Grocery
CUST00449,2024-11-24,107.42,Grocery
CUST00449,2021-06-17,7.37,Electronics
CUST00449,2025-06-03,23.92,Grocery
CUST00449,2024-07-09,135.85,Grocery
CUST00449,2022-06-17,443.35,Electronics
CUST00449,2024-07-04,52.74,Dining
CUST00449,2022-02-15,21.04,Electronics
CUST00449,2021-07-21,75.65,Clothing
CUST00449,2021-07-07,17.46,Travel
CUST00449,2025-04-25,45.17,Electronics
CUST00449,2021-10-19,25.15,Dining
CUST00449,2022-12-22,263.19,Clothing
CUST00449,2021-06-25,29.04,Clothing
CUST00449,2023-06-04,23.6,Clothing
CUST00449,2023-07-07,7.98,Clothing
CUST00449,2024-12-12,40.88,Grocery
CUST00449,2021-12-16,8.39,Grocery
CUST00449,2024-12-22,35.71,Travel
CUST00449,2022-01-16,118.77,Clothing
CUST00449,2025-06-30,28.56,Clothing
CUST00449,2023-05-25,166.05,Clothing
CUST00449,2021-09-05,80.96,Electronics
CUST00449,2024-02-29,185.92,Electronics
CUST00449,2024-12-01,56.07,Electronics
CUST00449,2025-02-12,65.89,Dining
CUST00449,2025-03-30,48.61,Travel
CUST00449,2024-01-01,41.71,Grocery
CUST00449,2021-12-05,54.75,Travel
CUST00449,2021-07-02,59.79,Clothing
CUST00449,2022-05-10,50.99,Clothing
CUST00449,2024-07-31,138.54,Clothing
CUST00449,2023-12-26,209.2,Dining
CUST00449,2023-09-19,170.56,Dining
CUST00449,2022-06-02,15.2,Dining
CUST00449,2024-05-23,70.9,Travel
CUST00449,2021-05-06,48.57,Clothing
CUST00449,2024-08-06,22.91,Clothing
CUST00449,2024-08-02,22.92,Clothing
CUST00449,2023-02-07,249.24,Grocery
CUST00449,2025-05-19,111.01,Travel
CUST00449,2023-07-26,69.89,Electronics
CUST00449,2022-08-23,37.81,Dining
CUST00449,2021-05-04,34.07,Grocery
CUST00449,2023-05-29,115.04,Dining
CUST00449,2025-07-23,110.67,Clothing
CUST00449,2022-02-04,55.36,Travel
CUST00449,2021-08-06,175.08,Clothing
CUST00449,2024-05-23,19.64,Grocery
CUST00449,2021-09-04,84.83,Travel
CUST00449,2021-11-16,301.18,Travel
CUST00449,2024-07-11,17.69,Travel
CUST00449,2024-10-10,236.1,Grocery
CUST00449,2023-03-25,99.36,Dining
CUST00449,2025-03-24,17.66,Electronics
CUST00449,2022-06-04,6.82,Electronics
CUST00449,2023-03-23,28.29,Dining
CUST00449,2022-03-20,50.61,Grocery
CUST00449,2024-02-04,19.69,Dining
CUST00449,2021-10-03,40.33,Dining
CUST00449,2024-06-18,80.84,Dining
CUST00449,2021-12-06,5.15,Clothing
CUST00449,2024-04-18,76.46,Grocery
CUST00449,2023-02-15,137.66,Electronics
CUST00449,2021-09-20,162.83,Clothing
CUST00449,2021-09-15,9.01,Clothing
CUST00449,2024-12-22,39.2,Electronics
CUST00449,2022-01-05,51.29,Grocery
CUST00449,2025-03-13,216.62,Dining
CUST00449,2022-07-22,146.89,Clothing
CUST00449,2021-10-17,61.44,Travel
CUST00449,2021-07-04,148.94,Grocery
CUST00449,2024-05-16,95.96,Grocery
CUST00449,2024-03-15,114.77,Clothing
CUST00449,2024-05-29,11.09,Dining
CUST00449,2022-03-15,244.5,Travel
CUST00449,2023-02-26,67.04,Travel
CUST00449,2024-08-01,10.61,Travel
CUST00449,2022-05-05,8.34,Travel
CUST00449,2023-01-24,247.21,Electronics
CUST00449,2024-10-26,48.54,Grocery
CUST00449,2024-04-13,58.92,Travel
CUST00449,2021-09-28,274.93,Clothing
CUST00449,2024-05-01,62.55,Travel
CUST00449,2022-12-07,18.15,Travel
CUST00449,2024-04-27,140.2,Travel
CUST00449,2022-12-21,37.46,Grocery
CUST00449,2022-05-28,14.89,Dining
CUST00449,2025-05-30,307.17,Clothing
CUST00449,2021-06-08,15.77,Electronics
CUST00449,2025-07-13,19.13,Dining
CUST00449,2021-07-27,168.45,Clothing
CUST00449,2022-11-12,87.82,Grocery
CUST00449,2025-02-17,152.29,Electronics
CUST00449,2025-02-07,56.49,Travel
CUST00449,2024-03-07,124.3,Dining
CUST00449,2024-02-01,42.83,Clothing
CUST00449,2021-09-03,65.25,Dining
CUST00449,2023-08-02,179.36,Travel
CUST00449,2022-02-16,102.53,Clothing
CUST00449,2024-01-19,35.63,Travel
CUST00450,2025-05-24,35.02,Electronics
CUST00450,2025-03-18,171.97,Grocery
CUST00450,2025-04-22,147.13,Electronics
CUST00450,2025-04-11,37.05,Grocery
CUST00450,2025-04-24,27.53,Travel
CUST00450,2025-07-27,30.18,Dining
CUST00450,2025-05-10,14.91,Grocery
CUST00450,2025-01-07,21.3,Clothing
CUST00450,2025-05-01,279.98,Clothing
CUST00450,2025-01-23,128.03,Clothing
CUST00450,2025-06-09,7.69,Grocery
CUST00450,2025-02-01,18.78,Electronics
CUST00450,2025-03-01,193.45,Travel
CUST00450,2025-02-03,70.64,Clothing
CUST00450,2025-01-10,49.25,Clothing
CUST00450,2025-05-09,114.24,Electronics
CUST00450,2025-03-16,147.33,Grocery
CUST00450,2025-07-09,75.0,Clothing
CUST00450,2025-04-01,110.83,Grocery
CUST00450,2025-07-01,128.1,Travel
CUST00450,2025-02-15,192.01,Grocery
CUST00450,2025-03-17,105.35,Clothing
CUST00450,2025-04-05,34.74,Clothing
CUST00450,2025-05-08,73.78,Travel
CUST00450,2025-04-01,83.48,Clothing
CUST00450,2024-12-26,46.9,Travel
CUST00450,2025-04-13,60.63,Dining
CUST00450,2025-07-19,23.08,Travel
CUST00450,2025-02-09,141.82,Clothing
CUST00450,2025-07-06,32.13,Clothing
CUST00450,2025-04-28,16.64,Travel
CUST00450,2025-03-02,8.23,Travel
CUST00450,2025-01-18,46.48,Grocery
CUST00450,2025-06-20,35.02,Travel
CUST00450,2025-04-01,23.01,Clothing
CUST00450,2025-04-23,44.0,Dining
CUST00450,2025-07-14,216.31,Grocery
CUST00450,2025-01-02,39.92,Clothing
CUST00450,2025-07-06,42.45,Travel
CUST00450,2025-06-13,67.72,Clothing
CUST00450,2025-01-22,51.78,Grocery
CUST00450,2025-07-11,76.71,Dining
CUST00450,2025-01-25,46.86,Electronics
CUST00450,2025-06-01,88.0,Dining
CUST00450,2025-02-19,66.29,Clothing
CUST00450,2025-01-27,41.73,Grocery
CUST00450,2025-04-21,99.5,Electronics
CUST00450,2025-06-12,70.54,Electronics
CUST00450,2025-05-21,173.19,Electronics
CUST00450,2025-07-17,16.38,Dining
CUST00450,2025-06-19,157.28,Clothing
CUST00450,2025-02-14,36.38,Travel
CUST00450,2025-06-03,145.59,Clothing
CUST00450,2025-07-06,105.24,Clothing
CUST00450,2025-03-31,150.74,Dining
CUST00450,2025-02-15,30.11,Clothing
CUST00450,2025-05-11,26.53,Dining
CUST00450,2025-05-26,5.4,Dining
CUST00450,2025-05-23,54.37,Grocery
CUST00450,2025-01-09,28.7,Dining
CUST00450,2025-03-16,35.92,Clothing
CUST00450,2025-02-06,24.89,Dining
CUST00450,2025-07-31,31.05,Clothing
CUST00450,2025-01-18,70.81,Electronics
CUST00450,2024-12-29,262.45,Electronics
CUST00450,2025-05-12,61.93,Clothing
CUST00450,2025-02-23,120.39,Grocery
CUST00450,2025-06-03,64.11,Clothing
CUST00450,2025-03-20,9.99,Electronics
CUST00450,2025-02-27,304.1,Electronics
CUST00450,2025-04-30,103.39,Clothing
CUST00450,2025-01-07,77.89,Electronics
CUST00450,2025-01-19,46.81,Grocery
CUST00450,2025-06-19,33.86,Clothing
CUST00450,2025-06-27,167.65,Electronics
CUST00450,2025-07-26,16.35,Grocery
CUST00450,2025-07-26,247.66,Grocery
CUST00450,2025-04-13,13.32,Grocery
CUST00450,2025-01-08,48.92,Travel
CUST00450,2025-05-03,84.02,Electronics
CUST00450,2025-06-09,49.24,Grocery
CUST00450,2025-01-28,37.07,Dining
CUST00450,2025-05-10,59.61,Travel
CUST00450,2025-01-19,32.08,Grocery
CUST00450,2025-03-26,89.33,Dining
CUST00450,2025-05-16,17.5,Grocery
CUST00450,2025-04-02,76.98,Travel
CUST00450,2025-05-19,272.2,Electronics
CUST00450,2025-07-06,83.0,Grocery
CUST00450,2025-07-28,50.29,Electronics
CUST00450,2025-01-27,197.1,Clothing
CUST00450,2025-07-09,57.85,Electronics
CUST00450,2025-06-30,27.24,Travel
CUST00451,2022-11-28,102.18,Clothing
CUST00451,2024-03-11,21.04,Travel
CUST00451,2023-09-20,40.84,Travel
CUST00451,2025-06-21,44.77,Electronics
CUST00451,2024-10-05,93.48,Clothing
CUST00451,2024-04-16,83.75,Clothing
CUST00451,2025-01-12,387.64,Grocery
CUST00451,2023-12-15,39.95,Electronics
CUST00451,2024-01-10,49.94,Electronics
CUST00451,2025-07-11,294.77,Dining
CUST00451,2024-03-13,35.15,Grocery
CUST00451,2022-02-10,110.16,Travel
CUST00451,2022-06-23,134.9,Grocery
CUST00451,2023-03-30,137.19,Electronics
CUST00451,2022-05-26,114.03,Dining
CUST00451,2022-09-16,8.08,Grocery
CUST00451,2023-05-15,96.38,Electronics
CUST00451,2023-06-17,213.04,Grocery
CUST00451,2023-04-27,156.8,Clothing
CUST00451,2025-04-29,200.29,Clothing
CUST00451,2022-06-01,42.41,Dining
CUST00451,2024-04-06,209.32,Electronics
CUST00451,2024-01-10,24.54,Grocery
CUST00451,2025-04-01,52.43,Travel
CUST00451,2023-08-26,41.07,Grocery
CUST00451,2024-08-18,90.8,Travel
CUST00451,2024-01-29,137.55,Electronics
CUST00451,2023-12-08,60.0,Clothing
CUST00451,2023-09-19,56.42,Dining
CUST00451,2024-07-11,71.73,Electronics
CUST00451,2023-01-21,48.55,Clothing
CUST00451,2023-11-07,342.91,Grocery
CUST00451,2023-05-01,194.72,Dining
CUST00451,2023-10-06,194.63,Clothing
CUST00451,2022-07-16,147.83,Travel
CUST00451,2025-05-04,119.84,Clothing
CUST00451,2023-10-04,12.61,Dining
CUST00451,2023-06-27,17.78,Travel
CUST00451,2024-01-04,190.85,Electronics
CUST00451,2025-01-27,83.93,Clothing
CUST00451,2022-08-16,22.87,Clothing
CUST00451,2022-06-07,47.99,Dining
CUST00451,2023-02-25,108.18,Dining
CUST00451,2024-11-30,10.4,Dining
CUST00451,2024-11-07,152.1,Travel
CUST00451,2025-07-01,117.8,Clothing
CUST00451,2025-05-09,26.02,Grocery
CUST00451,2024-12-04,107.36,Dining
CUST00451,2023-02-23,41.92,Dining
CUST00451,2021-12-25,108.2,Dining
CUST00451,2023-10-30,62.61,Electronics
CUST00451,2023-07-16,64.99,Dining
CUST00451,2022-10-07,18.98,Grocery
CUST00451,2022-10-02,38.37,Dining
CUST00451,2024-11-01,45.53,Travel
CUST00451,2022-12-20,44.5,Dining
CUST00451,2024-03-16,67.1,Travel
CUST00451,2025-05-27,42.75,Electronics
CUST00451,2022-02-01,37.8,Electronics
CUST00451,2023-08-30,186.14,Electronics
CUST00451,2024-04-08,224.72,Electronics
CUST00451,2023-10-28,169.29,Clothing
CUST00451,2022-03-17,85.44,Electronics
CUST00451,2022-11-18,107.35,Electronics
CUST00451,2022-05-31,137.14,Dining
CUST00451,2022-12-19,77.01,Electronics
CUST00451,2022-04-24,110.2,Travel
CUST00451,2024-01-07,109.17,Dining
CUST00451,2024-11-30,19.72,Dining
CUST00451,2022-07-21,42.27,Travel
CUST00451,2024-01-15,16.32,Grocery
CUST00451,2024-08-31,126.4,Electronics
CUST00451,2022-09-12,11.9,Clothing
CUST00451,2021-10-09,56.23,Travel
CUST00451,2024-04-29,25.03,Electronics
CUST00451,2023-03-14,66.75,Clothing
CUST00451,2024-04-07,301.98,Travel
CUST00451,2022-10-20,154.87,Dining
CUST00451,2024-12-10,247.27,Clothing
CUST00451,2024-09-05,11.22,Grocery
CUST00451,2024-03-05,13.62,Travel
CUST00451,2025-02-17,140.82,Travel
CUST00451,2021-12-02,218.5,Grocery
CUST00451,2023-07-11,259.54,Dining
CUST00451,2023-05-25,142.63,Electronics
CUST00451,2025-02-08,81.0,Electronics
CUST00451,2022-11-14,25.57,Electronics
CUST00451,2022-08-08,120.27,Dining
CUST00451,2023-02-25,33.44,Clothing
CUST00451,2025-07-25,41.59,Electronics
CUST00451,2022-08-10,58.17,Travel
CUST00451,2023-05-11,77.69,Dining
CUST00451,2024-12-05,57.86,Electronics
CUST00451,2022-02-27,36.35,Dining
CUST00451,2023-05-03,52.71,Clothing
CUST00451,2023-08-10,83.11,Travel
CUST00451,2023-04-03,171.2,Dining
CUST00451,2023-07-22,106.88,Clothing
CUST00451,2022-02-25,52.49,Grocery
CUST00451,2025-07-01,42.74,Electronics
CUST00451,2022-04-07,32.79,Dining
CUST00451,2023-10-23,14.77,Clothing
CUST00451,2023-02-06,83.2,Dining
CUST00451,2022-10-07,7.29,Dining
CUST00452,2022-07-20,195.77,Clothing
CUST00452,2025-03-15,96.04,Travel
CUST00452,2023-07-06,119.22,Dining
CUST00452,2024-07-07,274.98,Grocery
CUST00452,2024-08-15,136.8,Dining
CUST00452,2025-02-17,20.92,Grocery
CUST00452,2025-05-08,22.15,Grocery
CUST00452,2024-02-05,87.28,Clothing
CUST00452,2024-08-05,162.52,Travel
CUST00452,2024-12-03,231.42,Grocery
CUST00452,2025-04-15,61.86,Travel
CUST00452,2024-12-11,7.37,Travel
CUST00452,2025-02-13,30.83,Electronics
CUST00452,2023-08-21,37.22,Electronics
CUST00452,2024-07-21,171.28,Electronics
CUST00452,2023-05-31,64.94,Clothing
CUST00452,2023-06-19,71.21,Electronics
CUST00452,2022-12-13,28.82,Electronics
CUST00452,2024-04-18,41.33,Clothing
CUST00452,2025-04-15,68.5,Clothing
CUST00452,2023-11-22,29.61,Clothing
CUST00452,2022-07-29,53.8,Grocery
CUST00452,2024-12-20,61.88,Grocery
CUST00452,2025-02-18,51.6,Electronics
CUST00452,2024-03-10,26.61,Electronics
CUST00452,2024-05-22,6.59,Clothing
CUST00452,2023-02-22,74.22,Electronics
CUST00452,2022-11-02,35.48,Grocery
CUST00452,2025-03-10,130.2,Clothing
CUST00452,2022-07-31,20.17,Travel
CUST00452,2022-09-22,63.7,Clothing
CUST00452,2023-09-18,66.78,Dining
CUST00452,2023-10-17,100.61,Clothing
CUST00452,2023-12-25,98.82,Dining
CUST00452,2024-11-08,6.57,Grocery
CUST00452,2022-07-29,135.78,Electronics
CUST00452,2024-08-15,419.44,Dining
CUST00452,2024-11-15,62.42,Travel
CUST00452,2025-07-21,16.22,Electronics
CUST00452,2023-02-24,9.49,Clothing
CUST00452,2023-02-06,67.29,Travel
CUST00452,2023-12-12,230.62,Electronics
CUST00452,2023-02-27,18.2,Clothing
CUST00452,2024-01-23,173.99,Dining
CUST00452,2023-05-22,57.23,Clothing
CUST00452,2022-07-06,43.15,Clothing
CUST00452,2023-05-02,457.3,Clothing
CUST00452,2025-04-12,89.14,Grocery
CUST00452,2024-01-16,67.65,Travel
CUST00452,2025-03-02,72.46,Electronics
CUST00452,2022-10-28,254.46,Grocery
CUST00452,2022-10-05,68.73,Electronics
CUST00452,2024-11-01,109.79,Dining
CUST00452,2022-10-04,11.16,Dining
CUST00452,2022-07-03,46.09,Grocery
CUST00452,2022-12-22,14.12,Travel
CUST00452,2023-04-24,43.4,Dining
CUST00452,2023-09-07,148.86,Electronics
CUST00452,2023-03-18,48.32,Clothing
CUST00452,2023-01-19,86.55,Electronics
CUST00452,2023-01-23,42.5,Clothing
CUST00452,2024-06-28,625.96,Electronics
CUST00452,2024-04-24,63.57,Grocery
CUST00452,2023-09-04,178.77,Electronics
CUST00452,2023-09-17,119.31,Grocery
CUST00452,2024-10-21,26.5,Travel
CUST00452,2023-03-17,113.35,Electronics
CUST00452,2023-06-17,86.21,Grocery
CUST00452,2023-10-21,226.11,Dining
CUST00452,2024-04-24,90.25,Dining
CUST00452,2023-07-17,152.22,Dining
CUST00452,2024-04-19,85.83,Travel
CUST00452,2023-06-22,12.66,Dining
CUST00452,2022-12-17,25.07,Travel
CUST00452,2022-08-21,115.07,Travel
CUST00452,2025-05-27,153.06,Travel
CUST00452,2022-07-17,29.46,Grocery
CUST00452,2024-09-06,6.87,Electronics
CUST00452,2023-09-17,17.38,Grocery
CUST00452,2024-03-08,22.75,Clothing
CUST00452,2022-11-21,131.64,Electronics
CUST00452,2025-06-04,50.41,Electronics
CUST00452,2022-10-07,194.88,Grocery
CUST00452,2024-05-14,79.54,Clothing
CUST00452,2023-03-31,125.78,Clothing
CUST00452,2024-11-08,83.67,Clothing
CUST00452,2023-10-21,24.68,Travel
CUST00452,2023-07-08,10.11,Electronics
CUST00452,2024-07-17,10.61,Grocery
CUST00452,2023-05-19,43.92,Electronics
CUST00452,2023-08-07,169.46,Travel
CUST00452,2022-06-29,83.05,Grocery
CUST00452,2024-07-22,132.05,Electronics
CUST00452,2025-05-30,85.16,Travel
CUST00452,2023-12-07,208.2,Clothing
CUST00452,2023-11-19,149.28,Grocery
CUST00452,2024-09-03,42.49,Electronics
CUST00452,2025-03-05,86.02,Travel
CUST00452,2022-11-04,52.91,Grocery
CUST00452,2022-08-26,97.8,Electronics
CUST00452,2023-04-16,40.38,Clothing
CUST00453,2024-02-07,44.16,Travel
CUST00453,2024-06-06,26.32,Dining
CUST00453,2024-12-10,51.47,Dining
CUST00453,2025-06-17,128.33,Clothing
CUST00453,2024-03-06,22.27,Travel
CUST00453,2024-09-23,310.33,Clothing
CUST00453,2023-04-30,291.73,Grocery
CUST00453,2023-11-10,28.0,Travel
CUST00453,2023-07-21,14.33,Dining
CUST00453,2024-04-24,205.69,Travel
CUST00453,2025-07-30,55.16,Electronics
CUST00453,2025-04-08,35.78,Electronics
CUST00453,2024-01-24,174.34,Clothing
CUST00453,2023-06-10,13.17,Clothing
CUST00453,2024-11-02,62.13,Grocery
CUST00453,2025-05-09,19.02,Grocery
CUST00453,2024-10-26,36.22,Electronics
CUST00453,2023-11-19,26.45,Dining
CUST00453,2025-06-30,79.11,Electronics
CUST00453,2023-09-02,32.59,Clothing
CUST00453,2024-09-14,88.93,Electronics
CUST00453,2023-08-29,24.67,Clothing
CUST00453,2024-08-09,73.61,Dining
CUST00453,2024-03-11,90.79,Grocery
CUST00453,2025-01-08,49.95,Dining
CUST00453,2025-05-02,30.43,Dining
CUST00453,2025-03-13,47.74,Clothing
CUST00453,2024-10-05,69.65,Dining
CUST00453,2024-07-12,41.27,Travel
CUST00453,2023-07-05,82.39,Dining
CUST00453,2023-07-25,230.61,Clothing
CUST00453,2023-04-28,157.03,Travel
CUST00453,2024-05-31,30.08,Dining
CUST00453,2024-09-19,37.37,Dining
CUST00453,2024-01-01,26.29,Electronics
CUST00453,2024-01-31,49.86,Clothing
CUST00453,2025-03-19,392.54,Dining
CUST00453,2023-04-05,74.3,Electronics
CUST00453,2023-06-12,174.44,Electronics
CUST00453,2023-08-24,71.89,Electronics
CUST00453,2025-07-24,22.86,Dining
CUST00453,2023-12-31,110.46,Dining
CUST00453,2025-07-26,19.37,Clothing
CUST00453,2024-12-20,157.95,Dining
CUST00453,2024-02-03,43.95,Grocery
CUST00453,2024-03-07,216.42,Clothing
CUST00453,2023-10-04,275.13,Clothing
CUST00453,2024-07-13,40.59,Dining
CUST00453,2024-11-14,15.24,Travel
CUST00453,2023-09-04,55.71,Electronics
CUST00453,2024-01-25,117.4,Electronics
CUST00453,2024-07-25,95.75,Electronics
CUST00453,2024-05-21,20.58,Clothing
CUST00453,2025-03-05,10.17,Clothing
CUST00453,2023-04-23,5.73,Travel
CUST00453,2023-08-08,28.22,Travel
CUST00453,2023-12-10,139.8,Grocery
CUST00453,2025-03-09,23.55,Dining
CUST00453,2025-04-28,58.26,Electronics
CUST00453,2024-04-05,55.58,Electronics
CUST00453,2023-05-10,11.48,Dining
CUST00453,2023-12-16,56.98,Clothing
CUST00453,2025-05-22,82.45,Dining
CUST00453,2024-07-04,23.94,Clothing
CUST00453,2025-06-16,117.32,Travel
CUST00453,2025-06-30,85.32,Dining
CUST00453,2025-01-19,152.48,Dining
CUST00453,2024-04-18,46.6,Clothing
CUST00453,2024-01-12,32.19,Travel
CUST00453,2023-05-12,100.95,Clothing
CUST00453,2023-07-03,15.04,Dining
CUST00453,2024-02-26,20.21,Grocery
CUST00453,2024-02-13,24.69,Travel
CUST00453,2023-10-08,115.03,Dining
CUST00453,2024-01-31,18.99,Clothing
CUST00453,2023-12-02,71.96,Electronics
CUST00453,2023-04-09,225.94,Clothing
CUST00453,2024-12-20,118.57,Grocery
CUST00453,2024-07-23,614.36,Clothing
CUST00453,2023-06-27,22.73,Travel
CUST00453,2024-10-27,162.21,Grocery
CUST00453,2025-07-02,11.1,Travel
CUST00453,2023-07-27,20.51,Grocery
CUST00453,2023-07-20,185.96,Grocery
CUST00453,2025-06-09,237.51,Electronics
CUST00453,2025-02-15,38.2,Electronics
CUST00453,2024-08-25,248.27,Clothing
CUST00453,2024-10-24,215.33,Grocery
CUST00453,2024-12-23,75.55,Travel
CUST00453,2024-04-02,38.19,Dining
CUST00453,2024-01-26,7.14,Grocery
CUST00453,2024-04-15,23.67,Travel
CUST00453,2024-11-03,10.85,Dining
CUST00453,2024-09-01,5.19,Clothing
CUST00453,2024-09-01,16.71,Clothing
CUST00453,2025-06-19,174.87,Travel
CUST00453,2024-01-28,40.65,Grocery
CUST00453,2023-06-20,79.1,Grocery
CUST00453,2024-02-01,77.79,Clothing
CUST00453,2024-10-19,7.82,Dining
CUST00453,2024-08-09,34.53,Travel
CUST00453,2024-07-07,197.53,Dining
CUST00453,2024-03-17,46.38,Electronics
CUST00453,2023-12-17,48.52,Clothing
CUST00453,2024-07-22,15.58,Dining
CUST00453,2023-08-23,19.42,Clothing
CUST00453,2025-05-12,13.04,Grocery
CUST00453,2024-02-14,66.82,Electronics
CUST00453,2023-07-04,388.04,Electronics
CUST00453,2023-05-27,46.9,Travel
CUST00453,2024-03-10,195.69,Clothing
CUST00453,2024-05-31,19.7,Clothing
CUST00453,2024-08-03,20.13,Clothing
CUST00453,2024-03-25,71.19,Dining
CUST00453,2024-10-31,20.69,Clothing
CUST00453,2025-03-05,112.37,Travel
CUST00453,2023-04-12,79.91,Travel
CUST00453,2025-02-19,113.1,Travel
CUST00453,2023-09-27,57.23,Dining
CUST00453,2025-02-13,25.3,Travel
CUST00453,2023-10-02,54.34,Dining
CUST00453,2023-07-21,21.41,Clothing
CUST00454,2023-08-02,178.52,Dining
CUST00454,2023-12-16,204.93,Travel
CUST00454,2025-05-19,116.71,Clothing
CUST00454,2024-07-04,29.32,Clothing
CUST00454,2022-06-18,38.02,Grocery
CUST00454,2023-01-28,105.14,Electronics
CUST00454,2024-05-28,18.42,Clothing
CUST00454,2024-08-29,330.77,Clothing
CUST00454,2023-12-27,188.82,Electronics
CUST00454,2023-10-20,11.86,Dining
CUST00454,2024-09-06,41.84,Electronics
CUST00454,2023-11-16,59.18,Travel
CUST00454,2025-04-24,44.38,Electronics
CUST00454,2025-01-05,30.0,Electronics
CUST00454,2022-06-23,54.08,Electronics
CUST00454,2023-03-01,144.41,Electronics
CUST00454,2024-10-13,86.9,Clothing
CUST00454,2023-09-10,96.81,Electronics
CUST00454,2023-02-17,49.9,Travel
CUST00454,2022-11-12,27.82,Clothing
CUST00454,2024-02-04,188.46,Grocery
CUST00454,2023-04-21,133.02,Grocery
CUST00454,2022-09-05,118.64,Electronics
CUST00454,2023-06-17,30.57,Clothing
CUST00454,2023-06-09,12.8,Dining
CUST00454,2022-08-22,156.77,Electronics
CUST00454,2025-04-05,91.83,Electronics
CUST00454,2023-10-01,5.73,Electronics
CUST00454,2023-07-23,6.55,Travel
CUST00454,2025-07-27,29.43,Electronics
CUST00454,2024-03-02,84.05,Dining
CUST00454,2024-11-15,31.97,Dining
CUST00454,2023-03-15,14.76,Dining
CUST00454,2024-06-28,124.75,Clothing
CUST00454,2022-08-06,111.3,Grocery
CUST00454,2022-12-29,27.31,Clothing
CUST00454,2023-04-23,86.71,Dining
CUST00454,2025-01-26,253.87,Electronics
CUST00454,2022-07-25,19.52,Electronics
CUST00454,2025-06-29,107.35,Electronics
CUST00454,2023-07-10,19.28,Dining
CUST00454,2025-03-24,21.75,Grocery
CUST00454,2024-12-24,309.77,Electronics
CUST00454,2025-03-27,14.8,Electronics
CUST00454,2024-05-23,136.88,Travel
CUST00454,2022-08-10,31.33,Clothing
CUST00454,2024-10-13,10.96,Grocery
CUST00454,2023-10-27,114.21,Electronics
CUST00454,2025-05-24,57.89,Dining
CUST00454,2025-07-01,33.38,Travel
CUST00454,2022-10-11,59.76,Electronics
CUST00454,2024-04-05,22.69,Travel
CUST00454,2022-06-07,49.87,Travel
CUST00454,2022-11-03,118.26,Electronics
CUST00454,2022-08-25,27.02,Travel
CUST00454,2022-12-06,79.3,Electronics
CUST00454,2023-09-26,63.42,Travel
CUST00454,2024-08-16,25.72,Dining
CUST00454,2025-02-16,121.29,Travel
CUST00454,2022-05-29,39.76,Dining
CUST00454,2024-06-14,353.1,Grocery
CUST00454,2022-10-27,133.87,Grocery
CUST00454,2023-03-24,32.65,Electronics
CUST00454,2023-04-22,88.03,Electronics
CUST00454,2022-08-18,95.62,Clothing
CUST00454,2024-02-20,67.33,Grocery
CUST00454,2023-08-09,30.23,Dining
CUST00454,2024-05-30,50.54,Electronics
CUST00454,2022-06-02,187.73,Dining
CUST00454,2024-11-20,198.87,Dining
CUST00454,2025-07-19,12.9,Grocery
CUST00454,2024-05-22,147.88,Travel
CUST00454,2022-10-23,52.09,Clothing
CUST00454,2024-12-10,38.31,Dining
CUST00454,2023-10-23,62.47,Grocery
CUST00454,2022-07-18,24.22,Grocery
CUST00454,2023-09-09,129.25,Clothing
CUST00454,2025-02-25,214.26,Grocery
CUST00454,2024-07-13,36.43,Travel
CUST00454,2024-04-21,233.55,Electronics
CUST00454,2023-10-28,67.82,Travel
CUST00454,2024-07-24,9.56,Grocery
CUST00454,2024-11-15,38.22,Dining
CUST00454,2025-03-17,10.23,Grocery
CUST00454,2025-06-27,44.2,Clothing
CUST00454,2024-07-30,86.11,Dining
CUST00454,2023-02-26,107.07,Travel
CUST00454,2024-01-10,25.84,Clothing
CUST00454,2024-06-09,89.02,Travel
CUST00454,2023-07-09,24.58,Electronics
CUST00454,2025-04-15,7.8,Grocery
CUST00454,2022-04-24,92.73,Travel
CUST00454,2024-04-21,67.44,Clothing
CUST00454,2023-03-20,157.82,Clothing
CUST00454,2023-09-11,88.24,Electronics
CUST00454,2024-11-16,53.09,Clothing
CUST00455,2025-06-21,86.93,Electronics
CUST00455,2025-06-24,111.55,Electronics
CUST00455,2025-07-06,79.27,Travel
CUST00455,2025-06-05,6.01,Dining
CUST00455,2025-06-26,32.68,Clothing
CUST00455,2025-07-26,88.09,Grocery
CUST00455,2025-05-29,52.2,Clothing
CUST00455,2025-07-24,35.0,Clothing
CUST00455,2025-06-21,100.24,Dining
CUST00455,2025-07-07,187.18,Grocery
CUST00455,2025-07-26,88.57,Grocery
CUST00455,2025-06-18,79.01,Electronics
CUST00455,2025-07-26,214.1,Clothing
CUST00455,2025-07-05,645.21,Electronics
CUST00455,2025-06-15,92.66,Dining
CUST00455,2025-06-18,75.58,Grocery
CUST00455,2025-07-06,181.1,Electronics
CUST00455,2025-07-31,113.2,Grocery
CUST00455,2025-07-06,22.32,Clothing
CUST00455,2025-07-30,77.93,Travel
CUST00455,2025-06-23,301.67,Grocery
CUST00455,2025-07-02,18.64,Grocery
CUST00455,2025-06-06,11.04,Grocery
CUST00455,2025-07-04,5.3,Grocery
CUST00455,2025-07-05,17.9,Clothing
CUST00455,2025-07-16,15.48,Travel
CUST00455,2025-07-23,12.0,Travel
CUST00455,2025-05-31,47.59,Grocery
CUST00455,2025-06-21,126.22,Clothing
CUST00455,2025-06-03,38.75,Travel
CUST00455,2025-06-12,56.35,Grocery
CUST00455,2025-07-13,65.07,Grocery
CUST00455,2025-06-19,135.07,Dining
CUST00455,2025-06-11,57.13,Electronics
CUST00455,2025-07-01,104.84,Clothing
CUST00455,2025-07-03,98.08,Electronics
CUST00455,2025-07-01,32.83,Travel
CUST00455,2025-05-30,19.76,Grocery
CUST00455,2025-05-28,34.49,Dining
CUST00455,2025-06-11,9.47,Electronics
CUST00455,2025-05-30,39.91,Dining
CUST00455,2025-06-20,67.03,Grocery
CUST00455,2025-06-16,106.52,Grocery
CUST00455,2025-07-12,131.76,Grocery
CUST00455,2025-06-03,43.55,Electronics
CUST00455,2025-07-16,112.11,Clothing
CUST00455,2025-07-24,6.7,Grocery
CUST00455,2025-06-30,162.59,Grocery
CUST00455,2025-07-11,80.57,Grocery
CUST00455,2025-06-30,160.17,Travel
CUST00455,2025-06-07,88.58,Clothing
CUST00455,2025-05-31,155.54,Dining
CUST00455,2025-07-16,335.69,Grocery
CUST00455,2025-07-26,65.02,Clothing
CUST00455,2025-07-25,94.65,Travel
CUST00455,2025-07-15,38.81,Grocery
CUST00455,2025-07-19,47.27,Dining
CUST00455,2025-06-15,50.7,Clothing
CUST00455,2025-06-16,5.9,Electronics
CUST00455,2025-06-03,240.93,Travel
CUST00455,2025-06-28,73.94,Electronics
CUST00455,2025-07-28,27.48,Travel
CUST00455,2025-06-02,47.82,Grocery
CUST00455,2025-07-17,188.3,Dining
CUST00455,2025-06-27,149.85,Clothing
CUST00455,2025-06-16,25.28,Grocery
CUST00455,2025-07-25,96.24,Grocery
CUST00455,2025-07-04,92.1,Electronics
CUST00455,2025-06-05,99.02,Clothing
CUST00455,2025-06-03,69.41,Grocery
CUST00455,2025-06-23,20.66,Electronics
CUST00455,2025-07-20,215.63,Grocery
CUST00455,2025-06-21,26.08,Dining
CUST00455,2025-07-22,20.43,Clothing
CUST00455,2025-07-29,56.65,Dining
CUST00455,2025-07-01,33.28,Clothing
CUST00455,2025-06-22,174.58,Dining
CUST00455,2025-06-07,44.83,Electronics
CUST00455,2025-07-14,23.71,Travel
CUST00455,2025-06-03,131.06,Dining
CUST00455,2025-07-16,12.7,Dining
CUST00455,2025-07-09,41.67,Travel
CUST00455,2025-07-25,10.15,Grocery
CUST00455,2025-07-12,12.34,Clothing
CUST00455,2025-07-30,20.86,Electronics
CUST00456,2024-05-27,85.01,Clothing
CUST00456,2021-04-02,17.85,Grocery
CUST00456,2024-05-27,7.15,Dining
CUST00456,2024-12-31,43.29,Travel
CUST00456,2023-01-02,33.62,Electronics
CUST00456,2024-06-13,14.64,Dining
CUST00456,2022-12-27,38.06,Clothing
CUST00456,2024-03-07,22.01,Grocery
CUST00456,2022-05-11,245.17,Travel
CUST00456,2021-09-29,153.62,Clothing
CUST00456,2023-02-25,217.21,Electronics
CUST00456,2021-11-30,37.11,Clothing
CUST00456,2025-02-21,60.49,Grocery
CUST00456,2023-11-15,79.12,Dining
CUST00456,2022-12-16,52.87,Clothing
CUST00456,2021-03-06,19.25,Travel
CUST00456,2024-05-05,177.59,Electronics
CUST00456,2022-01-13,137.35,Grocery
CUST00456,2022-07-20,146.99,Dining
CUST00456,2024-03-09,35.82,Electronics
CUST00456,2021-09-17,18.1,Electronics
CUST00456,2024-06-03,97.09,Electronics
CUST00456,2025-01-22,72.75,Dining
CUST00456,2024-05-28,78.45,Grocery
CUST00456,2022-08-03,153.38,Dining
CUST00456,2022-04-12,333.6,Clothing
CUST00456,2024-10-31,60.88,Grocery
CUST00456,2021-09-01,36.14,Travel
CUST00456,2023-08-11,101.16,Dining
CUST00456,2025-04-27,366.89,Travel
CUST00456,2021-01-28,153.93,Grocery
CUST00456,2024-01-26,51.51,Dining
CUST00456,2021-04-05,70.42,Electronics
CUST00456,2025-04-09,24.07,Electronics
CUST00456,2023-12-24,25.67,Clothing
CUST00456,2020-10-30,61.06,Clothing
CUST00456,2025-07-28,238.59,Dining
CUST00456,2024-04-23,132.16,Dining
CUST00456,2021-09-24,116.55,Clothing
CUST00456,2022-01-11,39.26,Grocery
CUST00456,2024-06-03,149.59,Travel
CUST00456,2025-07-17,118.69,Grocery
CUST00456,2023-11-05,43.99,Dining
CUST00456,2024-07-12,16.7,Grocery
CUST00456,2023-01-21,112.18,Grocery
CUST00456,2024-12-25,130.58,Electronics
CUST00456,2024-01-05,60.11,Clothing
CUST00456,2022-09-20,9.82,Grocery
CUST00456,2023-11-16,25.81,Clothing
CUST00456,2022-04-22,40.4,Clothing
CUST00456,2022-06-23,9.77,Dining
CUST00456,2022-06-28,39.25,Electronics
CUST00456,2023-10-22,72.53,Electronics
CUST00456,2023-12-09,110.71,Travel
CUST00456,2022-02-11,21.26,Grocery
CUST00456,2021-09-02,28.01,Electronics
CUST00456,2022-08-19,36.93,Electronics
CUST00456,2024-05-11,140.21,Electronics
CUST00456,2022-06-17,226.39,Grocery
CUST00456,2023-12-18,189.31,Grocery
CUST00456,2024-03-19,5.02,Clothing
CUST00456,2022-02-21,71.9,Dining
CUST00456,2021-12-28,68.29,Dining
CUST00456,2021-10-16,83.91,Dining
CUST00456,2023-04-05,91.23,Grocery
CUST00456,2022-08-05,27.9,Dining
CUST00456,2023-12-11,63.49,Clothing
CUST00456,2023-04-22,15.69,Travel
CUST00456,2025-03-19,38.41,Grocery
CUST00456,2021-07-19,55.98,Clothing
CUST00456,2021-02-25,39.11,Clothing
CUST00456,2022-04-17,55.91,Travel
CUST00456,2024-10-26,240.51,Dining
CUST00456,2022-11-07,17.67,Electronics
CUST00456,2025-05-01,45.33,Dining
CUST00456,2024-10-24,98.74,Grocery
CUST00456,2025-05-06,92.21,Dining
CUST00456,2023-04-26,163.87,Grocery
CUST00456,2021-06-23,46.83,Travel
CUST00456,2021-05-28,25.37,Electronics
CUST00456,2025-05-22,59.82,Electronics
CUST00456,2021-11-26,49.56,Electronics
CUST00456,2020-10-17,28.74,Electronics
CUST00456,2021-08-23,181.31,Dining
CUST00456,2024-10-30,36.33,Electronics
CUST00456,2024-07-07,13.28,Electronics
CUST00456,2023-01-16,59.92,Dining
CUST00456,2022-10-01,183.21,Grocery
CUST00456,2022-09-08,36.57,Electronics
CUST00456,2021-05-21,29.19,Travel
CUST00456,2024-10-17,15.93,Clothing
CUST00456,2023-07-24,12.03,Dining
CUST00456,2021-09-29,126.95,Clothing
CUST00456,2022-05-04,62.87,Electronics
CUST00456,2024-01-09,26.48,Travel
CUST00456,2024-08-09,109.28,Grocery
CUST00456,2024-05-13,79.94,Grocery
CUST00456,2022-09-12,79.42,Dining
CUST00456,2021-02-18,6.74,Travel
CUST00456,2023-10-17,26.24,Grocery
CUST00456,2021-03-29,186.72,Electronics
CUST00456,2022-05-16,15.86,Grocery
CUST00456,2025-03-16,76.6,Clothing
CUST00456,2024-06-28,11.89,Grocery
CUST00456,2024-07-28,13.02,Dining
CUST00457,2021-05-30,67.01,Clothing
CUST00457,2024-02-08,26.11,Dining
CUST00457,2022-08-14,31.82,Electronics
CUST00457,2021-06-27,33.73,Dining
CUST00457,2024-11-26,20.23,Clothing
CUST00457,2022-01-12,102.16,Grocery
CUST00457,2021-05-06,100.52,Grocery
CUST00457,2024-11-26,32.2,Electronics
CUST00457,2025-02-10,8.64,Travel
CUST00457,2023-05-18,8.21,Grocery
CUST00457,2024-10-04,86.04,Electronics
CUST00457,2021-04-15,93.65,Dining
CUST00457,2021-06-14,9.73,Grocery
CUST00457,2022-03-29,89.39,Grocery
CUST00457,2022-05-17,24.91,Travel
CUST00457,2025-07-24,103.77,Clothing
CUST00457,2023-11-20,57.2,Grocery
CUST00457,2025-07-24,186.07,Grocery
CUST00457,2024-04-15,159.36,Dining
CUST00457,2022-09-25,113.93,Electronics
CUST00457,2021-03-01,36.23,Clothing
CUST00457,2023-12-20,121.3,Clothing
CUST00457,2021-03-14,211.27,Clothing
CUST00457,2021-10-12,12.32,Grocery
CUST00457,2024-01-24,31.47,Dining
CUST00457,2022-07-23,35.26,Electronics
CUST00457,2022-06-08,179.43,Travel
CUST00457,2022-06-23,85.62,Clothing
CUST00457,2022-05-22,207.68,Clothing
CUST00457,2021-08-25,56.63,Electronics
CUST00457,2023-12-08,27.95,Travel
CUST00457,2024-04-27,215.88,Clothing
CUST00457,2025-02-23,37.31,Electronics
CUST00457,2021-09-22,19.77,Electronics
CUST00457,2023-12-13,188.47,Electronics
CUST00457,2022-11-03,51.45,Clothing
CUST00457,2024-03-24,9.44,Grocery
CUST00457,2022-10-15,212.1,Dining
CUST00457,2022-02-26,76.06,Dining
CUST00457,2023-02-14,72.15,Grocery
CUST00457,2025-05-09,43.4,Grocery
CUST00457,2021-04-12,121.49,Electronics
CUST00457,2024-04-11,39.46,Clothing
CUST00457,2022-11-24,34.83,Travel
CUST00457,2021-04-06,27.48,Dining
CUST00457,2023-09-11,30.45,Clothing
CUST00457,2021-11-26,41.32,Travel
CUST00457,2024-10-06,153.86,Electronics
CUST00457,2024-05-14,67.84,Grocery
CUST00457,2021-11-24,83.68,Grocery
CUST00457,2023-10-04,47.53,Electronics
CUST00457,2022-07-27,15.36,Clothing
CUST00457,2024-02-15,62.57,Dining
CUST00457,2024-01-15,190.32,Electronics
CUST00457,2022-08-24,259.75,Electronics
CUST00457,2021-08-02,13.43,Electronics
CUST00457,2023-07-30,48.01,Dining
CUST00457,2023-07-21,23.56,Dining
CUST00457,2022-04-30,119.54,Electronics
CUST00457,2021-02-23,92.16,Travel
CUST00457,2021-12-12,36.78,Clothing
CUST00457,2022-11-19,7.22,Travel
CUST00457,2023-07-09,64.74,Grocery
CUST00457,2022-10-03,34.81,Dining
CUST00457,2023-02-17,21.92,Travel
CUST00457,2021-04-03,41.48,Dining
CUST00457,2022-09-10,16.95,Travel
CUST00457,2022-09-17,48.16,Grocery
CUST00457,2025-06-03,47.28,Dining
CUST00457,2021-03-27,75.23,Grocery
CUST00457,2025-05-17,46.84,Electronics
CUST00457,2023-02-22,30.79,Grocery
CUST00457,2022-07-12,65.04,Electronics
CUST00457,2022-07-13,89.72,Clothing
CUST00457,2022-09-25,40.31,Clothing
CUST00457,2025-03-28,9.11,Electronics
CUST00457,2021-08-28,59.24,Electronics
CUST00457,2024-09-08,80.6,Electronics
CUST00457,2022-12-02,74.9,Dining
CUST00457,2022-03-03,51.12,Grocery
CUST00457,2021-06-15,170.21,Travel
CUST00457,2023-04-21,66.43,Travel
CUST00457,2023-09-13,50.86,Electronics
CUST00457,2021-09-29,13.22,Electronics
CUST00457,2023-12-27,36.77,Travel
CUST00457,2023-09-14,201.58,Grocery
CUST00457,2023-08-05,12.32,Dining
CUST00457,2021-11-28,19.96,Clothing
CUST00457,2024-01-29,28.03,Clothing
CUST00457,2022-02-25,173.58,Dining
CUST00457,2021-03-28,95.23,Clothing
CUST00457,2021-04-18,30.53,Dining
CUST00457,2021-11-03,108.28,Travel
CUST00457,2025-07-13,39.27,Electronics
CUST00457,2021-04-20,14.04,Clothing
CUST00457,2022-11-13,66.41,Travel
CUST00457,2023-07-14,26.23,Dining
CUST00457,2025-08-01,86.79,Grocery
CUST00457,2024-12-21,126.66,Grocery
CUST00457,2025-01-12,39.8,Electronics
CUST00457,2022-01-12,19.4,Travel
CUST00457,2023-07-13,24.8,Clothing
CUST00457,2023-05-15,19.8,Electronics
CUST00457,2023-03-12,21.24,Grocery
CUST00457,2021-11-04,202.7,Grocery
CUST00457,2023-09-03,6.38,Dining
CUST00457,2023-11-18,28.74,Clothing
CUST00457,2022-03-24,44.05,Electronics
CUST00457,2025-04-29,157.98,Grocery
CUST00457,2021-08-29,41.38,Electronics
CUST00457,2023-09-07,160.53,Clothing
CUST00457,2021-07-18,75.93,Grocery
CUST00457,2023-08-07,32.12,Electronics
CUST00458,2023-03-03,16.47,Dining
CUST00458,2021-12-16,50.92,Dining
CUST00458,2023-06-07,94.14,Electronics
CUST00458,2023-07-04,115.29,Travel
CUST00458,2023-08-27,156.29,Grocery
CUST00458,2024-02-18,73.24,Dining
CUST00458,2024-02-20,112.81,Grocery
CUST00458,2024-08-22,48.63,Clothing
CUST00458,2023-07-26,113.93,Electronics
CUST00458,2023-05-16,15.49,Grocery
CUST00458,2023-11-01,23.97,Electronics
CUST00458,2021-12-22,84.77,Electronics
CUST00458,2022-12-11,75.54,Travel
CUST00458,2025-02-15,361.62,Travel
CUST00458,2023-11-02,17.29,Travel
CUST00458,2025-07-02,24.53,Travel
CUST00458,2024-05-28,120.39,Dining
CUST00458,2025-04-25,42.95,Dining
CUST00458,2024-12-14,193.28,Electronics
CUST00458,2022-06-03,11.76,Clothing
CUST00458,2022-12-09,28.03,Travel
CUST00458,2021-08-08,31.14,Clothing
CUST00458,2024-01-13,61.03,Electronics
CUST00458,2024-09-24,294.49,Clothing
CUST00458,2023-11-19,13.16,Clothing
CUST00458,2024-02-29,126.66,Dining
CUST00458,2024-01-27,9.59,Grocery
CUST00458,2025-07-09,43.69,Dining
CUST00458,2022-07-10,28.05,Travel
CUST00458,2024-09-09,25.08,Travel
CUST00458,2022-07-29,41.52,Dining
CUST00458,2022-12-19,144.36,Grocery
CUST00458,2021-10-07,72.96,Travel
CUST00458,2024-08-01,22.29,Clothing
CUST00458,2021-12-09,56.96,Electronics
CUST00458,2024-09-16,22.34,Travel
CUST00458,2023-07-15,11.08,Dining
CUST00458,2021-04-04,17.12,Grocery
CUST00458,2021-05-02,11.48,Clothing
CUST00458,2023-02-12,61.95,Grocery
CUST00458,2024-09-13,27.25,Grocery
CUST00458,2022-10-27,69.44,Dining
CUST00458,2025-05-05,76.41,Grocery
CUST00458,2022-10-18,10.41,Electronics
CUST00458,2025-03-30,22.54,Clothing
CUST00458,2022-10-20,11.18,Grocery
CUST00458,2023-09-16,35.03,Grocery
CUST00458,2025-06-27,106.69,Grocery
CUST00458,2024-05-06,39.69,Dining
CUST00458,2025-01-19,119.05,Electronics
CUST00458,2024-11-03,157.86,Travel
CUST00458,2025-06-09,73.99,Travel
CUST00458,2024-12-14,19.38,Electronics
CUST00458,2022-08-25,193.13,Travel
CUST00458,2023-02-26,134.01,Grocery
CUST00458,2023-06-27,116.13,Clothing
CUST00458,2021-10-15,26.53,Travel
CUST00458,2025-01-04,238.61,Grocery
CUST00458,2024-05-18,89.98,Electronics
CUST00458,2022-05-19,232.11,Clothing
CUST00458,2023-03-24,53.42,Clothing
CUST00458,2021-11-15,213.04,Electronics
CUST00458,2023-12-26,48.28,Clothing
CUST00458,2022-01-21,53.05,Clothing
CUST00458,2022-09-24,26.5,Dining
CUST00458,2022-08-20,298.94,Dining
CUST00458,2024-09-05,76.8,Clothing
CUST00458,2023-01-26,150.0,Clothing
CUST00458,2025-03-07,17.55,Electronics
CUST00458,2024-06-26,73.09,Grocery
CUST00458,2022-05-19,35.98,Dining
CUST00458,2024-06-10,124.99,Clothing
CUST00458,2022-04-20,164.19,Clothing
CUST00458,2024-07-21,118.63,Electronics
CUST00458,2024-12-20,38.49,Dining
CUST00458,2021-10-29,12.12,Electronics
CUST00458,2022-04-29,7.8,Clothing
CUST00458,2022-03-12,66.98,Travel
CUST00458,2024-12-11,181.06,Clothing
CUST00458,2022-01-29,123.05,Travel
CUST00458,2022-07-28,65.65,Clothing
CUST00458,2022-05-06,58.68,Grocery
CUST00458,2022-04-11,153.66,Travel
CUST00458,2022-12-28,57.85,Dining
CUST00458,2021-06-27,41.34,Grocery
CUST00458,2024-03-03,55.5,Dining
CUST00458,2023-12-08,66.51,Travel
CUST00458,2024-10-12,26.7,Travel
CUST00458,2023-11-26,163.51,Electronics
CUST00458,2021-08-03,51.27,Electronics
CUST00458,2022-04-24,25.99,Travel
CUST00458,2021-08-08,166.72,Clothing
CUST00458,2022-07-06,14.61,Electronics
CUST00458,2023-09-03,50.34,Dining
CUST00458,2024-09-25,57.78,Electronics
CUST00458,2022-11-27,34.54,Travel
CUST00458,2024-01-10,46.07,Dining
CUST00458,2021-05-26,28.4,Grocery
CUST00458,2025-01-21,18.75,Dining
CUST00458,2022-12-25,129.46,Travel
CUST00458,2022-08-11,104.82,Grocery
CUST00458,2022-12-12,124.99,Electronics
CUST00458,2022-01-30,142.6,Clothing
CUST00458,2025-04-30,184.91,Travel
CUST00458,2024-11-08,20.71,Clothing
CUST00458,2021-07-21,37.57,Dining
CUST00458,2021-04-02,8.95,Electronics
CUST00458,2023-09-04,123.78,Electronics
CUST00458,2022-08-31,14.46,Electronics
CUST00458,2025-05-17,130.17,Clothing
CUST00459,2025-03-20,184.66,Electronics
CUST00459,2025-04-25,202.97,Electronics
CUST00459,2024-10-24,14.28,Dining
CUST00459,2025-02-05,101.39,Clothing
CUST00459,2025-04-21,196.6,Dining
CUST00459,2025-03-06,120.04,Dining
CUST00459,2024-12-19,16.33,Travel
CUST00459,2025-05-09,14.85,Electronics
CUST00459,2025-04-16,103.65,Travel
CUST00459,2025-07-05,140.25,Travel
CUST00459,2024-11-23,30.42,Dining
CUST00459,2025-03-10,85.79,Dining
CUST00459,2024-10-23,48.17,Electronics
CUST00459,2025-04-15,159.49,Grocery
CUST00459,2025-04-09,104.56,Travel
CUST00459,2024-12-05,131.57,Grocery
CUST00459,2025-05-26,238.79,Dining
CUST00459,2024-12-27,163.41,Clothing
CUST00459,2025-04-21,105.32,Electronics
CUST00459,2025-05-09,7.66,Dining
CUST00459,2025-02-21,24.51,Grocery
CUST00459,2025-01-31,31.53,Clothing
CUST00459,2024-12-08,116.41,Grocery
CUST00459,2025-03-14,32.5,Grocery
CUST00459,2025-08-01,18.64,Electronics
CUST00459,2025-01-18,83.4,Clothing
CUST00459,2025-03-17,36.91,Travel
CUST00459,2025-07-12,323.0,Clothing
CUST00459,2024-10-27,38.9,Travel
CUST00459,2025-03-08,99.19,Grocery
CUST00459,2024-12-12,73.63,Dining
CUST00459,2025-07-22,301.14,Electronics
CUST00459,2024-11-12,42.81,Grocery
CUST00459,2025-03-21,27.53,Electronics
CUST00459,2025-01-16,87.48,Clothing
CUST00459,2025-07-18,21.93,Travel
CUST00459,2025-07-15,25.71,Dining
CUST00459,2025-01-27,47.58,Electronics
CUST00459,2025-07-20,17.81,Travel
CUST00459,2025-08-01,20.73,Dining
CUST00459,2024-12-23,246.14,Grocery
CUST00459,2025-02-24,16.41,Travel
CUST00459,2024-12-18,163.7,Electronics
CUST00459,2025-07-02,10.97,Dining
CUST00459,2025-07-28,20.38,Electronics
CUST00459,2025-04-26,246.76,Electronics
CUST00459,2025-03-28,28.16,Electronics
CUST00459,2025-06-17,20.91,Grocery
CUST00459,2025-02-18,142.98,Travel
CUST00459,2025-03-30,201.79,Travel
CUST00459,2025-03-29,172.88,Dining
CUST00459,2025-02-04,34.5,Dining
CUST00459,2025-03-22,239.63,Grocery
CUST00459,2024-10-20,82.81,Clothing
CUST00459,2025-03-18,50.82,Travel
CUST00459,2024-11-03,503.36,Travel
CUST00459,2024-11-03,229.23,Travel
CUST00459,2024-12-30,50.39,Travel
CUST00459,2025-06-23,18.35,Grocery
CUST00459,2024-12-04,32.73,Grocery
CUST00459,2025-02-11,204.07,Electronics
CUST00459,2025-03-17,41.29,Dining
CUST00459,2024-11-16,54.87,Grocery
CUST00459,2025-07-12,184.04,Dining
CUST00459,2024-12-14,67.78,Travel
CUST00459,2025-05-16,41.05,Grocery
CUST00459,2024-11-20,63.93,Grocery
CUST00459,2025-05-28,303.46,Travel
CUST00459,2025-07-02,56.17,Dining
CUST00459,2025-07-05,17.05,Travel
CUST00459,2025-03-29,66.58,Electronics
CUST00459,2025-06-20,34.79,Travel
CUST00459,2025-01-29,78.28,Dining
CUST00459,2024-11-09,83.47,Dining
CUST00459,2025-04-05,89.92,Travel
CUST00459,2025-07-27,20.34,Travel
CUST00459,2025-04-02,165.96,Electronics
CUST00459,2025-06-15,70.6,Clothing
CUST00459,2025-06-28,27.75,Dining
CUST00459,2025-01-12,47.13,Grocery
CUST00459,2025-01-29,35.57,Travel
CUST00459,2024-12-26,421.7,Dining
CUST00459,2025-06-30,154.58,Grocery
CUST00459,2024-11-24,92.36,Travel
CUST00459,2025-01-19,119.02,Travel
CUST00459,2025-02-19,20.94,Clothing
CUST00459,2025-02-13,38.29,Dining
CUST00459,2025-05-01,95.67,Dining
CUST00459,2024-11-12,9.79,Electronics
CUST00459,2025-05-09,32.86,Dining
CUST00459,2025-07-27,94.4,Grocery
CUST00459,2025-02-15,25.86,Clothing
CUST00459,2025-04-07,9.43,Clothing
CUST00459,2025-01-19,86.3,Travel
CUST00459,2025-05-25,39.06,Travel
CUST00459,2025-03-08,17.56,Electronics
CUST00459,2025-07-02,26.15,Electronics
CUST00459,2024-11-02,90.21,Travel
CUST00459,2025-05-07,120.31,Electronics
CUST00459,2024-12-29,17.58,Clothing
CUST00459,2025-01-15,152.21,Grocery
CUST00459,2025-04-19,53.91,Clothing
CUST00459,2025-05-27,55.9,Grocery
CUST00459,2025-01-10,7.17,Grocery
CUST00459,2025-03-21,12.48,Grocery
CUST00459,2025-06-16,74.96,Clothing
CUST00459,2025-02-07,17.06,Electronics
CUST00459,2024-11-21,69.62,Grocery
CUST00459,2025-01-11,29.62,Grocery
CUST00459,2025-02-13,182.37,Dining
CUST00459,2024-12-18,43.42,Electronics
CUST00459,2025-07-21,96.62,Dining
CUST00459,2025-05-29,10.37,Clothing
CUST00459,2024-12-09,39.25,Travel
CUST00459,2025-07-28,24.76,Travel
CUST00460,2023-10-06,6.01,Travel
CUST00460,2022-09-11,133.5,Grocery
CUST00460,2024-08-06,21.4,Travel
CUST00460,2022-03-06,6.71,Clothing
CUST00460,2025-05-19,9.28,Clothing
CUST00460,2024-12-12,67.74,Grocery
CUST00460,2024-07-18,160.09,Grocery
CUST00460,2022-08-19,69.21,Dining
CUST00460,2025-06-02,159.3,Clothing
CUST00460,2024-05-17,20.61,Clothing
CUST00460,2022-06-09,45.46,Electronics
CUST00460,2023-06-01,124.05,Clothing
CUST00460,2022-06-09,10.96,Travel
CUST00460,2025-06-10,226.89,Travel
CUST00460,2021-06-22,42.6,Travel
CUST00460,2025-07-04,538.66,Dining
CUST00460,2022-12-26,141.51,Grocery
CUST00460,2022-09-08,67.22,Dining
CUST00460,2021-12-21,5.62,Dining
CUST00460,2022-08-31,124.98,Electronics
CUST00460,2023-03-27,120.3,Electronics
CUST00460,2023-08-30,185.5,Electronics
CUST00460,2021-07-23,97.64,Clothing
CUST00460,2022-09-11,25.4,Dining
CUST00460,2023-06-14,199.45,Grocery
CUST00460,2024-12-09,99.87,Grocery
CUST00460,2023-05-01,59.54,Travel
CUST00460,2023-10-22,83.89,Electronics
CUST00460,2021-09-29,56.09,Electronics
CUST00460,2024-11-22,66.39,Dining
CUST00460,2022-10-23,86.19,Dining
CUST00460,2022-03-09,212.82,Dining
CUST00460,2021-07-17,51.63,Grocery
CUST00460,2022-11-19,24.47,Clothing
CUST00460,2023-06-12,10.7,Dining
CUST00460,2024-07-27,51.73,Electronics
CUST00460,2024-08-29,10.26,Travel
CUST00460,2022-04-24,18.53,Dining
CUST00460,2024-08-28,275.29,Travel
CUST00460,2023-06-20,17.53,Dining
CUST00460,2024-12-03,141.13,Dining
CUST00460,2023-08-24,39.75,Grocery
CUST00460,2024-05-08,5.04,Travel
CUST00460,2024-06-12,180.44,Clothing
CUST00460,2025-01-12,30.87,Dining
CUST00460,2025-03-07,191.88,Grocery
CUST00460,2022-10-18,33.86,Travel
CUST00460,2022-12-12,160.06,Travel
CUST00460,2024-11-24,44.22,Grocery
CUST00460,2023-02-17,35.76,Clothing
CUST00460,2021-12-05,85.11,Travel
CUST00460,2023-06-21,173.91,Grocery
CUST00460,2024-09-08,41.39,Clothing
CUST00460,2023-02-20,42.81,Electronics
CUST00460,2024-12-17,182.73,Clothing
CUST00460,2023-03-17,13.5,Dining
CUST00460,2022-09-30,7.89,Travel
CUST00460,2023-09-11,29.42,Clothing
CUST00460,2022-05-18,8.69,Clothing
CUST00460,2024-10-13,45.98,Clothing
CUST00460,2023-01-19,101.64,Grocery
CUST00460,2023-09-11,100.6,Grocery
CUST00460,2022-06-08,24.85,Dining
CUST00460,2021-10-10,37.13,Travel
CUST00460,2022-04-10,43.74,Dining
CUST00460,2024-03-16,39.52,Travel
CUST00460,2024-12-19,241.09,Grocery
CUST00460,2025-05-24,27.86,Grocery
CUST00460,2023-03-16,31.3,Dining
CUST00460,2024-08-24,54.85,Dining
CUST00460,2023-09-04,101.1,Dining
CUST00460,2022-04-20,5.34,Travel
CUST00460,2022-07-23,46.78,Clothing
CUST00460,2023-08-09,246.14,Clothing
CUST00460,2021-09-25,10.72,Travel
CUST00460,2022-02-25,197.18,Travel
CUST00460,2024-03-28,281.16,Electronics
CUST00460,2024-04-28,9.72,Travel
CUST00460,2025-03-04,85.27,Dining
CUST00460,2023-09-15,154.6,Grocery
CUST00460,2021-08-28,58.64,Electronics
CUST00460,2022-12-09,120.69,Travel
CUST00460,2024-10-13,30.13,Dining
CUST00460,2024-11-04,184.41,Clothing
CUST00460,2024-08-23,57.49,Dining
CUST00460,2024-03-31,237.85,Grocery
CUST00460,2023-02-27,16.02,Clothing
CUST00460,2024-02-26,157.14,Grocery
CUST00460,2025-07-16,11.94,Electronics
CUST00460,2023-11-14,9.43,Electronics
CUST00461,2022-05-14,37.84,Dining
CUST00461,2023-07-28,58.73,Grocery
CUST00461,2023-07-23,121.83,Dining
CUST00461,2022-03-10,87.42,Travel
CUST00461,2023-12-03,69.12,Grocery
CUST00461,2022-04-16,159.78,Clothing
CUST00461,2021-10-02,175.61,Clothing
CUST00461,2021-07-07,29.13,Dining
CUST00461,2024-06-27,21.02,Clothing
CUST00461,2022-06-09,86.78,Dining
CUST00461,2023-06-26,99.52,Travel
CUST00461,2021-11-21,22.99,Dining
CUST00461,2023-03-16,43.48,Grocery
CUST00461,2021-07-28,65.72,Travel
CUST00461,2022-07-11,58.05,Grocery
CUST00461,2021-10-14,62.46,Grocery
CUST00461,2022-02-20,31.69,Dining
CUST00461,2023-06-27,232.82,Travel
CUST00461,2022-11-24,53.54,Clothing
CUST00461,2023-12-01,185.02,Clothing
CUST00461,2024-01-05,99.69,Clothing
CUST00461,2022-10-18,158.07,Grocery
CUST00461,2023-06-13,77.1,Clothing
CUST00461,2025-07-14,23.62,Travel
CUST00461,2021-09-23,108.85,Electronics
CUST00461,2024-06-24,39.86,Grocery
CUST00461,2023-05-18,227.89,Travel
CUST00461,2023-05-06,24.47,Clothing
CUST00461,2023-01-04,17.89,Electronics
CUST00461,2022-08-24,21.65,Electronics
CUST00461,2023-07-24,161.91,Clothing
CUST00461,2023-10-09,72.39,Electronics
CUST00461,2021-06-23,71.1,Grocery
CUST00461,2023-12-05,64.26,Travel
CUST00461,2021-10-29,36.81,Grocery
CUST00461,2024-08-12,21.35,Travel
CUST00461,2022-01-07,50.34,Grocery
CUST00461,2024-04-18,185.32,Clothing
CUST00461,2022-03-11,67.46,Clothing
CUST00461,2022-05-31,121.76,Travel
CUST00461,2025-07-28,16.32,Dining
CUST00461,2023-11-09,13.04,Dining
CUST00461,2025-06-28,131.0,Electronics
CUST00461,2024-01-22,171.53,Grocery
CUST00461,2023-07-24,167.68,Electronics
CUST00461,2022-05-21,95.41,Clothing
CUST00461,2021-10-12,368.38,Travel
CUST00461,2024-08-20,32.74,Dining
CUST00461,2022-02-04,162.19,Clothing
CUST00461,2024-04-19,39.29,Dining
CUST00461,2024-11-10,69.45,Dining
CUST00461,2025-07-03,70.89,Travel
CUST00461,2025-06-23,8.32,Clothing
CUST00461,2023-09-27,171.77,Clothing
CUST00461,2021-07-05,30.78,Dining
CUST00461,2024-02-18,33.03,Electronics
CUST00461,2023-07-22,94.54,Electronics
CUST00461,2023-02-28,55.78,Grocery
CUST00461,2022-05-30,64.9,Dining
CUST00461,2022-04-17,81.74,Travel
CUST00461,2024-10-28,88.95,Dining
CUST00461,2023-03-15,5.21,Travel
CUST00461,2021-08-31,133.09,Electronics
CUST00461,2024-08-22,16.21,Dining
CUST00461,2022-12-09,93.59,Dining
CUST00461,2021-07-13,168.97,Dining
CUST00461,2025-03-07,118.14,Electronics
CUST00461,2025-03-30,485.2,Electronics
CUST00461,2023-03-04,232.63,Dining
CUST00461,2021-11-11,58.16,Grocery
CUST00461,2023-01-04,16.54,Dining
CUST00461,2023-05-26,13.08,Grocery
CUST00461,2022-03-15,77.7,Travel
CUST00461,2024-11-07,11.59,Grocery
CUST00461,2025-06-27,61.92,Dining
CUST00461,2024-02-13,58.03,Travel
CUST00461,2022-05-19,43.18,Electronics
CUST00461,2022-02-17,22.07,Dining
CUST00461,2023-01-18,26.48,Grocery
CUST00461,2024-04-30,76.46,Electronics
CUST00461,2021-12-13,123.64,Dining
CUST00461,2023-11-11,33.87,Travel
CUST00461,2023-09-07,10.09,Grocery
CUST00461,2022-01-22,88.97,Travel
CUST00461,2024-11-29,35.59,Travel
CUST00462,2024-11-05,61.85,Grocery
CUST00462,2025-04-01,93.2,Electronics
CUST00462,2025-07-06,38.88,Clothing
CUST00462,2025-04-20,186.34,Dining
CUST00462,2025-04-12,96.56,Clothing
CUST00462,2025-02-07,118.84,Grocery
CUST00462,2025-07-07,114.67,Grocery
CUST00462,2025-07-31,56.89,Dining
CUST00462,2025-01-28,57.05,Electronics
CUST00462,2025-07-15,17.38,Dining
CUST00462,2024-12-04,31.67,Travel
CUST00462,2025-06-01,46.11,Dining
CUST00462,2025-01-17,11.9,Dining
CUST00462,2024-12-01,228.02,Electronics
CUST00462,2025-06-26,28.84,Clothing
CUST00462,2025-06-03,210.93,Clothing
CUST00462,2025-06-28,166.76,Dining
CUST00462,2025-07-06,261.07,Dining
CUST00462,2025-04-05,133.53,Dining
CUST00462,2025-05-12,5.6,Electronics
CUST00462,2024-12-21,25.76,Grocery
CUST00462,2025-04-07,72.62,Clothing
CUST00462,2025-07-26,6.35,Electronics
CUST00462,2025-03-06,81.84,Clothing
CUST00462,2025-05-07,48.42,Electronics
CUST00462,2025-03-11,35.24,Travel
CUST00462,2025-05-25,22.2,Clothing
CUST00462,2025-02-01,81.65,Grocery
CUST00462,2024-12-09,111.47,Clothing
CUST00462,2025-07-01,24.11,Electronics
CUST00462,2024-12-23,99.13,Grocery
CUST00462,2025-03-28,56.69,Clothing
CUST00462,2025-03-29,23.6,Clothing
CUST00462,2025-04-16,26.17,Clothing
CUST00462,2024-11-06,89.12,Clothing
CUST00462,2024-12-25,120.62,Dining
CUST00462,2024-12-06,56.75,Grocery
CUST00462,2025-05-08,66.15,Grocery
CUST00462,2025-07-30,24.39,Electronics
CUST00462,2025-07-06,61.82,Electronics
CUST00462,2025-05-01,223.46,Clothing
CUST00462,2024-12-18,49.32,Travel
CUST00462,2025-01-01,34.78,Dining
CUST00462,2025-02-20,13.06,Travel
CUST00462,2025-03-01,58.37,Electronics
CUST00462,2025-05-28,15.21,Clothing
CUST00462,2025-05-25,28.68,Electronics
CUST00462,2025-02-10,105.4,Travel
CUST00462,2025-07-15,89.74,Travel
CUST00462,2025-06-06,41.02,Electronics
CUST00462,2025-06-23,22.69,Dining
CUST00462,2025-06-30,13.07,Electronics
CUST00462,2025-04-20,13.71,Clothing
CUST00462,2025-02-26,128.2,Clothing
CUST00462,2025-01-14,125.27,Electronics
CUST00462,2025-03-11,137.49,Travel
CUST00462,2025-04-25,42.11,Travel
CUST00462,2025-01-19,102.31,Clothing
CUST00462,2025-07-31,50.83,Travel
CUST00462,2025-07-21,259.57,Dining
CUST00462,2025-02-08,19.07,Grocery
CUST00462,2025-06-06,650.74,Travel
CUST00462,2024-12-01,25.23,Clothing
CUST00462,2024-11-01,164.7,Dining
CUST00462,2024-12-04,34.32,Electronics
CUST00462,2025-05-19,231.0,Grocery
CUST00462,2025-04-24,109.86,Grocery
CUST00462,2025-07-24,76.85,Electronics
CUST00462,2024-11-27,51.33,Travel
CUST00462,2024-12-31,14.23,Travel
CUST00462,2025-06-30,29.92,Grocery
CUST00462,2025-07-20,54.22,Dining
CUST00462,2024-11-27,51.03,Clothing
CUST00462,2025-06-28,154.26,Electronics
CUST00462,2025-02-13,274.17,Travel
CUST00462,2025-04-10,92.75,Electronics
CUST00462,2025-06-15,53.07,Electronics
CUST00462,2025-08-01,210.84,Electronics
CUST00462,2024-11-22,80.17,Electronics
CUST00462,2025-06-09,41.37,Clothing
CUST00462,2025-07-30,11.89,Clothing
CUST00462,2025-06-21,211.6,Grocery
CUST00462,2024-12-20,53.5,Clothing
CUST00462,2025-07-25,246.54,Dining
CUST00462,2025-07-18,76.78,Electronics
CUST00462,2025-01-21,14.52,Clothing
CUST00462,2024-12-09,58.2,Travel
CUST00462,2025-05-06,71.4,Grocery
CUST00462,2025-02-04,32.7,Dining
CUST00462,2025-01-19,37.9,Clothing
CUST00462,2024-11-06,71.05,Electronics
CUST00462,2025-02-21,167.8,Dining
CUST00462,2025-07-22,47.52,Grocery
CUST00462,2025-03-10,6.26,Travel
CUST00462,2025-03-20,77.86,Travel
CUST00462,2025-03-08,16.63,Travel
CUST00462,2025-01-06,103.52,Electronics
CUST00462,2024-11-02,54.7,Grocery
CUST00462,2025-05-16,252.65,Dining
CUST00462,2025-04-18,85.1,Grocery
CUST00463,2024-12-25,120.49,Clothing
CUST00463,2025-05-10,137.75,Grocery
CUST00463,2025-07-30,38.09,Dining
CUST00463,2024-09-14,9.94,Clothing
CUST00463,2024-12-09,97.55,Travel
CUST00463,2024-09-10,65.92,Dining
CUST00463,2025-02-22,44.04,Dining
CUST00463,2025-01-13,25.06,Travel
CUST00463,2025-04-02,18.91,Electronics
CUST00463,2025-01-29,281.37,Clothing
CUST00463,2025-05-16,5.63,Travel
CUST00463,2024-11-27,11.99,Grocery
CUST00463,2024-11-23,39.78,Grocery
CUST00463,2024-12-28,170.01,Electronics
CUST00463,2025-05-05,96.91,Electronics
CUST00463,2024-12-29,402.82,Dining
CUST00463,2024-10-17,102.92,Travel
CUST00463,2025-04-12,166.27,Travel
CUST00463,2024-10-24,45.19,Travel
CUST00463,2025-05-14,58.23,Travel
CUST00463,2025-04-03,41.5,Electronics
CUST00463,2025-05-17,61.1,Electronics
CUST00463,2024-12-04,171.25,Grocery
CUST00463,2025-05-28,126.0,Grocery
CUST00463,2024-12-18,72.27,Clothing
CUST00463,2024-10-07,105.33,Electronics
CUST00463,2025-02-26,11.68,Travel
CUST00463,2024-10-07,101.75,Grocery
CUST00463,2025-01-01,17.2,Dining
CUST00463,2024-12-15,17.89,Travel
CUST00463,2025-06-27,95.83,Grocery
CUST00463,2025-07-12,44.24,Dining
CUST00463,2025-06-18,30.36,Clothing
CUST00463,2025-01-12,67.54,Grocery
CUST00463,2025-05-27,35.15,Grocery
CUST00463,2025-03-28,46.49,Electronics
CUST00463,2024-10-26,86.8,Travel
CUST00463,2025-05-01,21.77,Electronics
CUST00463,2024-12-08,171.65,Dining
CUST00463,2024-11-20,150.42,Dining
CUST00463,2024-12-24,48.96,Electronics
CUST00463,2024-12-21,83.34,Electronics
CUST00463,2024-10-22,65.64,Grocery
CUST00463,2025-04-08,30.85,Clothing
CUST00463,2024-10-29,6.35,Clothing
CUST00463,2025-03-16,206.7,Dining
CUST00463,2025-03-22,201.51,Dining
CUST00463,2024-09-18,140.83,Travel
CUST00463,2025-01-19,55.77,Dining
CUST00463,2024-12-25,40.84,Grocery
CUST00463,2025-02-02,29.28,Electronics
CUST00463,2025-01-20,119.46,Dining
CUST00463,2025-05-02,28.98,Clothing
CUST00463,2025-05-06,10.62,Clothing
CUST00463,2025-04-12,71.01,Grocery
CUST00463,2024-10-07,69.52,Travel
CUST00463,2025-07-30,39.92,Dining
CUST00463,2025-07-16,18.05,Electronics
CUST00463,2024-10-11,173.59,Electronics
CUST00463,2025-07-02,42.16,Dining
CUST00463,2024-12-01,7.52,Grocery
CUST00463,2025-07-05,31.86,Clothing
CUST00463,2025-03-31,200.13,Electronics
CUST00463,2024-09-23,33.46,Grocery
CUST00463,2024-11-21,152.09,Travel
CUST00463,2025-05-08,142.64,Clothing
CUST00463,2024-10-25,339.44,Electronics
CUST00463,2025-01-05,13.74,Clothing
CUST00463,2025-05-03,140.08,Dining
CUST00463,2025-01-17,69.24,Grocery
CUST00463,2024-12-25,19.48,Clothing
CUST00463,2024-09-26,54.83,Travel
CUST00463,2025-01-25,111.21,Clothing
CUST00463,2024-11-21,31.9,Travel
CUST00463,2024-11-25,94.28,Dining
CUST00463,2025-04-21,7.77,Grocery
CUST00463,2024-11-06,5.73,Electronics
CUST00463,2024-10-27,136.79,Electronics
CUST00463,2024-11-09,80.02,Dining
CUST00463,2025-02-23,80.95,Clothing
CUST00463,2025-06-22,215.25,Clothing
CUST00463,2025-07-15,12.05,Dining
CUST00463,2025-01-15,179.6,Travel
CUST00463,2025-04-04,126.74,Grocery
CUST00463,2025-03-27,126.88,Travel
CUST00463,2025-05-04,162.32,Electronics
CUST00463,2025-05-15,115.83,Travel
CUST00463,2025-06-01,31.3,Clothing
CUST00463,2024-11-21,242.53,Clothing
CUST00463,2024-10-23,7.6,Electronics
CUST00463,2025-03-07,6.72,Dining
CUST00463,2025-05-28,70.14,Grocery
CUST00463,2024-12-12,162.16,Travel
CUST00464,2024-04-10,47.88,Travel
CUST00464,2021-07-30,49.29,Electronics
CUST00464,2022-02-01,45.15,Clothing
CUST00464,2023-02-11,12.77,Travel
CUST00464,2023-08-10,19.68,Electronics
CUST00464,2023-10-17,18.47,Clothing
CUST00464,2023-07-21,43.88,Grocery
CUST00464,2025-03-17,142.37,Electronics
CUST00464,2024-04-11,76.02,Grocery
CUST00464,2021-05-13,5.88,Dining
CUST00464,2023-11-13,149.62,Grocery
CUST00464,2025-02-09,57.07,Grocery
CUST00464,2024-08-07,18.5,Electronics
CUST00464,2025-02-27,28.01,Electronics
CUST00464,2023-06-26,30.06,Electronics
CUST00464,2025-04-30,6.94,Dining
CUST00464,2024-01-19,22.6,Clothing
CUST00464,2022-01-12,27.17,Travel
CUST00464,2023-03-23,299.73,Grocery
CUST00464,2024-12-11,67.76,Grocery
CUST00464,2021-11-10,175.01,Dining
CUST00464,2022-01-09,115.25,Clothing
CUST00464,2024-04-14,12.25,Dining
CUST00464,2025-01-01,160.52,Dining
CUST00464,2024-10-26,32.87,Electronics
CUST00464,2023-09-06,6.2,Dining
CUST00464,2022-11-13,23.28,Electronics
CUST00464,2023-04-05,124.8,Dining
CUST00464,2022-11-15,98.58,Electronics
CUST00464,2024-02-04,65.11,Dining
CUST00464,2024-12-09,9.6,Grocery
CUST00464,2024-04-02,6.48,Electronics
CUST00464,2021-11-22,48.94,Travel
CUST00464,2023-05-13,73.41,Electronics
CUST00464,2023-06-25,9.97,Travel
CUST00464,2022-11-30,19.28,Dining
CUST00464,2025-01-30,37.21,Travel
CUST00464,2025-03-20,100.94,Dining
CUST00464,2025-07-21,93.78,Clothing
CUST00464,2021-08-30,15.78,Clothing
CUST00464,2022-12-21,12.94,Clothing
CUST00464,2023-02-26,295.12,Electronics
CUST00464,2025-07-16,70.63,Dining
CUST00464,2023-08-04,126.03,Grocery
CUST00464,2022-08-20,50.83,Clothing
CUST00464,2023-06-28,214.22,Dining
CUST00464,2021-03-08,50.79,Electronics
CUST00464,2023-04-22,47.66,Grocery
CUST00464,2022-04-28,35.9,Travel
CUST00464,2024-11-09,327.06,Electronics
CUST00464,2022-12-29,159.25,Travel
CUST00464,2022-11-12,167.49,Clothing
CUST00464,2023-07-05,145.13,Grocery
CUST00464,2024-08-28,36.67,Clothing
CUST00464,2022-12-26,278.65,Travel
CUST00464,2025-05-19,344.52,Grocery
CUST00464,2022-02-22,62.17,Dining
CUST00464,2021-07-30,10.92,Electronics
CUST00464,2024-05-16,8.54,Dining
CUST00464,2024-09-16,19.07,Dining
CUST00464,2021-04-28,41.15,Travel
CUST00464,2022-08-12,165.72,Electronics
CUST00464,2022-06-26,212.69,Dining
CUST00464,2024-08-27,237.09,Grocery
CUST00464,2025-03-11,99.85,Grocery
CUST00464,2022-09-11,61.38,Dining
CUST00464,2022-06-10,48.62,Clothing
CUST00464,2025-01-28,95.5,Electronics
CUST00464,2024-07-01,14.16,Clothing
CUST00464,2021-07-20,44.77,Electronics
CUST00464,2023-04-16,10.91,Travel
CUST00464,2024-04-19,12.45,Electronics
CUST00464,2022-04-15,66.94,Dining
CUST00464,2022-12-18,321.21,Travel
CUST00464,2022-03-18,67.29,Grocery
CUST00464,2024-09-06,106.37,Clothing
CUST00464,2021-08-28,141.38,Dining
CUST00464,2025-03-30,34.14,Grocery
CUST00464,2022-01-21,45.6,Electronics
CUST00464,2021-12-03,220.63,Dining
CUST00464,2023-03-06,151.68,Travel
CUST00464,2025-02-03,20.17,Electronics
CUST00464,2025-01-19,59.85,Grocery
CUST00464,2023-04-16,69.56,Electronics
CUST00464,2022-12-14,10.99,Clothing
CUST00464,2023-09-07,70.5,Clothing
CUST00464,2021-10-14,265.99,Electronics
CUST00464,2021-12-28,234.19,Clothing
CUST00464,2025-02-21,60.96,Dining
CUST00464,2023-12-27,110.97,Grocery
CUST00464,2021-07-05,10.66,Travel
CUST00464,2025-01-12,6.81,Electronics
CUST00465,2023-08-22,12.96,Electronics
CUST00465,2023-03-08,64.81,Travel
CUST00465,2023-09-19,22.5,Dining
CUST00465,2024-05-06,111.93,Travel
CUST00465,2024-06-22,60.78,Travel
CUST00465,2023-04-05,5.87,Dining
CUST00465,2024-02-28,19.36,Grocery
CUST00465,2024-04-05,167.85,Clothing
CUST00465,2024-10-29,14.48,Electronics
CUST00465,2024-04-10,162.49,Grocery
CUST00465,2024-07-03,37.39,Dining
CUST00465,2025-01-21,58.92,Clothing
CUST00465,2025-06-04,68.0,Dining
CUST00465,2024-11-05,95.87,Clothing
CUST00465,2023-08-23,66.7,Dining
CUST00465,2025-07-20,100.68,Electronics
CUST00465,2025-01-30,69.22,Dining
CUST00465,2024-08-10,23.56,Electronics
CUST00465,2023-12-28,82.7,Dining
CUST00465,2025-03-01,23.33,Electronics
CUST00465,2025-01-07,79.52,Grocery
CUST00465,2023-06-09,111.0,Travel
CUST00465,2024-12-05,170.88,Grocery
CUST00465,2025-02-12,27.78,Electronics
CUST00465,2024-11-19,20.52,Grocery
CUST00465,2025-02-07,116.58,Dining
CUST00465,2023-10-16,257.51,Electronics
CUST00465,2024-08-22,24.02,Dining
CUST00465,2024-01-21,90.94,Grocery
CUST00465,2024-09-28,5.56,Clothing
CUST00465,2023-08-22,149.22,Dining
CUST00465,2023-05-07,48.47,Grocery
CUST00465,2024-10-07,90.08,Electronics
CUST00465,2023-11-05,51.15,Dining
CUST00465,2025-01-11,21.92,Travel
CUST00465,2025-07-29,10.17,Dining
CUST00465,2023-04-11,59.53,Clothing
CUST00465,2023-06-14,8.59,Dining
CUST00465,2025-05-27,41.01,Clothing
CUST00465,2023-11-11,52.61,Grocery
CUST00465,2025-02-11,77.93,Travel
CUST00465,2025-03-24,49.02,Clothing
CUST00465,2025-03-18,68.48,Electronics
CUST00465,2025-04-22,204.24,Dining
CUST00465,2023-04-08,26.88,Travel
CUST00465,2024-09-10,369.21,Dining
CUST00465,2024-11-22,86.58,Clothing
CUST00465,2023-09-17,132.22,Clothing
CUST00465,2023-04-01,15.4,Grocery
CUST00465,2025-06-22,163.54,Clothing
CUST00465,2024-08-03,50.32,Electronics
CUST00465,2023-11-06,195.91,Electronics
CUST00465,2023-12-22,123.44,Grocery
CUST00465,2024-05-20,77.47,Travel
CUST00465,2025-06-28,33.25,Electronics
CUST00465,2024-08-04,8.97,Grocery
CUST00465,2023-03-12,117.11,Dining
CUST00465,2024-06-26,70.83,Clothing
CUST00465,2023-03-17,41.54,Grocery
CUST00465,2023-11-12,9.65,Clothing
CUST00465,2024-03-18,145.61,Clothing
CUST00465,2023-03-14,11.71,Clothing
CUST00465,2023-11-03,55.38,Clothing
CUST00465,2024-08-04,202.64,Grocery
CUST00465,2024-09-07,52.82,Grocery
CUST00465,2023-09-11,198.99,Dining
CUST00465,2025-01-28,10.9,Electronics
CUST00465,2023-08-16,64.82,Travel
CUST00465,2023-05-18,55.5,Grocery
CUST00465,2024-09-09,7.07,Grocery
CUST00465,2024-02-12,24.79,Dining
CUST00465,2023-04-27,27.91,Clothing
CUST00465,2023-03-29,65.19,Travel
CUST00465,2023-08-04,37.88,Clothing
CUST00465,2024-05-31,155.32,Electronics
CUST00465,2025-04-05,37.23,Travel
CUST00465,2023-03-21,13.27,Grocery
CUST00465,2024-01-11,69.03,Travel
CUST00465,2024-08-01,15.97,Travel
CUST00465,2024-09-07,149.53,Travel
CUST00465,2025-06-04,8.1,Travel
CUST00465,2023-05-29,99.59,Electronics
CUST00465,2024-10-15,48.43,Grocery
CUST00465,2023-05-22,87.55,Grocery
CUST00465,2025-03-24,52.88,Travel
CUST00465,2025-03-10,161.5,Electronics
CUST00465,2023-07-31,95.47,Dining
CUST00465,2024-08-19,64.61,Dining
CUST00465,2023-08-07,16.38,Travel
CUST00465,2024-03-10,8.86,Electronics
CUST00465,2024-03-07,159.7,Electronics
CUST00465,2023-12-16,13.86,Grocery
CUST00465,2023-05-12,31.78,Electronics
CUST00465,2023-12-12,6.09,Dining
CUST00465,2025-07-06,207.22,Electronics
CUST00465,2023-06-28,231.02,Clothing
CUST00465,2023-07-22,33.0,Grocery
CUST00465,2024-06-13,44.9,Travel
CUST00465,2023-11-05,36.62,Electronics
CUST00466,2024-10-27,274.73,Dining
CUST00466,2025-02-05,135.23,Dining
CUST00466,2024-08-01,46.35,Clothing
CUST00466,2024-06-18,280.9,Grocery
CUST00466,2024-09-02,19.02,Travel
CUST00466,2025-01-27,176.85,Clothing
CUST00466,2025-05-11,14.44,Dining
CUST00466,2025-02-27,13.78,Dining
CUST00466,2025-03-10,35.73,Electronics
CUST00466,2024-05-07,52.44,Clothing
CUST00466,2024-10-04,79.51,Dining
CUST00466,2025-05-29,31.58,Electronics
CUST00466,2025-06-21,124.1,Dining
CUST00466,2025-07-22,97.22,Grocery
CUST00466,2025-01-05,143.5,Electronics
CUST00466,2024-11-14,273.54,Clothing
CUST00466,2024-07-08,6.28,Clothing
CUST00466,2024-09-16,35.37,Dining
CUST00466,2024-07-14,25.53,Electronics
CUST00466,2025-03-20,79.99,Dining
CUST00466,2025-03-26,58.0,Grocery
CUST00466,2025-04-19,82.63,Dining
CUST00466,2025-02-20,19.2,Travel
CUST00466,2025-05-09,73.81,Grocery
CUST00466,2025-02-13,34.92,Electronics
CUST00466,2025-05-25,47.31,Dining
CUST00466,2025-07-30,197.21,Travel
CUST00466,2025-03-03,111.29,Travel
CUST00466,2025-02-07,29.02,Electronics
CUST00466,2024-08-09,26.43,Electronics
CUST00466,2024-11-23,115.05,Dining
CUST00466,2025-02-10,144.99,Clothing
CUST00466,2025-06-02,12.02,Electronics
CUST00466,2025-04-02,6.48,Travel
CUST00466,2025-06-24,204.37,Clothing
CUST00466,2025-01-23,37.51,Travel
CUST00466,2025-05-21,12.48,Clothing
CUST00466,2025-06-15,15.68,Travel
CUST00466,2024-10-29,39.61,Travel
CUST00466,2024-12-19,77.91,Dining
CUST00466,2024-09-10,35.67,Dining
CUST00466,2024-12-23,68.49,Grocery
CUST00466,2025-06-02,86.44,Travel
CUST00466,2024-11-27,25.97,Travel
CUST00466,2025-02-19,299.27,Travel
CUST00466,2025-06-06,23.67,Dining
CUST00466,2024-09-20,69.1,Electronics
CUST00466,2025-03-17,166.81,Dining
CUST00466,2024-08-27,10.5,Dining
CUST00466,2024-05-04,313.56,Travel
CUST00466,2025-01-31,29.56,Travel
CUST00466,2025-01-24,15.27,Clothing
CUST00466,2024-07-08,47.06,Clothing
CUST00466,2025-05-03,52.35,Dining
CUST00466,2025-01-30,6.17,Electronics
CUST00466,2025-05-10,25.36,Clothing
CUST00466,2025-06-22,165.37,Grocery
CUST00466,2024-05-12,126.59,Travel
CUST00466,2025-01-11,91.34,Grocery
CUST00466,2024-08-25,53.98,Dining
CUST00466,2024-07-20,29.51,Dining
CUST00466,2024-09-10,52.64,Dining
CUST00466,2024-04-28,96.22,Grocery
CUST00466,2024-04-09,45.96,Electronics
CUST00466,2024-12-28,14.84,Dining
CUST00466,2025-07-22,29.78,Electronics
CUST00466,2025-03-20,42.97,Grocery
CUST00466,2024-08-03,71.03,Grocery
CUST00466,2025-06-03,116.63,Travel
CUST00466,2025-07-30,139.05,Grocery
CUST00466,2024-12-26,153.66,Dining
CUST00466,2025-04-11,127.05,Travel
CUST00466,2024-08-31,164.64,Travel
CUST00466,2024-08-04,9.45,Travel
CUST00466,2025-01-09,27.11,Clothing
CUST00466,2024-07-08,52.64,Grocery
CUST00466,2025-01-26,32.38,Electronics
CUST00466,2024-08-06,267.37,Electronics
CUST00466,2024-07-25,104.09,Grocery
CUST00466,2024-04-25,118.92,Electronics
CUST00466,2024-05-22,68.57,Clothing
CUST00466,2025-06-07,82.77,Grocery
CUST00466,2025-05-09,135.06,Electronics
CUST00466,2024-08-25,89.5,Clothing
CUST00466,2024-06-21,60.94,Clothing
CUST00466,2024-09-20,26.49,Travel
CUST00466,2024-12-23,25.93,Clothing
CUST00466,2024-08-20,18.03,Grocery
CUST00466,2024-11-14,29.88,Dining
CUST00466,2025-05-23,260.71,Travel
CUST00466,2024-04-20,150.6,Electronics
CUST00466,2024-12-13,176.26,Clothing
CUST00466,2025-04-05,201.97,Electronics
CUST00466,2025-07-03,10.93,Dining
CUST00466,2025-07-24,51.99,Clothing
CUST00466,2024-06-01,26.94,Electronics
CUST00466,2025-06-09,59.43,Grocery
CUST00466,2025-01-20,63.12,Grocery
CUST00466,2024-09-30,23.33,Grocery
CUST00467,2025-06-17,28.64,Dining
CUST00467,2024-09-20,116.09,Grocery
CUST00467,2024-01-16,42.55,Clothing
CUST00467,2025-05-30,6.99,Electronics
CUST00467,2023-03-18,11.53,Dining
CUST00467,2024-02-27,7.05,Grocery
CUST00467,2023-06-29,21.64,Electronics
CUST00467,2023-03-15,110.32,Clothing
CUST00467,2023-06-04,218.41,Clothing
CUST00467,2024-06-02,118.86,Electronics
CUST00467,2024-12-13,233.92,Dining
CUST00467,2024-10-04,79.44,Electronics
CUST00467,2022-12-03,71.5,Clothing
CUST00467,2023-03-20,33.07,Clothing
CUST00467,2025-02-12,10.82,Clothing
CUST00467,2023-12-12,15.93,Grocery
CUST00467,2024-08-01,320.23,Travel
CUST00467,2024-03-14,174.36,Dining
CUST00467,2023-05-24,78.38,Electronics
CUST00467,2025-04-07,49.28,Grocery
CUST00467,2025-01-25,261.02,Travel
CUST00467,2025-07-01,41.0,Electronics
CUST00467,2023-06-22,67.62,Dining
CUST00467,2023-08-13,77.06,Electronics
CUST00467,2023-08-28,61.82,Clothing
CUST00467,2023-08-13,45.71,Dining
CUST00467,2025-03-13,359.85,Electronics
CUST00467,2023-07-29,183.94,Travel
CUST00467,2025-04-20,138.81,Travel
CUST00467,2023-05-06,9.88,Electronics
CUST00467,2024-10-15,41.54,Grocery
CUST00467,2024-12-13,17.21,Grocery
CUST00467,2023-02-16,190.71,Grocery
CUST00467,2022-12-23,69.89,Dining
CUST00467,2025-07-04,88.65,Dining
CUST00467,2023-06-27,13.42,Travel
CUST00467,2025-04-06,21.65,Travel
CUST00467,2022-12-30,106.34,Grocery
CUST00467,2023-11-03,45.04,Clothing
CUST00467,2023-10-17,276.18,Travel
CUST00467,2025-02-04,150.07,Travel
CUST00467,2025-05-06,22.17,Dining
CUST00467,2023-04-23,46.2,Clothing
CUST00467,2024-08-22,30.28,Travel
CUST00467,2025-02-27,78.48,Dining
CUST00467,2024-08-24,31.1,Electronics
CUST00467,2024-12-09,31.13,Grocery
CUST00467,2025-01-29,56.89,Dining
CUST00467,2025-02-06,121.57,Grocery
CUST00467,2023-03-15,165.25,Electronics
CUST00467,2024-10-30,7.22,Travel
CUST00467,2024-05-08,123.85,Grocery
CUST00467,2024-06-25,52.34,Dining
CUST00467,2023-12-19,15.95,Clothing
CUST00467,2023-09-07,17.62,Dining
CUST00467,2023-08-16,13.24,Travel
CUST00467,2023-03-16,69.98,Electronics
CUST00467,2024-09-10,68.48,Grocery
CUST00467,2023-03-15,11.44,Grocery
CUST00467,2022-12-30,5.96,Clothing
CUST00467,2025-07-18,51.17,Dining
CUST00467,2024-11-16,307.04,Dining
CUST00467,2024-05-09,91.05,Dining
CUST00467,2025-05-08,230.14,Dining
CUST00467,2022-12-03,66.95,Electronics
CUST00467,2023-08-12,123.89,Travel
CUST00467,2024-01-19,36.9,Clothing
CUST00467,2025-03-24,52.76,Dining
CUST00467,2022-11-29,22.16,Grocery
CUST00467,2023-08-21,122.8,Travel
CUST00467,2024-02-05,88.73,Dining
CUST00467,2024-06-30,83.67,Dining
CUST00467,2023-02-15,32.64,Dining
CUST00467,2024-04-17,80.61,Clothing
CUST00467,2024-08-03,293.66,Travel
CUST00467,2024-10-21,52.43,Clothing
CUST00467,2023-10-23,42.64,Grocery
CUST00467,2023-07-18,10.97,Dining
CUST00467,2025-07-09,15.95,Grocery
CUST00467,2023-11-09,76.5,Travel
CUST00467,2025-05-08,180.46,Travel
CUST00467,2025-04-11,21.11,Travel
CUST00467,2024-05-05,65.38,Clothing
CUST00467,2024-07-30,8.32,Travel
CUST00467,2022-11-15,15.3,Grocery
CUST00467,2023-09-26,19.8,Grocery
CUST00467,2025-03-20,44.5,Grocery
CUST00467,2023-08-03,35.07,Grocery
CUST00467,2023-08-29,22.5,Dining
CUST00467,2023-02-03,57.42,Travel
CUST00467,2023-07-26,67.89,Electronics
CUST00467,2024-11-13,85.91,Dining
CUST00467,2025-01-30,17.04,Dining
CUST00467,2023-01-11,12.2,Travel
CUST00467,2023-09-03,80.67,Dining
CUST00467,2023-01-26,71.94,Travel
CUST00467,2024-11-17,87.49,Electronics
CUST00467,2025-02-02,25.23,Dining
CUST00467,2023-04-27,18.39,Dining
CUST00467,2024-01-06,102.43,Clothing
CUST00467,2025-03-02,109.57,Grocery
CUST00467,2024-12-30,26.69,Travel
CUST00467,2023-10-18,25.06,Electronics
CUST00467,2023-12-13,77.67,Clothing
CUST00468,2024-07-08,44.97,Travel
CUST00468,2025-03-07,20.73,Electronics
CUST00468,2025-01-20,150.44,Clothing
CUST00468,2024-08-12,289.16,Grocery
CUST00468,2025-08-01,6.63,Travel
CUST00468,2025-03-26,174.66,Clothing
CUST00468,2024-07-17,104.15,Grocery
CUST00468,2025-03-14,54.41,Clothing
CUST00468,2025-02-23,64.77,Dining
CUST00468,2024-10-20,47.41,Electronics
CUST00468,2024-11-12,34.14,Clothing
CUST00468,2025-05-04,6.38,Dining
CUST00468,2024-09-25,132.3,Clothing
CUST00468,2024-06-29,27.21,Dining
CUST00468,2024-10-21,69.99,Grocery
CUST00468,2024-09-28,100.29,Grocery
CUST00468,2024-09-14,103.6,Grocery
CUST00468,2024-11-19,152.56,Dining
CUST00468,2024-11-19,49.48,Travel
CUST00468,2024-10-08,42.73,Travel
CUST00468,2024-08-17,23.73,Grocery
CUST00468,2025-04-10,102.49,Grocery
CUST00468,2025-06-08,219.19,Grocery
CUST00468,2024-06-28,27.17,Grocery
CUST00468,2025-07-14,6.58,Travel
CUST00468,2024-10-06,94.68,Clothing
CUST00468,2024-11-08,17.83,Electronics
CUST00468,2025-02-19,69.73,Clothing
CUST00468,2025-05-01,5.93,Electronics
CUST00468,2024-12-09,44.41,Dining
CUST00468,2024-11-15,286.75,Clothing
CUST00468,2025-04-25,67.81,Clothing
CUST00468,2025-01-17,82.93,Electronics
CUST00468,2025-06-29,101.91,Electronics
CUST00468,2024-09-25,112.97,Electronics
CUST00468,2024-12-01,215.27,Dining
CUST00468,2025-04-02,28.8,Electronics
CUST00468,2024-09-12,335.22,Clothing
CUST00468,2025-06-04,95.18,Electronics
CUST00468,2025-02-20,340.72,Travel
CUST00468,2025-01-15,65.89,Travel
CUST00468,2024-06-16,5.32,Clothing
CUST00468,2025-05-04,54.36,Travel
CUST00468,2025-02-06,56.28,Clothing
CUST00468,2025-04-30,5.65,Electronics
CUST00468,2024-12-14,60.85,Clothing
CUST00468,2025-04-18,31.43,Clothing
CUST00468,2025-01-03,31.08,Grocery
CUST00468,2025-02-24,71.71,Dining
CUST00468,2025-02-04,392.25,Clothing
CUST00468,2025-07-27,37.44,Electronics
CUST00468,2025-02-22,27.87,Grocery
CUST00468,2024-08-23,28.9,Clothing
CUST00468,2025-02-08,20.03,Dining
CUST00468,2025-03-24,30.95,Grocery
CUST00468,2024-09-14,9.12,Clothing
CUST00468,2025-02-15,321.35,Dining
CUST00468,2024-09-08,27.16,Dining
CUST00468,2025-07-12,106.91,Travel
CUST00468,2025-04-23,85.36,Grocery
CUST00468,2025-01-05,5.36,Grocery
CUST00468,2025-05-15,20.17,Dining
CUST00468,2024-06-19,51.43,Travel
CUST00468,2025-01-13,6.32,Travel
CUST00468,2024-07-11,114.43,Electronics
CUST00468,2025-01-11,11.49,Travel
CUST00468,2025-02-13,97.91,Clothing
CUST00468,2024-07-30,92.68,Grocery
CUST00468,2024-10-02,117.14,Travel
CUST00468,2024-12-17,93.43,Clothing
CUST00468,2024-11-28,58.63,Clothing
CUST00468,2024-10-19,9.51,Clothing
CUST00468,2024-08-12,182.25,Clothing
CUST00468,2024-10-25,89.02,Electronics
CUST00468,2024-06-28,61.77,Electronics
CUST00468,2025-05-03,49.58,Grocery
CUST00468,2025-02-09,11.4,Travel
CUST00468,2025-01-28,138.08,Travel
CUST00468,2024-11-05,167.08,Grocery
CUST00468,2024-12-12,126.06,Grocery
CUST00468,2025-02-19,169.26,Clothing
CUST00468,2024-08-17,44.89,Electronics
CUST00468,2024-11-11,27.24,Dining
CUST00468,2025-03-20,71.95,Dining
CUST00468,2024-12-21,11.2,Clothing
CUST00468,2025-04-10,9.53,Clothing
CUST00468,2025-01-05,67.41,Travel
CUST00468,2024-07-21,136.63,Grocery
CUST00468,2025-03-24,318.36,Dining
CUST00468,2024-07-23,299.21,Travel
CUST00468,2025-05-17,17.68,Electronics
CUST00468,2025-03-19,69.43,Travel
CUST00468,2025-05-12,142.68,Electronics
CUST00468,2025-01-23,36.34,Grocery
CUST00468,2025-01-24,64.39,Electronics
CUST00468,2025-06-23,156.62,Electronics
CUST00468,2024-07-23,91.28,Electronics
CUST00468,2025-05-18,5.37,Electronics
CUST00468,2024-07-06,37.47,Dining
CUST00468,2025-06-30,24.6,Dining
CUST00468,2025-05-23,48.6,Clothing
CUST00469,2025-06-01,28.53,Clothing
CUST00469,2025-03-29,104.14,Dining
CUST00469,2025-04-04,115.18,Grocery
CUST00469,2025-03-05,22.59,Clothing
CUST00469,2025-04-03,47.22,Electronics
CUST00469,2025-06-07,41.96,Electronics
CUST00469,2025-05-08,34.82,Clothing
CUST00469,2025-07-23,25.4,Clothing
CUST00469,2025-04-12,122.27,Grocery
CUST00469,2025-05-13,64.74,Dining
CUST00469,2025-06-15,67.93,Travel
CUST00469,2025-03-12,72.27,Travel
CUST00469,2025-03-30,169.54,Electronics
CUST00469,2025-06-01,17.76,Grocery
CUST00469,2025-06-14,106.16,Grocery
CUST00469,2025-06-07,107.9,Electronics
CUST00469,2025-03-06,96.91,Electronics
CUST00469,2025-03-17,7.45,Grocery
CUST00469,2025-04-12,22.47,Grocery
CUST00469,2025-07-13,15.34,Travel
CUST00469,2025-07-06,52.81,Dining
CUST00469,2025-05-28,190.59,Dining
CUST00469,2025-05-25,29.01,Electronics
CUST00469,2025-07-28,138.86,Clothing
CUST00469,2025-06-28,152.55,Clothing
CUST00469,2025-03-15,169.57,Grocery
CUST00469,2025-03-29,34.21,Dining
CUST00469,2025-07-19,10.72,Dining
CUST00469,2025-03-26,8.12,Electronics
CUST00469,2025-03-31,28.96,Clothing
CUST00469,2025-06-18,21.42,Grocery
CUST00469,2025-03-13,111.08,Clothing
CUST00469,2025-06-17,7.16,Travel
CUST00469,2025-03-29,7.25,Travel
CUST00469,2025-05-21,44.59,Dining
CUST00469,2025-04-07,66.3,Clothing
CUST00469,2025-07-28,27.6,Grocery
CUST00469,2025-05-20,190.25,Dining
CUST00469,2025-07-30,124.37,Travel
CUST00469,2025-07-27,73.24,Travel
CUST00469,2025-04-03,74.04,Travel
CUST00469,2025-03-31,96.15,Travel
CUST00469,2025-07-31,190.86,Clothing
CUST00469,2025-06-06,5.14,Electronics
CUST00469,2025-05-15,97.28,Dining
CUST00469,2025-06-01,75.5,Electronics
CUST00469,2025-07-22,136.71,Travel
CUST00469,2025-04-03,32.77,Dining
CUST00469,2025-06-12,44.0,Travel
CUST00469,2025-07-17,72.21,Travel
CUST00469,2025-06-24,22.06,Grocery
CUST00469,2025-03-26,148.14,Travel
CUST00469,2025-06-13,73.97,Electronics
CUST00469,2025-05-03,18.22,Electronics
CUST00469,2025-03-30,111.25,Clothing
CUST00469,2025-07-16,149.7,Travel
CUST00469,2025-03-06,104.56,Travel
CUST00469,2025-03-29,82.05,Travel
CUST00469,2025-04-26,50.84,Clothing
CUST00469,2025-03-18,41.18,Electronics
CUST00469,2025-03-16,24.52,Electronics
CUST00469,2025-03-20,18.03,Clothing
CUST00469,2025-05-17,210.99,Electronics
CUST00469,2025-07-09,46.4,Grocery
CUST00469,2025-07-27,99.52,Electronics
CUST00469,2025-03-28,233.78,Clothing
CUST00469,2025-04-19,6.26,Clothing
CUST00469,2025-04-16,54.0,Clothing
CUST00469,2025-07-04,182.98,Travel
CUST00469,2025-03-28,208.97,Electronics
CUST00469,2025-06-17,216.18,Electronics
CUST00469,2025-05-15,14.53,Electronics
CUST00469,2025-04-22,15.11,Dining
CUST00469,2025-05-11,112.4,Grocery
CUST00469,2025-03-24,23.88,Electronics
CUST00469,2025-07-23,161.53,Grocery
CUST00469,2025-07-01,216.06,Travel
CUST00469,2025-07-25,7.34,Grocery
CUST00469,2025-04-02,56.89,Electronics
CUST00469,2025-05-14,9.08,Grocery
CUST00469,2025-05-28,56.64,Clothing
CUST00469,2025-03-23,54.08,Grocery
CUST00469,2025-05-20,124.22,Dining
CUST00469,2025-03-22,111.6,Grocery
CUST00469,2025-03-19,38.91,Electronics
CUST00469,2025-03-12,57.03,Clothing
CUST00469,2025-06-25,295.4,Electronics
CUST00469,2025-05-07,106.33,Electronics
CUST00469,2025-07-17,45.06,Dining
CUST00469,2025-06-05,5.11,Dining
CUST00469,2025-04-07,146.71,Travel
CUST00469,2025-06-15,12.44,Electronics
CUST00469,2025-07-18,204.45,Dining
CUST00469,2025-04-01,202.4,Clothing
CUST00469,2025-05-11,98.76,Clothing
CUST00469,2025-04-12,102.29,Travel
CUST00469,2025-07-21,14.69,Travel
CUST00469,2025-05-19,236.4,Grocery
CUST00469,2025-04-12,53.54,Electronics
CUST00469,2025-03-19,78.52,Electronics
CUST00469,2025-03-28,239.16,Travel
CUST00469,2025-07-01,32.74,Dining
CUST00469,2025-07-02,82.16,Grocery
CUST00469,2025-06-24,137.71,Electronics
CUST00469,2025-07-05,13.55,Grocery
CUST00469,2025-03-29,20.28,Electronics
CUST00469,2025-07-23,64.26,Grocery
CUST00469,2025-06-28,55.07,Clothing
CUST00469,2025-05-28,282.3,Electronics
CUST00469,2025-05-29,61.12,Electronics
CUST00469,2025-07-29,32.39,Dining
CUST00470,2022-11-02,251.95,Dining
CUST00470,2023-10-12,35.1,Clothing
CUST00470,2023-09-28,5.82,Grocery
CUST00470,2023-01-19,50.59,Grocery
CUST00470,2023-04-25,127.32,Grocery
CUST00470,2024-04-29,10.82,Electronics
CUST00470,2025-05-30,83.32,Dining
CUST00470,2024-01-12,92.51,Clothing
CUST00470,2023-03-14,12.51,Clothing
CUST00470,2024-10-04,186.46,Electronics
CUST00470,2024-04-08,5.35,Travel
CUST00470,2023-06-06,135.25,Clothing
CUST00470,2022-12-12,118.9,Electronics
CUST00470,2025-06-15,24.25,Dining
CUST00470,2023-09-15,42.51,Dining
CUST00470,2025-07-16,102.33,Clothing
CUST00470,2023-10-19,31.22,Dining
CUST00470,2024-11-30,78.44,Clothing
CUST00470,2023-11-20,12.51,Clothing
CUST00470,2025-06-16,30.37,Travel
CUST00470,2024-01-10,112.2,Clothing
CUST00470,2023-12-27,239.9,Travel
CUST00470,2024-12-23,80.05,Electronics
CUST00470,2025-02-20,106.29,Electronics
CUST00470,2024-05-21,117.99,Dining
CUST00470,2025-03-27,62.16,Travel
CUST00470,2025-01-27,301.88,Travel
CUST00470,2023-01-12,93.68,Grocery
CUST00470,2025-03-24,78.11,Electronics
CUST00470,2024-10-12,128.09,Travel
CUST00470,2023-05-17,31.5,Clothing
CUST00470,2024-08-27,66.26,Travel
CUST00470,2024-03-08,349.1,Grocery
CUST00470,2025-05-04,201.87,Dining
CUST00470,2024-07-24,153.8,Grocery
CUST00470,2024-09-18,17.89,Clothing
CUST00470,2023-08-21,68.3,Clothing
CUST00470,2025-02-21,87.17,Grocery
CUST00470,2023-12-10,148.48,Clothing
CUST00470,2023-02-14,74.32,Electronics
CUST00470,2024-06-11,248.83,Electronics
CUST00470,2024-11-26,57.79,Travel
CUST00470,2023-08-27,27.75,Clothing
CUST00470,2023-08-08,17.49,Clothing
CUST00470,2024-01-05,32.62,Dining
CUST00470,2023-12-25,6.56,Dining
CUST00470,2022-12-31,67.66,Travel
CUST00470,2022-11-07,26.53,Dining
CUST00470,2023-02-10,41.63,Clothing
CUST00470,2025-02-03,483.45,Clothing
CUST00470,2023-03-23,13.32,Travel
CUST00470,2023-08-16,45.01,Electronics
CUST00470,2023-03-14,24.24,Clothing
CUST00470,2023-07-29,94.12,Clothing
CUST00470,2023-03-08,35.79,Travel
CUST00470,2023-04-13,22.86,Grocery
CUST00470,2023-03-30,28.5,Electronics
CUST00470,2024-08-30,31.68,Travel
CUST00470,2024-11-10,35.28,Electronics
CUST00470,2025-07-17,48.25,Clothing
CUST00470,2025-03-22,37.46,Travel
CUST00470,2024-09-27,14.01,Dining
CUST00470,2024-01-19,126.19,Clothing
CUST00470,2023-05-10,267.17,Grocery
CUST00470,2024-10-15,28.74,Electronics
CUST00470,2024-05-28,52.8,Dining
CUST00470,2022-11-20,121.69,Clothing
CUST00470,2024-10-17,31.23,Electronics
CUST00470,2023-12-27,170.81,Dining
CUST00470,2024-12-23,95.06,Clothing
CUST00470,2024-10-02,7.2,Electronics
CUST00470,2023-12-28,67.04,Grocery
CUST00470,2024-06-13,7.93,Electronics
CUST00470,2023-12-17,12.24,Electronics
CUST00470,2024-05-06,79.75,Clothing
CUST00470,2024-11-07,26.83,Travel
CUST00470,2023-08-12,135.04,Grocery
CUST00470,2025-02-15,149.46,Travel
CUST00470,2024-10-26,6.97,Clothing
CUST00470,2023-02-22,114.64,Clothing
CUST00470,2024-03-13,150.65,Clothing
CUST00470,2023-07-04,106.41,Clothing
CUST00470,2023-11-06,178.42,Grocery
CUST00470,2022-12-21,77.22,Travel
CUST00470,2024-12-20,112.62,Clothing
CUST00470,2025-03-14,89.56,Dining
CUST00470,2023-08-16,157.38,Electronics
CUST00470,2022-12-20,217.98,Clothing
CUST00470,2023-07-29,12.24,Grocery
CUST00470,2023-12-21,133.4,Clothing
CUST00470,2024-07-06,24.81,Dining
CUST00470,2024-04-13,44.33,Grocery
CUST00470,2024-05-06,49.46,Electronics
CUST00470,2024-11-05,20.35,Travel
CUST00470,2024-12-19,211.61,Dining
CUST00470,2025-07-12,22.8,Electronics
CUST00470,2023-03-21,6.91,Clothing
CUST00470,2023-06-23,128.39,Electronics
CUST00470,2023-03-15,274.13,Clothing
CUST00470,2024-03-10,95.51,Travel
CUST00470,2024-03-30,6.74,Clothing
CUST00470,2025-03-26,38.01,Dining
CUST00470,2024-08-22,17.91,Grocery
CUST00470,2024-11-13,75.01,Clothing
CUST00470,2024-11-26,357.56,Electronics
CUST00470,2022-11-19,91.12,Electronics
CUST00470,2023-06-03,10.62,Electronics
CUST00470,2023-05-25,49.76,Dining
CUST00470,2022-12-01,67.36,Travel
CUST00470,2023-07-02,23.65,Travel
CUST00470,2022-12-31,315.13,Dining
CUST00470,2025-05-24,286.8,Electronics
CUST00470,2024-03-06,29.94,Clothing
CUST00470,2025-02-06,278.74,Dining
CUST00471,2025-02-01,226.93,Grocery
CUST00471,2025-05-06,32.94,Dining
CUST00471,2024-09-01,155.17,Grocery
CUST00471,2023-12-28,304.89,Grocery
CUST00471,2024-10-24,245.45,Grocery
CUST00471,2024-04-24,71.91,Electronics
CUST00471,2024-03-31,141.79,Travel
CUST00471,2024-01-29,70.88,Grocery
CUST00471,2023-12-24,81.62,Grocery
CUST00471,2025-04-23,13.99,Grocery
CUST00471,2023-11-28,327.47,Electronics
CUST00471,2023-11-04,78.75,Electronics
CUST00471,2024-09-16,66.85,Grocery
CUST00471,2024-02-29,11.44,Travel
CUST00471,2024-08-18,185.65,Travel
CUST00471,2025-06-13,26.05,Electronics
CUST00471,2024-02-14,378.73,Travel
CUST00471,2024-10-13,252.14,Travel
CUST00471,2024-05-22,69.49,Grocery
CUST00471,2024-02-03,51.17,Clothing
CUST00471,2024-07-23,66.69,Travel
CUST00471,2023-12-15,105.14,Electronics
CUST00471,2023-11-26,159.37,Clothing
CUST00471,2025-04-14,5.48,Clothing
CUST00471,2025-02-08,108.33,Clothing
CUST00471,2023-11-21,5.08,Travel
CUST00471,2024-02-12,86.98,Travel
CUST00471,2024-08-12,45.34,Clothing
CUST00471,2024-02-11,35.07,Grocery
CUST00471,2024-01-14,23.2,Clothing
CUST00471,2025-03-17,89.58,Electronics
CUST00471,2025-07-04,237.74,Grocery
CUST00471,2024-02-25,20.32,Clothing
CUST00471,2025-02-23,319.23,Grocery
CUST00471,2024-04-09,14.5,Travel
CUST00471,2023-11-03,14.88,Travel
CUST00471,2024-10-14,222.45,Electronics
CUST00471,2025-01-19,143.55,Clothing
CUST00471,2023-11-08,32.09,Clothing
CUST00471,2023-11-11,9.58,Travel
CUST00471,2024-08-25,55.55,Dining
CUST00471,2024-04-12,161.29,Electronics
CUST00471,2024-04-15,159.06,Dining
CUST00471,2025-01-29,32.43,Travel
CUST00471,2025-07-06,81.47,Grocery
CUST00471,2025-07-01,50.98,Travel
CUST00471,2025-01-30,24.49,Travel
CUST00471,2025-04-14,88.6,Electronics
CUST00471,2024-07-11,207.32,Dining
CUST00471,2025-08-01,60.04,Clothing
CUST00471,2024-05-06,10.35,Electronics
CUST00471,2024-01-19,9.51,Clothing
CUST00471,2025-06-06,136.06,Travel
CUST00471,2024-12-08,19.52,Clothing
CUST00471,2024-12-16,33.5,Grocery
CUST00471,2025-07-27,65.23,Grocery
CUST00471,2024-09-16,262.91,Dining
CUST00471,2023-12-29,35.54,Travel
CUST00471,2024-06-05,6.92,Travel
CUST00471,2024-07-23,26.96,Dining
CUST00471,2024-04-24,149.98,Clothing
CUST00471,2023-12-28,69.89,Dining
CUST00471,2024-03-17,19.32,Electronics
CUST00471,2025-04-08,128.67,Dining
CUST00471,2023-11-10,6.6,Dining
CUST00471,2024-03-05,6.49,Dining
CUST00471,2023-12-11,30.13,Travel
CUST00471,2023-12-28,9.6,Electronics
CUST00471,2025-06-07,152.25,Travel
CUST00471,2025-02-04,170.48,Grocery
CUST00471,2025-07-24,5.41,Travel
CUST00471,2023-12-12,106.91,Grocery
CUST00471,2024-03-18,24.41,Dining
CUST00471,2024-01-02,32.49,Travel
CUST00471,2024-11-21,98.13,Clothing
CUST00471,2025-04-02,15.84,Electronics
CUST00471,2025-01-01,13.19,Travel
CUST00471,2025-06-19,22.49,Grocery
CUST00471,2024-04-15,75.63,Travel
CUST00471,2025-06-08,43.57,Electronics
CUST00471,2024-03-22,35.85,Grocery
CUST00471,2024-01-17,93.57,Clothing
CUST00471,2025-02-16,52.2,Electronics
CUST00471,2024-10-04,43.4,Clothing
CUST00471,2024-10-20,52.07,Dining
CUST00471,2024-01-11,201.76,Grocery
CUST00471,2024-11-29,68.93,Grocery
CUST00471,2025-05-02,35.99,Clothing
CUST00471,2024-08-26,252.55,Clothing
CUST00471,2025-07-05,289.02,Electronics
CUST00471,2024-08-18,100.66,Electronics
CUST00471,2024-04-02,215.66,Electronics
CUST00471,2024-10-03,7.36,Grocery
CUST00471,2024-02-21,78.47,Dining
CUST00471,2025-03-06,101.17,Clothing
CUST00471,2024-07-07,24.87,Clothing
CUST00471,2024-11-06,67.88,Electronics
CUST00471,2024-09-10,379.13,Clothing
CUST00471,2025-04-19,183.37,Travel
CUST00472,2023-03-04,19.61,Travel
CUST00472,2025-04-13,29.45,Dining
CUST00472,2022-10-20,25.4,Electronics
CUST00472,2022-12-26,85.78,Travel
CUST00472,2023-10-06,91.33,Travel
CUST00472,2022-11-08,7.28,Travel
CUST00472,2025-04-24,193.76,Travel
CUST00472,2023-07-03,135.89,Electronics
CUST00472,2023-06-18,26.8,Travel
CUST00472,2024-03-22,474.24,Electronics
CUST00472,2024-11-23,32.75,Clothing
CUST00472,2023-02-02,98.4,Travel
CUST00472,2024-06-19,34.26,Clothing
CUST00472,2023-11-20,206.41,Clothing
CUST00472,2024-03-17,404.23,Grocery
CUST00472,2024-07-04,46.79,Electronics
CUST00472,2025-04-06,124.63,Travel
CUST00472,2024-09-06,86.78,Travel
CUST00472,2024-12-18,193.46,Travel
CUST00472,2024-08-10,72.41,Travel
CUST00472,2025-07-12,36.25,Grocery
CUST00472,2023-03-25,152.01,Electronics
CUST00472,2023-04-28,217.54,Travel
CUST00472,2023-10-28,7.56,Grocery
CUST00472,2024-01-12,31.38,Clothing
CUST00472,2024-02-29,70.55,Grocery
CUST00472,2023-03-05,27.88,Clothing
CUST00472,2022-10-06,162.02,Grocery
CUST00472,2024-12-11,9.62,Dining
CUST00472,2025-03-31,120.82,Clothing
CUST00472,2023-06-22,75.21,Travel
CUST00472,2025-06-08,73.78,Travel
CUST00472,2024-09-10,72.93,Dining
CUST00472,2023-10-15,107.38,Dining
CUST00472,2024-05-23,34.83,Grocery
CUST00472,2023-08-02,5.14,Dining
CUST00472,2022-10-19,44.17,Travel
CUST00472,2023-06-22,78.16,Clothing
CUST00472,2024-06-02,43.65,Dining
CUST00472,2024-07-05,202.39,Dining
CUST00472,2022-12-31,273.1,Clothing
CUST00472,2024-11-16,83.87,Travel
CUST00472,2025-01-26,6.47,Travel
CUST00472,2025-07-01,76.35,Grocery
CUST00472,2025-05-30,31.16,Clothing
CUST00472,2023-02-28,145.0,Clothing
CUST00472,2025-06-04,32.39,Electronics
CUST00472,2024-07-09,482.68,Dining
CUST00472,2024-12-04,102.61,Travel
CUST00472,2023-07-09,27.84,Clothing
CUST00472,2023-03-28,32.49,Electronics
CUST00472,2024-11-07,19.05,Dining
CUST00472,2025-06-20,7.16,Grocery
CUST00472,2024-05-10,164.99,Travel
CUST00472,2022-10-11,25.03,Grocery
CUST00472,2024-12-31,78.39,Grocery
CUST00472,2024-07-19,27.98,Electronics
CUST00472,2022-11-29,131.43,Clothing
CUST00472,2023-12-04,17.13,Dining
CUST00472,2023-04-08,86.64,Grocery
CUST00472,2023-01-29,46.53,Grocery
CUST00472,2025-06-14,48.69,Grocery
CUST00472,2022-11-07,66.91,Clothing
CUST00472,2024-03-15,277.79,Dining
CUST00472,2022-11-15,9.09,Dining
CUST00472,2022-12-13,14.19,Clothing
CUST00472,2024-01-26,98.98,Grocery
CUST00472,2024-08-06,38.92,Grocery
CUST00472,2024-06-22,90.77,Dining
CUST00472,2024-10-17,10.84,Clothing
CUST00472,2023-12-22,12.04,Clothing
CUST00472,2024-05-17,21.01,Electronics
CUST00472,2024-03-06,5.72,Travel
CUST00472,2024-03-01,131.06,Clothing
CUST00472,2025-06-13,60.61,Electronics
CUST00472,2023-01-23,82.07,Clothing
CUST00472,2024-01-19,143.56,Electronics
CUST00472,2025-05-10,21.66,Grocery
CUST00472,2023-11-22,337.62,Electronics
CUST00472,2023-09-18,15.12,Clothing
CUST00472,2024-03-24,19.33,Dining
CUST00472,2024-03-18,38.97,Dining
CUST00472,2024-05-10,168.39,Clothing
CUST00472,2024-06-05,67.52,Electronics
CUST00472,2024-02-20,169.48,Clothing
CUST00472,2025-07-13,221.68,Electronics
CUST00472,2025-01-06,143.46,Grocery
CUST00472,2022-12-14,49.28,Grocery
CUST00472,2025-02-13,187.86,Grocery
CUST00472,2024-10-26,152.04,Electronics
CUST00472,2024-08-11,226.69,Travel
CUST00472,2023-11-21,215.02,Grocery
CUST00472,2025-02-23,111.97,Travel
CUST00472,2023-10-29,13.31,Clothing
CUST00472,2022-12-06,47.38,Clothing
CUST00472,2024-11-18,6.9,Grocery
CUST00472,2023-04-18,58.6,Clothing
CUST00472,2023-10-22,7.07,Dining
CUST00472,2022-11-12,54.5,Travel
CUST00472,2023-03-30,114.33,Dining
CUST00472,2025-07-04,264.56,Dining
CUST00472,2023-06-23,128.31,Travel
CUST00472,2023-12-19,50.68,Grocery
CUST00472,2024-02-27,50.43,Clothing
CUST00472,2025-01-16,21.87,Grocery
CUST00472,2025-07-08,225.57,Clothing
CUST00472,2025-05-24,178.71,Travel
CUST00472,2024-03-01,56.08,Dining
CUST00472,2025-06-07,33.5,Clothing
CUST00472,2023-01-14,121.21,Travel
CUST00472,2025-06-12,58.54,Grocery
CUST00472,2024-10-06,219.62,Electronics
CUST00472,2024-02-10,111.11,Electronics
CUST00472,2023-05-15,24.9,Dining
CUST00472,2024-05-20,104.2,Grocery
CUST00473,2025-08-01,16.75,Electronics
CUST00473,2025-06-15,198.84,Travel
CUST00473,2023-06-09,83.45,Grocery
CUST00473,2024-04-20,17.47,Clothing
CUST00473,2025-05-14,13.71,Grocery
CUST00473,2025-04-18,62.55,Dining
CUST00473,2024-03-08,136.89,Grocery
CUST00473,2025-03-15,164.57,Grocery
CUST00473,2024-11-20,20.75,Dining
CUST00473,2023-04-14,48.67,Grocery
CUST00473,2024-01-02,124.07,Grocery
CUST00473,2024-10-12,7.27,Grocery
CUST00473,2023-08-16,60.14,Dining
CUST00473,2023-06-16,16.73,Travel
CUST00473,2023-03-31,49.32,Dining
CUST00473,2025-04-08,41.85,Clothing
CUST00473,2023-05-04,107.42,Clothing
CUST00473,2023-10-14,102.84,Clothing
CUST00473,2024-05-03,60.24,Travel
CUST00473,2024-07-04,22.64,Grocery
CUST00473,2024-07-01,26.48,Clothing
CUST00473,2023-12-03,116.39,Grocery
CUST00473,2023-10-19,85.89,Clothing
CUST00473,2024-04-25,47.46,Travel
CUST00473,2024-02-07,179.23,Electronics
CUST00473,2024-03-15,17.26,Clothing
CUST00473,2025-02-15,210.78,Clothing
CUST00473,2024-07-08,8.93,Dining
CUST00473,2023-07-13,9.78,Dining
CUST00473,2025-02-13,6.95,Travel
CUST00473,2023-12-14,63.19,Electronics
CUST00473,2025-04-29,24.22,Dining
CUST00473,2024-10-26,109.35,Clothing
CUST00473,2023-07-28,5.91,Dining
CUST00473,2024-02-11,146.43,Clothing
CUST00473,2023-10-15,40.35,Grocery
CUST00473,2023-05-23,28.02,Grocery
CUST00473,2023-04-17,117.41,Electronics
CUST00473,2023-04-25,162.36,Grocery
CUST00473,2024-02-24,34.28,Clothing
CUST00473,2023-06-30,14.65,Grocery
CUST00473,2024-01-23,76.19,Electronics
CUST00473,2024-09-25,73.81,Clothing
CUST00473,2023-06-03,113.39,Travel
CUST00473,2023-10-16,120.37,Electronics
CUST00473,2023-10-24,101.73,Travel
CUST00473,2024-08-01,18.75,Clothing
CUST00473,2024-11-20,94.22,Travel
CUST00473,2025-07-09,22.14,Travel
CUST00473,2024-10-10,12.03,Electronics
CUST00473,2023-12-01,153.56,Grocery
CUST00473,2023-08-05,82.21,Clothing
CUST00473,2024-09-06,45.42,Travel
CUST00473,2023-04-11,35.74,Dining
CUST00473,2025-01-02,62.66,Electronics
CUST00473,2025-06-23,23.67,Travel
CUST00473,2024-09-13,22.85,Dining
CUST00473,2024-03-31,55.82,Clothing
CUST00473,2024-06-05,62.72,Dining
CUST00473,2025-03-10,36.63,Dining
CUST00473,2024-06-14,6.85,Clothing
CUST00473,2023-10-22,55.78,Clothing
CUST00473,2023-10-25,67.88,Grocery
CUST00473,2023-05-17,101.0,Clothing
CUST00473,2025-01-12,51.14,Grocery
CUST00473,2024-06-02,80.45,Electronics
CUST00473,2024-06-29,44.53,Electronics
CUST00473,2023-10-29,12.22,Grocery
CUST00473,2024-03-03,98.51,Dining
CUST00473,2025-01-20,40.16,Clothing
CUST00473,2023-11-17,148.32,Travel
CUST00473,2025-07-22,153.88,Dining
CUST00473,2024-02-26,15.4,Grocery
CUST00473,2024-10-04,29.63,Clothing
CUST00473,2024-07-22,243.34,Dining
CUST00473,2024-12-12,80.98,Electronics
CUST00473,2023-09-26,103.33,Electronics
CUST00473,2024-10-09,46.08,Clothing
CUST00473,2024-11-26,96.33,Travel
CUST00473,2023-10-16,87.77,Clothing
CUST00473,2024-06-18,9.46,Grocery
CUST00473,2025-01-24,15.67,Grocery
CUST00473,2024-07-17,17.84,Dining
CUST00473,2024-04-14,75.41,Travel
CUST00473,2023-08-03,35.65,Grocery
CUST00473,2023-10-07,116.28,Dining
CUST00473,2023-11-24,77.95,Electronics
CUST00473,2024-03-18,259.16,Grocery
CUST00473,2024-07-21,61.7,Electronics
CUST00473,2024-03-27,99.05,Travel
CUST00473,2025-02-18,105.44,Electronics
CUST00473,2023-08-12,260.95,Electronics
CUST00473,2023-11-19,14.91,Clothing
CUST00473,2024-12-27,276.3,Clothing
CUST00473,2024-02-16,14.91,Dining
CUST00473,2023-09-02,95.51,Travel
CUST00473,2023-05-17,32.57,Clothing
CUST00474,2025-06-10,36.38,Grocery
CUST00474,2024-11-03,173.42,Electronics
CUST00474,2025-01-16,46.6,Dining
CUST00474,2024-08-10,5.31,Travel
CUST00474,2024-12-17,13.57,Clothing
CUST00474,2024-09-13,63.86,Grocery
CUST00474,2025-07-22,40.54,Grocery
CUST00474,2024-07-14,67.86,Grocery
CUST00474,2025-01-10,36.05,Travel
CUST00474,2025-05-31,64.46,Grocery
CUST00474,2024-11-16,15.16,Dining
CUST00474,2025-06-03,16.56,Grocery
CUST00474,2025-06-20,39.91,Electronics
CUST00474,2024-10-07,198.86,Dining
CUST00474,2025-03-05,99.9,Grocery
CUST00474,2024-12-17,46.46,Dining
CUST00474,2025-04-28,28.41,Dining
CUST00474,2024-10-03,25.35,Grocery
CUST00474,2024-08-14,48.08,Electronics
CUST00474,2025-06-13,85.61,Travel
CUST00474,2024-10-30,14.89,Dining
CUST00474,2025-06-04,36.57,Travel
CUST00474,2025-01-06,46.47,Clothing
CUST00474,2024-08-27,54.15,Grocery
CUST00474,2025-02-17,46.62,Clothing
CUST00474,2024-07-29,260.88,Clothing
CUST00474,2024-11-22,46.99,Grocery
CUST00474,2024-09-27,23.28,Dining
CUST00474,2025-02-18,7.51,Travel
CUST00474,2024-09-16,53.6,Dining
CUST00474,2024-11-16,11.39,Dining
CUST00474,2024-11-03,8.89,Dining
CUST00474,2025-06-17,166.99,Grocery
CUST00474,2024-10-20,20.39,Clothing
CUST00474,2025-01-02,127.99,Grocery
CUST00474,2024-08-09,17.37,Clothing
CUST00474,2024-08-07,70.74,Electronics
CUST00474,2024-07-18,11.85,Clothing
CUST00474,2025-03-04,9.14,Travel
CUST00474,2025-03-21,46.33,Grocery
CUST00474,2024-10-02,131.79,Electronics
CUST00474,2024-11-03,263.84,Clothing
CUST00474,2024-08-13,47.06,Dining
CUST00474,2025-06-28,79.14,Dining
CUST00474,2025-05-20,172.26,Dining
CUST00474,2024-11-12,31.17,Grocery
CUST00474,2025-04-02,38.57,Electronics
CUST00474,2025-07-11,123.1,Travel
CUST00474,2025-05-03,23.16,Clothing
CUST00474,2025-03-20,48.47,Grocery
CUST00474,2025-05-06,36.14,Travel
CUST00474,2025-05-17,75.2,Electronics
CUST00474,2024-07-29,11.09,Electronics
CUST00474,2025-01-04,33.92,Travel
CUST00474,2024-11-24,19.11,Electronics
CUST00474,2024-11-08,198.09,Electronics
CUST00474,2024-12-01,16.21,Clothing
CUST00474,2025-07-10,29.9,Travel
CUST00474,2024-09-30,77.45,Travel
CUST00474,2025-06-29,178.84,Dining
CUST00474,2025-07-29,6.65,Dining
CUST00474,2025-04-21,37.94,Travel
CUST00474,2024-12-11,39.26,Grocery
CUST00474,2025-03-20,149.54,Dining
CUST00474,2025-05-14,285.96,Travel
CUST00474,2025-05-28,38.54,Travel
CUST00474,2025-07-12,42.08,Electronics
CUST00474,2024-11-26,16.87,Grocery
CUST00474,2024-10-15,114.96,Travel
CUST00474,2024-09-30,186.76,Travel
CUST00474,2025-06-10,76.64,Clothing
CUST00474,2024-12-12,187.19,Travel
CUST00474,2025-08-01,42.43,Grocery
CUST00474,2024-12-06,203.69,Travel
CUST00474,2024-08-29,63.73,Grocery
CUST00474,2024-11-10,102.84,Electronics
CUST00474,2025-02-08,56.06,Travel
CUST00474,2025-01-29,50.58,Dining
CUST00474,2025-03-30,74.48,Travel
CUST00474,2025-03-01,197.76,Electronics
CUST00474,2024-10-13,192.02,Grocery
CUST00474,2025-06-29,373.73,Grocery
CUST00474,2024-08-05,30.09,Electronics
CUST00474,2025-04-18,58.28,Clothing
CUST00474,2025-07-13,128.78,Grocery
CUST00474,2024-07-30,43.78,Electronics
CUST00474,2024-08-12,17.13,Clothing
CUST00474,2025-06-29,30.87,Travel
CUST00474,2024-08-29,86.63,Electronics
CUST00474,2025-01-07,113.69,Clothing
CUST00474,2025-06-20,15.66,Electronics
CUST00474,2024-11-18,62.98,Grocery
CUST00474,2025-06-12,38.91,Travel
CUST00474,2024-11-17,157.65,Clothing
CUST00474,2025-03-25,57.47,Travel
CUST00475,2025-01-29,18.66,Travel
CUST00475,2025-04-04,6.83,Travel
CUST00475,2025-04-30,13.91,Clothing
CUST00475,2025-03-14,13.65,Dining
CUST00475,2025-05-06,11.81,Clothing
CUST00475,2025-06-08,65.56,Electronics
CUST00475,2025-04-23,36.96,Dining
CUST00475,2025-04-17,74.98,Travel
CUST00475,2025-06-13,209.47,Travel
CUST00475,2025-02-17,553.28,Dining
CUST00475,2025-02-23,124.18,Travel
CUST00475,2025-02-20,74.15,Clothing
CUST00475,2025-03-21,28.02,Grocery
CUST00475,2025-04-19,128.21,Dining
CUST00475,2025-04-05,39.58,Clothing
CUST00475,2025-07-23,78.63,Travel
CUST00475,2025-05-18,86.19,Travel
CUST00475,2025-03-25,189.55,Dining
CUST00475,2025-03-05,6.44,Clothing
CUST00475,2025-03-31,69.55,Electronics
CUST00475,2025-06-15,74.48,Grocery
CUST00475,2025-05-15,60.02,Electronics
CUST00475,2025-05-14,40.38,Travel
CUST00475,2025-04-18,122.59,Travel
CUST00475,2025-06-30,149.48,Dining
CUST00475,2025-02-23,15.34,Dining
CUST00475,2025-04-03,268.81,Grocery
CUST00475,2025-02-12,33.58,Electronics
CUST00475,2025-06-10,92.27,Dining
CUST00475,2025-04-16,55.92,Travel
CUST00475,2025-02-05,10.46,Dining
CUST00475,2025-02-23,71.58,Electronics
CUST00475,2025-07-05,18.22,Grocery
CUST00475,2025-04-23,102.06,Grocery
CUST00475,2025-02-13,167.33,Dining
CUST00475,2025-07-21,108.09,Clothing
CUST00475,2025-01-23,139.9,Travel
CUST00475,2025-02-06,11.31,Grocery
CUST00475,2025-03-01,186.28,Electronics
CUST00475,2025-05-10,16.5,Clothing
CUST00475,2025-06-05,13.56,Grocery
CUST00475,2025-05-13,17.29,Electronics
CUST00475,2025-05-16,160.75,Travel
CUST00475,2025-01-01,74.79,Grocery
CUST00475,2025-04-11,19.51,Grocery
CUST00475,2025-01-08,18.06,Dining
CUST00475,2025-05-27,56.75,Travel
CUST00475,2025-04-20,164.42,Grocery
CUST00475,2025-02-01,359.65,Travel
CUST00475,2025-02-25,12.29,Grocery
CUST00475,2025-04-03,20.81,Dining
CUST00475,2025-01-13,92.02,Grocery
CUST00475,2025-03-25,64.2,Grocery
CUST00475,2025-04-08,197.53,Grocery
CUST00475,2025-06-08,80.43,Electronics
CUST00475,2025-06-20,53.2,Grocery
CUST00475,2025-01-14,77.53,Clothing
CUST00475,2025-03-19,31.49,Grocery
CUST00475,2025-03-18,9.5,Electronics
CUST00475,2024-12-26,22.06,Grocery
CUST00475,2025-05-10,19.61,Travel
CUST00475,2025-05-27,35.4,Dining
CUST00475,2025-01-16,12.14,Dining
CUST00475,2025-06-15,98.45,Grocery
CUST00475,2025-06-02,46.16,Electronics
CUST00475,2025-01-01,158.41,Clothing
CUST00475,2025-05-10,28.21,Travel
CUST00475,2025-07-11,47.27,Electronics
CUST00475,2025-05-14,36.01,Clothing
CUST00475,2025-05-11,215.8,Clothing
CUST00475,2025-02-23,45.34,Travel
CUST00475,2025-07-11,125.92,Travel
CUST00475,2025-04-09,144.83,Clothing
CUST00475,2025-03-11,144.03,Travel
CUST00475,2025-06-04,40.6,Electronics
CUST00475,2025-04-03,22.43,Dining
CUST00475,2025-07-10,15.04,Clothing
CUST00475,2025-02-12,104.18,Electronics
CUST00475,2025-02-19,146.4,Dining
CUST00475,2025-03-31,55.06,Clothing
CUST00475,2024-12-24,76.5,Dining
CUST00475,2025-07-09,22.21,Grocery
CUST00475,2025-03-06,15.93,Electronics
CUST00475,2025-07-21,50.13,Dining
CUST00475,2025-06-24,60.49,Clothing
CUST00475,2025-03-14,109.41,Grocery
CUST00475,2025-05-13,119.16,Travel
CUST00475,2025-04-06,184.54,Clothing
CUST00475,2025-07-30,63.25,Clothing
CUST00475,2025-06-11,116.14,Travel
CUST00475,2025-01-17,53.45,Dining
CUST00475,2025-04-07,256.5,Grocery
CUST00475,2025-03-31,67.81,Electronics
CUST00475,2025-03-18,30.28,Grocery
CUST00475,2025-04-28,65.13,Dining
CUST00475,2025-04-16,7.53,Grocery
CUST00475,2025-03-09,15.29,Grocery
CUST00475,2025-03-26,11.29,Clothing
CUST00475,2025-04-13,271.7,Grocery
CUST00475,2025-06-09,35.64,Grocery
CUST00475,2025-05-13,42.7,Electronics
CUST00475,2025-02-22,238.23,Grocery
CUST00475,2024-12-28,153.49,Electronics
CUST00475,2025-03-13,10.52,Grocery
CUST00475,2025-01-29,298.11,Clothing
CUST00476,2024-12-10,34.3,Travel
CUST00476,2024-11-19,124.86,Clothing
CUST00476,2025-03-02,12.19,Travel
CUST00476,2024-11-23,80.77,Travel
CUST00476,2024-12-18,62.29,Electronics
CUST00476,2025-03-26,137.35,Electronics
CUST00476,2024-12-27,45.91,Grocery
CUST00476,2024-09-21,58.63,Travel
CUST00476,2025-05-24,13.99,Grocery
CUST00476,2024-11-29,212.43,Electronics
CUST00476,2025-04-01,31.41,Grocery
CUST00476,2024-12-07,11.48,Grocery
CUST00476,2025-02-18,54.58,Grocery
CUST00476,2024-12-19,9.69,Electronics
CUST00476,2025-05-14,43.23,Grocery
CUST00476,2025-06-01,12.44,Clothing
CUST00476,2025-01-15,61.76,Travel
CUST00476,2024-11-30,235.08,Electronics
CUST00476,2025-03-12,73.23,Dining
CUST00476,2025-05-09,72.72,Clothing
CUST00476,2025-06-26,63.35,Clothing
CUST00476,2024-12-07,40.61,Clothing
CUST00476,2025-07-15,29.24,Travel
CUST00476,2025-07-26,76.36,Dining
CUST00476,2024-10-06,8.93,Clothing
CUST00476,2025-07-04,43.14,Dining
CUST00476,2025-04-07,62.41,Grocery
CUST00476,2025-06-28,35.78,Dining
CUST00476,2024-12-13,34.24,Clothing
CUST00476,2025-07-19,61.91,Electronics
CUST00476,2025-02-18,47.05,Clothing
CUST00476,2025-01-29,152.68,Clothing
CUST00476,2025-03-20,127.71,Dining
CUST00476,2025-04-19,17.09,Clothing
CUST00476,2024-11-29,67.79,Electronics
CUST00476,2025-01-18,75.09,Clothing
CUST00476,2024-10-31,95.6,Clothing
CUST00476,2025-07-16,248.12,Dining
CUST00476,2025-01-29,102.23,Travel
CUST00476,2025-06-07,70.63,Travel
CUST00476,2025-04-28,30.06,Electronics
CUST00476,2024-12-16,83.66,Electronics
CUST00476,2025-06-02,135.19,Grocery
CUST00476,2025-02-10,33.09,Dining
CUST00476,2024-12-05,6.68,Electronics
CUST00476,2025-04-11,64.37,Dining
CUST00476,2024-12-31,30.22,Travel
CUST00476,2024-11-11,122.78,Dining
CUST00476,2025-04-10,142.89,Travel
CUST00476,2024-10-10,102.8,Dining
CUST00476,2025-06-14,89.7,Grocery
CUST00476,2025-04-16,77.9,Travel
CUST00476,2024-11-21,121.32,Electronics
CUST00476,2025-02-14,115.37,Dining
CUST00476,2025-03-29,45.58,Dining
CUST00476,2024-12-18,84.34,Electronics
CUST00476,2025-04-16,60.48,Grocery
CUST00476,2025-01-14,49.76,Travel
CUST00476,2024-12-19,28.88,Electronics
CUST00476,2025-07-06,44.85,Clothing
CUST00476,2025-03-21,74.91,Electronics
CUST00476,2025-01-22,44.79,Grocery
CUST00476,2025-07-27,7.32,Electronics
CUST00476,2025-03-12,30.13,Clothing
CUST00476,2025-02-22,69.16,Dining
CUST00476,2025-01-16,9.86,Dining
CUST00476,2025-02-07,28.73,Electronics
CUST00476,2024-12-27,28.6,Dining
CUST00476,2024-12-27,33.83,Dining
CUST00476,2024-10-20,200.48,Electronics
CUST00476,2025-07-02,62.99,Grocery
CUST00476,2024-12-26,72.63,Grocery
CUST00476,2025-02-06,17.12,Dining
CUST00476,2025-07-03,242.85,Grocery
CUST00476,2024-10-05,60.89,Electronics
CUST00476,2025-04-25,68.23,Electronics
CUST00476,2024-11-09,56.83,Travel
CUST00476,2024-12-15,54.89,Electronics
CUST00476,2025-03-15,107.06,Electronics
CUST00476,2025-06-04,44.77,Dining
CUST00476,2025-07-22,27.65,Clothing
CUST00476,2024-11-14,97.33,Electronics
CUST00476,2025-01-02,89.68,Electronics
CUST00476,2024-11-05,23.45,Dining
CUST00476,2025-04-30,45.56,Clothing
CUST00476,2025-03-09,214.63,Travel
CUST00476,2024-12-21,251.48,Dining
CUST00476,2024-09-27,15.47,Grocery
CUST00476,2025-03-09,61.44,Travel
CUST00476,2024-11-13,75.53,Electronics
CUST00476,2025-06-11,49.75,Electronics
CUST00476,2024-10-02,106.81,Grocery
CUST00476,2025-06-07,19.44,Dining
CUST00476,2025-07-05,121.67,Electronics
CUST00476,2025-06-29,37.42,Travel
CUST00476,2025-06-15,12.11,Electronics
CUST00476,2025-05-08,24.64,Travel
CUST00476,2025-02-12,122.31,Electronics
CUST00476,2025-02-23,61.75,Grocery
CUST00476,2025-04-05,153.65,Travel
CUST00476,2024-09-25,58.08,Grocery
CUST00476,2025-02-26,35.6,Travel
CUST00477,2024-04-20,35.65,Clothing
CUST00477,2024-04-06,219.47,Clothing
CUST00477,2025-07-22,50.32,Grocery
CUST00477,2024-07-13,47.22,Grocery
CUST00477,2024-12-08,5.81,Electronics
CUST00477,2024-09-01,7.37,Travel
CUST00477,2024-07-07,137.44,Travel
CUST00477,2025-03-14,146.18,Electronics
CUST00477,2025-01-04,50.45,Electronics
CUST00477,2025-07-06,18.94,Dining
CUST00477,2025-07-18,149.86,Electronics
CUST00477,2024-09-09,8.51,Electronics
CUST00477,2025-07-12,47.82,Clothing
CUST00477,2024-09-19,33.22,Electronics
CUST00477,2024-11-20,173.58,Electronics
CUST00477,2024-03-05,126.92,Electronics
CUST00477,2024-08-24,54.58,Travel
CUST00477,2025-07-07,61.93,Clothing
CUST00477,2024-05-27,101.91,Clothing
CUST00477,2024-04-09,26.18,Grocery
CUST00477,2024-09-15,12.5,Clothing
CUST00477,2024-06-07,303.86,Grocery
CUST00477,2024-02-19,24.58,Dining
CUST00477,2024-02-27,11.89,Travel
CUST00477,2024-03-04,108.55,Electronics
CUST00477,2025-07-25,15.68,Dining
CUST00477,2024-04-09,63.45,Grocery
CUST00477,2025-01-11,81.34,Dining
CUST00477,2024-12-03,44.72,Travel
CUST00477,2024-07-24,38.94,Travel
CUST00477,2024-04-04,43.12,Dining
CUST00477,2024-12-09,144.09,Travel
CUST00477,2024-12-01,40.9,Grocery
CUST00477,2024-07-28,36.09,Clothing
CUST00477,2025-03-26,33.14,Dining
CUST00477,2024-06-26,115.05,Travel
CUST00477,2025-05-26,298.73,Electronics
CUST00477,2025-07-06,26.07,Dining
CUST00477,2024-07-07,121.23,Clothing
CUST00477,2024-05-24,5.04,Travel
CUST00477,2024-04-18,109.03,Clothing
CUST00477,2024-05-20,85.66,Electronics
CUST00477,2024-02-23,35.44,Electronics
CUST00477,2024-10-28,45.91,Grocery
CUST00477,2024-03-07,84.15,Electronics
CUST00477,2025-05-23,15.13,Grocery
CUST00477,2025-06-05,5.53,Dining
CUST00477,2024-07-01,107.32,Travel
CUST00477,2025-05-04,66.08,Dining
CUST00477,2024-05-03,23.62,Dining
CUST00477,2025-02-19,6.9,Grocery
CUST00477,2025-04-21,88.83,Travel
CUST00477,2024-04-19,6.84,Grocery
CUST00477,2025-03-27,9.25,Electronics
CUST00477,2024-02-29,84.66,Grocery
CUST00477,2024-12-10,28.9,Travel
CUST00477,2024-10-16,109.74,Electronics
CUST00477,2024-07-02,7.53,Travel
CUST00477,2025-06-15,149.07,Travel
CUST00477,2025-07-12,33.15,Travel
CUST00477,2025-06-22,15.69,Grocery
CUST00477,2025-06-03,43.82,Dining
CUST00477,2024-11-25,189.41,Dining
CUST00477,2024-10-09,20.68,Grocery
CUST00477,2024-06-17,12.79,Electronics
CUST00477,2025-03-15,43.87,Grocery
CUST00477,2025-07-23,59.2,Dining
CUST00477,2024-08-31,101.57,Dining
CUST00477,2024-05-19,110.83,Travel
CUST00477,2024-03-02,25.54,Clothing
CUST00477,2025-07-16,66.95,Dining
CUST00477,2024-07-28,93.59,Dining
CUST00477,2024-06-03,28.07,Travel
CUST00477,2024-03-27,42.71,Electronics
CUST00477,2024-10-20,98.99,Grocery
CUST00477,2024-03-22,35.98,Travel
CUST00477,2024-11-24,191.19,Electronics
CUST00477,2025-02-22,315.21,Grocery
CUST00477,2025-03-09,13.04,Grocery
CUST00477,2025-02-22,49.51,Travel
CUST00477,2025-07-05,44.88,Grocery
CUST00477,2024-02-29,124.92,Clothing
CUST00477,2024-11-08,48.53,Electronics
CUST00477,2024-03-02,70.94,Clothing
CUST00477,2024-10-26,109.49,Travel
CUST00477,2025-02-20,142.69,Clothing
CUST00477,2024-09-14,28.29,Clothing
CUST00477,2025-05-10,370.15,Clothing
CUST00477,2024-09-22,288.37,Clothing
CUST00477,2024-08-12,88.4,Travel
CUST00477,2024-07-14,209.98,Clothing
CUST00477,2024-09-22,45.84,Clothing
CUST00477,2024-05-10,25.65,Dining
CUST00477,2024-10-05,103.67,Electronics
CUST00477,2024-10-13,108.24,Grocery
CUST00478,2022-06-09,7.22,Travel
CUST00478,2024-06-04,134.31,Travel
CUST00478,2024-10-28,22.41,Dining
CUST00478,2024-11-26,55.72,Travel
CUST00478,2024-09-21,27.07,Electronics
CUST00478,2024-11-26,274.21,Clothing
CUST00478,2023-05-15,178.64,Clothing
CUST00478,2024-05-04,81.21,Grocery
CUST00478,2025-01-25,25.02,Grocery
CUST00478,2024-05-09,29.79,Electronics
CUST00478,2024-10-17,43.93,Electronics
CUST00478,2022-10-22,137.96,Electronics
CUST00478,2023-04-18,106.0,Electronics
CUST00478,2024-01-18,34.74,Travel
CUST00478,2024-03-05,52.21,Travel
CUST00478,2022-11-09,46.94,Dining
CUST00478,2025-06-27,48.73,Electronics
CUST00478,2022-06-15,16.24,Dining
CUST00478,2024-09-21,43.84,Travel
CUST00478,2025-02-05,28.96,Electronics
CUST00478,2024-12-10,105.25,Travel
CUST00478,2024-06-25,49.53,Grocery
CUST00478,2025-02-14,46.54,Electronics
CUST00478,2024-04-07,46.79,Dining
CUST00478,2024-08-01,13.57,Travel
CUST00478,2023-03-14,145.46,Electronics
CUST00478,2022-02-12,63.32,Travel
CUST00478,2024-07-16,34.13,Electronics
CUST00478,2024-02-17,67.83,Grocery
CUST00478,2024-03-22,64.34,Electronics
CUST00478,2023-04-17,150.65,Grocery
CUST00478,2025-02-18,230.73,Travel
CUST00478,2022-07-06,109.32,Grocery
CUST00478,2024-01-07,65.88,Travel
CUST00478,2025-02-21,157.96,Electronics
CUST00478,2023-11-04,84.74,Clothing
CUST00478,2023-08-16,48.43,Grocery
CUST00478,2022-05-12,90.91,Dining
CUST00478,2023-11-26,123.45,Travel
CUST00478,2023-10-19,37.01,Grocery
CUST00478,2024-03-07,25.59,Grocery
CUST00478,2025-06-25,100.7,Clothing
CUST00478,2022-06-17,73.98,Clothing
CUST00478,2024-10-11,58.35,Clothing
CUST00478,2022-03-08,129.72,Clothing
CUST00478,2023-06-26,20.02,Grocery
CUST00478,2022-08-27,43.69,Clothing
CUST00478,2024-03-20,39.29,Dining
CUST00478,2022-08-24,68.11,Dining
CUST00478,2024-04-01,19.87,Grocery
CUST00478,2024-05-09,149.01,Dining
CUST00478,2024-03-27,65.2,Clothing
CUST00478,2023-07-08,43.4,Grocery
CUST00478,2023-04-18,149.33,Dining
CUST00478,2025-06-18,81.86,Clothing
CUST00478,2025-03-04,47.2,Clothing
CUST00478,2023-11-01,52.66,Dining
CUST00478,2022-05-17,19.0,Grocery
CUST00478,2023-12-10,19.98,Electronics
CUST00478,2025-03-02,17.42,Grocery
CUST00478,2023-08-10,75.48,Electronics
CUST00478,2023-12-11,108.78,Grocery
CUST00478,2022-12-01,51.95,Dining
CUST00478,2025-03-01,21.35,Grocery
CUST00478,2024-12-27,124.94,Dining
CUST00478,2023-11-14,164.49,Electronics
CUST00478,2022-07-20,11.15,Electronics
CUST00478,2024-09-12,6.26,Travel
CUST00478,2022-10-08,28.46,Clothing
CUST00478,2025-07-10,83.44,Clothing
CUST00478,2024-04-03,42.02,Travel
CUST00478,2024-09-03,46.81,Travel
CUST00478,2023-11-04,72.27,Electronics
CUST00478,2024-04-29,91.59,Travel
CUST00478,2022-05-31,112.21,Clothing
CUST00478,2024-01-11,390.68,Grocery
CUST00478,2025-07-08,193.99,Dining
CUST00478,2025-01-18,42.79,Electronics
CUST00478,2022-08-09,121.68,Clothing
CUST00478,2024-09-22,13.89,Electronics
CUST00478,2024-05-05,6.29,Electronics
CUST00478,2022-08-15,132.86,Electronics
CUST00478,2024-06-26,7.27,Electronics
CUST00478,2024-02-05,304.32,Travel
CUST00478,2022-03-01,14.1,Dining
CUST00478,2022-02-16,65.84,Dining
CUST00478,2022-12-30,31.07,Grocery
CUST00478,2023-02-26,124.96,Grocery
CUST00478,2022-03-24,206.68,Travel
CUST00478,2022-09-27,67.55,Grocery
CUST00478,2024-10-13,230.55,Dining
CUST00478,2024-12-23,71.73,Dining
CUST00478,2023-07-27,34.6,Travel
CUST00478,2024-04-30,25.38,Travel
CUST00478,2023-05-23,53.62,Grocery
CUST00478,2023-09-08,169.74,Dining
CUST00478,2024-03-03,183.81,Electronics
CUST00478,2023-06-27,23.53,Electronics
CUST00478,2022-06-24,7.94,Electronics
CUST00478,2024-04-05,20.08,Clothing
CUST00478,2024-10-20,34.11,Grocery
CUST00478,2025-07-04,49.85,Grocery
CUST00478,2024-03-19,47.41,Electronics
CUST00478,2022-03-29,19.59,Dining
CUST00478,2022-09-12,9.92,Clothing
CUST00478,2024-09-19,94.76,Dining
CUST00478,2022-12-20,16.64,Electronics
CUST00478,2025-03-29,10.15,Grocery
CUST00478,2022-02-24,83.07,Travel
CUST00478,2023-07-21,239.69,Clothing
CUST00478,2025-03-22,103.96,Clothing
CUST00478,2022-09-29,90.72,Grocery
CUST00478,2022-09-20,65.01,Travel
CUST00478,2025-03-26,15.56,Travel
CUST00478,2025-01-20,99.43,Travel
CUST00479,2025-04-23,17.02,Electronics
CUST00479,2024-12-23,105.9,Dining
CUST00479,2025-04-02,12.35,Electronics
CUST00479,2025-06-02,47.36,Grocery
CUST00479,2025-03-20,27.2,Clothing
CUST00479,2025-06-16,107.03,Clothing
CUST00479,2024-12-24,196.92,Clothing
CUST00479,2025-05-12,20.68,Electronics
CUST00479,2025-03-01,10.7,Dining
CUST00479,2025-03-21,118.92,Clothing
CUST00479,2025-03-24,165.68,Grocery
CUST00479,2025-03-03,59.1,Electronics
CUST00479,2025-01-08,77.88,Grocery
CUST00479,2025-05-02,41.76,Clothing
CUST00479,2025-07-01,40.28,Clothing
CUST00479,2025-06-03,153.25,Travel
CUST00479,2025-04-25,114.83,Electronics
CUST00479,2025-01-01,97.92,Clothing
CUST00479,2025-04-30,11.99,Clothing
CUST00479,2025-06-25,11.25,Dining
CUST00479,2025-06-13,8.39,Dining
CUST00479,2025-02-20,70.27,Clothing
CUST00479,2025-07-15,114.57,Dining
CUST00479,2025-04-29,200.54,Dining
CUST00479,2024-12-28,11.11,Electronics
CUST00479,2025-02-19,33.22,Clothing
CUST00479,2025-02-03,7.2,Electronics
CUST00479,2025-04-20,76.72,Clothing
CUST00479,2025-04-29,125.52,Electronics
CUST00479,2025-01-05,131.04,Clothing
CUST00479,2025-05-08,29.46,Clothing
CUST00479,2025-04-15,60.37,Electronics
CUST00479,2025-01-16,141.09,Travel
CUST00479,2025-01-11,35.23,Clothing
CUST00479,2025-07-15,384.83,Electronics
CUST00479,2025-02-03,155.96,Grocery
CUST00479,2025-02-03,51.51,Grocery
CUST00479,2025-02-19,125.06,Dining
CUST00479,2025-06-14,77.13,Grocery
CUST00479,2025-06-21,19.34,Grocery
CUST00479,2025-01-11,123.88,Clothing
CUST00479,2025-01-16,123.04,Clothing
CUST00479,2025-05-02,52.09,Grocery
CUST00479,2025-06-12,124.79,Electronics
CUST00479,2025-01-22,157.61,Electronics
CUST00479,2025-05-30,26.14,Grocery
CUST00479,2025-01-30,16.71,Clothing
CUST00479,2025-05-04,30.04,Electronics
CUST00479,2025-07-10,5.15,Clothing
CUST00479,2025-02-19,10.18,Grocery
CUST00479,2025-05-12,204.54,Grocery
CUST00479,2025-05-03,28.09,Clothing
CUST00479,2025-02-21,141.42,Clothing
CUST00479,2025-03-19,27.79,Dining
CUST00479,2025-07-25,14.49,Dining
CUST00479,2025-05-25,89.71,Electronics
CUST00479,2025-06-05,35.52,Grocery
CUST00479,2025-01-28,73.59,Dining
CUST00479,2025-01-28,25.5,Travel
CUST00479,2025-01-09,49.03,Dining
CUST00479,2025-01-20,79.73,Dining
CUST00479,2025-05-20,63.61,Dining
CUST00479,2025-04-17,98.78,Electronics
CUST00479,2025-03-04,118.19,Clothing
CUST00479,2025-04-02,13.37,Clothing
CUST00479,2025-05-20,229.52,Grocery
CUST00479,2025-01-19,186.38,Grocery
CUST00479,2025-05-21,58.19,Electronics
CUST00479,2025-03-19,296.57,Clothing
CUST00479,2025-02-06,14.03,Clothing
CUST00479,2025-03-15,33.47,Grocery
CUST00479,2025-03-18,87.17,Electronics
CUST00479,2025-05-22,79.17,Travel
CUST00479,2025-07-01,17.26,Travel
CUST00479,2025-04-21,49.76,Electronics
CUST00479,2025-01-14,54.37,Clothing
CUST00479,2025-06-11,16.29,Grocery
CUST00479,2025-06-10,202.99,Travel
CUST00479,2025-04-01,90.85,Dining
CUST00479,2025-05-09,91.65,Travel
CUST00479,2025-05-12,197.58,Clothing
CUST00479,2025-07-24,40.19,Travel
CUST00479,2024-12-24,9.03,Electronics
CUST00479,2025-05-14,13.07,Clothing
CUST00479,2025-01-23,129.07,Dining
CUST00479,2025-06-24,177.71,Grocery
CUST00479,2025-01-27,62.08,Clothing
CUST00479,2025-05-10,217.76,Electronics
CUST00479,2025-03-01,5.04,Clothing
CUST00479,2025-01-25,69.61,Grocery
CUST00479,2025-05-20,126.69,Electronics
CUST00479,2025-01-03,5.2,Clothing
CUST00479,2025-04-02,94.91,Travel
CUST00479,2025-02-01,31.82,Dining
CUST00479,2025-07-10,11.97,Electronics
CUST00479,2024-12-25,183.13,Grocery
CUST00479,2025-04-28,14.16,Electronics
CUST00479,2025-05-27,19.41,Electronics
CUST00479,2025-05-13,126.88,Clothing
CUST00479,2024-12-31,56.4,Travel
CUST00479,2025-01-05,8.63,Electronics
CUST00479,2025-03-22,11.31,Travel
CUST00479,2025-04-30,70.91,Grocery
CUST00479,2025-06-20,48.11,Dining
CUST00480,2023-06-27,47.72,Travel
CUST00480,2023-11-01,14.25,Grocery
CUST00480,2022-05-22,10.96,Grocery
CUST00480,2024-09-21,39.87,Clothing
CUST00480,2024-07-05,11.01,Grocery
CUST00480,2025-07-07,30.01,Travel
CUST00480,2022-11-03,101.63,Dining
CUST00480,2024-12-19,22.34,Grocery
CUST00480,2022-08-22,260.18,Electronics
CUST00480,2023-06-06,110.91,Travel
CUST00480,2024-01-09,186.14,Grocery
CUST00480,2024-05-19,18.19,Grocery
CUST00480,2024-02-16,110.61,Grocery
CUST00480,2023-06-12,77.3,Dining
CUST00480,2024-10-21,16.59,Travel
CUST00480,2024-04-15,146.8,Clothing
CUST00480,2024-01-19,55.31,Dining
CUST00480,2022-09-21,157.26,Electronics
CUST00480,2023-11-15,167.88,Electronics
CUST00480,2023-10-27,171.05,Travel
CUST00480,2025-05-14,16.89,Travel
CUST00480,2023-10-18,252.3,Travel
CUST00480,2024-07-04,87.06,Dining
CUST00480,2022-12-30,73.4,Dining
CUST00480,2022-06-06,156.19,Travel
CUST00480,2024-01-22,90.69,Dining
CUST00480,2025-05-18,17.57,Clothing
CUST00480,2022-03-10,66.58,Electronics
CUST00480,2023-08-19,116.72,Dining
CUST00480,2022-05-18,48.77,Electronics
CUST00480,2023-10-30,30.94,Travel
CUST00480,2023-08-16,46.99,Electronics
CUST00480,2022-03-30,136.7,Dining
CUST00480,2024-02-24,20.47,Dining
CUST00480,2023-03-10,130.57,Travel
CUST00480,2024-02-14,153.8,Clothing
CUST00480,2023-05-18,70.74,Travel
CUST00480,2025-05-28,76.94,Clothing
CUST00480,2024-01-23,37.0,Travel
CUST00480,2023-04-13,51.85,Travel
CUST00480,2023-01-01,146.04,Grocery
CUST00480,2022-10-20,69.9,Dining
CUST00480,2024-01-15,32.22,Dining
CUST00480,2024-03-18,23.95,Electronics
CUST00480,2024-01-16,186.15,Dining
CUST00480,2022-04-29,156.79,Dining
CUST00480,2022-11-19,55.19,Dining
CUST00480,2025-03-31,46.98,Dining
CUST00480,2024-07-29,29.64,Travel
CUST00480,2022-09-14,15.4,Dining
CUST00480,2024-10-19,112.25,Travel
CUST00480,2022-07-31,87.01,Travel
CUST00480,2024-10-16,21.57,Travel
CUST00480,2023-10-22,39.79,Electronics
CUST00480,2024-12-17,14.22,Electronics
CUST00480,2023-05-25,69.47,Travel
CUST00480,2022-07-17,151.11,Clothing
CUST00480,2025-06-08,45.97,Travel
CUST00480,2022-11-24,51.03,Electronics
CUST00480,2023-09-27,42.48,Travel
CUST00480,2024-06-05,20.88,Clothing
CUST00480,2024-02-01,75.82,Grocery
CUST00480,2022-11-24,179.51,Electronics
CUST00480,2022-12-07,21.69,Clothing
CUST00480,2024-03-31,275.1,Dining
CUST00480,2022-07-07,14.0,Clothing
CUST00480,2024-09-16,62.96,Electronics
CUST00480,2024-08-08,29.73,Clothing
CUST00480,2024-09-04,35.25,Electronics
CUST00480,2024-12-10,104.1,Dining
CUST00480,2022-05-13,146.54,Clothing
CUST00480,2022-05-27,45.26,Clothing
CUST00480,2024-09-12,90.73,Dining
CUST00480,2023-09-21,59.62,Grocery
CUST00480,2023-08-03,260.31,Clothing
CUST00480,2024-01-03,49.49,Clothing
CUST00480,2022-05-10,81.0,Grocery
CUST00480,2024-10-15,66.14,Grocery
CUST00480,2023-09-12,22.52,Travel
CUST00480,2023-01-05,9.77,Electronics
CUST00480,2023-01-12,104.74,Dining
CUST00480,2025-04-01,9.91,Travel
CUST00480,2023-12-25,108.08,Electronics
CUST00480,2024-10-25,184.08,Electronics
CUST00480,2023-01-01,46.12,Travel
CUST00480,2022-10-25,55.88,Electronics
CUST00480,2022-12-22,152.99,Electronics
CUST00480,2023-12-23,67.28,Electronics
CUST00480,2022-08-13,6.26,Travel
CUST00480,2024-01-20,52.15,Dining
CUST00480,2023-04-23,5.86,Travel
CUST00480,2025-03-19,83.64,Dining
CUST00480,2024-02-08,120.3,Travel
CUST00480,2023-12-16,26.23,Travel
CUST00480,2023-02-22,19.51,Grocery
CUST00480,2022-10-22,120.06,Grocery
CUST00480,2022-07-25,62.94,Dining
CUST00480,2024-04-03,17.23,Electronics
CUST00480,2022-03-11,151.91,Travel
CUST00481,2024-10-20,97.82,Travel
CUST00481,2024-07-21,281.8,Clothing
CUST00481,2024-07-23,37.89,Grocery
CUST00481,2025-03-02,37.41,Grocery
CUST00481,2025-05-23,215.39,Clothing
CUST00481,2024-05-19,100.33,Grocery
CUST00481,2024-11-12,9.0,Clothing
CUST00481,2025-03-16,71.74,Travel
CUST00481,2024-11-04,149.48,Grocery
CUST00481,2024-04-04,36.14,Clothing
CUST00481,2025-07-12,89.64,Electronics
CUST00481,2025-07-08,37.84,Clothing
CUST00481,2024-09-29,81.9,Electronics
CUST00481,2025-04-09,8.9,Electronics
CUST00481,2024-06-21,59.5,Electronics
CUST00481,2024-11-30,104.11,Clothing
CUST00481,2025-02-10,58.68,Electronics
CUST00481,2024-08-18,130.63,Grocery
CUST00481,2024-04-21,27.76,Clothing
CUST00481,2025-05-31,80.74,Electronics
CUST00481,2025-01-02,92.48,Grocery
CUST00481,2024-08-13,39.11,Dining
CUST00481,2025-01-23,15.63,Electronics
CUST00481,2025-05-23,68.65,Dining
CUST00481,2024-08-21,300.02,Travel
CUST00481,2025-02-28,76.39,Electronics
CUST00481,2024-10-01,190.26,Travel
CUST00481,2024-11-24,57.98,Travel
CUST00481,2024-07-15,46.05,Electronics
CUST00481,2024-07-12,263.01,Grocery
CUST00481,2024-05-11,121.73,Clothing
CUST00481,2024-11-04,24.14,Electronics
CUST00481,2025-05-09,114.49,Electronics
CUST00481,2025-06-23,75.76,Travel
CUST00481,2024-05-18,109.25,Travel
CUST00481,2024-04-27,108.46,Dining
CUST00481,2025-07-06,27.99,Travel
CUST00481,2024-08-07,21.59,Dining
CUST00481,2024-05-26,55.53,Travel
CUST00481,2025-02-27,13.96,Grocery
CUST00481,2024-10-12,40.03,Electronics
CUST00481,2024-10-09,13.37,Clothing
CUST00481,2024-11-13,25.1,Electronics
CUST00481,2024-10-01,28.06,Dining
CUST00481,2024-10-04,96.31,Grocery
CUST00481,2024-06-20,63.22,Travel
CUST00481,2024-07-01,18.55,Electronics
CUST00481,2024-04-16,152.3,Dining
CUST00481,2024-12-20,66.54,Dining
CUST00481,2025-01-11,90.63,Dining
CUST00481,2025-05-19,378.22,Clothing
CUST00481,2024-08-04,241.06,Clothing
CUST00481,2024-10-17,25.49,Clothing
CUST00481,2025-06-30,84.04,Dining
CUST00481,2024-04-14,68.77,Clothing
CUST00481,2024-08-12,138.06,Grocery
CUST00481,2024-10-04,36.62,Electronics
CUST00481,2025-06-09,128.82,Travel
CUST00481,2025-07-16,44.8,Travel
CUST00481,2024-06-21,11.76,Electronics
CUST00481,2024-11-06,175.02,Electronics
CUST00481,2025-01-04,355.14,Dining
CUST00481,2025-05-21,10.07,Dining
CUST00481,2024-09-17,99.65,Grocery
CUST00481,2024-07-24,435.48,Dining
CUST00481,2024-11-14,108.48,Travel
CUST00481,2024-11-04,169.13,Dining
CUST00481,2025-06-12,27.71,Dining
CUST00481,2024-09-26,49.44,Travel
CUST00481,2025-03-20,80.87,Grocery
CUST00481,2025-07-20,91.93,Grocery
CUST00481,2024-11-15,150.43,Dining
CUST00481,2025-02-24,80.36,Grocery
CUST00481,2025-04-19,129.6,Electronics
CUST00481,2024-07-27,121.67,Clothing
CUST00481,2024-04-17,150.09,Grocery
CUST00481,2024-07-08,124.41,Dining
CUST00481,2024-07-14,66.0,Travel
CUST00481,2024-08-21,70.21,Travel
CUST00481,2025-03-29,387.49,Grocery
CUST00481,2024-04-29,9.52,Grocery
CUST00481,2024-04-08,99.97,Grocery
CUST00481,2025-03-22,15.09,Electronics
CUST00481,2024-05-14,10.46,Dining
CUST00481,2024-09-30,20.58,Electronics
CUST00481,2025-03-07,30.66,Dining
CUST00481,2025-06-29,57.8,Electronics
CUST00481,2024-07-24,15.18,Clothing
CUST00481,2024-12-12,24.21,Clothing
CUST00481,2025-06-12,207.82,Electronics
CUST00481,2025-06-30,42.0,Travel
CUST00481,2024-10-29,221.54,Travel
CUST00481,2024-05-03,81.68,Electronics
CUST00481,2024-08-20,21.39,Travel
CUST00481,2024-11-16,51.04,Grocery
CUST00481,2024-11-16,242.08,Clothing
CUST00481,2024-07-04,18.01,Electronics
CUST00481,2024-04-30,110.68,Clothing
CUST00481,2025-07-22,157.28,Grocery
CUST00481,2024-12-31,65.23,Electronics
CUST00481,2024-10-15,19.23,Grocery
CUST00481,2024-07-07,107.57,Dining
CUST00481,2025-03-11,7.6,Grocery
CUST00481,2024-11-28,13.66,Grocery
CUST00481,2024-04-30,18.76,Clothing
CUST00481,2024-04-22,193.82,Clothing
CUST00481,2024-06-29,171.2,Clothing
CUST00481,2025-01-15,8.11,Clothing
CUST00481,2024-08-14,83.81,Electronics
CUST00482,2025-07-18,50.35,Travel
CUST00482,2025-04-13,12.5,Grocery
CUST00482,2023-11-10,8.84,Grocery
CUST00482,2025-01-25,158.73,Clothing
CUST00482,2024-07-26,173.5,Dining
CUST00482,2024-02-16,136.39,Electronics
CUST00482,2024-03-21,63.64,Dining
CUST00482,2024-10-28,50.93,Electronics
CUST00482,2024-08-23,113.6,Grocery
CUST00482,2024-09-21,62.63,Grocery
CUST00482,2024-04-10,21.21,Electronics
CUST00482,2023-11-29,127.75,Dining
CUST00482,2023-12-17,175.85,Electronics
CUST00482,2023-12-06,125.07,Electronics
CUST00482,2024-06-10,38.2,Electronics
CUST00482,2025-06-24,56.29,Grocery
CUST00482,2024-02-19,66.42,Clothing
CUST00482,2024-10-01,30.16,Grocery
CUST00482,2024-09-05,22.65,Dining
CUST00482,2024-06-01,172.76,Grocery
CUST00482,2024-04-01,49.86,Travel
CUST00482,2024-07-02,44.9,Grocery
CUST00482,2023-12-13,119.47,Grocery
CUST00482,2024-02-02,164.53,Electronics
CUST00482,2025-06-27,59.46,Dining
CUST00482,2025-01-28,58.89,Grocery
CUST00482,2024-10-06,27.13,Clothing
CUST00482,2024-08-10,16.45,Clothing
CUST00482,2024-12-22,26.32,Travel
CUST00482,2025-05-10,137.63,Dining
CUST00482,2024-02-13,68.25,Travel
CUST00482,2024-12-14,173.14,Grocery
CUST00482,2024-01-07,72.45,Clothing
CUST00482,2024-04-25,49.78,Dining
CUST00482,2025-03-29,14.79,Clothing
CUST00482,2024-12-12,36.22,Clothing
CUST00482,2025-07-05,83.68,Grocery
CUST00482,2024-11-19,132.98,Grocery
CUST00482,2023-11-11,50.69,Electronics
CUST00482,2024-06-24,75.06,Travel
CUST00482,2024-12-24,14.26,Travel
CUST00482,2025-06-10,37.22,Electronics
CUST00482,2024-12-22,55.09,Clothing
CUST00482,2024-11-11,247.3,Electronics
CUST00482,2025-07-07,85.73,Dining
CUST00482,2025-06-01,16.84,Grocery
CUST00482,2025-02-16,39.16,Dining
CUST00482,2023-12-03,102.07,Dining
CUST00482,2024-08-14,77.83,Clothing
CUST00482,2024-12-31,36.46,Grocery
CUST00482,2024-01-14,54.31,Dining
CUST00482,2024-02-19,33.94,Grocery
CUST00482,2024-12-30,18.75,Clothing
CUST00482,2024-12-25,198.01,Electronics
CUST00482,2024-04-25,63.53,Travel
CUST00482,2025-01-20,48.64,Travel
CUST00482,2024-01-01,56.07,Clothing
CUST00482,2025-07-29,80.72,Grocery
CUST00482,2025-05-11,32.09,Grocery
CUST00482,2024-08-01,178.14,Electronics
CUST00482,2025-01-19,44.85,Dining
CUST00482,2024-11-16,256.34,Grocery
CUST00482,2025-06-04,240.76,Grocery
CUST00482,2024-01-30,18.74,Clothing
CUST00482,2025-06-14,107.54,Grocery
CUST00482,2024-10-14,238.65,Travel
CUST00482,2024-01-21,572.24,Grocery
CUST00482,2025-03-21,78.73,Grocery
CUST00482,2024-07-28,297.97,Travel
CUST00482,2024-10-21,87.47,Clothing
CUST00482,2025-07-30,66.81,Dining
CUST00482,2025-04-28,376.46,Clothing
CUST00482,2024-12-19,12.81,Clothing
CUST00482,2023-11-01,31.81,Clothing
CUST00482,2024-08-08,5.4,Electronics
CUST00482,2025-03-16,63.3,Electronics
CUST00482,2024-04-20,109.94,Electronics
CUST00482,2025-07-08,94.24,Travel
CUST00482,2024-01-11,156.86,Grocery
CUST00482,2024-09-23,30.41,Travel
CUST00482,2024-10-16,118.11,Clothing
CUST00482,2023-11-21,10.32,Electronics
CUST00482,2024-08-19,31.33,Clothing
CUST00482,2025-06-16,34.13,Electronics
CUST00482,2025-03-08,201.86,Travel
CUST00482,2024-10-16,121.35,Grocery
CUST00482,2024-01-12,64.99,Travel
CUST00482,2024-01-08,23.28,Electronics
CUST00482,2025-05-26,107.26,Clothing
CUST00482,2024-12-30,51.59,Clothing
CUST00482,2025-04-21,85.91,Grocery
CUST00482,2024-03-20,74.82,Travel
CUST00482,2024-11-21,9.28,Electronics
CUST00482,2024-01-28,189.36,Electronics
CUST00482,2024-05-17,94.52,Clothing
CUST00482,2024-11-22,25.95,Dining
CUST00482,2024-03-03,7.64,Electronics
CUST00482,2025-03-29,109.82,Clothing
CUST00482,2024-07-05,68.67,Travel
CUST00482,2025-02-03,129.17,Travel
CUST00482,2024-10-11,10.51,Clothing
CUST00482,2024-08-16,288.05,Travel
CUST00482,2023-12-14,62.76,Dining
CUST00482,2025-05-01,71.81,Dining
CUST00482,2024-02-10,168.33,Travel
CUST00482,2025-04-01,112.03,Electronics
CUST00482,2023-11-30,51.33,Electronics
CUST00483,2024-11-18,21.14,Electronics
CUST00483,2024-11-05,22.63,Dining
CUST00483,2024-05-29,206.18,Travel
CUST00483,2025-04-12,70.46,Dining
CUST00483,2024-07-01,92.28,Electronics
CUST00483,2024-12-28,45.1,Travel
CUST00483,2024-07-22,56.92,Grocery
CUST00483,2025-02-21,22.54,Clothing
CUST00483,2024-10-31,27.63,Travel
CUST00483,2025-03-07,12.94,Dining
CUST00483,2024-12-17,36.92,Electronics
CUST00483,2025-04-20,78.75,Travel
CUST00483,2024-06-19,74.26,Grocery
CUST00483,2025-02-25,98.39,Travel
CUST00483,2024-10-21,62.44,Clothing
CUST00483,2024-06-17,49.47,Travel
CUST00483,2025-07-19,67.23,Grocery
CUST00483,2024-10-12,38.49,Clothing
CUST00483,2024-05-09,140.22,Travel
CUST00483,2025-05-19,10.2,Dining
CUST00483,2024-11-11,153.18,Dining
CUST00483,2025-04-07,120.42,Dining
CUST00483,2024-08-29,5.16,Clothing
CUST00483,2025-04-28,120.84,Dining
CUST00483,2024-07-25,193.43,Electronics
CUST00483,2024-04-17,91.4,Electronics
CUST00483,2024-08-14,70.1,Clothing
CUST00483,2024-09-04,81.91,Dining
CUST00483,2024-09-22,214.83,Dining
CUST00483,2024-04-21,257.24,Dining
CUST00483,2025-04-30,138.18,Grocery
CUST00483,2024-10-03,80.03,Grocery
CUST00483,2025-05-01,42.91,Travel
CUST00483,2024-03-29,83.64,Grocery
CUST00483,2024-11-19,29.72,Clothing
CUST00483,2024-10-28,191.52,Grocery
CUST00483,2025-07-02,115.75,Grocery
CUST00483,2024-08-08,6.8,Travel
CUST00483,2025-03-30,166.76,Dining
CUST00483,2025-06-06,87.41,Clothing
CUST00483,2024-11-10,65.18,Travel
CUST00483,2024-11-05,28.07,Dining
CUST00483,2025-04-21,193.68,Electronics
CUST00483,2024-07-24,147.79,Grocery
CUST00483,2024-07-22,45.24,Travel
CUST00483,2024-06-06,100.84,Clothing
CUST00483,2024-05-09,227.16,Clothing
CUST00483,2025-07-24,109.66,Clothing
CUST00483,2025-06-29,20.14,Electronics
CUST00483,2025-01-18,5.65,Electronics
CUST00483,2024-12-20,109.84,Clothing
CUST00483,2025-03-21,39.63,Travel
CUST00483,2024-11-21,8.65,Travel
CUST00483,2024-06-07,112.73,Electronics
CUST00483,2025-06-12,17.38,Electronics
CUST00483,2025-06-06,19.12,Clothing
CUST00483,2024-07-30,21.58,Electronics
CUST00483,2024-09-30,22.55,Dining
CUST00483,2024-08-05,60.71,Dining
CUST00483,2024-09-18,152.81,Grocery
CUST00483,2025-07-24,358.03,Electronics
CUST00483,2024-10-10,9.01,Travel
CUST00483,2024-04-21,57.18,Travel
CUST00483,2024-06-15,90.44,Travel
CUST00483,2025-07-27,83.86,Electronics
CUST00483,2024-07-13,65.1,Electronics
CUST00483,2025-06-13,340.01,Clothing
CUST00483,2024-06-14,10.58,Clothing
CUST00483,2025-06-21,22.73,Clothing
CUST00483,2024-08-22,10.02,Grocery
CUST00483,2024-10-06,100.33,Electronics
CUST00483,2025-05-01,20.76,Clothing
CUST00483,2025-06-11,16.26,Grocery
CUST00483,2025-07-14,93.52,Grocery
CUST00483,2024-12-20,428.87,Dining
CUST00483,2025-03-02,104.59,Electronics
CUST00483,2025-06-11,129.52,Electronics
CUST00483,2024-10-18,179.31,Clothing
CUST00483,2025-07-05,59.14,Electronics
CUST00483,2025-03-04,14.5,Dining
CUST00483,2024-06-03,16.52,Electronics
CUST00483,2024-11-15,99.95,Clothing
CUST00483,2024-11-30,139.72,Dining
CUST00483,2024-07-18,16.18,Clothing
CUST00483,2025-06-11,25.88,Grocery
CUST00483,2025-02-19,41.2,Dining
CUST00483,2024-08-17,81.89,Grocery
CUST00483,2024-12-19,82.78,Electronics
CUST00483,2024-04-07,53.94,Grocery
CUST00483,2025-07-11,10.15,Electronics
CUST00483,2024-03-29,29.19,Electronics
CUST00483,2024-05-02,16.35,Travel
CUST00483,2025-06-05,15.21,Grocery
CUST00483,2024-10-07,6.38,Dining
CUST00483,2024-04-21,15.91,Electronics
CUST00483,2025-01-18,36.18,Grocery
CUST00483,2024-11-06,76.03,Electronics
CUST00483,2024-12-16,43.45,Clothing
CUST00484,2025-04-04,100.74,Clothing
CUST00484,2025-04-22,52.3,Electronics
CUST00484,2024-10-17,136.38,Travel
CUST00484,2025-01-21,118.01,Grocery
CUST00484,2024-10-27,113.79,Grocery
CUST00484,2025-01-17,97.68,Clothing
CUST00484,2025-06-09,81.81,Travel
CUST00484,2024-12-27,143.63,Electronics
CUST00484,2024-11-22,94.48,Electronics
CUST00484,2025-06-16,57.9,Clothing
CUST00484,2025-03-22,31.7,Electronics
CUST00484,2025-03-04,59.7,Grocery
CUST00484,2024-09-16,19.35,Grocery
CUST00484,2025-06-07,52.25,Clothing
CUST00484,2025-03-09,153.73,Grocery
CUST00484,2024-12-14,32.1,Clothing
CUST00484,2024-09-05,21.2,Electronics
CUST00484,2025-03-31,154.36,Electronics
CUST00484,2025-07-07,151.04,Dining
CUST00484,2025-02-12,197.36,Travel
CUST00484,2025-02-27,35.33,Grocery
CUST00484,2025-04-25,86.25,Electronics
CUST00484,2025-02-16,125.4,Travel
CUST00484,2025-04-06,9.33,Travel
CUST00484,2025-06-15,141.9,Travel
CUST00484,2025-04-06,17.14,Clothing
CUST00484,2025-05-10,149.82,Clothing
CUST00484,2025-06-25,96.33,Clothing
CUST00484,2025-01-17,6.66,Dining
CUST00484,2025-04-06,74.32,Grocery
CUST00484,2024-09-16,273.7,Electronics
CUST00484,2025-06-03,20.89,Clothing
CUST00484,2024-09-03,64.41,Electronics
CUST00484,2024-10-27,131.56,Travel
CUST00484,2025-07-23,93.95,Clothing
CUST00484,2025-03-22,26.18,Clothing
CUST00484,2025-01-23,25.92,Travel
CUST00484,2025-05-26,91.83,Grocery
CUST00484,2024-10-17,107.0,Dining
CUST00484,2024-08-17,17.32,Clothing
CUST00484,2024-12-09,25.13,Electronics
CUST00484,2025-07-29,46.86,Travel
CUST00484,2025-02-07,35.53,Travel
CUST00484,2025-03-02,62.82,Travel
CUST00484,2024-09-06,89.65,Travel
CUST00484,2024-12-11,13.91,Travel
CUST00484,2025-04-03,123.18,Dining
CUST00484,2025-04-16,5.52,Grocery
CUST00484,2025-07-31,12.38,Dining
CUST00484,2025-05-31,173.0,Grocery
CUST00484,2025-03-10,406.19,Dining
CUST00484,2025-06-25,279.87,Dining
CUST00484,2025-05-20,64.57,Clothing
CUST00484,2025-04-27,17.05,Grocery
CUST00484,2025-02-12,235.12,Dining
CUST00484,2025-01-19,70.16,Dining
CUST00484,2025-01-08,74.77,Travel
CUST00484,2024-10-19,118.56,Clothing
CUST00484,2025-01-05,8.02,Travel
CUST00484,2024-10-07,76.05,Dining
CUST00484,2025-07-22,78.26,Clothing
CUST00484,2025-07-25,38.31,Travel
CUST00484,2025-03-20,93.11,Travel
CUST00484,2024-12-31,51.82,Grocery
CUST00484,2024-09-13,33.45,Clothing
CUST00484,2025-03-10,25.06,Grocery
CUST00484,2025-06-15,140.71,Dining
CUST00484,2024-09-11,54.96,Electronics
CUST00484,2024-08-19,13.26,Dining
CUST00484,2024-09-24,8.64,Clothing
CUST00484,2025-05-29,9.57,Dining
CUST00484,2025-02-10,73.24,Electronics
CUST00484,2024-10-04,84.2,Dining
CUST00484,2025-01-13,144.12,Clothing
CUST00484,2025-06-12,24.98,Dining
CUST00484,2025-05-01,7.37,Electronics
CUST00484,2024-11-24,29.09,Grocery
CUST00484,2025-04-01,14.14,Grocery
CUST00484,2025-07-20,33.15,Clothing
CUST00484,2025-06-18,13.38,Dining
CUST00484,2025-01-09,38.31,Electronics
CUST00484,2025-07-22,22.52,Dining
CUST00484,2025-05-20,7.42,Electronics
CUST00484,2024-10-08,7.69,Electronics
CUST00484,2025-05-08,43.51,Clothing
CUST00484,2025-05-03,25.68,Dining
CUST00484,2024-10-09,21.88,Clothing
CUST00484,2025-01-20,63.92,Dining
CUST00484,2024-08-16,189.51,Travel
CUST00484,2024-11-15,136.53,Travel
CUST00484,2025-04-04,87.91,Electronics
CUST00484,2025-03-29,14.83,Dining
CUST00484,2024-09-22,138.8,Dining
CUST00484,2025-05-25,16.92,Grocery
CUST00485,2021-11-17,39.41,Travel
CUST00485,2024-11-02,86.43,Grocery
CUST00485,2022-10-22,35.28,Dining
CUST00485,2022-12-10,105.58,Electronics
CUST00485,2022-11-27,67.73,Electronics
CUST00485,2023-05-06,8.63,Travel
CUST00485,2023-03-07,58.32,Grocery
CUST00485,2024-02-10,151.19,Electronics
CUST00485,2021-10-27,33.53,Clothing
CUST00485,2023-12-04,11.12,Grocery
CUST00485,2023-05-15,10.26,Travel
CUST00485,2024-04-06,65.01,Grocery
CUST00485,2025-02-20,72.18,Grocery
CUST00485,2023-09-01,44.57,Grocery
CUST00485,2023-01-28,12.47,Grocery
CUST00485,2021-06-30,34.91,Grocery
CUST00485,2022-01-24,331.07,Dining
CUST00485,2024-02-04,62.15,Electronics
CUST00485,2020-12-02,48.53,Grocery
CUST00485,2025-03-01,7.69,Electronics
CUST00485,2022-07-10,56.29,Clothing
CUST00485,2023-06-22,37.69,Electronics
CUST00485,2022-08-28,26.87,Clothing
CUST00485,2021-10-12,80.24,Clothing
CUST00485,2020-12-30,116.68,Grocery
CUST00485,2023-08-18,16.04,Dining
CUST00485,2025-03-05,79.02,Clothing
CUST00485,2025-03-07,102.43,Grocery
CUST00485,2021-06-11,18.15,Grocery
CUST00485,2021-05-16,12.33,Travel
CUST00485,2024-02-12,107.3,Grocery
CUST00485,2020-12-28,36.64,Clothing
CUST00485,2025-07-30,54.42,Dining
CUST00485,2022-08-31,71.88,Grocery
CUST00485,2023-07-01,14.71,Clothing
CUST00485,2020-11-29,113.42,Travel
CUST00485,2021-09-18,63.91,Electronics
CUST00485,2021-01-09,99.97,Dining
CUST00485,2023-01-06,156.89,Travel
CUST00485,2023-06-13,22.46,Dining
CUST00485,2024-02-18,56.02,Dining
CUST00485,2023-03-19,18.02,Travel
CUST00485,2022-09-06,47.99,Clothing
CUST00485,2022-07-15,109.05,Travel
CUST00485,2022-02-23,16.29,Electronics
CUST00485,2023-02-11,14.83,Electronics
CUST00485,2022-02-12,90.88,Electronics
CUST00485,2024-10-11,8.12,Grocery
CUST00485,2024-06-20,118.06,Dining
CUST00485,2021-12-02,7.96,Dining
CUST00485,2020-12-08,99.24,Electronics
CUST00485,2022-09-03,147.24,Electronics
CUST00485,2024-08-09,48.85,Travel
CUST00485,2024-07-21,103.49,Electronics
CUST00485,2022-10-13,80.23,Grocery
CUST00485,2022-10-11,34.77,Dining
CUST00485,2021-12-27,42.36,Grocery
CUST00485,2023-05-04,156.49,Dining
CUST00485,2022-06-25,160.88,Clothing
CUST00485,2023-10-04,96.31,Electronics
CUST00485,2021-01-01,15.18,Electronics
CUST00485,2021-07-21,30.56,Grocery
CUST00485,2023-05-07,50.76,Travel
CUST00485,2022-09-06,37.52,Electronics
CUST00485,2022-04-29,155.54,Grocery
CUST00485,2021-01-27,59.12,Dining
CUST00485,2024-02-21,15.16,Electronics
CUST00485,2024-10-23,132.99,Grocery
CUST00485,2025-03-10,91.28,Clothing
CUST00485,2023-04-03,13.34,Travel
CUST00485,2021-12-25,69.84,Travel
CUST00485,2022-04-02,69.43,Clothing
CUST00485,2023-01-26,7.41,Grocery
CUST00485,2024-09-09,116.11,Dining
CUST00485,2020-12-20,217.67,Dining
CUST00485,2025-03-19,95.71,Grocery
CUST00485,2021-07-11,59.56,Travel
CUST00485,2023-11-14,34.09,Travel
CUST00485,2024-09-24,132.74,Clothing
CUST00485,2021-08-25,98.38,Electronics
CUST00485,2023-02-15,23.93,Travel
CUST00485,2025-06-14,17.95,Travel
CUST00485,2022-06-18,8.66,Travel
CUST00485,2023-05-15,37.55,Clothing
CUST00485,2021-09-13,29.59,Grocery
CUST00485,2023-05-16,15.43,Clothing
CUST00485,2023-01-18,48.46,Travel
CUST00485,2023-06-15,167.82,Electronics
CUST00485,2024-04-06,81.84,Grocery
CUST00485,2023-04-03,45.64,Electronics
CUST00485,2022-02-07,6.83,Travel
CUST00485,2024-01-09,25.26,Grocery
CUST00485,2024-07-08,324.67,Electronics
CUST00485,2025-06-22,92.01,Electronics
CUST00485,2023-06-29,11.76,Travel
CUST00485,2023-10-01,64.73,Grocery
CUST00485,2023-04-04,69.9,Clothing
CUST00485,2021-08-30,38.23,Dining
CUST00485,2021-08-19,22.19,Clothing
CUST00485,2023-04-18,109.02,Travel
CUST00486,2022-05-30,118.29,Electronics
CUST00486,2024-02-07,49.39,Travel
CUST00486,2022-11-28,90.05,Electronics
CUST00486,2022-03-15,207.24,Travel
CUST00486,2022-05-21,20.19,Grocery
CUST00486,2025-01-23,44.08,Travel
CUST00486,2024-07-27,78.89,Grocery
CUST00486,2025-01-06,141.6,Dining
CUST00486,2022-06-29,120.36,Travel
CUST00486,2022-08-29,227.14,Clothing
CUST00486,2024-03-05,319.66,Grocery
CUST00486,2023-10-14,197.38,Electronics
CUST00486,2023-01-22,116.19,Travel
CUST00486,2024-07-09,49.78,Clothing
CUST00486,2023-02-13,8.85,Travel
CUST00486,2024-02-01,24.43,Travel
CUST00486,2024-11-02,168.32,Clothing
CUST00486,2024-02-13,220.77,Clothing
CUST00486,2024-07-18,5.73,Electronics
CUST00486,2024-07-20,44.17,Electronics
CUST00486,2022-08-13,224.32,Grocery
CUST00486,2024-06-19,94.99,Electronics
CUST00486,2024-08-26,109.55,Electronics
CUST00486,2024-04-04,29.98,Electronics
CUST00486,2022-10-27,78.29,Travel
CUST00486,2023-08-17,89.93,Clothing
CUST00486,2023-04-08,347.0,Clothing
CUST00486,2022-06-25,30.05,Grocery
CUST00486,2024-02-19,20.9,Travel
CUST00486,2025-03-24,11.19,Dining
CUST00486,2024-01-06,10.84,Dining
CUST00486,2023-02-22,5.78,Dining
CUST00486,2022-03-28,133.85,Dining
CUST00486,2022-06-19,62.8,Travel
CUST00486,2024-09-10,34.26,Grocery
CUST00486,2023-12-14,79.57,Dining
CUST00486,2022-08-05,117.22,Electronics
CUST00486,2022-08-17,90.08,Electronics
CUST00486,2024-01-24,45.24,Electronics
CUST00486,2023-10-23,5.39,Dining
CUST00486,2022-12-25,159.99,Dining
CUST00486,2024-01-04,10.83,Electronics
CUST00486,2022-06-26,19.16,Grocery
CUST00486,2023-04-23,77.66,Travel
CUST00486,2024-10-17,33.78,Grocery
CUST00486,2024-01-19,100.87,Travel
CUST00486,2023-09-16,65.64,Dining
CUST00486,2023-08-16,19.24,Electronics
CUST00486,2024-08-15,26.93,Grocery
CUST00486,2025-05-25,10.7,Grocery
CUST00486,2022-06-24,16.31,Dining
CUST00486,2023-05-23,19.27,Grocery
CUST00486,2024-01-28,555.7,Grocery
CUST00486,2022-03-17,188.9,Grocery
CUST00486,2023-11-05,62.11,Electronics
CUST00486,2023-02-02,33.73,Travel
CUST00486,2022-07-19,113.23,Travel
CUST00486,2023-05-01,75.48,Dining
CUST00486,2022-07-03,170.34,Clothing
CUST00486,2023-05-21,409.24,Travel
CUST00486,2025-05-28,77.54,Travel
CUST00486,2025-04-20,27.14,Electronics
CUST00486,2023-12-02,13.26,Grocery
CUST00486,2024-04-26,77.04,Grocery
CUST00486,2024-10-23,23.96,Travel
CUST00486,2023-05-25,20.89,Travel
CUST00486,2024-08-09,18.11,Clothing
CUST00486,2022-11-30,188.19,Dining
CUST00486,2022-04-25,134.43,Electronics
CUST00486,2023-10-10,20.68,Electronics
CUST00486,2024-09-10,97.76,Travel
CUST00486,2022-04-24,199.32,Clothing
CUST00486,2022-09-17,80.2,Grocery
CUST00486,2024-02-23,40.29,Clothing
CUST00486,2023-09-30,31.32,Clothing
CUST00486,2022-07-04,61.61,Grocery
CUST00486,2024-09-22,17.99,Clothing
CUST00486,2022-12-24,77.72,Grocery
CUST00486,2023-01-01,130.5,Electronics
CUST00486,2024-01-20,209.66,Dining
CUST00486,2022-11-08,287.71,Travel
CUST00486,2022-06-03,97.01,Clothing
CUST00486,2024-11-24,72.52,Dining
CUST00486,2025-03-12,68.93,Dining
CUST00486,2022-08-15,366.82,Grocery
CUST00486,2022-08-05,54.0,Electronics
CUST00486,2023-09-30,30.83,Dining
CUST00486,2023-02-03,122.67,Travel
CUST00486,2024-10-08,14.83,Grocery
CUST00486,2024-01-25,67.71,Clothing
CUST00486,2023-02-08,66.75,Electronics
CUST00486,2024-10-14,34.65,Electronics
CUST00486,2022-05-08,44.47,Dining
CUST00486,2024-07-28,17.3,Grocery
CUST00486,2023-05-19,187.79,Electronics
CUST00486,2025-05-11,138.75,Grocery
CUST00486,2022-06-27,57.2,Grocery
CUST00486,2023-05-30,65.69,Electronics
CUST00486,2023-09-07,16.3,Dining
CUST00486,2023-09-05,91.08,Travel
CUST00486,2024-11-11,8.74,Dining
CUST00486,2024-08-05,245.3,Dining
CUST00486,2023-07-08,85.84,Travel
CUST00486,2023-07-01,27.37,Travel
CUST00486,2025-07-13,102.28,Travel
CUST00486,2023-04-24,13.12,Dining
CUST00486,2022-06-24,55.71,Electronics
CUST00486,2022-08-06,15.73,Clothing
CUST00486,2024-07-26,57.29,Electronics
CUST00486,2023-05-01,16.78,Dining
CUST00486,2022-05-01,68.15,Clothing
CUST00486,2022-11-18,91.64,Grocery
CUST00487,2024-11-19,202.45,Dining
CUST00487,2025-02-22,78.75,Grocery
CUST00487,2021-07-11,21.53,Electronics
CUST00487,2024-09-26,247.89,Travel
CUST00487,2024-11-29,120.27,Dining
CUST00487,2025-06-28,82.32,Dining
CUST00487,2021-08-09,47.11,Clothing
CUST00487,2024-03-03,229.44,Clothing
CUST00487,2024-07-12,21.7,Travel
CUST00487,2022-12-09,73.06,Dining
CUST00487,2021-06-21,8.93,Dining
CUST00487,2021-08-04,34.34,Grocery
CUST00487,2025-05-31,156.52,Travel
CUST00487,2021-12-17,20.66,Electronics
CUST00487,2024-02-27,100.87,Electronics
CUST00487,2022-10-25,17.26,Clothing
CUST00487,2021-06-30,33.04,Dining
CUST00487,2024-05-09,79.17,Clothing
CUST00487,2022-04-11,146.74,Clothing
CUST00487,2024-06-15,128.7,Dining
CUST00487,2024-12-28,53.89,Clothing
CUST00487,2022-07-09,94.49,Clothing
CUST00487,2025-05-23,100.6,Dining
CUST00487,2023-09-27,19.06,Travel
CUST00487,2021-08-20,25.84,Clothing
CUST00487,2022-03-06,77.81,Dining
CUST00487,2022-07-27,114.21,Grocery
CUST00487,2025-04-21,82.65,Electronics
CUST00487,2025-01-22,33.51,Grocery
CUST00487,2022-06-01,25.39,Clothing
CUST00487,2021-12-31,5.33,Clothing
CUST00487,2024-05-07,100.23,Electronics
CUST00487,2022-01-19,46.24,Dining
CUST00487,2024-06-04,70.13,Grocery
CUST00487,2024-06-04,120.53,Electronics
CUST00487,2024-08-25,29.14,Electronics
CUST00487,2024-11-18,53.91,Electronics
CUST00487,2025-05-14,72.71,Travel
CUST00487,2023-03-21,88.6,Travel
CUST00487,2023-11-24,137.57,Grocery
CUST00487,2024-02-02,124.61,Electronics
CUST00487,2022-08-19,70.48,Travel
CUST00487,2025-06-11,224.73,Travel
CUST00487,2023-09-21,267.06,Travel
CUST00487,2023-03-26,110.98,Travel
CUST00487,2023-01-05,42.2,Travel
CUST00487,2024-07-06,22.86,Clothing
CUST00487,2024-10-10,248.57,Electronics
CUST00487,2021-05-09,537.37,Electronics
CUST00487,2025-03-11,6.94,Dining
CUST00487,2022-10-02,33.86,Electronics
CUST00487,2023-07-26,79.65,Dining
CUST00487,2024-03-26,23.61,Electronics
CUST00487,2024-12-07,248.38,Clothing
CUST00487,2021-12-26,5.65,Dining
CUST00487,2021-08-18,11.14,Clothing
CUST00487,2022-04-09,18.76,Electronics
CUST00487,2022-08-01,227.0,Clothing
CUST00487,2022-06-26,24.15,Grocery
CUST00487,2023-08-04,65.43,Electronics
CUST00487,2022-11-26,95.31,Clothing
CUST00487,2022-09-17,50.37,Electronics
CUST00487,2022-10-07,6.5,Travel
CUST00487,2024-08-19,75.56,Clothing
CUST00487,2024-05-10,37.48,Grocery
CUST00487,2021-06-30,17.8,Electronics
CUST00487,2021-07-18,26.22,Grocery
CUST00487,2022-07-01,108.5,Dining
CUST00487,2023-11-17,65.46,Electronics
CUST00487,2024-08-11,62.35,Travel
CUST00487,2022-12-24,156.23,Clothing
CUST00487,2022-08-12,30.44,Clothing
CUST00487,2022-10-04,177.8,Clothing
CUST00487,2023-02-20,27.06,Travel
CUST00487,2024-05-16,14.24,Electronics
CUST00487,2022-09-22,100.33,Dining
CUST00487,2025-02-15,532.71,Dining
CUST00487,2025-05-24,17.5,Dining
CUST00487,2021-07-11,44.92,Clothing
CUST00487,2024-04-22,13.43,Travel
CUST00487,2024-02-23,64.05,Dining
CUST00487,2021-08-24,71.13,Clothing
CUST00487,2022-05-10,19.75,Clothing
CUST00487,2023-02-02,217.43,Travel
CUST00487,2022-07-19,90.29,Grocery
CUST00487,2025-03-25,159.12,Electronics
CUST00487,2021-09-25,99.0,Grocery
CUST00487,2024-08-30,38.9,Travel
CUST00487,2023-10-27,117.63,Travel
CUST00487,2025-04-14,153.9,Clothing
CUST00487,2023-07-29,50.8,Electronics
CUST00487,2024-09-05,236.91,Electronics
CUST00487,2024-03-23,151.87,Travel
CUST00487,2023-05-13,111.72,Electronics
CUST00487,2023-12-18,67.3,Electronics
CUST00487,2022-03-08,9.62,Electronics
CUST00487,2022-05-12,42.39,Clothing
CUST00487,2023-08-04,31.72,Dining
CUST00488,2024-02-22,66.55,Electronics
CUST00488,2021-11-27,136.58,Clothing
CUST00488,2022-05-22,135.68,Dining
CUST00488,2022-05-14,15.2,Clothing
CUST00488,2021-08-29,32.59,Dining
CUST00488,2021-08-12,177.67,Electronics
CUST00488,2022-09-03,11.27,Clothing
CUST00488,2023-11-18,34.03,Clothing
CUST00488,2021-03-01,61.41,Electronics
CUST00488,2024-12-20,192.82,Clothing
CUST00488,2023-12-25,139.41,Electronics
CUST00488,2024-02-22,189.34,Dining
CUST00488,2023-03-20,8.2,Dining
CUST00488,2021-03-17,120.46,Electronics
CUST00488,2024-09-11,21.5,Grocery
CUST00488,2023-01-05,94.19,Grocery
CUST00488,2023-12-31,42.73,Travel
CUST00488,2024-09-30,171.22,Travel
CUST00488,2024-02-20,164.57,Dining
CUST00488,2023-03-20,65.54,Clothing
CUST00488,2023-09-03,51.32,Grocery
CUST00488,2023-10-18,78.45,Dining
CUST00488,2024-03-17,21.71,Grocery
CUST00488,2025-05-11,289.07,Dining
CUST00488,2024-11-29,173.44,Electronics
CUST00488,2024-04-04,98.08,Electronics
CUST00488,2021-05-18,66.09,Travel
CUST00488,2022-04-19,23.94,Grocery
CUST00488,2021-03-23,56.4,Dining
CUST00488,2022-11-17,102.0,Electronics
CUST00488,2022-03-18,83.59,Clothing
CUST00488,2023-10-05,36.9,Electronics
CUST00488,2021-12-11,20.8,Electronics
CUST00488,2023-04-07,58.52,Electronics
CUST00488,2023-09-19,66.52,Travel
CUST00488,2024-09-09,68.19,Clothing
CUST00488,2023-09-19,36.39,Electronics
CUST00488,2025-03-12,571.41,Clothing
CUST00488,2024-05-02,40.51,Travel
CUST00488,2023-01-31,49.01,Grocery
CUST00488,2024-08-12,25.67,Dining
CUST00488,2025-04-28,266.39,Travel
CUST00488,2021-05-24,8.11,Dining
CUST00488,2022-11-08,8.81,Clothing
CUST00488,2022-02-11,49.24,Clothing
CUST00488,2022-02-25,80.42,Clothing
CUST00488,2021-08-16,27.47,Travel
CUST00488,2021-12-21,39.79,Travel
CUST00488,2024-05-26,6.88,Travel
CUST00488,2021-06-14,16.4,Grocery
CUST00488,2022-07-10,51.24,Clothing
CUST00488,2021-03-02,103.48,Clothing
CUST00488,2024-08-31,96.84,Clothing
CUST00488,2021-11-27,33.49,Dining
CUST00488,2024-06-09,139.34,Grocery
CUST00488,2021-06-28,30.7,Dining
CUST00488,2024-11-12,32.33,Dining
CUST00488,2023-01-20,148.13,Travel
CUST00488,2021-11-13,155.73,Electronics
CUST00488,2022-06-13,60.56,Grocery
CUST00488,2023-03-03,113.96,Electronics
CUST00488,2024-04-05,15.15,Dining
CUST00488,2021-09-08,33.21,Electronics
CUST00488,2021-08-26,126.07,Grocery
CUST00488,2022-01-20,215.72,Travel
CUST00488,2023-11-22,138.22,Travel
CUST00488,2021-03-14,83.25,Travel
CUST00488,2021-09-27,233.85,Travel
CUST00488,2022-11-03,86.97,Grocery
CUST00488,2023-07-23,148.81,Grocery
CUST00488,2024-03-18,19.64,Grocery
CUST00488,2021-07-14,53.72,Electronics
CUST00488,2021-03-26,118.67,Travel
CUST00488,2022-12-14,38.75,Grocery
CUST00488,2025-07-13,57.09,Electronics
CUST00488,2023-01-30,61.23,Grocery
CUST00488,2022-10-16,16.66,Electronics
CUST00488,2022-04-30,18.36,Grocery
CUST00488,2021-12-08,23.5,Dining
CUST00488,2024-04-12,16.98,Travel
CUST00488,2025-03-11,19.76,Travel
CUST00488,2024-01-26,60.57,Grocery
CUST00488,2022-05-05,34.14,Travel
CUST00488,2025-03-19,19.9,Grocery
CUST00488,2024-08-12,205.62,Electronics
CUST00488,2022-10-04,74.81,Travel
CUST00488,2023-09-14,14.27,Dining
CUST00488,2024-12-29,63.65,Electronics
CUST00488,2024-10-01,35.74,Clothing
CUST00488,2021-03-28,6.89,Dining
CUST00488,2021-06-28,38.49,Grocery
CUST00488,2024-08-17,38.44,Dining
CUST00488,2023-10-06,123.67,Dining
CUST00488,2023-04-06,48.92,Clothing
CUST00488,2023-03-05,213.55,Travel
CUST00488,2024-12-21,10.56,Dining
CUST00488,2021-09-19,211.03,Clothing
CUST00488,2023-05-04,71.43,Travel
CUST00488,2025-04-14,60.64,Grocery
CUST00488,2021-09-14,41.28,Clothing
CUST00488,2022-06-28,67.22,Clothing
CUST00488,2024-11-18,60.22,Dining
CUST00488,2022-05-01,416.89,Clothing
CUST00488,2023-08-07,8.49,Grocery
CUST00488,2021-03-13,145.02,Clothing
CUST00488,2023-10-25,85.12,Electronics
CUST00488,2021-11-11,11.89,Travel
CUST00488,2022-04-17,82.44,Grocery
CUST00489,2023-04-21,69.03,Dining
CUST00489,2025-04-26,139.23,Clothing
CUST00489,2022-11-09,114.85,Dining
CUST00489,2023-02-05,201.64,Clothing
CUST00489,2025-01-21,190.21,Electronics
CUST00489,2022-07-18,34.17,Electronics
CUST00489,2023-01-19,91.77,Electronics
CUST00489,2023-09-28,21.14,Clothing
CUST00489,2025-07-10,86.89,Grocery
CUST00489,2021-03-23,148.67,Electronics
CUST00489,2021-06-18,68.64,Grocery
CUST00489,2021-03-15,24.99,Grocery
CUST00489,2024-10-13,65.61,Clothing
CUST00489,2022-01-16,44.43,Grocery
CUST00489,2025-01-27,168.5,Dining
CUST00489,2023-01-11,37.43,Grocery
CUST00489,2021-05-28,47.69,Grocery
CUST00489,2025-07-29,21.53,Clothing
CUST00489,2025-05-10,67.98,Dining
CUST00489,2023-04-09,7.08,Clothing
CUST00489,2022-05-15,32.74,Clothing
CUST00489,2022-09-06,97.42,Travel
CUST00489,2025-02-09,49.4,Electronics
CUST00489,2021-08-10,124.23,Clothing
CUST00489,2023-09-15,45.89,Travel
CUST00489,2022-04-05,56.37,Grocery
CUST00489,2023-07-18,218.63,Clothing
CUST00489,2024-03-06,49.67,Clothing
CUST00489,2022-12-31,161.32,Grocery
CUST00489,2022-03-31,11.12,Clothing
CUST00489,2023-12-03,122.82,Clothing
CUST00489,2022-05-16,40.41,Dining
CUST00489,2021-08-07,96.33,Clothing
CUST00489,2025-03-21,23.63,Electronics
CUST00489,2024-10-19,73.68,Travel
CUST00489,2021-08-25,89.31,Electronics
CUST00489,2024-11-11,27.46,Grocery
CUST00489,2022-01-10,18.11,Electronics
CUST00489,2023-04-02,109.86,Travel
CUST00489,2023-06-06,6.72,Electronics
CUST00489,2025-06-09,48.84,Travel
CUST00489,2022-03-29,31.92,Grocery
CUST00489,2024-09-17,27.22,Dining
CUST00489,2024-03-28,345.64,Dining
CUST00489,2022-07-02,46.2,Grocery
CUST00489,2023-08-17,31.47,Travel
CUST00489,2024-10-14,6.53,Clothing
CUST00489,2023-11-21,61.69,Dining
CUST00489,2022-01-16,31.55,Travel
CUST00489,2021-04-12,89.69,Dining
CUST00489,2024-01-31,40.94,Clothing
CUST00489,2025-04-07,27.34,Clothing
CUST00489,2025-06-27,10.98,Dining
CUST00489,2023-11-27,19.02,Grocery
CUST00489,2023-03-03,235.41,Travel
CUST00489,2024-06-03,65.26,Electronics
CUST00489,2025-05-05,103.9,Clothing
CUST00489,2021-05-02,165.92,Grocery
CUST00489,2023-09-08,66.9,Grocery
CUST00489,2021-09-25,68.0,Clothing
CUST00489,2024-09-29,21.24,Clothing
CUST00489,2021-10-21,83.72,Grocery
CUST00489,2024-11-24,139.72,Travel
CUST00489,2024-11-22,54.22,Clothing
CUST00489,2024-02-10,30.53,Travel
CUST00489,2024-06-02,72.68,Travel
CUST00489,2023-12-23,36.45,Travel
CUST00489,2021-06-22,68.0,Dining
CUST00489,2022-01-02,12.31,Grocery
CUST00489,2023-07-14,9.55,Travel
CUST00489,2024-10-05,12.46,Clothing
CUST00489,2025-05-29,154.1,Grocery
CUST00489,2023-06-15,84.4,Grocery
CUST00489,2025-05-07,52.82,Clothing
CUST00489,2021-05-09,55.27,Electronics
CUST00489,2025-03-27,26.88,Travel
CUST00489,2025-01-09,73.95,Clothing
CUST00489,2025-01-16,150.98,Travel
CUST00489,2023-04-28,33.18,Dining
CUST00489,2021-02-14,87.9,Dining
CUST00489,2022-09-16,111.09,Electronics
CUST00489,2024-06-08,45.98,Dining
CUST00489,2023-07-28,68.19,Clothing
CUST00489,2023-08-28,44.33,Electronics
CUST00489,2021-04-03,135.66,Dining
CUST00489,2022-10-27,35.64,Travel
CUST00489,2023-01-05,96.88,Dining
CUST00489,2024-10-06,35.89,Electronics
CUST00489,2022-05-27,53.12,Dining
CUST00489,2024-10-17,17.62,Grocery
CUST00489,2023-05-28,189.23,Grocery
CUST00489,2022-11-27,13.51,Electronics
CUST00489,2022-11-03,31.57,Grocery
CUST00489,2023-02-26,325.33,Dining
CUST00489,2024-11-26,23.58,Electronics
CUST00489,2024-10-16,60.37,Clothing
CUST00489,2024-11-05,37.91,Clothing
CUST00489,2023-05-17,64.96,Dining
CUST00489,2023-12-17,36.12,Travel
CUST00489,2022-07-04,247.28,Dining
CUST00489,2022-11-11,136.24,Clothing
CUST00489,2021-11-02,236.9,Travel
CUST00489,2022-07-22,25.93,Clothing
CUST00489,2025-01-09,11.37,Clothing
CUST00489,2021-04-15,21.03,Clothing
CUST00489,2023-07-02,74.42,Clothing
CUST00489,2022-09-01,19.66,Travel
CUST00489,2022-02-24,50.75,Electronics
CUST00489,2024-01-13,24.71,Electronics
CUST00489,2025-05-28,125.3,Travel
CUST00489,2021-11-09,99.28,Dining
CUST00489,2021-08-22,93.29,Electronics
CUST00489,2021-03-23,42.41,Electronics
CUST00489,2022-11-01,23.67,Travel
CUST00489,2022-07-18,62.43,Grocery
CUST00489,2023-11-14,71.15,Travel
CUST00489,2022-10-12,83.37,Electronics
CUST00489,2023-07-23,77.47,Electronics
CUST00490,2025-01-08,43.7,Grocery
CUST00490,2025-02-06,13.07,Electronics
CUST00490,2025-07-04,36.96,Clothing
CUST00490,2025-07-28,48.88,Clothing
CUST00490,2024-12-12,54.08,Clothing
CUST00490,2025-05-01,21.24,Dining
CUST00490,2025-06-08,30.97,Grocery
CUST00490,2025-02-15,9.8,Dining
CUST00490,2025-05-10,97.61,Grocery
CUST00490,2024-10-28,138.48,Grocery
CUST00490,2024-10-20,175.55,Electronics
CUST00490,2025-06-12,67.76,Grocery
CUST00490,2024-12-16,32.09,Grocery
CUST00490,2024-10-31,45.39,Grocery
CUST00490,2024-11-17,68.77,Grocery
CUST00490,2025-03-04,28.21,Clothing
CUST00490,2025-04-03,5.48,Clothing
CUST00490,2025-04-26,91.97,Electronics
CUST00490,2025-02-19,37.12,Grocery
CUST00490,2025-05-30,19.5,Dining
CUST00490,2024-12-05,8.0,Grocery
CUST00490,2024-10-21,28.11,Dining
CUST00490,2025-05-02,138.33,Electronics
CUST00490,2025-04-02,194.42,Dining
CUST00490,2024-11-01,51.19,Dining
CUST00490,2025-02-15,42.26,Clothing
CUST00490,2025-05-14,77.63,Travel
CUST00490,2025-07-12,254.84,Dining
CUST00490,2025-07-06,117.01,Clothing
CUST00490,2025-04-09,55.11,Clothing
CUST00490,2025-03-26,158.51,Clothing
CUST00490,2024-10-15,78.96,Grocery
CUST00490,2025-02-14,77.93,Clothing
CUST00490,2024-12-05,31.86,Clothing
CUST00490,2025-07-12,101.69,Electronics
CUST00490,2024-11-27,151.77,Grocery
CUST00490,2025-04-06,170.66,Clothing
CUST00490,2025-07-05,59.76,Clothing
CUST00490,2025-01-14,79.47,Clothing
CUST00490,2024-11-02,110.46,Dining
CUST00490,2025-03-10,26.16,Electronics
CUST00490,2025-06-05,70.19,Clothing
CUST00490,2024-12-15,57.86,Grocery
CUST00490,2024-11-04,35.83,Clothing
CUST00490,2024-10-17,78.9,Clothing
CUST00490,2025-01-03,69.22,Electronics
CUST00490,2024-10-19,52.39,Clothing
CUST00490,2025-03-09,117.51,Grocery
CUST00490,2025-01-16,54.12,Clothing
CUST00490,2024-12-11,7.86,Travel
CUST00490,2024-12-21,27.21,Dining
CUST00490,2025-06-19,36.27,Clothing
CUST00490,2025-04-24,80.02,Clothing
CUST00490,2025-04-17,178.92,Travel
CUST00490,2024-11-08,12.37,Dining
CUST00490,2025-02-06,102.89,Dining
CUST00490,2025-03-15,13.73,Dining
CUST00490,2025-05-31,118.81,Travel
CUST00490,2025-06-21,15.05,Travel
CUST00490,2025-07-05,143.79,Clothing
CUST00490,2024-11-01,20.48,Electronics
CUST00490,2025-04-04,176.73,Electronics
CUST00490,2024-11-01,77.75,Grocery
CUST00490,2025-02-20,23.79,Grocery
CUST00490,2025-02-04,72.19,Grocery
CUST00490,2025-05-24,43.9,Dining
CUST00490,2024-11-23,213.59,Dining
CUST00490,2025-05-13,32.43,Clothing
CUST00490,2025-07-06,20.88,Travel
CUST00490,2025-01-21,142.55,Travel
CUST00490,2025-03-20,108.13,Travel
CUST00490,2025-06-29,5.66,Electronics
CUST00490,2025-02-01,77.38,Clothing
CUST00490,2024-11-19,48.9,Electronics
CUST00490,2025-03-09,48.55,Clothing
CUST00490,2024-11-29,103.05,Electronics
CUST00490,2024-12-18,122.03,Dining
CUST00490,2025-01-08,127.16,Clothing
CUST00490,2025-07-17,34.49,Clothing
CUST00490,2025-05-10,29.19,Clothing
CUST00490,2025-07-17,99.65,Clothing
CUST00490,2025-01-05,24.57,Electronics
CUST00490,2025-01-07,19.63,Travel
CUST00490,2025-05-09,9.12,Travel
CUST00490,2025-07-21,97.28,Travel
CUST00490,2024-10-18,139.55,Electronics
CUST00490,2024-12-03,42.77,Grocery
CUST00490,2024-11-26,81.43,Dining
CUST00490,2025-05-11,19.12,Dining
CUST00490,2024-11-05,22.95,Clothing
CUST00490,2025-06-27,82.29,Grocery
CUST00490,2024-11-24,54.17,Dining
CUST00490,2025-05-16,75.27,Electronics
CUST00490,2025-06-12,8.54,Grocery
CUST00490,2025-02-15,14.53,Clothing
CUST00490,2025-06-21,172.19,Grocery
CUST00490,2025-07-26,16.15,Travel
CUST00490,2024-11-24,97.63,Clothing
CUST00491,2025-05-14,74.61,Clothing
CUST00491,2024-01-02,53.2,Clothing
CUST00491,2022-09-22,11.15,Grocery
CUST00491,2024-11-29,195.08,Travel
CUST00491,2025-04-25,21.85,Clothing
CUST00491,2022-05-21,102.28,Travel
CUST00491,2021-06-16,25.93,Grocery
CUST00491,2021-10-14,42.1,Grocery
CUST00491,2022-04-14,292.87,Grocery
CUST00491,2021-11-16,150.89,Dining
CUST00491,2023-05-18,25.03,Dining
CUST00491,2021-08-05,82.89,Electronics
CUST00491,2024-01-05,59.63,Clothing
CUST00491,2025-05-30,52.26,Clothing
CUST00491,2023-09-02,33.72,Electronics
CUST00491,2024-06-29,241.07,Grocery
CUST00491,2021-08-07,93.23,Electronics
CUST00491,2024-02-04,84.42,Clothing
CUST00491,2023-02-22,9.92,Dining
CUST00491,2023-10-12,70.45,Clothing
CUST00491,2025-05-05,43.9,Travel
CUST00491,2025-06-13,71.02,Clothing
CUST00491,2022-06-19,188.7,Travel
CUST00491,2022-08-06,81.43,Travel
CUST00491,2022-07-18,147.88,Dining
CUST00491,2021-10-08,34.6,Grocery
CUST00491,2023-05-06,104.79,Clothing
CUST00491,2023-11-21,8.39,Electronics
CUST00491,2024-08-22,44.15,Electronics
CUST00491,2024-11-11,83.11,Travel
CUST00491,2022-11-06,127.58,Electronics
CUST00491,2021-06-27,47.64,Clothing
CUST00491,2023-03-02,33.36,Electronics
CUST00491,2025-05-29,48.03,Clothing
CUST00491,2024-08-30,64.75,Dining
CUST00491,2022-08-17,275.23,Electronics
CUST00491,2022-02-19,10.96,Dining
CUST00491,2025-02-11,71.35,Grocery
CUST00491,2023-12-04,10.77,Electronics
CUST00491,2023-08-08,37.96,Travel
CUST00491,2024-01-23,21.09,Clothing
CUST00491,2024-08-14,75.24,Travel
CUST00491,2023-07-11,250.63,Travel
CUST00491,2022-08-21,248.79,Dining
CUST00491,2024-03-01,16.41,Dining
CUST00491,2025-06-14,261.15,Travel
CUST00491,2025-06-11,17.52,Travel
CUST00491,2025-02-19,19.96,Clothing
CUST00491,2022-10-15,90.4,Clothing
CUST00491,2023-07-29,48.23,Grocery
CUST00491,2023-11-15,56.34,Dining
CUST00491,2023-09-03,47.16,Electronics
CUST00491,2025-04-23,75.94,Electronics
CUST00491,2021-10-20,806.11,Grocery
CUST00491,2024-08-25,21.81,Electronics
CUST00491,2021-12-02,11.56,Grocery
CUST00491,2022-10-29,47.67,Travel
CUST00491,2023-10-11,17.51,Grocery
CUST00491,2022-11-01,128.24,Clothing
CUST00491,2024-12-26,89.09,Clothing
CUST00491,2024-05-17,65.94,Clothing
CUST00491,2023-12-13,142.36,Grocery
CUST00491,2022-07-31,106.86,Clothing
CUST00491,2023-06-07,55.8,Dining
CUST00491,2022-05-09,8.73,Travel
CUST00491,2023-11-03,71.2,Dining
CUST00491,2023-01-19,5.1,Clothing
CUST00491,2025-04-07,41.43,Clothing
CUST00491,2024-04-18,133.61,Dining
CUST00491,2021-09-07,103.81,Grocery
CUST00491,2024-05-06,32.31,Grocery
CUST00491,2023-05-31,117.02,Grocery
CUST00491,2025-03-07,57.59,Electronics
CUST00491,2024-07-18,37.41,Dining
CUST00491,2023-03-17,109.86,Grocery
CUST00491,2024-01-06,54.52,Dining
CUST00491,2025-02-17,80.09,Grocery
CUST00491,2024-10-22,20.12,Clothing
CUST00491,2024-11-06,179.11,Dining
CUST00491,2023-04-04,61.44,Clothing
CUST00491,2021-10-19,11.51,Clothing
CUST00491,2024-03-17,16.36,Dining
CUST00491,2024-12-10,56.74,Travel
CUST00491,2023-01-22,120.63,Grocery
CUST00491,2024-11-01,38.3,Travel
CUST00491,2024-10-16,18.69,Clothing
CUST00491,2022-01-27,72.67,Dining
CUST00491,2024-08-24,5.84,Electronics
CUST00491,2022-05-30,75.08,Electronics
CUST00491,2022-12-17,110.29,Dining
CUST00491,2024-12-05,56.68,Clothing
CUST00491,2025-01-30,25.07,Electronics
CUST00491,2025-05-10,13.27,Grocery
CUST00491,2023-09-05,18.61,Grocery
CUST00491,2021-11-11,112.56,Travel
CUST00491,2022-06-23,31.06,Electronics
CUST00491,2021-08-18,9.41,Travel
CUST00491,2022-09-22,24.98,Electronics
CUST00491,2024-08-05,47.79,Electronics
CUST00491,2022-08-19,11.69,Grocery
CUST00491,2023-05-22,101.09,Dining
CUST00491,2025-05-28,134.92,Dining
CUST00491,2023-03-13,21.48,Travel
CUST00491,2021-08-27,159.29,Clothing
CUST00491,2021-12-20,20.31,Clothing
CUST00491,2023-06-28,10.52,Clothing
CUST00491,2023-06-22,18.45,Grocery
CUST00491,2025-06-18,28.17,Dining
CUST00491,2022-10-01,53.3,Electronics
CUST00491,2021-11-25,118.9,Travel
CUST00491,2022-07-03,30.28,Clothing
CUST00491,2021-05-21,85.8,Dining
CUST00492,2022-08-09,5.72,Electronics
CUST00492,2022-05-17,23.88,Grocery
CUST00492,2023-12-03,42.81,Grocery
CUST00492,2023-06-17,49.76,Grocery
CUST00492,2024-08-22,70.88,Clothing
CUST00492,2024-03-14,121.2,Electronics
CUST00492,2024-08-02,269.69,Travel
CUST00492,2023-10-10,17.52,Clothing
CUST00492,2022-03-31,111.3,Dining
CUST00492,2025-03-31,207.08,Electronics
CUST00492,2024-12-30,9.17,Clothing
CUST00492,2022-06-09,88.59,Electronics
CUST00492,2022-12-06,163.77,Travel
CUST00492,2024-10-19,37.15,Dining
CUST00492,2024-07-21,53.93,Grocery
CUST00492,2022-07-05,81.44,Grocery
CUST00492,2024-09-18,27.71,Grocery
CUST00492,2023-09-19,159.06,Grocery
CUST00492,2023-10-10,74.86,Clothing
CUST00492,2022-12-11,143.04,Dining
CUST00492,2024-11-24,19.88,Clothing
CUST00492,2022-06-17,110.2,Electronics
CUST00492,2023-02-12,22.28,Clothing
CUST00492,2025-04-26,64.24,Grocery
CUST00492,2024-11-02,63.29,Electronics
CUST00492,2022-03-09,33.31,Grocery
CUST00492,2022-09-15,86.95,Grocery
CUST00492,2022-06-05,33.37,Clothing
CUST00492,2022-06-05,23.59,Clothing
CUST00492,2024-11-29,9.47,Grocery
CUST00492,2023-11-05,86.65,Travel
CUST00492,2022-08-02,79.51,Clothing
CUST00492,2024-09-24,19.11,Electronics
CUST00492,2023-11-28,105.0,Grocery
CUST00492,2023-01-09,11.52,Electronics
CUST00492,2023-12-21,12.9,Dining
CUST00492,2023-01-08,18.91,Grocery
CUST00492,2023-03-05,14.29,Electronics
CUST00492,2024-05-30,110.99,Grocery
CUST00492,2023-04-11,9.01,Travel
CUST00492,2024-05-22,28.71,Grocery
CUST00492,2024-02-22,107.65,Electronics
CUST00492,2022-12-09,64.52,Travel
CUST00492,2025-04-15,108.78,Dining
CUST00492,2022-03-30,21.29,Dining
CUST00492,2022-09-16,6.77,Grocery
CUST00492,2023-04-07,58.43,Grocery
CUST00492,2023-12-29,49.75,Travel
CUST00492,2022-12-17,39.7,Travel
CUST00492,2022-07-09,118.26,Clothing
CUST00492,2022-08-02,44.71,Dining
CUST00492,2022-03-10,11.26,Dining
CUST00492,2024-07-26,27.41,Grocery
CUST00492,2024-07-09,91.25,Dining
CUST00492,2022-09-09,72.07,Dining
CUST00492,2022-12-01,70.74,Grocery
CUST00492,2022-12-23,115.63,Electronics
CUST00492,2023-11-26,174.4,Dining
CUST00492,2022-08-11,356.76,Grocery
CUST00492,2023-02-04,15.82,Electronics
CUST00492,2024-03-09,61.24,Electronics
CUST00492,2023-02-27,73.83,Grocery
CUST00492,2023-03-19,70.71,Clothing
CUST00492,2025-07-18,69.07,Dining
CUST00492,2024-08-28,72.12,Dining
CUST00492,2023-08-15,230.76,Dining
CUST00492,2025-03-25,132.2,Travel
CUST00492,2022-07-25,38.85,Clothing
CUST00492,2025-03-13,31.33,Grocery
CUST00492,2022-04-09,18.47,Clothing
CUST00492,2024-06-19,15.79,Electronics
CUST00492,2024-04-10,17.59,Grocery
CUST00492,2022-06-23,66.06,Travel
CUST00492,2023-04-28,102.96,Grocery
CUST00492,2025-06-20,159.7,Electronics
CUST00492,2024-01-12,140.22,Grocery
CUST00492,2025-07-21,60.82,Travel
CUST00492,2022-07-26,319.02,Travel
CUST00492,2023-08-05,128.05,Dining
CUST00492,2022-12-22,13.64,Dining
CUST00492,2023-03-30,46.9,Dining
CUST00492,2023-05-31,28.84,Grocery
CUST00492,2023-09-04,60.05,Clothing
CUST00492,2023-10-27,35.12,Dining
CUST00492,2022-06-08,38.64,Clothing
CUST00492,2022-10-01,75.08,Clothing
CUST00492,2024-03-28,55.27,Grocery
CUST00492,2024-12-24,128.64,Clothing
CUST00492,2022-05-19,5.36,Dining
CUST00492,2023-07-08,67.6,Travel
CUST00492,2022-07-21,138.15,Dining
CUST00492,2023-09-11,60.44,Dining
CUST00492,2024-03-30,43.01,Grocery
CUST00493,2024-09-07,112.02,Electronics
CUST00493,2025-03-02,82.13,Grocery
CUST00493,2024-10-27,154.01,Electronics
CUST00493,2024-10-06,154.19,Clothing
CUST00493,2024-10-23,89.2,Grocery
CUST00493,2025-05-05,151.64,Dining
CUST00493,2025-06-28,92.85,Grocery
CUST00493,2024-04-10,121.49,Electronics
CUST00493,2025-03-31,8.32,Grocery
CUST00493,2024-05-05,50.99,Dining
CUST00493,2025-06-10,196.71,Electronics
CUST00493,2025-03-30,46.82,Dining
CUST00493,2025-03-01,17.36,Electronics
CUST00493,2024-05-03,17.56,Dining
CUST00493,2024-12-20,55.03,Grocery
CUST00493,2024-09-27,46.6,Travel
CUST00493,2024-10-11,37.49,Dining
CUST00493,2025-07-07,94.1,Clothing
CUST00493,2024-05-14,32.68,Grocery
CUST00493,2025-07-20,84.08,Grocery
CUST00493,2024-07-12,104.05,Clothing
CUST00493,2024-10-16,178.37,Clothing
CUST00493,2025-07-16,35.46,Dining
CUST00493,2024-06-30,326.47,Clothing
CUST00493,2025-07-13,53.54,Electronics
CUST00493,2024-12-12,32.37,Clothing
CUST00493,2025-04-17,66.74,Grocery
CUST00493,2025-03-17,245.94,Travel
CUST00493,2025-06-08,127.31,Dining
CUST00493,2024-12-13,19.16,Electronics
CUST00493,2024-06-06,16.27,Dining
CUST00493,2024-08-01,27.71,Dining
CUST00493,2025-06-30,58.0,Clothing
CUST00493,2024-12-15,30.28,Travel
CUST00493,2024-08-30,135.37,Electronics
CUST00493,2024-08-07,128.18,Grocery
CUST00493,2025-04-02,126.66,Clothing
CUST00493,2024-07-05,108.57,Grocery
CUST00493,2025-07-04,193.73,Grocery
CUST00493,2024-12-15,26.19,Grocery
CUST00493,2025-03-28,68.99,Travel
CUST00493,2024-11-17,71.32,Clothing
CUST00493,2024-04-21,109.53,Grocery
CUST00493,2024-05-31,64.58,Dining
CUST00493,2024-10-10,66.6,Clothing
CUST00493,2024-11-10,89.71,Grocery
CUST00493,2024-07-24,126.41,Clothing
CUST00493,2024-12-11,77.91,Electronics
CUST00493,2025-08-01,45.23,Travel
CUST00493,2025-03-30,105.96,Electronics
CUST00493,2025-05-17,20.99,Grocery
CUST00493,2024-08-17,7.88,Grocery
CUST00493,2024-06-01,88.0,Clothing
CUST00493,2025-06-01,22.26,Electronics
CUST00493,2024-11-23,98.37,Travel
CUST00493,2024-12-29,19.9,Clothing
CUST00493,2024-06-03,142.91,Clothing
CUST00493,2024-09-23,30.57,Dining
CUST00493,2024-04-18,28.18,Travel
CUST00493,2025-01-26,136.53,Dining
CUST00493,2024-11-12,8.62,Dining
CUST00493,2024-06-01,110.67,Travel
CUST00493,2024-04-13,96.6,Grocery
CUST00493,2024-04-21,124.85,Grocery
CUST00493,2024-11-05,37.78,Electronics
CUST00493,2025-01-16,5.64,Electronics
CUST00493,2024-08-29,385.34,Grocery
CUST00493,2025-03-07,13.49,Travel
CUST00493,2025-02-10,16.18,Clothing
CUST00493,2025-07-08,58.87,Dining
CUST00493,2024-07-10,40.15,Electronics
CUST00493,2024-09-18,57.05,Grocery
CUST00493,2025-03-02,112.79,Clothing
CUST00493,2025-02-28,7.86,Electronics
CUST00493,2025-04-29,125.58,Travel
CUST00493,2025-01-04,286.49,Electronics
CUST00493,2025-05-03,64.29,Electronics
CUST00493,2024-09-28,127.37,Travel
CUST00493,2024-10-28,8.66,Grocery
CUST00493,2024-11-09,59.59,Electronics
CUST00493,2024-11-07,41.1,Travel
CUST00493,2025-01-18,26.71,Travel
CUST00493,2025-04-05,80.39,Clothing
CUST00493,2025-03-05,8.82,Electronics
CUST00493,2025-07-15,162.47,Electronics
CUST00493,2024-07-12,214.54,Grocery
CUST00493,2025-05-16,101.89,Electronics
CUST00493,2025-07-20,28.45,Electronics
CUST00493,2025-04-15,172.98,Dining
CUST00493,2024-10-22,57.88,Clothing
CUST00493,2025-02-15,81.67,Grocery
CUST00493,2025-06-15,28.17,Dining
CUST00493,2025-01-05,24.41,Electronics
CUST00493,2025-03-29,109.8,Electronics
CUST00493,2024-05-25,42.33,Electronics
CUST00493,2025-05-25,29.38,Dining
CUST00493,2024-05-05,24.15,Clothing
CUST00493,2024-12-17,168.14,Dining
CUST00493,2024-12-07,21.89,Dining
CUST00493,2025-02-20,99.87,Grocery
CUST00494,2024-05-16,58.95,Clothing
CUST00494,2023-03-31,263.59,Clothing
CUST00494,2025-01-25,199.32,Travel
CUST00494,2025-05-05,59.09,Travel
CUST00494,2022-03-11,43.51,Dining
CUST00494,2021-09-06,86.78,Clothing
CUST00494,2024-06-23,235.88,Clothing
CUST00494,2023-12-18,42.46,Electronics
CUST00494,2023-06-12,8.42,Travel
CUST00494,2023-03-18,65.48,Dining
CUST00494,2025-06-21,52.92,Travel
CUST00494,2022-04-14,238.73,Electronics
CUST00494,2023-10-13,138.33,Electronics
CUST00494,2022-05-24,16.05,Dining
CUST00494,2025-02-08,93.16,Grocery
CUST00494,2025-04-25,7.96,Electronics
CUST00494,2025-03-11,87.69,Clothing
CUST00494,2022-06-13,31.01,Clothing
CUST00494,2024-04-15,36.25,Electronics
CUST00494,2022-10-19,104.05,Clothing
CUST00494,2023-06-22,25.82,Electronics
CUST00494,2023-09-30,57.92,Dining
CUST00494,2024-08-08,210.53,Grocery
CUST00494,2022-11-08,201.37,Electronics
CUST00494,2023-08-13,92.16,Travel
CUST00494,2021-10-08,152.47,Electronics
CUST00494,2024-02-16,37.39,Electronics
CUST00494,2022-08-08,363.77,Dining
CUST00494,2022-06-19,70.7,Electronics
CUST00494,2024-11-26,54.2,Travel
CUST00494,2022-11-19,88.59,Grocery
CUST00494,2024-04-03,12.25,Grocery
CUST00494,2021-11-03,194.14,Travel
CUST00494,2023-12-25,23.39,Grocery
CUST00494,2021-10-14,126.67,Dining
CUST00494,2025-06-19,115.5,Travel
CUST00494,2023-04-15,115.53,Grocery
CUST00494,2022-06-20,101.85,Clothing
CUST00494,2025-03-24,135.84,Travel
CUST00494,2023-05-29,132.86,Travel
CUST00494,2024-03-27,80.92,Travel
CUST00494,2021-09-27,23.29,Travel
CUST00494,2025-01-26,59.81,Clothing
CUST00494,2025-01-10,24.16,Travel
CUST00494,2024-10-26,76.87,Dining
CUST00494,2022-09-14,31.5,Grocery
CUST00494,2022-06-10,27.38,Dining
CUST00494,2023-01-08,225.16,Travel
CUST00494,2022-10-01,26.68,Clothing
CUST00494,2024-12-12,161.95,Dining
CUST00494,2021-10-08,250.99,Electronics
CUST00494,2022-05-23,133.89,Dining
CUST00494,2024-08-22,42.37,Grocery
CUST00494,2022-04-01,101.11,Clothing
CUST00494,2022-02-06,13.04,Grocery
CUST00494,2025-02-05,42.32,Clothing
CUST00494,2022-01-06,16.03,Grocery
CUST00494,2023-01-09,156.12,Electronics
CUST00494,2022-01-04,167.16,Travel
CUST00494,2022-07-14,169.61,Travel
CUST00494,2022-04-21,52.17,Clothing
CUST00494,2023-06-30,81.27,Electronics
CUST00494,2025-07-13,67.41,Electronics
CUST00494,2021-12-26,101.77,Electronics
CUST00494,2024-03-12,125.43,Grocery
CUST00494,2023-03-16,11.03,Electronics
CUST00494,2024-02-08,107.7,Electronics
CUST00494,2022-04-04,18.74,Clothing
CUST00494,2025-05-15,181.89,Clothing
CUST00494,2023-09-15,62.9,Travel
CUST00494,2024-12-01,46.57,Electronics
CUST00494,2023-04-22,48.37,Clothing
CUST00494,2023-09-30,14.09,Electronics
CUST00494,2024-10-11,102.26,Electronics
CUST00494,2024-02-23,93.88,Grocery
CUST00494,2025-04-02,56.27,Travel
CUST00494,2022-05-17,47.97,Electronics
CUST00494,2022-01-10,233.71,Clothing
CUST00494,2021-11-15,80.53,Travel
CUST00494,2022-12-03,6.76,Electronics
CUST00494,2023-11-20,87.68,Dining
CUST00494,2022-11-11,5.62,Grocery
CUST00494,2023-07-25,144.22,Grocery
CUST00494,2024-06-02,31.53,Dining
CUST00494,2024-06-11,5.42,Travel
CUST00494,2023-10-31,209.15,Travel
CUST00494,2023-08-04,60.58,Clothing
CUST00494,2023-10-19,75.44,Electronics
CUST00494,2022-01-15,37.75,Dining
CUST00494,2022-03-29,15.99,Travel
CUST00494,2024-07-10,32.39,Clothing
CUST00494,2025-05-16,46.45,Dining
CUST00494,2023-05-03,26.68,Grocery
CUST00494,2023-11-18,23.42,Electronics
CUST00494,2024-12-03,44.94,Clothing
CUST00494,2022-04-12,76.99,Dining
CUST00494,2023-08-09,18.38,Clothing
CUST00494,2025-05-01,19.02,Clothing
CUST00494,2022-08-01,34.0,Electronics
CUST00494,2022-05-25,41.29,Dining
CUST00495,2025-03-19,46.84,Dining
CUST00495,2022-03-07,11.69,Electronics
CUST00495,2023-12-02,72.14,Clothing
CUST00495,2024-05-14,21.68,Grocery
CUST00495,2023-09-18,223.48,Grocery
CUST00495,2024-12-10,23.84,Dining
CUST00495,2024-05-09,239.11,Electronics
CUST00495,2022-08-31,28.19,Dining
CUST00495,2023-02-11,250.6,Clothing
CUST00495,2025-03-18,38.17,Electronics
CUST00495,2025-01-24,36.53,Dining
CUST00495,2024-06-08,54.76,Clothing
CUST00495,2022-09-12,140.89,Grocery
CUST00495,2023-12-09,119.05,Clothing
CUST00495,2023-12-18,5.07,Grocery
CUST00495,2022-12-06,32.61,Dining
CUST00495,2025-04-30,61.02,Electronics
CUST00495,2023-12-05,225.83,Dining
CUST00495,2023-09-08,242.16,Clothing
CUST00495,2025-03-16,72.69,Grocery
CUST00495,2024-12-14,19.91,Clothing
CUST00495,2024-10-07,147.45,Clothing
CUST00495,2024-08-19,41.24,Travel
CUST00495,2023-05-10,23.28,Dining
CUST00495,2022-04-29,44.36,Grocery
CUST00495,2022-04-27,71.87,Clothing
CUST00495,2023-01-21,63.89,Clothing
CUST00495,2022-06-13,100.97,Clothing
CUST00495,2023-01-08,97.2,Electronics
CUST00495,2024-04-09,18.8,Dining
CUST00495,2024-06-22,41.07,Grocery
CUST00495,2022-01-25,118.03,Travel
CUST00495,2024-03-01,291.8,Grocery
CUST00495,2024-01-27,22.83,Grocery
CUST00495,2024-06-20,96.35,Clothing
CUST00495,2024-04-07,176.97,Electronics
CUST00495,2024-01-23,6.44,Dining
CUST00495,2023-02-07,18.57,Grocery
CUST00495,2022-04-17,112.46,Clothing
CUST00495,2023-12-06,20.86,Electronics
CUST00495,2023-12-13,19.12,Travel
CUST00495,2024-09-02,12.79,Clothing
CUST00495,2022-03-09,27.03,Travel
CUST00495,2023-02-16,28.42,Electronics
CUST00495,2023-06-29,25.94,Dining
CUST00495,2023-11-02,36.27,Dining
CUST00495,2022-04-25,8.13,Clothing
CUST00495,2023-06-21,7.11,Travel
CUST00495,2023-12-04,17.47,Dining
CUST00495,2024-03-24,40.46,Travel
CUST00495,2025-01-24,25.22,Electronics
CUST00495,2022-06-22,10.65,Grocery
CUST00495,2024-10-24,26.38,Clothing
CUST00495,2024-12-22,152.8,Dining
CUST00495,2024-07-20,244.38,Dining
CUST00495,2024-07-17,7.81,Electronics
CUST00495,2022-05-07,11.9,Clothing
CUST00495,2024-05-23,66.23,Travel
CUST00495,2024-05-23,30.66,Travel
CUST00495,2023-07-07,85.13,Travel
CUST00495,2024-05-23,26.73,Clothing
CUST00495,2024-10-18,85.57,Grocery
CUST00495,2022-03-29,63.94,Travel
CUST00495,2024-03-20,64.03,Dining
CUST00495,2022-03-28,155.66,Grocery
CUST00495,2023-11-22,17.07,Clothing
CUST00495,2025-03-05,134.61,Travel
CUST00495,2023-06-07,66.31,Clothing
CUST00495,2022-06-02,96.56,Dining
CUST00495,2022-11-03,6.22,Electronics
CUST00495,2022-04-27,218.69,Dining
CUST00495,2022-12-05,74.25,Dining
CUST00495,2023-01-12,17.88,Clothing
CUST00495,2023-01-20,133.79,Electronics
CUST00495,2022-07-03,110.27,Dining
CUST00495,2024-06-30,30.22,Clothing
CUST00495,2022-07-29,27.97,Travel
CUST00495,2022-05-06,134.82,Clothing
CUST00495,2023-11-01,132.25,Clothing
CUST00495,2022-09-01,95.12,Travel
CUST00495,2022-11-27,12.4,Travel
CUST00495,2024-11-11,86.21,Travel
CUST00495,2023-02-13,25.26,Grocery
CUST00495,2025-07-21,52.17,Clothing
CUST00495,2023-10-05,228.03,Clothing
CUST00495,2025-05-06,147.66,Dining
CUST00495,2023-03-21,183.33,Clothing
CUST00495,2025-03-11,41.37,Dining
CUST00495,2024-08-10,25.86,Grocery
CUST00495,2024-11-11,84.33,Travel
CUST00495,2022-02-06,154.85,Dining
CUST00495,2023-05-10,246.1,Clothing
CUST00495,2025-06-05,12.62,Electronics
CUST00495,2022-04-05,32.86,Clothing
CUST00495,2023-06-09,72.28,Electronics
CUST00496,2025-06-25,255.2,Grocery
CUST00496,2025-05-29,51.2,Clothing
CUST00496,2025-06-10,93.3,Electronics
CUST00496,2025-04-27,10.05,Clothing
CUST00496,2025-05-31,47.21,Clothing
CUST00496,2025-05-02,19.81,Electronics
CUST00496,2025-07-04,127.14,Travel
CUST00496,2025-07-13,24.18,Grocery
CUST00496,2025-07-05,167.11,Electronics
CUST00496,2025-07-17,85.84,Dining
CUST00496,2025-05-09,41.37,Travel
CUST00496,2025-07-08,10.08,Travel
CUST00496,2025-06-26,166.23,Travel
CUST00496,2025-06-30,23.32,Clothing
CUST00496,2025-06-23,208.68,Dining
CUST00496,2025-07-01,286.33,Grocery
CUST00496,2025-05-22,26.92,Electronics
CUST00496,2025-06-22,69.32,Electronics
CUST00496,2025-07-12,7.0,Clothing
CUST00496,2025-06-16,87.82,Clothing
CUST00496,2025-05-24,210.63,Electronics
CUST00496,2025-04-28,36.46,Clothing
CUST00496,2025-07-21,12.53,Travel
CUST00496,2025-06-28,22.93,Travel
CUST00496,2025-07-21,44.05,Grocery
CUST00496,2025-07-30,40.58,Electronics
CUST00496,2025-05-20,59.38,Dining
CUST00496,2025-07-26,105.76,Grocery
CUST00496,2025-06-22,41.48,Travel
CUST00496,2025-06-08,112.75,Grocery
CUST00496,2025-05-04,129.63,Electronics
CUST00496,2025-05-19,154.53,Electronics
CUST00496,2025-08-01,14.49,Grocery
CUST00496,2025-07-25,9.79,Electronics
CUST00496,2025-07-06,184.68,Travel
CUST00496,2025-05-27,32.15,Travel
CUST00496,2025-06-16,22.74,Travel
CUST00496,2025-06-23,357.96,Electronics
CUST00496,2025-07-14,19.24,Electronics
CUST00496,2025-05-27,38.29,Clothing
CUST00496,2025-07-02,57.35,Electronics
CUST00496,2025-07-03,8.16,Grocery
CUST00496,2025-08-01,66.86,Electronics
CUST00496,2025-07-29,111.22,Grocery
CUST00496,2025-06-05,132.33,Electronics
CUST00496,2025-07-11,53.2,Grocery
CUST00496,2025-07-17,118.68,Electronics
CUST00496,2025-06-14,7.66,Grocery
CUST00496,2025-07-08,63.55,Grocery
CUST00496,2025-06-14,106.62,Clothing
CUST00496,2025-07-06,16.26,Electronics
CUST00496,2025-05-01,353.0,Electronics
CUST00496,2025-07-08,139.71,Dining
CUST00496,2025-07-13,136.81,Grocery
CUST00496,2025-07-17,20.4,Clothing
CUST00496,2025-07-14,17.73,Clothing
CUST00496,2025-05-08,140.97,Dining
CUST00496,2025-05-24,28.86,Clothing
CUST00496,2025-05-18,35.29,Electronics
CUST00496,2025-05-12,94.9,Electronics
CUST00496,2025-07-24,10.8,Grocery
CUST00496,2025-04-30,31.36,Clothing
CUST00496,2025-07-26,30.99,Grocery
CUST00496,2025-05-27,33.51,Clothing
CUST00496,2025-05-27,71.3,Travel
CUST00496,2025-07-09,242.14,Travel
CUST00496,2025-05-18,10.96,Electronics
CUST00496,2025-07-13,5.41,Travel
CUST00496,2025-07-06,77.91,Clothing
CUST00496,2025-05-19,25.87,Travel
CUST00496,2025-07-21,58.56,Dining
CUST00496,2025-07-25,44.31,Electronics
CUST00496,2025-07-03,39.68,Dining
CUST00496,2025-06-14,13.34,Dining
CUST00496,2025-05-17,83.77,Electronics
CUST00496,2025-07-09,78.62,Electronics
CUST00496,2025-07-03,17.12,Grocery
CUST00496,2025-06-10,28.26,Travel
CUST00496,2025-06-23,329.14,Dining
CUST00496,2025-05-07,201.51,Grocery
CUST00496,2025-05-04,24.23,Dining
CUST00496,2025-07-26,61.04,Travel
CUST00496,2025-06-29,24.52,Dining
CUST00496,2025-06-03,15.58,Grocery
CUST00496,2025-06-25,36.57,Grocery
CUST00496,2025-07-12,120.02,Electronics
CUST00496,2025-05-24,51.48,Dining
CUST00496,2025-05-27,132.85,Electronics
CUST00496,2025-06-19,91.1,Travel
CUST00496,2025-06-18,97.41,Dining
CUST00496,2025-06-09,50.05,Grocery
CUST00496,2025-07-18,71.16,Clothing
CUST00496,2025-06-07,31.67,Clothing
CUST00496,2025-05-04,214.11,Dining
CUST00496,2025-05-28,50.74,Travel
CUST00496,2025-07-24,44.53,Travel
CUST00496,2025-07-22,18.83,Electronics
CUST00496,2025-06-20,37.15,Clothing
CUST00496,2025-07-20,41.14,Dining
CUST00496,2025-07-05,108.33,Travel
CUST00496,2025-05-12,209.75,Electronics
CUST00496,2025-06-08,91.14,Clothing
CUST00496,2025-07-10,75.4,Electronics
CUST00496,2025-05-28,89.92,Grocery
CUST00496,2025-05-27,46.65,Dining
CUST00496,2025-04-27,27.35,Grocery
CUST00496,2025-07-27,5.68,Electronics
CUST00496,2025-05-29,44.48,Electronics
CUST00496,2025-06-29,140.35,Dining
CUST00497,2025-07-14,121.65,Dining
CUST00497,2025-04-27,54.86,Electronics
CUST00497,2025-05-30,168.25,Dining
CUST00497,2025-04-24,15.04,Grocery
CUST00497,2025-06-14,154.15,Clothing
CUST00497,2025-07-27,120.54,Electronics
CUST00497,2025-06-03,103.78,Clothing
CUST00497,2025-03-28,10.64,Electronics
CUST00497,2025-06-02,54.83,Dining
CUST00497,2025-06-15,15.13,Travel
CUST00497,2025-07-18,261.7,Dining
CUST00497,2025-04-06,50.79,Dining
CUST00497,2025-05-08,71.91,Dining
CUST00497,2025-04-22,56.28,Dining
CUST00497,2025-06-14,78.09,Travel
CUST00497,2025-03-21,274.76,Travel
CUST00497,2025-04-02,34.17,Grocery
CUST00497,2025-05-06,60.41,Clothing
CUST00497,2025-05-27,47.49,Dining
CUST00497,2025-04-19,90.8,Travel
CUST00497,2025-03-28,331.25,Electronics
CUST00497,2025-07-02,109.92,Dining
CUST00497,2025-05-16,13.28,Grocery
CUST00497,2025-05-24,15.8,Electronics
CUST00497,2025-05-25,32.9,Travel
CUST00497,2025-05-23,81.11,Electronics
CUST00497,2025-07-24,38.37,Dining
CUST00497,2025-06-24,9.2,Grocery
CUST00497,2025-05-23,77.03,Grocery
CUST00497,2025-04-20,199.43,Dining
CUST00497,2025-06-28,41.6,Grocery
CUST00497,2025-04-10,44.03,Clothing
CUST00497,2025-07-04,16.43,Grocery
CUST00497,2025-07-09,20.74,Dining
CUST00497,2025-07-26,189.27,Dining
CUST00497,2025-04-30,7.37,Electronics
CUST00497,2025-07-28,132.94,Clothing
CUST00497,2025-07-13,5.18,Grocery
CUST00497,2025-05-24,39.48,Travel
CUST00497,2025-04-02,163.67,Travel
CUST00497,2025-04-15,72.11,Dining
CUST00497,2025-05-19,83.57,Grocery
CUST00497,2025-04-21,10.26,Travel
CUST00497,2025-07-09,39.99,Dining
CUST00497,2025-07-03,45.13,Travel
CUST00497,2025-04-28,6.87,Clothing
CUST00497,2025-07-30,238.33,Travel
CUST00497,2025-06-02,28.67,Electronics
CUST00497,2025-04-06,36.49,Dining
CUST00497,2025-03-25,122.66,Dining
CUST00497,2025-07-03,124.83,Dining
CUST00497,2025-04-13,120.53,Dining
CUST00497,2025-06-09,151.88,Electronics
CUST00497,2025-06-25,233.45,Grocery
CUST00497,2025-06-06,19.04,Grocery
CUST00497,2025-03-26,155.06,Clothing
CUST00497,2025-03-27,200.32,Grocery
CUST00497,2025-06-24,77.61,Dining
CUST00497,2025-04-25,41.88,Grocery
CUST00497,2025-05-29,116.91,Clothing
CUST00497,2025-07-27,80.38,Dining
CUST00497,2025-07-07,51.88,Grocery
CUST00497,2025-06-24,109.15,Dining
CUST00497,2025-05-13,9.49,Electronics
CUST00497,2025-05-01,18.07,Dining
CUST00497,2025-07-26,9.1,Clothing
CUST00497,2025-03-21,110.45,Electronics
CUST00497,2025-03-25,86.48,Clothing
CUST00497,2025-04-24,43.16,Grocery
CUST00497,2025-06-09,54.03,Grocery
CUST00497,2025-03-30,13.36,Travel
CUST00497,2025-07-31,5.83,Grocery
CUST00497,2025-04-15,91.4,Travel
CUST00497,2025-07-19,141.51,Electronics
CUST00497,2025-06-14,80.74,Dining
CUST00497,2025-06-25,44.52,Electronics
CUST00497,2025-04-20,48.5,Dining
CUST00497,2025-05-11,52.67,Grocery
CUST00497,2025-04-26,46.94,Electronics
CUST00497,2025-07-27,159.76,Electronics
CUST00497,2025-06-16,44.55,Travel
CUST00497,2025-06-30,259.03,Dining
CUST00497,2025-06-06,26.18,Grocery
CUST00497,2025-03-24,190.6,Grocery
CUST00497,2025-06-29,18.03,Grocery
CUST00497,2025-05-25,123.96,Clothing
CUST00497,2025-07-21,77.43,Dining
CUST00497,2025-07-12,57.71,Clothing
CUST00497,2025-07-27,27.11,Clothing
CUST00497,2025-04-22,20.1,Electronics
CUST00497,2025-05-24,332.56,Dining
CUST00497,2025-06-22,66.93,Dining
CUST00497,2025-05-06,63.57,Grocery
CUST00497,2025-05-25,71.36,Clothing
CUST00497,2025-04-07,119.45,Dining
CUST00497,2025-07-05,281.64,Grocery
CUST00497,2025-07-27,41.38,Clothing
CUST00497,2025-05-20,243.31,Travel
